epoch,loss,lr,mae,mape,mse,msle,rmse,val_loss,val_mae,val_mape,val_mse,val_msle,val_rmse
0,1.4179407358169556,1e-04,0.35375016927719116,226622416.0,0.16937246918678284,0.10204342752695084,0.4018867015838623,1.3920542001724243,0.3457631468772888,254701296.0,0.1567477434873581,0.10119970142841339,0.41534262895584106
1,1.3189356327056885,1e-04,0.2838694751262665,127367272.0,0.09564761817455292,0.05591289699077606,0.3078131377696991,1.360937476158142,0.3415648341178894,251224048.0,0.15285231173038483,0.09909714758396149,0.41042560338974
2,1.2781676054000854,1e-04,0.26182204484939575,108396104.0,0.08321024477481842,0.045273032039403915,0.28793323040008545,1.3278961181640625,0.33772262930870056,248200272.0,0.14931616187095642,0.09717912971973419,0.4056991934776306
3,1.2438418865203857,1e-04,0.2505013644695282,100517528.0,0.0788612961769104,0.04133042320609093,0.2818889319896698,1.293965220451355,0.3336644470691681,244938608.0,0.14560037851333618,0.0951492041349411,0.4007439613342285
4,1.211225986480713,1e-04,0.24098661541938782,91650752.0,0.07625503093004227,0.038440950214862823,0.2748640179634094,1.2601577043533325,0.3291129469871521,241256240.0,0.14148177206516266,0.0928831472992897,0.39513590931892395
5,1.178727149963379,1e-04,0.23217591643333435,86296328.0,0.07318946719169617,0.036023445427417755,0.27038708329200745,1.2268333435058594,0.3244108557701111,237512384.0,0.13729926943778992,0.09056594967842102,0.3893546760082245
6,1.1476095914840698,1e-04,0.22489303350448608,81121448.0,0.0709807425737381,0.03422541171312332,0.2672061622142792,1.1937246322631836,0.3192625641822815,233363824.0,0.13277636468410492,0.08803802728652954,0.3831009268760681
7,1.1181466579437256,1e-04,0.21988371014595032,77864704.0,0.06982408463954926,0.033166635781526566,0.26528653502464294,1.1609199047088623,0.3136730492115021,228932752.0,0.12795782089233398,0.08532318472862244,0.3762636184692383
8,1.0884181261062622,1e-04,0.21478119492530823,76826560.0,0.06788318604230881,0.03211422637104988,0.2594013810157776,1.1285653114318848,0.3079302906990051,224269808.0,0.12307627499103546,0.08254531770944595,0.368966668844223
9,1.0606030225753784,1e-04,0.21162639558315277,75001368.0,0.06719538569450378,0.03156261518597603,0.25887203216552734,1.096674919128418,0.30174678564071655,219311456.0,0.11794066429138184,0.07959277927875519,0.3613499701023102
10,1.0325530767440796,1e-04,0.20737212896347046,69574416.0,0.06566040962934494,0.030213652178645134,0.25458458065986633,1.0655231475830078,0.2956722676753998,214387584.0,0.112983837723732,0.07671062648296356,0.35373687744140625
11,1.0060895681381226,1e-04,0.20505017042160034,72095424.0,0.06509752571582794,0.030227340757846832,0.2558853030204773,1.034668207168579,0.28908491134643555,208869184.0,0.10769186168909073,0.07359164208173752,0.34528684616088867
12,0.9798142313957214,1e-04,0.19987787306308746,63948296.0,0.0640399307012558,0.028799569234251976,0.25340309739112854,1.0039054155349731,0.28149572014808655,202523952.0,0.10176602751016617,0.07004518806934357,0.33615195751190186
13,0.9543432593345642,1e-04,0.20006437599658966,69548896.0,0.06323116272687912,0.029148781672120094,0.25365185737609863,0.9736965894699097,0.2739533483982086,196043488.0,0.09594748169183731,0.06651940941810608,0.3260825276374817
14,0.9291597008705139,1e-04,0.1964552402496338,63357540.0,0.06213478371500969,0.028008587658405304,0.24973252415657043,0.9448649287223816,0.2671215236186981,190244192.0,0.09083502739667892,0.06337021291255951,0.3173072636127472
15,0.9054815173149109,1e-04,0.19552107155323029,64208864.0,0.06190062314271927,0.028074277564883232,0.24911533296108246,0.9162272214889526,0.259733110666275,183437328.0,0.0852881446480751,0.05987253040075302,0.30709296464920044
16,0.8814902305603027,1e-04,0.1920655518770218,63286364.0,0.06067592278122902,0.027355914935469627,0.24554325640201569,0.8884719610214233,0.25235915184020996,176751504.0,0.07998789846897125,0.0564722903072834,0.2976508140563965
17,0.858700156211853,1e-04,0.19026103615760803,62140656.0,0.06011705845594406,0.027010487392544746,0.24418210983276367,0.8616205453872681,0.24541623890399933,170130096.0,0.07504706084728241,0.053232938051223755,0.2882286608219147
18,0.8360872864723206,1e-04,0.18629927933216095,58405336.0,0.05913868919014931,0.026095453649759293,0.24348405003547668,0.8356080651283264,0.23860123753547668,163680864.0,0.07036111503839493,0.05009813979268074,0.27916014194488525
19,0.8146786093711853,1e-04,0.18814603984355927,61586292.0,0.05884223058819771,0.026475708931684494,0.2414776235818863,0.8100220561027527,0.23161497712135315,156020576.0,0.06558655947446823,0.04677574336528778,0.2692909836769104
20,0.7939727902412415,1e-04,0.18615251779556274,58609588.0,0.05865335464477539,0.0260268896818161,0.24304746091365814,0.7863839268684387,0.2262631356716156,150829952.0,0.062132906168699265,0.04434181749820709,0.2611154019832611
21,0.7732374668121338,1e-04,0.18326179683208466,56742128.0,0.05789422243833542,0.0254342183470726,0.2411135733127594,0.7630922794342041,0.22030383348464966,144861376.0,0.05853833630681038,0.04176120087504387,0.2527652382850647
22,0.7539023160934448,1e-04,0.1860877424478531,60111720.0,0.05799266695976257,0.026029858738183975,0.238773912191391,0.7407772541046143,0.21505656838417053,138180896.0,0.05534527078270912,0.03923279419541359,0.2447313368320465
23,0.7338564991950989,1e-04,0.18210016191005707,59263680.0,0.05682973563671112,0.025334669277071953,0.2394128143787384,0.7196212410926819,0.21051570773124695,132108800.0,0.05278951674699783,0.03705836832523346,0.23785865306854248
24,0.7154391407966614,1e-04,0.18064653873443604,56492976.0,0.056757695972919464,0.024996088817715645,0.23651139438152313,0.6988808512687683,0.20507828891277313,125980304.0,0.0500907376408577,0.03483914956450462,0.23097583651542664
25,0.6972894668579102,1e-04,0.18211960792541504,57965996.0,0.05645042285323143,0.025251474231481552,0.23845291137695312,0.6795398592948914,0.2013884335756302,122125176.0,0.048343464732170105,0.03337276354432106,0.22545473277568817
26,0.6795798540115356,1e-04,0.1819000244140625,59114488.0,0.05612371861934662,0.02526123821735382,0.23639002442359924,0.6612703204154968,0.19779479503631592,112354152.0,0.04717167094349861,0.031221963465213776,0.21846003830432892
27,0.6629864573478699,1e-04,0.18141059577465057,58337044.0,0.056357596069574356,0.02521621063351631,0.2365185171365738,0.6436139345169067,0.19455909729003906,109006576.0,0.04604483023285866,0.030065461993217468,0.21563728153705597
28,0.6457045674324036,1e-04,0.17875434458255768,55894028.0,0.05541381239891052,0.024584978818893433,0.2349521815776825,0.6266129612922668,0.19189825654029846,106294960.0,0.045152559876441956,0.029165197163820267,0.21147799491882324
29,0.6289583444595337,1e-04,0.17577563226222992,55144440.0,0.054575346410274506,0.024065997451543808,0.23283016681671143,0.6097226738929749,0.18693917989730835,99560832.0,0.04392043128609657,0.027494585141539574,0.20918647944927216
30,0.6138646006584167,1e-04,0.17920807003974915,58708244.0,0.05493321642279625,0.02473227120935917,0.23509527742862701,0.5928269624710083,0.18149831891059875,93793640.0,0.04224051907658577,0.025900322943925858,0.20330385863780975
31,0.5983176231384277,1e-04,0.17672765254974365,55811060.0,0.05442769080400467,0.02426004782319069,0.23228240013122559,0.5778952240943909,0.18059460818767548,92939936.0,0.04210502281785011,0.025593820959329605,0.20124654471874237
32,0.5841831564903259,1e-04,0.17844389379024506,57256604.0,0.05486592277884483,0.024611352011561394,0.23506315052509308,0.5640511512756348,0.1782255917787552,86512280.0,0.04259926825761795,0.024762893095612526,0.1978856325149536
33,0.5691636204719543,1e-04,0.17779742181301117,58123740.0,0.05401955917477608,0.024447187781333923,0.23099523782730103,0.5503423810005188,0.1764184981584549,83438328.0,0.042826585471630096,0.024259554222226143,0.19906120002269745
34,0.5552007555961609,1e-04,0.1782076358795166,58342892.0,0.05379124730825424,0.02448158897459507,0.23196004331111908,0.5376825332641602,0.17511416971683502,78950472.0,0.043672606348991394,0.023891543969511986,0.19682025909423828
35,0.5417514443397522,1e-04,0.1767233908176422,56698744.0,0.05367725342512131,0.02424168959259987,0.23164594173431396,0.5231364369392395,0.1719670593738556,78102128.0,0.04224540665745735,0.023150967434048653,0.19452425837516785
36,0.5276841521263123,1e-04,0.1744363158941269,56674484.0,0.052557360380887985,0.023717770352959633,0.22986268997192383,0.5091958045959473,0.17041365802288055,78592984.0,0.0410490445792675,0.02278219349682331,0.19149300456047058
37,0.5145408511161804,1e-04,0.1738755851984024,57911448.0,0.051963988691568375,0.02359120175242424,0.22718895971775055,0.49673232436180115,0.16859307885169983,75927304.0,0.04091494902968407,0.022286463528871536,0.19206814467906952
38,0.5029829740524292,1e-04,0.1755913645029068,57284892.0,0.05258816108107567,0.02392749674618244,0.228577122092247,0.4836980998516083,0.1657700091600418,73896824.0,0.03988998755812645,0.02165248431265354,0.18778184056282043
39,0.4902888536453247,1e-04,0.1741207093000412,58663604.0,0.05174994096159935,0.02373088337481022,0.22567696869373322,0.4727036952972412,0.16343152523040771,69210368.0,0.040548812597990036,0.021191179752349854,0.1880468875169754
40,0.4782431125640869,1e-04,0.1736312210559845,59588412.0,0.05120280385017395,0.023679165169596672,0.2253372073173523,0.4609924256801605,0.16315506398677826,69855104.0,0.04014265164732933,0.021105369552969933,0.18644890189170837
41,0.46714073419570923,1e-04,0.17231543362140656,57417376.0,0.05123962089419365,0.02336231805384159,0.2259153574705124,0.4493919610977173,0.16293972730636597,70937136.0,0.03950684145092964,0.021026749163866043,0.1853853017091751
42,0.4560163915157318,1e-04,0.17646260559558868,60950380.0,0.05096566677093506,0.02409147471189499,0.2266523540019989,0.43642497062683105,0.15953953564167023,71253568.0,0.03721833601593971,0.020294535905122757,0.1815595179796219
43,0.4452860653400421,1e-04,0.17331142723560333,60072740.0,0.05072562396526337,0.023615937680006027,0.22557008266448975,0.42942097783088684,0.1632649302482605,69757056.0,0.04049082100391388,0.02113550342619419,0.18725408613681793
44,0.43469953536987305,1e-04,0.1732655167579651,59368092.0,0.05028852820396423,0.023472236469388008,0.22400175034999847,0.4164690673351288,0.16002129018306732,71225928.0,0.03755161538720131,0.020407412201166153,0.17978188395500183
45,0.42395174503326416,1e-04,0.17326636612415314,61843852.0,0.04943835735321045,0.023463470861315727,0.22198158502578735,0.4040493071079254,0.156516432762146,71826704.0,0.03487351909279823,0.019605111330747604,0.17537157237529755
46,0.41435858607292175,1e-04,0.1756950169801712,63985976.0,0.049432750791311264,0.02399957738816738,0.22115865349769592,0.3941880762577057,0.15628682076931,72485080.0,0.034418851137161255,0.01958000659942627,0.17290763556957245
47,0.404999703168869,1e-04,0.17664748430252075,65066360.0,0.04936490207910538,0.024222657084465027,0.22281892597675323,0.3831634521484375,0.15371912717819214,72777056.0,0.032545603811740875,0.018940288573503494,0.16967494785785675
48,0.39461126923561096,1e-04,0.17651309072971344,68121872.0,0.04800690338015556,0.024202806875109673,0.21631333231925964,0.37275004386901855,0.15010540187358856,71502536.0,0.0310069527477026,0.018260397017002106,0.16786083579063416
49,0.38563641905784607,1e-04,0.1773037314414978,68086040.0,0.047780703753232956,0.024306561797857285,0.21751850843429565,0.3631761968135834,0.15160684287548065,76227880.0,0.030029311776161194,0.018749665468931198,0.16919706761837006
50,0.37608981132507324,1e-04,0.18109078705310822,74553960.0,0.0467074029147625,0.025209426879882812,0.21447326242923737,0.35120314359664917,0.1470436155796051,80514200.0,0.026386095210909843,0.01797645539045334,0.15725068747997284
51,0.36615076661109924,1e-04,0.18604421615600586,84712960.0,0.0449933260679245,0.026986096054315567,0.213999941945076,0.34404265880584717,0.1519969254732132,86517744.0,0.027312088757753372,0.019376272335648537,0.163315087556839
52,0.3555867373943329,1e-04,0.18440648913383484,89511816.0,0.04237876459956169,0.026965158060193062,0.2057919204235077,0.33735406398773193,0.15491074323654175,91456384.0,0.02841072715818882,0.020525697618722916,0.16771045327186584
53,0.3457191586494446,1e-04,0.18179790675640106,90075960.0,0.040183357894420624,0.026452355086803436,0.20287936925888062,0.3325357437133789,0.16263337433338165,99998408.0,0.03112100437283516,0.022771120071411133,0.17471197247505188
54,0.3357594907283783,1e-04,0.1770021915435791,89298184.0,0.037620753049850464,0.02526096999645233,0.1930607110261917,0.3244665563106537,0.15969306230545044,99208320.0,0.030302317813038826,0.022366413846611977,0.1742675006389618
55,0.3271753787994385,1e-04,0.17369692027568817,89288464.0,0.036177050322294235,0.02463841810822487,0.19012227654457092,0.31475311517715454,0.15002915263175964,95436712.0,0.027586570009589195,0.02071552909910679,0.1663636565208435
56,0.3178309500217438,1e-04,0.16800983250141144,87158184.0,0.033729370683431625,0.023175926879048347,0.181520476937294,0.305364727973938,0.1416172832250595,88741936.0,0.024977445602416992,0.018772901967167854,0.15909714996814728
57,0.30987057089805603,1e-04,0.16463541984558105,84744968.0,0.032447438687086105,0.022338710725307465,0.17823252081871033,0.29938796162605286,0.14269818365573883,90843632.0,0.025548283010721207,0.01918787695467472,0.16279089450836182
58,0.302310049533844,1e-04,0.161422461271286,82814592.0,0.03133930638432503,0.021428797394037247,0.1775575578212738,0.2915390431880951,0.13778580725193024,85676592.0,0.024040786549448967,0.017942337319254875,0.15594595670700073
59,0.2948516607284546,1e-04,0.15755170583724976,82789808.0,0.030122412368655205,0.020944062620401382,0.17234082520008087,0.2850099503993988,0.1359381079673767,84014880.0,0.0236283577978611,0.01751711405813694,0.15326957404613495
60,0.2874033749103546,1e-04,0.1540854424238205,80337864.0,0.028705399483442307,0.01990187168121338,0.16907523572444916,0.2795448899269104,0.1379891335964203,86928096.0,0.02409926801919937,0.018022198230028152,0.1574489176273346
61,0.28059297800064087,1e-04,0.15137125551700592,78786640.0,0.027742018923163414,0.019290126860141754,0.16553321480751038,0.2730042338371277,0.13545991480350494,84244264.0,0.02329535409808159,0.01737809181213379,0.1542436182498932
62,0.2742898166179657,1e-04,0.14913968741893768,77091456.0,0.02709304355084896,0.01878350041806698,0.16335025429725647,0.26855626702308655,0.1391371190547943,88613064.0,0.024401133880019188,0.01829342357814312,0.15564171969890594
63,0.2681252360343933,1e-04,0.1465030163526535,76807864.0,0.026396481320261955,0.018454065546393394,0.16300161182880402,0.26167845726013184,0.13279969990253448,82234384.0,0.022887440398335457,0.01686362363398075,0.14946022629737854
64,0.26183828711509705,1e-04,0.1441102921962738,75480344.0,0.02539200708270073,0.017791133373975754,0.15812240540981293,0.25556373596191406,0.13003800809383392,80275952.0,0.02195614017546177,0.016139362007379532,0.14762376248836517
65,0.25592952966690063,1e-04,0.14116333425045013,73139464.0,0.02459801733493805,0.017100630328059196,0.15890780091285706,0.25007444620132446,0.12912675738334656,80128320.0,0.02149667963385582,0.015933537855744362,0.14664611220359802
66,0.2502833902835846,1e-04,0.13967512547969818,73598992.0,0.023894967511296272,0.016794640570878983,0.15219199657440186,0.2446623593568802,0.12682576477527618,78168216.0,0.02093072235584259,0.015444744378328323,0.14328420162200928
67,0.24443182349205017,1e-04,0.13609305024147034,70552176.0,0.022826874628663063,0.015935325995087624,0.15092065930366516,0.23884005844593048,0.12322436273097992,74640504.0,0.019811922684311867,0.014564525336027145,0.1397571563720703
68,0.23923170566558838,1e-04,0.13468025624752045,69228064.0,0.022261474281549454,0.015557692386209965,0.14878812432289124,0.23544399440288544,0.1266997754573822,78633048.0,0.02096591331064701,0.015445667318999767,0.142739936709404
69,0.23390638828277588,1e-04,0.13149335980415344,68589888.0,0.02142479456961155,0.015016024932265282,0.14618490636348724,0.23021750152111053,0.12508979439735413,76926776.0,0.020156176760792732,0.01492129173129797,0.14160951972007751
70,0.22904662787914276,1e-04,0.12996892631053925,67244032.0,0.020915387198328972,0.014670434407889843,0.143376424908638,0.2262120246887207,0.12460575997829437,76272968.0,0.020422620698809624,0.014969485811889172,0.1399625837802887
71,0.22431282699108124,1e-04,0.12878386676311493,65597492.0,0.020398767665028572,0.014268491417169571,0.14253999292850494,0.2222948968410492,0.12462831288576126,74038976.0,0.02065318636596203,0.0147597910836339,0.14056582748889923
72,0.21988284587860107,1e-04,0.12719234824180603,66146292.0,0.02006656862795353,0.014098641462624073,0.13963495194911957,0.21675686538219452,0.11936815083026886,69634544.0,0.01914309710264206,0.013654252514243126,0.1354426145553589
73,0.21549487113952637,1e-04,0.1251661479473114,64225380.0,0.019643597304821014,0.013659616932272911,0.13941927254199982,0.21298444271087646,0.11783601343631744,63153952.0,0.019264858216047287,0.013058983720839024,0.13337065279483795
74,0.21137523651123047,1e-04,0.12437212467193604,62824508.0,0.019359471276402473,0.013424240984022617,0.13925093412399292,0.21022097766399384,0.12492562085390091,77484768.0,0.02026505209505558,0.014955426566302776,0.1397469937801361
75,0.20743748545646667,1e-04,0.1231030747294426,63097680.0,0.0191276203840971,0.013335397467017174,0.13764779269695282,0.2050403654575348,0.11748342961072922,67983424.0,0.018728651106357574,0.013250632211565971,0.1329498291015625
76,0.20319196581840515,1e-04,0.12097036838531494,61497180.0,0.018481241539120674,0.012811153195798397,0.13430523872375488,0.20018774271011353,0.11337889730930328,65991544.0,0.017410872504115105,0.012462067417800426,0.12896141409873962
77,0.19926944375038147,1e-04,0.11968865990638733,60935096.0,0.0180421844124794,0.01256109494715929,0.13379399478435516,0.19658206403255463,0.11205634474754333,64207564.0,0.017230374738574028,0.012183728627860546,0.12686820328235626
78,0.19608916342258453,1e-04,0.11945102363824844,59914944.0,0.018237188458442688,0.012569578364491463,0.1355210542678833,0.19270403683185577,0.11013717204332352,63262552.0,0.016666946932673454,0.011837838217616081,0.12479972839355469
79,0.19212011992931366,1e-04,0.11793094873428345,59703076.0,0.0175348911434412,0.012177590280771255,0.1333763301372528,0.18947619199752808,0.11089178919792175,64957684.0,0.016649166122078896,0.011935343965888023,0.12493200600147247
80,0.18821167945861816,1e-04,0.11481373012065887,58340724.0,0.016795948147773743,0.01169224176555872,0.13107620179653168,0.18600578606128693,0.10953886806964874,63767840.0,0.016302144154906273,0.011652681045234203,0.12407046556472778
81,0.18498045206069946,1e-04,0.11473455280065536,57482400.0,0.016645196825265884,0.011534336023032665,0.12988784909248352,0.1828767955303192,0.10788846760988235,61420040.0,0.016197288408875465,0.011411339975893497,0.12211936712265015
82,0.1816025972366333,1e-04,0.11275632679462433,56831060.0,0.016246002167463303,0.01126085314899683,0.12728886306285858,0.17970611155033112,0.10752372443675995,61425160.0,0.01595604047179222,0.011300359852612019,0.12172389030456543
83,0.17896875739097595,1e-04,0.11400652676820755,55648940.0,0.016505775973200798,0.01134884636849165,0.12865564227104187,0.17735350131988525,0.10792981833219528,60542676.0,0.01644548960030079,0.011431335471570492,0.12191448360681534
84,0.17585045099258423,1e-04,0.1123441532254219,55709660.0,0.01618889719247818,0.011105912737548351,0.12739479541778564,0.17357446253299713,0.10193193703889847,52875640.0,0.015418711118400097,0.010242086835205555,0.11896530538797379
85,0.17277128994464874,1e-04,0.11064433306455612,54507316.0,0.01582849957048893,0.010871382430195808,0.1262025684118271,0.1713998019695282,0.10575976967811584,58837604.0,0.015925578773021698,0.011003821156919003,0.1198105663061142
86,0.1703101098537445,1e-04,0.11128202080726624,53031868.0,0.015999123454093933,0.010887482203543186,0.12651944160461426,0.1687259078025818,0.10742803663015366,61623008.0,0.015830863267183304,0.01118471845984459,0.12129811942577362
87,0.16701410710811615,1e-04,0.10847094655036926,54399664.0,0.015258475206792355,0.010435029864311218,0.12212604284286499,0.16485613584518433,0.1018429771065712,56131096.0,0.014475919306278229,0.010135751217603683,0.11536739021539688
88,0.16436459124088287,1e-04,0.10745130479335785,51494496.0,0.015087039209902287,0.010259266011416912,0.1241314560174942,0.16363373398780823,0.10637734830379486,61111580.0,0.015696601942181587,0.011052146553993225,0.12049330770969391
89,0.16199368238449097,1e-04,0.10767713189125061,52861724.0,0.015123516321182251,0.010311946272850037,0.12278994172811508,0.16052360832691193,0.10538338124752045,59007528.0,0.014950213022530079,0.010539148934185505,0.11771140247583389
90,0.15920530259609222,1e-04,0.10637136548757553,50792432.0,0.01466255821287632,0.009945492260158062,0.12055487930774689,0.15818728506565094,0.09820013493299484,48674592.0,0.01489823218435049,0.00956475269049406,0.11491348594427109
91,0.15676216781139374,1e-04,0.10519859939813614,50162064.0,0.014479367062449455,0.009755509905517101,0.11895380169153214,0.15539731085300446,0.09674591571092606,48708124.0,0.01433225255459547,0.009328615851700306,0.11291984468698502
92,0.154292032122612,1e-04,0.10419753938913345,50031612.0,0.014212540350854397,0.00962527934461832,0.11851449310779572,0.152680441737175,0.0965927466750145,51502920.0,0.013788081705570221,0.009363061748445034,0.11202602088451385
93,0.15191122889518738,1e-04,0.10297159105539322,49812444.0,0.013972735032439232,0.009470452554523945,0.11666414141654968,0.15105761587619781,0.09654336422681808,48992936.0,0.014271262101829052,0.009364263154566288,0.11243178695440292
94,0.14990092813968658,1e-04,0.10358928889036179,48341000.0,0.014038842171430588,0.009462841786444187,0.11736734211444855,0.15020298957824707,0.10067219287157059,50202560.0,0.015463201329112053,0.00988401472568512,0.11821673810482025
95,0.1485426127910614,1e-04,0.1036360040307045,47595760.0,0.014700428582727909,0.009585568681359291,0.12189315259456635,0.14681394398212433,0.10076580941677094,55867300.0,0.014058127999305725,0.009839012287557125,0.11430124938488007
96,0.1460493803024292,1e-04,0.10295239090919495,49248076.0,0.014160196296870708,0.009467060677707195,0.11935939639806747,0.14542552828788757,0.10380751639604568,57361236.0,0.014586097560822964,0.010177074000239372,0.11589908599853516
97,0.14380209147930145,1e-04,0.10191304236650467,47819676.0,0.01380004733800888,0.009188239462673664,0.11816462129354477,0.14325514435768127,0.10270235687494278,56482048.0,0.014271307736635208,0.00995557103306055,0.11517234891653061
98,0.14150923490524292,1e-04,0.10019736737012863,46968900.0,0.013341466896235943,0.008913982659578323,0.11514180153608322,0.141488179564476,0.09988135099411011,54646740.0,0.014315510168671608,0.009842021390795708,0.1133667454123497
99,0.13980859518051147,1e-04,0.09992606937885284,47013428.0,0.013432537205517292,0.008954739198088646,0.11557012796401978,0.13944627344608307,0.100042425096035,54566876.0,0.0140373595058918,0.009714793413877487,0.11292088031768799
100,0.13774242997169495,1e-04,0.09899735450744629,45679176.0,0.013107715174555779,0.008725843392312527,0.11376157402992249,0.13740453124046326,0.09602078050374985,51010956.0,0.013711660169064999,0.009250510483980179,0.11118532717227936
101,0.13621440529823303,1e-04,0.09918206930160522,45229392.0,0.01326883677393198,0.008720247074961662,0.1140940859913826,0.13557174801826477,0.09565766900777817,51096060.0,0.013542357832193375,0.009158914908766747,0.11079367250204086
102,0.1344006359577179,1e-04,0.09862075746059418,45916480.0,0.013107361271977425,0.008650427684187889,0.11436460167169571,0.13376569747924805,0.09195395559072495,45407128.0,0.013358968310058117,0.008664727210998535,0.10804501920938492
103,0.13267752528190613,1e-04,0.09808383882045746,44678064.0,0.01298648864030838,0.0085851876065135,0.11409901082515717,0.1322719305753708,0.09346950799226761,47976196.0,0.013453000225126743,0.008831693790853024,0.11019118130207062
104,0.13117936253547668,1e-04,0.0977635532617569,44956484.0,0.013053733855485916,0.00853544007986784,0.11296185851097107,0.13104917109012604,0.10061890631914139,53326540.0,0.013762091286480427,0.00942437257617712,0.11219684779644012
105,0.1291717290878296,1e-04,0.0967567041516304,44133204.0,0.012565616518259048,0.008285271003842354,0.11186471581459045,0.12869760394096375,0.09041974693536758,45136704.0,0.012917324900627136,0.00838139746338129,0.10721516609191895
106,0.12775947153568268,1e-04,0.09585493803024292,43629532.0,0.012641399167478085,0.008262813091278076,0.11251088231801987,0.12772676348686218,0.09025198966264725,42566464.0,0.013407033868134022,0.00842899177223444,0.10736224800348282
107,0.12616628408432007,1e-04,0.09545239061117172,43649732.0,0.012491369619965553,0.008179420605301857,0.11178258061408997,0.12520593404769897,0.08960472047328949,45504204.0,0.012307252734899521,0.008173281326889992,0.10581525415182114
108,0.12434354424476624,1e-04,0.09412730485200882,42687868.0,0.01207002718001604,0.007940063253045082,0.10956329107284546,0.12427704781293869,0.09412010759115219,49942344.0,0.012766249477863312,0.008697989396750927,0.1096290573477745
109,0.12342914193868637,1e-04,0.09548230469226837,42824444.0,0.012530704960227013,0.00816513504832983,0.1114184632897377,0.12325426936149597,0.09385617077350616,49314484.0,0.013104099780321121,0.008808767423033714,0.10743620246648788
110,0.1217014491558075,1e-04,0.09484981000423431,41938120.0,0.012144342996180058,0.007912689819931984,0.11081329733133316,0.12127332389354706,0.08948400616645813,45312996.0,0.012445556931197643,0.008185471408069134,0.10612335056066513
111,0.12010107189416885,1e-04,0.09242676943540573,42146456.0,0.011863713152706623,0.007721845526248217,0.10850566625595093,0.12002011388540268,0.09053561091423035,46515076.0,0.012492813169956207,0.008334343321621418,0.10518766939640045
112,0.11922265589237213,1e-04,0.09425222128629684,41451016.0,0.0122675197198987,0.007943141274154186,0.11017827689647675,0.11888426542282104,0.08994358777999878,45728308.0,0.012625009752810001,0.00828338973224163,0.10616198927164078
113,0.11751961708068848,1e-04,0.09238114953041077,41260284.0,0.011816667392849922,0.007669342216104269,0.10965794324874878,0.11725709587335587,0.08982565999031067,46311876.0,0.012233136221766472,0.00816947128623724,0.10535669326782227
114,0.1162438690662384,1e-04,0.09184858947992325,40959072.0,0.011767543852329254,0.007647578604519367,0.10725654661655426,0.11880306154489517,0.10529544949531555,55652984.0,0.014993611723184586,0.0102041345089674,0.11547455936670303
115,0.11525886505842209,1e-04,0.093105748295784,41403420.0,0.011978521011769772,0.007727072108536959,0.10927531868219376,0.11653713881969452,0.09886784106492996,51826416.0,0.01390762533992529,0.009405826218426228,0.11043596267700195
116,0.11399344354867935,1e-04,0.09246689826250076,40106860.0,0.011883396655321121,0.007638201583176851,0.10898837447166443,0.11403729766607285,0.09349740296602249,49273356.0,0.012563110329210758,0.008523482829332352,0.10815174877643585
117,0.11263693869113922,1e-04,0.0917079746723175,40765460.0,0.01167268119752407,0.007559668272733688,0.1070704311132431,0.11273057013750076,0.08962240815162659,45857380.0,0.012384992092847824,0.008196905255317688,0.10498793423175812
118,0.11097402125597,1e-04,0.08916399627923965,38820128.0,0.011128193698823452,0.007182375993579626,0.10489095747470856,0.11173577606678009,0.09137645363807678,47656472.0,0.012502675876021385,0.008388548158109188,0.1059645265340805
119,0.10991422086954117,1e-04,0.08945463597774506,39567668.0,0.011177045293152332,0.007228876929730177,0.10419823229312897,0.11046002805233002,0.08881478756666183,44831164.0,0.01232307218015194,0.008101262152194977,0.10563583672046661
120,0.10895880311727524,1e-04,0.08975192904472351,39861888.0,0.011307243257761002,0.007278495468199253,0.10595061630010605,0.110071562230587,0.08829155564308167,41269668.0,0.01300281286239624,0.008147327229380608,0.10552151501178741
121,0.10802722722291946,1e-04,0.08940373361110687,38089552.0,0.011437351815402508,0.007284528110176325,0.10602530092000961,0.10966459661722183,0.09923487156629562,52583860.0,0.01365802250802517,0.009319894947111607,0.11465485394001007
122,0.10732857882976532,1e-04,0.09075043350458145,38700912.0,0.011779039166867733,0.00749155692756176,0.10860295593738556,0.10800513625144958,0.09621631354093552,50255860.0,0.013018203899264336,0.00879234541207552,0.10832668840885162
123,0.10586102306842804,1e-04,0.0893654152750969,39128296.0,0.011319969780743122,0.007276983931660652,0.10469131171703339,0.10615424811840057,0.08720814436674118,43255500.0,0.012162046507000923,0.00790527556091547,0.10285147279500961
124,0.10476601868867874,1e-04,0.08891009539365768,38098000.0,0.011220675893127918,0.007137171924114227,0.10502622276544571,0.1049802154302597,0.08966505527496338,45826920.0,0.011972742155194283,0.007992605678737164,0.10417673736810684
125,0.1036263108253479,1e-04,0.08853472024202347,37745096.0,0.011050271801650524,0.007027681451290846,0.10431266576051712,0.10450518131256104,0.087498240172863,42672132.0,0.012461628764867783,0.00795311201363802,0.10455115139484406
126,0.10260429233312607,1e-04,0.0877852663397789,38006464.0,0.010989421047270298,0.0069746822118759155,0.10410530120134354,0.10312848538160324,0.08930514007806778,45696044.0,0.01203425694257021,0.008009269833564758,0.10426437854766846
127,0.10196230560541153,1e-04,0.08838356286287308,37576276.0,0.011290624737739563,0.007130950689315796,0.1062975749373436,0.10237199813127518,0.09178100526332855,47062284.0,0.012209978885948658,0.00818429421633482,0.1056375652551651
128,0.10078051686286926,1e-04,0.08824160695075989,37666260.0,0.011027107946574688,0.007031305693089962,0.10343188792467117,0.1011267900466919,0.08823663741350174,44859312.0,0.011878998018801212,0.007865306921303272,0.10369403660297394
129,0.09978857636451721,1e-04,0.08668031543493271,37037508.0,0.010949970223009586,0.006880044937133789,0.10389573872089386,0.1000695526599884,0.08519437909126282,41126996.0,0.011718121357262135,0.007561869453638792,0.1021289974451065
130,0.09929016977548599,1e-04,0.088862344622612,37137108.0,0.011331042274832726,0.007129168603569269,0.1058615893125534,0.09937655925750732,0.08547382056713104,41798048.0,0.011900510638952255,0.007644412573426962,0.10191234201192856
131,0.09834075719118118,1e-04,0.08738962560892105,36959668.0,0.011254408396780491,0.007052489556372166,0.10523203760385513,0.09830120205879211,0.08334165811538696,39501012.0,0.011692351661622524,0.0073866345919668674,0.10097680240869522
132,0.0974363386631012,1e-04,0.08778579533100128,36585576.0,0.011215203441679478,0.007001703139394522,0.1049603670835495,0.09722241759300232,0.08224067836999893,38211624.0,0.011467553675174713,0.007212790660560131,0.10032638162374496
133,0.09620163589715958,1e-04,0.08630520850419998,35578724.0,0.010816249065101147,0.006801470648497343,0.10424993187189102,0.09656574577093124,0.08732020109891891,42960328.0,0.011638049967586994,0.0075890133157372475,0.10145853459835052
134,0.09572285413742065,1e-04,0.08821459859609604,37129724.0,0.011162891983985901,0.007024602498859167,0.10425888746976852,0.09534952044487,0.083751380443573,40639112.0,0.01123692374676466,0.007250663824379444,0.10034100711345673
135,0.09479730576276779,1e-04,0.0869959220290184,36166280.0,0.01104708667844534,0.006914164405316114,0.105211041867733,0.09460846334695816,0.08410445600748062,40828880.0,0.01129969209432602,0.0072896433994174,0.09961759299039841
136,0.09358327835798264,1e-04,0.08552734553813934,35662820.0,0.010629942640662193,0.006660794839262962,0.10228388756513596,0.09385450184345245,0.08556938916444778,41801040.0,0.011334330774843693,0.0073726605623960495,0.10050603002309799
137,0.09269792586565018,1e-04,0.08532761037349701,35768028.0,0.010527389124035835,0.006620661821216345,0.10118160396814346,0.09337436407804489,0.08663198351860046,42624680.0,0.011632869951426983,0.0075805713422596455,0.10097044706344604
138,0.09213092178106308,1e-04,0.08537754416465759,34844072.0,0.01073175948113203,0.00664127292111516,0.10198632627725601,0.09271376579999924,0.0819922611117363,37594532.0,0.011736939661204815,0.007283391896635294,0.10001840442419052
139,0.09137138724327087,1e-04,0.08636178821325302,35617808.0,0.010737654753029346,0.006744822952896357,0.1036110669374466,0.09163198620080948,0.08428400754928589,41125680.0,0.01142062433063984,0.007367672398686409,0.1006658524274826
140,0.09031490981578827,1e-04,0.08474980294704437,35423140.0,0.01044190302491188,0.006553966552019119,0.10202903300523758,0.09176284074783325,0.08286542445421219,36411984.0,0.012301158159971237,0.007451508194208145,0.10208038985729218
141,0.08957944065332413,1e-04,0.08465576171875,35322348.0,0.01045512966811657,0.00655349949374795,0.10151108354330063,0.09093854576349258,0.08347641676664352,37709652.0,0.01222350262105465,0.007497013080865145,0.10220184177160263
142,0.08879425376653671,1e-04,0.08410458266735077,34668104.0,0.010406929068267345,0.006478168070316315,0.10188619792461395,0.09027385711669922,0.08361168950796127,37709876.0,0.0122867152094841,0.0075358315370976925,0.10201312601566315
143,0.08817502856254578,1e-04,0.08459910750389099,34376520.0,0.010515725240111351,0.006530382204800844,0.10223018378019333,0.08864875137805939,0.08482078462839127,41477448.0,0.011390449479222298,0.007406347431242466,0.10164809226989746
144,0.08756657689809799,1e-04,0.08548979461193085,35083380.0,0.010630171746015549,0.0066026183776557446,0.10288012027740479,0.08780063688755035,0.08315244317054749,40039500.0,0.011254440993070602,0.007240211591124535,0.09992717206478119
145,0.08644762635231018,1e-04,0.08305797725915909,33373288.0,0.010214222595095634,0.006350463256239891,0.10030245780944824,0.08727724850177765,0.08347431570291519,40041072.0,0.011435755528509617,0.007316656410694122,0.10032157599925995
146,0.08615920692682266,1e-04,0.08543359488248825,34547180.0,0.010628871619701385,0.006594446487724781,0.10168742388486862,0.08717869222164154,0.08289548009634018,37504272.0,0.012030295096337795,0.007393215782940388,0.10173600912094116
147,0.08536575734615326,1e-04,0.0836729109287262,33926244.0,0.010526287369430065,0.0064801848493516445,0.10146934539079666,0.0856083407998085,0.08301354199647903,39839460.0,0.01114010438323021,0.007184026762843132,0.09965769946575165
148,0.08444274961948395,1e-04,0.08382654935121536,34256476.0,0.010283874347805977,0.00638997508212924,0.09992960840463638,0.08787219226360321,0.08568461239337921,32867122.0,0.01407930999994278,0.007986771874129772,0.10823670774698257
149,0.08408976346254349,1e-04,0.08389580994844437,32937794.0,0.010599209927022457,0.006485887803137302,0.10356282442808151,0.08445394039154053,0.08103075623512268,37279936.0,0.01133548840880394,0.007083256263285875,0.09922444820404053
150,0.08326344937086105,1e-04,0.08399425446987152,33902612.0,0.010446838103234768,0.006435916293412447,0.10351558774709702,0.08347810804843903,0.08020038902759552,37131656.0,0.011015087366104126,0.006940373685210943,0.09774903208017349
151,0.08231344819068909,1e-04,0.08247572183609009,33223668.0,0.01013439241796732,0.006253188010305166,0.10114892572164536,0.08316824585199356,0.0804651752114296,36812244.0,0.011341539211571217,0.0070649078115820885,0.09846203029155731
152,0.08203941583633423,1e-04,0.08425793796777725,33526218.0,0.010506185702979565,0.006492176093161106,0.10197063535451889,0.0828598216176033,0.08160079270601273,37181912.0,0.011689321137964725,0.007222568616271019,0.09995023161172867
153,0.081224225461483,1e-04,0.0827060416340828,33269856.0,0.01033947616815567,0.006361163221299648,0.10108673572540283,0.08167779445648193,0.08426694571971893,40760180.0,0.011141428723931313,0.0072297342121601105,0.10019023716449738
154,0.08029985427856445,1e-04,0.08216671645641327,33027162.0,0.01004856638610363,0.006203686818480492,0.09950246661901474,0.08145976066589355,0.08353064209222794,39494136.0,0.011561197228729725,0.007360086776316166,0.09946583211421967
155,0.07982569187879562,1e-04,0.08224005997180939,32362470.0,0.010206018574535847,0.006258610635995865,0.10033895820379257,0.08093131333589554,0.08202821016311646,37350844.0,0.011658942326903343,0.007241877261549234,0.10089075565338135
156,0.07958070933818817,1e-04,0.08378969132900238,32858396.0,0.010588731616735458,0.006459974683821201,0.1023261621594429,0.08000548928976059,0.08570118248462677,41153364.0,0.011346959508955479,0.007390031591057777,0.1019698828458786
157,0.07858708500862122,1e-04,0.08280814439058304,33100124.0,0.010209559462964535,0.006281821522861719,0.10011941194534302,0.0792461708188057,0.08165831863880157,37377656.0,0.011199849657714367,0.007074030116200447,0.0999521017074585
158,0.07822016626596451,1e-04,0.08325417339801788,33020158.0,0.010434869676828384,0.006397615186870098,0.10116833448410034,0.07966428995132446,0.0824948251247406,34891300.0,0.012202749028801918,0.0073828138411045074,0.10357432067394257
159,0.07758381962776184,1e-04,0.08316709846258163,32448694.0,0.010388989001512527,0.006362346466630697,0.10128869116306305,0.07853221893310547,0.08155318349599838,35902624.0,0.011669700965285301,0.007188355550169945,0.10173716396093369
160,0.07691004872322083,1e-04,0.08234989643096924,32722188.0,0.010320802219212055,0.00632453802973032,0.10340500622987747,0.07730849832296371,0.08291267603635788,39400972.0,0.011041591875255108,0.007097545079886913,0.0998290628194809
161,0.07636876404285431,1e-04,0.08334914594888687,33261714.0,0.01035828236490488,0.006363044958561659,0.1009131520986557,0.07658088952302933,0.0798482671380043,36663188.0,0.010883123613893986,0.006831177044659853,0.09655769914388657
162,0.07579813152551651,1e-04,0.08252979815006256,32137202.0,0.010358273983001709,0.0062987613491714,0.10104890167713165,0.07589545100927353,0.0811852291226387,37763004.0,0.010766368359327316,0.006844560150057077,0.09799494594335556
163,0.07483594864606857,1e-04,0.08162994682788849,31831084.0,0.009959636256098747,0.006119219586253166,0.1006677895784378,0.07547812163829803,0.07987786084413528,36342240.0,0.010923502035439014,0.0068325987085700035,0.09804701805114746
164,0.07457505911588669,1e-04,0.08225511759519577,32335766.0,0.010279849171638489,0.006258044857531786,0.10182836651802063,0.07482989877462387,0.0803544819355011,37096972.0,0.010838883928954601,0.006840873509645462,0.09736911207437515
165,0.07402365654706955,1e-04,0.08161257207393646,31139096.0,0.010276662185788155,0.0062038893811404705,0.10134640336036682,0.07463565468788147,0.08478636294603348,39629844.0,0.011200745590031147,0.007149819750338793,0.09975843131542206
166,0.07387838512659073,1e-04,0.08401057124137878,32084740.0,0.010691356845200062,0.0064556412398815155,0.10326332598924637,0.0746627002954483,0.08814504742622375,40401924.0,0.011782578192651272,0.0074496096931397915,0.10295610129833221
167,0.07302680611610413,1e-04,0.08236982673406601,32241974.0,0.01039284560829401,0.006306566763669252,0.10087820142507553,0.07302581518888474,0.0799749568104744,36701724.0,0.010685496963560581,0.006727134343236685,0.09671081602573395
168,0.0721922516822815,1e-04,0.08199592679738998,32086266.0,0.01008782722055912,0.006162162870168686,0.09983029216527939,0.07516301423311234,0.08114312589168549,29795642.0,0.01334541104733944,0.007448562420904636,0.1041814461350441
169,0.07201927155256271,1e-04,0.08212517201900482,31083812.0,0.010438261553645134,0.006289779674261808,0.10182294994592667,0.07199307531118393,0.07884268462657928,35837416.0,0.010703733190894127,0.006687860935926437,0.09642337262630463
170,0.07090841233730316,1e-04,0.08059412240982056,31911736.0,0.009852327406406403,0.006027462892234325,0.09846585988998413,0.07183484733104706,0.07827029377222061,34673672.0,0.011061569675803185,0.006788302678614855,0.09698761999607086
171,0.07043042033910751,1e-04,0.08004852384328842,31223048.0,0.00989707000553608,0.006024240981787443,0.0999617651104927,0.0711505189538002,0.08203265815973282,38168064.0,0.01090490072965622,0.0069356351159513,0.09796971082687378
172,0.07001352310180664,1e-04,0.08145157992839813,31442438.0,0.010002595372498035,0.006077912170439959,0.09939586371183395,0.07103993743658066,0.07983146607875824,35971136.0,0.011315065436065197,0.006975582335144281,0.09830581396818161
173,0.07000511139631271,1e-04,0.08260254561901093,32079620.0,0.01051248423755169,0.0063370089046657085,0.10253147035837173,0.07076524198055267,0.07918120175600052,33633932.0,0.011551476083695889,0.006945405155420303,0.09985090792179108
174,0.0689445212483406,1e-04,0.08094267547130585,31217112.0,0.009951643645763397,0.006040188018232584,0.09951438009738922,0.06961514055728912,0.08259206265211105,38299484.0,0.010900506749749184,0.006934283301234245,0.09884236752986908
175,0.06851983070373535,1e-04,0.08073655515909195,31460466.0,0.010035034269094467,0.006085019093006849,0.1000794917345047,0.0697995200753212,0.07850105315446854,32971238.0,0.011589539237320423,0.006913758814334869,0.09913381189107895
176,0.06807310879230499,1e-04,0.08046828210353851,30293326.0,0.010086060501635075,0.006075800396502018,0.10028576850891113,0.06998563557863235,0.07968591898679733,31729004.0,0.012272348627448082,0.007136083208024502,0.10115061700344086
177,0.06733561307191849,1e-04,0.07956735789775848,30449142.0,0.009851805865764618,0.0059493910521268845,0.09914592653512955,0.0683094933629036,0.07914596796035767,35513984.0,0.011100860312581062,0.006866305600851774,0.09734734147787094
178,0.06748170405626297,1e-04,0.08152768015861511,30421210.0,0.010488337837159634,0.006244786083698273,0.10352953523397446,0.06878873705863953,0.08925019949674606,40683620.0,0.0120726702734828,0.007615683134645224,0.10295770317316055
179,0.06675021350383759,1e-04,0.08041675388813019,30115692.0,0.010249999351799488,0.006147231440991163,0.10069998353719711,0.0682375356554985,0.08841259777545929,38883896.0,0.012005186639726162,0.007476669270545244,0.10239356756210327
180,0.06608080118894577,1e-04,0.08049989491701126,30142878.0,0.010063239373266697,0.006072832737118006,0.1005694717168808,0.066486656665802,0.08142010867595673,37088812.0,0.010735713876783848,0.0067961919121444225,0.09845665842294693
181,0.0656321719288826,1e-04,0.08075299113988876,30333828.0,0.010089913383126259,0.0060591017827391624,0.10149654746055603,0.06583157926797867,0.07815416902303696,34959008.0,0.010548165068030357,0.006597958039492369,0.09663395583629608
182,0.06504655629396439,1e-04,0.08015499264001846,30321328.0,0.009969244711101055,0.006010429468005896,0.10030405223369598,0.06572369486093521,0.07708961516618729,33450114.0,0.01090267114341259,0.006661391817033291,0.0965869203209877
183,0.06445847451686859,1e-04,0.07949905842542648,30020332.0,0.00984414666891098,0.005939162336289883,0.09846974909305573,0.06529748439788818,0.08138678967952728,37344756.0,0.010941700078547001,0.006909538991749287,0.09790445864200592
184,0.0638517439365387,1e-04,0.07956799864768982,30495736.0,0.009699787944555283,0.005876080133020878,0.09936380386352539,0.06653948873281479,0.08073835074901581,31608286.0,0.012636717408895493,0.007295575924217701,0.10294576734304428
185,0.06348646432161331,1e-04,0.0792088583111763,29833256.0,0.00978990737348795,0.005881345830857754,0.09828194230794907,0.06453195959329605,0.07860703021287918,34842796.0,0.01109089981764555,0.006826199125498533,0.09773222357034683
186,0.06345716863870621,1e-04,0.0807618796825409,31023098.0,0.010220671072602272,0.006121416110545397,0.10221749544143677,0.06561654806137085,0.07996924966573715,31054674.0,0.012622496113181114,0.007247678004205227,0.10201362520456314
187,0.06355845183134079,1e-04,0.0815105214715004,29545984.0,0.010763141326606274,0.006360694300383329,0.10401205718517303,0.06336333602666855,0.07673059403896332,32811006.0,0.010820225812494755,0.006607991177588701,0.09532199054956436
188,0.062776118516922,1e-04,0.08093615621328354,29498008.0,0.010431770235300064,0.006198803894221783,0.10107803344726562,0.06265415996313095,0.07611999660730362,32796298.0,0.01055782288312912,0.0064585707150399685,0.09465591609477997
189,0.061795350164175034,1e-04,0.07894541323184967,29085346.0,0.009896213188767433,0.005905844271183014,0.09856701642274857,0.06200522929430008,0.0761127844452858,33176544.0,0.010347245261073112,0.006390389520674944,0.09441874176263809
190,0.06122523918747902,1e-04,0.07981443405151367,30317220.0,0.009766066446900368,0.005885192193090916,0.09878691285848618,0.06258045881986618,0.07706834375858307,31518702.0,0.011360890232026577,0.006745591759681702,0.09880540519952774
191,0.060723915696144104,1e-04,0.07875564694404602,29195370.0,0.009703815914690495,0.0058266171254217625,0.09896957129240036,0.06185026466846466,0.07678620517253876,32503358.0,0.011076402850449085,0.006683008745312691,0.09724557399749756
192,0.06031478941440582,1e-04,0.07900316268205643,29563370.0,0.009736750274896622,0.005829816684126854,0.09830491989850998,0.06114469841122627,0.07864691317081451,34911520.0,0.010803291574120522,0.0067177582532167435,0.09787224233150482
193,0.06017818674445152,1e-04,0.07975482195615768,29740748.0,0.010031364858150482,0.005982744973152876,0.09951478242874146,0.06174898147583008,0.07850342988967896,31574414.0,0.011832364834845066,0.006970610935240984,0.10023058950901031
194,0.05936369672417641,1e-04,0.07808534055948257,28942384.0,0.009630708955228329,0.005814366973936558,0.09739258885383606,0.06043834984302521,0.07781384885311127,33867908.0,0.010937371291220188,0.006712533533573151,0.0975247174501419
195,0.05952351167798042,1e-04,0.08051525801420212,29344666.0,0.010215368121862411,0.006070530507713556,0.10108394175767899,0.06015345826745033,0.07793582230806351,33791388.0,0.01107334066182375,0.00675326120108366,0.09794444590806961
196,0.05914151296019554,1e-04,0.07975693792104721,28997228.0,0.010242276825010777,0.006054529920220375,0.10007656365633011,0.060780491679906845,0.08941041678190231,40155336.0,0.012105773203074932,0.00760137103497982,0.10387055575847626
197,0.058857232332229614,1e-04,0.08096335083246231,29731908.0,0.010365773923695087,0.006106788758188486,0.10086558759212494,0.058870330452919006,0.07625867426395416,32231152.0,0.010603281669318676,0.006515920162200928,0.09711898863315582
198,0.05822049453854561,1e-04,0.079930879175663,28902352.0,0.010135598480701447,0.0060568684712052345,0.10138792544603348,0.05853349715471268,0.08060574531555176,35411052.0,0.010678928345441818,0.006675128825008869,0.09819313883781433
199,0.05800889804959297,1e-04,0.08039650321006775,29133588.0,0.010332959704101086,0.006100720725953579,0.10224173963069916,0.05831758677959442,0.08181565254926682,35950628.0,0.010864297859370708,0.006765527185052633,0.09840302169322968
200,0.057057276368141174,1e-04,0.0784035176038742,28982606.0,0.009783348068594933,0.005821583792567253,0.09829842299222946,0.057496327906847,0.07812363654375076,34485204.0,0.010440678335726261,0.0065209511667490005,0.09680591523647308
201,0.0569855161011219,1e-04,0.07982343435287476,29549780.0,0.010118021629750729,0.006018893793225288,0.10257099568843842,0.05850684270262718,0.0772482231259346,29898740.0,0.01185109093785286,0.006872168742120266,0.0997968465089798
202,0.056633323431015015,1e-04,0.08030912280082703,29543630.0,0.01014610193669796,0.006033425219357014,0.10028447210788727,0.057353150099515915,0.0744861513376236,29663304.0,0.011069840751588345,0.00652055349200964,0.09635620564222336
203,0.05591399967670441,1e-04,0.07918716967105865,28936600.0,0.009813988581299782,0.0058439853601157665,0.09736137092113495,0.05648942291736603,0.07564420998096466,32270944.0,0.01061202585697174,0.006450725253671408,0.0958031564950943
204,0.055628739297389984,1e-04,0.0787011906504631,29059914.0,0.00992883462458849,0.005901618395000696,0.10149693489074707,0.05606597289443016,0.07753387093544006,33707092.0,0.010577362962067127,0.006519790273159742,0.09591655433177948
205,0.05519856512546539,1e-04,0.07791803777217865,28144944.0,0.009874721057713032,0.005869449581950903,0.09802033007144928,0.055761419236660004,0.07435325533151627,30787954.0,0.010646747425198555,0.006406621541827917,0.09481912851333618
206,0.05471959710121155,1e-04,0.07798370718955994,28278670.0,0.009779916144907475,0.005808576941490173,0.0985969603061676,0.05519643425941467,0.07589145004749298,32567466.0,0.010467718355357647,0.0064216721802949905,0.09581561386585236
207,0.054189082235097885,1e-04,0.07760990411043167,28230044.0,0.009623600170016289,0.0057339477352797985,0.09786393493413925,0.05498554930090904,0.07731719315052032,33560740.0,0.010632609017193317,0.006564649753272533,0.09684590995311737
208,0.05525267869234085,1e-04,0.08284968137741089,28568038.0,0.011065213941037655,0.0064477198757231236,0.103321872651577,0.055057451128959656,0.08300227671861649,36681476.0,0.011073233559727669,0.006909209303557873,0.09946596622467041
209,0.05381279066205025,1e-04,0.07926725596189499,29488366.0,0.009988794103264809,0.005889390129595995,0.10028532147407532,0.05393769592046738,0.07540738582611084,32220578.0,0.010312654078006744,0.006313398480415344,0.09490378946065903
210,0.05346116051077843,1e-04,0.07950993627309799,28623224.0,0.009999833069741726,0.005925589241087437,0.09925404191017151,0.053607646375894547,0.07741956412792206,33399136.0,0.010349065996706486,0.0064022596925497055,0.09563986957073212
211,0.052850283682346344,1e-04,0.07743445038795471,27857398.0,0.00975503958761692,0.0057866801507771015,0.10024090111255646,0.05323033407330513,0.07720555365085602,33315916.0,0.01033461932092905,0.006403191946446896,0.095504030585289
212,0.05245539918541908,1e-04,0.07899453490972519,29079412.0,0.00972227193415165,0.005804931744933128,0.09861106425523758,0.05488678812980652,0.07834959775209427,29213060.0,0.012342412956058979,0.007094379980117083,0.10255299508571625
213,0.0522599034011364,1e-04,0.07806038856506348,27551024.0,0.009874788112938404,0.005880322307348251,0.09940595179796219,0.05279958248138428,0.07688327878713608,32994556.0,0.010610636323690414,0.006527699530124664,0.09553536772727966
214,0.05161210894584656,1e-04,0.07730360329151154,27289692.0,0.009573237039148808,0.005715466570109129,0.09700353443622589,0.052575159817934036,0.08027510344982147,35088392.0,0.010737203061580658,0.006687660701572895,0.09769503027200699
215,0.05169016867876053,1e-04,0.07859215140342712,28226326.0,0.010014696046710014,0.005902822129428387,0.0986718162894249,0.05244232341647148,0.07606487721204758,31734134.0,0.010959938168525696,0.006605749949812889,0.09773197025060654
216,0.050894904881715775,1e-04,0.07824714481830597,29008326.0,0.009574448689818382,0.005696859676390886,0.09781757742166519,0.05343272164463997,0.07811745256185532,29537072.0,0.01229854580014944,0.007039072457700968,0.10120461881160736
217,0.050951458513736725,1e-04,0.07858126610517502,27970214.0,0.009973613545298576,0.0058685182593762875,0.0993298888206482,0.05219367891550064,0.0759463682770729,30283340.0,0.011397382244467735,0.006710536777973175,0.09777870774269104
218,0.050422005355358124,1e-04,0.07792450487613678,27255894.0,0.009768321178853512,0.005779440514743328,0.09863131493330002,0.05106690526008606,0.07516904175281525,31600270.0,0.010600416921079159,0.006450900342315435,0.09556606411933899
219,0.050249405205249786,1e-04,0.07816538959741592,27934714.0,0.009941110387444496,0.00585206039249897,0.1004449799656868,0.05140946805477142,0.07559834420681,30169740.0,0.01128418743610382,0.006666514556854963,0.09809501469135284
220,0.049816060811281204,1e-04,0.0782480239868164,28005528.0,0.009838848374783993,0.005822532810270786,0.09902794659137726,0.050603896379470825,0.07537049800157547,31450658.0,0.010810799896717072,0.006532005034387112,0.09608785808086395
221,0.04934680461883545,1e-04,0.07829111814498901,28589428.0,0.009713302366435528,0.005758677609264851,0.09813643991947174,0.05175207555294037,0.07809174805879593,29276146.0,0.012294590473175049,0.0070276628248393536,0.10158280283212662
222,0.04906190559267998,1e-04,0.07752270251512527,27403354.0,0.009751453064382076,0.00574771873652935,0.0986880511045456,0.04969168081879616,0.07588748633861542,32185590.0,0.01055960450321436,0.0064700013026595116,0.0953235775232315
223,0.04897915944457054,1e-04,0.07911568880081177,27978474.0,0.010001770220696926,0.005886876955628395,0.09927399456501007,0.05057898908853531,0.07700732350349426,29837212.0,0.011772737838327885,0.00685214065015316,0.10004955530166626
224,0.04825320467352867,1e-04,0.07747060060501099,27651804.0,0.009592737071216106,0.005666268989443779,0.09775515645742416,0.05080951377749443,0.07799284160137177,29006160.0,0.012321650050580502,0.007077973335981369,0.10230644047260284
225,0.048349782824516296,1e-04,0.0780467689037323,27323626.0,0.010018007829785347,0.005870413966476917,0.09929734468460083,0.04863701015710831,0.07655935734510422,32915366.0,0.01048800814896822,0.0064666918478906155,0.09581057727336884
226,0.047575727105140686,1e-04,0.07578983157873154,26523062.0,0.00956751685589552,0.005622257012873888,0.09764321893453598,0.04842284694314003,0.07899288088083267,34119268.0,0.010595446452498436,0.0065861293114721775,0.09680215269327164
227,0.047448139637708664,1e-04,0.07818777114152908,28491390.0,0.00976088922470808,0.005824091844260693,0.09725543111562729,0.05103345587849617,0.08028055727481842,27909568.0,0.013514277525246143,0.007450404576957226,0.10530567169189453
228,0.04756167531013489,1e-04,0.07805877178907394,26767132.0,0.01018635742366314,0.005932916421443224,0.10148979723453522,0.047745704650878906,0.07461386173963547,31010132.0,0.010540113784372807,0.006398169789463282,0.09523957967758179
229,0.046748775988817215,1e-04,0.07720848172903061,27005958.0,0.009687351062893867,0.00572701171040535,0.09719767421483994,0.04750113561749458,0.07549924403429031,31825048.0,0.010611753910779953,0.006464512553066015,0.0960395485162735
230,0.04686686024069786,1e-04,0.07793654501438141,26599400.0,0.010113378055393696,0.005913476925343275,0.1001679077744484,0.04850003495812416,0.08704908937215805,36858180.0,0.01192591991275549,0.007338070310652256,0.10362665355205536
231,0.046467941254377365,1e-04,0.07842505723237991,27484952.0,0.010024962946772575,0.005862107966095209,0.10010699927806854,0.04831332340836525,0.07612881064414978,27773304.0,0.012030418030917645,0.0068534985184669495,0.10014066845178604
232,0.0460684560239315,1e-04,0.0775056853890419,26949312.0,0.009934425354003906,0.005835408344864845,0.10073858499526978,0.046450696885585785,0.07390936464071274,30378708.0,0.01048933807760477,0.006330385338515043,0.09517534077167511
233,0.04554947093129158,1e-04,0.07827705144882202,28200542.0,0.009731152094900608,0.005756954662501812,0.09737913310527802,0.04655200242996216,0.07465403527021408,30009036.0,0.010891647078096867,0.0064734420739114285,0.0969434306025505
234,0.04496780037879944,1e-04,0.07557078450918198,26373510.0,0.00943393912166357,0.00555401761084795,0.09781602025032043,0.045849964022636414,0.07446769624948502,30675676.0,0.010473772883415222,0.00635941419750452,0.09475362300872803
235,0.044902462512254715,1e-04,0.0766480565071106,26542412.0,0.009662240743637085,0.005677389912307262,0.09807170927524567,0.04563966765999794,0.07627581804990768,32516944.0,0.010568256489932537,0.006480606272816658,0.09628669917583466
236,0.04452955722808838,1e-04,0.0773017555475235,27308652.0,0.009589374996721745,0.00564832566305995,0.09763585031032562,0.04562967270612717,0.07567741721868515,31301724.0,0.01084496732801199,0.006545449607074261,0.0970471128821373
237,0.04409073665738106,1e-04,0.07534414529800415,26101224.0,0.009427196346223354,0.005537612829357386,0.09667199105024338,0.044988956302404404,0.07543177157640457,31701924.0,0.010482082143425941,0.006427225191146135,0.09562595933675766
238,0.04414040967822075,1e-04,0.07679373770952225,26184374.0,0.009761450812220573,0.00573408417403698,0.09959579259157181,0.0455084927380085,0.07595180720090866,30315588.0,0.011284510605037212,0.0067157140001654625,0.09877116978168488
239,0.044151730835437775,1e-04,0.07903461158275604,27350366.0,0.010052559897303581,0.005848567001521587,0.10019852221012115,0.045379821211099625,0.07553673535585403,29402658.0,0.011422809213399887,0.006689153611660004,0.09866154938936234
240,0.043761853128671646,1e-04,0.07733210921287537,26683298.0,0.009934690780937672,0.005786207038909197,0.10021884739398956,0.04417845979332924,0.0767512246966362,32442692.0,0.01050727441906929,0.006448940373957157,0.09576915949583054
241,0.043634265661239624,1e-04,0.07774842530488968,26360414.0,0.010080457665026188,0.0058805313892662525,0.10044904798269272,0.0435648076236248,0.07399831712245941,30662956.0,0.010156333446502686,0.006227846257388592,0.0946989506483078
242,0.042679473757743835,1e-04,0.07586102932691574,26077416.0,0.009389668703079224,0.005530561786144972,0.09736862778663635,0.043421827256679535,0.07457446306943893,31096016.0,0.010289022698998451,0.006308563519269228,0.09524141252040863
243,0.043041449040174484,1e-04,0.07780592888593674,26800604.0,0.010038590058684349,0.005861297249794006,0.10045796632766724,0.04377920925617218,0.07477850466966629,30165190.0,0.010930723510682583,0.006522139068692923,0.09697510302066803
244,0.04236312210559845,1e-04,0.07617398351430893,26395650.0,0.009637664072215557,0.0056480467319488525,0.09925853461027145,0.04334412142634392,0.07426729053258896,30009168.0,0.010763194411993027,0.006467755883932114,0.09646259248256683
245,0.04203420132398605,1e-04,0.07634560763835907,26947768.0,0.009576591663062572,0.005625093821436167,0.09820200502872467,0.04329315200448036,0.0750400722026825,30386636.0,0.010978511534631252,0.0065594082698225975,0.09679534286260605
246,0.04192877933382988,1e-04,0.07724682986736298,26319756.0,0.00973608996719122,0.0056859711185097694,0.09833350777626038,0.042556390166282654,0.07498058676719666,31011822.0,0.010508719831705093,0.006440469063818455,0.09697876870632172
247,0.04140932112932205,1e-04,0.07519172877073288,25812404.0,0.009480995126068592,0.00556663004681468,0.09717176109552383,0.042614661157131195,0.07487376034259796,30464018.0,0.010834645479917526,0.006521184463053942,0.09655220806598663
248,0.041637711226940155,1e-04,0.0772717073559761,25921178.0,0.00998072512447834,0.005833150818943977,0.09953195601701736,0.041904266923666,0.0761423334479332,32364566.0,0.010402780026197433,0.006427265238016844,0.09614699333906174
249,0.04116683080792427,1e-04,0.07779542356729507,26865168.0,0.009789585135877132,0.005728591699153185,0.09779290109872818,0.04361553117632866,0.07747716456651688,28091810.0,0.0123719722032547,0.007035746239125729,0.10226540267467499
250,0.04078257456421852,1e-04,0.07571302354335785,25525850.0,0.009656514972448349,0.005646932870149612,0.09710246324539185,0.041345350444316864,0.0761057585477829,31801218.0,0.010365205816924572,0.006377515848726034,0.0956457108259201
251,0.04032813385128975,1e-04,0.07530159503221512,25731688.0,0.009459666907787323,0.005533500574529171,0.09527939558029175,0.041140131652355194,0.07474609464406967,31031458.0,0.010413075797259808,0.0063637965358793736,0.09584367275238037
252,0.04010080173611641,1e-04,0.0751175507903099,25364792.0,0.009490720927715302,0.00555099081248045,0.09679177403450012,0.04097049683332443,0.07808258384466171,33441994.0,0.010511081665754318,0.006549632642418146,0.09790679067373276
253,0.040329910814762115,1e-04,0.07705999165773392,25919988.0,0.0099790683016181,0.005790560506284237,0.10030720382928848,0.04067195579409599,0.07448315620422363,30644424.0,0.010464934632182121,0.006364431232213974,0.09559322148561478
254,0.039712630212306976,1e-04,0.07658839970827103,26491742.0,0.009617697447538376,0.005643823184072971,0.0969078466296196,0.043107371777296066,0.07808960974216461,26305946.0,0.01313901785761118,0.0072516766376793385,0.10365323722362518
255,0.03973270207643509,1e-04,0.07598564028739929,25048976.0,0.009884889237582684,0.005730682518333197,0.09955433011054993,0.03995067626237869,0.07554604113101959,31012654.0,0.010254515334963799,0.0062755863182246685,0.0950249657034874
256,0.03928275778889656,1e-04,0.07637664675712585,25488688.0,0.009698553010821342,0.0056522805243730545,0.09859970211982727,0.03980351611971855,0.07317537814378738,29412842.0,0.010358593426644802,0.006238389760255814,0.09469304978847504
257,0.03888426721096039,1e-04,0.07496697455644608,25089368.0,0.009544525295495987,0.005554544273763895,0.09608842432498932,0.03957666456699371,0.07687579095363617,31892916.0,0.010376189835369587,0.0063760713674128056,0.09621374309062958
258,0.0388113297522068,1e-04,0.07657033950090408,25771980.0,0.009714358486235142,0.005658741574734449,0.098515585064888,0.040035832673311234,0.0735582783818245,28060574.0,0.011064657010138035,0.0064795720390975475,0.09682250767946243
259,0.03811075538396835,1e-04,0.07423338294029236,25251224.0,0.009252756834030151,0.005424842704087496,0.09652811288833618,0.03939660266041756,0.07322349399328232,28922030.0,0.010668821632862091,0.006370699964463711,0.09585602581501007
260,0.038363028317689896,1e-04,0.07585499435663223,24582874.0,0.009735936298966408,0.005657520145177841,0.09972207248210907,0.03927179053425789,0.0799345001578331,33274990.0,0.010782298631966114,0.006654718425124884,0.0988837331533432
261,0.038450684398412704,1e-04,0.07754356414079666,25964348.0,0.010059923864901066,0.005826902575790882,0.10092952102422714,0.03922896459698677,0.07389310002326965,28875178.0,0.010964169166982174,0.006481246557086706,0.09659864008426666
262,0.03779119253158569,1e-04,0.07575249671936035,25982978.0,0.009635030291974545,0.005602777935564518,0.09722784161567688,0.03917659819126129,0.07358042895793915,27819912.0,0.01114008016884327,0.006497585214674473,0.0972101017832756
263,0.038009632378816605,1e-04,0.07654637098312378,25493722.0,0.010078910738229752,0.005847389344125986,0.10135037451982498,0.03813077136874199,0.07600269466638565,31178516.0,0.010325156152248383,0.006314372178167105,0.09550533443689346
264,0.03734646737575531,1e-04,0.07562613487243652,25542312.0,0.009631343185901642,0.005584113299846649,0.09952674806118011,0.03810090571641922,0.0726076140999794,28581128.0,0.010501647368073463,0.006279937922954559,0.09542213380336761
265,0.036884088069200516,1e-04,0.07586466521024704,26075806.0,0.009386053308844566,0.005509011447429657,0.0967167466878891,0.03876447305083275,0.07356587052345276,27133988.0,0.011382500641047955,0.006565961521118879,0.09748290479183197
266,0.03663923963904381,1e-04,0.07383394986391068,24468894.0,0.009357417933642864,0.005439355969429016,0.09538174420595169,0.037352412939071655,0.07301996648311615,29397006.0,0.010195930488407612,0.006195790134370327,0.09461112320423126
267,0.03642655164003372,1e-04,0.07372705638408661,24298238.0,0.009376758709549904,0.005446874536573887,0.09762728214263916,0.03720928356051445,0.0756864920258522,31471370.0,0.010296992026269436,0.006338335573673248,0.09605622291564941
268,0.0370817705988884,1e-04,0.07722093909978867,25568252.0,0.010263390839099884,0.005910862237215042,0.10111023485660553,0.03718205913901329,0.07298238575458527,28944648.0,0.01048218086361885,0.006283144000917673,0.09479308128356934
269,0.03637212887406349,1e-04,0.07644888013601303,25269690.0,0.009763231500983238,0.0056599825620651245,0.09972576797008514,0.038732025772333145,0.07501180469989777,25612018.0,0.012229286134243011,0.0068558258935809135,0.10026215016841888
270,0.036039095371961594,1e-04,0.07491425424814224,24939354.0,0.009648125618696213,0.005614184774458408,0.09873194992542267,0.03662361204624176,0.07229109853506088,28505136.0,0.010352649725973606,0.0062016891315579414,0.09470375627279282
271,0.03631502389907837,1e-04,0.07722313702106476,24928770.0,0.010135634802281857,0.005841180216521025,0.09989888221025467,0.0361764132976532,0.0730711966753006,29462894.0,0.010113578289747238,0.006154800299555063,0.09438715875148773
272,0.03562888503074646,1e-04,0.07569289952516556,25368356.0,0.009661225602030754,0.005611798260360956,0.0980014055967331,0.03668917715549469,0.0727316290140152,27894112.0,0.010829737409949303,0.006377034354954958,0.09628818929195404
273,0.03562219440937042,1e-04,0.07604009658098221,24723936.0,0.009858687408268452,0.005709220189601183,0.09892377257347107,0.035816144198179245,0.07332991063594818,29528384.0,0.0101698637008667,0.006179449148476124,0.09447121620178223
274,0.03512182831764221,1e-04,0.07432517409324646,23874490.0,0.00955760758370161,0.005558519158512354,0.09751778841018677,0.03554302081465721,0.07363021373748779,29726762.0,0.010108426213264465,0.006173121277242899,0.09457915276288986
275,0.035226546227931976,1e-04,0.07618556171655655,24411908.0,0.009891117922961712,0.00571385258808732,0.09862460941076279,0.03571797162294388,0.07759352028369904,31680824.0,0.010512066073715687,0.006430774461477995,0.09694705158472061
276,0.03481261432170868,1e-04,0.07611925154924393,25274608.0,0.009690686129033566,0.005603400524705648,0.09740855544805527,0.03591454401612282,0.07271752506494522,27583262.0,0.010892282240092754,0.006394104100763798,0.0964907631278038
277,0.03470159322023392,1e-04,0.07529313862323761,24403790.0,0.009768227115273476,0.005653879139572382,0.09859964996576309,0.03525419533252716,0.0723070278763771,28309206.0,0.010436639189720154,0.0062378449365496635,0.09474314004182816
278,0.03440448269248009,1e-04,0.07533694058656693,24145310.0,0.009679654613137245,0.005612613633275032,0.09913851320743561,0.035113826394081116,0.07243566960096359,28284292.0,0.01050351932644844,0.006302140187472105,0.09555291384458542
279,0.034014031291007996,1e-04,0.07514936476945877,24796034.0,0.009502438828349113,0.005529493559151888,0.0978197306394577,0.0352446511387825,0.07364077866077423,28779450.0,0.010846278630197048,0.006441148463636637,0.09665540605783463
280,0.034087758511304855,1e-04,0.07448286563158035,23865904.0,0.009774941019713879,0.005635448731482029,0.09804127365350723,0.03465462848544121,0.07737094163894653,31702410.0,0.010457426309585571,0.006442661862820387,0.09723006188869476
281,0.033949825912714005,1e-04,0.0750187560915947,24109094.0,0.009829951450228691,0.005676378961652517,0.09745101630687714,0.03463880345225334,0.07236339151859283,27837886.0,0.010631517507135868,0.006319064646959305,0.09547436237335205
282,0.0335540696978569,1e-04,0.07520069926977158,24539214.0,0.00964402873069048,0.005583055317401886,0.09835872799158096,0.034302014857530594,0.07249920070171356,28187702.0,0.010502173565328121,0.006278308108448982,0.09540294110774994
283,0.03320731967687607,1e-04,0.07411345094442368,24602896.0,0.009509057737886906,0.005524833686649799,0.0980607345700264,0.03405383601784706,0.07387492060661316,29680130.0,0.010468185879290104,0.0063206967897713184,0.0955721065402031
284,0.032970111817121506,1e-04,0.07477718591690063,25289992.0,0.009469550102949142,0.005484637338668108,0.0984787791967392,0.036561936140060425,0.07769730687141418,25611910.0,0.013142461888492107,0.007234873250126839,0.10367393493652344
285,0.03325539454817772,1e-04,0.07515519112348557,23564892.0,0.00992785207927227,0.005657603498548269,0.09914905577898026,0.03347893804311752,0.07181411981582642,27892310.0,0.010254972614347935,0.006165627855807543,0.09431259334087372
286,0.032660361379384995,1e-04,0.07457590103149414,23865812.0,0.009528887458145618,0.00551294581964612,0.09716923534870148,0.03320838138461113,0.07247010618448257,28693810.0,0.010184128768742085,0.006166396196931601,0.09459300339221954
287,0.03247318044304848,1e-04,0.07467562705278397,23856652.0,0.009526483714580536,0.005539789330214262,0.09752295166254044,0.03304634243249893,0.07320298999547958,29208872.0,0.010201048105955124,0.006186863407492638,0.09444979578256607
288,0.03229380398988724,1e-04,0.07449045777320862,24275780.0,0.00952525157481432,0.005500257946550846,0.09677236527204514,0.0341826006770134,0.07383887469768524,26665456.0,0.011496775783598423,0.00663403607904911,0.09858644753694534
289,0.032253608107566833,1e-04,0.07428240031003952,23456798.0,0.009647014550864697,0.00557528855279088,0.09760692715644836,0.032662395387887955,0.07439059764146805,29864710.0,0.010168547742068768,0.006222385447472334,0.09501603990793228
290,0.03189941495656967,1e-04,0.0749296247959137,23934470.0,0.009488346055150032,0.005478337407112122,0.09826187789440155,0.03345830738544464,0.07306806743144989,27067420.0,0.011142666451632977,0.00651036761701107,0.09738941490650177
291,0.03180774673819542,1e-04,0.07461820542812347,24121468.0,0.009584124200046062,0.00556059880182147,0.0980951264500618,0.032892171293497086,0.07255414873361588,27620312.0,0.010762910358607769,0.006379475351423025,0.09602726995944977
292,0.03178318589925766,1e-04,0.07510583102703094,23930302.0,0.009740006178617477,0.005605329759418964,0.09893256425857544,0.032402873039245605,0.07242877036333084,28269250.0,0.010450633242726326,0.006276474334299564,0.09549035876989365
293,0.03137455880641937,1e-04,0.07441160827875137,23604032.0,0.00948384404182434,0.00547325424849987,0.09619827568531036,0.03262994438409805,0.07246636599302292,27347076.0,0.01082900445908308,0.0064068809151649475,0.0963556244969368
294,0.03141794353723526,1e-04,0.07450918108224869,23430496.0,0.009712301194667816,0.005558494478464127,0.0989847332239151,0.03187618404626846,0.07397507131099701,29894868.0,0.010283580981194973,0.006268498487770557,0.09541015326976776
295,0.031153539195656776,1e-04,0.07433611899614334,23608084.0,0.009634554386138916,0.005529564805328846,0.09812252968549728,0.031786464154720306,0.07223980873823166,28110884.0,0.010362386703491211,0.006223919335752726,0.0947144627571106
296,0.031179694458842278,1e-04,0.07510294765233994,23484912.0,0.009827927686274052,0.005670726764947176,0.0994751825928688,0.0314129963517189,0.07239709794521332,28566964.0,0.010153792798519135,0.0061716181226074696,0.09444818645715714
297,0.030629245564341545,1e-04,0.07426279038190842,23630706.0,0.009444467723369598,0.005465758498758078,0.09677057713270187,0.03162429481744766,0.07231022417545319,28043648.0,0.010532298125326633,0.006308596581220627,0.09583276510238647
298,0.030466878786683083,1e-04,0.07397440075874329,23979218.0,0.009458755142986774,0.005471074488013983,0.09675191342830658,0.03184046596288681,0.07289575040340424,27598150.0,0.01092033926397562,0.006444538477808237,0.09691093862056732
299,0.030295303091406822,1e-04,0.07340436428785324,23071820.0,0.009445203468203545,0.005438276566565037,0.0968836322426796,0.030986454337835312,0.07254268229007721,28623664.0,0.010226820595562458,0.006211094558238983,0.09481504559516907
300,0.03009938634932041,1e-04,0.07368238270282745,23588888.0,0.009421071037650108,0.005435169208794832,0.09719641506671906,0.03122601844370365,0.07263647019863129,28065378.0,0.010638397186994553,0.006351070012897253,0.09603869169950485
301,0.02984209731221199,1e-04,0.07305940985679626,22985226.0,0.009329221211373806,0.005359960719943047,0.09641755372285843,0.031473591923713684,0.0732245147228241,27519548.0,0.011049206368625164,0.006511932238936424,0.0972713977098465
302,0.030042584985494614,1e-04,0.07477035373449326,23714964.0,0.009691677987575531,0.005578017793595791,0.09797453880310059,0.03188387677073479,0.07415717095136642,26659640.0,0.011615422554314137,0.0067159254103899,0.09913193434476852
303,0.029571255668997765,1e-04,0.07305978983640671,23331808.0,0.009387291967868805,0.0054318527691066265,0.09587375819683075,0.030696164816617966,0.07245311141014099,27897154.0,0.01060245931148529,0.0063337781466543674,0.09575600922107697
304,0.029414866119623184,1e-04,0.07384515553712845,23279736.0,0.009402354247868061,0.005411324556916952,0.09586877375841141,0.030905934050679207,0.07285848259925842,27255722.0,0.010981994681060314,0.006467023398727179,0.09699716418981552
305,0.03009103797376156,1e-04,0.07610147446393967,23691488.0,0.010238191112875938,0.005848583299666643,0.10076762735843658,0.030192330479621887,0.07182122021913528,27640300.0,0.010417747311294079,0.0062421164475381374,0.09506503492593765
306,0.029140980914235115,1e-04,0.0723739042878151,22565026.0,0.009428503923118114,0.005411863327026367,0.09726696461439133,0.029790548607707024,0.07193075865507126,28003914.0,0.010173086076974869,0.0061522070318460464,0.09440724551677704
307,0.029106905683875084,1e-04,0.07343009859323502,22845204.0,0.009554961696267128,0.00547325424849987,0.09780994802713394,0.029586894437670708,0.07261016964912415,28590136.0,0.010126950219273567,0.006156513001769781,0.09462222456932068
308,0.028562918305397034,1e-04,0.07313334196805954,23455442.0,0.009168947115540504,0.005304023623466492,0.09443888813257217,0.03112092614173889,0.0740475058555603,25871948.0,0.011794733814895153,0.0067568314261734486,0.09950991719961166
309,0.02888193354010582,1e-04,0.07274696975946426,22075524.0,0.009623942896723747,0.0055243331007659435,0.09680882096290588,0.029286986216902733,0.07286940515041351,28613740.0,0.010128197260200977,0.0061666578985750675,0.0944562554359436
310,0.028706245124340057,1e-04,0.07478999346494675,23139522.0,0.009621883742511272,0.005524515174329281,0.09721910208463669,0.029717907309532166,0.07224884629249573,27301612.0,0.010719302110373974,0.006342826411128044,0.09609735757112503
311,0.02845977433025837,1e-04,0.07380160689353943,23340828.0,0.009528025053441525,0.00546139944344759,0.09798115491867065,0.029410429298877716,0.0717487782239914,27220794.0,0.010552127845585346,0.006266695447266102,0.09529182314872742
312,0.028287366032600403,1e-04,0.07340153306722641,22352202.0,0.009479372762143612,0.00544050382450223,0.09751353412866592,0.028942005708813667,0.07105135172605515,27042686.0,0.010214674286544323,0.0061311726458370686,0.0940779596567154
313,0.028249602764844894,1e-04,0.07314243912696838,22537068.0,0.009582068771123886,0.005492850206792355,0.09848971664905548,0.0285994503647089,0.07177708297967911,27807468.0,0.010024864226579666,0.00606501754373312,0.09363757073879242
314,0.028014246374368668,1e-04,0.07270747423171997,22450678.0,0.00950499065220356,0.005432793404906988,0.09703738987445831,0.028475841507315636,0.07210753858089447,28193408.0,0.010058985091745853,0.006092834286391735,0.09425225853919983
315,0.027713531628251076,1e-04,0.07291410863399506,22600586.0,0.009356833063066006,0.005391037557274103,0.09709273278713226,0.02841782569885254,0.07112736999988556,27240428.0,0.01014638040214777,0.0061110882088541985,0.09397196024656296
316,0.02777467854321003,1e-04,0.07428234815597534,23046284.0,0.00955846905708313,0.0055006458424031734,0.0971420481801033,0.02917199395596981,0.07186103612184525,25990342.0,0.011025155894458294,0.006429252214729786,0.09666994214057922
317,0.027740109711885452,1e-04,0.07329775393009186,22489112.0,0.009663361124694347,0.005517927464097738,0.09842745214700699,0.028169991448521614,0.0742611363530159,28886514.0,0.01019220519810915,0.006184301804751158,0.09522483497858047
318,0.02741505391895771,1e-04,0.07278767973184586,22502872.0,0.009484325535595417,0.005436314269900322,0.09651018679141998,0.02797861211001873,0.070766881108284,26886760.0,0.010127165354788303,0.006077216472476721,0.09381832182407379
319,0.027137091383337975,1e-04,0.07237028330564499,22463722.0,0.00935302209109068,0.00534524442628026,0.09583651274442673,0.028288500383496284,0.07108615338802338,26406896.0,0.010580375790596008,0.00624882010743022,0.09528400003910065
320,0.026955705136060715,1e-04,0.07264634966850281,22779516.0,0.009317158721387386,0.005344044882804155,0.09631087630987167,0.028685562312602997,0.07215998321771622,25928108.0,0.01111264992505312,0.0064541613683104515,0.09706933796405792
321,0.026947805657982826,1e-04,0.07233411818742752,21910628.0,0.009421512484550476,0.005430810619145632,0.09700572490692139,0.027424877509474754,0.07134866714477539,27452816.0,0.00997642520815134,0.006061925552785397,0.09369954466819763
322,0.027146823704242706,1e-04,0.07402855902910233,22623136.0,0.009767965413630009,0.005576629191637039,0.09885996580123901,0.027373291552066803,0.07185545563697815,27808102.0,0.010077507235109806,0.006081247236579657,0.09398981928825378
323,0.02696485072374344,1e-04,0.07447455823421478,23102496.0,0.009718557819724083,0.005580295342952013,0.09783559292554855,0.027857085689902306,0.07117974013090134,26209088.0,0.010671052150428295,0.006291798781603575,0.09553883969783783
324,0.026477793231606483,1e-04,0.07141979038715363,21731110.0,0.009354343637824059,0.005340519826859236,0.09634275734424591,0.027038080617785454,0.07156866788864136,27630350.0,0.009999431669712067,0.006062994245439768,0.09379836916923523
325,0.026189137250185013,1e-04,0.07177610695362091,22020116.0,0.009205733425915241,0.0052841464057564735,0.09528739750385284,0.027200477197766304,0.0707724541425705,26570212.0,0.010289867408573627,0.0061460272409021854,0.09433235973119736
326,0.026463711634278297,1e-04,0.07347045838832855,22004238.0,0.009608080610632896,0.005506982561200857,0.09742927551269531,0.02697242982685566,0.07051803916692734,26460236.0,0.010195686481893063,0.006098013371229172,0.09369602799415588
327,0.025964634492993355,1e-04,0.07181667536497116,21730348.0,0.009247306734323502,0.005295124836266041,0.09598857164382935,0.02682201936841011,0.07096560299396515,26917622.0,0.010189688764512539,0.006124659441411495,0.09407977014780045
328,0.026002025231719017,1e-04,0.07283888012170792,22234918.0,0.009436113759875298,0.0053906869143247604,0.09615489095449448,0.026684826239943504,0.07161972671747208,27497584.0,0.010197095572948456,0.006147351581603289,0.09429209679365158
329,0.02603939175605774,1e-04,0.07332992553710938,21986386.0,0.009590471163392067,0.005464369896799326,0.09695834666490555,0.026500798761844635,0.07114259153604507,27182776.0,0.010117894038558006,0.0061111897230148315,0.094005286693573
330,0.02582554891705513,1e-04,0.0732145756483078,22298050.0,0.009504561312496662,0.005418582819402218,0.09743265062570572,0.027715949341654778,0.07302601635456085,25789830.0,0.011455578729510307,0.006606830283999443,0.09824902564287186
331,0.025878751650452614,1e-04,0.07364051789045334,22597718.0,0.009678774513304234,0.0055100019089877605,0.09837823361158371,0.027812650427222252,0.07319307327270508,25200500.0,0.011666379868984222,0.006668189074844122,0.09869879484176636
332,0.025449251756072044,1e-04,0.07207023352384567,21776562.0,0.00936637818813324,0.0053575895726680756,0.09610816091299057,0.026092752814292908,0.07095244526863098,27032810.0,0.010089768096804619,0.006076558027416468,0.09391621500253677
333,0.025474926456809044,1e-04,0.07324991375207901,22111708.0,0.009526599198579788,0.0054483553394675255,0.09736038744449615,0.02611587569117546,0.07124105095863342,27085632.0,0.010238677263259888,0.0061354502104222775,0.09431971609592438
334,0.025448426604270935,1e-04,0.07335354387760162,22208608.0,0.009623021818697453,0.0054786126129329205,0.09708141535520554,0.02594200149178505,0.07090895622968674,26834012.0,0.01018025353550911,0.0061209299601614475,0.09405568242073059
335,0.025193732231855392,1e-04,0.07273691892623901,21370034.0,0.009466953575611115,0.005404253024607897,0.09702373296022415,0.025795767083764076,0.07068954408168793,26625680.0,0.010144666768610477,0.0061012678779661655,0.09389399737119675
336,0.025333475321531296,1e-04,0.07280384004116058,21469838.0,0.009732927195727825,0.005534286145120859,0.09747122973203659,0.025547683238983154,0.07146300375461578,27439406.0,0.010027672164142132,0.006073730066418648,0.0939217060804367
337,0.025175852701067924,1e-04,0.07370992749929428,22332366.0,0.009704569354653358,0.005530982743948698,0.09786317497491837,0.026649946346879005,0.07225985825061798,25632104.0,0.01123035978525877,0.0065115890465676785,0.09724156558513641
338,0.02489326149225235,1e-04,0.07309162616729736,21829024.0,0.009538345038890839,0.00543932756409049,0.09800437837839127,0.02544752135872841,0.07105986028909683,27100708.0,0.010155116207897663,0.006117141339927912,0.0943111777305603
339,0.024763556197285652,1e-04,0.07257333397865295,21835260.0,0.009511683136224747,0.005424705799669027,0.09664091467857361,0.02536400407552719,0.07086645066738129,26877976.0,0.010172738693654537,0.006112712901085615,0.09420104324817657
340,0.024472776800394058,1e-04,0.07164886593818665,21606978.0,0.009326599538326263,0.0053487503901124,0.09639078378677368,0.025355903431773186,0.0710633173584938,26882134.0,0.010282592847943306,0.00617192080244422,0.09456102550029755
341,0.024482445791363716,1e-04,0.0729818195104599,21845854.0,0.009473957121372223,0.005372050683945417,0.09660914540290833,0.026278022676706314,0.07275364547967911,25899630.0,0.011316245421767235,0.006559336557984352,0.09767625480890274
342,0.024089738726615906,1e-04,0.07089055329561234,20890986.0,0.009174809791147709,0.00522375525906682,0.09669505059719086,0.024839745834469795,0.07113617658615112,27197814.0,0.009998008608818054,0.006074204109609127,0.09396211057901382
343,0.024624552577733994,1e-04,0.07403763383626938,22646296.0,0.009831621311604977,0.005592759698629379,0.09788186848163605,0.026630057021975517,0.07403668016195297,25469708.0,0.011878926306962967,0.006797379348427057,0.09969226270914078
344,0.024024615064263344,1e-04,0.07143475860357285,20987634.0,0.009327837266027927,0.005306027829647064,0.09603267908096313,0.024800986051559448,0.0705249160528183,26458520.0,0.010170348919928074,0.0061204698868095875,0.09426461160182953
345,0.024058382958173752,1e-04,0.0725068747997284,21927832.0,0.009482326917350292,0.005399310030043125,0.09689228981733322,0.0255217757076025,0.07176000624895096,25770962.0,0.010995743796229362,0.00642696488648653,0.09664995968341827
346,0.02392682246863842,1e-04,0.07149720191955566,21087286.0,0.009456590749323368,0.005364539567381144,0.0973823294043541,0.02441193163394928,0.07098576426506042,27022780.0,0.01000968273729086,0.006057677790522575,0.09377335011959076
347,0.023737432435154915,1e-04,0.07264107465744019,21836546.0,0.009368558414280415,0.0053426227532327175,0.09596290439367294,0.025064412504434586,0.07111553102731705,25760362.0,0.010740196332335472,0.0063194651156663895,0.09553772211074829
348,0.023655826225876808,1e-04,0.07154756039381027,21132912.0,0.009378591552376747,0.005319524090737104,0.09522280842065811,0.024212028831243515,0.07046055793762207,26522128.0,0.009994813241064548,0.006042899563908577,0.09337221086025238
349,0.02396486885845661,1e-04,0.07200539857149124,20691792.0,0.009796006605029106,0.005506908055394888,0.09680801630020142,0.02422407642006874,0.0735301598906517,27735810.0,0.01014658436179161,0.006117172073572874,0.09483863413333893
350,0.02380703017115593,1e-04,0.07243170589208603,21387668.0,0.009751101955771446,0.005494036711752415,0.09772572666406631,0.024173840880393982,0.06963366270065308,25514502.0,0.010169997811317444,0.00605518463999033,0.09330141544342041
351,0.02326870895922184,1e-04,0.07179754972457886,21298444.0,0.009318147785961628,0.005314363166689873,0.09633880108594894,0.02402670681476593,0.06956715136766434,25546038.0,0.010132400318980217,0.006044188514351845,0.09341821819543839
352,0.0232118871062994,1e-04,0.07187175750732422,20985540.0,0.009355451911687851,0.005324356257915497,0.09620124101638794,0.023710718378424644,0.06998705863952637,26085678.0,0.009922033175826073,0.005973538383841515,0.09279020875692368
353,0.02315203659236431,1e-04,0.07162559777498245,21216520.0,0.009423626586794853,0.0053388760425150394,0.09676964581012726,0.024035613983869553,0.07047737389802933,26029726.0,0.010365131311118603,0.006163973361253738,0.09458485245704651
354,0.02315228432416916,1e-04,0.07234077155590057,21426740.0,0.00952358078211546,0.005398933310061693,0.09714537858963013,0.024682534858584404,0.0714704617857933,25063510.0,0.011086471378803253,0.006459239404648542,0.0966053158044815
355,0.023106766864657402,1e-04,0.07211178541183472,20764094.0,0.009554540738463402,0.005405041389167309,0.0977301374077797,0.02358902059495449,0.06980810314416885,25778890.0,0.010094629600644112,0.006053679622709751,0.093368299305439
356,0.022733129560947418,1e-04,0.07096540182828903,21009626.0,0.009279269725084305,0.005305577535182238,0.09671254456043243,0.023886675015091896,0.07046922296285629,25765402.0,0.010493009351193905,0.0062264311127364635,0.09502582252025604
357,0.022601960226893425,1e-04,0.07132193446159363,21376110.0,0.00926013570278883,0.00527338357642293,0.09618178755044937,0.023978207260370255,0.07103875279426575,25858012.0,0.010684278793632984,0.006320250686258078,0.09570641070604324
358,0.022969411686062813,1e-04,0.07272670418024063,21060880.0,0.00971970334649086,0.005518146324902773,0.09805392473936081,0.02352432906627655,0.07040385901927948,26021890.0,0.010324787348508835,0.0061565269716084,0.09436444938182831
359,0.022375907748937607,1e-04,0.07113806903362274,20914812.0,0.009216167032718658,0.005232295487076044,0.0943387895822525,0.024202262982726097,0.07172467559576035,25362710.0,0.011084683239459991,0.006453930400311947,0.09681644290685654
360,0.02250058762729168,5e-05,0.07153315097093582,20833342.0,0.009413288906216621,0.005319266580045223,0.09728281944990158,0.023622306063771248,0.07039538025856018,25485040.0,0.01055607758462429,0.00623033894225955,0.09495419263839722
361,0.022379467263817787,5e-05,0.07071312516927719,20555480.0,0.009325830265879631,0.005295108538120985,0.09680445492267609,0.02361428365111351,0.07003992050886154,25011916.0,0.010584576986730099,0.0062373485416173935,0.0949697494506836
362,0.02225944958627224,5e-05,0.07056547701358795,20744244.0,0.009254684671759605,0.005248221103101969,0.09752818197011948,0.02313341200351715,0.06949909776449203,25358906.0,0.01015495602041483,0.0060549331828951836,0.09348883479833603
363,0.02254982478916645,5e-05,0.07302987575531006,21504522.0,0.009598162025213242,0.0054493253119289875,0.09646192938089371,0.023581894114613533,0.07011766731739044,24928152.0,0.010642686858773232,0.006238190922886133,0.094917431473732
364,0.02243880182504654,5e-05,0.07165367156267166,20590512.0,0.00952468253672123,0.00539233535528183,0.09801638126373291,0.023010851815342903,0.06947280466556549,25397600.0,0.010131255723536015,0.006031242664903402,0.09335596114397049
365,0.022338172420859337,5e-05,0.07188449800014496,21033854.0,0.009473662823438644,0.005373413674533367,0.09614484757184982,0.023360537365078926,0.06973960995674133,24837320.0,0.010513768531382084,0.006173221860080957,0.09438667446374893
366,0.02218613587319851,5e-05,0.07210192084312439,20906942.0,0.009362817741930485,0.005311115179210901,0.09536764770746231,0.02296476997435093,0.06920038163661957,25053168.0,0.010165611281991005,0.0060247136279940605,0.09319236129522324
367,0.02236616238951683,5e-05,0.0716833770275116,20726336.0,0.009587803855538368,0.005416955798864365,0.09728056937456131,0.022875141352415085,0.06929489970207214,25217988.0,0.01012769527733326,0.0060135237872600555,0.09322139620780945
368,0.022173332050442696,5e-05,0.07190066576004028,21067464.0,0.009445346891880035,0.005338620860129595,0.09778869152069092,0.022964980453252792,0.06903945654630661,24846980.0,0.010250361636281013,0.006061312276870012,0.09357400238513947
369,0.02210710197687149,5e-05,0.07119470834732056,20341660.0,0.009401962161064148,0.005327053368091583,0.09757014364004135,0.022806882858276367,0.0686497837305069,24603294.0,0.010127260349690914,0.006009203847497702,0.0929918885231018
370,0.0220967847853899,5e-05,0.07144276797771454,20582222.0,0.009439405053853989,0.005379572045058012,0.09662000089883804,0.022817516699433327,0.06894479691982269,24829526.0,0.010191649198532104,0.006038128398358822,0.0933646410703659
371,0.0217876099050045,5e-05,0.07036466151475906,20781728.0,0.00918953400105238,0.0052131228148937225,0.09651172906160355,0.022720536217093468,0.06916378438472748,25063624.0,0.01015090849250555,0.006017590872943401,0.09332562983036041
372,0.021618885919451714,5e-05,0.07024053484201431,20525012.0,0.00907065998762846,0.005160112865269184,0.09555844962596893,0.02285349741578102,0.06927385926246643,24847906.0,0.01032643485814333,0.006089725997298956,0.09380247443914413
373,0.021581334993243217,5e-05,0.06997401267290115,20357856.0,0.009070752188563347,0.005130473058670759,0.09445187449455261,0.022610923275351524,0.06907511502504349,25003626.0,0.010130289942026138,0.006004209630191326,0.09327235072851181
374,0.021856745705008507,5e-05,0.07184293866157532,20745922.0,0.009394652210175991,0.005314989481121302,0.09702181816101074,0.022590510547161102,0.06897559762001038,24861056.0,0.010150904767215252,0.006012730300426483,0.09312625229358673
375,0.022104375064373016,5e-05,0.07182227075099945,20354452.0,0.00967303104698658,0.005473824683576822,0.09872131794691086,0.022469433024525642,0.06878684461116791,24785938.0,0.010066728107631207,0.0059875063598155975,0.092869333922863
376,0.021735601127147675,5e-05,0.07202931493520737,21357232.0,0.009370270185172558,0.00532002467662096,0.09707701206207275,0.022723494097590446,0.06950340420007706,24932210.0,0.010379706509411335,0.0061132884584367275,0.0940689817070961
377,0.021858464926481247,5e-05,0.07051339745521545,19726378.0,0.009524359367787838,0.0053388155065476894,0.09753774851560593,0.02226363681256771,0.06891146302223206,24997540.0,0.009962587617337704,0.005922446958720684,0.09252408146858215
378,0.021385103464126587,5e-05,0.07088083773851395,20828910.0,0.009097408503293991,0.0051636346615850925,0.09588778764009476,0.022423747926950455,0.06869269162416458,24545454.0,0.010150875896215439,0.006004933267831802,0.09301479160785675
379,0.02133716456592083,5e-05,0.07031272351741791,20421064.0,0.009082615375518799,0.005185860674828291,0.09537678956985474,0.022342417389154434,0.068728506565094,24609646.0,0.01011271495372057,0.0059936498291790485,0.09277039766311646
380,0.021822558715939522,5e-05,0.07161509245634079,20220978.0,0.009608176536858082,0.005428186617791653,0.09620147943496704,0.022253433242440224,0.0687025859951973,24659238.0,0.01007105316966772,0.005972663871943951,0.09277059882879257
381,0.021329786628484726,5e-05,0.07115530967712402,20808394.0,0.009177541360259056,0.005209782160818577,0.09551728516817093,0.022321008145809174,0.06896454095840454,24738014.0,0.010190212167799473,0.006025055889040232,0.09324699640274048
382,0.021300585940480232,2.5e-05,0.07034430652856827,20292202.0,0.009176741354167461,0.005194359924644232,0.0954081118106842,0.022338779643177986,0.06886013597249985,24569130.0,0.010225496254861355,0.006028253585100174,0.09323529154062271
383,0.021539397537708282,2.5e-05,0.07069643586874008,20385800.0,0.009433390572667122,0.005333602428436279,0.09798305481672287,0.02229628898203373,0.06877318024635315,24522544.0,0.01020335778594017,0.006019794847816229,0.09309355914592743
384,0.021698981523513794,2.5e-05,0.07303429394960403,21047874.0,0.009622654877603054,0.005431408062577248,0.09729396551847458,0.022000038996338844,0.06873020529747009,24808066.0,0.00993251707404852,0.005898450501263142,0.09223375469446182
385,0.021480171009898186,2.5e-05,0.07102544605731964,20424766.0,0.009415826760232449,0.005332618020474911,0.09704738110303879,0.022446507588028908,0.06879075616598129,24125950.0,0.010386823676526546,0.006078648846596479,0.093626968562603
386,0.021599924191832542,2.5e-05,0.07122181355953217,20003052.0,0.009547607973217964,0.005370168015360832,0.09848847985267639,0.021997803822159767,0.06819146126508713,24287846.0,0.009962033480405807,0.005897854920476675,0.09216678887605667
387,0.021546903997659683,2.5e-05,0.07183485478162766,20595512.0,0.009521516039967537,0.005402847658842802,0.09756678342819214,0.02192665822803974,0.06822502613067627,24390570.0,0.009914781898260117,0.005877980962395668,0.09209276735782623
388,0.021614696830511093,2.5e-05,0.0719301775097847,20818332.0,0.009615181013941765,0.00544353574514389,0.09886282682418823,0.021953826770186424,0.06839804351329803,24475388.0,0.009964819066226482,0.0058998060412704945,0.09223789721727371
389,0.02127162553369999,1.25e-05,0.07084683328866959,20496446.0,0.009286900982260704,0.005257884040474892,0.09540566056966782,0.021938437595963478,0.06830315291881561,24396292.0,0.00995870865881443,0.00589344697073102,0.09219210594892502
390,0.021193018183112144,1.25e-05,0.07052381336688995,20342738.0,0.009216285310685635,0.005212194751948118,0.09544588625431061,0.021966470405459404,0.06810551881790161,24159732.0,0.009996042586863041,0.005897865165024996,0.09223636984825134
391,0.021172286942601204,1.25e-05,0.07087872922420502,20693374.0,0.009206674061715603,0.0052184187807142735,0.09597612172365189,0.021863587200641632,0.06800854206085205,24173022.0,0.009903959929943085,0.005856155417859554,0.09189334511756897
392,0.021001022309064865,1.25e-05,0.07002012431621552,20376060.0,0.009047504514455795,0.005122078116983175,0.09510599076747894,0.021828841418027878,0.06797466427087784,24165434.0,0.009880892932415009,0.005844022613018751,0.0918254405260086
393,0.02102690003812313,1.25e-05,0.06981796026229858,20121506.0,0.009080213494598866,0.005147790536284447,0.09553904086351395,0.02192932367324829,0.06787745654582977,23950084.0,0.009987668134272099,0.0058870152570307255,0.0921114981174469
394,0.021146418526768684,1.25e-05,0.07036703824996948,20430226.0,0.009211846627295017,0.005206312984228134,0.09527269750833511,0.02176637202501297,0.06790302693843842,24132584.0,0.009839990176260471,0.005824148654937744,0.09167524427175522
395,0.02104012481868267,1.25e-05,0.07030581682920456,20472406.0,0.009119991213083267,0.005175973754376173,0.09456323832273483,0.021776380017399788,0.06791121512651443,24109536.0,0.009862074628472328,0.005831578280776739,0.09172528982162476
396,0.021165020763874054,6.25e-06,0.07084491848945618,20733088.0,0.009253703989088535,0.005258006509393454,0.09553935378789902,0.0217759869992733,0.06786658614873886,24055612.0,0.009867439046502113,0.005830035079270601,0.09170705080032349
397,0.021083446219563484,6.25e-06,0.07043057680130005,20400030.0,0.009176379069685936,0.005203590728342533,0.0947161614894867,0.021765397861599922,0.06776074320077896,23961140.0,0.009861022233963013,0.005821791011840105,0.09163082391023636
398,0.02139563113451004,6.25e-06,0.07186402380466461,20791500.0,0.009494625963270664,0.0053727952763438225,0.09742468595504761,0.021738512441515923,0.06769420951604843,23909234.0,0.009840457700192928,0.005808126647025347,0.09151781350374222
399,0.021185077726840973,6.25e-06,0.0713113397359848,20378048.0,0.00928802415728569,0.005259800236672163,0.0947389081120491,0.0217719879001379,0.06759624928236008,23781262.0,0.009877230040729046,0.00582064688205719,0.09157893061637878
400,0.021138260141015053,6.25e-06,0.0703144520521164,20134556.0,0.009245193563401699,0.0052367825992405415,0.09516820311546326,0.02179092727601528,0.06755838543176651,23713046.0,0.009900850243866444,0.00582914100959897,0.0916241928935051
401,0.02123919501900673,6.25e-06,0.07109364867210388,20348068.0,0.009352629072964191,0.0052935658022761345,0.0987718403339386,0.021713782101869583,0.06743720173835754,23666686.0,0.009831061586737633,0.005790026858448982,0.09134364873170853
402,0.02137560397386551,6.25e-06,0.07121649384498596,20389374.0,0.009492865763604641,0.005362248048186302,0.09535148739814758,0.02171245962381363,0.06739913672208786,23639076.0,0.009832527488470078,0.0057926056906580925,0.09133712202310562
403,0.021145958453416824,3.125e-06,0.0706406682729721,20321456.0,0.009267794899642467,0.005248963832855225,0.09567858278751373,0.021690085530281067,0.06743529438972473,23687200.0,0.009813574142754078,0.005785719957202673,0.09129524976015091
404,0.02125338464975357,3.125e-06,0.07106807827949524,20313340.0,0.009378361515700817,0.005309519823640585,0.09792637825012207,0.021691100671887398,0.06732551753520966,23573506.0,0.009817794896662235,0.005779772996902466,0.09124557673931122
405,0.021254928782582283,3.125e-06,0.07083079218864441,20280184.0,0.009382439777255058,0.005300160031765699,0.09681569039821625,0.0217105932533741,0.06732095032930374,23552320.0,0.009839201346039772,0.0057898215018212795,0.09130765497684479
406,0.021247629076242447,3.125e-06,0.07104045897722244,20482958.0,0.009377948939800262,0.00531816715374589,0.09625854343175888,0.021677665412425995,0.06741509586572647,23666976.0,0.009809820912778378,0.005781836342066526,0.09126868098974228
407,0.021061435341835022,1.5625e-06,0.07011300325393677,20371214.0,0.009194206446409225,0.005199710372835398,0.09525090456008911,0.02168048731982708,0.06740503758192062,23651552.0,0.00981411337852478,0.005782551597803831,0.09127365797758102
408,0.021139292046427727,1.5625e-06,0.07066689431667328,20295628.0,0.00927379634231329,0.005241806618869305,0.0965544730424881,0.0216793492436409,0.0674731433391571,23713572.0,0.009814735502004623,0.005785991903394461,0.09130926430225372
409,0.02094566449522972,1.5625e-06,0.07010720670223236,20204530.0,0.00908180046826601,0.005144084803760052,0.09424269944429398,0.02167869172990322,0.0674610286951065,23700290.0,0.009815637022256851,0.0057855104096233845,0.09130483120679855
410,0.021177729591727257,1.5625e-06,0.07047603279352188,20224140.0,0.009315403178334236,0.0052665527909994125,0.09673187136650085,0.021669218316674232,0.06740982085466385,23657706.0,0.009807606227695942,0.005779019091278315,0.09124965220689774
411,0.02109004743397236,7.8125e-07,0.07047423720359802,20245844.0,0.009228778071701527,0.005206048954278231,0.09568647295236588,0.02165452018380165,0.06733141094446182,23594510.0,0.009793710894882679,0.005768144503235817,0.09116541594266891
412,0.021113721653819084,7.8125e-07,0.07090432196855545,20476480.0,0.00925311166793108,0.00524556078016758,0.09775751829147339,0.02164744958281517,0.06721601635217667,23490136.0,0.009787166491150856,0.005758730694651604,0.09108346700668335
413,0.021028054878115654,7.8125e-07,0.07038377970457077,20348576.0,0.009168083779513836,0.005203563719987869,0.09473338723182678,0.021641436964273453,0.06721611320972443,23494270.0,0.00978188868612051,0.005756329745054245,0.09106450527906418
414,0.021322671324014664,7.8125e-07,0.07156316936016083,20394038.0,0.009463361464440823,0.0053643533028662205,0.09694510698318481,0.021653320640325546,0.06728480756282806,23549422.0,0.009794359095394611,0.005766298156231642,0.09113966673612595
415,0.02106386050581932,3.90625e-07,0.07033975422382355,20267514.0,0.009205164387822151,0.005208513233810663,0.09512484818696976,0.021655146032571793,0.0673169195652008,23577528.0,0.009796707890927792,0.0057689412496984005,0.09116412699222565
416,0.0209653303027153,3.90625e-07,0.0702161118388176,20270714.0,0.009107084013521671,0.00516562070697546,0.09665551036596298,0.02164948731660843,0.06731194257736206,23576112.0,0.009791484102606773,0.005765966139733791,0.09114335477352142
417,0.0210670568048954,3.90625e-07,0.0703672468662262,20204396.0,0.009209202602505684,0.0052163018845021725,0.09504567086696625,0.021646365523338318,0.06729139387607574,23558932.0,0.00978870876133442,0.005763523746281862,0.09112448990345001
418,0.021653635427355766,3.90625e-07,0.07236138731241226,20567260.0,0.00979618914425373,0.00552354846149683,0.10067059844732285,0.021628262475132942,0.06715033203363419,23439304.0,0.009771079756319523,0.005747301038354635,0.09099426120519638
419,0.021156901493668556,3.90625e-07,0.07052892446517944,20450748.0,0.009299857541918755,0.0052537694573402405,0.09578979015350342,0.02162151038646698,0.06710737198591232,23402630.0,0.009764627553522587,0.005741907749325037,0.09095142781734467
420,0.020943159237504005,3.90625e-07,0.06986488401889801,20152030.0,0.009086370468139648,0.0051435790956020355,0.09520012140274048,0.021624863147735596,0.06711472570896149,23407824.0,0.009768185205757618,0.005744294263422489,0.0909663587808609
421,0.021358143538236618,3.90625e-07,0.07213633507490158,20647908.0,0.009501539170742035,0.005389312747865915,0.09622326493263245,0.021628161892294884,0.0671105608344078,23403052.0,0.009771703742444515,0.005746352020651102,0.09097650647163391
422,0.02133718505501747,3.90625e-07,0.07143382728099823,20330632.0,0.00948086753487587,0.005355010740458965,0.09831196069717407,0.021622365340590477,0.06705590337514877,23351940.0,0.009766259230673313,0.005740222986787558,0.09092701971530914
423,0.021391762420535088,1.953125e-07,0.07164236158132553,20475868.0,0.00953568983823061,0.005393716040998697,0.09727355092763901,0.02163017727434635,0.06710359454154968,23392664.0,0.00977418478578329,0.005746773909777403,0.09097778052091599
424,0.02100677601993084,1.953125e-07,0.07028800994157791,20490080.0,0.009150870144367218,0.005192993208765984,0.09493260085582733,0.021627239882946014,0.06708023697137833,23370552.0,0.009771453216671944,0.005743838381022215,0.09095557034015656
425,0.021200453862547874,1.953125e-07,0.07103829085826874,20306982.0,0.00934474915266037,0.005293393507599831,0.09742269665002823,0.021633371710777283,0.06713414937257767,23418850.0,0.009777789004147053,0.005750085227191448,0.09100498259067535
426,0.021106533706188202,1.953125e-07,0.07061007618904114,20310682.0,0.00925105344504118,0.005247848574072123,0.09688219428062439,0.0216217041015625,0.06704134494066238,23336878.0,0.009766347706317902,0.005739270243793726,0.09091855585575104
427,0.021405963227152824,1e-07,0.07253554463386536,20385114.0,0.009550634771585464,0.00541724031791091,0.09766647964715958,0.02161313407123089,0.06695506721735,23259026.0,0.009757853113114834,0.005730388220399618,0.09084472060203552
428,0.02108684368431568,1e-07,0.07052839547395706,20532174.0,0.009231573902070522,0.005244564730674028,0.09440577775239944,0.02161569707095623,0.06699102371931076,23292588.0,0.009760470129549503,0.005733788013458252,0.0908721536397934
429,0.021052435040473938,1e-07,0.07045044004917145,20201784.0,0.009197268635034561,0.0052086347714066505,0.09459755569696426,0.021619776263833046,0.06703487783670425,23332756.0,0.009764674119651318,0.00573834590613842,0.09090971946716309
430,0.021259300410747528,1e-07,0.07130743563175201,20426726.0,0.009404252283275127,0.005327209364622831,0.0973828062415123,0.02162436582148075,0.06712851673364639,23422320.0,0.009769381955265999,0.005746487062424421,0.09097592532634735
431,0.021048851311206818,1e-07,0.0707065537571907,20291556.0,0.009193936362862587,0.0051969303749501705,0.09669382125139236,0.021617529913783073,0.06707775592803955,23377734.0,0.009762692265212536,0.005740162450820208,0.09092690050601959
432,0.02103213407099247,1e-07,0.07030627131462097,20235262.0,0.009177335537970066,0.005185432266443968,0.09474601596593857,0.021617116406559944,0.06707381457090378,23375032.0,0.009762353263795376,0.005739986896514893,0.09092404693365097
433,0.021169742569327354,1e-07,0.07055997848510742,20335742.0,0.009315026924014091,0.005256541073322296,0.09486894309520721,0.021623533219099045,0.06714338809251785,23436570.0,0.009768889285624027,0.005746964365243912,0.09098202735185623
434,0.021038174629211426,1e-07,0.07017669081687927,20199164.0,0.00918358750641346,0.005190503317862749,0.0961034893989563,0.021617872640490532,0.06709910184144974,23397560.0,0.009763351641595364,0.005741567816585302,0.09094042330980301
435,0.02114727720618248,1e-07,0.07081881910562515,20394604.0,0.009292804636061192,0.0052590928971767426,0.09585728496313095,0.02163105458021164,0.06721428036689758,23496960.0,0.009776626713573933,0.005754368845373392,0.09104382246732712
436,0.02100393734872341,1e-07,0.0701836422085762,20270486.0,0.00914956908673048,0.005196230486035347,0.09403374791145325,0.02164127118885517,0.06729963421821594,23568810.0,0.00978696160018444,0.005763757508248091,0.09112106263637543
437,0.02101246453821659,1e-07,0.07041307538747787,20188234.0,0.009158188477158546,0.005200122483074665,0.09610918909311295,0.0216363575309515,0.06725015491247177,23525850.0,0.009782135486602783,0.005758750252425671,0.09107951074838638
