timestamp,y_true_original,wotl_pred_original,partial_ft_pred_original,wotl_residual,partial_ft_residual,y_true_normalized,wotl_pred_normalized,partial_ft_pred_normalized
2020-05-21T20:15:00.000000000,0.0,-3011.1006054949758,-597.8041890108585,3011.1006054949758,597.8041890108585,0.0,-0.14206771552562714,-0.02820519357919693
2020-05-21T20:30:00.000000000,0.0,-2878.108159806728,-538.3161790271599,2878.108159806728,538.3161790271599,0.0,-0.13579295575618744,-0.02539847046136856
2020-05-21T20:45:00.000000000,0.0,-2761.7566666022935,-452.5551085913181,2761.7566666022935,452.5551085913181,0.0,-0.13030333817005157,-0.021352149546146393
2020-05-21T21:00:00.000000000,0.0,-2649.735800470511,-322.7380126151939,2649.735800470511,322.7380126151939,0.0,-0.12501804530620575,-0.015227206982672215
2020-05-21T21:15:00.000000000,0.0,-2548.046284455458,-186.77805146788558,2548.046284455458,186.77805146788558,0.0,-0.12022019922733307,-0.008812435902655125
2020-05-21T21:30:00.000000000,0.0,-2466.289275427659,-65.04359386538465,2466.289275427659,65.04359386538465,0.0,-0.1163627952337265,-0.003068842925131321
2020-05-21T21:45:00.000000000,0.0,-2403.0618675049145,55.36059818650285,2403.0618675049145,-55.36059818650285,0.0,-0.11337964236736298,0.0026119863614439964
2020-05-21T22:00:00.000000000,0.0,-2366.984888908863,148.25305421893793,2366.984888908863,-148.25305421893793,0.0,-0.11167748272418976,0.0069947754964232445
2020-05-21T22:15:00.000000000,0.0,-2351.5402911035217,237.0658081502219,2351.5402911035217,-237.0658081502219,0.0,-0.11094878613948822,0.011185078881680965
2020-05-21T22:30:00.000000000,0.0,-2366.1435243725773,290.1928937934339,2366.1435243725773,-290.1928937934339,0.0,-0.11163778603076935,0.013691685162484646
2020-05-21T22:45:00.000000000,0.0,-2414.98688333114,309.55185798868536,2414.98688333114,-309.55185798868536,0.0,-0.11394228041172028,0.014605066739022732
2020-05-21T23:00:00.000000000,0.0,-2479.288736506303,312.50674034660057,2479.288736506303,-312.50674034660057,0.0,-0.11697612702846527,0.01474448200315237
2020-05-21T23:15:00.000000000,0.0,-2548.3526371582348,288.8853678248822,2548.3526371582348,-288.8853678248822,0.0,-0.1202346533536911,0.013629994355142117
2020-05-21T23:30:00.000000000,0.0,-2598.2085391736027,263.541471961985,2598.2085391736027,-263.541471961985,0.0,-0.1225869208574295,0.012434235773980618
2020-05-21T23:45:00.000000000,0.0,-2638.6603606963154,234.99224251096445,2638.6603606963154,-234.99224251096445,0.0,-0.1244954913854599,0.011087245307862759
2020-05-22T00:00:00.000000000,0.0,-2659.693210793336,207.35764958287277,2659.693210793336,-207.35764958287277,0.0,-0.12548784911632538,0.009783408604562283
2020-05-22T00:15:00.000000000,0.0,-2671.6794971601166,163.19485459869105,2671.6794971601166,-163.19485459869105,0.0,-0.12605337798595428,0.007699749432504177
2020-05-22T00:30:00.000000000,0.0,-2683.0126521976786,93.08998641237616,2683.0126521976786,-93.08998641237616,0.0,-0.12658809125423431,0.004392108879983425
2020-05-22T00:45:00.000000000,0.0,-2670.297435894807,14.59737318795795,2670.297435894807,-14.59737318795795,0.0,-0.12598817050457,0.000688723404891789
2020-05-22T01:00:00.000000000,0.0,-2633.767560622692,-72.20277228449781,2633.767560622692,72.20277228449781,0.0,-0.12426464259624481,-0.0034066224470734596
2020-05-22T01:15:00.000000000,0.0,-2581.4147261659305,-181.46646409129102,2581.4147261659305,181.46646409129102,0.0,-0.12179456651210785,-0.008561828173696995
2020-05-22T01:30:00.000000000,0.0,-2549.181368593375,-303.88500412081675,2549.181368593375,303.88500412081675,0.0,-0.12027375400066376,-0.014337697066366673
2020-05-22T01:45:00.000000000,0.0,-2525.8303444361686,-430.258948379755,2525.8303444361686,430.258948379755,0.0,-0.11917202174663544,-0.020300187170505524
2020-05-22T02:00:00.000000000,0.0,-2477.368505132198,-537.8891802084446,2477.368505132198,537.8891802084446,0.0,-0.11688552796840668,-0.02537832409143448
2020-05-22T02:15:00.000000000,0.0,-2404.658691489696,-620.8469655001163,2404.658691489696,620.8469655001163,0.0,-0.11345498263835907,-0.029292382299900055
2020-05-22T02:30:00.000000000,0.0,-2342.4343517978987,-713.1898816327254,2342.4343517978987,713.1898816327254,0.0,-0.1105191558599472,-0.03364924341440201
2020-05-22T02:45:00.000000000,0.0,-2294.522052393754,-766.2893323671817,2294.522052393754,766.2893323671817,0.0,-0.10825859010219574,-0.03615454584360123
2020-05-22T03:00:00.000000000,0.0,-2285.341577791373,-810.9473449162641,2285.341577791373,810.9473449162641,0.0,-0.10782544314861298,-0.038261570036411285
2020-05-22T03:15:00.000000000,0.0,-2302.881375421683,-854.8802174595991,2302.881375421683,854.8802174595991,0.0,-0.1086529940366745,-0.04033438116312027
2020-05-22T03:30:00.000000000,0.0,-2343.2251839296023,-901.9637854286034,2343.2251839296023,901.9637854286034,0.0,-0.1105564683675766,-0.04255584627389908
2020-05-22T03:45:00.000000000,0.0,-2404.413609327475,-918.3767104367414,2404.413609327475,918.3767104367414,0.0,-0.11344341933727264,-0.04333022981882095
2020-05-22T04:00:00.000000000,0.0,-2450.600227115154,-897.3173308273156,2450.600227115154,897.3173308273156,0.0,-0.11562256515026093,-0.04233662039041519
2020-05-22T04:15:00.000000000,0.0,-2526.373567785422,-881.289715404113,2526.373567785422,881.289715404113,0.0,-0.11919765174388885,-0.04158041626214981
2020-05-22T04:30:00.000000000,0.0,-2643.766660179297,-870.3721893942355,2643.766660179297,870.3721893942355,0.0,-0.12473641335964203,-0.041065312922000885
2020-05-22T04:45:00.000000000,0.0,-2794.9823542698223,-842.760020220677,2794.9823542698223,842.760020220677,0.0,-0.13187097012996674,-0.03976253420114517
2020-05-22T05:00:00.000000000,0.0,-2900.0025874018665,-767.9076326239109,2900.0025874018665,767.9076326239109,0.0,-0.13682596385478973,-0.0362308993935585
2020-05-22T05:15:00.000000000,0.0,-2919.9590972812966,-684.8854185163974,2919.9590972812966,684.8854185163974,0.0,-0.13776753842830658,-0.03231380134820938
2020-05-22T05:30:00.000000000,0.0,-2908.046714556217,-593.3623906481265,2908.046714556217,593.3623906481265,0.0,-0.13720549643039703,-0.027995623648166656
2020-05-22T05:45:00.000000000,3.6533333333321827,-2882.4236271580057,-505.1302856282393,2886.076960491338,508.78361896157145,0.0001723691064234,-0.13599656522274017,-0.023832716047763824
2020-05-22T06:00:00.000000000,368.22666666666737,-2807.5623963904377,-357.63503982504204,3175.789063057105,725.8617064917094,0.0173734219419582,-0.13246451318264008,-0.016873694956302643
2020-05-22T06:15:00.000000000,917.9580952380943,-2553.154478903611,-19.69707483647391,3471.1125741417054,937.6551700745682,0.0433104789991879,-0.12046121060848236,-0.0009293340845033526
2020-05-22T06:30:00.000000000,1881.1400000000012,-1955.1944290073711,633.9263309435049,3836.3344290073724,1247.2136690564962,0.0887546772419937,-0.09224866330623627,0.029909484088420868
2020-05-22T06:45:00.000000000,2979.900952380962,-909.8097308087348,1672.2964997311433,3889.7106831896967,1307.6044526498185,0.140595674559938,-0.04292602837085724,0.07890116423368454
2020-05-22T07:00:00.000000000,3494.735714285718,634.6222174244125,3041.428259759744,2860.1134968613055,453.3074545259742,0.164886260654442,0.029942316934466362,0.14349861443042755
2020-05-22T07:15:00.000000000,4939.266666666664,2604.448027829329,4643.515826133887,2334.8186388373347,295.75084053277715,0.23304114463152,0.12288130819797516,0.21908722817897797
2020-05-22T07:30:00.000000000,7134.9771428571385,4866.537435479959,6384.263363197644,2268.4397073771797,750.7137796594943,0.336637673667716,0.2296096831560135,0.3012180030345917
2020-05-22T07:45:00.000000000,8471.409999999993,7544.803199922243,8434.54493373394,926.6068000777495,36.86506626605296,0.399692346308407,0.3559738099575043,0.39795300364494324
2020-05-22T08:00:00.000000000,9668.130000000003,9964.89038201332,9816.740109915732,-296.7603820133172,-148.61010991572948,0.456155181264359,0.470156729221344,0.4631668031215668
2020-05-22T08:15:00.000000000,11018.011428571433,11725.329449659983,10199.939966959953,-707.3180210885494,818.0714616114801,0.519844375321058,0.5532165765762329,0.481246680021286
2020-05-22T08:30:00.000000000,12664.146666666662,12783.3301943175,9924.737964987755,-119.18352765083728,2739.408701678907,0.597511216573604,0.6031344532966614,0.46826228499412537
2020-05-22T08:45:00.000000000,13796.141904761895,13381.494900452295,9867.446851293245,414.64700430959965,3928.6950534686493,0.650920251518699,0.6313566565513611,0.4655592143535614
2020-05-22T09:00:00.000000000,12985.117619047614,13972.034266735713,10341.89559791088,-986.9166476880982,2643.222021136735,0.61265505131351,0.6592190861701965,0.4879443347454071
2020-05-22T09:15:00.000000000,12854.320000000002,14536.789473581313,10778.429249715804,-1682.4694735813118,2075.8907502841976,0.606483846372574,0.6858649849891663,0.5085405707359314
2020-05-22T09:30:00.000000000,12496.496190476199,15074.06389550527,10945.974490346907,-2577.5677050290706,1550.5217001292913,0.589601245011811,0.7112143039703369,0.5164455771446228
2020-05-22T09:45:00.000000000,12764.62571428571,15471.723600120544,11185.682531340915,-2707.0978858348335,1578.943182944795,0.602251951149984,0.7299764156341553,0.5277553200721741
2020-05-22T10:00:00.000000000,12559.706666666656,15698.025394179025,11618.09337058703,-3138.318727512369,941.6132960796258,0.592583599016615,0.7406536340713501,0.5481570363044739
2020-05-22T10:15:00.000000000,12763.088571428578,15789.726548773446,12256.774958715438,-3026.637977344868,506.3136127131402,0.602179426713653,0.7449802160263062,0.5782908797264099
2020-05-22T10:30:00.000000000,12457.580000000002,15750.075034208297,13024.402610235213,-3292.4950342082957,-566.822610235211,0.587765127590884,0.743109405040741,0.6145085692405701
2020-05-22T10:45:00.000000000,12357.363333333342,15574.584836266835,13802.839143095016,-3217.221502933493,-1445.475809761674,0.583036772495427,0.7348295450210571,0.6512362360954285
2020-05-22T11:00:00.000000000,12502.980952380958,15349.843230199813,14734.105880371728,-2846.8622778188546,-2231.1249279907697,0.589907204669172,0.7242259383201599,0.6951746344566345
2020-05-22T11:15:00.000000000,12651.853333333343,15094.754388561249,15484.597993497848,-2442.901055227905,-2832.7446601645042,0.596931200821333,0.7121905088424683,0.7305838465690613
2020-05-22T11:30:00.000000000,12865.693333333338,14881.882844330468,16035.380990476608,-2016.1895109971301,-3169.6876571432695,0.607020455306075,0.7021469473838806,0.7565705180168152
2020-05-22T11:45:00.000000000,12922.666190476188,14727.711004571915,16395.954963369368,-1805.044814095727,-3473.28877289318,0.609708510180921,0.6948729157447815,0.7735828757286072
2020-05-22T12:00:00.000000000,12874.127619047624,14606.985300095876,16483.340650612514,-1732.8576810482518,-3609.21303156489,0.607418396079403,0.6891769170761108,0.7777058482170105
2020-05-22T12:15:00.000000000,12885.256666666673,14509.723054377237,16575.83011071841,-1624.4663877105631,-3690.5734440517354,0.607943479289286,0.6845879554748535,0.7820696234703064
2020-05-22T12:30:00.000000000,12825.153333333325,14373.036689914066,16767.85324812889,-1547.8833565807417,-3942.699914795565,0.605107724400671,0.6781389117240906,0.7911295294761658
2020-05-22T12:45:00.000000000,12801.919999999991,14285.65605591138,17175.38698459943,-1483.7360559113895,-4373.4669845994395,0.604011544955624,0.6740161776542664,0.8103575110435486
2020-05-22T13:00:00.000000000,13574.155238095245,14215.098922704059,17370.361214437482,-640.9436846088138,-3796.2059763422367,0.64044662650832,0.670687198638916,0.8195566534996033
2020-05-22T13:15:00.000000000,13308.623333333333,14094.1976181221,17122.23700146039,-785.5742847887668,-3813.613668127058,0.627918479478011,0.6649829149246216,0.8078498244285583
2020-05-22T13:30:00.000000000,11795.806666666664,13925.306952219009,16888.787398773828,-2129.5002855523453,-5092.980732107164,0.556541785039368,0.6570144295692444,0.7968353629112244
2020-05-22T13:45:00.000000000,12196.11095238095,13629.499098968505,16300.691274251936,-1433.3881465875547,-4104.580321870986,0.575428671542849,0.6430578231811523,0.7690882086753845
2020-05-22T14:00:00.000000000,12374.339999999998,13151.401912740072,15913.885930140812,-777.0619127400732,-3539.5459301408137,0.583837754118615,0.6205005645751953,0.7508382201194763
2020-05-22T14:15:00.000000000,12784.86428571429,12682.193376477559,15837.086781657536,102.67090923673095,-3052.222495943246,0.603206833761051,0.5983626842498779,0.7472147345542908
2020-05-22T14:30:00.000000000,13742.522380952376,12075.185499540963,15081.354458176294,1667.3368814114128,-1338.8320772239185,0.648390411352851,0.5697232484817505,0.7115582823753357
2020-05-22T14:45:00.000000000,15130.03333333334,11224.928523359298,14593.64095535596,3905.104809974042,536.3923779773795,0.713855016192631,0.5296069979667664,0.6885473132133484
2020-05-22T15:00:00.000000000,15872.066190476195,10190.408923800785,13896.814255895613,5681.657266675409,1975.2519345805813,0.74886510940136,0.4807969927787781,0.6556701064109802
2020-05-22T15:15:00.000000000,14856.404285714276,9006.390468597412,13211.584743286769,5850.013817116864,1644.8195424275073,0.700944835235624,0.42493343353271484,0.6233400702476501
2020-05-22T15:30:00.000000000,13926.506190476184,7632.094770561854,12947.40133213361,6294.4114199143305,979.1048583425745,0.65707101121891,0.3600923418998718,0.6108755469322205
2020-05-22T15:45:00.000000000,12783.11095238095,6245.846895532608,12260.969148295719,6537.264056848342,522.1418040852313,0.603124109171654,0.29468733072280884,0.5784887671470642
2020-05-22T16:00:00.000000000,11563.253333333329,4748.531006025473,11649.542212578455,6814.722327307855,-86.28887924512674,0.545569610697453,0.22404198348522186,0.5496408343315125
2020-05-22T16:15:00.000000000,10239.534285714293,3259.414946644306,10886.33109321912,6980.119339069987,-646.7968075048266,0.483114792432727,0.15378351509571075,0.5136315226554871
2020-05-22T16:30:00.000000000,8904.044761904765,1777.759049317042,9930.58203757763,7126.285712587723,-1026.5372756728648,0.420104627508384,0.08387702703475952,0.4685380160808563
2020-05-22T16:45:00.000000000,7473.67142857144,346.168724005719,8860.214750208854,7127.502704565721,-1386.543321637414,0.352617718753292,0.016332698985934258,0.41803666949272156
2020-05-22T17:00:00.000000000,6015.310476190485,-992.0052663600444,7665.093062408765,7007.31574255053,-1649.78258621828,0.283810317054908,-0.046804122626781464,0.3616492450237274
2020-05-22T17:15:00.000000000,4665.1066666666675,-2183.6969092853865,6520.690749087334,6848.8035759520535,-1855.5840824206662,0.220105912637801,-0.10302971303462982,0.30765482783317566
2020-05-22T17:30:00.000000000,3353.6280952380866,-3151.3791922688483,5535.394764831861,6505.0072875069345,-2181.766669593774,0.158228616255323,-0.1486862450838089,0.2611672580242157
2020-05-22T17:45:00.000000000,2218.042857142853,-3790.56673609813,4512.080410161813,6008.609593240983,-2294.0375530189604,0.104650200354372,-0.17884396016597748,0.21288593113422394
2020-05-22T18:00:00.000000000,778.6442857142853,-4232.343756533463,3428.721241575082,5010.988042247749,-2650.0769558607967,0.0367374689097537,-0.19968758523464203,0.16177161037921906
2020-05-22T18:15:00.000000000,235.79952380952483,-4685.506359376112,1873.6498139925798,4921.305883185637,-1637.850290183055,0.0111253339089755,-0.2210683971643448,0.08840128034353256
2020-05-22T18:30:00.000000000,14.099999999999326,-4922.059283359051,557.2781480189165,4936.15928335905,-543.1781480189171,0.0006652566789883,-0.23222927749156952,0.02629312127828598
2020-05-22T18:45:00.000000000,0.0,-4807.6918186895045,-175.39752230102815,4807.6918186895045,175.39752230102815,0.0,-0.2268332690000534,-0.008275487460196018
2020-05-22T19:00:00.000000000,0.0,-4351.987435896396,-473.0914778133233,4351.987435896396,473.0914778133233,0.0,-0.20533253252506256,-0.022321082651615143
2020-05-22T19:15:00.000000000,0.0,-3771.6587736137703,-502.1273974859714,3771.6587736137703,502.1273974859714,0.0,-0.1779518574476242,-0.02369103580713272
2020-05-22T19:30:00.000000000,0.0,-3394.267616476218,-543.4540612630049,3394.267616476218,543.4540612630049,0.0,-0.16014604270458221,-0.025640882551670074
2020-05-22T19:45:00.000000000,0.0,-3204.176080230872,-629.222711559534,3204.176080230872,629.222711559534,0.0,-0.1511772722005844,-0.029687561094760895
2020-05-22T20:00:00.000000000,0.0,-3103.7201865426696,-717.1996279362837,3103.7201865426696,717.1996279362837,0.0,-0.1464376300573349,-0.0338384285569191
2020-05-22T20:15:00.000000000,0.0,-3009.3559742267926,-728.1032575349012,3009.3559742267926,728.1032575349012,0.0,-0.14198540151119232,-0.034352876245975494
2020-05-22T20:30:00.000000000,0.0,-2894.680893544356,-604.3380289232731,2894.680893544356,604.3380289232731,0.0,-0.1365748792886734,-0.02851346880197525
2020-05-22T20:45:00.000000000,0.0,-2758.806205829779,-388.67835926969843,2758.806205829779,388.67835926969843,0.0,-0.13016413152217865,-0.018338359892368317
2020-05-22T21:00:00.000000000,0.0,-2602.7431908297535,-187.8676564416786,2602.7431908297535,187.8676564416786,0.0,-0.12280087172985077,-0.008863844908773899
2020-05-22T21:15:00.000000000,0.0,-2477.834034909407,-52.618938888857755,2477.834034909407,52.618938888857755,0.0,-0.11690749228000641,-0.002482631243765354
2020-05-22T21:30:00.000000000,0.0,-2403.2463107816375,53.2274990580976,2403.2463107816375,-53.2274990580976,0.0,-0.11338834464550018,0.0025113439187407494
2020-05-22T21:45:00.000000000,0.0,-2368.0031168611845,154.2165096146365,2368.0031168611845,-154.2165096146365,0.0,-0.11172552406787872,0.007276139222085476
2020-05-22T22:00:00.000000000,0.0,-2375.696675458749,244.3423164962232,2375.696675458749,-244.3423164962232,0.0,-0.11208851635456085,0.011528394185006618
2020-05-22T22:15:00.000000000,0.0,-2405.458366792202,325.2254307522873,2405.458366792202,-325.2254307522873,0.0,-0.11349271237850189,0.01534456666558981
2020-05-22T22:30:00.000000000,0.0,-2476.8341249537466,378.7171590165297,2476.8341249537466,-378.7171590165297,0.0,-0.11686031520366669,0.01786837726831436
2020-05-22T22:45:00.000000000,0.0,-2562.2187289754547,424.94736100316044,2562.2187289754547,-424.94736100316044,0.0,-0.12088887393474579,0.020049579441547394
2020-05-22T23:00:00.000000000,0.0,-2619.107478398482,466.02515268762903,2619.107478398482,-466.02515268762903,0.0,-0.12357296049594879,0.021987684071063995
2020-05-22T23:15:00.000000000,0.0,-2663.1609970577556,483.56163412888844,2663.1609970577556,-483.56163412888844,0.0,-0.12565146386623383,0.022815078496932983
2020-05-22T23:30:00.000000000,0.0,-2714.560664033095,478.561136868,2714.560664033095,-478.561136868,0.0,-0.12807656824588776,0.022579148411750793
2020-05-22T23:45:00.000000000,0.0,-2741.4142154828705,492.0300755679607,2741.4142154828705,-492.0300755679607,0.0,-0.12934355437755585,0.023214630782604218
2020-05-23T00:00:00.000000000,0.0,-2746.514198415279,482.0025515337785,2746.514198415279,-482.0025515337785,0.0,-0.1295841783285141,0.022741518914699554
2020-05-23T00:15:00.000000000,0.0,-2751.398155318101,433.45859707236286,2751.398155318101,-433.45859707236286,0.0,-0.12981460988521576,0.020451150834560394
2020-05-23T00:30:00.000000000,0.0,-2777.3111723876,350.1312935721874,2777.3111723876,-350.1312935721874,0.0,-0.13103722035884857,0.016519658267498016
2020-05-23T00:45:00.000000000,0.0,-2808.53640848875,251.90259587670366,2808.53640848875,-251.90259587670366,0.0,-0.1325104683637619,0.011885098181664944
2020-05-23T01:00:00.000000000,0.0,-2782.8090980060892,174.31830015723904,2782.8090980060892,-174.31830015723904,0.0,-0.13129661977291107,0.008224568329751492
2020-05-23T01:15:00.000000000,0.0,-2732.924771513144,72.288322066317,2732.924771513144,-72.288322066317,0.0,-0.12894301116466522,0.003410658799111843
2020-05-23T01:30:00.000000000,0.0,-2660.7278617771467,-11.848129094820468,2660.7278617771467,11.848129094820468,0.0,-0.12553666532039642,-0.0005590104265138507
2020-05-23T01:45:00.000000000,0.0,-2522.8880951793985,-29.615322545748203,2522.8880951793985,29.615322545748203,0.0,-0.11903320252895355,-0.0013972901506349444
2020-05-23T02:00:00.000000000,0.0,-2350.765882003307,5.339205013532191,2350.765882003307,-5.339205013532191,0.0,-0.1109122484922409,0.00025191076565533876
2020-05-23T02:15:00.000000000,0.0,-2204.4126685436563,43.141231103589135,2204.4126685436563,-43.141231103589135,0.0,-0.10400710999965668,0.0020354604348540306
2020-05-23T02:30:00.000000000,0.0,-2130.1780395929018,69.77180831814805,2130.1780395929018,-69.77180831814805,0.0,-0.10050462186336517,0.003291926346719265
2020-05-23T02:45:00.000000000,0.0,-2126.0647018599507,83.55578497792283,2126.0647018599507,-83.55578497792283,0.0,-0.1003105491399765,0.003942272625863552
2020-05-23T03:00:00.000000000,0.0,-2132.716029613018,86.1645203644534,2132.716029613018,-86.1645203644534,0.0,-0.10062436759471893,0.004065356217324734
2020-05-23T03:15:00.000000000,0.0,-2134.7171128344535,44.73173853779832,2134.7171128344535,-44.73173853779832,0.0,-0.10071878135204315,0.0021105026826262474
2020-05-23T03:30:00.000000000,0.0,-2158.543141594728,-38.38016812044506,2158.543141594728,38.38016812044506,0.0,-0.10184292495250702,-0.0018108271760866046
2020-05-23T03:45:00.000000000,0.0,-2181.3357826813062,-132.30475098386407,2181.3357826813062,132.30475098386407,0.0,-0.10291831195354462,-0.006242313422262669
2020-05-23T04:00:00.000000000,0.0,-2204.653960775534,-206.9107931082944,2204.653960775534,206.9107931082944,0.0,-0.10401849448680878,-0.009762325324118137
2020-05-23T04:15:00.000000000,0.0,-2217.5599369057018,-271.0174648707608,2217.5599369057018,271.0174648707608,0.0,-0.10462741553783417,-0.012786963023245335
2020-05-23T04:30:00.000000000,0.0,-2229.522220380306,-327.84873368357614,2229.522220380306,327.84873368357614,0.0,-0.10519181191921234,-0.015468337573111057
2020-05-23T04:45:00.000000000,0.0,-2224.185998456478,-268.0474227914711,2224.185998456478,268.0474227914711,0.0,-0.10494004189968109,-0.012646832503378391
2020-05-23T05:00:00.000000000,0.0,-2180.064892706076,-133.4935258016487,2180.064892706076,133.4935258016487,0.0,-0.10285834968090057,-0.006298401392996311
2020-05-23T05:15:00.000000000,0.0,-2163.207282537619,-33.026259855013336,2163.207282537619,33.026259855013336,0.0,-0.10206298530101776,-0.0015582226915284991
2020-05-23T05:30:00.000000000,0.0,-2178.1029720981915,57.045222224245464,2178.1029720981915,-57.045222224245464,0.0,-0.10276578366756439,0.00269146915525198
2020-05-23T05:45:00.000000000,0.0,-2141.325488043626,193.37027999465664,2141.325488043626,-193.37027999465664,0.0,-0.10103057324886322,0.009123465977609158
2020-05-23T06:00:00.000000000,312.48857142857224,-2110.090777116616,343.460384512345,2422.5793485451886,-30.97181308377276,0.0147436247695305,-0.09955687820911407,0.016204915940761566
2020-05-23T06:15:00.000000000,830.6933333333327,-1898.438327146371,733.1865016082922,2729.131660479704,97.50683172504046,0.0391932119284454,-0.08957083523273468,0.03459271043539047
2020-05-23T06:30:00.000000000,1539.1485714285718,-1352.8607994945844,1458.3903045165537,2892.009370923156,80.75826691201814,0.0726190685885253,-0.06382976472377777,0.06880878657102585
2020-05-23T06:45:00.000000000,2438.5642857142816,-314.04977495541175,2534.2536225386457,2752.6140606696936,-95.68933682436409,0.115054693490343,-0.014817284420132637,0.11956944316625595
2020-05-23T07:00:00.000000000,3532.3942857142874,1104.0986149096489,3786.2828514997163,2428.2956708046386,-253.8885657854289,0.16666304194267,0.05209283530712128,0.17864184081554413
2020-05-23T07:15:00.000000000,4809.708571428579,3134.213334432443,5549.406137312253,1675.4952369961356,-739.6975658836745,0.226928422065978,0.1478763371706009,0.26182833313941956
2020-05-23T07:30:00.000000000,6230.953333333323,5602.983119270007,7614.809529919624,627.9702140633162,-1383.856196586301,0.293984632727986,0.26435616612434387,0.35927680134773254
2020-05-23T07:45:00.000000000,7646.271428571435,8269.885725059508,9508.205670571326,-623.6142964880737,-1861.9342419998911,0.360761215405305,0.3901841640472412,0.44860973954200745
2020-05-23T08:00:00.000000000,9119.640000000005,10585.538849911689,10580.263266873359,-1465.898849911684,-1460.6232668733537,0.430276696451713,0.4994397461414337,0.4991908371448517
2020-05-23T08:15:00.000000000,10552.950476190475,12278.973844048181,10838.866005595524,-1726.023367857706,-285.9155294050488,0.497902183497788,0.5793382525444031,0.5113920569419861
2020-05-23T08:30:00.000000000,11903.494761904753,13464.162124417622,11100.143803485234,-1560.6673625128697,803.3509584195181,0.561622652032607,0.6352570056915283,0.5237194895744324
2020-05-23T08:45:00.000000000,13216.063809523808,14322.404483833312,11450.424325564702,-1106.3406743095038,1765.6394839591067,0.623551398526361,0.6757500171661377,0.5402461886405945
2020-05-23T09:00:00.000000000,14370.288571428564,14965.041495930353,11803.572561604182,-594.7529245017886,2566.716009824382,0.678009251853372,0.7060704827308655,0.5569081902503967
2020-05-23T09:15:00.000000000,15256.639999999992,15425.075874141055,12318.432072165806,-168.43587414106332,2938.207927834186,0.719828486448265,0.727775514125824,0.5811999440193176
2020-05-23T09:30:00.000000000,13195.028095238102,15676.34320268313,13010.000874929427,-2481.315107445029,185.02722030867517,0.622558905659279,0.7396306395530701,0.6138290762901306
2020-05-23T09:45:00.000000000,12424.31999999999,15717.52711241722,13697.582670971551,-3293.207112417229,-1273.2626709715605,0.586195876729667,0.7415737509727478,0.6462700963020325
2020-05-23T10:00:00.000000000,12994.733333333337,15581.21342443784,14349.680612516402,-2586.480091104502,-1354.947279183065,0.613108733451937,0.7351422905921936,0.6770369410514832
2020-05-23T10:15:00.000000000,12964.8961904762,15347.432834501265,15098.818457199732,-2382.5366440250655,-2133.9222667235317,0.611700977525154,0.7241122126579285,0.7123822569847107
2020-05-23T10:30:00.000000000,12704.653333333325,15081.978533372878,15716.097045367558,-2377.3252000395532,-3011.4437120342336,0.599422374768182,0.7115877270698547,0.7415062785148621
2020-05-23T10:45:00.000000000,12212.28,14866.88482665062,16445.466613378525,-2654.6048266506186,-4233.186613378524,0.576191548629477,0.7014393210411072,0.7759189009666443
2020-05-23T11:00:00.000000000,12487.858095238083,14645.532681620914,17225.267521162034,-2157.674586382831,-4737.40942592395,0.589193688235152,0.6909956336021423,0.8127109408378601
2020-05-23T11:15:00.000000000,12732.553333333337,14436.00764588356,17825.900735260646,-1703.4543125502223,-5093.347401927309,0.600738733728734,0.6811099648475647,0.8410496115684509
2020-05-23T11:30:00.000000000,12847.410476190467,14314.454473282494,18495.424776525495,-1467.043997092027,-5648.014300335028,0.606157845885842,0.6753749251365662,0.8726386427879333
2020-05-23T11:45:00.000000000,12878.31333333334,14226.277953907647,18826.48782514254,-1347.9646205743065,-5948.174491809199,0.607615883624432,0.6712146401405334,0.8882586359977722
2020-05-23T12:00:00.000000000,12813.176666666677,14243.208836062748,18691.581464630763,-1430.0321693960705,-5878.404797964085,0.604542649401238,0.6720134615898132,0.8818935751914978
2020-05-23T12:15:00.000000000,12727.67190476191,14310.08973683675,18691.95035118421,-1582.4178320748397,-5964.278446422299,0.600508421462057,0.6751689910888672,0.8819109797477722
2020-05-23T12:30:00.000000000,13367.746666666657,14407.581904996236,18568.797827978135,-1039.8352383295787,-5201.051161311478,0.630707996668369,0.6797688007354736,0.876100480556488
2020-05-23T12:45:00.000000000,13360.105238095244,14450.841433248519,18395.59801127434,-1090.7361951532748,-5035.492773179094,0.63034746394538,0.6818098425865173,0.867928683757782
2020-05-23T13:00:00.000000000,12262.020000000002,14485.351275647481,18487.60236029625,-2223.331275647479,-6225.582360296246,0.578538347722589,0.6834380626678467,0.8722695708274841
2020-05-23T13:15:00.000000000,13678.993333333337,14506.00007946968,18547.72581526756,-827.0067461363433,-4868.732481934223,0.645393026726019,0.6844123005867004,0.8751062750816345
2020-05-23T13:30:00.000000000,14127.809523809521,14528.767454353967,18499.260186033247,-400.95793054444584,-4371.450662223726,0.666568769162358,0.6854864954948425,0.8728196024894714
2020-05-23T13:45:00.000000000,13787.259999999998,14480.991592442193,18564.957365229922,-693.7315924421946,-4777.697365229924,0.650501191485721,0.6832323670387268,0.8759192824363708
2020-05-23T14:00:00.000000000,12771.946666666663,14341.957997786203,18348.527076406477,-1570.01133111954,-5576.580409739814,0.602597363381756,0.6766725778579712,0.8657078146934509
2020-05-23T14:15:00.000000000,13294.57047619047,13921.240356960296,17686.294861122766,-626.6698807698249,-4391.724384932295,0.627255447061475,0.6568225622177124,0.8344628214836121
2020-05-23T14:30:00.000000000,14374.414761904767,13263.657122898101,16733.9055787309,1110.757639006666,-2359.4908168261336,0.678203930986214,0.625796914100647,0.7895278334617615
2020-05-23T14:45:00.000000000,15014.742857142863,12344.38551515897,15969.30481824557,2670.357341983892,-954.5619611027068,0.708415458794797,0.5824244618415833,0.7534529566764832
2020-05-23T15:00:00.000000000,15510.77333333334,11156.483644663493,15546.874128904341,4354.289688669847,-36.10079557100107,0.731818833778306,0.5263776779174805,0.7335221171379089
2020-05-23T15:15:00.000000000,14523.606666666661,9726.169617873828,14783.476039648054,4797.437048792834,-259.8693729813931,0.685243002694997,0.4588935673236847,0.6975039839744568
2020-05-23T15:30:00.000000000,13541.64666666667,8206.644420725504,13645.430702823001,5335.002245941165,-103.78403615633215,0.638912829042559,0.38720035552978516,0.6438094973564148
2020-05-23T15:45:00.000000000,12455.348571428578,6567.269624665578,12653.929339284896,5888.078946763,-198.58076785631783,0.587659845834797,0.3098524808883667,0.5970291495323181
2020-05-23T16:00:00.000000000,10972.588095238088,4886.346769731044,12060.365608587264,6086.241325507044,-1087.777513349176,0.517701242279787,0.230544313788414,0.5690240263938904
2020-05-23T16:15:00.000000000,9792.950476190468,3161.1006794277823,11334.932514893213,6631.849796762686,-1541.9820387027448,0.462044376687069,0.14914491772651672,0.5347971320152283
2020-05-23T16:30:00.000000000,8560.89999999999,1557.825285718441,10339.224960328736,7003.07471428155,-1778.3249603287459,0.403914603060369,0.07350026071071625,0.48781833052635193
2020-05-23T16:45:00.000000000,7446.186666666656,122.84360440462827,9149.891759473483,7323.343062262027,-1703.7050928068275,0.35132095127616,0.0057959239929914474,0.43170401453971863
2020-05-23T17:00:00.000000000,6008.685714285708,-1172.9856521455447,8000.913736917178,7181.671366431253,-1992.2280226314697,0.283497752012081,-0.05534301698207855,0.3774937093257904
2020-05-23T17:15:00.000000000,4623.875714285705,-2283.101097303231,7029.466158137321,6906.9768115889365,-2405.5904438516163,0.218160581683724,-0.10771973431110382,0.3316595256328583
2020-05-23T17:30:00.000000000,3336.122380952384,-3255.810722887516,5925.9091874392825,6591.9331038399,-2589.7868064868985,0.157402673464612,-0.15361346304416656,0.27959224581718445
2020-05-23T17:45:00.000000000,2248.7604761904818,-4038.805910295645,4764.032452785968,6287.566386486127,-2515.2719765954866,0.106099498314234,-0.19055621325969696,0.2247733622789383
2020-05-23T18:00:00.000000000,1362.1666666666677,-4569.384788612524,3706.012758476734,5931.551455279192,-2343.8460918100664,0.064268827864913,-0.21558962762355804,0.1748545914888382
2020-05-23T18:15:00.000000000,600.8461904761903,-4839.044649112224,2670.6189483189582,5439.890839588414,-2069.772757842768,0.0283487192382256,-0.22831253707408905,0.12600333988666534
2020-05-23T18:30:00.000000000,57.0328571428566,-4849.940698850154,1566.6326100957392,4906.97355599301,-1509.5997529528827,0.0026908857543314,-0.2288266271352768,0.07391580194234848
2020-05-23T18:45:00.000000000,0.0,-4708.8175892647105,574.8128924087683,4708.8175892647105,-574.8128924087683,0.0,-0.22216825187206268,0.027120433747768402
2020-05-23T19:00:00.000000000,0.0,-4422.51614462614,26.04864772122974,4422.51614462614,-26.04864772122974,0.0,-0.20866017043590546,0.0012290097074583173
2020-05-23T19:15:00.000000000,0.0,-4001.721441883246,-214.38706236615775,4001.721441883246,214.38706236615775,0.0,-0.18880651891231537,-0.010115065611898899
2020-05-23T19:30:00.000000000,0.0,-3576.991528133551,-285.2044374570747,3576.991528133551,285.2044374570747,0.0,-0.16876719892024994,-0.013456323184072971
2020-05-23T19:45:00.000000000,0.0,-3264.1580444693564,-357.88643853783606,3264.1580444693564,357.88643853783606,0.0,-0.15400730073451996,-0.016885556280612946
2020-05-23T20:00:00.000000000,0.0,-3105.6151517144835,-417.3656053507328,3105.6151517144835,417.3656053507328,0.0,-0.14652703702449799,-0.019691862165927887
2020-05-23T20:15:00.000000000,0.0,-3007.4407960931458,-453.21455647110935,3007.4407960931458,453.21455647110935,0.0,-0.14189504086971283,-0.021383263170719147
2020-05-23T20:30:00.000000000,0.0,-2934.8952127655343,-476.3495545987288,2934.8952127655343,476.3495545987288,0.0,-0.13847224414348602,-0.022474803030490875
2020-05-23T20:45:00.000000000,0.0,-2843.504832459291,-446.8373670128981,2843.504832459291,446.8373670128981,0.0,-0.13416032493114471,-0.021082378923892975
2020-05-23T21:00:00.000000000,0.0,-2707.3939057532943,-380.8508897999922,2707.3939057532943,380.8508897999922,0.0,-0.12773843109607697,-0.017969049513339996
2020-05-23T21:15:00.000000000,0.0,-2571.25708118995,-258.4967983255287,2571.25708118995,258.4967983255287,0.0,-0.12131531536579132,-0.012196221388876438
2020-05-23T21:30:00.000000000,0.0,-2461.254984621207,-113.37404891744255,2461.254984621207,113.37404891744255,0.0,-0.11612527072429657,-0.00534913782030344
2020-05-23T21:45:00.000000000,0.0,-2378.6035520323117,19.608292757291345,2378.6035520323117,-19.608292757291345,0.0,-0.11222566664218903,0.0009251452283933759
2020-05-23T22:00:00.000000000,0.0,-2331.5597783319154,131.72043057744702,2331.5597783319154,-131.72043057744702,0.0,-0.11000607907772064,0.006214744411408901
2020-05-23T22:15:00.000000000,0.0,-2313.5456077535946,235.4170305369794,2313.5456077535946,-235.4170305369794,0.0,-0.10915614664554596,0.011107287369668484
2020-05-23T22:30:00.000000000,0.0,-2325.885620952447,322.61859033092855,2325.885620952447,-322.61859033092855,0.0,-0.10973836481571198,0.01522157248109579
2020-05-23T22:45:00.000000000,0.0,-2378.1582352169353,382.22916113495825,2378.1582352169353,-382.22916113495825,0.0,-0.1122046560049057,0.018034078180789948
2020-05-23T23:00:00.000000000,0.0,-2462.4361795783043,423.52408424536384,2462.4361795783043,-423.52408424536384,0.0,-0.11618100106716156,0.01998242735862732
2020-05-23T23:15:00.000000000,0.0,-2512.985007191499,467.98786286433534,2512.985007191499,-467.98786286433534,0.0,-0.11856596171855927,0.02208028733730316
2020-05-23T23:30:00.000000000,0.0,-2520.4518016235033,498.5756010989348,2520.4518016235033,-498.5756010989348,0.0,-0.11891825497150421,0.02352345734834671
2020-05-23T23:45:00.000000000,0.0,-2532.177214451631,492.2075706390539,2532.177214451631,-492.2075706390539,0.0,-0.119471475481987,0.02322300523519516
2020-05-24T00:00:00.000000000,0.0,-2570.662693781058,460.9775971249739,2570.662693781058,-460.9775971249739,0.0,-0.1212872713804245,0.021749533712863922
2020-05-24T00:15:00.000000000,0.0,-2631.118399312496,396.9464081418514,2631.118399312496,-396.9464081418514,0.0,-0.12413965165615082,0.018728457391262054
2020-05-24T00:30:00.000000000,0.0,-2686.091338946819,301.38518975322444,2686.091338946819,-301.38518975322444,0.0,-0.12673334777355194,0.014219752512872219
2020-05-24T00:45:00.000000000,0.0,-2742.090086394151,187.68033123875657,2742.090086394151,-187.68033123875657,0.0,-0.12937544286251068,0.008855006657540798
2020-05-24T01:00:00.000000000,0.0,-2757.3129732743896,105.36430748527248,2757.3129732743896,-105.36430748527248,0.0,-0.13009367883205414,0.0049712276086211205
2020-05-24T01:15:00.000000000,0.0,-2699.714875222047,46.88947221343716,2699.714875222047,-46.88947221343716,0.0,-0.12737612426280975,0.0022123074159026146
2020-05-24T01:30:00.000000000,0.0,-2591.1068413647013,-5.20059127209708,2591.1068413647013,5.20059127209708,0.0,-0.12225185334682465,-0.0002453707857057452
2020-05-24T01:45:00.000000000,0.0,-2441.858121122519,-46.0699392550687,2441.858121122519,46.0699392550687,0.0,-0.11521010100841522,-0.002173640765249729
2020-05-24T02:00:00.000000000,0.0,-2240.7189379254974,5.35310142479216,2240.7189379254974,-5.35310142479216,0.0,-0.10572008788585663,0.00025256641674786806
2020-05-24T02:15:00.000000000,0.0,-2042.1089015777904,150.92685007636746,2042.1089015777904,-150.92685007636746,0.0,-0.09634940326213837,0.007120928727090359
2020-05-24T02:30:00.000000000,0.0,-1924.2445945111908,318.80434126759565,1924.2445945111908,-318.80434126759565,0.0,-0.09078840911388397,0.015041611157357693
2020-05-24T02:45:00.000000000,0.0,-1850.3245297789572,505.8007874715328,1850.3245297789572,-505.8007874715328,0.0,-0.08730076253414154,0.023864351212978363
2020-05-24T03:00:00.000000000,0.0,-1817.3066566252708,685.8186888635158,1817.3066566252708,-685.8186888635158,0.0,-0.08574293553829193,0.0323578342795372
2020-05-24T03:15:00.000000000,0.0,-1788.2909499144553,836.3206127393245,1788.2909499144553,-836.3206127393245,0.0,-0.08437393605709076,0.03945871442556381
2020-05-24T03:30:00.000000000,0.0,-1781.6345689209302,986.3980644166469,1781.6345689209302,-986.3980644166469,0.0,-0.08405987918376923,0.04653956741094589
2020-05-24T03:45:00.000000000,0.0,-1874.8188495898246,1084.7177007011571,1874.8188495898246,-1084.7177007011571,0.0,-0.08845643699169159,0.05117841809988022
2020-05-24T04:00:00.000000000,0.0,-1979.3994508020082,1106.5855987838904,1979.3994508020082,-1106.5855987838904,0.0,-0.09339068830013275,0.05221017450094223
2020-05-24T04:15:00.000000000,0.0,-2039.919585149288,1077.9324620759487,2039.919585149288,-1077.9324620759487,0.0,-0.09624610841274261,0.050858281552791595
2020-05-24T04:30:00.000000000,0.0,-2002.4043279878297,1072.641719316244,2002.4043279878297,-1072.641719316244,0.0,-0.09447608888149261,0.05060865730047226
2020-05-24T04:45:00.000000000,0.0,-1857.7654263536135,1129.802712068955,1857.7654263536135,-1129.802712068955,0.0,-0.08765183389186859,0.05330558866262436
2020-05-24T05:00:00.000000000,0.0,-1722.1427690068879,1264.4791501398881,1722.1427690068879,-1264.4791501398881,0.0,-0.08125297725200653,0.05965980142354965
2020-05-24T05:15:00.000000000,0.0,-1564.7520150764783,1475.4746788505713,1564.7520150764783,-1475.4746788505713,0.0,-0.07382707297801971,0.06961484998464584
2020-05-24T05:30:00.000000000,0.0,-1380.1647210001945,1733.5695669066904,1380.1647210001945,-1733.5695669066904,0.0,-0.06511799991130829,0.08179210871458054
2020-05-24T05:45:00.000000000,0.0,-1208.7903874119122,1963.1843917405604,1208.7903874119122,-1963.1843917405604,0.0,-0.05703233182430267,0.09262564033269882
2020-05-24T06:00:00.000000000,252.25809523809494,-1037.7129317005474,2147.4609115286667,1289.9710269386424,-1895.2028162905717,0.0119018711124835,-0.048960670828819275,0.1013200506567955
2020-05-24T06:15:00.000000000,832.7733333333334,-709.5504431064924,2574.4906813418866,1542.323776439826,-1741.717348008553,0.0392913490839274,-0.033477529883384705,0.12146788090467453
2020-05-24T06:30:00.000000000,1659.7752380952372,-53.45795445789893,3360.2233038544655,1713.2331925531362,-1700.4480657592283,0.0783103945221493,-0.002522217109799385,0.1585397869348526
2020-05-24T06:45:00.000000000,2584.933333333331,994.8431346186002,4441.87795126915,1590.0901987147308,-1856.9446179358188,0.121960579059544,0.04693801701068878,0.2095736861228943
2020-05-24T07:00:00.000000000,3495.963809523799,2406.820846750736,5713.162079254786,1089.1429627730627,-2217.198269730987,0.164944203814695,0.11355699598789215,0.2695545554161072
2020-05-24T07:15:00.000000000,4573.213809523819,4230.989488090674,7269.56519361178,342.2243214331447,-2696.3513840879614,0.215770285902652,0.1996236890554428,0.34298771619796753
2020-05-24T07:30:00.000000000,5993.36666666667,6250.651263898213,8804.62405192852,-257.28459723154265,-2811.25738526185,0.282774979051492,0.29491400718688965,0.41541382670402527
2020-05-24T07:45:00.000000000,7596.593333333339,8344.870128563245,10250.519114015897,-748.2767952299064,-2653.925780682558,0.358417337060868,0.3937220275402069,0.4836330711841583
2020-05-24T08:00:00.000000000,9199.762857142845,10267.235865106582,11343.621561861037,-1067.4730079637375,-2143.858704718192,0.434056998994543,0.4844217896461487,0.5352070927619934
2020-05-24T08:15:00.000000000,10670.965714285723,11792.57923698743,11842.927198292413,-1121.6135227017076,-1171.9614840066897,0.50347029877192,0.5563895106315613,0.5587649941444397
2020-05-24T08:30:00.000000000,12011.170952380948,12899.5875709184,12045.587406867344,-888.4166185374525,-34.416454486396105,0.566702957343409,0.6086196303367615,0.5683267712593079
2020-05-24T08:45:00.000000000,13275.366666666665,13642.015975583394,11999.815154797236,-366.64930891672884,1275.5515118694293,0.626349385887877,0.6436483860015869,0.5661671757698059
2020-05-24T09:00:00.000000000,14532.946666666663,14235.860161126453,12078.845308942795,297.08650554021006,2454.101357723868,0.685683676268171,0.6716667413711548,0.5698959231376648
2020-05-24T09:15:00.000000000,15767.413333333327,14731.842028646468,12415.749903529484,1035.5713046868586,3351.6634298038425,0.743927448962388,0.695067822933197,0.5857915282249451
2020-05-24T09:30:00.000000000,14688.03285714285,15167.873514680861,12846.558865550358,-479.8406575380104,1841.473991592493,0.693000848185415,0.7156403660774231,0.6061176657676697
2020-05-24T09:45:00.000000000,14305.613809523815,15464.75644483884,13295.084488617578,-1159.1426353150255,1010.5293209062365,0.674957810908754,0.729647696018219,0.6272796988487244
2020-05-24T10:00:00.000000000,13620.239999999996,15570.925026865005,13856.282214180628,-1950.6850268650087,-236.04221418063207,0.642620966625818,0.7346568703651428,0.6537577509880066
2020-05-24T10:15:00.000000000,13316.65333333333,15535.653408466975,14326.572143901189,-2219.0000751336447,-1009.9188105678586,0.628297345515761,0.7329927086830139,0.6759466528892517
2020-05-24T10:30:00.000000000,11444.566666666666,15380.036341937383,15069.206468114851,-3935.469675270717,-3624.6398014481856,0.539969816533846,0.7256504893302917,0.7109851241111755
2020-05-24T10:45:00.000000000,11811.561428571438,15140.967535861333,15746.487233482996,-3329.406107289895,-3934.925804911558,0.557285115577171,0.7143709063529968,0.7429401278495789
2020-05-24T11:00:00.000000000,12767.568095238084,14884.828883517583,16481.425472478866,-2117.2607882794982,-3713.8573772407817,0.602390776581239,0.7022859454154968,0.777615487575531
2020-05-24T11:15:00.000000000,10237.779999999999,14665.024293378194,17344.70591263135,-4427.244293378195,-7106.925912631352,0.483032022908735,0.6919152736663818,0.8183462023735046
2020-05-24T11:30:00.000000000,9841.491428571422,14478.449812491734,17846.79588455518,-4636.9583839203115,-8005.304455983758,0.464334603125075,0.6831124424934387,0.8420354723930359
2020-05-24T11:45:00.000000000,9953.2,14386.660226189295,18041.653889862697,-4433.460226189294,-8088.453889862696,0.469605161511111,0.6787816882133484,0.8512291312217712
2020-05-24T12:00:00.000000000,9972.220000000003,14386.041204233168,18053.811986405053,-4413.821204233165,-8081.59198640505,0.470502550307874,0.6787524819374084,0.8518027663230896
2020-05-24T12:15:00.000000000,10834.233333333335,14447.455762141544,18172.755160309473,-3613.222428808209,-7338.521826976137,0.511173481327519,0.6816501021385193,0.8574146628379822
2020-05-24T12:30:00.000000000,10942.450952380956,14539.179656318027,18475.045057757696,-3596.7287039370713,-7532.59410537674,0.516279331955579,0.6859777569770813,0.8716771006584167
2020-05-24T12:45:00.000000000,10821.66,14620.599993200301,18800.054324305853,-3798.9399932003016,-7978.394324305853,0.510580254804317,0.6898192763328552,0.8870114684104919
2020-05-24T13:00:00.000000000,11060.380000000006,14681.605238631566,18393.15729613304,-3621.2252386315595,-7332.777296133032,0.521843380648863,0.6926975846290588,0.8678135275840759
2020-05-24T13:15:00.000000000,11624.798571428571,14711.909521659214,18232.73712454796,-3087.1109502306426,-6607.9385531193875,0.548473396562899,0.6941273808479309,0.8602446913719177
2020-05-24T13:30:00.000000000,11846.633809523815,14625.28561041514,18174.099322271344,-2778.6518008913245,-6327.465512747529,0.558939876972674,0.6900403499603271,0.8574780821800232
2020-05-24T13:45:00.000000000,12139.844285714287,14416.977142318088,17792.604933881757,-2277.132856603801,-5652.76064816747,0.572773935670196,0.6802120804786682,0.8394786715507507
2020-05-24T14:00:00.000000000,12454.586666666666,14129.820436731974,17678.5229772981,-1675.233770065308,-5223.936310631434,0.587623898158796,0.666663646697998,0.8340961337089539
2020-05-24T14:15:00.000000000,12737.953333333335,13744.486848904291,17044.775878477096,-1006.5335155709563,-4306.822545143761,0.600993512882389,0.6484830975532532,0.8041951060295105
2020-05-24T14:30:00.000000000,13827.324285714296,13062.11494377454,16448.2964280351,765.2093419397552,-2620.972142320805,0.652391477560922,0.616287887096405,0.7760524153709412
2020-05-24T14:45:00.000000000,14126.843809523807,12123.709241040548,15903.06188907941,2003.1345684832595,-1776.2180795556033,0.666523205483027,0.5720126628875732,0.7503275275230408
2020-05-24T15:00:00.000000000,16127.507619047621,11015.888598705928,15058.675515000024,5111.619020341694,1068.8321040475967,0.760917174397634,0.5197442173957825,0.7104882597923279
2020-05-24T15:15:00.000000000,15019.2,9711.368044916788,14698.82415549278,5307.831955083213,320.3758445072199,0.708625752699401,0.45819520950317383,0.6935099959373474
2020-05-24T15:30:00.000000000,13904.126666666674,8278.632884292601,14014.433480799991,5625.493782374073,-110.30681413331695,0.656015115638282,0.390596866607666,0.6612195372581482
2020-05-24T15:45:00.000000000,12651.286190476181,6671.800956783294,12933.00970330874,5979.485233692887,-281.7235128325592,0.596904442270009,0.3147844076156616,0.6101965308189392
2020-05-24T16:00:00.000000000,11414.18666666666,4944.162788778146,11754.321153478622,6470.023877888513,-340.13448681196314,0.538536447887912,0.23327215015888214,0.5545844435691833
2020-05-24T16:15:00.000000000,10114.771904761901,3227.9206254887577,10775.144643417994,6886.8512792731435,-660.3727386560931,0.477228338020311,0.15229757130146027,0.5083855986595154
2020-05-24T16:30:00.000000000,8793.273333333329,1563.9318109846115,9975.442179745038,7229.341522348717,-1182.1688464117087,0.414878284763829,0.07378837466239929,0.47065457701683044
2020-05-24T16:45:00.000000000,7271.121428571419,108.84581250796715,9168.48768435955,7162.275616063452,-1897.3662557881316,0.343061141424987,0.0051354896277189255,0.4325813949108124
2020-05-24T17:00:00.000000000,5576.665238095231,-1235.8239605530102,8291.46243016084,6812.489198648242,-2714.797192065609,0.26311445362588,-0.05830781161785126,0.3912021815776825
2020-05-24T17:15:00.000000000,4233.003333333336,-2410.752267827193,7310.643616951306,6643.755601160528,-3077.6402836179705,0.199718704941835,-0.11374248564243317,0.3449258506298065
2020-05-24T17:30:00.000000000,3085.905714285719,-3375.007822124958,6381.736742968559,6460.913536410677,-3295.83102868284,0.145597119656513,-0.159237340092659,0.3010987937450409
2020-05-24T17:45:00.000000000,2097.506666666666,-3897.790182069937,5477.024784299532,5995.296848736603,-3379.518117632866,0.0989631432072732,-0.18390290439128876,0.25841328501701355
2020-05-24T18:00:00.000000000,1264.093333333333,-4303.349364831447,4376.499442048867,5567.44269816478,-3112.406108715534,0.0596415980755052,-0.20303772389888763,0.20648904144763947
2020-05-24T18:15:00.000000000,674.7090476190466,-4601.2732625238095,3252.41620860974,5275.9823101428565,-2577.7071609906934,0.0318336666881154,-0.21709416806697845,0.1534533053636551
2020-05-24T18:30:00.000000000,244.03952380952288,-4839.827901383241,2053.8256291488806,5083.867425192763,-1809.7861053393576,0.0115141080249232,-0.2283494919538498,0.09690221399068832
2020-05-24T18:45:00.000000000,0.0,-4844.058726956844,998.592796952327,4844.058726956844,-998.592796952327,0.0,-0.22854910790920258,0.04711493104696274
2020-05-24T19:00:00.000000000,0.0,-4525.741214085419,234.79548196062444,4525.741214085419,-234.79548196062444,0.0,-0.21353046596050262,0.011077961884438992
2020-05-24T19:15:00.000000000,0.0,-4116.863315653006,-156.728325428317,4116.863315653006,156.728325428317,0.0,-0.1942390650510788,-0.0073946500197052956
2020-05-24T19:30:00.000000000,0.0,-3736.85710657835,-376.40151157657306,3736.85710657835,376.40151157657306,0.0,-0.17630986869335175,-0.01775912195444107
2020-05-24T19:45:00.000000000,0.0,-3523.2970583351453,-578.7319962116082,3523.2970583351453,578.7319962116082,0.0,-0.1662338227033615,-0.027305342257022858
2020-05-24T20:00:00.000000000,0.0,-3370.4327445451418,-685.1090244066714,3370.4327445451418,685.1090244066714,0.0,-0.15902148187160492,-0.032324351370334625
2020-05-24T20:15:00.000000000,0.0,-3216.9430922484394,-686.9142945603529,3216.9430922484394,686.9142945603529,0.0,-0.1517796367406845,-0.03240952640771866
2020-05-24T20:30:00.000000000,0.0,-3027.9228429802256,-581.8902714979648,3027.9228429802256,581.8902714979648,0.0,-0.14286141097545624,-0.027454353868961334
2020-05-24T20:45:00.000000000,0.0,-2828.6773616449036,-433.81895628253613,2828.6773616449036,433.81895628253613,0.0,-0.13346074521541595,-0.020468153059482574
2020-05-24T21:00:00.000000000,0.0,-2665.375579688549,-304.0492344357073,2665.375579688549,304.0492344357073,0.0,-0.12575595080852509,-0.014345445670187473
2020-05-24T21:15:00.000000000,0.0,-2524.4293335191405,-172.6258199097216,2524.4293335191405,172.6258199097216,0.0,-0.11910592019557953,-0.008144714869558811
2020-05-24T21:30:00.000000000,0.0,-2423.288725748857,-51.68977429961164,2423.288725748857,51.68977429961164,0.0,-0.11433397233486176,-0.0024387920275330544
2020-05-24T21:45:00.000000000,0.0,-2349.3440264693895,60.59007040565212,2349.3440264693895,-60.59007040565212,0.0,-0.1108451634645462,0.002858719788491726
2020-05-24T22:00:00.000000000,0.0,-2303.968453775247,168.35294979636868,2303.968453775247,-168.35294979636868,0.0,-0.10870428383350372,0.007943115197122097
2020-05-24T22:15:00.000000000,0.0,-2277.596223479112,272.69857532724734,2277.596223479112,-272.69857532724734,0.0,-0.10746000707149506,0.012866280041635036
2020-05-24T22:30:00.000000000,0.0,-2278.2114555048943,355.8313488090038,2278.2114555048943,-355.8313488090038,0.0,-0.10748903453350067,0.01678859442472458
2020-05-24T22:45:00.000000000,0.0,-2316.4063735079762,419.09049739837644,2316.4063735079762,-419.09049739837644,0.0,-0.10929112136363983,0.019773244857788086
2020-05-24T23:00:00.000000000,0.0,-2385.8783233269055,463.66023615320523,2385.8783233269055,-463.66023615320523,0.0,-0.11256889998912811,0.021876104176044464
2020-05-24T23:15:00.000000000,0.0,-2442.729173446496,482.2732157258192,2442.729173446496,-482.2732157258192,0.0,-0.11525119841098785,0.022754289209842682
2020-05-24T23:30:00.000000000,0.0,-2496.585978594621,486.54478305061656,2496.585978594621,-486.54478305061656,0.0,-0.11779223382472992,0.02295582741498947
2020-05-24T23:45:00.000000000,0.0,-2536.6190128143626,482.51387630263963,2536.6190128143626,-482.51387630263963,0.0,-0.11968104541301727,0.022765643894672394
2020-05-25T00:00:00.000000000,0.0,-2576.406333216826,470.79983326554293,2576.406333216826,-470.79983326554293,0.0,-0.12155826389789581,0.022212959825992584
2020-05-25T00:15:00.000000000,0.0,-2605.5970083785055,452.3299235634009,2605.5970083785055,-452.3299235634009,0.0,-0.12293551862239838,0.02134152501821518
2020-05-25T00:30:00.000000000,0.0,-2620.5356504829724,413.97709179600076,2620.5356504829724,-413.97709179600076,0.0,-0.12364034354686737,0.019531987607479095
2020-05-25T00:45:00.000000000,0.0,-2609.963008134365,374.9761819398403,2609.963008134365,-374.9761819398403,0.0,-0.12314151227474213,0.017691873013973236
2020-05-25T01:00:00.000000000,0.0,-2577.2041135541594,328.53561907991764,2577.2041135541594,-328.53561907991764,0.0,-0.12159590423107147,0.015500745736062527
2020-05-25T01:15:00.000000000,0.0,-2540.9698528488475,272.27599809393286,2540.9698528488475,-272.27599809393286,0.0,-0.11988632380962372,0.012846342287957668
2020-05-25T01:30:00.000000000,0.0,-2502.1003272445996,204.70722496256232,2502.1003272445996,-204.70722496256232,0.0,-0.1180524080991745,0.009658358059823513
2020-05-25T01:45:00.000000000,0.0,-2457.8491005523997,116.47133001233139,2457.8491005523997,-116.47133001233139,0.0,-0.11596457660198212,0.005495271645486355
2020-05-25T02:00:00.000000000,0.0,-2399.068544232845,39.78588190676644,2399.068544232845,-39.78588190676644,0.0,-0.11319123208522797,0.001877150614745915
2020-05-25T02:15:00.000000000,0.0,-2309.3571030688286,-0.9836621097537378,2309.3571030688286,0.9836621097537378,0.0,-0.10895852744579315,-4.6410481445491314e-05
2020-05-25T02:30:00.000000000,0.0,-2220.335429227352,-24.856433344266065,2220.335429227352,24.856433344266065,0.0,-0.1047583669424057,-0.001172759453766048
2020-05-25T02:45:00.000000000,0.0,-2143.584286528428,-16.269714495719718,2143.584286528428,16.269714495719718,0.0,-0.10113714635372162,-0.0007676266832277179
2020-05-25T03:00:00.000000000,0.0,-2066.3126600623127,76.32712450250983,2066.3126600623127,-76.32712450250983,0.0,-0.09749136865139008,0.003601214848458767
2020-05-25T03:15:00.000000000,0.0,-2006.6023074984548,190.18673850600916,2006.6023074984548,-190.18673850600916,0.0,-0.09467415511608124,0.008973262272775173
2020-05-25T03:30:00.000000000,0.0,-1956.8860012507437,321.5191947037478,1956.8860012507437,-321.5191947037478,0.0,-0.09232847392559052,0.015169701538980007
2020-05-25T03:45:00.000000000,0.0,-1919.3783239499726,499.1734626106421,1919.3783239499726,-499.1734626106421,0.0,-0.09055881202220917,0.023551665246486664
2020-05-25T04:00:00.000000000,0.0,-1908.3332036185263,700.4642430214087,1908.3332036185263,-700.4642430214087,0.0,-0.09003768861293793,0.033048830926418304
2020-05-25T04:15:00.000000000,0.0,-1899.0263980046907,872.4891813186804,1899.0263980046907,-872.4891813186804,0.0,-0.08959858119487762,0.041165195405483246
2020-05-25T04:30:00.000000000,0.0,-1896.9747823786734,1012.738080304861,1896.9747823786734,-1012.738080304861,0.0,-0.08950178325176239,0.04778232425451279
2020-05-25T04:45:00.000000000,0.0,-1865.633321746985,1165.0970700490475,1865.633321746985,-1165.0970700490475,0.0,-0.08802305161952972,0.05497082322835922
2020-05-25T05:00:00.000000000,0.0,-1770.5654456973075,1335.2182000037033,1770.5654456973075,-1335.2182000037033,0.0,-0.08353762328624725,0.06299736350774765
2020-05-25T05:15:00.000000000,0.0,-1646.469229835669,1524.6629214704035,1646.469229835669,-1524.6629214704035,0.0,-0.07768259942531586,0.07193561643362045
2020-05-25T05:30:00.000000000,0.0,-1447.1555297541618,1824.1356373631952,1447.1555297541618,-1824.1356373631952,0.0,-0.0682787150144577,0.0860651358962059
2020-05-25T05:45:00.000000000,0.0,-1225.4597643733023,2176.1317345782118,1225.4597643733023,-2176.1317345782118,0.0,-0.05781881511211395,0.10267277806997299
2020-05-25T06:00:00.000000000,291.2876190476187,-1008.2639096204439,2509.0771152659254,1299.5515286680625,-2217.789496218307,0.0137433357502154,-0.047571226954460144,0.11838158220052719
2020-05-25T06:15:00.000000000,946.8542857142864,-680.4753608202934,2961.675492228667,1627.3296465345798,-2014.8212065143803,0.0446738395461103,-0.03210572898387909,0.13973577320575714
2020-05-25T06:30:00.000000000,2020.8719047619054,9.868623308837414,3805.8458402784663,2011.003281453068,-1784.973935516561,0.0953474136186333,0.0004656147211790085,0.17956484854221344
2020-05-25T06:45:00.000000000,2623.7133333333386,1259.7977965966859,5081.224040517806,1363.9155367366527,-2457.5107071844677,0.123790270833386,0.059438928961753845,0.23973888158798218
2020-05-25T07:00:00.000000000,3539.4200000000087,2861.217071920236,6404.921641845703,678.2029280797728,-2865.501641845694,0.166994524449992,0.13499601185321808,0.30219268798828125
2020-05-25T07:15:00.000000000,4747.360000000006,4746.51539473772,7845.261297704378,0.8446052622857678,-3097.901297704372,0.223986733869649,0.22394688427448273,0.3701498210430145
2020-05-25T07:30:00.000000000,6050.516666666659,6794.21949681282,9389.06289366881,-743.7028301461605,-3338.5462270021508,0.285471391761008,0.3205602765083313,0.44298842549324036
2020-05-25T07:45:00.000000000,7533.073809523807,8773.631896543502,10778.681911738713,-1240.5580870196954,-3245.6081022149065,0.355420401779985,0.413951575756073,0.5085524916648865
2020-05-25T08:00:00.000000000,8678.88,10558.947435310682,11905.157854534784,-1880.0674353106824,-3226.2778545347846,0.409481055754486,0.4981851279735565,0.5617011189460754
2020-05-25T08:15:00.000000000,10058.633333333342,11799.368265542984,12181.095102993646,-1740.7349322096416,-2122.4617696603036,0.474579645850686,0.5567098259925842,0.5747202038764954
2020-05-25T08:30:00.000000000,11352.160000000009,12567.895393864314,12083.698946402867,-1215.7353938643046,-731.5389464028576,0.535609947584694,0.5929699540138245,0.5701249241828918
2020-05-25T08:45:00.000000000,12397.271904761898,13088.07849324862,11948.663728259404,-690.8065884867228,448.60817650249373,0.584919711764344,0.6175128817558289,0.5637537837028503
2020-05-25T09:00:00.000000000,14098.064285714276,13528.8170727698,11982.128813193638,569.2472129444759,2115.9354725206376,0.665165349423992,0.638307511806488,0.5653327107429504
2020-05-25T09:15:00.000000000,15274.666666666657,13996.634704596201,12356.232837413152,1278.0319620704558,2918.433829253505,0.720679008462442,0.6603797674179077,0.5829834342002869
2020-05-25T09:30:00.000000000,15880.719999999988,14386.470729672114,12687.97807349205,1494.249270327875,3192.741926507939,0.749273407598835,0.6787727475166321,0.5986356139183044
2020-05-25T09:45:00.000000000,15692.09333333333,14696.636102374394,13181.320886182784,995.4572309589366,2510.772447150546,0.740373751582147,0.6934067606925964,0.6219121813774109
2020-05-25T10:00:00.000000000,15370.668571428567,14847.412164545058,13450.31750887235,523.256406883509,1920.3510625562176,0.725208505507723,0.7005205750465393,0.6346037983894348
2020-05-25T10:15:00.000000000,17254.903809523814,14804.242331310907,13456.879141607284,2450.6614782129072,3798.0246679165302,0.81410922018347,0.6984837651252747,0.6349133849143982
2020-05-25T10:30:00.000000000,17729.48238095238,14815.75361307462,14117.701502803166,2913.728767877761,3611.780878149215,0.836500465881881,0.699026882648468,0.6660918593406677
2020-05-25T10:45:00.000000000,17857.63333333334,14768.897440926234,14775.688996102013,3088.735892407105,3081.9443372313253,0.84254679758331,0.6968161463737488,0.6971365809440613
2020-05-25T11:00:00.000000000,18091.753333333334,14712.091438315709,15150.760715869266,3379.6618950176253,2940.9926174640677,0.853592889334001,0.6941359639167786,0.7148329615592957
2020-05-25T11:15:00.000000000,16905.486190476193,14693.82902729988,16217.823183978398,2211.6571631763127,687.6630064977944,0.797623234025482,0.6932743191719055,0.765178382396698
2020-05-25T11:30:00.000000000,16681.492857142854,14643.59602721532,16864.31455523491,2037.896829927533,-182.82169809205516,0.787054931823435,0.6909042596817017,0.7956807017326355
2020-05-25T11:45:00.000000000,17365.29714285714,14625.524376026788,16928.273419713973,2739.7727668303523,437.02372314316744,0.819317723893809,0.6900516152381897,0.798698365688324
2020-05-25T12:00:00.000000000,17528.09333333333,14670.709188893636,17448.383247111637,2857.384144439695,79.71008622169393,0.826998663824883,0.6921834945678711,0.8232378363609314
2020-05-25T12:15:00.000000000,17673.046666666665,14673.701970554986,17622.437061452863,2999.344696111679,50.60960521380184,0.833837754118615,0.692324697971344,0.8314499258995056
2020-05-25T12:30:00.000000000,17576.48666666667,14815.108061606088,18054.221298882167,2761.378605060583,-477.73463221549537,0.829281925400664,0.6989964246749878,0.8518220782279968
2020-05-25T12:45:00.000000000,17534.542857142853,14949.24759287834,18030.991552495954,2585.2952642645123,-496.44869535310136,0.827302960902229,0.7053253054618835,0.8507260680198669
2020-05-25T13:00:00.000000000,17218.210952380963,14931.854339221318,17991.025473712285,2286.3566131596453,-772.8145213313219,0.812378002574573,0.704504668712616,0.8488404154777527
2020-05-25T13:15:00.000000000,17334.63857142858,14941.776376860935,17816.264205706913,2392.862194567644,-481.6256342783345,0.817871211878838,0.7049728035926819,0.8405949473381042
2020-05-25T13:30:00.000000000,17633.84095238095,14873.23169666608,17779.966779495873,2760.6092557148695,-146.1258271149236,0.831987976580808,0.7017387747764587,0.8388823866844177
2020-05-25T13:45:00.000000000,17802.396190476178,14663.385780159631,17662.039306923547,3139.0104103165468,140.3568835526312,0.839940636007852,0.6918379664421082,0.8333184123039246
2020-05-25T14:00:00.000000000,17425.499999999996,14333.76164176305,17093.084857257207,3091.7383582369457,332.4151427427896,0.822158174447601,0.6762858629226685,0.8064743876457214
2020-05-25T14:15:00.000000000,18164.615714285705,13769.712625271479,16468.16071627617,4394.903089014226,1696.4549980095362,0.857030632991842,0.6496732831001282,0.7769896388053894
2020-05-25T14:30:00.000000000,18134.313333333328,13037.365435320535,15991.998921143213,5096.947898012793,2142.314412190115,0.855600926515401,0.6151201725006104,0.7545236945152283
2020-05-25T14:45:00.000000000,17105.26666666666,12148.135342105228,15774.557984228133,4957.131324561431,1330.708682438526,0.807049141551523,0.5731651186943054,0.744264543056488
2020-05-25T15:00:00.000000000,16266.4880952381,11033.180787553787,15038.563617976506,5233.307307684314,1227.9244772615948,0.767474457378818,0.520560085773468,0.7095393538475037
2020-05-25T15:15:00.000000000,15189.502380952372,9779.891248839696,14269.531165609358,5409.6111321126755,919.9712153430137,0.716660844640974,0.4614282250404358,0.6732553839683533
2020-05-25T15:30:00.000000000,14008.32476190476,8295.225830992062,13465.939601748783,5713.098930912698,542.3851601559763,0.66093131980814,0.3913797438144684,0.6353408694267273
2020-05-25T15:45:00.000000000,12828.86,6661.155042448044,12684.076971858341,6167.704957551957,144.7830281416591,0.605282609844415,0.3142821192741394,0.598451554775238
2020-05-25T16:00:00.000000000,12306.34666666667,4960.390007199446,11962.393382584252,7345.956659467224,343.95328408241767,0.580629738577716,0.23403777182102203,0.5644015669822693
2020-05-25T16:15:00.000000000,11316.370476190481,3466.6963436182336,11208.065859950382,7849.674132572247,108.30461624009877,0.533921350439155,0.1635633260011673,0.5288113951683044
2020-05-25T16:30:00.000000000,5662.079047619056,1964.9800291546185,10435.415919070243,3697.0990184644374,-4773.336871451187,0.267144390311239,0.09271036088466644,0.4923567473888397
2020-05-25T16:45:00.000000000,6778.630000000005,-191.39973334739605,7674.85592297395,6970.029733347401,-896.2259229739457,0.319824743396502,-0.009030492976307869,0.36210986971855164
2020-05-25T17:00:00.000000000,5132.866666666662,-1823.500981944402,6855.020717660585,6956.367648611064,-1722.1540509939232,0.242175449103303,-0.08603519201278687,0.3234289586544037
2020-05-25T17:15:00.000000000,2158.733333333331,-2989.6028572758037,5953.184052812258,5148.336190609134,-3794.4507194789276,0.101851898450691,-0.14105342328548431,0.28087911009788513
2020-05-25T17:30:00.000000000,857.6552380952376,-3876.385918799241,4277.804602660338,4734.041156894478,-3420.1493645651003,0.0404653103129209,-0.18289302289485931,0.20183248817920685
2020-05-25T17:45:00.000000000,452.7009523809516,-4304.173674681187,2635.200943861405,4756.874627062139,-2182.4999914804534,0.021359030649348,-0.20307661592960358,0.12433227151632309
2020-05-25T18:00:00.000000000,242.07142857142895,-4988.055867052873,1182.4322114408014,5230.127295624302,-940.3607828693725,0.0114212506843539,-0.2353430837392807,0.05578871816396713
2020-05-25T18:15:00.000000000,13.453333333332901,-4913.86229568084,695.911273368597,4927.315629014173,-682.4579400352641,0.0006347460889827,-0.2318425327539444,0.0328340157866478
2020-05-25T18:30:00.000000000,0.0,-4461.9440533010165,373.2429204626878,4461.9440533010165,-373.2429204626878,0.0,-0.2105204313993454,0.0176100954413414
2020-05-25T18:45:00.000000000,0.0,-4118.557414516607,38.03367077789579,4118.557414516607,-38.03367077789579,0.0,-0.1943189948797226,0.0017944789724424481
2020-05-25T19:00:00.000000000,0.0,-3901.6394879889485,-181.73302252545952,3901.6394879889485,181.73302252545952,0.0,-0.18408451974391937,-0.008574404753744602
2020-05-25T19:15:00.000000000,0.0,-3705.1151766403514,-285.34971812024713,3705.1151766403514,285.34971812024713,0.0,-0.17481224238872528,-0.013463177718222141
2020-05-25T19:30:00.000000000,0.0,-3480.674238380591,-303.1636540454129,3480.674238380591,303.1636540454129,0.0,-0.1642228215932846,-0.014303662814199924
2020-05-25T19:45:00.000000000,0.0,-3281.2165209460254,-297.0997654956082,3281.2165209460254,297.0997654956082,0.0,-0.15481214225292206,-0.01401756051927805
2020-05-25T20:00:00.000000000,0.0,-3117.8983159581817,-253.20100232536592,3117.8983159581817,253.20100232536592,0.0,-0.1471065729856491,-0.011946358717978
2020-05-25T20:15:00.000000000,0.0,-2991.919768025875,-175.50364035064973,2991.919768025875,175.50364035064973,0.0,-0.14116273820400238,-0.008280494250357151
2020-05-25T20:30:00.000000000,0.0,-2891.635684513251,-23.284875561775017,2891.635684513251,23.284875561775017,0.0,-0.13643120229244232,-0.001098611275665462
2020-05-25T20:45:00.000000000,0.0,-2796.1408096448577,147.45401057148973,2796.1408096448577,-147.45401057148973,0.0,-0.13192562758922577,0.00695707555860281
2020-05-25T21:00:00.000000000,0.0,-2703.3266788395244,265.8779640188316,2703.3266788395244,-265.8779640188316,0.0,-0.1275465339422226,0.012544474564492702
2020-05-25T21:15:00.000000000,0.0,-2619.7195521489775,272.5671910753349,2619.7195521489775,-272.5671910753349,0.0,-0.12360183894634247,0.012860081158578396
2020-05-25T21:30:00.000000000,0.0,-2536.308238526185,216.1540779104332,2536.308238526185,-216.1540779104332,0.0,-0.11966638267040253,0.010198435746133327
2020-05-25T21:45:00.000000000,0.0,-2429.472628759543,210.07439798419674,2429.472628759543,-210.07439798419674,0.0,-0.11462573707103729,0.00991158839315176
2020-05-25T22:00:00.000000000,0.0,-2327.8961789997416,303.45512337590253,2327.8961789997416,-303.45512337590253,0.0,-0.10983322560787201,0.014317414723336697
2020-05-25T22:15:00.000000000,0.0,-2237.393905704021,475.3657518470287,2237.393905704021,-475.3657518470287,0.0,-0.1055632084608078,0.02242838591337204
2020-05-25T22:30:00.000000000,0.0,-2195.6617193802194,632.2252838742733,2195.6617193802194,-632.2252838742733,0.0,-0.10359422862529755,0.029829226434230804
2020-05-25T22:45:00.000000000,0.0,-2202.656667484442,751.4539658645788,2202.656667484442,-751.4539658645788,0.0,-0.10392425954341888,0.03545459359884262
2020-05-25T23:00:00.000000000,0.0,-2246.391200339794,783.8229713606834,2246.391200339794,-783.8229713606834,0.0,-0.10598771274089813,0.03698180615901947
2020-05-25T23:15:00.000000000,0.0,-2340.770572377046,759.7357532342274,2340.770572377046,-759.7357532342274,0.0,-0.11044065654277802,0.03584533929824829
2020-05-25T23:30:00.000000000,0.0,-2448.6522029185294,756.5329462663332,2448.6522029185294,-756.5329462663332,0.0,-0.11553065478801727,0.03569422662258148
2020-05-25T23:45:00.000000000,0.0,-2521.1093545381227,792.8055800163745,2521.1093545381227,-792.8055800163745,0.0,-0.1189492791891098,0.03740561753511429
2020-05-26T00:00:00.000000000,0.0,-2491.69949507157,903.1721415531634,2491.69949507157,-903.1721415531634,0.0,-0.11756168305873871,0.04261285811662674
2020-05-26T00:15:00.000000000,0.0,-2413.2593067495027,1041.6404049328962,2413.2593067495027,-1041.6404049328962,0.0,-0.11386077105998993,0.04914597421884537
2020-05-26T00:30:00.000000000,0.0,-2271.387054266135,1190.6506753909587,2271.387054266135,-1190.6506753909587,0.0,-0.10716705024242401,0.056176476180553436
2020-05-26T00:45:00.000000000,0.0,-2130.0378121701874,1096.6534546633561,2130.0378121701874,-1096.6534546633561,0.0,-0.1004980057477951,0.05174156278371811
2020-05-26T01:00:00.000000000,0.0,-2161.928812701702,675.0186506942907,2161.928812701702,-675.0186506942907,0.0,-0.10200266540050507,0.031848274171352386
2020-05-26T01:15:00.000000000,0.0,-2294.265600440502,154.8064754381279,2294.265600440502,-154.8064754381279,0.0,-0.10824649035930634,0.007303974591195583
2020-05-26T01:30:00.000000000,0.0,-2435.9647794381776,-220.19323565259575,2435.9647794381776,220.19323565259575,0.0,-0.11493204534053802,-0.010389008559286594
2020-05-26T01:45:00.000000000,0.0,-2419.1842311867076,-391.37678967436153,2419.1842311867076,391.37678967436153,0.0,-0.11414031684398651,-0.01846567541360855
2020-05-26T02:00:00.000000000,0.0,-2359.6886413423217,-566.50441761295,2359.6886413423217,566.50441761295,0.0,-0.11133323609828949,-0.026728428900241852
2020-05-26T02:15:00.000000000,0.0,-2367.1118515753747,-727.7659537343184,2367.1118515753747,727.7659537343184,0.0,-0.11168347299098969,-0.034336961805820465
2020-05-26T02:30:00.000000000,0.0,-2343.434893408616,-768.8589051401615,2343.434893408616,768.8589051401615,0.0,-0.11056636273860931,-0.03627578169107437
2020-05-26T02:45:00.000000000,0.0,-2275.1971975715956,-624.5472008256118,2275.1971975715956,624.5472008256118,0.0,-0.10734681785106659,-0.029466964304447174
2020-05-26T03:00:00.000000000,0.0,-2145.858244734605,-348.57205306331315,2145.858244734605,348.57205306331315,0.0,-0.10124443471431732,-0.01644609123468399
2020-05-26T03:15:00.000000000,0.0,-2030.5698269915579,-12.484837392549961,2030.5698269915579,12.484837392549961,0.0,-0.09580497443675995,-0.0005890511674806476
2020-05-26T03:30:00.000000000,0.0,-1981.7656306465465,263.7126504825055,1981.7656306465465,-263.7126504825055,0.0,-0.09350232779979706,0.012442312203347683
2020-05-26T03:45:00.000000000,0.0,-2048.6995904453593,331.22522605299946,2048.6995904453593,-331.22522605299946,0.0,-0.09666036069393158,0.015627644956111908
2020-05-26T04:00:00.000000000,0.0,-2201.9959562945364,287.48562021796903,2201.9959562945364,-287.48562021796903,0.0,-0.10389308631420135,0.013563952408730984
2020-05-26T04:15:00.000000000,0.0,-2336.298454571565,214.83518215085067,2336.298454571565,-214.83518215085067,0.0,-0.11022965610027313,0.01013620849698782
2020-05-26T04:30:00.000000000,0.0,-2411.489409279028,107.54478074297309,2411.489409279028,-107.54478074297309,0.0,-0.1137772649526596,0.005074105225503445
2020-05-26T04:45:00.000000000,0.0,-2390.1129388308523,26.61208403231576,2390.1129388308523,-26.61208403231576,0.0,-0.11276869475841522,0.0012555933790281415
2020-05-26T05:00:00.000000000,0.0,-2330.138554453055,31.876297279614953,2330.138554453055,-31.876297279614953,0.0,-0.10993902385234833,0.0015039659338071942
2020-05-26T05:15:00.000000000,0.0,-2289.160564267635,93.48161254788438,2289.160564267635,-93.48161254788438,0.0,-0.10800562798976898,0.004410586319863796
2020-05-26T05:30:00.000000000,0.0,-2227.84075461785,145.92540533289312,2227.84075461785,-145.92540533289312,0.0,-0.1051124781370163,0.006884953938424587
2020-05-26T05:45:00.000000000,0.0,-2193.0870933667816,133.3870524460574,2193.0870933667816,-133.3870524460574,0.0,-0.1034727543592453,0.006293377839028835
2020-05-26T06:00:00.000000000,309.0066666666673,-2137.7591635902722,178.4619573329389,2446.7658302569394,130.54470933372838,0.0145793438902072,-0.10086230933666229,0.008420071564614773
2020-05-26T06:15:00.000000000,884.8752380952388,-2038.5078360962866,318.42787485346196,2923.3830741915253,566.4473632417769,0.0417495859726417,-0.09617950022220612,0.015023848973214626
2020-05-26T06:30:00.000000000,1625.3347619047624,-1666.895059422652,801.479783090353,3292.2298213274144,823.8549788144095,0.0766854472304293,-0.07864631712436676,0.037814877927303314
2020-05-26T06:45:00.000000000,2508.930476190471,-867.2563929104805,1729.1726160530247,3376.1868691009513,779.7578601374462,0.118374663574687,-0.04091830551624298,0.08158465474843979
2020-05-26T07:00:00.000000000,3577.66571428572,583.717768013974,3187.1782426397003,2993.947946271746,390.48747164601946,0.168799007916038,0.027540577575564384,0.15037529170513153
2020-05-26T07:15:00.000000000,4856.986666666659,2784.52656810681,5325.070053791999,2072.4600985598495,-468.08338712533987,0.229159065231012,0.13137765228748322,0.25124385952949524
2020-05-26T07:30:00.000000000,6253.9999999999945,5513.072075107892,7709.653800079027,740.927924892103,-1455.6538000790324,0.295072004992413,0.26011404395103455,0.36375167965888977
2020-05-26T07:45:00.000000000,7769.7138095238115,8220.430292350451,9704.356042126019,-450.71648282663955,-1934.6422326022075,0.366585390469049,0.3878507912158966,0.457864373922348
2020-05-26T08:00:00.000000000,9283.019047619042,10611.207416474024,11031.856838553746,-1328.1883688549824,-1748.8377909347037,0.437985136354927,0.5006508231163025,0.5204976201057434
2020-05-26T08:15:00.000000000,10807.656190476195,12441.174019584654,11622.590754594801,-1633.5178291084594,-814.9345641186064,0.509919536519424,0.5869910717010498,0.5483692288398743
2020-05-26T08:30:00.000000000,12149.119999999995,13796.312883043289,11990.757221275964,-1647.1928830432935,158.36277872403116,0.573211576158207,0.6509283185005188,0.5657398104667664
2020-05-26T08:45:00.000000000,13557.959999999995,14680.575640888213,12257.808346389134,-1122.615640888218,1300.151653610861,0.639682513720329,0.6926490068435669,0.5783396363258362
2020-05-26T09:00:00.000000000,14912.54095238095,14987.45261736234,12481.055456590651,-74.91166498138955,2431.485495790299,0.70359343753606,0.7071278691291809,0.5888727307319641
2020-05-26T09:15:00.000000000,16030.836190476182,15050.647179222105,12759.946324097315,980.1890112540768,3270.8898663788677,0.756356088332067,0.7101094722747803,0.6020311713218689
2020-05-26T09:30:00.000000000,17000.400952380947,15058.05396642367,13001.395206429162,1942.3469859572779,3999.005745951785,0.802101438230569,0.7104589343070984,0.6134230494499207
2020-05-26T09:45:00.000000000,16240.486666666675,15093.414016529718,13170.53221780459,1147.0726501369572,3069.954448862085,0.766247675533401,0.7121272683143616,0.621403157711029
2020-05-26T10:00:00.000000000,15844.860000000008,15033.788305743534,13343.373254435855,811.0716942564741,2501.4867455641524,0.747581485293267,0.7093140482902527,0.6295580267906189
2020-05-26T10:15:00.000000000,16322.097142857147,14966.068567053477,13965.447367798486,1356.0285758036698,2356.6497750586605,0.770098165913623,0.7061189413070679,0.6589083075523376
2020-05-26T10:30:00.000000000,17038.534761904768,14871.569180555343,14731.018350451786,2166.9655813494246,2307.5164114529816,0.803900641881703,0.7016603350639343,0.6950289607048035
2020-05-26T10:45:00.000000000,18309.699999999997,14738.353128976822,15526.63084762891,3571.3468710231755,2783.0691523710866,0.863875901792387,0.6953750252723694,0.7325670123100281
2020-05-26T11:00:00.000000000,17949.176666666674,14616.974293171565,16056.629866603214,3332.202373495109,1892.5468000634592,0.846865933322094,0.6896482110023499,0.7575730681419373
2020-05-26T11:15:00.000000000,17690.132380952375,14539.609181756972,16694.32354622205,3150.5231991954024,995.8088347303237,0.834643880752931,0.6859980225563049,0.7876603007316589
2020-05-26T11:30:00.000000000,15942.340000000006,14501.818522990543,17345.56496350924,1440.5214770094626,-1403.2249635092357,0.752180720829989,0.6842150092124939,0.8183867335319519
2020-05-26T11:45:00.000000000,16026.385714285709,14497.192281351088,17579.292494421003,1529.1934329346204,-1552.906780135294,0.756146108969628,0.6839967370033264,0.8294143080711365
2020-05-26T12:00:00.000000000,16173.673333333321,14568.388649476368,17922.710715958277,1605.284683856953,-1749.037382624956,0.763095333955707,0.6873558759689331,0.8456172347068787
2020-05-26T12:15:00.000000000,16186.071428571424,14708.60470239957,18137.46332894961,1477.4667261718532,-1951.3919003781848,0.763680292513429,0.6939714550971985,0.8557495474815369
2020-05-26T12:30:00.000000000,16263.636666666665,14852.61573890686,18122.783665418625,1411.020927759806,-1859.1469987519595,0.767339923201385,0.7007660865783691,0.8550569415092468
2020-05-26T12:45:00.000000000,16108.409523809529,15014.017502450943,18292.572544813156,1094.3920213585861,-2184.1630210036274,0.760016100964081,0.7083812355995178,0.8630678057670593
2020-05-26T13:00:00.000000000,15916.18,15110.632933390934,18269.191201213198,805.547066609066,-2353.0112012131976,0.750946457374504,0.7129396796226501,0.8619646430015564
2020-05-26T13:15:00.000000000,15654.22666666666,15127.821530809402,18050.28987780571,526.4051358572578,-2396.0632111390496,0.738587152084911,0.7137506604194641,0.8516365885734558
2020-05-26T13:30:00.000000000,15843.439047619042,14909.935908734004,16946.78343951225,933.5031388850384,-1103.3443918932098,0.747514442877525,0.7034705281257629,0.799571692943573
2020-05-26T13:45:00.000000000,17481.52952380952,14565.648529837925,16976.496493406295,2915.8809939715957,505.033030403225,0.824801721606099,0.6872265934944153,0.8009735941886902
2020-05-26T14:00:00.000000000,16922.141904761902,14459.1009547774,17798.81031316439,2463.0409499845027,-876.6684084024891,0.798409072690155,0.6821995377540588,0.8397714495658875
2020-05-26T14:15:00.000000000,15888.286666666674,14347.22726427396,17676.855407946903,1541.0594023927133,-1788.568741280229,0.749630412956118,0.6769211888313293,0.8340174555778503
2020-05-26T14:30:00.000000000,17724.27333333334,13645.165407698949,15836.3540617911,4079.107925634393,1887.9192715422414,0.836254696114524,0.643796980381012,0.747180163860321
2020-05-26T14:45:00.000000000,17139.953809523817,12817.154059324264,15232.04208863894,4322.799750199552,1907.9117208848766,0.808685726903349,0.6047303080558777,0.7186679244041443
2020-05-26T15:00:00.000000000,15908.048095238099,11755.925557324092,15021.145098117191,4152.122537914007,886.9029971209075,0.750562783335089,0.5546601414680481,0.7087175250053406
2020-05-26T15:15:00.000000000,14816.986666666673,10543.584321007727,14498.923016208011,4273.402345658946,318.06365045866187,0.69908505975043,0.497460275888443,0.6840783953666687
2020-05-26T15:30:00.000000000,13146.726666666656,9172.690085455575,13623.494585994084,3974.0365812110813,-476.7679193274271,0.620279980271915,0.4327796697616577,0.6427745223045349
2020-05-26T15:45:00.000000000,12448.647142857146,7558.012370479901,12259.52897476514,4890.634772377245,189.11816809200536,0.587343663557073,0.35659703612327576,0.5784208178520203
2020-05-26T16:00:00.000000000,11201.339999999998,5785.189073780377,11571.08054798444,5416.150926219621,-369.74054798444195,0.528494060185756,0.2729528844356537,0.5459389090538025
2020-05-26T16:15:00.000000000,9993.772857142862,4103.55181697607,10735.93149746259,5890.221040166792,-742.1586403197289,0.471519442660042,0.1936110109090805,0.5065354704856873
2020-05-26T16:30:00.000000000,9170.422857142861,2487.796182645162,9743.905228571892,6682.626674497699,-573.4823714290305,0.432672698926351,0.11737751960754395,0.4597303569316864
2020-05-26T16:45:00.000000000,7735.6733333333295,1064.975795627435,8887.262219761213,6670.697537705894,-1151.5888864278832,0.364979315707229,0.05024696886539459,0.41931280493736267
2020-05-26T17:00:00.000000000,3714.1709523809454,-309.2945177705089,7751.2154395373655,4023.465470151454,-4037.04448715642,0.175239505884814,-0.01459292508661747,0.36571261286735535
2020-05-26T17:15:00.000000000,2846.9161904761945,-2077.5889661447204,5327.615623672803,4924.505156620915,-2480.6994331966084,0.134321277321582,-0.09802339971065521,0.25136396288871765
2020-05-26T17:30:00.000000000,2279.851428571436,-3571.8258530751864,3545.617853093942,5851.677281646622,-1265.766424522506,0.107566410635336,-0.16852347552776337,0.1672869473695755
2020-05-26T17:45:00.000000000,1326.4066666666658,-4463.873127845923,2443.7614557238417,5790.2797945125885,-1117.3547890571758,0.0625816236918191,-0.21061144769191742,0.11529990285634995
2020-05-26T18:00:00.000000000,778.3666666666675,-4722.559876690705,1587.7501019704341,5500.926543357373,-809.3834353037666,0.036724370475311,-0.22281663119792938,0.07491215318441391
2020-05-26T18:15:00.000000000,629.3885714285715,-4475.105849729379,913.1020748809973,5104.4944211579505,-283.7135034524258,0.0296953865831051,-0.2111414223909378,0.043081365525722504
2020-05-26T18:30:00.000000000,406.7533333333335,-4393.538968873819,322.7635551665723,4800.292302207152,83.9897781667612,0.0191911611135296,-0.20729298889636993,0.015228412114083767
2020-05-26T18:45:00.000000000,23.0376190476173,-4275.766251790523,-46.25817246213555,4298.80387083814,69.29579150975285,0.0010869453857742,-0.20173631608486176,-0.0021825218573212624
2020-05-26T19:00:00.000000000,0.0,-4135.819283921718,-433.44248986840245,4135.819283921718,433.44248986840245,0.0,-0.19513343274593353,-0.020450390875339508
2020-05-26T19:15:00.000000000,0.0,-4012.907421292464,-708.6647048024336,4012.907421292464,708.6647048024336,0.0,-0.18933428823947906,-0.03343573957681656
2020-05-26T19:30:00.000000000,0.0,-3855.8103869636852,-807.6020997329553,3855.8103869636852,807.6020997329553,0.0,-0.18192224204540253,-0.03810373693704605
2020-05-26T19:45:00.000000000,0.0,-3590.5841133109725,-732.9493151342868,3590.5841133109725,732.9493151342868,0.0,-0.16940851509571075,-0.03458151966333389
2020-05-26T20:00:00.000000000,0.0,-3290.1885493795075,-611.9191529206435,3290.1885493795075,611.9191529206435,0.0,-0.15523545444011688,-0.02887115627527237
2020-05-26T20:15:00.000000000,0.0,-3072.278292756875,-550.1710811420281,3072.278292756875,550.1710811420281,0.0,-0.1449541598558426,-0.025957800447940826
2020-05-26T20:30:00.000000000,0.0,-2899.80740598917,-478.76879346807794,2899.80740598917,478.76879346807794,0.0,-0.13681675493717194,-0.02258894592523575
2020-05-26T20:45:00.000000000,0.0,-2751.70387636582,-381.88554078380264,2751.70387636582,381.88554078380264,0.0,-0.1298290342092514,-0.01801786571741104
2020-05-26T21:00:00.000000000,0.0,-2608.4798820598917,-244.6951353241503,2608.4798820598917,244.6951353241503,0.0,-0.12307153642177582,-0.011545040644705296
2020-05-26T21:15:00.000000000,0.0,-2483.000341622829,-80.0176086530586,2483.000341622829,80.0176086530586,0.0,-0.11715124547481537,-0.003775336779654026
2020-05-26T21:30:00.000000000,0.0,-2379.041288987001,68.85717179521917,2379.041288987001,-68.85717179521917,0.0,-0.1122463196516037,0.003248772583901882
2020-05-26T21:45:00.000000000,0.0,-2307.595417114099,200.238897087425,2307.595417114099,-200.238897087425,0.0,-0.10887540876865387,0.009447536431252956
2020-05-26T22:00:00.000000000,0.0,-2263.141429148515,312.9672168833514,2263.141429148515,-312.9672168833514,0.0,-0.10677801072597504,0.014766207896173
2020-05-26T22:15:00.000000000,0.0,-2248.2274215912817,412.55018302162483,2248.2274215912817,-412.55018302162483,0.0,-0.10607434809207916,0.019464664161205292
2020-05-26T22:30:00.000000000,0.0,-2254.4662785919504,511.027733070453,2254.4662785919504,-511.027733070453,0.0,-0.10636870563030243,0.024110965430736542
2020-05-26T22:45:00.000000000,0.0,-2276.241323381265,602.0896527469158,2276.241323381265,-602.0896527469158,0.0,-0.10739608108997345,0.02840738743543625
2020-05-26T23:00:00.000000000,0.0,-2314.1324153017995,689.8702823146184,2314.1324153017995,-689.8702823146184,0.0,-0.10918383300304413,0.032548993825912476
2020-05-26T23:15:00.000000000,0.0,-2355.373173991044,745.5554130260149,2355.373173991044,-745.5554130260149,0.0,-0.11112962663173676,0.035176292061805725
2020-05-26T23:30:00.000000000,0.0,-2407.114566352367,768.1931407097975,2407.114566352367,-768.1931407097975,0.0,-0.11357085406780243,0.03624437004327774
2020-05-26T23:45:00.000000000,0.0,-2450.732874677181,788.5207479353745,2450.732874677181,-788.5207479353745,0.0,-0.11562882363796234,0.03720345348119736
2020-05-27T00:00:00.000000000,0.0,-2488.50963703235,806.9338086823622,2488.50963703235,-806.9338086823622,0.0,-0.11741118133068085,0.03807220607995987
2020-05-27T00:15:00.000000000,0.0,-2508.385295064449,824.7657467766602,2508.385295064449,-824.7657467766602,0.0,-0.11834894120693207,0.0389135405421257
2020-05-27T00:30:00.000000000,0.0,-2533.637600944042,808.1437439445654,2533.637600944042,-808.1437439445654,0.0,-0.11954037845134735,0.0381292924284935
2020-05-27T00:45:00.000000000,0.0,-2548.760686325232,788.8195207774638,2548.760686325232,-788.8195207774638,0.0,-0.12025390565395355,0.03721754997968674
2020-05-27T01:00:00.000000000,0.0,-2513.7594162917135,761.2326178061961,2513.7594162917135,-761.2326178061961,0.0,-0.11860249936580658,0.03591596335172653
2020-05-27T01:15:00.000000000,0.0,-2441.4260690633455,701.863990628322,2441.4260690633455,-701.863990628322,0.0,-0.11518971621990204,0.03311487287282944
2020-05-27T01:30:00.000000000,0.0,-2343.5094287053744,619.9136951529979,2343.5094287053744,-619.9136951529979,0.0,-0.11056987941265106,0.029248349368572235
2020-05-27T01:45:00.000000000,0.0,-2248.5880966289837,563.0874795806408,2248.5880966289837,-563.0874795806408,0.0,-0.10609136521816254,0.026567213237285614
2020-05-27T02:00:00.000000000,0.0,-2135.585006883144,572.5844133667151,2135.585006883144,-572.5844133667151,0.0,-0.10075972974300385,0.027015291154384613
2020-05-27T02:15:00.000000000,0.0,-2017.037249044577,631.8968232444922,2017.037249044577,-631.8968232444922,0.0,-0.09516648948192596,0.029813729226589203
2020-05-27T02:30:00.000000000,0.0,-1898.221669461727,737.8986483355362,1898.221669461727,-737.8986483355362,0.0,-0.0895606130361557,0.03481503576040268
2020-05-27T02:45:00.000000000,0.0,-1779.8545649695395,881.2792930956681,1779.8545649695395,-881.2792930956681,0.0,-0.0839758962392807,0.041579924523830414
2020-05-27T03:00:00.000000000,0.0,-1686.9570556966462,1054.3047730036576,1686.9570556966462,-1054.3047730036576,0.0,-0.07959286868572235,0.049743495881557465
2020-05-27T03:15:00.000000000,0.0,-1634.7735047952333,1238.8238483337561,1634.7735047952333,-1238.8238483337561,0.0,-0.07713077962398529,0.05844935029745102
2020-05-27T03:30:00.000000000,0.0,-1628.11207056125,1424.6049704682825,1628.11207056125,-1424.6049704682825,0.0,-0.07681648433208466,0.06721474975347519
2020-05-27T03:45:00.000000000,0.0,-1655.2100725181897,1566.5290186663467,1655.2100725181897,-1566.5290186663467,0.0,-0.07809500396251678,0.0739109143614769
2020-05-27T04:00:00.000000000,0.0,-1683.9541675543785,1658.993212569952,1683.9541675543785,-1658.993212569952,0.0,-0.07945118844509125,0.07827349752187729
2020-05-27T04:15:00.000000000,0.0,-1702.9909876704214,1720.971206789414,1702.9909876704214,-1720.971206789414,0.0,-0.08034937083721161,0.08119770139455795
2020-05-27T04:30:00.000000000,0.0,-1689.531681710084,1785.689320647319,1689.531681710084,-1785.689320647319,0.0,-0.0797143429517746,0.08425118774175644
2020-05-27T04:45:00.000000000,0.0,-1636.4663403487205,1880.9504831445215,1636.4663403487205,-1880.9504831445215,0.0,-0.07721064984798431,0.08874573558568954
2020-05-27T05:00:00.000000000,0.0,-1531.5143259628612,2042.524056864182,1531.5143259628612,-2042.524056864182,0.0,-0.07225887477397919,0.09636899083852768
2020-05-27T05:15:00.000000000,0.0,-1364.896354955832,2282.950921313365,1364.896354955832,-2282.950921313365,0.0,-0.06439761817455292,0.10771264880895615
2020-05-27T05:30:00.000000000,0.0,-1166.7676397617656,2584.557999644677,1166.7676397617656,-2584.557999644677,0.0,-0.05504964292049408,0.12194287031888962
2020-05-27T05:45:00.000000000,0.0,-917.6176189716656,2934.721507624785,917.6176189716656,-2934.721507624785,0.0,-0.04329441487789154,0.1384640485048294
2020-05-27T06:00:00.000000000,253.48190476190535,-575.0938604739308,3401.944120387236,828.5757652358361,-3148.462215625331,0.0119596120670597,-0.02713369019329548,0.16050823032855988
2020-05-27T06:15:00.000000000,706.710476190476,-91.43937305162349,4030.671456468105,798.1498492420995,-3323.960980277629,0.0333435364820382,-0.004314230754971504,0.19017241895198822
2020-05-27T06:30:00.000000000,1387.1057142857135,571.1402525135875,4791.7444234585755,815.965461772126,-3404.638709172862,0.0654454851696065,0.026947153732180595,0.22608084976673126
2020-05-27T06:45:00.000000000,2176.0800000000104,1445.7001965022087,5673.549095648129,730.3798034978017,-3497.4690956481186,0.102670337164038,0.06821005046367645,0.26768556237220764
2020-05-27T07:00:00.000000000,3139.413333333325,2632.52951671044,6699.592515993118,506.8838166228852,-3560.1791826597923,0.148121680007448,0.12420623004436493,0.31609565019607544
2020-05-27T07:15:00.000000000,4176.781428571435,4230.970538438955,7892.956307768821,-54.18910986752053,-3716.174879197386,0.197066080995147,0.19962279498577118,0.3724001348018646
2020-05-27T07:30:00.000000000,5534.891428571422,6128.474016100565,9175.094796258609,-593.582587529143,-3640.203367687187,0.261143509952653,0.28914952278137207,0.43289312720298767
2020-05-27T07:45:00.000000000,6972.373333333322,8167.008065881729,10427.462118589083,-1194.6347325484066,-3455.0887852557607,0.328965810524832,0.3853302597999573,0.49198147654533386
2020-05-27T08:00:00.000000000,8480.700000000008,10099.998872143427,11389.13357204755,-1619.2988721434194,-2908.433572047543,0.400130660815344,0.47653132677078247,0.5373544096946716
2020-05-27T08:15:00.000000000,9805.04666666667,11638.130732313792,11825.170111322403,-1833.084065647121,-2020.1234446557319,0.462615090978176,0.5491024255752563,0.5579271912574768
2020-05-27T08:30:00.000000000,11243.500000000002,12674.746163352329,11857.119224119186,-1431.2461633523271,-613.6192241191839,0.530483224837256,0.598011314868927,0.5594345927238464
2020-05-27T08:45:00.000000000,12507.237619047613,13352.696483081181,11748.858600543339,-845.4588640335678,758.3790185042744,0.590108039841528,0.6299979090690613,0.5543267130851746
2020-05-27T09:00:00.000000000,13738.513333333334,13830.236549549101,11795.277667392094,-91.72321621576702,1943.2356659412399,0.648201259175195,0.6525288820266724,0.5565168261528015
2020-05-27T09:15:00.000000000,14144.460000000005,14199.552628434498,12007.112034018834,-55.092628434493236,2137.347965981171,0.667354360686759,0.6699537038803101,0.5665114521980286
2020-05-27T09:30:00.000000000,12426.69333333334,14526.31789604187,12393.225084187188,-2099.62456270853,33.46824914615172,0.58630785374041,0.685370922088623,0.5847287774085999
2020-05-27T09:45:00.000000000,10937.683809523814,14738.201531763076,12793.363403247196,-3800.5177222392613,-1855.679593723382,0.516054411840302,0.6953678727149963,0.6036078333854675
2020-05-27T10:00:00.000000000,10630.06142857142,14828.34881491661,13223.942442827223,-4198.28738634519,-2593.881014255803,0.501540380383928,0.6996211409568787,0.623923122882843
2020-05-27T10:15:00.000000000,10853.01333333334,14831.795124909082,13712.957155065536,-3978.7817915757423,-2859.9438217321967,0.512059546606342,0.6997837424278259,0.646995484828949
2020-05-27T10:30:00.000000000,11017.020000000006,14812.43616071383,14387.782045571008,-3795.416160713825,-3370.762045571002,0.519797598407662,0.6988703608512878,0.6788346171379089
2020-05-27T10:45:00.000000000,10394.000000000005,14747.231672461827,15111.567782875696,-4353.231672461821,-4717.567782875691,0.490402689461328,0.6957939267158508,0.7129837870597839
2020-05-27T11:00:00.000000000,10247.49952380953,14672.597837514877,15543.832078148524,-4425.098313705346,-5296.332554338993,0.483490602918017,0.6922726035118103,0.7333785891532898
2020-05-27T11:15:00.000000000,9572.166666666673,14630.467708504993,15899.206266609826,-5058.30104183832,-6327.039599943153,0.451627504070176,0.6902848482131958,0.7501456141471863
2020-05-27T11:30:00.000000000,9698.579999999996,14584.108017231621,16376.722330185572,-4885.528017231625,-6678.142330185576,0.457591852603025,0.6880975365638733,0.7726754546165466
2020-05-27T11:45:00.000000000,9723.566666666671,14540.450546293258,16786.732154480615,-4816.883879626586,-7063.165487813943,0.458770756637469,0.6860377192497253,0.7920202612876892
2020-05-27T12:00:00.000000000,9824.152857142848,14494.186866588592,17183.340785080592,-4670.034009445744,-7359.1879279377445,0.463516546355786,0.6838549375534058,0.8107327818870544
2020-05-27T12:15:00.000000000,9953.925714285722,14446.052224604287,17422.015438400904,-4492.126510318565,-7468.0897241151815,0.469639401672502,0.6815838813781738,0.8219937682151794
2020-05-27T12:30:00.000000000,11058.553333333331,14431.464782711664,17416.451820656457,-3372.9114493783327,-6357.898487323126,0.521757196095651,0.6808956265449524,0.8217312693595886
2020-05-27T12:45:00.000000000,10980.619999999994,14407.105637083052,17321.956224088666,-3426.4856370830585,-6341.336224088673,0.518080198186727,0.6797463297843933,0.8172728419303894
2020-05-27T13:00:00.000000000,10823.999999999993,14362.548689343133,17329.57145745913,-3538.5486893431407,-6505.571457459137,0.510690659104234,0.6776440739631653,0.8176321387290955
2020-05-27T13:15:00.000000000,10753.620000000006,14305.473601678212,17471.127882413864,-3551.8536016782055,-6717.507882413858,0.507370037468263,0.6749511957168579,0.8243109583854675
2020-05-27T13:30:00.000000000,10375.480476190483,14199.86213941256,17556.891479469934,-3824.381663222077,-7181.411003279451,0.489528913794238,0.66996830701828,0.8283573985099792
2020-05-27T13:45:00.000000000,11227.380000000006,14015.650048440297,17404.278564392724,-2788.2700484402903,-6176.898564392717,0.529722661882271,0.6612769365310669,0.821156919002533
2020-05-27T14:00:00.000000000,11949.61476190476,13800.955547714233,17023.6583866024,-1851.3407858094724,-5074.043624697641,0.563798654730121,0.6511473655700684,0.8031987547874451
2020-05-27T14:15:00.000000000,11604.84000000001,13492.834210777282,16368.672518135705,-1887.994210777273,-4763.832518135696,0.547531724722763,0.6366097927093506,0.7722956538200378
2020-05-27T14:30:00.000000000,12582.698095238093,12850.395538368224,15773.279514392216,-267.69744313013143,-3190.581419154123,0.593668365074532,0.6062986850738525,0.7442042231559753
2020-05-27T14:45:00.000000000,13353.623076923077,11966.571149133046,15062.08645230929,1387.0519277900312,-1708.4633753862126,0.630041626994028,0.5645986795425415,0.7106491923332214
2020-05-27T15:00:00.000000000,12614.214761904754,10859.269727255503,14148.480790433883,1754.9450346492504,-1534.2660285291295,0.595155363159599,0.5123547315597534,0.6675440669059753
2020-05-27T15:15:00.000000000,14801.120476190472,9569.464841335614,13410.960345563888,5231.655634854858,1390.1601306265839,0.698336471865012,0.4515000283718109,0.6327468752861023
2020-05-27T15:30:00.000000000,14171.606666666656,8137.365125699042,13138.504779780706,6034.241540967613,1033.10188688595,0.668635176382664,0.3839316666126251,0.6198920607566833
2020-05-27T15:45:00.000000000,12817.921428571426,6626.461388427416,12729.308527199426,6191.46004014401,88.61290137200012,0.604766513553532,0.31264522671699524,0.6005856394767761
2020-05-27T16:00:00.000000000,11513.823333333334,5034.767390193144,11911.724540510177,6479.05594314019,-397.90120717684295,0.543237437815014,0.23754699528217316,0.5620109438896179
2020-05-27T16:15:00.000000000,9868.545714285716,3449.627760660648,10797.74778798739,6418.917953625068,-929.2020737016737,0.465611060165266,0.162758007645607,0.5094520449638367
2020-05-27T16:30:00.000000000,8713.986666666662,1883.6648628393807,9657.750005380312,6830.321803827282,-943.7633387136502,0.411137434795409,0.08887380361557007,0.4556654393672943
2020-05-27T16:45:00.000000000,7252.439999999994,369.6366043485204,8616.999760336876,6882.803395651474,-1364.5597603368815,0.342179726876747,0.0174399446696043,0.4065614640712738
2020-05-27T17:00:00.000000000,5874.993333333336,-989.7355718255043,7662.0914375766115,6864.72890515884,-1787.0981042432759,0.27718996836964,-0.04669703543186188,0.3615076243877411
2020-05-27T17:15:00.000000000,4622.206190476193,-2074.293621710936,6513.939619835217,6696.499812187129,-1891.7334293590238,0.218081811338688,-0.0978679209947586,0.30733630061149597
2020-05-27T17:30:00.000000000,3346.3999999999987,-2933.748758836587,5366.545788162549,6280.148758836585,-2020.1457881625502,0.157887585146564,-0.13841815292835236,0.2532007396221161
2020-05-27T17:45:00.000000000,2421.5376190476168,-3610.2399553831415,4135.68474139452,6031.777574430758,-1714.147122346903,0.114251352800917,-0.17033590376377106,0.19512708485126495
2020-05-27T18:00:00.000000000,1682.7199999999991,-4076.6212036093075,3060.660892943541,5759.341203609307,-1377.940892943542,0.079392958784911,-0.19234038889408112,0.1444060355424881
2020-05-27T18:15:00.000000000,1037.406666666667,-4334.390789310932,2105.7552547172704,5371.7974559775985,-1068.3485880506034,0.0489462208387959,-0.20450229942798615,0.09935232251882553
2020-05-27T18:30:00.000000000,425.1295238095245,-4453.685163427193,1198.1680022275448,4878.814687236718,-773.0384784180203,0.020058174124072,-0.21013076603412628,0.0565311536192894
2020-05-27T18:45:00.000000000,17.608095238094204,-4522.380177525679,249.60147650306422,4539.988272763773,-231.99338126497003,0.0008307732596741,-0.2133718878030777,0.01177652832120657
2020-05-27T19:00:00.000000000,0.0,-4521.704306614399,-494.59427927295366,4521.704306614399,494.59427927295366,0.0,-0.21333999931812286,-0.023335613310337067
2020-05-27T19:15:00.000000000,0.0,-4337.4707393701865,-855.604094155232,4337.4707393701865,855.604094155232,0.0,-0.20464761555194855,-0.04036853462457657
2020-05-27T19:30:00.000000000,0.0,-4004.766650914351,-899.6039221346377,4004.766650914351,899.6039221346377,0.0,-0.18895019590854645,-0.04244450479745865
2020-05-27T19:45:00.000000000,0.0,-3621.8289307188984,-776.961776214838,3621.8289307188984,776.961776214838,0.0,-0.1708826869726181,-0.03665808588266373
2020-05-27T20:00:00.000000000,0.0,-3310.9958986210822,-660.1333834421634,3310.9958986210822,660.1333834421634,0.0,-0.15621717274188995,-0.031145967543125153
2020-05-27T20:15:00.000000000,0.0,-3083.910852291584,-568.1239811797936,3083.910852291584,568.1239811797936,0.0,-0.1455029994249344,-0.026804842054843903
2020-05-27T20:30:00.000000000,0.0,-2904.4387008690833,-496.97435552875197,2904.4387008690833,496.97435552875197,0.0,-0.13703526556491852,-0.023447908461093903
2020-05-27T20:45:00.000000000,0.0,-2751.6830317489303,-405.07612455646193,2751.6830317489303,405.07612455646193,0.0,-0.1298280507326126,-0.019112028181552887
2020-05-27T21:00:00.000000000,0.0,-2614.9006557170546,-278.3427685699363,2614.9006557170546,278.3427685699363,0.0,-0.12337447702884674,-0.013132580555975437
2020-05-27T21:15:00.000000000,0.0,-2494.4295082290964,-152.02123194153108,2494.4295082290964,152.02123194153108,0.0,-0.11769048869609833,-0.00717256311327219
2020-05-27T21:30:00.000000000,0.0,-2402.1358611909545,-36.42456406313305,2402.1358611909545,36.42456406313305,0.0,-0.11333595216274261,-0.0017185591859743
2020-05-27T21:45:00.000000000,0.0,-2338.449871696631,51.91049826368689,2338.449871696631,-51.91049826368689,0.0,-0.11033116281032562,0.0024492060765624046
2020-05-27T22:00:00.000000000,0.0,-2301.9250496649743,142.3505535362661,2301.9250496649743,-142.3505535362661,0.0,-0.10860787332057953,0.006716287694871426
2020-05-27T22:15:00.000000000,0.0,-2284.0132072059314,234.83969781463344,2284.0132072059314,-234.83969781463344,0.0,-0.10776276886463165,0.01108004804700613
2020-05-27T22:30:00.000000000,0.0,-2286.1892588782307,306.61324074849483,2286.1892588782307,-306.61324074849483,0.0,-0.10786543786525726,0.014466418884694576
2020-05-27T22:45:00.000000000,0.0,-2304.623480069637,377.42716147581734,2304.623480069637,-377.42716147581734,0.0,-0.10873518884181976,0.01780751347541809
2020-05-27T23:00:00.000000000,0.0,-2324.7694864662485,452.2547566115856,2324.7694864662485,-452.2547566115856,0.0,-0.10968570411205292,0.021337978541851044
2020-05-27T23:15:00.000000000,0.0,-2340.77878389279,528.9582093536853,2340.77878389279,-528.9582093536853,0.0,-0.11044104397296906,0.024956949055194855
2020-05-27T23:30:00.000000000,0.0,-2372.588300921917,578.75473579367,2372.588300921917,-578.75473579367,0.0,-0.111941859126091,0.027306415140628815
2020-05-27T23:45:00.000000000,0.0,-2405.382568185329,601.0253139754136,2405.382568185329,-601.0253139754136,0.0,-0.11348913609981537,0.028357170522212982
2020-05-28T00:00:00.000000000,0.0,-2436.5635884324706,608.5972789744536,2436.5635884324706,-608.5972789744536,0.0,-0.11496029794216156,0.02871442586183548
2020-05-28T00:15:00.000000000,0.0,-2454.5190150904655,616.5855046562353,2454.5190150904655,-616.5855046562353,0.0,-0.11580745875835419,0.02909132093191147
2020-05-28T00:30:00.000000000,0.0,-2455.5195567011833,609.1054454680284,2455.5195567011833,-609.1054454680284,0.0,-0.1158546656370163,0.02873840183019638
2020-05-28T00:45:00.000000000,0.0,-2445.202102995713,592.5788225495814,2445.202102995713,-592.5788225495814,0.0,-0.11536787450313568,0.02795865386724472
2020-05-28T01:00:00.000000000,0.0,-2423.9936527927716,566.4491477954388,2423.9936527927716,-566.4491477954388,0.0,-0.11436723172664642,0.02672582119703293
2020-05-28T01:15:00.000000000,0.0,-2379.23583874464,556.4292036219438,2379.23583874464,-556.4292036219438,0.0,-0.11225549876689911,0.026253066956996918
2020-05-28T01:30:00.000000000,0.0,-2313.982081398169,561.1426136593024,2313.982081398169,-561.1426136593024,0.0,-0.10917674005031586,0.0264754518866539
2020-05-28T01:45:00.000000000,0.0,-2244.695838166078,551.1435141026973,2244.695838166078,-551.1435141026973,0.0,-0.10590772330760956,0.026003681123256683
2020-05-28T02:00:00.000000000,0.0,-2177.6582869378726,533.018803889354,2177.6582869378726,-533.018803889354,0.0,-0.10274480283260345,0.025148533284664154
2020-05-28T02:15:00.000000000,0.0,-2117.8342364637056,516.1043447657426,2117.8342364637056,-516.1043447657426,0.0,-0.09992222487926483,0.02435048669576645
2020-05-28T02:30:00.000000000,0.0,-2061.4653391528127,509.7322085479895,2061.4653391528127,-509.7322085479895,0.0,-0.0972626656293869,0.02404984086751938
2020-05-28T02:45:00.000000000,0.0,-2007.0040401148794,529.9464336907863,2007.0040401148794,-529.9464336907863,0.0,-0.09469310939311981,0.025003574788570404
2020-05-28T03:00:00.000000000,0.0,-1955.396558625698,548.5587816083431,1955.396558625698,-548.5587816083431,0.0,-0.09225820004940033,0.025881730020046234
2020-05-28T03:15:00.000000000,0.0,-1930.1341462651887,555.2707482469082,1930.1341462651887,-555.2707482469082,0.0,-0.09106628596782684,0.026198409497737885
2020-05-28T03:30:00.000000000,0.0,-1936.0451742911337,554.0604971571763,1936.0451742911337,-554.0604971571763,0.0,-0.0913451761007309,0.02614130824804306
2020-05-28T03:45:00.000000000,0.0,-1949.1835994823773,596.9157661728063,1949.1835994823773,-596.9157661728063,0.0,-0.09196506440639496,0.028163276612758636
2020-05-28T04:00:00.000000000,0.0,-1960.5129645895956,684.0184719502926,1960.5129645895956,-684.0184719502926,0.0,-0.09249959886074066,0.03227289766073227
2020-05-28T04:15:00.000000000,0.0,-1957.829693906307,788.8833179382483,1957.829693906307,-788.8833179382483,0.0,-0.09237299859523773,0.037220560014247894
2020-05-28T04:30:00.000000000,0.0,-1947.1193507552146,938.4364959180355,1947.1193507552146,-938.4364959180355,0.0,-0.09186767041683197,0.04427667707204819
2020-05-28T04:45:00.000000000,0.0,-1934.7060655697185,1107.7478440892696,1934.7060655697185,-1107.7478440892696,0.0,-0.09128199517726898,0.05226501077413559
2020-05-28T05:00:00.000000000,0.0,-1887.349622615973,1292.3010287924608,1887.349622615973,-1292.3010287924608,0.0,-0.08904765546321869,0.06097247451543808
2020-05-28T05:15:00.000000000,0.0,-1808.7919464532533,1472.30124384284,1808.7919464532533,-1472.30124384284,0.0,-0.0853412002325058,0.06946512311697006
2020-05-28T05:30:00.000000000,0.0,-1711.654768435955,1628.5006963352362,1711.654768435955,-1628.5006963352362,0.0,-0.08075813949108124,0.07683482021093369
2020-05-28T05:45:00.000000000,0.0,-1585.389449107647,1782.157105567058,1585.389449107647,-1782.157105567058,0.0,-0.0748007744550705,0.08408453315496445
2020-05-28T06:00:00.000000000,252.44952380952392,-1439.6021985793113,1945.6597538316248,1692.0517223888353,-1693.2102300221009,0.0119109029660787,-0.06792233884334564,0.0917988047003746
2020-05-28T06:15:00.000000000,655.3085714285713,-1195.187064098517,2232.5277930565676,1850.4956355270883,-1577.2192216279964,0.0309183265206496,-0.05639050900936127,0.10533361881971359
2020-05-28T06:30:00.000000000,1224.6000000000006,-764.713510913054,2673.3091672078767,1989.3135109130546,-1448.7091672078761,0.0577782502900079,-0.036080196499824524,0.12613026797771454
2020-05-28T06:45:00.000000000,2105.2752380952384,-56.64275925666094,3344.8008139761287,2161.9179973518994,-1239.5255758808903,0.0993296746986956,-0.002672480419278145,0.15781213343143463
2020-05-28T07:00:00.000000000,2811.9000000000065,1081.5422128144899,4322.666008137861,1730.3577871855166,-1510.766008137855,0.132669167067184,0.05102859437465668,0.20394910871982574
2020-05-28T07:15:00.000000000,4147.820000000003,2605.931153903802,5489.4886018896095,1541.8888460962012,-1341.6686018896062,0.195699642428467,0.12295128405094147,0.25900134444236755
2020-05-28T07:30:00.000000000,6509.301904761912,4546.685000819365,6982.679468045234,1962.6169039425467,-473.37756328332216,0.30711748707052,0.21451862156391144,0.3294520676136017
2020-05-28T07:45:00.000000000,7862.166190476184,7163.71054414908,9060.14241900603,698.4556463271038,-1197.9762285298457,0.370947416278761,0.3379933536052704,0.42746952176094055
2020-05-28T08:00:00.000000000,9085.473333333324,9656.439321136473,10449.038192035356,-570.9659878031489,-1363.5648587020314,0.428664667856055,0.45560359954833984,0.49299946427345276
2020-05-28T08:15:00.000000000,10636.220000000005,11567.24261185646,10840.485569162369,-931.0226118564551,-204.26556916236405,0.501830949942502,0.5457578301429749,0.5114684700965881
2020-05-28T08:30:00.000000000,12014.546666666667,12716.948301038741,10459.891289229392,-702.4016343720741,1554.655377437275,0.56686222801539,0.6000024676322937,0.49351152777671814
2020-05-28T08:45:00.000000000,13722.342857142863,13314.384077237446,10082.14387863954,407.95877990541703,3640.198978503324,0.647438314686675,0.628190279006958,0.4756889045238495
2020-05-28T09:00:00.000000000,14996.162380952388,13862.218508408863,10445.3152171278,1133.9438725435248,4550.847163824588,0.707538807313627,0.6540378332138062,0.4928238093852997
2020-05-28T09:15:00.000000000,16001.47333333334,14330.96088323911,10895.186897122065,1670.512450094231,5106.286436211276,0.754970709833595,0.6761537194252014,0.5140493512153625
2020-05-28T09:30:00.000000000,17047.399999999987,14656.366829163233,11240.22468222618,2391.033170836754,5807.1753177738065,0.804318915559268,0.6915068030357361,0.5303286910057068
2020-05-28T09:45:00.000000000,15596.063333333337,14805.791149511337,11572.399443744023,790.2721838220004,4023.663889589314,0.735842928966314,0.6985568404197693,0.546001136302948
2020-05-28T10:00:00.000000000,13857.900952380956,14890.508725792566,12041.198667529423,-1032.6077734116097,1816.7022848515335,0.653834125200723,0.702553927898407,0.5681197047233582
2020-05-28T10:15:00.000000000,13712.165238095246,14922.787562529245,12493.251452436447,-1210.622324434,1218.9137856587986,0.646958121137198,0.704076886177063,0.5894481539726257
2020-05-28T10:30:00.000000000,13940.73952380953,14905.29324406306,13047.430227003097,-964.5537202535288,893.3092968064338,0.657742558741199,0.7032514810562134,0.6155950427055359
2020-05-28T10:45:00.000000000,13776.766666666665,14879.709950933455,13883.241252024967,-1102.9432842667902,-106.47458535830265,0.650006102118001,0.7020444273948669,0.6550297141075134
2020-05-28T11:00:00.000000000,13565.814285714292,14853.334562362033,14733.731940577823,-1287.5202766477414,-1167.9176548635314,0.640053089325302,0.7008000016212463,0.695156991481781
2020-05-28T11:15:00.000000000,13402.76380952382,14812.693875977197,15500.55612686475,-1409.9300664533766,-2097.792317340931,0.632360151857363,0.698882520198822,0.731336772441864
2020-05-28T11:30:00.000000000,13763.019999999997,14697.66696342786,16015.01643143018,-934.6469634278637,-2251.9964314301833,0.649357516173758,0.6934553980827332,0.7556096911430359
2020-05-28T11:45:00.000000000,13773.360000000002,14605.919066359202,16697.26958540916,-832.5590663591993,-2923.9095854091593,0.649845371071683,0.6891266107559204,0.7877992987632751
2020-05-28T12:00:00.000000000,13967.489047619047,14570.982225141524,17252.706616849897,-603.4931775224777,-3285.21756923085,0.659004636710989,0.687478244304657,0.8140055537223816
2020-05-28T12:15:00.000000000,14028.457619047627,14630.748163350423,17557.95265996615,-602.2905443027958,-3529.495040918524,0.661881214679162,0.6902980804443359,0.8284074664115906
2020-05-28T12:30:00.000000000,13821.926666666668,14778.698200794855,18063.837615474065,-956.7715341281873,-4241.910948807397,0.652136810743754,0.6972785592079163,0.8522757887840271
2020-05-28T12:45:00.000000000,13813.906190476195,14899.730889628727,18259.43844712893,-1085.824699152532,-4445.532256652736,0.651758394051954,0.7029890418052673,0.8615044951438904
2020-05-28T13:00:00.000000000,13773.714761904766,15014.978881448109,18293.88638733228,-1241.2641195433425,-4520.171625427514,0.649862109208321,0.7084265947341919,0.8631297945976257
2020-05-28T13:15:00.000000000,13694.470000000003,15101.075992374419,18380.09466954867,-1406.605992374416,-4685.624669548668,0.646123236362081,0.7124887704849243,0.8671972155570984
2020-05-28T13:30:00.000000000,1948.213333333334,15087.630582825343,17713.10735499382,-13139.41724949201,-15764.894021660486,0.0919192859641221,0.7118543982505798,0.835727870464325
2020-05-28T13:45:00.000000000,6171.892857142855,14838.777439912159,17545.35493150393,-8666.884582769304,-11373.462074361076,0.291198081220898,0.7001131772994995,0.8278130888938904
2020-05-28T14:00:00.000000000,11072.33619047619,14452.885469013849,16899.77819677035,-3380.549278537659,-5827.442006294159,0.522407489554504,0.6819062829017639,0.7973539233207703
2020-05-28T14:15:00.000000000,11196.253333333329,14028.506755475997,16715.046885341006,-2832.2534221426686,-5518.793552007677,0.528254064513856,0.661883533000946,0.7886380553245544
2020-05-28T14:30:00.000000000,12015.805238095245,13399.149659303028,16724.8451185894,-1383.344421207783,-4709.039880494156,0.566921609082684,0.6321896314620972,0.7891003489494324
2020-05-28T14:45:00.000000000,12799.890879120885,12707.849941593806,16323.02659707705,92.04093752707922,-3523.1357179561655,0.603915808344468,0.5995731949806213,0.7701420187950134
2020-05-28T15:00:00.000000000,16618.490952380962,11814.81854824384,15828.971277481714,4803.672404137122,789.5196748992475,0.784082418494936,0.5574387907981873,0.7468318343162537
2020-05-28T15:15:00.000000000,15936.966666666674,10708.510088116327,14801.652545576095,5228.456578550347,1135.3141210905796,0.751927199844994,0.5052416920661926,0.6983615756034851
2020-05-28T15:30:00.000000000,14512.293333333322,9254.67512195905,13792.601277926762,5257.6182113742725,719.69205540656,0.684709224640981,0.43664783239364624,0.6507532000541687
2020-05-28T15:45:00.000000000,13171.85809523809,7604.390379749933,12901.27029999097,5567.467715488157,270.5877952471201,0.621465714364799,0.3587852120399475,0.6086990237236023
2020-05-28T16:00:00.000000000,11621.943809523815,5820.938223401705,11920.274623365402,5801.00558612211,-298.33081384158686,0.548338705114384,0.2746395766735077,0.5624143481254578
2020-05-28T16:15:00.000000000,10047.572857142864,3962.7375867136316,10940.330020755131,6084.835270429233,-892.7571636122666,0.474057797931643,0.18696720898151398,0.5161792635917664
2020-05-28T16:30:00.000000000,8557.681904761896,2207.7544396241506,9907.807082832654,6349.9274651377455,-1350.125178070759,0.403762769063861,0.10416477918624878,0.4674634635448456
2020-05-28T16:45:00.000000000,6287.973333333325,646.423113031884,8699.615188587506,5641.550220301441,-2411.641855254181,0.296674911865285,0.03049909882247448,0.41045936942100525
2020-05-28T17:00:00.000000000,5765.273809523816,-890.11820022583,7212.774982377688,6655.392009749647,-1447.5011728538711,0.272013255885264,-0.04199695587158203,0.340308278799057
2020-05-28T17:15:00.000000000,4618.219743589743,-1951.3912339075405,6195.653689716657,6569.610977497284,-1577.4339461269137,0.217893725493536,-0.09206922352313995,0.2923191487789154
2020-05-28T17:30:00.000000000,3525.3076190476136,-2737.361516635418,5213.558617463907,6262.6691356830315,-1688.250998416293,0.166328683621268,-0.1291523426771164,0.2459826022386551
2020-05-28T17:45:00.000000000,2494.2866666666587,-3334.5060998527206,4174.63006560564,5828.792766519379,-1680.3433989389814,0.117683749241953,-0.15732641518115997,0.1969645768404007
2020-05-28T18:00:00.000000000,1656.1399999999999,-3770.353142610391,3157.427921097278,5426.49314261039,-1501.2879210972783,0.0781388791730309,-0.17789025604724884,0.14897163212299347
2020-05-28T18:15:00.000000000,996.8747619047626,-4224.195406294663,2076.120526050329,5221.070168199426,-1079.2457641455662,0.0470338718774501,-0.19930313527584076,0.09795411676168442
2020-05-28T18:30:00.000000000,434.0661904761902,-4422.753646927675,1192.2051784869034,4856.819837403865,-758.1389880107132,0.0204798178962629,-0.20867137610912323,0.056249819695949554
2020-05-28T18:45:00.000000000,23.693333333333282,-4467.663058189551,378.09403130253156,4491.356391522884,-354.4006979691983,0.0011178828544324,-0.2107902616262436,0.0178389772772789
2020-05-28T19:00:00.000000000,0.0,-4400.023539691766,-283.0416505409777,4400.023539691766,283.0416505409777,0.0,-0.20759893953800201,-0.013354280032217503
2020-05-28T19:15:00.000000000,0.0,-4192.888686691125,-645.7910237117608,4192.888686691125,645.7910237117608,0.0,-0.19782604277133942,-0.030469276010990143
2020-05-28T19:30:00.000000000,0.0,-3896.854069275061,-748.6206771051883,3896.854069275061,748.6206771051883,0.0,-0.1838587373495102,-0.035320915281772614
2020-05-28T19:45:00.000000000,0.0,-3564.806902078787,-689.5141867760817,3564.806902078787,689.5141867760817,0.0,-0.1681923121213913,-0.03253219276666641
2020-05-28T20:00:00.000000000,0.0,-3269.8852608736356,-585.4540693310896,3269.8852608736356,585.4540693310896,0.0,-0.1542775183916092,-0.02762249857187271
2020-05-28T20:15:00.000000000,0.0,-3043.946036818027,-490.84098492264746,3043.946036818027,490.84098492264746,0.0,-0.1436174064874649,-0.02315852791070938
2020-05-28T20:30:00.000000000,0.0,-2861.9826378496487,-409.55455891251563,2861.9826378496487,409.55455891251563,0.0,-0.13503213226795197,-0.019323326647281647
2020-05-28T20:45:00.000000000,0.0,-2722.865664726098,-362.70722993493075,2722.865664726098,362.70722993493075,0.0,-0.12846840918064117,-0.017113007605075836
2020-05-28T21:00:00.000000000,0.0,-2613.6108160901067,-306.9497944586972,2613.6108160901067,306.9497944586972,0.0,-0.12331362068653107,-0.01448229793459177
2020-05-28T21:15:00.000000000,0.0,-2516.342253820896,-204.47134127711254,2516.342253820896,204.47134127711254,0.0,-0.11872436106204987,-0.009647228755056858
2020-05-28T21:30:00.000000000,0.0,-2421.0305589191116,-69.52834477201104,2421.0305589191116,69.52834477201104,0.0,-0.11422742903232574,-0.0032804394140839577
2020-05-28T21:45:00.000000000,0.0,-2338.5863091890014,67.0569548819959,2338.5863091890014,-67.0569548819959,0.0,-0.11033760011196136,0.0031638359650969505
2020-05-28T22:00:00.000000000,0.0,-2296.447337008317,179.27300242647527,2296.447337008317,-179.27300242647527,0.0,-0.10834942758083344,0.008458337746560574
2020-05-28T22:15:00.000000000,0.0,-2278.529809653759,281.975061498334,2278.529809653759,-281.975061498334,0.0,-0.10750405490398407,0.01330395694822073
2020-05-28T22:30:00.000000000,0.0,-2282.0329686013856,381.1386086785793,2282.0329686013856,-381.1386086785793,0.0,-0.10766933858394623,0.01798262447118759
2020-05-28T22:45:00.000000000,0.0,-2305.0340558568637,465.38954978624975,2305.0340558568637,-465.38954978624975,0.0,-0.10875456035137177,0.021957695484161377
2020-05-28T23:00:00.000000000,0.0,-2346.7738220413526,510.9314056742191,2346.7738220413526,-510.9314056742191,0.0,-0.11072389781475067,0.024106420576572418
2020-05-28T23:15:00.000000000,0.0,-2398.7779829065003,545.6940680098534,2398.7779829065003,-545.6940680098534,0.0,-0.11317752301692963,0.02574656903743744
2020-05-28T23:30:00.000000000,0.0,-2451.2988376084963,577.4184695200125,2451.2988376084963,-577.4184695200125,0.0,-0.11565552651882172,0.027243368327617645
2020-05-28T23:45:00.000000000,0.0,-2497.610523097515,602.9922878237564,2497.610523097515,-602.9922878237564,0.0,-0.11784057319164276,0.028449974954128265
2020-05-29T00:00:00.000000000,0.0,-2526.6969751747447,615.9083704348404,2526.6969751747447,-615.9083704348404,0.0,-0.11921291053295135,0.02905937284231186
2020-05-29T00:15:00.000000000,0.0,-2549.8067071000733,604.8613551382223,2549.8067071000733,-604.8613551382223,0.0,-0.12030325829982758,0.028538160026073456
2020-05-29T00:30:00.000000000,0.0,-2576.357695777416,571.122131909132,2576.357695777416,-571.122131909132,0.0,-0.12155596911907196,0.0269462987780571
2020-05-29T00:45:00.000000000,0.0,-2577.0196702774365,536.7329356261095,2577.0196702774365,-536.7329356261095,0.0,-0.12158720195293427,0.025323770940303802
2020-05-29T01:00:00.000000000,0.0,-2544.128128135204,494.29961218873655,2544.128128135204,-494.29961218873655,0.0,-0.1200353354215622,0.023321710526943207
2020-05-29T01:15:00.000000000,0.0,-2502.972011223634,444.4443418284257,2502.972011223634,-444.4443418284257,0.0,-0.11809353530406952,0.02096947282552719
2020-05-29T01:30:00.000000000,0.0,-2444.223037656943,403.9704123787085,2444.223037656943,-403.9704123787085,0.0,-0.11532168090343475,0.019059859216213226
2020-05-29T01:45:00.000000000,0.0,-2353.584326868852,392.9265553573767,2353.584326868852,-392.9265553573767,0.0,-0.1110452264547348,0.01853879541158676
2020-05-29T02:00:00.000000000,0.0,-2254.9412831950185,379.5266249724229,2254.9412831950185,-379.5266249724229,0.0,-0.10639111697673798,0.017906568944454193
2020-05-29T02:15:00.000000000,0.0,-2179.80465082248,347.43349482258157,2179.80465082248,-347.43349482258157,0.0,-0.10284607112407684,0.01639237254858017
2020-05-29T02:30:00.000000000,0.0,-2125.282712899049,323.8335788335899,2125.282712899049,-323.8335788335899,0.0,-0.10027365386486053,0.015278897248208523
2020-05-29T02:45:00.000000000,0.0,-2089.374386203289,303.4184873825808,2089.374386203289,-303.4184873825808,0.0,-0.09857945144176483,0.01431568618863821
2020-05-29T03:00:00.000000000,0.0,-2056.909842879772,281.34340644106265,2056.909842879772,-281.34340644106265,0.0,-0.09704773128032684,0.013274154625833035
2020-05-29T03:15:00.000000000,0.0,-2018.7654572812714,286.6530988524854,2018.7654572812714,-286.6530988524854,0.0,-0.0952480286359787,0.013524672947824001
2020-05-29T03:30:00.000000000,0.0,-1983.0390472420056,337.37501969059304,1983.0390472420056,-337.37501969059304,0.0,-0.09356240928173065,0.01591780036687851
2020-05-29T03:45:00.000000000,0.0,-1959.631174129645,431.77965793013567,1959.631174129645,-431.77965793013567,0.0,-0.09245799481868744,0.0203719362616539
2020-05-29T04:00:00.000000000,0.0,-1944.552304602464,590.030726048549,1944.552304602464,-590.030726048549,0.0,-0.09174655377864838,0.027838431298732758
2020-05-29T04:15:00.000000000,0.0,-1938.1637453532217,804.2716984434923,1938.1637453532217,-804.2716984434923,0.0,-0.09144513309001923,0.03794660419225693
2020-05-29T04:30:00.000000000,0.0,-1922.0476982220014,1033.877048451503,1922.0476982220014,-1033.877048451503,0.0,-0.09068475663661957,0.0487796887755394
2020-05-29T04:45:00.000000000,0.0,-1874.2200405955314,1270.7590647192794,1874.2200405955314,-1270.7590647192794,0.0,-0.08842818439006805,0.05995609611272812
2020-05-29T05:00:00.000000000,0.0,-1783.4499455555278,1558.0307315258185,1783.4499455555278,-1558.0307315258185,0.0,-0.08414553105831146,0.07350995391607285
2020-05-29T05:15:00.000000000,0.0,-1674.7117907563845,1845.5639035260676,1674.7117907563845,-1845.5639035260676,0.0,-0.07901512086391449,0.08707614988088608
2020-05-29T05:30:00.000000000,0.0,-1613.1860615579287,2032.4782148333388,1613.1860615579287,-2032.4782148333388,0.0,-0.07611225545406342,0.09589501470327377
2020-05-29T05:45:00.000000000,0.0,-1567.3039015078543,2142.170168768962,1567.3039015078543,-2142.170168768962,0.0,-0.073947474360466,0.10107042640447617
2020-05-29T06:00:00.000000000,372.9657142857133,-1477.4193868581453,2205.877634535233,1850.3851011438587,-1832.9119202495197,0.0175970164866826,-0.06970660388469696,0.10407622903585434
2020-05-29T06:15:00.000000000,1103.2800000000007,-1182.7181932679812,2387.719755732616,2285.998193267982,-1284.4397557326151,0.0520542119712232,-0.05580221116542816,0.11265578120946884
2020-05-29T06:30:00.000000000,1823.526666666667,-513.4822261876861,2941.237661195596,2337.0088928543532,-1117.710994528929,0.0860364038520092,-0.024226771667599678,0.13877148926258087
2020-05-29T06:45:00.000000000,2239.4328571428587,536.0916083507736,3875.039861872196,1703.341248792085,-1635.6070047293374,0.105659408890795,0.025293512269854546,0.18282951414585114
2020-05-29T07:00:00.000000000,2366.1066666666625,1779.8551966245968,4830.691010979811,586.2514700420656,-2464.5843443131484,0.111636047035377,0.08397592604160309,0.22791840136051178
2020-05-29T07:15:00.000000000,2647.7314285714187,2996.391885831356,5553.164484903017,-348.6604572599372,-2905.4330563315984,0.124923476384713,0.14137373864650726,0.26200565695762634
2020-05-29T07:30:00.000000000,3350.7599999999957,4033.3092479872703,6104.771791731516,-682.5492479872746,-2754.01179173152,0.158093295722478,0.19029687345027924,0.2880312204360962
2020-05-29T07:45:00.000000000,4007.2466666666683,5106.672475292682,6922.943217624028,-1099.4258086260138,-2915.6965509573597,0.189067206337144,0.24093957245349884,0.32663363218307495
2020-05-29T08:00:00.000000000,5020.96904761905,6253.306741758982,7815.5924596643445,-1232.337694139932,-2794.6234120452946,0.23689597120016,0.2950392961502075,0.3687500059604645
2020-05-29T08:15:00.000000000,8687.833809523809,7514.175509505271,8725.141632761955,1173.6583000185374,-37.30782323814674,0.409903508349387,0.3545287549495697,0.4116637408733368
2020-05-29T08:30:00.000000000,11963.520000000008,9661.658686874707,10658.723036502202,2301.8613131253005,1304.7969634978053,0.564454722284432,0.45584985613822937,0.5028926730155945
2020-05-29T08:45:00.000000000,14357.653333333325,12158.083909257251,12583.072801580429,2199.569424076073,1774.5805317528957,0.677413104581495,0.5736345052719116,0.593686044216156
2020-05-29T09:00:00.000000000,16293.415714285711,14026.278276433944,13312.358991123834,2267.1374378517667,2981.056723161877,0.768744938117873,0.6617783904075623,0.6280947327613831
2020-05-29T09:15:00.000000000,15399.982857142859,14854.077388709386,12651.440618359247,545.9054684334733,2748.5422387836115,0.726591592341851,0.7008350491523743,0.5969117283821106
2020-05-29T09:30:00.000000000,14398.516666666676,15006.293624410628,11632.214651047389,-607.7769577439522,2766.302015619287,0.679341090781902,0.7080168128013611,0.5488232970237732
2020-05-29T09:45:00.000000000,13548.219999999998,14981.406415154139,10909.353656746545,-1433.1864151541413,2638.866343253452,0.639222967617255,0.7068426012992859,0.5147177577018738
2020-05-29T10:00:00.000000000,12696.673333333336,14843.288720331191,10585.90647315502,-2146.6153869978552,2110.7668601783153,0.59904586779667,0.7003260254859924,0.49945709109306335
2020-05-29T10:15:00.000000000,13185.052380952387,14557.150242697397,10564.672756749787,-1372.0978617450091,2620.3796242026,0.622088238243942,0.6868256330490112,0.4984552562236786
2020-05-29T10:30:00.000000000,11856.645238095234,14234.590534461338,10979.760456050237,-2377.9452963661042,876.8847820449973,0.559412229435323,0.6716068387031555,0.5180396437644958
2020-05-29T10:45:00.000000000,11977.514761904751,14178.11172917048,11719.13544016838,-2200.5969672657284,258.3793217363709,0.565115013690672,0.6689420938491821,0.5529243350028992
2020-05-29T11:00:00.000000000,10582.933333333327,14275.779497435888,12637.657905009586,-3692.8461641025606,-2054.724571676259,0.499316814417606,0.6735501885414124,0.5962614417076111
2020-05-29T11:15:00.000000000,11047.16666666666,14498.147343797682,13499.988335955937,-3450.9806771310214,-2452.8216692892765,0.52121995807782,0.6840417981147766,0.6369473338127136
2020-05-29T11:30:00.000000000,10791.015238095235,14828.01277442614,14662.294280220667,-4036.997536330906,-3871.279042125432,0.509134394340973,0.6996052861213684,0.6917864680290222
2020-05-29T11:45:00.000000000,11843.967619047628,15018.879983081817,15260.229063914616,-3174.9123640341895,-3416.2614448669883,0.558814082573969,0.7086106538772583,0.7199978232383728
2020-05-29T12:00:00.000000000,10938.149047619054,15205.059047902425,15859.61412762006,-4266.910000283371,-4921.465080001006,0.51607636238996,0.7173948287963867,0.7482776045799255
2020-05-29T12:15:00.000000000,11684.646666666666,15244.60949765841,15797.782677373885,-3559.9628309917443,-4113.13601070722,0.551297108980053,0.7192608714103699,0.7453603148460388
2020-05-29T12:30:00.000000000,12515.521428571425,15198.362240985234,15861.089673833845,-2682.8408124138095,-3345.5682452624205,0.590498880948846,0.7170788645744324,0.7483472228050232
2020-05-29T12:45:00.000000000,13116.26333333333,15144.422689024606,15672.553272339503,-2028.1593556912758,-2556.289939006172,0.618842679848919,0.7145339250564575,0.7394518256187439
2020-05-29T13:00:00.000000000,14079.005238095227,14919.727825431823,15514.033119166692,-840.7225873365951,-1435.0278810714644,0.664266118308834,0.703932523727417,0.7319726347923279
2020-05-29T13:15:00.000000000,14592.581428571428,14903.697683388391,15598.816387573877,-311.1162548169632,-1006.2349590024496,0.688497323336045,0.7031762003898621,0.7359728217124939
2020-05-29T13:30:00.000000000,14218.862380952389,14756.50436870257,15455.789469645817,-537.6419877501812,-1236.9270886934282,0.670864763584717,0.6962314248085022,0.7292246222496033
2020-05-29T13:45:00.000000000,14363.55761904763,14477.143549833298,15181.059945656458,-113.5859307856681,-817.5023266088283,0.677691676603204,0.683050811290741,0.7162625193595886
2020-05-29T14:00:00.000000000,15103.166190476195,13975.609434359867,15235.028553749718,1127.556756116328,-131.86236327352344,0.712587388800358,0.6593877673149109,0.7188088297843933
2020-05-29T14:15:00.000000000,14378.909999999998,13443.486791083016,15578.17390030225,935.4232089169818,-1199.2639003022523,0.678416022274618,0.6342815160751343,0.734998881816864
2020-05-29T14:30:00.000000000,14172.260476190486,12719.324587364195,15232.699009898502,1452.9358888262905,-1060.4385337080166,0.668666023982133,0.6001145839691162,0.7186989188194275
2020-05-29T14:45:00.000000000,13368.426190476199,11817.494239066442,14486.66385485649,1550.931951409757,-1118.2376643802909,0.630740057501903,0.5575650334358215,0.6834999918937683
2020-05-29T15:00:00.000000000,13224.851428571421,10541.349525415102,13500.180359093347,2683.501903156319,-275.32893052192594,0.623966010034434,0.4973548352718353,0.6369563937187195
2020-05-29T15:15:00.000000000,14729.595238095237,9243.40134249687,13128.362926181157,5486.193895598366,1601.2323119140801,0.694961816378552,0.43611592054367065,0.6194135546684265
2020-05-29T15:30:00.000000000,14596.16380952381,8396.068297575313,13687.746538419722,6200.095511948497,908.4172711040883,0.688666344815141,0.39613762497901917,0.6458060145378113
2020-05-29T15:45:00.000000000,13833.683516483521,7346.567735023498,13236.052533585229,6487.115781460023,597.6309828982921,0.652691514493011,0.3466207981109619,0.6244944930076599
2020-05-29T16:00:00.000000000,14028.923576423582,6053.95703733921,12237.668656543095,7974.966539084372,1791.2549198804863,0.661903199165437,0.28563371300697327,0.5773894190788269
2020-05-29T16:15:00.000000000,14224.16363636364,4379.655190714995,11023.329495280583,9844.508445648646,3200.834141083058,0.671114883837863,0.2066379338502884,0.5200952887535095
2020-05-29T16:30:00.000000000,12724.846666666677,2478.7932031138735,10059.60137295564,10246.053463552804,2665.2452937110374,0.600375122985987,0.11695274710655212,0.4746253192424774
2020-05-29T16:45:00.000000000,11092.120952380956,726.2545610960324,9237.747398079237,10365.866391284922,1854.3735543017192,0.523340960831053,0.03426565229892731,0.4358491599559784
2020-05-29T17:00:00.000000000,8883.212380952376,-812.0936409314473,8201.107964148521,9695.306021883824,682.1044168038552,0.419121728177334,-0.038315653800964355,0.386939138174057
2020-05-29T17:15:00.000000000,7004.706666666665,-2199.8341168610254,7086.077610990206,9204.540783527691,-81.37094432354115,0.330491340025113,-0.10379108786582947,0.3343305289745331
2020-05-29T17:30:00.000000000,5123.639999999989,-3323.290432655811,6029.697693209648,8446.930432655801,-906.0576932096583,0.241740122746934,-0.15679724514484406,0.28448912501335144
2020-05-29T17:45:00.000000000,3407.8066666666637,-4133.1657010261215,4946.987550194263,7540.972367692785,-1539.1808835275997,0.160784833028437,-0.19500823318958282,0.23340542614459991
2020-05-29T18:00:00.000000000,2004.1114285714282,-4597.68988338391,3808.7476636115707,6601.801311955338,-1804.6362350401425,0.0945566321485099,-0.21692509949207306,0.1797017604112625
2020-05-29T18:15:00.000000000,778.6838095238103,-4818.271409243743,2647.978062359889,5596.955218767553,-1869.2942528360786,0.0367393336954463,-0.22733242809772491,0.12493511289358139
2020-05-29T18:30:00.000000000,338.1823809523819,-4954.597098669211,1432.6434127271175,5292.779479621593,-1094.4610317747356,0.0159558927407623,-0.23376445472240448,0.067594014108181
2020-05-29T18:45:00.000000000,0.0,-4857.195888837973,568.0946092196306,4857.195888837973,-568.0946092196306,0.0,-0.22916893661022186,0.026803456246852875
2020-05-29T19:00:00.000000000,0.0,-4589.105059500535,-29.246435992301752,4589.105059500535,29.246435992301752,0.0,-0.2165200561285019,-0.0013798855943605304
2020-05-29T19:15:00.000000000,0.0,-4186.099026480516,-302.5105227161944,4186.099026480516,302.5105227161944,0.0,-0.19750569760799408,-0.014272847212851048
2020-05-29T19:30:00.000000000,0.0,-3768.0747628188133,-385.69189415891964,3768.0747628188133,385.69189415891964,0.0,-0.17778275907039642,-0.018197454512119293
2020-05-29T19:45:00.000000000,0.0,-3462.1831682340303,-415.42768763502437,3462.1831682340303,415.42768763502437,0.0,-0.16335038840770721,-0.019600428640842438
2020-05-29T20:00:00.000000000,0.0,-3223.118152088324,-410.2064269316196,3223.118152088324,410.2064269316196,0.0,-0.15207098424434662,-0.01935408264398575
2020-05-29T20:15:00.000000000,0.0,-3063.7073652847607,-401.0752214237054,3063.7073652847607,401.0752214237054,0.0,-0.14454977214336395,-0.018923260271549225
2020-05-29T20:30:00.000000000,0.0,-2919.4866192984578,-343.35458229025204,2919.4866192984578,343.35458229025204,0.0,-0.13774524629116058,-0.016199924051761627
2020-05-29T20:45:00.000000000,0.0,-2774.539469996293,-256.62709935600554,2774.539469996293,256.62709935600554,0.0,-0.13090644776821136,-0.01210800651460886
2020-05-29T21:00:00.000000000,0.0,-2642.9619316363332,-186.12428848360975,2642.9619316363332,186.12428848360975,0.0,-0.1246984452009201,-0.00878159049898386
2020-05-29T21:15:00.000000000,0.0,-2537.725672474702,-133.5857474400103,2537.725672474702,133.5857474400103,0.0,-0.11973325908184052,-0.006302752532064915
2020-05-29T21:30:00.000000000,0.0,-2444.4636982337634,-69.5997217934827,2444.4636982337634,69.5997217934827,0.0,-0.11533303558826447,-0.0032838070765137672
2020-05-29T21:45:00.000000000,0.0,-2366.670956345399,40.417536964037765,2366.670956345399,-40.417536964037765,0.0,-0.11166267096996307,0.0019069529371336102
2020-05-29T22:00:00.000000000,0.0,-2298.2216560641923,185.37226365948715,2298.2216560641923,-185.37226365948715,0.0,-0.10843314230442047,0.00874610897153616
2020-05-29T22:15:00.000000000,0.0,-2263.0542607506113,309.18107647006707,2263.0542607506113,-309.18107647006707,0.0,-0.10677389800548553,0.014587572775781155
2020-05-29T22:30:00.000000000,0.0,-2261.6336685268084,407.5297886264324,2261.6336685268084,-407.5297886264324,0.0,-0.10670687258243561,0.01922779530286789
2020-05-29T22:45:00.000000000,0.0,-2282.466283970674,475.17578158855434,2282.466283970674,-475.17578158855434,0.0,-0.10768978297710419,0.02241942286491394
2020-05-29T23:00:00.000000000,0.0,-2324.3386977171895,529.0573791976769,2324.3386977171895,-529.0573791976769,0.0,-0.10966537892818451,0.024961628019809723
2020-05-29T23:15:00.000000000,0.0,-2368.347368867397,578.3520556946595,2368.347368867397,-578.3520556946595,0.0,-0.11174176633358002,0.02728741616010666
2020-05-29T23:30:00.000000000,0.0,-2422.333031647205,622.8701566485563,2422.333031647205,-622.8701566485563,0.0,-0.11428888142108917,0.029387839138507843
2020-05-29T23:45:00.000000000,0.0,-2475.8424265138306,658.2551571293671,2475.8424265138306,-658.2551571293671,0.0,-0.116813525557518,0.03105735033750534
2020-05-30T00:00:00.000000000,0.0,-2524.956133836905,659.9034610013167,2524.956133836905,-659.9034610013167,0.0,-0.11913077533245087,0.03113511949777603
2020-05-30T00:15:00.000000000,0.0,-2567.198697446982,644.5097114280859,2567.198697446982,-644.5097114280859,0.0,-0.12112383544445038,0.030408822000026703
2020-05-30T00:30:00.000000000,0.0,-2584.3304459102947,625.4122524265448,2584.3304459102947,-625.4122524265448,0.0,-0.12193213403224945,0.029507778584957123
2020-05-30T00:45:00.000000000,0.0,-2551.1571856125192,628.8655106246471,2551.1571856125192,-628.8655106246471,0.0,-0.12036697566509247,0.029670707881450653
2020-05-30T01:00:00.000000000,0.0,-2439.009356814225,695.028851253589,2439.009356814225,-695.028851253589,0.0,-0.11507569253444672,0.032792381942272186
2020-05-30T01:15:00.000000000,0.0,-2280.1822192835807,761.5876079483827,2280.1822192835807,-761.5876079483827,0.0,-0.10758201777935028,0.03593271225690842
2020-05-30T01:30:00.000000000,0.0,-2159.140687278906,665.1717800064881,2159.140687278906,-665.1717800064881,0.0,-0.10187111794948578,0.031383685767650604
2020-05-30T01:45:00.000000000,0.0,-2196.2996909880635,262.24342081929245,2196.2996909880635,-262.24342081929245,0.0,-0.10362432897090912,0.012372992001473904
2020-05-30T02:00:00.000000000,0.0,-2335.5834210467337,-151.08890907699862,2335.5834210467337,151.08890907699862,0.0,-0.11019591987133026,-0.007128574885427952
2020-05-30T02:15:00.000000000,0.0,-2436.8377267273268,-514.4775171657403,2436.8377267273268,514.4775171657403,0.0,-0.11497323215007782,-0.02427373081445694
2020-05-30T02:30:00.000000000,0.0,-2470.3204980031646,-831.9700885323683,2470.3204980031646,831.9700885323683,0.0,-0.11655299365520477,-0.03925345093011856
2020-05-30T02:45:00.000000000,0.0,-2473.4623502580325,-1069.2146748030184,2473.4623502580325,1069.2146748030184,0.0,-0.11670123040676117,-0.05044696480035782
2020-05-30T03:00:00.000000000,0.0,-2517.7262100513776,-1178.8788359161217,2517.7262100513776,1178.8788359161217,0.0,-0.1187896579504013,-0.05562106519937515
2020-05-30T03:15:00.000000000,0.0,-2551.705462202231,-1135.605411252578,2551.705462202231,1135.605411252578,0.0,-0.12039284408092499,-0.05357936769723892
2020-05-30T03:30:00.000000000,0.0,-2624.3331606872875,-1086.308523962895,2624.3331606872875,1086.308523962895,0.0,-0.1238195151090622,-0.05125347524881363
2020-05-30T03:45:00.000000000,0.0,-2731.3405806295077,-1017.576873871088,2731.3405806295077,1017.576873871088,0.0,-0.12886826694011688,-0.04801062494516373
2020-05-30T04:00:00.000000000,0.0,-2821.002752699057,-868.415322026809,2821.002752699057,868.415322026809,0.0,-0.13309864699840546,-0.040972985327243805
2020-05-30T04:15:00.000000000,0.0,-2845.735838121573,-680.5345784819126,2845.735838121573,680.5345784819126,0.0,-0.13426558673381805,-0.032108522951602936
2020-05-30T04:30:00.000000000,0.0,-2835.140456190904,-523.8778077280521,2835.140456190904,523.8778077280521,0.0,-0.13376568257808685,-0.02471724897623062
2020-05-30T04:45:00.000000000,0.0,-2855.227087012132,-398.8871683053175,2855.227087012132,398.8871683053175,0.0,-0.13471339643001556,-0.01882002502679825
2020-05-30T05:00:00.000000000,0.0,-2858.289350729783,-243.25369848345716,2858.289350729783,243.25369848345716,0.0,-0.1348578780889511,-0.011477031745016575
2020-05-30T05:15:00.000000000,0.0,-2779.3874225608506,-14.362116222760328,2779.3874225608506,14.362116222760328,0.0,-0.13113518059253693,-0.000677623669616878
2020-05-30T05:30:00.000000000,0.0,-2711.7150580000875,179.679788283358,2711.7150580000875,-179.679788283358,0.0,-0.1279423087835312,0.00847753044217825
2020-05-30T05:45:00.000000000,0.0,-2636.140057017803,273.50962042078373,2636.140057017803,-273.50962042078373,0.0,-0.124376580119133,0.012904546223580837
2020-05-30T06:00:00.000000000,140.78666666666632,-2521.397389244238,456.58854195952415,2662.1840559109046,-315.80187529285786,0.0066425014406031,-0.11896286904811859,0.02154245227575302
2020-05-30T06:15:00.000000000,442.4480952380943,-2225.068420571486,883.6852672088146,2667.5165158095806,-441.2371719707203,0.0208752872668658,-0.1049816757440567,0.041693441569805145
2020-05-30T06:30:00.000000000,560.7490476190477,-1676.594122827053,1516.978837698698,2237.343170446101,-956.2297900796503,0.0264568829194977,-0.07910393178462982,0.07157307118177414
2020-05-30T06:45:00.000000000,1147.0585714285721,-1082.9615417281786,2204.1879572570324,2230.020113156751,-1057.1293858284603,0.0541197429669271,-0.05109556019306183,0.10399650782346725
2020-05-30T07:00:00.000000000,3081.5728571428535,-348.9802996225158,3042.5361827301977,3430.5531567653693,39.036674412655884,0.145392689716556,-0.016465352848172188,0.14355088770389557
2020-05-30T07:15:00.000000000,3450.6266666666743,1090.7669032708802,4608.716054063638,2359.8597633957943,-1158.0893873969635,0.162805137354273,0.05146382749080658,0.21744532883167267
2020-05-30T07:30:00.000000000,3217.1109523809455,2761.6101226290066,6136.082932920455,455.5008297519389,-2918.97198053951,0.151787556604109,0.13029642403125763,0.28950852155685425
2020-05-30T07:45:00.000000000,4497.111428571427,4204.068981204828,7028.324125793774,293.04244736659894,-2531.2126972223477,0.212179674752617,0.19835354387760162,0.3316056430339813
2020-05-30T08:00:00.000000000,7634.821428571421,5563.793976206779,7737.303868556022,2071.027452364642,-102.48243998460111,0.360220989236906,0.2625071704387665,0.36505624651908875
2020-05-30T08:15:00.000000000,6387.034761904772,7700.677350060145,9658.50293820858,-1313.6425881553732,-3271.468176303808,0.301348761297007,0.36332815885543823,0.45570096373558044
2020-05-30T08:30:00.000000000,4802.913333333328,8913.880795529683,10266.478510692914,-4110.967462196355,-5463.5651773595855,0.226607813730646,0.42056870460510254,0.48438605666160583
2020-05-30T08:45:00.000000000,7078.620476190466,8976.451913847923,9170.875340476035,-1897.8314376574563,-2092.254864285569,0.333978691475835,0.42352089285850525,0.43269404768943787
2020-05-30T09:00:00.000000000,10182.483333333328,8936.950101531345,8389.20599703312,1245.5332318019828,1793.2773363002088,0.48042305292109,0.42165714502334595,0.39581385254859924
2020-05-30T09:15:00.000000000,10001.450476190465,9597.752881420452,9189.365147312481,403.6975947700121,812.0853288779836,0.471881682897641,0.45283469557762146,0.4335664212703705
2020-05-30T09:30:00.000000000,12089.877142857138,10569.691887834866,10475.644766357738,1520.185255022272,1614.2323764993998,0.570416419676176,0.4986920654773712,0.49425479769706726
2020-05-30T09:45:00.000000000,17444.220000000005,11620.425441058476,11133.997987934748,5823.7945589415285,6310.222012065256,0.823041408846939,0.5482670664787292,0.5253167748451233
2020-05-30T10:00:00.000000000,16845.880476190487,12957.295576950708,12228.43133298556,3888.5848992397787,4617.449143204927,0.794810957462756,0.6113423705101013,0.5769535899162292
2020-05-30T10:15:00.000000000,14549.608571428573,13407.491295989354,12045.231153415043,1142.1172754392192,2504.3774180135297,0.686469807007712,0.6325832009315491,0.5683099627494812
2020-05-30T10:30:00.000000000,20916.29428571429,13309.12618054072,11196.344868707656,7607.168105173572,9719.949417006635,0.986858473280632,0.6279422044754028,0.5282583832740784
2020-05-30T10:45:00.000000000,19676.333809523814,13463.704806156158,11754.664773829778,6212.629003367656,7921.669035694036,0.928355495375152,0.6352354288101196,0.5546006560325623
2020-05-30T11:00:00.000000000,15049.711428571432,14291.532974564234,13489.56350089073,758.1784540071985,1560.1479276807022,0.710065322319445,0.6742934584617615,0.6364554762840271
2020-05-30T11:15:00.000000000,20881.366190476187,14889.383116480509,14043.833233785628,5991.983073995678,6837.532956690558,0.985210519476271,0.7025008201599121,0.6626066565513611
2020-05-30T11:30:00.000000000,19438.780000000006,15168.521592769623,15179.346897141138,4270.258407230383,4259.433102858868,0.917147391942185,0.7156709432601929,0.7161816954612732
2020-05-30T11:45:00.000000000,18423.818571428583,14766.211643622715,14868.496810356775,3657.6069278058676,3555.3217610718075,0.869260167171073,0.6966894268989563,0.7015153765678406
2020-05-30T12:00:00.000000000,14204.161428571433,14839.172855978011,16632.845822807947,-635.0114274065782,-2428.684394236514,0.670171153176283,0.7001318335533142,0.7847597002983093
2020-05-30T12:15:00.000000000,19192.155238095227,14864.994914719262,15009.98754318555,4327.160323375965,4182.167694909676,0.905511308959131,0.7013501524925232,0.7081910967826843
2020-05-30T12:30:00.000000000,19932.439523809524,14503.796866629917,15019.523007930118,5428.642657179607,4912.916515879406,0.940438902251439,0.6843083500862122,0.708640992641449
2020-05-30T12:45:00.000000000,17585.42666666666,15044.205560948052,17520.391923640567,2541.221105718607,65.03474302609175,0.829703726443937,0.7098055481910706,0.8266353011131287
2020-05-30T13:00:00.000000000,19048.171904761908,15302.863253660202,17712.243250875472,3745.3086511017063,1335.9286538864362,0.898717984550408,0.7220093607902527,0.8356871008872986
2020-05-30T13:15:00.000000000,20771.91428571428,15704.060226596195,17800.376817706423,5067.8540591180845,2971.5374680078567,0.98004643361309,0.7409383654594421,0.8398453593254089
2020-05-30T13:30:00.000000000,19014.21190476191,15283.80748389244,17623.97324655215,3730.4044208694686,1390.2386582097606,0.897115706761866,0.7211102843284607,0.8315224051475525
2020-05-30T13:45:00.000000000,19174.22476190475,14852.773652671178,17517.284180758794,4321.451109233571,1656.9405811459546,0.904665325339049,0.7007735371589661,0.8264886736869812
2020-05-30T14:00:00.000000000,19405.66666666666,14575.597096989948,17679.109153191246,4830.0695696767125,1726.5575134754145,0.915585061008598,0.6876959800720215,0.8341237902641296
2020-05-30T14:15:00.000000000,19942.599047619045,14250.117879079182,17606.34754383405,5692.481168539864,2336.2515037849953,0.940918242043611,0.6723394393920898,0.8306908011436462
2020-05-30T14:30:00.000000000,20084.399999999994,13794.206945082346,17602.25947230339,6290.193054917649,2482.1405276966034,0.94760859882789,0.6508289575576782,0.8304979205131531
2020-05-30T14:45:00.000000000,19536.640952380945,13181.133916285831,17060.663266477583,6355.507036095114,2475.9776859033627,0.921764601316907,0.6219033598899841,0.8049446940422058
2020-05-30T15:00:00.000000000,20499.793809523802,12481.7894397672,16348.388810936609,8018.004369756602,4151.404998587193,0.967207429054565,0.5889073610305786,0.7713386416435242
2020-05-30T15:15:00.000000000,19083.07285714286,11469.856561746597,15465.08743208885,7613.216295396262,3617.9854250540084,0.900364657718811,0.5411630272865295,0.7296633124351501
2020-05-30T15:30:00.000000000,17498.956190476198,10069.590366031329,14604.03041773796,7429.365824444869,2894.9257727382374,0.825623934825426,0.47509661316871643,0.6890375018119812
2020-05-30T15:45:00.000000000,16600.77999999999,8303.468929489452,13490.857130448023,8297.31107051054,3109.9228695519687,0.783246792299001,0.3917686641216278,0.6365165114402771
2020-05-30T16:00:00.000000000,14930.849523809517,6391.809114511807,12445.634767599106,8539.04040929771,2485.214756210411,0.704457260190357,0.3015740215778351,0.5872015357017517
2020-05-30T16:15:00.000000000,13214.600476190475,4478.039571642876,11481.592712710697,8736.5609045476,1733.007763479778,0.623482356521142,0.21127983927726746,0.5417167544364929
2020-05-30T16:30:00.000000000,11642.917142857152,2767.207849746545,10552.009336161613,8875.709293110607,1090.907806695539,0.549328254765494,0.13056053221225739,0.4978577792644501
2020-05-30T16:45:00.000000000,10083.876190476181,1247.241441540718,9488.87323588848,8836.634748935463,595.0029545877005,0.475770637291184,0.058846503496170044,0.44769760966300964
2020-05-30T17:00:00.000000000,8212.715238095232,-76.52410218427578,8367.316622678438,8289.239340279508,-154.6013845832058,0.38748678473561,-0.003610508516430855,0.39478108286857605
2020-05-30T17:15:00.000000000,6502.986666666674,-1320.3659367283185,7028.200321402549,7823.352603394993,-525.213654735875,0.306819525771069,-0.06229661405086517,0.33159980177879333
2020-05-30T17:30:00.000000000,4823.068571428565,-2379.691262040933,5647.326567600568,7202.759833469498,-824.257996172003,0.22755876456465,-0.11227698624134064,0.26644834876060486
2020-05-30T17:45:00.000000000,3007.509523809531,-3233.969354317188,4354.487526613077,6241.478878126719,-1346.9780028035457,0.141898283534419,-0.15258295834064484,0.20545049011707306
2020-05-30T18:00:00.000000000,1488.4942857142858,-3892.215826189518,2991.2824280730883,5380.710111903803,-1502.7881423588026,0.0702291322842124,-0.18363989889621735,0.1411326676607132
2020-05-30T18:15:00.000000000,811.8066666666672,-4376.733786075115,1573.1563435272374,5188.540452741782,-761.3496768605702,0.0383021139749826,-0.2065000981092453,0.0742236003279686
2020-05-30T18:30:00.000000000,296.48666666666594,-4630.246648345788,484.2007111330827,4926.733315012454,-187.71404446641674,0.0139886337043253,-0.21846117079257965,0.022845230996608734
2020-05-30T18:45:00.000000000,0.0,-4651.60101086696,-220.4736904980242,4651.60101086696,220.4736904980242,0.0,-0.21946869790554047,-0.010402240790426731
2020-05-30T19:00:00.000000000,0.0,-4455.385578841368,-632.167487436533,4455.385578841368,632.167487436533,0.0,-0.21021099388599396,-0.02982649952173233
2020-05-30T19:15:00.000000000,0.0,-4140.462580247719,-779.4656568618615,4140.462580247719,779.4656568618615,0.0,-0.19535250961780548,-0.03677622228860855
2020-05-30T19:30:00.000000000,0.0,-3852.5055677040414,-790.1772633230686,3852.5055677040414,790.1772633230686,0.0,-0.1817663162946701,-0.03728161007165909
2020-05-30T19:45:00.000000000,0.0,-3561.89876219511,-689.3878557646274,3561.89876219511,689.3878557646274,0.0,-0.16805510222911835,-0.03252623230218887
2020-05-30T20:00:00.000000000,0.0,-3312.2787900424,-545.3755559472243,3312.2787900424,545.3755559472243,0.0,-0.15627770125865936,-0.025731541216373444
2020-05-30T20:15:00.000000000,0.0,-3126.394708133538,-452.5058394968509,3126.394708133538,452.5058394968509,0.0,-0.147507444024086,-0.021349824965000153
2020-05-30T20:30:00.000000000,0.0,-2963.247681666215,-443.23693318645155,2963.247681666215,443.23693318645155,0.0,-0.13980995118618011,-0.02091250568628311
2020-05-30T20:45:00.000000000,0.0,-2766.369643485546,-296.589388209333,2766.369643485546,296.589388209333,0.0,-0.1305209845304489,-0.013993480242788792
2020-05-30T21:00:00.000000000,0.0,-2596.5049654841423,-146.59531499957043,2596.5049654841423,146.59531499957043,0.0,-0.12250654399394989,-0.006916561163961887
2020-05-30T21:15:00.000000000,0.0,-2486.943764145374,30.03944437306995,2486.943764145374,-30.03944437306995,0.0,-0.11733730137348175,0.0014173007803037763
2020-05-30T21:30:00.000000000,0.0,-2445.2974829093614,144.2673108075559,2445.2974829093614,-144.2673108075559,0.0,-0.11537237465381622,0.006806722842156887
2020-05-30T21:45:00.000000000,0.0,-2500.667733574708,218.55878871346513,2500.667733574708,-218.55878871346513,0.0,-0.1179848164319992,0.010311893187463284
2020-05-30T22:00:00.000000000,0.0,-2551.9726522914566,394.49558651963866,2551.9726522914566,-394.49558651963866,0.0,-0.12040545046329498,0.018612824380397797
2020-05-30T22:15:00.000000000,0.0,-2652.2371544973053,444.89155360897377,2652.2371544973053,-444.89155360897377,0.0,-0.12513606250286102,0.02099057286977768
2020-05-30T22:30:00.000000000,0.0,-2763.5145626266794,420.57251807649925,2763.5145626266794,-420.57251807649925,0.0,-0.13038627803325653,0.019843168556690216
2020-05-30T22:45:00.000000000,0.0,-2857.2951256696383,381.3969555970033,2857.2951256696383,-381.3969555970033,0.0,-0.13481096923351288,0.01799481362104416
2020-05-30T23:00:00.000000000,0.0,-2870.161939186255,423.98740322987237,2870.161939186255,-423.98740322987237,0.0,-0.13541804254055023,0.020004287362098694
2020-05-30T23:15:00.000000000,0.0,-2844.285558110078,497.06957752863565,2844.285558110078,-497.06957752863565,0.0,-0.1341971606016159,0.023452401161193848
2020-05-30T23:30:00.000000000,0.0,-2873.622145589987,535.9721071096261,2873.622145589987,-535.9721071096261,0.0,-0.13558129966259003,0.025287874042987823
2020-05-30T23:45:00.000000000,0.0,-2966.918860859076,547.3984312681357,2966.918860859076,-547.3984312681357,0.0,-0.1399831622838974,0.025826983153820038
2020-05-31T00:00:00.000000000,0.0,-3037.6541207925475,577.033159935077,3037.6541207925475,-577.033159935077,0.0,-0.14332054555416107,0.02722518891096115
2020-05-31T00:15:00.000000000,0.0,-3097.0890717514353,530.2559446688492,3097.0890717514353,-530.2559446688492,0.0,-0.14612476527690887,0.025018177926540375
2020-05-31T00:30:00.000000000,0.0,-3155.1975470900534,454.64178107301393,3155.1975470900534,-454.64178107301393,0.0,-0.14886640012264252,0.021450601518154144
2020-05-31T00:45:00.000000000,0.0,-3191.9371318411827,483.32650053381917,3191.9371318411827,-483.32650053381917,0.0,-0.15059982240200043,0.022803984582424164
2020-05-31T01:00:00.000000000,0.0,-3179.128430589835,535.6060630039374,3179.128430589835,-535.6060630039374,0.0,-0.14999549090862274,0.025270603597164154
2020-05-31T01:15:00.000000000,0.0,-3086.81457058986,544.3601704426607,3086.81457058986,-544.3601704426607,0.0,-0.14564000070095062,0.025683633983135223
2020-05-31T01:30:00.000000000,0.0,-2992.502153988679,481.77768233338986,2992.502153988679,-481.77768233338986,0.0,-0.14119021594524384,0.022730909287929535
2020-05-31T01:45:00.000000000,0.0,-2867.12367836078,478.3345306162039,2867.12367836078,-478.3345306162039,0.0,-0.13527469336986542,0.022568456828594208
2020-05-31T02:00:00.000000000,0.0,-2671.47736754179,534.1684160935879,2671.47736754179,-534.1684160935879,0.0,-0.12604384124279022,0.02520277351140976
2020-05-31T02:15:00.000000000,0.0,-2494.8413473264372,578.1076051874956,2494.8413473264372,-578.1076051874956,0.0,-0.1177099198102951,0.02727588266134262
2020-05-31T02:30:00.000000000,0.0,-2353.584326868852,562.3819208816686,2353.584326868852,-562.3819208816686,0.0,-0.1110452264547348,0.02653392404317856
2020-05-31T02:45:00.000000000,0.0,-2263.884255495866,451.266216446956,2263.884255495866,-451.266216446956,0.0,-0.10681305825710297,0.0212913379073143
2020-05-31T03:00:00.000000000,0.0,-2166.028254023393,375.17578493793803,2166.028254023393,-375.17578493793803,0.0,-0.10219608247280121,0.017701290547847748
2020-05-31T03:15:00.000000000,0.0,-2048.0426691857974,393.4331427133083,2048.0426691857974,-393.4331427133083,0.0,-0.09662936627864838,0.018562696874141693
2020-05-31T03:30:00.000000000,0.0,-1918.4308413640656,532.5058999828498,1918.4308413640656,-532.5058999828498,0.0,-0.09051410853862762,0.025124333798885345
2020-05-31T03:45:00.000000000,0.0,-1785.3916532015799,721.0220885153611,1785.3916532015799,-721.0220885153611,0.0,-0.08423714339733124,0.034018777310848236
2020-05-31T04:00:00.000000000,0.0,-1707.8610481619835,913.9762854802608,1707.8610481619835,-913.9762854802608,0.0,-0.08057914674282074,0.043122611939907074
2020-05-31T04:15:00.000000000,0.0,-1694.371422758897,1047.823992116054,1694.371422758897,-1047.823992116054,0.0,-0.07994268834590912,0.04943772405385971
2020-05-31T04:30:00.000000000,0.0,-1718.764677760601,1097.4316536939143,1718.764677760601,-1097.4316536939143,0.0,-0.08109359443187714,0.05177827924489975
2020-05-31T04:45:00.000000000,0.0,-1733.3344333116213,1129.5778428685664,1733.3344333116213,-1129.5778428685664,0.0,-0.08178101480007172,0.05329497903585434
2020-05-31T05:00:00.000000000,0.0,-1599.6800131233533,1373.2956301661332,1599.6800131233533,-1373.2956301661332,0.0,-0.07547502219676971,0.0647939071059227
2020-05-31T05:15:00.000000000,0.0,-1333.0723098603883,1797.4684241553146,1333.0723098603883,-1797.4684241553146,0.0,-0.06289611756801605,0.08480694144964218
2020-05-31T05:30:00.000000000,0.0,-981.79882603089,2335.1843729643024,981.79882603089,-2335.1843729643024,0.0,-0.046322569251060486,0.11017709225416183
2020-05-31T05:45:00.000000000,0.0,-566.6979014526804,3014.3896333781877,566.6979014526804,-3014.3896333781877,0.0,-0.026737557724118233,0.14222289621829987
2020-05-31T06:00:00.000000000,399.27666666666613,-140.31684138327836,3731.5019350028037,539.5935080499445,-3332.2252683361376,0.018838402075475,-0.0066203344613313675,0.17605720460414886
2020-05-31T06:15:00.000000000,1216.1480952380955,370.2410982383291,4524.179131128788,845.9069969997664,-3308.0310358906927,0.0573794782266724,0.017468465492129326,0.21345676481723785
2020-05-31T06:30:00.000000000,2194.34047619047,1162.8861194348335,5552.822127861977,1031.4543567556364,-3358.481651671507,0.103531890621287,0.05486650764942169,0.2619895040988922
2020-05-31T06:45:00.000000000,2906.9400000000096,2300.9245080542564,6718.304665409723,606.0154919457532,-3811.364665409714,0.137153280171514,0.10856066644191742,0.3169785141944885
2020-05-31T07:00:00.000000000,2908.8014285714326,3654.7615304398532,7803.75966547648,-745.9601018684207,-4894.958236905048,0.137241104837443,0.17243649065494537,0.3681917190551758
2020-05-31T07:15:00.000000000,2648.2019047619065,4880.489432384968,8448.136887256303,-2232.287527623061,-5799.9349824943965,0.124945674074644,0.2302679568529129,0.39859429001808167
2020-05-31T07:30:00.000000000,2901.53761904762,5701.624899633725,8653.05084107558,-2800.0872805861054,-5751.513222027959,0.136898388681371,0.2690102159976959,0.4082624018192291
2020-05-31T07:45:00.000000000,3692.642857142848,6292.063201107979,8939.868979550996,-2599.420343965131,-5247.2261224081485,0.174223781832116,0.29686787724494934,0.4217948615550995
2020-05-31T08:00:00.000000000,5785.7961904762,6894.552849419912,9564.33580227057,-1108.756658943712,-3778.539611794371,0.272981529005641,0.3252941370010376,0.4512580335140228
2020-05-31T08:15:00.000000000,9557.340000000007,8041.63401183923,10957.536304515203,1515.7059881607775,-1400.1963045151952,0.450927962295202,0.37941494584083557,0.5169910788536072
2020-05-31T08:30:00.000000000,10737.986190476182,10014.263699564934,12991.660138686497,723.7224909112483,-2253.673948210315,0.506632413624025,0.4724862277507782,0.6129637360572815
2020-05-31T08:45:00.000000000,8889.230952380944,12246.303381175994,14433.21320391019,-3357.0724287950507,-5543.982251529247,0.419405692350442,0.5777968168258667,0.6809781193733215
2020-05-31T09:00:00.000000000,8839.04761904761,13085.062972005207,13424.836543862024,-4246.015352957598,-4585.788924814415,0.417037976203357,0.61737060546875,0.6334015727043152
2020-05-31T09:15:00.000000000,13065.369047619048,13187.927998081843,12131.77800274213,-122.55895046279511,933.5910448769173,0.616441420026666,0.6222239136695862,0.5723933577537537
2020-05-31T09:30:00.000000000,20546.405238095227,13687.124989843367,12772.13979332288,6859.28024825186,7774.265444772347,0.969406618003099,0.6457766890525818,0.602606475353241
2020-05-31T09:45:00.000000000,17054.25857142858,15627.70323665301,16178.53929265658,1426.5553347755722,875.7192787720014,0.804642512045168,0.737335741519928,0.7633249163627625
2020-05-31T10:00:00.000000000,14979.09095238094,16607.049030268987,15990.553694372176,-1627.9580778880463,-1011.4627419912358,0.706733354698235,0.7835425734519958,0.7544555068016052
2020-05-31T10:15:00.000000000,17273.49285714286,15802.067825282415,13395.141176309584,1471.4250318604463,3878.351680833277,0.814986276075995,0.7455624938011169,0.6320005059242249
2020-05-31T10:30:00.000000000,19492.670476190484,15070.227222687403,13082.317799126306,4422.443253503081,6410.352677064178,0.919690016000311,0.711033284664154,0.6172410845756531
2020-05-31T10:45:00.000000000,22226.360000000095,15038.543405014672,14790.045252243677,7187.816594985423,7436.314747756418,1.04866910919143,0.7095384001731873,0.6978139281272888
2020-05-31T11:00:00.000000000,14805.552380952382,16307.081096811293,16800.72457730929,-1501.5287158589108,-1995.172196356909,0.698545575002849,0.7693896889686584,0.7926804423332214
2020-05-31T11:15:00.000000000,19397.63333333334,15994.271616039276,14684.76604053815,3403.361717294063,4712.867292795188,0.915206037699766,0.7546309232711792,0.6928467154502869
2020-05-31T11:30:00.000000000,20858.606190476195,15479.494220635095,15225.013031161625,5379.1119698411,5633.593159314571,0.98413667252494,0.7303430438041687,0.718336284160614
2020-05-31T11:45:00.000000000,15409.959047619039,15645.869636100133,16595.098116585414,-235.91058848109424,-1185.139068966375,0.727062282224485,0.7381928563117981,0.7829787135124207
2020-05-31T12:00:00.000000000,23350.12190476195,15889.934833679197,15521.340104869205,7460.187071082752,7828.781799892744,1.10168968456274,0.7497081756591797,0.7323173880577087
2020-05-31T12:15:00.000000000,23893.896666666573,16583.289956944784,17446.559027306237,7310.606709721789,6447.337639360336,1.12734569819553,0.7824215888977051,0.8231517672538757
2020-05-31T12:30:00.000000000,11050.379999999994,15965.972206163406,18010.086296720503,-4915.592206163412,-6959.706296720509,0.521371567401353,0.7532957196235657,0.8497397303581238
2020-05-31T12:45:00.000000000,24836.42904761903,15599.034940223693,14107.57986216545,9237.394107395336,10728.849185453579,1.17181562454953,0.73598313331604,0.6656143069267273
2020-05-31T13:00:00.000000000,22783.876190476138,15969.261865701674,16931.436748240787,6814.614324774464,5852.439442235351,1.07497346162819,0.7534509301185608,0.7988476157188416
2020-05-31T13:15:00.000000000,26057.342857142907,15095.595753097534,17511.79636162122,10961.747104045373,8545.546495521688,1.22941995548959,0.7122302055358887,0.8262297511100769
2020-05-31T13:30:00.000000000,23157.68095238093,15174.68401950836,18641.443212804792,7982.996932872571,4516.23773957614,1.09261006549307,0.7159616947174072,0.8795279860496521
2020-05-31T13:45:00.000000000,24824.87380952371,14889.918759969074,17204.55934176445,9934.955049554635,7620.314467759261,1.17127043310838,0.7025260925292969,0.8117339015007019
2020-05-31T14:00:00.000000000,25219.50047619052,13525.11557413419,16252.56421212832,11694.384902056328,8966.936264062198,1.18988944202377,0.6381328701972961,0.7668175101280212
2020-05-31T14:15:00.000000000,17066.11999999999,12853.910067106883,17039.399230629602,4212.209932893109,26.720769370389462,0.805202149958606,0.6064645051956177,0.8039414286613464
2020-05-31T14:30:00.000000000,8829.581904761893,12019.065474322637,14866.445194730757,-3189.4835695607435,-6036.863289968864,0.416591371263643,0.5670754313468933,0.7014185786247253
2020-05-31T14:45:00.000000000,8906.723809523799,10124.48940202395,11369.516892588932,-1217.765592500151,-2462.793083065133,0.420231028524121,0.4776868224143982,0.5364288687705994
2020-05-31T15:00:00.000000000,13323.649047619043,7327.824002854029,9140.967736824354,5995.825044765014,4182.681310794689,0.62862741258334,0.34573644399642944,0.43128296732902527
2020-05-31T15:15:00.000000000,9228.886666666665,6299.836348242759,10512.768397383688,2929.050318423906,-1283.881730717023,0.435431098909671,0.2972346246242523,0.4960063397884369
2020-05-31T15:30:00.000000000,5909.113333333329,6715.522856537501,9796.928880699475,-806.4095232041718,-3887.8155473661463,0.278799795170142,0.3168472647666931,0.4622320830821991
2020-05-31T15:45:00.000000000,5928.32047619048,5506.451066797574,6532.737674339612,421.86940939290616,-604.4171981491318,0.279706013614823,0.2598016560077667,0.3082232177257538
2020-05-31T16:00:00.000000000,4808.720476190471,3587.9248455198604,4238.151824785074,1220.795630670611,570.5686514053978,0.226881802423664,0.16928304731845856,0.1999616175889969
2020-05-31T16:15:00.000000000,4573.7361904762,2029.0393267877896,2961.94331397295,2544.6968636884103,1611.7928765032502,0.21579493252801,0.09573276340961456,0.13974840939044952
2020-05-31T16:30:00.000000000,3995.1666666666565,1838.9332624761262,3581.147186755339,2156.2334041905306,414.0194799113174,0.188497255934152,0.08676330745220184,0.1689632683992386
2020-05-31T16:45:00.000000000,2951.5133333333392,1157.2688110105196,3340.468923593362,1794.2445223228196,-388.95559026002275,0.139256309086746,0.05460147559642792,0.15760774910449982
2020-05-31T17:00:00.000000000,2059.4657142857154,9.792193046907583,2594.504671831528,2049.673521238808,-535.0389575458125,0.0971683206791523,0.00046200864017009735,0.12241216748952866
2020-05-31T17:15:00.000000000,1244.7428571428566,-1106.3795213214555,1705.0004403213659,2351.122378464312,-460.2575831785093,0.0587286169742769,-0.052200451493263245,0.08044417947530746
2020-05-31T17:30:00.000000000,1797.7485714285713,-2249.9101506638526,699.3601099812984,4047.658722092424,1098.388461447273,0.0848201591691198,-0.10615374147891998,0.03299673646688461
2020-05-31T17:45:00.000000000,1565.6800000000005,-2760.263434046904,477.1577572445074,4325.943434046904,1088.5222427554932,0.0738708565360604,-0.13023288547992706,0.02251293510198593
2020-05-31T18:00:00.000000000,1100.9133333333327,-2980.8702261090275,379.634006332159,4081.7835594423605,721.2793270011737,0.0519425495026459,-0.14064140617847443,0.0179116353392601
2020-05-31T18:15:00.000000000,569.7499999999999,-3146.697364984353,182.42622447237372,3716.447364984353,387.32377552762614,0.0268815597768512,-0.1484653502702713,0.008607110939919949
2020-05-31T18:30:00.000000000,27.022857142856072,-3371.5924632302917,-152.15008957321444,3398.615320373148,179.17294671607053,0.0012749741985555,-0.15907619893550873,-0.00717864278703928
2020-05-31T18:45:00.000000000,0.0,-3704.8126138679186,-660.5629088811079,3704.8126138679186,660.5629088811079,0.0,-0.17479796707630157,-0.031166233122348785
2020-05-31T19:00:00.000000000,0.0,-3789.720318321387,-820.9098084795475,3789.720318321387,820.9098084795475,0.0,-0.17880402505397797,-0.038731612265110016
2020-05-31T19:15:00.000000000,0.0,-3668.9857706745465,-956.2077951268354,3668.9857706745465,956.2077951268354,0.0,-0.17310760915279388,-0.0451151505112648
2020-05-31T19:30:00.000000000,0.0,-3349.2167144815126,-891.8989937460422,3349.2167144815126,891.8989937460422,0.0,-0.158020481467247,-0.04208097606897354
2020-05-31T19:45:00.000000000,0.0,-2882.5379567233717,-562.6860627917448,2882.5379567233717,562.6860627917448,0.0,-0.13600195944309235,-0.026548273861408234
2020-05-31T20:00:00.000000000,0.0,-2414.9505631653465,-109.71487117066978,2414.9505631653465,109.71487117066978,0.0,-0.11394056677818298,-0.005176492966711521
2020-05-31T20:15:00.000000000,0.0,-1930.2592139665285,372.88287708004316,1930.2592139665285,-372.88287708004316,0.0,-0.0910721868276596,0.017593108117580414
2020-05-31T20:30:00.000000000,0.0,-1871.5452972555158,365.6927475631237,1871.5452972555158,-365.6927475631237,0.0,-0.08830198645591736,0.017253868281841278
2020-05-31T20:45:00.000000000,0.0,-1887.9323244063057,268.04833079561587,1887.9323244063057,-268.04833079561587,0.0,-0.08907514810562134,0.012646875344216824
2020-05-31T21:00:00.000000000,0.0,-1888.4796535134315,195.74909294034043,1888.4796535134315,-195.74909294034043,0.0,-0.08910097181797028,0.009235701523721218
2020-05-31T21:15:00.000000000,0.0,-1876.3739843408266,217.31442825064062,1876.3739843408266,-217.31442825064062,0.0,-0.0885298103094101,0.010253182612359524
2020-05-31T21:30:00.000000000,0.0,-1887.7036652755737,223.5678133176267,1887.7036652755737,-223.5678133176267,0.0,-0.08906435966491699,0.010548225603997707
2020-05-31T21:45:00.000000000,0.0,-1872.361711417039,181.3208281221489,1872.361711417039,-181.3208281221489,0.0,-0.08834050595760345,0.008554956875741482
2020-05-31T22:00:00.000000000,0.0,-1788.848701330026,169.4071820869545,1788.848701330026,-169.4071820869545,0.0,-0.0844002515077591,0.00799285527318716
2020-05-31T22:15:00.000000000,0.0,-1678.8124953881897,183.54930716420213,1678.8124953881897,-183.54930716420213,0.0,-0.07920859754085541,0.00866009946912527
2020-05-31T22:30:00.000000000,0.0,-1592.4911469165484,231.21210282072423,1592.4911469165484,-231.21210282072423,0.0,-0.07513584196567535,0.010908893309533596
2020-05-31T22:45:00.000000000,0.0,-1598.6965261991818,262.85612622484564,1598.6965261991818,-262.85612622484564,0.0,-0.07542861998081207,0.012401900254189968
2020-05-31T23:00:00.000000000,0.0,-1684.212830300331,276.5169301484525,1684.212830300331,-276.5169301484525,0.0,-0.07946339249610901,0.013046435080468655
2020-05-31T23:15:00.000000000,0.0,-1783.1953885674475,257.39041501427687,1783.1953885674475,-257.39041501427687,0.0,-0.08413352072238922,0.01214402075856924
2020-05-31T23:30:00.000000000,0.0,-1865.5189921816188,196.3093709761401,1865.5189921816188,-196.3093709761401,0.0,-0.08801765739917755,0.009262136183679104
2020-05-31T23:45:00.000000000,0.0,-1946.5293849317231,111.67201488718389,1946.5293849317231,-111.67201488718389,0.0,-0.09183983504772186,0.005268833599984646
2020-06-01T00:00:00.000000000,0.0,-1993.8902494708695,73.32360470518469,1993.8902494708695,-73.32360470518469,0.0,-0.09407438337802887,0.0034595048055052757
2020-06-01T00:15:00.000000000,0.0,-2053.762937384446,88.55280813599626,2053.762937384446,-88.55280813599626,0.0,-0.09689925611019135,0.00417803879827261
2020-06-01T00:30:00.000000000,0.0,-2144.577879933516,62.30311892097195,2144.577879933516,-62.30311892097195,0.0,-0.10118402540683746,0.0029395436868071556
2020-06-01T00:45:00.000000000,0.0,-2264.59170916001,-51.836949927955864,2264.59170916001,51.836949927955864,0.0,-0.10684643685817719,-0.0024457359686493874
2020-06-01T01:00:00.000000000,0.0,-2375.3713731042544,-230.8631528800229,2375.3713731042544,230.8631528800229,0.0,-0.11207316815853119,-0.010892429389059544
2020-06-01T01:15:00.000000000,0.0,-2413.8821186359723,-407.1403732836246,2413.8821186359723,407.1403732836246,0.0,-0.1138901561498642,-0.019209422171115875
2020-06-01T01:30:00.000000000,0.0,-2379.432915122509,-494.12180129011466,2379.432915122509,494.12180129011466,0.0,-0.11226479709148407,-0.02331332117319107
2020-06-01T01:45:00.000000000,0.0,-2319.3069335309665,-477.7783583382765,2319.3069335309665,477.7783583382765,0.0,-0.10942797362804413,-0.022542215883731842
2020-06-01T02:00:00.000000000,0.0,-2273.839139198462,-494.96190251628553,2273.839139198462,494.96190251628553,0.0,-0.10728274285793304,-0.023352958261966705
2020-06-01T02:15:00.000000000,0.0,-2260.960955890814,-582.5610891687869,2260.960955890814,582.5610891687869,0.0,-0.10667513310909271,-0.027486003935337067
2020-06-01T02:30:00.000000000,0.0,-2282.576191950639,-711.8886722147464,2282.576191950639,711.8886722147464,0.0,-0.10769496858119965,-0.033587850630283356
2020-06-01T02:45:00.000000000,0.0,-2342.9144096414248,-857.1807051781813,2342.9144096414248,857.1807051781813,0.0,-0.11054180562496185,-0.040442921221256256
2020-06-01T03:00:00.000000000,0.0,-2379.700736866792,-956.7156457928816,2379.700736866792,956.7156457928816,0.0,-0.11227743327617645,-0.04513911157846451
2020-06-01T03:15:00.000000000,0.0,-2426.8891595753034,-1016.8087813214461,2426.8891595753034,1016.8087813214461,0.0,-0.11450384557247162,-0.04797438532114029
2020-06-01T03:30:00.000000000,0.0,-2496.137503503958,-1051.3312568215529,2496.137503503958,1051.3312568215529,0.0,-0.11777107417583466,-0.04960320144891739
2020-06-01T03:45:00.000000000,0.0,-2573.0314002458254,-983.7542721744378,2573.0314002458254,983.7542721744378,0.0,-0.12139903008937836,-0.046414829790592194
2020-06-01T04:00:00.000000000,0.0,-2703.9280144540467,-858.9265997564792,2703.9280144540467,858.9265997564792,0.0,-0.12757490575313568,-0.040525294840335846
2020-06-01T04:15:00.000000000,0.0,-2836.562943379879,-719.8601590375105,2836.562943379879,719.8601590375105,0.0,-0.13383279740810394,-0.03396395593881607
2020-06-01T04:30:00.000000000,0.0,-2945.256882325013,-583.0499901831149,2945.256882325013,583.0499901831149,0.0,-0.13896112143993378,-0.027509070932865143
2020-06-01T04:45:00.000000000,0.0,-3045.730462354819,-502.07181184093156,3045.730462354819,502.07181184093156,0.0,-0.14370159804821014,-0.023688413202762604
2020-06-01T05:00:00.000000000,0.0,-3112.406706890265,-491.04058792074517,3112.406706890265,491.04058792074517,0.0,-0.14684747159481049,-0.023167945444583893
2020-06-01T05:15:00.000000000,0.0,-3165.372878407637,-454.99456042249994,3165.372878407637,454.99456042249994,0.0,-0.1493464857339859,-0.021467246115207672
2020-06-01T05:30:00.000000000,0.0,-3182.1104741152126,-362.0010395809014,3182.1104741152126,362.0010395809014,0.0,-0.15013618767261505,-0.017079688608646393
2020-06-01T05:45:00.000000000,0.0,-3145.968435048262,-233.70054739728567,3145.968435048262,233.70054739728567,0.0,-0.1484309583902359,-0.011026301421225071
2020-06-01T06:00:00.000000000,103.54428571428566,-3051.668019893169,23.927550038912642,3155.2123056074547,79.61673567537302,0.0048853565703904,-0.14398173987865448,0.0011289335088804364
2020-06-01T06:15:00.000000000,678.8866666666667,-2843.4618799153964,431.7240722850958,3522.348546582063,247.16259438157084,0.0320307722890869,-0.13415829837322235,0.020369313657283783
2020-06-01T06:30:00.000000000,1565.8495238095231,-2366.4909346540767,1084.4827250198523,3932.3404584636,481.36679878967084,0.0738788548939705,-0.11165417730808258,0.051167331635951996
2020-06-01T06:45:00.000000000,2385.6842857142815,-1502.8138151256242,2078.94907739679,3888.4981008399054,306.73520831749147,0.112559745037513,-0.07090474665164948,0.09808757156133652
2020-06-01T07:00:00.000000000,2150.586666666658,-327.7396350116531,3224.901945970058,2478.326301678311,-1074.3152793034,0.101467527925053,-0.015463190153241158,0.15215514600276947
2020-06-01T07:15:00.000000000,5194.679523809521,840.0926988275845,4046.732549609343,4354.586824981937,1147.946974200178,0.245091861589944,0.03963668644428253,0.19093020260334015
2020-06-01T07:30:00.000000000,5425.540000000002,2568.3520995815593,5544.374373126029,2857.1879004184425,-118.83437312602746,0.255984164689245,0.12117825448513031,0.2615909278392792
2020-06-01T07:45:00.000000000,4384.8223809523715,4359.749844895204,6863.327613318761,25.07253605716778,-2478.5052323663895,0.206881728730928,0.20569877326488495,0.32382088899612427
2020-06-01T08:00:00.000000000,5161.974285714291,5505.207337989807,7310.766789687474,-343.23305227551555,-2148.7925039731826,0.243548785130316,0.25974297523498535,0.3449316620826721
2020-06-01T08:15:00.000000000,6660.532380952388,6475.864084637959,7724.103541169166,184.66829631442852,-1063.5711602167785,0.314252741279903,0.3055398464202881,0.3644334375858307
2020-06-01T08:30:00.000000000,8748.713809523819,7531.026171468098,8239.844842190741,1217.6876380557205,508.8689673330773,0.412775907400225,0.35532379150390625,0.3887667953968048
2020-06-01T08:45:00.000000000,16292.486666666671,8875.484379563331,9734.804342506726,7417.00228710334,6557.682324159945,0.76870110442045,0.4187571108341217,0.4593009650707245
2020-06-01T09:00:00.000000000,19335.431904761914,11747.516965201696,12655.975901670456,7587.914939560218,6679.456003091458,0.912271291898365,0.5542634129524231,0.5971257090568542
2020-06-01T09:15:00.000000000,19666.893333333326,14122.490711447397,13700.245728693008,5544.402621885929,5966.647604640319,0.927910081202205,0.6663178205490112,0.646395742893219
2020-06-01T09:30:00.000000000,21041.504285714294,15063.280280367533,12719.588619178136,5978.224005346761,8321.915666536159,0.992766046952698,0.7107055187225342,0.6001270413398743
2020-06-01T09:45:00.000000000,19132.946666666678,15351.589124778111,11586.043192981084,3781.3575418885666,7546.903473685594,0.902717770122521,0.7243083119392395,0.5466448664665222
2020-06-01T10:00:00.000000000,20359.96714285714,15070.666854607263,10162.826442414918,5289.300288249875,10197.14070044222,0.960610221685723,0.7110540270805359,0.4794956147670746
2020-06-01T10:15:00.000000000,25125.952380952443,14755.795651728311,9270.871389282544,10370.156729224133,15855.0809916699,1.18547571896251,0.6961979866027832,0.43741199374198914
2020-06-01T10:30:00.000000000,19720.437619047607,15078.048375606535,11363.13970313072,4642.389243441072,8357.297915916886,0.930436371535048,0.7114022970199585,0.5361279845237732
2020-06-01T10:45:00.000000000,10298.572857142857,14990.009557034173,11558.700108861922,-4691.436699891316,-1260.1272517190646,0.48590031044413,0.7072485089302063,0.5453547835350037
2020-06-01T11:00:00.000000000,10936.59333333334,14465.548889602025,9275.732606603304,-3528.9555562686855,1660.8607267300358,0.516002961729026,0.6825037598609924,0.43764135241508484
2020-06-01T11:15:00.000000000,14162.407142857135,14008.824383891422,8324.424717669486,153.58275896571286,5837.982425187649,0.668201130662253,0.6609548926353455,0.392757385969162
2020-06-01T11:30:00.000000000,11246.035238095232,13990.885380264917,9929.652241333326,-2744.8501421696856,1316.3829967619058,0.530602840729148,0.6601085066795349,0.46849414706230164
2020-06-01T11:45:00.000000000,10158.017619047618,16207.289704243341,13034.867871224085,-6049.272085195724,-2876.8502521764676,0.479268728110112,0.7646813988685608,0.6150023341178894
2020-06-01T12:00:00.000000000,8713.150952380955,17832.2728714784,16213.442024501164,-9119.121919097444,-7500.29107212021,0.411098004688296,0.841350257396698,0.7649716734886169
2020-06-01T12:15:00.000000000,20036.613333333335,19147.722321068446,20056.855865138372,888.8910122648886,-20.242531805037288,0.945353960589125,0.9034149050712585,0.9463090300559998
2020-06-01T12:30:00.000000000,26630.506666666675,17959.628427435557,17601.279143654505,8670.878239231119,9029.22752301217,1.25646258332222,0.8473590612411499,0.8304516673088074
2020-06-01T12:45:00.000000000,17605.90190476191,17211.333210598626,17493.34192746798,394.5686941632848,112.5599772939313,0.830669775301862,0.8120535016059875,0.825359046459198
2020-06-01T13:00:00.000000000,9301.269047619047,15392.96758426984,13855.97396651268,-6091.698536650792,-4554.704918893633,0.438846195531632,0.7262606024742126,0.6537432074546814
2020-06-01T13:15:00.000000000,2260.757142857152,13443.956742445627,10917.863313678105,-11183.199599588475,-8657.106170820953,0.106665516940163,0.6343036890029907,0.5151192545890808
2020-06-01T13:30:00.000000000,987.7499999999993,11382.708376804987,7356.8858203840255,-10394.958376804987,-6369.135820384026,0.0466033535227464,0.537051260471344,0.3471076190471649
2020-06-01T13:45:00.000000000,2278.8600000000065,7337.545174185435,3381.60230092287,-5058.685174185428,-1102.7423009228637,0.10751963372194,0.3461951017379761,0.15954847633838654
2020-06-01T14:00:00.000000000,1907.8785714285707,6468.999257475534,4847.196157626311,-4561.120686046964,-2939.3175861977406,0.0900162384639414,0.3052159547805786,0.22869713604450226
2020-06-01T14:15:00.000000000,1517.740000000001,4771.556727828184,5291.125858496825,-3253.8167278281835,-3773.385858496824,0.0716089838275001,0.22512836754322052,0.24964232742786407
2020-06-01T14:30:00.000000000,1250.3266666666666,3609.2229907409346,5489.43301624457,-2358.896324074268,-4239.1063495779035,0.0589920685047672,0.17028792202472687,0.25899872183799744
2020-06-01T14:45:00.000000000,1220.3533333333341,2687.080510766506,4667.75179902633,-1466.7271774331718,-3447.398465692996,0.0575778869308989,0.12678001821041107,0.22023071348667145
2020-06-01T15:00:00.000000000,1274.12,2188.7191986457506,3773.410353087584,-914.5991986457507,-2499.290353087584,0.0601146694916747,0.10326667129993439,0.17803449928760529
2020-06-01T15:15:00.000000000,1352.3466666666675,1966.5490603168805,3347.0785621126493,-614.202393650213,-1994.7318954459818,0.0638055072558587,0.09278438985347748,0.15791960060596466
2020-06-01T15:30:00.000000000,1516.4880952380959,1761.5346733434994,2932.102665757338,-245.04657810540357,-1415.614570519242,0.0715499173023714,0.08311153948307037,0.13834048807621002
2020-06-01T15:45:00.000000000,1784.7366666666667,1591.6927349241573,2629.190114336411,193.04393174250936,-844.4534476697445,0.08420624026492,0.07509817183017731,0.12404867261648178
2020-06-01T16:00:00.000000000,2211.1333333333405,1449.4711771941184,2463.369292011658,761.6621561392221,-252.23595867831773,0.104324199867641,0.068387970328331,0.11622502654790878
2020-06-01T16:15:00.000000000,2957.966666666671,1330.7705588316917,2399.8071069085595,1627.196107834979,558.1595597581113,0.139560785902472,0.06278751790523529,0.11322607845067978
2020-06-01T16:30:00.000000000,3157.926666666669,1330.0700533731779,2568.585338211457,1827.8566132934911,589.3413284552121,0.148995163599671,0.06275446712970734,0.12118925899267197
2020-06-01T16:45:00.000000000,1545.622857142857,1299.8800999108948,2668.798518443902,245.74275723196206,-1123.1756613010452,0.0729245339653414,0.06133006513118744,0.125917449593544
2020-06-01T17:00:00.000000000,1734.3285714285705,705.4251039274533,1916.8537565998236,1028.9034675011171,-182.52518517125304,0.0818279195534148,0.033282890915870667,0.09043969959020615
2020-06-01T17:15:00.000000000,696.3147619047623,104.08818661659956,1394.371432807048,592.2265752881628,-698.0566709022856,0.0328530529103059,0.004911018535494804,0.06578829139471054
2020-06-01T17:30:00.000000000,178.8326923076913,-618.5640456878145,762.1087233706315,797.3967379955059,-583.2760310629402,0.0084375633318551,-0.029184671118855476,0.035957299172878265
2020-06-01T17:45:00.000000000,89.4163461538446,-1164.9033098602295,350.83053572058674,1254.319656014074,-261.41418956674215,0.0042187816659275,-0.0549616813659668,0.016552649438381195
2020-06-01T18:00:00.000000000,0.0,-1320.6075447877247,223.59497448508938,1320.6075447877247,-223.59497448508938,0.0,-0.06230801343917847,0.010549507103860378
2020-06-01T18:15:00.000000000,0.0,-1356.8996019307772,38.24464356702442,1356.8996019307772,-38.24464356702442,0.0,-0.0640203207731247,0.0018044329481199384
2020-06-01T18:30:00.000000000,0.0,-1088.8291434689363,139.67075695579248,1088.8291434689363,-139.67075695579248,0.0,-0.05137240141630173,0.006589851342141628
2020-06-01T18:45:00.000000000,0.0,-830.9779163511594,286.0827143357694,830.9779163511594,-286.0827143357694,0.0,-0.03920663893222809,0.013497761450707912
2020-06-01T19:00:00.000000000,0.0,-564.6974498863021,480.5105822885036,564.6974498863021,-480.5105822885036,0.0,-0.0266431737691164,0.022671125829219818
2020-06-01T19:15:00.000000000,0.0,-391.91894710570574,626.1841349065303,391.91894710570574,-626.1841349065303,0.0,-0.01849125511944294,0.029544197022914886
2020-06-01T19:30:00.000000000,0.0,-306.94160268217325,659.6871191442012,306.94160268217325,-659.6871191442012,0.0,-0.014481911435723305,0.031124912202358246
2020-06-01T19:45:00.000000000,0.0,-276.99783677846193,616.4339074424902,276.99783677846193,-616.4339074424902,0.0,-0.013069124892354012,0.02908416837453842
2020-06-01T20:00:00.000000000,0.0,-203.8543919391433,585.7228385579585,203.8543919391433,-585.7228385579585,0.0,-0.009618120267987251,0.027635179460048676
2020-06-01T20:15:00.000000000,0.0,-116.1347170844674,558.2199457093079,116.1347170844674,-558.2199457093079,0.0,-0.005479389801621437,0.026337556540966034
2020-06-01T20:30:00.000000000,0.0,-17.813027921020982,579.8446565949916,17.813027921020982,-579.8446565949916,0.0,-0.0008404422551393509,0.027357839047908783
2020-06-01T20:45:00.000000000,0.0,29.192056907117365,603.4988751796881,-29.192056907117365,-603.4988751796881,0.0,0.0013773199170827866,0.028473876416683197
2020-06-01T21:00:00.000000000,0.0,24.049437258342902,612.7286188765366,-24.049437258342902,-612.7286188765366,0.0,0.0011346843093633652,0.0289093479514122
2020-06-01T21:15:00.000000000,0.0,-19.662513928711412,582.7780626809597,19.662513928711412,-582.7780626809597,0.0,-0.0009277034550905228,0.02749624103307724
2020-06-01T21:30:00.000000000,0.0,-125.88099670439958,514.1146313353379,125.88099670439958,-514.1146313353379,0.0,-0.005939232185482979,0.02425660938024521
2020-06-01T21:45:00.000000000,0.0,-238.5963675716519,457.44759283741314,238.5963675716519,-457.44759283741314,0.0,-0.011257292702794075,0.021582983434200287
2020-06-01T22:00:00.000000000,0.0,-376.752277525564,413.9391924925645,376.752277525564,-413.9391924925645,0.0,-0.017775671556591988,0.019530199468135834
2020-06-01T22:15:00.000000000,0.0,-496.39153530309596,373.84930931766826,496.39153530309596,-373.84930931766826,0.0,-0.023420410230755806,0.017638705670833588
2020-06-01T22:30:00.000000000,0.0,-640.628388493359,306.0095364275078,640.628388493359,-306.0095364275078,0.0,-0.03022569604218006,0.014437935315072536
2020-06-01T22:45:00.000000000,0.0,-790.6031567454338,220.3008933614194,790.6031567454338,-220.3008933614194,0.0,-0.03730170428752899,0.010394087992608547
2020-06-01T23:00:00.000000000,0.0,-938.0131291158993,135.30665216510494,938.0131291158993,-135.30665216510494,0.0,-0.044256702065467834,0.006383947096765041
2020-06-01T23:15:00.000000000,0.0,-1080.3101696252822,52.11389119212826,1080.3101696252822,-52.11389119212826,0.0,-0.05097046494483948,0.0024588024243712425
2020-06-01T23:30:00.000000000,0.0,-1216.518687037627,-34.23587928968792,1216.518687037627,34.23587928968792,0.0,-0.057396963238716125,-0.0016152941389009356
2020-06-01T23:45:00.000000000,0.0,-1350.9683609429994,-103.17281974251071,1350.9683609429994,103.17281974251071,0.0,-0.06374047696590424,-0.004867830313742161
2020-06-02T00:00:00.000000000,0.0,-1503.8105668059984,-188.1228450848162,1503.8105668059984,188.1228450848162,0.0,-0.07095177471637726,-0.008875885047018528
2020-06-02T00:15:00.000000000,0.0,-1657.5636192615825,-307.7848424444099,1657.5636192615825,307.7848424444099,0.0,-0.07820604741573334,-0.014521696604788303
2020-06-02T00:30:00.000000000,0.0,-1822.1274480223653,-465.7150100545088,1822.1274480223653,465.7150100545088,0.0,-0.08597038686275482,-0.021973051130771637
2020-06-02T00:45:00.000000000,0.0,-1953.8016296060878,-635.1223697944482,1953.8016296060878,635.1223697944482,0.0,-0.0921829491853714,-0.02996591478586197
2020-06-02T01:00:00.000000000,0.0,-2026.5720821340879,-791.6793390492597,2026.5720821340879,791.6793390492597,0.0,-0.09561635553836823,-0.03735247999429703
2020-06-02T01:15:00.000000000,0.0,-2078.4012745483715,-926.6577082375685,2078.4012745483715,926.6577082375685,0.0,-0.09806172549724579,-0.04372093826532364
2020-06-02T01:30:00.000000000,0.0,-2125.4911590679485,-1052.0008111822603,2125.4911590679485,1052.0008111822603,0.0,-0.10028348863124847,-0.049634791910648346
2020-06-02T01:45:00.000000000,0.0,-2194.9972182599704,-1196.9858597878615,2194.9972182599704,1196.9858597878615,0.0,-0.10356287658214569,-0.056475378572940826
2020-06-02T02:00:00.000000000,0.0,-2266.945255903403,-1368.3551401356856,2266.945255903403,1368.3551401356856,0.0,-0.10695748031139374,-0.06456080824136734
2020-06-02T02:15:00.000000000,0.0,-2328.30170154651,-1503.2425509957473,2328.30170154651,1503.2425509957473,0.0,-0.10985235869884491,-0.07092497497797012
2020-06-02T02:30:00.000000000,0.0,-2374.5704344916344,-1615.310791256825,2374.5704344916344,1615.310791256825,0.0,-0.11203537881374359,-0.07621250301599503
2020-06-02T02:45:00.000000000,0.0,-2413.043280719916,-1721.1458594127496,2413.043280719916,1721.1458594127496,0.0,-0.11385057866573334,-0.08120594173669815
2020-06-02T03:00:00.000000000,0.0,-2483.549881522655,-1782.0525666550793,2483.549881522655,1782.0525666550793,0.0,-0.11717717349529266,-0.08407960087060928
2020-06-02T03:15:00.000000000,0.0,-2579.054862871965,-1791.8697495551903,2579.054862871965,1791.8697495551903,0.0,-0.12168322503566742,-0.08454278856515884
2020-06-02T03:30:00.000000000,0.0,-2701.2409538404145,-1756.6019210875033,2701.2409538404145,1756.6019210875033,0.0,-0.12744812667369843,-0.08287880569696426
2020-06-02T03:45:00.000000000,0.0,-2874.5443619736034,-1721.9202685129642,2874.5443619736034,1721.9202685129642,0.0,-0.13562481105327606,-0.08124247938394547
2020-06-02T04:00:00.000000000,0.0,-3063.759160999457,-1694.6681427220503,3063.759160999457,1694.6681427220503,0.0,-0.14455221593379974,-0.07995668798685074
2020-06-02T04:15:00.000000000,0.0,-3181.7965415517488,-1591.5719308944542,3181.7965415517488,1591.5719308944542,0.0,-0.15012137591838837,-0.07509247213602066
2020-06-02T04:30:00.000000000,0.0,-3254.5126717448234,-1508.04060281078,3254.5126717448234,1508.04060281078,0.0,-0.15355221927165985,-0.07115135341882706
2020-06-02T04:45:00.000000000,0.0,-3284.653987767696,-1365.8335731470584,3284.653987767696,1365.8335731470584,0.0,-0.1549743264913559,-0.06444183737039566
2020-06-02T05:00:00.000000000,0.0,-3374.0268618210152,-1152.0195995708307,3374.0268618210152,1152.0195995708307,0.0,-0.1591910570859909,-0.05435381084680557
2020-06-02T05:15:00.000000000,0.0,-3518.3436193760235,-923.0219017279147,3518.3436193760235,923.0219017279147,0.0,-0.1660001128911972,-0.043549396097660065
2020-06-02T05:30:00.000000000,0.0,-3532.9474843001362,-752.6278967885175,3532.9474843001362,752.6278967885175,0.0,-0.16668914258480072,-0.03550998121500015
2020-06-02T05:45:00.000000000,5.3657142857127305,-3502.0683951703704,-591.1743375297388,3507.434109456083,596.5400518154515,0.000253161508235,-0.16523222625255585,-0.02789238840341568
2020-06-02T06:00:00.000000000,580.5328571428571,-3451.9402498253185,-398.39953060110406,4032.4731069681757,978.9323877439612,0.0273903092614514,-0.16286711394786835,-0.018797017633914948
2020-06-02T06:15:00.000000000,1457.4433333333327,-3167.4567084415753,4.4068821489997205,4624.9000417749085,1453.036451184333,0.0687641072161005,-0.1494448035955429,0.00020792253781110048
2020-06-02T06:30:00.000000000,2444.5547619047647,-2518.470299708843,776.937457495133,4963.025061613607,1667.6173044096317,0.115337332092899,-0.11882476508617401,0.0366569384932518
2020-06-02T06:45:00.000000000,5309.430000000007,-1448.3607276034354,1834.9224107762177,6757.790727603442,3474.507589223789,0.250505941072413,-0.06833557784557343,0.08657407015562057
2020-06-02T07:00:00.000000000,5325.154285714285,463.7588927774628,3465.7880236458777,4861.395392936822,1859.3662620684072,0.251247833703175,0.021880758926272392,0.1635204702615738
2020-06-02T07:15:00.000000000,7167.462380952372,2646.1170486474034,4869.1493291417755,4521.345332304969,2298.3130518105963,0.338170370235899,0.12484730780124664,0.2297329157590866
2020-06-02T07:30:00.000000000,7971.315238095238,4988.80879988114,6181.677058264414,2982.506438214098,1789.638179830824,0.376097212940732,0.23537860810756683,0.29165971279144287
2020-06-02T07:45:00.000000000,8443.792380952385,6898.882213182449,6796.0595079946515,1544.9101677699364,1647.732872957734,0.398389310455274,0.32549840211868286,0.32064709067344666
2020-06-02T08:00:00.000000000,10844.583333333328,8217.827241859435,6768.547140320142,2626.7560914738933,4076.0361930131867,0.511661808038691,0.3877279758453369,0.3193490207195282
2020-06-02T08:15:00.000000000,11199.373333333328,9571.312432378132,7491.166842389106,1628.0609009551954,3708.2064909442215,0.528401270247079,0.4515872001647949,0.3534431755542755
2020-06-02T08:30:00.000000000,11943.593333333336,10606.794674243927,7910.455679475466,1336.7986590894088,4033.1376538578697,0.563514555753228,0.500442624092102,0.37322577834129333
2020-06-02T08:45:00.000000000,14129.076190476184,11409.901127020517,8257.203986474673,2719.1750634556665,5871.872204001511,0.666628532173709,0.5383342504501343,0.38958582282066345
2020-06-02T09:00:00.000000000,15303.534285714291,12162.874381211597,8862.860121588707,3140.659904502694,6440.674164125585,0.722041020971515,0.5738605260848999,0.4181614816188812
2020-06-02T09:15:00.000000000,12783.97142857142,12691.893071537017,9503.280024434725,92.07835703440287,3280.6914041366945,0.603164707578237,0.5988203287124634,0.4483773410320282
2020-06-02T09:30:00.000000000,13247.097619047623,12542.178189862569,9228.0148569568,704.9194291850545,4019.082762090824,0.625015614771763,0.5917565822601318,0.4353899657726288
2020-06-02T09:45:00.000000000,13610.093333333343,12111.055926933288,8861.776201510429,1499.0374064000553,4748.317131822914,0.642142233450679,0.5714156627655029,0.41811034083366394
2020-06-02T10:00:00.000000000,14623.733333333334,11903.183300825754,8873.20915804704,2720.550032507579,5750.524175286293,0.689967111471227,0.5616079568862915,0.4186497628688812
2020-06-02T10:15:00.000000000,16029.56714285715,12392.244755538304,9761.235316723187,3637.3223873188454,6268.331826133963,0.756296212984229,0.5846825242042542,0.4605480134487152
2020-06-02T10:30:00.000000000,14327.718095238093,13680.150254700977,11414.91015162468,647.5678405371164,2912.807943613414,0.676000720391427,0.6454476118087769,0.5385705828666687
2020-06-02T10:45:00.000000000,14690.448571428571,13903.668976577123,10934.427835899987,786.7795948514486,3756.020735528584,0.693114824785635,0.6559935212135315,0.5159007906913757
2020-06-02T11:00:00.000000000,13645.628571428566,14499.198417812982,11700.195894931157,-853.5698463844165,1945.4326764974085,0.643818833059352,0.6840913891792297,0.5520307421684265
2020-06-02T11:15:00.000000000,5498.6857142857125,14522.529229008356,11471.652988729476,-9023.843514722645,-5972.967274443764,0.259435276389099,0.6851921677589417,0.5412477850914001
2020-06-02T11:30:00.000000000,15379.15809523809,15434.915796623229,13470.184323733647,-55.757701385138716,1908.973771504443,0.725609052487561,0.7282397747039795,0.6355411410331726
2020-06-02T11:45:00.000000000,12743.95571428571,17076.506438624063,15757.776172666549,-4332.550724338353,-3013.8204583808383,0.601276713167382,0.805692195892334,0.7434727549552917
2020-06-02T12:00:00.000000000,10649.74476190475,17099.350875425338,14980.289649012882,-6449.606113520587,-4330.544887108132,0.502469066126109,0.8067700266838074,0.7067899107933044
2020-06-02T12:15:00.000000000,9057.466666666667,16774.725655152,13531.480130491256,-7717.258988485333,-4474.013463824589,0.427343276220864,0.7914537787437439,0.6384331583976746
2020-06-02T12:30:00.000000000,0.0,15734.895099871952,12147.079214849471,-15734.895099871952,-12147.079214849471,0.0,0.7423931956291199,0.5731152892112732
2020-06-02T12:45:00.000000000,12598.599523809531,15696.985689954756,15284.418925987879,-3098.3861661452247,-2685.8194021783474,0.594418615539965,0.7406045794487,0.721139132976532
2020-06-02T13:00:00.000000000,10930.619999999999,15794.868220939636,16685.419736534754,-4864.248220939637,-5754.799736534755,0.51572113194918,0.745222806930542,0.787240207195282
2020-06-02T13:15:00.000000000,15849.075238095247,15436.966148939131,13823.860623401006,412.10908915611617,2025.2146146942414,0.747780365810741,0.72833651304245,0.652228057384491
2020-06-02T13:30:00.000000000,16862.48666666667,14907.3296999677,15318.599044446944,1955.1569666989708,1543.8876222197268,0.795594459528489,0.7033475637435913,0.722751796245575
2020-06-02T13:45:00.000000000,15726.330476190487,14405.776634842554,16867.397031914392,1320.5538413479335,-1141.0665557239045,0.741989105337835,0.6796836256980896,0.7958261370658875
2020-06-02T14:00:00.000000000,18936.80238095239,14524.795607353844,17021.323789510727,4412.006773598547,1915.4785914416643,0.893463422880193,0.6852990984916687,0.8030886054039001
2020-06-02T14:15:00.000000000,16215.280000000004,14502.725579652786,16421.42329527855,1712.5544203472182,-206.14329527854534,0.765058391607512,0.6842578053474426,0.774784505367279
2020-06-02T14:30:00.000000000,13029.986666666666,13426.060691363016,14045.834317007064,-396.07402469635053,-1015.8476503403981,0.61477203242049,0.6334593296051025,0.6627010703086853
2020-06-02T14:45:00.000000000,15778.324285714281,12100.806691974003,12706.39713496208,3677.5175937402782,3071.9271507522008,0.744442242150016,0.5709320902824402,0.5995046496391296
2020-06-02T15:00:00.000000000,15747.557142857131,10905.53088033994,12734.109105634689,4842.026262517191,3013.4480372224425,0.742990607591214,0.5145373940467834,0.6008121371269226
2020-06-02T15:15:00.000000000,13167.813333333324,9313.39630270322,10962.013475561142,3854.417030630104,2205.799857772183,0.62127487713983,0.43941837549209595,0.5172023177146912
2020-06-02T15:30:00.000000000,18384.569523809525,7764.59452530543,10022.455002347628,10619.974998504094,8362.114521461897,0.867408345109193,0.3663438558578491,0.47287270426750183
2020-06-02T15:45:00.000000000,12251.978571428572,6952.812921972274,10648.166817185083,5299.165649456298,1603.8117542434884,0.578064579820197,0.3280429244041443,0.5023946166038513
2020-06-02T16:00:00.000000000,7293.675714285719,5139.76867367347,8851.0279590559,2153.9070406122482,-1557.3522447701816,0.344125282503799,0.24250109493732452,0.4176032245159149
2020-06-02T16:15:00.000000000,0.0,4178.065005807081,8752.94456176281,-4178.065005807081,-8752.94456176281,0.0,0.19712664186954498,0.4129755198955536
2020-06-02T16:30:00.000000000,0.0,2949.04933928887,7742.933178426424,-2949.04933928887,-7742.933178426424,0.0,0.1391400545835495,0.3653218448162079
2020-06-02T16:45:00.000000000,10956.17428571428,1897.839518152078,7948.781981730461,9058.334767562203,3007.392303983819,0.516926817002244,0.08954258263111115,0.37503406405448914
2020-06-02T17:00:00.000000000,10964.691904761909,1484.8864971176781,7488.249859334627,9479.805407644231,3476.4420454272813,0.517328689552635,0.0700589120388031,0.35330554842948914
2020-06-02T17:15:00.000000000,8887.949999999995,5.8374007333318385,6207.407527022361,8882.112599266664,2680.542472977634,0.419345255320166,0.000275416299700737,0.29287371039390564
2020-06-02T17:30:00.000000000,7377.1952380952325,-1425.0153883417447,5230.067554040749,8802.210626436978,2147.1276840544833,0.3480658442797,-0.0672341138124466,0.2467615157365799
2020-06-02T17:45:00.000000000,4460.199999999995,-2551.7458881258963,3991.632015653451,7011.9458881258915,468.5679843465441,0.210438144654167,-0.1203947514295578,0.1883304864168167
2020-06-02T18:00:00.000000000,3310.640476190481,-3258.9061484956737,2519.307400573492,6569.546624686154,791.3330756169889,0.156200403440768,-0.15375950932502747,0.1188642606139183
2020-06-02T18:15:00.000000000,1784.3866666666675,-3660.0589055776595,1311.4843928817907,5444.445572244327,472.9022737848768,0.0841897268012572,-0.17268642783164978,0.061877571046352386
2020-06-02T18:30:00.000000000,541.1914285714284,-3876.1228344678875,314.25516154512763,4417.314263039316,226.9362670263008,0.0255341285438567,-0.18288061022758484,0.014826974831521511
2020-06-02T18:45:00.000000000,23.954761904760854,-4062.6502570525804,-500.5684728046258,4086.605018957341,524.5232347093867,0.0011302174007601,-0.19168122112751007,-0.02361748367547989
2020-06-02T19:00:00.000000000,0.0,-3962.056662561893,-852.5519369184971,3962.056662561893,852.5519369184971,0.0,-0.18693508207798004,-0.040224529802799225
2020-06-02T19:15:00.000000000,0.0,-3807.4815110492705,-935.7724907139936,3807.4815110492705,935.7724907139936,0.0,-0.17964202165603638,-0.04415098577737808
2020-06-02T19:30:00.000000000,0.0,-3455.5880577810603,-703.3865951438744,3455.5880577810603,703.3865951438744,0.0,-0.1630392223596573,-0.03318671137094498
2020-06-02T19:45:00.000000000,0.0,-3084.134142354329,-453.98138571063674,3084.134142354329,453.98138571063674,0.0,-0.14551353454589844,-0.02141944319009781
2020-06-02T20:00:00.000000000,0.0,-2825.75216707468,-300.2447760257621,2825.75216707468,300.2447760257621,0.0,-0.13332273066043854,-0.014165946282446384
2020-06-02T20:15:00.000000000,0.0,-2644.093225843906,-182.01158240571615,2644.093225843906,182.01158240571615,0.0,-0.12475182116031647,-0.008587547577917576
2020-06-02T20:30:00.000000000,0.0,-2480.341073831717,-87.56714989756544,2480.341073831717,87.56714989756544,0.0,-0.11702577769756317,-0.00413153413683176
2020-06-02T20:45:00.000000000,0.0,-2332.9440503899255,-30.83820673662548,2332.9440503899255,30.83820673662548,0.0,-0.11007139086723328,-0.0014549874467775226
2020-06-02T21:00:00.000000000,0.0,-2209.629823489189,11.171276157318303,2209.629823489189,-11.171276157318303,0.0,-0.10425326228141785,0.0005270756082609296
2020-06-02T21:15:00.000000000,0.0,-2132.9194225414594,52.62742675368984,2132.9194225414594,-52.62742675368984,0.0,-0.10063396394252777,0.002483031712472439
2020-06-02T21:30:00.000000000,0.0,-2066.6259609707195,123.87559059366583,2066.6259609707195,-123.87559059366583,0.0,-0.09750615060329437,0.005844614468514919
2020-06-02T21:45:00.000000000,0.0,-1998.284042049249,182.83111536408464,1998.284042049249,-182.83111536408464,0.0,-0.09428168833255768,0.008626214228570461
2020-06-02T22:00:00.000000000,0.0,-1960.4036882646876,216.03406344955164,1960.4036882646876,-216.03406344955164,0.0,-0.09249444305896759,0.010192773304879665
2020-06-02T22:15:00.000000000,0.0,-1953.368945891857,220.828325334241,1953.368945891857,-220.828325334241,0.0,-0.09216253459453583,0.010418972931802273
2020-06-02T22:30:00.000000000,0.0,-1949.33109093825,220.1341364262998,1949.33109093825,-220.1341364262998,0.0,-0.09197202324867249,0.010386220179498196
2020-06-02T22:45:00.000000000,0.0,-1928.1254831830659,205.8795767488579,1928.1254831830659,-205.8795767488579,0.0,-0.09097151458263397,0.009713671170175076
2020-06-02T23:00:00.000000000,0.0,-1908.9743335016567,167.3798851806422,1908.9743335016567,-167.3798851806422,0.0,-0.09006793797016144,0.007897204719483852
2020-06-02T23:15:00.000000000,0.0,-1920.0371401747066,135.47277744516728,1920.0371401747066,-135.47277744516728,0.0,-0.09058989584445953,0.006391785107553005
2020-06-02T23:30:00.000000000,0.0,-1946.039852262338,109.2205616099139,1946.039852262338,-109.2205616099139,0.0,-0.0918167382478714,0.005153170786798
2020-06-02T23:45:00.000000000,0.0,-1974.917858170668,95.68987862810492,1974.917858170668,-95.68987862810492,0.0,-0.09317924082279205,0.004514775238931179
2020-06-03T00:00:00.000000000,0.0,-2010.039142665068,84.59043596173326,2010.039142665068,-84.59043596173326,0.0,-0.09483630955219269,0.003991088829934597
2020-06-03T00:15:00.000000000,0.0,-2061.6579939452804,72.37801708444952,2061.6579939452804,-72.37801708444952,0.0,-0.09727175533771515,0.003414890728890896
2020-06-03T00:30:00.000000000,0.0,-2108.159175951481,68.56471550370256,2108.159175951481,-68.56471550370256,0.0,-0.0994657427072525,0.0032349741086363792
2020-06-03T00:45:00.000000000,0.0,-2151.647994989554,52.17137180233995,2151.647994989554,-52.17137180233995,0.0,-0.10151760280132294,0.002461514435708523
2020-06-03T01:00:00.000000000,0.0,-2195.6655093105633,-20.215031983436393,2195.6655093105633,20.215031983436393,0.0,-0.10359440743923187,-0.0009537719888612628
2020-06-03T01:15:00.000000000,0.0,-2212.223714981874,-97.35906659538547,2212.223714981874,97.35906659538547,0.0,-0.10437564551830292,-0.004593529738485813
2020-06-03T01:30:00.000000000,0.0,-2216.1248166155815,-188.13295156573255,2216.1248166155815,188.13295156573255,0.0,-0.10455970466136932,-0.008876361884176731
2020-06-03T01:45:00.000000000,0.0,-2327.536135617097,-464.45422656019525,2327.536135617097,464.45422656019525,0.0,-0.10981623828411102,-0.021913565695285797
2020-06-03T02:00:00.000000000,0.0,-2453.9606320198377,-771.5030132098992,2453.9606320198377,771.5030132098992,0.0,-0.11578111350536346,-0.036400534212589264
2020-06-03T02:15:00.000000000,0.0,-2509.404786326885,-954.2319781076908,2509.404786326885,954.2319781076908,0.0,-0.11839704215526581,-0.04502192884683609
2020-06-03T02:30:00.000000000,0.0,-2419.2006542181966,-1008.0742551894982,2419.2006542181966,1008.0742551894982,0.0,-0.11414109170436859,-0.04756227880716324
2020-06-03T02:45:00.000000000,0.0,-2219.2148731557527,-964.3649885364373,2219.2148731557527,964.3649885364373,0.0,-0.10470549762248993,-0.0455000177025795
2020-06-03T03:00:00.000000000,0.0,-2193.7313815251987,-903.7867419238885,2193.7313815251987,903.7867419238885,0.0,-0.10350315272808075,-0.04264185577630997
2020-06-03T03:15:00.000000000,0.0,-2312.909531110922,-888.9895905522504,2312.909531110922,888.9895905522504,0.0,-0.10912613570690155,-0.04194370657205582
2020-06-03T03:30:00.000000000,0.0,-2520.9969199379284,-877.392403700749,2520.9969199379284,877.392403700749,0.0,-0.11894397437572479,-0.04139653593301773
2020-06-03T03:45:00.000000000,0.0,-2728.8847057668368,-857.7302450780073,2728.8847057668368,857.7302450780073,0.0,-0.12875239551067352,-0.04046884924173355
2020-06-03T04:00:00.000000000,0.0,-2828.8289588586485,-815.0290998963515,2828.8289588586485,815.0290998963515,0.0,-0.133467897772789,-0.03845415264368057
2020-06-03T04:15:00.000000000,0.0,-2837.7567714381216,-723.9457039479414,2837.7567714381216,723.9457039479414,0.0,-0.1338891237974167,-0.034156717360019684
2020-06-03T04:30:00.000000000,0.0,-2856.0393954157826,-558.3030083493392,2856.0393954157826,558.3030083493392,0.0,-0.13475172221660614,-0.026341475546360016
2020-06-03T04:45:00.000000000,0.0,-2865.697401241461,-307.70904383753737,2865.697401241461,307.70904383753737,0.0,-0.135207399725914,-0.01451812032610178
2020-06-03T05:00:00.000000000,0.0,-2878.6046406817436,-34.4411671833011,2878.6046406817436,34.4411671833011,0.0,-0.13581638038158417,-0.0016249798936769366
2020-06-03T05:15:00.000000000,0.0,-2856.4790273356434,259.5020378707349,2856.4790273356434,-259.5020378707349,0.0,-0.13477246463298798,0.012243649922311306
2020-06-03T05:30:00.000000000,0.0,-2786.8257925152775,496.2350032842159,2786.8257925152775,-496.2350032842159,0.0,-0.13148613274097443,0.023413024842739105
2020-06-03T05:45:00.000000000,0.0,-2754.170489364465,647.9231753575801,2754.170489364465,-647.9231753575801,0.0,-0.12994541227817535,0.03056987375020981
2020-06-03T06:00:00.000000000,63.75476190476019,-2677.8229742471376,763.2545456445216,2741.5777361518976,-699.4997837397614,0.0030080341258477,-0.126343235373497,0.036011360585689545
2020-06-03T06:15:00.000000000,615.0866666666672,-2472.758686524232,985.8940036809444,3087.845353190899,-370.8073370142772,0.0290206037699766,-0.11666803061962128,0.04651578515768051
2020-06-03T06:30:00.000000000,1309.8400000000006,-2023.0998742842673,1394.4093321104845,3332.9398742842677,-84.56933211048386,0.0617999864117785,-0.09545253217220306,0.0657900795340538
2020-06-03T06:45:00.000000000,2325.4723809523857,-1294.2116274269422,2075.8906036094822,3619.6840083793277,249.58177734290348,0.109718867605069,-0.06106261909008026,0.0979432687163353
2020-06-03T07:00:00.000000000,3284.4233333333336,-228.4680945558349,3127.020678295294,3512.8914278891684,157.40265503803948,0.154963443909583,-0.010779427364468575,0.1475369781255722
2020-06-03T07:15:00.000000000,3809.6233333333425,1169.2266728997229,4376.6523025727265,2640.3966604336197,-567.028969239384,0.17974307566878,0.05516566336154938,0.2064962536096573
2020-06-03T07:30:00.000000000,4239.173333333329,2638.969240019321,5414.696221523284,1600.2040933140074,-1175.5228881899557,0.200009813715548,0.12451006472110748,0.2554725408554077
2020-06-03T07:45:00.000000000,8057.530952380952,3947.5424926559126,6126.673167532284,4109.988459725039,1930.8577848486675,0.380164984555081,0.18625028431415558,0.28906455636024475
2020-06-03T08:00:00.000000000,9578.816666666658,6080.381063350042,7851.806507407824,3498.435603316617,1727.0101592588344,0.451941259879769,0.2868804335594177,0.3704586327075958
2020-06-03T08:15:00.000000000,9734.538571428579,8530.000014333724,9516.683744750022,1204.5385570948547,217.8548266785565,0.459288425639177,0.40245670080184937,0.4490097463130951
2020-06-03T08:30:00.000000000,11134.916666666673,10167.353514210383,9678.571882688204,967.5631524562905,1456.3447839784694,0.525360119324716,0.4797092080116272,0.4566478431224823
2020-06-03T08:45:00.000000000,11456.146666666667,11166.374099550247,9144.216970438956,289.77256711642076,2311.9296962277112,0.540516176274462,0.526844322681427,0.4314362704753876
2020-06-03T09:00:00.000000000,15143.809523809528,11537.249103116988,8378.731892873446,3606.56042069254,6765.077630936083,0.714504995109319,0.5443426966667175,0.3953196704387665
2020-06-03T09:15:00.000000000,9250.087619047617,12572.276553341548,9953.574281662304,-3322.1889342939303,-703.4866626146868,0.436431387928986,0.5931766629219055,0.46962282061576843
2020-06-03T09:30:00.000000000,11140.75666666666,12534.627385307947,9121.224726354281,-1393.8707186412867,2019.5319403123794,0.525635658261261,0.5914003252983093,0.43035146594047546
2020-06-03T09:45:00.000000000,14450.282857142856,12324.473221133549,8809.434736844698,2125.8096360093077,5640.848120298158,0.681783488225878,0.5814849734306335,0.41564080119132996
2020-06-03T10:00:00.000000000,12582.753333333329,12612.04302912712,9781.986448664664,-29.289695793791907,2800.7668846686647,0.593670971281042,0.5950528979301453,0.4615270793437958
2020-06-03T10:15:00.000000000,9289.439523809528,12894.160390666326,10098.51637772401,-3604.7208668567982,-809.0768539144829,0.438288062927126,0.6083635687828064,0.47646138072013855
2020-06-03T10:30:00.000000000,10186.524761904771,13522.87698861122,10673.31426832517,-3336.352226706449,-486.78950642039854,0.480613732874977,0.6380272507667542,0.5035811066627502
2020-06-03T10:45:00.000000000,3398.903809523815,12760.115607652664,9725.420474975903,-9361.211798128848,-6326.516665452087,0.160364784434369,0.6020391583442688,0.4588582217693329
2020-06-03T11:00:00.000000000,7896.113333333335,15490.05549319267,14723.481442308424,-7593.942159859336,-6827.36810897509,0.372549087450271,0.730841338634491,0.6946733593940735
2020-06-03T11:15:00.000000000,13453.016666666676,17001.267478132246,15332.91487466494,-3548.25081146557,-1879.8982079982652,0.634731148229883,0.802142322063446,0.7234272360801697
2020-06-03T11:30:00.000000000,13019.131428571432,16716.552750997544,14032.230993693669,-3697.421322426111,-1013.0995651222365,0.61425986790667,0.7887091040611267,0.6620592474937439
2020-06-03T11:45:00.000000000,10583.313809523805,15830.839713141122,13201.862308645248,-5247.525903617317,-2618.5484991214435,0.499334765788309,0.7469199895858765,0.6228813529014587
2020-06-03T12:00:00.000000000,13707.146190476195,14525.595282656352,12506.743604459762,-818.4490921801571,1200.402586016433,0.646721315821543,0.6853368282318115,0.5900847315788269
2020-06-03T12:15:00.000000000,11281.11999999999,16207.643431075412,15266.363697830835,-4926.523431075422,-3985.243697830845,0.532258186274386,0.7646980881690979,0.7202872633934021
2020-06-03T12:30:00.000000000,9472.912380952386,15611.545500288008,13705.094312912623,-6138.633119335622,-4232.181931960236,0.446944555382967,0.7365733981132507,0.6466245055198669
2020-06-03T12:45:00.000000000,6113.1399999999985,14851.540661999383,12353.635471817652,-8738.400661999385,-6240.495471817653,0.288426043587995,0.7007153630256653,0.5828608870506287
2020-06-03T13:00:00.000000000,2421.2799999999925,13522.247860174179,9707.03173294862,-11100.967860174187,-7285.751732948628,0.114239197992969,0.637997567653656,0.4579906165599823
2020-06-03T13:15:00.000000000,13510.226190476198,10612.445460386276,5978.114214612642,2897.780730089922,7532.111975863556,0.637430369351587,0.5007092356681824,0.2820553481578827
2020-06-03T13:30:00.000000000,12560.806666666656,11010.322454341253,9181.96720328172,1550.4842123254039,3378.8394633849366,0.592635498473841,0.5194815993309021,0.4332173764705658
2020-06-03T13:45:00.000000000,11944.656666666657,12250.951099087397,11730.058019418715,-306.2944324207401,214.5986472479417,0.563564725228546,0.5780161023139954,0.5534396767616272
2020-06-03T14:00:00.000000000,13691.373571428569,12998.197768529255,12439.704789921441,693.1758028993136,1251.6687815071273,0.645977142760084,0.6132721900939941,0.586921751499176
2020-06-03T14:15:00.000000000,15438.090476190479,13768.031159509022,12970.120701233545,1670.059316681456,2467.969774956933,0.728389560291622,0.6495939493179321,0.6119474768638611
2020-06-03T14:30:00.000000000,10139.697142857138,13968.489418554305,13430.491119934717,-3828.7922756971675,-3290.7939770775793,0.478404343773377,0.6590518355369568,0.6336683630943298
2020-06-03T14:45:00.000000000,14898.233809523808,13131.479512233733,11992.04074435234,1766.7542972900756,2906.1930651714683,0.702918407582659,0.6195605993270874,0.5658003687858582
2020-06-03T15:00:00.000000000,14290.391904761898,11808.939102970759,11239.678932256698,2481.45280179114,3050.7129725052,0.674239621276854,0.5571613907814026,0.5303029417991638
2020-06-03T15:15:00.000000000,11480.073333333341,11256.470850299198,12080.103565816878,223.602483034143,-600.0302324835375,0.54164506810467,0.5310952067375183,0.5699552893638611
2020-06-03T15:30:00.000000000,9438.324285714294,9769.73739379406,10167.260660916963,-331.41310807976515,-728.9363752026693,0.445312643229022,0.4609491527080536,0.4797048270702362
2020-06-03T15:45:00.000000000,15173.826666666664,7729.551566038132,7672.70324253877,7444.2751006285325,7501.123424127894,0.715921243674557,0.36469048261642456,0.36200830340385437
2020-06-03T16:00:00.000000000,10154.24619047618,5807.444176413218,7488.664225052197,4346.802014062962,2665.581965423983,0.479090787113908,0.27400290966033936,0.35332509875297546
2020-06-03T16:15:00.000000000,6634.670476190472,3945.910927642981,6948.53851219972,2688.7595485474912,-313.8680360092476,0.313032542352653,0.18617330491542816,0.32784125208854675
2020-06-03T16:30:00.000000000,5549.509047619054,2922.6783723028498,5788.979004124005,2626.8306753162046,-239.46995650495046,0.261833188584025,0.1378958374261856,0.27313169836997986
2020-06-03T16:45:00.000000000,6353.339999999996,1313.0134718616803,3927.5569266438483,5040.326528138316,2425.7830733561473,0.299758997793172,0.0619497150182724,0.1853073388338089
2020-06-03T17:00:00.000000000,5553.460952380954,-185.64693491329749,3074.911031035582,5739.107887294252,2478.5499213453722,0.262019644685981,-0.008759068325161934,0.1450783759355545
2020-06-03T17:15:00.000000000,3893.913809523804,-137.9329751971364,3262.666706879139,4031.8467847209404,631.2471026446651,0.183720011999334,-0.006507860496640205,0.1539369374513626
2020-06-03T17:30:00.000000000,3315.739999999998,-453.01894079556064,2578.8219400695957,3768.7589407955584,736.9180599304023,0.1564410057297,-0.021374033764004707,0.12167223542928696
2020-06-03T17:45:00.000000000,2699.924761904766,-1076.581193994681,1805.9869242576756,3776.505955899447,893.9378376470904,0.127386026994548,-0.05079452693462372,0.08520885556936264
2020-06-03T18:00:00.000000000,1713.8580952380958,-1693.5414280136424,1198.1389460949101,3407.399523251738,515.7191491431856,0.0808620953684655,-0.07990352809429169,0.056529782712459564
2020-06-03T18:15:00.000000000,824.3638095238106,-2022.815471594731,800.6523149653275,2847.1792811185414,23.711494558483082,0.0388945766100695,-0.095439113676548,0.03777583688497543
2020-06-03T18:30:00.000000000,278.7566666666673,-2304.252698551019,302.534170302401,2583.009365217686,-23.777503635733694,0.0131521088164911,-0.10871769487857819,0.014273962937295437
2020-06-03T18:45:00.000000000,0.0,-2636.985843139489,-201.66552951271333,2636.985843139489,201.66552951271333,0.0,-0.12441648542881012,-0.009514846839010715
2020-06-03T19:00:00.000000000,0.0,-2781.104261006514,-443.31273179332413,2781.104261006514,443.31273179332413,0.0,-0.13121618330478668,-0.020916081964969635
2020-06-03T19:15:00.000000000,0.0,-2700.6238268494603,-404.7577704075972,2700.6238268494603,404.7577704075972,0.0,-0.12741900980472565,-0.01909700781106949
2020-06-03T19:30:00.000000000,0.0,-2484.364400719007,-221.62077608202893,2484.364400719007,221.62077608202893,0.0,-0.1172156035900116,-0.010456361807882786
2020-06-03T19:45:00.000000000,0.0,-2228.09531160593,-42.59457312996189,2228.09531160593,42.59457312996189,0.0,-0.10512448847293854,-0.0020096683874726295
2020-06-03T20:00:00.000000000,0.0,-1967.6787753868102,80.46951836809515,1967.6787753868102,-80.46951836809515,0.0,-0.09283769130706787,0.003796658478677273
2020-06-03T20:15:00.000000000,0.0,-1746.3849005361396,141.06166139190395,1746.3849005361396,-141.06166139190395,0.0,-0.08239675313234329,0.006655476056039333
2020-06-03T20:30:00.000000000,0.0,-1533.344546491305,201.80792824968694,1533.344546491305,-201.80792824968694,0.0,-0.07234522700309753,0.009521565400063992
2020-06-03T20:45:00.000000000,0.0,-1365.5534341291586,260.8310401112338,1365.5534341291586,-260.8310401112338,0.0,-0.06442862004041672,0.012306354008615017
2020-06-03T21:00:00.000000000,0.0,-1265.4620054090021,305.80993342941,1265.4620054090021,-305.80993342941,0.0,-0.059706173837184906,0.014428517781198025
2020-06-03T21:15:00.000000000,0.0,-1210.792102288405,333.3033711914221,1210.792102288405,-333.3033711914221,0.0,-0.05712677538394928,0.015725694596767426
2020-06-03T21:30:00.000000000,0.0,-1155.4685940972963,325.0893090874453,1155.4685940972963,-325.0893090874453,0.0,-0.054516538977622986,0.015338144265115261
2020-06-03T21:45:00.000000000,0.0,-1094.686954556306,278.13333544000983,1094.686954556306,-278.13333544000983,0.0,-0.05164878070354462,0.013122699223458767
2020-06-03T22:00:00.000000000,0.0,-1040.6712881612777,230.73015001202623,1040.6712881612777,-230.73015001202623,0.0,-0.049100250005722046,0.010886154137551785
2020-06-03T22:15:00.000000000,0.0,-1001.7051193332671,195.81857499664028,1001.7051193332671,-195.81857499664028,0.0,-0.04726177453994751,0.009238979779183865
2020-06-03T22:30:00.000000000,0.0,-957.260922021071,173.24069662953414,957.260922021071,-173.24069662953414,0.0,-0.045164838433265686,0.008173725567758083
2020-06-03T22:45:00.000000000,0.0,-964.6670775675773,144.69620459144312,964.6670775675773,-144.69620459144312,0.0,-0.045514270663261414,0.006826958619058132
2020-06-03T23:00:00.000000000,0.0,-1049.3019070363043,95.54207134470343,1049.3019070363043,-95.54207134470343,0.0,-0.04950745403766632,0.004507801495492458
2020-06-03T23:15:00.000000000,0.0,-1163.250584402879,40.77442207139606,1163.250584402879,-40.77442207139606,0.0,-0.05488370358943939,0.001923791249282658
2020-06-03T23:30:00.000000000,0.0,-1295.603795173168,-34.25103901106243,1295.603795173168,34.25103901106243,0.0,-0.06112830340862274,-0.0016160093946382403
2020-06-03T23:45:00.000000000,0.0,-1473.4803859210012,-142.76748535250624,1473.4803859210012,142.76748535250624,0.0,-0.06952075660228729,-0.006735959090292454
2020-06-04T00:00:00.000000000,0.0,-1630.0550415174166,-258.76588337992627,1630.0550415174166,258.76588337992627,0.0,-0.0769081562757492,-0.012208917178213596
2020-06-04T00:15:00.000000000,0.0,-1741.0759976935385,-401.49590369184807,1741.0759976935385,401.49590369184807,0.0,-0.08214627206325531,-0.01894310861825943
2020-06-04T00:30:00.000000000,0.0,-1842.0271089466412,-538.9971031788984,1842.0271089466412,538.9971031788984,0.0,-0.08690927922725677,-0.025430597364902496
2020-06-04T00:45:00.000000000,0.0,-1924.6482220927874,-653.5919636690617,1924.6482220927874,653.5919636690617,0.0,-0.09080745279788971,-0.03083733469247818
2020-06-04T01:00:00.000000000,0.0,-1992.6812616912523,-756.1803248306115,1992.6812616912523,756.1803248306115,0.0,-0.09401734173297882,-0.03567758947610855
2020-06-04T01:15:00.000000000,0.0,-2052.3006559268633,-856.1283678527673,2052.3006559268633,856.1283678527673,0.0,-0.09683026373386383,-0.040393270552158356
2020-06-04T01:30:00.000000000,0.0,-2130.067499957879,-980.1235189052422,2130.067499957879,980.1235189052422,0.0,-0.10049940645694733,-0.04624352604150772
2020-06-04T01:45:00.000000000,0.0,-2189.9919835861524,-1076.632831795613,2189.9919835861524,1076.632831795613,0.0,-0.1033267229795456,-0.05079696327447891
2020-06-04T02:00:00.000000000,0.0,-2223.182930225531,-1135.3123233060041,2223.182930225531,1135.3123233060041,0.0,-0.10489271581172943,-0.05356553941965103
2020-06-04T02:15:00.000000000,0.0,-2253.5933313028017,-1195.660647477706,2253.5933313028017,1195.660647477706,0.0,-0.10632751882076263,-0.05641285330057144
2020-06-04T02:30:00.000000000,0.0,-2299.7913188815114,-1271.2028023970126,2299.7913188815114,1271.2028023970126,0.0,-0.1085072010755539,-0.059977032244205475
2020-06-04T02:45:00.000000000,0.0,-2385.658507366975,-1363.262737063964,2385.658507366975,1363.262737063964,0.0,-0.1125585287809372,-0.06432054191827774
2020-06-04T03:00:00.000000000,0.0,-2482.18297997872,-1403.3538835489749,2482.18297997872,1403.3538835489749,0.0,-0.11711268126964569,-0.06621209532022476
2020-06-04T03:15:00.000000000,0.0,-2561.345781686306,-1411.4150653898714,2561.345781686306,1411.4150653898714,0.0,-0.120847687125206,-0.06659243255853653
2020-06-04T03:30:00.000000000,0.0,-2651.388210100333,-1418.4719156897067,2651.388210100333,1418.4719156897067,0.0,-0.12509600818157196,-0.06692538410425186
2020-06-04T03:45:00.000000000,0.0,-2757.8460901427266,-1427.4174146107832,2757.8460901427266,1427.4174146107832,0.0,-0.13011883199214935,-0.0673474445939064
2020-06-04T04:00:00.000000000,0.0,-2877.4752414393424,-1423.0324652032057,2877.4752414393424,1423.0324652032057,0.0,-0.13576309382915497,-0.06714055687189102
2020-06-04T04:15:00.000000000,0.0,-3006.374562356472,-1422.6711585104465,3006.374562356472,1422.6711585104465,0.0,-0.1418447345495224,-0.06712350994348526
2020-06-04T04:30:00.000000000,0.0,-3134.25565532128,-1467.1333579917748,3134.25565532128,1467.1333579917748,0.0,-0.14787833392620087,-0.06922129541635513
2020-06-04T04:45:00.000000000,0.0,-3217.9512137198444,-1474.469399826924,3217.9512137198444,1474.469399826924,0.0,-0.15182720124721527,-0.06956741958856583
2020-06-04T05:00:00.000000000,0.0,-3239.0927084867158,-1351.3825687468052,3239.0927084867158,1351.3825687468052,0.0,-0.15282468497753143,-0.06376001983880997
2020-06-04T05:15:00.000000000,0.0,-3198.991455520789,-1114.0722903501987,3198.991455520789,1114.0722903501987,0.0,-0.1509326547384262,-0.05256340652704239
2020-06-04T05:30:00.000000000,0.0,-3162.1495426503816,-825.918833083709,3162.1495426503816,825.918833083709,0.0,-0.1491944044828415,-0.03896794468164444
2020-06-04T05:45:00.000000000,0.0,-3150.8100710622466,-536.8279997122287,3150.8100710622466,536.8279997122287,0.0,-0.14865939319133759,-0.02532825618982315
2020-06-04T06:00:00.000000000,129.2380952380953,-3103.1024278966584,-232.7353784697751,3232.3405231347538,361.9734737078704,0.0060976245416222,-0.14640848338603973,-0.010980763472616673
2020-06-04T06:15:00.000000000,639.6866666666659,-2901.3240097816783,159.65758627797166,3541.0106764483444,480.0290803886943,0.0301812643588498,-0.1368883103132248,0.007532856427133083
2020-06-04T06:30:00.000000000,1393.9985714285704,-2480.3347572811444,725.7430784134069,3874.333328709715,668.2554930151634,0.0657706993009255,-0.1170254796743393,0.03424151986837387
2020-06-04T06:45:00.000000000,2249.486666666668,-1696.1646914664902,1601.1639287666478,3945.6513581331583,648.3227379000202,0.106133760942922,-0.08002729713916779,0.07554503530263901
2020-06-04T07:00:00.000000000,3672.7676190476263,-550.593855767548,2754.4793686874705,4223.361474815174,918.2882503601559,0.173286041769043,-0.02597774751484394,0.12995998561382294
2020-06-04T07:15:00.000000000,4673.952857142862,1005.1207940554618,4136.5646368892985,3668.8320630874,537.3882202535633,0.220523287623467,0.04742293059825897,0.195168599486351
2020-06-04T07:30:00.000000000,5317.326666666675,2777.4829825631778,5507.876712261836,2539.8436841034973,-190.55004559516055,0.250878516266863,0.13104532659053802,0.25986891984939575
2020-06-04T07:45:00.000000000,7418.511428571422,4405.393239333629,6477.098970274925,3013.1181892377926,941.4124582964969,0.350015196880029,0.2078522890806198,0.30559810996055603
2020-06-04T08:00:00.000000000,8444.221904761902,6166.137712200482,7569.301941318511,2278.0841925614195,874.9199634433908,0.398409575957619,0.2909265458583832,0.35712969303131104
2020-06-04T08:15:00.000000000,12513.156666666668,7776.919378782907,8283.048784797986,4736.2372878837605,4230.107881868682,0.590387308349459,0.36692535877227783,0.3908052146434784
2020-06-04T08:30:00.000000000,10997.614761904762,9975.301952322323,9808.755989991823,1022.3128095824395,1188.8587719129391,0.518882033567221,0.4706479609012604,0.4627901017665863
2020-06-04T08:45:00.000000000,11332.599999999997,11449.495792630512,9913.734533890089,-116.89579263051564,1418.865466109908,0.534687080872565,0.5402023792266846,0.4677431285381317
2020-06-04T09:00:00.000000000,12684.469523809516,12069.282051375707,9087.68889605363,615.1874724338086,3596.780627755885,0.598470075896328,0.5694447159767151,0.42876920104026794
2020-06-04T09:15:00.000000000,14942.391904761911,12523.353605845768,8908.56415491263,2419.0382989161426,6033.827749849281,0.705001845014471,0.5908684134483337,0.4203178584575653
2020-06-04T09:30:00.000000000,15875.43,13007.403509333928,9209.087944820722,2868.0264906660723,6666.342055179279,0.749023818390903,0.6137065291404724,0.4344969689846039
2020-06-04T09:45:00.000000000,14469.839523809524,14010.236764599482,10609.234126075107,459.60275921004177,3860.6053977344163,0.682706197666924,0.6610215306282043,0.5005577206611633
2020-06-04T10:00:00.000000000,14476.90571428571,14395.312637163797,10776.054226700464,81.59307712191185,3700.851487585245,0.683039589894533,0.679189920425415,0.5084285140037537
2020-06-04T10:15:00.000000000,12997.784285714284,15319.447988843916,12258.806361379622,-2321.6637031296323,738.977924334662,0.613252681427022,0.722791850566864,0.5783867239952087
2020-06-04T10:30:00.000000000,10747.915238095231,15440.872303813298,12310.05127286593,-4692.957065718067,-1562.1360347706996,0.507100879244207,0.7285208106040955,0.5808045268058777
2020-06-04T10:45:00.000000000,7692.524285714288,14845.454033867518,10603.23592965126,-7152.929748153229,-2910.711643936972,0.362943486478821,0.7004281878471375,0.5002747178077698
2020-06-04T11:00:00.000000000,14204.475714285712,13333.014111496606,8014.933952568372,871.4616027891061,6189.541761717341,0.670185981592633,0.6290692687034607,0.3781552016735077
2020-06-04T11:15:00.000000000,13853.12285714285,13360.191701990763,10383.21594513734,492.9311551520859,3469.9069120055083,0.653608688337603,0.6303515434265137,0.4898938834667206
2020-06-04T11:30:00.000000000,16158.818571428572,15558.761877082188,13836.54931019147,600.0566943463837,2322.269261237101,0.762394466610181,0.7340829968452454,0.652826726436615
2020-06-04T11:45:00.000000000,16648.401904761897,17350.322589400606,15842.24108692487,-701.9206846387096,806.1608178370261,0.785493656852831,0.818611204624176,0.7474579215049744
2020-06-04T12:00:00.000000000,13050.385714285707,17249.707518637973,15125.25701127688,-4199.321804352267,-2074.871296991174,0.615734486510814,0.8138640522956848,0.7136296629905701
2020-06-04T12:15:00.000000000,13170.277142857149,15866.895847120284,13346.445624634423,-2696.6187042631354,-176.1684817772748,0.621391122937098,0.7486211657524109,0.6297029852867126
2020-06-04T12:30:00.000000000,18504.201904761903,15394.72232201894,12963.612127523422,3109.4795827429625,5540.5897772384815,0.873052759325636,0.7263433933258057,0.6116403937339783
2020-06-04T12:45:00.000000000,16493.59476190475,15598.206208788553,16407.79975900332,895.3885531161977,85.79500290143187,0.778189650771922,0.7359440326690674,0.7741417288780212
2020-06-04T13:00:00.000000000,12759.353333333329,15836.511975555419,17863.61812204043,-3077.15864222209,-5104.2647887071,0.602003193232059,0.747187614440918,0.842829167842865
2020-06-04T13:15:00.000000000,15369.939999999988,15752.760831511814,15629.32785346031,-382.8208315118263,-259.38785346032273,0.725174130542547,0.7432361245155334,0.7374123930931091
2020-06-04T13:30:00.000000000,12770.900952380951,15274.570160334904,15558.69871157646,-2503.6692079539534,-2787.7977591955096,0.602548025196445,0.720674455165863,0.7340800166130066
2020-06-04T13:45:00.000000000,4859.489999999995,14621.816560840605,14997.824393402734,-9762.326560840611,-10138.33439340274,0.229277175813972,0.6898766756057739,0.7076172232627869
2020-06-04T14:00:00.000000000,5102.243809523804,13250.044956413903,11427.831287476221,-8147.8011468900995,-6325.587477952417,0.240730622135644,0.6251546740531921,0.5391802191734314
2020-06-04T14:15:00.000000000,10851.153333333335,11260.090233777364,8796.22556628704,-408.93690044402865,2054.927767046296,0.511971789342305,0.5312659740447998,0.41501757502555847
2020-06-04T14:30:00.000000000,11273.19619047619,9823.443865038553,9096.180866643586,1449.7523254376374,2177.015323832604,0.531884330443979,0.4634830951690674,0.4291698634624481
2020-06-04T14:45:00.000000000,12516.091904761914,10481.0751048851,10631.07675795555,2035.0167998768138,1885.0151468063632,0.590525796771252,0.4945110082626343,0.5015882849693298
2020-06-04T15:00:00.000000000,13208.04619047619,11173.672242081959,11209.109354104996,2034.3739483942318,1998.9368363711947,0.623173116638346,0.5271886587142944,0.5288606286048889
2020-06-04T15:15:00.000000000,10617.137619047615,9849.028421478271,10060.288613657951,768.1091975693435,556.849005389664,0.500930617929766,0.4646902084350586,0.47465774416923523
2020-06-04T15:30:00.000000000,10081.56666666666,8000.777931079864,8444.226942451794,2080.788735586796,1637.3397242148658,0.475661670898307,0.37748730182647705,0.39840981364250183
2020-06-04T15:45:00.000000000,8610.877142857149,6864.751363817851,7670.90681555589,1746.1257790392983,939.9703273012592,0.406272590867637,0.32388806343078613,0.36192354559898376
2020-06-04T16:00:00.000000000,6102.664285714292,5301.881364984512,6242.2799394241965,800.78292072978,-139.6156537099041,0.287931785510283,0.25014978647232056,0.2945190370082855
2020-06-04T16:15:00.000000000,7442.355238095241,3622.882531354427,4754.312544764677,3819.4727067408135,2688.0426933305635,0.351140179400472,0.17093239724636078,0.22431476414203644
2020-06-04T16:30:00.000000000,8288.973333333326,2897.284575690428,4604.625455912748,5391.688757642898,3684.347877420578,0.391084742691927,0.13669772446155548,0.21725232899188995
2020-06-04T16:45:00.000000000,10231.766666666661,2512.3969363331794,4853.249939695199,7719.369730333481,5378.516726971462,0.482748305875899,0.11853821575641632,0.22898276150226593
2020-06-04T17:00:00.000000000,6600.913809523815,2743.552367851734,5782.596761425336,3857.361441672081,818.3170480984791,0.311439858100144,0.1294444352388382,0.2728305757045746
2020-06-04T17:15:00.000000000,4325.933809523815,1937.675475993951,4898.3627438855165,2388.258333529864,-572.4289343617011,0.204103287918238,0.09142209589481354,0.23111124336719513
2020-06-04T17:30:00.000000000,3210.4490476190467,132.12482798864443,3015.1185633142786,3078.3242196304022,195.3304843047681,0.151473239112078,0.0062338244169950485,0.14225728809833527
2020-06-04T17:45:00.000000000,2623.153333333328,-1498.4380247163772,1557.3674937156836,4121.591358049705,1065.7858396176446,0.123763849291525,-0.07069829106330872,0.07347866147756577
2020-06-04T18:00:00.000000000,1845.6666666666663,-2525.698960184256,783.9842013140519,4371.365626850922,1061.6824653526144,0.0870809983819951,-0.1191658228635788,0.03698941320180893
2020-06-04T18:15:00.000000000,1037.0619047619057,-2555.324845680396,670.4138853267829,3592.3867504423015,366.6480194351228,0.0489299545154056,-0.12056361138820648,0.03163101524114609
2020-06-04T18:30:00.000000000,485.81095238095145,-2680.3255915840464,330.61881745879845,3166.136543964998,155.192134922153,0.0229212043118518,-0.12646131217479706,0.015599033795297146
2020-06-04T18:45:00.000000000,2.559999999999565,-2942.2413610816,-41.11144458808626,2944.8013610815997,43.67144458808582,0.0001207841913624,-0.13881884515285492,-0.0019396924180909991
2020-06-04T19:00:00.000000000,0.0,-3159.45079641819,-406.0438201042016,3159.45079641819,406.0438201042016,0.0,-0.14906707406044006,-0.019157685339450836
2020-06-04T19:15:00.000000000,0.0,-3169.6289701835312,-502.6428280127048,3169.6289701835312,502.6428280127048,0.0,-0.1495472937822342,-0.02371535450220108
2020-06-04T19:30:00.000000000,0.0,-3027.1001122681296,-437.939242221117,3027.1001122681296,437.939242221117,0.0,-0.14282259345054626,-0.02066255360841751
2020-06-04T19:45:00.000000000,0.0,-2829.912247281869,-314.64019478097555,2829.912247281869,314.64019478097555,0.0,-0.1335190087556839,-0.01484514120966196
2020-06-04T20:00:00.000000000,0.0,-2573.309328471025,-216.09442598596215,2573.309328471025,216.09442598596215,0.0,-0.12141214311122894,-0.01019562128931284
2020-06-04T20:15:00.000000000,0.0,-2360.291871922016,-207.4805459699531,2360.291871922016,207.4805459699531,0.0,-0.11136169731616974,-0.009789207018911839
2020-06-04T20:30:00.000000000,0.0,-2153.7703559819856,-114.12824505582451,2153.7703559819856,114.12824505582451,0.0,-0.1016177386045456,-0.005384721793234348
2020-06-04T20:45:00.000000000,0.0,-1953.2028206117946,42.61443078582485,1953.2028206117946,-42.61443078582485,0.0,-0.09215469658374786,0.0020106052979826927
2020-06-04T21:00:00.000000000,0.0,-1751.5624191268284,231.30874604448675,1751.5624191268284,-231.30874604448675,0.0,-0.08264103531837463,0.010913453064858913
2020-06-04T21:15:00.000000000,0.0,-1598.9959306963283,297.5251456982394,1598.9959306963283,-297.5251456982394,0.0,-0.07544274628162384,0.014037630520761013
2020-06-04T21:30:00.000000000,0.0,-1474.6855837702751,260.9472646417717,1474.6855837702751,-260.9472646417717,0.0,-0.06957761943340302,0.012311837635934353
2020-06-04T21:45:00.000000000,0.0,-1394.7736391647657,232.81587501113611,1394.7736391647657,-232.81587501113611,0.0,-0.0658072680234909,0.010984561406075954
2020-06-04T22:00:00.000000000,0.0,-1352.8955405227343,231.32706404114762,1352.8955405227343,-231.32706404114762,0.0,-0.0638314038515091,0.010914317332208157
2020-06-04T22:15:00.000000000,0.0,-1281.6217946529387,228.338703965197,1281.6217946529387,-228.338703965197,0.0,-0.06046861410140991,0.01077332254499197
2020-06-04T22:30:00.000000000,0.0,-1258.4078396431605,159.81486838723222,1258.4078396431605,-159.81486838723222,0.0,-0.05937334895133972,0.0075402772054076195
2020-06-04T22:45:00.000000000,0.0,-1283.7368916122118,87.55668811067939,1283.7368916122118,-87.55668811067939,0.0,-0.06056840717792511,0.004131040535867214
2020-06-04T23:00:00.000000000,0.0,-1307.7997910189629,85.12165786489844,1307.7997910189629,-85.12165786489844,0.0,-0.06170372664928436,0.004016152583062649
2020-06-04T23:15:00.000000000,0.0,-1340.830928928852,109.24203788186112,1340.830928928852,-109.24203788186112,0.0,-0.06326217949390411,0.005154184065759182
2020-06-04T23:30:00.000000000,0.0,-1517.0778496289252,54.42827532197038,1517.0778496289252,-54.42827532197038,0.0,-0.07157774269580841,0.002567998133599758
2020-06-04T23:45:00.000000000,0.0,-1756.5824976944923,-38.1414025087965,1756.5824976944923,38.1414025087965,0.0,-0.08287788927555084,-0.0017995618982240558
2020-06-05T00:00:00.000000000,0.0,-1866.6919756229718,-100.96581697240471,1866.6919756229718,100.96581697240471,0.0,-0.0880730003118515,-0.004763700999319553
2020-06-05T00:15:00.000000000,0.0,-1915.710303032398,-167.32244404887157,1915.710303032398,167.32244404887157,0.0,-0.09038574993610382,-0.007894494570791721
2020-06-05T00:30:00.000000000,0.0,-2020.1487818566957,-298.7597549861173,2020.1487818566957,298.7597549861173,0.0,-0.09531329572200775,-0.014095881022512913
2020-06-05T00:45:00.000000000,0.0,-2210.275690785249,-501.3807812082767,2210.275690785249,501.3807812082767,0.0,-0.10428373515605927,-0.023655809462070465
2020-06-05T01:00:00.000000000,0.0,-2353.7403456679976,-744.4530170373122,2353.7403456679976,744.4530170373122,0.0,-0.11105258762836456,-0.0351242795586586
2020-06-05T01:15:00.000000000,0.0,-2369.1445175496738,-974.7898236016432,2369.1445175496738,974.7898236016432,0.0,-0.11177937686443329,-0.04599187523126602
2020-06-05T01:30:00.000000000,0.0,-2316.589553474585,-1191.702696888844,2316.589553474585,1191.702696888844,0.0,-0.10929976403713226,-0.05622611194849014
2020-06-05T01:45:00.000000000,0.0,-2283.172474324703,-1377.0012345596153,2283.172474324703,1377.0012345596153,0.0,-0.10772310197353363,-0.06496874243021011
2020-06-05T02:00:00.000000000,0.0,-2291.4471555749574,-1551.340556986729,2291.4471555749574,1551.340556986729,0.0,-0.10811351239681244,-0.07319430261850357
2020-06-05T02:15:00.000000000,0.0,-2320.221570053895,-1698.704418538014,2320.221570053895,1698.704418538014,0.0,-0.10947112739086151,-0.08014712482690811
2020-06-05T02:30:00.000000000,0.0,-2341.571510989666,-1796.4568285810947,2341.571510989666,1796.4568285810947,0.0,-0.11047844588756561,-0.08475921303033829
2020-06-05T02:45:00.000000000,0.0,-2389.309473598003,-1873.3090360891817,2389.309473598003,1873.3090360891817,0.0,-0.11273078620433807,-0.0883852019906044
2020-06-05T03:00:00.000000000,0.0,-2450.544641470114,-1914.1960679463543,2450.544641470114,1914.1960679463543,0.0,-0.11561994254589081,-0.09031430631875992
2020-06-05T03:15:00.000000000,0.0,-2533.0337387092904,-1900.496733064254,2533.0337387092904,1900.496733064254,0.0,-0.11951188743114471,-0.08966795355081558
2020-06-05T03:30:00.000000000,0.0,-2637.9920696457225,-1833.425072462956,2637.9920696457225,1833.425072462956,0.0,-0.12446396052837372,-0.08650342375040054
2020-06-05T03:45:00.000000000,0.0,-2757.8372469719247,-1728.154703928232,2757.8372469719247,1728.154703928232,0.0,-0.13011841475963593,-0.08153662830591202
2020-06-05T04:00:00.000000000,0.0,-2897.654093898932,-1586.3885694944856,2897.654093898932,1586.3885694944856,0.0,-0.13671515882015228,-0.07484791427850723
2020-06-05T04:15:00.000000000,0.0,-3005.5357244404154,-1420.8999977298577,3005.5357244404154,1420.8999977298577,0.0,-0.14180515706539154,-0.06703994423151016
2020-06-05T04:30:00.000000000,0.0,-3046.559193789959,-1212.1253682005404,3046.559193789959,1212.1253682005404,0.0,-0.1437406986951828,-0.05718968063592911
2020-06-05T04:45:00.000000000,0.0,-3035.166663177013,-974.6104335653781,3035.166663177013,974.6104335653781,0.0,-0.14320318400859833,-0.045983411371707916
2020-06-05T05:00:00.000000000,0.0,-3016.793080871105,-726.5304364422957,3016.793080871105,726.5304364422957,0.0,-0.14233629405498505,-0.03427866846323013
2020-06-05T05:15:00.000000000,0.0,-3041.4339446552594,-489.43744738539056,3041.4339446552594,489.43744738539056,0.0,-0.14349888265132904,-0.023092307150363922
2020-06-05T05:30:00.000000000,0.0,-3063.1843548973397,-215.2183204215268,3063.1843548973397,215.2183204215268,0.0,-0.14452509582042694,-0.010154285468161106
2020-06-05T05:45:00.000000000,0.0,-3010.9502715913454,46.2123379920423,3010.9502715913454,-46.2123379920423,0.0,-0.14206062257289886,0.0021803593263030052
2020-06-05T06:00:00.000000000,90.63190476190277,-2895.5247847008704,292.34936415895817,2986.156689462773,-201.7174593970554,0.0042761333313681,-0.13661469519138336,0.013793430291116238
2020-06-05T06:15:00.000000000,678.8099999999995,-2693.610560748577,615.4396823823452,3372.4205607485765,63.37031761765434,0.0320271550541893,-0.12708811461925507,0.02903725951910019
2020-06-05T06:30:00.000000000,1336.060476190477,-2302.248457054297,1174.0375157296658,3638.308933244774,162.0229604608112,0.0630371032140458,-0.10862313210964203,0.05539264529943466
2020-06-05T06:45:00.000000000,2772.8723809523854,-1616.9526206644375,1926.134664356311,4389.825001616823,846.7377165960743,0.130827792298642,-0.07628996670246124,0.09087758511304855
2020-06-05T07:00:00.000000000,3665.609523809526,-415.1000560525059,3096.671547758579,4080.7095798620317,568.9379760509469,0.172948313353016,-0.01958497054874897,0.1461050659418106
2020-06-05T07:15:00.000000000,4417.034761904764,1199.1601744087536,4436.3992911299065,3217.8745874960105,-19.364529225142178,0.208401551537644,0.05657796561717987,0.2093151956796646
2020-06-05T07:30:00.000000000,4797.838571428573,2852.5722408064203,5460.139381308555,1945.266330622153,-662.3008098799819,0.226368379741184,0.13458813726902008,0.2576166093349457
2020-06-05T07:45:00.000000000,6118.149523809528,4318.512876136303,6145.749150261879,1799.6366476732246,-27.599626452351004,0.2886623995577,0.20375315845012665,0.28996458649635315
2020-06-05T08:00:00.000000000,6865.586666666677,5725.267116772334,6888.679089042345,1140.3195498943433,-23.09242237566832,0.323927474125762,0.27012568712234497,0.3250170052051544
2020-06-05T08:15:00.000000000,11260.517619047629,6987.850196344058,7625.078977840741,4272.667422703571,3635.438641206888,0.53128613864803,0.32969602942466736,0.3597613275051117
2020-06-05T08:30:00.000000000,16717.66666666667,9280.526868487994,9690.289084000588,7437.139798178678,7027.377582666084,0.788761660078057,0.43786755204200745,0.45720067620277405
2020-06-05T08:45:00.000000000,15154.705714285714,12470.688733790716,12043.470099115371,2684.0169804949983,3111.2356151703425,0.715019091810724,0.5883836150169373,0.5682268738746643
2020-06-05T09:00:00.000000000,15710.563809523817,14403.305600258509,11638.399817368188,1307.2582092653083,4072.163992155629,0.741245213117595,0.6795670390129089,0.5491151213645935
2020-06-05T09:15:00.000000000,19992.173333333336,15069.054870901107,10415.432879678408,4923.118462432229,9576.740453654927,0.943257222517193,0.7109779715538025,0.4914139211177826
2020-06-05T09:30:00.000000000,16325.32142857142,15728.026482779183,11119.578566287359,597.2949457922368,5205.742862284062,0.770250291984998,0.7420691251754761,0.524636447429657
2020-06-05T09:45:00.000000000,16446.71333333334,15911.225399039586,11201.213665889103,535.4879342937547,5245.499667444237,0.775977722865706,0.7507126927375793,0.5284880995750427
2020-06-05T10:00:00.000000000,14142.764285714291,16061.842284135817,11553.9551160717,-1919.077998421526,2588.809169642591,0.66727435464036,0.7578189969062805,0.5451309084892273
2020-06-05T10:15:00.000000000,13341.379047619037,15690.050117425917,11098.127560542423,-2348.67106980688,2243.2514870766136,0.629463937471174,0.7402773499488831,0.5236243605613708
2020-06-05T10:30:00.000000000,16217.586666666666,15239.763440059025,11600.854240763982,977.8232266076411,4616.732425902685,0.765167223196604,0.7190322279930115,0.5473436713218689
2020-06-05T10:45:00.000000000,15214.506666666655,15658.885520210266,13156.463996369042,-444.3788535436106,2058.042670297613,0.717840579965425,0.738806962966919,0.6207394003868103
2020-06-05T11:00:00.000000000,15922.274285714291,15547.81655824979,13398.872994387944,374.45772746450166,2523.401291326347,0.751233993847915,0.7335665822029114,0.6321765780448914
2020-06-05T11:15:00.000000000,13993.696190476185,15374.978048238754,14001.658888921736,-1381.2818577625694,-7.962698445551723,0.660241124428926,0.7254118323326111,0.6606168150901794
2020-06-05T11:30:00.000000000,15259.310476190478,15171.764509833652,15013.726941124598,87.54596635682537,245.58353506587991,0.719954483052648,0.7158239483833313,0.7083675265312195
2020-06-05T11:45:00.000000000,7478.400000000001,14993.572091557184,15466.517499138514,-7515.172091557183,-7988.117499138513,0.352840819017471,0.7074165940284729,0.7297307848930359
2020-06-05T12:00:00.000000000,17580.78999999999,14656.159646304448,12306.276502243676,2924.630353695542,5274.513497756314,0.829484962368175,0.6914970278739929,0.5806264281272888
2020-06-05T12:15:00.000000000,18622.959523809528,14992.278461999893,15861.514146032332,3630.681061809635,2761.445377777196,0.878655901116571,0.7073555588722229,0.7483672499656677
2020-06-05T12:30:00.000000000,18031.70333333334,15636.284902261097,17379.56821855227,2395.418431072241,652.1351147810674,0.850759650782707,0.7377406358718872,0.8199910521507263
2020-06-05T12:45:00.000000000,15555.786666666661,16208.102012646992,17873.70438999494,-652.3153459803307,-2317.917723328277,0.733942622476428,0.7647197246551514,0.8433050513267517
2020-06-05T13:00:00.000000000,14436.373809523802,15892.76085840543,15236.307023585636,-1456.3870488816283,-799.9332140618335,0.681127240933187,0.7498415112495422,0.718869149684906
2020-06-05T13:15:00.000000000,18667.40523809524,14676.354921795526,14452.023891515732,3991.0503162997156,4215.38134657951,0.880752908796073,0.6924498677253723,0.6818656325340271
2020-06-05T13:30:00.000000000,6548.303333333332,14698.750883506138,17478.202419055302,-8150.447550172806,-10929.899085721969,0.308957626137699,0.6935065388679504,0.8246447443962097
2020-06-05T13:45:00.000000000,5243.025714285706,14078.68795984586,13168.273419319788,-8835.662245560154,-7925.247705034082,0.247372898903272,0.6642511487007141,0.6212965846061707
2020-06-05T14:00:00.000000000,8337.27000000001,12334.991541147232,9697.94600660483,-3997.7215411472225,-1360.676006604821,0.393363443406316,0.5819812417030334,0.4575619399547577
2020-06-05T14:15:00.000000000,9925.597142857147,9855.861665887833,7811.6168227338785,69.73547696931382,2113.980320123268,0.4683028221442,0.4650126099586487,0.3685624301433563
2020-06-05T14:30:00.000000000,11630.614285714288,8696.129084326425,8645.836077011425,2934.4852013878626,2984.7782087028627,0.548747789667272,0.41029489040374756,0.40792199969291687
2020-06-05T14:45:00.000000000,8641.310476190465,10988.784280198415,11863.440827932356,-2347.47380400795,-3222.130351741891,0.40770847585089,0.5184653997421265,0.5597328543663025
2020-06-05T15:00:00.000000000,10815.386666666664,9440.472667125065,9807.535632421175,1374.913999541599,1007.8510342454883,0.510284270627046,0.4454140067100525,0.4627325236797333
2020-06-05T15:15:00.000000000,12778.869047619046,8258.66500462214,8823.310935142834,4520.204042996906,3955.558112476212,0.60292397048552,0.3896547555923462,0.41629549860954285
2020-06-05T15:30:00.000000000,11285.2838095238,7802.701011600494,9068.764510537783,3482.5827979233063,2216.519298986017,0.53245464032373,0.368141770362854,0.4278763234615326
2020-06-05T15:45:00.000000000,8581.575238095238,7005.648340892792,8558.735897854169,1575.9268972024465,22.839340241069294,0.404890088183244,0.33053576946258545,0.4038124978542328
2020-06-05T16:00:00.000000000,7666.677619047609,5748.26378244241,7156.201428828239,1918.4138366051993,510.47619021937044,0.361724006505091,0.2712107002735138,0.33763906359672546
2020-06-05T16:15:00.000000000,7634.2466666666605,3869.8047047575315,5543.505215767224,3764.441961909129,2090.741450899436,0.360193871208823,0.18258251249790192,0.2615499198436737
2020-06-05T16:30:00.000000000,11258.522380952389,2452.728273003101,4880.81283977429,8805.794107949288,6377.709541178098,0.531192000671503,0.11572296917438507,0.2302832156419754
2020-06-05T16:45:00.000000000,13726.013333333329,2584.2325393764177,6399.524149381319,11141.78079395691,7326.48918395201,0.647611492615808,0.12192751467227936,0.3019380271434784
2020-06-05T17:00:00.000000000,9899.761904761897,2837.492107969125,7617.794731720288,7062.2697967927725,2281.9671730416094,0.46708388138561,0.13387663662433624,0.3594176471233368
2020-06-05T17:15:00.000000000,6758.865714285723,1672.5243692930537,6641.592053669293,5086.341344992669,117.27366061642988,0.318892238213746,0.0789119154214859,0.3133591115474701
2020-06-05T17:30:00.000000000,4207.546190476195,-314.3720769483844,4574.055877761046,4521.918267424579,-366.50968728485077,0.198517603217461,-0.014832491055130959,0.21581001579761505
2020-06-05T17:45:00.000000000,3998.8438095238103,-2587.562624838352,2383.211001933813,6586.406434362162,1615.6328075899974,0.188670748405451,-0.12208463251590729,0.11244305223226547
2020-06-05T18:00:00.000000000,1643.3885714285705,-3731.137470034758,1559.8890607043106,5374.5260414633285,83.49951072425984,0.0775372498805638,-0.17604000866413116,0.07359763234853745
2020-06-05T18:15:00.000000000,880.3276190476198,-3835.624902125994,601.1604881576696,4715.952521173614,279.16713088995016,0.0415350232815124,-0.18096986413002014,0.02836354821920395
2020-06-05T18:30:00.000000000,426.3666666666659,-3962.83296662728,-209.65975591753917,4389.199633293945,636.0264225842051,0.0201165441629781,-0.18697170913219452,-0.009892025031149387
2020-06-05T18:45:00.000000000,4.52666666666497,-3947.8425288081166,-709.5843945658206,3952.3691954747815,714.1110612324856,0.0002135741300392,-0.18626444041728973,-0.03347913175821304
2020-06-05T19:00:00.000000000,0.0,-3928.698643159866,-952.3963885112603,3928.698643159866,952.3963885112603,0.0,-0.18536120653152466,-0.04493532329797745
2020-06-05T19:15:00.000000000,0.0,-3532.0814852166172,-769.3920220084984,3532.0814852166172,769.3920220084984,0.0,-0.1666482836008072,-0.036300934851169586
2020-06-05T19:30:00.000000000,0.0,-3258.794977205594,-633.9550712486108,3258.794977205594,633.9550712486108,0.0,-0.15375426411628723,-0.029910840094089508
2020-06-05T19:45:00.000000000,0.0,-3047.672801655928,-507.33981501857437,3047.672801655928,507.33981501857437,0.0,-0.1437932401895523,-0.023936964571475983
2020-06-05T20:00:00.000000000,0.0,-2870.7455884591736,-371.13477170904474,2870.7455884591736,371.13477170904474,0.0,-0.13544557988643646,-0.017510630190372467
2020-06-05T20:15:00.000000000,0.0,-2729.5056226881343,-257.94852173581717,2729.5056226881343,257.94852173581717,0.0,-0.12878169119358063,-0.012170352973043919
2020-06-05T20:30:00.000000000,0.0,-2609.2637659859656,-159.10271678859988,2609.2637659859656,159.10271678859988,0.0,-0.12310852110385895,-0.007506676949560642
2020-06-05T20:45:00.000000000,0.0,-2502.1082229328154,-80.83560195222496,2502.1082229328154,80.83560195222496,0.0,-0.11805278062820435,-0.0038139307871460915
2020-06-05T21:00:00.000000000,0.0,-2398.5859597690896,-8.538888249776015,2398.5859597690896,8.538888249776015,0.0,-0.11316846311092377,-0.00040287605952471495
2020-06-05T21:15:00.000000000,0.0,-2281.079801119963,63.43820305888851,2281.079801119963,-63.43820305888851,0.0,-0.1076243668794632,0.002993098460137844
2020-06-05T21:30:00.000000000,0.0,-2164.0789665166535,118.04099282965063,2164.0789665166535,-118.04099282965063,0.0,-0.10210411250591278,0.005569330416619778
2020-06-05T21:45:00.000000000,0.0,-2084.5529631511367,156.40456273302433,2084.5529631511367,-156.40456273302433,0.0,-0.09835197031497955,0.0073793744668364525
2020-06-05T22:00:00.000000000,0.0,-2030.8262789448102,184.42983431403835,2030.8262789448102,-184.42983431403835,0.0,-0.09581707417964935,0.008701643906533718
2020-06-05T22:15:00.000000000,0.0,-1988.3234734511375,189.70036411191026,1988.3234734511375,-189.70036411191026,0.0,-0.09381173551082611,0.008950314484536648
2020-06-05T22:30:00.000000000,0.0,-1976.5279469116529,171.2528781643013,1976.5279469116529,-171.2528781643013,0.0,-0.09325520694255829,0.008079937659204006
2020-06-05T22:45:00.000000000,0.0,-1983.41993524154,145.70937930330632,1983.41993524154,-145.70937930330632,0.0,-0.09358038008213043,0.0068747615441679955
2020-06-05T23:00:00.000000000,0.0,-1997.8223022023835,109.59450140381853,1997.8223022023835,-109.59450140381853,0.0,-0.09425990283489227,0.005170813761651516
2020-06-05T23:15:00.000000000,0.0,-2022.7568855881689,52.730386528025065,2022.7568855881689,-52.730386528025065,0.0,-0.09543634951114655,0.002487889491021633
2020-06-05T23:30:00.000000000,0.0,-2074.226034619808,-55.51128739610314,2074.226034619808,55.51128739610314,0.0,-0.09786473214626312,-0.002619096077978611
2020-06-05T23:45:00.000000000,0.0,-2156.69997213761,-206.61707350666322,2156.69997213761,206.61707350666322,0.0,-0.10175596177577972,-0.009748467244207859
2020-06-06T00:00:00.000000000,0.0,-2222.335249138673,-339.05680128057793,2222.335249138673,339.05680128057793,0.0,-0.10485272109508514,-0.01599714905023575
2020-06-06T00:15:00.000000000,0.0,-2229.3074576608337,-440.34268971403435,2229.3074576608337,440.34268971403435,0.0,-0.10518167912960052,-0.02077595144510269
2020-06-06T00:30:00.000000000,0.0,-2216.1993519123394,-538.0748867952823,2216.1993519123394,538.0748867952823,0.0,-0.10456322133541107,-0.02538708597421646
2020-06-06T00:45:00.000000000,0.0,-2236.6934002455073,-666.2035885425408,2236.6934002455073,666.2035885425408,0.0,-0.10553015768527985,-0.031432367861270905
2020-06-06T01:00:00.000000000,0.0,-2310.5654591933885,-867.7685072481631,2310.5654591933885,867.7685072481631,0.0,-0.10901553928852081,-0.040942467749118805
2020-06-06T01:15:00.000000000,0.0,-2391.0351552144684,-1117.1699267510571,2391.0351552144684,1117.1699267510571,0.0,-0.11281220614910126,-0.05270955711603165
2020-06-06T01:30:00.000000000,0.0,-2416.509803674221,-1371.4376168151696,2416.509803674221,1371.4376168151696,0.0,-0.11401413381099701,-0.0647062435746193
2020-06-06T01:45:00.000000000,0.0,-2366.7934974265095,-1538.312039775451,2366.7934974265095,1538.312039775451,0.0,-0.11166845262050629,-0.07257959991693497
2020-06-06T02:00:00.000000000,0.0,-2272.182939638297,-1618.7583645594118,2272.182939638297,1618.7583645594118,0.0,-0.10720460116863251,-0.07637516409158707
2020-06-06T02:15:00.000000000,0.0,-2219.0026370565097,-1659.5582280186811,2219.0026370565097,1659.5582280186811,0.0,-0.10469548404216766,-0.07830015569925308
2020-06-06T02:30:00.000000000,0.0,-2235.986578236421,-1652.0667990394431,2235.986578236421,1652.0667990394431,0.0,-0.10549680888652802,-0.07794670015573502
2020-06-06T02:45:00.000000000,0.0,-2292.1571358593305,-1638.41673325181,2292.1571358593305,1638.41673325181,0.0,-0.10814701020717621,-0.07730267196893692
2020-06-06T03:00:00.000000000,0.0,-2329.678709571361,-1611.9554395925998,2329.678709571361,1611.9554395925998,0.0,-0.10991732776165009,-0.07605419307947159
2020-06-06T03:15:00.000000000,0.0,-2384.270129551093,-1599.0014576780795,2384.270129551093,1599.0014576780795,0.0,-0.11249302327632904,-0.07544300705194473
2020-06-06T03:30:00.000000000,0.0,-2473.1326263181368,-1600.154859812657,2473.1326263181368,1600.154859812657,0.0,-0.11668567359447479,-0.07549742609262466
2020-06-06T03:45:00.000000000,0.0,-2606.6417658432324,-1648.1909636080263,2606.6417658432324,1648.1909636080263,0.0,-0.12298481166362762,-0.07776383310556412
2020-06-06T04:00:00.000000000,0.0,-2754.0650029699004,-1717.443097467025,2754.0650029699004,1717.443097467025,0.0,-0.1299404352903366,-0.08103124052286148
2020-06-06T04:15:00.000000000,0.0,-2898.941406905651,-1796.264805443684,2898.941406905651,1796.264805443684,0.0,-0.1367758959531784,-0.08475015312433243
2020-06-06T04:30:00.000000000,0.0,-3028.9423342426617,-1816.567462294499,3028.9423342426617,1816.567462294499,0.0,-0.14290951192378998,-0.08570805937051773
2020-06-06T04:45:00.000000000,0.0,-3157.777226343949,-1818.807311127583,3157.777226343949,1818.807311127583,0.0,-0.14898811280727386,-0.0858137384057045
2020-06-06T05:00:00.000000000,0.0,-3302.845021762053,-1815.3723709261417,3302.845021762053,1815.3723709261417,0.0,-0.15583260357379913,-0.08565167337656021
2020-06-06T05:15:00.000000000,0.0,-3438.606643221378,-1830.610417527755,3438.606643221378,1830.610417527755,0.0,-0.1622380167245865,-0.08637062460184097
2020-06-06T05:30:00.000000000,0.0,-3545.4984702881175,-1800.6560714018344,3545.4984702881175,1800.6560714018344,0.0,-0.16728131473064423,-0.08495733886957169
2020-06-06T05:45:00.000000000,0.0,-3516.53645425717,-1573.5040696362653,3516.53645425717,1573.5040696362653,0.0,-0.165914848446846,-0.07424000650644302
2020-06-06T06:00:00.000000000,281.17380952381046,-3391.08407498757,-1129.705753017664,3672.257884511381,1410.8795625414743,0.0132661528186034,-0.15999583899974823,-0.05330101400613785
2020-06-06T06:15:00.000000000,1226.7676190476184,-3079.748245464166,-408.3455711328983,4306.5158645117845,1635.1131901805168,0.0578805214282299,-0.14530660212039948,-0.019266285002231598
2020-06-06T06:30:00.000000000,2169.2576190476284,-2412.7565093239145,676.1606830378373,4582.014128371543,1493.096936009791,0.102348448192749,-0.11383704841136932,0.03190215677022934
2020-06-06T06:45:00.000000000,3258.889047619051,-1369.4758541210492,1868.3344366856415,4628.3649017401,1390.5546109334093,0.153758702483014,-0.06461368501186371,0.0881504938006401
2020-06-06T07:00:00.000000000,3135.0599999999945,43.88893303841352,3026.321597410043,3091.171066961581,108.73840258995142,0.147916283973699,0.0020707380026578903,0.14278586208820343
2020-06-06T07:15:00.000000000,3949.512857142861,1421.9108037352562,3716.7041519761083,2527.6020534076047,232.8087051667526,0.186343248720892,0.06708763539791107,0.17535902559757233
2020-06-06T07:30:00.000000000,2988.219999999991,2789.5210646446544,4322.693800960382,198.69893535533674,-1334.4738009603907,0.14098817824727,0.13161329925060272,0.2039504200220108
2020-06-06T07:45:00.000000000,3196.902857142863,3607.7183883945145,4518.591510492166,-410.81553125165146,-1321.688653349303,0.150834111900083,0.17021693289279938,0.2131931334733963
2020-06-06T08:00:00.000000000,9071.192380952381,4167.320553282896,4889.5183097736035,4903.871827669485,4181.674071178778,0.427990873604017,0.19661970436573029,0.23069395124912262
2020-06-06T08:15:00.000000000,12078.373333333326,6322.492551836967,7769.02053229173,5755.880781496358,4309.352801041596,0.56987365470316,0.2983035743236542,0.3665526807308197
2020-06-06T08:30:00.000000000,14679.499523809518,9557.973772533735,11083.21797457059,5121.5257512757835,3596.2815492389273,0.692598234214207,0.45095786452293396,0.5229209065437317
2020-06-06T08:45:00.000000000,17790.18666666667,12494.370745197932,12850.844013458887,5295.815921468737,4939.342653207781,0.839364574499941,0.5895009636878967,0.6063198447227478
2020-06-06T09:00:00.000000000,14699.395714285713,14328.497428515751,12243.697172409693,370.89828576996115,2455.6985418760196,0.693536962838371,0.6760374903678894,0.5776738524436951
2020-06-06T09:15:00.000000000,13640.91571428571,14875.400800132751,10564.518632915813,-1234.4850858470418,3076.397081369896,0.64359647421599,0.7018411159515381,0.498447984457016
2020-06-06T09:30:00.000000000,15750.037142857145,14991.678389695484,9672.639378390311,758.3587531616613,6077.397764466834,0.743107617276597,0.7073272466659546,0.45636793971061707
2020-06-06T09:45:00.000000000,15745.019523809531,15300.867223679224,10358.399481247265,444.1523001303067,5386.6200425622665,0.742870879362835,0.7219151854515076,0.4887230098247528
2020-06-06T10:00:00.000000000,15845.546666666662,15395.580109586715,11037.291598666508,449.96655707994614,4808.255068000153,0.747613883136262,0.7263838648796082,0.5207540392875671
2020-06-06T10:15:00.000000000,17255.50904761905,15373.727371225355,11936.146851644515,1881.7816763936935,5319.362195974534,0.814137776118593,0.7253528237342834,0.5631632208824158
2020-06-06T10:30:00.000000000,16190.88666666667,15458.684976428349,13415.472889293034,732.201690238322,2775.4137773736365,0.763907481825754,0.7293612360954285,0.63295978307724
2020-06-06T10:45:00.000000000,15191.64,15124.928550647099,13639.179844376245,66.71144935290067,1552.460155623754,0.716761700339454,0.7136141657829285,0.6435145735740662
2020-06-06T11:00:00.000000000,14996.68476190477,14896.415963888167,13435.140101156234,100.26879801660289,1561.5446607485355,0.707563453938985,0.7028326392173767,0.6338877081871033
2020-06-06T11:15:00.000000000,15787.213333333331,14677.029529396692,14192.979625908532,1110.1838039366394,1594.233707424799,0.744861639192457,0.6924816966056824,0.6696435809135437
2020-06-06T11:30:00.000000000,14228.763333333332,14688.77578684171,15741.272289330163,-460.0124535083778,-1512.508955996831,0.671331903634346,0.693035900592804,0.742694079875946
2020-06-06T11:45:00.000000000,10774.279999999995,14915.02957511584,16610.278050921755,-4140.749575115844,-5835.99805092176,0.508344803637617,0.7037108540534973,0.7836949229240417
2020-06-06T12:00:00.000000000,12062.13619047619,14824.845655968982,15024.960294663111,-2762.7094654927914,-2962.8241041869205,0.56910756479299,0.6994558572769165,0.7088975310325623
2020-06-06T12:15:00.000000000,17441.793333333342,14548.903354269663,14758.24521004041,2892.8899790636788,2683.5481232929324,0.822926915498877,0.6864365339279175,0.6963135600090027
2020-06-06T12:30:00.000000000,16864.46000000001,15030.715935544966,16958.896056890488,1833.7440644550443,-94.43605689047763,0.795687564009331,0.7091690897941589,0.8001431822776794
2020-06-06T12:45:00.000000000,12143.041428571429,15640.385606892902,17569.570059779482,-3497.344178321473,-5426.528631208053,0.572924781105614,0.7379341125488281,0.8289555907249451
2020-06-06T13:00:00.000000000,12155.746666666677,15701.87596340815,16183.284285446802,-3546.129296741474,-4027.537618780125,0.573524231070224,0.7408353090286255,0.7635487914085388
2020-06-06T13:15:00.000000000,10740.444761904755,15200.228150024413,15045.911029602685,-4459.783388119658,-4305.46626769793,0.50674841228102,0.7171669006347656,0.7098860144615173
2020-06-06T13:30:00.000000000,8591.726666666675,14647.243203516005,14554.634992259342,-6055.516536849331,-5962.908325592667,0.405369046031359,0.6910763382911682,0.6867069602012634
2020-06-06T13:45:00.000000000,16228.28857142857,14007.457482347487,13720.653240283329,2220.8310890810826,2507.6353311452403,0.765672153240629,0.6608904004096985,0.6473585963249207
2020-06-06T14:00:00.000000000,14447.982380952375,14876.341966168085,17094.20162339846,-428.35958521571047,-2646.2192424460864,0.681674948711653,0.7018855214118958,0.8065270781517029
2020-06-06T14:15:00.000000000,10575.860000000008,14733.176084127424,16251.786013097762,-4157.316084127417,-5675.926013097755,0.498983085180535,0.6951307654380798,0.7667807936668396
2020-06-06T14:30:00.000000000,0.0,13776.553449541727,14424.064312060673,-13776.553449541727,-14424.064312060673,0.0,0.6499960422515869,0.6805464625358582
2020-06-06T14:45:00.000000000,8405.513333333343,12478.207955592472,12939.508170537947,-4072.6946222591287,-4533.994837204604,0.396583254278403,0.5887383818626404,0.6105031371116638
2020-06-06T15:00:00.000000000,8794.32952380952,11680.735865926741,13871.927046639124,-2886.4063421172214,-5077.597522829605,0.414928117229685,0.5511125922203064,0.654495894908905
2020-06-06T15:15:00.000000000,13443.606190476197,11144.598423105876,14584.989807691572,2299.0077673703217,-1141.3836172153751,0.634287149496679,0.5258169174194336,0.6881391406059265
2020-06-06T15:30:00.000000000,14343.626666666663,9595.404387917519,12465.029104477564,4748.222278749145,1878.5975621890993,0.676751307866322,0.452723890542984,0.5881165862083435
2020-06-06T15:45:00.000000000,14951.698095238095,7491.113151709238,10615.805865290959,7460.5849435288565,4335.892229947136,0.705440923409522,0.35344064235687256,0.5008677840232849
2020-06-06T16:00:00.000000000,15176.876666666676,5294.80303841273,9532.032962641715,9882.073628253947,5644.843704024961,0.716065146715048,0.24981582164764404,0.4497339427471161
2020-06-06T16:15:00.000000000,14177.822380952384,4010.419963676929,9753.511438682874,10167.402417275454,4424.310942269511,0.668928442016938,0.18921692669391632,0.46018359065055847
2020-06-06T16:30:00.000000000,13029.96,3314.3537769055365,9640.136935763358,9715.606223094463,3389.8230642366416,0.61477077425183,0.15637560188770294,0.4548344314098358
2020-06-06T16:45:00.000000000,11189.726666666666,2105.372945493857,8802.888263831139,9084.353721172809,2386.8384028355267,0.527946127734315,0.09933428466320038,0.4153319299221039
2020-06-06T17:00:00.000000000,9003.866190476194,699.3285272284348,7672.3419358460105,8304.537663247758,1331.5242546301833,0.424814334746916,0.03299524635076523,0.3619912564754486
2020-06-06T17:15:00.000000000,6942.203333333324,-824.5402459212144,6096.931057505607,7766.743579254538,845.2722758277168,0.327542349957096,-0.038902901113033295,0.28766128420829773
2020-06-06T17:30:00.000000000,4717.907142857135,-2088.8093707545595,4675.421354731719,6806.716513611695,42.48578812541655,0.222597109051948,-0.09855279326438904,0.22059257328510284
2020-06-06T17:45:00.000000000,3651.6800000000057,-3124.372780295213,3236.0361296645797,6776.052780295218,415.6438703354261,0.172291099966533,-0.14741204679012299,0.15268047153949738
2020-06-06T18:00:00.000000000,2266.7133333333286,-3758.506452011267,2172.0411364273227,6025.219785344596,94.67219690600587,0.106946537897298,-0.17733131349086761,0.10247977823019028
2020-06-06T18:15:00.000000000,1234.733333333334,-4101.596528746287,1183.2129370915889,5336.329862079621,51.520396241745175,0.0582563543808175,-0.1935187578201294,0.055825553834438324
2020-06-06T18:30:00.000000000,576.633333333333,-4297.258630941708,256.68611962541934,4873.891964275042,319.94721370791365,0.0272063245622202,-0.20275035500526428,0.01211079116910696
2020-06-06T18:45:00.000000000,27.750952380951553,-4329.598738218943,-443.37589729905125,4357.3496905998945,471.1268496800028,0.0013093266964337,-0.2042762041091919,-0.020919062197208405
2020-06-06T19:00:00.000000000,0.0,-4316.239233757655,-962.9589243789513,4316.239233757655,962.9589243789513,0.0,-0.20364588499069214,-0.04543367773294449
2020-06-06T19:15:00.000000000,0.0,-4081.007416326999,-1071.1841752715904,4081.007416326999,1071.1841752715904,0.0,-0.19254733622074127,-0.05053988844156265
2020-06-06T19:30:00.000000000,0.0,-3757.3505232564607,-954.8269971716403,3757.3505232564607,954.8269971716403,0.0,-0.17727677524089813,-0.0450500026345253
2020-06-06T19:45:00.000000000,0.0,-3446.0039555970825,-774.8507850134372,3446.0039555970825,774.8507850134372,0.0,-0.1625870317220688,-0.03655848652124405
2020-06-06T20:00:00.000000000,0.0,-3169.4975859316187,-594.9478448418776,3169.4975859316187,594.9478448418776,0.0,-0.14954109489917755,-0.02807042747735977
2020-06-06T20:15:00.000000000,0.0,-2967.643369209766,-488.1223415561517,2967.643369209766,488.1223415561517,0.0,-0.1400173455476761,-0.02303025871515274
2020-06-06T20:30:00.000000000,0.0,-2801.4220775787035,-409.2185184220473,2801.4220775787035,409.2185184220473,0.0,-0.1321748048067093,-0.019307471811771393
2020-06-06T20:45:00.000000000,0.0,-2649.785701220035,-319.1325255482892,2649.785701220035,319.1325255482892,0.0,-0.12502039968967438,-0.01505709532648325
2020-06-06T21:00:00.000000000,0.0,-2506.8503732752797,-207.20956595038373,2506.8503732752797,207.20956595038373,0.0,-0.11827652156352997,-0.009776421822607517
2020-06-06T21:15:00.000000000,0.0,-2362.1653608218826,-83.74500514601667,2362.1653608218826,83.74500514601667,0.0,-0.11145009100437164,-0.003951200284063816
2020-06-06T21:30:00.000000000,0.0,-2204.4613059830663,37.102611223477865,2204.4613059830663,-37.102611223477865,0.0,-0.10400940477848053,0.0017505503492429852
2020-06-06T21:45:00.000000000,0.0,-2077.7822525922456,97.0864679597318,2077.7822525922456,-97.0864679597318,0.0,-0.09803251922130585,0.004580668173730373
2020-06-06T22:00:00.000000000,0.0,-1966.9425814175604,130.94128406430283,1966.9425814175604,-130.94128406430283,0.0,-0.09280295670032501,0.006177983246743679
2020-06-06T22:15:00.000000000,0.0,-1897.2748185308774,146.7383453916013,1897.2748185308774,-146.7383453916013,0.0,-0.08951593935489655,0.006923309527337551
2020-06-06T22:30:00.000000000,0.0,-1853.334366126855,148.55435368125637,1853.334366126855,-148.55435368125637,0.0,-0.08744277060031891,0.007008991204202175
2020-06-06T22:45:00.000000000,0.0,-1818.2013960138956,141.56824874783555,1818.2013960138956,-141.56824874783555,0.0,-0.0857851505279541,0.006679377518594265
2020-06-06T23:00:00.000000000,0.0,-1819.113821744124,112.30745987479885,1819.113821744124,-112.30745987479885,0.0,-0.08582819998264313,0.005298814736306667
2020-06-06T23:15:00.000000000,0.0,-1853.124656647841,69.99794082865118,1853.124656647841,-69.99794082865118,0.0,-0.0874328762292862,0.00330259557813406
2020-06-06T23:30:00.000000000,0.0,-1913.742697528998,19.976547655680527,1913.742697528998,-19.976547655680527,0.0,-0.09029291570186615,0.0009425199823454022
2020-06-06T23:45:00.000000000,0.0,-2002.549608651002,-56.80744357362389,2002.549608651002,56.80744357362389,0.0,-0.09448294341564178,-0.0026802504435181618
2020-06-07T00:00:00.000000000,0.0,-2104.5505306092896,-157.8027706807355,2104.5505306092896,157.8027706807355,0.0,-0.0992954820394516,-0.007445343770086765
2020-06-07T00:15:00.000000000,0.0,-2206.792744799455,-281.25722500418624,2206.792744799455,281.25722500418624,0.0,-0.10411940515041351,-0.013270088471472263
2020-06-07T00:30:00.000000000,0.0,-2268.158665268421,-391.0773851772149,2268.158665268421,391.0773851772149,0.0,-0.1070147305727005,-0.018451549112796783
2020-06-07T00:45:00.000000000,0.0,-2291.1370129418374,-490.2143831058343,2291.1370129418374,490.2143831058343,0.0,-0.10809887945652008,-0.023128964006900787
2020-06-07T01:00:00.000000000,0.0,-2298.4111525813737,-565.1943650241692,2298.4111525813737,565.1943650241692,0.0,-0.10844208300113678,-0.02666661888360977
2020-06-07T01:15:00.000000000,0.0,-2299.978288778464,-640.8072653098901,2299.978288778464,640.8072653098901,0.0,-0.10851602256298065,-0.030234135687351227
2020-06-07T01:30:00.000000000,0.0,-2320.6409890119235,-709.9633876001834,2320.6409890119235,709.9633876001834,0.0,-0.10949091613292694,-0.03349701315164566
2020-06-07T01:45:00.000000000,0.0,-2315.0672647865613,-765.3848023251692,2315.0672647865613,765.3848023251692,0.0,-0.10922794044017792,-0.03611186891794205
2020-06-07T02:00:00.000000000,0.0,-2311.018355869452,-836.0265773101647,2311.018355869452,836.0265773101647,0.0,-0.10903690755367279,-0.03944484144449234
2020-06-07T02:15:00.000000000,0.0,-2319.716246008078,-956.2722239426771,2319.716246008078,956.2722239426771,0.0,-0.10944728553295135,-0.045118190348148346
2020-06-07T02:30:00.000000000,0.0,-2372.863702526887,-1104.0542411418755,2372.863702526887,1104.0542411418755,0.0,-0.11195485293865204,-0.05209074169397354
2020-06-07T02:45:00.000000000,0.0,-2442.2244810557363,-1258.2210276599724,2442.2244810557363,1258.2210276599724,0.0,-0.11522738635540009,-0.05936453491449356
2020-06-07T03:00:00.000000000,0.0,-2529.330976763566,-1481.8698704779147,2529.330976763566,1481.8698704779147,0.0,-0.11933718621730804,-0.06991658359766006
2020-06-07T03:15:00.000000000,0.0,-2606.9335904796917,-1708.3270516804853,2606.9335904796917,1708.3270516804853,0.0,-0.12299858033657074,-0.08060113340616226
2020-06-07T03:30:00.000000000,0.0,-2673.8094380132356,-1878.2119426437218,2673.8094380132356,1878.2119426437218,0.0,-0.1261538714170456,-0.08861652761697769
2020-06-07T03:45:00.000000000,0.0,-2682.100542294979,-1858.8984576125938,2682.100542294979,1858.8984576125938,0.0,-0.12654505670070648,-0.08770529180765152
2020-06-07T04:00:00.000000000,0.0,-2636.697176778316,-1660.8695439175763,2636.697176778316,1660.8695439175763,0.0,-0.12440286576747894,-0.07836202532052994
2020-06-07T04:15:00.000000000,0.0,-2597.4360250385603,-1291.7404349291323,2597.4360250385603,1291.7404349291323,0.0,-0.12255047261714935,-0.060946024954319
2020-06-07T04:30:00.000000000,0.0,-2606.419423263073,-886.8785993508498,2606.419423263073,886.8785993508498,0.0,-0.12297432124614716,-0.04184410721063614
2020-06-07T04:45:00.000000000,0.0,-2653.8504015135763,-473.84567395170524,2653.8504015135763,473.84567395170524,0.0,-0.1252121776342392,-0.02235666662454605
2020-06-07T05:00:00.000000000,0.0,-2751.05579827706,-120.25403580124178,2751.05579827706,120.25403580124178,0.0,-0.12979845702648163,-0.0056737447157502174
2020-06-07T05:15:00.000000000,0.0,-2852.6726739605265,115.51247763539354,2852.6726739605265,-115.51247763539354,0.0,-0.13459287583827972,0.005450031720101833
2020-06-07T05:30:00.000000000,0.0,-2930.296132293542,132.74529090786973,2930.296132293542,-132.74529090786973,0.0,-0.1382552534341812,0.006263098679482937
2020-06-07T05:45:00.000000000,0.0,-2964.7244911901153,122.80051368619004,2964.7244911901153,-122.80051368619004,0.0,-0.13987962901592255,0.005793890915811062
2020-06-07T06:00:00.000000000,315.74809523809427,-2908.8305984822905,165.99687643274663,3224.5786937203848,149.75121880534763,0.014897413420921,-0.13724248111248016,0.007831952534615993
2020-06-07T06:15:00.000000000,926.086666666666,-2710.1087591894466,417.8744034993648,3636.1954258561127,508.2122631673012,0.0436939957675206,-0.12786652147769928,0.019715867936611176
2020-06-07T06:30:00.000000000,1488.04380952381,-2237.6351979358988,994.2129007852077,3725.679007459709,493.8309087386024,0.070207878220777,-0.1055745929479599,0.04690828174352646
2020-06-07T06:45:00.000000000,1651.7614285714292,-1438.670507369836,1846.8202654349802,3090.4319359412652,-195.05883686355105,0.0779322923725143,-0.06787838041782379,0.0871354267001152
2020-06-07T07:00:00.000000000,2172.043809523816,-529.1542198136449,2599.411368316412,2701.198029337461,-427.3675587925959,0.102479904350424,-0.024966197088360786,0.12264367192983627
2020-06-07T07:15:00.000000000,2803.121428571431,440.6542140925924,3306.053829452991,2362.4672144788383,-502.93240088156017,0.132254982437763,0.020790649577975273,0.15598399937152863
2020-06-07T07:30:00.000000000,4642.453333333322,1494.4525971325238,4141.446067171892,3148.000736200798,501.0072661614304,0.219037098361109,0.07051025331020355,0.19539891183376312
2020-06-07T07:45:00.000000000,7288.704761904771,2927.6709738755226,5501.7976639906565,4361.033788029248,1786.9070979141143,0.343890746385192,0.13813139498233795,0.2595821022987366
2020-06-07T08:00:00.000000000,6712.143333333335,5046.450482132434,7453.196793586412,1665.6928512009008,-741.053460253077,0.316687814384894,0.23809821903705597,0.35165169835090637
2020-06-07T08:15:00.000000000,10439.0219047619,7013.944498414993,8490.056043477058,3425.077406346906,1948.9658612848416,0.492526882570805,0.33092719316482544,0.4005720913410187
2020-06-07T08:30:00.000000000,11176.593809523805,9136.652269473076,9556.800157437325,2039.9415400507296,1619.7936520864805,0.52732650213655,0.43107935786247253,0.4509024918079376
2020-06-07T08:45:00.000000000,15984.693333333338,10926.078619352977,9968.499027355512,5058.614713980362,6016.194305977826,0.754179007204274,0.5155068635940552,0.4703269898891449
2020-06-07T09:00:00.000000000,17379.062857142853,13035.207701644897,11329.684724677403,4343.855155497957,6049.37813246545,0.819967208529952,0.615018367767334,0.5345495343208313
2020-06-07T09:15:00.000000000,13467.516666666661,14572.42997853279,11981.964582878747,-1104.9133118661284,1485.552083787914,0.635415277438771,0.6875465512275696,0.5653249621391296
2020-06-07T09:30:00.000000000,3193.0100000000098,15547.345343577066,12433.820291407903,-12354.335343577057,-9240.810291407894,0.150650441743017,0.7335443496704102,0.5866441130638123
2020-06-07T09:45:00.000000000,14880.955238095234,16249.01557401657,12744.912933734257,-1368.0603359213364,2136.042304360977,0.702103181692855,0.7666500806808472,0.6013218760490417
2020-06-07T10:00:00.000000000,14644.926666666666,16189.939403130213,11988.746031573613,-1545.0127364635464,2656.180635093053,0.690967041013782,0.7638627886772156,0.5656449198722839
2020-06-07T10:15:00.000000000,14499.56238095238,16165.77733387947,11994.749281237919,-1666.21495292709,2504.8130997144617,0.684108561442307,0.7627227902412415,0.5659281611442566
2020-06-07T10:30:00.000000000,13597.523333333329,15778.258219553629,12469.309199145635,-2180.7348862203,1128.214134187694,0.641549164198559,0.7444391250610352,0.5883185267448425
2020-06-07T10:45:00.000000000,10727.977142857133,15438.370949786504,12909.785010162988,-4710.393806929371,-2181.8078673058553,0.506160173497863,0.7284027934074402,0.6091007590293884
2020-06-07T11:00:00.000000000,11363.593333333323,14848.957192815144,12097.66357640902,-3485.3638594818203,-734.0702430756974,0.536149387397679,0.7005934715270996,0.570783793926239
2020-06-07T11:15:00.000000000,12183.680000000004,14496.200582911173,12391.534775253931,-2312.520582911169,-207.85477525392707,0.5748421627416,0.6839499473571777,0.5846490263938904
2020-06-07T11:30:00.000000000,13211.36000000001,14818.537948567071,14454.585884428023,-1607.1779485670613,-1243.2258844280132,0.623329466561652,0.699158251285553,0.6819865107536316
2020-06-07T11:45:00.000000000,13384.829999999998,15845.532009773253,16491.18833304405,-2460.7020097732548,-3106.3583330440524,0.631514010966198,0.7476131916046143,0.7780761122703552
2020-06-07T12:00:00.000000000,14402.409047619045,16102.899862858454,16599.671299200058,-1700.4908152394091,-2197.2622515810126,0.67952473847167,0.7597561478614807,0.7831944823265076
2020-06-07T12:15:00.000000000,16081.840000000007,15642.077179136275,16480.55631512006,439.7628208637325,-398.71631512005115,0.758762515632746,0.7380139231681824,0.7775744795799255
2020-06-07T12:30:00.000000000,15318.983809523803,15434.601232404708,17172.355040324528,-115.617422880905,-1853.3712308007252,0.722769949971619,0.7282249331474304,0.8102144598960876
2020-06-07T12:45:00.000000000,11766.00380952381,15333.137217245101,17559.63538903872,-3567.1334077212905,-5793.631579514911,0.555135646758005,0.7234377264976501,0.8284868597984314
2020-06-07T13:00:00.000000000,10482.791428571436,15242.272373946507,15933.64410033226,-4759.480945375071,-5450.852671760824,0.494591986687857,0.7191506028175354,0.7517704367637634
2020-06-07T13:15:00.000000000,13292.390476190472,14813.729790271122,15042.616316823958,-1521.3393140806493,-1750.2258406334859,0.627152591773518,0.6989313960075378,0.7097305655479431
2020-06-07T13:30:00.000000000,12719.32666666666,14686.827762645085,15792.224112869897,-1967.501095978425,-3072.8974462032365,0.600114682073361,0.6929439902305603,0.7450980544090271
2020-06-07T13:45:00.000000000,14140.407142857133,14553.153129494984,15682.073577362695,-412.74598663785036,-1541.6664345055615,0.667163141517732,0.6866370439529419,0.7399010062217712
2020-06-07T14:00:00.000000000,14029.78904761905,14729.172654374439,15948.546106443404,-699.3836067553893,-1918.7570588243543,0.661944033242973,0.6949418783187866,0.7524735331535339
2020-06-07T14:15:00.000000000,16051.74571428571,14336.628092412948,15314.920285393397,1715.1176218727614,736.8254288923126,0.757342627365312,0.6764211058616638,0.722578227519989
2020-06-07T14:30:00.000000000,15500.200000000006,13585.74435315132,14784.420995613733,1914.4556468486862,715.7790043862733,0.731319969904606,0.6409934163093567,0.6975485682487488
2020-06-07T14:45:00.000000000,15282.536190476192,12815.679776420593,14754.116712586085,2466.856414055599,528.4194778901074,0.721050303020935,0.6046607494354248,0.6961187720298767
2020-06-07T15:00:00.000000000,12328.408571428577,11965.993816410699,14054.733073453903,362.41475501787863,-1726.3245020253253,0.581670648470912,0.5645714402198792,0.6631209254264832
2020-06-07T15:15:00.000000000,409.12666666666587,10482.204504127501,12266.259891055424,-10073.077837460836,-11857.13322438876,0.0193031381242718,0.4945642948150635,0.5787383913993835
2020-06-07T15:30:00.000000000,3958.3952380952437,8931.189407409032,11518.152907425561,-4972.794169313789,-7559.757669330318,0.186762331221168,0.42138534784317017,0.5434417128562927
2020-06-07T15:45:00.000000000,14233.260000000006,7354.784304008484,11386.379555997848,6878.475695991522,2846.8804440021577,0.671544062324643,0.34700846672058105,0.5372244715690613
2020-06-07T16:00:00.000000000,5445.363809523816,5530.671879968643,10111.841772812208,-85.30807044482754,-4666.477963288392,0.256919478284189,0.2609444260597229,0.47709009051322937
2020-06-07T16:15:00.000000000,11327.106666666668,2725.31901296854,6794.045791672071,8601.787653698128,4533.060874994598,0.5344278981286,0.12858416140079498,0.3205520808696747
2020-06-07T16:30:00.000000000,7708.2019047619,1089.7404638028145,7292.310460569063,6618.461440959085,415.8914441928364,0.363683177314428,0.051415398716926575,0.34406086802482605
2020-06-07T16:45:00.000000000,4167.238571428578,123.31876692146062,6272.7459261465065,4043.9198045071175,-2105.507354717928,0.196615836353238,0.005818342790007591,0.29595646262168884
2020-06-07T17:00:00.000000000,7218.8533333333435,-555.9014953000346,4498.13851973772,7774.754828633379,2720.714813595623,0.340595063449446,-0.026228168979287148,0.21222813427448273
2020-06-07T17:15:00.000000000,6386.385714285706,-465.12903155356645,4316.070266029835,6851.514745839272,2070.315448255871,0.301318138370513,-0.021945403888821602,0.20363791286945343
2020-06-07T17:30:00.000000000,5228.8200000000015,-1461.9305731987952,3450.025703346729,6690.750573198797,1778.7942966532723,0.246702654484239,-0.06897582113742828,0.16277678310871124
2020-06-07T17:45:00.000000000,3630.1504761904685,-1666.864424152374,3618.2783976419764,5297.014900342842,11.872078548492027,0.171275308511942,-0.07864487171173096,0.17071516811847687
2020-06-07T18:00:00.000000000,2090.7395238095232,-2343.401415690581,2577.672327865362,4434.140939500105,-486.9328040558389,0.0986438604424943,-0.11056478321552277,0.12161799520254135
2020-06-07T18:15:00.000000000,1278.2733333333326,-3550.267465970516,1135.2753714851538,4828.540799303848,142.99796184817887,0.0603106292604736,-0.16750632226467133,0.05356379598379135
2020-06-07T18:30:00.000000000,603.7152380952376,-4075.5167547416686,288.62765256151556,4679.231992836906,315.08758553372206,0.0284840847056658,-0.19228827953338623,0.013617835007607937
2020-06-07T18:45:00.000000000,62.05619047618888,-4268.655079155763,-462.3318655677636,4330.711269631952,524.3880560439525,0.0029278932756636,-0.20140080153942108,-0.02181342989206314
2020-06-07T19:00:00.000000000,0.0,-4220.870374073187,-917.7374755187828,4220.870374073187,917.7374755187828,0.0,-0.19914625585079193,-0.043300069868564606
2020-06-07T19:15:00.000000000,0.0,-3996.860856217543,-1047.0006297489006,3996.860856217543,1047.0006297489006,0.0,-0.18857719004154205,-0.04939887672662735
2020-06-07T19:30:00.000000000,0.0,-3709.0668106786406,-944.2252986903985,3709.0668106786406,944.2252986903985,0.0,-0.1749986857175827,-0.04454980045557022
2020-06-07T19:45:00.000000000,0.0,-3386.611957182089,-738.4282911010582,3386.611957182089,738.4282911010582,0.0,-0.15978483855724335,-0.03484002500772476
2020-06-07T20:00:00.000000000,0.0,-3114.939643669923,-555.4498224556446,3114.939643669923,555.4498224556446,0.0,-0.14696697890758514,-0.026206858456134796
2020-06-07T20:15:00.000000000,0.0,-2911.892862199942,-415.33609765172,2911.892862199942,415.33609765172,0.0,-0.1373869627714157,-0.019596107304096222
2020-06-07T20:30:00.000000000,0.0,-2744.8706319562593,-294.2434213266273,2744.8706319562593,294.2434213266273,0.0,-0.12950663268566132,-0.013882794417440891
2020-06-07T20:45:00.000000000,0.0,-2599.596916989485,-195.6224855797986,2599.596916989485,195.6224855797986,0.0,-0.12265242636203766,-0.009229728020727634
2020-06-07T21:00:00.000000000,0.0,-2472.981660759449,-122.58989620303113,2472.981660759449,122.58989620303113,0.0,-0.11667855083942413,-0.005783953703939915
2020-06-07T21:15:00.000000000,0.0,-2356.958628184795,-39.197845592082786,2356.958628184795,39.197845592082786,0.0,-0.11120443046092987,-0.0018494062824174762
2020-06-07T21:30:00.000000000,0.0,-2255.051822830041,55.057403759012615,2255.051822830041,-55.057403759012615,0.0,-0.10639633238315582,0.0025976812466979027
2020-06-07T21:45:00.000000000,0.0,-2161.681835574309,143.7607234516243,2161.681835574309,-143.7607234516243,0.0,-0.10199101269245148,0.006782821379601955
2020-06-07T22:00:00.000000000,0.0,-2093.2495899796486,208.2470199035108,2093.2495899796486,-208.2470199035108,0.0,-0.09876228868961334,0.009825370274484158
2020-06-07T22:15:00.000000000,0.0,-2060.577232142289,235.33933696493506,2060.577232142289,-235.33933696493506,0.0,-0.0972207635641098,0.011103621684014797
2020-06-07T22:30:00.000000000,0.0,-2056.853625579675,249.08351935610173,2056.853625579675,-249.08351935610173,0.0,-0.09704507887363434,0.01175209041684866
2020-06-07T22:45:00.000000000,0.0,-2067.488170123895,251.0934457483391,2067.488170123895,-251.0934457483391,0.0,-0.09754683077335358,0.011846921406686306
2020-06-07T23:00:00.000000000,0.0,-2102.881697947979,228.37723492369054,2102.881697947979,-228.37723492369054,0.0,-0.09921674430370331,0.01077514048665762
2020-06-07T23:15:00.000000000,0.0,-2147.901648844878,194.6711735851069,2147.901648844878,-194.6711735851069,0.0,-0.10134084522724152,0.009184843860566616
2020-06-07T23:30:00.000000000,0.0,-2206.595036766529,146.12374502087633,2206.595036766529,-146.12374502087633,0.0,-0.10411007702350616,0.006894311867654324
2020-06-07T23:45:00.000000000,0.0,-2267.8030434711773,90.65811444188157,2267.8030434711773,-90.65811444188157,0.0,-0.10699795186519623,0.004277369938790798
2020-06-08T00:00:00.000000000,0.0,-2324.879394446214,19.273515576937545,2324.879394446214,-19.273515576937545,0.0,-0.10969088971614838,0.0009093499975278974
2020-06-08T00:15:00.000000000,0.0,-2380.5749474660556,-71.12453710173567,2380.5749474660556,71.12453710173567,0.0,-0.11231867969036102,-0.0033557498827576637
2020-06-08T00:30:00.000000000,0.0,-2421.1695230317114,-180.41160014564792,2421.1695230317114,180.41160014564792,0.0,-0.11423398554325104,-0.008512058295309544
2020-06-08T00:45:00.000000000,0.0,-2458.876171675523,-300.50438625430064,2458.876171675523,300.50438625430064,0.0,-0.11601303517818451,-0.014178195036947727
2020-06-08T01:00:00.000000000,0.0,-2494.784498371283,-435.18080458601315,2494.784498371283,435.18080458601315,0.0,-0.11770723760128021,-0.020532406866550446
2020-06-08T01:15:00.000000000,0.0,-2516.078853662014,-578.9745517536004,2516.078853662014,578.9745517536004,0.0,-0.1187119334936142,-0.027316786348819733
2020-06-08T01:30:00.000000000,0.0,-2498.7083395870527,-709.4504836936791,2498.7083395870527,709.4504836936791,0.0,-0.11789236962795258,-0.03347281366586685
2020-06-08T01:45:00.000000000,0.0,-2447.794415350755,-830.3555782059827,2447.794415350755,830.3555782059827,0.0,-0.11549018323421478,-0.03917727619409561
2020-06-08T02:00:00.000000000,0.0,-2384.6238563831644,-933.0980632015069,2384.6238563831644,933.0980632015069,0.0,-0.11250971257686615,-0.04402480274438858
2020-06-08T02:15:00.000000000,0.0,-2343.4311034782727,-1015.5505244473616,2343.4311034782727,1015.5505244473616,0.0,-0.11056618392467499,-0.047915019094944
2020-06-08T02:30:00.000000000,0.0,-2317.6368375595407,-1051.8618470696608,2317.6368375595407,1051.8618470696608,0.0,-0.10934917628765106,-0.04962823539972305
2020-06-08T02:45:00.000000000,0.0,-2264.913853239218,-1007.1191927429039,2264.913853239218,1007.1191927429039,0.0,-0.10686163604259491,-0.04751721769571304
2020-06-08T03:00:00.000000000,0.0,-2194.3415603105227,-859.8311297984917,2194.3415603105227,859.8311297984917,0.0,-0.10353194177150726,-0.040567971765995026
2020-06-08T03:15:00.000000000,0.0,-2182.8757577109336,-704.7977125418186,2182.8757577109336,704.7977125418186,0.0,-0.10299097001552582,-0.03325328975915909
2020-06-08T03:30:00.000000000,0.0,-2267.5150087650613,-590.6702767940362,2267.5150087650613,590.6702767940362,0.0,-0.10698436200618744,-0.0278686061501503
2020-06-08T03:45:00.000000000,0.0,-2397.2203215352692,-495.82600663463273,2397.2203215352692,495.82600663463273,0.0,-0.11310403048992157,-0.023393727838993073
2020-06-08T04:00:00.000000000,0.0,-2479.9393412152926,-403.6826935001214,2479.9393412152926,403.6826935001214,0.0,-0.1170068234205246,-0.01904628425836563
2020-06-08T04:15:00.000000000,0.0,-2477.1183697295187,-292.7906146949033,2477.1183697295187,292.7906146949033,0.0,-0.11687372624874115,-0.013814249075949192
2020-06-08T04:30:00.000000000,0.0,-2497.9869895116485,-187.87776292259494,2497.9869895116485,187.87776292259494,0.0,-0.11785833537578583,-0.008864321745932102
2020-06-08T04:45:00.000000000,0.0,-2518.8897186668714,25.13148457807178,2518.8897186668714,-25.13148457807178,0.0,-0.11884455382823944,0.0011857367353513837
2020-06-08T05:00:00.000000000,0.0,-2517.9561324922242,281.0515818046033,2517.9561324922242,-281.0515818046033,0.0,-0.11880050599575043,0.01326038595288992
2020-06-08T05:15:00.000000000,0.0,-2489.3535281888644,526.3523164149125,2489.3535281888644,-526.3523164149125,0.0,-0.11745099723339081,0.024833999574184418
2020-06-08T05:30:00.000000000,0.0,-2392.738097248872,795.9224818964799,2392.738097248872,-795.9224818964799,0.0,-0.11289255321025848,0.03755267709493637
2020-06-08T05:45:00.000000000,0.0,-2381.063216825326,979.0708657522996,2381.063216825326,-979.0708657522996,0.0,-0.11234171688556671,0.04619386047124863
2020-06-08T06:00:00.000000000,412.00285714285803,-2265.318112475872,1163.1136731692154,2677.32096961873,-751.1108160263574,0.0194388406011746,-0.10688070952892303,0.05487724393606186
2020-06-08T06:15:00.000000000,1197.7004761904752,-1908.8871651037532,1619.0271337862807,3106.5876412942284,-421.3266575958055,0.0565090951215049,-0.09006382524967194,0.07638784497976303
2020-06-08T06:30:00.000000000,2055.6680952380957,-1221.6445678273835,2394.2359093034265,3277.3126630654792,-338.5678140653308,0.0969891439815862,-0.05763880908489227,0.1129632219672203
2020-06-08T06:45:00.000000000,3006.6333333333373,-147.41348595172167,3364.1806227882703,3154.046819285059,-357.547289454933,0.141856943707018,-0.006955163553357124,0.1587264984846115
2020-06-08T07:00:00.000000000,5088.40714285715,1131.866171227296,4492.976002954641,3956.5409716298536,595.4311399025082,0.240077789872174,0.05340294539928436,0.2119845598936081
2020-06-08T07:15:00.000000000,5605.526666666664,3279.811088443597,6373.448165307044,2325.715578223067,-767.9214986403804,0.264476174060085,0.15474583208560944,0.30070772767066956
2020-06-08T07:30:00.000000000,8560.636190476185,5475.508180507024,7705.9996755727125,3085.128009969161,854.6365149034727,0.403902156177554,0.2583417296409607,0.36357927322387695
2020-06-08T07:45:00.000000000,10352.424761904755,7842.006379194259,9078.723184170722,2510.4183827104953,1273.701577734033,0.488441114651158,0.36999624967575073,0.428346186876297
2020-06-08T08:00:00.000000000,12136.706666666658,9992.508867737452,9854.331165684063,2144.1977989292063,2282.3755009825945,0.572625898646965,0.4714598059654236,0.4649403989315033
2020-06-08T08:15:00.000000000,9958.264761904768,11730.411746250787,9944.766483543714,-1772.14698434602,13.498278361053963,0.469844123687326,0.5534563660621643,0.4692072570323944
2020-06-08T08:30:00.000000000,15009.029047619053,12316.676071106593,8966.527349588076,2692.3529765124604,6042.501698030977,0.708145873692089,0.5811170935630798,0.4230526387691498
2020-06-08T08:45:00.000000000,11738.193333333342,13021.3870889918,9078.673915076255,-1283.193755658458,2659.5194182570867,0.553823511649384,0.6143662929534912,0.42834386229515076
2020-06-08T09:00:00.000000000,15433.402857142846,12917.26633266131,8444.76511256059,2516.136524481537,6988.637744582256,0.728168392215027,0.6094537377357483,0.39843520522117615
2020-06-08T09:15:00.000000000,12811.092307692312,13485.307409114837,9982.58998837312,-674.2151014225255,2828.502319319192,0.604444306583571,0.6362546682357788,0.4709918200969696
2020-06-08T09:30:00.000000000,15660.337435897429,13888.490305550893,10620.88437195142,1771.8471303465358,5039.453063946008,0.738875466272466,0.6552773714065552,0.501107394695282
2020-06-08T09:45:00.000000000,17015.593956043962,14298.637830648422,12009.312720238368,2716.95612539554,5006.281235805594,0.802818264270336,0.6746286749839783,0.5666152834892273
2020-06-08T10:00:00.000000000,15453.868095238086,15194.433346529006,13877.04597922325,259.43474870907994,1576.822116014835,0.729133969259704,0.7168934941291809,0.6547374129295349
2020-06-08T10:15:00.000000000,15252.07333333333,14357.922447703679,12206.088430299758,894.1508856296514,3045.9849030335718,0.719613025065236,0.6774258017539978,0.5758994221687317
2020-06-08T10:30:00.000000000,15407.943333333335,14554.177673997878,12923.53487744967,853.7656593354568,2484.408455883664,0.726967178154166,0.6866853833198547,0.6097494959831238
2020-06-08T10:45:00.000000000,13363.815238095245,14425.280879700978,12610.486631066004,-1061.4656416057333,753.3286070292415,0.630522506660206,0.6806038618087769,0.594979465007782
2020-06-08T11:00:00.000000000,15843.954285714293,14601.841101309457,12495.328334264754,1242.113184404836,3348.6259514495396,0.747538752493421,0.6889342069625854,0.5895461440086365
2020-06-08T11:15:00.000000000,15222.673333333327,15076.594305664697,14269.63728365898,146.07902766862935,953.0360496743469,0.718225894117558,0.711333692073822,0.6732603907585144
2020-06-08T11:30:00.000000000,16853.392380952377,14846.237286138534,14529.277831640242,2007.1550948138429,2324.114549312135,0.795165379080825,0.7004651427268982,0.6855105757713318
2020-06-08T11:45:00.000000000,14115.470000000003,15017.83775223732,16217.085410871505,-902.3677522373164,-2101.615410871502,0.665986574082229,0.7085614800453186,0.7651435732841492
2020-06-08T12:00:00.000000000,13041.348571428576,15187.674637416203,16358.035446971257,-2146.326065987627,-3316.6868755426804,0.615308102138851,0.7165746092796326,0.771793782711029
2020-06-08T12:15:00.000000000,16179.191428571434,14803.634679145813,14994.959206062951,1375.556749425621,1184.2322225084827,0.763355684999143,0.6984550952911377,0.7074820399284363
2020-06-08T12:30:00.000000000,15941.286666666672,15189.089544744491,16903.25482620557,752.1971219221814,-961.9681595388993,0.752131023167918,0.716641366481781,0.7975179553031921
2020-06-08T12:45:00.000000000,16410.883333333328,15302.789981673557,17453.173719065984,1108.0933516597706,-1042.2903857326564,0.774287215999879,0.7220059037208557,0.8234638571739197
2020-06-08T13:00:00.000000000,12540.4819047619,15428.978239084878,16984.894979047775,-2888.4963343229774,-4444.413074285874,0.591676549281927,0.7279596328735352,0.801369845867157
2020-06-08T13:15:00.000000000,11381.159047619045,15314.708049294153,16094.503903837203,-3933.5490016751082,-4713.344856218158,0.536978161067876,0.7225682139396667,0.7593600153923035
2020-06-08T13:30:00.000000000,15844.686666666657,14650.899222987491,14317.643068011601,1193.7874436791662,1527.0435986550565,0.747573307196976,0.6912488341331482,0.6755253672599792
2020-06-08T13:45:00.000000000,14432.494761904769,14574.179663041432,16581.307823375064,-141.68490113666303,-2148.813061470295,0.680944222327749,0.6876291036605835,0.7823280692100525
2020-06-08T14:00:00.000000000,15500.54,14391.55934281349,15722.615725558599,1108.9806571865101,-222.0757255585977,0.731336011555021,0.6790128350257874,0.7418138384819031
2020-06-08T14:15:00.000000000,16824.370476190485,14410.754076693851,16167.396897446313,2413.6163994966337,656.9735787441714,0.793796087167363,0.6799184679985046,0.7627992033958435
2020-06-08T14:30:00.000000000,18562.05428571429,13999.656542390187,15982.524095284143,4562.397743324103,2579.530190430147,0.875782311298966,0.6605223417282104,0.7540766596794128
2020-06-08T14:45:00.000000000,17941.646666666664,13279.351224451064,15307.53244784355,4662.2954422156,2634.1142188231133,0.846510657946719,0.6265373826026917,0.7222296595573425
2020-06-08T15:00:00.000000000,15203.45333333333,12399.93326089541,14999.815370143253,2803.520072437919,203.63796319007633,0.717319069055845,0.5850452780723572,0.7077111601829529
2020-06-08T15:15:00.000000000,19624.089523809525,10807.825212771097,12555.13848832766,8816.264311038429,7068.951035481865,0.925890540764485,0.50992751121521,0.5923680663108826
2020-06-08T15:30:00.000000000,21131.016666666663,9175.022155927021,12785.980618937809,11955.994510739642,8345.036047728854,0.996989359667642,0.4328896999359131,0.6032595038414001
2020-06-08T15:45:00.000000000,17921.015238095246,7896.235860826174,12988.211302073796,10024.779377269071,4932.80393602145,0.845537239815215,0.37255486845970154,0.6128010153770447
2020-06-08T16:00:00.000000000,14923.906666666671,6418.703091885249,12092.130278107325,8505.203574781423,2831.7763885593467,0.704129686992801,0.302842915058136,0.5705227255821228
2020-06-08T16:15:00.000000000,12690.220000000005,4745.160494639873,10727.09337990125,7945.059505360132,1963.1266200987557,0.598741390980944,0.22388295829296112,0.5061184763908386
2020-06-08T16:30:00.000000000,11121.574285714294,2718.945929268201,8878.588332514762,8402.628356446094,2242.9859531995317,0.524730608116051,0.12828347086906433,0.41890355944633484
2020-06-08T16:45:00.000000000,9127.79,868.981758699417,7777.99761396567,8258.808241300583,1349.7923860343308,0.430661224248433,0.04099971055984497,0.36697623133659363
2020-06-08T17:00:00.000000000,7922.062857142848,-520.6284556781252,6598.490439181327,8442.691312820973,1323.5724179615208,0.37377342036026,-0.02456394024193287,0.3113255202770233
2020-06-08T17:15:00.000000000,6160.520000000002,-1468.7815039499599,5484.955845198631,7629.301503949962,675.5641548013709,0.290661494754695,-0.06929905712604523,0.25878748297691345
2020-06-08T17:30:00.000000000,5606.330952380945,-2251.8812302700676,4360.8571362106,7858.212182651012,1245.4738161703444,0.264514121325563,-0.10624673962593079,0.20575101673603058
2020-06-08T17:45:00.000000000,4693.419047619053,-2727.104070160389,3581.8950663431483,7420.523117779442,1111.523981275905,0.221441728277988,-0.1286683827638626,0.16899855434894562
2020-06-08T18:00:00.000000000,3353.311904761902,-3014.0074820685386,2905.4430324101445,6367.319386830441,447.86887235175755,0.158213697969783,-0.1422048658132553,0.13708265125751495
2020-06-08T18:15:00.000000000,1805.4133333333343,-3370.6651936062176,2031.765707928737,5176.078526939552,-226.35237459540258,0.0851817927896871,-0.1590324491262436,0.09586139768362045
2020-06-08T18:30:00.000000000,782.629523809524,-3770.360406643549,938.5097679046789,4552.989930453074,-155.88024409515492,0.036925497722535,-0.1778905987739563,0.04428013414144516
2020-06-08T18:45:00.000000000,112.15761904761804,-4201.826289923985,-152.15261619344352,4313.983908971603,264.31023524106155,0.0052917450475785,-0.1982477307319641,-0.007178761996328831
2020-06-08T19:00:00.000000000,0.0,-4376.738207660515,-887.3826600865523,4376.738207660515,887.3826600865523,0.0,-0.20650030672550201,-0.04186788946390152
2020-06-08T19:15:00.000000000,0.0,-4230.7927275403335,-1132.8172858297823,4230.7927275403335,1132.8172858297823,0.0,-0.19961440563201904,-0.053447820246219635
2020-06-08T19:30:00.000000000,0.0,-3867.7736179208755,-1005.3480319623152,3867.7736179208755,1005.3480319623152,0.0,-0.18248668313026428,-0.047433651983737946
2020-06-08T19:45:00.000000000,0.0,-3507.1456385207175,-782.3902197770277,3507.1456385207175,782.3902197770277,0.0,-0.16547177731990814,-0.03691420704126358
2020-06-08T20:00:00.000000000,0.0,-3207.3040360744794,-591.4895334033171,3207.3040360744794,591.4895334033171,0.0,-0.15132485330104828,-0.02790725976228714
2020-06-08T20:15:00.000000000,0.0,-2991.4760303481416,-470.378519342343,2991.4760303481416,470.378519342343,0.0,-0.14114180207252502,-0.02219308167695999
2020-06-08T20:30:00.000000000,0.0,-2825.931557110945,-371.87507143616676,2825.931557110945,371.87507143616676,0.0,-0.13333119451999664,-0.017545558512210846
2020-06-08T20:45:00.000000000,0.0,-2698.364396709601,-281.6122151463727,2698.364396709601,281.6122151463727,0.0,-0.12731240689754486,-0.013286837376654148
2020-06-08T21:00:00.000000000,0.0,-2601.4874605758982,-177.58936534975965,2601.4874605758982,177.58936534975965,0.0,-0.12274162471294403,-0.008378901518881321
2020-06-08T21:15:00.000000000,0.0,-2511.192370138963,-75.28967054938276,2511.192370138963,75.28967054938276,0.0,-0.11848138272762299,-0.0035522663965821266
2020-06-08T21:30:00.000000000,0.0,-2419.8449423766133,25.804197214065738,2419.8449423766133,-25.804197214065738,0.0,-0.11417149007320404,0.0012174762086942792
2020-06-08T21:45:00.000000000,0.0,-2334.906286825339,107.23969135031103,2334.906286825339,-107.23969135031103,0.0,-0.11016397178173065,0.005059710703790188
2020-06-08T22:00:00.000000000,0.0,-2274.8043081259725,161.88164373462396,2274.8043081259725,-161.88164373462396,0.0,-0.10732828080654144,0.0076377904042601585
2020-06-08T22:15:00.000000000,0.0,-2244.577718670368,204.0357756366829,2244.577718670368,-204.0357756366829,0.0,-0.10590215027332306,0.009626678191125393
2020-06-08T22:30:00.000000000,0.0,-2228.1148929127057,239.00862119262416,2228.1148929127057,-239.00862119262416,0.0,-0.10512541234493256,0.01127674337476492
2020-06-08T22:45:00.000000000,0.0,-2236.442001532713,261.52522901917496,2236.442001532713,-261.52522901917496,0.0,-0.10551829636096954,0.012339106760919094
2020-06-08T23:00:00.000000000,0.0,-2276.863503612677,251.77594903772075,2276.863503612677,-251.77594903772075,0.0,-0.10742543637752533,0.01187912281602621
2020-06-08T23:15:00.000000000,0.0,-2323.8371636017164,218.81555649424593,2323.8371636017164,-218.81555649424593,0.0,-0.10964171588420868,0.010324007831513882
2020-06-08T23:30:00.000000000,0.0,-2377.5625844979286,169.5338289259374,2377.5625844979286,-169.5338289259374,0.0,-0.1121765524148941,0.007998830638825893
2020-06-08T23:45:00.000000000,0.0,-2405.791880662441,116.5483919293185,2405.791880662441,-116.5483919293185,0.0,-0.1135084480047226,0.005498907528817654
2020-06-09T00:00:00.000000000,0.0,-2440.7040873328842,33.446591751991456,2440.7040873328842,-33.446591751991456,0.0,-0.1151556521654129,0.0015780545072630048
2020-06-09T00:15:00.000000000,0.0,-2481.586065949599,-68.35725629583001,2481.586065949599,68.35725629583001,0.0,-0.11708451807498932,-0.0032251859083771706
2020-06-09T00:30:00.000000000,0.0,-2515.8539844616253,-188.21443506812054,2515.8539844616253,188.21443506812054,0.0,-0.11870132386684418,-0.008880206383764744
2020-06-09T00:45:00.000000000,0.0,-2542.8199705115953,-329.80812767123183,2542.8199705115953,329.80812767123183,0.0,-0.11997361481189728,-0.015560784377157688
2020-06-09T01:00:00.000000000,0.0,-2548.8428014826773,-495.212037918965,2548.8428014826773,495.212037918965,0.0,-0.12025777995586395,-0.023364759981632233
2020-06-09T01:15:00.000000000,0.0,-2557.588697405656,-680.6672260439395,2557.588697405656,680.6672260439395,0.0,-0.12067042291164398,-0.03211478143930435
2020-06-09T01:30:00.000000000,0.0,-2527.505493648052,-830.628453190724,2527.505493648052,830.628453190724,0.0,-0.1192510575056076,-0.039190150797367096
2020-06-09T01:45:00.000000000,0.0,-2458.7890032776195,-937.696512018442,2458.7890032776195,937.696512018442,0.0,-0.11600892245769501,-0.044241763651371
2020-06-09T02:00:00.000000000,0.0,-2389.823640814622,-1030.721615612904,2389.823640814622,1030.721615612904,0.0,-0.11275504529476166,-0.048630811274051666
2020-06-09T02:15:00.000000000,0.0,-2350.139280186494,-1120.5884439210097,2350.139280186494,1120.5884439210097,0.0,-0.11088268458843231,-0.052870847284793854
2020-06-09T02:30:00.000000000,0.0,-2343.081166576544,-1189.893636804819,2343.081166576544,1189.893636804819,0.0,-0.1105496734380722,-0.05614075809717178
2020-06-09T02:45:00.000000000,0.0,-2360.561588631471,-1293.3865280083814,2360.561588631471,1293.3865280083814,0.0,-0.11137442290782928,-0.061023689806461334
2020-06-09T03:00:00.000000000,0.0,-2410.3536934860545,-1420.802722851038,2410.3536934860545,1420.802722851038,0.0,-0.11372368037700653,-0.06703535467386246
2020-06-09T03:15:00.000000000,0.0,-2457.0127892565724,-1489.7541889027752,2457.0127892565724,1489.7541889027752,0.0,-0.11592511832714081,-0.07028857618570328
2020-06-09T03:30:00.000000000,0.0,-2506.937541673183,-1518.6776739752293,2506.937541673183,1518.6776739752293,0.0,-0.11828063428401947,-0.07165322452783585
2020-06-09T03:45:00.000000000,0.0,-2564.1528567608198,-1541.1936501467228,2564.1528567608198,1541.1936501467228,0.0,-0.12098012864589691,-0.07271555811166763
2020-06-09T04:00:00.000000000,0.0,-2651.0648027110096,-1542.5971876839797,2651.0648027110096,1542.5971876839797,0.0,-0.12508074939250946,-0.07278177887201309
2020-06-09T04:15:00.000000000,0.0,-2778.258654973507,-1506.1090016456444,2778.258654973507,1506.1090016456444,0.0,-0.13108192384243011,-0.07106021791696548
2020-06-09T04:30:00.000000000,0.0,-2925.223310528596,-1502.245799315373,2925.223310528596,1502.245799315373,0.0,-0.13801591098308563,-0.07087794691324234
2020-06-09T04:45:00.000000000,0.0,-3068.7151265788075,-1539.825485292673,3068.7151265788075,1539.825485292673,0.0,-0.1447860449552536,-0.07265100628137589
2020-06-09T05:00:00.000000000,0.0,-3193.4575255640348,-1575.0402547355493,3193.4575255640348,1575.0402547355493,0.0,-0.1506715565919876,-0.0743124857544899
2020-06-09T05:15:00.000000000,0.0,-3272.140901083151,-1599.0456735320886,3272.140901083151,1599.0456735320886,0.0,-0.15438394248485565,-0.07544509321451187
2020-06-09T05:30:00.000000000,0.0,-3307.2716604034104,-1595.0700366016229,3307.2716604034104,1595.0700366016229,0.0,-0.1560414582490921,-0.07525751739740372
2020-06-09T05:45:00.000000000,0.0,-3285.9728835272786,-1483.8431608768303,3285.9728835272786,1483.8431608768303,0.0,-0.1550365537405014,-0.07000968605279922
2020-06-09T06:00:00.000000000,293.2147619047611,-3181.121933950583,-1195.0769982047875,3474.336695855344,1488.2917601095487,0.0138342609031997,-0.1500895470380783,-0.05638531595468521
2020-06-09T06:15:00.000000000,944.016666666667,-2910.9188501016297,-673.52573396643,3854.9355167682966,1617.542400633097,0.0445399569203051,-0.13734100759029388,-0.03177783638238907
2020-06-09T06:30:00.000000000,1724.2838095238087,-2326.5179076647755,160.01068145498633,4050.801717188584,1564.2731280688224,0.0813539943799403,-0.10976819694042206,0.007549515925347805
2020-06-09T06:45:00.000000000,2887.0000000000064,-1344.8179356503485,1242.3548001039028,4231.817935650355,1644.6451998961036,0.13621248455598,-0.06345029175281525,0.058615945279598236
2020-06-09T07:00:00.000000000,5342.610476190486,106.1132727302114,2600.0739744714892,5236.497203460275,2742.536501718997,0.252071439894947,0.0050065647810697556,0.12267493456602097
2020-06-09T07:15:00.000000000,8456.171428571419,2407.1158296624817,4709.058881496588,6049.055598908937,3747.112547074831,0.398973370321095,0.1135709136724472,0.22217963635921478
2020-06-09T07:30:00.000000000,10752.079523809529,5638.000180679956,7496.52264561971,5114.079343129572,3255.556878189819,0.507297355760849,0.26600831747055054,0.3536958694458008
2020-06-09T07:45:00.000000000,12344.507142857134,8921.906604687372,9660.749103592236,3422.6005381697614,2683.758039264898,0.582430200397509,0.4209473729133606,0.4558069407939911
2020-06-09T08:00:00.000000000,10515.820000000003,11412.612190526326,10385.406524875958,-896.7921905263229,130.41347512404536,0.496150318442488,0.5384621620178223,0.4899972379207611
2020-06-09T08:15:00.000000000,11851.356666666663,12203.938276484807,8962.558029208183,-352.581609818144,2888.79863745848,0.559162707629283,0.575797975063324,0.4228653609752655
2020-06-09T08:30:00.000000000,15759.042857142867,12218.98429994901,7934.3650867033,3540.0585571938573,7824.677770439567,0.743532518806926,0.5765078663825989,0.3743538558483124
2020-06-09T08:45:00.000000000,16568.740476190487,12639.080392198563,8626.782833863894,3929.6600839919247,7941.9576423265935,0.781735125121279,0.5963285565376282,0.40702304244041443
2020-06-09T09:00:00.000000000,19459.42571428571,13233.050908753075,9556.404741371472,6226.374805532634,9903.020972914237,0.918121484092614,0.6243528723716736,0.4508838355541229
2020-06-09T09:15:00.000000000,20246.553333333322,14129.599357461928,10982.582690846124,6116.9539758713945,9263.970642487198,0.955259207907338,0.6666532158851624,0.5181728005409241
2020-06-09T09:30:00.000000000,17763.564761904767,14368.78817799886,10748.241191218693,3394.7765839059066,7015.323570686074,0.838108517765881,0.6779384613037109,0.5071162581443787
2020-06-09T09:45:00.000000000,5072.2366666666585,14253.56292576154,10600.052388162612,-9181.326259094882,-5527.815721495954,0.239314845383653,0.6725019812583923,0.5001245141029358
2020-06-09T10:00:00.000000000,14625.399047619056,14513.84018204053,10979.462314863204,111.558865578525,3645.936732755852,0.690045702077884,0.6847822070121765,0.5180255770683289
2020-06-09T10:15:00.000000000,14139.926666666675,14530.013078126907,11350.178141355515,-390.08641146023183,2789.748525311161,0.667140472014555,0.6855452656745911,0.5355164408683777
2020-06-09T10:30:00.000000000,15034.27333333333,14796.068714869816,12257.108472585678,238.20461846351463,2777.1648607476527,0.70933693253448,0.6980981230735779,0.5783066153526306
2020-06-09T10:45:00.000000000,14148.583333333328,15045.976721728643,12897.576381216048,-897.3933883953141,1251.006952117281,0.667548905015815,0.7098891139030457,0.608524739742279
2020-06-09T11:00:00.000000000,12274.594761904757,15129.95399828275,13941.328251091638,-2855.3592363779935,-1666.7334891868813,0.579131641647683,0.713851273059845,0.6577703356742859
2020-06-09T11:15:00.000000000,12388.497142857133,14965.18803990364,13835.937868096033,-2576.6908970465065,-1447.4407252388992,0.584505706873303,0.7060773968696594,0.6527978777885437
2020-06-09T11:30:00.000000000,14391.126666666665,14856.63180176099,14340.26642554283,-465.50513509432494,50.860241123835294,0.678992420791992,0.7009555697441101,0.6765927672386169
2020-06-09T11:45:00.000000000,10800.200000000004,14946.84477704048,15972.28623011589,-4146.644777040476,-5172.086230115885,0.509567743575162,0.7052119374275208,0.7535936236381531
2020-06-09T12:00:00.000000000,13178.586666666675,14839.796931174595,14250.187361135482,-1661.2102645079194,-1071.600694468807,0.621783177278481,0.7001612782478333,0.6723427176475525
2020-06-09T12:15:00.000000000,11682.982857142868,14967.205546156565,15434.975172198612,-3284.222689013697,-3751.9923150557443,0.551218608242587,0.7061725854873657,0.7282425761222839
2020-06-09T12:30:00.000000000,11863.605714285708,14926.655818099975,15270.775176750818,-3063.0501038142665,-3407.16946246511,0.559740633922887,0.7042593955993652,0.7204954028129578
2020-06-09T12:45:00.000000000,15349.539999999995,14795.745307480493,14473.762931966781,553.7946925195029,875.7770680332142,0.724211631517628,0.6980828642845154,0.682891309261322
2020-06-09T13:00:00.000000000,12086.687142857149,16250.240984827677,17022.64773851077,-4163.553841970528,-4935.96059565362,0.570265911250221,0.7667078971862793,0.8031510710716248
2020-06-09T13:15:00.000000000,12107.231428571436,15797.205344651538,16138.780396731694,-3689.973916080102,-4031.5489681602576,0.571235217866283,0.7453330755233765,0.7614490389823914
2020-06-09T13:30:00.000000000,13389.926666666659,15573.272257057824,15735.233666982649,-2183.3455903911654,-2345.30700031599,0.631754478451345,0.7347676157951355,0.7424091696739197
2020-06-09T13:45:00.000000000,11536.786666666661,14931.091299912134,15428.218989706038,-3394.3046332454724,-3891.4323230393766,0.544320878302378,0.7044686675071716,0.7279238104820251
2020-06-09T14:00:00.000000000,11628.046666666656,13587.953882541655,13900.275725609461,-1959.9072158749987,-2272.229058942805,0.548626645999149,0.6410976648330688,0.6558334231376648
2020-06-09T14:15:00.000000000,14528.162380952377,13156.573904349008,13914.85937757174,1371.5884766033687,613.3030033806372,0.685457947330184,0.6207445859909058,0.6565214991569519
2020-06-09T14:30:00.000000000,13345.164285714274,12673.732988640466,14069.46326938947,671.4312970738083,-724.2989836751949,0.629642530019005,0.5979635119438171,0.6638159155845642
2020-06-09T14:45:00.000000000,14739.919523809516,11476.783291104633,13501.201113665898,3263.136232704883,1238.7184101436178,0.695448929855659,0.541489839553833,0.637004554271698
2020-06-09T15:00:00.000000000,15227.405714285718,10434.654143071173,13110.176313772201,4792.751571214545,2117.2294005135172,0.718449174120118,0.49232080578804016,0.61855548620224
2020-06-09T15:15:00.000000000,13453.873333333337,9101.191154557864,12442.66851545016,4352.6821787754725,1011.2048178831774,0.634771566898086,0.4294062554836273,0.5870615839958191
2020-06-09T15:30:00.000000000,13528.37047619047,7776.2915136559795,11322.562182251611,5752.0789625344905,2205.8082939388587,0.638286440788246,0.36689573526382446,0.5342134833335876
2020-06-09T15:45:00.000000000,17096.117619047614,6658.963199399312,10586.464856225648,10437.154419648303,6509.6527628219665,0.806617477364647,0.3141787052154541,0.4994834363460541
2020-06-09T16:00:00.000000000,14122.03857142857,5906.801621956824,10797.591137533187,8215.236949471746,3324.4474338953823,0.66629648798395,0.27869072556495667,0.5094446539878845
2020-06-09T16:15:00.000000000,15617.430952380952,4794.668670546213,10173.109786747296,10822.762281834737,5444.321165633655,0.736851081539754,0.2262188196182251,0.47998079657554626
2020-06-09T16:30:00.000000000,13270.026666666665,3879.2706874457995,9988.332996153831,9390.755979220865,3281.6936705128337,0.626097437613707,0.18302913010120392,0.47126278281211853
2020-06-09T16:45:00.000000000,7408.8538095238155,2508.5255224871635,8608.987847590446,4900.328287036652,-1200.1340380666306,0.349559537619423,0.11835555732250214,0.4061834514141083
2020-06-09T17:00:00.000000000,6078.221904761903,161.43409638732672,5907.891858585675,5916.787808374576,170.33004617622737,0.286778561596882,0.007616674527525902,0.2787421643733978
2020-06-09T17:15:00.000000000,5235.207142857133,-1708.4311168511708,4132.319283249378,6943.638259708303,1102.8878596077548,0.247004008345612,-0.08060604333877563,0.1949682980775833
2020-06-09T17:30:00.000000000,3766.519999999993,-3084.8046441976226,2933.9660481762885,6851.324644197615,832.5539518237047,0.177709403300931,-0.14554516971111298,0.13842840492725372
2020-06-09T17:45:00.000000000,2667.5733333333287,-3486.220169783433,2248.7695395441847,6153.793503116762,418.80379378914404,0.125859643736962,-0.16448448598384857,0.1060999259352684
2020-06-09T18:00:00.000000000,1751.910476190477,-3428.037790803114,1588.8416019093988,5179.9482669935915,163.06887428107825,0.0826574571117265,-0.16173936426639557,0.07496365159749985
2020-06-09T18:15:00.000000000,1049.837619047618,-3796.900973012447,634.6154666109879,4846.7385920600655,415.22215243663015,0.0495327296400451,-0.1791428178548813,0.029941998422145844
2020-06-09T18:30:00.000000000,509.497142857142,-4089.4722257494923,-96.70214533582329,4598.969368606634,606.1992881929654,0.0240387501568217,-0.19294671714305878,-0.00456253532320261
2020-06-09T18:45:00.000000000,24.339047619047346,-4179.7104672312735,-615.9794316287835,4204.0495148503205,640.3184792478309,0.001148348509843,-0.19720427691936493,-0.029062725603580475
2020-06-09T19:00:00.000000000,0.0,-4158.202612531185,-974.4259902886549,4158.202612531185,974.4259902886549,0.0,-0.1961895078420639,-0.04597470909357071
2020-06-09T19:15:00.000000000,0.0,-3990.53040923357,-1071.243550846974,3990.53040923357,1071.243550846974,0.0,-0.18827851116657257,-0.050542689859867096
2020-06-09T19:30:00.000000000,0.0,-3724.7223812731104,-967.6571746949354,3724.7223812731104,967.6571746949354,0.0,-0.17573733627796173,-0.045655347406864166
2020-06-09T19:45:00.000000000,0.0,-3430.8328644315397,-779.9583478065331,3430.8328644315397,779.9583478065331,0.0,-0.16187123954296112,-0.03679946810007095
2020-06-09T20:00:00.000000000,0.0,-3173.9551756707824,-598.117489919265,3173.9551756707824,598.117489919265,0.0,-0.14975140988826752,-0.028219975531101227
2020-06-09T20:15:00.000000000,0.0,-2973.113502005736,-455.5857895561059,2973.113502005736,455.5857895561059,0.0,-0.14027543365955353,-0.021495141088962555
2020-06-09T20:30:00.000000000,0.0,-2794.934980140527,-327.7350357732673,2794.934980140527,327.7350357732673,0.0,-0.13186873495578766,-0.015462973155081272
2020-06-09T20:45:00.000000000,0.0,-2635.6896869619686,-235.19756988301873,2635.6896869619686,235.19756988301873,0.0,-0.12435533106327057,-0.011096932925283909
2020-06-09T21:00:00.000000000,0.0,-2506.846899172465,-151.04911480839053,2506.846899172465,151.04911480839053,0.0,-0.11827635765075684,-0.007126697339117527
2020-06-09T21:15:00.000000000,0.0,-2401.9394164681435,-60.14226644848783,2401.9394164681435,60.14226644848783,0.0,-0.11332668364048004,-0.002837591804563999
2020-06-09T21:30:00.000000000,0.0,-2318.325973227024,27.89876538397744,2318.325973227024,-27.89876538397744,0.0,-0.10938169062137604,0.0013163007097318769
2020-06-09T21:45:00.000000000,0.0,-2253.771458028952,119.45463684782385,2253.771458028952,-119.45463684782385,0.0,-0.10633592307567596,0.00563602801412344
2020-06-09T22:00:00.000000000,0.0,-2203.168939735889,185.90348556265235,2203.168939735889,-185.90348556265235,0.0,-0.1039484292268753,0.008771172724664211
2020-06-09T22:15:00.000000000,0.0,-2169.809341196219,233.69324388568597,2169.809341196219,-233.69324388568597,0.0,-0.10237447917461395,0.011025956831872463
2020-06-09T22:30:00.000000000,0.0,-2149.455520285765,277.1429003102084,2149.455520285765,-277.1429003102084,0.0,-0.10141415894031525,0.01307596918195486
2020-06-09T22:45:00.000000000,0.0,-2151.8595994337397,300.46676329995194,2151.8595994337397,-300.46676329995194,0.0,-0.10152758657932281,0.01417641993612051
2020-06-09T23:00:00.000000000,0.0,-2190.298967943986,294.6725914596021,2190.298967943986,-294.6725914596021,0.0,-0.10334120690822601,0.013903043232858181
2020-06-09T23:15:00.000000000,0.0,-2248.891922711531,267.8995760296285,2248.891922711531,-267.8995760296285,0.0,-0.10610570013523102,0.012639856897294521
2020-06-09T23:30:00.000000000,0.0,-2317.7631685709953,225.15105671867727,2317.7631685709953,-225.15105671867727,0.0,-0.1093551367521286,0.010622925125062466
2020-06-09T23:45:00.000000000,0.0,-2362.275268801848,188.18691859468817,2362.275268801848,-188.18691859468817,0.0,-0.1114552766084671,0.00887890812009573
2020-06-10T00:00:00.000000000,0.0,-2392.20371707042,143.99822575315832,2392.20371707042,-143.99822575315832,0.0,-0.1128673404455185,0.006794027052819729
2020-06-10T00:15:00.000000000,0.0,-2417.3536948307355,83.41239927992224,2417.3536948307355,-83.41239927992224,0.0,-0.11405394971370697,0.003935507498681545
2020-06-10T00:30:00.000000000,0.0,-2450.5244285082817,-11.476715921144931,2450.5244285082817,11.476715921144931,0.0,-0.1156189888715744,-0.0005414866609498858
2020-06-10T00:45:00.000000000,0.0,-2494.1338936622938,-114.95065994039177,2494.1338936622938,114.95065994039177,0.0,-0.11767654120922089,-0.005423524416983128
2020-06-10T01:00:00.000000000,0.0,-2503.143821399212,-211.06708338513968,2503.143821399212,211.06708338513968,0.0,-0.11810164153575897,-0.009958424605429173
2020-06-10T01:15:00.000000000,0.0,-2464.621706076463,-280.8308578405281,2464.621706076463,280.8308578405281,0.0,-0.11628411710262299,-0.013249971903860569
2020-06-10T01:30:00.000000000,0.0,-2380.8313994193077,-345.73718516627946,2380.8313994193077,345.73718516627946,0.0,-0.11233077943325043,-0.016312338411808014
2020-06-10T01:45:00.000000000,0.0,-2335.5783678062753,-423.70742212573685,2335.5783678062753,423.70742212573685,0.0,-0.11019568145275116,-0.019991077482700348
2020-06-10T02:00:00.000000000,0.0,-2315.120323811372,-487.49573973933855,2315.120323811372,487.49573973933855,0.0,-0.10923044383525848,-0.023000694811344147
2020-06-10T02:15:00.000000000,0.0,-2292.3175762438773,-532.0084716252486,2292.3175762438773,532.0084716252486,0.0,-0.10815457999706268,-0.025100864470005035
2020-06-10T02:30:00.000000000,0.0,-2230.306735961437,-521.5040480228265,2230.306735961437,521.5040480228265,0.0,-0.10522882640361786,-0.024605251848697662
2020-06-10T02:45:00.000000000,0.0,-2166.019410852591,-483.93573183655735,2166.019410852591,483.93573183655735,0.0,-0.10219566524028778,-0.022832728922367096
2020-06-10T03:00:00.000000000,0.0,-2160.3168289955456,-427.4468200647831,2160.3168289955456,427.4468200647831,0.0,-0.10192660987377167,-0.020167507231235504
2020-06-10T03:15:00.000000000,0.0,-2199.4958655778564,-353.9246980186303,2199.4958655778564,353.9246980186303,0.0,-0.10377512872219086,-0.01669863611459732
2020-06-10T03:30:00.000000000,0.0,-2280.993264377117,-303.74604000821705,2280.993264377117,303.74604000821705,0.0,-0.10762028396129608,-0.01433114055544138
2020-06-10T03:45:00.000000000,0.0,-2342.12610412995,-254.4478894084195,2342.12610412995,254.4478894084195,0.0,-0.11050461232662201,-0.012005188502371311
2020-06-10T04:00:00.000000000,0.0,-2389.9828178890543,-185.08711087957025,2389.9828178890543,185.08711087957025,0.0,-0.11276255548000336,-0.008732655085623264
2020-06-10T04:15:00.000000000,0.0,-2427.549870765209,-73.92719059084853,2427.549870765209,73.92719059084853,0.0,-0.11453501880168915,-0.003487982787191868
2020-06-10T04:30:00.000000000,0.0,-2437.032276484966,31.55920644086475,2437.032276484966,-31.55920644086475,0.0,-0.11498241126537323,0.0014890051679685712
2020-06-10T04:45:00.000000000,0.0,-2439.6258521501222,167.59749034787217,2439.6258521501222,-167.59749034787217,0.0,-0.1151047796010971,0.007907471619546413
2020-06-10T05:00:00.000000000,0.0,-2411.9530440910657,298.4498887020846,2411.9530440910657,-298.4498887020846,0.0,-0.11379913985729218,0.014081261120736599
2020-06-10T05:15:00.000000000,0.0,-2366.759388053417,414.21964733799297,2366.759388053417,-414.21964733799297,0.0,-0.11166684329509735,0.01954343169927597
2020-06-10T05:30:00.000000000,0.0,-2275.761897192796,571.2250916834672,2275.761897192796,-571.2250916834672,0.0,-0.10737346112728119,0.026951156556606293
2020-06-10T05:45:00.000000000,0.0,-2147.026806590557,787.8600367454687,2147.026806590557,-787.8600367454687,0.0,-0.10129956901073456,0.03717228025197983
2020-06-10T06:00:00.000000000,262.5257142857138,-1942.7407178982098,1132.0248745604356,2205.266432183924,-869.4991602747218,0.0123863109811882,-0.09166108071804047,0.05341043323278427
2020-06-10T06:15:00.000000000,608.5104761904771,-1602.6026810733476,1649.5171234007676,2211.1131572638246,-1041.0066472102903,0.0287103303914954,-0.07561291754245758,0.07782640308141708
2020-06-10T06:30:00.000000000,891.9409523809514,-1119.7617653648058,2280.255017528931,2011.7027177457571,-1388.3140651479798,0.0420829557329533,-0.05283184349536896,0.10758545249700546
2020-06-10T06:45:00.000000000,1560.5233333333335,-470.91057029277084,2973.297945282459,2031.4339036261044,-1412.7746119491253,0.073627558171428,-0.022218184545636177,0.14028413593769073
2020-06-10T07:00:00.000000000,2218.139999999994,370.85380364388226,3781.0009519108135,1847.2861963561118,-1562.8609519108195,0.104654783683062,0.01749737374484539,0.17839263379573822
2020-06-10T07:15:00.000000000,2381.3266666666755,1372.199550728003,4632.868648488521,1009.1271159386724,-2251.5419818218456,0.112354146798087,0.06474219262599945,0.21858488023281097
2020-06-10T07:30:00.000000000,3757.261904761914,2313.104712523619,5326.184924968084,1444.157192238295,-1568.9230202061694,0.177272594102928,0.10913534462451935,0.2512964606285095
2020-06-10T07:45:00.000000000,5272.8157142857135,3459.473368038336,6274.354751577377,1813.3423462473775,-1001.5390372916636,0.248778430567603,0.163222536444664,0.2960323691368103
2020-06-10T08:00:00.000000000,7794.735238095237,4870.734783335526,7384.573156509399,2924.000454759711,410.16208158583777,0.36776593461621,0.22980771958827972,0.34841394424438477
2020-06-10T08:15:00.000000000,10750.365714285723,6767.205504978498,8929.615954661369,3983.160209307225,1820.7497596243538,0.507216495957145,0.31928572058677673,0.4213111102581024
2020-06-10T08:30:00.000000000,15675.284761904755,9164.233487548827,10675.133434890111,6511.051274355928,5000.151327014644,0.739580700914976,0.43238067626953125,0.5036669373512268
2020-06-10T08:45:00.000000000,13087.453333333326,12080.826179202397,12540.527043542861,1006.6271541309288,546.9262897904646,0.617483385882844,0.5699893832206726,0.5916786789894104
2020-06-10T09:00:00.000000000,10690.100476190471,13313.272364336648,11683.497461837133,-2623.1718881461766,-993.396985646661,0.50437310218738,0.6281378269195557,0.5512428879737854
2020-06-10T09:15:00.000000000,11691.594285714293,13164.977443230946,9641.230962322552,-1473.3831575166532,2050.363323391741,0.551624906850585,0.6211410760879517,0.4548860490322113
2020-06-10T09:30:00.000000000,19594.023333333334,12542.619085092543,8576.111465169588,7051.404248240791,11017.911868163746,0.924471978067604,0.5917773842811584,0.4046323001384735
2020-06-10T09:45:00.000000000,15202.28380952381,13482.531916793187,11486.506989056268,1719.7518927306228,3715.7768204675413,0.717263889373184,0.6361237168312073,0.5419486165046692
2020-06-10T10:00:00.000000000,13760.904285714292,14952.241637849807,13974.424449472426,-1191.3373521355152,-213.520163758134,0.649257693970964,0.7054665684700012,0.6593318581581116
2020-06-10T10:15:00.000000000,14553.82380952381,14800.687376648584,12841.020514008203,-246.8635671247739,1712.8032955156068,0.686668687525186,0.6983160376548767,0.6058563590049744
2020-06-10T10:30:00.000000000,16388.566666666673,13956.960450448989,11419.513653682072,2431.606216217684,4969.053012984601,0.773234286102521,0.6585078835487366,0.5387877821922302
2020-06-10T10:45:00.000000000,17614.010000000002,13514.209417915343,11957.173385190963,4099.800582084659,5656.836614809039,0.831052325976402,0.6376183032989502,0.5641552805900574
2020-06-10T11:00:00.000000000,12580.213333333339,14298.175459146498,13857.772920115787,-1717.9621258131592,-1277.5595867824486,0.593551130716175,0.6746068596839905,0.6538280844688416
2020-06-10T11:15:00.000000000,0.0,15065.180298779804,14862.35206995964,-15065.180298779804,-14862.35206995964,0.0,0.7107951641082764,0.7012254595756531
2020-06-10T11:30:00.000000000,0.0,14846.309294815062,13787.502558304468,-14846.309294815062,-13787.502558304468,0.0,0.7004685401916504,0.6505126357078552
2020-06-10T11:45:00.000000000,8689.745714285707,14645.181481409072,13557.575064217248,-5955.435767123365,-4867.8293499315405,0.409993714548851,0.6909790635108948,0.639664351940155
2020-06-10T12:00:00.000000000,15082.7738095238,14671.1753503259,14080.959391431808,411.5984591978995,1001.8144180919917,0.711625249252198,0.6922054886817932,0.6643583178520203
2020-06-10T12:15:00.000000000,15521.713333333333,15094.893352673847,16296.173677282331,426.81998065948574,-774.4603439489983,0.732334997471081,0.7121970653533936,0.7688750624656677
2020-06-10T12:30:00.000000000,13279.923333333336,15628.104969269434,16874.01172367414,-2348.1816359360982,-3594.088390340803,0.626564375457659,0.7373546957969666,0.7961382269859314
2020-06-10T12:45:00.000000000,12309.557619047611,15461.998638858795,15805.872915347416,-3152.4410198111837,-3496.3152962998047,0.580781235564761,0.7295175790786743,0.7457420229911804
2020-06-10T13:00:00.000000000,8856.56,15125.167316258747,14749.65470126152,-6268.607316258747,-5893.09470126152,0.417864233536234,0.713625431060791,0.69590824842453
2020-06-10T13:15:00.000000000,11416.393809523812,14153.235889705022,12513.479573990504,-2736.84208018121,-1097.0857644666921,0.538640583811827,0.6677684187889099,0.5904025435447693
2020-06-10T13:30:00.000000000,13790.306666666665,13832.48271493276,13267.812149864832,-42.17604826609386,522.494516801833,0.650644937255129,0.652634859085083,0.6259929537773132
2020-06-10T13:45:00.000000000,12588.539523809519,14014.617924076716,14717.066353546777,-1426.0784002671971,-2128.5268297372586,0.59394397141297,0.6612282395362854,0.694370687007904
2020-06-10T14:00:00.000000000,3151.6880952380848,14026.284592984517,14452.559535004297,-10874.596497746432,-11300.871439766212,0.148700819535117,0.6617786884307861,0.6818909049034119
2020-06-10T14:15:00.000000000,6437.919999999996,13424.359012638726,13557.863098923364,-6986.43901263873,-7119.943098923368,0.303749594240607,0.6333790421485901,0.6396779417991638
2020-06-10T14:30:00.000000000,10150.901428571422,11713.019755903879,12330.21875553449,-1562.1183273324568,-2179.317326963068,0.478932976816265,0.5526357889175415,0.581756055355072
2020-06-10T14:45:00.000000000,5547.333333333332,10380.625527747472,11459.24223016421,-4833.29219441414,-5911.908896830877,0.261730535501745,0.48977166414260864,0.5406622290611267
2020-06-10T15:00:00.000000000,6630.744285714286,8465.973562763531,9824.471567816734,-1835.229277049245,-3193.727282102448,0.312847299484762,0.3994358479976654,0.46353158354759216
2020-06-10T15:15:00.000000000,6720.701904761914,6530.130202263196,8721.958091273307,190.57170249871797,-2001.256186511393,0.31709161912287,0.3081001937389374,0.4115135371685028
2020-06-10T15:30:00.000000000,5320.813333333335,4962.875569849809,7928.897480527559,357.9377634835264,-2608.084147194224,0.251043021819161,0.23415504395961761,0.3740958869457245
2020-06-10T15:45:00.000000000,5891.51,3784.616229631106,6796.590098242759,2106.8937703688944,-905.080098242759,0.277969246583443,0.1785632073879242,0.3206721246242523
2020-06-10T16:00:00.000000000,8989.787142857132,3178.292435121536,5989.716454704602,5811.494707735596,3000.0706881525302,0.424150066629017,0.14995604753494263,0.2826027572154999
2020-06-10T16:15:00.000000000,9532.22904761904,3080.7386805939673,6098.105935912132,6451.4903670250715,3434.1231117069074,0.44974319429611,0.14535333216190338,0.28771671652793884
2020-06-10T16:30:00.000000000,9111.220000000005,3367.048020920753,6514.323666110038,5744.171979079252,2596.8963338899666,0.42987942969731,0.15886178612709045,0.3073544204235077
2020-06-10T16:45:00.000000000,4824.71285714285,3010.786672931512,6034.263295963605,1813.9261842113383,-1209.5504388207546,0.227636344142919,0.14205290377140045,0.2847045361995697
2020-06-10T17:00:00.000000000,2073.3828571428567,1094.0477196383476,3911.5861601758,979.335137504509,-1838.2033030329435,0.0978249499159004,0.05161862075328827,0.1845538169145584
2020-06-10T17:15:00.000000000,446.12238095238064,-1444.4569414357343,1425.225255734523,1890.5793223881149,-979.1028747821424,0.0210486449343793,-0.06815139204263687,0.0672440156340599
2020-06-10T17:30:00.000000000,390.1818181818173,-3358.569315087,-393.55220969160393,3748.7511332688173,783.7340278734212,0.0184092950755507,-0.15846174955368042,-0.018568314611911774
2020-06-10T17:45:00.000000000,312.46428571428487,-4065.1433995636303,-1037.130387823979,4377.607685277915,1349.5946735382638,0.0147424789373579,-0.1917988508939743,-0.04893318563699722
2020-06-10T18:00:00.000000000,186.14000000000004,-3737.087344846725,-706.3427408119043,3923.227344846725,892.4827408119043,0.008782331789141,-0.17632073163986206,-0.03332618623971939
2020-06-10T18:15:00.000000000,0.0,-3412.3588489715257,-374.1528195726871,3412.3588489715257,374.1528195726871,0.0,-0.1609996110200882,-0.017653025686740875
2020-06-10T18:30:00.000000000,0.0,-3290.2501357475912,-337.0279252366225,3290.2501357475912,337.0279252366225,0.0,-0.15523836016654968,-0.01590142399072647
2020-06-10T18:45:00.000000000,0.0,-3233.040189727942,-408.9759628800551,3233.040189727942,408.9759628800551,0.0,-0.15253911912441254,-0.019296027719974518
2020-06-10T19:00:00.000000000,0.0,-3094.691624981562,-433.95855205019313,3094.691624981562,433.95855205019313,0.0,-0.14601165056228638,-0.020474739372730255
2020-06-10T19:15:00.000000000,0.0,-2892.5282131091753,-424.1628454220295,2892.5282131091753,424.1628454220295,0.0,-0.13647331297397614,-0.020012564957141876
2020-06-10T19:30:00.000000000,0.0,-2622.933413080374,-336.2832039240996,2622.933413080374,336.2832039240996,0.0,-0.12375347316265106,-0.015866287052631378
2020-06-10T19:45:00.000000000,0.0,-2306.323263828754,-171.06373695308963,2306.323263828754,171.06373695308963,0.0,-0.10881538689136505,-0.00807101372629404
2020-06-10T20:00:00.000000000,0.0,-2059.4345681436857,77.67318142955502,2059.4345681436857,-77.67318142955502,0.0,-0.09716685116291046,0.0036647235974669456
2020-06-10T20:15:00.000000000,0.0,-1874.275468326807,303.5789277671277,1874.275468326807,-303.5789277671277,0.0,-0.08843079954385757,0.014323255978524685
2020-06-10T20:30:00.000000000,0.0,-1791.3318952739237,342.1579117842515,1791.3318952739237,-342.1579117842515,0.0,-0.08451741188764572,0.01614346355199814
2020-06-10T20:45:00.000000000,0.0,-1728.4233152413367,287.0996789779762,1728.4233152413367,-287.0996789779762,0.0,-0.08154930174350739,0.013545743189752102
2020-06-10T21:00:00.000000000,0.0,-1703.059838071664,213.97486796284713,1703.059838071664,-213.97486796284713,0.0,-0.08035261929035187,0.010095617733895779
2020-06-10T21:15:00.000000000,0.0,-1679.2268611057598,203.12871897444128,1679.2268611057598,-203.12871897444128,0.0,-0.07922814786434174,0.009583882056176662
2020-06-10T21:30:00.000000000,0.0,-1682.828558242321,232.7659742616117,1682.828558242321,-232.7659742616117,0.0,-0.07939808070659637,0.010982207022607327
2020-06-10T21:45:00.000000000,0.0,-1670.3584241016704,265.1168196748197,1670.3584241016704,-265.1168196748197,0.0,-0.0788097232580185,0.01250856276601553
2020-06-10T22:00:00.000000000,0.0,-1660.102240936756,272.5273968067268,1660.102240936756,-272.5273968067268,0.0,-0.07832582294940948,0.012858203612267971
2020-06-10T22:15:00.000000000,0.0,-1677.361267894109,293.4301259619494,1677.361267894109,-293.4301259619494,0.0,-0.07914012670516968,0.013844422064721584
2020-06-10T22:30:00.000000000,0.0,-1746.1646108349164,279.73584432030714,1746.1646108349164,-279.73584432030714,0.0,-0.08238635957241058,0.01319830771535635
2020-06-10T22:45:00.000000000,0.0,-1796.6060570883749,224.63025712395705,1796.6060570883749,-224.63025712395705,0.0,-0.08476625382900238,0.010598353110253811
2020-06-10T23:00:00.000000000,0.0,-1849.6796099654832,151.729051999102,1849.6796099654832,-151.729051999102,0.0,-0.0872703343629837,0.007158777676522732
2020-06-10T23:15:00.000000000,0.0,-1882.6880082933108,76.33596767331163,1882.6880082933108,-76.33596767331163,0.0,-0.0888277143239975,0.0036016320809721947
2020-06-10T23:30:00.000000000,0.0,-1904.0960614943504,27.35806865495319,1904.0960614943504,-27.35806865495319,0.0,-0.08983777463436127,0.0012907899217680097
2020-06-10T23:45:00.000000000,0.0,-1958.2030020451543,-27.547283888241896,1958.2030020451543,27.547283888241896,0.0,-0.09239061176776886,-0.00129971734713763
2020-06-11T00:00:00.000000000,0.0,-2041.9149834752081,-116.88289276058474,2041.9149834752081,116.88289276058474,0.0,-0.09634025394916534,-0.0055146897211670876
2020-06-11T00:15:00.000000000,0.0,-2110.4211327115695,-195.18980186556774,2110.4211327115695,195.18980186556774,0.0,-0.09957246482372284,-0.009209313429892063
2020-06-11T00:30:00.000000000,0.0,-2174.69582471927,-250.35729125753042,2174.69582471927,250.35729125753042,0.0,-0.10260502994060516,-0.011812188662588596
2020-06-11T00:45:00.000000000,0.0,-2199.1655099829036,-274.726543367058,2199.1655099829036,274.726543367058,0.0,-0.10375954210758209,-0.012961962260305882
2020-06-11T01:00:00.000000000,0.0,-2184.6165990487734,-278.48489095782236,2184.6165990487734,278.48489095782236,0.0,-0.1030731052160263,-0.013139286078512669
2020-06-11T01:15:00.000000000,0.0,-2216.208195083141,-326.2392765976488,2216.208195083141,326.2392765976488,0.0,-0.1045636385679245,-0.01539240125566721
2020-06-11T01:30:00.000000000,0.0,-2280.823980821768,-401.5767555391788,2280.823980821768,401.5767555391788,0.0,-0.10761229693889618,-0.018946923315525055
2020-06-11T01:45:00.000000000,0.0,-2323.210561784903,-454.7949574244022,2323.210561784903,454.7949574244022,0.0,-0.10961215198040009,-0.02145782858133316
2020-06-11T02:00:00.000000000,0.0,-2286.061664556662,-485.37464205702145,2286.061664556662,485.37464205702145,0.0,-0.10785941779613495,-0.022900618612766266
2020-06-11T02:15:00.000000000,0.0,-2209.681935031414,-534.6235235623518,2209.681935031414,534.6235235623518,0.0,-0.10425572097301483,-0.025224246084690094
2020-06-11T02:30:00.000000000,0.0,-2213.6828381641703,-643.4602165504297,2213.6828381641703,643.4602165504297,0.0,-0.1044444888830185,-0.030359305441379547
2020-06-11T02:45:00.000000000,0.0,-2289.058236148357,-757.9792784337202,2289.058236148357,757.9792784337202,0.0,-0.10800080001354218,-0.03576246649026871
2020-06-11T03:00:00.000000000,0.0,-2376.8759754506746,-792.8049483613173,2376.8759754506746,792.8049483613173,0.0,-0.11214415729045868,-0.0374055877327919
2020-06-11T03:15:00.000000000,0.0,-2415.424620285829,-786.2622652781009,2415.424620285829,786.2622652781009,0.0,-0.11396293342113495,-0.03709689527750015
2020-06-11T03:30:00.000000000,0.0,-2435.958462887605,-725.7673971331119,2435.958462887605,725.7673971331119,0.0,-0.11493174731731415,-0.0342426672577858
2020-06-11T03:45:00.000000000,0.0,-2455.4576545055706,-612.5369115666548,2455.4576545055706,612.5369115666548,0.0,-0.1158517450094223,-0.028900302946567535
2020-06-11T04:00:00.000000000,0.0,-2476.763379587332,-470.9956463332971,2476.763379587332,470.9956463332971,0.0,-0.11685697734355927,-0.02222219854593277
2020-06-11T04:15:00.000000000,0.0,-2523.752199297746,-305.6195289080838,2523.752199297746,305.6195289080838,0.0,-0.11907397210597992,-0.014419534243643284
2020-06-11T04:30:00.000000000,0.0,-2592.279193150997,-92.6229169759651,2592.279193150997,92.6229169759651,0.0,-0.12230716645717621,-0.004370071925222874
2020-06-11T04:45:00.000000000,0.0,-2652.208098364671,165.18456802909571,2652.208098364671,-165.18456802909571,0.0,-0.1251346915960312,0.007793626748025417
2020-06-11T05:00:00.000000000,0.0,-2642.744642296632,397.3013982840379,2642.744642296632,-397.3013982840379,0.0,-0.12468819320201874,0.01874520629644394
2020-06-11T05:15:00.000000000,0.0,-2605.118213845094,601.4826322368781,2605.118213845094,-601.4826322368781,0.0,-0.1229129284620285,0.028378747403621674
2020-06-11T05:30:00.000000000,0.0,-2502.015053811868,843.2208125849564,2502.015053811868,-843.2208125849564,0.0,-0.11804838478565216,0.039784274995326996
2020-06-11T05:45:00.000000000,0.0,-2320.977029502392,1103.4866990729172,2320.977029502392,-1103.4866990729172,0.0,-0.1095067709684372,0.0520639643073082
2020-06-11T06:00:00.000000000,16.074761904759807,-2103.4482925343514,1358.0733749409517,2119.523054439111,-1341.998613036192,0.0007584285617226,-0.09924347698688507,0.06407570093870163
2020-06-11T06:15:00.000000000,289.51095238095155,-1838.0647367723782,1699.2820670878887,2127.5756891533297,-1409.7711147069372,0.0136595102632412,-0.08672232925891876,0.08017437905073166
2020-06-11T06:30:00.000000000,459.84238095238123,-1522.1746742860475,2167.7124043198423,1982.0170552384288,-1707.870023367461,0.0216959727099623,-0.07181821763515472,0.1022755429148674
2020-06-11T06:45:00.000000000,758.8538095238093,-1149.673158946832,2642.3260129074256,1908.5269684706413,-1883.4722033836163,0.035803728025635,-0.05424310266971588,0.12466844171285629
2020-06-11T07:00:00.000000000,1945.2780952380954,-689.8042743611335,3058.1140597526232,2635.082369599229,-1112.8359645145279,0.0917807975423293,-0.03254587948322296,0.1442858725786209
2020-06-11T07:15:00.000000000,3350.1533333333414,56.6508918155233,3721.710649960041,3293.502441517818,-371.5573166266995,0.158064672385463,0.0026728641241788864,0.1755952388048172
2020-06-11T07:30:00.000000000,3308.83857142857,1283.3755849194526,4794.029751455783,2025.4629865091174,-1485.1911800272132,0.156115387187026,0.06055136024951935,0.22618867456912994
2020-06-11T07:45:00.000000000,2374.114285714291,2527.924280951023,5510.62567507108,-153.809995236732,-3136.511389356789,0.112013857110145,0.11927081644535065,0.259998619556427
2020-06-11T08:00:00.000000000,2295.4347619047644,3193.9742194008827,5308.877576398849,-898.5394574961183,-3013.4428144940844,0.108301652946038,0.15069593489170074,0.25047987699508667
2020-06-11T08:15:00.000000000,3887.3923809523894,3387.2594036157925,4853.932127157052,500.1329773365969,-966.5397462046622,0.183412322360066,0.15981538593769073,0.22901494801044464
2020-06-11T08:30:00.000000000,4935.37999999999,3573.280554672082,5196.400339488188,1362.0994453279081,-261.02033948819826,0.232857766549321,0.16859211027622223,0.24517305195331573
2020-06-11T08:45:00.000000000,7846.24047619047,4130.416738216877,6245.660557290713,3715.823737973593,1600.579918899757,0.370196019981156,0.19487853348255157,0.29467853903770447
2020-06-11T09:00:00.000000000,11777.04047619048,5778.152436442375,7872.901259700457,5998.888039748104,3904.1392164900226,0.555656371312173,0.27262088656425476,0.3714539110660553
2020-06-11T09:15:00.000000000,10246.957619047616,8450.835949316024,9815.841896424294,1796.1216697315922,431.11572262332265,0.483465035133461,0.3987216353416443,0.46312442421913147
2020-06-11T09:30:00.000000000,6207.568095238098,10170.773294690449,9862.840822615623,-3963.205199452351,-3655.2727273775245,0.292881286215037,0.4798705577850342,0.4653418958187103
2020-06-11T09:45:00.000000000,7649.705238095229,10076.980098546346,8049.4235820055,-2427.274860451117,-399.71834391027096,0.36092322708758,0.4754452705383301,0.37978246808052063
2020-06-11T10:00:00.000000000,9759.472380952386,9693.459992388089,7151.706571440696,66.012388564297,2607.7658095116894,0.460464835803598,0.4573502838611603,0.3374269902706146
2020-06-11T10:15:00.000000000,10647.740000000007,9958.543511997857,8168.554989116986,689.1964880021496,2479.1850108830213,0.502374478803633,0.46985727548599243,0.38540324568748474
2020-06-11T10:30:00.000000000,11287.435714285715,11065.023782300948,10455.75521191438,222.41193198476685,831.680502371335,0.532556170041135,0.5220624804496765,0.4933163821697235
2020-06-11T10:45:00.000000000,12582.340000000006,12110.464697799682,11724.779909760156,471.87530220032386,857.5600902398492,0.593651469666812,0.571387767791748,0.5531906485557556
2020-06-11T11:00:00.000000000,12989.850000000008,12690.633551352817,11678.648877617517,299.2164486471902,1311.2011223824902,0.61287833131607,0.5987609028816223,0.5510141253471375
2020-06-11T11:15:00.000000000,14558.906190476186,13045.911728245417,11657.660243374507,1512.9944622307685,2901.245947101679,0.686908480991408,0.6155233979225159,0.5500238537788391
2020-06-11T11:30:00.000000000,15119.273333333322,13609.505953095753,12164.67459812482,1509.7673802375684,2954.5987352085012,0.71334734513831,0.642114520072937,0.5739454627037048
2020-06-11T11:45:00.000000000,15770.015714285708,14134.063895406722,12449.647040522892,1635.9518188789862,3320.368673762816,0.744050232743228,0.6668638586997986,0.5873908400535583
2020-06-11T12:00:00.000000000,0.0,14909.400265245436,13416.55933599154,-14909.400265245436,-13416.55933599154,0.0,0.7034452557563782,0.6330110430717468
2020-06-11T12:15:00.000000000,1310.5846153846162,15658.25260184288,13616.430155833561,-14347.667986458264,-12305.845540448945,0.0618351183520546,0.7387771010398865,0.6424412131309509
2020-06-11T12:30:00.000000000,10707.046666666673,15045.443604860306,11351.587995443344,-4338.396938193633,-644.5413287766714,0.505172645903529,0.7098639607429504,0.535582959651947
2020-06-11T12:45:00.000000000,12904.513333333325,13950.454403359094,9800.804716130891,-1045.9410700257686,3103.7086172024337,0.608852034332906,0.6582009196281433,0.46241495013237
2020-06-11T13:00:00.000000000,10758.652380952391,13333.817576729456,10154.440589874584,-2575.1651957770646,604.211791077807,0.507607471868248,0.6291071772575378,0.47909995913505554
2020-06-11T13:15:00.000000000,10386.92999999999,13361.61797911008,11125.324100688298,-2974.687979110091,-738.3941006883088,0.490069117495338,0.6304188370704651,0.5249075293540955
2020-06-11T13:30:00.000000000,11690.96,13265.516715386708,11625.3877231884,-1574.5567153867087,65.5722768115993,0.551594980410314,0.6258846521377563,0.548501193523407
2020-06-11T13:45:00.000000000,14369.706666666672,12531.237924270628,11270.731094872155,1838.468742396044,3098.9755717945172,0.677981796815827,0.591240406036377,0.5317680239677429
2020-06-11T14:00:00.000000000,11319.866666666663,12685.224057442347,12086.799109423955,-1365.3573907756836,-766.9324427572919,0.534086305337403,0.5985056757926941,0.5702711939811707
2020-06-11T14:15:00.000000000,11092.11047619048,12388.573576345443,11570.47163250923,-1296.4631001549624,-478.36115631874964,0.523340466550508,0.5845093131065369,0.5459101796150208
2020-06-11T14:30:00.000000000,7492.430000000006,11197.078851884206,10106.465124964714,-3704.6488518841998,-2614.0351249647083,0.353502773003727,0.5282930135726929,0.4768364131450653
2020-06-11T14:45:00.000000000,5444.624285714297,9057.995423466364,7549.409228599866,-3613.3711377520667,-2104.784942885569,0.256884586571171,0.4273682236671448,0.35619112849235535
2020-06-11T15:00:00.000000000,8302.359999999999,6950.331780907312,5617.229467431704,1352.0282190926864,2685.130532568295,0.39171634335926,0.3279258608818054,0.26502832770347595
2020-06-11T15:15:00.000000000,12581.673333333329,6663.061377410888,6486.962895649273,5918.611955922441,6094.710437684055,0.593620015450311,0.31437206268310547,0.3060635030269623
2020-06-11T15:30:00.000000000,7391.899999999996,7318.172313578923,8432.450365564027,73.72768642107258,-1040.5503655640314,0.348759634426514,0.34528106451034546,0.39785417914390564
2020-06-11T15:45:00.000000000,9515.896190476182,6748.76686220169,7734.294663863182,2767.129328274492,1781.6015266129998,0.448972588459142,0.3184157609939575,0.36491426825523376
2020-06-11T16:00:00.000000000,6514.9080952380855,5836.807293405533,6807.171583762169,678.1008018325529,-292.2634885240832,0.307381994563992,0.27538830041885376,0.321171373128891
2020-06-11T16:15:00.000000000,3887.9799999999964,3960.063159201145,4746.141454943816,-72.08315920114865,-858.1614549438195,0.183440047005181,0.18684102594852448,0.2239292412996292
2020-06-11T16:30:00.000000000,3859.48571428571,2151.701685669422,2795.446620736917,1707.7840286162877,1064.039093548793,0.182095648857349,0.10152013599872589,0.1318928748369217
2020-06-11T16:45:00.000000000,2357.831428571421,1500.1974998784065,2414.9554584920406,857.6339286930145,-57.124029920619705,0.111245610339414,0.07078130543231964,0.11394079774618149
2020-06-11T17:00:00.000000000,2567.413809523809,280.6762010475993,1568.0576239049433,2286.73760847621,999.3561856188658,0.121133984717205,0.013242674991488457,0.07398303598165512
2020-06-11T17:15:00.000000000,2040.488095238095,-83.7129683910807,1700.2440777401127,2124.2010636291757,340.2440174979822,0.0962729314718668,-0.003949688747525215,0.08021976798772812
2020-06-11T17:30:00.000000000,1931.0866666666673,-460.4560474398732,1541.9866930711269,2391.5427141065406,389.0999735955404,0.0911112271422209,-0.021724926307797432,0.07275297492742538
2020-06-11T17:45:00.000000000,1770.1180952380957,-884.6865983883539,1245.2149342032274,2654.8046936264495,524.9031610348684,0.0835165166989537,-0.04174068570137024,0.05875089019536972
2020-06-11T18:00:00.000000000,1552.7876190476195,-1213.3575693035125,1171.8153532381853,2766.1451883511318,380.97226580943425,0.0732625769235332,-0.057247817516326904,0.05528780072927475
2020-06-11T18:15:00.000000000,742.8666666666668,-1636.0638181634743,934.7741598959764,2378.930484830141,-191.90749322930958,0.0350494334466524,-0.07719165831804276,0.04410388320684433
2020-06-11T18:30:00.000000000,195.21476190476022,-2042.1472746225197,511.1029000222683,2237.36203652728,-315.88813811750805,0.009210491077607,-0.09635121375322342,0.024114511907100677
2020-06-11T18:45:00.000000000,0.0,-2425.4271939452487,-6.131650826515009,2425.4271939452487,6.131650826515009,0.0,-0.1144348680973053,-0.0002892994089052081
2020-06-11T19:00:00.000000000,0.0,-2634.7927367806433,-346.54317701935764,2634.7927367806433,346.54317701935764,0.0,-0.12431301176548004,-0.016350366175174713
2020-06-11T19:15:00.000000000,0.0,-2645.5517173711455,-366.0341571215788,2645.5517173711455,366.0341571215788,0.0,-0.12482063472270966,-0.017269976437091827
2020-06-11T19:30:00.000000000,0.0,-2458.9589184880256,-208.29727595900493,2458.9589184880256,208.29727595900493,0.0,-0.1160169392824173,-0.009827741421759129
2020-06-11T19:45:00.000000000,0.0,-2202.149132645925,-126.27370849703748,2202.149132645925,126.27370849703748,0.0,-0.10390031337738037,-0.005957760848104954
2020-06-11T20:00:00.000000000,0.0,-1954.4133875290552,-37.354991962493706,1954.4133875290552,37.354991962493706,0.0,-0.09221181273460388,-0.001762458006851375
2020-06-11T20:15:00.000000000,0.0,-1692.1304685294626,61.996134563138085,1692.1304685294626,-61.996134563138085,0.0,-0.07983695715665817,0.0029250597581267357
2020-06-11T20:30:00.000000000,0.0,-1356.6884712278843,219.97180107658107,1356.6884712278843,-219.97180107658107,0.0,-0.06401035934686661,0.010378560982644558
2020-06-11T20:45:00.000000000,0.0,-936.5647440695762,403.1555773548285,936.5647440695762,-403.1555773548285,0.0,-0.04418836534023285,0.0190214142203331
2020-06-11T21:00:00.000000000,0.0,-575.7166723604004,425.7549319938818,575.7166723604004,-425.7549319938818,0.0,-0.027163075283169746,0.020087681710720062
2020-06-11T21:15:00.000000000,0.0,-383.68721839934585,375.6255233387152,383.68721839934585,-375.6255233387152,0.0,-0.018102871254086494,0.017722509801387787
2020-06-11T21:30:00.000000000,0.0,-285.2627273753285,316.6188147694369,285.2627273753285,-316.6188147694369,0.0,-0.01345907337963581,0.014938495121896267
2020-06-11T21:45:00.000000000,0.0,-220.98645622998475,292.82563207214076,220.98645622998475,-292.82563207214076,0.0,-0.010426433756947517,0.01381590124219656
2020-06-11T22:00:00.000000000,0.0,-156.3119265710314,288.90494913165765,156.3119265710314,-288.90494913165765,0.0,-0.007375003769993782,0.013630918227136135
2020-06-11T22:15:00.000000000,0.0,-194.4291510020693,229.3960945310692,194.4291510020693,-229.3960945310692,0.0,-0.009173424914479256,0.010823211632668972
2020-06-11T22:30:00.000000000,0.0,-299.0069097664952,139.1022674042483,299.0069097664952,-139.1022674042483,0.0,-0.014107542112469673,0.0065630292519927025
2020-06-11T22:45:00.000000000,0.0,-435.2628013081352,47.1617155431211,435.2628013081352,-47.1617155431211,0.0,-0.020536275580525398,0.0022251522168517113
2020-06-11T23:00:00.000000000,0.0,-558.5966095156471,-42.288220427185294,558.5966095156471,42.288220427185294,0.0,-0.026355328038334846,-0.0019952142611145973
2020-06-11T23:15:00.000000000,0.0,-725.9147306752204,-162.2932064828773,725.9147306752204,162.2932064828773,0.0,-0.03424961864948273,-0.007657208479940891
2020-06-11T23:30:00.000000000,0.0,-894.4112438225745,-286.1639214890698,894.4112438225745,286.1639214890698,0.0,-0.04219950735569,-0.01350159291177988
2020-06-11T23:45:00.000000000,0.0,-1060.5428404355048,-419.65472327828405,1060.5428404355048,419.65472327828405,0.0,-0.05003781616687775,-0.019799865782260895
2020-06-12T00:00:00.000000000,0.0,-1211.371329975923,-544.9321340970198,1211.371329975923,544.9321340970198,0.0,-0.057154104113578796,-0.02571061998605728
2020-06-12T00:15:00.000000000,0.0,-1369.7348326945305,-657.6648754783471,1369.7348326945305,657.6648754783471,0.0,-0.06462590396404266,-0.03102950006723404
2020-06-12T00:30:00.000000000,0.0,-1516.935727241039,-766.1604747354984,1516.935727241039,766.1604747354984,0.0,-0.07157103717327118,-0.03614846616983414
2020-06-12T00:45:00.000000000,0.0,-1661.4141884907085,-862.6331516325473,1661.4141884907085,862.6331516325473,0.0,-0.07838772237300873,-0.04070017486810684
2020-06-12T01:00:00.000000000,0.0,-1819.4157528614996,-966.4178674725691,1819.4157528614996,966.4178674725691,0.0,-0.08584244549274445,-0.04559687525033951
2020-06-12T01:15:00.000000000,0.0,-1939.1447056571642,-1059.686789919138,1939.1447056571642,1059.686789919138,0.0,-0.09149141609668732,-0.04999742656946182
2020-06-12T01:30:00.000000000,0.0,-2008.951432656447,-1189.5285401817162,2008.951432656447,1189.5285401817162,0.0,-0.09478498995304108,-0.056123532354831696
2020-06-12T01:45:00.000000000,0.0,-2081.9625457612674,-1346.0867727466423,2081.9625457612674,1346.0867727466423,0.0,-0.09822975099086761,-0.06351015716791153
2020-06-12T02:00:00.000000000,0.0,-2157.95696570158,-1488.1813678101698,2157.95696570158,1488.1813678101698,0.0,-0.10181526839733124,-0.07021436840295792
2020-06-12T02:15:00.000000000,0.0,-2265.069240383307,-1588.4300786395866,2265.069240383307,1588.4300786395866,0.0,-0.10686896741390228,-0.07494423538446426
2020-06-12T02:30:00.000000000,0.0,-2382.1869311722116,-1691.1586672238507,2382.1869311722116,1691.1586672238507,0.0,-0.11239473521709442,-0.0797911062836647
2020-06-12T02:45:00.000000000,0.0,-2527.8390075182915,-1793.8695694665114,2527.8390075182915,1793.8695694665114,0.0,-0.11926679313182831,-0.08463714271783829
2020-06-12T03:00:00.000000000,0.0,-2695.42467407306,-1896.5312026147046,2695.42467407306,1896.5312026147046,0.0,-0.12717370688915253,-0.08948085457086563
2020-06-12T03:15:00.000000000,0.0,-2861.846832012335,-1952.2040160524843,2861.846832012335,1952.2040160524843,0.0,-0.1350257247686386,-0.09210757166147232
2020-06-12T03:30:00.000000000,0.0,-2964.183794461091,-1904.2159180414676,2964.183794461091,1904.2159180414676,0.0,-0.13985411822795868,-0.08984342962503433
2020-06-12T03:45:00.000000000,0.0,-3071.5904203995065,-1806.1931596338748,3071.5904203995065,1806.1931596338748,0.0,-0.1449217051267624,-0.08521858602762222
2020-06-12T04:00:00.000000000,0.0,-3186.237076604366,-1669.0646366306146,3186.237076604366,1669.0646366306146,0.0,-0.15033088624477386,-0.0787486806511879
2020-06-12T04:15:00.000000000,0.0,-3331.8184075840313,-1471.6193722085156,3331.8184075840313,1471.6193722085156,0.0,-0.15719960629940033,-0.06943295150995255
2020-06-12T04:30:00.000000000,0.0,-3474.1170272310574,-1216.479998165369,3474.1170272310574,1216.479998165369,0.0,-0.16391344368457794,-0.05739513784646988
2020-06-12T04:45:00.000000000,0.0,-3541.9157228032745,-981.9199458881219,3541.9157228032745,981.9199458881219,0.0,-0.16711227595806122,-0.046328283846378326
2020-06-12T05:00:00.000000000,0.0,-3586.4322446195283,-773.0480414799848,3586.4322446195283,773.0480414799848,0.0,-0.16921262443065643,-0.03647343069314957
2020-06-12T05:15:00.000000000,0.0,-3613.942085673809,-563.5204791224003,3613.942085673809,563.5204791224003,0.0,-0.17051057517528534,-0.02658764272928238
2020-06-12T05:30:00.000000000,0.0,-3599.7443749515214,-349.43363056143124,3599.7443749515214,349.43363056143124,0.0,-0.1698407083749771,-0.016486741602420807
2020-06-12T05:45:00.000000000,0.0,-3539.4339500832557,-150.58105841095247,3539.4339500832557,150.58105841095247,0.0,-0.16699518263339996,-0.007104613818228245
2020-06-12T06:00:00.000000000,18.324761904761345,-3379.5791097744304,107.07482938036321,3397.903871679192,-88.75006747560187,0.0008645865424123,-0.15945301949977875,0.005051932297646999
2020-06-12T06:15:00.000000000,413.3061904761907,-3122.8909175308545,422.86321514169373,3536.1971080070452,-9.557024665503036,0.0195003335944333,-0.14734213054180145,0.019951246678829193
2020-06-12T06:30:00.000000000,1032.5990476190468,-2745.1965659658113,877.7931888345877,3777.795613584858,154.80585878445913,0.0487193910032313,-0.12952201068401337,0.04141544550657272
2020-06-12T06:45:00.000000000,2138.486666666667,-2146.8417316587766,1565.3459287440776,4285.328398325444,573.1407379225896,0.100896633895567,-0.10129083693027496,0.07385509461164474
2020-06-12T07:00:00.000000000,2837.1952380952466,-1165.990704041322,2587.2798012864587,4003.185942136569,249.91543680878794,0.133862629910408,-0.055012986063957214,0.1220712885260582
2020-06-12T07:15:00.000000000,3681.0047619047527,100.21424615035454,3603.245007278919,3580.7905157543983,77.75975462583392,0.173674681081205,0.004728240892291069,0.17000587284564972
2020-06-12T07:30:00.000000000,4387.038095238095,1533.5122509090104,4531.1999770903585,2853.525844329084,-144.16188185226383,0.206986269066198,0.07235313951969147,0.2137880176305771
2020-06-12T07:45:00.000000000,5706.124761904757,2954.8744622270265,5287.57595707496,2751.2502996777307,418.5488048297975,0.26922252546084,0.13941489160060883,0.24947483837604523
2020-06-12T08:00:00.000000000,5111.046666666675,4385.635069142182,6065.7285609865185,725.4115975244931,-954.6818943198432,0.241145952597238,0.2069200724363327,0.28618910908699036
2020-06-12T08:15:00.000000000,5518.042380952383,5436.184494916598,6460.239465141296,81.85788603578476,-942.1970841889133,0.260348549565195,0.2564863860607147,0.30480265617370605
2020-06-12T08:30:00.000000000,6723.949523809532,6136.131570359866,6574.505233346621,587.8179534496667,149.44429046291134,0.317244846091823,0.2895108163356781,0.31019386649131775
2020-06-12T08:45:00.000000000,4016.629523809528,6930.452332944869,7116.973123151461,-2913.8228091353412,-3100.3435993419325,0.189509901967093,0.3269879221916199,0.33578822016716003
2020-06-12T09:00:00.000000000,10077.792380952387,6825.722029484113,6628.284344922701,3252.0703514682746,3449.508036029686,0.475483595098319,0.3220466077327728,0.31273123621940613
2020-06-12T09:15:00.000000000,8071.260000000011,8197.849255708059,8676.218685266176,-126.58925570804786,-604.958685266165,0.380812739209317,0.3867853879928589,0.409355491399765
2020-06-12T09:30:00.000000000,13489.62095238096,9150.410979930559,9311.532288629214,4339.2099724504005,4178.088663751745,0.636458186921445,0.4317285120487213,0.43933042883872986
2020-06-12T09:45:00.000000000,9607.231904761898,11060.554191115696,10924.413576622008,-1453.3222863537976,-1317.1816718601094,0.453281928456216,0.5218515992164612,0.5154283046722412
2020-06-12T10:00:00.000000000,7973.186666666672,11903.040546782811,10632.366597582499,-3929.8538801161394,-2659.179930915827,0.376185509419909,0.5616012215614319,0.5016491413116455
2020-06-12T10:15:00.000000000,5498.294285714292,11242.689400259653,8507.776494453747,-5744.395114545361,-3009.482208739455,0.259416808270554,0.5304449796676636,0.4014081656932831
2020-06-12T10:30:00.000000000,5390.651904761895,10415.940098689396,7741.3363544416425,-5025.288193927501,-2350.6844496797476,0.254338098137874,0.4914378523826599,0.3652465045452118
2020-06-12T10:45:00.000000000,6972.480000000009,9197.774371089934,7087.08825908184,-2225.2943710899253,-114.60825908183142,0.328970843199473,0.43396317958831787,0.3343782126903534
2020-06-12T11:00:00.000000000,12778.313809523817,9248.460899505615,9134.64865963141,3529.8529100182022,3643.6651498924075,0.602897773616635,0.4363546371459961,0.43098482489585876
2020-06-12T11:15:00.000000000,16730.396190476193,10870.927552992502,12047.649128974277,5859.468637483691,4682.747061501916,0.789362255874839,0.5129047632217407,0.5684240460395813
2020-06-12T11:30:00.000000000,15521.813333333332,13790.297000277837,14756.178434693018,1731.5163330554951,765.6348986403136,0.732339715603556,0.6506444811820984,0.6962160468101501
2020-06-12T11:45:00.000000000,13111.257619047608,14576.18453619321,13885.689547026952,-1464.9269171456017,-774.4319279793435,0.618606503617594,0.687723696231842,0.6551452279090881
2020-06-12T12:00:00.000000000,13859.137619047628,12908.68972029368,10785.766554861068,950.4478987539478,3073.37106418656,0.653892472772332,0.6090490818023682,0.5088867545127869
2020-06-12T12:15:00.000000000,13289.160476190485,10693.07370182673,8409.900280019441,2596.0867743637555,4879.260196171044,0.627000196094573,0.5045133829116821,0.3967902362346649
2020-06-12T12:30:00.000000000,13055.762857142849,9032.878291769028,7418.171520660718,4022.884565373821,5637.591336482131,0.615988187234189,0.42618316411972046,0.34999915957450867
2020-06-12T12:45:00.000000000,10424.753333333338,8565.813592770894,7456.318432879448,1858.939740562444,2968.43490045389,0.491853672468502,0.4041464328765869,0.35179898142814636
2020-06-12T13:00:00.000000000,3140.7228571428655,9828.447836402256,8816.322303589184,-6687.72497925939,-5675.599446446318,0.148183465075575,0.4637191891670227,0.4159657657146454
2020-06-12T13:15:00.000000000,13192.516666666661,11139.826900803248,8949.689952381452,2052.6897658634134,4242.826714285209,0.622440413132261,0.5255917906761169,0.4222582280635834
2020-06-12T13:30:00.000000000,12302.103809523813,11935.707219724654,9001.18499927044,366.3965897991584,3300.9188102533735,0.580429554956987,0.5631424784660339,0.42468783259391785
2020-06-12T13:45:00.000000000,11463.334285714292,13027.095987399418,10004.417460532188,-1563.7617016851254,1458.9168251821047,0.540855297662934,0.6146356463432312,0.4720216691493988
2020-06-12T14:00:00.000000000,16349.746666666668,12179.790103645324,8793.729265500704,4169.956563021344,7556.017401165964,0.771402707075689,0.5746586322784424,0.4148997962474823
2020-06-12T14:15:00.000000000,13838.132380952378,12404.404115390776,9852.60043082714,1433.7282655616018,3985.531950125238,0.652901417812289,0.5852562189102173,0.464858740568161
2020-06-12T14:30:00.000000000,10771.67047619048,11592.01864982287,9151.733665620486,-820.3481736323902,1619.9368105699941,0.508221682847315,0.5469267964363098,0.43179091811180115
2020-06-12T14:45:00.000000000,11126.34095238095,10416.493428519567,8169.535317765871,709.8475238613828,2956.805634615079,0.52495550576403,0.49146395921707153,0.38544949889183044
2020-06-12T15:00:00.000000000,14869.313333333328,9650.475234085718,7907.282244467735,5218.83809924761,6962.031088865593,0.701553901203564,0.4553222060203552,0.37307605147361755
2020-06-12T15:15:00.000000000,13241.132380952387,9151.462685600916,8454.179299534162,4089.669695351471,4786.953081418225,0.624734166935975,0.4317781329154968,0.39887937903404236
2020-06-12T15:30:00.000000000,14382.959999999994,9140.830667676924,8947.178491873741,5242.129332323069,5435.781508126252,0.678607106639859,0.43127650022506714,0.4221397340297699
2020-06-12T15:45:00.000000000,11631.765714285715,8786.794324626922,8980.370701823234,2844.9713896587928,2651.3950124624807,0.548802115592628,0.4145725965499878,0.4237057864665985
2020-06-12T16:00:00.000000000,9675.270476190473,7301.933725366592,7700.273722478548,2373.3367508238816,1974.9967537119255,0.456492078390378,0.3445149064064026,0.3633091151714325
2020-06-12T16:15:00.000000000,5205.533333333335,5327.8828137620285,6184.556773670514,-122.34948042869382,-979.0234403371796,0.245603958701872,0.25137656927108765,0.2917955815792084
2020-06-12T16:30:00.000000000,5125.926190476187,3161.014458512465,4157.580432299773,1964.911731963722,968.3457581764142,0.241847988242234,0.1491408497095108,0.19616015255451202
2020-06-12T16:45:00.000000000,6116.759999999989,1307.0102221973737,2912.5529417347907,4809.749777802615,3204.2070582651986,0.288596839983593,0.061666473746299744,0.13741810619831085
2020-06-12T17:00:00.000000000,5510.630476190468,835.2226383360227,3175.273439775308,4675.407837854445,2335.3570364151597,0.2599988460796,0.0394069105386734,0.14981360733509064
2020-06-12T17:15:00.000000000,5559.100952380947,578.6215750119089,3328.7479323506354,4980.479377369038,2230.3530200303117,0.262285747357576,0.02730013243854046,0.15705473721027374
2020-06-12T17:30:00.000000000,3784.3295238095207,550.6222012882431,3465.2005844426153,3233.7073225212775,319.12893936690534,0.178549680227448,0.02597908489406109,0.16349275410175323
2020-06-12T17:45:00.000000000,2257.6614285714254,-355.63731227109827,2476.0794550740716,2613.298740842524,-218.41802650264617,0.106519457039112,-0.01677943952381611,0.11682470887899399
2020-06-12T18:00:00.000000000,1490.9333333333332,-1459.6629315431912,1280.0709235735733,2950.5962648765244,210.86240975975988,0.0703442097820097,-0.06886883080005646,0.06039544194936752
2020-06-12T18:15:00.000000000,2014.895714285714,-2162.659321775436,421.37377251664793,4177.5550360611505,1593.521941769066,0.0950654490350026,-0.10203713178634644,0.019880972802639008
2020-06-12T18:30:00.000000000,704.8076190476189,-2306.0049096798894,287.35676258628564,3010.8125287275084,417.4508564613333,0.0332537571612264,-0.10880036652088165,0.013557872734963894
2020-06-12T18:45:00.000000000,43.41333333333231,-2194.30745093743,142.47151547973354,2237.7207842707626,-99.05818214640124,0.002048298578521,-0.10353033244609833,0.006721994839608669
2020-06-12T19:00:00.000000000,0.0,-2126.8808001939456,-102.4022005726397,2126.8808001939456,102.4022005726397,0.0,-0.1003490537405014,-0.0048314714804291725
2020-06-12T19:15:00.000000000,0.0,-2033.5026014224686,-209.98442661697663,2033.5026014224686,209.98442661697663,0.0,-0.09594334661960602,-0.009907343424856663
2020-06-12T19:30:00.000000000,0.0,-1854.8326519227026,-135.3013225755592,1854.8326519227026,135.3013225755592,0.0,-0.08751346170902252,-0.006383695639669895
2020-06-12T19:45:00.000000000,0.0,-1435.771842312018,183.41602794711787,1435.771842312018,-183.41602794711787,0.0,-0.06774161756038666,0.008653811179101467
2020-06-12T20:00:00.000000000,0.0,-1066.3867551116148,391.79968273520467,1066.3867551116148,-391.79968273520467,0.0,-0.05031353980302811,0.018485628068447113
2020-06-12T20:15:00.000000000,0.0,-842.5981586122513,457.4103251890341,842.5981586122513,-457.4103251890341,0.0,-0.039754897356033325,0.021581225097179413
2020-06-12T20:30:00.000000000,0.0,-681.6312895750999,477.86015766819315,681.6312895750999,-477.86015766819315,0.0,-0.03216026723384857,0.02254607528448105
2020-06-12T20:45:00.000000000,0.0,-581.4021995308995,493.8170277249813,581.4021995308995,-493.8170277249813,0.0,-0.027431325986981392,0.023298941552639008
2020-06-12T21:00:00.000000000,0.0,-528.0630357022086,508.78977920254067,528.0630357022086,-508.78977920254067,0.0,-0.024914713576436043,0.024005375802516937
2020-06-12T21:15:00.000000000,0.0,-418.1234729841351,437.95724439024923,418.1234729841351,-437.95724439024923,0.0,-0.019727619364857674,0.02066340297460556
2020-06-12T21:30:00.000000000,0.0,-335.5042548031608,300.9562959693372,335.5042548031608,-300.9562959693372,0.0,-0.015829535201191902,0.014199516735970974
2020-06-12T21:45:00.000000000,0.0,-325.9610522841414,231.17736179257432,325.9610522841414,-231.17736179257432,0.0,-0.015379274263978004,0.010907254181802273
2020-06-12T22:00:00.000000000,0.0,-278.61645286271965,249.88951120917994,278.61645286271965,-249.88951120917994,0.0,-0.01314549334347248,0.011790118180215359
2020-06-12T22:15:00.000000000,0.0,-169.01008818735679,317.3193202279508,169.01008818735679,-317.3193202279508,0.0,-0.007974119856953621,0.014971545897424221
2020-06-12T22:30:00.000000000,0.0,-256.0253097394109,237.40990224267043,256.0253097394109,-237.40990224267043,0.0,-0.012079613283276558,0.011201313696801662
2020-06-12T22:45:00.000000000,0.0,-480.03640673269825,80.85672291820248,480.03640673269825,-80.85672291820248,0.0,-0.022648753598332405,0.00381492730230093
2020-06-12T23:00:00.000000000,0.0,-617.615299791793,-26.738765414934605,617.615299791793,26.738765414934605,0.0,-0.029139908030629158,-0.00126157037448138
2020-06-12T23:15:00.000000000,0.0,-707.4972483428319,-155.7833694626391,707.4972483428319,155.7833694626391,0.0,-0.0333806574344635,-0.007350065745413303
2020-06-12T23:30:00.000000000,0.0,-825.4960979366302,-283.480019150724,825.4960979366302,283.480019150724,0.0,-0.038947999477386475,-0.013374962843954563
2020-06-12T23:45:00.000000000,0.0,-967.8935716001192,-367.7301509503523,967.8935716001192,367.7301509503523,0.0,-0.04566650092601776,-0.01734999567270279
2020-06-13T00:00:00.000000000,0.0,-1093.534184076786,-404.96495326638217,1093.534184076786,404.96495326638217,0.0,-0.05159439146518707,-0.019106782972812653
2020-06-13T00:15:00.000000000,0.0,-1235.832803723812,-442.6772868057092,1235.832803723812,442.6772868057092,0.0,-0.058308228850364685,-0.020886100828647614
2020-06-13T00:30:00.000000000,0.0,-1423.3061297567685,-529.2658253665765,1423.3061297567685,529.2658253665765,0.0,-0.06715346872806549,-0.024971462786197662
2020-06-13T00:45:00.000000000,0.0,-1640.5575701546668,-654.698623329401,1640.5575701546668,654.698623329401,0.0,-0.07740367949008942,-0.030889548361301422
2020-06-13T01:00:00.000000000,0.0,-1813.7889696113268,-785.7708376435438,1813.7889696113268,785.7708376435438,0.0,-0.08557696640491486,-0.037073709070682526
2020-06-13T01:15:00.000000000,0.0,-1959.047524856726,-943.5355313678582,1959.047524856726,943.5355313678582,0.0,-0.09243045747280121,-0.04451725631952286
2020-06-13T01:30:00.000000000,0.0,-2081.6884074664113,-1129.3810823182264,2081.6884074664113,1129.3810823182264,0.0,-0.09821681678295135,-0.05328569561243057
2020-06-13T01:45:00.000000000,0.0,-2180.397143266201,-1321.1225015731652,2180.397143266201,1321.1225015731652,0.0,-0.1028740257024765,-0.062332309782505035
2020-06-13T02:00:00.000000000,0.0,-2263.880465565522,-1513.2896563367049,2263.880465565522,1513.2896563367049,0.0,-0.10681287944316864,-0.0713990107178688
2020-06-13T02:15:00.000000000,0.0,-2335.232220834891,-1729.4015910112857,2335.232220834891,1729.4015910112857,0.0,-0.1101793497800827,-0.08159545809030533
2020-06-13T02:30:00.000000000,0.0,-2431.26273919185,-1934.377447026173,2431.26273919185,1934.377447026173,0.0,-0.11471019685268402,-0.09126649051904678
2020-06-13T02:45:00.000000000,0.0,-2559.4685028560953,-2122.373151791493,2559.4685028560953,2122.373151791493,0.0,-0.12075911462306976,-0.10013637691736221
2020-06-13T03:00:00.000000000,0.0,-2691.3239694412546,-2313.426067034006,2691.3239694412546,2313.426067034006,0.0,-0.1269802302122116,-0.10915050655603409
2020-06-13T03:15:00.000000000,0.0,-2810.8091033848123,-2440.0135304415226,2810.8091033848123,2440.0135304415226,0.0,-0.13261769711971283,-0.11512307077646255
2020-06-13T03:30:00.000000000,0.0,-2932.2915306194623,-2467.4084102753795,2932.2915306194623,2467.4084102753795,0.0,-0.13834939897060394,-0.1164155974984169
2020-06-13T03:45:00.000000000,0.0,-3082.323503132661,-2416.3454154455662,3082.323503132661,2416.3454154455662,0.0,-0.1454281061887741,-0.11400637775659561
2020-06-13T04:00:00.000000000,0.0,-3261.7072228471434,-2309.862269200881,3261.7072228471434,2309.862269200881,0.0,-0.1538916677236557,-0.10898236185312271
2020-06-13T04:15:00.000000000,0.0,-3480.1758625404036,-2193.0364030484357,3480.1758625404036,2193.0364030484357,0.0,-0.16419930756092072,-0.10347036272287369
2020-06-13T04:30:00.000000000,0.0,-3693.1377334443728,-2083.792924203475,3693.1377334443728,2083.792924203475,0.0,-0.1742471307516098,-0.09831611067056656
2020-06-13T04:45:00.000000000,0.0,-3876.878609743913,-1967.5646037352085,3876.878609743913,1967.5646037352085,0.0,-0.18291626870632172,-0.0928323045372963
2020-06-13T05:00:00.000000000,0.0,-4051.2785710565245,-1852.7625603862602,4051.2785710565245,1852.7625603862602,0.0,-0.1911446899175644,-0.08741579204797745
2020-06-13T05:15:00.000000000,0.0,-4154.081694937547,-1648.5990127750238,4154.081694937547,1648.5990127750238,0.0,-0.19599507749080658,-0.07778308540582657
2020-06-13T05:30:00.000000000,0.0,-4227.669509109655,-1430.7070741490522,4227.669509109655,1430.7070741490522,0.0,-0.19946704804897308,-0.06750265508890152
2020-06-13T05:45:00.000000000,0.0,-4302.873096918264,-1218.6187821892897,4302.873096918264,1218.6187821892897,0.0,-0.2030152529478073,-0.057496048510074615
2020-06-13T06:00:00.000000000,58.82333333333294,-4251.319306108951,-954.772674836715,4310.142639442284,1013.596008170048,0.0027753627929331,-0.20058287680149078,-0.04504743963479996
2020-06-13T06:15:00.000000000,906.0533333333335,-4043.0228394579885,-537.2979510748386,4949.076172791322,1443.351284408172,0.0427487965616767,-0.19075517356395721,-0.025350429117679596
2020-06-13T06:30:00.000000000,1568.9609523809527,-3501.159443542957,128.66858916824063,5070.12039592391,1440.292363212712,0.0740256562158385,-0.16518934071063995,0.006070754490792751
2020-06-13T06:45:00.000000000,2445.0895238095263,-2601.9131960844993,1019.5479534773032,5047.002719894026,1425.5415703322233,0.115362562867992,-0.12276171147823334,0.04810362309217453
2020-06-13T07:00:00.000000000,4218.086666666661,-1345.7382570687928,2132.6536536761123,5563.824923735454,2085.4330129905484,0.199014916847633,-0.06349371373653412,0.10062142461538315
2020-06-13T07:15:00.000000000,3990.2247619047657,528.0121085132162,3685.3904841669396,3462.21265339155,304.83427773782614,0.188264090320693,0.024912310764193535,0.17388160526752472
2020-06-13T07:30:00.000000000,7451.57238095239,2156.394882744948,4458.020843740304,5295.177498207442,2993.5515372120853,0.351575056410891,0.10174156725406647,0.21033532917499542
2020-06-13T07:45:00.000000000,6195.345714285719,4391.539148962497,6055.518488640785,1803.8065653232215,139.8272256449336,0.292304618090093,0.2071986347436905,0.28570738434791565
2020-06-13T08:00:00.000000000,8081.41714285714,5944.648498023351,6470.2556193844475,2136.768644833789,1611.1615234726924,0.381291966665001,0.2804763913154602,0.30527523159980774
2020-06-13T08:15:00.000000000,9546.169047619056,7329.327973545392,6856.022522581418,2216.8410740736645,2690.1465250376377,0.450400901963139,0.34580740332603455,0.32347622513771057
2020-06-13T08:30:00.000000000,7863.040000000007,8719.689817962646,7698.357281034787,-856.6498179626387,164.68271896522037,0.370988643769675,0.4114065170288086,0.3632186949253082
2020-06-13T08:45:00.000000000,12399.10095238096,9251.225022036235,6981.027058415412,3147.875930344726,5418.073893965548,0.585006008654044,0.43648505210876465,0.3293741047382355
2020-06-13T09:00:00.000000000,13762.022380952387,10648.405582796731,8715.035151845614,3113.6167981556555,5046.987229106773,0.649310447185495,0.5024058818817139,0.41118690371513367
2020-06-13T09:15:00.000000000,7896.592380952374,12011.370652414957,9613.940937228203,-4114.778271462583,-1717.3485562758287,0.372571689551556,0.5667123794555664,0.4535984694957733
2020-06-13T09:30:00.000000000,13896.894285714292,11844.548025169372,8148.9559959999715,2052.3462605449204,5747.9382897143205,0.655673882323845,0.5588414669036865,0.38447853922843933
2020-06-13T09:45:00.000000000,5990.160000000004,12444.785823202132,8979.648088437716,-6454.625823202127,-2989.4880884377117,0.282623684270124,0.5871614813804626,0.423671692609787
2020-06-13T10:00:00.000000000,10508.256666666663,13562.740739275614,10436.019781304994,-3054.4840726089515,72.2368853616681,0.495793470356288,0.6399080753326416,0.49238523840904236
2020-06-13T10:15:00.000000000,12846.576190476198,15287.257583815255,11792.286149040858,-2440.6813933390567,1054.2900414353408,0.606118483180622,0.7212730646133423,0.5563756823539734
2020-06-13T10:30:00.000000000,3594.392857142856,15482.263396406173,10797.596190773646,-11887.870539263316,-7203.2033336307895,0.169588216675336,0.7304736971855164,0.5094448924064636
2020-06-13T10:45:00.000000000,0.0,15633.922512346902,11418.697555348077,-15633.922512346902,-11418.697555348077,0.0,0.7376291751861572,0.5387492775917053
2020-06-13T11:00:00.000000000,7658.426666666663,15480.220623950958,10670.201472202936,-7821.793957284295,-3011.7748055362736,0.361334715641301,0.7303773164749146,0.5034342408180237
2020-06-13T11:15:00.000000000,10958.68000000001,16286.946460205712,12815.905908931096,-5328.266460205703,-1857.2259089310865,0.517045039921692,0.7684397101402283,0.6046714186668396
2020-06-13T11:30:00.000000000,10266.352380952381,16159.126006126402,13003.97235906283,-5892.773625174021,-2737.619978110448,0.484380105693357,0.762408971786499,0.6135446429252625
2020-06-13T11:45:00.000000000,11143.806666666673,15042.492512432733,12281.93504295667,-3898.68584576606,-1138.1283762899966,0.525779561301752,0.7097247242927551,0.5794779658317566
2020-06-13T12:00:00.000000000,13029.143809523805,15524.632291027703,13315.27218424797,-2495.4884815038986,-286.12837472416504,0.614732265303914,0.7324727177619934,0.6282321810722351
2020-06-13T12:15:00.000000000,15658.626666666678,14942.75670550982,13473.762017978032,715.8699611568572,2184.8646486886464,0.738794749913816,0.7050190567970276,0.6357099413871765
2020-06-13T12:30:00.000000000,15476.281428571438,16093.301232608159,16007.284973529178,-617.0198040367213,-531.0035449577408,0.730191460018456,0.7593032717704773,0.7552449107170105
2020-06-13T12:45:00.000000000,10491.970476190469,16462.54151288668,16477.706287501653,-5970.571036696212,-5985.735811311184,0.495025066314475,0.7767245173454285,0.7774400115013123
2020-06-13T13:00:00.000000000,14307.802380952386,15700.175547993977,14114.447215948105,-1392.373167041591,193.35516500428093,0.675061070608066,0.7407550811767578,0.6659383177757263
2020-06-13T13:15:00.000000000,12320.322857142855,15319.667804803847,14586.061094668705,-2999.3449476609912,-2265.7382375258494,0.581289153759354,0.7228022217750549,0.688189685344696
2020-06-13T13:30:00.000000000,12553.259999999995,14820.330585619608,13926.587948675155,-2267.0705856196128,-1373.3279486751599,0.592279436743054,0.6992428302764893,0.6570748686790466
2020-06-13T13:45:00.000000000,6036.041904761902,14916.544283943174,14890.897825307846,-8880.502379181273,-8854.855920545944,0.284788453318887,0.703782320022583,0.7025722861289978
2020-06-13T14:00:00.000000000,13403.049047619043,13457.121697149276,11355.120210523604,-54.07264953023332,2047.9288370954382,0.632373609768565,0.6349248290061951,0.535749614238739
2020-06-13T14:15:00.000000000,11217.806190476187,12430.571057793299,11780.138158979415,-1212.7648673171116,-562.3319685032275,0.529270956866024,0.58649080991745,0.5558025240898132
2020-06-13T14:30:00.000000000,18601.240000000005,11715.497107038496,11489.228159042994,6885.742892961509,7112.011840957011,0.877631145210278,0.552752673625946,0.5420770049095154
2020-06-13T14:45:00.000000000,8843.357619047618,12726.527981637319,13900.836635300317,-3883.1703625897007,-5057.479016252699,0.417241327713034,0.6004544496536255,0.6558598875999451
2020-06-13T15:00:00.000000000,12772.198571428577,11951.554181801477,11221.679289744694,820.6443896270994,1550.5192816838826,0.602609248582134,0.5638901591300964,0.529453694820404
2020-06-13T15:15:00.000000000,15687.341904761912,9434.575535510381,8659.217057744661,6252.766369251531,7028.12484701725,0.740149572887688,0.44513577222824097,0.4085533320903778
2020-06-13T15:30:00.000000000,15304.828571428572,8683.26921901544,9620.793131289482,6621.559352413133,5684.0354401390905,0.722102087086121,0.40968814492225647,0.45392176508903503
2020-06-13T15:45:00.000000000,14784.67333333333,7353.8128185304,9754.45639464855,7430.86051480293,5030.21693868478,0.697560473876644,0.3469626307487488,0.46022817492485046
2020-06-13T16:00:00.000000000,9507.649523809532,7210.324160755475,10500.509236032167,2297.3253630540576,-992.8597122226347,0.44858349980103,0.34019264578819275,0.4954279363155365
2020-06-13T16:15:00.000000000,13396.7180952381,4651.184750184218,7320.270040024121,8745.533345053882,6076.448055213979,0.632074907048297,0.21944905817508698,0.345380038022995
2020-06-13T16:30:00.000000000,9233.866666666672,3068.0626269046465,7062.269268571536,6165.804039762026,2171.5973980951367,0.435666061906931,0.1447552591562271,0.33320721983909607
2020-06-13T16:45:00.000000000,10297.415238095231,1652.6177601631482,6047.641750076611,8644.797477932083,4249.77348801862,0.485845692443906,0.07797269523143768,0.2853357493877411
2020-06-13T17:00:00.000000000,10823.686666666666,908.2590176431337,5801.296277740796,9915.427649023533,5022.390388925871,0.510675875622479,0.04285286366939545,0.2737128436565399
2020-06-13T17:15:00.000000000,6129.985238095249,651.061671944956,5986.315623876253,5478.923566150293,143.66961421899578,0.289220824237074,0.03071795217692852,0.2824423015117645
2020-06-13T17:30:00.000000000,4363.493333333338,-803.7826395153999,4064.027265077432,5167.275972848738,299.4660682559065,0.205875396008586,-0.037923529744148254,0.19174619019031525
2020-06-13T17:45:00.000000000,2940.790476190485,-1722.1162394944827,2699.371886525949,4662.906715684968,241.41858966453628,0.138750390481631,-0.08125172555446625,0.12735994160175323
2020-06-13T18:00:00.000000000,2702.6776190476207,-2874.0905178149537,1051.146497717301,5576.7681368625745,1651.5311213303198,0.127515910441398,-0.1356033980846405,0.04959448426961899
2020-06-13T18:15:00.000000000,1522.851428571429,-3275.3793965617815,547.8942804880936,4798.230825133211,974.9571480833355,0.0718501477988699,-0.15453673899173737,0.02585037797689438
2020-06-13T18:30:00.000000000,619.646666666667,-3047.663642657598,373.709081894954,3667.310309324265,245.93758477171298,0.0292357506108409,-0.14379280805587769,0.01763208955526352
2020-06-13T18:45:00.000000000,33.02047619047574,-3109.0327214018503,-135.6386263761421,3142.053197592326,168.65910256661783,0.0015579498105737,-0.1466882824897766,-0.0063996100798249245
2020-06-13T19:00:00.000000000,0.0,-3191.3787487705545,-571.0194879623253,3191.3787487705545,571.0194879623253,0.0,-0.1505734771490097,-0.026941455900669098
2020-06-13T19:15:00.000000000,0.0,-3183.7464607135453,-750.4752163533369,3183.7464607135453,750.4752163533369,0.0,-0.15021337568759918,-0.03540841490030289
2020-06-13T19:30:00.000000000,0.0,-2840.124846247832,-524.2782770343621,2840.124846247832,524.2782770343621,0.0,-0.13400085270404816,-0.02473614364862442
2020-06-13T19:45:00.000000000,0.0,-2478.260402073065,-225.20605018710094,2478.260402073065,225.20605018710094,0.0,-0.1169276088476181,-0.010625519789755344
2020-06-13T20:00:00.000000000,0.0,-2202.273884519736,-12.854355601053683,2202.273884519736,12.854355601053683,0.0,-0.10390619933605194,-0.0006064855260774493
2020-06-13T20:15:00.000000000,0.0,-2041.953672347466,67.83578556761145,2041.953672347466,-67.83578556761145,0.0,-0.09634207934141159,0.003200582228600979
2020-06-13T20:30:00.000000000,0.0,-1894.0320593806107,100.6723737198611,1894.0320593806107,-100.6723737198611,0.0,-0.08936294168233871,0.00474985595792532
2020-06-13T20:45:00.000000000,0.0,-1704.370522315502,78.54233878836035,1704.370522315502,-78.54233878836035,0.0,-0.08041445910930634,0.0037057315930724144
2020-06-13T21:00:00.000000000,0.0,-1584.7247900736331,122.23707737510402,1584.7247900736331,-122.23707737510402,0.0,-0.07476941496133804,0.005767307244241238
2020-06-13T21:15:00.000000000,0.0,-1456.1847229703267,254.4235312102735,1456.1847229703267,-254.4235312102735,0.0,-0.06870472431182861,0.012004039250314236
2020-06-13T21:30:00.000000000,0.0,-1225.5939910729726,417.04567206422485,1225.5939910729726,-417.04567206422485,0.0,-0.05782514810562134,0.01967676728963852
2020-06-13T21:45:00.000000000,0.0,-1114.8095897157987,461.7693767392635,1114.8095897157987,-461.7693767392635,0.0,-0.052598193287849426,0.021786890923976898
2020-06-13T22:00:00.000000000,0.0,-1190.8826507107417,339.46706124027565,1190.8826507107417,-339.46706124027565,0.0,-0.05618742108345032,0.016016505658626556
2020-06-13T22:15:00.000000000,0.0,-1285.2215968243281,264.526222196271,1285.2215968243281,-264.526222196271,0.0,-0.06063845753669739,0.012480697594583035
2020-06-13T22:30:00.000000000,0.0,-1373.7802675088246,228.6665329399208,1373.7802675088246,-228.6665329399208,0.0,-0.06481677293777466,0.010788789950311184
2020-06-13T22:45:00.000000000,0.0,-1453.3122715973852,196.83048639838893,1453.3122715973852,-196.83048639838893,0.0,-0.06856919825077057,0.009286723099648952
2020-06-13T23:00:00.000000000,0.0,-1532.2464141742387,132.08142144267757,1532.2464141742387,-132.08142144267757,0.0,-0.07229341566562653,0.006231776438653469
2020-06-13T23:15:00.000000000,0.0,-1644.624797068437,35.958683914759504,1644.624797068437,-35.958683914759504,0.0,-0.07759557664394379,0.001696578343398869
2020-06-13T23:30:00.000000000,0.0,-1739.8676415689786,-70.56741734122237,1739.8676415689786,70.56741734122237,0.0,-0.08208926022052765,-0.0033294642344117165
2020-06-13T23:45:00.000000000,0.0,-1818.06148441871,-198.34555053169527,1818.06148441871,198.34555053169527,0.0,-0.08577854931354523,-0.009358205832540989
2020-06-14T00:00:00.000000000,0.0,-1894.3502556157111,-338.9658429523309,1894.3502556157111,338.9658429523309,0.0,-0.08937795460224152,-0.01599285751581192
2020-06-14T00:15:00.000000000,0.0,-1955.2114836939174,-476.3748208010196,1955.2114836939174,476.3748208010196,0.0,-0.09224946796894073,-0.022475995123386383
2020-06-14T00:30:00.000000000,0.0,-1995.4359093960124,-599.6296721263726,1995.4359093960124,599.6296721263726,0.0,-0.09414730966091156,-0.02829132229089737
2020-06-14T00:45:00.000000000,0.0,-2036.8800610136984,-720.8025883829594,2036.8800610136984,720.8025883829594,0.0,-0.09610269963741302,-0.03400842100381851
2020-06-14T01:00:00.000000000,0.0,-2042.8940488139788,-791.4279403364658,2042.8940488139788,791.4279403364658,0.0,-0.09638644754886627,-0.037340618669986725
2020-06-14T01:15:00.000000000,0.0,-2028.6603337534268,-760.5968569910526,2028.6603337534268,760.5968569910526,0.0,-0.09571488201618195,-0.03588596731424332
2020-06-14T01:30:00.000000000,0.0,-2033.000435651938,-715.8958918980757,2033.000435651938,715.8958918980757,0.0,-0.0959196537733078,-0.033776916563510895
2020-06-14T01:45:00.000000000,0.0,-2111.355982196331,-722.4107821587721,2111.355982196331,722.4107821587721,0.0,-0.09961657226085663,-0.034084297716617584
2020-06-14T02:00:00.000000000,0.0,-2190.229485887686,-678.9743904904524,2190.229485887686,678.9743904904524,0.0,-0.10333792865276337,-0.03203491121530533
2020-06-14T02:15:00.000000000,0.0,-2220.3505889487265,-631.3425459317366,2220.3505889487265,631.3425459317366,0.0,-0.104759082198143,-0.029787577688694
2020-06-14T02:30:00.000000000,0.0,-2228.60000399669,-682.8085366880894,2228.60000399669,682.8085366880894,0.0,-0.1051483005285263,-0.03221581131219864
2020-06-14T02:45:00.000000000,0.0,-2275.4991286889713,-796.4331750102838,2275.4991286889713,796.4331750102838,0.0,-0.10736106336116791,-0.03757677227258682
2020-06-14T03:00:00.000000000,0.0,-2390.6435290789605,-882.8271638135114,2390.6435290789605,882.8271638135114,0.0,-0.11279372870922089,-0.04165295511484146
2020-06-14T03:15:00.000000000,0.0,-2397.5285692032176,-840.1803409667809,2397.5285692032176,840.1803409667809,0.0,-0.11311857402324677,-0.039640821516513824
2020-06-14T03:30:00.000000000,0.0,-2413.9389675911266,-800.854760411183,2413.9389675911266,800.854760411183,0.0,-0.11389283835887909,-0.03778538852930069
2020-06-14T03:45:00.000000000,0.0,-2496.057914966742,-752.4485067522526,2496.057914966742,752.4485067522526,0.0,-0.1177673190832138,-0.03550151735544205
2020-06-14T04:00:00.000000000,0.0,-2611.7758581487337,-677.4394687012831,2611.7758581487337,677.4394687012831,0.0,-0.12322704493999481,-0.03196249157190323
2020-06-14T04:15:00.000000000,0.0,-2730.3539354300497,-545.3831358079116,2730.3539354300497,545.3831358079116,0.0,-0.1288217157125473,-0.025731898844242096
2020-06-14T04:30:00.000000000,0.0,-2698.82297828118,-393.70633352557815,2698.82297828118,393.70633352557815,0.0,-0.12733404338359833,-0.01857558637857437
2020-06-14T04:45:00.000000000,0.0,-2650.630224031607,-152.65415030891697,2650.630224031607,152.65415030891697,0.0,-0.12506024539470673,-0.007202425040304661
2020-06-14T05:00:00.000000000,0.0,-2628.3542767818767,61.380902537355816,2628.3542767818767,-61.380902537355816,0.0,-0.12400923669338226,0.0028960322961211205
2020-06-14T05:15:00.000000000,0.0,-2637.1999742039043,292.89006088798243,2637.1999742039043,-292.89006088798243,0.0,-0.12442658841609955,0.013818941079080105
2020-06-14T05:30:00.000000000,0.0,-2663.4073425300912,537.4201763284206,2663.4073425300912,-537.4201763284206,0.0,-0.12566308677196503,0.025356195867061615
2020-06-14T05:45:00.000000000,0.0,-2584.6374302681284,845.1448338894048,2584.6374302681284,-845.1448338894048,0.0,-0.12194661796092987,0.039875052869319916
2020-06-14T06:00:00.000000000,306.3095238095234,-2405.358565293153,1166.9427661263942,2711.6680891026763,-860.6332423168708,0.0144520891171646,-0.11348800361156464,0.05505790561437607
2020-06-14T06:15:00.000000000,1032.4666666666662,-2041.0685656984647,1694.9280687781174,3073.535232365131,-662.4614021114512,0.0487131450945262,-0.09630031883716583,0.07996895164251328
2020-06-14T06:30:00.000000000,2118.970952380952,-1357.1029948592186,2466.911613572836,3476.0739472401706,-347.9406611918839,0.099975856642106,-0.06402991712093353,0.11639215797185898
2020-06-14T06:45:00.000000000,3550.365238095229,-253.49300461481013,3557.0855506587027,3803.858242710039,-6.720312563473726,0.167510935283039,-0.011960135772824287,0.1678280085325241
2020-06-14T07:00:00.000000000,5098.398095238103,1331.1735547582307,4915.506493794917,3767.2245404798728,182.89160144318612,0.240549176241031,0.06280653178691864,0.23192010819911957
2020-06-14T07:15:00.000000000,6494.059999999995,3466.4695794526733,6615.180660759607,3027.5904205473216,-121.12066075961229,0.306398353812125,0.16355262696743011,0.3121129870414734
2020-06-14T07:30:00.000000000,8101.525714285711,5785.796725945473,8133.104612337747,2315.728988340238,-31.578898052036493,0.38224071570385,0.27298155426979065,0.3837306499481201
2020-06-14T07:45:00.000000000,10075.60476190477,8062.764768470128,9367.010552309353,2012.8399934346417,708.594209595416,0.475380380333602,0.38041192293167114,0.44194796681404114
2020-06-14T08:00:00.000000000,10140.417142857144,10053.411785049439,10239.784767972627,87.00535780770588,-99.36762511548295,0.478438314327198,0.4743332862854004,0.48312661051750183
2020-06-14T08:15:00.000000000,7856.023333333344,11145.323563111622,9777.630555389722,-3289.3002297782778,-1921.6072220563774,0.370657588141006,0.5258511304855347,0.46132156252861023
2020-06-14T08:30:00.000000000,11446.406666666673,11116.847289819716,8407.937096101443,329.5593768469571,3038.4695705652302,0.540056630171388,0.5245075821876526,0.39669761061668396
2020-06-14T08:45:00.000000000,9610.738095238094,11591.115383090972,9095.862512494723,-1980.377287852878,514.8755827433706,0.453447355167712,0.5468841791152954,0.4291548430919647
2020-06-14T09:00:00.000000000,15313.488571428567,11826.343726418812,9346.399647790591,3487.144845009754,5967.088923637975,0.722510677358464,0.5579825639724731,0.44097551703453064
2020-06-14T09:15:00.000000000,11040.138095238102,13632.97951833407,12451.084687433242,-2592.841423095968,-1410.9465921951396,0.520888340766714,0.6432220339775085,0.5874586701393127
2020-06-14T09:30:00.000000000,11644.108571428578,14091.76448284149,12012.061683047612,-2447.6559114129122,-367.95311161903373,0.54938446794384,0.6648681163787842,0.5667449831962585
2020-06-14T09:45:00.000000000,10842.473333333339,13637.2040273571,10362.459759955405,-2794.7306940237613,480.0135733779334,0.511562255443467,0.6434213519096375,0.4889145791530609
2020-06-14T10:00:00.000000000,12493.129047619048,13432.60842768669,9931.54720650514,-939.4793800676416,2561.581841113908,0.589442378751185,0.6337682604789734,0.4685835540294647
2020-06-14T10:15:00.000000000,14442.056666666673,12920.534515927631,10053.46673903942,1521.5221507390415,4388.589927627252,0.681395365661558,0.6096079349517822,0.4743358790874481
2020-06-14T10:30:00.000000000,14876.287142857138,15081.458049605686,14460.801370191573,-205.17090674854808,415.4857726655646,0.701882934775458,0.7115631699562073,0.6822797656059265
2020-06-14T10:45:00.000000000,10248.597619047625,16050.987923631666,16113.607679389317,-5802.390304584042,-5865.010060341692,0.483542412506053,0.7573068737983704,0.7602613568305969
2020-06-14T11:00:00.000000000,15261.606666666663,15156.87387351354,13745.136190303167,104.73279315312357,1516.4704763634963,0.720062820361195,0.7151213884353638,0.6485137343406677
2020-06-14T11:15:00.000000000,13697.490000000005,14584.385945456821,13508.391874837875,-886.8959454568158,189.0981251621306,0.646265723962829,0.6881106495857239,0.6373438239097595
2020-06-14T11:30:00.000000000,13162.960476190468,14358.305230668386,14001.840805578231,-1195.3447544779174,-838.8803293877627,0.621045912911003,0.6774438619613647,0.6606253981590271
2020-06-14T11:45:00.000000000,11735.83523809523,14808.756138350167,15007.572094246545,-3072.920900254938,-3271.736856151316,0.553712253592161,0.6986967325210571,0.7080771327018738
2020-06-14T12:00:00.000000000,12174.00190476191,15049.236061824162,13932.747848793664,-2875.234157062252,-1758.7459440317543,0.574385537387201,0.7100428938865662,0.6573655009269714
2020-06-14T12:15:00.000000000,16734.816666666677,14263.52159939448,13467.08163409233,2471.2950672721963,3267.7350325743464,0.789570819797536,0.6729718446731567,0.6353947520256042
2020-06-14T12:30:00.000000000,17283.906666666662,15257.81614159584,16270.169701884586,2026.090525070822,1013.736964782076,0.815477613405032,0.7198839783668518,0.7676481604576111
2020-06-14T12:45:00.000000000,15620.36047619048,16176.141530059178,17516.692951625188,-555.7810538686972,-1896.3324754347068,0.736989300353977,0.7632117867469788,0.8264607787132263
2020-06-14T13:00:00.000000000,14139.169047619042,16615.836615425746,17079.45626774152,-2476.667567806704,-2940.287220122478,0.667104726544231,0.7839571833610535,0.8058313727378845
2020-06-14T13:15:00.000000000,14971.369999999997,16100.716862980524,15637.044151639937,-1129.3468629805266,-665.6741516399397,0.706369069936563,0.7596531510353088,0.7377764582633972
2020-06-14T13:30:00.000000000,13391.939999999993,15773.557442617415,15638.731933952966,-2381.617442617422,-2246.7919339529726,0.631849470185177,0.7442173361778259,0.7378560900688171
2020-06-14T13:45:00.000000000,13210.029047619051,15588.437031672795,15459.23577963829,-2378.4079840537433,-2249.206732019238,0.623266670465138,0.7354831099510193,0.7293872237205505
2020-06-14T14:00:00.000000000,14260.52095238096,15117.389115883509,15211.864499489466,-856.8681635025478,-951.3435471085049,0.672830270171949,0.7132584452629089,0.7177159190177917
2020-06-14T14:15:00.000000000,9263.686666666666,14609.654674367905,14982.366530841191,-5345.968007701238,-5718.6798641745245,0.437073009011004,0.6893028616905212,0.7068879008293152
2020-06-14T14:30:00.000000000,10987.671428571428,13043.690829064051,12371.67554025332,-2056.0194004926234,-1384.004111681892,0.518412893928114,0.6154186129570007,0.5837120413780212
2020-06-14T14:45:00.000000000,18539.486666666657,10623.282134548823,10161.348369580905,7916.204532117834,8378.138297085752,0.874717541135824,0.5012205243110657,0.4794258773326874
2020-06-14T15:00:00.000000000,11473.339523809529,10210.921921785672,12379.624287494024,1262.4176020238574,-906.2847636844945,0.541327358050716,0.4817648231983185,0.584087073802948
2020-06-14T15:15:00.000000000,6314.878571428564,8940.847413234711,10665.19118428866,-2625.968841806147,-4350.312612860096,0.297944336641358,0.421841025352478,0.5031978487968445
2020-06-14T15:30:00.000000000,14555.38666666666,6959.519835370381,7761.402772301038,7595.866831296279,6793.983894365622,0.686742425195582,0.32835936546325684,0.3661932647228241
2020-06-14T15:45:00.000000000,17286.121428571434,5998.8249206304545,8575.793111020723,11287.29650794098,8710.328317550711,0.815582108805707,0.28303250670433044,0.4046172797679901
2020-06-14T16:00:00.000000000,10078.29333333333,5785.2301313591,10128.26733092149,4293.06320197423,-49.97399758816027,0.475507230695289,0.2729548215866089,0.477865070104599
2020-06-14T16:15:00.000000000,6716.085238095245,5674.502894784609,9521.736985208192,1041.5823433106352,-2805.6517471129473,0.316873798673603,0.26773056387901306,0.44924816489219666
2020-06-14T16:30:00.000000000,10646.09238095238,3348.9558409428596,6220.4499406448995,7297.13654000952,4425.64244030748,0.502296741954281,0.1580081731081009,0.2934890687465668
2020-06-14T16:45:00.000000000,5888.1738095238115,1054.5212727745372,5199.538401812712,4833.652536749274,688.6354077110991,0.277811840697155,0.04975371062755585,0.2453211098909378
2020-06-14T17:00:00.000000000,5871.724761904767,-555.1244016658266,4060.277760657469,6426.849163570593,1811.4470012472975,0.277035752839597,-0.026191504672169685,0.1915692836046219
2020-06-14T17:15:00.000000000,4833.351904761915,-735.6482192802429,3274.9587142936384,5569.000124042158,1558.3931904682763,0.228043945854173,-0.03470885753631592,0.15451689064502716
2020-06-14T17:30:00.000000000,3683.7261904762004,-1137.7055064042409,2309.4589574468137,4821.431696880441,1374.2672330293867,0.173803081686421,-0.05367845296859741,0.10896333307027817
2020-06-14T17:45:00.000000000,3347.1266666666716,-1821.5477465935546,1252.1921959658464,5168.674413260226,2094.934470700825,0.15792187024255,-0.08594303578138351,0.0590800866484642
2020-06-14T18:00:00.000000000,2243.5538095238135,-1232.6328392036755,1536.0137628495693,3476.1866487274892,707.5400466742442,0.105853840883364,-0.05815725028514862,0.07247116416692734
2020-06-14T18:15:00.000000000,1312.7533333333326,-1390.350474626223,1112.4271447535355,2703.1038079595555,200.3261885797972,0.0619374413378862,-0.06559857726097107,0.052485786378383636
2020-06-14T18:30:00.000000000,494.4271428571431,-1710.4407274158796,664.6216084516047,2204.8678702730226,-170.19446559446163,0.023327727592825,-0.08070085942745209,0.03135772794485092
2020-06-14T18:45:00.000000000,0.0,-2123.1496137706436,186.85665304407476,2123.1496137706436,-186.85665304407476,0.0,-0.10017301142215729,0.008816144429147243
2020-06-14T19:00:00.000000000,0.0,-2528.99683123827,-251.3628861087064,2528.99683123827,251.3628861087064,0.0,-0.11932142078876495,-0.011859633959829807
2020-06-14T19:15:00.000000000,0.0,-2618.7534357388813,-315.32048727765675,2618.7534357388813,315.32048727765675,0.0,-0.12355625629425049,-0.014877238310873508
2020-06-14T19:30:00.000000000,0.0,-2560.3654530374206,-237.50942739263175,2560.3654530374206,237.50942739263175,0.0,-0.12080143392086029,-0.011206009425222874
2020-06-14T19:45:00.000000000,0.0,-2442.6979065211613,-125.07672216350832,2442.6979065211613,125.07672216350832,0.0,-0.11524972319602966,-0.005901285447180271
2020-06-14T20:00:00.000000000,0.0,-2335.537310227553,-28.670998235127577,2335.537310227553,28.670998235127577,0.0,-0.11019374430179596,-0.00135273567866534
2020-06-14T20:15:00.000000000,0.0,-2232.369089723428,10.679216867703945,2232.369089723428,-10.679216867703945,0.0,-0.10532613098621368,0.0005038595991209149
2020-06-14T20:30:00.000000000,0.0,-2111.584009672006,45.348865528752405,2111.584009672006,-45.348865528752405,0.0,-0.09962733089923859,0.0021396195515990257
2020-06-14T20:45:00.000000000,0.0,-1977.3168840781846,61.31647372151414,1977.3168840781846,-61.31647372151414,0.0,-0.09329243004322052,0.0028929924592375755
2020-06-14T21:00:00.000000000,0.0,-1860.3691084996858,40.35184483808155,1860.3691084996858,-40.35184483808155,0.0,-0.08777467906475067,0.00190385349560529
2020-06-14T21:15:00.000000000,0.0,-1765.16195250988,35.02004449965432,1765.16195250988,-35.02004449965432,0.0,-0.08328267931938171,0.0016522920923307538
2020-06-14T21:30:00.000000000,0.0,-1606.5521043189365,92.42295867189765,1606.5521043189365,-92.42295867189765,0.0,-0.07579925656318665,0.004360637627542019
2020-06-14T21:45:00.000000000,0.0,-1394.4385461568831,238.16094010576603,1394.4385461568831,-238.16094010576603,0.0,-0.06579145789146423,0.011236748658120632
2020-06-14T22:00:00.000000000,0.0,-1197.2418379998205,319.29955883249636,1197.2418379998205,-319.29955883249636,0.0,-0.05648745596408844,0.015064976178109646
2020-06-14T22:15:00.000000000,0.0,-1173.7938547913232,274.47226272806523,1173.7938547913232,-274.47226272806523,0.0,-0.05538114905357361,0.012949964962899685
2020-06-14T22:30:00.000000000,0.0,-1217.5817624990145,201.62222166284917,1217.5817624990145,-201.62222166284917,0.0,-0.05744712054729462,0.009512803517282009
2020-06-14T22:45:00.000000000,0.0,-1248.4621149388947,128.2858062035342,1248.4621149388947,-128.2858062035342,0.0,-0.058904096484184265,0.006052694283425808
2020-06-14T23:00:00.000000000,0.0,-1251.1554921030997,102.12075876618424,1251.1554921030997,-102.12075876618424,0.0,-0.0590311735868454,0.004818192683160305
2020-06-14T23:15:00.000000000,0.0,-1362.873163807392,71.9358585443596,1362.873163807392,-71.9358585443596,0.0,-0.06430216133594513,0.003394029103219509
2020-06-14T23:30:00.000000000,0.0,-1502.8087618851662,72.96482463265458,1502.8087618851662,-72.96482463265458,0.0,-0.07090450823307037,0.003442577086389065
2020-06-14T23:45:00.000000000,0.0,-1618.74146778663,81.37783834045132,1618.74146778663,-81.37783834045132,0.0,-0.0763743668794632,0.0038395142182707787
2020-06-15T00:00:00.000000000,0.0,-1771.0404503003756,24.18526530227934,1771.0404503003756,-24.18526530227934,0.0,-0.0835600346326828,0.001141092856414616
2020-06-15T00:15:00.000000000,0.0,-1951.9066644342738,-70.38107909932732,1951.9066644342738,70.38107909932732,0.0,-0.09209354221820831,-0.0033206725493073463
2020-06-15T00:30:00.000000000,0.0,-2087.463629655043,-152.52276605700453,2087.463629655043,152.52276605700453,0.0,-0.09848929941654205,-0.00719622615724802
2020-06-15T00:45:00.000000000,0.0,-2132.2536581110953,-190.57871994748712,2132.2536581110953,190.57871994748712,0.0,-0.10060255229473114,-0.008991756476461887
2020-06-15T01:00:00.000000000,0.0,-2110.660529978275,-197.53955867861706,2110.660529978275,197.53955867861706,0.0,-0.09958375990390778,-0.00932017806917429
2020-06-15T01:15:00.000000000,0.0,-2112.513174261252,-220.1325967670977,2112.513174261252,220.1325967670977,0.0,-0.09967117011547089,-0.010386147536337376
2020-06-15T01:30:00.000000000,0.0,-2125.4140971509614,-261.2407078943153,2125.4140971509614,261.2407078943153,0.0,-0.10027985274791718,-0.012325682677328587
2020-06-15T01:45:00.000000000,0.0,-2144.7604282450675,-303.0878554385404,2144.7604282450675,303.0878554385404,0.0,-0.10119263827800751,-0.014300086535513401
2020-06-15T02:00:00.000000000,0.0,-2158.981510204474,-344.25784902215,2158.981510204474,344.25784902215,0.0,-0.10186360776424408,-0.01624254137277603
2020-06-15T02:15:00.000000000,0.0,-2156.8250398389496,-355.0161979575952,2156.8250398389496,355.0161979575952,0.0,-0.10176186263561249,-0.016750134527683258
2020-06-15T02:30:00.000000000,0.0,-2152.6245337080954,-331.1068104689816,2152.6245337080954,331.1068104689816,0.0,-0.10156367719173431,-0.01562205795198679
2020-06-15T02:45:00.000000000,0.0,-2158.8690756042797,-295.21364349459606,2158.8690756042797,295.21364349459606,0.0,-0.10185830295085907,-0.013928570784628391
2020-06-15T03:00:00.000000000,0.0,-2230.8600657916068,-350.8017954154809,2230.8600657916068,350.8017954154809,0.0,-0.10525493323802948,-0.016551293432712555
2020-06-15T03:15:00.000000000,0.0,-2380.4940956187247,-472.9525137007236,2380.4940956187247,472.9525137007236,0.0,-0.1123148649930954,-0.02231452614068985
2020-06-15T03:30:00.000000000,0.0,-2520.5850808405876,-515.9934893031915,2520.5850808405876,515.9934893031915,0.0,-0.11892454326152802,-0.02434525638818741
2020-06-15T03:45:00.000000000,0.0,-2594.425557035605,-489.2049983243147,2594.425557035605,489.2049983243147,0.0,-0.1224084347486496,-0.02308133989572525
2020-06-15T04:00:00.000000000,0.0,-2593.2772081414855,-379.3955565480391,2593.2772081414855,379.3955565480391,0.0,-0.12235425412654877,-0.017900384962558746
2020-06-15T04:15:00.000000000,0.0,-2548.9135468490917,-221.92902374997735,2548.9135468490917,221.92902374997735,0.0,-0.12026111781597137,-0.010470905341207981
2020-06-15T04:30:00.000000000,0.0,-2483.232790683905,-3.082020210009068,2483.232790683905,3.082020210009068,0.0,-0.11716221272945404,-0.00014541379641741514
2020-06-15T04:45:00.000000000,0.0,-2412.9914850052196,251.86532822832464,2412.9914850052196,-251.86532822832464,0.0,-0.11384813487529755,0.01188333984464407
2020-06-15T05:00:00.000000000,0.0,-2342.933359293143,514.9029368468125,2342.933359293143,-514.9029368468125,0.0,-0.11054269969463348,0.024293802678585052
2020-06-15T05:15:00.000000000,0.0,-2309.996337986787,847.3581532100836,2309.996337986787,-847.3581532100836,0.0,-0.1089886873960495,0.0399794802069664
2020-06-15T05:30:00.000000000,0.0,-2270.6644408806164,1167.1486856750646,2270.6644408806164,-1167.1486856750646,0.0,-0.10713295638561249,0.05506762117147446
2020-06-15T05:45:00.000000000,0.0,-2113.568038206895,1489.7393450089294,2113.568038206895,-1489.7393450089294,0.0,-0.09972093999385834,0.07028787583112717
2020-06-15T06:00:00.000000000,242.756666666666,-1922.4108998799322,1758.1491601502894,2165.167566546598,-1515.3924934836234,0.011453581125457,-0.09070189297199249,0.08295180648565292
2020-06-15T06:15:00.000000000,718.7200000000008,-1629.0886092797914,2121.934467354218,2347.808609279792,-1403.2144673542175,0.0339101617249996,-0.07686255872249603,0.10011567920446396
2020-06-15T06:30:00.000000000,1893.7876190476188,-1146.3013842511177,2633.160066371361,3040.0890032987363,-739.3724473237423,0.0893514086636056,-0.054084017872810364,0.12423598021268845
2020-06-15T06:45:00.000000000,2708.16476190477,-246.5669069118301,3609.59219312191,2954.7316688166,-901.4274312171401,0.127774801110496,-0.011633353307843208,0.17030534148216248
2020-06-15T07:00:00.000000000,4421.725714285718,992.097961739699,4704.186294384797,3429.627752546019,-282.4605800990794,0.208622876885321,0.04680849611759186,0.2219497412443161
2020-06-15T07:15:00.000000000,5187.567619047621,2768.087745241324,6099.549899373054,2419.479873806297,-911.9822803254337,0.244756312501775,0.13060204684734344,0.2877848446369171
2020-06-15T07:30:00.000000000,4842.041428571434,4653.0354995020225,7322.141002303759,189.00592906941165,-2480.0995737323246,0.228453929098961,0.21953637897968292,0.34546831250190735
2020-06-15T07:45:00.000000000,9476.734285714278,6057.878983589808,7683.451484993298,3418.8553021244697,1793.2828007209791,0.447124877912705,0.28581875562667847,0.3625154197216034
2020-06-15T08:00:00.000000000,10876.183333333332,8293.554471710522,9541.46736257712,2582.6288616228103,1334.7159707562132,0.513152737900821,0.39130088686943054,0.4501790702342987
2020-06-15T08:15:00.000000000,12620.513333333334,10458.944438298542,10878.637534621555,2161.568895034792,1741.8757987117788,0.595452538103638,0.493466854095459,0.5132685303688049
2020-06-15T08:30:00.000000000,14236.729523809521,12237.659813372293,11805.947584619522,1999.0697104372284,2430.7819391899993,0.671707759054231,0.5773890018463135,0.5570202469825745
2020-06-15T08:45:00.000000000,15184.178095238098,13695.467889839807,12296.910321054458,1488.7102053982908,2887.2677741836396,0.716409637787622,0.6461703181266785,0.5801845192909241
2020-06-15T09:00:00.000000000,10776.784285714284,14213.642326141991,11713.304000679651,-3436.8580404277072,-936.5197149653668,0.508462959155172,0.67061847448349,0.552649199962616
2020-06-15T09:15:00.000000000,10616.200000000006,14188.04513660113,10948.03621245384,-3571.845136601123,-331.8362124538344,0.500886379820988,0.669410765171051,0.5165428519248962
2020-06-15T09:30:00.000000000,7090.110476190481,13965.197232395807,10811.677045310338,-6875.086756205326,-3721.5665691198574,0.334520804897224,0.6588965058326721,0.5101092457771301
2020-06-15T09:45:00.000000000,10497.716666666662,12881.846906979878,8937.397944966951,-2384.130240313216,1560.3187216997103,0.495296179193413,0.6077826023101807,0.4216782748699188
2020-06-15T10:00:00.000000000,13908.090952380955,12843.827589082717,10580.514665586154,1064.263363298238,3327.5762867948015,0.656202155889973,0.6059888005256653,0.499202698469162
2020-06-15T10:15:00.000000000,12550.119999999992,14290.138280197778,14050.642475303013,-1740.0182801977862,-1500.5224753030216,0.592131287383336,0.6742276549339294,0.6629279255867004
2020-06-15T10:30:00.000000000,11044.624761904763,14845.384551811218,14530.298586212793,-3800.759789906455,-3485.673824308031,0.521100027643763,0.7004249095916748,0.6855587363243103
2020-06-15T10:45:00.000000000,7890.900000000001,14987.437457640965,13772.651084597905,-7096.537457640964,-5881.751084597904,0.372303115477236,0.7071271538734436,0.6498119235038757
2020-06-15T11:00:00.000000000,7630.146190476192,13123.11892589569,10243.887999224662,-5492.972735419497,-2613.7418087484702,0.360000405310047,0.6191661357879639,0.4833202064037323
2020-06-15T11:15:00.000000000,12056.030000000006,12205.83576827685,9502.724167984326,-149.80576827684308,2553.3058320156797,0.568819466637142,0.5758875012397766,0.448351114988327
2020-06-15T11:30:00.000000000,8937.767142857136,13584.697069066364,13379.822277860641,-4646.929926209228,-4442.055135003506,0.421695694115473,0.6409440040588379,0.6312777400016785
2020-06-15T11:45:00.000000000,7369.579999999998,15098.895519116719,14917.894762455622,-7729.315519116721,-7548.314762455624,0.347706547258073,0.712385892868042,0.7038460373878479
2020-06-15T12:00:00.000000000,9890.74666666667,15152.552089611689,13506.052224505742,-5261.805422945019,-3615.305557839072,0.466658530509332,0.7149174809455872,0.6372334361076355
2020-06-15T12:15:00.000000000,12718.292380952373,14721.51952170054,13531.308320315678,-2003.2271407481676,-813.0159393633057,0.60006588310319,0.6945807933807373,0.6384250521659851
2020-06-15T12:30:00.000000000,9683.186666666676,15298.28249118487,15228.499767077763,-5615.095824518194,-5545.313100411087,0.456865574744026,0.7217932343482971,0.7185007929801941
2020-06-15T12:45:00.000000000,7616.791428571432,16159.521422192254,14948.428967924117,-8542.729993620822,-7331.637539352685,0.359370309951647,0.7624276280403137,0.7052866816520691
2020-06-15T13:00:00.000000000,9074.15333333334,15075.478802833557,12097.2795301342,-6001.325469500218,-3023.1261968008603,0.428130575259875,0.7112810611724854,0.5707656741142273
2020-06-15T13:15:00.000000000,4098.588095238099,13602.743454052606,10837.587535759607,-9504.155358814507,-6738.9994405215075,0.193376815941788,0.6417954564094543,0.5113317370414734
2020-06-15T13:30:00.000000000,8877.599523809515,11476.974050931929,8077.1949282534915,-2599.3745271224143,800.4045955560232,0.418856906141696,0.5414988398551941,0.38109275698661804
2020-06-15T13:45:00.000000000,13761.643333333326,10868.664964577356,8604.644587416647,2892.97836875597,5156.998745916679,0.649292563216684,0.512798011302948,0.4059785306453705
2020-06-15T14:00:00.000000000,14503.103809523811,11217.35876915296,10550.061311964988,3285.7450403708517,3953.042497558823,0.684275650733818,0.5292498469352722,0.4977658689022064
2020-06-15T14:15:00.000000000,6757.499999999993,13899.161486088435,14381.86975423495,-7141.661486088442,-7624.369754234956,0.318827802004514,0.6557808518409729,0.6785556674003601
2020-06-15T14:30:00.000000000,12002.200476190481,13437.353420476913,12034.204982735315,-1435.152944286432,-32.00450654483393,0.566279718393096,0.6339921355247498,0.5677897334098816
2020-06-15T14:45:00.000000000,10658.305714285723,11297.758351462682,9733.445020823478,-639.4526371769589,924.8606934622458,0.502872983200573,0.5330432057380676,0.45923683047294617
2020-06-15T15:00:00.000000000,9275.715238095232,9439.166404466629,8508.332350904146,-163.45116637139654,767.3828871910864,0.437640532945865,0.44535237550735474,0.40143439173698425
2020-06-15T15:15:00.000000000,14124.253333333338,7568.741031627655,7419.523262483279,6555.512301705683,6704.730070850059,0.666400983384625,0.35710322856903076,0.35006293654441833
2020-06-15T15:30:00.000000000,11093.575238095236,8185.612833938598,9340.79307750225,2907.9624041566385,1752.7821605929857,0.523409575957619,0.38620805740356445,0.44071099162101746
2020-06-15T15:45:00.000000000,4081.5804761904824,6747.525028359095,7782.596062782605,-2665.9445521686125,-3701.015586592123,0.192574373944262,0.3183571696281433,0.36719319224357605
2020-06-15T16:00:00.000000000,6685.22,4639.504184865156,5168.933450977802,2045.715815134844,1516.2865490221984,0.315417535851516,0.2188979536294937,0.2438771277666092
2020-06-15T16:15:00.000000000,8435.64,2969.1012290819485,3950.0994323277473,5466.53877091805,4485.540567672252,0.398004670322066,0.1400861293077469,0.18637092411518097
2020-06-15T16:30:00.000000000,8153.1538095238,2174.3206216152507,4034.3217910440762,5978.833187908549,4118.832018479724,0.384676597631551,0.10258732736110687,0.1903446465730667
2020-06-15T16:45:00.000000000,8797.019523809518,2702.393724319935,5298.159969214598,6094.625799489584,3498.85955459492,0.415055034993265,0.12750251591205597,0.24997420608997345
2020-06-15T17:00:00.000000000,5338.022380952387,3111.6329294451075,5832.957355831464,2226.3894515072793,-494.93497487907734,0.25185496748353,0.14681096374988556,0.27520665526390076
2020-06-15T17:15:00.000000000,2038.9604761904768,1434.4813710300127,3921.2277429699893,604.4791051604641,-1882.2672667795125,0.0962008563814854,0.0676807314157486,0.1850087195634842
2020-06-15T17:30:00.000000000,3480.4600000000037,-707.8244456624984,1581.7796983691055,4188.284445662503,1898.6803016308982,0.164212713542676,-0.03339609503746033,0.07463046163320541
2020-06-15T17:45:00.000000000,2767.3200000000097,-1661.6892742681503,881.8477826472123,4429.00927426816,1885.4722173527975,0.130565823609787,-0.07840070128440857,0.04160674661397934
2020-06-15T18:00:00.000000000,2054.8623809523806,-1990.5920625893273,743.7528274063269,4045.454443541708,1311.1095535460536,0.0969511293142154,-0.09391877055168152,0.03509124368429184
2020-06-15T18:15:00.000000000,1372.708571428571,-1673.9934410425026,993.6861004674435,3046.7020124710734,379.0224709611276,0.0647662088969779,-0.07898122817277908,0.04688342660665512
2020-06-15T18:30:00.000000000,732.2933333333334,-1630.0444612952072,881.2060211090246,2362.3377946285405,-148.9126877756912,0.0345505695729524,-0.07690765708684921,0.04157646745443344
2020-06-15T18:45:00.000000000,148.84047619047553,-2151.9249757321672,291.0077288173139,2300.7654519226426,-142.16725262683835,0.0070224908432282,-0.10153067111968994,0.013730130158364773
2020-06-15T19:00:00.000000000,0.0,-2435.6198957769075,-66.03402899518609,2435.6198957769075,66.03402899518609,0.0,-0.11491577327251434,-0.003115572966635227
2020-06-15T19:15:00.000000000,0.0,-2543.199595201015,-257.93841525490086,2543.199595201015,257.93841525490086,0.0,-0.11999152600765228,-0.012169876135885715
2020-06-15T19:30:00.000000000,0.0,-2456.1947959574063,-251.7526172790428,2456.1947959574063,251.7526172790428,0.0,-0.11588652431964874,-0.011878021992743015
2020-06-15T19:45:00.000000000,0.0,-2278.063016566435,-116.83615028634667,2278.063016566435,116.83615028634667,0.0,-0.10748203098773956,-0.005512484349310398
2020-06-15T20:00:00.000000000,0.0,-2097.3749291586873,52.07283361340562,2097.3749291586873,-52.07283361340562,0.0,-0.09895692765712738,0.0024568652734160423
2020-06-15T20:15:00.000000000,0.0,-1968.561039588054,157.21939775690436,1968.561039588054,-157.21939775690436,0.0,-0.09287931770086288,0.0074178194627165794
2020-06-15T20:30:00.000000000,0.0,-1844.0997271033127,221.9444598204394,1844.0997271033127,-221.9444598204394,0.0,-0.0870070680975914,0.01047163363546133
2020-06-15T20:45:00.000000000,0.0,-1749.325412741502,241.09497784679132,1749.325412741502,-241.09497784679132,0.0,-0.08253549039363861,0.011375180445611477
2020-06-15T21:00:00.000000000,0.0,-1672.2265439335504,248.34827286943792,1672.2265439335504,-248.34827286943792,0.0,-0.0788978636264801,0.011717400513589382
2020-06-15T21:15:00.000000000,0.0,-1610.5154239757856,261.1367611589531,1610.5154239757856,-261.1367611589531,0.0,-0.07598625123500824,0.012320778332650661
2020-06-15T21:30:00.000000000,0.0,-1574.1519898112615,257.7157173687716,1574.1519898112615,-257.7157173687716,0.0,-0.0742705762386322,0.012159368954598904
2020-06-15T21:45:00.000000000,0.0,-1523.7127543505032,247.74820056503017,1523.7127543505032,-247.74820056503017,0.0,-0.07189078629016876,0.011689088307321072
2020-06-15T22:00:00.000000000,0.0,-1462.0398495237032,255.88012777234115,1462.0398495237032,-255.88012777234115,0.0,-0.06898097693920135,0.012072763405740261
2020-06-15T22:15:00.000000000,0.0,-1411.5109190448125,261.8480047534406,1411.5109190448125,-261.8480047534406,0.0,-0.06659695506095886,0.012354335747659206
2020-06-15T22:30:00.000000000,0.0,-1411.2620469522476,241.3748010371625,1411.2620469522476,-241.3748010371625,0.0,-0.06658521294593811,0.011388382874429226
2020-06-15T22:45:00.000000000,0.0,-1450.4249763305982,207.27679773554203,1450.4249763305982,-207.27679773554203,0.0,-0.06843297183513641,0.009779593907296658
2020-06-15T23:00:00.000000000,0.0,-1507.5720726720492,177.35529767259953,1507.5720726720492,-177.35529767259953,0.0,-0.07112924754619598,0.00836785789579153
2020-06-15T23:15:00.000000000,0.0,-1558.0959499104817,165.9867699518303,1558.0959499104817,-165.9867699518303,0.0,-0.07351303100585938,0.00783147569745779
2020-06-15T23:30:00.000000000,0.0,-1638.9973821632066,131.90139975135523,1638.9973821632066,-131.90139975135523,0.0,-0.07733006775379181,0.006223282776772976
2020-06-15T23:45:00.000000000,0.0,-1787.4817997860907,12.965808175026128,1787.4817997860907,-12.965808175026128,0.0,-0.08433575928211212,0.000611744006164372
2020-06-16T00:00:00.000000000,0.0,-1960.7599417169888,-117.1216583722333,1960.7599417169888,117.1216583722333,0.0,-0.09251125156879425,-0.005525954999029636
2020-06-16T00:15:00.000000000,0.0,-2073.776296219031,-223.29466198379794,2073.776296219031,223.29466198379794,0.0,-0.09784351289272308,-0.010535337962210178
2020-06-16T00:30:00.000000000,0.0,-2086.9128264451024,-294.33564296498895,2086.9128264451024,294.33564296498895,0.0,-0.09846331179141998,-0.013887145556509495
2020-06-16T00:45:00.000000000,0.0,-2063.17901932319,-378.40764803846673,2063.17901932319,378.40764803846673,0.0,-0.09734351933002472,-0.01785377413034439
2020-06-16T01:00:00.000000000,0.0,-2141.014082100391,-525.5441137691339,2141.014082100391,525.5441137691339,0.0,-0.10101588070392609,-0.02479586750268936
2020-06-16T01:15:00.000000000,0.0,-2225.874412424564,-658.4733939516544,2225.874412424564,658.4733939516544,0.0,-0.1050197035074234,-0.03106764703989029
2020-06-16T01:30:00.000000000,0.0,-2280.1708494925497,-769.6396307909488,2280.1708494925497,769.6396307909488,0.0,-0.1075814813375473,-0.03631261736154556
2020-06-16T01:45:00.000000000,0.0,-2262.522407192389,-846.6863880566756,2262.522407192389,846.6863880566756,0.0,-0.1067488044500351,-0.039947785437107086
2020-06-16T02:00:00.000000000,0.0,-2208.9365820638336,-870.7221262959639,2208.9365820638336,870.7221262959639,0.0,-0.10422055423259735,-0.04108182340860367
2020-06-16T02:15:00.000000000,0.0,-2219.907167098522,-878.6279209927717,2219.907167098522,878.6279209927717,0.0,-0.10473816096782684,-0.04145482927560806
2020-06-16T02:30:00.000000000,0.0,-2262.4845078889525,-903.848644119501,2262.4845078889525,903.848644119501,0.0,-0.10674701631069183,-0.04264477640390396
2020-06-16T02:45:00.000000000,0.0,-2320.6435156321522,-937.4754327483971,2320.6435156321522,937.4754327483971,0.0,-0.10949103534221649,-0.04423133283853531
2020-06-16T03:00:00.000000000,0.0,-2352.059511560599,-929.042837733825,2352.059511560599,929.042837733825,0.0,-0.1109732836484909,-0.043833471834659576
2020-06-16T03:15:00.000000000,0.0,-2405.598594214916,-967.6925473781426,2405.598594214916,967.6925473781426,0.0,-0.11349932849407196,-0.04565701633691788
2020-06-16T03:30:00.000000000,0.0,-2503.0642328619956,-893.4301256048678,2503.0642328619956,893.4301256048678,0.0,-0.11809788644313812,-0.042153216898441315
2020-06-16T03:45:00.000000000,0.0,-2598.9924230996767,-776.83165527304,2598.9924230996767,776.83165527304,0.0,-0.12262390553951263,-0.03665194660425186
2020-06-16T04:00:00.000000000,0.0,-2683.0379183999694,-657.485485442082,2683.0379183999694,657.485485442082,0.0,-0.12658928334712982,-0.031021036207675934
2020-06-16T04:15:00.000000000,0.0,-2707.423593540986,-556.4876317147414,2707.423593540986,556.4876317147414,0.0,-0.1277398318052292,-0.02625582367181778
2020-06-16T04:30:00.000000000,0.0,-2688.5484771196047,-467.261301634709,2688.5484771196047,467.261301634709,0.0,-0.12684927880764008,-0.022046007215976715
2020-06-16T04:45:00.000000000,0.0,-2655.6645148380594,-333.280947436889,2655.6645148380594,333.280947436889,0.0,-0.12529776990413666,-0.015724636614322662
2020-06-16T05:00:00.000000000,0.0,-2617.7424718197185,-141.98549639160433,2617.7424718197185,141.98549639160433,0.0,-0.12350855767726898,-0.006699063815176487
2020-06-16T05:15:00.000000000,0.0,-2562.2300987664858,123.71641351923346,2562.2300987664858,-123.71641351923346,0.0,-0.12088941037654877,0.00583710428327322
2020-06-16T05:30:00.000000000,0.0,-2515.5002576295533,422.3338882037004,2515.5002576295533,-422.3338882037004,0.0,-0.11868463456630707,0.019926272332668304
2020-06-16T05:45:00.000000000,0.0,-2442.737384962241,738.5618861456711,2442.737384962241,-738.5618861456711,0.0,-0.1152515858411789,0.03484632819890976
2020-06-16T06:00:00.000000000,165.5366666666663,-2318.686648264726,1033.8239894266922,2484.2233149313925,-868.2873227600259,0.007810239228189,-0.10939870774745941,0.04877718538045883
2020-06-16T06:15:00.000000000,798.4252380952375,-2062.5404160602884,1406.3716155850886,2860.965654155526,-607.9463774898511,0.0376707604479224,-0.09731338918209076,0.06635447591543198
2020-06-16T06:30:00.000000000,1579.0414285714282,-1490.1977686667442,2044.314167296489,3069.2391972381724,-465.27273872506066,0.0745012664366255,-0.07030950486660004,0.09645345062017441
2020-06-16T06:45:00.000000000,2579.8799999999933,-583.5251921783884,2973.8714880744615,3163.4051921783816,-393.9914880744682,0.121722156098469,-0.027531491592526436,0.14031119644641876
2020-06-16T07:00:00.000000000,3561.532857142857,624.7443956388036,4098.772083157698,2936.788461504054,-537.2392260148408,0.16803783834402,0.029476268216967583,0.19338549673557281
2020-06-16T07:15:00.000000000,4335.499523809528,2110.6333688108125,5276.853612477779,2224.8661549987155,-941.3540886682513,0.204554610990427,0.0995824784040451,0.2489689439535141
2020-06-16T07:30:00.000000000,5516.687619047616,3611.407885584036,6233.55678308328,1905.2797334635798,-716.8691640356637,0.260284630103806,0.1703910082578659,0.29410746693611145
2020-06-16T07:45:00.000000000,6427.869523809531,5102.826959304014,7105.946952471732,1325.0425645055166,-678.0774286622018,0.303275399459563,0.24075813591480255,0.3352679908275604
2020-06-16T08:00:00.000000000,7945.800000000002,6485.512615637779,7778.348814177512,1460.2873843622228,167.4511858224896,0.374893370206063,0.30599507689476013,0.3669928014278412
2020-06-16T08:15:00.000000000,9765.133333333331,7884.884387791951,8540.368632098833,1880.2489455413806,1224.7647012344987,0.460731927036283,0.37201929092407227,0.4029459059238434
2020-06-16T08:30:00.000000000,10888.764285714286,9377.37285352389,9460.508133886655,1511.3914321903958,1428.2561518276307,0.513746323900783,0.4424368739128113,0.4463593065738678
2020-06-16T08:45:00.000000000,11109.108571428575,10692.858939107258,10043.117702581087,416.2496323213163,1065.990868847488,0.524142459202084,0.5045032501220703,0.4738475978374481
2020-06-16T09:00:00.000000000,11840.546666666658,11506.040290047327,10073.85151104768,334.5063766193307,1766.6951556189779,0.558652677508725,0.5428702235221863,0.4752976596355438
2020-06-16T09:15:00.000000000,9404.252380952383,11932.207850707371,9896.894610063235,-2527.9554697549884,-492.642229110852,0.443705085625567,0.5629773736000061,0.46694859862327576
2020-06-16T09:30:00.000000000,12449.395714285722,11572.76327705701,8952.64862466971,876.6324372287108,3496.747089616012,0.587378982148744,0.5460183024406433,0.42239782214164734
2020-06-16T09:45:00.000000000,13932.631904761904,11825.312865365346,9523.15189253648,2107.319039396558,4409.480012225424,0.657360030533956,0.5579339265823364,0.4493149220943451
2020-06-16T10:00:00.000000000,14644.0619047619,12513.792874898909,10651.418577419916,2130.2690298629914,3992.6433273419843,0.690926240401521,0.5904173254966736,0.5025480389595032
2020-06-16T10:15:00.000000000,16811.406666666655,13220.093136908212,11484.685295871099,3591.313529758443,5326.721370795556,0.79318443746021,0.6237415075302124,0.5418626666069031
2020-06-16T10:30:00.000000000,14910.098571428565,14115.430071217219,12361.402302401859,794.6685002113463,2548.6962690267064,0.70347820276718,0.6659846901893616,0.5832273364067078
2020-06-16T10:45:00.000000000,15745.961904761903,13878.6225902462,11407.949312893548,1867.3393145157042,4338.012591868355,0.742915342144588,0.6548117995262146,0.5382421612739563
2020-06-16T11:00:00.000000000,14481.264761904757,13909.154269094466,11232.96317568779,572.1104928102905,3248.301586216967,0.683245255535852,0.6562523245811462,0.5299860835075378
2020-06-16T11:15:00.000000000,16333.369523809513,13786.820370842615,11014.352413606643,2546.549152966898,5319.017110202871,0.770630011780053,0.6504804491996765,0.5196717381477356
2020-06-16T11:30:00.000000000,22953.673333333372,14012.443767369587,11661.614404033024,8941.229565963786,11292.058929300349,1.08298471576712,0.661125659942627,0.5502104163169861
2020-06-16T11:45:00.000000000,15019.400952380951,15798.272841698328,14641.904454971947,-778.8718893173773,377.4964974090035,0.708635233898946,0.7453834414482117,0.6908244490623474
2020-06-16T12:00:00.000000000,15054.616190476181,16023.267109788258,14030.022727613448,-968.6509193120764,1024.5934628627328,0.710296735483699,0.755998969078064,0.6619550585746765
2020-06-16T12:15:00.000000000,11476.45190476191,15587.006964623133,12560.454497289657,-4110.555059861223,-1084.002592527746,0.541474204307179,0.7354156374931335,0.5926188826560974
2020-06-16T12:30:00.000000000,16730.173333333343,14202.333173996607,10125.657332224846,2527.840159336736,6604.516001108497,0.789351741179609,0.6700848937034607,0.47774192690849304
2020-06-16T12:45:00.000000000,18254.20333333333,13779.351681445438,10881.323331925074,4474.851651887893,7372.880001408257,0.861257495539792,0.6501280665397644,0.5133952498435974
2020-06-16T13:00:00.000000000,19207.929047619047,15248.719045461017,13212.645923782984,3959.21000215803,5995.283123836063,0.906255538188834,0.7194547653198242,0.6233901381492615
2020-06-16T13:15:00.000000000,18791.83761904761,15722.998508523304,14022.86733912468,3068.8391105243045,4768.970279922929,0.88662379337132,0.74183189868927,0.6616174578666687
2020-06-16T13:30:00.000000000,11313.669523809518,15714.387786782581,13768.71461028099,-4400.718262973063,-2455.045086471471,0.533793915927732,0.741425633430481,0.6496261954307556
2020-06-16T13:45:00.000000000,14014.28666666667,13542.987622324625,10602.697759542465,471.2990443420458,3411.5889071242054,0.661212610372846,0.6389760971069336,0.5002493262290955
2020-06-16T14:00:00.000000000,15014.406190476193,12558.188118944166,10243.382675178846,2456.2180715320264,4771.023515297347,0.708399574415464,0.5925119519233704,0.48329636454582214
2020-06-16T14:15:00.000000000,4962.125238095232,12145.860120588937,10652.76526600202,-7183.734882493705,-5690.6400279067875,0.234119642313434,0.5730577707290649,0.5026115775108337
2020-06-16T14:30:00.000000000,0.0,12486.22492157936,11909.326777912775,-12486.22492157936,-11909.326777912775,0.0,0.589116632938385,0.5618978142738342
2020-06-16T14:45:00.000000000,11906.684761904762,12991.147234779994,12710.111266698836,-1084.4624728752315,-803.4265047940735,0.561773160458563,0.6129395365715027,0.5996798872947693
2020-06-16T15:00:00.000000000,11692.64333333333,11404.35393230756,10975.914940061568,288.2894010257696,716.7283932717619,0.551674402306978,0.5380725264549255,0.5178582072257996
2020-06-16T15:15:00.000000000,12221.565238095232,9444.636537262599,9338.655556788444,2776.9287008326337,2882.909681306788,0.576629638463438,0.4456104636192322,0.4406101405620575
2020-06-16T15:30:00.000000000,14169.370476190468,7662.261352787017,8540.80447408835,6507.109123403451,5628.566002102118,0.668529669953602,0.3615156412124634,0.4029664695262909
2020-06-16T15:45:00.000000000,10698.23666666667,6741.274169912338,8884.081204892793,3956.9624967543314,1814.1554617738766,0.504756978432473,0.3180622458457947,0.41916272044181824
2020-06-16T16:00:00.000000000,5881.867142857145,5921.9758713976535,8261.231419119835,-40.10872854050831,-2379.3642762626896,0.277514283809059,0.27940666675567627,0.3897758424282074
2020-06-16T16:15:00.000000000,8100.710952380955,3836.001052712599,5685.230924277305,4264.709899668356,2415.4800281036496,0.382202274157827,0.18098761141300201,0.2682367265224457
2020-06-16T16:30:00.000000000,4608.639047619057,2236.138175450166,4817.417411606311,2372.5008721688914,-208.77836398725412,0.217441695565603,0.10550396144390106,0.22729213535785675
2020-06-16T16:45:00.000000000,3927.7952380952424,569.8921021204193,3394.5183835339544,3357.9031359748233,533.276854561288,0.185318582683789,0.02688826434314251,0.16015787422657013
2020-06-16T17:00:00.000000000,2775.706666666678,-308.44257301201424,2657.8291967193286,3084.149239678692,117.87746994734925,0.130961517653365,-0.014552729204297066,0.1253999024629593
2020-06-16T17:15:00.000000000,1151.77619047619,-1005.1768534417946,1838.7672951098282,2156.953043917985,-686.9911046336381,0.054342326483264,-0.04742557555437088,0.08675547689199448
2020-06-16T17:30:00.000000000,2245.1809523809557,-2371.340150528749,402.5807712527116,4616.5211029097045,1842.600181128244,0.105930611638923,-0.11188296973705292,0.018994294106960297
2020-06-16T17:45:00.000000000,1804.5642857142848,-2422.42683242321,540.1628225870927,4226.991118137495,1264.401463127192,0.0851417335982437,-0.11429330706596375,0.025485597550868988
2020-06-16T18:00:00.000000000,835.1233333333328,-2560.868882118066,462.5602088709672,3395.992215451399,372.5631244623656,0.0394022251970921,-0.12082518637180328,0.021824203431606293
2020-06-16T18:15:00.000000000,512.2266666666662,-2729.818923596541,175.4022202355166,3242.0455902632075,336.8244464311496,0.0241675327060943,-0.12879647314548492,0.008275709114968777
2020-06-16T18:30:00.000000000,258.9352380952375,-2894.2744235150017,-153.88082443013786,3153.209661610239,412.81606252537534,0.0122169075580348,-0.13655570149421692,-0.007260301150381565
2020-06-16T18:45:00.000000000,0.0,-3233.8695528181393,-533.7417331024011,3233.8695528181393,533.7417331024011,0.0,-0.15257824957370758,-0.02518264204263687
2020-06-16T19:00:00.000000000,0.0,-3241.489523601532,-597.1965368457635,3241.489523601532,597.1965368457635,0.0,-0.15293776988983154,-0.028176523745059967
2020-06-16T19:15:00.000000000,0.0,-3051.5435838468866,-586.027612123092,3051.5435838468866,586.027612123092,0.0,-0.1439758688211441,-0.02764955908060074
2020-06-16T19:30:00.000000000,0.0,-2851.8218345983823,-536.2531936101118,2851.8218345983823,536.2531936101118,0.0,-0.1345527321100235,-0.025301136076450348
2020-06-16T19:45:00.000000000,0.0,-2609.59380575339,-386.8137135406335,2609.59380575339,386.8137135406335,0.0,-0.12312409281730652,-0.01825038343667984
2020-06-16T20:00:00.000000000,0.0,-2322.7766147605575,-205.0297243477404,2322.7766147605575,205.0297243477404,0.0,-0.10959167778491974,-0.00967357400804758
2020-06-16T20:15:00.000000000,0.0,-2026.7731063560643,-27.914907131573806,2026.7731063560643,27.914907131573806,0.0,-0.09562584012746811,-0.0013170622987672687
2020-06-16T20:30:00.000000000,0.0,-1835.856154864629,46.829464982996384,1835.856154864629,-46.829464982996384,0.0,-0.08661812543869019,0.0022094761952757835
2020-06-16T20:45:00.000000000,0.0,-1643.8946038222311,128.739334534655,1643.8946038222311,-128.739334534655,0.0,-0.07756112515926361,0.006074092350900173
2020-06-16T21:00:00.000000000,0.0,-1426.1520516173043,236.4238886982699,1426.1520516173043,-236.4238886982699,0.0,-0.06728774309158325,0.01115479227155447
2020-06-16T21:15:00.000000000,0.0,-1278.7771361025173,289.6774632667005,1278.7771361025173,-289.6774632667005,0.0,-0.060334399342536926,0.013667366467416286
2020-06-16T21:30:00.000000000,0.0,-1202.1785380999247,335.684710757335,1202.1785380999247,-335.684710757335,0.0,-0.05672037601470947,0.015838049352169037
2020-06-16T21:45:00.000000000,0.0,-1174.7681827171643,389.4031834479173,1174.7681827171643,-389.4031834479173,0.0,-0.05542711913585663,0.018372558057308197
2020-06-16T22:00:00.000000000,0.0,-1210.6938799269992,377.4623762452602,1210.6938799269992,-377.4623762452602,0.0,-0.05712214112281799,0.017809174954891205
2020-06-16T22:15:00.000000000,0.0,-1242.8909173337618,311.7285413160423,1242.8909173337618,-311.7285413160423,0.0,-0.05864124000072479,0.01470776554197073
2020-06-16T22:30:00.000000000,0.0,-1290.3143157235781,208.08152627850572,1290.3143157235781,-208.08152627850572,0.0,-0.06087873876094818,0.009817562066018581
2020-06-16T22:45:00.000000000,0.0,-1304.221149291992,138.79654635652898,1304.221149291992,-138.79654635652898,0.0,-0.061534881591796875,0.006548604927957058
2020-06-16T23:00:00.000000000,0.0,-1307.946966647307,74.06643105253576,1307.946966647307,-74.06643105253576,0.0,-0.061710670590400696,0.0034945523366332054
2020-06-16T23:15:00.000000000,0.0,-1366.3832709606488,12.183819214124231,1366.3832709606488,-12.183819214124231,0.0,-0.06446777284145355,0.0005748487310484052
2020-06-16T23:30:00.000000000,0.0,-1439.3981739958126,-69.45696775053938,1439.3981739958126,69.45696775053938,0.0,-0.06791271269321442,-0.003277071751654148
2020-06-16T23:45:00.000000000,0.0,-1539.0152297679583,-136.094681327492,1539.0152297679583,136.094681327492,0.0,-0.07261277735233307,-0.0064211273565888405
2020-06-17T00:00:00.000000000,0.0,-1582.1566385245321,-172.43316511725385,1582.1566385245321,172.43316511725385,0.0,-0.07464824616909027,-0.008135625161230564
2020-06-17T00:15:00.000000000,0.0,-1668.176055878798,-215.23221683278678,1668.176055878798,215.23221683278678,0.0,-0.078706756234169,-0.010154941119253635
2020-06-17T00:30:00.000000000,0.0,-1758.6416931811968,-252.4708090791603,1758.6416931811968,252.4708090791603,0.0,-0.08297504484653473,-0.011911907233297825
2020-06-17T00:45:00.000000000,0.0,-1880.1992873676618,-320.7160847768684,1880.1992873676618,320.7160847768684,0.0,-0.08871029317378998,-0.015131809748709202
2020-06-17T01:00:00.000000000,0.0,-2012.5095455940564,-403.19505579590793,2012.5095455940564,403.19505579590793,0.0,-0.09495286643505096,-0.01902327686548233
2020-06-17T01:15:00.000000000,0.0,-2112.7607830437023,-479.53562270760534,2112.7607830437023,479.53562270760534,0.0,-0.09968285262584686,-0.02262512594461441
2020-06-17T01:30:00.000000000,0.0,-2151.1300378425913,-544.6782087639967,2151.1300378425913,544.6782087639967,0.0,-0.10149316489696503,-0.025698639452457428
2020-06-17T01:45:00.000000000,0.0,-2166.4944154556592,-590.0398850468794,2166.4944154556592,590.0398850468794,0.0,-0.10221807658672333,-0.02783886343240738
2020-06-17T02:00:00.000000000,0.0,-2185.863486131827,-630.7563700385888,2185.863486131827,630.7563700385888,0.0,-0.10313193500041962,-0.02975992113351822
2020-06-17T02:15:00.000000000,0.0,-2219.290671762625,-683.7711789953709,2219.290671762625,683.7711789953709,0.0,-0.10470907390117645,-0.03226123005151749
2020-06-17T02:30:00.000000000,0.0,-2258.964925909837,-736.2528710838159,2258.964925909837,736.2528710838159,0.0,-0.1065809577703476,-0.03473738580942154
2020-06-17T02:45:00.000000000,0.0,-2300.604890595277,-764.2806692850589,2300.604890595277,764.2806692850589,0.0,-0.10854558646678925,-0.036059774458408356
2020-06-17T03:00:00.000000000,0.0,-2345.247743422985,-734.8783896791934,2345.247743422985,734.8783896791934,0.0,-0.110651895403862,-0.034672535955905914
2020-06-17T03:15:00.000000000,0.0,-2413.297206052939,-707.4342407508691,2413.297206052939,707.4342407508691,0.0,-0.11386255919933319,-0.03337768465280533
2020-06-17T03:30:00.000000000,0.0,-2635.968246842225,-961.7069840554395,2635.968246842225,961.7069840554395,0.0,-0.12436847388744354,-0.045374609529972076
2020-06-17T03:45:00.000000000,0.0,-2955.1561803825693,-1325.3899631400902,2955.1561803825693,1325.3899631400902,0.0,-0.13942818343639374,-0.0625336542725563
2020-06-17T04:00:00.000000000,0.0,-3259.0429018155733,-1550.797333637476,3259.0429018155733,1550.797333637476,0.0,-0.1537659615278244,-0.07316867262125015
2020-06-17T04:15:00.000000000,0.0,-3494.4759013819694,-1612.998933747212,3494.4759013819694,1612.998933747212,0.0,-0.16487400233745575,-0.07610342651605606
2020-06-17T04:30:00.000000000,0.0,-3633.6623565618193,-1528.9824945795535,3633.6623565618193,1528.9824945795535,0.0,-0.1714410036802292,-0.07213941961526871
2020-06-17T04:45:00.000000000,0.0,-3695.708569527467,-1378.1230539413293,3695.708569527467,1378.1230539413293,0.0,-0.17436842620372772,-0.06502167135477066
2020-06-17T05:00:00.000000000,0.0,-3764.9771264179544,-1276.1410816347598,3764.9771264179544,1276.1410816347598,0.0,-0.17763660848140717,-0.06021002680063248
2020-06-17T05:15:00.000000000,0.0,-3826.832579556306,-1194.896344858408,3826.832579556306,1194.896344858408,0.0,-0.18055503070354462,-0.05637679249048233
2020-06-17T05:30:00.000000000,0.0,-3848.116196711063,-1104.196995184819,3848.116196711063,1104.196995184819,0.0,-0.181559219956398,-0.05209747701883316
2020-06-17T05:45:00.000000000,0.0,-3885.2846752460796,-988.7392938864231,3885.2846752460796,988.7392938864231,0.0,-0.18331287801265717,-0.046650029718875885
2020-06-17T06:00:00.000000000,33.85333333333315,-3922.719080560207,-853.5373188078403,3956.57241389354,887.3906521411734,0.001597245113902,-0.18507908284664154,-0.04027102142572403
2020-06-17T06:15:00.000000000,544.504761904761,-3851.8442248590786,-626.1440248103936,4396.34898676384,1170.6487867151545,0.0256904559998648,-0.1817351132631302,-0.029542304575443268
2020-06-17T06:30:00.000000000,1199.17238095238,-3578.387485810121,-197.33490244006117,4777.559866762501,1396.5072833924412,0.0565785415380788,-0.16883306205272675,-0.009310522116720676
2020-06-17T06:45:00.000000000,1294.0600000000009,-3001.5133450357116,465.87702957669893,4295.573345035713,828.1829704233019,0.0610554651072086,-0.1416153758764267,0.02198069542646408
2020-06-17T07:00:00.000000000,1405.6309523809534,-2285.8304788057007,1065.6518244524796,3691.4614311866544,339.9791279284739,0.0663195304442666,-0.10784851014614105,0.05027886480093002
2020-06-17T07:15:00.000000000,1667.2485714285713,-1570.0869736901918,1514.8091025769709,3237.335545118763,152.4394688516004,0.0786629962891214,-0.07407878339290619,0.0714707002043724
2020-06-17T07:30:00.000000000,2203.306666666661,-878.7569365382194,1916.5726700993378,3082.0636032048806,286.7339965673232,0.103954927365923,-0.04146091639995575,0.09042643755674362
2020-06-17T07:45:00.000000000,2854.2566666666617,-149.38235476523636,2496.3859018552303,3003.639021431898,357.8707648114314,0.134667610712551,-0.007048057392239571,0.11778279393911362
2020-06-17T08:00:00.000000000,4029.639047619046,675.89965158542,3310.562583251794,3353.739396033626,719.0764643672519,0.190123708534805,0.031889840960502625,0.156196728348732
2020-06-17T08:15:00.000000000,4007.647619047613,1731.4243084184327,4266.773378740151,2276.22331062918,-259.1257596925384,0.189086123801639,0.08169089257717133,0.20131202042102814
2020-06-17T08:30:00.000000000,4645.117619047629,2729.9161984753605,4968.920508747895,1915.2014205722685,-323.80288970026595,0.219162802890625,0.12880106270313263,0.23444025218486786
2020-06-17T08:45:00.000000000,5979.434285714293,3586.3545510474837,5389.687734495798,2393.079734666809,589.7465512184945,0.282117630861224,0.16920895874500275,0.2542926073074341
2020-06-17T09:00:00.000000000,4146.498571428569,4535.318368063768,5964.320131471952,-388.81979663519814,-1817.8215600433823,0.195637295677903,0.21398232877254486,0.2814045250415802
2020-06-17T09:15:00.000000000,4288.719999999998,4709.262906080086,5649.2973313792545,-420.54290608008796,-1360.577331379256,0.202347491085875,0.222189262509346,0.26654133200645447
2020-06-17T09:30:00.000000000,7786.637619047621,4646.073397460778,5525.490413533847,3140.564221586843,2261.1472055137747,0.367383878222215,0.21920789778232574,0.26069995760917664
2020-06-17T09:45:00.000000000,12768.910952380958,5415.753612089156,6513.400186416307,7353.157340291802,6255.510765964651,0.602454134360191,0.2555224299430847,0.3073108494281769
2020-06-17T10:00:00.000000000,12272.751428571426,7581.991891419092,9006.322881506283,4690.759537152334,3266.428547065143,0.579044670739059,0.35772842168807983,0.42493024468421936
2020-06-17T10:15:00.000000000,10257.048571428568,9482.832718575795,10332.763129092851,774.2158528527725,-75.71455766428335,0.483941139634793,0.4474126100540161,0.4875134527683258
2020-06-17T10:30:00.000000000,9960.244285714283,10163.180800902048,9303.333405985832,-202.9365151877646,656.9108797284516,0.469937520243035,0.4795123338699341,0.4389435946941376
2020-06-17T10:45:00.000000000,10945.492857142865,10014.927569030126,7834.189647860527,930.5652881127389,3111.303209282338,0.516422853052012,0.47251754999160767,0.369627445936203
2020-06-17T11:00:00.000000000,11188.360000000004,9943.915644181568,7774.82165233771,1244.4443558184357,3413.5383476622947,0.527881646590489,0.4691671133041382,0.3668263852596283
2020-06-17T11:15:00.000000000,7472.539523809526,10529.669591751099,9208.779697152773,-3057.1300679415726,-1736.240173343247,0.352564313987133,0.49680376052856445,0.4344824254512787
2020-06-17T11:30:00.000000000,13745.159047619043,10202.069276158014,8973.389650130272,3543.089771461029,4771.769397488772,0.648514812779111,0.48134714365005493,0.4233764111995697
2020-06-17T11:45:00.000000000,16593.00238095237,11099.232956892649,10408.598371958731,5493.769424059721,6184.404008993639,0.782879833928926,0.5236765146255493,0.49109145998954773
2020-06-17T12:00:00.000000000,11507.998095238096,12904.280767993927,12071.871837110519,-1396.2826727558313,-563.8737418724231,0.542962595364691,0.608841061592102,0.5695669054985046
2020-06-17T12:15:00.000000000,17500.507619047617,13494.16321301778,11491.178709859847,4006.344406029837,6009.3289091877705,0.825697133280682,0.6366724967956543,0.5421690344810486
2020-06-17T12:30:00.000000000,15889.846666666665,14733.947966607411,12590.147338221866,1155.8987000592533,3299.699328444798,0.749704015822729,0.6951671838760376,0.5940198302268982
2020-06-17T12:45:00.000000000,16868.869047619042,14198.931079858143,11802.655398461024,2669.9379677608995,5066.213649158019,0.795895588716887,0.6699243783950806,0.5568649172782898
2020-06-17T13:00:00.000000000,16675.518571428584,14593.181110474268,12424.73961830457,2082.3374609543152,4250.778953124014,0.786773057108995,0.6885256171226501,0.5862156748771667
2020-06-17T13:15:00.000000000,15151.054761904761,14778.731046857833,12418.49381309827,372.32371504692856,2732.560948806491,0.714846835040788,0.6972801089286804,0.5859209895133972
2020-06-17T13:30:00.000000000,14676.030000000002,13496.687306626636,10956.399325412114,1179.3426933733663,3719.6306745878883,0.692434537484619,0.6367915868759155,0.5169374346733093
2020-06-17T13:45:00.000000000,1781.924285714285,12872.06383345286,10969.158757568994,-11090.139547738574,-9187.234471854708,0.0840735484058823,0.60732102394104,0.5175394415855408
2020-06-17T14:00:00.000000000,7473.080952380954,13038.032463061014,11767.08563887596,-5564.95151068006,-4294.004686495006,0.352589859304391,0.6151516437530518,0.5551866888999939
2020-06-17T14:15:00.000000000,13247.161428571431,12847.069242836633,11017.76082429568,400.0921857347985,2229.400604275752,0.625018625389628,0.6061417460441589,0.5198325514793396
2020-06-17T14:30:00.000000000,10884.32666666666,11841.725790373484,9512.653785484632,-957.399123706824,1371.6728811820285,0.513536951155376,0.5587083101272583,0.4488196074962616
2020-06-17T14:45:00.000000000,11470.733809523803,9973.085474726358,8206.509878198305,1497.6483347974445,3264.2239313254977,0.541204416998793,0.47054338455200195,0.3871940076351166
2020-06-17T15:00:00.000000000,12426.556666666665,8438.585631135304,8371.632090029716,3987.971035531362,4054.9245766369495,0.586301405626027,0.3981436491012573,0.3949846923351288
2020-06-17T15:15:00.000000000,12868.019523809515,7864.647423067092,9172.565649409293,5003.372100742423,3695.453874400222,0.607130208054364,0.3710644841194153,0.43277379870414734
2020-06-17T15:30:00.000000000,8087.520000000002,7311.603100983301,8734.783215556145,775.9168990167009,-647.2632155561423,0.381579907549767,0.3449711203575134,0.4121186435222626
2020-06-17T15:45:00.000000000,7236.466666666663,5775.660557241439,6250.256479487419,1460.8061094252234,986.2101871792438,0.341426083849392,0.2725033164024353,0.29489538073539734
2020-06-17T16:00:00.000000000,6581.850952380958,4226.012677894433,4524.354731234709,2355.838274486525,2057.496221146249,0.310540447246606,0.19938887655735016,0.21346504986286163
2020-06-17T16:15:00.000000000,6512.576666666661,2999.4825740265846,3697.4399360394477,3513.0940926400767,2815.1367306272136,0.30727199467543,0.14151956140995026,0.1744501143693924
2020-06-17T16:30:00.000000000,6162.166190476192,2397.443295770486,3802.496805164814,3764.722894705706,2359.6693853113784,0.290739164202154,0.11311455070972443,0.17940683662891388
2020-06-17T16:45:00.000000000,4105.105714285705,2263.2405989925064,4030.655665091673,1841.8651152931989,74.45004919403209,0.193684325842676,0.1067826896905899,0.19017167389392853
2020-06-17T17:00:00.000000000,1186.0800000000008,1184.471036051909,3005.0171356383958,1.6089639480917413,-1818.937135638395,0.0559608256606015,0.055884912610054016,0.14178068935871124
2020-06-17T17:15:00.000000000,2962.2066666666706,-419.3447780373692,1207.3926926839351,3381.5514447040396,1754.8139739827354,0.139760834719416,-0.019785242155194283,0.0569663867354393
2020-06-17T17:30:00.000000000,3003.870000000006,-1145.8478559199968,956.2744347353776,4149.717855920003,2047.5955652646282,0.141726565979623,-0.054062619805336,0.0451182946562767
2020-06-17T17:45:00.000000000,2133.5399999999936,-1185.8903649655977,1299.1608027144273,3319.4303649655913,834.3791972855663,0.100663243609132,-0.05595187842845917,0.06129612773656845
2020-06-17T18:00:00.000000000,1326.666666666667,-999.5581237936019,1482.5201593593756,2326.224790460269,-155.85349269270864,0.0625938908362544,-0.04716047644615173,0.0699472650885582
2020-06-17T18:15:00.000000000,701.8200000000003,-1031.1928302856286,1134.9923900194963,1733.0128302856288,-433.172390019496,0.0331127973367086,-0.04865304380655289,0.053550444543361664
2020-06-17T18:30:00.000000000,424.726666666667,-1607.2635058271883,276.3406983874738,2031.9901724938552,148.38596827919315,0.0200391667903866,-0.07583282142877579,0.013038120232522488
2020-06-17T18:45:00.000000000,75.77904761904655,-1864.413595831394,-68.9434321889778,1940.1926434504408,144.72247980802433,0.0035753558550316,-0.08796550333499908,-0.003252842463552952
2020-06-17T19:00:00.000000000,0.0,-1775.0577764646212,-123.02194826220472,1775.0577764646212,123.02194826220472,0.0,-0.08374957740306854,-0.005804338492453098
2020-06-17T19:15:00.000000000,0.0,-1468.1717989059289,-1.5041458769453067,1468.1717989059289,1.5041458769453067,0.0,-0.0692702904343605,-7.096759509295225e-05
2020-06-17T19:30:00.000000000,0.0,-1061.682661986351,212.081797756205,1061.682661986351,-212.081797756205,0.0,-0.05009159445762634,0.010006300173699856
2020-06-17T19:45:00.000000000,0.0,-643.1147407125433,440.8925454413891,643.1147407125433,-440.8925454413891,0.0,-0.030343005433678627,0.02080189436674118
2020-06-17T20:00:00.000000000,0.0,-318.4873096465071,614.1770039228597,318.4873096465071,-614.1770039228597,0.0,-0.015026653185486794,0.028977684676647186
2020-06-17T20:15:00.000000000,0.0,-201.37798828711112,684.9596379856268,201.37798828711112,-684.9596379856268,0.0,-0.009501280263066292,0.032317303121089935
2020-06-17T20:30:00.000000000,0.0,-215.33930210421482,665.1888346930344,215.33930210421482,-665.1888346930344,0.0,-0.010159993544220924,0.03138449043035507
2020-06-17T20:45:00.000000000,0.0,-269.9825177986423,614.7360186485449,269.9825177986423,-614.7360186485449,0.0,-0.01273813284933567,0.029004059731960297
2020-06-17T21:00:00.000000000,0.0,-320.57177133550243,549.2030697667599,320.57177133550243,-549.2030697667599,0.0,-0.015125000849366188,0.025912128388881683
2020-06-17T21:15:00.000000000,0.0,-349.9307825699448,489.99425131837523,349.9307825699448,-489.99425131837523,0.0,-0.016510197892785072,0.023118577897548676
2020-06-17T21:30:00.000000000,0.0,-394.4446198522051,444.7386930851141,394.4446198522051,-444.7386930851141,0.0,-0.01861041970551014,0.020983360707759857
2020-06-17T21:45:00.000000000,0.0,-499.97933602839703,402.5744547021389,499.97933602839703,-402.5744547021389,0.0,-0.023589687421917915,0.01899399608373642
2020-06-17T22:00:00.000000000,0.0,-624.2075677970051,376.98737164219216,624.2075677970051,-376.98737164219216,0.0,-0.02945093996822834,0.017786763608455658
2020-06-17T22:15:00.000000000,0.0,-748.4768176658948,334.06009395003315,748.4768176658948,-334.06009395003315,0.0,-0.035314127802848816,0.015761397778987885
2020-06-17T22:30:00.000000000,0.0,-878.095909520785,257.0682709350685,878.095909520785,-257.0682709350685,0.0,-0.041429728269577026,0.012128821574151516
2020-06-17T22:45:00.000000000,0.0,-991.0535201025009,171.62618630314864,991.0535201025009,-171.62618630314864,0.0,-0.046759217977523804,0.008097550831735134
2020-06-17T23:00:00.000000000,0.0,-1061.9255333558717,81.17507706706722,1061.9255333558717,-81.17507706706722,0.0,-0.05010305345058441,0.0038299476727843285
2020-06-17T23:15:00.000000000,0.0,-1129.0616227730115,-12.47473091163362,1129.0616227730115,12.47473091163362,0.0,-0.053270623087882996,-0.0005885743303224444
2020-06-17T23:30:00.000000000,0.0,-1224.3152054095267,-127.1719219884773,1224.3152054095267,127.1719219884773,0.0,-0.05776481330394745,-0.0060001397505402565
2020-06-17T23:45:00.000000000,0.0,-1343.9348818802832,-257.3825588045021,1343.9348818802832,257.3825588045021,0.0,-0.06340862810611725,-0.012143650092184544
