epoch,loss,lr,mae,mape,mse,msle,rmse,val_loss,val_mae,val_mape,val_mse,val_msle,val_rmse
0,0.25325217843055725,1e-05,0.25476381182670593,13569755.0,0.15479762852191925,0.0639239102602005,0.37231841683387756,0.39406687021255493,0.41743993759155273,32951618.0,0.29562288522720337,0.13705375790596008,0.5437121391296387
1,0.2531847655773163,1e-05,0.254686564207077,13522723.0,0.15474383533000946,0.0638941302895546,0.3544676899909973,0.39376458525657654,0.4171662926673889,32895752.0,0.2953311502933502,0.13688045740127563,0.5434437990188599
2,0.25312256813049316,1e-05,0.25461167097091675,13485878.0,0.1546928435564041,0.0638660341501236,0.3817463517189026,0.39352500438690186,0.4169711470603943,32842892.0,0.2951037883758545,0.13674744963645935,0.5432345867156982
3,0.25305652618408203,1e-05,0.2545337677001953,13442806.0,0.15463921427726746,0.06383683532476425,0.43492498993873596,0.3933090269565582,0.4168139100074768,32787878.0,0.2949007451534271,0.13663019239902496,0.5430476665496826
4,0.25299161672592163,1e-05,0.25446316599845886,13403232.0,0.15458746254444122,0.06381003558635712,0.37645894289016724,0.3931075930595398,0.41666701436042786,32738344.0,0.29471319913864136,0.13652226328849792,0.5428749322891235
5,0.2529349625110626,1e-05,0.25440356135368347,13372934.0,0.15454481542110443,0.06378678977489471,0.3704250156879425,0.3928871750831604,0.41650569438934326,32685332.0,0.29450660943984985,0.13640306890010834,0.5426846146583557
6,0.2528674900531769,1e-05,0.25433000922203064,13333642.0,0.15449072420597076,0.06375827640295029,0.4039645791053772,0.3926493525505066,0.4163302481174469,32631254.0,0.29428115487098694,0.1362718641757965,0.5424768924713135
7,0.2528044581413269,1e-05,0.25425809621810913,13293376.0,0.15444016456604004,0.06373122334480286,0.4066764712333679,0.39241713285446167,0.4161600172519684,32581926.0,0.2940613627433777,0.136143758893013,0.5422742366790771
8,0.25274232029914856,1e-05,0.2541882395744324,13254832.0,0.15438978374004364,0.06370367854833603,0.3549806773662567,0.3921530544757843,0.415967732667923,32530750.0,0.29380810260772705,0.1359950304031372,0.5420407056808472
9,0.2526818811893463,1e-05,0.2541150748729706,13218353.0,0.15434034168720245,0.06367611140012741,0.38141974806785583,0.39195215702056885,0.4158201515674591,32490804.0,0.2936185300350189,0.13588474690914154,0.5418657660484314
10,0.25263145565986633,1e-05,0.25405949354171753,13194040.0,0.15430141985416412,0.06365597993135452,0.3737770915031433,0.39178305864334106,0.4156961739063263,32456774.0,0.29346132278442383,0.13579390943050385,0.5417206883430481
11,0.25258204340934753,1e-05,0.25401192903518677,13171293.0,0.15426401793956757,0.06363637000322342,0.4064632058143616,0.391635000705719,0.4155883193016052,32427434.0,0.2933255732059479,0.13571612536907196,0.5415953993797302
12,0.2525360584259033,1e-05,0.25396764278411865,13153326.0,0.15423056483268738,0.06361967325210571,0.33434054255485535,0.391524076461792,0.415506511926651,32400754.0,0.29322758316993713,0.13566181063652039,0.5415049195289612
13,0.2524920403957367,1e-05,0.25392913818359375,13135516.0,0.1541994959115982,0.06360441446304321,0.45741432905197144,0.3913852274417877,0.41540583968162537,32374026.0,0.29310184717178345,0.13559022545814514,0.5413888096809387
14,0.25244826078414917,1e-05,0.25388604402542114,13119760.0,0.15416890382766724,0.06358867883682251,0.3691907525062561,0.3911869525909424,0.41526201367378235,32342752.0,0.292916864156723,0.1354825645685196,0.5412179231643677
15,0.2523939311504364,1e-05,0.2538340389728546,13097109.0,0.15412798523902893,0.06356730312108994,0.36135199666023254,0.3910362124443054,0.4151512384414673,32314266.0,0.29277950525283813,0.13540440797805786,0.5410910248756409
16,0.25234463810920715,1e-05,0.2537851929664612,13081855.0,0.15409182012081146,0.06354951858520508,0.35616928339004517,0.39087221026420593,0.4150291979312897,32285770.0,0.2926282584667206,0.13531777262687683,0.5409512519836426
17,0.25229573249816895,1e-05,0.25373515486717224,13066712.0,0.15405572950839996,0.0635313168168068,0.4205264151096344,0.3906998932361603,0.41490066051483154,32253772.0,0.2924686074256897,0.1352258324623108,0.5408036708831787
18,0.25224289298057556,1e-05,0.25367847084999084,13041715.0,0.15401507914066315,0.0635102242231369,0.4304489493370056,0.3904666006565094,0.414723664522171,32207014.0,0.2922472357749939,0.13509659469127655,0.54059898853302
19,0.2521801292896271,1e-05,0.2536133825778961,13004742.0,0.1539648175239563,0.0634833350777626,0.4144224524497986,0.3902466595172882,0.4145543873310089,32157406.0,0.29204031825065613,0.13497774302959442,0.5404075384140015
20,0.2521190047264099,1e-05,0.2535436451435089,12967910.0,0.15391625463962555,0.06345686316490173,0.4166090488433838,0.38995569944381714,0.4143311679363251,32100010.0,0.2917615473270416,0.13481518626213074,0.5401495695114136
21,0.25205323100090027,1e-05,0.2534681558609009,12929345.0,0.15386301279067993,0.06342801451683044,0.3435792922973633,0.38976866006851196,0.4141867160797119,32054700.0,0.2915874719619751,0.13471679389476776,0.5399883985519409
22,0.2519944906234741,1e-05,0.2534104585647583,12900980.0,0.15381722152233124,0.06340502947568893,0.31613215804100037,0.3896234631538391,0.41407540440559387,32019228.0,0.29145511984825134,0.13464270532131195,0.5398658514022827
23,0.25194546580314636,1e-05,0.25336596369743347,12880491.0,0.15378092229366302,0.06338661164045334,0.4277004599571228,0.3894219994544983,0.41392192244529724,31988580.0,0.29126477241516113,0.13453082740306854,0.5396895408630371
24,0.25189897418022156,1e-05,0.25330233573913574,12852857.0,0.15374335646629333,0.0633639544248581,0.41496896743774414,0.3890218138694763,0.41361433267593384,31961120.0,0.29087021946907043,0.13428916037082672,0.5393238663673401
25,0.2518470883369446,1e-05,0.2532324194908142,12822728.0,0.15369750559329987,0.06333668529987335,0.34014803171157837,0.38874584436416626,0.41339918971061707,31936442.0,0.29060104489326477,0.13412611186504364,0.5390742421150208
26,0.25180402398109436,1e-05,0.2531830966472626,12803601.0,0.15366147458553314,0.06331506371498108,0.4453721046447754,0.388542503118515,0.4132385551929474,31911228.0,0.2904053032398224,0.13400930166244507,0.5388926863670349
27,0.2517622411251068,1e-05,0.2531408667564392,12782306.0,0.15362761914730072,0.06329648196697235,0.3771565556526184,0.3883553743362427,0.41308802366256714,31879222.0,0.29022637009620667,0.13390417397022247,0.5387266278266907
28,0.251718670129776,1e-05,0.2530881464481354,12749597.0,0.1535920351743698,0.06327570229768753,0.3638119399547577,0.3881033658981323,0.4128821790218353,31831570.0,0.28998205065727234,0.1337602138519287,0.5384998321533203
29,0.25166353583335876,1e-05,0.2530302405357361,12714905.0,0.15354463458061218,0.06325022131204605,0.41078314185142517,0.38791558146476746,0.4127287268638611,31795004.0,0.289802223443985,0.13365501165390015,0.5383328199386597
30,0.25162237882614136,1e-05,0.2529855966567993,12687645.0,0.1535113900899887,0.06323143094778061,0.40033411979675293,0.3877503573894501,0.4125939905643463,31764116.0,0.28964507579803467,0.1335633099079132,0.5381868481636047
31,0.25158506631851196,1e-05,0.25294747948646545,12667898.0,0.15348227322101593,0.06321579217910767,0.3521488606929779,0.38760626316070557,0.4124762713909149,31735442.0,0.28950929641723633,0.13348473608493805,0.5380606651306152
32,0.2515439987182617,1e-05,0.25290757417678833,12648074.0,0.1534496396780014,0.06319893896579742,0.35501131415367126,0.38748008012771606,0.41237252950668335,31706864.0,0.2893916368484497,0.13341741263866425,0.5379513502120972
33,0.2515035569667816,1e-05,0.2528674602508545,12624625.0,0.15341763198375702,0.06318168342113495,0.41282224655151367,0.3873213529586792,0.4122399389743805,31669480.0,0.2892412543296814,0.13333091139793396,0.5378115177154541
34,0.2514617145061493,1e-05,0.2528226971626282,12599421.0,0.15338419377803802,0.06316392123699188,0.31716838479042053,0.3871699571609497,0.4121144413948059,31636760.0,0.28909844160079956,0.13324856758117676,0.5376787781715393
35,0.25142139196395874,1e-05,0.2527831196784973,12575494.0,0.15335242450237274,0.06314682960510254,0.40471404790878296,0.38703370094299316,0.4120018184185028,31608062.0,0.28897085785865784,0.13317526876926422,0.5375601053237915
36,0.2513802647590637,1e-05,0.252744197845459,12557303.0,0.15332025289535522,0.06313072890043259,0.4127371907234192,0.386932373046875,0.41191819310188293,31582604.0,0.28887873888015747,0.13312381505966187,0.5374743938446045
37,0.2513440251350403,1e-05,0.25271058082580566,12539328.0,0.1532931625843048,0.06311678886413574,0.4063100218772888,0.3868163228034973,0.4118227958679199,31557404.0,0.2887718677520752,0.13306330144405365,0.5373749732971191
38,0.25130513310432434,1e-05,0.25267353653907776,12524152.0,0.15326353907585144,0.06310215592384338,0.384072870016098,0.38670939207077026,0.4117351472377777,31533288.0,0.2886742055416107,0.13300828635692596,0.5372840762138367
39,0.2512720823287964,1e-05,0.2526417076587677,12509453.0,0.15323956310749054,0.06308960914611816,0.3461350202560425,0.3865801692008972,0.41162869334220886,31508162.0,0.28855401277542114,0.1329393833875656,0.537172257900238
40,0.25123095512390137,1e-05,0.2526029646396637,12490593.0,0.15320758521556854,0.0630735456943512,0.36685651540756226,0.38644346594810486,0.4115164577960968,31484286.0,0.2884262502193451,0.1328655481338501,0.5370532870292664
41,0.25119543075561523,1e-05,0.25256839394569397,12474295.0,0.15318059921264648,0.0630582794547081,0.3525128960609436,0.3862142860889435,0.4113265872001648,31457358.0,0.28820496797561646,0.13273395597934723,0.5368472337722778
42,0.2511524558067322,1e-05,0.2525196969509125,12452483.0,0.15314540266990662,0.06303878873586655,0.4553185999393463,0.3859620690345764,0.411116361618042,31430126.0,0.2879604697227478,0.13258811831474304,0.5366194844245911
43,0.25110897421836853,1e-05,0.2524709403514862,12429632.0,0.1531098484992981,0.0630180612206459,0.3682977557182312,0.3857584297657013,0.41094598174095154,31403540.0,0.287765234708786,0.13247297704219818,0.5364375114440918
44,0.2510632872581482,1e-05,0.25242865085601807,12411094.0,0.1530728042125702,0.06299799680709839,0.35498175024986267,0.38560381531715393,0.41081634163856506,31377976.0,0.2876195013523102,0.1323884129524231,0.5363016724586487
45,0.2510257661342621,1e-05,0.25239118933677673,12391852.0,0.1530442088842392,0.06298251450061798,0.4261843264102936,0.38545167446136475,0.4106883406639099,31352052.0,0.28747642040252686,0.13230574131011963,0.5361682772636414
46,0.25098463892936707,1e-05,0.25235068798065186,12373963.0,0.15301217138767242,0.0629660040140152,0.3166729807853699,0.385297566652298,0.41055771708488464,31324200.0,0.28733140230178833,0.13222192227840424,0.536033034324646
47,0.25094521045684814,1e-05,0.25231117010116577,12355385.0,0.15298189222812653,0.06294984370470047,0.35762912034988403,0.3851419687271118,0.4104253947734833,31295866.0,0.28718507289886475,0.13213767111301422,0.5358965396881104
48,0.250901997089386,1e-05,0.25226935744285583,12336459.0,0.15294793248176575,0.06293221563100815,0.4072056710720062,0.38498347997665405,0.41028910875320435,31266720.0,0.28703591227531433,0.13205233216285706,0.535757303237915
49,0.25085633993148804,1e-05,0.25222110748291016,12320807.0,0.15291163325309753,0.06291409581899643,0.43406590819358826,0.3847993016242981,0.41013020277023315,31232610.0,0.2868613004684448,0.1319522112607956,0.5355943441390991
50,0.2507990598678589,1e-05,0.25215959548950195,12294492.0,0.15286409854888916,0.06288909167051315,0.4269089102745056,0.3845800757408142,0.40993958711624146,31186810.0,0.2866520881652832,0.13183248043060303,0.5353990197181702
51,0.25074198842048645,1e-05,0.2521040439605713,12265020.0,0.15281711518764496,0.062864750623703,0.38311582803726196,0.3843958377838135,0.4097795784473419,31149428.0,0.28647783398628235,0.13173313438892365,0.5352362394332886
52,0.2506910562515259,1e-05,0.252047598361969,12242361.0,0.15277597308158875,0.06284382194280624,0.37226322293281555,0.38421398401260376,0.4096200466156006,31115156.0,0.286305695772171,0.13163486123085022,0.5350754261016846
53,0.2506409287452698,1e-05,0.251994788646698,12223567.0,0.15273572504520416,0.06282350420951843,0.41587868332862854,0.3840610384941101,0.40948671102523804,31082872.0,0.28616267442703247,0.13155411183834076,0.5349417328834534
54,0.2505926191806793,1e-05,0.2519439458847046,12205341.0,0.1526971459388733,0.06280427426099777,0.31490057706832886,0.38389140367507935,0.40933793783187866,31051422.0,0.28600263595581055,0.13146300613880157,0.5347921252250671
55,0.2505442798137665,1e-05,0.2518927752971649,12187201.0,0.15265846252441406,0.06278467923402786,0.35525739192962646,0.3837364614009857,0.40920278429985046,31022504.0,0.28585734963417053,0.1313803344964981,0.534656286239624
56,0.2504996359348297,1e-05,0.2518500089645386,12172517.0,0.15262344479560852,0.0627669170498848,0.40372157096862793,0.3835984170436859,0.4090827405452728,30994080.0,0.28572914004325867,0.13130789995193481,0.5345363616943359
57,0.25045686960220337,1e-05,0.2518090605735779,12155229.0,0.15259073674678802,0.06275086104869843,0.35583406686782837,0.38348424434661865,0.4089842140674591,30967772.0,0.2856251895427704,0.13125014305114746,0.5344391465187073
58,0.25041744112968445,1e-05,0.25177064538002014,12138161.0,0.15256135165691376,0.06273596733808517,0.3701804578304291,0.3833409249782562,0.40885981917381287,30941400.0,0.2854917645454407,0.13117416203022003,0.5343142747879028
59,0.25037357211112976,1e-05,0.2517302632331848,12121058.0,0.15252743661403656,0.06271900236606598,0.3512049615383148,0.3832055926322937,0.4087425172328949,30915820.0,0.28536635637283325,0.13110296428203583,0.5341969132423401
60,0.2503337860107422,1e-05,0.2516948878765106,12105549.0,0.15249763429164886,0.06270356476306915,0.41551485657691956,0.383136510848999,0.4086838364601135,30890532.0,0.2853078544139862,0.1310729831457138,0.5341421961784363
61,0.2502999007701874,1e-05,0.251668244600296,12096674.0,0.1524750143289566,0.06269548088312149,0.33362025022506714,0.38322871923446655,0.40876761078834534,30866562.0,0.2854118049144745,0.13114285469055176,0.5342394709587097
62,0.250263512134552,1e-05,0.25163960456848145,12090698.0,0.15244968235492706,0.06268630921840668,0.38909682631492615,0.38318872451782227,0.408732146024704,30839914.0,0.2853820025920868,0.13113068044185638,0.5342115759849548
63,0.25022485852241516,1e-05,0.251602441072464,12078193.0,0.15242110192775726,0.06267352402210236,0.401092529296875,0.3830985724925995,0.4086531102657318,30813030.0,0.28530168533325195,0.13108737766742706,0.5341364145278931
64,0.2501840889453888,1e-05,0.2515659034252167,12065271.0,0.1523902267217636,0.0626588985323906,0.4120153486728668,0.382959246635437,0.4085303544998169,30785648.0,0.28517189621925354,0.1310136467218399,0.534014880657196
65,0.2501438856124878,1e-05,0.25152266025543213,12043716.0,0.15235894918441772,0.06264198571443558,0.38654157519340515,0.3826731741428375,0.4083055257797241,30757956.0,0.28489401936531067,0.13084903359413147,0.5337546467781067
66,0.25008612871170044,1e-05,0.25146546959877014,12020039.0,0.15230968594551086,0.06261499226093292,0.39838045835494995,0.38242441415786743,0.4081181287765503,30727042.0,0.2846539318561554,0.13070817291736603,0.5335296988487244
67,0.25003471970558167,1e-05,0.2514120638370514,11989823.0,0.15226681530475616,0.06259055435657501,0.40681347250938416,0.38206785917282104,0.4078464210033417,30679534.0,0.2843058705329895,0.13050369918346405,0.5332034230232239
68,0.2499682754278183,1e-05,0.2513391375541687,11950353.0,0.15220893919467926,0.06255754083395004,0.38924407958984375,0.3817901015281677,0.40763190388679504,30638702.0,0.2840369939804077,0.13034696877002716,0.5329512357711792
69,0.24991784989833832,1e-05,0.2512885332107544,11920706.0,0.15216746926307678,0.06253422051668167,0.33721500635147095,0.38155800104141235,0.40745076537132263,30600202.0,0.2838138937950134,0.13021793961524963,0.5327418446540833
70,0.2498653382062912,1e-05,0.25123482942581177,11890937.0,0.15212392807006836,0.06251049041748047,0.38017162680625916,0.38134220242500305,0.4072798788547516,30560322.0,0.2836070954799652,0.1300988793373108,0.5325477123260498
71,0.24981677532196045,1e-05,0.25118476152420044,11862026.0,0.1520843803882599,0.062488798052072525,0.43152743577957153,0.38113898038864136,0.4071190059185028,30525274.0,0.2834128737449646,0.12998710572719574,0.5323653817176819
72,0.24976685643196106,1e-05,0.2511345446109772,11839484.0,0.15204350650310516,0.06246767193078995,0.45447415113449097,0.38096073269844055,0.40697741508483887,30493634.0,0.283243864774704,0.129890576004982,0.5322065949440002
73,0.24971903860569,1e-05,0.25108957290649414,11817264.0,0.15200524032115936,0.06244823709130287,0.34850290417671204,0.38084763288497925,0.4068860709667206,30464924.0,0.28314071893692017,0.12983375787734985,0.5321096777915955
74,0.2496786117553711,1e-05,0.2510528266429901,11798115.0,0.15197458863258362,0.062432702630758286,0.41970038414001465,0.38070255517959595,0.4067698121070862,30436704.0,0.2830052077770233,0.1297571212053299,0.5319823622703552
75,0.24963673949241638,1e-05,0.25101178884506226,11780846.0,0.1519424319267273,0.06241631880402565,0.36385369300842285,0.38056856393814087,0.4066614806652069,30409188.0,0.2828809916973114,0.1296873837709427,0.5318655967712402
76,0.24959082901477814,1e-05,0.2509670853614807,11762625.0,0.1519061028957367,0.06239812821149826,0.3317292332649231,0.38043856620788574,0.40655526518821716,30381714.0,0.28276047110557556,0.1296198070049286,0.5317522883415222
77,0.24954938888549805,1e-05,0.25092917680740356,11745653.0,0.1518741250038147,0.06238175928592682,0.4043647348880768,0.38026997447013855,0.4064187705516815,30353416.0,0.28260111808776855,0.1295289844274521,0.5316023826599121
78,0.24950166046619415,1e-05,0.2508780360221863,11726755.0,0.1518356055021286,0.06236225739121437,0.40622884035110474,0.3800759017467499,0.4062603712081909,30322362.0,0.2824162244796753,0.1294233351945877,0.5314284563064575
79,0.24945443868637085,1e-05,0.2508300542831421,11709005.0,0.15179753303527832,0.06234262138605118,0.4232950210571289,0.3798747658729553,0.40609630942344666,30291782.0,0.28222429752349854,0.12931343913078308,0.5312478542327881
80,0.24940016865730286,1e-05,0.2507733106613159,11688693.0,0.1517525017261505,0.062319476157426834,0.3317931592464447,0.37967532873153687,0.40593186020851135,30260694.0,0.2820340394973755,0.1292046457529068,0.531068742275238
81,0.2493540495634079,1e-05,0.2507264316082001,11672139.0,0.15171551704406738,0.062300268560647964,0.3817030191421509,0.37946993112564087,0.4057622253894806,30228616.0,0.2818377614021301,0.12909230589866638,0.5308839678764343
82,0.2492968887090683,1e-05,0.25066617131233215,11650386.0,0.151667520403862,0.06227615848183632,0.43739214539527893,0.3792482912540436,0.4055776298046112,30192122.0,0.2816254198551178,0.12897126376628876,0.5306839346885681
83,0.24923168122768402,1e-05,0.2505966126918793,11622713.0,0.15161177515983582,0.06224681809544563,0.3684558868408203,0.37884992361068726,0.40524497628211975,30140176.0,0.2812352776527405,0.12874461710453033,0.5303162336349487
84,0.2491578459739685,1e-05,0.25050175189971924,11575154.0,0.15154410898685455,0.06220615655183792,0.39517074823379517,0.3781321346759796,0.4046401381492615,30090386.0,0.280521035194397,0.12832236289978027,0.5296423435211182
85,0.2490730583667755,1e-05,0.25039809942245483,11528249.0,0.15146341919898987,0.062157467007637024,0.40571585297584534,0.3776435852050781,0.40428751707077026,30049448.0,0.28003770112991333,0.1280389428138733,0.5291858911514282
86,0.2490043342113495,1e-05,0.2503129541873932,11493008.0,0.1514003723859787,0.062121856957674026,0.3995819389820099,0.3772836923599243,0.40403464436531067,30012956.0,0.2796841859817505,0.12783366441726685,0.5288517475128174
87,0.24894963204860687,1e-05,0.25024762749671936,11464085.0,0.15135209262371063,0.06209462881088257,0.3841516375541687,0.37698158621788025,0.4038187563419342,29980128.0,0.2793886661529541,0.12766265869140625,0.5285722613334656
88,0.24889524281024933,1e-05,0.25018706917762756,11437819.0,0.15130449831485748,0.062068112194538116,0.37208104133605957,0.3767582178115845,0.40365514159202576,29950354.0,0.27917248010635376,0.1275387555360794,0.5283677577972412
89,0.248853400349617,1e-05,0.2501407563686371,11418353.0,0.15126991271972656,0.06204982101917267,0.418804407119751,0.3765653669834137,0.403511106967926,29921154.0,0.2789870798587799,0.12743312120437622,0.5281922817230225
90,0.2488062083721161,1e-05,0.25009188055992126,11396670.0,0.15123021602630615,0.0620289072394371,0.37667980790138245,0.3763885498046875,0.4033777415752411,29892658.0,0.27881795167922974,0.1273372322320938,0.528032124042511
91,0.2487676739692688,1e-05,0.2500530779361725,11376617.0,0.15119946002960205,0.06201262027025223,0.39001792669296265,0.37623536586761475,0.40326011180877686,29864672.0,0.27867263555526733,0.12725549936294556,0.5278945565223694
92,0.2487252652645111,1e-05,0.2500094473361969,11359007.0,0.1511649489402771,0.06199495866894722,0.4167499542236328,0.37607496976852417,0.40313607454299927,29835046.0,0.2785201370716095,0.1271696537733078,0.5277500748634338
93,0.2486809492111206,1e-05,0.2499648928642273,11334976.0,0.15112851560115814,0.061975691467523575,0.3134268820285797,0.3758762776851654,0.40298163890838623,29799772.0,0.27832940220832825,0.12706182897090912,0.5275693535804749
94,0.2486320286989212,1e-05,0.24991938471794128,11310485.0,0.15108753740787506,0.061954315751791,0.40774989128112793,0.3756904602050781,0.4028378427028656,29768428.0,0.27815136313438416,0.1269611269235611,0.527400553226471
95,0.24858646094799042,1e-05,0.2498750388622284,11287186.0,0.1510496884584427,0.06193435937166214,0.36989155411720276,0.3755102753639221,0.4026983976364136,29738616.0,0.27797895669937134,0.12686370313167572,0.5272371172904968
96,0.24854110181331635,1e-05,0.2498316466808319,11267680.0,0.15101228654384613,0.06191466748714447,0.3965812921524048,0.37534111738204956,0.40256553888320923,29707890.0,0.27781784534454346,0.12677332758903503,0.5270842909812927
97,0.24849946796894073,1e-05,0.24979114532470703,11247019.0,0.15097853541374207,0.06189746782183647,0.41211992502212524,0.37515223026275635,0.40241876244544983,29677936.0,0.2776367664337158,0.1266709864139557,0.52691251039505
98,0.24845027923583984,1e-05,0.2497449517250061,11225552.0,0.1509372740983963,0.06187586113810539,0.38559576869010925,0.374981552362442,0.40228474140167236,29648604.0,0.27747416496276855,0.12657961249351501,0.5267581939697266
99,0.24840770661830902,1e-05,0.24970392882823944,11206015.0,0.15090273320674896,0.06185789033770561,0.3148152828216553,0.3748002052307129,0.4021424949169159,29619240.0,0.27730077505111694,0.12648189067840576,0.5265935659408569
100,0.24836458265781403,1e-05,0.24966484308242798,11186496.0,0.1508674919605255,0.061839595437049866,0.41031184792518616,0.37461596727371216,0.4019976556301117,29589910.0,0.2771243751049042,0.12638239562511444,0.5264260172843933
101,0.24831874668598175,1e-05,0.24962151050567627,11165996.0,0.15082958340644836,0.061819761991500854,0.4043275713920593,0.37445971369743347,0.4018731713294983,29561820.0,0.2769763469696045,0.12629961967468262,0.5262854099273682
102,0.24827750027179718,1e-05,0.24958311021327972,11149270.0,0.1507967859506607,0.06180337816476822,0.3993999660015106,0.37435686588287354,0.40178951621055603,29537404.0,0.27688226103782654,0.12624846398830414,0.5261960029602051
103,0.248238205909729,1e-05,0.24954688549041748,11133578.0,0.15076622366905212,0.061788253486156464,0.41115817427635193,0.3742237687110901,0.4016818404197693,29509758.0,0.2767578065395355,0.12617991864681244,0.5260777473449707
104,0.24819467961788177,1e-05,0.24950453639030457,11116097.0,0.15073128044605255,0.06177091225981712,0.39999842643737793,0.37405669689178467,0.40154778957366943,29480004.0,0.2765989899635315,0.12609133124351501,0.5259267687797546
105,0.2481459081172943,1e-05,0.24945662915706635,11097428.0,0.1506904512643814,0.06175026297569275,0.3933044373989105,0.37383145093917847,0.4013671576976776,29444612.0,0.27638134360313416,0.12596887350082397,0.5257198214530945
106,0.24808868765830994,1e-05,0.2493939995765686,11078157.0,0.1506410837173462,0.06172569841146469,0.3896472454071045,0.37365710735321045,0.40122559666633606,29413024.0,0.2762150466442108,0.12587615847587585,0.5255616307258606
107,0.24803756177425385,1e-05,0.2493373304605484,11057867.0,0.15059776604175568,0.06170404329895973,0.3185785114765167,0.37344932556152344,0.40105876326560974,29381504.0,0.2760148048400879,0.12576355040073395,0.5253711342811584
108,0.2479853630065918,1e-05,0.24928142130374908,11039310.0,0.1505531668663025,0.06168140470981598,0.3428613245487213,0.37323859333992004,0.40088796615600586,29348872.0,0.27581164240837097,0.1256491243839264,0.5251777172088623
109,0.2479337453842163,1e-05,0.24922889471054077,11017011.0,0.15050910413265228,0.06165865808725357,0.3906516134738922,0.37303435802459717,0.40071943402290344,29313684.0,0.2756151258945465,0.12553870677947998,0.5249906182289124
110,0.247882679104805,1e-05,0.24917735159397125,10994857.0,0.15046599507331848,0.061637140810489655,0.39534857869148254,0.37290623784065247,0.40061208605766296,29284848.0,0.27549538016319275,0.1254730075597763,0.5248765349388123
111,0.24783717095851898,1e-05,0.24913142621517181,10975686.0,0.1504289209842682,0.06161892041563988,0.39765453338623047,0.372762531042099,0.40049177408218384,29254278.0,0.27536025643348694,0.12539856135845184,0.5247477889060974
112,0.24778294563293457,1e-05,0.2490779608488083,10949682.0,0.15038332343101501,0.06159568578004837,0.3639983534812927,0.3725367486476898,0.4003009796142578,29211162.0,0.2751430571079254,0.12527726590633392,0.5245407819747925
113,0.24772852659225464,1e-05,0.24902524054050446,10920701.0,0.15033742785453796,0.0615718849003315,0.4069540500640869,0.37232932448387146,0.4001271426677704,29174428.0,0.2749440670013428,0.12516604363918304,0.5243511199951172
114,0.2476762980222702,1e-05,0.2489718645811081,10895663.0,0.15029357373714447,0.061548978090286255,0.3121388256549835,0.3721332252025604,0.3999635577201843,29141610.0,0.2747562527656555,0.12506099045276642,0.5241719484329224
115,0.24763178825378418,1e-05,0.24893058836460114,10872739.0,0.15025724470615387,0.06152987852692604,0.4021315574645996,0.371925413608551,0.3997906744480133,29109864.0,0.2745564877986908,0.12494885176420212,0.5239813923835754
116,0.2475820779800415,1e-05,0.24887874722480774,10847596.0,0.15021561086177826,0.06150788441300392,0.31513920426368713,0.3717287480831146,0.39962711930274963,29080448.0,0.27436789870262146,0.12484312802553177,0.5238013863563538
117,0.24753360450267792,1e-05,0.24883435666561127,10826670.0,0.15017525851726532,0.06148679554462433,0.40264463424682617,0.37153947353363037,0.39946892857551575,29051276.0,0.2741868197917938,0.12474186718463898,0.5236285328865051
118,0.2474864423274994,1e-05,0.24879005551338196,10806902.0,0.15013624727725983,0.06146668642759323,0.3645947575569153,0.37129560112953186,0.39926600456237793,29020222.0,0.27395084500312805,0.12460912019014359,0.5234031677246094
119,0.24742819368839264,1e-05,0.24872760474681854,10780954.0,0.15008562803268433,0.06143907830119133,0.39205488562583923,0.37096112966537476,0.3989867568016052,28985446.0,0.27362358570098877,0.12442348152399063,0.5230904221534729
120,0.24737556278705597,1e-05,0.24867725372314453,10754510.0,0.15004028379917145,0.06141422316431999,0.36783474683761597,0.3706645369529724,0.3987371027469635,28952694.0,0.27333444356918335,0.12426013499498367,0.5228139758110046
121,0.2473221868276596,1e-05,0.2486216276884079,10732021.0,0.14999447762966156,0.0613892637193203,0.31045001745224,0.3703908622264862,0.3985041081905365,28918656.0,0.27306851744651794,0.12411092221736908,0.5225595831871033
122,0.24726389348506927,1e-05,0.24856498837471008,10708703.0,0.14994388818740845,0.06136307120323181,0.35641032457351685,0.3701514005661011,0.398299902677536,28888820.0,0.2728368639945984,0.12398114800453186,0.5223378539085388
123,0.24721699953079224,1e-05,0.24851484596729279,10690694.0,0.14990486204624176,0.06134241074323654,0.33486494421958923,0.3699207901954651,0.39810124039649963,28858052.0,0.27261418104171753,0.12385658174753189,0.522124707698822
124,0.2471640408039093,1e-05,0.24846433103084564,10668096.0,0.14985983073711395,0.06131918355822563,0.3818955719470978,0.36971315741539,0.3979218304157257,28829482.0,0.27241456508636475,0.12374521046876907,0.5219334959983826
125,0.24711455404758453,1e-05,0.24841420352458954,10645601.0,0.14981845021247864,0.061297640204429626,0.3947869539260864,0.369514524936676,0.3977498412132263,28801958.0,0.2722240686416626,0.1236390471458435,0.5217509865760803
126,0.24707141518592834,1e-05,0.24836991727352142,10626554.0,0.14978338778018951,0.06127931922674179,0.3911047577857971,0.36930209398269653,0.3975643515586853,28772152.0,0.27201977372169495,0.12352526187896729,0.5215551257133484
127,0.24701933562755585,1e-05,0.24832186102867126,10606408.0,0.1497395932674408,0.06125669181346893,0.31090354919433594,0.36910495162010193,0.39739155769348145,28742668.0,0.27183103561401367,0.12342068552970886,0.5213741660118103
128,0.24697230756282806,1e-05,0.24827566742897034,10587100.0,0.14970089495182037,0.06123652681708336,0.35055631399154663,0.3688916563987732,0.39720460772514343,28713948.0,0.2716258764266968,0.123306505382061,0.5211774110794067
129,0.24692387878894806,1e-05,0.24822847545146942,10566652.0,0.1496606320142746,0.061215803027153015,0.35931211709976196,0.3686816394329071,0.39701956510543823,28685232.0,0.2714240849018097,0.12319424748420715,0.5209837555885315
130,0.24687908589839935,1e-05,0.24818503856658936,10547235.0,0.14962394535541534,0.06119634956121445,0.40780290961265564,0.36845332384109497,0.3968175947666168,28655434.0,0.2712039649486542,0.12307161837816238,0.5207724571228027
131,0.24682389199733734,1e-05,0.24812962114810944,10524267.0,0.14957717061042786,0.06117238104343414,0.38465338945388794,0.368241548538208,0.3966291546821594,28624640.0,0.2710009217262268,0.12295922636985779,0.5205774903297424
132,0.24677444994449615,1e-05,0.24808162450790405,10502147.0,0.14953653514385223,0.06115095689892769,0.4141649603843689,0.3680253028869629,0.39643576741218567,28592838.0,0.27079346776008606,0.1228446215391159,0.5203781723976135
133,0.24672293663024902,1e-05,0.24802914261817932,10480209.0,0.1494937688112259,0.061129067093133926,0.3117443919181824,0.3678094148635864,0.39624208211898804,28561914.0,0.2705862522125244,0.12273003160953522,0.520179033279419
134,0.24667318165302277,1e-05,0.24798080325126648,10459882.0,0.14945249259471893,0.061107587069272995,0.3154798150062561,0.36757826805114746,0.3960344195365906,28532118.0,0.27036339044570923,0.12260625511407852,0.5199648141860962
135,0.24661949276924133,1e-05,0.2479284256696701,10437537.0,0.14940719306468964,0.06108424812555313,0.3938758075237274,0.36735934019088745,0.3958367109298706,28502300.0,0.27015289664268494,0.12248966842889786,0.5197623372077942
136,0.24656683206558228,1e-05,0.2478756308555603,10417193.0,0.1493629813194275,0.061061419546604156,0.3551912009716034,0.3671434819698334,0.39564087986946106,28471544.0,0.26994556188583374,0.1223752424120903,0.519562840461731
137,0.24651575088500977,1e-05,0.24782387912273407,10396287.0,0.14932042360305786,0.06103985011577606,0.39922475814819336,0.3669448792934418,0.3954598605632782,28441410.0,0.2697555124759674,0.12227068096399307,0.5193799138069153
138,0.24646469950675964,1e-05,0.24777279794216156,10377728.0,0.14927791059017181,0.06101878732442856,0.37019798159599304,0.3667410910129547,0.39527374505996704,28412002.0,0.26956018805503845,0.12216300517320633,0.5191918611526489
139,0.24641752243041992,1e-05,0.24772265553474426,10359422.0,0.1492391973733902,0.06099867820739746,0.3810584247112274,0.36651846766471863,0.3950692415237427,28381044.0,0.26934605836868286,0.12204474210739136,0.5189856290817261
140,0.2463693916797638,1e-05,0.24767351150512695,10337902.0,0.14919954538345337,0.060977753251791,0.3127374053001404,0.3662816882133484,0.39485105872154236,28349768.0,0.26911771297454834,0.12191849201917648,0.5187655687332153
141,0.2463112324476242,1e-05,0.24761585891246796,10315086.0,0.1491498500108719,0.06095253303647041,0.4205053448677063,0.3660617172718048,0.39464640617370605,28316638.0,0.2689064145088196,0.1218022033572197,0.5185618996620178
142,0.24625316262245178,1e-05,0.24755530059337616,10288639.0,0.1491006761789322,0.060926876962184906,0.40351781249046326,0.36581850051879883,0.3944151997566223,28271836.0,0.2686723470687866,0.12167428433895111,0.5183361172676086
143,0.24619251489639282,1e-05,0.2474924772977829,10259677.0,0.1490490585565567,0.06090111285448074,0.3934633135795593,0.3655650019645691,0.3941737711429596,28228474.0,0.2684277892112732,0.12154007703065872,0.5181002020835876
144,0.24612374603748322,1e-05,0.24741946160793304,10230364.0,0.14898940920829773,0.06087112799286842,0.34004727005958557,0.3653474748134613,0.39396747946739197,28190552.0,0.2682194411754608,0.12142641842365265,0.5178990364074707
145,0.24606694281101227,1e-05,0.24736304581165314,10207945.0,0.14894160628318787,0.060846779495477676,0.40748077630996704,0.36510366201400757,0.3937358856201172,28153380.0,0.26798444986343384,0.12129732966423035,0.5176721215248108
146,0.24600540101528168,1e-05,0.24729590117931366,10179240.0,0.14888888597488403,0.06081978604197502,0.37133461236953735,0.36483171582221985,0.39347541332244873,28112080.0,0.2677215337753296,0.12115278840065002,0.5174181461334229
147,0.2459452748298645,1e-05,0.24723714590072632,10150572.0,0.14883796870708466,0.06079338490962982,0.3695492744445801,0.36459875106811523,0.3932527005672455,28074812.0,0.26749783754348755,0.1210302785038948,0.5172019600868225
148,0.24588321149349213,1e-05,0.24717243015766144,10120751.0,0.1487850844860077,0.060766153037548065,0.4093911051750183,0.3642886281013489,0.3929508328437805,28025896.0,0.2671966850757599,0.12086467444896698,0.51691073179245
149,0.245812326669693,1e-05,0.24709667265415192,10082815.0,0.14872296154499054,0.060733363032341,0.40541744232177734,0.3639899790287018,0.3926612138748169,27982306.0,0.26690664887428284,0.1207054927945137,0.5166301131248474
150,0.2457423359155655,1e-05,0.24702255427837372,10053887.0,0.14866162836551666,0.0607021227478981,0.3571373522281647,0.36371076107025146,0.39239105582237244,27944720.0,0.2666359841823578,0.12055686861276627,0.5163680911064148
151,0.24567903578281403,1e-05,0.24695520102977753,10028116.0,0.14860685169696808,0.060674186795949936,0.36532607674598694,0.3634312152862549,0.39212045073509216,27910648.0,0.2663649022579193,0.12040767073631287,0.5161055326461792
152,0.24561937153339386,1e-05,0.24689532816410065,10005318.0,0.14855559170246124,0.060647495090961456,0.4068279266357422,0.3631550669670105,0.39185062050819397,27874450.0,0.2660972476005554,0.1202605590224266,0.5158461332321167
153,0.24555201828479767,1e-05,0.2468210607767105,9971855.0,0.14849689602851868,0.06061647832393646,0.41361671686172485,0.362814337015152,0.3915111720561981,27825064.0,0.26576539874076843,0.12007822841405869,0.5155243873596191
154,0.24548429250717163,1e-05,0.246749609708786,9936198.0,0.14843817055225372,0.06058519706130028,0.3120456635951996,0.3625199794769287,0.39121830463409424,27781588.0,0.2654801309108734,0.11992229521274567,0.515247642993927
155,0.24541659653186798,1e-05,0.2466810792684555,9909143.0,0.14837944507598877,0.060555581003427505,0.33976873755455017,0.362254798412323,0.3909549117088318,27744552.0,0.26522377133369446,0.11978203803300858,0.5149987936019897
156,0.24535737931728363,1e-05,0.24662016332149506,9882075.0,0.1483289748430252,0.06052945554256439,0.38923510909080505,0.36199772357940674,0.39069998264312744,27711450.0,0.26497530937194824,0.11964601278305054,0.514757513999939
157,0.24530312418937683,1e-05,0.246564120054245,9855354.0,0.1482832431793213,0.06050548702478409,0.41083183884620667,0.3617176115512848,0.3904210329055786,27677936.0,0.26470378041267395,0.11949711292982101,0.5144937038421631
158,0.2452402114868164,1e-05,0.24649812281131744,9827919.0,0.14822918176651,0.060476645827293396,0.3940006494522095,0.36143526434898376,0.3901365399360657,27638388.0,0.26443052291870117,0.11934780329465866,0.514228105545044
159,0.24517257511615753,1e-05,0.2464277297258377,9797002.0,0.14817053079605103,0.060446854680776596,0.4197319447994232,0.36117467284202576,0.3898749053478241,27604488.0,0.2641788721084595,0.11921035498380661,0.5139833092689514
160,0.24511802196502686,1e-05,0.24637068808078766,9773327.0,0.14812491834163666,0.060422807931900024,0.35937896370887756,0.36091452836990356,0.3896131217479706,27571214.0,0.2639276087284088,0.11907325685024261,0.5137388706207275
161,0.24506168067455292,1e-05,0.24631191790103912,9751205.0,0.14807741343975067,0.060398463159799576,0.3752373456954956,0.3606623411178589,0.38935863971710205,27539578.0,0.26368415355682373,0.11894041299819946,0.5135018825531006
162,0.24500268697738647,1e-05,0.24625204503536224,9729593.0,0.14802715182304382,0.06037330999970436,0.39976292848587036,0.36040598154067993,0.38909921050071716,27508700.0,0.26343655586242676,0.11880514770746231,0.5132607221603394
163,0.24494773149490356,1e-05,0.2461923062801361,9699605.0,0.14798101782798767,0.0603485144674778,0.39558523893356323,0.36010852456092834,0.38879603147506714,27473766.0,0.26314809918403625,0.11864756792783737,0.5129796266555786
164,0.24488146603107452,1e-05,0.24612513184547424,9675605.0,0.1479237675666809,0.06031881645321846,0.367414653301239,0.35984256863594055,0.3885243237018585,27441372.0,0.2628909945487976,0.11850737035274506,0.5127289891242981
165,0.24482461810112,1e-05,0.2460646778345108,9651741.0,0.1478755921125412,0.06029457598924637,0.3964604139328003,0.35955536365509033,0.38822925090789795,27408600.0,0.2626122236251831,0.1183551624417305,0.5124570727348328
166,0.244766965508461,1e-05,0.24600283801555634,9628700.0,0.14782634377479553,0.06026878207921982,0.4166385531425476,0.35926276445388794,0.3879273533821106,27376348.0,0.2623281180858612,0.11820001155138016,0.5121797919273376
167,0.24469918012619019,1e-05,0.2459278702735901,9603312.0,0.14776718616485596,0.06023826077580452,0.43491870164871216,0.3589925169944763,0.3876473605632782,27343304.0,0.26206666231155396,0.11805766075849533,0.5119244456291199
168,0.24463750422000885,1e-05,0.24586214125156403,9575968.0,0.14771442115306854,0.0602109357714653,0.3414282202720642,0.3586546778678894,0.3872908651828766,27298206.0,0.26173773407936096,0.11787840723991394,0.5116031169891357
169,0.24456971883773804,1e-05,0.2457895576953888,9539653.0,0.14765538275241852,0.06017925962805748,0.30876749753952026,0.35833054780960083,0.38694876432418823,27259616.0,0.26142218708992004,0.11770625412464142,0.5112946033477783
170,0.24449990689754486,1e-05,0.2457156628370285,9508444.0,0.1475941389799118,0.060147471725940704,0.3731788992881775,0.3580388128757477,0.38665100932121277,27226326.0,0.2611389756202698,0.11755192279815674,0.5110175609588623
171,0.24443934857845306,1e-05,0.245647594332695,9484945.0,0.14754211902618408,0.06012128293514252,0.4030439257621765,0.3577599823474884,0.38640135526657104,27195046.0,0.26086869835853577,0.11740479618310928,0.5107530951499939
172,0.24438020586967468,1e-05,0.2455877959728241,9458555.0,0.1474914848804474,0.06009490415453911,0.40915703773498535,0.35746413469314575,0.38613495230674744,27162976.0,0.260581374168396,0.11724837124347687,0.5104717016220093
173,0.24431350827217102,1e-05,0.2455161213874817,9432334.0,0.14743340015411377,0.06006393954157829,0.39600375294685364,0.357085645198822,0.3857896327972412,27122348.0,0.2602112293243408,0.11704646050930023,0.510109007358551
174,0.24424274265766144,1e-05,0.24543456733226776,9397984.0,0.14737044274806976,0.0600304901599884,0.31077778339385986,0.35659968852996826,0.3853442370891571,27083760.0,0.2597324550151825,0.11678417026996613,0.5096395611763
175,0.24416345357894897,1e-05,0.2453443706035614,9362249.0,0.14729855954647064,0.05999157577753067,0.3086339235305786,0.3562100827693939,0.3849843442440033,27049918.0,0.25935059785842896,0.11657571792602539,0.5092647671699524
176,0.24409714341163635,1e-05,0.24526676535606384,9334377.0,0.1472400426864624,0.05996016785502434,0.34286755323410034,0.3558657765388489,0.38467246294021606,27018618.0,0.2590142786502838,0.11639248579740524,0.5089344382286072
177,0.2440333217382431,1e-05,0.24519698321819305,9309066.0,0.14718423783779144,0.0599311962723732,0.396471232175827,0.3555501401424408,0.38440781831741333,26989168.0,0.2587067484855652,0.11622527241706848,0.508632242679596
178,0.24397021532058716,1e-05,0.2451280653476715,9286497.0,0.1471293568611145,0.05990278348326683,0.31071731448173523,0.35526242852211,0.3841645121574402,26960310.0,0.25842738151550293,0.11607382446527481,0.5083575248718262
179,0.24391312897205353,1e-05,0.24506238102912903,9262953.0,0.147080659866333,0.05987715721130371,0.3976304531097412,0.3549826741218567,0.3839262127876282,26931724.0,0.25815606117248535,0.11592689901590347,0.508090615272522
180,0.24385537207126617,1e-05,0.24500331282615662,9240749.0,0.14703135192394257,0.05985207110643387,0.3285287022590637,0.3547208607196808,0.38370224833488464,26904496.0,0.2579028606414795,0.115789994597435,0.5078413486480713
181,0.24379879236221313,1e-05,0.24494551122188568,9220509.0,0.14698337018489838,0.05982765555381775,0.3181578516960144,0.35445427894592285,0.3834725320339203,26876920.0,0.25764477252960205,0.11565042287111282,0.507587194442749
182,0.24374036490917206,1e-05,0.24488604068756104,9199976.0,0.146933451294899,0.05980181694030762,0.40075474977493286,0.3541009724140167,0.3831641972064972,26843388.0,0.25729918479919434,0.11546286195516586,0.5072466731071472
183,0.24366094172000885,1e-05,0.24480098485946655,9165844.0,0.14686079323291779,0.059763211756944656,0.3524620532989502,0.35349610447883606,0.3826277256011963,26797162.0,0.25669988989830017,0.11513566225767136,0.5066555738449097
184,0.24357827007770538,1e-05,0.24470803141593933,9123562.0,0.14678393304347992,0.05972053483128548,0.3653196692466736,0.3530113101005554,0.3821929693222046,26758738.0,0.2562214732170105,0.11487526446580887,0.5061832666397095
185,0.24350197613239288,1e-05,0.24461966753005981,9092717.0,0.14671416580677032,0.059684645384550095,0.38144245743751526,0.35259661078453064,0.3818167448043823,26721812.0,0.25581371784210205,0.11465420573949814,0.5057802796363831
186,0.2434224933385849,1e-05,0.24453487992286682,9063034.0,0.14664193987846375,0.059646107256412506,0.4035210609436035,0.35220420360565186,0.3814566433429718,26681936.0,0.2554289996623993,0.1144467368721962,0.5053998231887817
187,0.24334189295768738,1e-05,0.24444358050823212,9037593.0,0.1465689092874527,0.05961012467741966,0.39826807379722595,0.3517337441444397,0.38101691007614136,26630858.0,0.25496602058410645,0.1141970232129097,0.5049415826797485
188,0.2432551234960556,1e-05,0.24434000253677368,8999683.0,0.14648975431919098,0.059569038450717926,0.3969666361808777,0.3513423800468445,0.3806498348712921,26589292.0,0.2545825242996216,0.11399051547050476,0.504561722278595
189,0.24317537248134613,1e-05,0.24425385892391205,8966387.0,0.14641794562339783,0.0595315545797348,0.3625294864177704,0.35100293159484863,0.3803349733352661,26552888.0,0.25425103306770325,0.1138121634721756,0.5042331218719482
190,0.24310089647769928,1e-05,0.24417251348495483,8937337.0,0.1463513970375061,0.059497907757759094,0.4292071461677551,0.3506371080875397,0.38004881143569946,26509872.0,0.25389304757118225,0.1136193498969078,0.5038779973983765
191,0.24302418529987335,1e-05,0.24409092962741852,8900684.0,0.14628244936466217,0.059461165219545364,0.3554846942424774,0.35017433762550354,0.3796800971031189,26453928.0,0.25343790650367737,0.11337389796972275,0.503426194190979
192,0.2429312914609909,1e-05,0.24398721754550934,8855336.0,0.14619724452495575,0.05941706523299217,0.4002842903137207,0.3497906029224396,0.3793739974498749,26411102.0,0.253061980009079,0.11317144334316254,0.5030526518821716
193,0.24285823106765747,1e-05,0.24390384554862976,8820939.0,0.14613206684589386,0.059382617473602295,0.38335174322128296,0.34945330023765564,0.3791036009788513,26374536.0,0.2527327239513397,0.1129944697022438,0.5027253031730652
194,0.24279072880744934,1e-05,0.24383190274238586,8793660.0,0.14607267081737518,0.05935249477624893,0.34978964924812317,0.34913718700408936,0.378849059343338,26341046.0,0.25242480635643005,0.11282922327518463,0.5024189352989197
195,0.24272353947162628,1e-05,0.24376387894153595,8768236.0,0.14601370692253113,0.05932198837399483,0.35986512899398804,0.34884268045425415,0.37861090898513794,26310818.0,0.25213852524757385,0.11267566680908203,0.5021339654922485
196,0.24266034364700317,1e-05,0.24369943141937256,8741998.0,0.14595864713191986,0.059293679893016815,0.3607082962989807,0.3485596477985382,0.3783816397190094,26283650.0,0.25186365842819214,0.11252828687429428,0.5018602013587952
197,0.2426065057516098,1e-05,0.24363738298416138,8723897.0,0.1459130346775055,0.059270359575748444,0.3914477229118347,0.34827831387519836,0.3781510293483734,26254330.0,0.25159066915512085,0.1123821809887886,0.5015881657600403
198,0.2425457090139389,1e-05,0.24357928335666656,8702438.0,0.14586065709590912,0.05924394354224205,0.3162277042865753,0.3480035066604614,0.37792420387268066,26224592.0,0.2513243854045868,0.11224006861448288,0.5013226270675659
199,0.2424817681312561,1e-05,0.24351060390472412,8682521.0,0.14580519497394562,0.05921578407287598,0.3766583800315857,0.34774044156074524,0.3777056336402893,26196294.0,0.25106966495513916,0.1121041476726532,0.5010685324668884
200,0.24242384731769562,1e-05,0.2434488981962204,8661745.0,0.1457556039094925,0.05919108912348747,0.35518428683280945,0.34746941924095154,0.377479612827301,26169076.0,0.2508069574832916,0.11196372658014297,0.5008063316345215
201,0.24236717820167542,1e-05,0.243392676115036,8641599.0,0.14570720493793488,0.05916622281074524,0.36170488595962524,0.3471771776676178,0.37723392248153687,26140882.0,0.25052279233932495,0.11181171238422394,0.5005224943161011
202,0.24230121076107025,1e-05,0.243319571018219,8620628.0,0.145649254322052,0.0591365322470665,0.308238685131073,0.3468517065048218,0.3769572675228119,26110438.0,0.2502051591873169,0.11164192110300064,0.5002050995826721
203,0.24223440885543823,1e-05,0.24324743449687958,8600240.0,0.14559029042720795,0.05910724401473999,0.3836806118488312,0.3465445339679718,0.37669453024864197,26081578.0,0.24990583956241608,0.11148203164339066,0.4999058246612549
204,0.24217365682125092,1e-05,0.24318023025989532,8581072.0,0.14553730189800262,0.059080835431814194,0.3586621880531311,0.34620392322540283,0.37640002369880676,26049612.0,0.24957285821437836,0.11130419373512268,0.49957266449928284
205,0.24209906160831451,1e-05,0.24309346079826355,8559973.0,0.14547035098075867,0.05904712527990341,0.35037416219711304,0.34586086869239807,0.3761022090911865,26019504.0,0.24923750758171082,0.11112476885318756,0.49923691153526306
206,0.24203474819660187,1e-05,0.24302563071250916,8539820.0,0.14541374146938324,0.059018466621637344,0.3711300492286682,0.345561683177948,0.3758406937122345,25991386.0,0.2489464282989502,0.11096929013729095,0.49894532561302185
207,0.24198085069656372,1e-05,0.2429654896259308,8518749.0,0.14536839723587036,0.05899572744965553,0.4180740416049957,0.3453371822834015,0.3756433427333832,25964806.0,0.24873104691505432,0.1108551099896431,0.4987294375896454
208,0.24192002415657043,1e-05,0.24290575087070465,8501095.0,0.14531666040420532,0.05897049978375435,0.3872249126434326,0.34510672092437744,0.37544015049934387,25938088.0,0.24850957095623016,0.11073781549930573,0.4985073506832123
209,0.24186670780181885,1e-05,0.24284978210926056,8483938.0,0.14527224004268646,0.05894864350557327,0.3171171545982361,0.3448432683944702,0.37520644068717957,25910960.0,0.2482547163963318,0.11060221493244171,0.49825164675712585
210,0.24180617928504944,1e-05,0.24279023706912994,8465438.0,0.14522014558315277,0.058922383934259415,0.3707621097564697,0.3445681929588318,0.3749605417251587,25883518.0,0.24798789620399475,0.1104600727558136,0.49798384308815
211,0.24174515902996063,1e-05,0.24272017180919647,8443713.0,0.14516742527484894,0.05889568105340004,0.305192232131958,0.3443010747432709,0.37472090125083923,25857372.0,0.24772915244102478,0.1103222519159317,0.4977239668369293
212,0.24168692529201508,1e-05,0.24265871942043304,8426306.0,0.14511758089065552,0.05887070298194885,0.39826637506484985,0.3440355658531189,0.37448105216026306,25830518.0,0.24747222661972046,0.11018545180559158,0.4974658191204071
213,0.24162879586219788,1e-05,0.24259991943836212,8403788.0,0.14506830275058746,0.05884552374482155,0.37214457988739014,0.34376412630081177,0.3742333650588989,25800178.0,0.2472098171710968,0.11004626005887985,0.49720197916030884
214,0.2415570616722107,1e-05,0.2425173670053482,8382864.0,0.1450052112340927,0.05881515145301819,0.36944475769996643,0.3434443771839142,0.3739379048347473,25765884.0,0.24689805507659912,0.10988099873065948,0.4968883693218231
215,0.2414899468421936,1e-05,0.24244381487369537,8363721.5,0.14494608342647552,0.058785829693078995,0.37835025787353516,0.3431283235549927,0.3736454248428345,25734964.0,0.24659007787704468,0.10971735417842865,0.4965783655643463
216,0.24142281711101532,1e-05,0.2423647791147232,8342073.5,0.14488708972930908,0.05875672027468681,0.39296889305114746,0.3428218364715576,0.3733605146408081,25704226.0,0.24629202485084534,0.10955915600061417,0.49627816677093506
217,0.24135757982730865,1e-05,0.24229758977890015,8324804.5,0.1448303610086441,0.05872859060764313,0.3911798596382141,0.3425266444683075,0.3730849027633667,25673956.0,0.24600538611412048,0.10940717160701752,0.49598929286003113
218,0.24129445850849152,1e-05,0.2422291785478592,8305589.0,0.14477576315402985,0.05870142951607704,0.3969145715236664,0.3422533869743347,0.3728289306163788,25646116.0,0.2457408308982849,0.10926684737205505,0.49572253227233887
219,0.2412307858467102,1e-05,0.24216577410697937,8286471.5,0.14472109079360962,0.05867430940270424,0.3300018608570099,0.3420512080192566,0.37263986468315125,25621092.0,0.24554790556430817,0.10916512459516525,0.49552789330482483
220,0.2411818951368332,1e-05,0.24211491644382477,8269702.5,0.14468130469322205,0.058654624968767166,0.3487992286682129,0.34179800748825073,0.3724009394645691,25594606.0,0.24530354142189026,0.10903549939393997,0.49528127908706665
221,0.24112224578857422,1e-05,0.24205288290977478,8249345.0,0.14463040232658386,0.058629110455513,0.3060171902179718,0.3415374755859375,0.37215372920036316,25568942.0,0.24505163729190826,0.10890167951583862,0.49502691626548767
222,0.24106284976005554,1e-05,0.24199052155017853,8231261.5,0.14457958936691284,0.05860350653529167,0.41118884086608887,0.34127116203308105,0.3718993365764618,25542716.0,0.2447938472032547,0.1087646409869194,0.4947664439678192
223,0.24100367724895477,1e-05,0.24192175269126892,8209892.0,0.1445290744304657,0.058577682822942734,0.3488493263721466,0.340984970331192,0.37162378430366516,25513902.0,0.24451640248298645,0.10861720889806747,0.494486004114151
224,0.24094323813915253,1e-05,0.24186092615127563,8186045.0,0.1444772630929947,0.058551471680402756,0.30501416325569153,0.34068459272384644,0.3713330328464508,25486648.0,0.2442244440317154,0.10846181213855743,0.49419069290161133
225,0.24088335037231445,1e-05,0.24179597198963165,8166414.5,0.1444256752729416,0.058525580912828445,0.3651595413684845,0.3403802514076233,0.371036559343338,25459828.0,0.24392838776111603,0.10830413550138474,0.49389106035232544
226,0.2408185452222824,1e-05,0.2417222112417221,8145540.0,0.14436928927898407,0.058496348559856415,0.3912486135959625,0.3401007056236267,0.37076276540756226,25432462.0,0.24365730583667755,0.10816022008657455,0.4936165511608124
227,0.24075374007225037,1e-05,0.24165485799312592,8123818.0,0.14431284368038177,0.05846858024597168,0.30577534437179565,0.33979347348213196,0.37045934796333313,25404212.0,0.24335823953151703,0.10800156742334366,0.4933135211467743
228,0.24069197475910187,1e-05,0.24158255755901337,8103656.0,0.1442592293024063,0.05844135209918022,0.4254054129123688,0.3394813537597656,0.37014928460121155,25375678.0,0.24305438995361328,0.10784020274877548,0.4930054545402527
229,0.24062232673168182,1e-05,0.2415054738521576,8083344.5,0.1441980004310608,0.0584111362695694,0.36798787117004395,0.3391838073730469,0.3698526620864868,25347348.0,0.24276553094387054,0.10768692195415497,0.4927124083042145
230,0.24055886268615723,1e-05,0.241432324051857,8061583.5,0.14414317905902863,0.058383602648973465,0.39384394884109497,0.33887889981269836,0.36954694986343384,25319280.0,0.24246922135353088,0.10752955079078674,0.49241164326667786
231,0.24049724638462067,1e-05,0.2413644790649414,8040225.0,0.1440901756286621,0.05835708975791931,0.32020217180252075,0.3385533094406128,0.3692178428173065,25288432.0,0.2421523779630661,0.10736123472452164,0.49208980798721313
232,0.2404247671365738,1e-05,0.24128320813179016,8013502.5,0.1440267562866211,0.05832458660006523,0.36613133549690247,0.3383168578147888,0.3689802289009094,25261616.0,0.24192526936531067,0.10724125802516937,0.49185898900032043
233,0.2403678447008133,1e-05,0.24122722446918488,7996454.5,0.1439789980649948,0.058300916105508804,0.30695390701293945,0.33805230259895325,0.3687119781970978,25234854.0,0.24166959524154663,0.10710575431585312,0.49159902334213257
234,0.24031075835227966,1e-05,0.24116460978984833,7974869.5,0.14393070340156555,0.05827655643224716,0.38638246059417725,0.33776843547821045,0.3684219419956207,25207430.0,0.24139441549777985,0.1069597378373146,0.49131906032562256
235,0.24024702608585358,1e-05,0.24109143018722534,7951137.5,0.14387552440166473,0.058248646557331085,0.34828513860702515,0.3374727666378021,0.3681178390979767,25180560.0,0.24110715091228485,0.10680712014436722,0.4910266399383545
236,0.24019120633602142,1e-05,0.2410273402929306,7931890.0,0.14382806420326233,0.05822455510497093,0.3936421275138855,0.3371219038963318,0.3677529990673065,25152082.0,0.2407642900943756,0.10662457346916199,0.4906773865222931
237,0.24011336266994476,1e-05,0.2409321814775467,7905554.0,0.14375784993171692,0.058187756687402725,0.3894876539707184,0.3366647958755493,0.3672722280025482,25123682.0,0.24031439423561096,0.10638450086116791,0.49021872878074646
238,0.2400394231081009,1e-05,0.24084588885307312,7881703.5,0.14369119703769684,0.058154720813035965,0.4275429844856262,0.33623945713043213,0.3668215870857239,25092502.0,0.23989665508270264,0.10616250336170197,0.48979246616363525
239,0.23995648324489594,1e-05,0.24074751138687134,7856928.0,0.14361615478992462,0.058116547763347626,0.3679470419883728,0.3358747065067291,0.366434782743454,25062920.0,0.23954012989997864,0.10597361624240875,0.4894283711910248
240,0.23988138139247894,1e-05,0.24066416919231415,7835056.5,0.1435493677854538,0.05808315798640251,0.36374855041503906,0.33554399013519287,0.36608293652534485,25034842.0,0.2392178624868393,0.10580294579267502,0.48909902572631836
241,0.23981589078903198,1e-05,0.2405877709388733,7813910.0,0.14349226653575897,0.05805478245019913,0.36517149209976196,0.33521851897239685,0.3657342791557312,25006904.0,0.23890072107315063,0.10563479363918304,0.48877471685409546
242,0.2397461235523224,1e-05,0.24050763249397278,7792097.0,0.14343087375164032,0.05802357569336891,0.4235910475254059,0.3349180817604065,0.36541199684143066,24980586.0,0.23860879242420197,0.10548020899295807,0.4884759783744812
243,0.23968558013439178,1e-05,0.24043472111225128,7775090.5,0.14337889850139618,0.05799805000424385,0.372140496969223,0.33461350202560425,0.3650839924812317,24953086.0,0.23831303417682648,0.1053236871957779,0.48817315697669983
244,0.23961776494979858,1e-05,0.24036027491092682,7751005.5,0.14332009851932526,0.057968106120824814,0.3038763999938965,0.33435800671577454,0.3648095726966858,24927626.0,0.2380666434764862,0.10519362986087799,0.48792073130607605
245,0.23955996334552765,1e-05,0.24029640853405,7733762.5,0.14327126741409302,0.05794390290975571,0.3466256856918335,0.3340683579444885,0.3644944429397583,24900008.0,0.23778563737869263,0.10504482686519623,0.487632691860199
246,0.23949375748634338,1e-05,0.24022479355335236,7709004.0,0.14321357011795044,0.057914964854717255,0.3660489320755005,0.3337647616863251,0.3641607463359833,24868284.0,0.23749053478240967,0.10488845407962799,0.48733001947402954
247,0.23943069577217102,1e-05,0.2401505708694458,7686022.5,0.1431591957807541,0.05788736045360565,0.3671432435512543,0.3335148096084595,0.36388731002807617,24839196.0,0.23724955320358276,0.10476125031709671,0.48708269000053406
248,0.2393675446510315,1e-05,0.2400820106267929,7664543.5,0.14310505986213684,0.05786054581403732,0.4058348536491394,0.33324944972991943,0.3635959327220917,24809476.0,0.23699329793453217,0.10462594777345657,0.4868195652961731
249,0.23929931223392487,1e-05,0.24000653624534607,7640547.5,0.1430460810661316,0.05783119425177574,0.3584216833114624,0.3329100012779236,0.3632179796695709,24771068.0,0.2366630882024765,0.1044512689113617,0.4864802956581116
250,0.23922036588191986,1e-05,0.23991307616233826,7607069.0,0.14297603070735931,0.05779543146491051,0.414132297039032,0.3325433135032654,0.36280545592308044,24732040.0,0.23630496859550476,0.1042613536119461,0.4861120879650116
251,0.23913800716400146,1e-05,0.2398168295621872,7570290.0,0.14290229976177216,0.05775751173496246,0.38654929399490356,0.33217310905456543,0.3623875379562378,24695472.0,0.23594340682029724,0.10406960546970367,0.485740065574646
252,0.23905940353870392,1e-05,0.23972487449645996,7544098.5,0.14283232390880585,0.05772281065583229,0.3994828462600708,0.331842303276062,0.3620140254497528,24663686.0,0.23562127351760864,0.10389890521764755,0.48540836572647095
253,0.2389882653951645,1e-05,0.2396446317434311,7517103.0,0.1427699476480484,0.05769112706184387,0.35675111413002014,0.3315286934375763,0.3616596758365631,24634380.0,0.23531650006771088,0.10373756289482117,0.4850943088531494
254,0.23892362415790558,1e-05,0.2395673543214798,7494161.5,0.14271408319473267,0.05766325816512108,0.35769614577293396,0.33121657371520996,0.3613054156303406,24606456.0,0.23501306772232056,0.10357684642076492,0.4847814738750458
255,0.23885510861873627,1e-05,0.23949255049228668,7471957.5,0.1426542103290558,0.05763295292854309,0.3439503312110901,0.33092284202575684,0.36097127199172974,24580094.0,0.23472796380519867,0.10342585295438766,0.4844873249530792
256,0.23879313468933105,1e-05,0.23941834270954132,7449297.0,0.14260080456733704,0.057605672627687454,0.3434065580368042,0.33062469959259033,0.360630601644516,24554486.0,0.23443832993507385,0.10327248275279999,0.4841883182525635
257,0.23873001337051392,1e-05,0.23934978246688843,7430201.5,0.14254628121852875,0.05757883936166763,0.40386319160461426,0.3303333520889282,0.36029675602912903,24528600.0,0.23415564000606537,0.10312283039093018,0.48389631509780884
258,0.23866912722587585,1e-05,0.23927734792232513,7409845.0,0.1424940973520279,0.05755229666829109,0.34028059244155884,0.3300322890281677,0.35995057225227356,24502442.0,0.23386338353157043,0.10296817123889923,0.48359423875808716
259,0.2386079579591751,1e-05,0.2392054796218872,7390243.0,0.14244166016578674,0.057526227086782455,0.3566659390926361,0.32972630858421326,0.3596406877040863,24476072.0,0.233566015958786,0.10281069576740265,0.48328667879104614
260,0.23854413628578186,1e-05,0.2391323298215866,7367277.5,0.14238643646240234,0.05749746784567833,0.3513409495353699,0.32942497730255127,0.3593498766422272,24449924.0,0.23327328264713287,0.10265564173460007,0.4829837381839752
261,0.23847702145576477,1e-05,0.2390725314617157,7348021.0,0.14232796430587769,0.05746915563941002,0.42054104804992676,0.3291434645652771,0.359077513217926,24424688.0,0.2330004721879959,0.10251132398843765,0.48270121216773987
262,0.2384187877178192,1e-05,0.2390151172876358,7325673.5,0.14227846264839172,0.05744389817118645,0.35926002264022827,0.32885417342185974,0.35879644751548767,24399420.0,0.2327200025320053,0.10236302763223648,0.48241060972213745
263,0.23835372924804688,1e-05,0.23894977569580078,7306911.0,0.14222215116024017,0.05741628259420395,0.38617050647735596,0.3285665214061737,0.3585156500339508,24374792.0,0.23244106769561768,0.10221543908119202,0.48212143778800964
264,0.2382870763540268,1e-05,0.23888863623142242,7284798.0,0.14216427505016327,0.05738701671361923,0.36903852224349976,0.32829567790031433,0.3582506477832794,24351004.0,0.2321789413690567,0.10207688063383102,0.4818494915962219
265,0.23822976648807526,1e-05,0.23883236944675446,7267753.5,0.14211568236351013,0.05736279487609863,0.39311641454696655,0.32801252603530884,0.35797208547592163,24325742.0,0.2319045513868332,0.10193174332380295,0.4815647006034851
266,0.23816801607608795,1e-05,0.23877733945846558,7248239.5,0.14206278324127197,0.0573367215692997,0.367451548576355,0.3277284801006317,0.35769137740135193,24300612.0,0.23162941634655,0.10178638249635696,0.4812789261341095
267,0.23810306191444397,1e-05,0.2387126237154007,7227446.5,0.1420067399740219,0.05730847641825676,0.3896844983100891,0.3274281919002533,0.35739240050315857,24272784.0,0.23133818805217743,0.10163270682096481,0.48097628355026245
268,0.23803725838661194,1e-05,0.23865583539009094,7210854.5,0.14195005595684052,0.05728133022785187,0.30132660269737244,0.32714903354644775,0.35711368918418884,24243794.0,0.2310682237148285,0.1014903262257576,0.48069557547569275
269,0.2379709929227829,1e-05,0.23859569430351257,7187349.0,0.14189280569553375,0.057252850383520126,0.33248981833457947,0.32685789465904236,0.35682186484336853,24217218.0,0.23078592121601105,0.1013411208987236,0.4804018437862396
270,0.23790553212165833,1e-05,0.2385418713092804,7165973.0,0.14183637499809265,0.05722464993596077,0.3529197573661804,0.32656025886535645,0.3565221428871155,24188726.0,0.23049716651439667,0.10118832439184189,0.48010119795799255
271,0.23783528804779053,1e-05,0.2384813129901886,7143030.5,0.14177463948726654,0.05719370394945145,0.3534353971481323,0.32620254158973694,0.3561565577983856,24152932.0,0.23014764487743378,0.1010027751326561,0.4797370433807373
272,0.23776687681674957,1e-05,0.23841789364814758,7114931.5,0.14171446859836578,0.057163115590810776,0.4067866802215576,0.32586753368377686,0.35581377148628235,24120378.0,0.22982104122638702,0.10082963109016418,0.4793965518474579
273,0.23768764734268188,1e-05,0.23834848403930664,7088028.5,0.14164388179779053,0.05712800472974777,0.34005147218704224,0.32558050751686096,0.3555208742618561,24091962.0,0.2295428216457367,0.10068244487047195,0.47910627722740173
274,0.23762494325637817,1e-05,0.2382955551147461,7061689.0,0.14158982038497925,0.057100143283605576,0.355180561542511,0.3252750635147095,0.35520729422569275,24065182.0,0.22924594581127167,0.10052523016929626,0.4787963628768921
275,0.2375580072402954,1e-05,0.23823174834251404,7043184.5,0.14153160154819489,0.05707164108753204,0.35578256845474243,0.32498899102211,0.35491320490837097,24038912.0,0.22896860539913177,0.10037850588560104,0.4785066545009613
276,0.23749478161334991,1e-05,0.238179549574852,7023590.0,0.14147698879241943,0.05704493075609207,0.3464980125427246,0.3246784508228302,0.35459068417549133,24012120.0,0.22866638004779816,0.10021863132715225,0.47819074988365173
277,0.23742590844631195,1e-05,0.2381148338317871,7001099.0,0.1414162963628769,0.057014599442481995,0.3712185025215149,0.32434794306755066,0.35424384474754333,23982960.0,0.2283438742160797,0.10004822164773941,0.477853387594223
278,0.2373591661453247,1e-05,0.23805411159992218,6983633.5,0.14135761559009552,0.05698597431182861,0.3640509843826294,0.3240220844745636,0.35390156507492065,23954748.0,0.22802624106407166,0.09988023340702057,0.4775209426879883
279,0.23728834092617035,1e-05,0.23798814415931702,6961444.5,0.14129507541656494,0.05695539712905884,0.3770022690296173,0.32371458411216736,0.35357865691185,23928776.0,0.22772717475891113,0.09972205758094788,0.4772076904773712
280,0.23722270131111145,1e-05,0.23793189227581024,6942277.5,0.14123791456222534,0.05692695453763008,0.31474947929382324,0.32341325283050537,0.3532615900039673,23903184.0,0.22743435204029083,0.09956712275743484,0.47690078616142273
281,0.23715806007385254,1e-05,0.2378748655319214,6922758.0,0.14118176698684692,0.056899286806583405,0.4123755395412445,0.32306206226348877,0.3528881371021271,23872640.0,0.22709143161773682,0.0993853360414505,0.47654110193252563
282,0.23707666993141174,1e-05,0.2377961128950119,6890308.5,0.1411081850528717,0.05686298385262489,0.33284375071525574,0.3225663900375366,0.3523522615432739,23826528.0,0.22660306096076965,0.09912548214197159,0.4760284125804901
283,0.2369762361049652,1e-05,0.23768845200538635,6849756.5,0.14101535081863403,0.056815557181835175,0.40197890996932983,0.3221668601036072,0.351921409368515,23788956.0,0.2262117713689804,0.09891780465841293,0.47561725974082947
284,0.23689350485801697,1e-05,0.23761753737926483,6817441.5,0.14094102382659912,0.05677814036607742,0.3221595883369446,0.32178324460983276,0.3515072762966156,23754950.0,0.22583694756031036,0.09871916472911835,0.4752230644226074
285,0.23681926727294922,1e-05,0.2375478446483612,6791239.5,0.14087557792663574,0.056745488196611404,0.3515641987323761,0.32144129276275635,0.35113781690597534,23724540.0,0.22550374269485474,0.0985427126288414,0.474872350692749
286,0.2367447316646576,1e-05,0.23747625946998596,6765769.5,0.1408100128173828,0.056712474673986435,0.36851418018341064,0.32115355134010315,0.3508283197879791,23697182.0,0.22522512078285217,0.09839554131031036,0.4745788872241974
287,0.23667462170124054,1e-05,0.237413227558136,6743238.5,0.14074885845184326,0.05668254569172859,0.37654492259025574,0.3208630681037903,0.3505137860774994,23671218.0,0.2249433845281601,0.09824667870998383,0.4742819666862488
288,0.23661015927791595,1e-05,0.2373529076576233,6725105.0,0.14069324731826782,0.056655265390872955,0.38432765007019043,0.3205651342868805,0.35019099712371826,23643184.0,0.22465455532073975,0.09809424728155136,0.47397738695144653
289,0.23654264211654663,1e-05,0.23729021847248077,6703326.0,0.14063487946987152,0.056626174598932266,0.32913005352020264,0.3202055096626282,0.3498094379901886,23610128.0,0.2243041694164276,0.09790892153978348,0.47360759973526
290,0.2364608496427536,1e-05,0.23720890283584595,6675362.5,0.14056222140789032,0.05659117177128792,0.3702036738395691,0.31987184286117554,0.34949570894241333,23580312.0,0.2239793986082077,0.09773727506399155,0.4732646048069
291,0.23638541996479034,1e-05,0.23714053630828857,6651923.0,0.1404956877231598,0.05655859783291817,0.39052778482437134,0.3195423185825348,0.3491842746734619,23551230.0,0.22365881502628326,0.09756813198328018,0.4729258120059967
292,0.23631209135055542,1e-05,0.23706968128681183,6632061.5,0.14043129980564117,0.05652730539441109,0.36054152250289917,0.31923264265060425,0.34889140725135803,23524824.0,0.22335804998874664,0.09740931540727615,0.47260770201683044
293,0.23624800145626068,1e-05,0.237010657787323,6614342.5,0.14037612080574036,0.0565001517534256,0.3457055985927582,0.31892213225364685,0.34859687089920044,23498344.0,0.22305645048618317,0.09725000709295273,0.4722885191440582
294,0.23617924749851227,1e-05,0.23694565892219543,6595737.5,0.14031633734703064,0.05647122114896774,0.4132618308067322,0.31858864426612854,0.3482784330844879,23468048.0,0.22273175418376923,0.09707826375961304,0.471944659948349
295,0.2360939234495163,1e-05,0.23685482144355774,6561752.0,0.14023947715759277,0.056433502584695816,0.3818638026714325,0.3181282579898834,0.34783169627189636,23425182.0,0.22227951884269714,0.09683829545974731,0.4714652895927429
296,0.2359994798898697,1e-05,0.23675929009914398,6530057.0,0.14015334844589233,0.05639024078845978,0.369552880525589,0.3177148699760437,0.3474271297454834,23386750.0,0.22187428176403046,0.09662380814552307,0.47103533148765564
297,0.23591859638690948,1e-05,0.23667696118354797,6499353.0,0.14007993042469025,0.056353408843278885,0.38745036721229553,0.3171846568584442,0.34690383076667786,23352774.0,0.22135089337825775,0.0963454321026802,0.47047942876815796
298,0.23581969738006592,1e-05,0.23657923936843872,6472227.0,0.13998828828334808,0.056308563798666,0.30127444863319397,0.3167785406112671,0.3465031385421753,23324006.0,0.2209526002407074,0.09613408148288727,0.4700559675693512
299,0.2357455939054489,1e-05,0.23650625348091125,6449989.0,0.1399221271276474,0.05627524107694626,0.3658842444419861,0.31642651557922363,0.34615519642829895,23297716.0,0.22060878574848175,0.09595193713903427,0.46969008445739746
300,0.2356809377670288,1e-05,0.2364371418952942,6426249.0,0.1398657262325287,0.05624774843454361,0.3727719187736511,0.3160947859287262,0.34582701325416565,23272830.0,0.22028538584709167,0.09578070789575577,0.46934568881988525
301,0.2356095016002655,1e-05,0.23636962473392487,6407840.0,0.13980278372764587,0.05621669441461563,0.3441719114780426,0.3158029317855835,0.3455386161804199,23249900.0,0.220002219080925,0.09563103318214417,0.46904394030570984
302,0.23555055260658264,1e-05,0.23631393909454346,6390113.5,0.13975241780281067,0.056192319840192795,0.3017789125442505,0.31550514698028564,0.3452426791191101,23226648.0,0.2197129875421524,0.09547805041074753,0.4687355160713196
303,0.2354847639799118,1e-05,0.23624570667743683,6372360.0,0.13969528675079346,0.05616435781121254,0.36223161220550537,0.3152299225330353,0.3449691832065582,23204076.0,0.21944649517536163,0.09533730894327164,0.4684511721134186
304,0.23542743921279907,1e-05,0.23619186878204346,6353004.5,0.13964655995368958,0.05614062026143074,0.33434009552001953,0.31493350863456726,0.3446803092956543,23181684.0,0.2191586047410965,0.0951850563287735,0.4681437909603119
305,0.235364630818367,1e-05,0.23613044619560242,6335700.0,0.13959234952926636,0.056114278733730316,0.38248929381370544,0.31465262174606323,0.3444264531135559,23159236.0,0.21888644993305206,0.09504129737615585,0.46785300970077515
306,0.2353065460920334,1e-05,0.23607094585895538,6317866.0,0.13954301178455353,0.05608951672911644,0.37745481729507446,0.3143683671951294,0.34416767954826355,23135690.0,0.2186109721660614,0.0948958694934845,0.46755853295326233
307,0.23524317145347595,1e-05,0.2360096573829651,6300679.0,0.13948850333690643,0.05606318265199661,0.3863162100315094,0.3139770030975342,0.34380725026130676,23111584.0,0.21822743117809296,0.09469252824783325,0.46714818477630615
308,0.235154926776886,1e-05,0.23590248823165894,6271408.0,0.13940656185150146,0.05602244660258293,0.3649301826953888,0.3131755292415619,0.34305340051651,23082602.0,0.2174297720193863,0.09426740556955338,0.46629366278648376
309,0.2350490838289261,1e-05,0.23578934371471405,6239828.0,0.13930420577526093,0.055969975888729095,0.3094361424446106,0.3123970031738281,0.3423585593700409,23053122.0,0.21665480732917786,0.09385419636964798,0.46546193957328796
310,0.23494508862495422,1e-05,0.23566479980945587,6208394.0,0.1392044723033905,0.05592085421085358,0.31382304430007935,0.3118419647216797,0.34189245104789734,23026956.0,0.21610532701015472,0.09356200695037842,0.46487128734588623
311,0.23486770689487457,1e-05,0.23557180166244507,6185434.0,0.1391330510377884,0.055884137749671936,0.3105399012565613,0.3114180862903595,0.34153106808662415,23001838.0,0.21568824350833893,0.09334087371826172,0.4644224941730499
312,0.2347957342863083,1e-05,0.23549006879329681,6163518.5,0.13906821608543396,0.05585218220949173,0.36148801445961,0.31108221411705017,0.34124210476875305,22978362.0,0.21536003053188324,0.09316736459732056,0.4640689790248871
313,0.23473094403743744,1e-05,0.23542387783527374,6144287.5,0.1390111744403839,0.05582461506128311,0.3778659701347351,0.31072789430618286,0.34093210101127625,22950242.0,0.2150132656097412,0.09298413246870041,0.463695228099823
314,0.2346489578485489,1e-05,0.2353251874446869,6109675.5,0.13893623650074005,0.05578675493597984,0.3720181882381439,0.31023550033569336,0.3404930531978607,22907512.0,0.21452739834785461,0.09272686392068863,0.4631710350513458
315,0.2345539778470993,1e-05,0.23522046208381653,6084020.0,0.13884811103343964,0.05574442818760872,0.3423193097114563,0.3098551630973816,0.3401836156845093,22873690.0,0.2141544222831726,0.09252987056970596,0.46276822686195374
316,0.23448248207569122,1e-05,0.23513171076774597,6054647.5,0.13878412544727325,0.05571288242936134,0.3684714734554291,0.3095239996910095,0.3399134874343872,22844584.0,0.21383102238178253,0.09235936403274536,0.46241867542266846
317,0.23441122472286224,1e-05,0.23505741357803345,6030685.5,0.13872064650058746,0.05568188428878784,0.371796190738678,0.30922791361808777,0.33967241644859314,22819584.0,0.2135428786277771,0.09220762550830841,0.46210700273513794
318,0.23435206711292267,1e-05,0.23499324917793274,6011876.5,0.1386694312095642,0.05565745383501053,0.3834999203681946,0.30894461274147034,0.339440256357193,22795376.0,0.21326760947704315,0.092062808573246,0.46180906891822815
319,0.23428969085216522,1e-05,0.23492620885372162,5994712.0,0.1386152058839798,0.05563084036111832,0.3836205303668976,0.3086790442466736,0.3392219841480255,22772324.0,0.21301038563251495,0.09192783385515213,0.461530476808548
320,0.23422935605049133,1e-05,0.23486389219760895,5977486.0,0.13856326043605804,0.05560627207159996,0.3574656844139099,0.30842941999435425,0.33901622891426086,22750440.0,0.21276916563510895,0.09180134534835815,0.4612690806388855
321,0.23417115211486816,1e-05,0.23479798436164856,5959699.0,0.13851343095302582,0.055582497268915176,0.41829562187194824,0.30817610025405884,0.3388069272041321,22728878.0,0.21252422034740448,0.09167292714118958,0.46100348234176636
322,0.234117329120636,1e-05,0.23474308848381042,5946132.0,0.138467937707901,0.055560946464538574,0.37610942125320435,0.3079070746898651,0.3385835886001587,22706708.0,0.2122635543346405,0.09153630584478378,0.4607206881046295
323,0.2340533286333084,1e-05,0.23467609286308289,5929763.5,0.13841238617897034,0.055534299463033676,0.38458865880966187,0.3076660633087158,0.3383822441101074,22685330.0,0.21203109622001648,0.09141463786363602,0.4604683518409729
324,0.23400148749351501,1e-05,0.23461924493312836,5912288.0,0.1383690983057022,0.05551319941878319,0.4103204309940338,0.3074079751968384,0.33816584944725037,22663494.0,0.2117815762758255,0.09128399193286896,0.4601973295211792
325,0.23393945395946503,1e-05,0.2345535159111023,5896140.0,0.13831573724746704,0.05548834055662155,0.3978591561317444,0.307157039642334,0.3379541337490082,22641980.0,0.2115394026041031,0.0911572128534317,0.4599341154098511
326,0.23388001322746277,1e-05,0.23448744416236877,5879855.0,0.13826507329940796,0.05546412616968155,0.3984405994415283,0.3069201409816742,0.3377530574798584,22620528.0,0.21131141483783722,0.0910380408167839,0.4596862196922302
327,0.2338252067565918,1e-05,0.23443098366260529,5865106.0,0.13821929693222046,0.05544209107756615,0.37965813279151917,0.3066984713077545,0.3375633656978607,22598238.0,0.21109892427921295,0.09092729538679123,0.45945504307746887
328,0.23376920819282532,1e-05,0.23437292873859406,5850599.5,0.1381724774837494,0.05542033538222313,0.3871367871761322,0.30645936727523804,0.3373578190803528,22573836.0,0.2108689248561859,0.09080760926008224,0.45920467376708984
329,0.233709916472435,1e-05,0.234312042593956,5835499.5,0.13812215626239777,0.0553966723382473,0.38257473707199097,0.30621495842933655,0.33714747428894043,22550838.0,0.21063339710235596,0.09068479388952255,0.45894813537597656
330,0.2336520105600357,1e-05,0.2342497557401657,5820946.0,0.1380731463432312,0.05537363141775131,0.3410987854003906,0.3059642016887665,0.33693113923072815,22528082.0,0.21039146184921265,0.09055864810943604,0.458684504032135
331,0.23359422385692596,1e-05,0.23419025540351868,5803901.5,0.13802407681941986,0.0553506538271904,0.3711671233177185,0.30570724606513977,0.336709201335907,22506390.0,0.2101431041955948,0.09042893350124359,0.458413690328598
332,0.23353387415409088,1e-05,0.23412156105041504,5789070.0,0.1379724144935608,0.05532597377896309,0.3695884644985199,0.305467426776886,0.33650118112564087,22485502.0,0.2099119871854782,0.09030834585428238,0.45816153287887573
333,0.23347748816013336,1e-05,0.23406153917312622,5776129.5,0.13792474567890167,0.05530339479446411,0.3522961437702179,0.30523455142974854,0.3362978994846344,22464506.0,0.20968787372112274,0.09019146859645844,0.45791688561439514
334,0.23342372477054596,1e-05,0.2340071052312851,5757989.5,0.1378796100616455,0.055281806737184525,0.39893218874931335,0.3049375116825104,0.3360360562801361,22440118.0,0.20939922332763672,0.09004046767950058,0.4576016068458557
335,0.2333473265171051,1e-05,0.23391978442668915,5733945.0,0.13781143724918365,0.05524853244423866,0.3675190806388855,0.30454200506210327,0.3356787860393524,22405778.0,0.2090117335319519,0.08983729779720306,0.457177996635437
336,0.23327438533306122,1e-05,0.23382550477981567,5707724.5,0.13774661719799042,0.05521684139966965,0.32699671387672424,0.30420660972595215,0.3353758454322815,22376280.0,0.20868460834026337,0.08966615796089172,0.4568201005458832
337,0.23320017755031586,1e-05,0.23373804986476898,5683399.5,0.1376807689666748,0.05518541485071182,0.3834049701690674,0.3038959205150604,0.3350951075553894,22349660.0,0.20838236808776855,0.08950824290513992,0.4564891755580902
338,0.23312821984291077,1e-05,0.23365630209445953,5659405.5,0.13761721551418304,0.055154796689748764,0.35468560457229614,0.30355387926101685,0.33478403091430664,22321164.0,0.20804879069328308,0.08933394402265549,0.4561236500740051
339,0.23305875062942505,1e-05,0.2335769236087799,5635721.0,0.1375562995672226,0.05512448400259018,0.3649216294288635,0.30325642228126526,0.33451348543167114,22295838.0,0.20775994658470154,0.08918334543704987,0.4558069109916687
340,0.2329908013343811,1e-05,0.23349693417549133,5614664.0,0.13749699294567108,0.055096156895160675,0.3416561782360077,0.30286094546318054,0.33415624499320984,22273242.0,0.20737183094024658,0.08898019790649414,0.45538097620010376
341,0.23291301727294922,1e-05,0.23339100182056427,5593785.0,0.13742470741271973,0.05506119877099991,0.37824711203575134,0.3021003305912018,0.333465039730072,22250642.0,0.20661450922489166,0.0885821282863617,0.4545486867427826
342,0.23282767832279205,1e-05,0.2332596331834793,5560319.5,0.13734334707260132,0.05501919239759445,0.4133259356021881,0.30153995752334595,0.3330177068710327,22226154.0,0.20605961978435516,0.08829173445701599,0.4539378881454468
343,0.23273634910583496,1e-05,0.23313868045806885,5533262.5,0.13725823163986206,0.05497810244560242,0.37209898233413696,0.30103713274002075,0.33261579275131226,22191678.0,0.20556393265724182,0.08803355693817139,0.45339158177375793
344,0.23263786733150482,1e-05,0.23301805555820465,5497872.0,0.13716673851013184,0.05493263527750969,0.33568376302719116,0.3005148768424988,0.3321892321109772,22152386.0,0.2050485759973526,0.08776521682739258,0.45282289385795593
345,0.23255662620067596,1e-05,0.23290729522705078,5468370.0,0.13709251582622528,0.05489679053425789,0.3805527091026306,0.30010902881622314,0.3318549394607544,22120454.0,0.20465005934238434,0.08755826205015182,0.4523826539516449
346,0.23247572779655457,1e-05,0.23280709981918335,5441285.5,0.1370190978050232,0.05486149340867996,0.32633066177368164,0.29978394508361816,0.3315858542919159,22093266.0,0.2043326199054718,0.08739396929740906,0.452031672000885
347,0.23241351544857025,1e-05,0.23272715508937836,5420213.5,0.13696447014808655,0.05483508110046387,0.38251346349716187,0.2994771897792816,0.33133432269096375,22065546.0,0.20403343439102173,0.087239570915699,0.4517005980014801
348,0.23235055804252625,1e-05,0.23264998197555542,5403364.0,0.1369091421365738,0.0548090934753418,0.3318193554878235,0.2992011308670044,0.33111661672592163,22041350.0,0.20376518368721008,0.0871012955904007,0.45140355825424194
349,0.2322898507118225,1e-05,0.23258057236671448,5386415.0,0.13685636222362518,0.05478430911898613,0.36426812410354614,0.2989562749862671,0.33092257380485535,22019284.0,0.20352838933467865,0.08697942644357681,0.45114120841026306
350,0.23223203420639038,1e-05,0.23251400887966156,5371515.0,0.1368066519498825,0.05476100742816925,0.3695443868637085,0.29873207211494446,0.3307441473007202,21998778.0,0.20331238210201263,0.08686842024326324,0.45090174674987793
351,0.23217634856700897,1e-05,0.2324516326189041,5358308.0,0.13675916194915771,0.05473887547850609,0.3332917094230652,0.29845988750457764,0.3305289149284363,21978526.0,0.203047975897789,0.08673222362995148,0.4506084620952606
352,0.2321222722530365,1e-05,0.23237837851047516,5342049.5,0.1367121934890747,0.0547163300216198,0.3915371894836426,0.29803264141082764,0.33019131422042847,21955768.0,0.20262713730335236,0.08651440590620041,0.4501412510871887
353,0.23205268383026123,1e-05,0.23228074610233307,5318939.0,0.13664932548999786,0.05468546599149704,0.3456249237060547,0.2976936995983124,0.32991960644721985,21933878.0,0.20229539275169373,0.08634340018033981,0.44977259635925293
354,0.23199234902858734,1e-05,0.2322128415107727,5304459.5,0.13659626245498657,0.05466065928339958,0.29880258440971375,0.29738354682922363,0.32966703176498413,21909040.0,0.20199276506900787,0.08618819713592529,0.4494360387325287
355,0.2319277971982956,1e-05,0.23213225603103638,5290717.5,0.13653939962387085,0.05463417246937752,0.35757771134376526,0.2971039414405823,0.329436331987381,21885014.0,0.2017209231853485,0.08604887127876282,0.4491335153579712
356,0.2318653017282486,1e-05,0.2320510447025299,5271379.0,0.13648460805416107,0.05460828170180321,0.4294472336769104,0.2967909574508667,0.3291727602481842,21856474.0,0.20141561329364777,0.0858921930193901,0.44879350066185
357,0.23179754614830017,1e-05,0.23196713626384735,5248266.0,0.13642464578151703,0.054579462856054306,0.4099259376525879,0.29652079939842224,0.3289453685283661,21831796.0,0.2011534571647644,0.08575806021690369,0.4485013484954834
358,0.23173825442790985,1e-05,0.2318950593471527,5231103.5,0.1363733857870102,0.054555341601371765,0.38585516810417175,0.2962535321712494,0.3287189304828644,21807124.0,0.20089437067508698,0.08562560379505157,0.4482124149799347
359,0.23167040944099426,1e-05,0.23181301355361938,5208328.0,0.13631382584571838,0.054526954889297485,0.30429190397262573,0.2959415912628174,0.32845067977905273,21777898.0,0.2005908489227295,0.08547033369541168,0.44787371158599854
360,0.23160049319267273,1e-05,0.231730654835701,5188251.0,0.1362522542476654,0.05449773371219635,0.3517553210258484,0.29566240310668945,0.32821124792099,21752908.0,0.20031984150409698,0.08533184230327606,0.4475710391998291
361,0.23154158890247345,1e-05,0.2316708117723465,5167717.0,0.13620144128799438,0.05447344481945038,0.3559146523475647,0.2954019010066986,0.3279876708984375,21729392.0,0.20006737112998962,0.08520305156707764,0.4472889006137848
362,0.2314848005771637,1e-05,0.23160849511623383,5150034.5,0.1361527442932129,0.05445004999637604,0.36394834518432617,0.29516303539276123,0.32778242230415344,21707688.0,0.19983667135238647,0.08508558571338654,0.4470309615135193
363,0.23142990469932556,1e-05,0.23155206441879272,5135866.0,0.13610604405403137,0.0544283390045166,0.37766319513320923,0.29493847489356995,0.327589213848114,21686952.0,0.19962042570114136,0.08497565984725952,0.446789026260376
364,0.2313758134841919,1e-05,0.2315022349357605,5121824.0,0.13606032729148865,0.05440707132220268,0.37223750352859497,0.2947278618812561,0.32740771770477295,21667342.0,0.19941824674606323,0.0848730280995369,0.4465627074241638
365,0.23132486641407013,1e-05,0.23144666850566864,5108514.0,0.13601785898208618,0.054387111216783524,0.33712777495384216,0.2944977879524231,0.32720720767974854,21645406.0,0.199196457862854,0.08476034551858902,0.4463143050670624
366,0.2312619984149933,1e-05,0.23138538002967834,5086644.0,0.13596294820308685,0.0543610043823719,0.39103859663009644,0.2941988706588745,0.3269420862197876,21617788.0,0.19890515506267548,0.08461187779903412,0.44598785042762756
367,0.23119977116584778,1e-05,0.23132874071598053,5065590.5,0.13590845465660095,0.05433480069041252,0.3969276547431946,0.29392287135124207,0.3266978859901428,21592970.0,0.19863715767860413,0.08447562903165817,0.44568729400634766
368,0.23114080727100372,1e-05,0.2312718629837036,5048798.0,0.13585755228996277,0.05431073158979416,0.3784152567386627,0.2936706244945526,0.32647478580474854,21570266.0,0.19839321076869965,0.08435188233852386,0.4454135298728943
369,0.23108047246932983,1e-05,0.2312212735414505,5034102.0,0.13580568134784698,0.05428655818104744,0.38938847184181213,0.2934514284133911,0.32628127932548523,21550012.0,0.1981826275587082,0.08424533903598785,0.4451770782470703
370,0.23102878034114838,1e-05,0.23117248713970184,5017651.5,0.13576261699199677,0.054265908896923065,0.2965417504310608,0.2932378053665161,0.32609283924102783,21530676.0,0.19797763228416443,0.08414175361394882,0.4449467658996582
371,0.23097637295722961,1e-05,0.23113137483596802,5005636.5,0.13571883738040924,0.05424558371305466,0.33973246812820435,0.2930369973182678,0.3259151577949524,21511862.0,0.19778545200824738,0.08404478430747986,0.4447307586669922
372,0.23092736303806305,1e-05,0.23108714818954468,4991553.5,0.13567841053009033,0.0542265884578228,0.38701385259628296,0.2928348779678345,0.32573598623275757,21493120.0,0.19759197533130646,0.08394724130630493,0.444513201713562
373,0.23087738454341888,1e-05,0.23104487359523773,4980017.0,0.13563717901706696,0.05420758202672005,0.38238221406936646,0.2926366329193115,0.32555994391441345,21474728.0,0.19740255177021027,0.08385183662176132,0.4443000555038452
374,0.2308254837989807,1e-05,0.2310042679309845,4966079.0,0.13559408485889435,0.054187413305044174,0.3058827817440033,0.29245179891586304,0.3253955841064453,21456804.0,0.19722653925418854,0.08376336842775345,0.4441019594669342
375,0.2307792752981186,1e-05,0.23096346855163574,4955998.5,0.13555675745010376,0.05417029187083244,0.377096951007843,0.29227638244628906,0.325238972902298,21438692.0,0.1970600038766861,0.08367979526519775,0.44391441345214844
376,0.230732262134552,1e-05,0.23092560470104218,4943463.0,0.13551853597164154,0.05415245145559311,0.3389122784137726,0.29208433628082275,0.32506704330444336,21420494.0,0.19687668979167938,0.08358766883611679,0.4437078833580017
377,0.23068398237228394,1e-05,0.23088374733924866,4933341.5,0.13547900319099426,0.05413437634706497,0.4007151126861572,0.2918916344642639,0.32489386200904846,21402122.0,0.19669277966022491,0.08349525928497314,0.4435006082057953
378,0.2306336909532547,1e-05,0.2308427095413208,4918995.0,0.135437473654747,0.05411501228809357,0.3429872989654541,0.29168015718460083,0.32470205426216125,21382084.0,0.1964898407459259,0.08339319378137589,0.4432717561721802
379,0.23057906329631805,1e-05,0.2307896912097931,4904366.5,0.13539108633995056,0.05409305542707443,0.39358919858932495,0.2914047837257385,0.3244473934173584,21355966.0,0.19622239470481873,0.08325830101966858,0.4429699778556824
380,0.23051585257053375,1e-05,0.2307327538728714,4882720.0,0.13533611595630646,0.054066840559244156,0.295477032661438,0.2911666929721832,0.32422778010368347,21330794.0,0.19599293172359467,0.08314322680234909,0.44271087646484375
381,0.23045764863491058,1e-05,0.23068389296531677,4869389.0,0.13528646528720856,0.05404409021139145,0.29703301191329956,0.29093700647354126,0.32401666045188904,21308682.0,0.19577181339263916,0.08303235471248627,0.4424610733985901
382,0.2304031252861023,1e-05,0.23063541948795319,4853551.0,0.13524049520492554,0.054022759199142456,0.3753598630428314,0.29071682691574097,0.32381412386894226,21286824.0,0.1955603063106537,0.08292655646800995,0.442221999168396
383,0.23034559190273285,1e-05,0.2305832803249359,4842728.0,0.13519178330898285,0.0540006160736084,0.360043466091156,0.29049405455589294,0.3236085772514343,21262250.0,0.19534654915332794,0.08282006531953812,0.4419802725315094
384,0.23028984665870667,1e-05,0.23053410649299622,4829946.0,0.13514508306980133,0.05397944524884224,0.3924707770347595,0.2902809679508209,0.3234114944934845,21239040.0,0.19514261186122894,0.08271850645542145,0.4417494833469391
385,0.230229914188385,1e-05,0.23048226535320282,4817107.0,0.13509443402290344,0.053956303745508194,0.3557361960411072,0.28999730944633484,0.3231484591960907,21216530.0,0.19486765563488007,0.08258093893527985,0.4414381682872772
386,0.23016951978206635,1e-05,0.23043273389339447,4801432.0,0.13504169881343842,0.053931936621665955,0.37017765641212463,0.289509654045105,0.32269227504730225,21191754.0,0.19438649713993073,0.0823393389582634,0.4408928453922272
387,0.2300935685634613,1e-05,0.23035484552383423,4779960.0,0.13497266173362732,0.05389890819787979,0.37700891494750977,0.2891278862953186,0.322331964969635,21163746.0,0.19401240348815918,0.08215272426605225,0.4404684007167816
388,0.23002032935619354,1e-05,0.23028399050235748,4764820.5,0.13490743935108185,0.05386926606297493,0.3652247488498688,0.2887585163116455,0.32198187708854675,21139990.0,0.193650484085083,0.0819721668958664,0.4400573670864105
389,0.22995160520076752,1e-05,0.23021508753299713,4745899.0,0.1348448395729065,0.0538392998278141,0.3576282858848572,0.2881263792514801,0.32137593626976013,21117640.0,0.1930229365825653,0.08165840804576874,0.43934375047683716
390,0.22987370193004608,1e-05,0.2301369309425354,4723441.5,0.13477203249931335,0.0538044236600399,0.34611162543296814,0.2876911163330078,0.32095515727996826,21097786.0,0.19259384274482727,0.08144476264715195,0.4388551414012909
391,0.22981180250644684,1e-05,0.23007643222808838,4706095.5,0.13471677899360657,0.05377854406833649,0.4255768358707428,0.2873879373073578,0.32066118717193604,21078842.0,0.19229815900325775,0.08129812031984329,0.43851813673973083
392,0.22975774109363556,1e-05,0.2300267070531845,4694032.0,0.13467039167881012,0.05375681445002556,0.354856014251709,0.2871361970901489,0.3204168677330017,21060176.0,0.19205449521541595,0.08117762953042984,0.4382402300834656
393,0.22970528900623322,1e-05,0.2299766093492508,4680939.5,0.13462615013122559,0.05373639240860939,0.3375472128391266,0.28692954778671265,0.32021623849868774,21041918.0,0.1918562650680542,0.0810798779129982,0.4380140006542206
394,0.22965717315673828,1e-05,0.2299373894929886,4669333.0,0.1345864087343216,0.05371794477105141,0.3609265685081482,0.286726713180542,0.3200186491012573,21023850.0,0.1916617602109909,0.08098398894071579,0.4377919137477875
395,0.22960862517356873,1e-05,0.22988875210285187,4657241.5,0.1345462203025818,0.05369948595762253,0.2976636290550232,0.2865326702594757,0.3198290467262268,21005532.0,0.19147609174251556,0.08089256286621094,0.43757981061935425
396,0.22955898940563202,1e-05,0.2298472374677658,4645212.5,0.13450495898723602,0.05368025600910187,0.3712089955806732,0.28634119033813477,0.31964167952537537,20986962.0,0.19129301607608795,0.08080259710550308,0.43737056851387024
397,0.22951099276542664,1e-05,0.22980432212352753,4633667.0,0.13446541130542755,0.05366240814328194,0.345262348651886,0.28613561391830444,0.3194396197795868,20965218.0,0.1910959929227829,0.08070606738328934,0.43714526295661926
398,0.22945468127727509,1e-05,0.22975194454193115,4622797.0,0.13441765308380127,0.053641170263290405,0.34881290793418884,0.28592634201049805,0.31923502683639526,20942228.0,0.19089528918266296,0.0806078389286995,0.43691566586494446
399,0.2293998897075653,1e-05,0.22970165312290192,4612437.0,0.13437142968177795,0.05362049490213394,0.33038845658302307,0.2857261598110199,0.3190600872039795,20920356.0,0.1907035857439041,0.08051403611898422,0.43669623136520386
400,0.229342982172966,1e-05,0.22964708507061005,4601193.5,0.13432295620441437,0.05359865725040436,0.35614529252052307,0.28552594780921936,0.31888410449028015,20897554.0,0.19051170349121094,0.08042022585868835,0.436476469039917
401,0.22929145395755768,1e-05,0.22960397601127625,4590537.5,0.1342797577381134,0.05357955023646355,0.3735029697418213,0.2853308320045471,0.31871268153190613,20876778.0,0.19032499194145203,0.08032894134521484,0.4362625181674957
402,0.22924110293388367,1e-05,0.2295529693365097,4579621.5,0.1342378407716751,0.05356048420071602,0.32414716482162476,0.2851428985595703,0.3185472786426544,20857198.0,0.1901455968618393,0.08024124056100845,0.43605688214302063
403,0.22919012606143951,1e-05,0.22950683534145355,4568116.5,0.13419540226459503,0.05354148522019386,0.3379368185997009,0.2849627137184143,0.3183883726596832,20838574.0,0.18997393548488617,0.08015734702348709,0.4358600080013275
404,0.2291436344385147,1e-05,0.2294626235961914,4556565.0,0.1341574788093567,0.05352392420172691,0.3466806411743164,0.28478583693504333,0.31823182106018066,20819886.0,0.18980570137500763,0.0800752118229866,0.4356669485569
405,0.22909170389175415,1e-05,0.22941744327545166,4545861.0,0.13411419093608856,0.05350407585501671,0.331677109003067,0.2846132516860962,0.3180796205997467,20802630.0,0.18964171409606934,0.07999520748853683,0.43547871708869934
406,0.22904767096042633,1e-05,0.22937634587287903,4535506.5,0.1340787708759308,0.05348791927099228,0.39187198877334595,0.28443416953086853,0.3179204761981964,20784052.0,0.1894712895154953,0.07991211116313934,0.43528300523757935
407,0.22899605333805084,1e-05,0.22932983934879303,4524727.0,0.13403593003749847,0.053468503057956696,0.37369677424430847,0.2841867208480835,0.3176959455013275,20759396.0,0.1892322301864624,0.07979519665241241,0.43500831723213196
408,0.2289198786020279,1e-05,0.22925513982772827,4501672.5,0.133967325091362,0.053435854613780975,0.33276522159576416,0.2837129235267639,0.3172551393508911,20718868.0,0.18876492977142334,0.07956568896770477,0.43447086215019226
409,0.22883430123329163,1e-05,0.22916889190673828,4469203.0,0.1338883936405182,0.05339789763092995,0.3531455993652344,0.2833482325077057,0.31691503524780273,20685128.0,0.1884072870016098,0.07939080148935318,0.4340590834617615
410,0.22875423729419708,1e-05,0.2290908843278885,4441890.0,0.13381560146808624,0.05336303263902664,0.4039393961429596,0.28306227922439575,0.3166491389274597,20658364.0,0.18812906742095947,0.07925518602132797,0.43373847007751465
411,0.22869089245796204,1e-05,0.2290305644273758,4424195.5,0.13376012444496155,0.05333742871880531,0.3734036087989807,0.2827886641025543,0.31639471650123596,20633090.0,0.18786361813545227,0.07912613451480865,0.43343237042427063
412,0.22862660884857178,1e-05,0.22897297143936157,4406629.5,0.13370409607887268,0.053311657160520554,0.3319678008556366,0.2825333774089813,0.31615760922431946,20609350.0,0.18761645257472992,0.0790063664317131,0.4331471621990204
413,0.22856102883815765,1e-05,0.22891531884670258,4391726.0,0.1336463987827301,0.05328528583049774,0.3746820092201233,0.28228142857551575,0.31592196226119995,20584302.0,0.18737226724624634,0.07888825982809067,0.432865172624588
414,0.2284988909959793,1e-05,0.2288585603237152,4378478.0,0.13359230756759644,0.053260888904333115,0.3234145939350128,0.2820720374584198,0.31572645902633667,20560264.0,0.18717136979103088,0.07879145443439484,0.43263307213783264
415,0.22844447195529938,1e-05,0.22881527245044708,4367620.0,0.1335463523864746,0.05324050039052963,0.36250942945480347,0.28187504410743713,0.31554269790649414,20539168.0,0.18698282539844513,0.07870057225227356,0.43241509795188904
416,0.22839386761188507,1e-05,0.22877025604248047,4356060.0,0.1335042119026184,0.05322141572833061,0.32665103673934937,0.28169119358062744,0.3153713345527649,20519816.0,0.1868075132369995,0.07861612737178802,0.43221235275268555
417,0.2283419519662857,1e-05,0.22872547805309296,4346601.0,0.1334608644247055,0.05320189148187637,0.34660348296165466,0.2815253734588623,0.3152170777320862,20501990.0,0.18665029108524323,0.07854048162698746,0.43203043937683105
418,0.22829405963420868,1e-05,0.22868457436561584,4335720.5,0.13342158496379852,0.05318417027592659,0.36147406697273254,0.28134721517562866,0.3150504529476166,20483532.0,0.1864805668592453,0.07845883071422577,0.431833952665329
419,0.22824126482009888,1e-05,0.2286393642425537,4325355.5,0.13337698578834534,0.05316418409347534,0.37362295389175415,0.28113052248954773,0.31484535336494446,20460122.0,0.18627195060253143,0.07835862040519714,0.43159234523773193
420,0.22818434238433838,1e-05,0.22858721017837524,4316238.5,0.13332845270633698,0.0531429648399353,0.40851640701293945,0.2809194326400757,0.3146449029445648,20435066.0,0.18606969714164734,0.07826167345046997,0.4313579797744751
421,0.2281177043914795,1e-05,0.22852572798728943,4301580.0,0.13327081501483917,0.05311689153313637,0.3943486213684082,0.28066855669021606,0.3144044280052185,20409028.0,0.1858280897140503,0.07814554870128632,0.43107783794403076
422,0.2280573695898056,1e-05,0.22847196459770203,4285777.0,0.13321979343891144,0.05309359356760979,0.3120715022087097,0.28043439984321594,0.3141801357269287,20384972.0,0.1856033205986023,0.07803767919540405,0.43081703782081604
423,0.2279939502477646,1e-05,0.22841767966747284,4273226.5,0.1331656277179718,0.053069159388542175,0.3899754583835602,0.2802097201347351,0.3139645457267761,20362418.0,0.18538786470890045,0.07793434709310532,0.4305669069290161
424,0.227931410074234,1e-05,0.22835972905158997,4256470.0,0.13311250507831573,0.05304474011063576,0.3459887206554413,0.27994123101234436,0.31370407342910767,20334930.0,0.18512891232967377,0.07781024277210236,0.4302660822868347
425,0.22786125540733337,1e-05,0.2282961755990982,4240087.5,0.133051797747612,0.05301665887236595,0.29343047738075256,0.27972567081451416,0.3134959638118744,20312508.0,0.18492257595062256,0.0777115598320961,0.43002626299858093
426,0.22780583798885345,1e-05,0.22824835777282715,4227096.5,0.1330055296421051,0.05299537628889084,0.37940433621406555,0.2795330882072449,0.313310444355011,20292594.0,0.18473900854587555,0.07762385904788971,0.4298127591609955
427,0.22775450348854065,1e-05,0.22820395231246948,4215410.0,0.1329631358385086,0.05297614634037018,0.3815983831882477,0.27935153245925903,0.3131357431411743,20273560.0,0.1845664381980896,0.0775415450334549,0.4296119511127472
428,0.2277000993490219,1e-05,0.22815632820129395,4204103.0,0.1329178363084793,0.05295591056346893,0.2962420582771301,0.2791905403137207,0.31298136711120605,20253516.0,0.18441468477249146,0.07746944576501846,0.4294353127479553
429,0.22765065729618073,1e-05,0.2281152755022049,4194820.5,0.13287761807441711,0.052937787026166916,0.35122159123420715,0.27903491258621216,0.3128320276737213,20234958.0,0.18426814675331116,0.07739977538585663,0.4292646646499634
430,0.22760245203971863,1e-05,0.2280762493610382,4184476.25,0.13283845782279968,0.052920155227184296,0.33031463623046875,0.27884548902511597,0.31264740228652954,20215430.0,0.1840873807668686,0.07731358706951141,0.42905405163764954
431,0.22754395008087158,1e-05,0.22802338004112244,4171174.75,0.13278815150260925,0.05289693549275398,0.3788740932941437,0.278575599193573,0.3123778700828552,20190956.0,0.18382520973682404,0.07718814164400101,0.4287484288215637
432,0.22748367488384247,1e-05,0.22796562314033508,4152571.75,0.13273575901985168,0.052872419357299805,0.3804739713668823,0.278356671333313,0.3121606707572937,20169940.0,0.18361450731754303,0.0770876556634903,0.42850261926651
433,0.22743070125579834,1e-05,0.22792065143585205,4139144.0,0.13269107043743134,0.052851591259241104,0.32661494612693787,0.27814963459968567,0.3119562566280365,20150478.0,0.18341587483882904,0.07699321955442429,0.42827078700065613
434,0.22737696766853333,1e-05,0.22787441313266754,4126636.5,0.132645845413208,0.052830930799245834,0.390534907579422,0.2779678404331207,0.3117775321006775,20132714.0,0.1832427829504013,0.0769110694527626,0.4280686676502228
435,0.2273271232843399,1e-05,0.22783207893371582,4116349.25,0.1326047033071518,0.05281231179833412,0.29222923517227173,0.27780091762542725,0.31161394715309143,20115820.0,0.18308469653129578,0.07683615386486053,0.42788398265838623
436,0.22728024423122406,1e-05,0.2277916520833969,4105783.0,0.1325666606426239,0.052795082330703735,0.32950833439826965,0.27763810753822327,0.311454176902771,20099342.0,0.18293067812919617,0.07676319777965546,0.42770394682884216
437,0.22723270952701569,1e-05,0.22775107622146606,4096189.75,0.1325279325246811,0.05277717858552933,0.3912193179130554,0.2774825692176819,0.311301589012146,20082884.0,0.18278393149375916,0.07669379562139511,0.4275323748588562
438,0.22718587517738342,1e-05,0.22771243751049042,4087852.5,0.1324898898601532,0.052760425955057144,0.34930044412612915,0.27733147144317627,0.31115326285362244,20066932.0,0.1826416254043579,0.07662651687860489,0.4273659288883209
439,0.22713926434516907,1e-05,0.22767208516597748,4078830.0,0.13245216012001038,0.05274327099323273,0.41640567779541016,0.27718961238861084,0.3110146224498749,20050304.0,0.18250888586044312,0.07656391710042953,0.42721059918403625
440,0.22709515690803528,1e-05,0.2276376485824585,4070368.75,0.13241730630397797,0.05272796377539635,0.38179096579551697,0.2770392596721649,0.31086722016334534,20030796.0,0.18236799538135529,0.07649760693311691,0.42704567313194275
441,0.22704434394836426,1e-05,0.227595254778862,4062034.25,0.13237598538398743,0.052709534764289856,0.3638482987880707,0.27689501643180847,0.31072601675987244,20013058.0,0.18223315477371216,0.07643413543701172,0.42688775062561035
442,0.2269943356513977,1e-05,0.2275545448064804,4053618.0,0.13233527541160583,0.05269147455692291,0.33903008699417114,0.27675390243530273,0.31058764457702637,19996762.0,0.18210124969482422,0.07637203484773636,0.42673322558403015
443,0.22695070505142212,1e-05,0.22751876711845398,4043708.5,0.13230085372924805,0.05267613008618355,0.36960703134536743,0.2766038179397583,0.3104395866394043,19979686.0,0.18196028470993042,0.07630570232868195,0.42656803131103516
444,0.22690150141716003,1e-05,0.2274792343378067,4036840.5,0.13226072490215302,0.0526583194732666,0.2928611934185028,0.27643316984176636,0.31026995182037354,19961466.0,0.18179863691329956,0.0762297660112381,0.4263785183429718
445,0.2268483191728592,1e-05,0.22743745148181915,4029121.5,0.13221648335456848,0.052639033645391464,0.40565261244773865,0.27627596259117126,0.31011393666267395,19944918.0,0.18165040016174316,0.07616011798381805,0.426204651594162
446,0.22680190205574036,1e-05,0.22739754617214203,4019591.25,0.1321791708469391,0.052622389048337936,0.3089679181575775,0.276134729385376,0.3099742829799652,19928534.0,0.18151836097240448,0.07609810680150986,0.42604970932006836
447,0.22675621509552002,1e-05,0.22736114263534546,4011356.5,0.13214261829853058,0.05260595306754112,0.35876792669296265,0.2759793996810913,0.30981919169425964,19911832.0,0.1813720166683197,0.07602936029434204,0.4258779287338257
448,0.2267075777053833,1e-05,0.22731992602348328,4003140.75,0.132102832198143,0.05258816108107567,0.33564671874046326,0.27580708265304565,0.30964481830596924,19893306.0,0.18120835721492767,0.07595244795084,0.4256857633590698
449,0.22665628790855408,1e-05,0.2272803783416748,3993283.5,0.1320601850748062,0.05256925895810127,0.3086925745010376,0.27564355731010437,0.30947959423065186,19875902.0,0.1810535192489624,0.07587973773479462,0.42550384998321533
450,0.22660937905311584,1e-05,0.2272377908229828,3984831.25,0.13202203810214996,0.052552346140146255,0.3755285143852234,0.27548760175704956,0.3093222677707672,19858970.0,0.18090645968914032,0.07581072300672531,0.4253309965133667
451,0.22656075656414032,1e-05,0.22719857096672058,3975696.25,0.13198235630989075,0.05253451690077782,0.426445871591568,0.2753347158432007,0.30916857719421387,19842432.0,0.1807626485824585,0.07574333995580673,0.4251618981361389
452,0.2265111804008484,1e-05,0.2271566540002823,3965902.0,0.13194189965724945,0.05251657962799072,0.37496381998062134,0.27515488862991333,0.3089863359928131,19824186.0,0.18059200048446655,0.07566354423761368,0.4249611794948578
453,0.22646020352840424,1e-05,0.22711558640003204,3957861.25,0.13190005719661713,0.052498143166303635,0.29178586602211,0.2749732434749603,0.3088017404079437,19805918.0,0.18041947484016418,0.07558294385671616,0.4247581362724304
454,0.22640357911586761,1e-05,0.22706705331802368,3948634.25,0.13185259699821472,0.05247711017727852,0.29248860478401184,0.2748151421546936,0.30864179134368896,19789318.0,0.1802704930305481,0.07551335543394089,0.42458271980285645
455,0.2263563573360443,1e-05,0.2270289957523346,3940100.25,0.13181447982788086,0.05246010795235634,0.3314383625984192,0.2746559977531433,0.3084801733493805,19772874.0,0.18012046813964844,0.07544329017400742,0.4244060218334198
456,0.22630707919597626,1e-05,0.22698897123336792,3931586.0,0.13177432119846344,0.052442215383052826,0.32305794954299927,0.2745286822319031,0.30835282802581787,19756928.0,0.1800025850534439,0.07538826018571854,0.42426711320877075
457,0.22626341879367828,1e-05,0.2269538938999176,3924710.25,0.1317404955625534,0.05242740735411644,0.3430432975292206,0.2744671106338501,0.30829694867134094,19740770.0,0.17995120584964752,0.07536433637142181,0.42420655488967896
458,0.22622060775756836,1e-05,0.2269211709499359,3916976.25,0.13170769810676575,0.05241307616233826,0.29536405205726624,0.27436965703964233,0.3082019090652466,19724762.0,0.17986352741718292,0.0753234252333641,0.4241032004356384
459,0.22617775201797485,1e-05,0.22688671946525574,3909278.75,0.13167452812194824,0.05239826440811157,0.37752190232276917,0.27425211668014526,0.30808478593826294,19708786.0,0.1797555685043335,0.0752730444073677,0.4239759147167206
460,0.226131871342659,1e-05,0.22684785723686218,3902155.75,0.13163821399211884,0.05238207429647446,0.3938734233379364,0.2741214632987976,0.30795326828956604,19693044.0,0.17963440716266632,0.07521648705005646,0.4238329827785492
461,0.22608411312103271,1e-05,0.2268093228340149,3892468.0,0.13159994781017303,0.05236470326781273,0.3189215064048767,0.2739759087562561,0.30780550837516785,19676596.0,0.1794983446598053,0.07515302300453186,0.4236724376678467
462,0.22603514790534973,1e-05,0.22677047550678253,3884342.5,0.13156041502952576,0.05234723910689354,0.36596837639808655,0.27382931113243103,0.30765610933303833,19660828.0,0.17936107516288757,0.07508901506662369,0.42351043224334717
463,0.22599132359027863,1e-05,0.2267327606678009,3873920.25,0.13152587413787842,0.052331410348415375,0.3431365191936493,0.273675799369812,0.3074987232685089,19644798.0,0.17921681702136993,0.07502178847789764,0.4233400821685791
464,0.22594128549098969,1e-05,0.2266893982887268,3865821.25,0.13148517906665802,0.052313193678855896,0.3104543387889862,0.27354153990745544,0.3073623776435852,19629418.0,0.17909197509288788,0.07496368139982224,0.4231925904750824
465,0.22589746117591858,1e-05,0.22665424644947052,3857716.0,0.13145069777965546,0.052297841757535934,0.3664954900741577,0.27339667081832886,0.30721402168273926,19613416.0,0.17895641922950745,0.07490059733390808,0.42303240299224854
466,0.2258523553609848,1e-05,0.22661414742469788,3848473.0,0.1314149796962738,0.05228151008486748,0.3055376410484314,0.2732844352722168,0.3071019947528839,19597190.0,0.17885400354862213,0.07485299557447433,0.4229113459587097
467,0.22580572962760925,1e-05,0.22657795250415802,3842371.5,0.13137860596179962,0.05226593464612961,0.36506953835487366,0.2732739746570587,0.3071029484272003,19582670.0,0.178854301571846,0.07485327124595642,0.42291170358657837
468,0.22576689720153809,1e-05,0.22655150294303894,3837969.25,0.13135038316249847,0.052254024893045425,0.34460559487342834,0.2732070982456207,0.3070407807826996,19566904.0,0.17879755795001984,0.07482685148715973,0.4228445887565613
469,0.2257227599620819,1e-05,0.22651627659797668,3831152.0,0.131316140294075,0.05223901942372322,0.29208314418792725,0.27308520674705505,0.3069168031215668,19549786.0,0.17868517339229584,0.07477444410324097,0.42271170020103455
470,0.22567252814769745,1e-05,0.22647471725940704,3821612.5,0.13127535581588745,0.05222073942422867,0.34011608362197876,0.2729620933532715,0.3067916929721832,19533872.0,0.17857150733470917,0.07472154498100281,0.42257723212242126
471,0.2256268411874771,1e-05,0.22643546760082245,3812455.0,0.1312391459941864,0.052204299718141556,0.3806842565536499,0.2728308439254761,0.30665770173072815,19518038.0,0.17844972014427185,0.07466495037078857,0.42243310809135437
472,0.2255806028842926,1e-05,0.22639648616313934,3804370.5,0.1312023401260376,0.052188050001859665,0.3661256432533264,0.2726867198944092,0.3065091073513031,19501240.0,0.17831499874591827,0.07460238039493561,0.4222736060619354
473,0.22553057968616486,1e-05,0.22635392844676971,3796144.25,0.1311616748571396,0.05217006802558899,0.3702128529548645,0.27250534296035767,0.3063179552555084,19480278.0,0.178142711520195,0.07452245056629181,0.4220695495605469
474,0.2254699021577835,1e-05,0.22630324959754944,3786416.0,0.13110992312431335,0.05214729160070419,0.3947407901287079,0.27226629853248596,0.3060598075389862,19454596.0,0.17791205644607544,0.07441536337137222,0.4217962324619293
475,0.22539445757865906,1e-05,0.22622720897197723,3771072.75,0.1310425102710724,0.05211721360683441,0.38439497351646423,0.2719126045703888,0.3056694269180298,19421200.0,0.17756611108779907,0.07425443083047867,0.4213859438896179
476,0.22531940042972565,1e-05,0.22615481913089752,3750443.0,0.13097544014453888,0.05208640173077583,0.3526754081249237,0.27164196968078613,0.3053729832172394,19393876.0,0.1773039549589157,0.07413279265165329,0.4210747480392456
477,0.2252519726753235,1e-05,0.22608885169029236,3735468.0,0.13091659545898438,0.05205944925546646,0.3423633873462677,0.27135324478149414,0.30505451560020447,19365388.0,0.17702363431453705,0.0740029439330101,0.4207417666912079
478,0.22517165541648865,1e-05,0.2260003238916397,3711708.75,0.13084423542022705,0.0520259253680706,0.37932178378105164,0.2709808349609375,0.30463600158691406,19334312.0,0.17665867507457733,0.07383382320404053,0.42030784487724304
479,0.22508788108825684,1e-05,0.22592401504516602,3691149.25,0.1307680904865265,0.05199018865823746,0.3341790437698364,0.2706911861896515,0.3043130338191986,19310022.0,0.1763770878314972,0.07370384782552719,0.4199727177619934
480,0.22502033412456512,1e-05,0.22585977613925934,3677445.75,0.13070879876613617,0.05196337029337883,0.3490954637527466,0.27047038078308105,0.30406951904296875,19289674.0,0.1761648952960968,0.07360610365867615,0.41972002387046814
481,0.22496344149112701,1e-05,0.2258019745349884,3664560.5,0.13066069781780243,0.05194108188152313,0.36791616678237915,0.2702876031398773,0.30387014150619507,19271634.0,0.17599107325077057,0.07352611422538757,0.41951289772987366
482,0.22491233050823212,1e-05,0.22575736045837402,3654256.0,0.13061851263046265,0.05192241445183754,0.37386974692344666,0.27012255787849426,0.30369117856025696,19254878.0,0.17583508789539337,0.07345442473888397,0.4193269610404968
483,0.22485943138599396,1e-05,0.22571028769016266,3645336.0,0.1305747628211975,0.05190252140164375,0.2907135486602783,0.26997724175453186,0.30353519320487976,19239472.0,0.17569899559020996,0.07339195907115936,0.41916462779045105
484,0.22481442987918854,1e-05,0.22567340731620789,3636061.25,0.1305389404296875,0.05188676714897156,0.3393251299858093,0.2698342502117157,0.30338168144226074,19224046.0,0.1755651980638504,0.0733305886387825,0.41900500655174255
485,0.2247658669948578,1e-05,0.22562909126281738,3629319.0,0.1304997205734253,0.051868874579668045,0.3612624704837799,0.2697061002254486,0.3032459020614624,19209236.0,0.1754465103149414,0.07327619940042496,0.41886335611343384
486,0.22471998631954193,1e-05,0.22559134662151337,3621200.25,0.13046327233314514,0.05185278505086899,0.34129780530929565,0.2695632874965668,0.3030918538570404,19193036.0,0.17531289160251617,0.07321499288082123,0.4187038242816925
487,0.22466976940631866,1e-05,0.22554759681224823,3613507.25,0.130421981215477,0.05183480679988861,0.3146715760231018,0.26937103271484375,0.3028770089149475,19170952.0,0.17512917518615723,0.07313089817762375,0.4184843897819519
488,0.22460955381393433,1e-05,0.22549974918365479,3603653.5,0.13037016987800598,0.05181258171796799,0.40127697587013245,0.2691807746887207,0.3026641607284546,19148266.0,0.17494742572307587,0.07304784655570984,0.418267160654068
489,0.22455109655857086,1e-05,0.22544895112514496,3596510.75,0.13032054901123047,0.05179119482636452,0.36441320180892944,0.2690105438232422,0.30247762799263,19124728.0,0.1747864931821823,0.07297446578741074,0.41807475686073303
490,0.2244907021522522,1e-05,0.225397527217865,3589683.5,0.13026945292949677,0.05176975950598717,0.39549461007118225,0.26885852217674255,0.3023128807544708,19103292.0,0.17464391887187958,0.07290949672460556,0.41790419816970825
491,0.22443462908267975,1e-05,0.22535225749015808,3582305.25,0.13022303581237793,0.051749907433986664,0.29029369354248047,0.2687004804611206,0.302142858505249,19078738.0,0.17449571192264557,0.07284209877252579,0.4177268445491791
492,0.224370539188385,1e-05,0.22530046105384827,3576078.5,0.13016875088214874,0.05172685906291008,0.40320032835006714,0.2685643434524536,0.301997572183609,19058846.0,0.17436930537223816,0.07278459519147873,0.41757550835609436
493,0.22431780397891998,1e-05,0.22525648772716522,3569272.25,0.13012570142745972,0.05170857161283493,0.37304431200027466,0.26843467354774475,0.3018590211868286,19041030.0,0.17424926161766052,0.0727299302816391,0.4174317419528961
494,0.224268838763237,1e-05,0.22521521151065826,3562436.25,0.13008633255958557,0.05169110372662544,0.35383591055870056,0.26829952001571655,0.3017131984233856,19024544.0,0.17412368953227997,0.07267273962497711,0.41728129982948303
495,0.22422213852405548,1e-05,0.2251795381307602,3555531.25,0.1300491988658905,0.05167494714260101,0.3900220990180969,0.26816707849502563,0.3015700578689575,19008534.0,0.17400075495243073,0.07261671870946884,0.41713398694992065
496,0.22417262196540833,1e-05,0.22513744235038757,3546988.5,0.13000927865505219,0.05165713280439377,0.32966890931129456,0.2680457830429077,0.3014402985572815,18993626.0,0.17388908565044403,0.07256588339805603,0.4170001149177551
497,0.22412718832492828,1e-05,0.22510161995887756,3540481.5,0.1299733817577362,0.0516415536403656,0.3890231251716614,0.26791414618492126,0.30129775404930115,18978600.0,0.17376708984375,0.07251030951738358,0.41685378551483154
498,0.2240769863128662,1e-05,0.22506192326545715,3532379.0,0.12993298470973969,0.05162338539958,0.3614082932472229,0.26779645681381226,0.30117326974868774,18963072.0,0.17365959286689758,0.0724613219499588,0.41672483086586
499,0.22403204441070557,1e-05,0.2250266969203949,3526047.75,0.12989842891693115,0.05160823464393616,0.36052918434143066,0.2677239179611206,0.30110445618629456,18947120.0,0.17359763383865356,0.07243289798498154,0.4166505038738251
