target_timestamp,target_index,y_true_normalized,y_pred_normalized
2020-05-21T20:15:00.000000000,5,0.0,0.003986266441643238
2020-05-21T20:30:00.000000000,6,0.0,0.0034351591020822525
2020-05-21T20:45:00.000000000,7,0.0,0.0029616246465593576
2020-05-21T21:00:00.000000000,8,0.0,0.0025458871386945248
2020-05-21T21:15:00.000000000,9,0.0,0.0021952050738036633
2020-05-21T21:30:00.000000000,10,0.0,0.0019053856376558542
2020-05-21T21:45:00.000000000,11,0.0,0.0016700609121471643
2020-05-21T22:00:00.000000000,12,0.0,0.0014790707500651479
2020-05-21T22:15:00.000000000,13,0.0,0.0013180902460590005
2020-05-21T22:30:00.000000000,14,0.0,0.0011822201777249575
2020-05-21T22:45:00.000000000,15,0.0,0.0010656705126166344
2020-05-21T23:00:00.000000000,16,0.0,0.0009693159954622388
2020-05-21T23:15:00.000000000,17,0.0,0.0008929508039727807
2020-05-21T23:30:00.000000000,18,0.0,0.0008325525559484959
2020-05-21T23:45:00.000000000,19,0.0,0.0007859332836233079
2020-05-22T00:00:00.000000000,20,0.0,0.0007522606756538153
2020-05-22T00:15:00.000000000,21,0.0,0.0007303383899852633
2020-05-22T00:30:00.000000000,22,0.0,0.0007180495886132121
2020-05-22T00:45:00.000000000,23,0.0,0.000715188158210367
2020-05-22T01:00:00.000000000,24,0.0,0.0007217102684080601
2020-05-22T01:15:00.000000000,25,0.0,0.000746195379178971
2020-05-22T01:30:00.000000000,26,0.0,0.0007912099827080965
2020-05-22T01:45:00.000000000,27,0.0,0.0008497581002302468
2020-05-22T02:00:00.000000000,28,0.0,0.0009225647081620991
2020-05-22T02:15:00.000000000,29,0.0,0.0010128456633538008
2020-05-22T02:30:00.000000000,30,0.0,0.0011236362624913454
2020-05-22T02:45:00.000000000,31,0.0,0.0012567347148433328
2020-05-22T03:00:00.000000000,32,0.0,0.0014193118549883366
2020-05-22T03:15:00.000000000,33,0.0,0.001609849277883768
2020-05-22T03:30:00.000000000,34,0.0,0.0018254859605804086
2020-05-22T03:45:00.000000000,35,0.0,0.0020954152569174767
2020-05-22T04:00:00.000000000,36,0.0,0.00245085172355175
2020-05-22T04:15:00.000000000,37,0.0,0.0029163584113121033
2020-05-22T04:30:00.000000000,38,0.0,0.0035456593614071608
2020-05-22T04:45:00.000000000,39,0.0,0.004386364482343197
2020-05-22T05:00:00.000000000,40,0.0,0.0054745241068303585
2020-05-22T05:15:00.000000000,41,0.0,0.006875763181596994
2020-05-22T05:30:00.000000000,42,0.0,0.008691288530826569
2020-05-22T05:45:00.000000000,43,0.0,0.011028466746211052
2020-05-22T06:00:00.000000000,44,0.0171569784037575,0.014093789272010326
2020-05-22T06:15:00.000000000,45,0.0442874125719595,0.019484076648950577
2020-05-22T06:30:00.000000000,46,0.0696171715136624,0.031414344906806946
2020-05-22T06:45:00.000000000,47,0.0923492846849679,0.060352228581905365
2020-05-22T07:00:00.000000000,48,0.124735510253181,0.13176962733268738
2020-05-22T07:15:00.000000000,49,0.274903925715002,0.2900868058204651
2020-05-22T07:30:00.000000000,50,0.351008966090049,0.6848679184913635
2020-05-22T07:45:00.000000000,51,0.340210340173498,0.9494268298149109
2020-05-22T08:00:00.000000000,52,0.390864558789084,0.9918351173400879
2020-05-22T08:15:00.000000000,53,0.3661171125898,0.9974707961082458
2020-05-22T08:30:00.000000000,54,0.203075386483713,0.9970145225524902
2020-05-22T08:45:00.000000000,55,0.299893796144613,0.9952405095100403
2020-05-22T09:00:00.000000000,56,0.396837301932286,0.9959966540336609
2020-05-22T09:15:00.000000000,57,0.439666749855595,0.9979050755500793
2020-05-22T09:30:00.000000000,58,0.499232364638405,0.9994440078735352
2020-05-22T09:45:00.000000000,59,0.418364553115345,0.9998674392700195
2020-05-22T10:00:00.000000000,60,0.535038882679729,0.9998867511749268
2020-05-22T10:15:00.000000000,61,0.733243557133949,0.9999180436134338
2020-05-22T10:30:00.000000000,62,0.442843402639384,0.9999686479568481
2020-05-22T10:45:00.000000000,63,0.655501172270043,0.9999627470970154
2020-05-22T11:00:00.000000000,64,0.627942949199547,0.9999746680259705
2020-05-22T11:15:00.000000000,65,0.597445429633804,0.9998842477798462
2020-05-22T11:30:00.000000000,66,0.98908527403346,0.9998649954795837
2020-05-22T11:45:00.000000000,67,0.973496833940687,0.9999867677688599
2020-05-22T12:00:00.000000000,68,1.00271366166358,0.9998127222061157
2020-05-22T12:15:00.000000000,69,0.782344777821546,0.9998989105224609
2020-05-22T12:30:00.000000000,70,0.734067970278229,0.9900475740432739
2020-05-22T12:45:00.000000000,71,0.879142221745682,0.022829804569482803
2020-05-22T13:00:00.000000000,72,0.830265189174676,0.08806613832712173
2020-05-22T13:15:00.000000000,73,0.870028822946493,0.7702074646949768
2020-05-22T13:30:00.000000000,74,0.85067391426154,0.9963311553001404
2020-05-22T13:45:00.000000000,75,0.69971395362796,0.996033251285553
2020-05-22T14:00:00.000000000,76,0.770609066426198,0.9794972538948059
2020-05-22T14:15:00.000000000,77,0.652918351807135,0.997459888458252
2020-05-22T14:30:00.000000000,78,0.84247173541865,0.9983830451965332
2020-05-22T14:45:00.000000000,79,0.81388936765015,0.9996359348297119
2020-05-22T15:00:00.000000000,80,0.745387122146129,0.9999381303787231
2020-05-22T15:15:00.000000000,81,0.502696817594243,0.9999034404754639
2020-05-22T15:30:00.000000000,82,0.332189471685182,0.9998985528945923
2020-05-22T15:45:00.000000000,83,0.353774674037346,0.997843325138092
2020-05-22T16:00:00.000000000,84,0.247693813423727,0.9994162917137146
2020-05-22T16:15:00.000000000,85,0.215794741072958,0.9997631311416626
2020-05-22T16:30:00.000000000,86,0.173242898556306,0.9996591806411743
2020-05-22T16:45:00.000000000,87,0.149969125512924,0.9983205199241638
2020-05-22T17:00:00.000000000,88,0.125147338295794,0.992181122303009
2020-05-22T17:15:00.000000000,89,0.0929177562765294,0.9648658633232117
2020-05-22T17:30:00.000000000,90,0.0622746080502794,0.8900002837181091
2020-05-22T17:45:00.000000000,91,0.0398127570300839,0.7053648233413696
2020-05-22T18:00:00.000000000,92,0.0218955874591295,0.4345318675041199
2020-05-22T18:15:00.000000000,93,0.0086875025081034,0.1997307986021042
2020-05-22T18:30:00.000000000,94,0.0,0.08024222403764725
2020-05-22T18:45:00.000000000,95,0.0,0.0348220057785511
2020-05-22T19:00:00.000000000,96,0.0,0.018063271418213844
2020-05-22T19:15:00.000000000,97,0.0,0.010979349724948406
2020-05-22T19:30:00.000000000,98,0.0,0.007689721416682005
2020-05-22T19:45:00.000000000,99,0.0,0.005995042622089386
2020-05-22T20:00:00.000000000,100,0.0,0.005054942797869444
2020-05-22T20:15:00.000000000,101,0.0,0.0043645575642585754
2020-05-22T20:30:00.000000000,102,0.0,0.0037766206078231335
2020-05-22T20:45:00.000000000,103,0.0,0.0032758647575974464
2020-05-22T21:00:00.000000000,104,0.0,0.0028528529219329357
2020-05-22T21:15:00.000000000,105,0.0,0.002503854688256979
2020-05-22T21:30:00.000000000,106,0.0,0.002231272403150797
2020-05-22T21:45:00.000000000,107,0.0,0.0020078199449926615
2020-05-22T22:00:00.000000000,108,0.0,0.0017695801798254251
2020-05-22T22:15:00.000000000,109,0.0,0.0015197928296402097
2020-05-22T22:30:00.000000000,110,0.0,0.0013091623550280929
2020-05-22T22:45:00.000000000,111,0.0,0.0011612180387601256
2020-05-22T23:00:00.000000000,112,0.0,0.0010355982230976224
2020-05-22T23:15:00.000000000,113,0.0,0.0009029803331941366
2020-05-22T23:30:00.000000000,114,0.0,0.0007872015121392906
2020-05-22T23:45:00.000000000,115,0.0,0.0007029694970697165
2020-05-23T00:00:00.000000000,116,0.0,0.0006476312410086393
2020-05-23T00:15:00.000000000,117,0.0,0.0006140141631476581
2020-05-23T00:30:00.000000000,118,0.0,0.0005987968761473894
2020-05-23T00:45:00.000000000,119,0.0,0.0005979591514915228
2020-05-23T01:00:00.000000000,120,0.0,0.0006042882450856268
2020-05-23T01:15:00.000000000,121,0.0,0.0006154546281322837
2020-05-23T01:30:00.000000000,122,0.0,0.0006327670998871326
2020-05-23T01:45:00.000000000,123,0.0,0.0006606228416785598
2020-05-23T02:00:00.000000000,124,0.0,0.000705151236616075
2020-05-23T02:15:00.000000000,125,0.0,0.0007674105581827462
2020-05-23T02:30:00.000000000,126,0.0,0.0008517331443727016
2020-05-23T02:45:00.000000000,127,0.0,0.0009610005072318017
2020-05-23T03:00:00.000000000,128,0.0,0.0010977848432958126
2020-05-23T03:15:00.000000000,129,0.0,0.0012632225407287478
2020-05-23T03:30:00.000000000,130,0.0,0.0014762114733457565
2020-05-23T03:45:00.000000000,131,0.0,0.0017604277236387134
2020-05-23T04:00:00.000000000,132,0.0,0.0021353440824896097
2020-05-23T04:15:00.000000000,133,0.0,0.0026276546996086836
2020-05-23T04:30:00.000000000,134,0.0,0.00326903210952878
2020-05-23T04:45:00.000000000,135,0.0,0.004080262966454029
2020-05-23T05:00:00.000000000,136,0.0,0.0051008565351367
2020-05-23T05:15:00.000000000,137,0.0,0.006399824284017086
2020-05-23T05:30:00.000000000,138,0.0,0.008073778823018074
2020-05-23T05:45:00.000000000,139,0.0,0.010634103789925575
2020-05-23T06:00:00.000000000,140,0.0517762229366014,0.014881694689393044
2020-05-23T06:15:00.000000000,141,0.0517762229366014,0.022150063887238503
2020-05-23T06:30:00.000000000,142,0.0517762229366014,0.03470885753631592
2020-05-23T06:45:00.000000000,143,0.0517762229366014,0.05621594190597534
2020-05-23T07:00:00.000000000,144,0.0790208939667949,0.08986072242259979
2020-05-23T07:15:00.000000000,145,0.161170999736804,0.15120698511600494
2020-05-23T07:30:00.000000000,146,0.24856964196447,0.31782016158103943
2020-05-23T07:45:00.000000000,147,0.289779005809753,0.6726943850517273
2020-05-23T08:00:00.000000000,148,0.343974642799987,0.9226612448692322
2020-05-23T08:15:00.000000000,149,0.516436279323885,0.9853078126907349
2020-05-23T08:30:00.000000000,150,0.61011359590332,0.9974346160888672
2020-05-23T08:45:00.000000000,151,0.595097833133434,0.9993976354598999
2020-05-23T09:00:00.000000000,152,0.638289119436442,0.9996452927589417
2020-05-23T09:15:00.000000000,153,0.690173333674841,0.9992407560348511
2020-05-23T09:30:00.000000000,154,0.630754836392477,0.9952268600463867
2020-05-23T09:45:00.000000000,155,0.709420616967871,0.9924972057342529
2020-05-23T10:00:00.000000000,156,0.702168267086132,0.9961110949516296
2020-05-23T10:15:00.000000000,157,0.683712970488433,0.9943270683288574
2020-05-23T10:30:00.000000000,158,0.679512362285535,0.9930242896080017
2020-05-23T10:45:00.000000000,159,0.76334952466363,0.9956719875335693
2020-05-23T11:00:00.000000000,160,0.813226455686722,0.9949009418487549
2020-05-23T11:15:00.000000000,161,0.973382521316265,0.998943030834198
2020-05-23T11:30:00.000000000,162,0.986283375521315,0.9993846416473389
2020-05-23T11:45:00.000000000,163,0.999417397075163,0.997168242931366
2020-05-23T12:00:00.000000000,164,0.976929806842049,0.8479853272438049
2020-05-23T12:15:00.000000000,165,1.03322577940602,0.5532610416412354
2020-05-23T12:30:00.000000000,166,0.928816960875579,0.07954711467027664
2020-05-23T12:45:00.000000000,167,0.698680661421579,0.07609528303146362
2020-05-23T13:00:00.000000000,168,0.837183959252239,0.047324180603027344
2020-05-23T13:15:00.000000000,169,0.904927401438219,0.08981792628765106
2020-05-23T13:30:00.000000000,170,0.935415483336484,0.26320406794548035
2020-05-23T13:45:00.000000000,171,0.973119387971038,0.9946674704551697
2020-05-23T14:00:00.000000000,172,0.803180450542909,0.9998496174812317
2020-05-23T14:15:00.000000000,173,0.626742288760097,0.9935406446456909
2020-05-23T14:30:00.000000000,174,0.584677536364391,0.9298287034034729
2020-05-23T14:45:00.000000000,175,0.555534582833584,0.9256694316864014
2020-05-23T15:00:00.000000000,176,0.460561345343807,0.9942001700401306
2020-05-23T15:15:00.000000000,177,0.589712588436666,0.999931812286377
2020-05-23T15:30:00.000000000,178,0.694351104605585,0.9999867081642151
2020-05-23T15:45:00.000000000,179,0.580039802471927,0.9999938011169434
2020-05-23T16:00:00.000000000,180,0.505142488213567,0.9999957084655762
2020-05-23T16:15:00.000000000,181,0.456106246588603,0.999995231628418
2020-05-23T16:30:00.000000000,182,0.428635776703402,0.9999812841415405
2020-05-23T16:45:00.000000000,183,0.314066766611849,0.9999309182167053
2020-05-23T17:00:00.000000000,184,0.257561662543255,0.9999014139175415
2020-05-23T17:15:00.000000000,185,0.217810604009419,0.9997099041938782
2020-05-23T17:30:00.000000000,186,0.157908107839899,0.9988966584205627
2020-05-23T17:45:00.000000000,187,0.121906652808518,0.9949296712875366
2020-05-23T18:00:00.000000000,188,0.101279732938598,0.9738317728042603
2020-05-23T18:15:00.000000000,189,0.0446446708758084,0.8882923722267151
2020-05-23T18:30:00.000000000,190,0.0025341808444544,0.6297115087509155
2020-05-23T18:45:00.000000000,191,0.0,0.2549898326396942
2020-05-23T19:00:00.000000000,192,0.0,0.079937644302845
2020-05-23T19:15:00.000000000,193,0.0,0.026148958131670952
2020-05-23T19:30:00.000000000,194,0.0,0.010116598568856716
2020-05-23T19:45:00.000000000,195,0.0,0.006110125221312046
2020-05-23T20:00:00.000000000,196,0.0,0.005020556505769491
2020-05-23T20:15:00.000000000,197,0.0,0.00433560274541378
2020-05-23T20:30:00.000000000,198,0.0,0.0037545484956353903
2020-05-23T20:45:00.000000000,199,0.0,0.003245516214519739
2020-05-23T21:00:00.000000000,200,0.0,0.0028034669812768698
2020-05-23T21:15:00.000000000,201,0.0,0.002427396597340703
2020-05-23T21:30:00.000000000,202,0.0,0.0021064719185233116
2020-05-23T21:45:00.000000000,203,0.0,0.0018581844633445144
2020-05-23T22:00:00.000000000,204,0.0,0.0016573050525039434
2020-05-23T22:15:00.000000000,205,0.0,0.0014899756060913205
2020-05-23T22:30:00.000000000,206,0.0,0.0013460507616400719
2020-05-23T22:45:00.000000000,207,0.0,0.0012169280089437962
2020-05-23T23:00:00.000000000,208,0.0,0.0011082497658208013
2020-05-23T23:15:00.000000000,209,0.0,0.0010164787527173758
2020-05-23T23:30:00.000000000,210,0.0,0.0009421074064448476
2020-05-23T23:45:00.000000000,211,0.0,0.0008875444182194769
2020-05-24T00:00:00.000000000,212,0.0,0.000850538956001401
2020-05-24T00:15:00.000000000,213,0.0,0.0008227194775827229
2020-05-24T00:30:00.000000000,214,0.0,0.0008007788565009832
2020-05-24T00:45:00.000000000,215,0.0,0.0007841468905098736
2020-05-24T01:00:00.000000000,216,0.0,0.0007797423750162125
2020-05-24T01:15:00.000000000,217,0.0,0.0007926640682853758
2020-05-24T01:30:00.000000000,218,0.0,0.0008224243647418916
2020-05-24T01:45:00.000000000,219,0.0,0.000876430538482964
2020-05-24T02:00:00.000000000,220,0.0,0.0009643501252867281
2020-05-24T02:15:00.000000000,221,0.0,0.001082803588360548
2020-05-24T02:30:00.000000000,222,0.0,0.0012184324441477656
2020-05-24T02:45:00.000000000,223,0.0,0.0013555779587477446
2020-05-24T03:00:00.000000000,224,0.0,0.0014800619101151824
2020-05-24T03:15:00.000000000,225,0.0,0.0016219050157815218
2020-05-24T03:30:00.000000000,226,0.0,0.001819149823859334
2020-05-24T03:45:00.000000000,227,0.0,0.0021038593258708715
2020-05-24T04:00:00.000000000,228,0.0,0.002504455391317606
2020-05-24T04:15:00.000000000,229,0.0,0.0030325702391564846
2020-05-24T04:30:00.000000000,230,0.0,0.0037091572303324938
2020-05-24T04:45:00.000000000,231,0.0,0.004543113522231579
2020-05-24T05:00:00.000000000,232,0.0,0.005539339501410723
2020-05-24T05:15:00.000000000,233,0.0,0.0067700170911848545
2020-05-24T05:30:00.000000000,234,0.0,0.008312330581247807
2020-05-24T05:45:00.000000000,235,0.0,0.010244050994515419
2020-05-24T06:00:00.000000000,236,0.0084009009749221,0.012762407772243023
2020-05-24T06:15:00.000000000,237,0.0311096090942332,0.01673666574060917
2020-05-24T06:30:00.000000000,238,0.0578137053450082,0.025033898651599884
2020-05-24T06:45:00.000000000,239,0.0926421317748805,0.04507508873939514
2020-05-24T07:00:00.000000000,240,0.137194759592098,0.10100976377725601
2020-05-24T07:15:00.000000000,241,0.18929857760145,0.2860759496688843
2020-05-24T07:30:00.000000000,242,0.249400868417659,0.6620725989341736
2020-05-24T07:45:00.000000000,243,0.311066945023732,0.9211390018463135
2020-05-24T08:00:00.000000000,244,0.37345302675242,0.9860097169876099
2020-05-24T08:15:00.000000000,245,0.40634760254859,0.996891438961029
2020-05-24T08:30:00.000000000,246,0.541868238240505,0.9987679719924927
2020-05-24T08:45:00.000000000,247,0.403342292441315,0.9995480179786682
2020-05-24T09:00:00.000000000,248,0.586116158723373,0.9996034502983093
2020-05-24T09:15:00.000000000,249,0.533632118957742,0.9997289180755615
2020-05-24T09:30:00.000000000,250,0.63571796995674,0.9997150301933289
2020-05-24T09:45:00.000000000,251,0.489659759883558,0.9995965957641602
2020-05-24T10:00:00.000000000,252,0.564058628460195,0.9999097585678101
2020-05-24T10:15:00.000000000,253,0.657910315878167,0.9997711777687073
2020-05-24T10:30:00.000000000,254,0.726487697281657,0.9999455809593201
2020-05-24T10:45:00.000000000,255,0.909413412478339,0.9998851418495178
2020-05-24T11:00:00.000000000,256,0.834015696875381,0.9999597072601318
2020-05-24T11:15:00.000000000,257,0.868411413683037,0.9998800158500671
2020-05-24T11:30:00.000000000,258,0.901519158442513,0.9994261860847473
2020-05-24T11:45:00.000000000,259,0.901625900688374,0.9873741269111633
2020-05-24T12:00:00.000000000,260,0.925581259244997,0.9077500700950623
2020-05-24T12:15:00.000000000,261,0.976647116656098,0.9694936871528625
2020-05-24T12:30:00.000000000,262,0.905201385685291,0.8234041929244995
2020-05-24T12:45:00.000000000,263,0.936859720340495,0.704785168170929
2020-05-24T13:00:00.000000000,264,0.945639581323295,0.8709250092506409
2020-05-24T13:15:00.000000000,265,0.922939957641265,0.541483998298645
2020-05-24T13:30:00.000000000,266,0.740384370312144,0.7246406674385071
2020-05-24T13:45:00.000000000,267,0.909668723179131,0.853942334651947
2020-05-24T14:00:00.000000000,268,0.69591400716813,0.935987651348114
2020-05-24T14:15:00.000000000,269,0.844404324229797,0.982629120349884
2020-05-24T14:30:00.000000000,270,0.632063122237983,0.9974061846733093
2020-05-24T14:45:00.000000000,271,0.721385584336807,0.9994738101959229
2020-05-24T15:00:00.000000000,272,0.680155717429436,0.9989954233169556
2020-05-24T15:15:00.000000000,273,0.463076095580949,0.9996336102485657
2020-05-24T15:30:00.000000000,274,0.301314922530148,0.999859631061554
2020-05-24T15:45:00.000000000,275,0.237882363543225,0.9999467730522156
2020-05-24T16:00:00.000000000,276,0.326400978702282,0.999861478805542
2020-05-24T16:15:00.000000000,277,0.311231348187742,0.9998379349708557
2020-05-24T16:30:00.000000000,278,0.271614726793225,0.9997329115867615
2020-05-24T16:45:00.000000000,279,0.313794107175725,0.999230682849884
2020-05-24T17:00:00.000000000,280,0.310951623067316,0.999187707901001
2020-05-24T17:15:00.000000000,281,0.204444739970713,0.9992089867591858
2020-05-24T17:30:00.000000000,282,0.13530298759797,0.9985610246658325
2020-05-24T17:45:00.000000000,283,0.0848001132511477,0.9954938292503357
2020-05-24T18:00:00.000000000,284,0.0475646881676403,0.981030285358429
2020-05-24T18:15:00.000000000,285,0.0289902213553029,0.8791253566741943
2020-05-24T18:30:00.000000000,286,0.0116540775641784,0.45614463090896606
2020-05-24T18:45:00.000000000,287,0.0,0.12935477495193481
2020-05-24T19:00:00.000000000,288,0.0,0.03775746375322342
2020-05-24T19:15:00.000000000,289,0.0,0.015139328315854073
2020-05-24T19:30:00.000000000,290,0.0,0.008680013939738274
2020-05-24T19:45:00.000000000,291,0.0,0.005952933803200722
2020-05-24T20:00:00.000000000,292,0.0,0.004755249712616205
2020-05-24T20:15:00.000000000,293,0.0,0.004163641948252916
2020-05-24T20:30:00.000000000,294,0.0,0.0036767616402357817
2020-05-24T20:45:00.000000000,295,0.0,0.0032438337802886963
2020-05-24T21:00:00.000000000,296,0.0,0.0028672022745013237
2020-05-24T21:15:00.000000000,297,0.0,0.002526081632822752
2020-05-24T21:30:00.000000000,298,0.0,0.002172345295548439
2020-05-24T21:45:00.000000000,299,0.0,0.0018372106133028865
2020-05-24T22:00:00.000000000,300,0.0,0.001578936236910522
2020-05-24T22:15:00.000000000,301,0.0,0.0013995682820677757
2020-05-24T22:30:00.000000000,302,0.0,0.001283270656131208
2020-05-24T22:45:00.000000000,303,0.0,0.0011878699297085404
2020-05-24T23:00:00.000000000,304,0.0,0.0011003944091498852
2020-05-24T23:15:00.000000000,305,0.0,0.001025469391606748
2020-05-24T23:30:00.000000000,306,0.0,0.0009596174932084978
2020-05-24T23:45:00.000000000,307,0.0,0.0009082374162971973
2020-05-25T00:00:00.000000000,308,0.0,0.0008634186233393848
2020-05-25T00:15:00.000000000,309,0.0,0.0008251164108514786
2020-05-25T00:30:00.000000000,310,0.0,0.0008022816618904471
2020-05-25T00:45:00.000000000,311,0.0,0.0007998160435818136
2020-05-25T01:00:00.000000000,312,0.0,0.0008119929116219282
2020-05-25T01:15:00.000000000,313,0.0,0.000836435763631016
2020-05-25T01:30:00.000000000,314,0.0,0.0008741386118344963
2020-05-25T01:45:00.000000000,315,0.0,0.0009212203440256417
2020-05-25T02:00:00.000000000,316,0.0,0.0009808794129639864
2020-05-25T02:15:00.000000000,317,0.0,0.0010601686080917716
2020-05-25T02:30:00.000000000,318,0.0,0.0011631841771304607
2020-05-25T02:45:00.000000000,319,0.0,0.0012947767972946167
2020-05-25T03:00:00.000000000,320,0.0,0.0014600007561966777
2020-05-25T03:15:00.000000000,321,0.0,0.0016656083753332496
2020-05-25T03:30:00.000000000,322,0.0,0.001925765536725521
2020-05-25T03:45:00.000000000,323,0.0,0.0022586113773286343
2020-05-25T04:00:00.000000000,324,0.0,0.00268178409896791
2020-05-25T04:15:00.000000000,325,0.0,0.003220930229872465
2020-05-25T04:30:00.000000000,326,0.0,0.003904660465195775
2020-05-25T04:45:00.000000000,327,0.0,0.004798798356205225
2020-05-25T05:00:00.000000000,328,0.0,0.005968898069113493
2020-05-25T05:15:00.000000000,329,0.0,0.007401504088193178
2020-05-25T05:30:00.000000000,330,0.0,0.009115093387663364
2020-05-25T05:45:00.000000000,331,0.0,0.011207805946469307
2020-05-25T06:00:00.000000000,332,0.0,0.014007637277245522
2020-05-25T06:15:00.000000000,333,0.0318622929790132,0.018766650930047035
2020-05-25T06:30:00.000000000,334,0.0561441236656027,0.028739744797348976
2020-05-25T06:45:00.000000000,335,0.0914497987377168,0.05082133412361145
2020-05-25T07:00:00.000000000,336,0.134120306777574,0.10654494166374207
2020-05-25T07:15:00.000000000,337,0.189668137759509,0.2716993987560272
2020-05-25T07:30:00.000000000,338,0.213507101888832,0.6123567819595337
2020-05-25T07:45:00.000000000,339,0.281122541806729,0.867352306842804
2020-05-25T08:00:00.000000000,340,0.270807725509038,0.9654340744018555
2020-05-25T08:15:00.000000000,341,0.458751901108781,0.9865919947624207
2020-05-25T08:30:00.000000000,342,0.518773630599328,0.9965060353279114
2020-05-25T08:45:00.000000000,343,0.576993360029817,0.9992806911468506
2020-05-25T09:00:00.000000000,344,0.641782529046116,0.9997338056564331
2020-05-25T09:15:00.000000000,345,0.693386261143898,0.9998482465744019
2020-05-25T09:30:00.000000000,346,0.739204591467841,0.9991458654403687
2020-05-25T09:45:00.000000000,347,0.784554631424246,0.9987249374389648
2020-05-25T10:00:00.000000000,348,0.8158032830316,0.9976460933685303
2020-05-25T10:15:00.000000000,349,0.81563780737904,0.994376003742218
2020-05-25T10:30:00.000000000,350,0.868826269940666,0.9871236681938171
2020-05-25T10:45:00.000000000,351,0.903971642469666,0.9681614637374878
2020-05-25T11:00:00.000000000,352,0.923182587945601,0.9218201041221619
2020-05-25T11:15:00.000000000,353,0.937556951230929,0.8509072065353394
2020-05-25T11:30:00.000000000,354,0.954147539890164,0.7859284281730652
2020-05-25T11:45:00.000000000,355,0.970269964265337,0.7020301222801208
2020-05-25T12:00:00.000000000,356,0.971479204581385,0.6240641474723816
2020-05-25T12:15:00.000000000,357,0.978687646299263,0.6079841256141663
2020-05-25T12:30:00.000000000,358,0.976570655889154,0.5987098813056946
2020-05-25T12:45:00.000000000,359,0.96745725703344,0.5647489428520203
2020-05-25T13:00:00.000000000,360,0.955382014671879,0.6174838542938232
2020-05-25T13:15:00.000000000,361,0.927075986377374,0.6556529402732849
2020-05-25T13:30:00.000000000,362,0.886159827138207,0.744438648223877
2020-05-25T13:45:00.000000000,363,0.904273889319699,0.8392841219902039
2020-05-25T14:00:00.000000000,364,0.884734137501612,0.928839921951294
2020-05-25T14:15:00.000000000,365,0.818788720812129,0.980291485786438
2020-05-25T14:30:00.000000000,366,0.786685753231222,0.9944323897361755
2020-05-25T14:45:00.000000000,367,0.728781581998068,0.9974480867385864
2020-05-25T15:00:00.000000000,368,0.784990684692387,0.9981079697608948
2020-05-25T15:15:00.000000000,369,0.69020323663483,0.9994611740112305
2020-05-25T15:30:00.000000000,370,0.61354032318761,0.9998682737350464
2020-05-25T15:45:00.000000000,371,0.661301146981984,0.9999005198478699
2020-05-25T16:00:00.000000000,372,0.595953032429692,0.9999138116836548
2020-05-25T16:15:00.000000000,373,0.336004306530276,0.9999627470970154
2020-05-25T16:30:00.000000000,374,0.153559877452894,0.9999749660491943
2020-05-25T16:45:00.000000000,375,0.10314475629596,0.9999387264251709
2020-05-25T17:00:00.000000000,376,0.087985850483204,0.9993840456008911
2020-05-25T17:15:00.000000000,377,0.0756610382659415,0.9944770932197571
2020-05-25T17:30:00.000000000,378,0.054278027838415,0.883703351020813
2020-05-25T17:45:00.000000000,379,0.0378845841810085,0.43504494428634644
2020-05-25T18:00:00.000000000,380,0.0334897329417771,0.21459932625293732
2020-05-25T18:15:00.000000000,381,0.0175353706541227,0.11536925286054611
2020-05-25T18:30:00.000000000,382,0.0026353714363638,0.06025512516498566
2020-05-25T18:45:00.000000000,383,0.0,0.03098887763917446
2020-05-25T19:00:00.000000000,384,0.0,0.017953166738152504
2020-05-25T19:15:00.000000000,385,0.0,0.011374671943485737
2020-05-25T19:30:00.000000000,386,0.0,0.007477759849280119
2020-05-25T19:45:00.000000000,387,0.0,0.005698517896234989
2020-05-25T20:00:00.000000000,388,0.0,0.00469187693670392
2020-05-25T20:15:00.000000000,389,0.0,0.003891924861818552
2020-05-25T20:30:00.000000000,390,0.0,0.00328667345456779
2020-05-25T20:45:00.000000000,391,0.0,0.0029310141690075397
2020-05-25T21:00:00.000000000,392,0.0,0.0027103517204523087
2020-05-25T21:15:00.000000000,393,0.0,0.002508541103452444
2020-05-25T21:30:00.000000000,394,0.0,0.0022930793929845095
2020-05-25T21:45:00.000000000,395,0.0,0.001997273648157716
2020-05-25T22:00:00.000000000,396,0.0,0.0016580013325437903
2020-05-25T22:15:00.000000000,397,0.0,0.0013753873063251376
2020-05-25T22:30:00.000000000,398,0.0,0.001183095620945096
2020-05-25T22:45:00.000000000,399,0.0,0.0010481271892786026
2020-05-25T23:00:00.000000000,400,0.0,0.0009264594409614801
2020-05-25T23:15:00.000000000,401,0.0,0.0008286988595500588
2020-05-25T23:30:00.000000000,402,0.0,0.0007524986867792904
2020-05-25T23:45:00.000000000,403,0.0,0.0006921557360328734
2020-05-26T00:00:00.000000000,404,0.0,0.0006470676162280142
2020-05-26T00:15:00.000000000,405,0.0,0.0006177567993290722
2020-05-26T00:30:00.000000000,406,0.0,0.0006030960939824581
2020-05-26T00:45:00.000000000,407,0.0,0.0006002167938277125
2020-05-26T01:00:00.000000000,408,0.0,0.0006051259697414935
2020-05-26T01:15:00.000000000,409,0.0,0.0006174763548187912
2020-05-26T01:30:00.000000000,410,0.0,0.0006376918172463775
2020-05-26T01:45:00.000000000,411,0.0,0.0006663862732239068
2020-05-26T02:00:00.000000000,412,0.0,0.000706163642462343
2020-05-26T02:15:00.000000000,413,0.0,0.0007606481667608023
2020-05-26T02:30:00.000000000,414,0.0,0.0008290873374789953
2020-05-26T02:45:00.000000000,415,0.0,0.000907760695554316
2020-05-26T03:00:00.000000000,416,0.0,0.0009982717456296086
2020-05-26T03:15:00.000000000,417,0.0,0.0011137065012007952
2020-05-26T03:30:00.000000000,418,0.0,0.0012703501852229238
2020-05-26T03:45:00.000000000,419,0.0,0.0014856671914458275
2020-05-26T04:00:00.000000000,420,0.0,0.0017774165607988834
2020-05-26T04:15:00.000000000,421,0.0,0.002151311608031392
2020-05-26T04:30:00.000000000,422,0.0,0.0026069229934364557
2020-05-26T04:45:00.000000000,423,0.0,0.0032102514524012804
2020-05-26T05:00:00.000000000,424,0.0,0.004031958989799023
2020-05-26T05:15:00.000000000,425,0.0,0.005116026848554611
2020-05-26T05:30:00.000000000,426,0.0,0.006602423265576363
2020-05-26T05:45:00.000000000,427,0.0,0.008709930814802647
2020-05-26T06:00:00.000000000,428,0.0097356831086153,0.01155859138816595
2020-05-26T06:15:00.000000000,429,0.0305141365283148,0.015999339520931244
2020-05-26T06:30:00.000000000,430,0.0583719569325775,0.02456517517566681
2020-05-26T06:45:00.000000000,431,0.0942006813821171,0.043524179607629776
2020-05-26T07:00:00.000000000,432,0.141849716076359,0.09342186897993088
2020-05-26T07:15:00.000000000,433,0.198819199158478,0.2592505216598511
2020-05-26T07:30:00.000000000,434,0.259150556708242,0.6253910064697266
2020-05-26T07:45:00.000000000,435,0.325460423499029,0.9062942266464233
2020-05-26T08:00:00.000000000,436,0.393795553120645,0.9821663498878479
2020-05-26T08:15:00.000000000,437,0.458603143364358,0.995846152305603
2020-05-26T08:30:00.000000000,438,0.522320474393103,0.9987078309059143
2020-05-26T08:45:00.000000000,439,0.581895425956119,0.9994305372238159
2020-05-26T09:00:00.000000000,440,0.638026679993712,0.9996169805526733
2020-05-26T09:15:00.000000000,441,0.687380877094311,0.99961918592453
2020-05-26T09:30:00.000000000,442,0.737882489715024,0.999550998210907
2020-05-26T09:45:00.000000000,443,0.761870716286563,0.999234676361084
2020-05-26T10:00:00.000000000,444,0.828381513256094,0.9982741475105286
2020-05-26T10:15:00.000000000,445,0.763895474398402,0.9951463937759399
2020-05-26T10:30:00.000000000,446,0.915032203127622,0.9832679033279419
2020-05-26T10:45:00.000000000,447,0.870948054942706,0.9698932766914368
2020-05-26T11:00:00.000000000,448,0.9470402887389,0.9479849338531494
2020-05-26T11:15:00.000000000,449,0.601449183009873,0.9298737049102783
2020-05-26T11:30:00.000000000,450,0.851537440882362,0.8469458222389221
2020-05-26T11:45:00.000000000,451,0.760215518272725,0.19430597126483917
2020-05-26T12:00:00.000000000,452,0.818859819235246,0.893156886100769
2020-05-26T12:15:00.000000000,453,0.984119764183022,0.9752382040023804
2020-05-26T12:30:00.000000000,454,0.608065621958005,0.9999483823776245
2020-05-26T12:45:00.000000000,455,0.949311146953722,0.9978616237640381
2020-05-26T13:00:00.000000000,456,0.636103427892114,0.9997430443763733
2020-05-26T13:15:00.000000000,457,0.668584346158126,0.9987028241157532
2020-05-26T13:30:00.000000000,458,0.83689937643632,0.9784812331199646
2020-05-26T13:45:00.000000000,459,0.956379032214189,0.9999582767486572
2020-05-26T14:00:00.000000000,460,0.644441873323006,0.998778760433197
2020-05-26T14:15:00.000000000,461,0.267840204162744,0.9999923706054688
2020-05-26T14:30:00.000000000,462,0.558508223565093,0.9999061226844788
2020-05-26T14:45:00.000000000,463,0.353576014954506,0.9971494674682617
2020-05-26T15:00:00.000000000,464,0.350625968533006,0.9993441700935364
2020-05-26T15:15:00.000000000,465,0.330057214324954,0.9999738335609436
2020-05-26T15:30:00.000000000,466,0.626947382661181,0.9999691247940063
2020-05-26T15:45:00.000000000,467,0.586764182262677,0.9999780058860779
2020-05-26T16:00:00.000000000,468,0.397660289304154,0.9999908804893494
2020-05-26T16:15:00.000000000,469,0.49133419921677,0.9999911785125732
2020-05-26T16:30:00.000000000,470,0.416818494618604,0.9999868869781494
2020-05-26T16:45:00.000000000,471,0.462777066023455,0.9999545216560364
2020-05-26T17:00:00.000000000,472,0.328716123543366,0.9999488592147827
2020-05-26T17:15:00.000000000,473,0.0786397889990938,0.9999213218688965
2020-05-26T17:30:00.000000000,474,0.0502811256333938,0.9994451999664307
2020-05-26T17:45:00.000000000,475,0.0391152737480062,0.9947541356086731
2020-05-26T18:00:00.000000000,476,0.02871510154756,0.9383639097213745
2020-05-26T18:15:00.000000000,477,0.0065498827980788,0.4550201892852783
2020-05-26T18:30:00.000000000,478,0.0,0.06350516527891159
2020-05-26T18:45:00.000000000,479,0.0,0.03400684893131256
2020-05-26T19:00:00.000000000,480,0.0,0.021134743466973305
2020-05-26T19:15:00.000000000,481,0.0,0.013549281284213066
2020-05-26T19:30:00.000000000,482,0.0,0.009065821766853333
2020-05-26T19:45:00.000000000,483,0.0,0.006185481790453196
2020-05-26T20:00:00.000000000,484,0.0,0.004662433173507452
2020-05-26T20:15:00.000000000,485,0.0,0.003859369084239006
2020-05-26T20:30:00.000000000,486,0.0,0.0032774237915873528
2020-05-26T20:45:00.000000000,487,0.0,0.0029093108605593443
2020-05-26T21:00:00.000000000,488,0.0,0.002634454984217882
2020-05-26T21:15:00.000000000,489,0.0,0.0023856633342802525
2020-05-26T21:30:00.000000000,490,0.0,0.0021810668986290693
2020-05-26T21:45:00.000000000,491,0.0,0.0019926803652197123
2020-05-26T22:00:00.000000000,492,0.0,0.001786735374480486
2020-05-26T22:15:00.000000000,493,0.0,0.0015929974615573883
2020-05-26T22:30:00.000000000,494,0.0,0.001421817927621305
2020-05-26T22:45:00.000000000,495,0.0,0.0012860383139923215
2020-05-26T23:00:00.000000000,496,0.0,0.001175437937490642
2020-05-26T23:15:00.000000000,497,0.0,0.001077101333066821
2020-05-26T23:30:00.000000000,498,0.0,0.0009818002581596375
2020-05-26T23:45:00.000000000,499,0.0,0.0009023873135447502
2020-05-27T00:00:00.000000000,500,0.0,0.0008432591566815972
2020-05-27T00:15:00.000000000,501,0.0,0.000797972665168345
2020-05-27T00:30:00.000000000,502,0.0,0.0007637107628397644
2020-05-27T00:45:00.000000000,503,0.0,0.0007462935172952712
2020-05-27T01:00:00.000000000,504,0.0,0.000748956750612706
2020-05-27T01:15:00.000000000,505,0.0,0.0007700136047787964
2020-05-27T01:30:00.000000000,506,0.0,0.0008095013326965272
2020-05-27T01:45:00.000000000,507,0.0,0.000864157744217664
2020-05-27T02:00:00.000000000,508,0.0,0.0009295842610299587
2020-05-27T02:15:00.000000000,509,0.0,0.0009977658046409488
2020-05-27T02:30:00.000000000,510,0.0,0.0010733027011156082
2020-05-27T02:45:00.000000000,511,0.0,0.0011797514744102955
2020-05-27T03:00:00.000000000,512,0.0,0.0013530325377359986
2020-05-27T03:15:00.000000000,513,0.0,0.001593956258147955
2020-05-27T03:30:00.000000000,514,0.0,0.001888781669549644
2020-05-27T03:45:00.000000000,515,0.0,0.0022293166257441044
2020-05-27T04:00:00.000000000,516,0.0,0.0026179635897278786
2020-05-27T04:15:00.000000000,517,0.0,0.003091266844421625
2020-05-27T04:30:00.000000000,518,0.0,0.003710653632879257
2020-05-27T04:45:00.000000000,519,0.0,0.004537600092589855
2020-05-27T05:00:00.000000000,520,0.0,0.005637709982693195
2020-05-27T05:15:00.000000000,521,0.0,0.0070804329589009285
2020-05-27T05:30:00.000000000,522,0.0,0.008925549685955048
2020-05-27T05:45:00.000000000,523,0.0,0.011309023946523666
2020-05-27T06:00:00.000000000,524,0.0110259262399822,0.014388393610715866
2020-05-27T06:15:00.000000000,525,0.0291245449262255,0.019249070435762405
2020-05-27T06:30:00.000000000,526,0.0643523587632945,0.028468569740653038
2020-05-27T06:45:00.000000000,527,0.117875305429796,0.05159914121031761
2020-05-27T07:00:00.000000000,528,0.151693697507759,0.12536169588565826
2020-05-27T07:15:00.000000000,529,0.152113747808315,0.3485640287399292
2020-05-27T07:30:00.000000000,530,0.262425371939016,0.6584387421607971
2020-05-27T07:45:00.000000000,531,0.305162814651388,0.8991413712501526
2020-05-27T08:00:00.000000000,532,0.36262512873134,0.9782811403274536
2020-05-27T08:15:00.000000000,533,0.449458369573781,0.995114803314209
2020-05-27T08:30:00.000000000,534,0.438088138773434,0.9990279674530029
2020-05-27T08:45:00.000000000,535,0.558833160601077,0.999607503414154
2020-05-27T09:00:00.000000000,536,0.625814477014469,0.9998208284378052
2020-05-27T09:15:00.000000000,537,0.646029316501713,0.9998742938041687
2020-05-27T09:30:00.000000000,538,0.667949108113694,0.9998088479042053
2020-05-27T09:45:00.000000000,539,0.652560071504654,0.9997966885566711
2020-05-27T10:00:00.000000000,540,0.635565792936796,0.999019205570221
2020-05-27T10:15:00.000000000,541,0.480291744335535,0.998264729976654
2020-05-27T10:30:00.000000000,542,0.660436064163415,0.9974769949913025
2020-05-27T10:45:00.000000000,543,0.570050007327107,0.9984604716300964
2020-05-27T11:00:00.000000000,544,0.594908700095563,0.9997798800468445
2020-05-27T11:15:00.000000000,545,0.879602962815107,0.999922513961792
2020-05-27T11:30:00.000000000,546,0.949597580217517,0.9999943375587463
2020-05-27T11:45:00.000000000,547,0.755996551942443,0.999988853931427
2020-05-27T12:00:00.000000000,548,0.940521129024566,0.9999868273735046
2020-05-27T12:15:00.000000000,549,0.613162372559029,0.9998389482498169
2020-05-27T12:30:00.000000000,550,0.541018590552836,0.9470406770706177
2020-05-27T12:45:00.000000000,551,0.605799810685777,0.9213299751281738
2020-05-27T13:00:00.000000000,552,0.714614205187267,0.9979687929153442
2020-05-27T13:15:00.000000000,553,0.37947241597055,0.9987911581993103
2020-05-27T13:30:00.000000000,554,0.337503071259121,0.9999961853027344
2020-05-27T13:45:00.000000000,555,0.345844145287988,0.9999890327453613
2020-05-27T14:00:00.000000000,556,0.330572188628852,0.9999746084213257
2020-05-27T14:15:00.000000000,557,0.319006179694304,0.999976634979248
2020-05-27T14:30:00.000000000,558,0.734862669741414,0.9999743700027466
2020-05-27T14:45:00.000000000,559,0.391259942315811,0.9999914765357971
2020-05-27T15:00:00.000000000,560,0.392028439849006,0.999995768070221
2020-05-27T15:15:00.000000000,561,0.329852625107531,0.9999951124191284
2020-05-27T15:30:00.000000000,562,0.651184800512968,0.9999867081642151
2020-05-27T15:45:00.000000000,563,0.484368955530394,0.9999789595603943
2020-05-27T16:00:00.000000000,564,0.498461133352293,0.9999920129776001
2020-05-27T16:15:00.000000000,565,0.400010384026623,0.9999929070472717
2020-05-27T16:30:00.000000000,566,0.38433057376832,0.9999825358390808
2020-05-27T16:45:00.000000000,567,0.239554784106466,0.9998468160629272
2020-05-27T17:00:00.000000000,568,0.205541370928624,0.9997979402542114
2020-05-27T17:15:00.000000000,569,0.138643223425546,0.9991636276245117
2020-05-27T17:30:00.000000000,570,0.0713597441624258,0.9958972930908203
2020-05-27T17:45:00.000000000,571,0.0471836462879581,0.9716932773590088
2020-05-27T18:00:00.000000000,572,0.0232969678066548,0.7885637879371643
2020-05-27T18:15:00.000000000,573,0.0046572275946491,0.3906491994857788
2020-05-27T18:30:00.000000000,574,0.0002097622929535,0.11596651375293732
2020-05-27T18:45:00.000000000,575,0.0,0.036281947046518326
2020-05-27T19:00:00.000000000,576,0.0,0.017296893522143364
2020-05-27T19:15:00.000000000,577,0.0,0.01011647842824459
2020-05-27T19:30:00.000000000,578,0.0,0.007301662117242813
2020-05-27T19:45:00.000000000,579,0.0,0.005548275075852871
2020-05-27T20:00:00.000000000,580,0.0,0.00428366381675005
2020-05-27T20:15:00.000000000,581,0.0,0.0035824994556605816
2020-05-27T20:30:00.000000000,582,0.0,0.0031600180082023144
2020-05-27T20:45:00.000000000,583,0.0,0.0027904026210308075
2020-05-27T21:00:00.000000000,584,0.0,0.0023585923481732607
2020-05-27T21:15:00.000000000,585,0.0,0.002032401505857706
2020-05-27T21:30:00.000000000,586,0.0,0.0017717943992465734
2020-05-27T21:45:00.000000000,587,0.0,0.0015421273419633508
2020-05-27T22:00:00.000000000,588,0.0,0.0013412699336186051
2020-05-27T22:15:00.000000000,589,0.0,0.001176256686449051
2020-05-27T22:30:00.000000000,590,0.0,0.0010462976060807705
2020-05-27T22:45:00.000000000,591,0.0,0.0009514046250842512
2020-05-27T23:00:00.000000000,592,0.0,0.000885282177478075
2020-05-27T23:15:00.000000000,593,0.0,0.0008484678692184389
2020-05-27T23:30:00.000000000,594,0.0,0.0008302516071125865
2020-05-27T23:45:00.000000000,595,0.0,0.0008154907845892012
2020-05-28T00:00:00.000000000,596,0.0,0.0007968233549036086
2020-05-28T00:15:00.000000000,597,0.0,0.0007769949734210968
2020-05-28T00:30:00.000000000,598,0.0,0.000755393470171839
2020-05-28T00:45:00.000000000,599,0.0,0.0007417447632178664
2020-05-28T01:00:00.000000000,600,0.0,0.0007410107064060867
2020-05-28T01:15:00.000000000,601,0.0,0.0007444871589541435
2020-05-28T01:30:00.000000000,602,0.0,0.0007457926403731108
2020-05-28T01:45:00.000000000,603,0.0,0.000755501794628799
2020-05-28T02:00:00.000000000,604,0.0,0.0007825136999599636
2020-05-28T02:15:00.000000000,605,0.0,0.0008350209682248533
2020-05-28T02:30:00.000000000,606,0.0,0.0009150648256763816
2020-05-28T02:45:00.000000000,607,0.0,0.0010208586463704705
2020-05-28T03:00:00.000000000,608,0.0,0.0011592336231842637
2020-05-28T03:15:00.000000000,609,0.0,0.0013337846612557769
2020-05-28T03:30:00.000000000,610,0.0,0.001551451743580401
2020-05-28T03:45:00.000000000,611,0.0,0.0018427417380735278
2020-05-28T04:00:00.000000000,612,0.0,0.002239922760054469
2020-05-28T04:15:00.000000000,613,0.0,0.0027256449684500694
2020-05-28T04:30:00.000000000,614,0.0,0.0033069944474846125
2020-05-28T04:45:00.000000000,615,0.0,0.004026954993605614
2020-05-28T05:00:00.000000000,616,0.0,0.004901634529232979
2020-05-28T05:15:00.000000000,617,0.0,0.005968102719634771
2020-05-28T05:30:00.000000000,618,0.0,0.007395285181701183
2020-05-28T05:45:00.000000000,619,0.0,0.009278940036892891
2020-05-28T06:00:00.000000000,620,0.0117106029817158,0.0116002531722188
2020-05-28T06:15:00.000000000,621,0.0335788740288668,0.015314916148781776
2020-05-28T06:30:00.000000000,622,0.0618769113603725,0.022853996604681015
2020-05-28T06:45:00.000000000,623,0.101550373608282,0.03996870294213295
2020-05-28T07:00:00.000000000,624,0.151206312981239,0.08777952194213867
2020-05-28T07:15:00.000000000,625,0.207758794941682,0.26189088821411133
2020-05-28T07:30:00.000000000,626,0.266219325181897,0.6506200432777405
2020-05-28T07:45:00.000000000,627,0.329928265715391,0.9203327298164368
2020-05-28T08:00:00.000000000,628,0.389906465575137,0.984797477722168
2020-05-28T08:15:00.000000000,629,0.455490523287589,0.99587082862854
2020-05-28T08:30:00.000000000,630,0.522691927135204,0.9984593391418457
2020-05-28T08:45:00.000000000,631,0.589007093187451,0.9992600679397583
2020-05-28T09:00:00.000000000,632,0.639524225055951,0.9995377659797668
2020-05-28T09:15:00.000000000,633,0.687045446690349,0.9996152520179749
2020-05-28T09:30:00.000000000,634,0.735435809717779,0.9995379447937012
2020-05-28T09:45:00.000000000,635,0.750227720891618,0.9992064237594604
2020-05-28T10:00:00.000000000,636,0.796366992780644,0.9982730746269226
2020-05-28T10:15:00.000000000,637,0.824112582452037,0.9964004755020142
2020-05-28T10:30:00.000000000,638,0.764024170674967,0.9920145273208618
2020-05-28T10:45:00.000000000,639,0.734347001478493,0.9789217114448547
2020-05-28T11:00:00.000000000,640,0.855570680919315,0.9524173140525818
2020-05-28T11:15:00.000000000,641,0.969782811150345,0.8959236741065979
2020-05-28T11:30:00.000000000,642,1.00272747760622,0.9641048312187195
2020-05-28T11:45:00.000000000,643,0.975085160311384,0.9903934597969055
2020-05-28T12:00:00.000000000,644,0.936958387471141,0.992741584777832
2020-05-28T12:15:00.000000000,645,1.0053457231279,0.8206745982170105
2020-05-28T12:30:00.000000000,646,0.856493887274185,0.2885464131832123
2020-05-28T12:45:00.000000000,647,0.938787136122038,0.29158881306648254
2020-05-28T13:00:00.000000000,648,0.998935858523945,0.6317858099937439
2020-05-28T13:15:00.000000000,649,0.804181316441654,0.8252230286598206
2020-05-28T13:30:00.000000000,650,0.561756542502698,0.8469462990760803
2020-05-28T13:45:00.000000000,651,0.773614376522874,0.9898311495780945
2020-05-28T14:00:00.000000000,652,0.731348672931567,0.9540347456932068
2020-05-28T14:15:00.000000000,653,0.372038440311808,0.9941378235816956
2020-05-28T14:30:00.000000000,654,0.632940275589675,0.9999254941940308
2020-05-28T14:45:00.000000000,655,0.627161708205194,0.9999944567680359
2020-05-28T15:00:00.000000000,656,0.779139231423893,0.9999687075614929
2020-05-28T15:15:00.000000000,657,0.667192218467207,0.9999963045120239
2020-05-28T15:30:00.000000000,658,0.624267198844055,0.9999991655349731
2020-05-28T15:45:00.000000000,659,0.477074211567574,0.9999952912330627
2020-05-28T16:00:00.000000000,660,0.228616653112342,0.9999809861183167
2020-05-28T16:15:00.000000000,661,0.344463499340242,0.9997662901878357
2020-05-28T16:30:00.000000000,662,0.336742669797939,0.9998467564582825
2020-05-28T16:45:00.000000000,663,0.288727628825843,0.9998176693916321
2020-05-28T17:00:00.000000000,664,0.253277843375133,0.9996720552444458
2020-05-28T17:15:00.000000000,665,0.203191970158112,0.9991883635520935
2020-05-28T17:30:00.000000000,666,0.087652565010413,0.9983701109886169
2020-05-28T17:45:00.000000000,667,0.0535263533357945,0.9925857782363892
2020-05-28T18:00:00.000000000,668,0.0371163179547691,0.9505526423454285
2020-05-28T18:15:00.000000000,669,0.0208413505635761,0.7060785889625549
2020-05-28T18:30:00.000000000,670,0.0046509568062785,0.25813838839530945
2020-05-28T18:45:00.000000000,671,0.0,0.05808250606060028
2020-05-28T19:00:00.000000000,672,0.0,0.024552928283810616
2020-05-28T19:15:00.000000000,673,0.0,0.013314788229763508
2020-05-28T19:30:00.000000000,674,0.0,0.008483181707561016
2020-05-28T19:45:00.000000000,675,0.0,0.006278578191995621
2020-05-28T20:00:00.000000000,676,0.0,0.00520520331338048
2020-05-28T20:15:00.000000000,677,0.0,0.004406333900988102
2020-05-28T20:30:00.000000000,678,0.0,0.0037691486068069935
2020-05-28T20:45:00.000000000,679,0.0,0.003258488606661558
2020-05-28T21:00:00.000000000,680,0.0,0.002844448434188962
2020-05-28T21:15:00.000000000,681,0.0,0.002482469193637371
2020-05-28T21:30:00.000000000,682,0.0,0.002142511308193207
2020-05-28T21:45:00.000000000,683,0.0,0.001696601859293878
2020-05-28T22:00:00.000000000,684,0.0,0.0013217856176197529
2020-05-28T22:15:00.000000000,685,0.0,0.0010932314908131957
2020-05-28T22:30:00.000000000,686,0.0,0.000951934140175581
2020-05-28T22:45:00.000000000,687,0.0,0.0008335694437846541
2020-05-28T23:00:00.000000000,688,0.0,0.000757580972276628
2020-05-28T23:15:00.000000000,689,0.0,0.0007103443494997919
2020-05-28T23:30:00.000000000,690,0.0,0.0006690089358016849
2020-05-28T23:45:00.000000000,691,0.0,0.0006337822997011244
2020-05-29T00:00:00.000000000,692,0.0,0.0006041157175786793
2020-05-29T00:15:00.000000000,693,0.0,0.0005817461060360074
2020-05-29T00:30:00.000000000,694,0.0,0.0005672578699886799
2020-05-29T00:45:00.000000000,695,0.0,0.0005602153250947595
2020-05-29T01:00:00.000000000,696,0.0,0.0005569261847995222
2020-05-29T01:15:00.000000000,697,0.0,0.0005596807459369302
2020-05-29T01:30:00.000000000,698,0.0,0.0005705364164896309
2020-05-29T01:45:00.000000000,699,0.0,0.0005913827917538583
2020-05-29T02:00:00.000000000,700,0.0,0.0006237318157218397
2020-05-29T02:15:00.000000000,701,0.0,0.0006790383486077189
2020-05-29T02:30:00.000000000,702,0.0,0.0007631722837686539
2020-05-29T02:45:00.000000000,703,0.0,0.0008846026030369103
2020-05-29T03:00:00.000000000,704,0.0,0.0010524046374484897
2020-05-29T03:15:00.000000000,705,0.0,0.0012804575962945819
2020-05-29T03:30:00.000000000,706,0.0,0.0015810626791790128
2020-05-29T03:45:00.000000000,707,0.0,0.001980624394491315
2020-05-29T04:00:00.000000000,708,0.0,0.002516157692298293
2020-05-29T04:15:00.000000000,709,0.0,0.003239746205508709
2020-05-29T04:30:00.000000000,710,0.0,0.004224878270179033
2020-05-29T04:45:00.000000000,711,0.0,0.00557537330314517
2020-05-29T05:00:00.000000000,712,0.0,0.007437798194587231
2020-05-29T05:15:00.000000000,713,0.0,0.010018507018685341
2020-05-29T05:30:00.000000000,714,0.0,0.013606308028101921
2020-05-29T05:45:00.000000000,715,0.0,0.018601547926664352
2020-05-29T06:00:00.000000000,716,0.0394099923983912,0.025551093742251396
2020-05-29T06:15:00.000000000,717,0.0394099923983912,0.035186100751161575
2020-05-29T06:30:00.000000000,718,0.0763532222929183,0.048454128205776215
2020-05-29T06:45:00.000000000,719,0.118396146785912,0.07396131008863449
2020-05-29T07:00:00.000000000,720,0.152493086362006,0.13272631168365479
2020-05-29T07:15:00.000000000,721,0.153844270961656,0.2684514820575714
2020-05-29T07:30:00.000000000,722,0.172646101173432,0.4856084883213043
2020-05-29T07:45:00.000000000,723,0.210676478031926,0.7034602761268616
2020-05-29T08:00:00.000000000,724,0.259655626462374,0.8525991439819336
2020-05-29T08:15:00.000000000,725,0.331671027617966,0.9387268424034119
2020-05-29T08:30:00.000000000,726,0.390722488206501,0.9806907176971436
2020-05-29T08:45:00.000000000,727,0.431220679018648,0.9945499300956726
2020-05-29T09:00:00.000000000,728,0.534290867181166,0.9980871677398682
2020-05-29T09:15:00.000000000,729,0.705271487293263,0.9991831183433533
2020-05-29T09:30:00.000000000,730,0.505044767371409,0.9996786117553711
2020-05-29T09:45:00.000000000,731,0.656514339922666,0.9995586276054382
2020-05-29T10:00:00.000000000,732,0.678640445098805,0.9990743398666382
2020-05-29T10:15:00.000000000,733,0.923096538171438,0.9957455396652222
2020-05-29T10:30:00.000000000,734,0.938661026430932,0.9946877360343933
2020-05-29T10:45:00.000000000,735,0.889833790011605,0.9996002912521362
2020-05-29T11:00:00.000000000,736,0.906782898729415,0.987488329410553
2020-05-29T11:15:00.000000000,737,0.851810352736272,0.7715712785720825
2020-05-29T11:30:00.000000000,738,0.721284015244199,0.023536117747426033
2020-05-29T11:45:00.000000000,739,0.981038624277314,0.06407396495342255
2020-05-29T12:00:00.000000000,740,0.922990868354068,0.5053125619888306
2020-05-29T12:15:00.000000000,741,0.792135093735041,0.734677791595459
2020-05-29T12:30:00.000000000,742,0.927788274049357,0.8735551834106445
2020-05-29T12:45:00.000000000,743,0.964522414483225,0.8794421553611755
2020-05-29T13:00:00.000000000,744,0.974274121462524,0.2981666922569275
2020-05-29T13:15:00.000000000,745,0.901110106214793,0.9810101985931396
2020-05-29T13:30:00.000000000,746,0.85213467979234,0.9869207143783569
2020-05-29T13:45:00.000000000,747,0.689965842495456,0.49661383032798767
2020-05-29T14:00:00.000000000,748,0.518172417157584,0.31473633646965027
2020-05-29T14:15:00.000000000,749,0.721647392948807,0.6291050314903259
2020-05-29T14:30:00.000000000,750,0.635457296943918,0.9876221418380737
2020-05-29T14:45:00.000000000,751,0.68457119792905,0.9996998310089111
2020-05-29T15:00:00.000000000,752,0.598824977872065,0.9999915957450867
2020-05-29T15:15:00.000000000,753,0.581255729822634,0.9999917149543762
2020-05-29T15:30:00.000000000,754,0.543904288848418,0.9998958706855774
2020-05-29T15:45:00.000000000,755,0.568394115403706,0.9999677538871765
2020-05-29T16:00:00.000000000,756,0.523041362728906,0.9999663233757019
2020-05-29T16:15:00.000000000,757,0.496295187846329,0.9999809265136719
2020-05-29T16:30:00.000000000,758,0.324436089560992,0.9999732375144958
2020-05-29T16:45:00.000000000,759,0.280519372698576,0.9999238848686218
2020-05-29T17:00:00.000000000,760,0.249183346502578,0.999764621257782
2020-05-29T17:15:00.000000000,761,0.179706668402468,0.9993182420730591
2020-05-29T17:30:00.000000000,762,0.0963518015851847,0.9972313046455383
2020-05-29T17:45:00.000000000,763,0.0717462745587926,0.9838262796401978
2020-05-29T18:00:00.000000000,764,0.0347340491707545,0.9097180962562561
2020-05-29T18:15:00.000000000,765,0.0098582810203544,0.6306715607643127
2020-05-29T18:30:00.000000000,766,0.0001382223109357,0.22524994611740112
2020-05-29T18:45:00.000000000,767,0.0,0.06298412382602692
2020-05-29T19:00:00.000000000,768,0.0,0.025310881435871124
2020-05-29T19:15:00.000000000,769,0.0,0.012056267820298672
2020-05-29T19:30:00.000000000,770,0.0,0.00757202971726656
2020-05-29T19:45:00.000000000,771,0.0,0.0057924287393689156
2020-05-29T20:00:00.000000000,772,0.0,0.004703695885837078
2020-05-29T20:15:00.000000000,773,0.0,0.004016299266368151
2020-05-29T20:30:00.000000000,774,0.0,0.003522124607115984
2020-05-29T20:45:00.000000000,775,0.0,0.0031531190034002066
2020-05-29T21:00:00.000000000,776,0.0,0.0028296918608248234
2020-05-29T21:15:00.000000000,777,0.0,0.0024992453400045633
2020-05-29T21:30:00.000000000,778,0.0,0.002203745534643531
2020-05-29T21:45:00.000000000,779,0.0,0.0019492482533678412
2020-05-29T22:00:00.000000000,780,0.0,0.0017310968833044171
2020-05-29T22:15:00.000000000,781,0.0,0.0015509658260270953
2020-05-29T22:30:00.000000000,782,0.0,0.0013755529653280973
2020-05-29T22:45:00.000000000,783,0.0,0.0011523980647325516
2020-05-29T23:00:00.000000000,784,0.0,0.0009658958297222853
2020-05-29T23:15:00.000000000,785,0.0,0.0008379099308513105
2020-05-29T23:30:00.000000000,786,0.0,0.0007497700280509889
2020-05-29T23:45:00.000000000,787,0.0,0.0006802864954806864
2020-05-30T00:00:00.000000000,788,0.0,0.0006431487272493541
2020-05-30T00:15:00.000000000,789,0.0,0.0006216202746145427
2020-05-30T00:30:00.000000000,790,0.0,0.0006083701737225056
2020-05-30T00:45:00.000000000,791,0.0,0.0006012852536514401
2020-05-30T01:00:00.000000000,792,0.0,0.0006009603966958821
2020-05-30T01:15:00.000000000,793,0.0,0.0006068734219297767
2020-05-30T01:30:00.000000000,794,0.0,0.000621873652562499
2020-05-30T01:45:00.000000000,795,0.0,0.000649132183752954
2020-05-30T02:00:00.000000000,796,0.0,0.0006915316917002201
2020-05-30T02:15:00.000000000,797,0.0,0.000748138059861958
2020-05-30T02:30:00.000000000,798,0.0,0.0008242747862823308
2020-05-30T02:45:00.000000000,799,0.0,0.0009243442327715456
2020-05-30T03:00:00.000000000,800,0.0,0.0010537805501371622
2020-05-30T03:15:00.000000000,801,0.0,0.0012180500198155642
2020-05-30T03:30:00.000000000,802,0.0,0.001424205838702619
2020-05-30T03:45:00.000000000,803,0.0,0.001682200818322599
2020-05-30T04:00:00.000000000,804,0.0,0.002010209020227194
2020-05-30T04:15:00.000000000,805,0.0,0.0024319435469806194
2020-05-30T04:30:00.000000000,806,0.0,0.0029818760231137276
2020-05-30T04:45:00.000000000,807,0.0,0.0037021595053374767
2020-05-30T05:00:00.000000000,808,0.0,0.004606202244758606
2020-05-30T05:15:00.000000000,809,0.0,0.005751601420342922
2020-05-30T05:30:00.000000000,810,0.0,0.00724428053945303
2020-05-30T05:45:00.000000000,811,0.0,0.009187033399939537
2020-05-30T06:00:00.000000000,812,0.0057842662004497,0.011696040630340576
2020-05-30T06:15:00.000000000,813,0.0244117255927662,0.015398894436657429
2020-05-30T06:30:00.000000000,814,0.0543980812648269,0.022158870473504066
2020-05-30T06:45:00.000000000,815,0.0933722938155894,0.03776616230607033
2020-05-30T07:00:00.000000000,816,0.13210873370699,0.07918521761894226
2020-05-30T07:15:00.000000000,817,0.170831483852278,0.18978795409202576
2020-05-30T07:30:00.000000000,818,0.155671379389773,0.4268532693386078
2020-05-30T07:45:00.000000000,819,0.182304945037863,0.6693389415740967
2020-05-30T08:00:00.000000000,820,0.239386343416644,0.8280820250511169
2020-05-30T08:15:00.000000000,821,0.336565397008039,0.923742949962616
2020-05-30T08:30:00.000000000,822,0.277648121204627,0.9780335426330566
2020-05-30T08:45:00.000000000,823,0.26808939545359,0.9924672842025757
2020-05-30T09:00:00.000000000,824,0.292944366115132,0.9957077503204346
2020-05-30T09:15:00.000000000,825,0.420877095317752,0.9963840246200562
2020-05-30T09:30:00.000000000,826,0.48670561285388,0.9979695081710815
2020-05-30T09:45:00.000000000,827,0.361862981881837,0.9994871020317078
2020-05-30T10:00:00.000000000,828,0.362773697211001,0.9996868371963501
2020-05-30T10:15:00.000000000,829,0.338586496130659,0.999591052532196
2020-05-30T10:30:00.000000000,830,0.409555798536345,0.9991300106048584
2020-05-30T10:45:00.000000000,831,0.415675810583325,0.9993362426757812
2020-05-30T11:00:00.000000000,832,0.507978726761429,0.9997173547744751
2020-05-30T11:15:00.000000000,833,0.791884893045077,0.999850869178772
2020-05-30T11:30:00.000000000,834,0.612259101411899,0.9999692440032959
2020-05-30T11:45:00.000000000,835,0.684784997751348,0.9999765753746033
2020-05-30T12:00:00.000000000,836,1.05609895378517,0.9999586939811707
2020-05-30T12:15:00.000000000,837,0.770886078842359,0.9998772144317627
2020-05-30T12:30:00.000000000,838,1.00133244795687,0.994922399520874
2020-05-30T12:45:00.000000000,839,0.782916025196205,0.9962741732597351
2020-05-30T13:00:00.000000000,840,0.684709546408251,0.38868024945259094
2020-05-30T13:15:00.000000000,841,0.903247915148282,0.0006866260664537549
2020-05-30T13:30:00.000000000,842,0.822496687391476,0.21799804270267487
2020-05-30T13:45:00.000000000,843,0.911290296034212,0.09553968161344528
2020-05-30T14:00:00.000000000,844,0.896301975987296,0.9931002855300903
2020-05-30T14:15:00.000000000,845,0.881214420835269,0.9878391027450562
2020-05-30T14:30:00.000000000,846,0.820320206374301,0.505768358707428
2020-05-30T14:45:00.000000000,847,0.783902759613295,0.868505597114563
2020-05-30T15:00:00.000000000,848,0.741369716857116,0.6890839338302612
2020-05-30T15:15:00.000000000,849,0.689509412368821,0.8692392706871033
2020-05-30T15:30:00.000000000,850,0.637961637915837,0.9711694121360779
2020-05-30T15:45:00.000000000,851,0.582849733994916,0.9945783019065857
2020-05-30T16:00:00.000000000,852,0.522710285276718,0.9979156255722046
2020-05-30T16:15:00.000000000,853,0.445806760295133,0.999241054058075
2020-05-30T16:30:00.000000000,854,0.324605539646398,0.9996089935302734
2020-05-30T16:45:00.000000000,855,0.323930136604271,0.9996151924133301
2020-05-30T17:00:00.000000000,856,0.263805071598274,0.9995321035385132
2020-05-30T17:15:00.000000000,857,0.203502670702346,0.999196469783783
2020-05-30T17:30:00.000000000,858,0.138478694082672,0.9978653192520142
2020-05-30T17:45:00.000000000,859,0.0797547150182736,0.9921993613243103
2020-05-30T18:00:00.000000000,860,0.0514313169489699,0.9634567499160767
2020-05-30T18:15:00.000000000,861,0.0223535316650092,0.8120221495628357
2020-05-30T18:30:00.000000000,862,0.0023738152057966,0.40598931908607483
2020-05-30T18:45:00.000000000,863,0.0,0.10940586030483246
2020-05-30T19:00:00.000000000,864,0.0,0.03053901717066765
2020-05-30T19:15:00.000000000,865,0.0,0.012959890998899937
2020-05-30T19:30:00.000000000,866,0.0,0.007130753714591265
2020-05-30T19:45:00.000000000,867,0.0,0.005179341416805983
2020-05-30T20:00:00.000000000,868,0.0,0.004357381258159876
2020-05-30T20:15:00.000000000,869,0.0,0.0038163464050740004
2020-05-30T20:30:00.000000000,870,0.0,0.0033629571553319693
2020-05-30T20:45:00.000000000,871,0.0,0.0029670828953385353
2020-05-30T21:00:00.000000000,872,0.0,0.0025916732847690582
2020-05-30T21:15:00.000000000,873,0.0,0.002231745747849345
2020-05-30T21:30:00.000000000,874,0.0,0.001895829802379012
2020-05-30T21:45:00.000000000,875,0.0,0.0016203931299969554
2020-05-30T22:00:00.000000000,876,0.0,0.0014040652895346284
2020-05-30T22:15:00.000000000,877,0.0,0.001231284928508103
2020-05-30T22:30:00.000000000,878,0.0,0.0011049301829189062
2020-05-30T22:45:00.000000000,879,0.0,0.001003784011118114
2020-05-30T23:00:00.000000000,880,0.0,0.000926291395444423
2020-05-30T23:15:00.000000000,881,0.0,0.0008616565028205514
2020-05-30T23:30:00.000000000,882,0.0,0.0008120756247080863
2020-05-30T23:45:00.000000000,883,0.0,0.0007751040393486619
2020-05-31T00:00:00.000000000,884,0.0,0.0007418151944875717
2020-05-31T00:15:00.000000000,885,0.0,0.0007144323317334056
2020-05-31T00:30:00.000000000,886,0.0,0.0007037772447802126
2020-05-31T00:45:00.000000000,887,0.0,0.0007192649645730853
2020-05-31T01:00:00.000000000,888,0.0,0.0007507199188694358
2020-05-31T01:15:00.000000000,889,0.0,0.000795595406088978
2020-05-31T01:30:00.000000000,890,0.0,0.0008443708065897226
2020-05-31T01:45:00.000000000,891,0.0,0.0008904574788175523
2020-05-31T02:00:00.000000000,892,0.0,0.0009389284532517195
2020-05-31T02:15:00.000000000,893,0.0,0.0010024762013927102
2020-05-31T02:30:00.000000000,894,0.0,0.001085358439013362
2020-05-31T02:45:00.000000000,895,0.0,0.0011827230919152498
2020-05-31T03:00:00.000000000,896,0.0,0.0013079216005280614
2020-05-31T03:15:00.000000000,897,0.0,0.0014666386414319277
2020-05-31T03:30:00.000000000,898,0.0,0.0016804273473098874
2020-05-31T03:45:00.000000000,899,0.0,0.001966987270861864
2020-05-31T04:00:00.000000000,900,0.0,0.0023204749450087547
2020-05-31T04:15:00.000000000,901,0.0,0.0027643407229334116
2020-05-31T04:30:00.000000000,902,0.0,0.0033384407870471478
2020-05-31T04:45:00.000000000,903,0.0,0.004064192529767752
2020-05-31T05:00:00.000000000,904,0.0,0.005016794893890619
2020-05-31T05:15:00.000000000,905,0.0,0.0062316106632351875
2020-05-31T05:30:00.000000000,906,0.0,0.007795794866979122
2020-05-31T05:45:00.000000000,907,0.0,0.009870031848549843
2020-05-31T06:00:00.000000000,908,0.0077642329866794,0.012717180885374546
2020-05-31T06:15:00.000000000,909,0.0355373914371058,0.01712542586028576
2020-05-31T06:30:00.000000000,910,0.0634069459140072,0.02613193169236183
2020-05-31T06:45:00.000000000,911,0.0806965319359779,0.04748174920678139
2020-05-31T07:00:00.000000000,912,0.0933787286303008,0.09683849662542343
2020-05-31T07:15:00.000000000,913,0.102953162890357,0.19628369808197021
2020-05-31T07:30:00.000000000,914,0.154025076593708,0.3471904993057251
2020-05-31T07:45:00.000000000,915,0.176605593140641,0.5503239631652832
2020-05-31T08:00:00.000000000,916,0.210874884774702,0.7447233200073242
2020-05-31T08:15:00.000000000,917,0.276776393264996,0.8817083835601807
2020-05-31T08:30:00.000000000,918,0.339000406022077,0.9588667154312134
2020-05-31T08:45:00.000000000,919,0.537517673654033,0.988917350769043
2020-05-31T09:00:00.000000000,920,0.546143225319148,0.9984353184700012
2020-05-31T09:15:00.000000000,921,0.412914771027897,0.9996992945671082
2020-05-31T09:30:00.000000000,922,0.648670050279359,0.9997041821479797
2020-05-31T09:45:00.000000000,923,0.494992832121275,0.9996167421340942
2020-05-31T10:00:00.000000000,924,0.496045491854157,0.9983663558959961
2020-05-31T10:15:00.000000000,925,0.812065665881788,0.9994258880615234
2020-05-31T10:30:00.000000000,926,0.965334904304234,0.9998872876167297
2020-05-31T10:45:00.000000000,927,0.726602136007221,0.9997954964637756
2020-05-31T11:00:00.000000000,928,0.650605162639525,0.99996018409729
2020-05-31T11:15:00.000000000,929,0.811128138805229,0.9961410760879517
2020-05-31T11:30:00.000000000,930,0.881142943956815,0.48866766691207886
2020-05-31T11:45:00.000000000,931,0.624389922927593,0.5342973470687866
2020-05-31T12:00:00.000000000,932,0.694391542981398,0.9993076324462891
2020-05-31T12:15:00.000000000,933,0.662803360439627,0.9999086856842041
2020-05-31T12:30:00.000000000,934,0.545510784113531,0.9995926022529602
2020-05-31T12:45:00.000000000,935,1.00942365775979,0.9995746612548828
2020-05-31T13:00:00.000000000,936,0.687790560205753,0.9999920129776001
2020-05-31T13:15:00.000000000,937,0.491657643208029,0.9999589920043945
2020-05-31T13:30:00.000000000,938,0.425220783491752,0.9998758435249329
2020-05-31T13:45:00.000000000,939,0.435332083039372,0.999624490737915
2020-05-31T14:00:00.000000000,940,0.832112064696874,0.9658383131027222
2020-05-31T14:15:00.000000000,941,0.620698169661042,0.9999873638153076
2020-05-31T14:30:00.000000000,942,0.175167790905414,0.999998152256012
2020-05-31T14:45:00.000000000,943,0.215533689530609,0.9999907612800598
2020-05-31T15:00:00.000000000,944,0.169076546268704,0.9997633099555969
2020-05-31T15:15:00.000000000,945,0.159018743976952,0.996282696723938
2020-05-31T15:30:00.000000000,946,0.254190703639,0.998042643070221
2020-05-31T15:45:00.000000000,947,0.23742511328577,0.9872693419456482
2020-05-31T16:00:00.000000000,948,0.232912795164251,0.9876253604888916
2020-05-31T16:15:00.000000000,949,0.166631254164775,0.9879019856452942
2020-05-31T16:30:00.000000000,950,0.140927203588657,0.9865389466285706
2020-05-31T16:45:00.000000000,951,0.14076406215323,0.9785636067390442
2020-05-31T17:00:00.000000000,952,0.152940053529571,0.9510207772254944
2020-05-31T17:15:00.000000000,953,0.138949129391981,0.9017173051834106
2020-05-31T17:30:00.000000000,954,0.108966748166898,0.8244996070861816
2020-05-31T17:45:00.000000000,955,0.081231441557134,0.7444638013839722
2020-05-31T18:00:00.000000000,956,0.0520165695179618,0.6268492937088013
2020-05-31T18:15:00.000000000,957,0.0204559557225803,0.4361538290977478
2020-05-31T18:30:00.000000000,958,0.0018372653406981,0.21507534384727478
2020-05-31T18:45:00.000000000,959,0.0,0.08205707371234894
2020-05-31T19:00:00.000000000,960,0.0,0.031785137951374054
2020-05-31T19:15:00.000000000,961,0.0,0.014527378603816032
2020-05-31T19:30:00.000000000,962,0.0,0.008183551020920277
2020-05-31T19:45:00.000000000,963,0.0,0.005841818638145924
2020-05-31T20:00:00.000000000,964,0.0,0.004761125426739454
2020-05-31T20:15:00.000000000,965,0.0,0.004002665169537067
2020-05-31T20:30:00.000000000,966,0.0,0.003383407136425376
2020-05-31T20:45:00.000000000,967,0.0,0.002865250688046217
2020-05-31T21:00:00.000000000,968,0.0,0.0024535099510103464
2020-05-31T21:15:00.000000000,969,0.0,0.002130561973899603
2020-05-31T21:30:00.000000000,970,0.0,0.0018712476594373584
2020-05-31T21:45:00.000000000,971,0.0,0.0016524546081200242
2020-05-31T22:00:00.000000000,972,0.0,0.0014631706289947033
2020-05-31T22:15:00.000000000,973,0.0,0.001304318429902196
2020-05-31T22:30:00.000000000,974,0.0,0.0011700897011905909
2020-05-31T22:45:00.000000000,975,0.0,0.0010538602946326137
2020-05-31T23:00:00.000000000,976,0.0,0.0009650021675042808
2020-05-31T23:15:00.000000000,977,0.0,0.0009047389612533152
2020-05-31T23:30:00.000000000,978,0.0,0.000853466393891722
2020-05-31T23:45:00.000000000,979,0.0,0.000800507958047092
2020-06-01T00:00:00.000000000,980,0.0,0.0007498865015804768
2020-06-01T00:15:00.000000000,981,0.0,0.0007063789526000619
2020-06-01T00:30:00.000000000,982,0.0,0.0006753770285286009
2020-06-01T00:45:00.000000000,983,0.0,0.0006590126431547105
2020-06-01T01:00:00.000000000,984,0.0,0.0006546476506628096
2020-06-01T01:15:00.000000000,985,0.0,0.0006596721359528601
2020-06-01T01:30:00.000000000,986,0.0,0.0006777220405638218
2020-06-01T01:45:00.000000000,987,0.0,0.0007069571292959154
2020-06-01T02:00:00.000000000,988,0.0,0.0007450481643900275
2020-06-01T02:15:00.000000000,989,0.0,0.0007941377116367221
2020-06-01T02:30:00.000000000,990,0.0,0.0008628909708932042
2020-06-01T02:45:00.000000000,991,0.0,0.0009534963173791766
2020-06-01T03:00:00.000000000,992,0.0,0.0010716537944972515
2020-06-01T03:15:00.000000000,993,0.0,0.00121364276856184
2020-06-01T03:30:00.000000000,994,0.0,0.0013921798672527075
2020-06-01T03:45:00.000000000,995,0.0,0.0016157043864950538
2020-06-01T04:00:00.000000000,996,0.0,0.0019016638398170471
2020-06-01T04:15:00.000000000,997,0.0,0.0022904572542756796
2020-06-01T04:30:00.000000000,998,0.0,0.002810773206874728
2020-06-01T04:45:00.000000000,999,0.0,0.00348943960852921
2020-06-01T05:00:00.000000000,1000,0.0,0.004328753333538771
2020-06-01T05:15:00.000000000,1001,0.0,0.005378490313887596
2020-06-01T05:30:00.000000000,1002,0.0,0.006758576724678278
2020-06-01T05:45:00.000000000,1003,0.0,0.008603870868682861
2020-06-01T06:00:00.000000000,1004,0.0060416587283194,0.010990606620907784
2020-06-01T06:15:00.000000000,1005,0.0349889182419888,0.014794545248150826
2020-06-01T06:30:00.000000000,1006,0.0746079369257592,0.02306155301630497
2020-06-01T06:45:00.000000000,1007,0.120402042083174,0.044855568557977676
2020-06-01T07:00:00.000000000,1008,0.164059978513276,0.10973856598138809
2020-06-01T07:15:00.000000000,1009,0.241584841500962,0.3036501407623291
2020-06-01T07:30:00.000000000,1010,0.325897107590834,0.6794636249542236
2020-06-01T07:45:00.000000000,1011,0.383513415569573,0.9289741516113281
2020-06-01T08:00:00.000000000,1012,0.477931429619672,0.9868068099021912
2020-06-01T08:15:00.000000000,1013,0.447000291967915,0.9968448877334595
2020-06-01T08:30:00.000000000,1014,0.448372925939338,0.9980617761611938
2020-06-01T08:45:00.000000000,1015,0.523201602191773,0.9976626634597778
2020-06-01T09:00:00.000000000,1016,0.544013933010314,0.9977092146873474
2020-06-01T09:15:00.000000000,1017,0.459231168514636,0.9982371926307678
2020-06-01T09:30:00.000000000,1018,0.481123664744214,0.9991608262062073
2020-06-01T09:45:00.000000000,1019,0.572104416076536,0.999358594417572
2020-06-01T10:00:00.000000000,1020,0.602675141106874,0.9993300437927246
2020-06-01T10:15:00.000000000,1021,0.681369689106669,0.9998255372047424
2020-06-01T10:30:00.000000000,1022,0.91561051609473,0.9999744296073914
2020-06-01T10:45:00.000000000,1023,0.90072748721554,0.9999805688858032
2020-06-01T11:00:00.000000000,1024,0.830108125094283,0.9998801946640015
2020-06-01T11:15:00.000000000,1025,0.787740053275206,0.9981220960617065
2020-06-01T11:30:00.000000000,1026,0.955895979555463,0.7021765112876892
2020-06-01T11:45:00.000000000,1027,0.438924349058587,0.16197994351387024
2020-06-01T12:00:00.000000000,1028,0.409066941992556,0.30810126662254333
2020-06-01T12:15:00.000000000,1029,0.536392401464715,0.8217734694480896
2020-06-01T12:30:00.000000000,1030,0.581825967826439,0.9997607469558716
2020-06-01T12:45:00.000000000,1031,0.311683740795631,0.9980116486549377
2020-06-01T13:00:00.000000000,1032,0.532472023076502,0.9999973773956299
2020-06-01T13:15:00.000000000,1033,0.729964767512723,0.9999908208847046
2020-06-01T13:30:00.000000000,1034,0.757946174147747,0.9999836087226868
2020-06-01T13:45:00.000000000,1035,0.503987809343298,0.9999966621398926
2020-06-01T14:00:00.000000000,1036,0.221427726081358,0.9999975562095642
2020-06-01T14:15:00.000000000,1037,0.258894804430886,0.9998059272766113
2020-06-01T14:30:00.000000000,1038,0.389312254731796,0.9953606724739075
2020-06-01T14:45:00.000000000,1039,0.232320350740218,0.9989195466041565
2020-06-01T15:00:00.000000000,1040,0.225142253530631,0.9993776082992554
2020-06-01T15:15:00.000000000,1041,0.154978122896857,0.998538613319397
2020-06-01T15:30:00.000000000,1042,0.136794539432661,0.9962800741195679
2020-06-01T15:45:00.000000000,1043,0.11258096824508,0.9903299808502197
2020-06-01T16:00:00.000000000,1044,0.130797798243119,0.9646062254905701
2020-06-01T16:15:00.000000000,1045,0.151609119669609,0.91767817735672
2020-06-01T16:30:00.000000000,1046,0.135086159631313,0.8560904264450073
2020-06-01T16:45:00.000000000,1047,0.125388076009023,0.8205647468566895
2020-06-01T17:00:00.000000000,1048,0.102360150693231,0.7872745990753174
2020-06-01T17:15:00.000000000,1049,0.0761071222266775,0.7365828156471252
2020-06-01T17:30:00.000000000,1050,0.0537093039067896,0.6146600246429443
2020-06-01T17:45:00.000000000,1051,0.054282380800082,0.41464412212371826
2020-06-01T18:00:00.000000000,1052,0.0426472291568704,0.25154754519462585
2020-06-01T18:15:00.000000000,1053,0.0208967404260957,0.14358952641487122
2020-06-01T18:30:00.000000000,1054,0.0017611200511555,0.08013281226158142
2020-06-01T18:45:00.000000000,1055,0.0,0.04407404735684395
2020-06-01T19:00:00.000000000,1056,0.0,0.0248179342597723
2020-06-01T19:15:00.000000000,1057,0.0,0.013502079993486404
2020-06-01T19:30:00.000000000,1058,0.0,0.00815808866173029
2020-06-01T19:45:00.000000000,1059,0.0,0.005795456003397703
2020-06-01T20:00:00.000000000,1060,0.0,0.004706317558884621
2020-06-01T20:15:00.000000000,1061,0.0,0.003930734936147928
2020-06-01T20:30:00.000000000,1062,0.0,0.003320126561447978
2020-06-01T20:45:00.000000000,1063,0.0,0.0028118586633354425
2020-06-01T21:00:00.000000000,1064,0.0,0.002383340150117874
2020-06-01T21:15:00.000000000,1065,0.0,0.002037476748228073
2020-06-01T21:30:00.000000000,1066,0.0,0.0017529890174046159
2020-06-01T21:45:00.000000000,1067,0.0,0.0015307450667023659
2020-06-01T22:00:00.000000000,1068,0.0,0.0013517031911760569
2020-06-01T22:15:00.000000000,1069,0.0,0.0011956539237871766
2020-06-01T22:30:00.000000000,1070,0.0,0.0010611391626298428
2020-06-01T22:45:00.000000000,1071,0.0,0.0009494423866271973
2020-06-01T23:00:00.000000000,1072,0.0,0.0008569182245992124
2020-06-01T23:15:00.000000000,1073,0.0,0.0007830801769159734
2020-06-01T23:30:00.000000000,1074,0.0,0.0007252469076775014
2020-06-01T23:45:00.000000000,1075,0.0,0.0006783973658457398
2020-06-02T00:00:00.000000000,1076,0.0,0.0006429161294363439
2020-06-02T00:15:00.000000000,1077,0.0,0.0006260730442591012
2020-06-02T00:30:00.000000000,1078,0.0,0.000621960440184921
2020-06-02T00:45:00.000000000,1079,0.0,0.0006218937924131751
2020-06-02T01:00:00.000000000,1080,0.0,0.0006256057531572878
2020-06-02T01:15:00.000000000,1081,0.0,0.0006366862216964364
2020-06-02T01:30:00.000000000,1082,0.0,0.0006527176010422409
2020-06-02T01:45:00.000000000,1083,0.0,0.0006766929873265326
2020-06-02T02:00:00.000000000,1084,0.0,0.0007121677044779062
2020-06-02T02:15:00.000000000,1085,0.0,0.0007592624751850963
2020-06-02T02:30:00.000000000,1086,0.0,0.0008208721992559731
2020-06-02T02:45:00.000000000,1087,0.0,0.0009003925952129066
2020-06-02T03:00:00.000000000,1088,0.0,0.0010087299160659313
2020-06-02T03:15:00.000000000,1089,0.0,0.001147583476267755
2020-06-02T03:30:00.000000000,1090,0.0,0.0013189901364967227
2020-06-02T03:45:00.000000000,1091,0.0,0.0015472819795832038
2020-06-02T04:00:00.000000000,1092,0.0,0.0018546927021816373
2020-06-02T04:15:00.000000000,1093,0.0,0.0022550015710294247
2020-06-02T04:30:00.000000000,1094,0.0,0.0027735282201319933
2020-06-02T04:45:00.000000000,1095,0.0,0.0034774390514940023
2020-06-02T05:00:00.000000000,1096,0.0,0.004422823432832956
2020-06-02T05:15:00.000000000,1097,0.0,0.005680321715772152
2020-06-02T05:30:00.000000000,1098,0.0,0.007303697057068348
2020-06-02T05:45:00.000000000,1099,0.0,0.009382280521094799
2020-06-02T06:00:00.000000000,1100,0.0060045639227933,0.011988900601863861
2020-06-02T06:15:00.000000000,1101,0.031201525984558,0.015802720561623573
2020-06-02T06:30:00.000000000,1102,0.0376352667130646,0.023913860321044922
2020-06-02T06:45:00.000000000,1103,0.0628203685305334,0.04010361060500145
2020-06-02T07:00:00.000000000,1104,0.130882649445256,0.0751972422003746
2020-06-02T07:15:00.000000000,1105,0.135374779927118,0.17578068375587463
2020-06-02T07:30:00.000000000,1106,0.162889410287979,0.3736851215362549
2020-06-02T07:45:00.000000000,1107,0.183223293820889,0.6206337213516235
2020-06-02T08:00:00.000000000,1108,0.326248057260248,0.8171017169952393
2020-06-02T08:15:00.000000000,1109,0.641257776346586,0.9444507956504822
2020-06-02T08:30:00.000000000,1110,0.638893234840148,0.9965991377830505
2020-06-02T08:45:00.000000000,1111,0.573618679025714,0.9997910261154175
2020-06-02T09:00:00.000000000,1112,0.512413827124075,0.999885082244873
2020-06-02T09:15:00.000000000,1113,0.695216587002333,0.9980517029762268
2020-06-02T09:30:00.000000000,1114,0.740624477205242,0.9198750257492065
2020-06-02T09:45:00.000000000,1115,0.768908446222247,0.9896575212478638
2020-06-02T10:00:00.000000000,1116,0.734488378094987,0.9989470839500427
2020-06-02T10:15:00.000000000,1117,0.548040233481771,0.998291552066803
2020-06-02T10:30:00.000000000,1118,0.540859991333947,0.94840407371521
2020-06-02T10:45:00.000000000,1119,0.718844905607851,0.8878344893455505
2020-06-02T11:00:00.000000000,1120,0.720570381846862,0.9819704294204712
2020-06-02T11:15:00.000000000,1121,0.53906303820235,0.9993278384208679
2020-06-02T11:30:00.000000000,1122,0.495714982185661,0.9999242424964905
2020-06-02T11:45:00.000000000,1123,0.478844416062404,0.9997230768203735
2020-06-02T12:00:00.000000000,1124,0.640077745162219,0.9985724091529846
2020-06-02T12:15:00.000000000,1125,0.746231912180698,0.9997680187225342
2020-06-02T12:30:00.000000000,1126,0.698102348355552,0.9999877214431763
2020-06-02T12:45:00.000000000,1127,0.848355993584365,0.9999927282333374
2020-06-02T13:00:00.000000000,1128,0.964291644412728,0.9999855160713196
2020-06-02T13:15:00.000000000,1129,0.93451025646642,0.9997621178627014
2020-06-02T13:30:00.000000000,1130,0.787869128042436,0.9971592426300049
2020-06-02T13:45:00.000000000,1131,0.988796611619153,0.9798675179481506
2020-06-02T14:00:00.000000000,1132,0.522302810203545,0.7200385928153992
2020-06-02T14:15:00.000000000,1133,0.565866558637172,0.32967981696128845
2020-06-02T14:30:00.000000000,1134,0.693605486395922,0.5966421961784363
2020-06-02T14:45:00.000000000,1135,0.693887671877015,0.9575193524360657
2020-06-02T15:00:00.000000000,1136,0.516497346961847,0.9804442524909973
2020-06-02T15:15:00.000000000,1137,0.419189092413759,0.999830961227417
2020-06-02T15:30:00.000000000,1138,0.46390252747047,0.9985308051109314
2020-06-02T15:45:00.000000000,1139,0.50654937810382,0.9933075904846191
2020-06-02T16:00:00.000000000,1140,0.533640004758734,0.9979440569877625
2020-06-02T16:15:00.000000000,1141,0.386071695426917,0.9995114803314209
2020-06-02T16:30:00.000000000,1142,0.353815995629879,0.9993627667427063
2020-06-02T16:45:00.000000000,1143,0.241625279880307,0.9980220794677734
2020-06-02T17:00:00.000000000,1144,0.216658457018602,0.9939567446708679
2020-06-02T17:15:00.000000000,1145,0.119925487385116,0.9851701259613037
2020-06-02T17:30:00.000000000,1146,0.07240931266399,0.9664796590805054
2020-06-02T17:45:00.000000000,1147,0.0467506212115163,0.8719465732574463
2020-06-02T18:00:00.000000000,1148,0.026670555312771,0.6101815700531006
2020-06-02T18:15:00.000000000,1149,0.0147384980235534,0.2853812873363495
2020-06-02T18:30:00.000000000,1150,0.0031358989648429,0.10011576116085052
2020-06-02T18:45:00.000000000,1151,0.0,0.04264112561941147
2020-06-02T19:00:00.000000000,1152,0.0,0.02195759117603302
2020-06-02T19:15:00.000000000,1153,0.0,0.012883884832262993
2020-06-02T19:30:00.000000000,1154,0.0,0.008501827716827393
2020-06-02T19:45:00.000000000,1155,0.0,0.0059432098641991615
2020-06-02T20:00:00.000000000,1156,0.0,0.00465736398473382
2020-06-02T20:15:00.000000000,1157,0.0,0.003851731773465872
2020-06-02T20:30:00.000000000,1158,0.0,0.003208921058103442
2020-06-02T20:45:00.000000000,1159,0.0,0.0026865811087191105
2020-06-02T21:00:00.000000000,1160,0.0,0.002269783988595009
2020-06-02T21:15:00.000000000,1161,0.0,0.001931338687427342
2020-06-02T21:30:00.000000000,1162,0.0,0.0016626305878162384
2020-06-02T21:45:00.000000000,1163,0.0,0.0014507207088172436
2020-06-02T22:00:00.000000000,1164,0.0,0.0012805319856852293
2020-06-02T22:15:00.000000000,1165,0.0,0.001149690942838788
2020-06-02T22:30:00.000000000,1166,0.0,0.0010462406789883971
2020-06-02T22:45:00.000000000,1167,0.0,0.0009640165371820331
2020-06-02T23:00:00.000000000,1168,0.0,0.0009002108126878738
2020-06-02T23:15:00.000000000,1169,0.0,0.000842360605020076
2020-06-02T23:30:00.000000000,1170,0.0,0.0007972650928422809
2020-06-02T23:45:00.000000000,1171,0.0,0.0007608497398905456
2020-06-03T00:00:00.000000000,1172,0.0,0.0007321268785744905
2020-06-03T00:15:00.000000000,1173,0.0,0.0007078747730702162
2020-06-03T00:30:00.000000000,1174,0.0,0.0006869026110507548
2020-06-03T00:45:00.000000000,1175,0.0,0.0006691368180327117
2020-06-03T01:00:00.000000000,1176,0.0,0.0006634889869019389
2020-06-03T01:15:00.000000000,1177,0.0,0.0006806235178373754
2020-06-03T01:30:00.000000000,1178,0.0,0.0007210421026684344
2020-06-03T01:45:00.000000000,1179,0.0,0.0007765567861497402
2020-06-03T02:00:00.000000000,1180,0.0,0.0008433801122009754
2020-06-03T02:15:00.000000000,1181,0.0,0.0009178346372209489
2020-06-03T02:30:00.000000000,1182,0.0,0.0009975081775337458
2020-06-03T02:45:00.000000000,1183,0.0,0.0010961702791973948
2020-06-03T03:00:00.000000000,1184,0.0,0.001233214046806097
2020-06-03T03:15:00.000000000,1185,0.0,0.0014127478934824467
2020-06-03T03:30:00.000000000,1186,0.0,0.0016314059030264616
2020-06-03T03:45:00.000000000,1187,0.0,0.0018956358544528484
2020-06-03T04:00:00.000000000,1188,0.0,0.0022211591713130474
2020-06-03T04:15:00.000000000,1189,0.0,0.002643364481627941
2020-06-03T04:30:00.000000000,1190,0.0,0.0032108312007039785
2020-06-03T04:45:00.000000000,1191,0.0,0.0039815171621739864
2020-06-03T05:00:00.000000000,1192,0.0,0.005034143105149269
2020-06-03T05:15:00.000000000,1193,0.0,0.006406555417925119
2020-06-03T05:30:00.000000000,1194,0.0,0.008186528459191322
2020-06-03T05:45:00.000000000,1195,0.0,0.010423678904771805
2020-06-03T06:00:00.000000000,1196,0.0044684730743644,0.013158097863197327
2020-06-03T06:15:00.000000000,1197,0.0260743046808345,0.016984745860099792
2020-06-03T06:30:00.000000000,1198,0.0470870610039974,0.02420792542397976
2020-06-03T06:45:00.000000000,1199,0.0706179111378037,0.03972971439361572
2020-06-03T07:00:00.000000000,1200,0.111537582210038,0.07574822753667831
2020-06-03T07:15:00.000000000,1201,0.172122357844756,0.16941335797309875
2020-06-03T07:30:00.000000000,1202,0.216796553154207,0.4050518274307251
2020-06-03T07:45:00.000000000,1203,0.257012495395828,0.7327272295951843
2020-06-03T08:00:00.000000000,1204,0.334306903746045,0.9209650158882141
2020-06-03T08:15:00.000000000,1205,0.348892606496537,0.980501651763916
2020-06-03T08:30:00.000000000,1206,0.351251596404983,0.993829607963562
2020-06-03T08:45:00.000000000,1207,0.397452293434043,0.9972342252731323
2020-06-03T09:00:00.000000000,1208,0.489853182790837,0.9984543323516846
2020-06-03T09:15:00.000000000,1209,0.487108861140012,0.9992059469223022
2020-06-03T09:30:00.000000000,1210,0.44865631007018,0.9996515512466431
2020-06-03T09:45:00.000000000,1211,0.460298842815178,0.9997518658638
2020-06-03T10:00:00.000000000,1212,0.456861580104466,0.9996886253356934
2020-06-03T10:15:00.000000000,1213,0.471408737066719,0.9995792508125305
2020-06-03T10:30:00.000000000,1214,0.685359147112699,0.999760627746582
2020-06-03T10:45:00.000000000,1215,0.838754936827546,0.999923825263977
2020-06-03T11:00:00.000000000,1216,0.756971867783515,0.9999750852584839
2020-06-03T11:15:00.000000000,1217,0.726246454856505,0.9999799728393555
2020-06-03T11:30:00.000000000,1218,0.836249334112913,0.999864935874939
2020-06-03T11:45:00.000000000,1219,1.01218084904711,0.9945935010910034
2020-06-03T12:00:00.000000000,1220,0.725633065751426,0.9866446852684021
2020-06-03T12:15:00.000000000,1221,0.785078690210681,0.9927290081977844
2020-06-03T12:30:00.000000000,1222,0.875591277350795,0.9686210751533508
2020-06-03T12:45:00.000000000,1223,0.973715743742018,0.6095670461654663
2020-06-03T13:00:00.000000000,1224,0.852773745073898,0.7072107195854187
2020-06-03T13:15:00.000000000,1225,0.769792476035872,0.9980063438415527
2020-06-03T13:30:00.000000000,1226,0.798967414368408,0.9731939435005188
2020-06-03T13:45:00.000000000,1227,0.64862210461795,0.8503879904747009
2020-06-03T14:00:00.000000000,1228,0.703630452217475,0.8381461501121521
2020-06-03T14:15:00.000000000,1229,0.758638799816999,0.9867432117462158
2020-06-03T14:30:00.000000000,1230,0.726856941964294,0.9970288872718811
2020-06-03T14:45:00.000000000,1231,0.777089743473522,0.997105598449707
2020-06-03T15:00:00.000000000,1232,0.925633116263953,0.9990472793579102
2020-06-03T15:15:00.000000000,1233,0.853509900391615,0.9976665377616882
2020-06-03T15:30:00.000000000,1234,0.538914091207295,0.9941555261611938
2020-06-03T15:45:00.000000000,1235,0.438011173358157,0.9812686443328857
2020-06-03T16:00:00.000000000,1236,0.399633947449026,0.8368619680404663
2020-06-03T16:15:00.000000000,1237,0.299176482698806,0.7540939450263977
2020-06-03T16:30:00.000000000,1238,0.200121302536401,0.9842446446418762
2020-06-03T16:45:00.000000000,1239,0.339451158382455,0.9965903759002686
2020-06-03T17:00:00.000000000,1240,0.424188816096319,0.9954921007156372
2020-06-03T17:15:00.000000000,1241,0.217863722771088,0.9958277344703674
2020-06-03T17:30:00.000000000,1242,0.163328050060323,0.9942639470100403
2020-06-03T17:45:00.000000000,1243,0.0923076476558733,0.9878259301185608
2020-06-03T18:00:00.000000000,1244,0.0521491140527488,0.952547013759613
2020-06-03T18:15:00.000000000,1245,0.0282611317847724,0.8146286606788635
2020-06-03T18:30:00.000000000,1246,0.0073602907426556,0.4420344829559326
2020-06-03T18:45:00.000000000,1247,0.0,0.14825674891471863
2020-06-03T19:00:00.000000000,1248,0.0,0.04169945418834686
2020-06-03T19:15:00.000000000,1249,0.0,0.015589455142617226
2020-06-03T19:30:00.000000000,1250,0.0,0.008365376852452755
2020-06-03T19:45:00.000000000,1251,0.0,0.0056088450364768505
2020-06-03T20:00:00.000000000,1252,0.0,0.004415363073348999
2020-06-03T20:15:00.000000000,1253,0.0,0.0037286761216819286
2020-06-03T20:30:00.000000000,1254,0.0,0.0031944410875439644
2020-06-03T20:45:00.000000000,1255,0.0,0.0027366909198462963
2020-06-03T21:00:00.000000000,1256,0.0,0.0023446388076990843
2020-06-03T21:15:00.000000000,1257,0.0,0.0020187008194625378
2020-06-03T21:30:00.000000000,1258,0.0,0.0017489175079390407
2020-06-03T21:45:00.000000000,1259,0.0,0.00152295152656734
2020-06-03T22:00:00.000000000,1260,0.0,0.0013351273955777287
2020-06-03T22:15:00.000000000,1261,0.0,0.0011864405823871493
2020-06-03T22:30:00.000000000,1262,0.0,0.0010786168277263641
2020-06-03T22:45:00.000000000,1263,0.0,0.0009991623228415847
2020-06-03T23:00:00.000000000,1264,0.0,0.0009315010975115001
2020-06-03T23:15:00.000000000,1265,0.0,0.0008738671313039958
2020-06-03T23:30:00.000000000,1266,0.0,0.0008279659086838365
2020-06-03T23:45:00.000000000,1267,0.0,0.00079363799886778
2020-06-04T00:00:00.000000000,1268,0.0,0.0007717377156950533
2020-06-04T00:15:00.000000000,1269,0.0,0.000752968539018184
2020-06-04T00:30:00.000000000,1270,0.0,0.0007444917573593557
2020-06-04T00:45:00.000000000,1271,0.0,0.0007454836159013212
2020-06-04T01:00:00.000000000,1272,0.0,0.0007481477223336697
2020-06-04T01:15:00.000000000,1273,0.0,0.0007483038934879005
2020-06-04T01:30:00.000000000,1274,0.0,0.0007559490040875971
2020-06-04T01:45:00.000000000,1275,0.0,0.0007739990833215415
2020-06-04T02:00:00.000000000,1276,0.0,0.0008152246009558439
2020-06-04T02:15:00.000000000,1277,0.0,0.0008969303453341126
2020-06-04T02:30:00.000000000,1278,0.0,0.0010056946193799376
2020-06-04T02:45:00.000000000,1279,0.0,0.0011299208272248507
2020-06-04T03:00:00.000000000,1280,0.0,0.0012548525119200349
2020-06-04T03:15:00.000000000,1281,0.0,0.0013839066959917545
2020-06-04T03:30:00.000000000,1282,0.0,0.0015393346548080444
2020-06-04T03:45:00.000000000,1283,0.0,0.0017367334803566337
2020-06-04T04:00:00.000000000,1284,0.0,0.0019867660012096167
2020-06-04T04:15:00.000000000,1285,0.0,0.002328885719180107
2020-06-04T04:30:00.000000000,1286,0.0,0.0027921292930841446
2020-06-04T04:45:00.000000000,1287,0.0,0.003406783565878868
2020-06-04T05:00:00.000000000,1288,0.0,0.004269081633538008
2020-06-04T05:15:00.000000000,1289,0.0,0.005469655618071556
2020-06-04T05:30:00.000000000,1290,0.0,0.007113341242074966
2020-06-04T05:45:00.000000000,1291,0.0,0.009298225864768028
2020-06-04T06:00:00.000000000,1292,0.0053286561914233,0.01220474112778902
2020-06-04T06:15:00.000000000,1293,0.0297683290602473,0.016517329961061478
2020-06-04T06:30:00.000000000,1294,0.0573886922413565,0.024587510153651237
2020-06-04T06:45:00.000000000,1295,0.09370368669374,0.04272391274571419
2020-06-04T07:00:00.000000000,1296,0.144367683712024,0.09110889583826065
2020-06-04T07:15:00.000000000,1297,0.194701044890014,0.24648429453372955
2020-06-04T07:30:00.000000000,1298,0.199926491725209,0.5839566588401794
2020-06-04T07:45:00.000000000,1299,0.263580799424854,0.850201427936554
2020-06-04T08:00:00.000000000,1300,0.382975919415951,0.9539942145347595
2020-06-04T08:15:00.000000000,1301,0.410781756622748,0.9882113933563232
2020-06-04T08:30:00.000000000,1302,0.497115437268268,0.996654212474823
2020-06-04T08:45:00.000000000,1303,0.375840090097983,0.9992328882217407
2020-06-04T09:00:00.000000000,1304,0.59678268172127,0.9993333220481873
2020-06-04T09:15:00.000000000,1305,0.510436131449859,0.9993705153465271
2020-06-04T09:30:00.000000000,1306,0.518399086609305,0.9994159936904907
2020-06-04T09:45:00.000000000,1307,0.522262308724168,0.9991982579231262
2020-06-04T10:00:00.000000000,1308,0.752909734266945,0.99985271692276
2020-06-04T10:15:00.000000000,1309,0.632219513432736,0.9998474717140198
2020-06-04T10:30:00.000000000,1310,0.757484760206812,0.9999622106552124
2020-06-04T10:45:00.000000000,1311,0.949165795869052,0.9999546408653259
2020-06-04T11:00:00.000000000,1312,0.769207097236084,0.9997478723526001
2020-06-04T11:15:00.000000000,1313,0.764455240093479,0.9972227215766907
2020-06-04T11:30:00.000000000,1314,0.729952276402228,0.9951584935188293
2020-06-04T11:45:00.000000000,1315,0.826905985335187,0.7279376983642578
2020-06-04T12:00:00.000000000,1316,0.900780669013649,0.5630319118499756
2020-06-04T12:15:00.000000000,1317,0.854564705105128,0.9968937039375305
2020-06-04T12:30:00.000000000,1318,0.726447448156477,0.9977799654006958
2020-06-04T12:45:00.000000000,1319,0.632635631355356,0.9936610460281372
2020-06-04T13:00:00.000000000,1320,0.96007274111182,0.8680610656738281
2020-06-04T13:15:00.000000000,1321,0.967382184212804,0.946375846862793
2020-06-04T13:30:00.000000000,1322,0.613843327185017,0.9919968843460083
2020-06-04T13:45:00.000000000,1323,0.877671929936745,0.997539758682251
2020-06-04T14:00:00.000000000,1324,0.627605058417253,0.9958739876747131
2020-06-04T14:15:00.000000000,1325,0.569093995961965,0.23557224869728088
2020-06-04T14:30:00.000000000,1326,0.546650124571423,0.8937559723854065
2020-06-04T14:45:00.000000000,1327,0.788311994517034,0.9994807243347168
2020-06-04T15:00:00.000000000,1328,0.879141653969056,0.9983522295951843
2020-06-04T15:15:00.000000000,1329,0.648376446162189,0.9999576210975647
2020-06-04T15:30:00.000000000,1330,0.670507598249125,0.9999668598175049
2020-06-04T15:45:00.000000000,1331,0.639153024653914,0.9997522234916687
2020-06-04T16:00:00.000000000,1332,0.60518673701726,0.9912382364273071
2020-06-04T16:15:00.000000000,1333,0.524084874935747,0.9863177537918091
2020-06-04T16:30:00.000000000,1334,0.459749297152355,0.9986851215362549
2020-06-04T16:45:00.000000000,1335,0.298087926799584,0.9964147806167603
2020-06-04T17:00:00.000000000,1336,0.314349582962533,0.9946558475494385
2020-06-04T17:15:00.000000000,1337,0.296940322025306,0.9954668283462524
2020-06-04T17:30:00.000000000,1338,0.236450554521415,0.994873046875
2020-06-04T17:45:00.000000000,1339,0.147114213386985,0.9920876622200012
2020-06-04T18:00:00.000000000,1340,0.0677028145874439,0.9810822606086731
2020-06-04T18:15:00.000000000,1341,0.0228031484657765,0.9247843623161316
2020-06-04T18:30:00.000000000,1342,0.0036554575585965,0.6982548236846924
2020-06-04T18:45:00.000000000,1343,0.0,0.2666778564453125
2020-06-04T19:00:00.000000000,1344,0.0,0.05817027390003204
2020-06-04T19:15:00.000000000,1345,0.0,0.016396256163716316
2020-06-04T19:30:00.000000000,1346,0.0,0.007820113562047482
2020-06-04T19:45:00.000000000,1347,0.0,0.00542173907160759
2020-06-04T20:00:00.000000000,1348,0.0,0.0043955217115581036
2020-06-04T20:15:00.000000000,1349,0.0,0.0037286845035851
2020-06-04T20:30:00.000000000,1350,0.0,0.003168791765347123
2020-06-04T20:45:00.000000000,1351,0.0,0.002706374740228057
2020-06-04T21:00:00.000000000,1352,0.0,0.002323434455320239
2020-06-04T21:15:00.000000000,1353,0.0,0.001998055027797818
2020-06-04T21:30:00.000000000,1354,0.0,0.0017298186430707574
2020-06-04T21:45:00.000000000,1355,0.0,0.0015112373512238264
2020-06-04T22:00:00.000000000,1356,0.0,0.0013290535425767303
2020-06-04T22:15:00.000000000,1357,0.0,0.0011777012841776013
2020-06-04T22:30:00.000000000,1358,0.0,0.0010515372268855572
2020-06-04T22:45:00.000000000,1359,0.0,0.0009451894438825548
2020-06-04T23:00:00.000000000,1360,0.0,0.0008540904382243752
2020-06-04T23:15:00.000000000,1361,0.0,0.0007747432682663202
2020-06-04T23:30:00.000000000,1362,0.0,0.0007085050456225872
2020-06-04T23:45:00.000000000,1363,0.0,0.0006567300879396498
2020-06-05T00:00:00.000000000,1364,0.0,0.0006224954267963767
2020-06-05T00:15:00.000000000,1365,0.0,0.000604783184826374
2020-06-05T00:30:00.000000000,1366,0.0,0.0005989593337289989
2020-06-05T00:45:00.000000000,1367,0.0,0.0006019173888489604
2020-06-05T01:00:00.000000000,1368,0.0,0.0006101583712734282
2020-06-05T01:15:00.000000000,1369,0.0,0.000625096436124295
2020-06-05T01:30:00.000000000,1370,0.0,0.00064355309586972
2020-06-05T01:45:00.000000000,1371,0.0,0.0006647995323874056
2020-06-05T02:00:00.000000000,1372,0.0,0.0006931392708793283
2020-06-05T02:15:00.000000000,1373,0.0,0.000742026197258383
2020-06-05T02:30:00.000000000,1374,0.0,0.0008101931889541447
2020-06-05T02:45:00.000000000,1375,0.0,0.0009009101195260882
2020-06-05T03:00:00.000000000,1376,0.0,0.0010238686809316278
2020-06-05T03:15:00.000000000,1377,0.0,0.0011836985358968377
2020-06-05T03:30:00.000000000,1378,0.0,0.0013804467162117362
2020-06-05T03:45:00.000000000,1379,0.0,0.0016227886080741882
2020-06-05T04:00:00.000000000,1380,0.0,0.0019355788826942444
2020-06-05T04:15:00.000000000,1381,0.0,0.0023371397983282804
2020-06-05T04:30:00.000000000,1382,0.0,0.0028389489743858576
2020-06-05T04:45:00.000000000,1383,0.0,0.003473434131592512
2020-06-05T05:00:00.000000000,1384,0.0,0.0042898328974843025
2020-06-05T05:15:00.000000000,1385,0.0,0.005336344242095947
2020-06-05T05:30:00.000000000,1386,0.0,0.0067213657312095165
2020-06-05T05:45:00.000000000,1387,0.0,0.0086637819185853
2020-06-05T06:00:00.000000000,1388,0.0071073773491698,0.011288325302302837
2020-06-05T06:15:00.000000000,1389,0.0233997565874192,0.015227727591991425
2020-06-05T06:30:00.000000000,1390,0.0447770892387969,0.022279754281044006
2020-06-05T06:45:00.000000000,1391,0.106672421827997,0.03617425262928009
2020-06-05T07:00:00.000000000,1392,0.1129024565558,0.07783865928649902
2020-06-05T07:15:00.000000000,1393,0.148672132142296,0.18528956174850464
2020-06-05T07:30:00.000000000,1394,0.166411839651521,0.4076807498931885
2020-06-05T07:45:00.000000000,1395,0.182412065753192,0.6752426028251648
2020-06-05T08:00:00.000000000,1396,0.220408060524591,0.8459784984588623
2020-06-05T08:15:00.000000000,1397,0.409497065097851,0.931482195854187
2020-06-05T08:30:00.000000000,1398,0.540228244087353,0.9834681153297424
2020-06-05T08:45:00.000000000,1399,0.575805632305689,0.9981931447982788
2020-06-05T09:00:00.000000000,1400,0.566066290183831,0.9997496008872986
2020-06-05T09:15:00.000000000,1401,0.68579734527315,0.9997551441192627
2020-06-05T09:30:00.000000000,1402,0.759259380820572,0.9984520077705383
2020-06-05T09:45:00.000000000,1403,0.448396267905751,0.9929786324501038
2020-06-05T10:00:00.000000000,1404,0.825461432884015,0.9928374886512756
2020-06-05T10:15:00.000000000,1405,0.5036323258761,0.9982045888900757
2020-06-05T10:30:00.000000000,1406,0.790197079469438,0.9907872080802917
2020-06-05T10:45:00.000000000,1407,0.784102112637494,0.9988231062889099
2020-06-05T11:00:00.000000000,1408,0.737196677407674,0.9999053478240967
2020-06-05T11:15:00.000000000,1409,0.830464247779169,0.9955390691757202
2020-06-05T11:30:00.000000000,1410,0.961946912069413,0.9998405575752258
2020-06-05T11:45:00.000000000,1411,0.895387096942858,0.9885675311088562
2020-06-05T12:00:00.000000000,1412,0.366574274536889,0.9850912690162659
2020-06-05T12:15:00.000000000,1413,0.362698308960869,0.5861301422119141
2020-06-05T12:30:00.000000000,1414,0.280917195562048,0.01283973827958107
2020-06-05T12:45:00.000000000,1415,0.416798874737908,0.08595794439315796
2020-06-05T13:00:00.000000000,1416,0.654169859891153,0.9942428469657898
2020-06-05T13:15:00.000000000,1417,0.628335472794493,0.9999391436576843
2020-06-05T13:30:00.000000000,1418,0.798830075316587,0.9999727606773376
2020-06-05T13:45:00.000000000,1419,1.01765984017438,0.9999896883964539
2020-06-05T14:00:00.000000000,1420,0.924294296585335,0.9999791979789734
2020-06-05T14:15:00.000000000,1421,0.483357869737174,0.999428391456604
2020-06-05T14:30:00.000000000,1422,0.895270197821298,0.9788867831230164
2020-06-05T14:45:00.000000000,1423,0.839446553065886,0.41744664311408997
2020-06-05T15:00:00.000000000,1424,0.68557717372204,0.4154484272003174
2020-06-05T15:15:00.000000000,1425,0.531871819019743,0.9912638068199158
2020-06-05T15:30:00.000000000,1426,0.335503968260978,0.9994088411331177
2020-06-05T15:45:00.000000000,1427,0.685369934889784,0.9046198129653931
2020-06-05T16:00:00.000000000,1428,0.5764628033781,0.9965422749519348
2020-06-05T16:15:00.000000000,1429,0.50643077567358,0.999805212020874
2020-06-05T16:30:00.000000000,1430,0.471881380400165,0.9998998641967773
2020-06-05T16:45:00.000000000,1431,0.359854373869712,0.9998297691345215
2020-06-05T17:00:00.000000000,1432,0.31890675551167,0.9975504875183105
2020-06-05T17:15:00.000000000,1433,0.301192724168326,0.9982321262359619
2020-06-05T17:30:00.000000000,1434,0.286074382913779,0.9973507523536682
2020-06-05T17:45:00.000000000,1435,0.175749321384096,0.9954394698143005
2020-06-05T18:00:00.000000000,1436,0.0902710923678321,0.9900168180465698
2020-06-05T18:15:00.000000000,1437,0.0422326883969215,0.9645883440971375
2020-06-05T18:30:00.000000000,1438,0.0092614415817578,0.8462463021278381
2020-06-05T18:45:00.000000000,1439,0.0,0.46515601873397827
2020-06-05T19:00:00.000000000,1440,0.0,0.10698103159666061
2020-06-05T19:15:00.000000000,1441,0.0,0.02518012560904026
2020-06-05T19:30:00.000000000,1442,0.0,0.009676286950707436
2020-06-05T19:45:00.000000000,1443,0.0,0.005765716079622507
2020-06-05T20:00:00.000000000,1444,0.0,0.0045059132389724255
2020-06-05T20:15:00.000000000,1445,0.0,0.0037769151385873556
2020-06-05T20:30:00.000000000,1446,0.0,0.0031944019719958305
2020-06-05T20:45:00.000000000,1447,0.0,0.0027151573449373245
2020-06-05T21:00:00.000000000,1448,0.0,0.002317828359082341
2020-06-05T21:15:00.000000000,1449,0.0,0.001981558511033654
2020-06-05T21:30:00.000000000,1450,0.0,0.0017082730773836374
2020-06-05T21:45:00.000000000,1451,0.0,0.0014872531173750758
2020-06-05T22:00:00.000000000,1452,0.0,0.0013070610584691167
2020-06-05T22:15:00.000000000,1453,0.0,0.0011574702803045511
2020-06-05T22:30:00.000000000,1454,0.0,0.0010324041359126568
2020-06-05T22:45:00.000000000,1455,0.0,0.000926708395127207
2020-06-05T23:00:00.000000000,1456,0.0,0.0008372096344828606
2020-06-05T23:15:00.000000000,1457,0.0,0.0007620426476933062
2020-06-05T23:30:00.000000000,1458,0.0,0.0007049636915326118
2020-06-05T23:45:00.000000000,1459,0.0,0.0006637106416746974
2020-06-06T00:00:00.000000000,1460,0.0,0.0006351873162202537
2020-06-06T00:15:00.000000000,1461,0.0,0.0006147932726889849
2020-06-06T00:30:00.000000000,1462,0.0,0.0006036878330633044
2020-06-06T00:45:00.000000000,1463,0.0,0.0005979930283501744
2020-06-06T01:00:00.000000000,1464,0.0,0.0005982173606753349
2020-06-06T01:15:00.000000000,1465,0.0,0.0006066389032639563
2020-06-06T01:30:00.000000000,1466,0.0,0.0006270747981034219
2020-06-06T01:45:00.000000000,1467,0.0,0.0006568953976966441
2020-06-06T02:00:00.000000000,1468,0.0,0.0006947682122699916
2020-06-06T02:15:00.000000000,1469,0.0,0.0007465364178642631
2020-06-06T02:30:00.000000000,1470,0.0,0.0008169388747774065
2020-06-06T02:45:00.000000000,1471,0.0,0.0009051947272382677
2020-06-06T03:00:00.000000000,1472,0.0,0.0010115327313542366
2020-06-06T03:15:00.000000000,1473,0.0,0.0011419267393648624
2020-06-06T03:30:00.000000000,1474,0.0,0.001305846031755209
2020-06-06T03:45:00.000000000,1475,0.0,0.0015261591179296374
2020-06-06T04:00:00.000000000,1476,0.0,0.0018156422302126884
2020-06-06T04:15:00.000000000,1477,0.0,0.002185666700825095
2020-06-06T04:30:00.000000000,1478,0.0,0.0026535934302955866
2020-06-06T04:45:00.000000000,1479,0.0,0.0032598706893622875
2020-06-06T05:00:00.000000000,1480,0.0,0.004014165140688419
2020-06-06T05:15:00.000000000,1481,0.0,0.0049520512111485004
2020-06-06T05:30:00.000000000,1482,0.0,0.006135288625955582
2020-06-06T05:45:00.000000000,1483,0.0,0.007603170350193977
2020-06-06T06:00:00.000000000,1484,0.0104674223070496,0.009546649642288685
2020-06-06T06:15:00.000000000,1485,0.0328733787736457,0.01272482331842184
2020-06-06T06:30:00.000000000,1486,0.0580468726931005,0.019628487527370453
2020-06-06T06:45:00.000000000,1487,0.112926113965841,0.03511010482907295
2020-06-06T07:00:00.000000000,1488,0.205457655272673,0.08342620730400085
2020-06-06T07:15:00.000000000,1489,0.25997307724375,0.3148132562637329
2020-06-06T07:30:00.000000000,1490,0.297710417761699,0.7721977829933167
2020-06-06T07:45:00.000000000,1491,0.354234889353261,0.9554094672203064
2020-06-06T08:00:00.000000000,1492,0.404149861498595,0.9876024127006531
2020-06-06T08:15:00.000000000,1493,0.418814926949729,0.993255078792572
2020-06-06T08:30:00.000000000,1494,0.544361539095275,0.9965047240257263
2020-06-06T08:45:00.000000000,1495,0.47279947683606,0.9984623193740845
2020-06-06T09:00:00.000000000,1496,0.297310765393019,0.9987921714782715
2020-06-06T09:15:00.000000000,1497,0.409364772907367,0.9979537725448608
2020-06-06T09:30:00.000000000,1498,0.711871523787486,0.9978008270263672
2020-06-06T09:45:00.000000000,1499,0.537672424604808,0.9993364214897156
2020-06-06T10:00:00.000000000,1500,0.816004528608044,0.9999472498893738
2020-06-06T10:15:00.000000000,1501,0.670520530978579,0.9999907612800598
2020-06-06T10:30:00.000000000,1502,0.715318249439603,0.9998644590377808
2020-06-06T10:45:00.000000000,1503,0.659276010337086,0.991035521030426
2020-06-06T11:00:00.000000000,1504,0.785393869899685,0.9946154952049255
2020-06-06T11:15:00.000000000,1505,0.876338914344561,0.9779704213142395
2020-06-06T11:30:00.000000000,1506,0.586779512263366,0.9988632798194885
2020-06-06T11:45:00.000000000,1507,0.406429741046462,0.9970381259918213
2020-06-06T12:00:00.000000000,1508,0.634431953617362,0.9973278641700745
2020-06-06T12:15:00.000000000,1509,0.680023551410751,0.9881114959716797
2020-06-06T12:30:00.000000000,1510,0.786145418159144,0.9998775124549866
2020-06-06T12:45:00.000000000,1511,0.676943736266531,0.9999988675117493
2020-06-06T13:00:00.000000000,1512,0.973361892117707,0.999996542930603
2020-06-06T13:15:00.000000000,1513,0.317316915054662,0.999875545501709
2020-06-06T13:30:00.000000000,1514,0.65194360378155,0.9978727698326111
2020-06-06T13:45:00.000000000,1515,0.792197486222813,0.9799701571464539
2020-06-06T14:00:00.000000000,1516,0.587989698744253,0.9932872653007507
2020-06-06T14:15:00.000000000,1517,0.929732407661314,0.9985907077789307
2020-06-06T14:30:00.000000000,1518,0.35266429024389,0.9999949932098389
2020-06-06T14:45:00.000000000,1519,0.187747409108011,0.9993384480476379
2020-06-06T15:00:00.000000000,1520,0.316477676628683,0.9874106049537659
2020-06-06T15:15:00.000000000,1521,0.385768817597776,0.9956204891204834
2020-06-06T15:30:00.000000000,1522,0.334751599807107,0.9732627272605896
2020-06-06T15:45:00.000000000,1523,0.257157278696806,0.9986099004745483
2020-06-06T16:00:00.000000000,1524,0.208061231155397,0.9977763295173645
2020-06-06T16:15:00.000000000,1525,0.119891105298021,0.9960506558418274
2020-06-06T16:30:00.000000000,1526,0.106118523206334,0.9889793992042542
2020-06-06T16:45:00.000000000,1527,0.0999109472282231,0.961693286895752
2020-06-06T17:00:00.000000000,1528,0.0720957101489621,0.8639420866966248
2020-06-06T17:15:00.000000000,1529,0.0500110527378616,0.6469292044639587
2020-06-06T17:30:00.000000000,1530,0.0351518073373525,0.37912288308143616
2020-06-06T17:45:00.000000000,1531,0.0256366742970093,0.2209702730178833
2020-06-06T18:00:00.000000000,1532,0.0170573649715518,0.12120947986841202
2020-06-06T18:15:00.000000000,1533,0.0037962243544002,0.06422494351863861
2020-06-06T18:30:00.000000000,1534,0.0,0.03689749911427498
2020-06-06T18:45:00.000000000,1535,0.0,0.02275477722287178
2020-06-06T19:00:00.000000000,1536,0.0,0.014844327233731747
2020-06-06T19:15:00.000000000,1537,0.0,0.01022210530936718
2020-06-06T19:30:00.000000000,1538,0.0,0.007411112543195486
2020-06-06T19:45:00.000000000,1539,0.0,0.0057300073094666
2020-06-06T20:00:00.000000000,1540,0.0,0.004619827028363943
2020-06-06T20:15:00.000000000,1541,0.0,0.003781907958909869
2020-06-06T20:30:00.000000000,1542,0.0,0.003111696569249034
2020-06-06T20:45:00.000000000,1543,0.0,0.0025819058064371347
2020-06-06T21:00:00.000000000,1544,0.0,0.002168745268136263
2020-06-06T21:15:00.000000000,1545,0.0,0.0018513606628403068
2020-06-06T21:30:00.000000000,1546,0.0,0.001607790356501937
2020-06-06T21:45:00.000000000,1547,0.0,0.0014158949488773942
2020-06-06T22:00:00.000000000,1548,0.0,0.0012560843024402857
2020-06-06T22:15:00.000000000,1549,0.0,0.001117207808420062
2020-06-06T22:30:00.000000000,1550,0.0,0.0009977164445444942
2020-06-06T22:45:00.000000000,1551,0.0,0.00089902279432863
2020-06-06T23:00:00.000000000,1552,0.0,0.0008199543808586895
2020-06-06T23:15:00.000000000,1553,0.0,0.0007579123484902084
2020-06-06T23:30:00.000000000,1554,0.0,0.0007097275811247528
2020-06-06T23:45:00.000000000,1555,0.0,0.0006704182596877217
2020-06-07T00:00:00.000000000,1556,0.0,0.0006411004578694701
2020-06-07T00:15:00.000000000,1557,0.0,0.0006215518806129694
2020-06-07T00:30:00.000000000,1558,0.0,0.0006125047220848501
2020-06-07T00:45:00.000000000,1559,0.0,0.0006138962344266474
2020-06-07T01:00:00.000000000,1560,0.0,0.0006276467465795577
2020-06-07T01:15:00.000000000,1561,0.0,0.0006492404500022531
2020-06-07T01:30:00.000000000,1562,0.0,0.0006797985406592488
2020-06-07T01:45:00.000000000,1563,0.0,0.000720498152077198
2020-06-07T02:00:00.000000000,1564,0.0,0.0007708846824243665
2020-06-07T02:15:00.000000000,1565,0.0,0.0008303409558720887
2020-06-07T02:30:00.000000000,1566,0.0,0.0009029042557813227
2020-06-07T02:45:00.000000000,1567,0.0,0.0009961628820747137
2020-06-07T03:00:00.000000000,1568,0.0,0.0011157458648085594
2020-06-07T03:15:00.000000000,1569,0.0,0.0012700918596237898
2020-06-07T03:30:00.000000000,1570,0.0,0.0014699663734063506
2020-06-07T03:45:00.000000000,1571,0.0,0.0017213196260854602
2020-06-07T04:00:00.000000000,1572,0.0,0.0020388267002999783
2020-06-07T04:15:00.000000000,1573,0.0,0.0024597442243248224
2020-06-07T04:30:00.000000000,1574,0.0,0.0030174118001013994
2020-06-07T04:45:00.000000000,1575,0.0,0.0037532898131757975
2020-06-07T05:00:00.000000000,1576,0.0,0.004717776086181402
2020-06-07T05:15:00.000000000,1577,0.0,0.00598401902243495
2020-06-07T05:30:00.000000000,1578,0.0,0.007658663671463728
2020-06-07T05:45:00.000000000,1579,0.0,0.009911498054862022
2020-06-07T06:00:00.000000000,1580,0.0046936915362372,0.012898799031972885
2020-06-07T06:15:00.000000000,1581,0.0310767410775511,0.01724737510085106
2020-06-07T06:30:00.000000000,1582,0.0615287374973725,0.025675661861896515
2020-06-07T06:45:00.000000000,1583,0.114769624854933,0.04533423110842705
2020-06-07T07:00:00.000000000,1584,0.13677838931175,0.10546407848596573
2020-06-07T07:15:00.000000000,1585,0.143651653025788,0.2685893476009369
2020-06-07T07:30:00.000000000,1586,0.160118339996856,0.5180457830429077
2020-06-07T07:45:00.000000000,1587,0.194333818927889,0.7232401967048645
2020-06-07T08:00:00.000000000,1588,0.262245954210879,0.849772572517395
2020-06-07T08:15:00.000000000,1589,0.275069716782926,0.9324824213981628
2020-06-07T08:30:00.000000000,1590,0.280872151873199,0.9724422693252563
2020-06-07T08:45:00.000000000,1591,0.389175798843702,0.9875531196594238
2020-06-07T09:00:00.000000000,1592,0.714416555492946,0.9948960542678833
2020-06-07T09:15:00.000000000,1593,0.651076985849215,0.999160647392273
2020-06-07T09:30:00.000000000,1594,0.53882558098061,0.999805748462677
2020-06-07T09:45:00.000000000,1595,0.481172115099882,0.999702513217926
2020-06-07T10:00:00.000000000,1596,0.519608074461639,0.995514988899231
2020-06-07T10:15:00.000000000,1597,0.605585253832688,0.9318109750747681
2020-06-07T10:30:00.000000000,1598,0.74659863344503,0.994878351688385
2020-06-07T10:45:00.000000000,1599,1.01619566778599,0.9996352195739746
2020-06-07T11:00:00.000000000,1600,0.889073031087213,0.9999287724494934
2020-06-07T11:15:00.000000000,1601,1.05064955021665,0.9997459053993225
2020-06-07T11:30:00.000000000,1602,0.903132719420191,0.9902329444885254
2020-06-07T11:45:00.000000000,1603,0.862921066987919,0.24366536736488342
2020-06-07T12:00:00.000000000,1604,1.02011787570414,0.0013443308416754007
2020-06-07T12:15:00.000000000,1605,0.898959679984879,0.020988941192626953
2020-06-07T12:30:00.000000000,1606,0.833939425454456,0.006345592439174652
2020-06-07T12:45:00.000000000,1607,0.764304021910665,0.3026828467845917
2020-06-07T13:00:00.000000000,1608,0.714533580761574,0.08168932050466537
2020-06-07T13:15:00.000000000,1609,0.718363367042502,0.0037124748341739178
2020-06-07T13:30:00.000000000,1610,0.63221604368355,0.008173868991434574
2020-06-07T13:45:00.000000000,1611,0.446175626490637,0.023158378899097443
2020-06-07T14:00:00.000000000,1612,0.740687626649615,0.06342850625514984
2020-06-07T14:15:00.000000000,1613,0.663211466389457,0.4311319887638092
2020-06-07T14:30:00.000000000,1614,0.546199182949814,0.8961093425750732
2020-06-07T14:45:00.000000000,1615,0.350808729843478,0.9973446130752563
2020-06-07T15:00:00.000000000,1616,0.711682769265011,0.9995931386947632
2020-06-07T15:15:00.000000000,1617,0.543441802411869,0.9992814660072327
2020-06-07T15:30:00.000000000,1618,0.610852337689912,0.9999366998672485
2020-06-07T15:45:00.000000000,1619,0.494155486282871,0.9999822378158569
2020-06-07T16:00:00.000000000,1620,0.568238922848104,0.9999785423278809
2020-06-07T16:15:00.000000000,1621,0.474474610121229,0.9998038411140442
2020-06-07T16:30:00.000000000,1622,0.26885930192522,0.9998946785926819
2020-06-07T16:45:00.000000000,1623,0.394292800149086,0.9996433258056641
2020-06-07T17:00:00.000000000,1624,0.259762053222214,0.999516487121582
2020-06-07T17:15:00.000000000,1625,0.264460413154878,0.9986003041267395
2020-06-07T17:30:00.000000000,1626,0.168791584979783,0.9974307417869568
2020-06-07T17:45:00.000000000,1627,0.0914692293607152,0.9924650192260742
2020-06-07T18:00:00.000000000,1628,0.0516522455354635,0.9655256867408752
2020-06-07T18:15:00.000000000,1629,0.0234445479344376,0.8267700672149658
2020-06-07T18:30:00.000000000,1630,0.0047029021511807,0.4552641808986664
2020-06-07T18:45:00.000000000,1631,0.0,0.11701975762844086
2020-06-07T19:00:00.000000000,1632,0.0,0.03242362290620804
2020-06-07T19:15:00.000000000,1633,0.0,0.014131858013570309
2020-06-07T19:30:00.000000000,1634,0.0,0.008106986992061138
2020-06-07T19:45:00.000000000,1635,0.0,0.005710955243557692
2020-06-07T20:00:00.000000000,1636,0.0,0.004568337928503752
2020-06-07T20:15:00.000000000,1637,0.0,0.003857224714010954
2020-06-07T20:30:00.000000000,1638,0.0,0.00329415500164032
2020-06-07T20:45:00.000000000,1639,0.0,0.002844697330147028
2020-06-07T21:00:00.000000000,1640,0.0,0.0024753203615546227
2020-06-07T21:15:00.000000000,1641,0.0,0.002170573454350233
2020-06-07T21:30:00.000000000,1642,0.0,0.0019040784100070596
2020-06-07T21:45:00.000000000,1643,0.0,0.0016709649935364723
2020-06-07T22:00:00.000000000,1644,0.0,0.0014693058328703046
2020-06-07T22:15:00.000000000,1645,0.0,0.0012970879906788468
2020-06-07T22:30:00.000000000,1646,0.0,0.0011509708128869534
2020-06-07T22:45:00.000000000,1647,0.0,0.0010279042180627584
2020-06-07T23:00:00.000000000,1648,0.0,0.0009324889397248626
2020-06-07T23:15:00.000000000,1649,0.0,0.0008642194443382323
2020-06-07T23:30:00.000000000,1650,0.0,0.0008198798168450594
2020-06-07T23:45:00.000000000,1651,0.0,0.0007939764764159918
2020-06-08T00:00:00.000000000,1652,0.0,0.0007783774053677917
2020-06-08T00:15:00.000000000,1653,0.0,0.000767248566262424
2020-06-08T00:30:00.000000000,1654,0.0,0.0007584983832202852
2020-06-08T00:45:00.000000000,1655,0.0,0.0007500684005208313
2020-06-08T01:00:00.000000000,1656,0.0,0.0007406764198094606
2020-06-08T01:15:00.000000000,1657,0.0,0.0007323832833208144
2020-06-08T01:30:00.000000000,1658,0.0,0.000734843488316983
2020-06-08T01:45:00.000000000,1659,0.0,0.0007588125299662352
2020-06-08T02:00:00.000000000,1660,0.0,0.0008063866989687085
2020-06-08T02:15:00.000000000,1661,0.0,0.0008771613938733935
2020-06-08T02:30:00.000000000,1662,0.0,0.0009694175678305328
2020-06-08T02:45:00.000000000,1663,0.0,0.001081148162484169
2020-06-08T03:00:00.000000000,1664,0.0,0.0012157706078141928
2020-06-08T03:15:00.000000000,1665,0.0,0.0013864402426406741
2020-06-08T03:30:00.000000000,1666,0.0,0.001601694617420435
2020-06-08T03:45:00.000000000,1667,0.0,0.0018730484880506992
2020-06-08T04:00:00.000000000,1668,0.0,0.002217672299593687
2020-06-08T04:15:00.000000000,1669,0.0,0.002663993276655674
2020-06-08T04:30:00.000000000,1670,0.0,0.0032376141753047705
2020-06-08T04:45:00.000000000,1671,0.0,0.003973671700805426
2020-06-08T05:00:00.000000000,1672,0.0,0.00490174163132906
2020-06-08T05:15:00.000000000,1673,0.0,0.006063339300453663
2020-06-08T05:30:00.000000000,1674,0.0,0.007539515383541584
2020-06-08T05:45:00.000000000,1675,0.0,0.009457471780478954
2020-06-08T06:00:00.000000000,1676,0.0079141262825882,0.01203947328031063
2020-06-08T06:15:00.000000000,1677,0.035007844163309,0.016086097806692123
2020-06-08T06:30:00.000000000,1678,0.0655595171015885,0.024299563840031624
2020-06-08T06:45:00.000000000,1679,0.0859684734533674,0.044108521193265915
2020-06-08T07:00:00.000000000,1680,0.120313090255195,0.09217758476734161
2020-06-08T07:15:00.000000000,1681,0.150005147851063,0.21538928151130676
2020-06-08T07:30:00.000000000,1682,0.190856054744867,0.45603328943252563
2020-06-08T07:45:00.000000000,1683,0.303306497218773,0.7296513319015503
2020-06-08T08:00:00.000000000,1684,0.321126892246656,0.9230411052703857
2020-06-08T08:15:00.000000000,1685,0.258043264148577,0.9806491732597351
2020-06-08T08:30:00.000000000,1686,0.423784116816842,0.9915490746498108
2020-06-08T08:45:00.000000000,1687,0.562457747882505,0.9961828589439392
2020-06-08T09:00:00.000000000,1688,0.52686906719989,0.9986267685890198
2020-06-08T09:15:00.000000000,1689,0.724950672740794,0.9995856881141663
2020-06-08T09:30:00.000000000,1690,0.869928704762443,0.9998471736907959
2020-06-08T09:45:00.000000000,1691,0.886213597789856,0.9996616840362549
2020-06-08T10:00:00.000000000,1692,0.944865889665917,0.9987852573394775
2020-06-08T10:15:00.000000000,1693,0.839126263440243,0.9959638118743896
2020-06-08T10:30:00.000000000,1694,0.892887739711049,0.6259963512420654
2020-06-08T10:45:00.000000000,1695,0.890701417339525,0.07629362493753433
2020-06-08T11:00:00.000000000,1696,0.924083903398061,0.10632593184709549
2020-06-08T11:15:00.000000000,1697,0.870330123596359,0.15090139210224152
2020-06-08T11:30:00.000000000,1698,0.796395760166185,0.5601412057876587
2020-06-08T11:45:00.000000000,1699,0.804506779156959,0.26079684495925903
2020-06-08T12:00:00.000000000,1700,0.793915959806895,0.5762162804603577
2020-06-08T12:15:00.000000000,1701,0.684822407996934,0.7284459471702576
2020-06-08T12:30:00.000000000,1702,0.913292406234047,0.9606952667236328
2020-06-08T12:45:00.000000000,1703,0.597907259955098,0.9936453104019165
2020-06-08T13:00:00.000000000,1704,0.753250400800541,0.994463324546814
2020-06-08T13:15:00.000000000,1705,0.690459809043007,0.9976184368133545
2020-06-08T13:30:00.000000000,1706,0.628003070541955,0.9991083145141602
2020-06-08T13:45:00.000000000,1707,0.77574524596859,0.9940847158432007
2020-06-08T14:00:00.000000000,1708,0.772832925250434,0.9999048113822937
2020-06-08T14:15:00.000000000,1709,0.815706760779132,0.9992961287498474
2020-06-08T14:30:00.000000000,1710,0.860700047128067,0.9995232820510864
2020-06-08T14:45:00.000000000,1711,0.748241908093203,0.9989016652107239
2020-06-08T15:00:00.000000000,1712,0.77114599483499,0.9872766137123108
2020-06-08T15:15:00.000000000,1713,0.723488380366603,0.9943473935127258
2020-06-08T15:30:00.000000000,1714,0.535761852857272,0.9948300123214722
2020-06-08T15:45:00.000000000,1715,0.555119600467748,0.9972179532051086
2020-06-08T16:00:00.000000000,1716,0.372834086038752,0.9988146424293518
2020-06-08T16:15:00.000000000,1717,0.26184674343996,0.9976245164871216
2020-06-08T16:30:00.000000000,1718,0.424855891725562,0.9990296959877014
2020-06-08T16:45:00.000000000,1719,0.422292312617357,0.9995646476745605
2020-06-08T17:00:00.000000000,1720,0.255932771596684,0.9994348883628845
2020-06-08T17:15:00.000000000,1721,0.180489696854184,0.9990835785865784
2020-06-08T17:30:00.000000000,1722,0.151039449435364,0.9972029328346252
2020-06-08T17:45:00.000000000,1723,0.0987182987686291,0.9872018098831177
2020-06-08T18:00:00.000000000,1724,0.0629371414640437,0.9573038220405579
2020-06-08T18:15:00.000000000,1725,0.0348221177901388,0.8189700841903687
2020-06-08T18:30:00.000000000,1726,0.0093457460461353,0.4874690771102905
2020-06-08T18:45:00.000000000,1727,0.0,0.18957751989364624
2020-06-08T19:00:00.000000000,1728,0.0,0.05612396076321602
2020-06-08T19:15:00.000000000,1729,0.0,0.020109010860323906
2020-06-08T19:30:00.000000000,1730,0.0,0.009415275417268276
2020-06-08T19:45:00.000000000,1731,0.0,0.005897877737879753
2020-06-08T20:00:00.000000000,1732,0.0,0.004553097765892744
2020-06-08T20:15:00.000000000,1733,0.0,0.003797127865254879
2020-06-08T20:30:00.000000000,1734,0.0,0.003176230238750577
2020-06-08T20:45:00.000000000,1735,0.0,0.0026555124204605818
2020-06-08T21:00:00.000000000,1736,0.0,0.00223870063200593
2020-06-08T21:15:00.000000000,1737,0.0,0.0019237861270084977
2020-06-08T21:30:00.000000000,1738,0.0,0.0016857762821018696
2020-06-08T21:45:00.000000000,1739,0.0,0.0014811193104833364
2020-06-08T22:00:00.000000000,1740,0.0,0.0012976904399693012
2020-06-08T22:15:00.000000000,1741,0.0,0.0011504791909828782
2020-06-08T22:30:00.000000000,1742,0.0,0.0010372635442763567
2020-06-08T22:45:00.000000000,1743,0.0,0.0009558179299347103
2020-06-08T23:00:00.000000000,1744,0.0,0.000890698516741395
2020-06-08T23:15:00.000000000,1745,0.0,0.0008315995219163597
2020-06-08T23:30:00.000000000,1746,0.0,0.0007728298078291118
2020-06-08T23:45:00.000000000,1747,0.0,0.000716236128937453
2020-06-09T00:00:00.000000000,1748,0.0,0.0006654362077824771
2020-06-09T00:15:00.000000000,1749,0.0,0.0006273943581618369
2020-06-09T00:30:00.000000000,1750,0.0,0.0006014041719026864
2020-06-09T00:45:00.000000000,1751,0.0,0.0005842911778017879
2020-06-09T01:00:00.000000000,1752,0.0,0.0005808511050418019
2020-06-09T01:15:00.000000000,1753,0.0,0.0005905983853153884
2020-06-09T01:30:00.000000000,1754,0.0,0.0006104736821725965
2020-06-09T01:45:00.000000000,1755,0.0,0.0006400150014087558
2020-06-09T02:00:00.000000000,1756,0.0,0.0006779726827517152
2020-06-09T02:15:00.000000000,1757,0.0,0.0007196417427621782
2020-06-09T02:30:00.000000000,1758,0.0,0.0007732342928647995
2020-06-09T02:45:00.000000000,1759,0.0,0.0008505904115736485
2020-06-09T03:00:00.000000000,1760,0.0,0.0009595114388503134
2020-06-09T03:15:00.000000000,1761,0.0,0.0011013047769665718
2020-06-09T03:30:00.000000000,1762,0.0,0.001285891397856176
2020-06-09T03:45:00.000000000,1763,0.0,0.0015201400965452194
2020-06-09T04:00:00.000000000,1764,0.0,0.0018045668257400393
2020-06-09T04:15:00.000000000,1765,0.0,0.002169898245483637
2020-06-09T04:30:00.000000000,1766,0.0,0.0026720084715634584
2020-06-09T04:45:00.000000000,1767,0.0,0.003355085849761963
2020-06-09T05:00:00.000000000,1768,0.0,0.004249965772032738
2020-06-09T05:15:00.000000000,1769,0.0,0.005425337702035904
2020-06-09T05:30:00.000000000,1770,0.0,0.006912085227668285
2020-06-09T05:45:00.000000000,1771,0.0,0.00870637409389019
2020-06-09T06:00:00.000000000,1772,0.0124911079713204,0.010939788073301315
2020-06-09T06:15:00.000000000,1773,0.0377707763077244,0.014714346267282963
2020-06-09T06:30:00.000000000,1774,0.0656511185599443,0.022843442857265472
2020-06-09T06:45:00.000000000,1775,0.111175403158711,0.04196958988904953
2020-06-09T07:00:00.000000000,1776,0.173354687659971,0.09546210616827011
2020-06-09T07:15:00.000000000,1777,0.207994990434839,0.30339694023132324
2020-06-09T07:30:00.000000000,1778,0.213334560573168,0.6960140466690063
2020-06-09T07:45:00.000000000,1779,0.195338406824031,0.9101524353027344
2020-06-09T08:00:00.000000000,1780,0.40841254672444,0.9604689478874207
2020-06-09T08:15:00.000000000,1781,0.484101847699327,0.9866698980331421
2020-06-09T08:30:00.000000000,1782,0.53679867791287,0.9972652196884155
2020-06-09T08:45:00.000000000,1783,0.592614058327166,0.9994561672210693
2020-06-09T09:00:00.000000000,1784,0.669796425226588,0.9997304677963257
2020-06-09T09:15:00.000000000,1785,0.630834577608516,0.998767614364624
2020-06-09T09:30:00.000000000,1786,0.686645541985137,0.9972749352455139
2020-06-09T09:45:00.000000000,1787,0.749319676250669,0.995556652545929
2020-06-09T10:00:00.000000000,1788,0.440845645483178,0.99522864818573
2020-06-09T10:15:00.000000000,1789,0.766669635955112,0.9870983958244324
2020-06-09T10:30:00.000000000,1790,0.961156628647435,0.9963850378990173
2020-06-09T10:45:00.000000000,1791,0.922504346027411,0.9975448250770569
2020-06-09T11:00:00.000000000,1792,0.898317649697854,0.9995800852775574
2020-06-09T11:15:00.000000000,1793,0.906619000291459,0.9997971057891846
2020-06-09T11:30:00.000000000,1794,0.669894146054614,0.6276600360870361
2020-06-09T11:45:00.000000000,1795,0.933593547976832,0.09504389017820358
2020-06-09T12:00:00.000000000,1796,0.715451424878603,0.2032797783613205
2020-06-09T12:15:00.000000000,1797,0.630572075083419,0.6960498094558716
2020-06-09T12:30:00.000000000,1798,0.81610868428611,0.9741193652153015
2020-06-09T12:45:00.000000000,1799,0.773464672497028,0.9992210268974304
2020-06-09T13:00:00.000000000,1800,0.818843164466003,0.9942888617515564
2020-06-09T13:15:00.000000000,1801,0.818127701552859,0.9999086260795593
2020-06-09T13:30:00.000000000,1802,0.729538555750843,0.9998557567596436
2020-06-09T13:45:00.000000000,1803,0.70212271871009,0.9954599738121033
2020-06-09T14:00:00.000000000,1804,0.473520428261296,0.9926069974899292
2020-06-09T14:15:00.000000000,1805,0.506290786936269,0.9895539283752441
2020-06-09T14:30:00.000000000,1806,0.676117493631175,0.9987796545028687
2020-06-09T14:45:00.000000000,1807,0.60579924291975,0.9999517798423767
2020-06-09T15:00:00.000000000,1808,0.641332849167222,0.999981701374054
2020-06-09T15:15:00.000000000,1809,0.636219317611024,0.9999950528144836
2020-06-09T15:30:00.000000000,1810,0.655490132156427,0.999985933303833
2020-06-09T15:45:00.000000000,1811,0.583634844288372,0.9999553561210632
2020-06-09T16:00:00.000000000,1812,0.49794521273871,0.9999462962150574
2020-06-09T16:15:00.000000000,1813,0.433025833373667,0.9998509883880615
2020-06-09T16:30:00.000000000,1814,0.399626061648034,0.9996137619018555
2020-06-09T16:45:00.000000000,1815,0.326879930668042,0.9993654489517212
2020-06-09T17:00:00.000000000,1816,0.250280734494813,0.9993242621421814
2020-06-09T17:15:00.000000000,1817,0.210263262088932,0.9987847208976746
2020-06-09T17:30:00.000000000,1818,0.163199416876723,0.9966616034507751
2020-06-09T17:45:00.000000000,1819,0.111067020721865,0.988369882106781
2020-06-09T18:00:00.000000000,1820,0.0661986454595075,0.952416181564331
2020-06-09T18:15:00.000000000,1821,0.0330011918285443,0.8071228265762329
2020-06-09T18:30:00.000000000,1822,0.0072295757135715,0.4757835865020752
2020-06-09T18:45:00.000000000,1823,0.0,0.16799114644527435
2020-06-09T19:00:00.000000000,1824,0.0,0.04985654354095459
2020-06-09T19:15:00.000000000,1825,0.0,0.01812891848385334
2020-06-09T19:30:00.000000000,1826,0.0,0.008992576971650124
2020-06-09T19:45:00.000000000,1827,0.0,0.005884001962840557
2020-06-09T20:00:00.000000000,1828,0.0,0.00467192055657506
2020-06-09T20:15:00.000000000,1829,0.0,0.003954380284994841
2020-06-09T20:30:00.000000000,1830,0.0,0.0033625673968344927
2020-06-09T20:45:00.000000000,1831,0.0,0.002855967963114381
2020-06-09T21:00:00.000000000,1832,0.0,0.0024406255688518286
2020-06-09T21:15:00.000000000,1833,0.0,0.002107646781951189
2020-06-09T21:30:00.000000000,1834,0.0,0.0018331462051719427
2020-06-09T21:45:00.000000000,1835,0.0,0.0015949051594361663
2020-06-09T22:00:00.000000000,1836,0.0,0.001391571364365518
2020-06-09T22:15:00.000000000,1837,0.0,0.0012256737099960446
2020-06-09T22:30:00.000000000,1838,0.0,0.0010873491410166025
2020-06-09T22:45:00.000000000,1839,0.0,0.0009752816986292601
2020-06-09T23:00:00.000000000,1840,0.0,0.0008845249540172517
2020-06-09T23:15:00.000000000,1841,0.0,0.000812228478025645
2020-06-09T23:30:00.000000000,1842,0.0,0.000757576955948025
2020-06-09T23:45:00.000000000,1843,0.0,0.0007180444663390517
2020-06-10T00:00:00.000000000,1844,0.0,0.0006896667764522135
2020-06-10T00:15:00.000000000,1845,0.0,0.0006724746199324727
2020-06-10T00:30:00.000000000,1846,0.0,0.000663918093778193
2020-06-10T00:45:00.000000000,1847,0.0,0.0006627883412875235
2020-06-10T01:00:00.000000000,1848,0.0,0.0006712845643050969
2020-06-10T01:15:00.000000000,1849,0.0,0.0006872289814054966
2020-06-10T01:30:00.000000000,1850,0.0,0.0007097299094311893
2020-06-10T01:45:00.000000000,1851,0.0,0.0007408095407299697
2020-06-10T02:00:00.000000000,1852,0.0,0.0007811960531398654
2020-06-10T02:15:00.000000000,1853,0.0,0.0008362149819731712
2020-06-10T02:30:00.000000000,1854,0.0,0.0009139042813330889
2020-06-10T02:45:00.000000000,1855,0.0,0.0010210026521235704
2020-06-10T03:00:00.000000000,1856,0.0,0.0011582154547795653
2020-06-10T03:15:00.000000000,1857,0.0,0.0013274679658934474
2020-06-10T03:30:00.000000000,1858,0.0,0.001528994762338698
2020-06-10T03:45:00.000000000,1859,0.0,0.0017696729628369212
2020-06-10T04:00:00.000000000,1860,0.0,0.002070445567369461
2020-06-10T04:15:00.000000000,1861,0.0,0.002456089248880744
2020-06-10T04:30:00.000000000,1862,0.0,0.0029576863162219524
2020-06-10T04:45:00.000000000,1863,0.0,0.0036236390005797148
2020-06-10T05:00:00.000000000,1864,0.0,0.004509215243160725
2020-06-10T05:15:00.000000000,1865,0.0,0.0056618619710206985
2020-06-10T05:30:00.000000000,1866,0.0,0.007148317061364651
2020-06-10T05:45:00.000000000,1867,0.0,0.009000340476632118
2020-06-10T06:00:00.000000000,1868,0.0075178805795975,0.011338583193719387
2020-06-10T06:15:00.000000000,1869,0.0334202748089176,0.01493618544191122
2020-06-10T06:30:00.000000000,1870,0.0674775961248293,0.022441519424319267
2020-06-10T06:45:00.000000000,1871,0.103745086513919,0.04124899581074715
2020-06-10T07:00:00.000000000,1872,0.156686376537006,0.0952954888343811
2020-06-10T07:15:00.000000000,1873,0.199070030700368,0.28369954228401184
2020-06-10T07:30:00.000000000,1874,0.260213184097987,0.6628620624542236
2020-06-10T07:45:00.000000000,1875,0.32267149976065,0.9171416759490967
2020-06-10T08:00:00.000000000,1876,0.333504192345399,0.9824670553207397
2020-06-10T08:15:00.000000000,1877,0.229146726107854,0.9930359721183777
2020-06-10T08:30:00.000000000,1878,0.277385618679531,0.9941101670265198
2020-06-10T08:45:00.000000000,1879,0.509969292065068,0.9943228960037231
2020-06-10T09:00:00.000000000,1880,0.535501999964672,0.9981331825256348
2020-06-10T09:15:00.000000000,1881,0.59776285517658,0.9996736645698547
2020-06-10T09:30:00.000000000,1882,0.633121964441979,0.9999377727508545
2020-06-10T09:45:00.000000000,1883,0.459412794273975,0.9999305009841919
2020-06-10T10:00:00.000000000,1884,0.371593996597876,0.9993066191673279
2020-06-10T10:15:00.000000000,1885,0.539248827666366,0.9986452460289001
2020-06-10T10:30:00.000000000,1886,0.531434630247811,0.9983674883842468
2020-06-10T10:45:00.000000000,1887,0.456947062179726,0.9997866153717041
2020-06-10T11:00:00.000000000,1888,0.375076303004503,0.9999628067016602
2020-06-10T11:15:00.000000000,1889,0.595720054335058,0.9999646544456482
2020-06-10T11:30:00.000000000,1890,0.688528986594644,0.9999419450759888
2020-06-10T11:45:00.000000000,1891,0.710537940302093,0.9999858736991882
2020-06-10T12:00:00.000000000,1892,1.02983608381306,0.999996542930603
2020-06-10T12:15:00.000000000,1893,0.808437377545631,0.9999979138374329
2020-06-10T12:30:00.000000000,1894,0.946125788273449,0.9997690320014954
2020-06-10T12:45:00.000000000,1895,0.896798655118995,0.996456503868103
2020-06-10T13:00:00.000000000,1896,0.746983523586114,0.9468525648117065
2020-06-10T13:15:00.000000000,1897,0.608994695442815,0.23014886677265167
2020-06-10T13:30:00.000000000,1898,0.893538223724071,0.9109892249107361
2020-06-10T13:45:00.000000000,1899,0.731993626271601,0.9849194884300232
2020-06-10T14:00:00.000000000,1900,0.560142855377952,0.9987984895706177
2020-06-10T14:15:00.000000000,1901,0.723551025166176,0.9998894929885864
2020-06-10T14:30:00.000000000,1902,0.459531333632447,0.9999159574508667
2020-06-10T14:45:00.000000000,1903,0.0758455659967816,0.9992640614509583
2020-06-10T15:00:00.000000000,1904,0.164604224921703,0.9998121857643127
2020-06-10T15:15:00.000000000,1905,0.268742655171987,0.9993323683738708
2020-06-10T15:30:00.000000000,1906,0.363084019225708,0.9967846274375916
2020-06-10T15:45:00.000000000,1907,0.296302329225231,0.993931233882904
2020-06-10T16:00:00.000000000,1908,0.323660631484304,0.9884218573570251
2020-06-10T16:15:00.000000000,1909,0.412691949847823,0.9940388202667236
2020-06-10T16:30:00.000000000,1910,0.271691124421277,0.9964491724967957
2020-06-10T16:45:00.000000000,1911,0.21572553527981,0.9962238073348999
2020-06-10T17:00:00.000000000,1912,0.189096890367186,0.9939193725585938
2020-06-10T17:15:00.000000000,1913,0.190693481082532,0.9856036901473999
2020-06-10T17:30:00.000000000,1914,0.115694988845062,0.9665323495864868
2020-06-10T17:45:00.000000000,1915,0.0920289319310319,0.9128636717796326
2020-06-10T18:00:00.000000000,1916,0.043541226586377,0.7779625058174133
2020-06-10T18:15:00.000000000,1917,0.00904627488664,0.5219155550003052
2020-06-10T18:30:00.000000000,1918,0.0,0.2348768711090088
2020-06-10T18:45:00.000000000,1919,0.0,0.07349920272827148
2020-06-10T19:00:00.000000000,1920,0.0,0.028497599065303802
2020-06-10T19:15:00.000000000,1921,0.0,0.012783548794686794
2020-06-10T19:30:00.000000000,1922,0.0,0.00793296005576849
2020-06-10T19:45:00.000000000,1923,0.0,0.006099876947700977
2020-06-10T20:00:00.000000000,1924,0.0,0.004979209508746862
2020-06-10T20:15:00.000000000,1925,0.0,0.00412124115973711
2020-06-10T20:30:00.000000000,1926,0.0,0.003398423781618476
2020-06-10T20:45:00.000000000,1927,0.0,0.002813767408952117
2020-06-10T21:00:00.000000000,1928,0.0,0.002364093204960227
2020-06-10T21:15:00.000000000,1929,0.0,0.002017474267631769
2020-06-10T21:30:00.000000000,1930,0.0,0.0017436898779124022
2020-06-10T21:45:00.000000000,1931,0.0,0.0015190505655482411
2020-06-10T22:00:00.000000000,1932,0.0,0.0013294683303683996
2020-06-10T22:15:00.000000000,1933,0.0,0.0011633048998191953
2020-06-10T22:30:00.000000000,1934,0.0,0.0010248676408082247
2020-06-10T22:45:00.000000000,1935,0.0,0.0009200940257869661
2020-06-10T23:00:00.000000000,1936,0.0,0.0008422120590694249
2020-06-10T23:15:00.000000000,1937,0.0,0.0007823555497452617
2020-06-10T23:30:00.000000000,1938,0.0,0.0007385161588899791
2020-06-10T23:45:00.000000000,1939,0.0,0.0007093593594618142
2020-06-11T00:00:00.000000000,1940,0.0,0.0006959773018024862
2020-06-11T00:15:00.000000000,1941,0.0,0.0006939066224731505
2020-06-11T00:30:00.000000000,1942,0.0,0.0006988355307839811
2020-06-11T00:45:00.000000000,1943,0.0,0.0006985288928262889
2020-06-11T01:00:00.000000000,1944,0.0,0.0006987226661294699
2020-06-11T01:15:00.000000000,1945,0.0,0.0007078011985868216
2020-06-11T01:30:00.000000000,1946,0.0,0.0007229156326502562
2020-06-11T01:45:00.000000000,1947,0.0,0.0007458842592313886
2020-06-11T02:00:00.000000000,1948,0.0,0.0007860737387090921
2020-06-11T02:15:00.000000000,1949,0.0,0.0008434508927166462
2020-06-11T02:30:00.000000000,1950,0.0,0.0009151619742624462
2020-06-11T02:45:00.000000000,1951,0.0,0.0010058038169518113
2020-06-11T03:00:00.000000000,1952,0.0,0.0011165528558194637
2020-06-11T03:15:00.000000000,1953,0.0,0.001253156689926982
2020-06-11T03:30:00.000000000,1954,0.0,0.0014210051158443093
2020-06-11T03:45:00.000000000,1955,0.0,0.0016312815714627504
2020-06-11T04:00:00.000000000,1956,0.0,0.001904549659229815
2020-06-11T04:15:00.000000000,1957,0.0,0.002266019582748413
2020-06-11T04:30:00.000000000,1958,0.0,0.002743103774264455
2020-06-11T04:45:00.000000000,1959,0.0,0.0033643480855971575
2020-06-11T05:00:00.000000000,1960,0.0,0.004181758034974337
2020-06-11T05:15:00.000000000,1961,0.0,0.005346566904336214
2020-06-11T05:30:00.000000000,1962,0.0,0.006978652440011501
2020-06-11T05:45:00.000000000,1963,0.0,0.009143098257482052
2020-06-11T06:00:00.000000000,1964,0.0,0.01200883835554123
2020-06-11T06:15:00.000000000,1965,0.0116413971970458,0.015846965834498405
2020-06-11T06:30:00.000000000,1966,0.0282655478330451,0.02178981527686119
2020-06-11T06:45:00.000000000,1967,0.0412007210021957,0.032525625079870224
2020-06-11T07:00:00.000000000,1968,0.061059122306873,0.05271820351481438
2020-06-11T07:15:00.000000000,1969,0.0934145617072089,0.0937633216381073
2020-06-11T07:30:00.000000000,1970,0.114269412760966,0.18013395369052887
2020-06-11T07:45:00.000000000,1971,0.156826933047409,0.3333841562271118
2020-06-11T08:00:00.000000000,1972,0.200903637032628,0.559823215007782
2020-06-11T08:15:00.000000000,1973,0.224550755416283,0.7895663976669312
2020-06-11T08:30:00.000000000,1974,0.234477148716608,0.9178861975669861
2020-06-11T08:45:00.000000000,1975,0.264449120694132,0.9668955206871033
2020-06-11T09:00:00.000000000,1976,0.294412197478613,0.985407829284668
2020-06-11T09:15:00.000000000,1977,0.325050929648818,0.9930627942085266
2020-06-11T09:30:00.000000000,1978,0.345803643822743,0.9966935515403748
2020-06-11T09:45:00.000000000,1979,0.370589913395994,0.9984056353569031
2020-06-11T10:00:00.000000000,1980,0.399737409150405,0.9991551637649536
2020-06-11T10:15:00.000000000,1981,0.435013244357615,0.9995061755180359
2020-06-11T10:30:00.000000000,1982,0.444152697862809,0.9997003078460693
2020-06-11T10:45:00.000000000,1983,0.460454981666334,0.9998088479042053
2020-06-11T11:00:00.000000000,1984,0.559387458769124,0.9998607635498047
2020-06-11T11:15:00.000000000,1985,0.605756848852799,0.9999161958694458
2020-06-11T11:30:00.000000000,1986,0.569600958310738,0.9999527931213379
2020-06-11T11:45:00.000000000,1987,0.641246483878774,0.9999642372131348
2020-06-11T12:00:00.000000000,1988,0.721385142749644,0.9999583959579468
2020-06-11T12:15:00.000000000,1989,0.693608640715612,0.999924898147583
2020-06-11T12:30:00.000000000,1990,0.615391341362298,0.9999097585678101
2020-06-11T12:45:00.000000000,1991,0.451717136210359,0.9998869299888611
2020-06-11T13:00:00.000000000,1992,0.525962452493036,0.9994341731071472
2020-06-11T13:15:00.000000000,1993,0.566676588055119,0.9991871118545532
2020-06-11T13:30:00.000000000,1994,0.374993659819437,0.9998195767402649
2020-06-11T13:45:00.000000000,1995,0.498123242569999,0.9999341368675232
2020-06-11T14:00:00.000000000,1996,0.524535690378491,0.9999663233757019
2020-06-11T14:15:00.000000000,1997,0.730997302688314,0.9999485611915588
2020-06-11T14:30:00.000000000,1998,0.804291402134188,0.9999779462814331
2020-06-11T14:45:00.000000000,1999,0.479906728012054,0.9999945759773254
2020-06-11T15:00:00.000000000,2000,0.575399671297629,0.9999716281890869
2020-06-11T15:15:00.000000000,2001,0.490187036050852,0.9998331069946289
2020-06-11T15:30:00.000000000,2002,0.556594939099162,0.9984468817710876
2020-06-11T15:45:00.000000000,2003,0.492570629643696,0.9993358254432678
2020-06-11T16:00:00.000000000,2004,0.373507028709613,0.9998586177825928
2020-06-11T16:15:00.000000000,2005,0.346036684989145,0.9995455741882324
2020-06-11T16:30:00.000000000,2006,0.280094233421713,0.9993332028388977
2020-06-11T16:45:00.000000000,2007,0.244931638322114,0.9980033040046692
2020-06-11T17:00:00.000000000,2008,0.185850779460783,0.9963750243186951
2020-06-11T17:15:00.000000000,2009,0.146615830805293,0.9895337820053101
2020-06-11T17:30:00.000000000,2010,0.110556651716871,0.965771496295929
2020-06-11T17:45:00.000000000,2011,0.0765596410067177,0.8915122747421265
2020-06-11T18:00:00.000000000,2012,0.0490995172881224,0.7051692008972168
2020-06-11T18:15:00.000000000,2013,0.0231520793659261,0.4131900370121002
2020-06-11T18:30:00.000000000,2014,0.0045572987310397,0.1848471313714981
2020-06-11T18:45:00.000000000,2015,0.0,0.0713011622428894
2020-06-11T19:00:00.000000000,2016,0.0,0.02917356975376606
2020-06-11T19:15:00.000000000,2017,0.0,0.014170986600220203
2020-06-11T19:30:00.000000000,2018,0.0,0.008344955742359161
2020-06-11T19:45:00.000000000,2019,0.0,0.005921425763517618
2020-06-11T20:00:00.000000000,2020,0.0,0.004766747355461121
2020-06-11T20:15:00.000000000,2021,0.0,0.004050775431096554
2020-06-11T20:30:00.000000000,2022,0.0,0.0034835203550755978
2020-06-11T20:45:00.000000000,2023,0.0,0.0030208390671759844
2020-06-11T21:00:00.000000000,2024,0.0,0.002616517012938857
2020-06-11T21:15:00.000000000,2025,0.0,0.002256261184811592
2020-06-11T21:30:00.000000000,2026,0.0,0.0019525749376043677
2020-06-11T21:45:00.000000000,2027,0.0,0.0017031481256708503
2020-06-11T22:00:00.000000000,2028,0.0,0.0015036888653412461
2020-06-11T22:15:00.000000000,2029,0.0,0.0013440920738503337
2020-06-11T22:30:00.000000000,2030,0.0,0.001213208306580782
2020-06-11T22:45:00.000000000,2031,0.0,0.0011027121217921376
2020-06-11T23:00:00.000000000,2032,0.0,0.0010100993094965816
2020-06-11T23:15:00.000000000,2033,0.0,0.0009299075463786721
2020-06-11T23:30:00.000000000,2034,0.0,0.0008587778429500759
2020-06-11T23:45:00.000000000,2035,0.0,0.0007933181477710605
2020-06-12T00:00:00.000000000,2036,0.0,0.0007360103772953153
2020-06-12T00:15:00.000000000,2037,0.0,0.0006926156347617507
2020-06-12T00:30:00.000000000,2038,0.0,0.0006664221873506904
2020-06-12T00:45:00.000000000,2039,0.0,0.0006621917127631605
2020-06-12T01:00:00.000000000,2040,0.0,0.0006706386338919401
2020-06-12T01:15:00.000000000,2041,0.0,0.000687156047206372
2020-06-12T01:30:00.000000000,2042,0.0,0.0007071492145769298
2020-06-12T01:45:00.000000000,2043,0.0,0.0007357081631198525
2020-06-12T02:00:00.000000000,2044,0.0,0.0007758322753943503
2020-06-12T02:15:00.000000000,2045,0.0,0.0008320279885083437
2020-06-12T02:30:00.000000000,2046,0.0,0.0008961444837041199
2020-06-12T02:45:00.000000000,2047,0.0,0.0009740930399857461
2020-06-12T03:00:00.000000000,2048,0.0,0.001066901721060276
2020-06-12T03:15:00.000000000,2049,0.0,0.0011881437385454774
2020-06-12T03:30:00.000000000,2050,0.0,0.0013713262742385268
2020-06-12T03:45:00.000000000,2051,0.0,0.0016503446968272328
2020-06-12T04:00:00.000000000,2052,0.0,0.0020570005290210247
2020-06-12T04:15:00.000000000,2053,0.0,0.002523792441934347
2020-06-12T04:30:00.000000000,2054,0.0,0.0030309383291751146
2020-06-12T04:45:00.000000000,2055,0.0,0.0036181374453008175
2020-06-12T05:00:00.000000000,2056,0.0,0.004384619649499655
2020-06-12T05:15:00.000000000,2057,0.0,0.005402322392910719
2020-06-12T05:30:00.000000000,2058,0.0,0.00686222780495882
2020-06-12T05:45:00.000000000,2059,0.0,0.008793776854872704
2020-06-12T06:00:00.000000000,2060,0.0,0.011251571588218212
2020-06-12T06:15:00.000000000,2061,0.0123898542933705,0.014696236699819565
2020-06-12T06:30:00.000000000,2062,0.0283486326275311,0.020456144586205482
2020-06-12T06:45:00.000000000,2063,0.0540404444409901,0.03112536296248436
2020-06-12T07:00:00.000000000,2064,0.0724616743789711,0.053853195160627365
2020-06-12T07:15:00.000000000,2065,0.0825674854173254,0.10303729772567749
2020-06-12T07:30:00.000000000,2066,0.0726227970536126,0.19508588314056396
2020-06-12T07:45:00.000000000,2067,0.101223964558563,0.31376025080680847
2020-06-12T08:00:00.000000000,2068,0.139315976831644,0.4522833228111267
2020-06-12T08:15:00.000000000,2069,0.217136210359343,0.6156123280525208
2020-06-12T08:30:00.000000000,2070,0.2453891409161,0.808978796005249
2020-06-12T08:45:00.000000000,2071,0.317750381737344,0.9291799664497375
2020-06-12T09:00:00.000000000,2072,0.386839141530814,0.9802790284156799
2020-06-12T09:15:00.000000000,2073,0.462514248065329,0.9949783682823181
2020-06-12T09:30:00.000000000,2074,0.413131031214396,0.9985753297805786
2020-06-12T09:45:00.000000000,2075,0.504332332613223,0.9992837309837341
2020-06-12T10:00:00.000000000,2076,0.449630868834534,0.9994566440582275
2020-06-12T10:15:00.000000000,2077,0.598974871169741,0.9994072914123535
2020-06-12T10:30:00.000000000,2078,0.636082104688607,0.9995906949043274
2020-06-12T10:45:00.000000000,2079,0.519540004218209,0.999836802482605
2020-06-12T11:00:00.000000000,2080,0.472101993556102,0.9997310042381287
2020-06-12T11:15:00.000000000,2081,0.645977522565124,0.9996663331985474
2020-06-12T11:30:00.000000000,2082,0.772594332486041,0.9992442727088928
2020-06-12T11:45:00.000000000,2083,0.72471496931553,0.9997559785842896
2020-06-12T12:00:00.000000000,2084,0.790227676293063,0.9999545216560364
2020-06-12T12:15:00.000000000,2085,0.568121329781653,0.9999333620071411
2020-06-12T12:30:00.000000000,2086,0.550504199153179,0.9981866478919983
2020-06-12T12:45:00.000000000,2087,0.610217057601167,0.9872165322303772
2020-06-12T13:00:00.000000000,2088,0.625187019640816,0.9960843324661255
2020-06-12T13:15:00.000000000,2089,0.608482496925547,0.9990789890289307
2020-06-12T13:30:00.000000000,2090,0.647309087301742,0.9999441504478455
2020-06-12T13:45:00.000000000,2091,0.742091677667337,0.9999363422393799
2020-06-12T14:00:00.000000000,2092,0.680224229263562,0.9998989701271057
2020-06-12T14:15:00.000000000,2093,0.572433790184714,0.9998907446861267
2020-06-12T14:30:00.000000000,2094,0.496452525336635,0.9998169541358948
2020-06-12T14:45:00.000000000,2095,0.463190534313578,0.9993000030517578
2020-06-12T15:00:00.000000000,2096,0.4455906262769,0.998704195022583
2020-06-12T15:15:00.000000000,2097,0.380549111635934,0.9995679259300232
2020-06-12T15:30:00.000000000,2098,0.452002665275906,0.9997823238372803
2020-06-12T15:45:00.000000000,2099,0.35638127807856,0.999800980091095
2020-06-12T16:00:00.000000000,2100,0.224103346633293,0.9997020959854126
2020-06-12T16:15:00.000000000,2101,0.211492248323226,0.9992467761039734
2020-06-12T16:30:00.000000000,2102,0.212900399949127,0.9977949857711792
2020-06-12T16:45:00.000000000,2103,0.203081884387856,0.9933076500892639
2020-06-12T17:00:00.000000000,2104,0.149607829674785,0.9838280081748962
2020-06-12T17:15:00.000000000,2105,0.139889873849399,0.9588335156440735
2020-06-12T17:30:00.000000000,2106,0.168995164805155,0.9182141423225403
2020-06-12T17:45:00.000000000,2107,0.121455585022177,0.86641925573349
2020-06-12T18:00:00.000000000,2108,0.064340940124038,0.7793623208999634
2020-06-12T18:15:00.000000000,2109,0.0289202585331301,0.604831874370575
2020-06-12T18:30:00.000000000,2110,0.0063007545891397,0.37230220437049866
2020-06-12T18:45:00.000000000,2111,0.0,0.1627771109342575
2020-06-12T19:00:00.000000000,2112,0.0,0.049731381237506866
2020-06-12T19:15:00.000000000,2113,0.0,0.017672736197710037
2020-06-12T19:30:00.000000000,2114,0.0,0.009148284792900085
2020-06-12T19:45:00.000000000,2115,0.0,0.0061029596254229546
2020-06-12T20:00:00.000000000,2116,0.0,0.004711696412414312
2020-06-12T20:15:00.000000000,2117,0.0,0.0039015086367726326
2020-06-12T20:30:00.000000000,2118,0.0,0.0032713930122554302
2020-06-12T20:45:00.000000000,2119,0.0,0.0027557036373764277
2020-06-12T21:00:00.000000000,2120,0.0,0.0023429798893630505
2020-06-12T21:15:00.000000000,2121,0.0,0.0020092756021767855
2020-06-12T21:30:00.000000000,2122,0.0,0.0017348553519695997
2020-06-12T21:45:00.000000000,2123,0.0,0.0015090607339516282
2020-06-12T22:00:00.000000000,2124,0.0,0.0013259362895041704
2020-06-12T22:15:00.000000000,2125,0.0,0.0011787303956225514
2020-06-12T22:30:00.000000000,2126,0.0,0.0010594669729471207
2020-06-12T22:45:00.000000000,2127,0.0,0.0009662920492701232
2020-06-12T23:00:00.000000000,2128,0.0,0.000889283255673945
2020-06-12T23:15:00.000000000,2129,0.0,0.0008193990797735751
2020-06-12T23:30:00.000000000,2130,0.0,0.0007577946525998414
2020-06-12T23:45:00.000000000,2131,0.0,0.0006985191721469164
2020-06-13T00:00:00.000000000,2132,0.0,0.0006419916171580553
2020-06-13T00:15:00.000000000,2133,0.0,0.0005997839034534991
2020-06-13T00:30:00.000000000,2134,0.0,0.0005745810340158641
2020-06-13T00:45:00.000000000,2135,0.0,0.0005630521918646991
2020-06-13T01:00:00.000000000,2136,0.0,0.0005634169792756438
2020-06-13T01:15:00.000000000,2137,0.0,0.0005777931655757129
2020-06-13T01:30:00.000000000,2138,0.0,0.0005998957203701138
2020-06-13T01:45:00.000000000,2139,0.0,0.0006301879184320569
2020-06-13T02:00:00.000000000,2140,0.0,0.000672241672873497
2020-06-13T02:15:00.000000000,2141,0.0,0.0007344097830355167
2020-06-13T02:30:00.000000000,2142,0.0,0.0008099577389657497
2020-06-13T02:45:00.000000000,2143,0.0,0.0009076711721718311
2020-06-13T03:00:00.000000000,2144,0.0,0.0010309446370229125
2020-06-13T03:15:00.000000000,2145,0.0,0.001187900430522859
2020-06-13T03:30:00.000000000,2146,0.0,0.0013833019183948636
2020-06-13T03:45:00.000000000,2147,0.0,0.0016356807900592685
2020-06-13T04:00:00.000000000,2148,0.0,0.0019560642540454865
2020-06-13T04:15:00.000000000,2149,0.0,0.00236302288249135
2020-06-13T04:30:00.000000000,2150,0.0,0.0028799250721931458
2020-06-13T04:45:00.000000000,2151,0.0,0.0035482158418744802
2020-06-13T05:00:00.000000000,2152,0.0,0.00440811226144433
2020-06-13T05:15:00.000000000,2153,0.0,0.005508824717253447
2020-06-13T05:30:00.000000000,2154,0.0,0.006920148152858019
2020-06-13T05:45:00.000000000,2155,0.0,0.008669618517160416
2020-06-13T06:00:00.000000000,2156,0.0072771428621645,0.010784761048853397
2020-06-13T06:15:00.000000000,2157,0.0280884642976628,0.01394194457679987
2020-06-13T06:30:00.000000000,2158,0.0463087640392357,0.020062454044818878
2020-06-13T06:45:00.000000000,2159,0.0840180941893637,0.03298018500208855
2020-06-13T07:00:00.000000000,2160,0.139374710273671,0.06556880474090576
2020-06-13T07:15:00.000000000,2161,0.20484268900245,0.18897737562656403
2020-06-13T07:30:00.000000000,2162,0.261556419810746,0.5413450002670288
2020-06-13T07:45:00.000000000,2163,0.332913829777237,0.8788131475448608
2020-06-13T08:00:00.000000000,2164,0.404614240515653,0.977081298828125
2020-06-13T08:15:00.000000000,2165,0.486700187424154,0.9942266345024109
2020-06-13T08:30:00.000000000,2166,0.53553253378012,0.9980716109275818
2020-06-13T08:45:00.000000000,2167,0.576991278184545,0.999016523361206
2020-06-13T09:00:00.000000000,2168,0.615606150569582,0.9990291595458984
2020-06-13T09:15:00.000000000,2169,0.651875281212188,0.9987431168556213
2020-06-13T09:30:00.000000000,2170,0.628210183202412,0.9981040358543396
2020-06-13T09:45:00.000000000,2171,0.676651456967376,0.9980503916740417
2020-06-13T10:00:00.000000000,2172,0.695681281399428,0.9980934262275696
2020-06-13T10:15:00.000000000,2173,0.801933673968455,0.995916485786438
2020-06-13T10:30:00.000000000,2174,0.899995117087104,0.9970500469207764
2020-06-13T10:45:00.000000000,2175,0.847458967944789,0.997477114200592
2020-06-13T11:00:00.000000000,2176,0.856783580090335,0.9945913553237915
2020-06-13T11:15:00.000000000,2177,0.992306171445125,0.9909601211547852
2020-06-13T11:30:00.000000000,2178,0.971531944845324,0.8915750980377197
2020-06-13T11:45:00.000000000,2179,0.988984546106194,0.8090572953224182
2020-06-13T12:00:00.000000000,2180,1.00874062121434,0.9495142698287964
2020-06-13T12:15:00.000000000,2181,0.846367636241272,0.5847711563110352
2020-06-13T12:30:00.000000000,2182,0.920869651114522,0.15531890094280243
2020-06-13T12:45:00.000000000,2183,0.952142338527195,0.27219828963279724
2020-06-13T13:00:00.000000000,2184,0.762895176389333,0.06230355054140091
2020-06-13T13:15:00.000000000,2185,0.691028028287439,0.32196182012557983
2020-06-13T13:30:00.000000000,2186,0.602633062472952,0.6192198395729065
2020-06-13T13:45:00.000000000,2187,0.650464101441928,0.7456916570663452
2020-06-13T14:00:00.000000000,2188,0.949953114214906,0.9592443704605103
2020-06-13T14:15:00.000000000,2189,0.86697089873648,0.9994831681251526
2020-06-13T14:30:00.000000000,2190,0.681883590946748,0.9997780919075012
2020-06-13T14:45:00.000000000,2191,0.81960083213894,0.9987356662750244
2020-06-13T15:00:00.000000000,2192,0.806638847259489,0.9375705122947693
2020-06-13T15:15:00.000000000,2193,0.771542934474676,0.31294041872024536
2020-06-13T15:30:00.000000000,2194,0.59107967081363,0.8973042964935303
2020-06-13T15:45:00.000000000,2195,0.450310561753136,0.974224865436554
2020-06-13T16:00:00.000000000,2196,0.524506733714056,0.8038401007652283
2020-06-13T16:15:00.000000000,2197,0.231321440624465,0.9429889917373657
2020-06-13T16:30:00.000000000,2198,0.291399821697635,0.9809934496879578
2020-06-13T16:45:00.000000000,2199,0.163033121118073,0.9963259100914001
2020-06-13T17:00:00.000000000,2200,0.127588088179652,0.994368314743042
2020-06-13T17:15:00.000000000,2201,0.137643997873231,0.9798582196235657
2020-06-13T17:30:00.000000000,2202,0.096439870207042,0.9333518743515015
2020-06-13T17:45:00.000000000,2203,0.0732668461515906,0.8190881609916687
2020-06-13T18:00:00.000000000,2204,0.0463490762510223,0.5761193037033081
2020-06-13T18:15:00.000000000,2205,0.0223085510595866,0.3526691794395447
2020-06-13T18:30:00.000000000,2206,0.0053707348228723,0.18269279599189758
2020-06-13T18:45:00.000000000,2207,0.0,0.0730130523443222
2020-06-13T19:00:00.000000000,2208,0.0,0.0308607816696167
2020-06-13T19:15:00.000000000,2209,0.0,0.014376680366694927
2020-06-13T19:30:00.000000000,2210,0.0,0.008167801424860954
2020-06-13T19:45:00.000000000,2211,0.0,0.005772116128355265
2020-06-13T20:00:00.000000000,2212,0.0,0.004659922793507576
2020-06-13T20:15:00.000000000,2213,0.0,0.00395855912938714
2020-06-13T20:30:00.000000000,2214,0.0,0.0033873149659484625
2020-06-13T20:45:00.000000000,2215,0.0,0.002934390911832452
2020-06-13T21:00:00.000000000,2216,0.0,0.002526448108255863
2020-06-13T21:15:00.000000000,2217,0.0,0.002145944396033883
2020-06-13T21:30:00.000000000,2218,0.0,0.0018167312955483794
2020-06-13T21:45:00.000000000,2219,0.0,0.0015404807636514306
2020-06-13T22:00:00.000000000,2220,0.0,0.00132665759883821
2020-06-13T22:15:00.000000000,2221,0.0,0.0011583731975406408
2020-06-13T22:30:00.000000000,2222,0.0,0.001024294295348227
2020-06-13T22:45:00.000000000,2223,0.0,0.0009147017262876034
2020-06-13T23:00:00.000000000,2224,0.0,0.0008240077295340598
2020-06-13T23:15:00.000000000,2225,0.0,0.0007521226652897894
2020-06-13T23:30:00.000000000,2226,0.0,0.0007048225961625576
2020-06-13T23:45:00.000000000,2227,0.0,0.0006672843010164797
2020-06-14T00:00:00.000000000,2228,0.0,0.0006433611852116883
2020-06-14T00:15:00.000000000,2229,0.0,0.0006394546362571418
2020-06-14T00:30:00.000000000,2230,0.0,0.00063952716300264
2020-06-14T00:45:00.000000000,2231,0.0,0.0006437374395318329
2020-06-14T01:00:00.000000000,2232,0.0,0.0006542574847117066
2020-06-14T01:15:00.000000000,2233,0.0,0.0006652539595961571
2020-06-14T01:30:00.000000000,2234,0.0,0.0006825542077422142
2020-06-14T01:45:00.000000000,2235,0.0,0.0007273204973898828
2020-06-14T02:00:00.000000000,2236,0.0,0.0007995656924322248
2020-06-14T02:15:00.000000000,2237,0.0,0.0008939050021581352
2020-06-14T02:30:00.000000000,2238,0.0,0.001007676008157432
2020-06-14T02:45:00.000000000,2239,0.0,0.001125464215874672
2020-06-14T03:00:00.000000000,2240,0.0,0.0012482341844588518
2020-06-14T03:15:00.000000000,2241,0.0,0.0013981448719277978
2020-06-14T03:30:00.000000000,2242,0.0,0.0015787594020366669
2020-06-14T03:45:00.000000000,2243,0.0,0.0018094383412972093
2020-06-14T04:00:00.000000000,2244,0.0,0.002126275096088648
2020-06-14T04:15:00.000000000,2245,0.0,0.002562499837949872
2020-06-14T04:30:00.000000000,2246,0.0,0.003142573172226548
2020-06-14T04:45:00.000000000,2247,0.0,0.0038974168710410595
2020-06-14T05:00:00.000000000,2248,0.0,0.004859625827521086
2020-06-14T05:15:00.000000000,2249,0.0,0.006162899546325207
2020-06-14T05:30:00.000000000,2250,0.0,0.007963407784700394
2020-06-14T05:45:00.000000000,2251,0.0,0.010348946787416935
2020-06-14T06:00:00.000000000,2252,0.0037665737446499,0.013572148978710175
2020-06-14T06:15:00.000000000,2253,0.0249267629938688,0.01833280734717846
2020-06-14T06:30:00.000000000,2254,0.0516275787513888,0.02700209617614746
2020-06-14T06:45:00.000000000,2255,0.0839963293771429,0.04640009254217148
2020-06-14T07:00:00.000000000,2256,0.152851417134621,0.09616399556398392
2020-06-14T07:15:00.000000000,2257,0.248785145116645,0.25602132081985474
2020-06-14T07:30:00.000000000,2258,0.248714236004218,0.6336952447891235
2020-06-14T07:45:00.000000000,2259,0.333769912279617,0.8881656527519226
2020-06-14T08:00:00.000000000,2260,0.328466679905391,0.9727908968925476
2020-06-14T08:15:00.000000000,2261,0.277872141016786,0.989881157875061
2020-06-14T08:30:00.000000000,2262,0.376983089566291,0.9922618269920349
2020-06-14T08:45:00.000000000,2263,0.420750543990023,0.9949401021003723
2020-06-14T09:00:00.000000000,2264,0.468656971212665,0.9966974258422852
2020-06-14T09:15:00.000000000,2265,0.630723167016712,0.9987912178039551
2020-06-14T09:30:00.000000000,2266,0.624486886735428,0.999634325504303
2020-06-14T09:45:00.000000000,2267,0.638484561117225,0.9996432662010193
2020-06-14T10:00:00.000000000,2268,0.658971618435765,0.9995311498641968
2020-06-14T10:15:00.000000000,2269,0.602867554639765,0.9989574551582336
2020-06-14T10:30:00.000000000,2270,0.822492145090149,0.9959965944290161
2020-06-14T10:45:00.000000000,2271,0.887052436651788,0.9984370470046997
2020-06-14T11:00:00.000000000,2272,0.707775702103982,0.9990833401679993
2020-06-14T11:15:00.000000000,2273,0.672318556573994,0.9984703660011292
2020-06-14T11:30:00.000000000,2274,0.682753173944609,0.9943690896034241
2020-06-14T11:45:00.000000000,2275,0.447530407018337,0.878880500793457
2020-06-14T12:00:00.000000000,2276,0.525042841974362,0.8808725476264954
2020-06-14T12:15:00.000000000,2277,0.502282087572004,0.9958205223083496
2020-06-14T12:30:00.000000000,2278,0.490834807239493,0.9971940517425537
2020-06-14T12:45:00.000000000,2279,0.555850077941486,0.9991103410720825
2020-06-14T13:00:00.000000000,2280,0.618353752718961,0.9998676776885986
2020-06-14T13:15:00.000000000,2281,0.769028688945925,0.9997655749320984
2020-06-14T13:30:00.000000000,2282,0.729282551144022,0.9998805522918701
2020-06-14T13:45:00.000000000,2283,0.835516774800969,0.9998733401298523
2020-06-14T14:00:00.000000000,2284,1.01075597952367,0.9995383024215698
2020-06-14T14:15:00.000000000,2285,0.860873976368843,0.9972787499427795
2020-06-14T14:30:00.000000000,2286,0.614553175400138,0.8541213870048523
2020-06-14T14:45:00.000000000,2287,0.500342243741135,0.1206618994474411
2020-06-14T15:00:00.000000000,2288,0.668270554376569,0.0009571215487085283
2020-06-14T15:15:00.000000000,2289,0.773047040544622,0.001121750334277749
2020-06-14T15:30:00.000000000,2290,0.515483863886794,0.9707368016242981
2020-06-14T15:45:00.000000000,2291,0.457152092987845,0.9996153712272644
2020-06-14T16:00:00.000000000,2292,0.451870436171321,0.9991520047187805
2020-06-14T16:15:00.000000000,2293,0.321335455896926,0.9917158484458923
2020-06-14T16:30:00.000000000,2294,0.222931958280709,0.9899408221244812
2020-06-14T16:45:00.000000000,2295,0.170663926361512,0.9969797730445862
2020-06-14T17:00:00.000000000,2296,0.136969667298456,0.9917815923690796
2020-06-14T17:15:00.000000000,2297,0.129322964288301,0.9741710424423218
2020-06-14T17:30:00.000000000,2298,0.0792503392150386,0.9185353517532349
2020-06-14T17:45:00.000000000,2299,0.0448943037774877,0.7601975798606873
2020-06-14T18:00:00.000000000,2300,0.0303837369307051,0.49992313981056213
2020-06-14T18:15:00.000000000,2301,0.0194414632607747,0.2545391023159027
2020-06-14T18:30:00.000000000,2302,0.0049141785178682,0.11261258274316788
2020-06-14T18:45:00.000000000,2303,0.0,0.04652600362896919
2020-06-14T19:00:00.000000000,2304,0.0,0.022991398349404335
2020-06-14T19:15:00.000000000,2305,0.0,0.01353104691952467
2020-06-14T19:30:00.000000000,2306,0.0,0.00879326555877924
2020-06-14T19:45:00.000000000,2307,0.0,0.006261634174734354
2020-06-14T20:00:00.000000000,2308,0.0,0.004948601126670837
2020-06-14T20:15:00.000000000,2309,0.0,0.004132930189371109
2020-06-14T20:30:00.000000000,2310,0.0,0.003495714394375682
2020-06-14T20:45:00.000000000,2311,0.0,0.002981906058266759
2020-06-14T21:00:00.000000000,2312,0.0,0.0025750224012881517
2020-06-14T21:15:00.000000000,2313,0.0,0.002264326438307762
2020-06-14T21:30:00.000000000,2314,0.0,0.0020166353788226843
2020-06-14T21:45:00.000000000,2315,0.0,0.0017945279832929373
2020-06-14T22:00:00.000000000,2316,0.0,0.0015788490418344736
2020-06-14T22:15:00.000000000,2317,0.0,0.0013792200479656458
2020-06-14T22:30:00.000000000,2318,0.0,0.0012245540274307132
2020-06-14T22:45:00.000000000,2319,0.0,0.0010990933515131474
2020-06-14T23:00:00.000000000,2320,0.0,0.0009908603969961405
2020-06-14T23:15:00.000000000,2321,0.0,0.0008986660977825522
2020-06-14T23:30:00.000000000,2322,0.0,0.0008300118497572839
2020-06-14T23:45:00.000000000,2323,0.0,0.0007956897607073188
2020-06-15T00:00:00.000000000,2324,0.0,0.0007808194495737553
2020-06-15T00:15:00.000000000,2325,0.0,0.0007783162873238325
2020-06-15T00:30:00.000000000,2326,0.0,0.0007773219258524477
2020-06-15T00:45:00.000000000,2327,0.0,0.0007754915859550238
2020-06-15T01:00:00.000000000,2328,0.0,0.000774634419940412
2020-06-15T01:15:00.000000000,2329,0.0,0.0007866458618082106
2020-06-15T01:30:00.000000000,2330,0.0,0.0008140660938806832
2020-06-15T01:45:00.000000000,2331,0.0,0.0008391159935854375
2020-06-15T02:00:00.000000000,2332,0.0,0.0008649316150695086
2020-06-15T02:15:00.000000000,2333,0.0,0.0009049743530340493
2020-06-15T02:30:00.000000000,2334,0.0,0.0009635689202696085
2020-06-15T02:45:00.000000000,2335,0.0,0.0010430689435452223
2020-06-15T03:00:00.000000000,2336,0.0,0.0011641840683296323
2020-06-15T03:15:00.000000000,2337,0.0,0.0013288706541061401
2020-06-15T03:30:00.000000000,2338,0.0,0.001547876512631774
2020-06-15T03:45:00.000000000,2339,0.0,0.001849691616371274
2020-06-15T04:00:00.000000000,2340,0.0,0.0022548127453774214
2020-06-15T04:15:00.000000000,2341,0.0,0.0027708406560122967
2020-06-15T04:30:00.000000000,2342,0.0,0.003357304260134697
2020-06-15T04:45:00.000000000,2343,0.0,0.004043116699904203
2020-06-15T05:00:00.000000000,2344,0.0,0.004875272046774626
2020-06-15T05:15:00.000000000,2345,0.0,0.00593278743326664
2020-06-15T05:30:00.000000000,2346,0.0,0.007286417298018932
2020-06-15T05:45:00.000000000,2347,0.0,0.00912434421479702
2020-06-15T06:00:00.000000000,2348,0.0074194657893686,0.01165621168911457
2020-06-15T06:15:00.000000000,2349,0.0355703225411002,0.015751881524920464
2020-06-15T06:30:00.000000000,2350,0.0750381861996725,0.024376817047595978
2020-06-15T06:45:00.000000000,2351,0.113916822847574,0.04736427962779999
2020-06-15T07:00:00.000000000,2352,0.162559846922103,0.1152055487036705
2020-06-15T07:15:00.000000000,2353,0.167531875672343,0.3164714574813843
2020-06-15T07:30:00.000000000,2354,0.149333845431245,0.6262379288673401
2020-06-15T07:45:00.000000000,2355,0.286308559636965,0.8098778128623962
2020-06-15T08:00:00.000000000,2356,0.486280347398153,0.9305590391159058
2020-06-15T08:15:00.000000000,2357,0.586897673092311,0.9892287254333496
2020-06-15T08:30:00.000000000,2358,0.588017015157644,0.9988971948623657
2020-06-15T08:45:00.000000000,2359,0.572555988546537,0.9997730851173401
2020-06-15T09:00:00.000000000,2360,0.621315596295465,0.9993655681610107
2020-06-15T09:15:00.000000000,2361,0.691142277762371,0.9946060180664062
2020-06-15T09:30:00.000000000,2362,0.691921268670611,0.9929801821708679
2020-06-15T09:45:00.000000000,2363,0.679080409682098,0.9946821331977844
2020-06-15T10:00:00.000000000,2364,0.677458458230366,0.9964761137962341
2020-06-15T10:15:00.000000000,2365,0.919569882056183,0.9899876713752747
2020-06-15T10:30:00.000000000,2366,0.759191878307841,0.9871352314949036
2020-06-15T10:45:00.000000000,2367,0.834482410077775,0.9926214218139648
2020-06-15T11:00:00.000000000,2368,0.800658823932155,0.9914532899856567
2020-06-15T11:15:00.000000000,2369,0.606528080131846,0.9677907824516296
2020-06-15T11:30:00.000000000,2370,0.641109901811816,0.5921716094017029
2020-06-15T11:45:00.000000000,2371,0.686929178424248,0.9781832098960876
2020-06-15T12:00:00.000000000,2372,0.744692982471821,0.9690600037574768
2020-06-15T12:15:00.000000000,2373,0.479833610868425,0.9996263384819031
2020-06-15T12:30:00.000000000,2374,0.445632641810792,0.9997937679290771
2020-06-15T12:45:00.000000000,2375,0.509128981161138,0.9990031719207764
2020-06-15T13:00:00.000000000,2376,0.786374989657615,0.9992627501487732
2020-06-15T13:15:00.000000000,2377,0.457053425857199,0.999929666519165
2020-06-15T13:30:00.000000000,2378,0.27620331637453,0.9999953508377075
2020-06-15T13:45:00.000000000,2379,0.264199487791393,0.9999820590019226
2020-06-15T14:00:00.000000000,2380,0.313759031140206,0.9998393654823303
2020-06-15T14:15:00.000000000,2381,0.479682455852765,0.9994298815727234
2020-06-15T14:30:00.000000000,2382,0.781251111900897,0.9998630285263062
2020-06-15T14:45:00.000000000,2383,0.538571090428304,0.9999663233757019
2020-06-15T15:00:00.000000000,2384,0.501392695446348,0.9999858140945435
2020-06-15T15:15:00.000000000,2385,0.490299582192374,0.9999665021896362
2020-06-15T15:30:00.000000000,2386,0.414629774915786,0.9997116327285767
2020-06-15T15:45:00.000000000,2387,0.488553729048942,0.9988954663276672
2020-06-15T16:00:00.000000000,2388,0.140226439810145,0.9997588396072388
2020-06-15T16:15:00.000000000,2389,0.191834966475128,0.9993715882301331
2020-06-15T16:30:00.000000000,2390,0.271150410862066,0.9975579977035522
2020-06-15T16:45:00.000000000,2391,0.315623171280848,0.9947188496589661
2020-06-15T17:00:00.000000000,2392,0.216909604000586,0.9916272759437561
2020-06-15T17:15:00.000000000,2393,0.176540298708571,0.9843035340309143
2020-06-15T17:30:00.000000000,2394,0.111841027815805,0.9798097014427185
2020-06-15T17:45:00.000000000,2395,0.0957985338260466,0.9517582058906555
2020-06-15T18:00:00.000000000,2396,0.041513187960086,0.8557473421096802
2020-06-15T18:15:00.000000000,2397,0.0183503208188413,0.5801014304161072
2020-06-15T18:30:00.000000000,2398,0.0013661360763587,0.261707067489624
2020-06-15T18:45:00.000000000,2399,0.0,0.08996675163507462
2020-06-15T19:00:00.000000000,2400,0.0,0.03453758358955383
2020-06-15T19:15:00.000000000,2401,0.0,0.013697843067348003
2020-06-15T19:30:00.000000000,2402,0.0,0.007628657389432192
2020-06-15T19:45:00.000000000,2403,0.0,0.0054062362760305405
2020-06-15T20:00:00.000000000,2404,0.0,0.004545317962765694
2020-06-15T20:15:00.000000000,2405,0.0,0.004026167094707489
2020-06-15T20:30:00.000000000,2406,0.0,0.0034948440734297037
2020-06-15T20:45:00.000000000,2407,0.0,0.002991684013977647
2020-06-15T21:00:00.000000000,2408,0.0,0.0025355343241244555
2020-06-15T21:15:00.000000000,2409,0.0,0.0021392900962382555
2020-06-15T21:30:00.000000000,2410,0.0,0.0018115185666829348
2020-06-15T21:45:00.000000000,2411,0.0,0.0015580345643684268
2020-06-15T22:00:00.000000000,2412,0.0,0.0013619037345051765
2020-06-15T22:15:00.000000000,2413,0.0,0.001208145753480494
2020-06-15T22:30:00.000000000,2414,0.0,0.0011021962855011225
2020-06-15T22:45:00.000000000,2415,0.0,0.0010399320162832737
2020-06-15T23:00:00.000000000,2416,0.0,0.0009972216794267297
2020-06-15T23:15:00.000000000,2417,0.0,0.0009581352933309972
2020-06-15T23:30:00.000000000,2418,0.0,0.000919498095754534
2020-06-15T23:45:00.000000000,2419,0.0,0.0008844533585943282
2020-06-16T00:00:00.000000000,2420,0.0,0.0008553877705708146
2020-06-16T00:15:00.000000000,2421,0.0,0.0008145804749801755
2020-06-16T00:30:00.000000000,2422,0.0,0.000773045641835779
2020-06-16T00:45:00.000000000,2423,0.0,0.000738843169528991
2020-06-16T01:00:00.000000000,2424,0.0,0.0007148508448153734
2020-06-16T01:15:00.000000000,2425,0.0,0.0007038349867798388
2020-06-16T01:30:00.000000000,2426,0.0,0.000716374022886157
2020-06-16T01:45:00.000000000,2427,0.0,0.0007564800907857716
2020-06-16T02:00:00.000000000,2428,0.0,0.0008196360431611538
2020-06-16T02:15:00.000000000,2429,0.0,0.0009021423174999654
2020-06-16T02:30:00.000000000,2430,0.0,0.001006460515782237
2020-06-16T02:45:00.000000000,2431,0.0,0.0011350995628163218
2020-06-16T03:00:00.000000000,2432,0.0,0.0012869357597082853
2020-06-16T03:15:00.000000000,2433,0.0,0.0014676493592560291
2020-06-16T03:30:00.000000000,2434,0.0,0.0016864367062225938
2020-06-16T03:45:00.000000000,2435,0.0,0.001953685423359275
2020-06-16T04:00:00.000000000,2436,0.0,0.0023007404524832964
2020-06-16T04:15:00.000000000,2437,0.0,0.0027831250336021185
2020-06-16T04:30:00.000000000,2438,0.0,0.0034357893746346235
2020-06-16T04:45:00.000000000,2439,0.0,0.004314333666115999
2020-06-16T05:00:00.000000000,2440,0.0,0.005504424683749676
2020-06-16T05:15:00.000000000,2441,0.0,0.007073025684803724
2020-06-16T05:30:00.000000000,2442,0.0,0.009057165123522282
2020-06-16T05:45:00.000000000,2443,0.0,0.011491508223116398
2020-06-16T06:00:00.000000000,2444,0.0002978939991909,0.014474989846348763
2020-06-16T06:15:00.000000000,2445,0.0146885335925259,0.0186323132365942
2020-06-16T06:30:00.000000000,2446,0.0536397196035448,0.025692733004689217
2020-06-16T06:45:00.000000000,2447,0.0781518156674327,0.04237010329961777
2020-06-16T07:00:00.000000000,2448,0.11197079654559,0.08484120666980743
2020-06-16T07:15:00.000000000,2449,0.182634445317841,0.1949567049741745
2020-06-16T07:30:00.000000000,2450,0.219877630037607,0.4618525207042694
2020-06-16T07:45:00.000000000,2451,0.276176756998995,0.7847736477851868
2020-06-16T08:00:00.000000000,2452,0.380156524937425,0.9412506818771362
2020-06-16T08:15:00.000000000,2453,0.358321121909429,0.9876290559768677
2020-06-16T08:30:00.000000000,2454,0.451809620873424,0.9957700967788696
2020-06-16T08:45:00.000000000,2455,0.453275559645798,0.9982069134712219
2020-06-16T09:00:00.000000000,2456,0.452032189706368,0.9988592267036438
2020-06-16T09:15:00.000000000,2457,0.508034936746291,0.9989826679229736
2020-06-16T09:30:00.000000000,2458,0.584965525801204,0.9994590282440186
2020-06-16T09:45:00.000000000,2459,0.686710331712349,0.9995405673980713
2020-06-16T10:00:00.000000000,2460,0.871518419054718,0.9997944235801697
2020-06-16T10:15:00.000000000,2461,0.809068809380393,0.9998920559883118
2020-06-16T10:30:00.000000000,2462,0.657145582485599,0.9996157884597778
2020-06-16T10:45:00.000000000,2463,0.730437789365096,0.9929520487785339
2020-06-16T11:00:00.000000000,2464,0.904076996698562,0.9329615235328674
2020-06-16T11:15:00.000000000,2465,0.652341552816821,0.8959159255027771
2020-06-16T11:30:00.000000000,2466,0.460793124795758,0.9942162036895752
2020-06-16T11:45:00.000000000,2467,0.585074286764043,0.995002031326294
2020-06-16T12:00:00.000000000,2468,0.261352272212281,0.9653295278549194
2020-06-16T12:15:00.000000000,2469,0.479561645387791,0.9675562977790833
2020-06-16T12:30:00.000000000,2470,0.511468161927658,0.9998844265937805
2020-06-16T12:45:00.000000000,2471,0.560728171035316,0.9999777674674988
2020-06-16T13:00:00.000000000,2472,0.371209358789791,0.9999874830245972
2020-06-16T13:15:00.000000000,2473,0.567557400413695,0.9999926686286926
2020-06-16T13:30:00.000000000,2474,0.629119321380563,0.9999738931655884
2020-06-16T13:45:00.000000000,2475,0.465159965667874,0.999981164932251
2020-06-16T14:00:00.000000000,2476,0.510725824213016,0.9999825954437256
2020-06-16T14:15:00.000000000,2477,0.342185575469382,0.9999845623970032
2020-06-16T14:30:00.000000000,2478,0.764850917969254,0.9998747110366821
2020-06-16T14:45:00.000000000,2479,0.564573792035922,0.999951183795929
2020-06-16T15:00:00.000000000,2480,0.318211164829885,0.9999887347221375
2020-06-16T15:15:00.000000000,2481,0.363332516571663,0.9999682903289795
2020-06-16T15:30:00.000000000,2482,0.502918377045734,0.999871551990509
2020-06-16T15:45:00.000000000,2483,0.391974171533446,0.9986161589622498
2020-06-16T16:00:00.000000000,2484,0.385967035086387,0.9997551441192627
2020-06-16T16:15:00.000000000,2485,0.271697243806492,0.9997773766517639
2020-06-16T16:30:00.000000000,2486,0.205587045487064,0.9993988275527954
2020-06-16T16:45:00.000000000,2487,0.171605554025051,0.9977790713310242
2020-06-16T17:00:00.000000000,2488,0.149046171427461,0.9940723180770874
2020-06-16T17:15:00.000000000,2489,0.134843466234012,0.9804462790489197
2020-06-16T17:30:00.000000000,2490,0.112578192444318,0.9364537000656128
2020-06-16T17:45:00.000000000,2491,0.0807139437890047,0.8333005309104919
2020-06-16T18:00:00.000000000,2492,0.0539961577854048,0.6530449390411377
2020-06-16T18:15:00.000000000,2493,0.0267563317932512,0.4126737117767334
2020-06-16T18:30:00.000000000,2494,0.0058279219919557,0.20276708900928497
2020-06-16T18:45:00.000000000,2495,0.0,0.08214391767978668
2020-06-16T19:00:00.000000000,2496,0.0,0.03273199126124382
2020-06-16T19:15:00.000000000,2497,0.0,0.015313917770981789
2020-06-16T19:30:00.000000000,2498,0.0,0.008763309568166733
2020-06-16T19:45:00.000000000,2499,0.0,0.00609194440767169
2020-06-16T20:00:00.000000000,2500,0.0,0.004799075424671173
2020-06-16T20:15:00.000000000,2501,0.0,0.003960826899856329
2020-06-16T20:30:00.000000000,2502,0.0,0.0032959338277578354
2020-06-16T20:45:00.000000000,2503,0.0,0.002777345012873411
2020-06-16T21:00:00.000000000,2504,0.0,0.0023625101894140244
2020-06-16T21:15:00.000000000,2505,0.0,0.0020346338860690594
2020-06-16T21:30:00.000000000,2506,0.0,0.0017859447980299592
2020-06-16T21:45:00.000000000,2507,0.0,0.0015820537228137255
2020-06-16T22:00:00.000000000,2508,0.0,0.0013993129832670093
2020-06-16T22:15:00.000000000,2509,0.0,0.0012337961234152317
2020-06-16T22:30:00.000000000,2510,0.0,0.0010888365795835853
2020-06-16T22:45:00.000000000,2511,0.0,0.0009690154111012816
2020-06-16T23:00:00.000000000,2512,0.0,0.0008831674349494278
2020-06-16T23:15:00.000000000,2513,0.0,0.0008304109214805067
2020-06-16T23:30:00.000000000,2514,0.0,0.0007899974007159472
2020-06-16T23:45:00.000000000,2515,0.0,0.0007552649476565421
2020-06-17T00:00:00.000000000,2516,0.0,0.0007267940090969205
2020-06-17T00:15:00.000000000,2517,0.0,0.0007081139483489096
2020-06-17T00:30:00.000000000,2518,0.0,0.0006969838286750019
2020-06-17T00:45:00.000000000,2519,0.0,0.0006935839774087071
2020-06-17T01:00:00.000000000,2520,0.0,0.0007001280901022255
2020-06-17T01:15:00.000000000,2521,0.0,0.0007177506922744215
2020-06-17T01:30:00.000000000,2522,0.0,0.0007444516522809863
2020-06-17T01:45:00.000000000,2523,0.0,0.0007813749834895134
2020-06-17T02:00:00.000000000,2524,0.0,0.0008285641670227051
2020-06-17T02:15:00.000000000,2525,0.0,0.0008924910216592252
2020-06-17T02:30:00.000000000,2526,0.0,0.0009793950011953712
2020-06-17T02:45:00.000000000,2527,0.0,0.0011033782502636313
2020-06-17T03:00:00.000000000,2528,0.0,0.0012757520889863372
2020-06-17T03:15:00.000000000,2529,0.0,0.0015106832142919302
2020-06-17T03:30:00.000000000,2530,0.0,0.0018060705624520779
2020-06-17T03:45:00.000000000,2531,0.0,0.00216596107929945
2020-06-17T04:00:00.000000000,2532,0.0,0.002603166736662388
2020-06-17T04:15:00.000000000,2533,0.0,0.003141612745821476
2020-06-17T04:30:00.000000000,2534,0.0,0.0037984647788107395
2020-06-17T04:45:00.000000000,2535,0.0,0.004605784080922604
2020-06-17T05:00:00.000000000,2536,0.0,0.005605917423963547
2020-06-17T05:15:00.000000000,2537,0.0,0.006896450649946928
2020-06-17T05:30:00.000000000,2538,0.0,0.008653908036649227
2020-06-17T05:45:00.000000000,2539,0.0,0.010965057648718357
2020-06-17T06:00:00.000000000,2540,0.0002196668583702,0.013675970025360584
2020-06-17T06:15:00.000000000,2541,0.0107855880708523,0.017240023240447044
2020-06-17T06:30:00.000000000,2542,0.0213515092833342,0.023811182007193565
2020-06-17T06:45:00.000000000,2543,0.0319174304958162,0.0375465489923954
2020-06-17T07:00:00.000000000,2544,0.106634633074082,0.06614797562360764
2020-06-17T07:15:00.000000000,2545,0.160780999591957,0.14320899546146393
2020-06-17T07:30:00.000000000,2546,0.253922649508847,0.3480190336704254
2020-06-17T07:45:00.000000000,2547,0.29541400957046,0.7150997519493103
2020-06-17T08:00:00.000000000,2548,0.266124821755927,0.9319723844528198
2020-06-17T08:15:00.000000000,2549,0.294209816292392,0.9789871573448181
2020-06-17T08:30:00.000000000,2550,0.316457552064326,0.9897592067718506
2020-06-17T08:45:00.000000000,2551,0.303919507804924,0.9932383894920349
2020-06-17T09:00:00.000000000,2552,0.393176170802149,0.995678722858429
2020-06-17T09:15:00.000000000,2553,0.419182783770846,0.9980812668800354
2020-06-17T09:30:00.000000000,2554,0.535807969020538,0.9990534782409668
2020-06-17T09:45:00.000000000,2555,0.443653432064397,0.9996519684791565
2020-06-17T10:00:00.000000000,2556,0.485515992528046,0.9997870922088623
2020-06-17T10:15:00.000000000,2557,0.522405262516406,0.9997512102127075
2020-06-17T10:30:00.000000000,2558,0.564226627562854,0.9997646808624268
2020-06-17T10:45:00.000000000,2559,0.51357039017023,0.9997929930686951
2020-06-17T11:00:00.000000000,2560,0.523776508594513,0.9999150633811951
2020-06-17T11:15:00.000000000,2561,0.620767375443592,0.9998747706413269
2020-06-17T11:30:00.000000000,2562,0.597195897667797,0.999889612197876
2020-06-17T11:45:00.000000000,2563,0.896578988371662,0.9999079704284668
2020-06-17T12:00:00.000000000,2564,0.896633179586552,0.9999786615371704
2020-06-17T12:15:00.000000000,2565,1.05253293177912,0.9999794960021973
2020-06-17T12:30:00.000000000,2566,0.745310345985017,0.9998176693916321
2020-06-17T12:45:00.000000000,2567,0.782795845604354,0.9920216798782349
2020-06-17T13:00:00.000000000,2568,0.546910103639354,0.11585373431444168
2020-06-17T13:15:00.000000000,2569,0.686727806651275,0.14866164326667786
2020-06-17T13:30:00.000000000,2570,0.760583942895197,0.5801630020141602
2020-06-17T13:45:00.000000000,2571,0.641174880810857,0.999329149723053
2020-06-17T14:00:00.000000000,2572,0.488064746333355,0.9998547434806824
2020-06-17T14:15:00.000000000,2573,0.470466100018194,0.9999434351921082
2020-06-17T14:30:00.000000000,2574,0.648191098306534,0.9995822906494141
2020-06-17T14:45:00.000000000,2575,0.60836187571827,0.9997333884239197
2020-06-17T15:00:00.000000000,2576,0.369359349996556,0.9999408721923828
2020-06-17T15:15:00.000000000,2577,0.1207449797692,0.9999535083770752
2020-06-17T15:30:00.000000000,2578,0.0701710070533123,0.9996747374534607
2020-06-17T15:45:00.000000000,2579,0.10955054974855,0.996417224407196
2020-06-17T16:00:00.000000000,2580,0.248919329898237,0.9870667457580566
2020-06-17T16:15:00.000000000,2581,0.283530486758038,0.9329977035522461
2020-06-17T16:30:00.000000000,2582,0.142660881058156,0.8782967925071716
2020-06-17T16:45:00.000000000,2583,0.0879885631874683,0.9050260782241821
2020-06-17T17:00:00.000000000,2584,0.102298199845615,0.8876955509185791
2020-06-17T17:15:00.000000000,2585,0.121279826307989,0.8036659955978394
2020-06-17T17:30:00.000000000,2586,0.104190476526937,0.6522678732872009
2020-06-17T17:45:00.000000000,2587,0.0735304842338245,0.4463205635547638
2020-06-17T18:00:00.000000000,2588,0.0470291476857257,0.33321043848991394
2020-06-17T18:15:00.000000000,2589,0.0263218557294694,0.2439010590314865
2020-06-17T18:30:00.000000000,2590,0.0060714355109632,0.14066584408283234
2020-06-17T18:45:00.000000000,2591,0.0,0.06331568211317062
2020-06-17T19:00:00.000000000,2592,0.0,0.027845095843076706
2020-06-17T19:15:00.000000000,2593,0.0,0.014066463336348534
2020-06-17T19:30:00.000000000,2594,0.0,0.008577323518693447
2020-06-17T19:45:00.000000000,2595,0.0,0.006145211402326822
2020-06-17T20:00:00.000000000,2596,0.0,0.004877625033259392
2020-06-17T20:15:00.000000000,2597,0.0,0.00399789260700345
2020-06-17T20:30:00.000000000,2598,0.0,0.0032650695648044348
2020-06-17T20:45:00.000000000,2599,0.0,0.002711336826905608
2020-06-17T21:00:00.000000000,2600,0.0,0.002304284367710352
2020-06-17T21:15:00.000000000,2601,0.0,0.0019980035722255707
2020-06-17T21:30:00.000000000,2602,0.0,0.001760714454576373
2020-06-17T21:45:00.000000000,2603,0.0,0.0015737938228994608
2020-06-17T22:00:00.000000000,2604,0.0,0.0014229186344891787
2020-06-17T22:15:00.000000000,2605,0.0,0.0012591717531904578
2020-06-17T22:30:00.000000000,2606,0.0,0.0010948266135528684
2020-06-17T22:45:00.000000000,2607,0.0,0.0009690583683550358
2020-06-17T23:00:00.000000000,2608,0.0,0.0008818716742098331
2020-06-17T23:15:00.000000000,2609,0.0,0.0008158109849318862
2020-06-17T23:30:00.000000000,2610,0.0,0.0007572012837044895
2020-06-17T23:45:00.000000000,2611,0.0,0.0007091200677677989
