target_timestamp,target_index,y_true_original_scale,y_pred_original_scale
2020-05-21T20:15:00.000000000,5,0.0,1128.3465576171875
2020-05-21T20:30:00.000000000,6,0.0,972.3510131835938
2020-05-21T20:45:00.000000000,7,0.0,838.3130493164062
2020-05-21T21:00:00.000000000,8,0.0,720.635009765625
2020-05-21T21:15:00.000000000,9,0.0,621.3714599609375
2020-05-21T21:30:00.000000000,10,0.0,539.3355712890625
2020-05-21T21:45:00.000000000,11,0.0,472.7249450683594
2020-05-21T22:00:00.000000000,12,0.0,418.6635437011719
2020-05-21T22:15:00.000000000,13,0.0,373.0966491699219
2020-05-21T22:30:00.000000000,14,0.0,334.6374816894531
2020-05-21T22:45:00.000000000,15,0.0,301.6470947265625
2020-05-21T23:00:00.000000000,16,0.0,274.3731384277344
2020-05-21T23:15:00.000000000,17,0.0,252.75730895996094
2020-05-21T23:30:00.000000000,18,0.0,235.66107177734375
2020-05-21T23:45:00.000000000,19,0.0,222.46510314941406
2020-05-22T00:00:00.000000000,20,0.0,212.93377685546875
2020-05-22T00:15:00.000000000,21,0.0,206.72848510742188
2020-05-22T00:30:00.000000000,22,0.0,203.2500457763672
2020-05-22T00:45:00.000000000,23,0.0,202.44009399414062
2020-05-22T01:00:00.000000000,24,0.0,204.28622436523438
2020-05-22T01:15:00.000000000,25,0.0,211.21694946289062
2020-05-22T01:30:00.000000000,26,0.0,223.95870971679688
2020-05-22T01:45:00.000000000,27,0.0,240.53125
2020-05-22T02:00:00.000000000,28,0.0,261.1397705078125
2020-05-22T02:15:00.000000000,29,0.0,286.694580078125
2020-05-22T02:30:00.000000000,30,0.0,318.0548095703125
2020-05-22T02:45:00.000000000,31,0.0,355.72943115234375
2020-05-22T03:00:00.000000000,32,0.0,401.748291015625
2020-05-22T03:15:00.000000000,33,0.0,455.6815185546875
2020-05-22T03:30:00.000000000,34,0.0,516.7192993164062
2020-05-22T03:45:00.000000000,35,0.0,593.1251220703125
2020-05-22T04:00:00.000000000,36,0.0,693.7344360351562
2020-05-22T04:15:00.000000000,37,0.0,825.5000610351562
2020-05-22T04:30:00.000000000,38,0.0,1003.6290283203125
2020-05-22T04:45:00.000000000,39,0.0,1241.5977783203125
2020-05-22T05:00:00.000000000,40,0.0,1549.610595703125
2020-05-22T05:15:00.000000000,41,0.0,1946.2431640625
2020-05-22T05:30:00.000000000,42,0.0,2460.14306640625
2020-05-22T05:45:00.000000000,43,0.0,3121.701171875
2020-05-22T06:00:00.000000000,44,4856.4285715,3989.366943359375
2020-05-22T06:15:00.000000000,45,12535.9285715,5515.13330078125
2020-05-22T06:30:00.000000000,46,19705.7321429,8892.09765625
2020-05-22T06:45:00.000000000,47,26140.249999,17083.2109375
2020-05-22T07:00:00.000000000,48,35307.446429,37298.51171875
2020-05-22T07:15:00.000000000,49,77813.892857,82111.5390625
2020-05-22T07:30:00.000000000,50,99356.071428,193857.6875
2020-05-22T07:45:00.000000000,51,96299.428574,268743.34375
2020-05-22T08:00:00.000000000,52,110637.535714,280747.375
2020-05-22T08:15:00.000000000,53,103632.560714,282342.59375
2020-05-22T08:30:00.000000000,54,57482.214285,282213.4375
2020-05-22T08:45:00.000000000,55,84887.488096,281711.28125
2020-05-22T09:00:00.000000000,56,112328.171429,281925.3125
2020-05-22T09:15:00.000000000,57,124451.410714,282465.5
2020-05-22T09:30:00.000000000,58,141311.964286,282901.125
2020-05-22T09:45:00.000000000,59,118421.642858,283020.96875
2020-05-22T10:00:00.000000000,60,151447.303573,283026.4375
2020-05-22T10:15:00.000000000,61,207550.821417,283035.3125
2020-05-22T10:30:00.000000000,62,125350.589286,283049.625
2020-05-22T10:45:00.000000000,63,185545.178571,283047.96875
2020-05-22T11:00:00.000000000,64,177744.589286,283051.34375
2020-05-22T11:15:00.000000000,65,169112.007144,283025.75
2020-05-22T11:30:00.000000000,66,279968.99404,283020.28125
2020-05-22T11:45:00.000000000,67,275556.55357,283054.75
2020-05-22T12:00:00.000000000,68,283826.625,283005.5
2020-05-22T12:15:00.000000000,69,221449.339293,283029.875
2020-05-22T12:30:00.000000000,70,207784.178565,280241.375
2020-05-22T12:45:00.000000000,71,248848.678574,6462.17041015625
2020-05-22T13:00:00.000000000,72,235013.61905,24927.869140625
2020-05-22T13:15:00.000000000,73,246269.05358,218013.765625
2020-05-22T13:30:00.000000000,74,240790.48216,282020.0
2020-05-22T13:45:00.000000000,75,198059.982143,281935.6875
2020-05-22T14:00:00.000000000,76,218127.446429,277255.03125
2020-05-22T14:15:00.000000000,77,184814.089285,282339.5
2020-05-22T14:30:00.000000000,78,238468.78572,282600.8125
2020-05-22T14:45:00.000000000,79,230378.303573,282955.4375
2020-05-22T15:00:00.000000000,80,210988.160714,283041.0
2020-05-22T15:15:00.000000000,81,142292.607143,283031.15625
2020-05-22T15:30:00.000000000,82,94029.053571,283029.78125
2020-05-22T15:45:00.000000000,83,100138.928571,282448.03125
2020-05-22T16:00:00.000000000,84,70111.839287,282893.28125
2020-05-22T16:15:00.000000000,85,61082.535716,282991.4375
2020-05-22T16:30:00.000000000,86,49037.875001,282962.03125
2020-05-22T16:45:00.000000000,87,42450.035714,282583.09375
2020-05-22T17:00:00.000000000,88,35424.017857,280845.3125
2020-05-22T17:15:00.000000000,89,26301.160715,273113.46875
2020-05-22T17:30:00.000000000,90,17627.3571428,251922.140625
2020-05-22T17:45:00.000000000,91,11269.3392858,199659.515625
2020-05-22T18:00:00.000000000,92,6197.7321428,122997.9375
2020-05-22T18:15:00.000000000,93,2459.07142869,56535.5
2020-05-22T18:30:00.000000000,94,0.0,22713.244140625
2020-05-22T18:45:00.000000000,95,0.0,9856.6650390625
2020-05-22T19:00:00.000000000,96,0.0,5112.96240234375
2020-05-22T19:15:00.000000000,97,0.0,3107.79833984375
2020-05-22T19:30:00.000000000,98,0.0,2176.64111328125
2020-05-22T19:45:00.000000000,99,0.0,1696.94775390625
2020-05-22T20:00:00.000000000,100,0.0,1430.844482421875
2020-05-22T20:15:00.000000000,101,0.0,1235.4251708984375
2020-05-22T20:30:00.000000000,102,0.0,1069.0045166015625
2020-05-22T20:45:00.000000000,103,0.0,927.2613525390625
2020-05-22T21:00:00.000000000,104,0.0,807.5242919921875
2020-05-22T21:15:00.000000000,105,0.0,708.7373657226562
2020-05-22T21:30:00.000000000,106,0.0,631.5806274414062
2020-05-22T21:45:00.000000000,107,0.0,568.3305053710938
2020-05-22T22:00:00.000000000,108,0.0,500.89471435546875
2020-05-22T22:15:00.000000000,109,0.0,430.1902770996094
2020-05-22T22:30:00.000000000,110,0.0,370.56951904296875
2020-05-22T22:45:00.000000000,111,0.0,328.692626953125
2020-05-22T23:00:00.000000000,112,0.0,293.1348876953125
2020-05-22T23:15:00.000000000,113,0.0,255.59625244140625
2020-05-22T23:30:00.000000000,114,0.0,222.82408142089844
2020-05-22T23:45:00.000000000,115,0.0,198.9814910888672
2020-05-23T00:00:00.000000000,116,0.0,183.31752014160156
2020-05-23T00:15:00.000000000,117,0.0,173.8019256591797
2020-05-23T00:30:00.000000000,118,0.0,169.4945526123047
2020-05-23T00:45:00.000000000,119,0.0,169.25741577148438
2020-05-23T01:00:00.000000000,120,0.0,171.04891967773438
2020-05-23T01:15:00.000000000,121,0.0,174.2096710205078
2020-05-23T01:30:00.000000000,122,0.0,179.110107421875
2020-05-23T01:45:00.000000000,123,0.0,186.99490356445312
2020-05-23T02:00:00.000000000,124,0.0,199.5990447998047
2020-05-23T02:15:00.000000000,125,0.0,217.22207641601562
2020-05-23T02:30:00.000000000,126,0.0,241.09030151367188
2020-05-23T02:45:00.000000000,127,0.0,272.01934814453125
2020-05-23T03:00:00.000000000,128,0.0,310.7373352050781
2020-05-23T03:15:00.000000000,129,0.0,357.5658874511719
2020-05-23T03:30:00.000000000,130,0.0,417.8542175292969
2020-05-23T03:45:00.000000000,131,0.0,498.30401611328125
2020-05-23T04:00:00.000000000,132,0.0,604.4273071289062
2020-05-23T04:15:00.000000000,133,0.0,743.7799682617188
2020-05-23T04:30:00.000000000,134,0.0,925.3273315429688
2020-05-23T04:45:00.000000000,135,0.0,1154.953125
2020-05-23T05:00:00.000000000,136,0.0,1443.8408203125
2020-05-23T05:15:00.000000000,137,0.0,1811.524658203125
2020-05-23T05:30:00.000000000,138,0.0,2285.351806640625
2020-05-23T05:45:00.000000000,139,0.0,3010.073486328125
2020-05-23T06:00:00.000000000,140,14655.7000001,4212.39013671875
2020-05-23T06:15:00.000000000,141,14655.7000001,6269.763671875
2020-05-23T06:30:00.000000000,142,14655.7000001,9824.63671875
2020-05-23T06:45:00.000000000,143,14655.7000001,15912.400390625
2020-05-23T07:00:00.000000000,144,22367.5357149,25435.841796875
2020-05-23T07:15:00.000000000,145,45620.821429,42800.421875
2020-05-23T07:30:00.000000000,146,70359.75,89961.6953125
2020-05-23T07:45:00.000000000,147,82024.410716,190411.859375
2020-05-23T08:00:00.000000000,148,97364.946429,261167.109375
2020-05-23T08:15:00.000000000,149,146181.678571,278899.75
2020-05-23T08:30:00.000000000,150,172697.839286,282332.34375
2020-05-23T08:45:00.000000000,151,168447.5,282888.0
2020-05-23T09:00:00.000000000,152,180673.160714,282958.09375
2020-05-23T09:15:00.000000000,153,195359.42857,282843.59375
2020-05-23T09:30:00.000000000,154,178540.517857,281707.4375
2020-05-23T09:45:00.000000000,155,200807.535708,280934.78125
2020-05-23T10:00:00.000000000,156,198754.696429,281957.71875
2020-05-23T10:15:00.000000000,157,193530.767857,281452.71875
2020-05-23T10:30:00.000000000,158,192341.75,281083.96875
2020-05-23T10:45:00.000000000,159,216072.571427,281833.40625
2020-05-23T11:00:00.000000000,160,230190.660707,281615.15625
2020-05-23T11:15:00.000000000,161,275524.19641,282759.3125
2020-05-23T11:30:00.000000000,162,279175.89285,282884.3125
2020-05-23T11:45:00.000000000,163,282893.58929,282256.9375
2020-05-23T12:00:00.000000000,164,276528.28573,240029.453125
2020-05-23T12:15:00.000000000,165,292463.33928,156605.234375
2020-05-23T12:30:00.000000000,166,262909.53572,22516.486328125
2020-05-23T12:45:00.000000000,167,197767.500001,21539.416015625
2020-05-23T13:00:00.000000000,168,236972.03573,13395.51171875
2020-05-23T13:15:00.000000000,169,256147.39286,25423.7265625
2020-05-23T13:30:00.000000000,170,264777.30359,74502.1484375
2020-05-23T13:45:00.000000000,171,275449.71428,281549.09375
2020-05-23T14:00:00.000000000,172,227347.05356,283015.9375
2020-05-23T14:15:00.000000000,173,177404.732143,281230.125
2020-05-23T14:30:00.000000000,174,165497.946427,263195.90625
2020-05-23T14:45:00.000000000,175,157248.785715,262018.59375
2020-05-23T15:00:00.000000000,176,130365.803571,281416.8125
2020-05-23T15:15:00.000000000,177,166923.160714,283039.1875
2020-05-23T15:30:00.000000000,178,196541.982143,283054.75
2020-05-23T15:45:00.000000000,179,164185.196428,283056.75
2020-05-23T16:00:00.000000000,180,142984.875,283057.28125
2020-05-23T16:15:00.000000000,181,129104.75,283057.15625
2020-05-23T16:30:00.000000000,182,121329.0,283053.1875
2020-05-23T16:45:00.000000000,183,88899.267857,283038.9375
2020-05-23T17:00:00.000000000,184,72905.017857,283030.59375
2020-05-23T17:15:00.000000000,185,61653.142855,282976.375
2020-05-23T17:30:00.000000000,186,44697.232143,282746.1875
2020-05-23T17:45:00.000000000,187,34506.714284,281623.3125
2020-05-23T18:00:00.000000000,188,28668.089286,275651.375
2020-05-23T18:15:00.000000000,189,12637.0535711,251438.703125
2020-05-23T18:30:00.000000000,190,717.32142856,178245.1875
2020-05-23T18:45:00.000000000,191,0.0,72177.0390625
2020-05-23T19:00:00.000000000,192,0.0,22627.029296875
2020-05-23T19:15:00.000000000,193,0.0,7401.68505859375
2020-05-23T19:30:00.000000000,194,0.0,2863.589111328125
2020-05-23T19:45:00.000000000,195,0.0,1729.5228271484375
2020-05-23T20:00:00.000000000,196,0.0,1421.1112060546875
2020-05-23T20:15:00.000000000,197,0.0,1227.229248046875
2020-05-23T20:30:00.000000000,198,0.0,1062.7568359375
2020-05-23T20:45:00.000000000,199,0.0,918.6709594726562
2020-05-23T21:00:00.000000000,200,0.0,793.545166015625
2020-05-23T21:15:00.000000000,201,0.0,687.09521484375
2020-05-23T21:30:00.000000000,202,0.0,596.2547607421875
2020-05-23T21:45:00.000000000,203,0.0,525.9749145507812
2020-05-23T22:00:00.000000000,204,0.0,469.1142883300781
2020-05-23T22:15:00.000000000,205,0.0,421.7502746582031
2020-05-23T22:30:00.000000000,206,0.0,381.0111083984375
2020-05-23T22:45:00.000000000,207,0.0,344.4618225097656
2020-05-23T23:00:00.000000000,208,0.0,313.69952392578125
2020-05-23T23:15:00.000000000,209,0.0,287.72296142578125
2020-05-23T23:30:00.000000000,210,0.0,266.6715087890625
2020-05-23T23:45:00.000000000,211,0.0,251.22698974609375
2020-05-24T00:00:00.000000000,212,0.0,240.7522735595703
2020-05-24T00:15:00.000000000,213,0.0,232.87774658203125
2020-05-24T00:30:00.000000000,214,0.0,226.66726684570312
2020-05-24T00:45:00.000000000,215,0.0,221.95944213867188
2020-05-24T01:00:00.000000000,216,0.0,220.71270751953125
2020-05-24T01:15:00.000000000,217,0.0,224.37030029296875
2020-05-24T01:30:00.000000000,218,0.0,232.79420471191406
2020-05-24T01:45:00.000000000,219,0.0,248.08111572265625
2020-05-24T02:00:00.000000000,220,0.0,272.9674987792969
2020-05-24T02:15:00.000000000,221,0.0,306.49676513671875
2020-05-24T02:30:00.000000000,222,0.0,344.8876647949219
2020-05-24T02:45:00.000000000,223,0.0,383.7078552246094
2020-05-24T03:00:00.000000000,224,0.0,418.944091796875
2020-05-24T03:15:00.000000000,225,0.0,459.093994140625
2020-05-24T03:30:00.000000000,226,0.0,514.9258422851562
2020-05-24T03:45:00.000000000,227,0.0,595.5152587890625
2020-05-24T04:00:00.000000000,228,0.0,708.9074096679688
2020-05-24T04:15:00.000000000,229,0.0,858.394775390625
2020-05-24T04:30:00.000000000,230,0.0,1049.908447265625
2020-05-24T04:45:00.000000000,231,0.0,1285.9669189453125
2020-05-24T05:00:00.000000000,232,0.0,1567.9571533203125
2020-05-24T05:15:00.000000000,233,0.0,1916.3109130859375
2020-05-24T05:30:00.000000000,234,0.0,2352.875732421875
2020-05-24T05:45:00.000000000,235,0.0,2899.665771484375
2020-05-24T06:00:00.000000000,236,2377.94642861,3612.508056640625
2020-05-24T06:15:00.000000000,237,8805.8392858,4737.45556640625
2020-05-24T06:30:00.000000000,238,16364.6607144,7086.0576171875
2020-05-24T06:45:00.000000000,239,26223.142857,12758.88671875
2020-05-24T07:00:00.000000000,240,38834.142858,28591.671875
2020-05-24T07:15:00.000000000,241,53582.571428,80976.2265625
2020-05-24T07:30:00.000000000,242,70595.035713,187405.28125
2020-05-24T07:45:00.000000000,243,88050.142858,260736.21875
2020-05-24T08:00:00.000000000,244,105709.053573,279098.4375
2020-05-24T08:15:00.000000000,245,115020.142856,282178.59375
2020-05-24T08:30:00.000000000,246,153380.410714,282709.75
2020-05-24T08:45:00.000000000,247,114169.464285,282930.5625
2020-05-24T09:00:00.000000000,248,165905.160714,282946.25
2020-05-24T09:15:00.000000000,249,151049.107144,282981.78125
2020-05-24T09:30:00.000000000,250,179945.374999,282977.84375
2020-05-24T09:45:00.000000000,251,138602.357143,282944.3125
2020-05-24T10:00:00.000000000,252,159661.589284,283032.96875
2020-05-24T10:15:00.000000000,253,186227.107147,282993.71875
2020-05-24T10:30:00.000000000,254,205638.517861,283043.09375
2020-05-24T10:45:00.000000000,255,257417.196416,283026.0
2020-05-24T11:00:00.000000000,256,236075.232134,283047.09375
2020-05-24T11:15:00.000000000,257,245811.23214,283024.53125
2020-05-24T11:30:00.000000000,258,255182.66071,282896.0625
2020-05-24T11:45:00.000000000,259,255212.87501,279484.625
2020-05-24T12:00:00.000000000,260,261993.64287,256946.375
2020-05-24T12:15:00.000000000,261,276448.26787,274423.4375
2020-05-24T12:30:00.000000000,262,256224.94643,233071.5625
2020-05-24T12:45:00.000000000,263,265186.10715,199495.4375
2020-05-24T13:00:00.000000000,264,267671.32143,246522.734375
2020-05-24T13:15:00.000000000,265,261246.0,153271.640625
2020-05-24T13:30:00.000000000,266,209572.089284,205115.703125
2020-05-24T13:45:00.000000000,267,257489.46428,241715.640625
2020-05-24T14:00:00.000000000,268,196984.374998,264939.25
2020-05-24T14:15:00.000000000,269,239015.82141,278141.53125
2020-05-24T14:30:00.000000000,270,178910.839286,282324.3125
2020-05-24T14:45:00.000000000,271,204194.321424,282909.5625
2020-05-24T15:00:00.000000000,272,192523.857142,282774.15625
2020-05-24T15:15:00.000000000,273,131077.625001,282954.78125
2020-05-24T15:30:00.000000000,274,85289.749999,283018.78125
2020-05-24T15:45:00.000000000,275,67334.625001,283043.4375
2020-05-24T16:00:00.000000000,276,92390.57143,283019.28125
2020-05-24T16:15:00.000000000,277,88096.678571,283012.625
2020-05-24T16:30:00.000000000,278,76882.857144,282982.90625
2020-05-24T16:45:00.000000000,279,88822.089286,282840.75
2020-05-24T17:00:00.000000000,280,88017.499998,282828.5625
2020-05-24T17:15:00.000000000,281,57869.821429,282834.59375
2020-05-24T17:30:00.000000000,282,38298.660715,282651.1875
2020-05-24T17:45:00.000000000,283,24003.3928567,281783.0
2020-05-24T18:00:00.000000000,284,13463.5892857,277688.96875
2020-05-24T18:15:00.000000000,285,8205.9285715,248843.90625
2020-05-24T18:30:00.000000000,286,3298.7857142,129115.6171875
2020-05-24T18:45:00.000000000,287,0.0,36614.96875
2020-05-24T19:00:00.000000000,288,0.0,10687.5712890625
2020-05-24T19:15:00.000000000,289,0.0,4285.3154296875
2020-05-24T19:30:00.000000000,290,0.0,2456.95166015625
2020-05-24T19:45:00.000000000,291,0.0,1685.028564453125
2020-05-24T20:00:00.000000000,292,0.0,1346.0137939453125
2020-05-24T20:15:00.000000000,293,0.0,1178.55419921875
2020-05-24T20:30:00.000000000,294,0.0,1040.7386474609375
2020-05-24T20:45:00.000000000,295,0.0,918.1947021484375
2020-05-24T21:00:00.000000000,296,0.0,811.5859985351562
2020-05-24T21:15:00.000000000,297,0.0,715.0288696289062
2020-05-24T21:30:00.000000000,298,0.0,614.9008178710938
2020-05-24T21:45:00.000000000,299,0.0,520.0380859375
2020-05-24T22:00:00.000000000,300,0.0,446.93133544921875
2020-05-24T22:15:00.000000000,301,0.0,396.1596984863281
2020-05-24T22:30:00.000000000,302,0.0,363.24066162109375
2020-05-24T22:45:00.000000000,303,0.0,336.2366943359375
2020-05-24T23:00:00.000000000,304,0.0,311.4759826660156
2020-05-24T23:15:00.000000000,305,0.0,290.267822265625
2020-05-24T23:30:00.000000000,306,0.0,271.6278991699219
2020-05-24T23:45:00.000000000,307,0.0,257.0843200683594
2020-05-25T00:00:00.000000000,308,0.0,244.39797973632812
2020-05-25T00:15:00.000000000,309,0.0,233.55621337890625
2020-05-25T00:30:00.000000000,310,0.0,227.0926513671875
2020-05-25T00:45:00.000000000,311,0.0,226.3947296142578
2020-05-25T01:00:00.000000000,312,0.0,229.84149169921875
2020-05-25T01:15:00.000000000,313,0.0,236.76025390625
2020-05-25T01:30:00.000000000,314,0.0,247.43235778808594
2020-05-25T01:45:00.000000000,315,0.0,260.7592468261719
2020-05-25T02:00:00.000000000,316,0.0,277.646240234375
2020-05-25T02:15:00.000000000,317,0.0,300.0897216796875
2020-05-25T02:30:00.000000000,318,0.0,329.2491760253906
2020-05-25T02:45:00.000000000,319,0.0,366.4975891113281
2020-05-25T03:00:00.000000000,320,0.0,413.265625
2020-05-25T03:15:00.000000000,321,0.0,471.464599609375
2020-05-25T03:30:00.000000000,322,0.0,545.1043090820312
2020-05-25T03:45:00.000000000,323,0.0,639.3191528320312
2020-05-25T04:00:00.000000000,324,0.0,759.101806640625
2020-05-25T04:15:00.000000000,325,0.0,911.711669921875
2020-05-25T04:30:00.000000000,326,0.0,1105.247314453125
2020-05-25T04:45:00.000000000,327,0.0,1358.3406982421875
2020-05-25T05:00:00.000000000,328,0.0,1689.54736328125
2020-05-25T05:15:00.000000000,329,0.0,2095.05859375
2020-05-25T05:30:00.000000000,330,0.0,2580.104736328125
2020-05-25T05:45:00.000000000,331,0.0,3172.46484375
2020-05-25T06:00:00.000000000,332,0.0,3964.980712890625
2020-05-25T06:15:00.000000000,333,9018.8928572,5312.06005859375
2020-05-25T06:30:00.000000000,334,15892.0714286,8135.02880859375
2020-05-25T06:45:00.000000000,335,25885.642856,14385.41015625
2020-05-25T07:00:00.000000000,336,37963.892856,30158.451171875
2020-05-25T07:15:00.000000000,337,53687.178572,76906.828125
2020-05-25T07:30:00.000000000,338,60435.0,173332.796875
2020-05-25T07:45:00.000000000,339,79574.125,245511.4375
2020-05-25T08:00:00.000000000,340,76654.428571,273274.3125
2020-05-25T08:15:00.000000000,341,129853.625,279263.25
2020-05-25T08:30:00.000000000,342,146843.285717,282069.5
2020-05-25T08:45:00.000000000,343,163322.875,282854.90625
2020-05-25T09:00:00.000000000,344,181661.999998,282983.15625
2020-05-25T09:15:00.000000000,345,196268.875,283015.53125
2020-05-25T09:30:00.000000000,346,209238.142854,282816.71875
2020-05-25T09:45:00.000000000,347,222074.857139,282697.59375
2020-05-25T10:00:00.000000000,348,230920.05359,282392.21875
2020-05-25T10:15:00.000000000,349,230873.2143,281466.59375
2020-05-25T10:30:00.000000000,350,245928.66073,279413.75
2020-05-25T10:45:00.000000000,351,255876.85716,274046.34375
2020-05-25T11:00:00.000000000,352,261314.67857,260929.015625
2020-05-25T11:15:00.000000000,353,265383.46428,240856.515625
2020-05-25T11:30:00.000000000,354,270079.57142,222463.71875
2020-05-25T11:45:00.000000000,355,274643.16068,198715.59375
2020-05-25T12:00:00.000000000,356,274985.44643,176646.65625
2020-05-25T12:15:00.000000000,357,277025.85713,172095.078125
2020-05-25T12:30:00.000000000,358,276426.625,169469.921875
2020-05-25T12:45:00.000000000,359,273846.99999,159856.984375
2020-05-25T13:00:00.000000000,360,270429.0,174784.046875
2020-05-25T13:15:00.000000000,361,262416.73809,185588.140625
2020-05-25T13:30:00.000000000,362,250835.07143,210719.6875
2020-05-25T13:45:00.000000000,363,255962.4107,237566.5
2020-05-25T14:00:00.000000000,364,250431.51786,262916.03125
2020-05-25T14:15:00.000000000,365,231765.10713,277479.84375
2020-05-25T14:30:00.000000000,366,222678.089281,281482.53125
2020-05-25T14:45:00.000000000,367,206287.821428,282336.15625
2020-05-25T15:00:00.000000000,368,222198.285723,282522.9375
2020-05-25T15:15:00.000000000,369,195367.892857,282905.96875
2020-05-25T15:30:00.000000000,370,173667.803571,283021.21875
2020-05-25T15:45:00.000000000,371,187186.910713,283030.34375
2020-05-25T16:00:00.000000000,372,168689.57143,283034.09375
2020-05-25T16:15:00.000000000,373,95108.875,283047.96875
2020-05-25T16:30:00.000000000,374,43466.428572,283051.40625
2020-05-25T16:45:00.000000000,375,29196.0,283041.15625
2020-05-25T17:00:00.000000000,376,24905.142859,282884.15625
2020-05-25T17:15:00.000000000,377,21416.5,281495.1875
2020-05-25T17:30:00.000000000,378,15363.8571429,250139.75
2020-05-25T17:45:00.000000000,379,10723.5535714,123143.171875
2020-05-25T18:00:00.000000000,380,9479.5535719,60744.1640625
2020-05-25T18:15:00.000000000,381,4963.5357143,32656.248046875
2020-05-25T18:30:00.000000000,382,745.96428572,17055.724609375
2020-05-25T18:45:00.000000000,383,0.0,8771.6650390625
2020-05-25T19:00:00.000000000,384,0.0,5081.79638671875
2020-05-25T19:15:00.000000000,385,0.0,3219.697509765625
2020-05-25T19:30:00.000000000,386,0.0,2116.6435546875
2020-05-25T19:45:00.000000000,387,0.0,1613.013916015625
2020-05-25T20:00:00.000000000,388,0.0,1328.07568359375
2020-05-25T20:15:00.000000000,389,0.0,1101.6424560546875
2020-05-25T20:30:00.000000000,390,0.0,930.3208618164062
2020-05-25T20:45:00.000000000,391,0.0,829.6484985351562
2020-05-25T21:00:00.000000000,392,0.0,767.1881103515625
2020-05-25T21:15:00.000000000,393,0.0,710.0639038085938
2020-05-25T21:30:00.000000000,394,0.0,649.0756225585938
2020-05-25T21:45:00.000000000,395,0.0,565.3452758789062
2020-05-25T22:00:00.000000000,396,0.0,469.3113708496094
2020-05-25T22:15:00.000000000,397,0.0,389.3150634765625
2020-05-25T22:30:00.000000000,398,0.0,334.8852844238281
2020-05-25T22:45:00.000000000,399,0.0,296.6813049316406
2020-05-25T23:00:00.000000000,400,0.0,262.2422180175781
2020-05-25T23:15:00.000000000,401,0.0,234.57025146484375
2020-05-25T23:30:00.000000000,402,0.0,213.0011444091797
2020-05-25T23:45:00.000000000,403,0.0,195.92056274414062
2020-05-26T00:00:00.000000000,404,0.0,183.15798950195312
2020-05-26T00:15:00.000000000,405,0.0,174.86131286621094
2020-05-26T00:30:00.000000000,406,0.0,170.7114715576172
2020-05-26T00:45:00.000000000,407,0.0,169.89646911621094
2020-05-26T01:00:00.000000000,408,0.0,171.2860565185547
2020-05-26T01:15:00.000000000,409,0.0,174.7819366455078
2020-05-26T01:30:00.000000000,410,0.0,180.50408935546875
2020-05-26T01:45:00.000000000,411,0.0,188.6262969970703
2020-05-26T02:00:00.000000000,412,0.0,199.8856201171875
2020-05-26T02:15:00.000000000,413,0.0,215.30792236328125
2020-05-26T02:30:00.000000000,414,0.0,234.6802215576172
2020-05-26T02:45:00.000000000,415,0.0,256.9493713378906
2020-05-26T03:00:00.000000000,416,0.0,282.5693054199219
2020-05-26T03:15:00.000000000,417,0.0,315.24407958984375
2020-05-26T03:30:00.000000000,418,0.0,359.5834045410156
2020-05-26T03:45:00.000000000,419,0.0,420.5307312011719
2020-05-26T04:00:00.000000000,420,0.0,503.11285400390625
2020-05-26T04:15:00.000000000,421,0.0,608.947021484375
2020-05-26T04:30:00.000000000,422,0.0,737.9116821289062
2020-05-26T04:45:00.000000000,423,0.0,908.68896484375
2020-05-26T05:00:00.000000000,424,0.0,1141.2802734375
2020-05-26T05:15:00.000000000,425,0.0,1448.1348876953125
2020-05-26T05:30:00.000000000,426,0.0,1868.8720703125
2020-05-26T05:45:00.000000000,427,0.0,2465.419921875
2020-05-26T06:00:00.000000000,428,2755.7678572,3271.757568359375
2020-05-26T06:15:00.000000000,429,8637.2857145,4528.7490234375
2020-05-26T06:30:00.000000000,430,16522.6785714,6953.3818359375
2020-05-26T06:45:00.000000000,431,26664.303571,12319.888671875
2020-05-26T07:00:00.000000000,432,40151.767858,26443.853515625
2020-05-26T07:15:00.000000000,433,56277.464285,73383.0625
2020-05-26T07:30:00.000000000,434,73354.767856,177022.234375
2020-05-26T07:45:00.000000000,435,92124.339285,256534.28125
2020-05-26T08:00:00.000000000,436,111467.178573,278010.53125
2020-05-26T08:15:00.000000000,437,129811.517856,281882.71875
2020-05-26T08:30:00.000000000,438,147847.250001,282692.75
2020-05-26T08:45:00.000000000,439,164710.446428,282897.3125
2020-05-26T09:00:00.000000000,440,180598.874999,282950.09375
2020-05-26T09:15:00.000000000,441,194568.999999,282950.71875
2020-05-26T09:30:00.000000000,442,208863.910715,282931.40625
2020-05-26T09:45:00.000000000,443,215653.982146,282841.875
2020-05-26T10:00:00.000000000,444,234480.42857,282569.96875
2020-05-26T10:15:00.000000000,445,216227.10714,281684.65625
2020-05-26T10:30:00.000000000,446,259007.642869,278322.34375
2020-05-26T10:45:00.000000000,447,246529.25001,274536.53125
2020-05-26T11:00:00.000000000,448,268067.80357,268335.1875
2020-05-26T11:15:00.000000000,449,170245.303569,263208.65625
2020-05-26T11:30:00.000000000,450,241034.91071,239735.21875
2020-05-26T11:45:00.000000000,451,215185.464279,54999.95703125
2020-05-26T12:00:00.000000000,452,231785.232143,252815.65625
2020-05-26T12:15:00.000000000,453,278563.46427,276049.46875
2020-05-26T12:30:00.000000000,454,172118.142853,283043.875
2020-05-26T12:45:00.000000000,455,268710.58929,282453.21875
2020-05-26T13:00:00.000000000,456,180054.482144,282985.78125
2020-05-26T13:15:00.000000000,457,189248.482147,282691.3125
2020-05-26T13:30:00.000000000,458,236891.482145,276967.4375
2020-05-26T13:45:00.000000000,459,270711.21429,283046.6875
2020-05-26T14:00:00.000000000,460,182414.75,282712.8125
2020-05-26T14:15:00.000000000,461,75814.44643,283056.34375
2020-05-26T14:30:00.000000000,462,158090.5,283031.9375
2020-05-26T14:45:00.000000000,463,100082.696429,282251.625
2020-05-26T15:00:00.000000000,464,99247.660714,282872.875
2020-05-26T15:15:00.000000000,465,93425.500001,283051.09375
2020-05-26T15:30:00.000000000,466,177462.785715,283049.75
2020-05-26T15:45:00.000000000,467,166088.589285,283052.28125
2020-05-26T16:00:00.000000000,468,112561.125,283055.90625
2020-05-26T16:15:00.000000000,469,139076.321429,283056.0
2020-05-26T16:30:00.000000000,470,117984.017859,283054.78125
2020-05-26T16:45:00.000000000,471,130992.982143,283045.625
2020-05-26T17:00:00.000000000,472,93045.892856,283044.03125
2020-05-26T17:15:00.000000000,473,22259.6607144,283036.21875
2020-05-26T17:30:00.000000000,474,14232.5000001,282901.46875
2020-05-26T17:45:00.000000000,475,11071.9107142,281573.625
2020-05-26T18:00:00.000000000,476,8128.0535714,265611.875
2020-05-26T18:15:00.000000000,477,1854.0,128797.3359375
2020-05-26T18:30:00.000000000,478,0.0,17975.677734375
2020-05-26T18:45:00.000000000,479,0.0,9625.927734375
2020-05-26T19:00:00.000000000,480,0.0,5982.36865234375
2020-05-26T19:15:00.000000000,481,0.0,3835.2392578125
2020-05-26T19:30:00.000000000,482,0.0,2566.157958984375
2020-05-26T19:45:00.000000000,483,0.0,1750.8531494140625
2020-05-26T20:00:00.000000000,484,0.0,1319.7413330078125
2020-05-26T20:15:00.000000000,485,0.0,1092.42724609375
2020-05-26T20:30:00.000000000,486,0.0,927.70263671875
2020-05-26T20:45:00.000000000,487,0.0,823.5051879882812
2020-05-26T21:00:00.000000000,488,0.0,745.7048950195312
2020-05-26T21:15:00.000000000,489,0.0,675.2822875976562
2020-05-26T21:30:00.000000000,490,0.0,617.3695068359375
2020-05-26T21:45:00.000000000,491,0.0,564.0451049804688
2020-05-26T22:00:00.000000000,492,0.0,505.7506408691406
2020-05-26T22:15:00.000000000,493,0.0,450.9114685058594
2020-05-26T22:30:00.000000000,494,0.0,402.4576416015625
2020-05-26T22:45:00.000000000,495,0.0,364.0240783691406
2020-05-26T23:00:00.000000000,496,0.0,332.71771240234375
2020-05-26T23:15:00.000000000,497,0.0,304.8826904296875
2020-05-26T23:30:00.000000000,498,0.0,277.90692138671875
2020-05-26T23:45:00.000000000,499,0.0,255.42840576171875
2020-05-27T00:00:00.000000000,500,0.0,238.69166564941406
2020-05-27T00:15:00.000000000,501,0.0,225.87294006347656
2020-05-27T00:30:00.000000000,502,0.0,216.17481994628906
2020-05-27T00:45:00.000000000,503,0.0,211.24472045898438
2020-05-27T01:00:00.000000000,504,0.0,211.9985809326172
2020-05-27T01:15:00.000000000,505,0.0,217.95889282226562
2020-05-27T01:30:00.000000000,506,0.0,229.13623046875
2020-05-27T01:45:00.000000000,507,0.0,244.60719299316406
2020-05-27T02:00:00.000000000,508,0.0,263.1267395019531
2020-05-27T02:15:00.000000000,509,0.0,282.42608642578125
2020-05-27T02:30:00.000000000,510,0.0,303.8074645996094
2020-05-27T02:45:00.000000000,511,0.0,333.9386901855469
2020-05-27T03:00:00.000000000,512,0.0,382.98736572265625
2020-05-27T03:15:00.000000000,513,0.0,451.182861328125
2020-05-27T03:30:00.000000000,514,0.0,534.6356811523438
2020-05-27T03:45:00.000000000,515,0.0,631.0270385742188
2020-05-27T04:00:00.000000000,516,0.0,741.036865234375
2020-05-27T04:15:00.000000000,517,0.0,875.0093383789062
2020-05-27T04:30:00.000000000,518,0.0,1050.33203125
2020-05-27T04:45:00.000000000,519,0.0,1284.40625
2020-05-27T05:00:00.000000000,520,0.0,1595.8017578125
2020-05-27T05:15:00.000000000,521,0.0,2004.1767578125
2020-05-27T05:30:00.000000000,522,0.0,2526.45263671875
2020-05-27T05:45:00.000000000,523,0.0,3201.115234375
2020-05-27T06:00:00.000000000,524,3120.9821426,4072.757080078125
2020-05-27T06:15:00.000000000,525,8243.95,5448.61279296875
2020-05-27T06:30:00.000000000,526,18215.482143,8058.2705078125
2020-05-27T06:45:00.000000000,527,33365.607142,14605.5751953125
2020-05-27T07:00:00.000000000,528,42938.190476,35484.6953125
2020-05-27T07:15:00.000000000,529,43057.089284,98664.0078125
2020-05-27T07:30:00.000000000,530,74281.732143,186376.6875
2020-05-27T07:45:00.000000000,531,86378.928571,254509.609375
2020-05-27T08:00:00.000000000,532,102644.125001,276910.78125
2020-05-27T08:15:00.000000000,533,127223.011904,281675.71875
2020-05-27T08:30:00.000000000,534,124004.571429,282783.34375
2020-05-27T08:45:00.000000000,535,158182.47619,282947.40625
2020-05-27T09:00:00.000000000,536,177142.107142,283007.78125
2020-05-27T09:15:00.000000000,537,182864.089285,283022.90625
2020-05-27T09:30:00.000000000,538,189068.672619,283004.40625
2020-05-27T09:45:00.000000000,539,184712.675,283000.9375
2020-05-27T10:00:00.000000000,540,179902.3,282780.875
2020-05-27T10:15:00.000000000,541,135950.660714,282567.3125
2020-05-27T10:30:00.000000000,542,186942.041668,282344.34375
2020-05-27T10:45:00.000000000,543,161357.499999,282622.71875
2020-05-27T11:00:00.000000000,544,168393.964286,282996.1875
2020-05-27T11:15:00.000000000,545,248979.09525,283036.5625
2020-05-27T11:30:00.000000000,546,268791.66666,283056.90625
2020-05-27T11:45:00.000000000,547,213991.249998,283055.34375
2020-05-27T12:00:00.000000000,548,266222.5,283054.78125
2020-05-27T12:15:00.000000000,549,173560.821433,283012.90625
2020-05-27T12:30:00.000000000,550,153139.910714,268067.90625
2020-05-27T12:45:00.000000000,551,171476.785713,260790.28125
2020-05-27T13:00:00.000000000,552,202277.624999,282483.5625
2020-05-27T13:15:00.000000000,553,107412.892856,282716.3125
2020-05-27T13:30:00.000000000,554,95533.113096,283057.40625
2020-05-27T13:45:00.000000000,555,97894.124999,283055.40625
2020-05-27T14:00:00.000000000,556,93571.267855,283051.3125
2020-05-27T14:15:00.000000000,557,90297.410715,283051.875
2020-05-27T14:30:00.000000000,558,208009.125003,283051.25
2020-05-27T14:45:00.000000000,559,110749.452382,283056.09375
2020-05-27T15:00:00.000000000,560,110966.982141,283057.3125
2020-05-27T15:15:00.000000000,561,93367.589284,283057.125
2020-05-27T15:30:00.000000000,562,184323.392856,283054.75
2020-05-27T15:45:00.000000000,563,137104.749999,283052.53125
2020-05-27T16:00:00.000000000,564,141093.660715,283056.25
2020-05-27T16:15:00.000000000,565,113226.339287,283056.5
2020-05-27T16:30:00.000000000,566,108788.035715,283053.5625
2020-05-27T16:45:00.000000000,567,67808.017857,283015.125
2020-05-27T17:00:00.000000000,568,58180.232143,283001.3125
2020-05-27T17:15:00.000000000,569,39244.142858,282821.75
2020-05-27T17:30:00.000000000,570,20198.982143,281897.1875
2020-05-27T17:45:00.000000000,571,13355.7321428,275046.03125
2020-05-27T18:00:00.000000000,572,6594.4047619,223209.6875
2020-05-27T18:15:00.000000000,573,1318.2678571,110576.578125
2020-05-27T18:30:00.000000000,574,59.375,32825.30859375
2020-05-27T18:45:00.000000000,575,0.0,10269.9130859375
2020-05-27T19:00:00.000000000,576,0.0,4896.03271484375
2020-05-27T19:15:00.000000000,577,0.0,2863.55517578125
2020-05-27T19:30:00.000000000,578,0.0,2066.797607421875
2020-05-27T19:45:00.000000000,579,0.0,1570.4864501953125
2020-05-27T20:00:00.000000000,580,0.0,1212.5274658203125
2020-05-27T20:15:00.000000000,581,0.0,1014.0569458007812
2020-05-27T20:30:00.000000000,582,0.0,894.469970703125
2020-05-27T20:45:00.000000000,583,0.0,789.84716796875
2020-05-27T21:00:00.000000000,584,0.0,667.61962890625
2020-05-27T21:15:00.000000000,585,0.0,575.2885131835938
2020-05-27T21:30:00.000000000,586,0.0,501.5214538574219
2020-05-27T21:45:00.000000000,587,0.0,436.5122375488281
2020-05-27T22:00:00.000000000,588,0.0,379.6578674316406
2020-05-27T22:15:00.000000000,589,0.0,332.949462890625
2020-05-27T22:30:00.000000000,590,0.0,296.1634216308594
2020-05-27T22:45:00.000000000,591,0.0,269.30316162109375
2020-05-27T23:00:00.000000000,592,0.0,250.58663940429688
2020-05-27T23:15:00.000000000,593,0.0,240.16604614257812
2020-05-27T23:30:00.000000000,594,0.0,235.00978088378906
2020-05-27T23:45:00.000000000,595,0.0,230.83160400390625
2020-05-28T00:00:00.000000000,596,0.0,225.54762268066406
2020-05-28T00:15:00.000000000,597,0.0,219.93502807617188
2020-05-28T00:30:00.000000000,598,0.0,213.82054138183594
2020-05-28T00:45:00.000000000,599,0.0,209.9571533203125
2020-05-28T01:00:00.000000000,600,0.0,209.74937438964844
2020-05-28T01:15:00.000000000,601,0.0,210.73341369628906
2020-05-28T01:30:00.000000000,602,0.0,211.1029510498047
2020-05-28T01:45:00.000000000,603,0.0,213.85121154785156
2020-05-28T02:00:00.000000000,604,0.0,221.4971466064453
2020-05-28T02:15:00.000000000,605,0.0,236.3597869873047
2020-05-28T02:30:00.000000000,606,0.0,259.0168762207031
2020-05-28T02:45:00.000000000,607,0.0,288.96270751953125
2020-05-28T03:00:00.000000000,608,0.0,328.13092041015625
2020-05-28T03:15:00.000000000,609,0.0,377.5390930175781
2020-05-28T03:30:00.000000000,610,0.0,439.151611328125
2020-05-28T03:45:00.000000000,611,0.0,521.6036987304688
2020-05-28T04:00:00.000000000,612,0.0,634.0291748046875
2020-05-28T04:15:00.000000000,613,0.0,771.5169677734375
2020-05-28T04:30:00.000000000,614,0.0,936.0728759765625
2020-05-28T04:45:00.000000000,615,0.0,1139.8638916015625
2020-05-28T05:00:00.000000000,616,0.0,1387.4493408203125
2020-05-28T05:15:00.000000000,617,0.0,1689.3221435546875
2020-05-28T05:30:00.000000000,618,0.0,2093.29833984375
2020-05-28T05:45:00.000000000,619,0.0,2626.48291015625
2020-05-28T06:00:00.000000000,620,3314.7857141,3283.55029296875
2020-05-28T06:15:00.000000000,621,9504.7857143,4335.01708984375
2020-05-28T06:30:00.000000000,622,17514.7857143,6469.01806640625
2020-05-28T06:45:00.000000000,623,28744.696428,11313.4814453125
2020-05-28T07:00:00.000000000,624,42800.232143,24846.740234375
2020-05-28T07:15:00.000000000,625,58807.892858,74130.4453125
2020-05-28T07:30:00.000000000,626,75355.642857,184163.53125
2020-05-28T07:45:00.000000000,627,93389.000001,260508.0
2020-05-28T08:00:00.000000000,628,110366.339286,278755.28125
2020-05-28T08:15:00.000000000,629,128930.464286,281889.6875
2020-05-28T08:30:00.000000000,630,147952.392857,282622.40625
2020-05-28T08:45:00.000000000,631,166723.464287,282849.0625
2020-05-28T09:00:00.000000000,632,181022.767858,282927.65625
2020-05-28T09:15:00.000000000,633,194474.053572,282949.59375
2020-05-28T09:30:00.000000000,634,208171.357145,282927.71875
2020-05-28T09:45:00.000000000,635,212358.333334,282833.875
2020-05-28T10:00:00.000000000,636,225418.446426,282569.6875
2020-05-28T10:15:00.000000000,637,233272.07142,282039.625
2020-05-28T10:30:00.000000000,638,216263.535715,280798.15625
2020-05-28T10:45:00.000000000,639,207863.160718,277092.125
2020-05-28T11:00:00.000000000,640,242176.553585,269589.8125
2020-05-28T11:15:00.000000000,641,274505.26785,253598.8125
2020-05-28T11:30:00.000000000,642,283830.53572,272898.0625
2020-05-28T11:45:00.000000000,643,276006.14285,280339.28125
2020-05-28T12:00:00.000000000,644,265214.03572,281003.9375
2020-05-28T12:15:00.000000000,645,284571.65237,232298.921875
2020-05-28T12:30:00.000000000,646,242437.874991,81675.515625
2020-05-28T12:45:00.000000000,647,265731.67857,82536.6953125
2020-05-28T13:00:00.000000000,648,282757.28571,178832.34375
2020-05-28T13:15:00.000000000,649,227630.35716,233586.390625
2020-05-28T13:30:00.000000000,650,159009.964286,239735.34375
2020-05-28T13:45:00.000000000,651,218978.124997,280180.125
2020-05-28T14:00:00.000000000,652,207014.458337,270047.65625
2020-05-28T14:15:00.000000000,653,105308.642857,281399.15625
2020-05-28T14:30:00.000000000,654,179159.124998,283037.40625
2020-05-28T14:45:00.000000000,655,177523.452382,283056.9375
2020-05-28T15:00:00.000000000,656,220541.982138,283049.65625
2020-05-28T15:15:00.000000000,657,188854.428571,283057.46875
2020-05-28T15:30:00.000000000,658,176704.136904,283058.25
2020-05-28T15:45:00.000000000,659,135039.910715,283057.15625
2020-05-28T16:00:00.000000000,660,64711.886905,283053.125
2020-05-28T16:15:00.000000000,661,97503.321428,282992.34375
2020-05-28T16:30:00.000000000,662,95317.874999,283015.125
2020-05-28T16:45:00.000000000,663,81726.809524,283006.875
2020-05-28T17:00:00.000000000,664,71692.446429,282965.6875
2020-05-28T17:15:00.000000000,665,57515.214285,282828.75
2020-05-28T17:30:00.000000000,666,24810.803573,282597.15625
2020-05-28T17:45:00.000000000,667,15151.0892857,280959.84375
2020-05-28T18:00:00.000000000,668,10506.0892858,269062.0
2020-05-28T18:15:00.000000000,669,5899.3214285,199861.546875
2020-05-28T18:30:00.000000000,670,1316.49285715,73068.265625
2020-05-28T18:45:00.000000000,671,0.0,16440.74609375
2020-05-28T19:00:00.000000000,672,0.0,6949.9150390625
2020-05-28T19:15:00.000000000,673,0.0,3768.864013671875
2020-05-28T19:30:00.000000000,674,0.0,2401.236572265625
2020-05-28T19:45:00.000000000,675,0.0,1777.2049560546875
2020-05-28T20:00:00.000000000,676,0.0,1473.3770751953125
2020-05-28T20:15:00.000000000,677,0.0,1247.250244140625
2020-05-28T20:30:00.000000000,678,0.0,1066.8895263671875
2020-05-28T20:45:00.000000000,679,0.0,922.3428955078125
2020-05-28T21:00:00.000000000,680,0.0,805.1453247070312
2020-05-28T21:15:00.000000000,681,0.0,702.6840209960938
2020-05-28T21:30:00.000000000,682,0.0,606.4560546875
2020-05-28T21:45:00.000000000,683,0.0,480.2375793457031
2020-05-28T22:00:00.000000000,684,0.0,374.14263916015625
2020-05-28T22:15:00.000000000,685,0.0,309.4484558105469
2020-05-28T22:30:00.000000000,686,0.0,269.45306396484375
2020-05-28T22:45:00.000000000,687,0.0,235.94891357421875
2020-05-28T23:00:00.000000000,688,0.0,214.43972778320312
2020-05-28T23:15:00.000000000,689,0.0,201.06900024414062
2020-05-28T23:30:00.000000000,690,0.0,189.36866760253906
2020-05-28T23:45:00.000000000,691,0.0,179.3974609375
2020-05-29T00:00:00.000000000,692,0.0,171.00009155273438
2020-05-29T00:15:00.000000000,693,0.0,164.66818237304688
2020-05-29T00:30:00.000000000,694,0.0,160.56716918945312
2020-05-29T00:45:00.000000000,695,0.0,158.57371520996094
2020-05-29T01:00:00.000000000,696,0.0,157.64268493652344
2020-05-29T01:15:00.000000000,697,0.0,158.42239379882812
2020-05-29T01:30:00.000000000,698,0.0,161.49517822265625
2020-05-29T01:45:00.000000000,699,0.0,167.3959197998047
2020-05-29T02:00:00.000000000,700,0.0,176.55259704589844
2020-05-29T02:15:00.000000000,701,0.0,192.20758056640625
2020-05-29T02:30:00.000000000,702,0.0,216.02239990234375
2020-05-29T02:45:00.000000000,703,0.0,250.394287109375
2020-05-29T03:00:00.000000000,704,0.0,297.89208984375
2020-05-29T03:15:00.000000000,705,0.0,362.44439697265625
2020-05-29T03:30:00.000000000,706,0.0,447.5332336425781
2020-05-29T03:45:00.000000000,707,0.0,560.632568359375
2020-05-29T04:00:00.000000000,708,0.0,712.2198486328125
2020-05-29T04:15:00.000000000,709,0.0,917.0377197265625
2020-05-29T04:30:00.000000000,710,0.0,1195.8876953125
2020-05-29T04:45:00.000000000,711,0.0,1578.1568603515625
2020-05-29T05:00:00.000000000,712,0.0,2105.33203125
2020-05-29T05:15:00.000000000,713,0.0,2835.823486328125
2020-05-29T05:30:00.000000000,714,0.0,3851.381103515625
2020-05-29T05:45:00.000000000,715,0.0,5265.326171875
2020-05-29T06:00:00.000000000,716,11155.3333333,7232.4541015625
2020-05-29T06:15:00.000000000,717,11155.3333333,9959.724609375
2020-05-29T06:30:00.000000000,718,21612.4285724,13715.3525390625
2020-05-29T06:45:00.000000000,719,33513.035715,20935.376953125
2020-05-29T07:00:00.000000000,720,43164.464286,37569.3125
2020-05-29T07:15:00.000000000,721,43546.928572,75987.4765625
2020-05-29T07:30:00.000000000,722,48868.946429,137455.609375
2020-05-29T07:45:00.000000000,723,59633.767857,199120.40625
2020-05-29T08:00:00.000000000,724,73497.732143,241335.4375
2020-05-29T08:15:00.000000000,725,93882.303571,265714.625
2020-05-29T08:30:00.000000000,726,110597.321428,277592.84375
2020-05-29T08:45:00.000000000,727,122060.678572,281515.8125
2020-05-29T09:00:00.000000000,728,151235.571428,282517.0625
2020-05-29T09:15:00.000000000,729,199633.089286,282827.28125
2020-05-29T09:30:00.000000000,730,142957.214285,282967.53125
2020-05-29T09:45:00.000000000,731,185831.964287,282933.5625
2020-05-29T10:00:00.000000000,732,192094.946429,282796.46875
2020-05-29T10:15:00.000000000,733,261290.32145,281854.25
2020-05-29T10:30:00.000000000,734,265695.98215,281554.8125
2020-05-29T10:45:00.000000000,735,251875.01785,282945.34375
2020-05-29T11:00:00.000000000,736,256672.60714,279516.96875
2020-05-29T11:15:00.000000000,737,241112.16073,218399.8125
2020-05-29T11:30:00.000000000,738,204165.571429,6662.09814453125
2020-05-29T11:45:00.000000000,739,277691.32143,18136.6796875
2020-05-29T12:00:00.000000000,740,261260.41071,143033.015625
2020-05-29T12:15:00.000000000,741,224220.57143,207956.796875
2020-05-29T12:30:00.000000000,742,262618.35717,247267.21875
2020-05-29T12:45:00.000000000,743,273016.26786,248933.578125
2020-05-29T13:00:00.000000000,744,275776.57141,84398.6171875
2020-05-29T13:15:00.000000000,745,255066.875,277683.28125
2020-05-29T13:30:00.000000000,746,241203.96426,279356.3125
2020-05-29T13:45:00.000000000,747,195300.696428,140570.765625
2020-05-29T14:00:00.000000000,748,146673.107142,89088.796875
2020-05-29T14:15:00.000000000,749,204268.428577,178073.53125
2020-05-29T14:30:00.000000000,750,179871.589287,279554.84375
2020-05-29T14:45:00.000000000,751,193773.696429,282973.53125
2020-05-29T15:00:00.000000000,752,169502.499999,283056.125
2020-05-29T15:15:00.000000000,753,164529.375,283056.15625
2020-05-29T15:30:00.000000000,754,153956.732145,283029.03125
2020-05-29T15:45:00.000000000,755,160888.785715,283049.375
2020-05-29T16:00:00.000000000,756,148051.303572,283048.96875
2020-05-29T16:15:00.000000000,757,140480.571429,283053.09375
2020-05-29T16:30:00.000000000,758,91834.392857,283050.9375
2020-05-29T16:45:00.000000000,759,79403.392857,283036.96875
2020-05-29T17:00:00.000000000,760,70533.464286,282991.875
2020-05-29T17:15:00.000000000,761,50867.499998,282865.53125
2020-05-29T17:30:00.000000000,762,27273.196429,282274.8125
2020-05-29T17:45:00.000000000,763,20308.3928572,278480.40625
2020-05-29T18:00:00.000000000,764,9831.7678572,257503.4375
2020-05-29T18:15:00.000000000,765,2790.4702382,178516.953125
2020-05-29T18:30:00.000000000,766,39.125,63758.91015625
2020-05-29T18:45:00.000000000,767,0.0,17828.19140625
2020-05-29T19:00:00.000000000,768,0.0,7164.4599609375
2020-05-29T19:15:00.000000000,769,0.0,3412.629150390625
2020-05-29T19:30:00.000000000,770,0.0,2143.327392578125
2020-05-29T19:45:00.000000000,771,0.0,1639.59619140625
2020-05-29T20:00:00.000000000,772,0.0,1331.421142578125
2020-05-29T20:15:00.000000000,773,0.0,1136.84765625
2020-05-29T20:30:00.000000000,774,0.0,996.96728515625
2020-05-29T20:45:00.000000000,775,0.0,892.5171508789062
2020-05-29T21:00:00.000000000,776,0.0,800.9683227539062
2020-05-29T21:15:00.000000000,777,0.0,707.4326171875
2020-05-29T21:30:00.000000000,778,0.0,623.7888793945312
2020-05-29T21:45:00.000000000,779,0.0,551.7512817382812
2020-05-29T22:00:00.000000000,780,0.0,490.0016784667969
2020-05-29T22:15:00.000000000,781,0.0,439.0140686035156
2020-05-29T22:30:00.000000000,782,0.0,389.3619689941406
2020-05-29T22:45:00.000000000,783,0.0,326.1960754394531
2020-05-29T23:00:00.000000000,784,0.0,273.405029296875
2020-05-29T23:15:00.000000000,785,0.0,237.17752075195312
2020-05-29T23:30:00.000000000,786,0.0,212.22877502441406
2020-05-29T23:45:00.000000000,787,0.0,192.56088256835938
2020-05-30T00:00:00.000000000,788,0.0,182.04872131347656
2020-05-30T00:15:00.000000000,789,0.0,175.95489501953125
2020-05-30T00:30:00.000000000,790,0.0,172.204345703125
2020-05-30T00:45:00.000000000,791,0.0,170.1988983154297
2020-05-30T01:00:00.000000000,792,0.0,170.10694885253906
2020-05-30T01:15:00.000000000,793,0.0,171.7806854248047
2020-05-30T01:30:00.000000000,794,0.0,176.02662658691406
2020-05-30T01:45:00.000000000,795,0.0,183.7423858642578
2020-05-30T02:00:00.000000000,796,0.0,195.74392700195312
2020-05-30T02:15:00.000000000,797,0.0,211.76683044433594
2020-05-30T02:30:00.000000000,798,0.0,233.31797790527344
2020-05-30T02:45:00.000000000,799,0.0,261.64349365234375
2020-05-30T03:00:00.000000000,800,0.0,298.28155517578125
2020-05-30T03:15:00.000000000,801,0.0,344.7794189453125
2020-05-30T03:30:00.000000000,802,0.0,403.1335754394531
2020-05-30T03:45:00.000000000,803,0.0,476.1612548828125
2020-05-30T04:00:00.000000000,804,0.0,569.0067749023438
2020-05-30T04:15:00.000000000,805,0.0,688.3822631835938
2020-05-30T04:30:00.000000000,806,0.0,844.0453491210938
2020-05-30T04:45:00.000000000,807,0.0,1047.927734375
2020-05-30T05:00:00.000000000,808,0.0,1303.82470703125
2020-05-30T05:15:00.000000000,809,0.0,1628.0396728515625
2020-05-30T05:30:00.000000000,810,0.0,2050.55517578125
2020-05-30T05:45:00.000000000,811,0.0,2600.4677734375
2020-05-30T06:00:00.000000000,812,1637.2857143,3310.663818359375
2020-05-30T06:15:00.000000000,813,6909.9464287,4358.7880859375
2020-05-30T06:30:00.000000000,814,15397.8392857,6272.2568359375
2020-05-30T06:45:00.000000000,815,26429.821429,10690.033203125
2020-05-30T07:00:00.000000000,816,37394.5,22414.048828125
2020-05-30T07:15:00.000000000,817,48355.303572,53721.09375
2020-05-30T07:30:00.000000000,818,44064.107143,120824.4453125
2020-05-30T07:45:00.000000000,819,51602.964285,189462.078125
2020-05-30T08:00:00.000000000,820,67760.339288,234395.65625
2020-05-30T08:15:00.000000000,821,95267.696429,261473.296875
2020-05-30T08:30:00.000000000,822,78590.660716,276840.71875
2020-05-30T08:45:00.000000000,823,75884.982143,280926.3125
2020-05-30T09:00:00.000000000,824,82920.392856,281843.53125
2020-05-30T09:15:00.000000000,825,119132.839285,282034.96875
2020-05-30T09:30:00.000000000,826,137766.160716,282483.75
2020-05-30T09:45:00.000000000,827,102428.392857,282913.3125
2020-05-30T10:00:00.000000000,828,102686.178572,282969.84375
2020-05-30T10:15:00.000000000,829,95839.785715,282942.75
2020-05-30T10:30:00.000000000,830,115928.25,282812.25
2020-05-30T10:45:00.000000000,831,117660.57143,282870.625
2020-05-30T11:00:00.000000000,832,143787.696429,282978.5
2020-05-30T11:15:00.000000000,833,224149.749998,283016.28125
2020-05-30T11:30:00.000000000,834,173305.142857,283049.78125
2020-05-30T11:45:00.000000000,835,193834.214286,283051.875
2020-05-30T12:00:00.000000000,836,298937.78571,283046.8125
2020-05-30T12:15:00.000000000,837,218205.857148,283023.75
2020-05-30T12:30:00.000000000,838,283435.66072,281621.25
2020-05-30T12:45:00.000000000,839,221611.035718,282003.875
2020-05-30T13:00:00.000000000,840,193812.857142,110019.25
2020-05-30T13:15:00.000000000,841,255671.99999,194.3553466796875
2020-05-30T13:30:00.000000000,842,232814.678588,61706.19921875
2020-05-30T13:45:00.000000000,843,257948.46426,27043.318359375
2020-05-30T14:00:00.000000000,844,253705.89287,281105.46875
2020-05-30T14:15:00.000000000,845,249435.23214,279616.25
2020-05-30T14:30:00.000000000,846,232198.607136,143162.03125
2020-05-30T14:45:00.000000000,847,221890.339282,245837.890625
2020-05-30T15:00:00.000000000,848,209850.999999,195051.0625
2020-05-30T15:15:00.000000000,849,195171.500001,246045.5625
2020-05-30T15:30:00.000000000,850,180580.464286,274897.75
2020-05-30T15:45:00.000000000,851,164980.57143,281523.84375
2020-05-30T16:00:00.000000000,852,147957.589285,282468.5
2020-05-30T16:15:00.000000000,853,126189.392859,282843.6875
2020-05-30T16:30:00.000000000,854,91882.357144,282947.8125
2020-05-30T16:45:00.000000000,855,91691.178572,282949.5625
2020-05-30T17:00:00.000000000,856,74672.267859,282926.0625
2020-05-30T17:15:00.000000000,857,57603.160715,282831.0625
2020-05-30T17:30:00.000000000,858,39197.571429,282454.25
2020-05-30T17:45:00.000000000,859,22575.250001,280850.46875
2020-05-30T18:00:00.000000000,860,14558.0714286,272714.625
2020-05-30T18:15:00.000000000,861,6327.3571428,229849.765625
2020-05-30T18:30:00.000000000,862,671.92857143,114918.7265625
2020-05-30T18:45:00.000000000,863,0.0,30968.2578125
2020-05-30T19:00:00.000000000,864,0.0,8644.328125
2020-05-30T19:15:00.000000000,865,0.0,3668.4072265625
2020-05-30T19:30:00.000000000,866,0.0,2018.42041015625
2020-05-30T19:45:00.000000000,867,0.0,1466.056640625
2020-05-30T20:00:00.000000000,868,0.0,1233.393798828125
2020-05-30T20:15:00.000000000,869,0.0,1080.249267578125
2020-05-30T20:30:00.000000000,870,0.0,951.9136352539062
2020-05-30T20:45:00.000000000,871,0.0,839.8580322265625
2020-05-30T21:00:00.000000000,872,0.0,733.5951538085938
2020-05-30T21:15:00.000000000,873,0.0,631.714599609375
2020-05-30T21:30:00.000000000,874,0.0,536.6307373046875
2020-05-30T21:45:00.000000000,875,0.0,458.6660461425781
2020-05-30T22:00:00.000000000,876,0.0,397.4326171875
2020-05-30T22:15:00.000000000,877,0.0,348.5256652832031
2020-05-30T22:30:00.000000000,878,0.0,312.7598876953125
2020-05-30T22:45:00.000000000,879,0.0,284.1296081542969
2020-05-30T23:00:00.000000000,880,0.0,262.19464111328125
2020-05-30T23:15:00.000000000,881,0.0,243.89920043945312
2020-05-30T23:30:00.000000000,882,0.0,229.8649139404297
2020-05-30T23:45:00.000000000,883,0.0,219.3997802734375
2020-05-31T00:00:00.000000000,884,0.0,209.9770965576172
2020-05-31T00:15:00.000000000,885,0.0,202.2261505126953
2020-05-31T00:30:00.000000000,886,0.0,199.2101287841797
2020-05-31T00:45:00.000000000,887,0.0,203.59405517578125
2020-05-31T01:00:00.000000000,888,0.0,212.49765014648438
2020-05-31T01:15:00.000000000,889,0.0,225.20004272460938
2020-05-31T01:30:00.000000000,890,0.0,239.00633239746094
2020-05-31T01:45:00.000000000,891,0.0,252.0515594482422
2020-05-31T02:00:00.000000000,892,0.0,265.77166748046875
2020-05-31T02:15:00.000000000,893,0.0,283.7593994140625
2020-05-31T02:30:00.000000000,894,0.0,307.2199401855469
2020-05-31T02:45:00.000000000,895,0.0,334.7798156738281
2020-05-31T03:00:00.000000000,896,0.0,370.21832275390625
2020-05-31T03:15:00.000000000,897,0.0,415.14453125
2020-05-31T03:30:00.000000000,898,0.0,475.65924072265625
2020-05-31T03:45:00.000000000,899,0.0,556.7724609375
2020-05-31T04:00:00.000000000,900,0.0,656.8301391601562
2020-05-31T04:15:00.000000000,901,0.0,782.4701538085938
2020-05-31T04:30:00.000000000,902,0.0,944.9740600585938
2020-05-31T04:45:00.000000000,903,0.0,1150.404296875
2020-05-31T05:00:00.000000000,904,0.0,1420.04638671875
2020-05-31T05:15:00.000000000,905,0.0,1763.910400390625
2020-05-31T05:30:00.000000000,906,0.0,2206.666015625
2020-05-31T05:45:00.000000000,907,0.0,2793.79638671875
2020-05-31T06:00:00.000000000,908,2197.73214286,3599.7060546875
2020-05-31T06:15:00.000000000,909,10059.1607141,4847.49755859375
2020-05-31T06:30:00.000000000,910,17947.875,7396.865234375
2020-05-31T06:45:00.000000000,911,22841.839285,13440.1123046875
2020-05-31T07:00:00.000000000,912,26431.642858,27410.958984375
2020-05-31T07:15:00.000000000,913,29141.767858,55559.76953125
2020-05-31T07:30:00.000000000,914,43598.107143,98275.21875
2020-05-31T07:45:00.000000000,915,49989.714286,155773.875
2020-05-31T08:00:00.000000000,916,59689.928572,210800.265625
2020-05-31T08:15:00.000000000,917,78343.910713,249575.046875
2020-05-31T08:30:00.000000000,918,95956.946428,271415.375
2020-05-31T08:45:00.000000000,919,152148.946428,279921.46875
2020-05-31T09:00:00.000000000,920,154590.482144,282615.59375
2020-05-31T09:15:00.000000000,921,116879.035715,282973.375
2020-05-31T09:30:00.000000000,922,183611.571427,282974.78125
2020-05-31T09:45:00.000000000,923,140111.928571,282950.0
2020-05-31T10:00:00.000000000,924,140409.892856,282596.09375
2020-05-31T10:15:00.000000000,925,229862.089286,282896.0
2020-05-31T10:30:00.000000000,926,273246.25001,283026.59375
2020-05-31T10:45:00.000000000,927,205670.910715,283000.625
2020-05-31T11:00:00.000000000,928,184159.321429,283047.21875
2020-05-31T11:15:00.000000000,929,229596.714278,281966.1875
2020-05-31T11:30:00.000000000,930,249415.000002,138321.53125
2020-05-31T11:45:00.000000000,931,176738.874999,151237.40625
2020-05-31T12:00:00.000000000,932,196553.428569,282862.53125
2020-05-31T12:15:00.000000000,933,187612.125001,283032.65625
2020-05-31T12:30:00.000000000,934,154411.464285,282943.1875
2020-05-31T12:45:00.000000000,935,285725.94643,282938.09375
2020-05-31T13:00:00.000000000,936,194684.964286,283056.25
2020-05-31T13:15:00.000000000,937,139167.875,283046.90625
2020-05-31T13:30:00.000000000,938,120362.357144,283023.34375
2020-05-31T13:45:00.000000000,939,123224.446427,282952.21875
2020-05-31T14:00:00.000000000,940,235536.392865,273388.75
2020-05-31T14:15:00.000000000,941,175693.892857,283054.9375
2020-05-31T14:30:00.000000000,942,49582.732142,283057.96875
2020-05-31T14:45:00.000000000,943,61008.642858,283055.875
2020-05-31T15:00:00.000000000,944,47858.553572,282991.5
2020-05-31T15:15:00.000000000,945,45011.607142,282006.28125
2020-05-31T15:30:00.000000000,946,71950.839286,282504.46875
2020-05-31T15:45:00.000000000,947,67205.196429,279454.96875
2020-05-31T16:00:00.000000000,948,65927.94643,279555.75
2020-05-31T16:15:00.000000000,949,47166.392857,279634.0625
2020-05-31T16:30:00.000000000,950,39890.642857,279248.25
2020-05-31T16:45:00.000000000,951,39844.464287,276990.75
2020-05-31T17:00:00.000000000,952,43290.982142,269194.5
2020-05-31T17:15:00.000000000,953,39330.732142,255238.75
2020-05-31T17:30:00.000000000,954,30843.964286,233381.625
2020-05-31T17:45:00.000000000,955,22993.25,210726.8125
2020-05-31T18:00:00.000000000,956,14723.7321429,177435.015625
2020-05-31T18:15:00.000000000,957,5790.2321429,123457.046875
2020-05-31T18:30:00.000000000,958,520.05357144,60878.90234375
2020-05-31T18:45:00.000000000,959,0.0,23226.953125
2020-05-31T19:00:00.000000000,960,0.0,8997.0537109375
2020-05-31T19:15:00.000000000,961,0.0,4112.09814453125
2020-05-31T19:30:00.000000000,962,0.0,2316.423583984375
2020-05-31T19:45:00.000000000,963,0.0,1653.576416015625
2020-05-31T20:00:00.000000000,964,0.0,1347.677001953125
2020-05-31T20:15:00.000000000,965,0.0,1132.9884033203125
2020-05-31T20:30:00.000000000,966,0.0,957.7021484375
2020-05-31T20:45:00.000000000,967,0.0,811.0335693359375
2020-05-31T21:00:00.000000000,968,0.0,694.48681640625
2020-05-31T21:15:00.000000000,969,0.0,603.0736694335938
2020-05-31T21:30:00.000000000,970,0.0,529.6725463867188
2020-05-31T21:45:00.000000000,971,0.0,467.7413330078125
2020-05-31T22:00:00.000000000,972,0.0,414.1628723144531
2020-05-31T22:15:00.000000000,973,0.0,369.19842529296875
2020-05-31T22:30:00.000000000,974,0.0,331.2038269042969
2020-05-31T22:45:00.000000000,975,0.0,298.3041076660156
2020-05-31T23:00:00.000000000,976,0.0,273.1520690917969
2020-05-31T23:15:00.000000000,977,0.0,256.09405517578125
2020-05-31T23:30:00.000000000,978,0.0,241.58091735839844
2020-05-31T23:45:00.000000000,979,0.0,226.590576171875
2020-06-01T00:00:00.000000000,980,0.0,212.26174926757812
2020-06-01T00:15:00.000000000,981,0.0,199.94656372070312
2020-06-01T00:30:00.000000000,982,0.0,191.17120361328125
2020-06-01T00:45:00.000000000,983,0.0,186.53912353515625
2020-06-01T01:00:00.000000000,984,0.0,185.3035888671875
2020-06-01T01:15:00.000000000,985,0.0,186.72579956054688
2020-06-01T01:30:00.000000000,986,0.0,191.83499145507812
2020-06-01T01:45:00.000000000,987,0.0,200.1102294921875
2020-06-01T02:00:00.000000000,988,0.0,210.8922119140625
2020-06-01T02:15:00.000000000,989,0.0,224.7874298095703
2020-06-01T02:30:00.000000000,990,0.0,244.24862670898438
2020-06-01T02:45:00.000000000,991,0.0,269.8952331542969
2020-06-01T03:00:00.000000000,992,0.0,303.3407287597656
2020-06-01T03:15:00.000000000,993,0.0,343.5318908691406
2020-06-01T03:30:00.000000000,994,0.0,394.068359375
2020-06-01T03:45:00.000000000,995,0.0,457.3388671875
2020-06-01T04:00:00.000000000,996,0.0,538.2821044921875
2020-06-01T04:15:00.000000000,997,0.0,648.3333740234375
2020-06-01T04:30:00.000000000,998,0.0,795.6132202148438
2020-06-01T04:45:00.000000000,999,0.0,987.7155151367188
2020-06-01T05:00:00.000000000,1000,0.0,1225.2904052734375
2020-06-01T05:15:00.000000000,1001,0.0,1522.4273681640625
2020-06-01T05:30:00.000000000,1002,0.0,1913.0726318359375
2020-06-01T05:45:00.000000000,1003,0.0,2435.398681640625
2020-06-01T06:00:00.000000000,1004,1710.14285715,3110.984619140625
2020-06-01T06:15:00.000000000,1005,9903.9107142,4187.7216796875
2020-06-01T06:30:00.000000000,1006,21118.4107143,6527.7685546875
2020-06-01T06:45:00.000000000,1007,34080.821429,12696.75
2020-06-01T07:00:00.000000000,1008,46438.571428,31062.43359375
2020-06-01T07:15:00.000000000,1009,68382.642858,85950.75
2020-06-01T07:30:00.000000000,1010,92247.946429,192327.953125
2020-06-01T07:45:00.000000000,1011,108556.732141,262954.03125
2020-06-01T08:00:00.000000000,1012,135282.553571,279324.0625
2020-06-01T08:15:00.000000000,1013,126527.232144,282165.40625
2020-06-01T08:30:00.000000000,1014,126915.767857,282509.875
2020-06-01T08:45:00.000000000,1015,148096.660714,282396.90625
2020-06-01T09:00:00.000000000,1016,153987.767857,282410.0625
2020-06-01T09:15:00.000000000,1017,129989.285713,282559.53125
2020-06-01T09:30:00.000000000,1018,136186.142857,282820.96875
2020-06-01T09:45:00.000000000,1019,161939.017858,282876.9375
2020-06-01T10:00:00.000000000,1020,170592.321429,282868.875
2020-06-01T10:15:00.000000000,1021,192867.482144,283009.125
2020-06-01T10:30:00.000000000,1022,259171.33927,283051.25
2020-06-01T10:45:00.000000000,1023,254958.57144,283053.0
2020-06-01T11:00:00.000000000,1024,234969.160727,283024.59375
2020-06-01T11:15:00.000000000,1025,222976.51787,282526.9375
2020-06-01T11:30:00.000000000,1026,270574.482129,198757.03125
2020-06-01T11:45:00.000000000,1027,124241.267858,45849.80078125
2020-06-01T12:00:00.000000000,1028,115789.875,87210.6796875
2020-06-01T12:15:00.000000000,1029,151830.42857,232609.96875
2020-06-01T12:30:00.000000000,1030,164690.785714,282990.78125
2020-06-01T12:45:00.000000000,1031,88224.732144,282495.6875
2020-06-01T13:00:00.000000000,1032,150720.732144,283057.75
2020-06-01T13:15:00.000000000,1033,206622.732145,283055.90625
2020-06-01T13:30:00.000000000,1034,214543.107135,283053.875
2020-06-01T13:45:00.000000000,1035,142658.033331,283057.5625
2020-06-01T14:00:00.000000000,1036,62677.000003,283057.8125
2020-06-01T14:15:00.000000000,1037,73282.375,283003.5625
2020-06-01T14:30:00.000000000,1038,110198.142856,281745.3125
2020-06-01T14:45:00.000000000,1039,65760.25,282752.65625
2020-06-01T15:00:00.000000000,1040,63728.428571,282882.3125
2020-06-01T15:15:00.000000000,1041,43867.875,282644.84375
2020-06-01T15:30:00.000000000,1042,38720.85714,282005.53125
2020-06-01T15:45:00.000000000,1043,31867.0,280321.3125
2020-06-01T16:00:00.000000000,1044,37023.428574,273040.0
2020-06-01T16:15:00.000000000,1045,42914.25,259756.609375
2020-06-01T16:30:00.000000000,1046,38237.285716,242323.671875
2020-06-01T16:45:00.000000000,1047,35492.160713,232267.828125
2020-06-01T17:00:00.000000000,1048,28973.910715,222844.765625
2020-06-01T17:15:00.000000000,1049,21542.7678568,208496.03125
2020-06-01T17:30:00.000000000,1050,15202.8749999,173984.75
2020-06-01T17:45:00.000000000,1051,15365.0892857,117368.546875
2020-06-01T18:00:00.000000000,1052,12071.6607143,71202.671875
2020-06-01T18:15:00.000000000,1053,5914.9999999,40644.234375
2020-06-01T18:30:00.000000000,1054,498.5,22682.2734375
2020-06-01T18:45:00.000000000,1055,0.0,12475.5341796875
2020-06-01T19:00:00.000000000,1056,0.0,7024.92724609375
2020-06-01T19:15:00.000000000,1057,0.0,3821.87841796875
2020-06-01T19:30:00.000000000,1058,0.0,2309.21630859375
2020-06-01T19:45:00.000000000,1059,0.0,1640.453125
2020-06-01T20:00:00.000000000,1060,0.0,1332.1632080078125
2020-06-01T20:15:00.000000000,1061,0.0,1112.6279296875
2020-06-01T20:30:00.000000000,1062,0.0,939.7900390625
2020-06-01T20:45:00.000000000,1063,0.0,795.9204711914062
2020-06-01T21:00:00.000000000,1064,0.0,674.6246948242188
2020-06-01T21:15:00.000000000,1065,0.0,576.72509765625
2020-06-01T21:30:00.000000000,1066,0.0,496.1984558105469
2020-06-01T21:45:00.000000000,1067,0.0,433.2904052734375
2020-06-01T22:00:00.000000000,1068,0.0,382.611083984375
2020-06-01T22:15:00.000000000,1069,0.0,338.44000244140625
2020-06-01T22:30:00.000000000,1070,0.0,300.3644714355469
2020-06-01T22:45:00.000000000,1071,0.0,268.74774169921875
2020-06-01T23:00:00.000000000,1072,0.0,242.5579833984375
2020-06-01T23:15:00.000000000,1073,0.0,221.65750122070312
2020-06-01T23:30:00.000000000,1074,0.0,205.2873077392578
2020-06-01T23:45:00.000000000,1075,0.0,192.02613830566406
2020-06-02T00:00:00.000000000,1076,0.0,181.98287963867188
2020-06-02T00:15:00.000000000,1077,0.0,177.21530151367188
2020-06-02T00:30:00.000000000,1078,0.0,176.0511932373047
2020-06-02T00:45:00.000000000,1079,0.0,176.03231811523438
2020-06-02T01:00:00.000000000,1080,0.0,177.08302307128906
2020-06-02T01:15:00.000000000,1081,0.0,180.21945190429688
2020-06-02T01:30:00.000000000,1082,0.0,184.75726318359375
2020-06-02T01:45:00.000000000,1083,0.0,191.543701171875
2020-06-02T02:00:00.000000000,1084,0.0,201.5851287841797
2020-06-02T02:15:00.000000000,1085,0.0,214.9156951904297
2020-06-02T02:30:00.000000000,1086,0.0,232.3548583984375
2020-06-02T02:45:00.000000000,1087,0.0,254.86378479003906
2020-06-02T03:00:00.000000000,1088,0.0,285.5295715332031
2020-06-02T03:15:00.000000000,1089,0.0,324.833251953125
2020-06-02T03:30:00.000000000,1090,0.0,373.35137939453125
2020-06-02T03:45:00.000000000,1091,0.0,437.9713134765625
2020-06-02T04:00:00.000000000,1092,0.0,524.9865112304688
2020-06-02T04:15:00.000000000,1093,0.0,638.29736328125
2020-06-02T04:30:00.000000000,1094,0.0,785.0707397460938
2020-06-02T04:45:00.000000000,1095,0.0,984.3186645507812
2020-06-02T05:00:00.000000000,1096,0.0,1251.917724609375
2020-06-02T05:15:00.000000000,1097,0.0,1607.8634033203125
2020-06-02T05:30:00.000000000,1098,0.0,2067.37353515625
2020-06-02T05:45:00.000000000,1099,0.0,2655.734130859375
2020-06-02T06:00:00.000000000,1100,1699.64285714,3393.560302734375
2020-06-02T06:15:00.000000000,1101,8831.8571429,4473.09423828125
2020-06-02T06:30:00.000000000,1102,10652.9821429,6769.021484375
2020-06-02T06:45:00.000000000,1103,17781.8392857,11351.66796875
2020-06-02T07:00:00.000000000,1104,37047.446428,21285.21875
2020-06-02T07:15:00.000000000,1105,38318.982144,49756.21484375
2020-06-02T07:30:00.000000000,1106,46107.232142,105774.75
2020-06-02T07:45:00.000000000,1107,51862.910714,175675.65625
2020-06-02T08:00:00.000000000,1108,92347.285716,231287.59375
2020-06-02T08:15:00.000000000,1109,181513.464286,267334.8125
2020-06-02T08:30:00.000000000,1110,180844.160714,282095.84375
2020-06-02T08:45:00.000000000,1111,162367.642857,282999.34375
2020-06-02T09:00:00.000000000,1112,145043.089285,283025.96875
2020-06-02T09:15:00.000000000,1113,196786.964292,282507.03125
2020-06-02T09:30:00.000000000,1114,209640.053581,260378.4375
2020-06-02T09:45:00.000000000,1115,217646.071425,280130.96875
2020-06-02T10:00:00.000000000,1116,207903.178571,282760.46875
2020-06-02T10:15:00.000000000,1117,155127.446429,282574.90625
2020-06-02T10:30:00.000000000,1118,153095.017857,268453.84375
2020-06-02T10:45:00.000000000,1119,203475.160714,251309.09375
2020-06-02T11:00:00.000000000,1120,203963.57143,277955.0625
2020-06-02T11:15:00.000000000,1121,152586.374999,282868.25
2020-06-02T11:30:00.000000000,1122,140316.339285,283037.0625
2020-06-02T11:45:00.000000000,1123,135540.982144,282980.125
2020-06-02T12:00:00.000000000,1124,181179.446429,282654.40625
2020-06-02T12:15:00.000000000,1125,211227.285714,282992.84375
2020-06-02T12:30:00.000000000,1126,197603.803572,283055.03125
2020-06-02T12:45:00.000000000,1127,240134.37501,283056.4375
2020-06-02T13:00:00.000000000,1128,272950.94643,283054.40625
2020-06-02T13:15:00.000000000,1129,264521.07143,282991.15625
2020-06-02T13:30:00.000000000,1130,223013.05358,282254.40625
2020-06-02T13:45:00.000000000,1131,279887.28569,277359.84375
2020-06-02T14:00:00.000000000,1132,147842.250002,203813.046875
2020-06-02T14:15:00.000000000,1133,160173.339288,93318.671875
2020-06-02T14:30:00.000000000,1134,196330.928571,168884.640625
2020-06-02T14:45:00.000000000,1135,196410.80357,271034.0
2020-06-02T15:00:00.000000000,1136,146198.964285,277523.09375
2020-06-02T15:15:00.000000000,1137,118655.035715,283010.65625
2020-06-02T15:30:00.000000000,1138,131311.553572,282642.625
2020-06-02T15:45:00.000000000,1139,143383.107142,281164.15625
2020-06-02T16:00:00.000000000,1140,151051.339287,282476.5625
2020-06-02T16:15:00.000000000,1141,109280.875,282920.21875
2020-06-02T16:30:00.000000000,1142,100150.624999,282878.125
2020-06-02T16:45:00.000000000,1143,68394.089285,282498.625
2020-06-02T17:00:00.000000000,1144,61327.017856,281347.90625
2020-06-02T17:15:00.000000000,1145,33945.928571,278860.78125
2020-06-02T17:30:00.000000000,1146,20496.0714287,273570.28125
2020-06-02T17:45:00.000000000,1147,13233.1607142,246811.890625
2020-06-02T18:00:00.000000000,1148,7549.327381,172717.078125
2020-06-02T18:15:00.000000000,1149,4171.8571428,80779.6015625
2020-06-02T18:30:00.000000000,1150,887.64285714,28338.6171875
2020-06-02T18:45:00.000000000,1151,0.0,12069.9326171875
2020-06-02T19:00:00.000000000,1152,0.0,6215.28271484375
2020-06-02T19:15:00.000000000,1153,0.0,3646.89306640625
2020-06-02T19:30:00.000000000,1154,0.0,2406.5146484375
2020-06-02T19:45:00.000000000,1155,0.0,1682.276123046875
2020-06-02T20:00:00.000000000,1156,0.0,1318.3065185546875
2020-06-02T20:15:00.000000000,1157,0.0,1090.265380859375
2020-06-02T20:30:00.000000000,1158,0.0,908.3123779296875
2020-06-02T20:45:00.000000000,1159,0.0,760.4595947265625
2020-06-02T21:00:00.000000000,1160,0.0,642.4816284179688
2020-06-02T21:15:00.000000000,1161,0.0,546.6818237304688
2020-06-02T21:30:00.000000000,1162,0.0,470.6217346191406
2020-06-02T21:45:00.000000000,1163,0.0,410.6388244628906
2020-06-02T22:00:00.000000000,1164,0.0,362.4654541015625
2020-06-02T22:15:00.000000000,1165,0.0,325.4297790527344
2020-06-02T22:30:00.000000000,1166,0.0,296.1473083496094
2020-06-02T22:45:00.000000000,1167,0.0,272.8730773925781
2020-06-02T23:00:00.000000000,1168,0.0,254.81231689453125
2020-06-02T23:15:00.000000000,1169,0.0,238.4373321533203
2020-06-02T23:30:00.000000000,1170,0.0,225.67266845703125
2020-06-02T23:45:00.000000000,1171,0.0,215.364990234375
2020-06-03T00:00:00.000000000,1172,0.0,207.2347412109375
2020-06-03T00:15:00.000000000,1173,0.0,200.36996459960938
2020-06-03T00:30:00.000000000,1174,0.0,194.43362426757812
2020-06-03T00:45:00.000000000,1175,0.0,189.4048614501953
2020-06-03T01:00:00.000000000,1176,0.0,187.8061981201172
2020-06-03T01:15:00.000000000,1177,0.0,192.65626525878906
2020-06-03T01:30:00.000000000,1178,0.0,204.0970916748047
2020-06-03T01:45:00.000000000,1179,0.0,219.81100463867188
2020-06-03T02:00:00.000000000,1180,0.0,238.7259063720703
2020-06-03T02:15:00.000000000,1181,0.0,259.8009033203125
2020-06-03T02:30:00.000000000,1182,0.0,282.3531799316406
2020-06-03T02:45:00.000000000,1183,0.0,310.2803039550781
2020-06-03T03:00:00.000000000,1184,0.0,349.07171630859375
2020-06-03T03:15:00.000000000,1185,0.0,399.8902893066406
2020-06-03T03:30:00.000000000,1186,0.0,461.7832946777344
2020-06-03T03:45:00.000000000,1187,0.0,536.5758666992188
2020-06-03T04:00:00.000000000,1188,0.0,628.7179565429688
2020-06-03T04:15:00.000000000,1189,0.0,748.226806640625
2020-06-03T04:30:00.000000000,1190,0.0,908.8530883789062
2020-06-03T04:45:00.000000000,1191,0.0,1127.0023193359375
2020-06-03T05:00:00.000000000,1192,0.0,1424.95703125
2020-06-03T05:15:00.000000000,1193,0.0,1813.429931640625
2020-06-03T05:30:00.000000000,1194,0.0,2317.266357421875
2020-06-03T05:45:00.000000000,1195,0.0,2950.510986328125
2020-06-03T06:00:00.000000000,1196,1264.83928572,3724.511474609375
2020-06-03T06:15:00.000000000,1197,7380.5535715,4807.6767578125
2020-06-03T06:30:00.000000000,1198,13328.3928572,6852.25927734375
2020-06-03T06:45:00.000000000,1199,19988.9999998,11245.8330078125
2020-06-03T07:00:00.000000000,1200,31571.660714,21441.1796875
2020-06-03T07:15:00.000000000,1201,48720.696428,47953.890625
2020-06-03T07:30:00.000000000,1202,61366.107141,114653.359375
2020-06-03T07:45:00.000000000,1203,72749.571428,207404.671875
2020-06-03T08:00:00.000000000,1204,94628.410714,260686.96875
2020-06-03T08:15:00.000000000,1205,98757.017856,277539.3125
2020-06-03T08:30:00.000000000,1206,99424.750001,281311.90625
2020-06-03T08:45:00.000000000,1207,112502.250001,282275.625
2020-06-03T09:00:00.000000000,1208,138657.107141,282621.0
2020-06-03T09:15:00.000000000,1209,137880.303571,282833.75
2020-06-03T09:30:00.000000000,1210,126995.982144,282959.875
2020-06-03T09:45:00.000000000,1211,130291.499999,282988.25
2020-06-03T10:00:00.000000000,1212,129318.553572,282970.375
2020-06-03T10:15:00.000000000,1213,133436.250001,282939.40625
2020-06-03T10:30:00.000000000,1214,193996.732143,282990.75
2020-06-03T10:45:00.000000000,1215,237416.714286,283036.9375
2020-06-03T11:00:00.000000000,1216,214267.321437,283051.4375
2020-06-03T11:15:00.000000000,1217,205570.232142,283052.84375
2020-06-03T11:30:00.000000000,1218,236707.48214,283020.28125
2020-06-03T11:45:00.000000000,1219,286506.39286,281528.15625
2020-06-03T12:00:00.000000000,1220,205396.607142,279278.15625
2020-06-03T12:15:00.000000000,1221,222223.196433,281000.375
2020-06-03T12:30:00.000000000,1222,247843.55358,274176.4375
2020-06-03T12:45:00.000000000,1223,275618.51785,172543.140625
2020-06-03T13:00:00.000000000,1224,241384.85712,200182.0
2020-06-03T13:15:00.000000000,1225,217896.303578,282494.1875
2020-06-03T13:30:00.000000000,1226,226154.51786,275470.8125
2020-06-03T13:45:00.000000000,1227,183598.0,240709.546875
2020-06-03T14:00:00.000000000,1228,199168.580359,237244.390625
2020-06-03T14:15:00.000000000,1229,214739.160718,279306.0625
2020-06-03T14:30:00.000000000,1230,205743.035707,282217.5
2020-06-03T14:45:00.000000000,1231,219961.857153,282239.21875
2020-06-03T15:00:00.000000000,1232,262008.32144,282788.8125
2020-06-03T15:15:00.000000000,1233,241593.23214,282398.0
2020-06-03T15:30:00.000000000,1234,152544.214286,281404.1875
2020-06-03T15:45:00.000000000,1235,123982.785714,277756.4375
2020-06-03T16:00:00.000000000,1236,113119.785714,236880.890625
2020-06-03T16:15:00.000000000,1237,84684.446428,213452.703125
2020-06-03T16:30:00.000000000,1238,56646.035714,278598.8125
2020-06-03T16:45:00.000000000,1239,96084.535715,282093.375
2020-06-03T17:00:00.000000000,1240,120070.250001,281782.5
2020-06-03T17:15:00.000000000,1241,61668.178572,281877.5
2020-06-03T17:30:00.000000000,1242,46231.392858,281434.875
2020-06-03T17:45:00.000000000,1243,26128.464284,279612.53125
2020-06-03T18:00:00.000000000,1244,14761.2500001,269626.53125
2020-06-03T18:15:00.000000000,1245,7999.5535713,230587.5625
2020-06-03T18:30:00.000000000,1246,2083.39285718,125121.6171875
2020-06-03T18:45:00.000000000,1247,0.0,41965.33203125
2020-06-03T19:00:00.000000000,1248,0.0,11803.384765625
2020-06-03T19:15:00.000000000,1249,0.0,4412.72802734375
2020-06-03T19:30:00.000000000,1250,0.0,2367.89111328125
2020-06-03T19:45:00.000000000,1251,0.0,1587.6312255859375
2020-06-03T20:00:00.000000000,1252,0.0,1249.8060302734375
2020-06-03T20:15:00.000000000,1253,0.0,1055.4334716796875
2020-06-03T20:30:00.000000000,1254,0.0,904.2136840820312
2020-06-03T20:45:00.000000000,1255,0.0,774.6436157226562
2020-06-03T21:00:00.000000000,1256,0.0,663.669921875
2020-06-03T21:15:00.000000000,1257,0.0,571.410400390625
2020-06-03T21:30:00.000000000,1258,0.0,495.04595947265625
2020-06-03T21:45:00.000000000,1259,0.0,431.0843811035156
2020-06-03T22:00:00.000000000,1260,0.0,377.9191589355469
2020-06-03T22:15:00.000000000,1261,0.0,335.83209228515625
2020-06-03T22:30:00.000000000,1262,0.0,305.3116760253906
2020-06-03T22:45:00.000000000,1263,0.0,282.8213806152344
2020-06-03T23:00:00.000000000,1264,0.0,263.6693115234375
2020-06-03T23:15:00.000000000,1265,0.0,247.3555145263672
2020-06-03T23:30:00.000000000,1266,0.0,234.36279296875
2020-06-03T23:45:00.000000000,1267,0.0,224.64598083496094
2020-06-04T00:00:00.000000000,1268,0.0,218.44691467285156
2020-06-04T00:15:00.000000000,1269,0.0,213.13414001464844
2020-06-04T00:30:00.000000000,1270,0.0,210.73472595214844
2020-06-04T00:45:00.000000000,1271,0.0,211.01547241210938
2020-06-04T01:00:00.000000000,1272,0.0,211.7695770263672
2020-06-04T01:15:00.000000000,1273,0.0,211.81378173828125
2020-06-04T01:30:00.000000000,1274,0.0,213.97779846191406
2020-06-04T01:45:00.000000000,1275,0.0,219.08702087402344
2020-06-04T02:00:00.000000000,1276,0.0,230.75625610351562
2020-06-04T02:15:00.000000000,1277,0.0,253.88375854492188
2020-06-04T02:30:00.000000000,1278,0.0,284.67041015625
2020-06-04T02:45:00.000000000,1279,0.0,319.8337097167969
2020-06-04T03:00:00.000000000,1280,0.0,355.1966552734375
2020-06-04T03:15:00.000000000,1281,0.0,391.7265625
2020-06-04T03:30:00.000000000,1282,0.0,435.7217712402344
2020-06-04T03:45:00.000000000,1283,0.0,491.59716796875
2020-06-04T04:00:00.000000000,1284,0.0,562.3710327148438
2020-06-04T04:15:00.000000000,1285,0.0,659.2108764648438
2020-06-04T04:30:00.000000000,1286,0.0,790.3359375
2020-06-04T04:45:00.000000000,1287,0.0,964.3190307617188
2020-06-04T05:00:00.000000000,1288,0.0,1208.39990234375
2020-06-04T05:15:00.000000000,1289,0.0,1548.2325439453125
2020-06-04T05:30:00.000000000,1290,0.0,2013.49169921875
2020-06-04T05:45:00.000000000,1291,0.0,2631.94189453125
2020-06-04T06:00:00.000000000,1292,1508.32142856,3454.65576171875
2020-06-04T06:15:00.000000000,1293,8426.1785713,4675.37060546875
2020-06-04T06:30:00.000000000,1294,16244.3571428,6959.70361328125
2020-06-04T06:45:00.000000000,1295,26523.625,12093.3662109375
2020-06-04T07:00:00.000000000,1296,40864.5,25789.146484375
2020-06-04T07:15:00.000000000,1297,55111.785715,69769.4765625
2020-06-04T07:30:00.000000000,1298,56590.892858,165293.890625
2020-06-04T07:45:00.000000000,1299,74608.785714,240656.734375
2020-06-04T08:00:00.000000000,1300,108404.589286,270036.15625
2020-06-04T08:15:00.000000000,1301,116275.267857,279721.625
2020-06-04T08:30:00.000000000,1302,140712.75,282111.4375
2020-06-04T08:45:00.000000000,1303,106384.732143,282841.375
2020-06-04T09:00:00.000000000,1304,168924.410714,282869.78125
2020-06-04T09:15:00.000000000,1305,144483.285714,282880.3125
2020-06-04T09:30:00.000000000,1306,146737.267857,282893.1875
2020-06-04T09:45:00.000000000,1307,147830.785714,282831.5625
2020-06-04T10:00:00.000000000,1308,213117.500017,283016.8125
2020-06-04T10:15:00.000000000,1309,178955.107143,283015.3125
2020-06-04T10:30:00.000000000,1310,214412.499997,283047.8125
2020-06-04T10:45:00.000000000,1311,268669.44643,283045.65625
2020-06-04T11:00:00.000000000,1312,217730.607133,282987.125
2020-06-04T11:15:00.000000000,1313,216385.553578,282272.375
2020-06-04T11:30:00.000000000,1314,206619.19643,281688.0625
2020-06-04T11:45:00.000000000,1315,234062.76785,206048.953125
2020-06-04T12:00:00.000000000,1316,254973.625,159370.96875
2020-06-04T12:15:00.000000000,1317,241891.80358,282179.25
2020-06-04T12:30:00.000000000,1318,205627.125004,282430.09375
2020-06-04T12:45:00.000000000,1319,179072.892858,281264.21875
2020-06-04T13:00:00.000000000,1320,271756.74999,245712.0625
2020-06-04T13:15:00.000000000,1321,273825.74999,267879.71875
2020-06-04T13:30:00.000000000,1322,173753.571428,280793.15625
2020-06-04T13:45:00.000000000,1323,248432.49998,282362.09375
2020-06-04T14:00:00.000000000,1324,177648.946428,281890.59375
2020-06-04T14:15:00.000000000,1325,161086.892856,66680.7265625
2020-06-04T14:30:00.000000000,1326,154733.964286,252985.21875
2020-06-04T14:45:00.000000000,1327,223138.4107,282911.5
2020-06-04T15:00:00.000000000,1328,248848.51786,282592.09375
2020-06-04T15:15:00.000000000,1329,183528.464286,283046.5
2020-06-04T15:30:00.000000000,1330,189792.874999,283049.125
2020-06-04T15:45:00.000000000,1331,180917.696429,282988.375
2020-06-04T16:00:00.000000000,1332,171303.25,280578.40625
2020-06-04T16:15:00.000000000,1333,148346.678572,279185.625
2020-06-04T16:30:00.000000000,1334,130135.946428,282686.3125
2020-06-04T16:45:00.000000000,1335,84376.321428,282043.6875
2020-06-04T17:00:00.000000000,1336,88979.321429,281545.78125
2020-06-04T17:15:00.000000000,1337,84051.482142,281775.34375
2020-06-04T17:30:00.000000000,1338,66929.339287,281607.28125
2020-06-04T17:45:00.000000000,1339,41641.92857,280818.84375
2020-06-04T18:00:00.000000000,1340,19163.8571429,277703.6875
2020-06-04T18:15:00.000000000,1341,6454.625,261768.078125
2020-06-04T18:30:00.000000000,1342,1034.70833335,197646.96875
2020-06-04T18:45:00.000000000,1343,0.0,75485.4375
2020-06-04T19:00:00.000000000,1344,0.0,16465.58984375
2020-06-04T19:15:00.000000000,1345,0.0,4641.099609375
2020-06-04T19:30:00.000000000,1346,0.0,2213.549560546875
2020-06-04T19:45:00.000000000,1347,0.0,1534.6693115234375
2020-06-04T20:00:00.000000000,1348,0.0,1244.1898193359375
2020-06-04T20:15:00.000000000,1349,0.0,1055.435791015625
2020-06-04T20:30:00.000000000,1350,0.0,896.9534301757812
2020-06-04T20:45:00.000000000,1351,0.0,766.0623779296875
2020-06-04T21:00:00.000000000,1352,0.0,657.6678466796875
2020-06-04T21:15:00.000000000,1353,0.0,565.5664672851562
2020-06-04T21:30:00.000000000,1354,0.0,489.6398620605469
2020-06-04T21:45:00.000000000,1355,0.0,427.7685852050781
2020-06-04T22:00:00.000000000,1356,0.0,376.19989013671875
2020-06-04T22:15:00.000000000,1357,0.0,333.3583679199219
2020-06-04T22:30:00.000000000,1358,0.0,297.64654541015625
2020-06-04T22:45:00.000000000,1359,0.0,267.5439147949219
2020-06-04T23:00:00.000000000,1360,0.0,241.75755310058594
2020-06-04T23:15:00.000000000,1361,0.0,219.29766845703125
2020-06-04T23:30:00.000000000,1362,0.0,200.54837036132812
2020-06-04T23:45:00.000000000,1363,0.0,185.89303588867188
2020-06-05T00:00:00.000000000,1364,0.0,176.20262145996094
2020-06-05T00:15:00.000000000,1365,0.0,171.18902587890625
2020-06-05T00:30:00.000000000,1366,0.0,169.54052734375
2020-06-05T00:45:00.000000000,1367,0.0,170.37783813476562
2020-06-05T01:00:00.000000000,1368,0.0,172.71051025390625
2020-06-05T01:15:00.000000000,1369,0.0,176.93885803222656
2020-06-05T01:30:00.000000000,1370,0.0,182.16317749023438
2020-06-05T01:45:00.000000000,1371,0.0,188.17715454101562
2020-06-05T02:00:00.000000000,1372,0.0,196.19895935058594
2020-06-05T02:15:00.000000000,1373,0.0,210.0368194580078
2020-06-05T02:30:00.000000000,1374,0.0,229.33206176757812
2020-06-05T02:45:00.000000000,1375,0.0,255.01026916503906
2020-06-05T03:00:00.000000000,1376,0.0,289.8147277832031
2020-06-05T03:15:00.000000000,1377,0.0,335.0559387207031
2020-06-05T03:30:00.000000000,1378,0.0,390.7471618652344
2020-06-05T03:45:00.000000000,1379,0.0,459.3441162109375
2020-06-05T04:00:00.000000000,1380,0.0,547.882080078125
2020-06-05T04:15:00.000000000,1381,0.0,661.5473022460938
2020-06-05T04:30:00.000000000,1382,0.0,803.588623046875
2020-06-05T04:45:00.000000000,1383,0.0,983.18505859375
2020-06-05T05:00:00.000000000,1384,0.0,1214.273681640625
2020-06-05T05:15:00.000000000,1385,0.0,1510.49755859375
2020-06-05T05:30:00.000000000,1386,0.0,1902.5396728515625
2020-06-05T05:45:00.000000000,1387,0.0,2452.357177734375
2020-06-05T06:00:00.000000000,1388,2011.80357139,3195.25634765625
2020-06-05T06:15:00.000000000,1389,6623.5,4310.337890625
2020-06-05T06:30:00.000000000,1390,12674.5357143,6306.4736328125
2020-06-05T06:45:00.000000000,1391,30194.535714,10239.4296875
2020-06-05T07:00:00.000000000,1392,31957.999999,22032.89453125
2020-06-05T07:15:00.000000000,1393,42082.910716,52447.78515625
2020-06-05T07:30:00.000000000,1394,47104.285714,115397.5
2020-06-05T07:45:00.000000000,1395,51633.285714,191133.15625
2020-06-05T08:00:00.000000000,1396,62388.375,239461.40625
2020-06-05T08:15:00.000000000,1397,115911.625001,263663.96875
2020-06-05T08:30:00.000000000,1398,152916.196429,278379.0
2020-06-05T08:45:00.000000000,1399,162986.678572,282547.0625
2020-06-05T09:00:00.000000000,1400,160229.875,282987.625
2020-06-05T09:15:00.000000000,1401,194120.767857,282989.1875
2020-06-05T09:30:00.000000000,1402,214914.821446,282620.3125
2020-06-05T09:45:00.000000000,1403,126922.374999,281071.03125
2020-06-05T10:00:00.000000000,1404,233653.875,281031.09375
2020-06-05T10:15:00.000000000,1405,142557.410714,282550.28125
2020-06-05T10:30:00.000000000,1406,223672.000019,280450.75
2020-06-05T10:45:00.000000000,1407,221946.76785,282725.375
2020-06-05T11:00:00.000000000,1408,208669.785712,283031.71875
2020-06-05T11:15:00.000000000,1409,235069.96428,281795.78125
2020-06-05T11:30:00.000000000,1410,272287.25001,283013.375
2020-06-05T11:45:00.000000000,1411,253446.92858,279822.4375
2020-06-05T12:00:00.000000000,1412,103761.964289,278838.46875
2020-06-05T12:15:00.000000000,1413,102664.839287,165909.125
2020-06-05T12:30:00.000000000,1414,79516.0,3634.39697265625
2020-06-05T12:45:00.000000000,1415,117978.464285,24331.126953125
2020-06-05T13:00:00.000000000,1416,185168.339286,281428.875
2020-06-05T13:15:00.000000000,1417,177855.696426,283041.28125
2020-06-05T13:30:00.000000000,1418,226115.642874,283050.78125
2020-06-05T13:45:00.000000000,1419,288057.26787,283055.59375
2020-06-05T14:00:00.000000000,1420,261629.35715,283052.625
2020-06-05T14:15:00.000000000,1421,136818.553571,282896.6875
2020-06-05T14:30:00.000000000,1422,253413.83929,277082.21875
2020-06-05T14:45:00.000000000,1423,237612.482141,118161.8203125
2020-06-05T15:00:00.000000000,1424,194058.446428,117596.2109375
2020-06-05T15:15:00.000000000,1425,150550.839284,280585.65625
2020-06-05T15:30:00.000000000,1426,94967.25,282891.15625
2020-06-05T15:45:00.000000000,1427,193999.785715,256060.328125
2020-06-05T16:00:00.000000000,1428,163172.69643,282079.75
2020-06-05T16:15:00.000000000,1429,143349.535716,283003.375
2020-06-05T16:30:00.000000000,1430,133570.035714,283030.15625
2020-06-05T16:45:00.000000000,1431,101859.839286,283010.3125
2020-06-05T17:00:00.000000000,1432,90269.267855,282365.15625
2020-06-05T17:15:00.000000000,1433,85255.160714,282558.09375
2020-06-05T17:30:00.000000000,1434,80975.785716,282308.59375
2020-06-05T17:45:00.000000000,1435,49747.339287,281767.59375
2020-06-05T18:00:00.000000000,1436,25551.999999,280232.6875
2020-06-05T18:15:00.000000000,1437,11954.3214286,273034.9375
2020-06-05T18:30:00.000000000,1438,2621.52976197,239537.203125
2020-06-05T18:45:00.000000000,1439,0.0,131666.359375
2020-06-05T19:00:00.000000000,1440,0.0,30281.890625
2020-06-05T19:15:00.000000000,1441,0.0,7127.44873046875
2020-06-05T19:30:00.000000000,1442,0.0,2738.955322265625
2020-06-05T19:45:00.000000000,1443,0.0,1632.034912109375
2020-06-05T20:00:00.000000000,1444,0.0,1275.43701171875
2020-06-05T20:15:00.000000000,1445,0.0,1069.087890625
2020-06-05T20:30:00.000000000,1446,0.0,904.20263671875
2020-06-05T20:45:00.000000000,1447,0.0,768.54833984375
2020-06-05T21:00:00.000000000,1448,0.0,656.0809936523438
2020-06-05T21:15:00.000000000,1449,0.0,560.89697265625
2020-06-05T21:30:00.000000000,1450,0.0,483.5412292480469
2020-06-05T21:45:00.000000000,1451,0.0,420.9796447753906
2020-06-05T22:00:00.000000000,1452,0.0,369.9747314453125
2020-06-05T22:15:00.000000000,1453,0.0,327.6318054199219
2020-06-05T22:30:00.000000000,1454,0.0,292.23077392578125
2020-06-05T22:45:00.000000000,1455,0.0,262.31268310546875
2020-06-05T23:00:00.000000000,1456,0.0,236.97930908203125
2020-06-05T23:15:00.000000000,1457,0.0,215.70265197753906
2020-06-05T23:30:00.000000000,1458,0.0,199.54595947265625
2020-06-05T23:45:00.000000000,1459,0.0,187.8689422607422
2020-06-06T00:00:00.000000000,1460,0.0,179.795166015625
2020-06-06T00:15:00.000000000,1461,0.0,174.0224609375
2020-06-06T00:30:00.000000000,1462,0.0,170.87896728515625
2020-06-06T00:45:00.000000000,1463,0.0,169.2670135498047
2020-06-06T01:00:00.000000000,1464,0.0,169.33050537109375
2020-06-06T01:15:00.000000000,1465,0.0,171.71429443359375
2020-06-06T01:30:00.000000000,1466,0.0,177.4988555908203
2020-06-06T01:45:00.000000000,1467,0.0,185.9398193359375
2020-06-06T02:00:00.000000000,1468,0.0,196.66004943847656
2020-06-06T02:15:00.000000000,1469,0.0,211.3134765625
2020-06-06T02:30:00.000000000,1470,0.0,231.24148559570312
2020-06-06T02:45:00.000000000,1471,0.0,256.2230529785156
2020-06-06T03:00:00.000000000,1472,0.0,286.32293701171875
2020-06-06T03:15:00.000000000,1473,0.0,323.2320556640625
2020-06-06T03:30:00.000000000,1474,0.0,369.6308288574219
2020-06-06T03:45:00.000000000,1475,0.0,431.9923095703125
2020-06-06T04:00:00.000000000,1476,0.0,513.9329833984375
2020-06-06T04:15:00.000000000,1477,0.0,618.6715087890625
2020-06-06T04:30:00.000000000,1478,0.0,751.1221923828125
2020-06-06T04:45:00.000000000,1479,0.0,922.734130859375
2020-06-06T05:00:00.000000000,1480,0.0,1136.2435302734375
2020-06-06T05:15:00.000000000,1481,0.0,1401.72021484375
2020-06-06T05:30:00.000000000,1482,0.0,1736.6456298828125
2020-06-06T05:45:00.000000000,1483,0.0,2152.14208984375
2020-06-06T06:00:00.000000000,1484,2962.8928571,2702.26025390625
2020-06-06T06:15:00.000000000,1485,9305.0892856,3601.869384765625
2020-06-06T06:30:00.000000000,1486,16430.6607142,5556.01025390625
2020-06-06T06:45:00.000000000,1487,31964.69643,9938.2138671875
2020-06-06T07:00:00.000000000,1488,58156.535715,23614.498046875
2020-06-06T07:15:00.000000000,1489,73587.589285,89110.5703125
2020-06-06T07:30:00.000000000,1490,84269.464286,218577.140625
2020-06-06T07:45:00.000000000,1491,100269.196428,270436.78125
2020-06-06T08:00:00.000000000,1492,114398.053571,279549.25
2020-06-06T08:15:00.000000000,1493,118549.125,281149.28125
2020-06-06T08:30:00.000000000,1494,154086.160714,282069.125
2020-06-06T08:45:00.000000000,1495,133829.910714,282623.25
2020-06-06T09:00:00.000000000,1496,84156.339286,282716.625
2020-06-06T09:15:00.000000000,1497,115874.178572,282479.3125
2020-06-06T09:30:00.000000000,1498,201501.285716,282436.0
2020-06-06T09:45:00.000000000,1499,152192.75,282870.65625
2020-06-06T10:00:00.000000000,1500,230977.017861,283043.5625
2020-06-06T10:15:00.000000000,1501,189796.535718,283055.875
2020-06-06T10:30:00.000000000,1502,202476.910709,283020.125
2020-06-06T10:45:00.000000000,1503,186613.678572,280521.03125
2020-06-06T11:00:00.000000000,1504,222312.410723,281534.375
2020-06-06T11:15:00.000000000,1505,248055.178586,276822.84375
2020-06-06T11:30:00.000000000,1506,166092.928572,282736.75
2020-06-06T11:45:00.000000000,1507,115043.392856,282220.125
2020-06-06T12:00:00.000000000,1508,179581.357143,282302.125
2020-06-06T12:15:00.000000000,1509,192486.446427,279693.34375
2020-06-06T12:30:00.000000000,1510,222525.142846,283023.84375
2020-06-06T12:45:00.000000000,1511,191614.678572,283058.1875
2020-06-06T13:00:00.000000000,1512,275518.35714,283057.53125
2020-06-06T13:15:00.000000000,1513,89819.25,283023.28125
2020-06-06T13:30:00.000000000,1514,184538.178571,282456.375
2020-06-06T13:45:00.000000000,1515,224238.232154,277388.875
2020-06-06T14:00:00.000000000,1516,166435.482142,281158.40625
2020-06-06T14:15:00.000000000,1517,263168.660714,282659.59375
2020-06-06T14:30:00.000000000,1518,99824.625,283057.09375
2020-06-06T14:45:00.000000000,1519,53143.500001,282871.25
2020-06-06T15:00:00.000000000,1520,89581.69643,279494.96875
2020-06-06T15:15:00.000000000,1521,109195.142856,281818.84375
2020-06-06T15:30:00.000000000,1522,94754.285714,275490.28125
2020-06-06T15:45:00.000000000,1523,72790.553572,282665.03125
2020-06-06T16:00:00.000000000,1524,58893.499999,282429.0625
2020-06-06T16:15:00.000000000,1525,33936.196429,281940.59375
2020-06-06T16:30:00.000000000,1526,30037.750001,279939.03125
2020-06-06T16:45:00.000000000,1527,28280.642856,272215.46875
2020-06-06T17:00:00.000000000,1528,20407.3035712,244546.15625
2020-06-06T17:15:00.000000000,1529,14156.0535714,183118.8125
2020-06-06T17:30:00.000000000,1530,9950.0178572,107313.953125
2020-06-06T17:45:00.000000000,1531,7256.6785715,62547.515625
2020-06-06T18:00:00.000000000,1532,4828.2321428,34309.375
2020-06-06T18:15:00.000000000,1533,1074.55357142,18179.416015625
2020-06-06T18:30:00.000000000,1534,0.0,10444.150390625
2020-06-06T18:45:00.000000000,1535,0.0,6440.93310546875
2020-06-06T19:00:00.000000000,1536,0.0,4201.81298828125
2020-06-06T19:15:00.000000000,1537,0.0,2893.453857421875
2020-06-06T19:30:00.000000000,1538,0.0,2097.7783203125
2020-06-06T19:45:00.000000000,1539,0.0,1621.92724609375
2020-06-06T20:00:00.000000000,1540,0.0,1307.6812744140625
2020-06-06T20:15:00.000000000,1541,0.0,1070.501220703125
2020-06-06T20:30:00.000000000,1542,0.0,880.7921752929688
2020-06-06T20:45:00.000000000,1543,0.0,730.8303833007812
2020-06-06T21:00:00.000000000,1544,0.0,613.8817749023438
2020-06-06T21:15:00.000000000,1545,0.0,524.0433959960938
2020-06-06T21:30:00.000000000,1546,0.0,455.0987243652344
2020-06-06T21:45:00.000000000,1547,0.0,400.7810974121094
2020-06-06T22:00:00.000000000,1548,0.0,355.54534912109375
2020-06-06T22:15:00.000000000,1549,0.0,316.23516845703125
2020-06-06T22:30:00.000000000,1550,0.0,282.412109375
2020-06-06T22:45:00.000000000,1551,0.0,254.47604370117188
2020-06-06T23:00:00.000000000,1552,0.0,232.09506225585938
2020-06-06T23:15:00.000000000,1553,0.0,214.53353881835938
2020-06-06T23:30:00.000000000,1554,0.0,200.89442443847656
2020-06-06T23:45:00.000000000,1555,0.0,189.76759338378906
2020-06-07T00:00:00.000000000,1556,0.0,181.46893310546875
2020-06-07T00:15:00.000000000,1557,0.0,175.935546875
2020-06-07T00:30:00.000000000,1558,0.0,173.37466430664062
2020-06-07T00:45:00.000000000,1559,0.0,173.7685546875
2020-06-07T01:00:00.000000000,1560,0.0,177.66075134277344
2020-06-07T01:15:00.000000000,1561,0.0,183.7730255126953
2020-06-07T01:30:00.000000000,1562,0.0,192.42276000976562
2020-06-07T01:45:00.000000000,1563,0.0,203.94313049316406
2020-06-07T02:00:00.000000000,1564,0.0,218.20545959472656
2020-06-07T02:15:00.000000000,1565,0.0,235.03506469726562
2020-06-07T02:30:00.000000000,1566,0.0,255.57472229003906
2020-06-07T02:45:00.000000000,1567,0.0,281.9723815917969
2020-06-07T03:00:00.000000000,1568,0.0,315.82135009765625
2020-06-07T03:15:00.000000000,1569,0.0,359.5102844238281
2020-06-07T03:30:00.000000000,1570,0.0,416.08648681640625
2020-06-07T03:45:00.000000000,1571,0.0,487.2341613769531
2020-06-07T04:00:00.000000000,1572,0.0,577.1072387695312
2020-06-07T04:15:00.000000000,1573,0.0,696.2515258789062
2020-06-07T04:30:00.000000000,1574,0.0,854.1040649414062
2020-06-07T04:45:00.000000000,1575,0.0,1062.400634765625
2020-06-07T05:00:00.000000000,1576,0.0,1335.4066162109375
2020-06-07T05:15:00.000000000,1577,0.0,1693.827392578125
2020-06-07T05:30:00.000000000,1578,0.0,2167.849853515625
2020-06-07T05:45:00.000000000,1579,0.0,2805.53369140625
2020-06-07T06:00:00.000000000,1580,1328.58928571,3651.11474609375
2020-06-07T06:15:00.000000000,1581,8796.5357143,4882.01611328125
2020-06-07T06:30:00.000000000,1582,17416.2321429,7267.71435546875
2020-06-07T06:45:00.000000000,1583,32486.517857,12832.2392578125
2020-06-07T07:00:00.000000000,1584,38716.285711,29852.50390625
2020-06-07T07:15:00.000000000,1585,40661.821428,76026.5
2020-06-07T07:30:00.000000000,1586,45322.857142,146637.265625
2020-06-07T07:45:00.000000000,1587,55007.839285,204719.28125
2020-06-07T08:00:00.000000000,1588,74230.94643,240535.34375
2020-06-07T08:15:00.000000000,1589,77860.821428,263947.0625
2020-06-07T08:30:00.000000000,1590,79503.250001,275258.0625
2020-06-07T08:45:00.000000000,1591,110159.517857,279535.3125
2020-06-07T09:00:00.000000000,1592,202221.678573,281613.78125
2020-06-07T09:15:00.000000000,1593,184292.874999,282820.90625
2020-06-07T09:30:00.000000000,1594,152519.160714,283003.5
2020-06-07T09:45:00.000000000,1595,136199.857142,282974.28125
2020-06-07T10:00:00.000000000,1596,147079.482145,281788.96875
2020-06-07T10:15:00.000000000,1597,171416.053572,263757.03125
2020-06-07T10:30:00.000000000,1598,211331.089285,281608.78125
2020-06-07T10:45:00.000000000,1599,287642.82143,282955.25
2020-06-07T11:00:00.000000000,1600,251659.67857,283038.34375
2020-06-07T11:15:00.000000000,1601,297395.28571,282986.5625
2020-06-07T11:30:00.000000000,1602,255639.39286,280293.84375
2020-06-07T11:45:00.000000000,1603,244257.14284,68971.5546875
2020-06-07T12:00:00.000000000,1604,288753.03572,380.5242614746094
2020-06-07T12:15:00.000000000,1605,254458.178577,5941.09814453125
2020-06-07T12:30:00.000000000,1606,236053.64286,1796.173828125
2020-06-07T12:45:00.000000000,1607,216342.749986,85676.953125
2020-06-07T13:00:00.000000000,1608,202254.80357,23122.857421875
2020-06-07T13:15:00.000000000,1609,203338.85713,1050.8475341796875
2020-06-07T13:30:00.000000000,1610,178954.125001,2313.68310546875
2020-06-07T13:45:00.000000000,1611,126293.803571,6555.17578125
2020-06-07T14:00:00.000000000,1612,209657.928568,17953.978515625
2020-06-07T14:15:00.000000000,1613,187727.642859,122035.5703125
2020-06-07T14:30:00.000000000,1614,154606.321427,253651.359375
2020-06-07T14:45:00.000000000,1615,99299.3928564,282306.875
2020-06-07T15:00:00.000000000,1616,201447.857144,282943.34375
2020-06-07T15:15:00.000000000,1617,153825.821428,282855.125
2020-06-07T15:30:00.000000000,1618,172906.946428,283040.59375
2020-06-07T15:45:00.000000000,1619,139874.910714,283053.46875
2020-06-07T16:00:00.000000000,1620,160844.857143,283052.4375
2020-06-07T16:15:00.000000000,1621,134304.071429,283002.96875
2020-06-07T16:30:00.000000000,1622,76102.910714,283028.6875
2020-06-07T16:45:00.000000000,1623,111607.928571,282957.53125
2020-06-07T17:00:00.000000000,1624,73527.857142,282921.625
2020-06-07T17:15:00.000000000,1625,74857.767857,282662.3125
2020-06-07T17:30:00.000000000,1626,47777.892857,282331.25
2020-06-07T17:45:00.000000000,1627,25891.142859,280925.65625
2020-06-07T18:00:00.000000000,1628,14620.6071429,273300.25
2020-06-07T18:15:00.000000000,1629,6636.1785715,234024.296875
2020-06-07T18:30:00.000000000,1630,1331.19642856,128866.3984375
2020-06-07T18:45:00.000000000,1631,0.0,33123.4375
2020-06-07T19:00:00.000000000,1632,0.0,9177.7822265625
2020-06-07T19:15:00.000000000,1633,0.0,4000.142578125
2020-06-07T19:30:00.000000000,1634,0.0,2294.75146484375
2020-06-07T19:45:00.000000000,1635,0.0,1616.534423828125
2020-06-07T20:00:00.000000000,1636,0.0,1293.10693359375
2020-06-07T20:15:00.000000000,1637,0.0,1091.8201904296875
2020-06-07T20:30:00.000000000,1638,0.0,932.4385986328125
2020-06-07T20:45:00.000000000,1639,0.0,805.2157592773438
2020-06-07T21:00:00.000000000,1640,0.0,700.6604614257812
2020-06-07T21:15:00.000000000,1641,0.0,614.3992919921875
2020-06-07T21:30:00.000000000,1642,0.0,538.965576171875
2020-06-07T21:45:00.000000000,1643,0.0,472.9808349609375
2020-06-07T22:00:00.000000000,1644,0.0,415.8995056152344
2020-06-07T22:15:00.000000000,1645,0.0,367.15179443359375
2020-06-07T22:30:00.000000000,1646,0.0,325.7920837402344
2020-06-07T22:45:00.000000000,1647,0.0,290.95703125
2020-06-07T23:00:00.000000000,1648,0.0,263.94891357421875
2020-06-07T23:15:00.000000000,1649,0.0,244.62466430664062
2020-06-07T23:30:00.000000000,1650,0.0,232.07394409179688
2020-06-07T23:45:00.000000000,1651,0.0,224.74179077148438
2020-06-08T00:00:00.000000000,1652,0.0,220.3263397216797
2020-06-08T00:15:00.000000000,1653,0.0,217.1762237548828
2020-06-08T00:30:00.000000000,1654,0.0,214.6994171142578
2020-06-08T00:45:00.000000000,1655,0.0,212.313232421875
2020-06-08T01:00:00.000000000,1656,0.0,209.65475463867188
2020-06-08T01:15:00.000000000,1657,0.0,207.30731201171875
2020-06-08T01:30:00.000000000,1658,0.0,208.00369262695312
2020-06-08T01:45:00.000000000,1659,0.0,214.788330078125
2020-06-08T02:00:00.000000000,1660,0.0,228.25460815429688
2020-06-08T02:15:00.000000000,1661,0.0,248.28799438476562
2020-06-08T02:30:00.000000000,1662,0.0,274.4018859863281
2020-06-08T02:45:00.000000000,1663,0.0,306.0281677246094
2020-06-08T03:00:00.000000000,1664,0.0,344.13421630859375
2020-06-08T03:15:00.000000000,1665,0.0,392.4436950683594
2020-06-08T03:30:00.000000000,1666,0.0,453.373291015625
2020-06-08T03:45:00.000000000,1667,0.0,530.1823120117188
2020-06-08T04:00:00.000000000,1668,0.0,627.7310180664062
2020-06-08T04:15:00.000000000,1669,0.0,754.06591796875
2020-06-08T04:30:00.000000000,1670,0.0,916.4342041015625
2020-06-08T04:45:00.000000000,1671,0.0,1124.781494140625
2020-06-08T05:00:00.000000000,1672,0.0,1387.4796142578125
2020-06-08T05:15:00.000000000,1673,0.0,1716.27978515625
2020-06-08T05:30:00.000000000,1674,0.0,2134.1240234375
2020-06-08T05:45:00.000000000,1675,0.0,2677.017822265625
2020-06-08T06:00:00.000000000,1676,2240.16071436,3407.875244140625
2020-06-08T06:15:00.000000000,1677,9909.2678571,4553.306640625
2020-06-08T06:30:00.000000000,1678,18557.1785715,6878.1982421875
2020-06-08T06:45:00.000000000,1679,24334.107143,12485.2919921875
2020-06-08T07:00:00.000000000,1680,34055.642858,26091.6484375
2020-06-08T07:15:00.000000000,1681,42460.232143,60967.765625
2020-06-08T07:30:00.000000000,1682,54023.428572,129084.1015625
2020-06-08T07:45:00.000000000,1683,85853.482143,206534.015625
2020-06-08T08:00:00.000000000,1684,90897.696429,261274.625
2020-06-08T08:15:00.000000000,1685,73041.339285,277581.09375
2020-06-08T08:30:00.000000000,1686,119955.69643,280666.40625
2020-06-08T08:45:00.000000000,1687,159208.446429,281978.03125
2020-06-08T09:00:00.000000000,1688,149134.767858,282669.78125
2020-06-08T09:15:00.000000000,1689,205203.45,282941.21875
2020-06-08T09:30:00.000000000,1690,246240.714277,283015.25
2020-06-08T09:45:00.000000000,1691,250850.29167,282962.75
2020-06-08T10:00:00.000000000,1692,267452.32143,282714.65625
2020-06-08T10:15:00.000000000,1693,237521.82144,281916.03125
2020-06-08T10:30:00.000000000,1694,252739.464271,177193.59375
2020-06-08T10:45:00.000000000,1695,252120.60714,21595.55859375
2020-06-08T11:00:00.000000000,1696,261569.80357,30096.458984375
2020-06-08T11:15:00.000000000,1697,246354.33929,42713.921875
2020-06-08T11:30:00.000000000,1698,225426.589279,158552.734375
2020-06-08T11:45:00.000000000,1699,227722.482148,73820.765625
2020-06-08T12:00:00.000000000,1700,224724.660709,163102.921875
2020-06-08T12:15:00.000000000,1701,193844.803574,206192.8125
2020-06-08T12:30:00.000000000,1702,258515.17857,271932.96875
2020-06-08T12:45:00.000000000,1703,169242.732142,281259.75
2020-06-08T13:00:00.000000000,1704,213213.928575,281491.3125
2020-06-08T13:15:00.000000000,1705,195440.517858,282384.375
2020-06-08T13:30:00.000000000,1706,177761.607143,282806.09375
2020-06-08T13:45:00.000000000,1707,219581.285706,281384.125
2020-06-08T14:00:00.000000000,1708,218756.928572,283031.5625
2020-06-08T14:15:00.000000000,1709,230892.732146,282859.25
2020-06-08T14:30:00.000000000,1710,243628.46429,282923.5625
2020-06-08T14:45:00.000000000,1711,211796.232142,282747.59375
2020-06-08T15:00:00.000000000,1712,218279.428579,279457.03125
2020-06-08T15:15:00.000000000,1713,204789.535714,281458.46875
2020-06-08T15:30:00.000000000,1714,151651.946427,281595.09375
2020-06-08T15:45:00.000000000,1715,157131.321429,282271.03125
2020-06-08T16:00:00.000000000,1716,105533.857143,282722.96875
2020-06-08T16:15:00.000000000,1717,74117.946428,282386.09375
2020-06-08T16:30:00.000000000,1718,120259.071428,282783.84375
2020-06-08T16:45:00.000000000,1719,119533.428571,282935.28125
2020-06-08T17:00:00.000000000,1720,72443.946429,282898.53125
2020-06-08T17:15:00.000000000,1721,51089.142857,282799.09375
2020-06-08T17:30:00.000000000,1722,42752.999998,282266.78125
2020-06-08T17:45:00.000000000,1723,27943.053572,279435.875
2020-06-08T18:00:00.000000000,1724,17814.8928571,270972.96875
2020-06-08T18:15:00.000000000,1725,9856.6964285,231816.4375
2020-06-08T18:30:00.000000000,1726,2645.3928572,137982.265625
2020-06-08T18:45:00.000000000,1727,0.0,53661.52734375
2020-06-08T19:00:00.000000000,1728,0.0,15886.3642578125
2020-06-08T19:15:00.000000000,1729,0.0,5692.0263671875
2020-06-08T19:30:00.000000000,1730,0.0,2665.07373046875
2020-06-08T19:45:00.000000000,1731,0.0,1669.4444580078125
2020-06-08T20:00:00.000000000,1732,0.0,1288.79296875
2020-06-08T20:15:00.000000000,1733,0.0,1074.809326171875
2020-06-08T20:30:00.000000000,1734,0.0,899.0589599609375
2020-06-08T20:45:00.000000000,1735,0.0,751.6653442382812
2020-06-08T21:00:00.000000000,1736,0.0,633.6832275390625
2020-06-08T21:15:00.000000000,1737,0.0,544.5440063476562
2020-06-08T21:30:00.000000000,1738,0.0,477.1733093261719
2020-06-08T21:45:00.000000000,1739,0.0,419.243408203125
2020-06-08T22:00:00.000000000,1740,0.0,367.3222961425781
2020-06-08T22:15:00.000000000,1741,0.0,325.6529235839844
2020-06-08T22:30:00.000000000,1742,0.0,293.60626220703125
2020-06-08T22:45:00.000000000,1743,0.0,270.5523986816406
2020-06-08T23:00:00.000000000,1744,0.0,252.11978149414062
2020-06-08T23:15:00.000000000,1745,0.0,235.3913116455078
2020-06-08T23:30:00.000000000,1746,0.0,218.75604248046875
2020-06-08T23:45:00.000000000,1747,0.0,202.73672485351562
2020-06-09T00:00:00.000000000,1748,0.0,188.3573760986328
2020-06-09T00:15:00.000000000,1749,0.0,177.5893096923828
2020-06-09T00:30:00.000000000,1750,0.0,170.23255920410156
2020-06-09T00:45:00.000000000,1751,0.0,165.38858032226562
2020-06-09T01:00:00.000000000,1752,0.0,164.4148406982422
2020-06-09T01:15:00.000000000,1753,0.0,167.17388916015625
2020-06-09T01:30:00.000000000,1754,0.0,172.7997589111328
2020-06-09T01:45:00.000000000,1755,0.0,181.16168212890625
2020-06-09T02:00:00.000000000,1756,0.0,191.9059295654297
2020-06-09T02:15:00.000000000,1757,0.0,203.70071411132812
2020-06-09T02:30:00.000000000,1758,0.0,218.87054443359375
2020-06-09T02:45:00.000000000,1759,0.0,240.766845703125
2020-06-09T03:00:00.000000000,1760,0.0,271.5978698730469
2020-06-09T03:15:00.000000000,1761,0.0,311.7336730957031
2020-06-09T03:30:00.000000000,1762,0.0,363.98248291015625
2020-06-09T03:45:00.000000000,1763,0.0,430.28857421875
2020-06-09T04:00:00.000000000,1764,0.0,510.7979736328125
2020-06-09T04:15:00.000000000,1765,0.0,614.2081298828125
2020-06-09T04:30:00.000000000,1766,0.0,756.334716796875
2020-06-09T04:45:00.000000000,1767,0.0,949.685546875
2020-06-09T05:00:00.000000000,1768,0.0,1202.9888916015625
2020-06-09T05:15:00.000000000,1769,0.0,1535.68798828125
2020-06-09T05:30:00.000000000,1770,0.0,1956.5245361328125
2020-06-09T05:45:00.000000000,1771,0.0,2464.4130859375
2020-06-09T06:00:00.000000000,1772,3535.7142857,3096.60009765625
2020-06-09T06:15:00.000000000,1773,10691.3392855,4165.02099609375
2020-06-09T06:30:00.000000000,1774,18583.1071429,6466.03076171875
2020-06-09T06:45:00.000000000,1775,31469.142855,11879.849609375
2020-06-09T07:00:00.000000000,1776,49069.517857,27021.361328125
2020-06-09T07:15:00.000000000,1777,58874.75,85879.0859375
2020-06-09T07:30:00.000000000,1778,60386.160714,197012.6875
2020-06-09T07:45:00.000000000,1779,55292.196428,257626.390625
2020-06-09T08:00:00.000000000,1780,115604.642857,271868.90625
2020-06-09T08:15:00.000000000,1781,137029.142857,279285.3125
2020-06-09T08:30:00.000000000,1782,151945.428572,282284.40625
2020-06-09T08:45:00.000000000,1783,167744.446429,282904.5625
2020-06-09T09:00:00.000000000,1784,189591.57143,282982.21875
2020-06-09T09:15:00.000000000,1785,178563.089286,282709.65625
2020-06-09T09:30:00.000000000,1786,194360.857146,282287.15625
2020-06-09T09:45:00.000000000,1787,212101.30358,281800.78125
2020-06-09T10:00:00.000000000,1788,124785.107142,281707.9375
2020-06-09T10:15:00.000000000,1789,217012.357149,279406.59375
2020-06-09T10:30:00.000000000,1790,272063.55357,282035.25
2020-06-09T10:45:00.000000000,1791,261122.69643,282363.53125
2020-06-09T11:00:00.000000000,1792,254276.446447,282939.625
2020-06-09T11:15:00.000000000,1793,256626.214294,283001.0625
2020-06-09T11:30:00.000000000,1794,189619.232141,177664.515625
2020-06-09T11:45:00.000000000,1795,264261.5893,26902.98046875
2020-06-09T12:00:00.000000000,1796,202514.607149,57540.0703125
2020-06-09T12:15:00.000000000,1797,178488.785715,197022.8125
2020-06-09T12:30:00.000000000,1798,231006.500011,275732.78125
2020-06-09T12:45:00.000000000,1799,218935.75,282838.0
2020-06-09T13:00:00.000000000,1800,231780.517869,281441.90625
2020-06-09T13:15:00.000000000,1801,231578.00001,283032.625
2020-06-09T13:30:00.000000000,1802,206502.089283,283017.65625
2020-06-09T13:45:00.000000000,1803,198741.803574,281773.40625
2020-06-09T14:00:00.000000000,1804,134033.982143,280965.84375
2020-06-09T14:15:00.000000000,1805,143309.910714,280101.65625
2020-06-09T14:30:00.000000000,1806,191380.803571,282713.0625
2020-06-09T14:45:00.000000000,1807,171476.625002,283044.84375
2020-06-09T15:00:00.000000000,1808,181534.714286,283053.3125
2020-06-09T15:15:00.000000000,1809,180087.285714,283057.09375
2020-06-09T15:30:00.000000000,1810,185542.053573,283054.53125
2020-06-09T15:45:00.000000000,1811,165202.803572,283045.875
2020-06-09T16:00:00.000000000,1812,140947.625,283043.3125
2020-06-09T16:15:00.000000000,1813,122571.642856,283016.3125
2020-06-09T16:30:00.000000000,1814,113117.553571,282949.1875
2020-06-09T16:45:00.000000000,1815,92526.142855,282878.875
2020-06-09T17:00:00.000000000,1816,70844.089285,282867.21875
2020-06-09T17:15:00.000000000,1817,59516.803572,282714.5
2020-06-09T17:30:00.000000000,1818,46194.982142,282113.53125
2020-06-09T17:45:00.000000000,1819,31438.464285,279766.5
2020-06-09T18:00:00.000000000,1820,18738.0892858,269589.5
2020-06-09T18:15:00.000000000,1821,9341.2678572,228462.984375
2020-06-09T18:30:00.000000000,1822,2046.39285712,134674.59375
2020-06-09T18:45:00.000000000,1823,0.0,47551.3203125
2020-06-09T19:00:00.000000000,1824,0.0,14112.318359375
2020-06-09T19:15:00.000000000,1825,0.0,5131.54443359375
2020-06-09T19:30:00.000000000,1826,0.0,2545.42529296875
2020-06-09T19:45:00.000000000,1827,0.0,1665.5167236328125
2020-06-09T20:00:00.000000000,1828,0.0,1322.4268798828125
2020-06-09T20:15:00.000000000,1829,0.0,1119.3209228515625
2020-06-09T20:30:00.000000000,1830,0.0,951.8032836914062
2020-06-09T20:45:00.000000000,1831,0.0,808.406005859375
2020-06-09T21:00:00.000000000,1832,0.0,690.8397827148438
2020-06-09T21:15:00.000000000,1833,0.0,596.5873413085938
2020-06-09T21:30:00.000000000,1834,0.0,518.8876342773438
2020-06-09T21:45:00.000000000,1835,0.0,451.45147705078125
2020-06-09T22:00:00.000000000,1836,0.0,393.8961181640625
2020-06-09T22:15:00.000000000,1837,0.0,346.9373474121094
2020-06-09T22:30:00.000000000,1838,0.0,307.7834167480469
2020-06-09T22:45:00.000000000,1839,0.0,276.061767578125
2020-06-09T23:00:00.000000000,1840,0.0,250.37229919433594
2020-06-09T23:15:00.000000000,1841,0.0,229.90817260742188
2020-06-09T23:30:00.000000000,1842,0.0,214.4385986328125
2020-06-09T23:45:00.000000000,1843,0.0,203.24859619140625
2020-06-10T00:00:00.000000000,1844,0.0,195.21604919433594
2020-06-10T00:15:00.000000000,1845,0.0,190.3496551513672
2020-06-10T00:30:00.000000000,1846,0.0,187.9276580810547
2020-06-10T00:45:00.000000000,1847,0.0,187.60787963867188
2020-06-10T01:00:00.000000000,1848,0.0,190.01280212402344
2020-06-10T01:15:00.000000000,1849,0.0,194.5260009765625
2020-06-10T01:30:00.000000000,1850,0.0,200.89508056640625
2020-06-10T01:45:00.000000000,1851,0.0,209.69244384765625
2020-06-10T02:00:00.000000000,1852,0.0,221.12417602539062
2020-06-10T02:15:00.000000000,1853,0.0,236.69775390625
2020-06-10T02:30:00.000000000,1854,0.0,258.6883850097656
2020-06-10T02:45:00.000000000,1855,0.0,289.00347900390625
2020-06-10T03:00:00.000000000,1856,0.0,327.8427429199219
2020-06-10T03:15:00.000000000,1857,0.0,375.7510986328125
2020-06-10T03:30:00.000000000,1858,0.0,432.7949523925781
2020-06-10T03:45:00.000000000,1859,0.0,500.92095947265625
2020-06-10T04:00:00.000000000,1860,0.0,586.0571899414062
2020-06-10T04:15:00.000000000,1861,0.0,695.2169189453125
2020-06-10T04:30:00.000000000,1862,0.0,837.1982421875
2020-06-10T04:45:00.000000000,1863,0.0,1025.7017822265625
2020-06-10T05:00:00.000000000,1864,0.0,1276.3717041015625
2020-06-10T05:15:00.000000000,1865,0.0,1602.63818359375
2020-06-10T05:30:00.000000000,1866,0.0,2023.391845703125
2020-06-10T05:45:00.000000000,1867,0.0,2547.622802734375
2020-06-10T06:00:00.000000000,1868,2128.00000004,3209.482421875
2020-06-10T06:15:00.000000000,1869,9459.892857,4227.814453125
2020-06-10T06:30:00.000000000,1870,19100.1071427,6352.2626953125
2020-06-10T06:45:00.000000000,1871,29365.928571,11675.87890625
2020-06-10T07:00:00.000000000,1872,44351.410713,26974.197265625
2020-06-10T07:15:00.000000000,1873,56348.464285,80303.5703125
2020-06-10T07:30:00.000000000,1874,73655.553571,187628.734375
2020-06-10T07:45:00.000000000,1875,91334.910715,259604.75
2020-06-10T08:00:00.000000000,1876,94401.196429,278095.65625
2020-06-10T08:15:00.000000000,1877,64861.928572,281087.28125
2020-06-10T08:30:00.000000000,1878,78516.357145,281391.34375
2020-06-10T08:45:00.000000000,1879,144351.142858,281451.5625
2020-06-10T09:00:00.000000000,1880,151578.392857,282530.09375
2020-06-10T09:15:00.000000000,1881,169201.857142,282966.125
2020-06-10T09:30:00.000000000,1882,179210.553572,283040.875
2020-06-10T09:45:00.000000000,1883,130040.696428,283038.8125
2020-06-10T10:00:00.000000000,1884,105182.839286,282862.21875
2020-06-10T10:15:00.000000000,1885,152638.964286,282675.03125
2020-06-10T10:30:00.000000000,1886,150427.089286,282596.40625
2020-06-10T10:45:00.000000000,1887,129342.75,282998.09375
2020-06-10T11:00:00.000000000,1888,106168.535714,283047.96875
2020-06-10T11:15:00.000000000,1889,168623.625,283048.5
2020-06-10T11:30:00.000000000,1890,194893.982152,283042.0625
2020-06-10T11:45:00.000000000,1891,201123.803575,283054.5
2020-06-10T12:00:00.000000000,1892,291503.85713,283057.53125
2020-06-10T12:15:00.000000000,1893,228835.071432,283057.90625
2020-06-10T12:30:00.000000000,1894,267808.94644,282993.125
2020-06-10T12:45:00.000000000,1895,253846.48212,282055.46875
2020-06-10T13:00:00.000000000,1896,211440.035711,268014.65625
2020-06-10T13:15:00.000000000,1897,172381.125,65145.59375
2020-06-10T13:30:00.000000000,1898,252923.5893,257863.25
2020-06-10T13:45:00.000000000,1899,207197.017862,278789.84375
2020-06-10T14:00:00.000000000,1900,158553.196429,282718.40625
2020-06-10T14:15:00.000000000,1901,204807.267857,283027.21875
2020-06-10T14:30:00.000000000,1902,130074.250001,283034.71875
2020-06-10T14:45:00.000000000,1903,21468.7321427,282850.1875
2020-06-10T15:00:00.000000000,1904,46592.625,283005.34375
2020-06-10T15:15:00.000000000,1905,76069.892859,282869.53125
2020-06-10T15:30:00.000000000,1906,102774.017856,282148.375
2020-06-10T15:45:00.000000000,1907,83870.892857,281340.6875
2020-06-10T16:00:00.000000000,1908,91614.892857,279781.21875
2020-06-10T16:15:00.000000000,1909,116815.964286,281371.125
2020-06-10T16:30:00.000000000,1910,76904.482142,282053.40625
2020-06-10T16:45:00.000000000,1911,61062.946428,281989.625
2020-06-10T17:00:00.000000000,1912,53525.482142,281337.3125
2020-06-10T17:15:00.000000000,1913,53977.410715,278983.5
2020-06-10T17:30:00.000000000,1914,32748.45,273585.1875
2020-06-10T17:45:00.000000000,1915,26049.571429,258393.828125
2020-06-10T18:00:00.000000000,1916,12324.7142857,220208.90625
2020-06-10T18:15:00.000000000,1917,2560.625,147732.640625
2020-06-10T18:30:00.000000000,1918,0.0,66483.8984375
2020-06-10T18:45:00.000000000,1919,0.0,20804.57421875
2020-06-10T19:00:00.000000000,1920,0.0,8066.48779296875
2020-06-10T19:15:00.000000000,1921,0.0,3618.4921875
2020-06-10T19:30:00.000000000,1922,0.0,2245.49169921875
2020-06-10T19:45:00.000000000,1923,0.0,1726.6220703125
2020-06-10T20:00:00.000000000,1924,0.0,1409.4075927734375
2020-06-10T20:15:00.000000000,1925,0.0,1166.5523681640625
2020-06-10T20:30:00.000000000,1926,0.0,961.9527587890625
2020-06-10T20:45:00.000000000,1927,0.0,796.4607543945312
2020-06-10T21:00:00.000000000,1928,0.0,669.1766967773438
2020-06-10T21:15:00.000000000,1929,0.0,571.063232421875
2020-06-10T21:30:00.000000000,1930,0.0,493.5662536621094
2020-06-10T21:45:00.000000000,1931,0.0,429.98016357421875
2020-06-10T22:00:00.000000000,1932,0.0,376.31732177734375
2020-06-10T22:15:00.000000000,1933,0.0,329.2833251953125
2020-06-10T22:30:00.000000000,1934,0.0,290.0975036621094
2020-06-10T22:45:00.000000000,1935,0.0,260.4404296875
2020-06-10T23:00:00.000000000,1936,0.0,238.39527893066406
2020-06-10T23:15:00.000000000,1937,0.0,221.452392578125
2020-06-10T23:30:00.000000000,1938,0.0,209.04327392578125
2020-06-10T23:45:00.000000000,1939,0.0,200.79019165039062
2020-06-11T00:00:00.000000000,1940,0.0,197.00228881835938
2020-06-11T00:15:00.000000000,1941,0.0,196.41616821289062
2020-06-11T00:30:00.000000000,1942,0.0,197.81134033203125
2020-06-11T00:45:00.000000000,1943,0.0,197.7245330810547
2020-06-11T01:00:00.000000000,1944,0.0,197.77938842773438
2020-06-11T01:15:00.000000000,1945,0.0,200.34915161132812
2020-06-11T01:30:00.000000000,1946,0.0,204.62741088867188
2020-06-11T01:45:00.000000000,1947,0.0,211.12887573242188
2020-06-11T02:00:00.000000000,1948,0.0,222.50485229492188
2020-06-11T02:15:00.000000000,1949,0.0,238.74594116210938
2020-06-11T02:30:00.000000000,1950,0.0,259.04437255859375
2020-06-11T02:45:00.000000000,1951,0.0,284.7013244628906
2020-06-11T03:00:00.000000000,1952,0.0,316.0497741699219
2020-06-11T03:15:00.000000000,1953,0.0,354.7166442871094
2020-06-11T03:30:00.000000000,1954,0.0,402.2275695800781
2020-06-11T03:45:00.000000000,1955,0.0,461.74810791015625
2020-06-11T04:00:00.000000000,1956,0.0,539.0989990234375
2020-06-11T04:15:00.000000000,1957,0.0,641.4160766601562
2020-06-11T04:30:00.000000000,1958,0.0,776.4588623046875
2020-06-11T04:45:00.000000000,1959,0.0,952.3073120117188
2020-06-11T05:00:00.000000000,1960,0.0,1183.68212890625
2020-06-11T05:15:00.000000000,1961,0.0,1513.3912353515625
2020-06-11T05:30:00.000000000,1962,0.0,1975.366943359375
2020-06-11T05:45:00.000000000,1963,0.0,2588.03173828125
2020-06-11T06:00:00.000000000,1964,0.0,3399.203857421875
2020-06-11T06:15:00.000000000,1965,3295.1964285,4485.6181640625
2020-06-11T06:30:00.000000000,1966,8000.8035713,6167.79248046875
2020-06-11T06:45:00.000000000,1967,11662.2142858,9206.654296875
2020-06-11T07:00:00.000000000,1968,17283.3035715,14922.3359375
2020-06-11T07:15:00.000000000,1969,26441.785715,26540.505859375
2020-06-11T07:30:00.000000000,1970,32344.928572,50988.4453125
2020-06-11T07:45:00.000000000,1971,44391.196428,94367.21875
2020-06-11T08:00:00.000000000,1972,56867.482143,158462.71875
2020-06-11T08:15:00.000000000,1973,63561.000002,223493.484375
2020-06-11T08:30:00.000000000,1974,66370.75,259815.484375
2020-06-11T08:45:00.000000000,1975,74854.57143,273688.0
2020-06-11T09:00:00.000000000,1976,83335.875,278928.0625
2020-06-11T09:15:00.000000000,1977,92008.42857,281094.875
2020-06-11T09:30:00.000000000,1978,97882.660715,282122.59375
2020-06-11T09:45:00.000000000,1979,104898.625001,282607.1875
2020-06-11T10:00:00.000000000,1980,113149.071428,282819.375
2020-06-11T10:15:00.000000000,1981,123134.196428,282918.71875
2020-06-11T10:30:00.000000000,1982,125721.196428,282973.65625
2020-06-11T10:45:00.000000000,1983,130335.696428,283004.40625
2020-06-11T11:00:00.000000000,1984,158339.374998,283019.09375
2020-06-11T11:15:00.000000000,1985,171464.625001,283034.78125
2020-06-11T11:30:00.000000000,1986,161230.392858,283045.125
2020-06-11T11:45:00.000000000,1987,181510.267857,283048.375
2020-06-11T12:00:00.000000000,1988,204194.196429,283046.71875
2020-06-11T12:15:00.000000000,1989,196331.821428,283037.25
2020-06-11T12:30:00.000000000,1990,174191.749999,283032.96875
2020-06-11T12:45:00.000000000,1991,127862.375,283026.5
2020-06-11T13:00:00.000000000,1992,148878.142859,282898.34375
2020-06-11T13:15:00.000000000,1993,160402.625,282828.40625
2020-06-11T13:30:00.000000000,1994,106145.142858,283007.4375
2020-06-11T13:45:00.000000000,1995,140998.017857,283039.84375
2020-06-11T14:00:00.000000000,1996,148474.285715,283048.96875
2020-06-11T14:15:00.000000000,1997,206915.000003,283043.9375
2020-06-11T14:30:00.000000000,1998,227661.517851,283052.25
2020-06-11T14:45:00.000000000,1999,135841.678571,283056.96875
2020-06-11T15:00:00.000000000,2000,162871.767858,283050.46875
2020-06-11T15:15:00.000000000,2001,138751.607144,283011.25
2020-06-11T15:30:00.000000000,2002,157548.928569,282618.875
2020-06-11T15:45:00.000000000,2003,139426.303571,282870.5
2020-06-11T16:00:00.000000000,2004,105724.339286,283018.46875
2020-06-11T16:15:00.000000000,2005,97948.624998,282929.875
2020-06-11T16:30:00.000000000,2006,79283.053571,282869.75
2020-06-11T16:45:00.000000000,2007,69329.982146,282493.3125
2020-06-11T17:00:00.000000000,2008,52606.642858,282032.40625
2020-06-11T17:15:00.000000000,2009,41500.857144,280095.9375
2020-06-11T17:30:00.000000000,2010,31294.0,273369.84375
2020-06-11T17:45:00.000000000,2011,21670.8571439,252350.125
2020-06-11T18:00:00.000000000,2012,13898.0357143,199604.140625
2020-06-11T18:15:00.000000000,2013,6553.3928572,116956.953125
2020-06-11T18:30:00.000000000,2014,1289.98214286,52322.55078125
2020-06-11T18:45:00.000000000,2015,0.0,20182.400390625
2020-06-11T19:00:00.000000000,2016,0.0,8257.8271484375
2020-06-11T19:15:00.000000000,2017,0.0,4011.21826171875
2020-06-11T19:30:00.000000000,2018,0.0,2362.110595703125
2020-06-11T19:45:00.000000000,2019,0.0,1676.10986328125
2020-06-11T20:00:00.000000000,2020,0.0,1349.268310546875
2020-06-11T20:15:00.000000000,2021,0.0,1146.6064453125
2020-06-11T20:30:00.000000000,2022,0.0,986.0400390625
2020-06-11T20:45:00.000000000,2023,0.0,855.0741577148438
2020-06-11T21:00:00.000000000,2024,0.0,740.6273803710938
2020-06-11T21:15:00.000000000,2025,0.0,638.6539306640625
2020-06-11T21:30:00.000000000,2026,0.0,552.6929321289062
2020-06-11T21:45:00.000000000,2027,0.0,482.0905456542969
2020-06-11T22:00:00.000000000,2028,0.0,425.6319274902344
2020-06-11T22:15:00.000000000,2029,0.0,380.4566955566406
2020-06-11T22:30:00.000000000,2030,0.0,343.408935546875
2020-06-11T22:45:00.000000000,2031,0.0,312.1320495605469
2020-06-11T23:00:00.000000000,2032,0.0,285.9172058105469
2020-06-11T23:15:00.000000000,2033,0.0,263.2182312011719
2020-06-11T23:30:00.000000000,2034,0.0,243.08436584472656
2020-06-11T23:45:00.000000000,2035,0.0,224.55545043945312
2020-06-12T00:00:00.000000000,2036,0.0,208.33399963378906
2020-06-12T00:15:00.000000000,2037,0.0,196.0507354736328
2020-06-12T00:30:00.000000000,2038,0.0,188.63645935058594
2020-06-12T00:45:00.000000000,2039,0.0,187.43899536132812
2020-06-12T01:00:00.000000000,2040,0.0,189.82997131347656
2020-06-12T01:15:00.000000000,2041,0.0,194.50535583496094
2020-06-12T01:30:00.000000000,2042,0.0,200.1645965576172
2020-06-12T01:45:00.000000000,2043,0.0,208.24844360351562
2020-06-12T02:00:00.000000000,2044,0.0,219.60592651367188
2020-06-12T02:15:00.000000000,2045,0.0,235.51258850097656
2020-06-12T02:30:00.000000000,2046,0.0,253.66131591796875
2020-06-12T02:45:00.000000000,2047,0.0,275.7253112792969
2020-06-12T03:00:00.000000000,2048,0.0,301.99560546875
2020-06-12T03:15:00.000000000,2049,0.0,336.3141784667969
2020-06-12T03:30:00.000000000,2050,0.0,388.1655578613281
2020-06-12T03:45:00.000000000,2051,0.0,467.14410400390625
2020-06-12T04:00:00.000000000,2052,0.0,582.25146484375
2020-06-12T04:15:00.000000000,2053,0.0,714.3809204101562
2020-06-12T04:30:00.000000000,2054,0.0,857.932861328125
2020-06-12T04:45:00.000000000,2055,0.0,1024.14453125
2020-06-12T05:00:00.000000000,2056,0.0,1241.1038818359375
2020-06-12T05:15:00.000000000,2057,0.0,1529.1732177734375
2020-06-12T05:30:00.000000000,2058,0.0,1942.411865234375
2020-06-12T05:45:00.000000000,2059,0.0,2489.1533203125
2020-06-12T06:00:00.000000000,2060,0.0,3184.85302734375
2020-06-12T06:15:00.000000000,2061,3507.0535715,4159.89453125
2020-06-12T06:30:00.000000000,2062,8024.3214286,5790.28564453125
2020-06-12T06:45:00.000000000,2063,15296.6071428,8810.298828125
2020-06-12T07:00:00.000000000,2064,20510.8928572,15243.6044921875
2020-06-12T07:15:00.000000000,2065,23371.428571,29165.58203125
2020-06-12T07:30:00.000000000,2066,20556.4999998,55220.71875
2020-06-12T07:45:00.000000000,2067,28652.303572,88812.5078125
2020-06-12T08:00:00.000000000,2068,39434.571428,128022.640625
2020-06-12T08:15:00.000000000,2069,61462.25,174254.296875
2020-06-12T08:30:00.000000000,2070,69459.482144,228988.328125
2020-06-12T08:45:00.000000000,2071,89941.946429,263012.28125
2020-06-12T09:00:00.000000000,2072,109498.107143,277476.3125
2020-06-12T09:15:00.000000000,2073,130918.589286,281637.09375
2020-06-12T09:30:00.000000000,2074,116940.249999,282655.25
2020-06-12T09:45:00.000000000,2075,142755.553571,282855.75
2020-06-12T10:00:00.000000000,2076,127271.839286,282904.6875
2020-06-12T10:15:00.000000000,2077,169544.928571,282890.71875
2020-06-12T10:30:00.000000000,2078,180048.44643,282942.65625
2020-06-12T10:45:00.000000000,2079,147060.214284,283012.3125
2020-06-12T11:00:00.000000000,2080,133632.482143,282982.34375
2020-06-12T11:15:00.000000000,2081,182849.428571,282964.0625
2020-06-12T11:30:00.000000000,2082,218689.392862,282844.59375
2020-06-12T11:45:00.000000000,2083,205136.732142,282989.4375
2020-06-12T12:00:00.000000000,2084,223680.66071,283045.625
2020-06-12T12:15:00.000000000,2085,160811.571426,283039.625
2020-06-12T12:30:00.000000000,2086,155824.892856,282545.21875
2020-06-12T12:45:00.000000000,2087,172727.124999,279440.03125
2020-06-12T13:00:00.000000000,2088,176964.499999,281950.125
2020-06-12T13:15:00.000000000,2089,172236.142856,282797.8125
2020-06-12T13:30:00.000000000,2090,183226.339288,283042.6875
2020-06-12T13:45:00.000000000,2091,210055.357143,283040.46875
2020-06-12T14:00:00.000000000,2092,192543.249999,283029.90625
2020-06-12T14:15:00.000000000,2093,162032.249999,283027.5625
2020-06-12T14:30:00.000000000,2094,140525.107143,283006.6875
2020-06-12T14:45:00.000000000,2095,131110.017857,282860.375
2020-06-12T15:00:00.000000000,2096,126128.214288,282691.71875
2020-06-12T15:15:00.000000000,2097,107717.660716,282936.1875
2020-06-12T15:30:00.000000000,2098,127943.196429,282996.875
2020-06-12T15:45:00.000000000,2099,100876.750001,283002.15625
2020-06-12T16:00:00.000000000,2100,63434.357143,282974.1875
2020-06-12T16:15:00.000000000,2101,59864.678572,282845.28125
2020-06-12T16:30:00.000000000,2102,60263.267859,282434.34375
2020-06-12T16:45:00.000000000,2103,57484.053572,281164.1875
2020-06-12T17:00:00.000000000,2104,42347.767856,278480.875
2020-06-12T17:15:00.000000000,2105,39597.017857,271405.96875
2020-06-12T17:30:00.000000000,2106,47835.517857,259908.3125
2020-06-12T17:45:00.000000000,2107,34379.035713,245247.328125
2020-06-12T18:00:00.000000000,2108,18212.2500001,220605.125
2020-06-12T18:15:00.000000000,2109,8186.125,171202.796875
2020-06-12T18:30:00.000000000,2110,1783.48214287,105383.3046875
2020-06-12T18:45:00.000000000,2111,0.0,46075.4453125
2020-06-12T19:00:00.000000000,2112,0.0,14076.890625
2020-06-12T19:15:00.000000000,2113,0.0,5002.41796875
2020-06-12T19:30:00.000000000,2114,0.0,2589.499755859375
2020-06-12T19:45:00.000000000,2115,0.0,1727.49462890625
2020-06-12T20:00:00.000000000,2116,0.0,1333.6856689453125
2020-06-12T20:15:00.000000000,2117,0.0,1104.355224609375
2020-06-12T20:30:00.000000000,2118,0.0,925.99560546875
2020-06-12T20:45:00.000000000,2119,0.0,780.0253295898438
2020-06-12T21:00:00.000000000,2120,0.0,663.2003784179688
2020-06-12T21:15:00.000000000,2121,0.0,568.7425537109375
2020-06-12T21:30:00.000000000,2122,0.0,491.0655517578125
2020-06-12T21:45:00.000000000,2123,0.0,427.1524658203125
2020-06-12T22:00:00.000000000,2124,0.0,375.3175354003906
2020-06-12T22:15:00.000000000,2125,0.0,333.649658203125
2020-06-12T22:30:00.000000000,2126,0.0,299.8911437988281
2020-06-12T22:45:00.000000000,2127,0.0,273.5171813964844
2020-06-12T23:00:00.000000000,2128,0.0,251.71917724609375
2020-06-12T23:15:00.000000000,2129,0.0,231.93788146972656
2020-06-12T23:30:00.000000000,2130,0.0,214.50021362304688
2020-06-12T23:45:00.000000000,2131,0.0,197.72178649902344
2020-06-13T00:00:00.000000000,2132,0.0,181.72119140625
2020-06-13T00:15:00.000000000,2133,0.0,169.77392578125
2020-06-13T00:30:00.000000000,2134,0.0,162.64004516601562
2020-06-13T00:45:00.000000000,2135,0.0,159.376708984375
2020-06-13T01:00:00.000000000,2136,0.0,159.47996520996094
2020-06-13T01:15:00.000000000,2137,0.0,163.5492706298828
2020-06-13T01:30:00.000000000,2138,0.0,169.8055877685547
2020-06-13T01:45:00.000000000,2139,0.0,178.3800506591797
2020-06-13T02:00:00.000000000,2140,0.0,190.28372192382812
2020-06-13T02:15:00.000000000,2141,0.0,207.8809356689453
2020-06-13T02:30:00.000000000,2142,0.0,229.2654266357422
2020-06-13T02:45:00.000000000,2143,0.0,256.9240417480469
2020-06-13T03:00:00.000000000,2144,0.0,291.8176574707031
2020-06-13T03:15:00.000000000,2145,0.0,336.24530029296875
2020-06-13T03:30:00.000000000,2146,0.0,391.55535888671875
2020-06-13T03:45:00.000000000,2147,0.0,462.99334716796875
2020-06-13T04:00:00.000000000,2148,0.0,553.6806030273438
2020-06-13T04:15:00.000000000,2149,0.0,668.8737182617188
2020-06-13T04:30:00.000000000,2150,0.0,815.187255859375
2020-06-13T04:45:00.000000000,2151,0.0,1004.3526611328125
2020-06-13T05:00:00.000000000,2152,0.0,1247.753662109375
2020-06-13T05:15:00.000000000,2153,0.0,1559.3197021484375
2020-06-13T05:30:00.000000000,2154,0.0,1958.8067626953125
2020-06-13T05:45:00.000000000,2155,0.0,2454.00927734375
2020-06-13T06:00:00.000000000,2156,2059.85714285,3052.71826171875
2020-06-13T06:15:00.000000000,2157,7950.6785714,3946.385986328125
2020-06-13T06:30:00.000000000,2158,13108.0892858,5678.84814453125
2020-06-13T06:45:00.000000000,2159,23782.0357141,9335.3212890625
2020-06-13T07:00:00.000000000,2160,39451.196428,18559.806640625
2020-06-13T07:15:00.000000000,2161,57982.464285,53491.65234375
2020-06-13T07:30:00.000000000,2162,74035.767857,153232.296875
2020-06-13T07:45:00.000000000,2163,94234.089286,248755.53125
2020-06-13T08:00:00.000000000,2164,114529.499999,276571.15625
2020-06-13T08:15:00.000000000,2165,137764.625002,281424.3125
2020-06-13T08:30:00.000000000,2166,151587.035713,282512.65625
2020-06-13T08:45:00.000000000,2167,163322.285716,282780.125
2020-06-13T09:00:00.000000000,2168,174252.553571,282783.6875
2020-06-13T09:15:00.000000000,2169,184518.839287,282702.71875
2020-06-13T09:30:00.000000000,2170,177820.232142,282521.84375
2020-06-13T09:45:00.000000000,2171,191531.946432,282506.65625
2020-06-13T10:00:00.000000000,2172,196918.499991,282518.8125
2020-06-13T10:15:00.000000000,2173,226994.142853,281902.625
2020-06-13T10:30:00.000000000,2174,254751.26785,282223.5
2020-06-13T10:45:00.000000000,2175,239880.464278,282344.375
2020-06-13T11:00:00.000000000,2176,242519.875005,281527.53125
2020-06-13T11:15:00.000000000,2177,280880.69643,280499.6875
2020-06-13T11:30:00.000000000,2178,275000.37501,252367.90625
2020-06-13T11:45:00.000000000,2179,279940.482144,229010.546875
2020-06-13T12:00:00.000000000,2180,285532.60713,268768.09375
2020-06-13T12:15:00.000000000,2181,239571.553563,165524.453125
2020-06-13T12:30:00.000000000,2182,260659.98214,43964.3359375
2020-06-13T12:45:00.000000000,2183,269511.98213,77048.0390625
2020-06-13T13:00:00.000000000,2184,215943.964286,17635.548828125
2020-06-13T13:15:00.000000000,2185,195601.357145,91134.03125
2020-06-13T13:30:00.000000000,2186,170580.410714,175275.4375
2020-06-13T13:45:00.000000000,2187,184119.392858,211074.359375
2020-06-13T14:00:00.000000000,2188,268892.30358,271522.28125
2020-06-13T14:15:00.000000000,2189,245403.48214,282912.21875
2020-06-13T14:30:00.000000000,2190,193012.946428,282995.6875
2020-06-13T14:45:00.000000000,2191,231994.982144,282700.625
2020-06-13T15:00:00.000000000,2192,228325.982147,265387.3125
2020-06-13T15:15:00.000000000,2193,218391.785718,88580.4453125
2020-06-13T15:30:00.000000000,2194,167310.125001,253989.609375
2020-06-13T15:45:00.000000000,2195,127464.232144,275762.625
2020-06-13T16:00:00.000000000,2196,148466.089285,227533.765625
2020-06-13T16:15:00.000000000,2197,65477.500001,266921.0625
2020-06-13T16:30:00.000000000,2198,82483.19643,277678.53125
2020-06-13T16:45:00.000000000,2199,46147.910714,282018.53125
2020-06-13T17:00:00.000000000,2200,36114.892858,281464.40625
2020-06-13T17:15:00.000000000,2201,38961.303572,277357.1875
2020-06-13T17:30:00.000000000,2202,27298.125001,264193.1875
2020-06-13T17:45:00.000000000,2203,20738.8035714,231849.859375
2020-06-13T18:00:00.000000000,2204,13119.5,163075.46875
2020-06-13T18:15:00.000000000,2205,6314.6250001,99826.0078125
2020-06-13T18:30:00.000000000,2206,1520.23214286,51712.75
2020-06-13T18:45:00.000000000,2207,0.0,20666.96484375
2020-06-13T19:00:00.000000000,2208,0.0,8735.40625
2020-06-13T19:15:00.000000000,2209,0.0,4069.441650390625
2020-06-13T19:30:00.000000000,2210,0.0,2311.965576171875
2020-06-13T19:45:00.000000000,2211,0.0,1633.8465576171875
2020-06-13T20:00:00.000000000,2212,0.0,1319.03076171875
2020-06-13T20:15:00.000000000,2213,0.0,1120.5037841796875
2020-06-13T20:30:00.000000000,2214,0.0,958.8082885742188
2020-06-13T20:45:00.000000000,2215,0.0,830.6043090820312
2020-06-13T21:00:00.000000000,2216,0.0,715.1326293945312
2020-06-13T21:15:00.000000000,2217,0.0,607.4277954101562
2020-06-13T21:30:00.000000000,2218,0.0,514.2412109375
2020-06-13T21:45:00.000000000,2219,0.0,436.0461730957031
2020-06-13T22:00:00.000000000,2220,0.0,375.5216979980469
2020-06-13T22:15:00.000000000,2221,0.0,327.88739013671875
2020-06-13T22:30:00.000000000,2222,0.0,289.9352111816406
2020-06-13T22:45:00.000000000,2223,0.0,258.9140930175781
2020-06-13T23:00:00.000000000,2224,0.0,233.2423858642578
2020-06-13T23:15:00.000000000,2225,0.0,212.89471435546875
2020-06-13T23:30:00.000000000,2226,0.0,199.5060272216797
2020-06-13T23:45:00.000000000,2227,0.0,188.8804931640625
2020-06-14T00:00:00.000000000,2228,0.0,182.10885620117188
2020-06-14T00:15:00.000000000,2229,0.0,181.00306701660156
2020-06-14T00:30:00.000000000,2230,0.0,181.0236053466797
2020-06-14T00:45:00.000000000,2231,0.0,182.21534729003906
2020-06-14T01:00:00.000000000,2232,0.0,185.19314575195312
2020-06-14T01:15:00.000000000,2233,0.0,188.3057861328125
2020-06-14T01:30:00.000000000,2234,0.0,193.20277404785156
2020-06-14T01:45:00.000000000,2235,0.0,205.87425231933594
2020-06-14T02:00:00.000000000,2236,0.0,226.32386779785156
2020-06-14T02:15:00.000000000,2237,0.0,253.02740478515625
2020-06-14T02:30:00.000000000,2238,0.0,285.23126220703125
2020-06-14T02:45:00.000000000,2239,0.0,318.57220458984375
2020-06-14T03:00:00.000000000,2240,0.0,353.32330322265625
2020-06-14T03:15:00.000000000,2241,0.0,395.7568054199219
2020-06-14T03:30:00.000000000,2242,0.0,446.8812561035156
2020-06-14T03:45:00.000000000,2243,0.0,512.1768798828125
2020-06-14T04:00:00.000000000,2244,0.0,601.8602294921875
2020-06-14T04:15:00.000000000,2245,0.0,725.3373413085938
2020-06-14T04:30:00.000000000,2246,0.0,889.5320434570312
2020-06-14T04:45:00.000000000,2247,0.0,1103.197021484375
2020-06-14T05:00:00.000000000,2248,0.0,1375.558349609375
2020-06-14T05:15:00.000000000,2249,0.0,1744.4610595703125
2020-06-14T05:30:00.000000000,2250,0.0,2254.1103515625
2020-06-14T05:45:00.000000000,2251,0.0,2929.357421875
2020-06-14T06:00:00.000000000,2252,1066.1607143,3841.712158203125
2020-06-14T06:15:00.000000000,2253,7055.7321429,5189.2568359375
2020-06-14T06:30:00.000000000,2254,14613.625,7643.1728515625
2020-06-14T06:45:00.000000000,2255,23775.874999,13133.9404296875
2020-06-14T07:00:00.000000000,2256,43265.892857,27220.037109375
2020-06-14T07:15:00.000000000,2257,70420.749999,72469.0078125
2020-06-14T07:30:00.000000000,2258,70400.678572,179372.828125
2020-06-14T07:45:00.000000000,2259,94476.410715,251402.84375
2020-06-14T08:00:00.000000000,2260,92975.285714,275356.71875
2020-06-14T08:15:00.000000000,2261,78654.071428,280194.28125
2020-06-14T08:30:00.000000000,2262,106708.267858,280868.15625
2020-06-14T08:45:00.000000000,2263,119097.017856,281626.25
2020-06-14T09:00:00.000000000,2264,132657.339286,282123.6875
2020-06-14T09:15:00.000000000,2265,178531.553571,282716.34375
2020-06-14T09:30:00.000000000,2266,176766.321429,282955.0
2020-06-14T09:45:00.000000000,2267,180728.482143,282957.53125
2020-06-14T10:00:00.000000000,2268,186527.517857,282925.78125
2020-06-14T10:15:00.000000000,2269,170646.785715,282763.40625
2020-06-14T10:30:00.000000000,2270,232813.392851,281925.3125
2020-06-14T10:45:00.000000000,2271,251087.73214,282616.09375
2020-06-14T11:00:00.000000000,2272,200341.928574,282799.03125
2020-06-14T11:15:00.000000000,2273,190305.482146,282625.53125
2020-06-14T11:30:00.000000000,2274,193259.089287,281464.625
2020-06-14T11:45:00.000000000,2275,126677.285715,248774.59375
2020-06-14T12:00:00.000000000,2276,148617.839285,249338.46875
2020-06-14T12:15:00.000000000,2277,142175.214285,281875.46875
2020-06-14T12:30:00.000000000,2278,138934.964285,282264.25
2020-06-14T12:45:00.000000000,2279,157338.089287,282806.6875
2020-06-14T13:00:00.000000000,2280,175030.285714,283021.03125
2020-06-14T13:15:00.000000000,2281,217680.10715,282992.15625
2020-06-14T13:30:00.000000000,2282,206429.625003,283024.6875
2020-06-14T13:45:00.000000000,2283,236500.125,283022.65625
2020-06-14T14:00:00.000000000,2284,286103.07143,282927.8125
2020-06-14T14:15:00.000000000,2285,243677.69644,282288.21875
2020-06-14T14:30:00.000000000,2286,173954.499999,241766.3125
2020-06-14T14:45:00.000000000,2287,141626.125,34154.375
2020-06-14T15:00:00.000000000,2288,189159.660716,270.92138671875
2020-06-14T15:15:00.000000000,2289,218817.535726,317.5209655761719
2020-06-14T15:30:00.000000000,2290,145912.089286,274775.3125
2020-06-14T15:45:00.000000000,2291,129400.785713,282949.625
2020-06-14T16:00:00.000000000,2292,127905.767857,282818.46875
2020-06-14T16:15:00.000000000,2293,90956.732143,280713.59375
2020-06-14T16:30:00.000000000,2294,63102.785713,280211.15625
2020-06-14T16:45:00.000000000,2295,48307.875,282203.59375
2020-06-14T17:00:00.000000000,2296,38770.428571,280732.21875
2020-06-14T17:15:00.000000000,2297,36605.964287,275747.40625
2020-06-14T17:30:00.000000000,2298,22432.4821427,259999.234375
2020-06-14T17:45:00.000000000,2299,12707.7142858,215180.390625
2020-06-14T18:00:00.000000000,2300,8600.375,141507.5
2020-06-14T18:15:00.000000000,2301,5503.0714284,72049.453125
2020-06-14T18:30:00.000000000,2302,1391.0,31875.94921875
2020-06-14T18:45:00.000000000,2303,0.0,13169.5810546875
2020-06-14T19:00:00.000000000,2304,0.0,6507.91064453125
2020-06-14T19:15:00.000000000,2305,0.0,3830.077880859375
2020-06-14T19:30:00.000000000,2306,0.0,2489.008544921875
2020-06-14T19:45:00.000000000,2307,0.0,1772.4088134765625
2020-06-14T20:00:00.000000000,2308,0.0,1400.74365234375
2020-06-14T20:15:00.000000000,2309,0.0,1169.8609619140625
2020-06-14T20:30:00.000000000,2310,0.0,989.49169921875
2020-06-14T20:45:00.000000000,2311,0.0,844.0538330078125
2020-06-14T21:00:00.000000000,2312,0.0,728.8819580078125
2020-06-14T21:15:00.000000000,2313,0.0,640.9368286132812
2020-06-14T21:30:00.000000000,2314,0.0,570.8258056640625
2020-06-14T21:45:00.000000000,2315,0.0,507.9563903808594
2020-06-14T22:00:00.000000000,2316,0.0,446.9066467285156
2020-06-14T22:15:00.000000000,2317,0.0,390.39996337890625
2020-06-14T22:30:00.000000000,2318,0.0,346.62042236328125
2020-06-14T22:45:00.000000000,2319,0.0,311.10772705078125
2020-06-14T23:00:00.000000000,2320,0.0,280.4714660644531
2020-06-14T23:15:00.000000000,2321,0.0,254.3750762939453
2020-06-14T23:30:00.000000000,2322,0.0,234.94190979003906
2020-06-14T23:45:00.000000000,2323,0.0,225.22674560546875
2020-06-15T00:00:00.000000000,2324,0.0,221.017578125
2020-06-15T00:15:00.000000000,2325,0.0,220.3090362548828
2020-06-15T00:30:00.000000000,2326,0.0,220.02757263183594
2020-06-15T00:45:00.000000000,2327,0.0,219.50949096679688
2020-06-15T01:00:00.000000000,2328,0.0,219.26686096191406
2020-06-15T01:15:00.000000000,2329,0.0,222.6667938232422
2020-06-15T01:30:00.000000000,2330,0.0,230.42832946777344
2020-06-15T01:45:00.000000000,2331,0.0,237.5189208984375
2020-06-15T02:00:00.000000000,2332,0.0,244.8262481689453
2020-06-15T02:15:00.000000000,2333,0.0,256.1606750488281
2020-06-15T02:30:00.000000000,2334,0.0,272.7463684082031
2020-06-15T02:45:00.000000000,2335,0.0,295.2495422363281
2020-06-15T03:00:00.000000000,2336,0.0,329.5321960449219
2020-06-15T03:15:00.000000000,2337,0.0,376.14813232421875
2020-06-15T03:30:00.000000000,2338,0.0,438.1396179199219
2020-06-15T03:45:00.000000000,2339,0.0,523.5709228515625
2020-06-15T04:00:00.000000000,2340,0.0,638.243896484375
2020-06-15T04:15:00.000000000,2341,0.0,784.3099975585938
2020-06-15T04:30:00.000000000,2342,0.0,950.3135375976562
2020-06-15T04:45:00.000000000,2343,0.0,1144.4385986328125
2020-06-15T05:00:00.000000000,2344,0.0,1379.9871826171875
2020-06-15T05:15:00.000000000,2345,0.0,1679.325927734375
2020-06-15T05:30:00.000000000,2346,0.0,2062.482421875
2020-06-15T05:45:00.000000000,2347,0.0,2582.72314453125
2020-06-15T06:00:00.000000000,2348,2100.14285714,3299.389892578125
2020-06-15T06:15:00.000000000,2349,10068.482143,4458.7041015625
2020-06-15T06:30:00.000000000,2350,21240.1964284,6900.0654296875
2020-06-15T06:45:00.000000000,2351,32245.125,13406.8623046875
2020-06-15T07:00:00.000000000,2352,46013.94643,32609.91015625
2020-06-15T07:15:00.000000000,2353,47421.32143,89579.9375
2020-06-15T07:30:00.000000000,2354,42270.214287,177261.96875
2020-06-15T07:45:00.000000000,2355,81042.071428,229242.796875
2020-06-15T08:00:00.000000000,2356,137645.785714,263402.65625
2020-06-15T08:15:00.000000000,2357,166126.374999,280009.59375
2020-06-15T08:30:00.000000000,2358,166443.214285,282746.34375
2020-06-15T08:45:00.000000000,2359,162066.839284,282994.28125
2020-06-15T09:00:00.000000000,2360,175868.660714,282878.90625
2020-06-15T09:15:00.000000000,2361,195633.69643,281531.6875
2020-06-15T09:30:00.000000000,2362,195854.196428,281071.46875
2020-06-15T09:45:00.000000000,2363,192219.482144,281553.21875
2020-06-15T10:00:00.000000000,2364,191760.374999,282061.03125
2020-06-15T10:15:00.000000000,2365,260292.07146,280224.4375
2020-06-15T10:30:00.000000000,2366,214895.714286,279417.03125
2020-06-15T10:45:00.000000000,2367,236207.339273,280969.9375
2020-06-15T11:00:00.000000000,2368,226633.285714,280639.28125
2020-06-15T11:15:00.000000000,2369,171682.92857,273941.40625
2020-06-15T11:30:00.000000000,2370,181471.607142,167619.203125
2020-06-15T11:45:00.000000000,2371,194441.142851,276883.0625
2020-06-15T12:00:00.000000000,2372,210791.678579,274300.65625
2020-06-15T12:15:00.000000000,2373,135820.982142,282952.71875
2020-06-15T12:30:00.000000000,2374,126140.107142,283000.125
2020-06-15T12:45:00.000000000,2375,144113.285714,282776.34375
2020-06-15T13:00:00.000000000,2376,222590.12501,282849.8125
2020-06-15T13:15:00.000000000,2377,129372.857143,283038.59375
2020-06-15T13:30:00.000000000,2378,78181.696428,283057.1875
2020-06-15T13:45:00.000000000,2379,74783.910715,283053.40625
2020-06-15T14:00:00.000000000,2380,88812.160716,283013.03125
2020-06-15T14:15:00.000000000,2381,135778.19643,282897.125
2020-06-15T14:30:00.000000000,2382,221139.767858,283019.71875
2020-06-15T14:45:00.000000000,2383,152447.125,283048.96875
2020-06-15T15:00:00.000000000,2384,141923.464284,283054.5
2020-06-15T15:15:00.000000000,2385,138783.464286,283049.03125
2020-06-15T15:30:00.000000000,2386,117364.482143,282976.875
2020-06-15T15:45:00.000000000,2387,138289.285714,282745.84375
2020-06-15T16:00:00.000000000,2388,39692.285713,282990.25
2020-06-15T16:15:00.000000000,2389,54300.517858,282880.625
2020-06-15T16:30:00.000000000,2390,76751.428573,282367.28125
2020-06-15T16:45:00.000000000,2391,89339.821428,281563.625
2020-06-15T17:00:00.000000000,2392,61398.107144,280688.53125
2020-06-15T17:15:00.000000000,2393,49971.232142,278615.46875
2020-06-15T17:30:00.000000000,2394,31657.553572,277343.46875
2020-06-15T17:45:00.000000000,2395,27116.589287,269403.25
2020-06-15T18:00:00.000000000,2396,11750.6607142,242226.5625
2020-06-15T18:15:00.000000000,2397,5194.2142855,164202.640625
2020-06-15T18:30:00.000000000,2398,386.69642857,74078.40625
2020-06-15T18:45:00.000000000,2399,0.0,25465.853515625
2020-06-15T19:00:00.000000000,2400,0.0,9776.15625
2020-06-15T19:15:00.000000000,2401,0.0,3877.291015625
2020-06-15T19:30:00.000000000,2402,0.0,2159.356201171875
2020-06-15T19:45:00.000000000,2403,0.0,1530.2811279296875
2020-06-15T20:00:00.000000000,2404,0.0,1286.5909423828125
2020-06-15T20:15:00.000000000,2405,0.0,1139.640869140625
2020-06-15T20:30:00.000000000,2406,0.0,989.2453002929688
2020-06-15T20:45:00.000000000,2407,0.0,846.8215942382812
2020-06-15T21:00:00.000000000,2408,0.0,717.7045288085938
2020-06-15T21:15:00.000000000,2409,0.0,605.5442504882812
2020-06-15T21:30:00.000000000,2410,0.0,512.7657470703125
2020-06-15T21:45:00.000000000,2411,0.0,441.0149230957031
2020-06-15T22:00:00.000000000,2412,0.0,385.4984130859375
2020-06-15T22:15:00.000000000,2413,0.0,341.9759216308594
2020-06-15T22:30:00.000000000,2414,0.0,311.98602294921875
2020-06-15T22:45:00.000000000,2415,0.0,294.3616027832031
2020-06-15T23:00:00.000000000,2416,0.0,282.2720642089844
2020-06-15T23:15:00.000000000,2417,0.0,271.2083435058594
2020-06-15T23:30:00.000000000,2418,0.0,260.2717590332031
2020-06-15T23:45:00.000000000,2419,0.0,250.35203552246094
2020-06-16T00:00:00.000000000,2420,0.0,242.12478637695312
2020-06-16T00:15:00.000000000,2421,0.0,230.5739288330078
2020-06-16T00:30:00.000000000,2422,0.0,218.817138671875
2020-06-16T00:45:00.000000000,2423,0.0,209.13583374023438
2020-06-16T01:00:00.000000000,2424,0.0,202.3446044921875
2020-06-16T01:15:00.000000000,2425,0.0,199.22647094726562
2020-06-16T01:30:00.000000000,2426,0.0,202.7757568359375
2020-06-16T01:45:00.000000000,2427,0.0,214.12811279296875
2020-06-16T02:00:00.000000000,2428,0.0,232.00494384765625
2020-06-16T02:15:00.000000000,2429,0.0,255.3590545654297
2020-06-16T02:30:00.000000000,2430,0.0,284.88720703125
2020-06-16T02:45:00.000000000,2431,0.0,321.2995910644531
2020-06-16T03:00:00.000000000,2432,0.0,364.2781066894531
2020-06-16T03:15:00.000000000,2433,0.0,415.4306335449219
2020-06-16T03:30:00.000000000,2434,0.0,477.3602294921875
2020-06-16T03:45:00.000000000,2435,0.0,553.0072631835938
2020-06-16T04:00:00.000000000,2436,0.0,651.244140625
2020-06-16T04:15:00.000000000,2437,0.0,787.7871704101562
2020-06-16T04:30:00.000000000,2438,0.0,972.5293579101562
2020-06-16T04:45:00.000000000,2439,0.0,1221.2088623046875
2020-06-16T05:00:00.000000000,2440,0.0,1558.07421875
2020-06-16T05:15:00.000000000,2441,0.0,2002.080078125
2020-06-16T05:30:00.000000000,2442,0.0,2563.70751953125
2020-06-16T05:45:00.000000000,2443,0.0,3252.76904296875
2020-06-16T06:00:00.000000000,2444,84.32142857,4097.26904296875
2020-06-16T06:15:00.000000000,2445,4157.7142859,5274.03466796875
2020-06-16T06:30:00.000000000,2446,15183.1785714,7272.54638671875
2020-06-16T06:45:00.000000000,2447,22121.5357151,11993.2177734375
2020-06-16T07:00:00.000000000,2448,31694.285714,24015.025390625
2020-06-16T07:15:00.000000000,2449,51696.23214,55184.15234375
2020-06-16T07:30:00.000000000,2450,62238.232142,130731.28125
2020-06-16T07:45:00.000000000,2451,78174.178571,222136.859375
2020-06-16T08:00:00.000000000,2452,107606.535714,266429.0
2020-06-16T08:15:00.000000000,2453,101425.839286,279556.8125
2020-06-16T08:30:00.000000000,2454,127888.55357,281861.1875
2020-06-16T08:45:00.000000000,2455,128303.5,282550.9375
2020-06-16T09:00:00.000000000,2456,127951.55357,282735.59375
2020-06-16T09:15:00.000000000,2457,143803.607143,282770.53125
2020-06-16T09:30:00.000000000,2458,165579.464285,282905.375
2020-06-16T09:45:00.000000000,2459,194379.196429,282928.46875
2020-06-16T10:00:00.000000000,2460,246690.69642,283000.3125
2020-06-16T10:15:00.000000000,2461,229013.80358,283027.9375
2020-06-16T10:30:00.000000000,2462,186010.64286,282949.75
2020-06-16T10:45:00.000000000,2463,206756.625001,281063.53125
2020-06-16T11:00:00.000000000,2464,255906.67857,264082.6875
2020-06-16T11:15:00.000000000,2465,184650.821428,253596.625
2020-06-16T11:30:00.000000000,2466,130431.410715,281421.34375
2020-06-16T11:45:00.000000000,2467,165610.25,281643.78125
2020-06-16T12:00:00.000000000,2468,73977.982144,273244.71875
2020-06-16T12:15:00.000000000,2469,135744.000001,273875.03125
2020-06-16T12:30:00.000000000,2470,144775.410713,283025.78125
2020-06-16T12:45:00.000000000,2471,158718.875001,283052.21875
2020-06-16T13:00:00.000000000,2472,105073.964285,283054.96875
2020-06-16T13:15:00.000000000,2473,160651.946425,283056.4375
2020-06-16T13:30:00.000000000,2474,178077.571431,283051.125
2020-06-16T13:45:00.000000000,2475,131667.482142,283053.15625
2020-06-16T14:00:00.000000000,2476,144565.285713,283053.5625
2020-06-16T14:15:00.000000000,2477,96858.535714,283054.125
2020-06-16T14:30:00.000000000,2478,216497.553564,283023.03125
2020-06-16T14:45:00.000000000,2479,159807.410713,283044.6875
2020-06-16T15:00:00.000000000,2480,90072.375,283055.3125
2020-06-16T15:15:00.000000000,2481,102844.357142,283049.53125
2020-06-16T15:30:00.000000000,2482,142355.321429,283022.15625
2020-06-16T15:45:00.000000000,2483,110951.621033,282666.78125
2020-06-16T16:00:00.000000000,2484,109251.250001,282989.1875
2020-06-16T16:15:00.000000000,2485,76906.214286,282995.5
2020-06-16T16:30:00.000000000,2486,58193.160715,282888.34375
2020-06-16T16:45:00.000000000,2487,48574.410714,282429.84375
2020-06-16T17:00:00.000000000,2488,42188.785715,281380.625
2020-06-16T17:15:00.000000000,2489,38168.589287,277523.65625
2020-06-16T17:30:00.000000000,2490,31866.214286,265071.1875
2020-06-16T17:45:00.000000000,2491,22846.767858,235872.796875
2020-06-16T18:00:00.000000000,2492,15284.0714285,184849.921875
2020-06-16T18:15:00.000000000,2493,7573.6071429,116810.8046875
2020-06-16T18:30:00.000000000,2494,1649.64285716,57394.94921875
2020-06-16T18:45:00.000000000,2495,0.0,23251.533203125
2020-06-16T19:00:00.000000000,2496,0.0,9265.068359375
2020-06-16T19:15:00.000000000,2497,0.0,4334.734375
2020-06-16T19:30:00.000000000,2498,0.0,2480.529296875
2020-06-16T19:45:00.000000000,2499,0.0,1724.3765869140625
2020-06-16T20:00:00.000000000,2500,0.0,1358.4190673828125
2020-06-16T20:15:00.000000000,2501,0.0,1121.145751953125
2020-06-16T20:30:00.000000000,2502,0.0,932.9420776367188
2020-06-16T20:45:00.000000000,2503,0.0,786.151123046875
2020-06-16T21:00:00.000000000,2504,0.0,668.7285766601562
2020-06-16T21:15:00.000000000,2505,0.0,575.92041015625
2020-06-16T21:30:00.000000000,2506,0.0,505.52685546875
2020-06-16T21:45:00.000000000,2507,0.0,447.8137512207031
2020-06-16T22:00:00.000000000,2508,0.0,396.0874328613281
2020-06-16T22:15:00.000000000,2509,0.0,349.2364807128906
2020-06-16T22:30:00.000000000,2510,0.0,308.2044372558594
2020-06-16T22:45:00.000000000,2511,0.0,274.2880554199219
2020-06-16T23:00:00.000000000,2512,0.0,249.98805236816406
2020-06-16T23:15:00.000000000,2513,0.0,235.05487060546875
2020-06-16T23:30:00.000000000,2514,0.0,223.615478515625
2020-06-16T23:45:00.000000000,2515,0.0,213.78416442871094
2020-06-17T00:00:00.000000000,2516,0.0,205.7252197265625
2020-06-17T00:15:00.000000000,2517,0.0,200.4376678466797
2020-06-17T00:30:00.000000000,2518,0.0,197.28720092773438
2020-06-17T00:45:00.000000000,2519,0.0,196.32484436035156
2020-06-17T01:00:00.000000000,2520,0.0,198.1772003173828
2020-06-17T01:15:00.000000000,2521,0.0,203.16543579101562
2020-06-17T01:30:00.000000000,2522,0.0,210.72337341308594
2020-06-17T01:45:00.000000000,2523,0.0,221.17483520507812
2020-06-17T02:00:00.000000000,2524,0.0,234.53213500976562
2020-06-17T02:15:00.000000000,2525,0.0,252.62716674804688
2020-06-17T02:30:00.000000000,2526,0.0,277.22607421875
2020-06-17T02:45:00.000000000,2527,0.0,312.3205871582031
2020-06-17T03:00:00.000000000,2528,0.0,361.11248779296875
2020-06-17T03:15:00.000000000,2529,0.0,427.6117248535156
2020-06-17T03:30:00.000000000,2530,0.0,511.2236328125
2020-06-17T03:45:00.000000000,2531,0.0,613.0936889648438
2020-06-17T04:00:00.000000000,2532,0.0,736.8484497070312
2020-06-17T04:15:00.000000000,2533,0.0,889.2601928710938
2020-06-17T04:30:00.000000000,2534,0.0,1075.187744140625
2020-06-17T04:45:00.000000000,2535,0.0,1303.706298828125
2020-06-17T05:00:00.000000000,2536,0.0,1586.8026123046875
2020-06-17T05:15:00.000000000,2537,0.0,1952.0989990234375
2020-06-17T05:30:00.000000000,2538,0.0,2449.562255859375
2020-06-17T05:45:00.000000000,2539,0.0,3103.752685546875
2020-06-17T06:00:00.000000000,2540,62.17857143,3871.099609375
2020-06-17T06:15:00.000000000,2541,3052.95238095333,4879.93505859375
2020-06-17T06:30:00.000000000,2542,6043.72619047667,6739.95751953125
2020-06-17T06:45:00.000000000,2543,9034.5,10627.8701171875
2020-06-17T07:00:00.000000000,2544,30183.839286,18723.74609375
2020-06-17T07:15:00.000000000,2545,45510.428573,40536.5234375
2020-06-17T07:30:00.000000000,2546,71874.964286,98509.7421875
2020-06-17T07:45:00.000000000,2547,83619.446428,202415.0625
2020-06-17T08:00:00.000000000,2548,75328.892859,263802.71875
2020-06-17T08:15:00.000000000,2549,83278.589285,277110.625
2020-06-17T08:30:00.000000000,2550,89576.000001,280159.75
2020-06-17T08:45:00.000000000,2551,86027.0,281144.5625
2020-06-17T09:00:00.000000000,2552,111291.857143,281835.3125
2020-06-17T09:15:00.000000000,2553,118653.25,282515.375
2020-06-17T09:30:00.000000000,2554,151664.999999,282790.59375
2020-06-17T09:45:00.000000000,2555,125579.875,282960.0
2020-06-17T10:00:00.000000000,2556,137429.428571,282998.25
2020-06-17T10:15:00.000000000,2557,147871.25,282988.0625
2020-06-17T10:30:00.000000000,2558,159709.142858,282991.90625
2020-06-17T10:45:00.000000000,2559,145370.464286,282999.90625
2020-06-17T11:00:00.000000000,2560,148259.392858,283034.46875
2020-06-17T11:15:00.000000000,2561,175713.482142,283023.0625
2020-06-17T11:30:00.000000000,2562,169041.375,283027.25
2020-06-17T11:45:00.000000000,2563,253784.30358,283032.4375
2020-06-17T12:00:00.000000000,2564,253799.642864,283052.46875
2020-06-17T12:15:00.000000000,2565,297928.39287,283052.6875
2020-06-17T12:30:00.000000000,2566,210966.428569,283006.875
2020-06-17T12:45:00.000000000,2567,221577.017863,280800.15625
2020-06-17T13:00:00.000000000,2568,154807.553571,32793.3828125
2020-06-17T13:15:00.000000000,2569,194384.142859,42079.94140625
2020-06-17T13:30:00.000000000,2570,215289.75,164220.0625
2020-06-17T13:45:00.000000000,2571,181490.0,282868.625
2020-06-17T14:00:00.000000000,2572,138150.875,283017.375
2020-06-17T14:15:00.000000000,2573,133169.428572,283042.5
2020-06-17T14:30:00.000000000,2574,183476.0,282940.25
2020-06-17T14:45:00.000000000,2575,172201.999998,282983.03125
2020-06-17T15:00:00.000000000,2576,104550.303571,283041.75
2020-06-17T15:15:00.000000000,2577,34177.892856,283045.34375
2020-06-17T15:30:00.000000000,2578,19862.5,282966.4375
2020-06-17T15:45:00.000000000,2579,31009.214286,282044.375
2020-06-17T16:00:00.000000000,2580,70458.732142,279397.625
2020-06-17T16:15:00.000000000,2581,80255.714286,264092.9375
2020-06-17T16:30:00.000000000,2582,40381.375001,248609.375
2020-06-17T16:45:00.000000000,2583,24905.910713,256175.328125
2020-06-17T17:00:00.000000000,2584,28956.375001,251269.765625
2020-06-17T17:15:00.000000000,2585,34329.285715,227484.484375
2020-06-17T17:30:00.000000000,2586,29492.0,184629.96875
2020-06-17T17:45:00.000000000,2587,20813.4285715,126334.828125
2020-06-17T18:00:00.000000000,2588,13312.0000002,94318.046875
2020-06-17T18:15:00.000000000,2589,7450.625,69038.265625
2020-06-17T18:30:00.000000000,2590,1718.57142858,39816.6640625
2020-06-17T18:45:00.000000000,2591,0.0,17922.04296875
2020-06-17T19:00:00.000000000,2592,0.0,7881.791015625
2020-06-17T19:15:00.000000000,2593,0.0,3981.632080078125
2020-06-17T19:30:00.000000000,2594,0.0,2427.88427734375
2020-06-17T19:45:00.000000000,2595,0.0,1739.454345703125
2020-06-17T20:00:00.000000000,2596,0.0,1380.6531982421875
2020-06-17T20:15:00.000000000,2597,0.0,1131.637451171875
2020-06-17T20:30:00.000000000,2598,0.0,924.2056884765625
2020-06-17T20:45:00.000000000,2599,0.0,767.4669189453125
2020-06-17T21:00:00.000000000,2600,0.0,652.2472534179688
2020-06-17T21:15:00.000000000,2601,0.0,565.5518798828125
2020-06-17T21:30:00.000000000,2602,0.0,498.38519287109375
2020-06-17T21:45:00.000000000,2603,0.0,445.4757080078125
2020-06-17T22:00:00.000000000,2604,0.0,402.76922607421875
2020-06-17T22:15:00.000000000,2605,0.0,356.4192810058594
2020-06-17T22:30:00.000000000,2606,0.0,309.8999938964844
2020-06-17T22:45:00.000000000,2607,0.0,274.3002014160156
2020-06-17T23:00:00.000000000,2608,0.0,249.62127685546875
2020-06-17T23:15:00.000000000,2609,0.0,230.9222412109375
2020-06-17T23:30:00.000000000,2610,0.0,214.33226013183594
2020-06-17T23:45:00.000000000,2611,0.0,200.7224578857422
