epoch,loss,mse,rmse,mae,mape,msle,val_loss,val_mse,val_rmse,val_mae,val_mape,val_msle,lr
1,2.5623393058776855,1.3037307262420654,1.0985069274902344,0.9913887977600098,352344128.0,0.2390776425600052,1.48568856716156,0.22728829085826874,0.47674763202667236,0.33955904841423035,15051601.0,0.12203133851289749,2.9999999242136255e-05
2,2.285505771636963,1.0272005796432495,0.9874030351638794,0.862042248249054,292764928.0,0.20283758640289307,1.4802147150039673,0.2221328467130661,0.47130972146987915,0.33607497811317444,15826012.0,0.11833766847848892,2.9999999242136255e-05
3,2.0660464763641357,0.8080664277076721,0.8876928091049194,0.7450870275497437,241003312.0,0.17354679107666016,1.474822759628296,0.21708135306835175,0.4659199118614197,0.3325243592262268,16456938.0,0.11476384103298187,2.9999999242136255e-05
4,1.8888707160949707,0.6312379837036133,0.7971035242080688,0.6486905813217163,207650368.0,0.14955662190914154,1.4695993661880493,0.2122228592634201,0.46067652106285095,0.3289981186389923,16959568.0,0.11136876791715622,2.9999999242136255e-05
5,1.7506903409957886,0.493431031703949,0.7175637483596802,0.574516236782074,193530944.0,0.12818950414657593,1.4646198749542236,0.20763622224330902,0.45567119121551514,0.32561805844306946,17359402.0,0.10820192843675613,2.9999999242136255e-05
6,1.6473971605300903,0.3905394673347473,0.6508363485336304,0.5123620629310608,187048256.0,0.1040671244263649,1.4599510431289673,0.2033892422914505,0.45098695158958435,0.32243505120277405,17687646.0,0.1053033247590065,2.9999999242136255e-05
7,1.5733977556228638,0.3169708251953125,0.5976579785346985,0.45880332589149475,183725472.0,0.07982170581817627,1.4556406736373901,0.19953051209449768,0.44668838381767273,0.3195156753063202,17976374.0,0.10269881784915924,2.9999999242136255e-05
8,1.5221294164657593,0.26616302132606506,0.5572529435157776,0.41394805908203125,181903136.0,0.0605388768017292,1.4517109394073486,0.19608174264431,0.44281119108200073,0.3169088661670685,18253316.0,0.10039562731981277,2.9999999242136255e-05
9,1.48701810836792,0.23154109716415405,0.527424156665802,0.37780481576919556,179238608.0,0.04731371998786926,1.448154330253601,0.19303371012210846,0.4393560290336609,0.31462958455085754,18537580.0,0.09838059544563293,2.9999999242136255e-05
10,1.4624418020248413,0.20748168230056763,0.5052850842475891,0.35160601139068604,174900160.0,0.039390817284584045,1.4449340105056763,0.19034838676452637,0.43628934025764465,0.31265881657600403,18837700.0,0.09662234038114548,2.9999999242136255e-05
11,1.44428551197052,0.18986772000789642,0.48815909028053284,0.33373787999153137,169047936.0,0.03480054438114166,1.441993236541748,0.18796660006046295,0.433551162481308,0.3109586536884308,19152118.0,0.09507666528224945,2.9999999242136255e-05
12,1.4299405813217163,0.17608894407749176,0.4741026759147644,0.3216163218021393,162873920.0,0.03238759562373161,1.4392634630203247,0.18581870198249817,0.43106693029403687,0.3094596266746521,19471540.0,0.09369398653507233,2.9999999242136255e-05
13,1.4179438352584839,0.16468027234077454,0.4619517922401428,0.31310489773750305,156801296.0,0.031039049848914146,1.4366775751113892,0.1838357150554657,0.42876067757606506,0.30809009075164795,19782150.0,0.09242641180753708,2.9999999242136255e-05
14,1.4075372219085693,0.15488260984420776,0.4511057734489441,0.30572760105133057,150586960.0,0.03020823746919632,1.4341775178909302,0.18195794522762299,0.4265652894973755,0.30678725242614746,20068806.0,0.09123322367668152,2.9999999242136255e-05
15,1.3983263969421387,0.1462995409965515,0.44127804040908813,0.2991984188556671,144714032.0,0.029546424746513367,1.431719183921814,0.18013989925384521,0.42442891001701355,0.30550628900527954,20317714.0,0.09008389711380005,2.9999999242136255e-05
16,1.3900736570358276,0.13869239389896393,0.4323166012763977,0.29299864172935486,139155856.0,0.02892155386507511,1.4292737245559692,0.1783519685268402,0.42231738567352295,0.3042113780975342,20518300.0,0.08895888924598694,2.9999999242136255e-05
17,1.3826041221618652,0.13188517093658447,0.4241090416908264,0.2868828773498535,134031408.0,0.02828066796064377,1.4268277883529663,0.1765790730714798,0.42021313309669495,0.30288395285606384,20664146.0,0.08784840255975723,2.9999999242136255e-05
18,1.3757727146148682,0.1257316619157791,0.41654807329177856,0.28092333674430847,129523192.0,0.027624836191534996,1.424377679824829,0.17481717467308044,0.4181114435195923,0.30152037739753723,20753036.0,0.08675006031990051,2.9999999242136255e-05
19,1.3694605827331543,0.12011194974184036,0.40953007340431213,0.27527374029159546,125642200.0,0.026968274265527725,1.4219274520874023,0.17306911945343018,0.41601577401161194,0.3001256287097931,20786390.0,0.08566597104072571,2.9999999242136255e-05
20,1.3635762929916382,0.11493398994207382,0.40296491980552673,0.26997849345207214,122378744.0,0.026331301778554916,1.4194834232330322,0.17134058475494385,0.41393306851387024,0.29870936274528503,20768304.0,0.08459997177124023,2.9999999242136255e-05
21,1.358056902885437,0.11013395339250565,0.39678332209587097,0.265011191368103,119593768.0,0.025714298710227013,1.4170513153076172,0.1696367859840393,0.4118698537349701,0.29728150367736816,20704362.0,0.0835556834936142,2.9999999242136255e-05
22,1.352861762046814,0.10567059367895126,0.390938401222229,0.2604660391807556,117264112.0,0.025142982602119446,1.414635181427002,0.16796071827411652,0.40983012318611145,0.29588261246681213,20600656.0,0.08253516256809235,2.9999999242136255e-05
23,1.3479644060134888,0.10151700675487518,0.3853999972343445,0.2562079429626465,115210008.0,0.024594595655798912,1.412234902381897,0.1663123369216919,0.407814085483551,0.2945171892642975,20488412.0,0.08153852075338364,2.9999999242136255e-05
24,1.3433444499969482,0.097652368247509,0.3801470994949341,0.25218963623046875,113322864.0,0.024058299139142036,1.4098484516143799,0.16468892991542816,0.4058188498020172,0.2932451069355011,20434332.0,0.08056388050317764,2.9999999242136255e-05
25,1.3389818668365479,0.09405649453401566,0.3751605153083801,0.24843138456344604,111573896.0,0.02355165220797062,1.4074715375900269,0.1630861461162567,0.40383926033973694,0.2920917570590973,20469126.0,0.07960814237594604,2.9999999242136255e-05
26,1.3348561525344849,0.0907079353928566,0.3704206049442291,0.2448149025440216,109898176.0,0.023063253611326218,1.405099630355835,0.1614990234375,0.40186941623687744,0.29101264476776123,20554106.0,0.07866811007261276,2.9999999242136255e-05
27,1.3309444189071655,0.08758417516946793,0.36590608954429626,0.24134163558483124,108255072.0,0.02258310467004776,1.4027284383773804,0.15992294251918793,0.39990365505218506,0.2900128960609436,20699738.0,0.07773987203836441,2.9999999242136255e-05
28,1.3272254467010498,0.08466339111328125,0.3615959882736206,0.23792102932929993,106605584.0,0.02211565338075161,1.4003547430038452,0.15835420787334442,0.39793744683265686,0.28908711671829224,20902642.0,0.07682149112224579,2.9999999242136255e-05
29,1.3236794471740723,0.0819254070520401,0.3574707806110382,0.23454943299293518,104971608.0,0.021655185148119926,1.3979755640029907,0.15679019689559937,0.39596742391586304,0.2882485091686249,21140186.0,0.07591146230697632,2.9999999242136255e-05
30,1.3202886581420898,0.07935246080160141,0.35351306200027466,0.2312653660774231,103399408.0,0.021180452778935432,1.39559006690979,0.15522904694080353,0.3939911723136902,0.28746187686920166,21419520.0,0.07500773668289185,2.9999999242136255e-05
31,1.3170379400253296,0.07692920416593552,0.34970802068710327,0.2281188815832138,101879240.0,0.020701956003904343,1.3931965827941895,0.15366949141025543,0.3920069932937622,0.2866898775100708,21705494.0,0.07410922646522522,2.9999999242136255e-05
32,1.313914179801941,0.07464206963777542,0.34604254364967346,0.22504813969135284,100381136.0,0.02023758925497532,1.3907947540283203,0.15211038291454315,0.39001330733299255,0.2859707772731781,22038774.0,0.07321495562791824,2.9999999242136255e-05
33,1.310905933380127,0.07247941195964813,0.34250563383102417,0.22207149863243103,98950880.0,0.019790340214967728,1.388382911682129,0.15055041015148163,0.3880082666873932,0.28526589274406433,22382884.0,0.0723242238163948,2.9999999242136255e-05
34,1.3080029487609863,0.07043076306581497,0.3390870690345764,0.21917712688446045,97589648.0,0.019353210926055908,1.385960340499878,0.14898814260959625,0.38598981499671936,0.28459402918815613,22759608.0,0.0714322179555893,2.9999999242136255e-05
35,1.3051961660385132,0.06848698109388351,0.33577853441238403,0.2163492739200592,96267048.0,0.018931590020656586,1.3835256099700928,0.14742209017276764,0.38395583629608154,0.28394925594329834,23165950.0,0.07054106146097183,2.9999999242136255e-05
36,1.3024781942367554,0.06664007902145386,0.3325723707675934,0.21359258890151978,94980296.0,0.0185273177921772,1.3810772895812988,0.14585071802139282,0.38190406560897827,0.28331229090690613,23585686.0,0.0696466863155365,2.9999999242136255e-05
37,1.2998417615890503,0.06488305330276489,0.32946234941482544,0.21088166534900665,93722752.0,0.018140072003006935,1.3786141872406006,0.1442726105451584,0.37983235716819763,0.2827044129371643,24043204.0,0.06875249743461609,2.9999999242136255e-05
38,1.29728102684021,0.06320973485708237,0.3264434337615967,0.2082011103630066,92480128.0,0.017769666388630867,1.3761355876922607,0.14268679916858673,0.3777390718460083,0.2821117639541626,24527474.0,0.06785005331039429,2.9999999242136255e-05
39,1.2947908639907837,0.061614785343408585,0.3235108256340027,0.20555849373340607,91253016.0,0.01741534098982811,1.3736408948898315,0.14109259843826294,0.37562295794487,0.2815200686454773,25026650.0,0.06694412231445312,2.9999999242136255e-05
40,1.2923671007156372,0.060093604028224945,0.3206615746021271,0.2029830366373062,90058576.0,0.017056910321116447,1.3711302280426025,0.13948960602283478,0.3734830617904663,0.2809299826622009,25543734.0,0.06603672355413437,2.9999999242136255e-05
41,1.2900054454803467,0.058642059564590454,0.3178926110267639,0.20047152042388916,88883136.0,0.01669345237314701,1.3686034679412842,0.13787783682346344,0.371319055557251,0.2803663909435272,26105448.0,0.06512098759412766,2.9999999242136255e-05
42,1.2877027988433838,0.05725657567381859,0.31520193815231323,0.1980152726173401,87728008.0,0.01634400337934494,1.3660609722137451,0.13625743985176086,0.3691306412220001,0.27979809045791626,26682498.0,0.06420166045427322,2.9999999242136255e-05
43,1.2854559421539307,0.05593394115567207,0.31258782744407654,0.19563192129135132,86608488.0,0.016013670712709427,1.3635032176971436,0.13462872803211212,0.3669178783893585,0.2792235314846039,27274960.0,0.06328108161687851,2.9999999242136255e-05
44,1.2832621335983276,0.054671239107847214,0.31004875898361206,0.19328977167606354,85501704.0,0.01570187322795391,1.3609306812286377,0.13299205899238586,0.36468076705932617,0.2786410450935364,27882828.0,0.06235292926430702,2.9999999242136255e-05
45,1.2811191082000732,0.05346589535474777,0.30758389830589294,0.19099512696266174,84408752.0,0.015408105216920376,1.358344316482544,0.1313481628894806,0.36241987347602844,0.2780671715736389,28524028.0,0.061415355652570724,2.9999999242136255e-05
46,1.2790238857269287,0.05231533199548721,0.3051920533180237,0.1887454241514206,83332320.0,0.015131689608097076,1.3557448387145996,0.12969757616519928,0.3601354956626892,0.27749019861221313,29188254.0,0.0604771263897419,2.9999999242136255e-05
47,1.276975154876709,0.05121725797653198,0.3028721213340759,0.18653929233551025,82271872.0,0.01486979704350233,1.353133201599121,0.1280413120985031,0.35782861709594727,0.2769005000591278,29867186.0,0.059539031237363815,2.9999999242136255e-05
48,1.2749699354171753,0.05016934871673584,0.30062323808670044,0.18440522253513336,81255464.0,0.014601645059883595,1.350511074066162,0.12638051807880402,0.35550037026405334,0.27629712224006653,30560752.0,0.05860185623168945,2.9999999242136255e-05
49,1.273006558418274,0.04916936531662941,0.2984440326690674,0.18232974410057068,80269440.0,0.014339336194097996,1.3478792905807495,0.12471655756235123,0.3531523048877716,0.2756791412830353,31268876.0,0.057655513286590576,2.9999999242136255e-05
50,1.2710827589035034,0.04821504279971123,0.2963331639766693,0.1802951991558075,79295992.0,0.014080353081226349,1.3452403545379639,0.1230510026216507,0.3507862687110901,0.27504590153694153,31991540.0,0.05671016126871109,2.9999999242136255e-05
51,1.2691965103149414,0.04730414226651192,0.2942890226840973,0.17832337319850922,78356080.0,0.013829703442752361,1.3425956964492798,0.12138579040765762,0.3484046459197998,0.2743972837924957,32728766.0,0.055768463760614395,2.9999999242136255e-05
52,1.2673455476760864,0.046434395015239716,0.2923097014427185,0.1764504313468933,77476696.0,0.01359190046787262,1.3399479389190674,0.11972316354513168,0.34601035714149475,0.27374765276908875,33494986.0,0.054822854697704315,2.9999999242136255e-05
53,1.2655277252197266,0.04560350254178047,0.2903929352760315,0.1746453046798706,76632552.0,0.013361084274947643,1.3372995853424072,0.11806555092334747,0.3436066806316376,0.2730843126773834,34277340.0,0.0538826622068882,2.9999999242136255e-05
54,1.2637410163879395,0.04480922594666481,0.28853633999824524,0.17290866374969482,75819264.0,0.013139680959284306,1.3346530199050903,0.11641543358564377,0.34119707345962524,0.2724052965641022,35073524.0,0.052946895360946655,2.9999999242136255e-05
55,1.2619832754135132,0.044049300253391266,0.28673726320266724,0.1712317317724228,75026544.0,0.01291977521032095,1.3320118188858032,0.11477570235729218,0.3387856185436249,0.2717113196849823,35883488.0,0.05200905352830887,2.9999999242136255e-05
56,1.2602524757385254,0.04332152009010315,0.284993052482605,0.16962070763111115,74257936.0,0.01271265372633934,1.3293787240982056,0.11314935982227325,0.336376816034317,0.27100303769111633,36707100.0,0.05108118802309036,2.9999999242136255e-05
57,1.2585463523864746,0.04262379929423332,0.28330063819885254,0.16805553436279297,73513744.0,0.012516455724835396,1.3267569541931152,0.11153963208198547,0.33397549390792847,0.2702813744544983,37544156.0,0.05016496032476425,2.9999999242136255e-05
58,1.2568628787994385,0.04195404797792435,0.28165745735168457,0.1665278524160385,72785056.0,0.01232996303588152,1.3241498470306396,0.10994962602853775,0.3315865397453308,0.26954707503318787,38394228.0,0.0492619164288044,2.9999999242136255e-05
59,1.2552005052566528,0.04131032153964043,0.28006047010421753,0.16504265367984772,72079080.0,0.012149178422987461,1.3215608596801758,0.1083827093243599,0.32921528816223145,0.2688010632991791,39256772.0,0.04836159572005272,2.9999999242136255e-05
60,1.2535576820373535,0.040690790861845016,0.27850669622421265,0.1636132448911667,71408016.0,0.011979794129729271,1.3189938068389893,0.10684231668710709,0.3268674314022064,0.2680444121360779,40131164.0,0.047473568469285965,2.9999999242136255e-05
61,1.2519323825836182,0.040093738585710526,0.27699369192123413,0.16223199665546417,70749872.0,0.011820774525403976,1.316451907157898,0.10533194988965988,0.3245488405227661,0.2672783136367798,41016664.0,0.04660296440124512,2.9999999242136255e-05
62,1.2503234148025513,0.03951757028698921,0.2755187749862671,0.1608801633119583,70098480.0,0.011671182699501514,1.313938856124878,0.10385490953922272,0.32226526737213135,0.26650363206863403,41912256.0,0.04574725776910782,2.9999999242136255e-05
63,1.2487292289733887,0.03896079957485199,0.2740796208381653,0.15955130755901337,69455328.0,0.011527451686561108,1.3114581108093262,0.10241466760635376,0.32002291083335876,0.2657216489315033,42816928.0,0.0449017658829689,2.9999999242136255e-05
64,1.2471485137939453,0.0384221076965332,0.2726738452911377,0.15824629366397858,68822208.0,0.011390340514481068,1.309012770652771,0.10101443529129028,0.31782767176628113,0.26493334770202637,43729348.0,0.04407772049307823,2.9999999242136255e-05
65,1.2455801963806152,0.03790020942687988,0.2712993025779724,0.15696129202842712,68196160.0,0.01126054860651493,1.3066061735153198,0.099657341837883,0.315685510635376,0.26413995027542114,44648108.0,0.043276432901620865,2.9999999242136255e-05
66,1.244023323059082,0.03739398345351219,0.26995405554771423,0.15570716559886932,67587864.0,0.01113649271428585,1.3042417764663696,0.09834638237953186,0.3136022686958313,0.26334241032600403,45571708.0,0.04249907657504082,2.9999999242136255e-05
67,1.2424768209457397,0.03690240904688835,0.2686362862586975,0.1544920802116394,66987848.0,0.011017496697604656,1.3019217252731323,0.09708423167467117,0.31158342957496643,0.26254186034202576,46498412.0,0.04174666851758957,2.9999999242136255e-05
68,1.240939974784851,0.036424536257982254,0.26734432578086853,0.15330259501934052,66394988.0,0.010902972891926765,1.2996492385864258,0.09587358683347702,0.30963459610939026,0.2617394030094147,47426532.0,0.041020218282938004,2.9999999242136255e-05
69,1.2394118309020996,0.03595951199531555,0.26607662439346313,0.1521291434764862,65808460.0,0.01079096645116806,1.2974265813827515,0.09471667557954788,0.30776074528694153,0.26093608140945435,48354060.0,0.04032047092914581,2.9999999242136255e-05
70,1.2378919124603271,0.03550657257437706,0.26483187079429626,0.1509755253791809,65232460.0,0.010683433152735233,1.2952556610107422,0.09361561387777328,0.30596667528152466,0.2601874768733978,49278936.0,0.0396481454372406,2.9999999242136255e-05
71,1.2363791465759277,0.03506496921181679,0.26360851526260376,0.14984409511089325,64669752.0,0.01058051735162735,1.293138027191162,0.09257187694311142,0.30425626039505005,0.2595493495464325,50208056.0,0.039003655314445496,2.9999999242136255e-05
72,1.2348732948303223,0.03463408723473549,0.2624056339263916,0.1487271785736084,64113280.0,0.01048180740326643,1.291075587272644,0.09158672392368317,0.30263298749923706,0.25891536474227905,51132912.0,0.03838725388050079,2.9999999242136255e-05
73,1.2333741188049316,0.034213364124298096,0.2612221837043762,0.14762593805789948,63564728.0,0.010386940091848373,1.2890688180923462,0.09066101163625717,0.30109965801239014,0.2582843005657196,52049436.0,0.03779901564121246,2.9999999242136255e-05
74,1.2318806648254395,0.03380223363637924,0.2600570023059845,0.14653858542442322,63022984.0,0.010295550338923931,1.287117838859558,0.08979512751102448,0.2996583580970764,0.25769928097724915,52955376.0,0.037238892167806625,2.9999999242136255e-05
75,1.230392575263977,0.03340022638440132,0.25890931487083435,0.1454657018184662,62488776.0,0.010205930098891258,1.2852232456207275,0.08898890763521194,0.2983101010322571,0.25723451375961304,53848212.0,0.03670654445886612,2.9999999242136255e-05
76,1.2289098501205444,0.03300689905881882,0.2577783167362213,0.14441056549549103,61964932.0,0.01011841744184494,1.2833846807479858,0.08824223279953003,0.2970559298992157,0.2567714750766754,54725724.0,0.036195188760757446,2.9999999242136255e-05
77,1.2274317741394043,0.0326218381524086,0.25666308403015137,0.14337779581546783,61450652.0,0.01003234088420868,1.281600832939148,0.08755385130643845,0.2958950102329254,0.2563092112541199,55585300.0,0.03570682927966118,2.9999999242136255e-05
78,1.2259581089019775,0.032244693487882614,0.2555631995201111,0.14236220717430115,60947860.0,0.009946943260729313,1.2798702716827393,0.0869223028421402,0.29482588171958923,0.25584694743156433,56424484.0,0.03524471074342728,2.9999999242136255e-05
79,1.224488615989685,0.03187508136034012,0.25447791814804077,0.14136214554309845,60453468.0,0.009863598272204399,1.2781916856765747,0.08634571731090546,0.2938464283943176,0.25538375973701477,57240688.0,0.0348079577088356,2.9999999242136255e-05
80,1.2230231761932373,0.03151273354887962,0.2534066140651703,0.14038069546222687,59963208.0,0.00978194922208786,1.2765623331069946,0.08582200855016708,0.2929539382457733,0.2549668848514557,58031448.0,0.03439561277627945,2.9999999242136255e-05
81,1.2215611934661865,0.031157346442341805,0.25234895944595337,0.13940927386283875,59476860.0,0.009701969102025032,1.274979591369629,0.08534806221723557,0.29214391112327576,0.25461345911026,58794176.0,0.034006405621767044,2.9999999242136255e-05
82,1.2201024293899536,0.03080863691866398,0.2513042986392975,0.13845378160476685,58998536.0,0.009623915888369083,1.2734403610229492,0.08492086082696915,0.2914118468761444,0.25424954295158386,59526412.0,0.0336390845477581,2.9999999242136255e-05
83,1.2186473608016968,0.030466383323073387,0.2502721846103668,0.13750635087490082,58524440.0,0.009547379799187183,1.271941065788269,0.08453675359487534,0.2907520532608032,0.253872811794281,60225668.0,0.03329222649335861,2.9999999242136255e-05
84,1.2171952724456787,0.03013034164905548,0.24925236403942108,0.13656654953956604,58054356.0,0.009472680278122425,1.2704778909683228,0.08419182151556015,0.2901582717895508,0.25348278880119324,60891328.0,0.03296438977122307,2.9999999242136255e-05
85,1.2157460451126099,0.029800303280353546,0.24824431538581848,0.1356392651796341,57588200.0,0.009399781934916973,1.2690469026565552,0.08388189971446991,0.2896237075328827,0.2531060576438904,61550132.0,0.03265399858355522,2.9999999242136255e-05
86,1.2142996788024902,0.029476100578904152,0.2472478151321411,0.13472403585910797,57127564.0,0.009328601881861687,1.2676430940628052,0.08360259234905243,0.28914111852645874,0.25271159410476685,62171564.0,0.03235951438546181,2.9999999242136255e-05
87,1.2128559350967407,0.029157519340515137,0.2462625950574875,0.13381803035736084,56673176.0,0.00925886258482933,1.266262173652649,0.08334889262914658,0.2887020707130432,0.25229611992836,62753372.0,0.032079219818115234,2.9999999242136255e-05
88,1.2114148139953613,0.02884439006447792,0.24528813362121582,0.132924422621727,56228216.0,0.009190383367240429,1.2648993730545044,0.08311613649129868,0.28829869627952576,0.2518567740917206,63293724.0,0.031811561435461044,2.9999999242136255e-05
89,1.2099757194519043,0.028536560013890266,0.24432437121868134,0.13204292953014374,55787872.0,0.009123400785028934,1.263549566268921,0.08289960771799088,0.2879229187965393,0.2513907551765442,63790848.0,0.031555090099573135,2.9999999242136255e-05
90,1.2085392475128174,0.028233904391527176,0.24337120354175568,0.13118289411067963,55350932.0,0.009057833813130856,1.2622082233428955,0.08269398659467697,0.2875656187534332,0.2509080469608307,64242872.0,0.031308162957429886,2.9999999242136255e-05
91,1.2071046829223633,0.027936242520809174,0.2424279749393463,0.13034547865390778,54917460.0,0.008993329480290413,1.260870337486267,0.08249460160732269,0.28721874952316284,0.25046467781066895,64672328.0,0.031069399788975716,2.9999999242136255e-05
92,1.2056727409362793,0.027643486857414246,0.24149493873119354,0.12951932847499847,54492312.0,0.008929644711315632,1.2595305442810059,0.08229624480009079,0.2868732213973999,0.2500547170639038,65081100.0,0.030837230384349823,2.9999999242136255e-05
93,1.2042423486709595,0.027355479076504707,0.24057166278362274,0.12869945168495178,54071360.0,0.00886724516749382,1.2581846714019775,0.08209441602230072,0.28652122616767883,0.24963697791099548,65443376.0,0.03061044029891491,2.9999999242136255e-05
94,1.2028141021728516,0.027072133496403694,0.2396579533815384,0.12788869440555573,53654820.0,0.008806038647890091,1.2568279504776,0.08188460022211075,0.2861548662185669,0.2491908222436905,65758272.0,0.030387837439775467,2.9999999242136255e-05
95,1.201387882232666,0.0267933402210474,0.2387537658214569,0.12709075212478638,53245364.0,0.008746011182665825,1.2554564476013184,0.08166230469942093,0.2857661843299866,0.24872811138629913,66024776.0,0.03016834519803524,2.9999999242136255e-05
96,1.1999632120132446,0.026518981903791428,0.23785896599292755,0.12629911303520203,52838908.0,0.008686788380146027,1.2540655136108398,0.0814233273267746,0.28534772992134094,0.2482755035161972,66294680.0,0.029950886964797974,2.9999999242136255e-05
97,1.198540449142456,0.026248982176184654,0.236973375082016,0.12552006542682648,52435436.0,0.008627720177173615,1.252651572227478,0.08116386085748672,0.2848927080631256,0.24778658151626587,66527368.0,0.029734553769230843,2.9999999242136255e-05
98,1.1971195936203003,0.025983214378356934,0.23609688878059387,0.12475695461034775,52034792.0,0.008569742552936077,1.251211404800415,0.0808807983994484,0.2843954861164093,0.24726806581020355,66712636.0,0.02951877750456333,2.9999999242136255e-05
99,1.1957002878189087,0.025721658021211624,0.23522934317588806,0.12399841845035553,51637120.0,0.008512821979820728,1.2497421503067017,0.08057089895009995,0.28385013341903687,0.24674473702907562,66908508.0,0.02930285781621933,2.9999999242136255e-05
100,1.1942826509475708,0.025464152917265892,0.234370619058609,0.12324649840593338,51244716.0,0.008456905372440815,1.2482409477233887,0.08023156970739365,0.2832517921924591,0.2461702972650528,67071680.0,0.02908623032271862,2.9999999242136255e-05
101,1.1928664445877075,0.025210678577423096,0.23352082073688507,0.12250389903783798,50858756.0,0.008401977829635143,1.2467055320739746,0.07986041158437729,0.28259584307670593,0.24562925100326538,67262288.0,0.028868431225419044,2.9999999242136255e-05
102,1.191451907157898,0.024961140006780624,0.2326795607805252,0.12176711112260818,50475760.0,0.008347908034920692,1.2451339960098267,0.07945562899112701,0.2818787395954132,0.24504463374614716,67432088.0,0.028649117797613144,2.9999999242136255e-05
103,1.190039038658142,0.024715475738048553,0.23184700310230255,0.1210406944155693,50095600.0,0.008294765837490559,1.2435250282287598,0.07901548594236374,0.2810969352722168,0.2444557249546051,67626728.0,0.028413884341716766,2.9999999242136255e-05
104,1.1886274814605713,0.02447360008955002,0.2310229241847992,0.12032140791416168,49718248.0,0.00824162270873785,1.241877555847168,0.07853927463293076,0.28024858236312866,0.2438115030527115,67797208.0,0.02817382477223873,2.9999999242136255e-05
105,1.187217354774475,0.024235455319285393,0.23020735383033752,0.11961082369089127,49343568.0,0.00818823091685772,1.240191102027893,0.07802627980709076,0.27933183312416077,0.24317356944084167,68000312.0,0.02793068438768387,2.9999999242136255e-05
106,1.185808777809143,0.02400098741054535,0.22940006852149963,0.11890504509210587,48971592.0,0.008135762065649033,1.2384649515151978,0.07747592031955719,0.2783449590206146,0.2425171285867691,68206408.0,0.027684319764375687,2.9999999242136255e-05
107,1.1844013929367065,0.023770147934556007,0.22860121726989746,0.11820533126592636,48602460.0,0.008083921857178211,1.2366997003555298,0.07688861340284348,0.27728796005249023,0.24183689057826996,68427800.0,0.027434896677732468,2.9999999242136255e-05
108,1.1829954385757446,0.02354283444583416,0.22781047224998474,0.11750999838113785,48235976.0,0.008031702600419521,1.2348953485488892,0.0762644037604332,0.2761600911617279,0.24117013812065125,68703992.0,0.027182290330529213,2.9999999242136255e-05
109,1.1815910339355469,0.02331903763115406,0.22702808678150177,0.11681871861219406,47872240.0,0.007980410940945148,1.2330533266067505,0.07560449838638306,0.27496272325515747,0.24043352901935577,68952144.0,0.026926835998892784,2.9999999242136255e-05
110,1.1801879405975342,0.02309868298470974,0.22625374794006348,0.11613894253969193,47514996.0,0.00793001614511013,1.2311742305755615,0.07490968704223633,0.27369633316993713,0.23970086872577667,69247440.0,0.02666877768933773,2.9999999242136255e-05
111,1.1787859201431274,0.02288174256682396,0.22548770904541016,0.11546754837036133,47160596.0,0.00788050051778555,1.2292593717575073,0.07418116182088852,0.27236220240592957,0.23890966176986694,69528448.0,0.026408107951283455,2.9999999242136255e-05
112,1.1773853302001953,0.022668134421110153,0.2247294932603836,0.11481548100709915,46811848.0,0.007831179536879063,1.227310061454773,0.0734204649925232,0.270962119102478,0.2380513697862625,69772176.0,0.026145467534661293,2.9999999242136255e-05
113,1.1759860515594482,0.02245783433318138,0.2239796221256256,0.11417339742183685,46465548.0,0.007781640626490116,1.2253286838531494,0.07262950390577316,0.2694986164569855,0.23720276355743408,70069400.0,0.025881309062242508,2.9999999242136255e-05
114,1.1745877265930176,0.022250773385167122,0.22323746979236603,0.11353632807731628,46121784.0,0.007732678204774857,1.2233171463012695,0.0718102678656578,0.2679743766784668,0.23629069328308105,70347920.0,0.025615759193897247,2.9999999242136255e-05
115,1.1731911897659302,0.022046932950615883,0.22250333428382874,0.1129039004445076,45780468.0,0.00768417539075017,1.221277117729187,0.07096479088068008,0.26639217138290405,0.2352975308895111,70589520.0,0.025349518284201622,2.9999999242136255e-05
116,1.1717952489852905,0.021846270188689232,0.2217772901058197,0.11228183656930923,45446800.0,0.00763639435172081,1.219211459159851,0.07009531557559967,0.2647551894187927,0.2342243194580078,70794040.0,0.025083230808377266,2.9999999242136255e-05
117,1.1704009771347046,0.021648697555065155,0.22105887532234192,0.11167190968990326,45119668.0,0.007588924374431372,1.2171220779418945,0.06920406967401505,0.2630666494369507,0.23311325907707214,71002568.0,0.024814991280436516,2.9999999242136255e-05
118,1.1690077781677246,0.02145422250032425,0.22034835815429688,0.11106611788272858,44795892.0,0.007542137522250414,1.215011477470398,0.06829354166984558,0.26133033633232117,0.23198820650577545,71237488.0,0.024524711072444916,2.9999999242136255e-05
119,1.1676157712936401,0.021262796595692635,0.21964578330516815,0.110468290746212,44478768.0,0.007496178615838289,1.212882161140442,0.06736616045236588,0.25954991579055786,0.23078784346580505,71435480.0,0.02423577569425106,2.9999999242136255e-05
120,1.166224718093872,0.021074367687106133,0.21895086765289307,0.10988103598356247,44168956.0,0.007451049983501434,1.2107367515563965,0.06642431765794754,0.2577291429042816,0.2295142561197281,71596632.0,0.023948868736624718,2.9999999242136255e-05
121,1.164834976196289,0.020888889208436012,0.21826371550559998,0.10929662734270096,43861128.0,0.007406659424304962,1.2085777521133423,0.06547088176012039,0.25587278604507446,0.22817088663578033,71721832.0,0.023664778098464012,2.9999999242136255e-05
122,1.1634464263916016,0.020706338807940483,0.2175842970609665,0.10871518403291702,43555572.0,0.007362833246588707,1.2064074277877808,0.06450783461332321,0.25398391485214233,0.22676004469394684,71811664.0,0.023383907973766327,2.9999999242136255e-05
123,1.1620590686798096,0.02052667737007141,0.21691250801086426,0.10813658684492111,43252220.0,0.007319814525544643,1.2042286396026611,0.06353802978992462,0.252067506313324,0.22528579831123352,71866872.0,0.023106999695301056,2.9999999242136255e-05
124,1.1606727838516235,0.020349856466054916,0.21624843776226044,0.10756079852581024,42950948.0,0.007277596741914749,1.202043890953064,0.0625641942024231,0.2501283586025238,0.2237837165594101,71919760.0,0.022834697738289833,2.9999999242136255e-05
125,1.159287452697754,0.020175866782665253,0.2155919075012207,0.10699230432510376,42654268.0,0.007236194331198931,1.1998560428619385,0.0615885853767395,0.24817048013210297,0.2222815603017807,71995400.0,0.022567110136151314,2.9999999242136255e-05
126,1.1579033136367798,0.020004648715257645,0.2149430811405182,0.10643221437931061,42364220.0,0.00719559146091342,1.1976666450500488,0.060613226145505905,0.24619753658771515,0.22072534263134003,72037272.0,0.022304439917206764,2.9999999242136255e-05
127,1.1565203666687012,0.019836191087961197,0.21430173516273499,0.10588273406028748,42076692.0,0.007155624683946371,1.1954783201217651,0.05964075028896332,0.24421456456184387,0.21911993622779846,72046560.0,0.022047311067581177,2.9999999242136255e-05
128,1.155138373374939,0.019670428708195686,0.21366791427135468,0.10533884167671204,41791220.0,0.00711638992652297,1.1932934522628784,0.05867316946387291,0.24222545325756073,0.21750181913375854,72024680.0,0.021786972880363464,2.9999999242136255e-05
129,1.1537572145462036,0.019507357850670815,0.21304157376289368,0.1047990694642067,41509172.0,0.007077932357788086,1.191114068031311,0.05771271884441376,0.24023471772670746,0.21585586667060852,71972496.0,0.021518711000680923,2.9999999242136255e-05
130,1.152377724647522,0.0193469300866127,0.21242275834083557,0.10426942259073257,41231484.0,0.007040172815322876,1.1889421939849854,0.05676136538386345,0.23824644088745117,0.2141733020544052,71891616.0,0.021257763728499413,2.9999999242136255e-05
131,1.1509987115859985,0.01918911002576351,0.21181125938892365,0.10374744981527328,40956700.0,0.007002938538789749,1.1867799758911133,0.055821094661951065,0.2362648844718933,0.2124587595462799,71783400.0,0.021004561334848404,2.9999999242136255e-05
132,1.1496210098266602,0.019033879041671753,0.21120719611644745,0.10323157906532288,40684784.0,0.006966462358832359,1.1846288442611694,0.05489346385002136,0.23429353535175323,0.21071654558181763,71649400.0,0.020759187638759613,2.9999999242136255e-05
133,1.1482443809509277,0.018881207332015038,0.2106105089187622,0.10271971672773361,40414844.0,0.006930741015821695,1.1824904680252075,0.05398013815283775,0.23233626782894135,0.20895136892795563,71491344.0,0.0205218605697155,2.9999999242136255e-05
134,1.1468688249588013,0.018731046468019485,0.2100212126970291,0.10221146792173386,40146944.0,0.006895757280290127,1.1803669929504395,0.05308312177658081,0.23039774596691132,0.20716865360736847,71310840.0,0.02029292844235897,2.9999999242136255e-05
135,1.1454941034317017,0.01858338713645935,0.20943912863731384,0.10170778632164001,39882496.0,0.006861468777060509,1.1782591342926025,0.05220331624150276,0.22848044335842133,0.20537185668945312,71109240.0,0.020072365179657936,2.9999999242136255e-05
136,1.1441205739974976,0.018438193947076797,0.20886442065238953,0.10121183097362518,39619988.0,0.006827921606600285,1.1761685609817505,0.05134211480617523,0.22658798098564148,0.20356574654579163,70888328.0,0.019860312342643738,2.9999999242136255e-05
137,1.1427479982376099,0.018295416608452797,0.20829682052135468,0.10072539746761322,39359392.0,0.006795103196054697,1.174095869064331,0.05050031095743179,0.2247227430343628,0.20177429914474487,70669848.0,0.019651243463158607,2.9999999242136255e-05
138,1.1413763761520386,0.0181550532579422,0.20773644745349884,0.10025046765804291,39103600.0,0.00676302146166563,1.172042727470398,0.0496792308986187,0.22288838028907776,0.20000651478767395,70460104.0,0.019436804577708244,2.9999999242136255e-05
139,1.1400057077407837,0.01801707036793232,0.20718321204185486,0.09978960454463959,38849736.0,0.006731641478836536,1.1700093746185303,0.048879459500312805,0.2210869938135147,0.19823835790157318,70233056.0,0.019231578335165977,2.9999999242136255e-05
140,1.1386361122131348,0.017881428822875023,0.2066372185945511,0.09933613985776901,38602928.0,0.006700949277728796,1.1679966449737549,0.04810183867812157,0.21932131052017212,0.19647371768951416,69990120.0,0.019035551697015762,2.9999999242136255e-05
141,1.1372673511505127,0.01774810440838337,0.206098273396492,0.0988881066441536,38360976.0,0.0066709802486002445,1.1660057306289673,0.04734710603952408,0.21759390830993652,0.19471663236618042,69733176.0,0.01884872280061245,2.9999999242136255e-05
142,1.1358999013900757,0.017617089673876762,0.20556636154651642,0.09844318777322769,38121732.0,0.006641694810241461,1.164036512374878,0.046615492552518845,0.21590621769428253,0.19296956062316895,69463152.0,0.018659522756934166,2.9999999242136255e-05
143,1.1345330476760864,0.01748833619058132,0.2050415277481079,0.09800367057323456,37886912.0,0.006613102275878191,1.162089228630066,0.045907147228717804,0.214259535074234,0.1912354975938797,69181704.0,0.018474644050002098,2.9999999242136255e-05
144,1.1331672668457031,0.017361802980303764,0.2045234739780426,0.09757022559642792,37653764.0,0.006585184019058943,1.1601648330688477,0.04522261768579483,0.21265609562397003,0.18951770663261414,68890000.0,0.018293345347046852,2.9999999242136255e-05
145,1.1318025588989258,0.017237503081560135,0.20401254296302795,0.09714101999998093,37424264.0,0.006557962391525507,1.1582627296447754,0.04456198588013649,0.2110971063375473,0.1878189891576767,68589688.0,0.01811138167977333,2.9999999242136255e-05
146,1.1304388046264648,0.017115382477641106,0.20350849628448486,0.09672857075929642,37204912.0,0.006530974060297012,1.1563833951950073,0.043925147503614426,0.20958326756954193,0.18614132702350616,68281752.0,0.017939215525984764,2.9999999242136255e-05
147,1.1290758848190308,0.01699542999267578,0.20301127433776855,0.0963299497961998,36989736.0,0.006504474673420191,1.1545265913009644,0.04331221431493759,0.2081158608198166,0.18448735773563385,67967544.0,0.017776617780327797,2.9999999242136255e-05
148,1.1277137994766235,0.01687759906053543,0.20252084732055664,0.09593810886144638,36779568.0,0.0064786202274262905,1.152692437171936,0.04272311553359032,0.20669570565223694,0.1828591674566269,67648176.0,0.01762312464416027,2.9999999242136255e-05
149,1.1263526678085327,0.016761887818574905,0.2020372450351715,0.09555219858884811,36571540.0,0.006453355774283409,1.1508804559707642,0.04215705767273903,0.20532183349132538,0.18125726282596588,67324352.0,0.017465541139245033,2.9999999242136255e-05
150,1.1249926090240479,0.01664825901389122,0.201560378074646,0.09517668187618256,36368776.0,0.006428754422813654,1.1490899324417114,0.04161399230360985,0.20399507880210876,0.17968370020389557,66997288.0,0.017317380756139755,2.9999999242136255e-05
151,1.1236335039138794,0.016536686569452286,0.2010902464389801,0.09480476379394531,36167736.0,0.006404679734259844,1.147321343421936,0.04109382629394531,0.20271612703800201,0.17814047634601593,66667760.0,0.017171572893857956,2.9999999242136255e-05
152,1.1222751140594482,0.01642714813351631,0.20062661170959473,0.09444382041692734,35971332.0,0.006381225306540728,1.1455739736557007,0.04059585556387901,0.20148412883281708,0.17662787437438965,66336636.0,0.017029279842972755,2.9999999242136255e-05
153,1.1209176778793335,0.01631961204111576,0.20016971230506897,0.09409592300653458,35779480.0,0.006358422804623842,1.1438472270965576,0.04012005031108856,0.20029990375041962,0.17514796555042267,66004692.0,0.016886821016669273,2.9999999242136255e-05
154,1.1195610761642456,0.01621408946812153,0.1997193545103073,0.09375900030136108,35595056.0,0.00633629085496068,1.1421411037445068,0.039665479212999344,0.19916194677352905,0.1737005114555359,65672608.0,0.016751887276768684,2.9999999242136255e-05
155,1.1182056665420532,0.016110515221953392,0.19927558302879333,0.09343359619379044,35415984.0,0.006314784288406372,1.1404541730880737,0.03923143073916435,0.1980692595243454,0.172285795211792,65341092.0,0.016626499593257904,2.9999999242136255e-05
156,1.1168508529663086,0.016008879989385605,0.1988382637500763,0.09311535954475403,35241864.0,0.006293904967606068,1.1387866735458374,0.03881758451461792,0.19702178239822388,0.17090468108654022,65010528.0,0.016509128734469414,2.9999999242136255e-05
157,1.11549711227417,0.015909168869256973,0.198407381772995,0.09280077368021011,35071060.0,0.0062735737301409245,1.1371376514434814,0.038423292338848114,0.19601860642433167,0.16955730319023132,64681536.0,0.016400117427110672,2.9999999242136255e-05
158,1.114143967628479,0.015811355784535408,0.19798290729522705,0.09249455481767654,34908280.0,0.006253824103623629,1.135506510734558,0.03804798796772957,0.1950589418411255,0.1682439148426056,64354332.0,0.01629333756864071,2.9999999242136255e-05
159,1.1127920150756836,0.015715396031737328,0.19756469130516052,0.09219139814376831,34747076.0,0.006234718021005392,1.1338930130004883,0.03769131749868393,0.19414252042770386,0.16701315343379974,64029896.0,0.016195077449083328,2.9999999242136255e-05
160,1.1114407777786255,0.01562130730599165,0.19715292751789093,0.09189622849225998,34592160.0,0.006216143257915974,1.1322959661483765,0.037352245301008224,0.19326728582382202,0.16583624482154846,63708316.0,0.01610482670366764,2.9999999242136255e-05
161,1.1100903749465942,0.015529033727943897,0.1967473030090332,0.09161116182804108,34445504.0,0.006197967100888491,1.130715250968933,0.03703011944890022,0.19243212044239044,0.1646905094385147,63389628.0,0.01602216809988022,2.9999999242136255e-05
162,1.1087409257888794,0.015438576228916645,0.19634808599948883,0.0913395881652832,34305856.0,0.006180427968502045,1.1291497945785522,0.03672442585229874,0.19163617491722107,0.16358013451099396,63074164.0,0.01594671607017517,2.9999999242136255e-05
163,1.1073923110961914,0.015349889174103737,0.19595476984977722,0.09107642620801926,34168132.0,0.006163484416902065,1.1275992393493652,0.03643445670604706,0.19087812304496765,0.16255593299865723,62762428.0,0.015874944627285004,2.9999999242136255e-05
164,1.1060444116592407,0.0152629679068923,0.19556769728660583,0.09082160890102386,34038428.0,0.006147165782749653,1.126063346862793,0.03616001084446907,0.19015786051750183,0.1615612506866455,62454668.0,0.01580924540758133,2.9999999242136255e-05
165,1.104697585105896,0.015177792869508266,0.19518670439720154,0.09057465195655823,33916308.0,0.006131461821496487,1.1245406866073608,0.03589991107583046,0.1894727200269699,0.16061890125274658,62150836.0,0.01574985310435295,2.9999999242136255e-05
166,1.1033514738082886,0.01509432028979063,0.19481161236763,0.09033273160457611,33795036.0,0.006116361822932959,1.1230312585830688,0.03565366938710213,0.18882179260253906,0.15972881019115448,61850916.0,0.015696516260504723,2.9999999242136255e-05
167,1.1020060777664185,0.015012563206255436,0.19444265961647034,0.0901046171784401,33676044.0,0.006101853214204311,1.1215344667434692,0.03542085364460945,0.18820428848266602,0.15886452794075012,61555380.0,0.015648914501070976,2.9999999242136255e-05
168,1.1006615161895752,0.014932483434677124,0.19407948851585388,0.0898868590593338,33563788.0,0.006087945774197578,1.1200491189956665,0.03520067781209946,0.1876184344291687,0.15804706513881683,61264144.0,0.01560662779957056,2.9999999242136255e-05
169,1.0993179082870483,0.014854047447443008,0.1937221884727478,0.08967972546815872,33458002.0,0.0060746087692677975,1.1185753345489502,0.03499273583292961,0.18706345558166504,0.15730224549770355,60977144.0,0.015569405630230904,2.9999999242136255e-05
170,1.0979751348495483,0.014777269214391708,0.19337090849876404,0.08947830647230148,33354554.0,0.006061876658350229,1.117112636566162,0.034796539694070816,0.18653830885887146,0.15657952427864075,60694740.0,0.015536952763795853,2.9999999242136255e-05
171,1.0966331958770752,0.014702094718813896,0.19302520155906677,0.0892866775393486,33257222.0,0.006049694027751684,1.1156601905822754,0.03461150452494621,0.1860416680574417,0.15587809681892395,60416696.0,0.015508925542235374,2.9999999242136255e-05
172,1.0952919721603394,0.0146285155788064,0.1926852911710739,0.08910848200321198,33163014.0,0.006038066931068897,1.1142174005508423,0.0344369150698185,0.18557186424732208,0.15519697964191437,60143072.0,0.015484974719583988,2.9999999242136255e-05
173,1.0939515829086304,0.014556518755853176,0.19235098361968994,0.08893650770187378,33073126.0,0.006027001887559891,1.1127841472625732,0.03427242115139961,0.1851281225681305,0.15453599393367767,59873932.0,0.015464907512068748,2.9999999242136255e-05
174,1.0926120281219482,0.01448608934879303,0.19202250242233276,0.08877062052488327,32985144.0,0.006016506347805262,1.1113594770431519,0.03411761298775673,0.18470953404903412,0.15389470756053925,59609392.0,0.015448498539626598,2.9999999242136255e-05
175,1.0912731885910034,0.014417190104722977,0.19169944524765015,0.08861684799194336,32902400.0,0.006006571929901838,1.109943151473999,0.033971790224313736,0.18431438505649567,0.1532718688249588,59348940.0,0.0154354153200984,2.9999999242136255e-05
176,1.089935064315796,0.014349800534546375,0.19138185679912567,0.08847146481275558,32826480.0,0.005997186526656151,1.1085352897644043,0.03383475914597511,0.1839422732591629,0.15266747772693634,59092860.0,0.015425574034452438,2.9999999242136255e-05
177,1.0885978937149048,0.014283930882811546,0.1910698562860489,0.08832904696464539,32752426.0,0.005988382734358311,1.1071346998214722,0.03370610252022743,0.18359221518039703,0.15208102762699127,58840808.0,0.015418744646012783,2.9999999242136255e-05
178,1.087261438369751,0.014219529926776886,0.1907631903886795,0.08819401264190674,32680052.0,0.005980128422379494,1.1057413816452026,0.033585324883461,0.18326298892498016,0.15153276920318604,58614272.0,0.015414366498589516,2.9999999242136255e-05
179,1.085925817489624,0.014156613498926163,0.19046202301979065,0.08806335180997849,32610526.0,0.005972405895590782,1.1043548583984375,0.033471956849098206,0.18295343220233917,0.15100876986980438,58399796.0,0.015411079861223698,2.9999999242136255e-05
180,1.0845909118652344,0.014095116406679153,0.19016599655151367,0.08793459832668304,32542884.0,0.005965189542621374,1.102974772453308,0.03336567059159279,0.1826627254486084,0.1504998356103897,58188500.0,0.015410330146551132,2.9999999242136255e-05
181,1.0832568407058716,0.01403505727648735,0.18987533450126648,0.0878085345029831,32477886.0,0.005958505440503359,1.1016007661819458,0.03326621651649475,0.18239028751850128,0.150005504488945,57980252.0,0.015412031672894955,2.9999999242136255e-05
182,1.081923484802246,0.013976415619254112,0.18958985805511475,0.08768383413553238,32414200.0,0.005952360108494759,1.1002328395843506,0.03317338228225708,0.18213561177253723,0.14952567219734192,57775168.0,0.01541608665138483,2.9999999242136255e-05
183,1.0805909633636475,0.01391915325075388,0.1893095076084137,0.0875619575381279,32353168.0,0.005946725606918335,1.0988701581954956,0.033086445182561874,0.18189679086208344,0.1490587443113327,57572824.0,0.01542213186621666,2.9999999242136255e-05
184,1.0792591571807861,0.013863272964954376,0.18903426826000214,0.08744653314352036,32292634.0,0.005941585171967745,1.0975123643875122,0.03300509974360466,0.1816730499267578,0.148604154586792,57373172.0,0.015430010855197906,2.9999999242136255e-05
185,1.0779281854629517,0.01380875427275896,0.18876421451568604,0.08733371645212173,32234262.0,0.005936953704804182,1.0961599349975586,0.03292947635054588,0.1814648061990738,0.14816267788410187,57176700.0,0.01543982233852148,2.9999999242136255e-05
186,1.076597809791565,0.013755572959780693,0.18849903345108032,0.08722823858261108,32181316.0,0.005932784639298916,1.0948121547698975,0.03285922855138779,0.18127115070819855,0.14773374795913696,56983432.0,0.015451359562575817,2.9999999242136255e-05
187,1.0752681493759155,0.013703708536922932,0.18823878467082977,0.08713013678789139,32130906.0,0.005929092410951853,1.0934687852859497,0.03279394283890724,0.18109098076820374,0.14731641113758087,56792884.0,0.015464446507394314,2.9999999242136255e-05
188,1.0739394426345825,0.01365315355360508,0.18798348307609558,0.08703961968421936,32083178.0,0.005925897043198347,1.0921294689178467,0.03273318335413933,0.18092314898967743,0.14690953493118286,56604776.0,0.01547892764210701,2.9999999242136255e-05
189,1.0726113319396973,0.01360388658940792,0.1877330243587494,0.08695188164710999,32035832.0,0.005923182237893343,1.0907938480377197,0.03267683461308479,0.18076734244823456,0.14651311933994293,56419284.0,0.015494749881327152,2.9999999242136255e-05
190,1.0712840557098389,0.013555895537137985,0.18748733401298523,0.08686888962984085,31993224.0,0.005920951720327139,1.089462161064148,0.032624855637550354,0.18062351644039154,0.14612708985805511,56236376.0,0.015511907637119293,2.9999999242136255e-05
191,1.0699574947357178,0.013509158045053482,0.1872464120388031,0.08679437637329102,31959144.0,0.005919198505580425,1.0881342887878418,0.032576996833086014,0.18049098551273346,0.1457512527704239,56056168.0,0.015530239790678024,2.9999999242136255e-05
192,1.0686317682266235,0.013463667593896389,0.18701006472110748,0.08672129362821579,31926418.0,0.0059179095551371574,1.0868096351623535,0.032533057034015656,0.18036922812461853,0.14538510143756866,55878452.0,0.015549701638519764,2.9999999242136255e-05
193,1.0673067569732666,0.013419395312666893,0.18677839636802673,0.08665235340595245,31897872.0,0.005917081609368324,1.085487961769104,0.03249261900782585,0.18025709688663483,0.14502765238285065,55703248.0,0.01557010505348444,2.9999999242136255e-05
194,1.0659822225570679,0.013376331888139248,0.18655137717723846,0.08658628910779953,31870892.0,0.005916710942983627,1.0841692686080933,0.032455530017614365,0.18015418946743011,0.14469563961029053,55547460.0,0.015591413713991642,2.9999999242136255e-05
195,1.064658761024475,0.013334463350474834,0.18632879853248596,0.08652319759130478,31844126.0,0.005916798021644354,1.0828535556793213,0.03242190554738045,0.18006083369255066,0.14437271654605865,55394244.0,0.015613680705428123,2.9999999242136255e-05
196,1.0633357763290405,0.013293765485286713,0.18611066043376923,0.08646319806575775,31818160.0,0.005917328409850597,1.0815407037734985,0.03239148482680321,0.17997634410858154,0.14405743777751923,55242844.0,0.015636814758181572,2.9999999242136255e-05
197,1.0620136260986328,0.013254239223897457,0.18589700758457184,0.08640829473733902,31794748.0,0.005918304901570082,1.0802302360534668,0.032364118844270706,0.17990030348300934,0.14374981820583344,55093408.0,0.015660734847187996,2.9999999242136255e-05
198,1.0606919527053833,0.013215850107371807,0.18568763136863708,0.08635704219341278,31771716.0,0.005919706076383591,1.0789225101470947,0.03233962133526802,0.17983220517635345,0.1434583067893982,54945584.0,0.01568535901606083,2.9999999242136255e-05
199,1.0593713521957397,0.013178601861000061,0.1854827105998993,0.08631042391061783,31748916.0,0.005921531468629837,1.0776166915893555,0.0323176309466362,0.1797710508108139,0.14317843317985535,54799436.0,0.01571056805551052,2.9999999242136255e-05
200,1.0580514669418335,0.013142457231879234,0.1852818876504898,0.08626849949359894,31727314.0,0.00592377595603466,1.0763132572174072,0.03229841962456703,0.17971761524677277,0.14290516078472137,54655064.0,0.015736456960439682,2.9999999242136255e-05
201,1.056731939315796,0.013107429258525372,0.18508529663085938,0.08623015135526657,31707624.0,0.005926436744630337,1.0750118494033813,0.03228147700428963,0.17967046797275543,0.14263704419136047,54512420.0,0.015762830153107643,2.9999999242136255e-05
202,1.0554132461547852,0.013073476031422615,0.18489281833171844,0.08619201928377151,31688288.0,0.005929497070610523,1.0737124681472778,0.032267097383737564,0.17963044345378876,0.14237475395202637,54371264.0,0.01578984409570694,2.9999999242136255e-05
203,1.0540953874588013,0.01304060872644186,0.18470457196235657,0.08615409582853317,31669226.0,0.005932962987571955,1.0724149942398071,0.0322549007833004,0.17959649860858917,0.1421174854040146,54231616.0,0.015817314386367798,2.9999999242136255e-05
204,1.0527781248092651,0.013008784502744675,0.18452021479606628,0.0861174464225769,31650284.0,0.005936819594353437,1.0711191892623901,0.032244667410850525,0.17956800758838654,0.14187341928482056,54101952.0,0.015845149755477905,2.9999999242136255e-05
205,1.0514615774154663,0.012978018261492252,0.18433988094329834,0.08608856797218323,31631698.0,0.0059410701505839825,1.0698250532150269,0.03223653510212898,0.1795453578233719,0.14164048433303833,53980120.0,0.015873447060585022,2.9999999242136255e-05
206,1.0501459836959839,0.012948276475071907,0.18416354060173035,0.08606027066707611,31613358.0,0.005945688113570213,1.0685325860977173,0.0322304368019104,0.1795283704996109,0.14141236245632172,53859576.0,0.01590217463672161,2.9999999242136255e-05
207,1.0488308668136597,0.012919550761580467,0.18399104475975037,0.08603263646364212,31595266.0,0.0059506818652153015,1.0672417879104614,0.03222611919045448,0.17951634526252747,0.1411915421485901,53743456.0,0.01593121327459812,2.9999999242136255e-05
208,1.0475163459777832,0.012891828082501888,0.18382231891155243,0.08600880205631256,31577388.0,0.005956045817583799,1.0659524202346802,0.032223574817180634,0.1795092672109604,0.14099657535552979,53650360.0,0.015960605815052986,2.9999999242136255e-05
209,1.0462026596069336,0.012865094467997551,0.18365740776062012,0.08599163591861725,31563692.0,0.005961766000837088,1.0646640062332153,0.03222265839576721,0.17950670421123505,0.14081153273582458,53564452.0,0.015990322455763817,2.9999999242136255e-05
210,1.0448896884918213,0.01283932849764824,0.18349619209766388,0.08598072826862335,31556454.0,0.0059678517282009125,1.0633773803710938,0.03222331032156944,0.1795085221529007,0.14063842594623566,53488020.0,0.016020316630601883,2.9999999242136255e-05
211,1.0435773134231567,0.01281453762203455,0.18333877623081207,0.0859704315662384,31549944.0,0.0059742918238043785,1.0620920658111572,0.03222571313381195,0.17951521277427673,0.14047729969024658,53420664.0,0.016050705686211586,2.9999999242136255e-05
212,1.0422656536102295,0.012790686450898647,0.18318483233451843,0.0859612300992012,31543938.0,0.0059810820966959,1.0608080625534058,0.032229650765657425,0.1795261800289154,0.1403191238641739,53353896.0,0.016080912202596664,2.9999999242136255e-05
213,1.0409547090530396,0.012767774984240532,0.18303444981575012,0.08595891296863556,31543110.0,0.00598821509629488,1.0595250129699707,0.032234854996204376,0.17954067885875702,0.14016325771808624,53287392.0,0.01611124910414219,2.9999999242136255e-05
214,1.0396443605422974,0.012745778076350689,0.18288764357566833,0.0859566181898117,31542474.0,0.005995685234665871,1.0582430362701416,0.03224138915538788,0.1795588731765747,0.14001013338565826,53221408.0,0.016141824424266815,2.9999999242136255e-05
215,1.0383347272872925,0.012724703177809715,0.1827443540096283,0.08595564216375351,31543348.0,0.006003496702760458,1.0569623708724976,0.03224925324320793,0.17958077788352966,0.13986846804618835,53155808.0,0.01617266796529293,2.9999999242136255e-05
216,1.037025809288025,0.012704522348940372,0.18260449171066284,0.08595699816942215,31546682.0,0.006011639721691608,1.0556824207305908,0.03225843235850334,0.1796063333749771,0.13974693417549133,53104780.0,0.01620374619960785,2.9999999242136255e-05
217,1.0357176065444946,0.012685214169323444,0.1824677586555481,0.08595971763134003,31551498.0,0.006020099390298128,1.0544037818908691,0.032268770039081573,0.17963510751724243,0.13963700830936432,53063664.0,0.01623503677546978,2.9999999242136255e-05
218,1.0344101190567017,0.012666785158216953,0.1823345124721527,0.0859643891453743,31558402.0,0.006028888281434774,1.0531258583068848,0.03228013589978218,0.17966674268245697,0.1395336538553238,53027776.0,0.016266481950879097,2.9999999242136255e-05
219,1.0331032276153564,0.012649222277104855,0.18220461905002594,0.08596956729888916,31565974.0,0.0060379961505532265,1.0518488883972168,0.032292626798152924,0.17970149219036102,0.1394321471452713,52992140.0,0.016298161819577217,2.9999999242136255e-05
220,1.031796932220459,0.01263249758630991,0.1820778101682663,0.08597787469625473,31576786.0,0.006047409493476152,1.0505727529525757,0.03230605274438858,0.179738849401474,0.1393321305513382,52956772.0,0.016329940408468246,2.9999999242136255e-05
221,1.0304913520812988,0.012616610154509544,0.18195414543151855,0.08598797768354416,31588820.0,0.006057134363800287,1.0492976903915405,0.03232080861926079,0.17977988719940186,0.13923457264900208,52921836.0,0.016362052410840988,2.9999999242136255e-05
222,1.0291863679885864,0.012601548805832863,0.1818336397409439,0.08600301295518875,31602296.0,0.006067167967557907,1.0480233430862427,0.03233625739812851,0.17982284724712372,0.13913781940937042,52887112.0,0.016394170001149178,2.9999999242136255e-05
223,1.0278823375701904,0.012587294913828373,0.18171623349189758,0.08601904660463333,31616846.0,0.006077502854168415,1.0467495918273926,0.03235271945595741,0.17986862361431122,0.1390429586172104,52852568.0,0.016426468268036842,2.9999999242136255e-05
224,1.026578664779663,0.012573839165270329,0.1816018521785736,0.08603793382644653,31634444.0,0.006088119000196457,1.0454767942428589,0.032370053231716156,0.17991679906845093,0.13894951343536377,52818352.0,0.01645885407924652,2.9999999242136255e-05
225,1.0252758264541626,0.012561180628836155,0.1814904510974884,0.08605711162090302,31652472.0,0.0060990359634160995,1.0442047119140625,0.03238838165998459,0.1799677312374115,0.13885784149169922,52784340.0,0.016491439193487167,2.9999999242136255e-05
226,1.0239734649658203,0.012549290433526039,0.1813819855451584,0.08607608824968338,31670474.0,0.006110240239650011,1.0429333448410034,0.03240746259689331,0.18002073466777802,0.13876736164093018,52750580.0,0.016524091362953186,2.9999999242136255e-05
227,1.0226719379425049,0.012538179755210876,0.181276336312294,0.08609500527381897,31688522.0,0.006121723912656307,1.0416626930236816,0.032427262514829636,0.1800757199525833,0.1386873722076416,52726336.0,0.01655677706003189,2.9999999242136255e-05
228,1.0213710069656372,0.012527813203632832,0.18117356300354004,0.08612342923879623,31713848.0,0.006133478134870529,1.040392518043518,0.03244777023792267,0.1801326423883438,0.1386152058839798,52709208.0,0.016589554026722908,2.9999999242136255e-05
229,1.0200709104537964,0.012518190778791904,0.18107359111309052,0.08616134524345398,31747938.0,0.006145501043647528,1.039123296737671,0.03246920555830002,0.18019212782382965,0.1385447233915329,52692308.0,0.016622481867671013,2.9999999242136255e-05
230,1.0187711715698242,0.012509296648204327,0.18097636103630066,0.08619993925094604,31782610.0,0.006157812662422657,1.037854552268982,0.032491277903318405,0.18025337159633636,0.13847509026527405,52675252.0,0.016655484214425087,2.9999999242136255e-05
231,1.017472267150879,0.012501121498644352,0.18088176846504211,0.08624373376369476,31820398.0,0.006170387379825115,1.0365864038467407,0.03251390904188156,0.18031613528728485,0.13840621709823608,52658436.0,0.016688469797372818,2.9999999242136255e-05
232,1.0161738395690918,0.012493668124079704,0.18078990280628204,0.08629153668880463,31861104.0,0.006183223333209753,1.0353189706802368,0.03253721445798874,0.18038074672222137,0.13833840191364288,52641636.0,0.016721520572900772,2.9999999242136255e-05
233,1.0148764848709106,0.012486891821026802,0.18070049583911896,0.08634296804666519,31904394.0,0.006196318659931421,1.0340521335601807,0.032561372965574265,0.18044769763946533,0.13827666640281677,52625044.0,0.016754737123847008,2.9999999242136255e-05
234,1.013579249382019,0.012480824254453182,0.18061383068561554,0.08639757335186005,31949228.0,0.006209689658135176,1.0327858924865723,0.03258600831031799,0.18051594495773315,0.13821956515312195,52608464.0,0.01678796485066414,2.9999999242136255e-05
235,1.0122830867767334,0.012475429102778435,0.1805296689271927,0.08645345270633698,31995122.0,0.006223307456821203,1.031520128250122,0.03261107578873634,0.1805853694677353,0.13816295564174652,52591904.0,0.016821132972836494,2.9999999242136255e-05
236,1.010987401008606,0.012470701709389687,0.18044793605804443,0.08651318401098251,32040788.0,0.006237170659005642,1.0302549600601196,0.03263695165514946,0.18065699934959412,0.13810761272907257,52575728.0,0.016854435205459595,2.9999999242136255e-05
237,1.0096924304962158,0.01246663648635149,0.18036869168281555,0.08657636493444443,32090084.0,0.006251276470720768,1.028990387916565,0.032663363963365555,0.18073008954524994,0.13805294036865234,52559540.0,0.016887761652469635,2.9999999242136255e-05
238,1.0083979368209839,0.012463204562664032,0.18029172718524933,0.08664200454950333,32142124.0,0.006265623494982719,1.0277262926101685,0.0326901413500309,0.18080414831638336,0.1379988044500351,52543320.0,0.0169210322201252,2.9999999242136255e-05
239,1.0071041584014893,0.012460429221391678,0.1802171915769577,0.08671034127473831,32197028.0,0.006280221045017242,1.0264627933502197,0.032717619091272354,0.1808801293373108,0.13794834911823273,52527176.0,0.016954436898231506,2.9999999242136255e-05
240,1.0058112144470215,0.01245827041566372,0.1801449954509735,0.0867781937122345,32251618.0,0.006295059807598591,1.0251997709274292,0.0327456071972847,0.18095746636390686,0.13789869844913483,52511308.0,0.016987832263112068,2.9999999242136255e-05
241,1.004518747329712,0.01245673093944788,0.1800750195980072,0.08684834092855453,32307120.0,0.006310115102678537,1.0239375829696655,0.032774072140455246,0.181036114692688,0.13784955441951752,52495540.0,0.017021220177412033,2.9999999242136255e-05
242,1.0032269954681396,0.01245581079274416,0.18000738322734833,0.08692090958356857,32363774.0,0.006325406953692436,1.0226755142211914,0.032802797853946686,0.18111543357372284,0.13781486451625824,52494020.0,0.017054535448551178,2.9999999242136255e-05
243,1.0019357204437256,0.012455465272068977,0.17994169890880585,0.08699467033147812,32420870.0,0.0063409036956727505,1.0214139223098755,0.03283208608627319,0.18119625747203827,0.13778163492679596,52493228.0,0.017087917774915695,2.9999999242136255e-05
244,1.000645399093628,0.012455723248422146,0.1798783838748932,0.08707453310489655,32483002.0,0.006356638390570879,1.0201529264450073,0.03286187723278999,0.18127845227718353,0.13774888217449188,52492508.0,0.017121341079473495,2.9999999242136255e-05
245,0.9993554353713989,0.012456556782126427,0.1798170506954193,0.08716104924678802,32550500.0,0.006372592877596617,1.0188926458358765,0.0328921414911747,0.18136191368103027,0.13771657645702362,52491632.0,0.017154796048998833,2.9999999242136255e-05
246,0.9980661273002625,0.01245796401053667,0.1797579526901245,0.08725021034479141,32620468.0,0.006388757843524218,1.0176324844360352,0.03292262181639671,0.1814459264278412,0.13768431544303894,52490688.0,0.01718815229833126,2.9999999242136255e-05
247,0.9967776536941528,0.01245992910116911,0.17970074713230133,0.08734062314033508,32691892.0,0.006405123509466648,1.0163729190826416,0.032953567802906036,0.1815311759710312,0.13765256106853485,52489756.0,0.01722153089940548,2.9999999242136255e-05
248,0.995489776134491,0.012462437152862549,0.17964553833007812,0.08743532747030258,32767924.0,0.006421711295843124,1.0151139497756958,0.032984837889671326,0.18161728978157043,0.1376209557056427,52488744.0,0.017254894599318504,2.9999999242136255e-05
249,0.9942024946212769,0.012465501204133034,0.17959240078926086,0.0875295028090477,32843570.0,0.006438505835831165,1.0138554573059082,0.03301657736301422,0.18170464038848877,0.1375899761915207,52487724.0,0.017288269475102425,2.9999999242136255e-05
250,0.9929159283638,0.012469097971916199,0.1795411854982376,0.08762309700250626,32918878.0,0.006455511786043644,1.0125975608825684,0.033048804849386215,0.18179330229759216,0.1375596821308136,52486672.0,0.017321689054369926,2.9999999242136255e-05
251,0.9916298389434814,0.0124732106924057,0.17949184775352478,0.08771609514951706,32993826.0,0.0064727007411420345,1.0113396644592285,0.03308103233575821,0.18188191950321198,0.1375289261341095,52485428.0,0.017354927957057953,2.9999999242136255e-05
252,0.9903445839881897,0.012477836571633816,0.17944426834583282,0.0878133699297905,33073272.0,0.006490076892077923,1.010082483291626,0.03311368450522423,0.18197165429592133,0.13749854266643524,52484140.0,0.01738821528851986,2.9999999242136255e-05
253,0.9890598654747009,0.012482979334890842,0.17939865589141846,0.08791341632604599,33155672.0,0.006507658399641514,1.0088257789611816,0.03314686194062233,0.1820627897977829,0.13746891915798187,52482860.0,0.017421560361981392,2.9999999242136255e-05
254,0.9877755641937256,0.012488617561757565,0.1793547421693802,0.08801291882991791,33237774.0,0.006525447126477957,1.007569670677185,0.033180296421051025,0.1821545958518982,0.1374395191669464,52481588.0,0.017454825341701508,2.9999999242136255e-05
255,0.9864921569824219,0.012494740076363087,0.1793125569820404,0.08811584860086441,33320782.0,0.006543402094393969,1.006313681602478,0.03321387618780136,0.18224674463272095,0.13741014897823334,52480108.0,0.017487986013293266,2.9999999242136255e-05
256,0.9852094054222107,0.01250134501606226,0.1792721301317215,0.08822422474622726,33407830.0,0.0065615298226475716,1.0050582885742188,0.033247727900743484,0.1823395937681198,0.13738586008548737,52483540.0,0.017521098256111145,2.9999999242136255e-05
257,0.9839272499084473,0.012508423998951912,0.1792333871126175,0.08833271265029907,33495258.0,0.006579835433512926,1.0038034915924072,0.03328202664852142,0.182433620095253,0.13737116754055023,52496048.0,0.017554286867380142,2.9999999242136255e-05
258,0.9826458096504211,0.012515968643128872,0.1791962832212448,0.08844061940908432,33582352.0,0.00659833662211895,1.0025490522384644,0.033316563814878464,0.18252825736999512,0.13735651969909668,52508300.0,0.017587441951036453,2.9999999242136255e-05
259,0.981364905834198,0.012523969635367393,0.17916086316108704,0.08854998648166656,33668972.0,0.006617013830691576,1.0012952089309692,0.033351555466651917,0.18262408673763275,0.13734252750873566,52520452.0,0.017620641738176346,2.9999999242136255e-05
260,0.9800845384597778,0.012532422319054604,0.1791270524263382,0.08865942806005478,33755160.0,0.006635853089392185,1.0000417232513428,0.0333864800632,0.18271967768669128,0.13732799887657166,52532276.0,0.01765364781022072,2.9999999242136255e-05
261,0.9788050055503845,0.012541314586997032,0.17909470200538635,0.08876814693212509,33840828.0,0.0066548497416079044,0.9987886548042297,0.03342176973819733,0.18281622231006622,0.1373138725757599,52543980.0,0.01768665760755539,2.9999999242136255e-05
262,0.977526068687439,0.012550638988614082,0.17906399071216583,0.08887792378664017,33927796.0,0.006674000062048435,0.9975361227989197,0.03345745801925659,0.18291379511356354,0.13730013370513916,52555696.0,0.017719723284244537,2.9999999242136255e-05
263,0.9762476086616516,0.012560379691421986,0.17903466522693634,0.08899099379777908,34016992.0,0.0066933101043105125,0.996284008026123,0.03349322825670242,0.18301154673099518,0.13728632032871246,52567176.0,0.017752666026353836,2.9999999242136255e-05
264,0.9749700427055359,0.012570550665259361,0.17900678515434265,0.08910411596298218,34105700.0,0.006712769158184528,0.9950320720672607,0.03352903947234154,0.1831093579530716,0.13727207481861115,52578268.0,0.017785485833883286,2.9999999242136255e-05
265,0.9736928939819336,0.01258112769573927,0.17898055911064148,0.08921653777360916,34194052.0,0.006732382345944643,0.9937810301780701,0.03356548026204109,0.18320883810520172,0.1372593343257904,52589356.0,0.01781846024096012,2.9999999242136255e-05
266,0.9724164009094238,0.01259209681302309,0.1789555549621582,0.08932901918888092,34282524.0,0.006752139888703823,0.9925304055213928,0.033602021634578705,0.18330854177474976,0.1372472494840622,52600320.0,0.0178513303399086,2.9999999242136255e-05
267,0.9711407423019409,0.012603464536368847,0.17893198132514954,0.08944500237703323,34372428.0,0.006772035267204046,0.9912799000740051,0.03363854065537453,0.18340812623500824,0.13723476231098175,52610896.0,0.0178840309381485,2.9999999242136255e-05
268,0.969865620136261,0.01261522714048624,0.17890986800193787,0.08956024050712585,34461804.0,0.006792061030864716,0.9900299906730652,0.03367533162236214,0.18350839614868164,0.13722239434719086,52621400.0,0.0179167278110981,2.9999999242136255e-05
269,0.9685909152030945,0.012627352960407734,0.17888887226581573,0.08967479318380356,34550736.0,0.006812212057411671,0.9887808561325073,0.033712662756443024,0.18361008167266846,0.13721080124378204,52631760.0,0.0179495420306921,2.9999999242136255e-05
270,0.9673171043395996,0.012639869935810566,0.17886941134929657,0.08978869020938873,34639324.0,0.006832522805780172,0.9875322580337524,0.03375014662742615,0.18371212482452393,0.1371992826461792,52642004.0,0.017982272431254387,2.9999999242136255e-05
271,0.9660439491271973,0.012652737088501453,0.17885097861289978,0.0899038314819336,34728692.0,0.0068529401905834675,0.9862837195396423,0.033787667751312256,0.18381422758102417,0.13719187676906586,52656452.0,0.01801488734781742,2.9999999242136255e-05
272,0.9647713303565979,0.012665975838899612,0.1788339912891388,0.09002416580915451,34819084.0,0.006873477250337601,0.9850355982780457,0.03382507711648941,0.18391595780849457,0.1371922641992569,52678964.0,0.018047302961349487,2.9999999242136255e-05
273,0.9634993672370911,0.012679561972618103,0.1788182556629181,0.09014613181352615,34909048.0,0.00689412746578455,0.983788013458252,0.03386290743947029,0.18401877582073212,0.13719294965267181,52701224.0,0.01807982847094536,2.9999999242136255e-05
274,0.9622281193733215,0.012693489901721478,0.17880366742610931,0.09026943892240524,34998620.0,0.006914908066391945,0.9825409650802612,0.033900950103998184,0.18412210047245026,0.1371936947107315,52723224.0,0.018112318590283394,2.9999999242136255e-05
275,0.9609573483467102,0.012707759626209736,0.17879021167755127,0.09039342403411865,35088084.0,0.006935799028724432,0.9812943339347839,0.03393902629613876,0.18422546982765198,0.13719429075717926,52744904.0,0.018144669011235237,2.9999999242136255e-05
276,0.9596874117851257,0.012722354382276535,0.17877793312072754,0.0905185416340828,35178980.0,0.006956801284104586,0.9800482988357544,0.03397740423679352,0.18432961404323578,0.13719503581523895,52766340.0,0.01817704737186432,2.9999999242136255e-05
277,0.9584179520606995,0.012737279757857323,0.17876677215099335,0.09064587950706482,35272288.0,0.006977903191000223,0.9788026809692383,0.034015826880931854,0.18443380296230316,0.13719551265239716,52787560.0,0.018209325149655342,2.9999999242136255e-05
278,0.9571492075920105,0.012752511538565159,0.1787566840648651,0.09077443927526474,35366368.0,0.006999107077717781,0.9775575399398804,0.034054502844810486,0.18453861773014069,0.1371961086988449,52808536.0,0.01824161410331726,2.9999999242136255e-05
279,0.9558811783790588,0.012768062762916088,0.1787477433681488,0.09090358018875122,35459992.0,0.007020402234047651,0.9763128161430359,0.034093163907527924,0.18464334309101105,0.13719633221626282,52829072.0,0.018273767083883286,2.9999999242136255e-05
280,0.9546136260032654,0.012783907353878021,0.17873969674110413,0.09103591740131378,35555596.0,0.0070417593233287334,0.9750686883926392,0.03413207828998566,0.18474869430065155,0.13719682395458221,52849444.0,0.018305905163288116,2.9999999242136255e-05
281,0.953346848487854,0.012800060212612152,0.17873288691043854,0.09116802364587784,35650696.0,0.007063131779432297,0.9738250970840454,0.034171298146247864,0.18485480546951294,0.13719762861728668,52869488.0,0.01833806000649929,2.9999999242136255e-05
282,0.9520806074142456,0.012816505506634712,0.17872698605060577,0.09129936248064041,35745188.0,0.007084590848535299,0.9725819230079651,0.03421035408973694,0.18496040999889374,0.1372062712907791,52897964.0,0.01837003603577614,2.9999999242136255e-05
283,0.9508150815963745,0.012833232060074806,0.17872211337089539,0.09143032878637314,35839136.0,0.0071061342023313046,0.9713389277458191,0.03424939513206482,0.18506592512130737,0.13721773028373718,52929072.0,0.01840187981724739,2.9999999242136255e-05
284,0.9495501518249512,0.012850244529545307,0.17871823906898499,0.09156375378370285,35932620.0,0.0071277618408203125,0.9700964689254761,0.034288644790649414,0.1851719319820404,0.13722927868366241,52959892.0,0.018433719873428345,2.9999999242136255e-05
285,0.9482858180999756,0.012867522425949574,0.17871522903442383,0.09169699251651764,36025724.0,0.007149474695324898,0.9688549637794495,0.034328483045101166,0.1852794736623764,0.13724175095558167,52990476.0,0.01846572756767273,2.9999999242136255e-05
286,0.9470223784446716,0.012885075062513351,0.1787131279706955,0.09183398634195328,36123000.0,0.007171290926635265,0.9676138162612915,0.03436815366148949,0.18538649380207062,0.13725341856479645,53020756.0,0.01849755272269249,2.9999999242136255e-05
287,0.9457592964172363,0.01290288195014,0.17871201038360596,0.09197230637073517,36221796.0,0.00719316815957427,0.9663729667663574,0.03440786898136139,0.1854935884475708,0.13726483285427094,53050592.0,0.01852927915751934,2.9999999242136255e-05
288,0.9444970488548279,0.012920941226184368,0.17871172726154327,0.09211298823356628,36323228.0,0.0072151124477386475,0.9651327729225159,0.034447647631168365,0.18560077250003815,0.13728450238704681,53088600.0,0.018560927361249924,2.9999999242136255e-05
289,0.9432353377342224,0.012939253821969032,0.17871232330799103,0.0922553539276123,36426716.0,0.0072371321730315685,0.9638927578926086,0.03448743745684624,0.1857079416513443,0.13730637729167938,53128656.0,0.018592465668916702,2.9999999242136255e-05
290,0.9419742822647095,0.012957816943526268,0.17871376872062683,0.092400461435318,36531744.0,0.007259225472807884,0.9626535773277283,0.0345274992287159,0.18581576645374298,0.13732847571372986,53168320.0,0.018624037504196167,2.9999999242136255e-05
291,0.9407140016555786,0.012976611964404583,0.17871609330177307,0.09254668653011322,36636620.0,0.007281401194632053,0.9614150524139404,0.03456787019968033,0.18592436611652374,0.13735069334506989,53207612.0,0.01865568198263645,2.9999999242136255e-05
292,0.939454197883606,0.012995635159313679,0.17871907353401184,0.0926937535405159,36741976.0,0.0073036556132137775,0.9601766467094421,0.03460787236690521,0.18603190779685974,0.13737183809280396,53246372.0,0.018687022849917412,2.9999999242136255e-05
293,0.9381951689720154,0.013014894910156727,0.17872296273708344,0.09284083545207977,36847456.0,0.007325941231101751,0.9589387774467468,0.03464818373322487,0.18614022433757782,0.13739758729934692,53289156.0,0.018718428909778595,2.9999999242136255e-05
294,0.9369366765022278,0.013034369796514511,0.1787276566028595,0.09298764914274216,36952488.0,0.007348299026489258,0.9577016234397888,0.03468853235244751,0.1862485706806183,0.1374254673719406,53334060.0,0.018749766051769257,2.9999999242136255e-05
295,0.935679018497467,0.01305406168103218,0.17873306572437286,0.09313397854566574,37056896.0,0.007370713632553816,0.9564648866653442,0.03472904860973358,0.186357319355011,0.1374533772468567,53378472.0,0.01878107339143753,2.9999999242136255e-05
296,0.9344217777252197,0.01307397149503231,0.17873930931091309,0.0932803750038147,37160968.0,0.007393212057650089,0.9552287459373474,0.03476971760392189,0.18646639585494995,0.1374814212322235,53422408.0,0.01881234161555767,2.9999999242136255e-05
297,0.9331653118133545,0.013094085268676281,0.17874613404273987,0.09342813491821289,37265512.0,0.007415755186229944,0.9539932608604431,0.03481044992804527,0.18657559156417847,0.13751350343227386,53470516.0,0.018843578174710274,2.9999999242136255e-05
298,0.9319095611572266,0.013114391826093197,0.17875365912914276,0.09357701241970062,37371396.0,0.007438326720148325,0.9527581930160522,0.03485100716352463,0.186684250831604,0.13755092024803162,53524108.0,0.01887461170554161,2.9999999242136255e-05
299,0.9306544065475464,0.013134894892573357,0.17876188457012177,0.09372631460428238,37478040.0,0.007460942491889,0.95152348279953,0.03489178791642189,0.18679343163967133,0.13759978115558624,53588572.0,0.018905678763985634,2.9999999242136255e-05
300,0.9293999075889587,0.013155600987374783,0.17877091467380524,0.09387483447790146,37584320.0,0.007483636494725943,0.9502894282341003,0.03493257984519005,0.18690259754657745,0.1376524269580841,53656904.0,0.01893666759133339,2.9999999242136255e-05
301,0.9281461238861084,0.013176469132304192,0.17878040671348572,0.09402234107255936,37689908.0,0.0075063579715788364,0.9490559697151184,0.03497351333498955,0.18701206147670746,0.1377050280570984,53724560.0,0.01896749995648861,2.9999999242136255e-05
302,0.9268928170204163,0.013197525404393673,0.17879053950309753,0.09416893124580383,37794904.0,0.007529121823608875,0.9478230476379395,0.03501441702246666,0.18712139129638672,0.13775937259197235,53793996.0,0.01899825781583786,2.9999999242136255e-05
303,0.925640344619751,0.013218769803643227,0.17880146205425262,0.09431467205286026,37899336.0,0.007551935967057943,0.9465906620025635,0.035055454820394516,0.18723101913928986,0.13781996071338654,53869244.0,0.019028985872864723,2.9999999242136255e-05
304,0.9243885278701782,0.013240182772278786,0.17881301045417786,0.09446081519126892,38004400.0,0.0075747910887002945,0.9453588128089905,0.03509659692645073,0.1873408555984497,0.1378801465034485,53943920.0,0.019059699028730392,2.9999999242136255e-05
305,0.9231373071670532,0.01326175220310688,0.17882505059242249,0.09460756927728653,38109820.0,0.007597662508487701,0.9441274404525757,0.0351376011967659,0.18745025992393494,0.13795991241931915,54035172.0,0.01909027248620987,2.9999999242136255e-05
306,0.9218867421150208,0.013283474370837212,0.17883756756782532,0.09475336968898773,38214644.0,0.007620560470968485,0.9428966045379639,0.03517863526940346,0.18755967915058136,0.1380430907011032,54126508.0,0.019120797514915466,2.9999999242136255e-05
307,0.9206368923187256,0.013305369764566422,0.17885076999664307,0.09489840269088745,38319112.0,0.007643508724868298,0.941666305065155,0.035219717770814896,0.18766917288303375,0.13812577724456787,54217144.0,0.019151290878653526,2.9999999242136255e-05
308,0.919387698173523,0.013327415101230145,0.17886456847190857,0.09504246711730957,38422888.0,0.00766648119315505,0.9404365420341492,0.035260844975709915,0.18777871131896973,0.1382078230381012,54306952.0,0.01918173022568226,2.9999999242136255e-05
309,0.9181392788887024,0.01334961224347353,0.17887885868549347,0.09518565237522125,38526012.0,0.0076894876547157764,0.9392073154449463,0.03530213236808777,0.18788862228393555,0.1382896900177002,54396064.0,0.019212177023291588,2.9999999242136255e-05
310,0.9168912768363953,0.013371938839554787,0.17889371514320374,0.09532792121171951,38628608.0,0.007712509948760271,0.9379789233207703,0.035343486815690994,0.18799863755702972,0.13837100565433502,54484444.0,0.019242580980062485,2.9999999242136255e-05
311,0.915644109249115,0.013394408859312534,0.17890901863574982,0.09547107666730881,38732276.0,0.007735542021691799,0.9367510080337524,0.035384807735681534,0.18810850381851196,0.13845621049404144,54576584.0,0.01927291229367256,2.9999999242136255e-05
312,0.9143975377082825,0.01341701578348875,0.1789248138666153,0.09561409056186676,38836204.0,0.007758595980703831,0.9355236887931824,0.035426266491413116,0.18821866810321808,0.1385459005832672,54670644.0,0.019303254783153534,2.9999999242136255e-05
313,0.9131516814231873,0.013439749367535114,0.17894108593463898,0.09575623273849487,38939664.0,0.007781685795634985,0.9342968463897705,0.03546759858727455,0.18832843005657196,0.13863717019557953,54763828.0,0.01933346875011921,2.9999999242136255e-05
314,0.9119064807891846,0.013462607748806477,0.17895779013633728,0.09589747339487076,39042436.0,0.0078047653660178185,0.9330701231956482,0.035508692264556885,0.18843750655651093,0.13872721791267395,54856116.0,0.01936350204050541,2.9999999242136255e-05
315,0.9106619358062744,0.013485599309206009,0.17897509038448334,0.09603777527809143,39144496.0,0.00782786589115858,0.9318445920944214,0.03555021435022354,0.18854764103889465,0.138817697763443,54948040.0,0.0193936824798584,2.9999999242136255e-05
316,0.9094182252883911,0.013508693315088749,0.17899277806282043,0.09617725759744644,39246132.0,0.007850979454815388,0.9306197166442871,0.035591766238212585,0.18865780532360077,0.13891169428825378,55043144.0,0.019423801451921463,2.9999999242136255e-05
317,0.908174991607666,0.01353190466761589,0.17901094257831573,0.09631583094596863,39347200.0,0.00787410419434309,0.9293951988220215,0.03563322499394417,0.18876764178276062,0.13901008665561676,55142848.0,0.019453834742307663,2.9999999242136255e-05
318,0.9069326519966125,0.013555234298110008,0.17902949452400208,0.09645354002714157,39447568.0,0.007897228933870792,0.9281712174415588,0.035674676299095154,0.1888774037361145,0.1391078531742096,55241780.0,0.01948380097746849,2.9999999242136255e-05
319,0.9056906700134277,0.013578658923506737,0.17904826998710632,0.09659095853567123,39547364.0,0.00792035460472107,0.926947832107544,0.03571617975831032,0.18898724019527435,0.13920539617538452,55340112.0,0.01951374113559723,2.9999999242136255e-05
320,0.9044496417045593,0.013602189719676971,0.1790677309036255,0.09672779589891434,39646612.0,0.007943491451442242,0.9257251024246216,0.03575766831636429,0.18909698724746704,0.13930277526378632,55437436.0,0.019543606787919998,2.9999999242136255e-05
321,0.9032092094421387,0.01362580992281437,0.17908747494220734,0.0968637466430664,39745352.0,0.007966616190969944,0.9245028495788574,0.03579901531338692,0.18920627236366272,0.13939952850341797,55533936.0,0.019573329016566277,2.9999999242136255e-05
322,0.9019694924354553,0.013649534434080124,0.17910757660865784,0.09700004011392593,39843408.0,0.007989742793142796,0.9232812523841858,0.0358404777944088,0.1893158107995987,0.13949570059776306,55629780.0,0.0196030605584383,2.9999999242136255e-05
323,0.9007304310798645,0.013673353008925915,0.17912811040878296,0.09713653475046158,39940956.0,0.008012877777218819,0.9220603704452515,0.03588206693530083,0.18942561745643616,0.139591783285141,55724900.0,0.01963277906179428,2.9999999242136255e-05
324,0.8994920253753662,0.013697241432964802,0.1791488379240036,0.0972721204161644,40037936.0,0.008035990409553051,0.920839786529541,0.03592340275645256,0.18953469395637512,0.13968664407730103,55819084.0,0.01966230943799019,2.9999999242136255e-05
325,0.89825439453125,0.013721231371164322,0.1791701465845108,0.09740683436393738,40134320.0,0.00805910024791956,0.9196198582649231,0.03596479073166847,0.18964384496212006,0.13978101313114166,55912696.0,0.019691815599799156,2.9999999242136255e-05
326,0.8970173001289368,0.013745289295911789,0.17919163405895233,0.09754064679145813,40230104.0,0.008082187734544277,0.9184008836746216,0.03600628301501274,0.1897532194852829,0.13987520337104797,56005512.0,0.019721293821930885,2.9999999242136255e-05
327,0.8957809805870056,0.013769425451755524,0.1792135238647461,0.09767363220453262,40325420.0,0.008105269633233547,0.917182445526123,0.03604783117771149,0.1898626685142517,0.13996903598308563,56097780.0,0.01975076086819172,2.9999999242136255e-05
328,0.8945454955101013,0.013793624937534332,0.17923560738563538,0.09780573844909668,40420228.0,0.008128346875309944,0.915964663028717,0.036089394241571426,0.18997208774089813,0.14006224274635315,56189368.0,0.019780175760388374,2.9999999242136255e-05
329,0.8933106064796448,0.013817906379699707,0.17925813794136047,0.09793700277805328,40514312.0,0.0081514036282897,0.9147473573684692,0.03613084927201271,0.1900811642408371,0.14015473425388336,56280064.0,0.019809463992714882,2.9999999242136255e-05
330,0.8920762538909912,0.013842248357832432,0.17928096652030945,0.09807009249925613,40607880.0,0.008174434304237366,0.9135306477546692,0.03617226332426071,0.19019007682800293,0.14024680852890015,56370080.0,0.019838668406009674,2.9999999242136255e-05
331,0.8908427953720093,0.01386665366590023,0.17930403351783752,0.09820316731929779,40701068.0,0.008197462186217308,0.9123145341873169,0.03621365875005722,0.1902988702058792,0.1403382420539856,56459508.0,0.01986781507730484,2.9999999242136255e-05
332,0.8896099925041199,0.013891114853322506,0.17932744324207306,0.09833535552024841,40793572.0,0.008220456540584564,0.9110989570617676,0.03625483438372612,0.19040702283382416,0.14042851328849792,56548024.0,0.019896788522601128,2.9999999242136255e-05
333,0.8883779048919678,0.01391562819480896,0.17935092747211456,0.09846660494804382,40885456.0,0.008243420161306858,0.9098838567733765,0.03629602864384651,0.1905151605606079,0.14051859080791473,56635936.0,0.019925713539123535,2.9999999242136255e-05
334,0.887146532535553,0.013940207660198212,0.17937488853931427,0.09859706461429596,40976868.0,0.008266374468803406,0.9086698889732361,0.036337412893772125,0.19062374532222748,0.14060842990875244,56722992.0,0.019954653456807137,2.9999999242136255e-05
335,0.8859157562255859,0.013964823447167873,0.1793990135192871,0.09872667491436005,41067724.0,0.008289291523396969,0.90745609998703,0.0363786555826664,0.19073189795017242,0.14069777727127075,56809568.0,0.019983462989330292,2.9999999242136255e-05
336,0.884685754776001,0.013989485800266266,0.17942330241203308,0.09885545074939728,41158036.0,0.008312182500958443,0.9062433838844299,0.036420028656721115,0.19084031879901886,0.1407867968082428,56895536.0,0.020012281835079193,2.9999999242136255e-05
337,0.8834565877914429,0.014014199376106262,0.1794479638338089,0.09898338466882706,41247920.0,0.008335060440003872,0.9050307869911194,0.03646107763051987,0.19094784557819366,0.14087477326393127,56980500.0,0.020040858536958694,2.9999999242136255e-05
338,0.8822279572486877,0.014038946479558945,0.17947283387184143,0.099110446870327,41337120.0,0.008357885293662548,0.9038191437721252,0.03650221601128578,0.1910555362701416,0.1409623920917511,57064852.0,0.020069414749741554,2.9999999242136255e-05
339,0.8810000419616699,0.014063739217817783,0.17949798703193665,0.09923672676086426,41425808.0,0.00838068313896656,0.9026079773902893,0.03654327243566513,0.19116294384002686,0.14104947447776794,57148632.0,0.0200978871434927,2.9999999242136255e-05
340,0.8797729015350342,0.014088560827076435,0.17952319979667664,0.09936215728521347,41514044.0,0.008403459563851357,0.9013975858688354,0.036584384739398956,0.19127045571804047,0.14113622903823853,57231828.0,0.020126331597566605,2.9999999242136255e-05
341,0.8785464763641357,0.014113412238657475,0.17954868078231812,0.09948674589395523,41601596.0,0.008426177315413952,0.9001876711845398,0.036625273525714874,0.19137731194496155,0.14122407138347626,57314184.0,0.020154589787125587,2.9999999242136255e-05
342,0.8773207068443298,0.01413828693330288,0.17957432568073273,0.09961280226707458,41690868.0,0.008448860608041286,0.8989784717559814,0.0366661436855793,0.19148404896259308,0.1413118988275528,57395936.0,0.02018277533352375,2.9999999242136255e-05
343,0.8760957717895508,0.014163198880851269,0.17960020899772644,0.09973977506160736,41780216.0,0.008471530862152576,0.8977699875831604,0.036707162857055664,0.19159112870693207,0.14140348136425018,57480784.0,0.020210957154631615,2.9999999242136255e-05
344,0.8748714923858643,0.014188126660883427,0.17962630093097687,0.0998658537864685,41868940.0,0.008494159206748009,0.8965620994567871,0.03674793243408203,0.19169750809669495,0.1414966732263565,57567572.0,0.020238973200321198,2.9999999242136255e-05
345,0.8736479878425598,0.014213087037205696,0.17965266108512878,0.0999910980463028,41957024.0,0.008516733534634113,0.8953548669815063,0.036788709461688995,0.19180382788181305,0.14158935844898224,57653600.0,0.020266907289624214,2.9999999242136255e-05
346,0.8724250793457031,0.014238056726753712,0.17967906594276428,0.10011553764343262,42044656.0,0.008539276197552681,0.8941485285758972,0.03682956099510193,0.1919102966785431,0.1416817456483841,57738896.0,0.02029481530189514,2.9999999242136255e-05
347,0.8712030053138733,0.014263035729527473,0.17970557510852814,0.1002391129732132,42131664.0,0.008561762981116772,0.8929427266120911,0.03687039762735367,0.19201666116714478,0.14177386462688446,57823816.0,0.020322678610682487,2.9999999242136255e-05
348,0.8699817061424255,0.014288029633462429,0.17973224818706512,0.10036192089319229,42218336.0,0.008584227412939072,0.8917375802993774,0.03691112622618675,0.192122682929039,0.14186522364616394,57908088.0,0.020350435748696327,2.9999999242136255e-05
349,0.8687610626220703,0.014313033781945705,0.1797591745853424,0.100484199821949,42304404.0,0.00860663689672947,0.8905328512191772,0.03695153445005417,0.1922278255224228,0.14195552468299866,57991280.0,0.020377937704324722,2.9999999242136255e-05
350,0.8675411343574524,0.014338047243654728,0.17978617548942566,0.10060656070709229,42389864.0,0.008628991432487965,0.8893290162086487,0.03699211776256561,0.19233335554599762,0.14204587042331696,58074052.0,0.02040548250079155,2.9999999242136255e-05
351,0.8663219213485718,0.01436307467520237,0.1798134297132492,0.10072851181030273,42474884.0,0.00865130964666605,0.8881258368492126,0.0370325930416584,0.192438542842865,0.14213553071022034,58156100.0,0.020432909950613976,2.9999999242136255e-05
352,0.865103542804718,0.014388088136911392,0.17984063923358917,0.1008504331111908,42559332.0,0.008673570118844509,0.8869233727455139,0.03707307577133179,0.19254370033740997,0.14222490787506104,58237668.0,0.020460283383727074,2.9999999242136255e-05
353,0.8638858199119568,0.014413119293749332,0.17986813187599182,0.10097161680459976,42643384.0,0.008695797994732857,0.8857215046882629,0.03711339458823204,0.19264836609363556,0.14231349527835846,58318388.0,0.020487507805228233,2.9999999242136255e-05
354,0.8626688718795776,0.014438132755458355,0.17989560961723328,0.1010919138789177,42726880.0,0.00871796440333128,0.8845201730728149,0.03715357184410095,0.19275261461734772,0.1424013078212738,58398308.0,0.020514599978923798,2.9999999242136255e-05
355,0.8614527583122253,0.014463151805102825,0.17992326617240906,0.10121146589517593,42809748.0,0.00874007772654295,0.8833197355270386,0.037193819880485535,0.19285699725151062,0.14248907566070557,58477800.0,0.020541662350296974,2.9999999242136255e-05
356,0.8602371215820312,0.0144881596788764,0.1799510419368744,0.1013302356004715,42892344.0,0.008762151002883911,0.8821197748184204,0.037233851850032806,0.19296075403690338,0.14257608354091644,58556668.0,0.020568570122122765,2.9999999242136255e-05
357,0.8590225577354431,0.014513159170746803,0.1799788773059845,0.10144811868667603,42974272.0,0.008784161880612373,0.8809207677841187,0.03727394714951515,0.1930646151304245,0.14266274869441986,58634744.0,0.020595431327819824,2.9999999242136255e-05
358,0.857808530330658,0.01453815121203661,0.18000689148902893,0.10156521946191788,43055540.0,0.008806104771792889,0.8797221183776855,0.03731377050280571,0.19316773116588593,0.14274846017360687,58712196.0,0.020622115582227707,2.9999999242136255e-05
359,0.8565952777862549,0.014563123695552349,0.18003487586975098,0.1016816645860672,43136488.0,0.008827997371554375,0.8785244822502136,0.03735373169183731,0.19327113032341003,0.14283432066440582,58789112.0,0.02064877562224865,2.9999999242136255e-05
360,0.8553828001022339,0.014588085934519768,0.18006297945976257,0.1017976775765419,43217092.0,0.00884985364973545,0.8773271441459656,0.03739336505532265,0.1933736354112625,0.14291919767856598,58865200.0,0.020675217732787132,2.9999999242136255e-05
361,0.854171097278595,0.014613030478358269,0.18009117245674133,0.10191287845373154,43296992.0,0.008871638216078281,0.8761306405067444,0.03743303194642067,0.19347618520259857,0.14300371706485748,58940652.0,0.020701609551906586,2.9999999242136255e-05
362,0.8529602289199829,0.014637960121035576,0.18011954426765442,0.10202734917402267,43376400.0,0.008893358521163464,0.8749348521232605,0.03747251629829407,0.19357819855213165,0.1430874764919281,59015564.0,0.02072787657380104,2.9999999242136255e-05
363,0.8517499566078186,0.014662859961390495,0.18014784157276154,0.10214099287986755,43455336.0,0.008915015496313572,0.8737398386001587,0.03751203790307045,0.19368024170398712,0.14317099750041962,59089788.0,0.020754076540470123,2.9999999242136255e-05
364,0.8505405783653259,0.014687741175293922,0.1801762580871582,0.10225384682416916,43533772.0,0.008936621248722076,0.8725453615188599,0.03755133971571922,0.19378167390823364,0.14325396716594696,59163404.0,0.020780108869075775,2.9999999242136255e-05
365,0.8493318557739258,0.01471259817481041,0.18020471930503845,0.10236597061157227,43611840.0,0.008958172053098679,0.8713518381118774,0.03759074956178665,0.19388334453105927,0.14333681762218475,59236524.0,0.020806128159165382,2.9999999242136255e-05
366,0.8481239676475525,0.01473743561655283,0.18023337423801422,0.10247735679149628,43689360.0,0.008979660458862782,0.8701587319374084,0.0376298651099205,0.19398418068885803,0.14341865479946136,59308800.0,0.020831935107707977,2.9999999242136255e-05
367,0.846916913986206,0.014762230217456818,0.18026185035705566,0.10258787125349045,43766268.0,0.009001067839562893,0.8689665794372559,0.03766914829611778,0.19408541917800903,0.1435004621744156,59380532.0,0.02085776813328266,2.9999999242136255e-05
368,0.8457105159759521,0.014786994084715843,0.18029053509235382,0.10269853472709656,43842704.0,0.009022408165037632,0.8677749633789062,0.0377080999314785,0.19418573379516602,0.14358164370059967,59451484.0,0.02088334411382675,2.9999999242136255e-05
369,0.8445048928260803,0.014811724424362183,0.1803191602230072,0.10280875116586685,43918864.0,0.00904370192438364,0.8665841221809387,0.03774695470929146,0.19428575038909912,0.14366215467453003,59522224.0,0.020908867940306664,2.9999999242136255e-05
370,0.8433001041412354,0.014836431480944157,0.18034787476062775,0.1029185876250267,43994512.0,0.009064924903213978,0.865393877029419,0.03778563067317009,0.19438526034355164,0.1437419056892395,59591996.0,0.0209342148154974,2.9999999242136255e-05
371,0.8420960307121277,0.014861101284623146,0.18037663400173187,0.10302866250276566,44069580.0,0.00908607803285122,0.8642045259475708,0.03782455995678902,0.1944853663444519,0.14382189512252808,59661136.0,0.02095959708094597,2.9999999242136255e-05
372,0.8408927321434021,0.014885730110108852,0.1804054081439972,0.10313867032527924,44144144.0,0.009107164107263088,0.8630157113075256,0.03786301240324974,0.1945842057466507,0.14390090107917786,59729704.0,0.020984694361686707,2.9999999242136255e-05
373,0.8396903276443481,0.014910324476659298,0.1804341971874237,0.10324808955192566,44218392.0,0.00912819430232048,0.8618274331092834,0.037901245057582855,0.19468241930007935,0.1439792811870575,59797636.0,0.021009622141718864,2.9999999242136255e-05
374,0.8384885787963867,0.014934874139726162,0.18046307563781738,0.10335668921470642,44292048.0,0.00914913509041071,0.8606399893760681,0.0379393994808197,0.1947803944349289,0.14405708014965057,59865020.0,0.02103446051478386,2.9999999242136255e-05
375,0.8372876644134521,0.014959375374019146,0.1804918497800827,0.10346454381942749,44365292.0,0.009170014411211014,0.8594533801078796,0.03797772526741028,0.1948787420988083,0.14413486421108246,59931688.0,0.0210593082010746,2.9999999242136255e-05
376,0.8360875248908997,0.014983831904828548,0.18052057921886444,0.10357163846492767,44438020.0,0.009190822951495647,0.858267605304718,0.0380159355700016,0.19497676193714142,0.1442122757434845,59998016.0,0.021084051579236984,2.9999999242136255e-05
377,0.834888219833374,0.015008252114057541,0.1805495172739029,0.10367805510759354,44510404.0,0.009211564436554909,0.8570822477340698,0.0380537286400795,0.19507364928722382,0.14429180324077606,60066704.0,0.021108530461788177,2.9999999242136255e-05
378,0.8336896300315857,0.01503261923789978,0.18057839572429657,0.10378367453813553,44582292.0,0.009232242591679096,0.8558976054191589,0.03809145838022232,0.1951703280210495,0.14437291026115417,60136596.0,0.021132895722985268,2.9999999242136255e-05
379,0.8324918746948242,0.015056940726935863,0.18060722947120667,0.10388857126235962,44653664.0,0.009252835996448994,0.8547138571739197,0.038129206746816635,0.19526700675487518,0.14445364475250244,60205836.0,0.021157197654247284,2.9999999242136255e-05
380,0.8312948942184448,0.015081224031746387,0.1806361973285675,0.10399281233549118,44724652.0,0.009273365139961243,0.8535308837890625,0.03816690295934677,0.19536352157592773,0.14453688263893127,60277296.0,0.021181423217058182,2.9999999242136255e-05
381,0.8300987482070923,0.01510543655604124,0.18066498637199402,0.1040961891412735,44795108.0,0.009293814189732075,0.8523484468460083,0.03820423036813736,0.1954590231180191,0.144622340798378,60351488.0,0.02120543085038662,2.9999999242136255e-05
382,0.828903317451477,0.015129603445529938,0.1806938201189041,0.10419891774654388,44865176.0,0.009314185008406639,0.8511669635772705,0.03824169933795929,0.19555485248565674,0.14470797777175903,60425064.0,0.021229421719908714,2.9999999242136255e-05
383,0.8277087807655334,0.015153711661696434,0.18072274327278137,0.10430092364549637,44934812.0,0.009334489703178406,0.8499861359596252,0.038278911262750626,0.19564996659755707,0.14479246735572815,60497768.0,0.021253231912851334,2.9999999242136255e-05
384,0.8265149593353271,0.01517777144908905,0.18075144290924072,0.10440263152122498,45003948.0,0.009354706853628159,0.8488059043884277,0.038315922021865845,0.19574452936649323,0.14487655460834503,60569920.0,0.021276839077472687,2.9999999242136255e-05
385,0.8253220915794373,0.015201764181256294,0.180780291557312,0.10450537502765656,45072724.0,0.009374868124723434,0.8476265072822571,0.038352902978658676,0.19583897292613983,0.14496053755283356,60641640.0,0.021300354972481728,2.9999999242136255e-05
386,0.8241299390792847,0.015225708484649658,0.18080905079841614,0.10460775345563889,45141052.0,0.009394943714141846,0.846447765827179,0.03838963806629181,0.19593274593353271,0.14504362642765045,60712580.0,0.021323682740330696,2.9999999242136255e-05
387,0.8229385614395142,0.015249590389430523,0.18083779513835907,0.10470941662788391,45208852.0,0.009414931759238243,0.8452698588371277,0.038426343351602554,0.19602638483047485,0.14512638747692108,60782908.0,0.021346939727663994,2.9999999242136255e-05
388,0.8217480778694153,0.015273417346179485,0.18086661398410797,0.10481032729148865,45276256.0,0.009434856474399567,0.8440925478935242,0.038462769240140915,0.1961192786693573,0.145208477973938,60852692.0,0.021370016038417816,2.9999999242136255e-05
389,0.8205583095550537,0.015297174453735352,0.18089528381824493,0.10491052269935608,45343280.0,0.009454706683754921,0.8429163694381714,0.03849935159087181,0.1962125152349472,0.14529064297676086,60922048.0,0.02139311470091343,2.9999999242136255e-05
390,0.8193694949150085,0.01532087754458189,0.1809239387512207,0.10501009970903397,45409960.0,0.009474487975239754,0.841740608215332,0.03853554278612137,0.19630472362041473,0.1453717201948166,60990400.0,0.021415933966636658,2.9999999242136255e-05
391,0.8181813955307007,0.015344505198299885,0.18095257878303528,0.10510887205600739,45475960.0,0.009494154714047909,0.8405654430389404,0.038571473211050034,0.19639621675014496,0.1454518735408783,61058048.0,0.021438581869006157,2.9999999242136255e-05
392,0.8169941902160645,0.015368077903985977,0.18098115921020508,0.10520698875188828,45541600.0,0.009513753466308117,0.83939129114151,0.03860753774642944,0.19648800790309906,0.14553231000900269,61125600.0,0.021461263298988342,2.9999999242136255e-05
393,0.8158077597618103,0.015391573309898376,0.18100965023040771,0.10530439019203186,45607016.0,0.009533303789794445,0.838218092918396,0.038643598556518555,0.19657975435256958,0.14561258256435394,61192396.0,0.02148386277258396,2.9999999242136255e-05
394,0.8146222233772278,0.015415007248520851,0.18103818595409393,0.10540111362934113,45671924.0,0.00955276470631361,0.8370452523231506,0.038679178804159164,0.19667023420333862,0.14569160342216492,61258272.0,0.02150614745914936,2.9999999242136255e-05
395,0.8134374022483826,0.015438370406627655,0.18106664717197418,0.10549727082252502,45736168.0,0.009572112932801247,0.8358732461929321,0.038714732974767685,0.19676059484481812,0.14577044546604156,61323664.0,0.021528365090489388,2.9999999242136255e-05
396,0.812253475189209,0.015461664646863937,0.18109504878520966,0.10559405386447906,45800216.0,0.009591405279934406,0.8347023725509644,0.03875049576163292,0.1968514621257782,0.1458493173122406,61388556.0,0.021550629287958145,2.9999999242136255e-05
397,0.8110703229904175,0.015484888106584549,0.18112337589263916,0.10569016635417938,45863896.0,0.009610619395971298,0.8335319757461548,0.03878575935959816,0.19694100320339203,0.1459270864725113,61452760.0,0.021572602912783623,2.9999999242136255e-05
398,0.8098880648612976,0.015508045442402363,0.18115167319774628,0.1057855561375618,45926988.0,0.009629729203879833,0.832362174987793,0.03882073238492012,0.19702976942062378,0.1460055261850357,61517876.0,0.02159438282251358,2.9999999242136255e-05
399,0.8087066411972046,0.015531123615801334,0.181179940700531,0.10588027536869049,45989840.0,0.009648781269788742,0.8311933875083923,0.038855861872434616,0.19711890816688538,0.1460910588502884,61589452.0,0.021616192534565926,2.9999999242136255e-05
400,0.8075260519981384,0.01555413194000721,0.181208074092865,0.10597432404756546,46052368.0,0.009667768143117428,0.8300254940986633,0.038890838623046875,0.19720759987831116,0.14617596566677094,61660056.0,0.021637849509716034,2.9999999242136255e-05
401,0.8063463568687439,0.015577070415019989,0.18123634159564972,0.10606768727302551,46114212.0,0.009686642326414585,0.8288578391075134,0.038925282657146454,0.1972949057817459,0.14625956118106842,61729780.0,0.02165916934609413,2.9999999242136255e-05
402,0.8051674365997314,0.015599926933646202,0.18126428127288818,0.10616035014390945,46175684.0,0.009705429896712303,0.8276910781860352,0.03895961120724678,0.1973818987607956,0.14634279906749725,61799104.0,0.02168041095137596,2.9999999242136255e-05
403,0.8039894104003906,0.015622704289853573,0.18129239976406097,0.10625240951776505,46236996.0,0.009724152274429798,0.8265255689620972,0.038994234055280685,0.1974695771932602,0.14642633497714996,61867888.0,0.02170172519981861,2.9999999242136255e-05
404,0.8028122186660767,0.01564541645348072,0.18132030963897705,0.10634549707174301,46299224.0,0.00974279548972845,0.8253604173660278,0.03902840614318848,0.19755607843399048,0.14650875329971313,61936044.0,0.021722784265875816,2.9999999242136255e-05
405,0.8016358017921448,0.01566804014146328,0.18134815990924835,0.1064387857913971,46361984.0,0.00976134929805994,0.8241960406303406,0.03906237334012985,0.1976420283317566,0.1465906798839569,62003508.0,0.021743671968579292,2.9999999242136255e-05
406,0.8004602193832397,0.01569059118628502,0.1813759058713913,0.10653138160705566,46424240.0,0.009779813699424267,0.8230324983596802,0.03909623250365257,0.19772766530513763,0.14667220413684845,62070264.0,0.021764446049928665,2.9999999242136255e-05
407,0.7992857694625854,0.015713060274720192,0.18140362203121185,0.1066233217716217,46486164.0,0.00979821290820837,0.8218698501586914,0.039129968732595444,0.19781295955181122,0.14675314724445343,62136476.0,0.02178511954843998,2.9999999242136255e-05
408,0.7981119155883789,0.0157354474067688,0.18143126368522644,0.10671500861644745,46547636.0,0.009816505946218967,0.8207078576087952,0.039163511246442795,0.19789773225784302,0.14683347940444946,62202104.0,0.021805644035339355,2.9999999242136255e-05
409,0.7969390153884888,0.015757761895656586,0.18145887553691864,0.10680645704269409,46608716.0,0.009834677912294865,0.8195468187332153,0.03919704258441925,0.19798243045806885,0.14691384136676788,62267312.0,0.021826116368174553,2.9999999242136255e-05
410,0.7957669496536255,0.01577998884022236,0.1814863234758377,0.10689721256494522,46669492.0,0.009852776303887367,0.8183863162994385,0.039230283349752426,0.1980663537979126,0.14699339866638184,62331752.0,0.021846383810043335,2.9999999242136255e-05
411,0.7945957779884338,0.015802131965756416,0.1815137416124344,0.10698729753494263,46729752.0,0.00987078808248043,0.8172265887260437,0.03926316648721695,0.19814935326576233,0.14707188308238983,62395496.0,0.02186642773449421,2.9999999242136255e-05
412,0.7934253811836243,0.015824196860194206,0.18154101073741913,0.1070767268538475,46789560.0,0.009888697415590286,0.8160679340362549,0.03929629176855087,0.19823291897773743,0.147150918841362,62459044.0,0.0218865517526865,2.9999999242136255e-05
413,0.7922559380531311,0.01584617607295513,0.18156833946704865,0.10716553777456284,46849176.0,0.009906555525958538,0.8149099349975586,0.03932902216911316,0.19831545650959015,0.14723390340805054,62526624.0,0.0219064150005579,2.9999999242136255e-05
414,0.7910873293876648,0.015868067741394043,0.18159544467926025,0.10725385695695877,46908456.0,0.009924332611262798,0.8137524724006653,0.03936134651303291,0.1983969360589981,0.14731690287590027,62594500.0,0.021926023066043854,2.9999999242136255e-05
415,0.7899196743965149,0.015889877453446388,0.18162250518798828,0.10734270513057709,46967004.0,0.009941985830664635,0.8125959038734436,0.03939366340637207,0.19847837090492249,0.1473996788263321,62661848.0,0.021945573389530182,2.9999999242136255e-05
416,0.7887528538703918,0.01591160148382187,0.1816495805978775,0.10743093490600586,47025484.0,0.00995959248393774,0.8114404678344727,0.039426106959581375,0.19856008887290955,0.14748263359069824,62728820.0,0.021965138614177704,2.9999999242136255e-05
417,0.7875868082046509,0.015933247283101082,0.1816764771938324,0.10751856863498688,47083560.0,0.009977113455533981,0.8102855086326599,0.039458148181438446,0.19864074885845184,0.14756472408771515,62795168.0,0.021984461694955826,2.9999999242136255e-05
418,0.7864217758178711,0.015954796224832535,0.18170316517353058,0.1076054573059082,47141056.0,0.009994533844292164,0.8091313242912292,0.03948988392949104,0.19872061908245087,0.1476457715034485,62860480.0,0.02200355939567089,2.9999999242136255e-05
419,0.7852576375007629,0.01597626321017742,0.18172992765903473,0.10769178718328476,47198244.0,0.010011869482696056,0.8079779148101807,0.03952138498425484,0.19879986345767975,0.14772790670394897,62925364.0,0.022022515535354614,2.9999999242136255e-05
420,0.7840942740440369,0.015997638925909996,0.18175646662712097,0.10777744650840759,47255112.0,0.010029124096035957,0.8068256974220276,0.039553139358758926,0.19887970387935638,0.14781135320663452,62990080.0,0.022041551768779755,2.9999999242136255e-05
421,0.7829318642616272,0.016018925234675407,0.18178299069404602,0.10786248743534088,47311808.0,0.010046332143247128,0.8056740164756775,0.03958454355597496,0.1989586502313614,0.14789371192455292,63053704.0,0.022060338407754898,2.9999999242136255e-05
422,0.7817703485488892,0.016040122136473656,0.18180935084819794,0.10794690251350403,47367772.0,0.010063405148684978,0.8045228123664856,0.039615411311388016,0.19903621077537537,0.14797478914260864,63116576.0,0.02207881771028042,2.9999999242136255e-05
423,0.7806097269058228,0.016061242669820786,0.18183575570583344,0.10803069919347763,47423360.0,0.010080396197736263,0.8033729791641235,0.039646588265895844,0.19911451637744904,0.14805659651756287,63179320.0,0.022097401320934296,2.9999999242136255e-05
424,0.7794499397277832,0.016082262620329857,0.18186195194721222,0.10811391472816467,47478932.0,0.01009733509272337,0.802223801612854,0.03967751935124397,0.19919216632843018,0.14813752472400665,63241484.0,0.022115835919976234,2.9999999242136255e-05
425,0.7782911062240601,0.01610318385064602,0.18188801407814026,0.10819640010595322,47533852.0,0.010114165022969246,0.8010752201080322,0.03970799967646599,0.1992686688899994,0.1482173502445221,63302692.0,0.022133979946374893,2.9999999242136255e-05
426,0.7771331667900085,0.016124026849865913,0.18191403150558472,0.10827840119600296,47588552.0,0.01013091765344143,0.7999273538589478,0.03973826393485069,0.19934459030628204,0.14829687774181366,63363380.0,0.02215195633471012,2.9999999242136255e-05
427,0.7759761214256287,0.016144784167408943,0.18193991482257843,0.10835977643728256,47642816.0,0.010147584602236748,0.7987806797027588,0.039768606424331665,0.19942067563533783,0.14837612211704254,63423656.0,0.022169938310980797,2.9999999242136255e-05
428,0.7748200297355652,0.016165446490049362,0.18196579813957214,0.10844052582979202,47696848.0,0.010164182633161545,0.7976345419883728,0.03979859873652458,0.19949586689472198,0.14845456182956696,63483176.0,0.022187696769833565,2.9999999242136255e-05
429,0.7736647725105286,0.01618601381778717,0.18199150264263153,0.10852066427469254,47750356.0,0.010180683806538582,0.796489417552948,0.03982853889465332,0.199570894241333,0.1485326886177063,63541948.0,0.022205349057912827,2.9999999242136255e-05
430,0.7725105285644531,0.016206486150622368,0.18201705813407898,0.1086001917719841,47803512.0,0.010197090916335583,0.7953448295593262,0.039858125150203705,0.19964499771595,0.1486101746559143,63600420.0,0.022222785279154778,2.9999999242136255e-05
431,0.7713570594787598,0.016226865351200104,0.18204255402088165,0.10867977887392044,47856524.0,0.010213430039584637,0.7942013144493103,0.039887748658657074,0.19971917569637299,0.14868740737438202,63658196.0,0.022240180522203445,2.9999999242136255e-05
432,0.7702046036720276,0.016247162595391273,0.18206796050071716,0.10875903069972992,47908912.0,0.010229670442640781,0.7930585145950317,0.0399169847369194,0.19979235529899597,0.14876340329647064,63714988.0,0.022257324308156967,2.9999999242136255e-05
433,0.7690529823303223,0.016267361119389534,0.18209321796894073,0.10883768647909164,47961024.0,0.010245821438729763,0.7919166088104248,0.03994612768292427,0.19986526668071747,0.14883945882320404,63771612.0,0.022274380549788475,2.9999999242136255e-05
434,0.7679023146629333,0.016287459060549736,0.18211832642555237,0.1089157909154892,48012968.0,0.010261907242238522,0.7907754182815552,0.03997498005628586,0.19993743300437927,0.1489148885011673,63827736.0,0.02229125238955021,2.9999999242136255e-05
435,0.7667526006698608,0.016307473182678223,0.1821434199810028,0.1089932844042778,48064448.0,0.010277909226715565,0.7896351218223572,0.040003739297389984,0.20000934600830078,0.148989737033844,63883040.0,0.02230801433324814,2.9999999242136255e-05
436,0.76560378074646,0.01632738672196865,0.18216829001903534,0.10907018929719925,48115464.0,0.010293802246451378,0.788495659828186,0.04003226384520531,0.20008064806461334,0.14906388521194458,63937636.0,0.02232460491359234,2.9999999242136255e-05
437,0.7644558548927307,0.016347214579582214,0.1821930855512619,0.10914655774831772,48166240.0,0.010309622623026371,0.7873567342758179,0.0400603711605072,0.20015087723731995,0.14913731813430786,63991744.0,0.022340960800647736,2.9999999242136255e-05
438,0.7633089423179626,0.016366945579648018,0.18221795558929443,0.10922233760356903,48216848.0,0.010325382463634014,0.7862191200256348,0.04008879512548447,0.20022186636924744,0.14921094477176666,64045392.0,0.022357406094670296,2.9999999242136255e-05
439,0.7621628642082214,0.016386572271585464,0.18224243819713593,0.10929747670888901,48266764.0,0.010341018438339233,0.7850821614265442,0.040116749703884125,0.20029166340827942,0.14928357303142548,64098360.0,0.022373585030436516,2.9999999242136255e-05
440,0.7610177397727966,0.016406092792749405,0.18226686120033264,0.10937202721834183,48316584.0,0.010356583632528782,0.7839458584785461,0.040144406259059906,0.20036068558692932,0.14935581386089325,64151024.0,0.022389573976397514,2.9999999242136255e-05
441,0.759873628616333,0.01642555370926857,0.18229129910469055,0.10944618284702301,48366056.0,0.010372074320912361,0.782810628414154,0.04017207399010658,0.20042972266674042,0.14942751824855804,64202824.0,0.022405516356229782,2.9999999242136255e-05
442,0.7587303519248962,0.01644490472972393,0.18231555819511414,0.10951969772577286,48415112.0,0.010387466289103031,0.7816763520240784,0.040199607610702515,0.20049840211868286,0.14949899911880493,64254216.0,0.022421322762966156,2.9999999242136255e-05
443,0.7575880289077759,0.016464145854115486,0.1823396384716034,0.10959258675575256,48464008.0,0.01040280144661665,0.7805426120758057,0.040226757526397705,0.2005660980939865,0.14956966042518616,64304960.0,0.02243691310286522,2.9999999242136255e-05
444,0.7564465999603271,0.016483306884765625,0.1823636293411255,0.10966503620147705,48512476.0,0.010418028570711613,0.7794097065925598,0.040253639221191406,0.20063309371471405,0.14964120090007782,64356688.0,0.022452298551797867,2.9999999242136255e-05
445,0.7553062438964844,0.016502365469932556,0.1823875606060028,0.10973682254552841,48560412.0,0.010433158837258816,0.7782779932022095,0.04028064385056496,0.20070038735866547,0.1497175246477127,64412492.0,0.022467704489827156,2.9999999242136255e-05
446,0.7541667819023132,0.016521329060196877,0.1824113428592682,0.10980812460184097,48608408.0,0.010448243468999863,0.7771471738815308,0.04030759260058403,0.20076750218868256,0.14979338645935059,64467748.0,0.022483041509985924,2.9999999242136255e-05
447,0.7530282139778137,0.016540193930268288,0.18243499100208282,0.10987882316112518,48655884.0,0.010463224723935127,0.7760164737701416,0.04033365473151207,0.20083241164684296,0.14986714720726013,64521824.0,0.022497888654470444,2.9999999242136255e-05
448,0.7518905997276306,0.016558973118662834,0.1824585646390915,0.10994902998209,48702848.0,0.010478093288838863,0.774887204170227,0.04035988822579384,0.2008977085351944,0.14994099736213684,64575560.0,0.022512782365083694,2.9999999242136255e-05
449,0.7507539987564087,0.01657763682305813,0.1824818104505539,0.11001864075660706,48749660.0,0.010492900386452675,0.7737587094306946,0.04038597643375397,0.2009626179933548,0.15001490712165833,64629192.0,0.022527573630213737,2.9999999242136255e-05
450,0.7496183514595032,0.016596226021647453,0.18250523507595062,0.11008785665035248,48796380.0,0.010507655330002308,0.7726311683654785,0.040411923080682755,0.20102716982364655,0.15008820593357086,64681948.0,0.022542232647538185,2.9999999242136255e-05
451,0.7484835982322693,0.016614707186818123,0.18252839148044586,0.11015645414590836,48842576.0,0.010522301308810711,0.7715045213699341,0.040437761694192886,0.20109142363071442,0.15016116201877594,64734272.0,0.022556794807314873,2.9999999242136255e-05
452,0.7473497986793518,0.01663309708237648,0.18255147337913513,0.11022446304559708,48888344.0,0.010536864399909973,0.7703783512115479,0.04046304523944855,0.20115427672863007,0.15023273229599,64785464.0,0.0225710216909647,2.9999999242136255e-05
453,0.7462170124053955,0.01665138266980648,0.18257442116737366,0.11029201000928879,48933872.0,0.010551330633461475,0.7692532539367676,0.04048827290534973,0.20121698081493378,0.15030398964881897,64836348.0,0.02258518896996975,2.9999999242136255e-05
454,0.7450851798057556,0.016669567674398422,0.18259720504283905,0.1103593185544014,48979176.0,0.010565722361207008,0.7681288719177246,0.0405132882297039,0.20127913355827332,0.1503748595714569,64886688.0,0.022599201649427414,2.9999999242136255e-05
455,0.7439543008804321,0.01668766885995865,0.1826198846101761,0.11042610555887222,49024120.0,0.010580038651823997,0.7670052647590637,0.04053783044219017,0.20134007930755615,0.15044449269771576,64936100.0,0.022612929344177246,2.9999999242136255e-05
456,0.7428244352340698,0.01670566387474537,0.1826423853635788,0.11049236357212067,49068644.0,0.010594254359602928,0.7658831477165222,0.040562912821769714,0.20140236616134644,0.15051528811454773,64985596.0,0.02262687310576439,2.9999999242136255e-05
457,0.7416954636573792,0.01672356203198433,0.18266482651233673,0.11055813729763031,49113144.0,0.010608422569930553,0.7647616863250732,0.04058754816651344,0.201463520526886,0.15058481693267822,65034104.0,0.022640541195869446,2.9999999242136255e-05
458,0.7405674457550049,0.016741368919610977,0.1826871931552887,0.11062340438365936,49157212.0,0.01062249019742012,0.7636406421661377,0.04061153158545494,0.2015230357646942,0.1506529301404953,65081756.0,0.02265385165810585,2.9999999242136255e-05
459,0.7394405603408813,0.016759075224399567,0.18270930647850037,0.11068813502788544,49200764.0,0.010636438615620136,0.7625208497047424,0.04063573479652405,0.20158307254314423,0.15072409808635712,65131732.0,0.022667257115244865,2.9999999242136255e-05
460,0.7383145093917847,0.016776682808995247,0.18273141980171204,0.11075236648321152,49244320.0,0.01065035443753004,0.7614020109176636,0.04065970703959465,0.20164252817630768,0.15080244839191437,65185864.0,0.02268047258257866,2.9999999242136255e-05
461,0.7371894121170044,0.016794197261333466,0.18275336921215057,0.110816091299057,49287576.0,0.010664179921150208,0.7602837085723877,0.04068327695131302,0.20170095562934875,0.15087950229644775,65239096.0,0.022693447768688202,2.9999999242136255e-05
462,0.7360652089118958,0.016811611130833626,0.18277516961097717,0.11087936908006668,49330264.0,0.010677891783416271,0.7591663599014282,0.04070664942264557,0.20175889134407043,0.15095621347427368,65291884.0,0.02270629070699215,2.9999999242136255e-05
463,0.7349422574043274,0.016828933730721474,0.18279686570167542,0.11094232648611069,49373112.0,0.010691558942198753,0.7580500841140747,0.0407300628721714,0.20181690156459808,0.15103302896022797,65344480.0,0.022719113156199455,2.9999999242136255e-05
464,0.7338200807571411,0.016846155747771263,0.1828184574842453,0.11100485920906067,49415764.0,0.010705146938562393,0.7569345831871033,0.04075319319963455,0.20187419652938843,0.15110871195793152,65396036.0,0.02273174747824669,2.9999999242136255e-05
465,0.7326989769935608,0.016863275319337845,0.18283984065055847,0.11106695979833603,49457996.0,0.01071861945092678,0.7558197975158691,0.040775880217552185,0.20193038880825043,0.15118497610092163,65446864.0,0.022744111716747284,2.9999999242136255e-05
466,0.7315788269042969,0.016880305483937263,0.18286114931106567,0.1111285388469696,49499920.0,0.010732007212936878,0.7547062635421753,0.04079865291714668,0.20198675990104675,0.15126262605190277,65497872.0,0.022756507620215416,2.9999999242136255e-05
467,0.7304596900939941,0.016897231340408325,0.18288232386112213,0.11118967831134796,49541900.0,0.01074537169188261,0.7535937428474426,0.04082149267196655,0.2020432949066162,0.15133951604366302,65547644.0,0.02276884764432907,2.9999999242136255e-05
468,0.7293415665626526,0.016914071515202522,0.1829034388065338,0.1112503632903099,49583336.0,0.010758618824183941,0.7524816393852234,0.04084363952279091,0.202098086476326,0.15141522884368896,65596808.0,0.02278081700205803,2.9999999242136255e-05
469,0.7282243967056274,0.01693080924451351,0.18292436003684998,0.11131048202514648,49624336.0,0.010771763511002064,0.7513705492019653,0.04086564481258392,0.2021525353193283,0.15149058401584625,65645808.0,0.02279270999133587,2.9999999242136255e-05
470,0.7271081805229187,0.016947438940405846,0.1829451471567154,0.11137010902166367,49665272.0,0.010784847661852837,0.7502602934837341,0.04088748246431351,0.2022065371274948,0.1515655368566513,65694048.0,0.022804472595453262,2.9999999242136255e-05
471,0.7259930372238159,0.016963988542556763,0.18296582996845245,0.11142934113740921,49705972.0,0.010797870345413685,0.7491511106491089,0.0409092977643013,0.20226046442985535,0.1516435742378235,65741488.0,0.022816145792603493,2.9999999242136255e-05
472,0.7248788475990295,0.016980433836579323,0.1829862892627716,0.1114879846572876,49746084.0,0.010810776613652706,0.7480429410934448,0.04093083739280701,0.20231370627880096,0.15172140300273895,65788780.0,0.02282765880227089,2.9999999242136255e-05
473,0.7237657308578491,0.016996784135699272,0.18300679326057434,0.11154624819755554,49786176.0,0.010823632590472698,0.7469353675842285,0.04095212742686272,0.20236632227897644,0.15179814398288727,65835240.0,0.022839007899165154,2.9999999242136255e-05
474,0.7226535081863403,0.01701304316520691,0.18302711844444275,0.11160404235124588,49825916.0,0.010836396366357803,0.7458288669586182,0.04097331687808037,0.20241867005825043,0.15187734365463257,65881188.0,0.022850265726447105,2.9999999242136255e-05
475,0.7215424180030823,0.01702919974923134,0.1830473244190216,0.11166133731603622,49865416.0,0.010849088430404663,0.744723379611969,0.040994346141815186,0.202470600605011,0.15195927023887634,65928512.0,0.02286139503121376,2.9999999242136255e-05
476,0.7204322218894958,0.017045268788933754,0.18306732177734375,0.11171818524599075,49904616.0,0.010861693881452084,0.7436181306838989,0.04101452976465225,0.2025204449892044,0.1520436704158783,65979132.0,0.022872084751725197,2.9999999242136255e-05
477,0.7193230986595154,0.01706123910844326,0.18308725953102112,0.11177454888820648,49943464.0,0.010874216444790363,0.742514431476593,0.04103521630167961,0.20257151126861572,0.15212881565093994,66029500.0,0.022882970049977303,2.9999999242136255e-05
478,0.7182149887084961,0.01707710139453411,0.18310709297657013,0.1118304505944252,49982092.0,0.010886667296290398,0.7414118051528931,0.04105580225586891,0.20262230932712555,0.15221408009529114,66079508.0,0.02289375476539135,2.9999999242136255e-05
479,0.7171077728271484,0.017092876136302948,0.18312665820121765,0.11188594251871109,50020640.0,0.01089906133711338,0.7403097152709961,0.04107573628425598,0.20267149806022644,0.1522977650165558,66128692.0,0.022904185578227043,2.9999999242136255e-05
480,0.7160017490386963,0.017108555883169174,0.18314620852470398,0.11194092780351639,50058596.0,0.010911340825259686,0.7392085790634155,0.041095685213804245,0.20272070169448853,0.15238098800182343,66177100.0,0.022914573550224304,2.9999999242136255e-05
481,0.7148966789245605,0.01712413877248764,0.18316562473773956,0.11199548840522766,50096396.0,0.010923553258180618,0.7381083965301514,0.04111542925238609,0.20276939868927002,0.15246497094631195,66225304.0,0.02292485162615776,2.9999999242136255e-05
482,0.713792622089386,0.017139634117484093,0.18318504095077515,0.11204959452152252,50133992.0,0.010935693979263306,0.7370089888572693,0.04113477095961571,0.20281708240509033,0.1525486409664154,66272660.0,0.022934885695576668,2.9999999242136255e-05
483,0.7126895785331726,0.017155030742287636,0.18320412933826447,0.11210325360298157,50171244.0,0.010947744362056255,0.7359106540679932,0.04115404933691025,0.2028646022081375,0.15263213217258453,66319480.0,0.02294483780860901,2.9999999242136255e-05
484,0.7115875482559204,0.017170321196317673,0.18322308361530304,0.11215649545192719,50208284.0,0.010959729552268982,0.7348134517669678,0.04117336869239807,0.20291222631931305,0.15271590650081635,66366116.0,0.022954784333705902,2.9999999242136255e-05
485,0.710486650466919,0.017185527831315994,0.18324196338653564,0.11220929026603699,50245116.0,0.01097165048122406,0.7337167263031006,0.04119204357266426,0.20295822620391846,0.15280015766620636,66413728.0,0.0229643564671278,2.9999999242136255e-05
486,0.7093866467475891,0.017200639471411705,0.18326088786125183,0.11226166039705276,50281520.0,0.010983466170728207,0.7326210141181946,0.04121064767241478,0.20300406217575073,0.1528884619474411,66465440.0,0.022973882034420967,2.9999999242136255e-05
487,0.7082876563072205,0.017215652391314507,0.18327945470809937,0.11231355369091034,50317752.0,0.010995213873684406,0.7315263748168945,0.04122918099164963,0.2030497044324875,0.1529766023159027,66516648.0,0.022983325645327568,2.9999999242136255e-05
488,0.7071897983551025,0.017230572178959846,0.1832980215549469,0.11236501485109329,50353784.0,0.011006898246705532,0.7304326295852661,0.04124750196933746,0.20309481024742126,0.15306390821933746,66566904.0,0.022992609068751335,2.9999999242136255e-05
489,0.7060929536819458,0.017245406284928322,0.1833164244890213,0.1124161034822464,50389500.0,0.011018508113920689,0.7293398976325989,0.04126559942960739,0.20313936471939087,0.15315090119838715,66616672.0,0.02300174906849861,2.9999999242136255e-05
490,0.7049971222877502,0.01726013794541359,0.18333478271961212,0.11246675997972488,50424980.0,0.011030023917555809,0.7282480597496033,0.041283559054136276,0.20318356156349182,0.15323740243911743,66665956.0,0.023010781034827232,2.9999999242136255e-05
491,0.7039023041725159,0.01727478578686714,0.18335291743278503,0.11251698434352875,50460188.0,0.011041475459933281,0.7271572351455688,0.04130139574408531,0.2032274454832077,0.15332354605197906,66714812.0,0.023019742220640182,2.9999999242136255e-05
492,0.7028085589408875,0.017289329320192337,0.1833709478378296,0.1125667542219162,50495192.0,0.011052855290472507,0.7260669469833374,0.04131866246461868,0.20326992869377136,0.15340833365917206,66762580.0,0.023028356954455376,2.9999999242136255e-05
493,0.7017158269882202,0.017303792759776115,0.18338890373706818,0.1126161515712738,50529812.0,0.011064142920076847,0.7249780893325806,0.041336122900247574,0.20331287384033203,0.1534937620162964,66810636.0,0.02303706668317318,2.9999999242136255e-05
494,0.7006241679191589,0.01731814071536064,0.18340663611888885,0.1126650720834732,50564312.0,0.011075370013713837,0.7238900065422058,0.04135330766439438,0.20335513353347778,0.15357811748981476,66857536.0,0.023045573383569717,2.9999999242136255e-05
495,0.6995335817337036,0.017332419753074646,0.18342427909374237,0.11271364241838455,50598476.0,0.011086523532867432,0.7228028178215027,0.04137014225125313,0.2033965140581131,0.15366174280643463,66903804.0,0.02305387333035469,2.9999999242136255e-05
496,0.6984440088272095,0.017346590757369995,0.18344183266162872,0.11276178807020187,50632436.0,0.011097594164311886,0.7217166423797607,0.04138695076107979,0.20343783497810364,0.15374523401260376,66949936.0,0.02306215465068817,2.9999999242136255e-05
497,0.6973554491996765,0.01736067794263363,0.18345928192138672,0.11281009018421173,50666300.0,0.011108607985079288,0.7206313610076904,0.04140354320406914,0.20347860455513,0.15382793545722961,66995016.0,0.023070253431797028,2.9999999242136255e-05
498,0.6962679624557495,0.017374670132994652,0.1834764927625656,0.1128581091761589,50699664.0,0.011119533330202103,0.7195468544960022,0.041419707238674164,0.2035183161497116,0.1539096087217331,67039452.0,0.023078128695487976,2.9999999242136255e-05
499,0.6951815485954285,0.01738857850432396,0.18349380791187286,0.11290574818849564,50732816.0,0.011130373924970627,0.7184635996818542,0.041435930877923965,0.20355817675590515,0.1539916694164276,67083952.0,0.023086007684469223,2.9999999242136255e-05
500,0.6940962076187134,0.017402375116944313,0.18351078033447266,0.11295292526483536,50766004.0,0.011141167022287846,0.7173812389373779,0.04145192354917526,0.20359745621681213,0.1540726274251938,67127248.0,0.023093704134225845,2.9999999242136255e-05
