epoch,loss,lr,mae,mape,mse,msle,rmse,val_loss,val_mae,val_mape,val_mse,val_msle,val_rmse
0,0.14333485066890717,3e-05,0.12239465862512589,1090556.125,0.04702598974108696,0.017260199412703514,0.20158077776432037,0.22159843146800995,0.23019830882549286,644841.875,0.12535123527050018,0.04683714732527733,0.3540121912956238
1,0.1430170238018036,3e-05,0.1221301406621933,1089856.875,0.04680751636624336,0.017176439985632896,0.20100349187850952,0.22119827568531036,0.22979310154914856,645394.1875,0.12504620850086212,0.04671785980463028,0.3535778522491455
2,0.14272551238536835,3e-05,0.12191099673509598,1089394.0,0.04660915210843086,0.017101621255278587,0.19973182678222656,0.2207930088043213,0.22939327359199524,645850.3125,0.12473304569721222,0.04659580811858177,0.3531312346458435
3,0.14236776530742645,3e-05,0.12159840017557144,1090055.875,0.04634594917297363,0.016997184604406357,0.2327517420053482,0.22042669355869293,0.2291090190410614,646955.125,0.12446180731058121,0.04649071395397186,0.35274380445480347
4,0.14207473397254944,3e-05,0.12134979665279388,1090722.0,0.04614172503352165,0.016919201239943504,0.20762580633163452,0.2200825810432434,0.22882574796676636,649059.4375,0.12419894337654114,0.046388909220695496,0.3523678779602051
5,0.1418275088071823,3e-05,0.12116796523332596,1094196.0,0.04597613587975502,0.01685512624680996,0.20313479006290436,0.21979132294654846,0.22859641909599304,651646.3125,0.12398981302976608,0.046308502554893494,0.35206839442253113
6,0.14158152043819427,3e-05,0.12099478393793106,1097834.25,0.04581229016184807,0.016792314127087593,0.1890900731086731,0.2195376753807068,0.22840464115142822,654760.0625,0.12381871789693832,0.04624282941222191,0.3518231511116028
7,0.14136168360710144,3e-05,0.12084229290485382,1101747.875,0.045675668865442276,0.016738267615437508,0.2044851928949356,0.21929538249969482,0.22822512686252594,658166.125,0.12366040796041489,0.04618227854371071,0.35159599781036377
8,0.14116068184375763,3e-05,0.12070697546005249,1107642.625,0.0455593541264534,0.016692930832505226,0.2071637511253357,0.2190483957529068,0.22803740203380585,662431.875,0.12349908798933029,0.046120185405015945,0.3513644337654114
9,0.14094498753547668,3e-05,0.12056112289428711,1113516.75,0.04542960971593857,0.01664240099489689,0.1970261037349701,0.218796044588089,0.22784268856048584,666605.5625,0.12333288788795471,0.04605633765459061,0.35112568736076355
10,0.14071708917617798,3e-05,0.12039428949356079,1118865.75,0.04528741538524628,0.01658775471150875,0.20724956691265106,0.21852780878543854,0.22762838006019592,670371.5625,0.123150534927845,0.04598648473620415,0.3508634865283966
11,0.14049404859542847,3e-05,0.12022840976715088,1125659.625,0.04515174403786659,0.016533242538571358,0.21401216089725494,0.21827319264411926,0.22742657363414764,675411.8125,0.12298423796892166,0.045922309160232544,0.3506242632865906
12,0.14024022221565247,3e-05,0.12003034353256226,1131299.75,0.04498472809791565,0.016467181965708733,0.20066432654857635,0.21795521676540375,0.22714820504188538,678709.75,0.12275126576423645,0.04583317041397095,0.3502886891365051
13,0.13999107480049133,3e-05,0.1198301762342453,1135612.625,0.04482044279575348,0.016402631998062134,0.20909477770328522,0.2176668643951416,0.22690227627754211,681936.8125,0.12254748493432999,0.04575563594698906,0.3499947786331177
14,0.13973066210746765,3e-05,0.11962101608514786,1139943.25,0.04464425519108772,0.016334418207406998,0.19051289558410645,0.21737518906593323,0.22664743661880493,685467.3125,0.1223398745059967,0.04567661136388779,0.3496950566768646
15,0.13950800895690918,3e-05,0.11944381147623062,1144638.25,0.04450596496462822,0.016280023381114006,0.19721747934818268,0.21709208190441132,0.22640229761600494,688808.375,0.12214165180921555,0.045601535588502884,0.34940850734710693
16,0.1392640918493271,3e-05,0.11925192922353745,1150264.5,0.04434744641184807,0.016220131888985634,0.2065909206867218,0.21684107184410095,0.22619329392910004,693200.6875,0.12197671830654144,0.04553887993097305,0.3491699695587158
17,0.13903988897800446,3e-05,0.11907339841127396,1155769.75,0.04420963302254677,0.016164544969797134,0.19387245178222656,0.2165905386209488,0.2259865254163742,697063.8125,0.12181279808282852,0.045477092266082764,0.34893256425857544
18,0.13883137702941895,3e-05,0.11893700063228607,1160944.625,0.0440874844789505,0.01611805148422718,0.21951472759246826,0.2163207083940506,0.22575299441814423,700514.9375,0.12162893265485764,0.04540793225169182,0.34866607189178467
19,0.13860201835632324,3e-05,0.11874908953905106,1165265.375,0.04394412785768509,0.01606408692896366,0.18637993931770325,0.2160506546497345,0.22551827132701874,703759.9375,0.12144529074430466,0.04533910006284714,0.3483995795249939
20,0.1383642554283142,3e-05,0.11855801939964294,1169933.875,0.04379277676343918,0.01600668579339981,0.20899739861488342,0.2157900035381317,0.2252928614616394,707145.875,0.12127120047807693,0.045273877680301666,0.3481467068195343
21,0.1381397694349289,3e-05,0.11837051808834076,1174232.125,0.043655555695295334,0.01595364511013031,0.19247740507125854,0.21551944315433502,0.2250533401966095,710910.5,0.12108845263719559,0.04520544037222862,0.3478810489177704
22,0.13791702687740326,3e-05,0.11821063607931137,1179806.625,0.043520521372556686,0.015901541337370872,0.1843978762626648,0.2152412086725235,0.22480152547359467,714529.25,0.1208978071808815,0.04513424262404442,0.34760361909866333
23,0.1376659870147705,3e-05,0.11799122393131256,1184434.875,0.04335712641477585,0.01583876647055149,0.22951740026474,0.21498189866542816,0.2245732992887497,718117.6875,0.12072630971670151,0.04507036134600639,0.34735381603240967
24,0.13743442296981812,3e-05,0.11779617518186569,1188887.875,0.04321343079209328,0.015784088522195816,0.21449926495552063,0.2146950513124466,0.22430525720119476,721585.125,0.12052690237760544,0.044996216893196106,0.3470630347728729
25,0.1371782273054123,3e-05,0.11756829917430878,1193457.25,0.043043103069067,0.01571839489042759,0.19257088005542755,0.2143688052892685,0.22400078177452087,724510.75,0.12028524279594421,0.044906456023454666,0.34671032428741455
26,0.13692286610603333,3e-05,0.11734020709991455,1196585.375,0.04287313297390938,0.015654802322387695,0.1983543336391449,0.214072585105896,0.2237425446510315,727606.4375,0.12007513642311096,0.044828709214925766,0.34640318155288696
27,0.13667668402194977,3e-05,0.11711463332176208,1201260.25,0.04271292686462402,0.015595079399645329,0.18535029888153076,0.21379294991493225,0.22350075840950012,730966.25,0.11988168954849243,0.04475720599293709,0.346120148897171
28,0.136444553732872,3e-05,0.11692430078983307,1204850.75,0.04256747290492058,0.01553967222571373,0.2125595510005951,0.21351133286952972,0.22325515747070312,734263.125,0.11968744546175003,0.04468563571572304,0.3458355963230133
29,0.13619376718997955,3e-05,0.11670513451099396,1209250.0,0.042404863983392715,0.015477558597922325,0.1997111439704895,0.2132261097431183,0.22300490736961365,737769.0625,0.11949094384908676,0.04461361840367317,0.3455473780632019
30,0.13595537841320038,3e-05,0.11652922630310059,1214170.5,0.04225483164191246,0.015422633849084377,0.21681739389896393,0.21294674277305603,0.22275693714618683,741315.9375,0.11929961293935776,0.04454341530799866,0.3452664911746979
31,0.13571391999721527,3e-05,0.1163361519575119,1218618.75,0.04210202023386955,0.015363781712949276,0.19053106009960175,0.21266615390777588,0.2225060611963272,744979.375,0.11910812556743622,0.04447333887219429,0.34498506784439087
32,0.1354767233133316,3e-05,0.11614833772182465,1224016.625,0.04195360466837883,0.015306997112929821,0.18318405747413635,0.21239353716373444,0.22226093709468842,748912.5,0.1189241036772728,0.04440592974424362,0.34471434354782104
33,0.13524696230888367,3e-05,0.11596532166004181,1228625.25,0.041811708360910416,0.015255553647875786,0.19398556649684906,0.21211765706539154,0.22200772166252136,752264.0625,0.11873549222946167,0.044337108731269836,0.3444366455078125
34,0.13501492142677307,3e-05,0.1157802939414978,1233449.0,0.04166736081242561,0.015199546702206135,0.182692751288414,0.2118435651063919,0.22175447642803192,755991.9375,0.11854960769414902,0.04426928982138634,0.34416264295578003
35,0.13478122651576996,3e-05,0.11558930575847626,1238529.0,0.04152173176407814,0.015146479941904545,0.21005786955356598,0.21155694127082825,0.22153536975383759,759599.25,0.11835073679685593,0.04419690743088722,0.3438692092895508
36,0.13450245559215546,3e-05,0.11534858494997025,1242352.125,0.041330400854349136,0.015071898698806763,0.20029126107692719,0.21120570600032806,0.2212647944688797,762995.3125,0.11808649450540543,0.04410097748041153,0.343478798866272
37,0.13424210250377655,3e-05,0.11512065678834915,1246352.875,0.04115770384669304,0.015008984133601189,0.20285317301750183,0.21089211106300354,0.2210254669189453,766162.1875,0.11786051839590073,0.044019367545843124,0.34314441680908203
38,0.133965864777565,3e-05,0.11484493315219879,1249905.125,0.04096643999218941,0.01493670791387558,0.19125941395759583,0.21054255962371826,0.22073912620544434,768804.8125,0.1175934225320816,0.04392309859395027,0.3427487313747406
39,0.13368108868598938,3e-05,0.11458082497119904,1252777.375,0.0407646968960762,0.014859244227409363,0.19087757170200348,0.21020659804344177,0.22046031057834625,771994.9375,0.11734139174222946,0.04383237659931183,0.3423748314380646
40,0.1334189772605896,3e-05,0.11432449519634247,1257087.375,0.04058749973773956,0.014793132431805134,0.20032793283462524,0.20992252230644226,0.22023391723632812,775670.75,0.11714335530996323,0.0437612384557724,0.34208065271377563
41,0.13318808376789093,3e-05,0.114139124751091,1261940.875,0.04044223949313164,0.01474231481552124,0.2003566324710846,0.20965664088726044,0.22002360224723816,779556.4375,0.11696316301822662,0.04369654506444931,0.3418126702308655
42,0.13296127319335938,3e-05,0.11393260210752487,1267025.0,0.04030224680900574,0.014688295312225819,0.20812194049358368,0.20938724279403687,0.21980737149715424,783384.75,0.11678092926740646,0.0436314158141613,0.3415413498878479
43,0.13270686566829681,3e-05,0.1137077584862709,1270830.875,0.040133893489837646,0.014627569355070591,0.18667234480381012,0.20904488861560822,0.219499871134758,786267.0625,0.116523876786232,0.04354016110301018,0.34115806221961975
44,0.13244812190532684,3e-05,0.11347223818302155,1275045.25,0.039960622787475586,0.01456315815448761,0.18105769157409668,0.2087615728378296,0.21925665438175201,790323.8125,0.11632630228996277,0.04346981644630432,0.3408631682395935
45,0.13223055005073547,3e-05,0.11327259242534637,1280584.625,0.039829451590776443,0.014513978734612465,0.2016945481300354,0.20848926901817322,0.21902424097061157,794567.5625,0.11614102125167847,0.043403949588537216,0.3405863046646118
46,0.13199450075626373,3e-05,0.11306574195623398,1286513.375,0.039680514484643936,0.014459357596933842,0.1792115420103073,0.20822113752365112,0.2187935709953308,799252.0625,0.11596013605594635,0.043339669704437256,0.3403157591819763
47,0.1317727267742157,3e-05,0.11288968473672867,1292463.125,0.03954612836241722,0.014409460127353668,0.18289083242416382,0.2079697698354721,0.21858134865760803,803607.0,0.11579617112874985,0.04328153282403946,0.3400702476501465
48,0.131559357047081,3e-05,0.11271440982818604,1298519.875,0.03941997513175011,0.014362531714141369,0.20205800235271454,0.20772437751293182,0.21837355196475983,808103.25,0.11563778668642044,0.043225377798080444,0.33983293175697327
49,0.13135360181331635,3e-05,0.11255962401628494,1304231.875,0.03930116817355156,0.014320828020572662,0.18108846247196198,0.20745635032653809,0.21813425421714783,811945.875,0.1154569461941719,0.04316168650984764,0.3395615816116333
50,0.13113120198249817,3e-05,0.11235897243022919,1309026.5,0.03916579484939575,0.014271107502281666,0.19924169778823853,0.20720858871936798,0.21791771054267883,816392.875,0.11529605835676193,0.043104879558086395,0.33932000398635864
51,0.13092011213302612,3e-05,0.11217255145311356,1315620.75,0.039041757583618164,0.014225292019546032,0.18391776084899902,0.20696310698986053,0.2177022397518158,820929.0,0.11513782292604446,0.043049100786447525,0.33908218145370483
52,0.13072162866592407,3e-05,0.11201610416173935,1322090.125,0.03893100842833519,0.014184258878231049,0.20980417728424072,0.20671457052230835,0.21748636662960052,826201.8125,0.1149774119257927,0.042992476373910904,0.33884096145629883
53,0.13050979375839233,3e-05,0.11184298992156982,1329064.125,0.03880738466978073,0.014138822443783283,0.18712858855724335,0.20647457242012024,0.21730928122997284,830887.0625,0.114825539290905,0.04293911159038544,0.33861225843429565
54,0.13031017780303955,3e-05,0.1116892546415329,1335247.0,0.038695260882377625,0.014098799787461758,0.17324388027191162,0.20622913539409637,0.21712324023246765,835648.5,0.11466721445322037,0.042883533984422684,0.33837366104125977
55,0.13010431826114655,3e-05,0.1115116998553276,1341607.125,0.03857683390378952,0.014055931940674782,0.19524237513542175,0.20598793029785156,0.21693916618824005,840368.875,0.11451367288827896,0.04282974824309349,0.338142067193985
56,0.1298946589231491,3e-05,0.11133785545825958,1348040.0,0.038455162197351456,0.014010565355420113,0.19734911620616913,0.2057437002658844,0.2167491316795349,845273.375,0.11435717344284058,0.042774975299835205,0.3379058241844177
57,0.1296774297952652,3e-05,0.11113826930522919,1354045.0,0.03832326829433441,0.013964742422103882,0.18176701664924622,0.20541685819625854,0.21645528078079224,849432.875,0.11411374807357788,0.04269052669405937,0.3375380039215088
58,0.12941935658454895,3e-05,0.11085578054189682,1359486.625,0.03815006464719772,0.013899889774620533,0.19302088022232056,0.20515774190425873,0.21623796224594116,854212.4375,0.11394109576940536,0.04263051599264145,0.33727675676345825
59,0.12922319769859314,3e-05,0.1106855571269989,1365991.0,0.03804057836532593,0.01386090274900198,0.1891312599182129,0.20490334928035736,0.21602316200733185,859237.9375,0.11377359181642532,0.042572345584630966,0.3370230197906494
60,0.12901806831359863,3e-05,0.11052649468183517,1372752.625,0.03792243450880051,0.013819584622979164,0.19439023733139038,0.20466390252113342,0.2158244252204895,864517.125,0.11362174153327942,0.04251958429813385,0.33679282665252686
61,0.12881885468959808,3e-05,0.11036243289709091,1382429.5,0.037812840193510056,0.013777839951217175,0.18204933404922485,0.20445041358470917,0.21566034853458405,872516.4375,0.1134994775056839,0.04247628152370453,0.33660757541656494
62,0.1286344826221466,3e-05,0.11022331565618515,1393411.875,0.03771913796663284,0.013742689974606037,0.1864727884531021,0.20422527194023132,0.21547828614711761,879816.1875,0.11336449533700943,0.04242894798517227,0.3364028334617615
63,0.12844668328762054,3e-05,0.1101054698228836,1403292.0,0.03762078285217285,0.01370660774409771,0.17477291822433472,0.20399396121501923,0.21528422832489014,885836.3125,0.11322169750928879,0.04237932711839676,0.33618590235710144
64,0.12825113534927368,3e-05,0.10996312648057938,1411432.25,0.03751365467905998,0.013668669387698174,0.19293859601020813,0.2037823349237442,0.2151150405406952,891810.625,0.11309946328401566,0.04233676567673683,0.3360000252723694
65,0.12808698415756226,3e-05,0.10986270755529404,1420809.125,0.03744214028120041,0.013642584905028343,0.1856280267238617,0.20362599194049835,0.21502532064914703,899009.3125,0.11303851753473282,0.04231468215584755,0.3359072804450989
66,0.12792640924453735,3e-05,0.10977385193109512,1430377.625,0.03737471252679825,0.013618635945022106,0.1822751760482788,0.20342369377613068,0.21486805379390717,905305.6875,0.11292677372694016,0.04227567836642265,0.3357371389865875
67,0.12775465846061707,3e-05,0.10966943949460983,1438609.5,0.037292178720235825,0.01359083317220211,0.18644675612449646,0.20319661498069763,0.21467278897762299,910676.8125,0.11278768628835678,0.04222770035266876,0.3355252146720886
68,0.12755848467350006,3e-05,0.10950755327939987,1445827.0,0.03718414902687073,0.013551664538681507,0.20992186665534973,0.20297518372535706,0.2144836038351059,916157.875,0.11265458166599274,0.042181793600320816,0.33532220125198364
69,0.12736892700195312,3e-05,0.1093706339597702,1453268.5,0.03708317503333092,0.013517768122255802,0.17114190757274628,0.2027338743209839,0.21426460146903992,921518.75,0.11250167340040207,0.042129356414079666,0.3350887894630432
70,0.12717139720916748,3e-05,0.10920802503824234,1460093.125,0.03697364404797554,0.01348019577562809,0.20259851217269897,0.202497661113739,0.21404984593391418,926532.125,0.11235353350639343,0.04207868129014969,0.3348624110221863
71,0.1269715577363968,3e-05,0.10904847085475922,1466199.25,0.03686324506998062,0.013442614115774632,0.1861272007226944,0.2022372931241989,0.2138005495071411,930673.3125,0.11218348890542984,0.0420210175216198,0.3346020579338074
72,0.12675300240516663,3e-05,0.10888638347387314,1471016.0,0.03673406317830086,0.013400878757238388,0.18456150591373444,0.20198267698287964,0.21355347335338593,935045.75,0.11201698333024979,0.041964612901210785,0.3343469500541687
73,0.1265256702899933,3e-05,0.10867755115032196,1477024.5,0.03659353405237198,0.013353073969483376,0.18544933199882507,0.20172198116779327,0.2132902592420578,940231.25,0.11184185743331909,0.04190529137849808,0.3340785801410675
74,0.12633104622364044,3e-05,0.10851876437664032,1484384.25,0.036484673619270325,0.013316256925463676,0.19366274774074554,0.2014651894569397,0.21302925050258636,945889.25,0.1116708368062973,0.04184731841087341,0.3338163197040558
75,0.12610767781734467,3e-05,0.1083161011338234,1490620.75,0.03634577989578247,0.013268235139548779,0.17255088686943054,0.2011624574661255,0.2126885950565338,950780.3125,0.11145149171352386,0.041773729026317596,0.3334795832633972
76,0.12587618827819824,3e-05,0.10807961970567703,1497334.75,0.036198846995830536,0.013217918574810028,0.17761173844337463,0.2009199559688568,0.2124413549900055,956052.5,0.11129473894834518,0.04172084107995033,0.3332386612892151
77,0.12568910419940948,3e-05,0.1079484298825264,1504394.75,0.03609766811132431,0.013184705749154091,0.20233458280563354,0.20068667829036713,0.21220718324184418,961702.5,0.11114789545536041,0.04167124256491661,0.33301275968551636
78,0.1254892796278,3e-05,0.10778699815273285,1512248.0,0.03598573058843613,0.013146388344466686,0.19852039217948914,0.2004556804895401,0.21197932958602905,967821.9375,0.11100605875253677,0.04162326082587242,0.3327942490577698
79,0.12530271708965302,3e-05,0.10765919834375381,1521227.625,0.03588766232132912,0.013113734312355518,0.19401460886001587,0.20022214949131012,0.2117430418729782,973828.4375,0.11086063086986542,0.041574228554964066,0.33257007598876953
80,0.12510676681995392,3e-05,0.10750201344490051,1526793.375,0.03578029200434685,0.013080572709441185,0.18156464397907257,0.19996784627437592,0.21147197484970093,977604.4375,0.1106952503323555,0.04151923954486847,0.33231455087661743
81,0.12489651888608932,3e-05,0.10734859853982925,1532503.5,0.03565852716565132,0.013041305355727673,0.18655052781105042,0.19975003600120544,0.2112574428319931,982963.3125,0.11056551337242126,0.04147560894489288,0.3321141004562378
82,0.12471744418144226,3e-05,0.10723651945590973,1539723.125,0.03556724265217781,0.013011319562792778,0.1754039227962494,0.19953516125679016,0.21104449033737183,988654.3125,0.11043792217969894,0.041432689875364304,0.3319168984889984
83,0.1245361864566803,3e-05,0.10710543394088745,1548304.75,0.035473305732011795,0.012979760766029358,0.17462807893753052,0.1993241012096405,0.21083581447601318,995298.9375,0.11031414568424225,0.041390884667634964,0.3317255973815918
84,0.12435558438301086,3e-05,0.10699182748794556,1557004.5,0.03538012132048607,0.012947971932590008,0.18220962584018707,0.1991090029478073,0.21065972745418549,1001468.125,0.11018554121255875,0.04134770482778549,0.33152663707733154
85,0.12418108433485031,3e-05,0.10686715692281723,1563904.625,0.03528881445527077,0.01292133517563343,0.18474790453910828,0.19883091747760773,0.21040686964988708,1005949.25,0.10998834669589996,0.041283007711172104,0.331221342086792
86,0.12395089864730835,3e-05,0.10666217654943466,1570783.5,0.03514191880822182,0.01287023164331913,0.18476958572864532,0.19860942661762238,0.21022485196590424,1012220.5,0.10985268652439117,0.041237764060497284,0.3310111165046692
87,0.12376607954502106,3e-05,0.10652581602334976,1580067.875,0.0350436307489872,0.012836145237088203,0.1782308965921402,0.1983935534954071,0.21004846692085266,1019150.875,0.10972384363412857,0.041194651275873184,0.3308112919330597
88,0.12359817326068878,3e-05,0.10640972852706909,1588947.375,0.034962303936481476,0.012811298482120037,0.18042074143886566,0.1981733739376068,0.20986317098140717,1025793.3125,0.10958997160196304,0.04115010052919388,0.3306035101413727
89,0.12340973317623138,3e-05,0.10627041012048721,1597925.875,0.03486042097210884,0.01277743186801672,0.16686108708381653,0.19797179102897644,0.20970098674297333,1032493.3125,0.10947556048631668,0.0411117747426033,0.3304257392883301
90,0.12324181199073792,3e-05,0.10616512596607208,1607270.25,0.034779537469148636,0.012751378118991852,0.18262605369091034,0.19776330888271332,0.20952722430229187,1039135.25,0.10935377329587936,0.041071195155382156,0.33023643493652344
91,0.12307116389274597,3e-05,0.10604462027549744,1616614.875,0.034695833921432495,0.012724185362458229,0.1752963364124298,0.19755378365516663,0.20935091376304626,1046126.125,0.10923147946596146,0.041030462831258774,0.3300461769104004
92,0.12289299815893173,3e-05,0.10591314733028412,1626593.375,0.034605082124471664,0.012694153003394604,0.18130570650100708,0.1973532885313034,0.20921143889427185,1053411.25,0.10911908000707626,0.040992822498083115,0.3298712372779846
93,0.12272382527589798,3e-05,0.10579778999090195,1636694.25,0.034525468945503235,0.012667423114180565,0.16439080238342285,0.19717824459075928,0.20910198986530304,1061139.625,0.10903462767601013,0.04096386209130287,0.32973968982696533
94,0.1225639283657074,3e-05,0.10569299757480621,1647843.5,0.03445546701550484,0.01264420710504055,0.1823357343673706,0.19697794318199158,0.2089676707983017,1068551.625,0.10892236977815628,0.04092635214328766,0.32956480979919434
95,0.12236770242452621,3e-05,0.10553031414747238,1656820.25,0.03434467315673828,0.01260730903595686,0.16776134073734283,0.19674168527126312,0.20879551768302917,1074085.125,0.10876937210559845,0.04087663069367409,0.32932621240615845
96,0.12218760699033737,3e-05,0.10537175834178925,1662936.125,0.034248098731040955,0.012578421272337437,0.16553469002246857,0.19651658833026886,0.20862555503845215,1079235.25,0.10862856358289719,0.040830861777067184,0.32910624146461487
97,0.12201172113418579,3e-05,0.10525166243314743,1670947.625,0.03415719047188759,0.012550907209515572,0.17080479860305786,0.19630067050457,0.20846472680568695,1085790.375,0.10849837958812714,0.040788233280181885,0.32890284061431885
98,0.12183070182800293,3e-05,0.10510530322790146,1679690.875,0.034062460064888,0.012520345859229565,0.1909533143043518,0.19610072672367096,0.208321675658226,1093469.25,0.10838610678911209,0.04075099155306816,0.3287273645401001
99,0.12166716158390045,3e-05,0.10497970134019852,1694059.875,0.03398889675736427,0.012494777329266071,0.1638985276222229,0.19591355323791504,0.208201065659523,1105202.375,0.10829058289527893,0.04071823135018349,0.3285784125328064
100,0.12149734050035477,3e-05,0.10486674308776855,1709757.75,0.03390933573246002,0.012467707507312298,0.17704635858535767,0.1957211047410965,0.20806580781936646,1114034.75,0.10818691551685333,0.04068353772163391,0.32841628789901733
101,0.12132371217012405,3e-05,0.10473979264497757,1718633.75,0.03382387012243271,0.01244200486689806,0.20460812747478485,0.19549818336963654,0.20788167417049408,1120034.125,0.10805246233940125,0.04063975438475609,0.3282053768634796
102,0.12112992256879807,3e-05,0.10457475483417511,1729700.0,0.03372128680348396,0.01240925770252943,0.1681589037179947,0.19527995586395264,0.20770560204982758,1129705.625,0.10792689770460129,0.040598005056381226,0.32800841331481934
103,0.12095218896865845,3e-05,0.1044689491391182,1740438.875,0.033633243292570114,0.012383994646370411,0.18620286881923676,0.19505397975444794,0.20751383900642395,1136545.25,0.10778868943452835,0.040553152561187744,0.32779139280319214
104,0.12076122313737869,3e-05,0.10431203991174698,1749712.875,0.03353148326277733,0.012354190461337566,0.17941193282604218,0.19484253227710724,0.20733797550201416,1143660.375,0.10766799747943878,0.0405135303735733,0.3276016116142273
105,0.1205831840634346,3e-05,0.10417664796113968,1760222.125,0.03344426304101944,0.01232769526541233,0.19862431287765503,0.19463594257831573,0.20717081427574158,1152326.25,0.10755149275064468,0.04047510027885437,0.3274184763431549
106,0.12038873136043549,3e-05,0.10402791202068329,1772478.25,0.033338844776153564,0.01229288149625063,0.1828908622264862,0.19441434741020203,0.20698586106300354,1161569.5,0.10741781443357468,0.04043159633874893,0.3272084593772888
107,0.12020405381917953,3e-05,0.10388129204511642,1785926.875,0.03324210271239281,0.012262500822544098,0.1617981195449829,0.19418276846408844,0.20678655803203583,1171896.625,0.10727383941411972,0.04038497433066368,0.32698220014572144
108,0.12001370638608932,3e-05,0.10371693223714828,1798962.875,0.033139146864414215,0.012228626757860184,0.1751714050769806,0.1939808428287506,0.20662088692188263,1180930.625,0.10715918987989426,0.04034750908613205,0.32680177688598633
109,0.1198463961482048,3e-05,0.10359486192464828,1810974.375,0.033058349043130875,0.012204982340335846,0.19832728803157806,0.1937686949968338,0.2064361274242401,1189281.75,0.10703279078006744,0.040306758135557175,0.32660263776779175
110,0.11964370310306549,3e-05,0.10340412706136703,1822510.625,0.03294064477086067,0.012167973443865776,0.17146910727024078,0.19350963830947876,0.20618240535259247,1198512.25,0.10685772448778152,0.04025149717926979,0.3263266980648041
111,0.11944682896137238,3e-05,0.10323313623666763,1834221.5,0.032827798277139664,0.012134702876210213,0.17174451053142548,0.19326427578926086,0.2059408575296402,1206833.25,0.10669662803411484,0.04020073264837265,0.3260723948478699
112,0.11924885213375092,3e-05,0.10309191793203354,1845716.125,0.032714832574129105,0.012098976410925388,0.16835932433605194,0.19305962324142456,0.20575690269470215,1215430.125,0.10657741874456406,0.04016247019171715,0.3258841633796692
113,0.11907359957695007,3e-05,0.1029631495475769,1857219.125,0.032624609768390656,0.012071806006133556,0.17760829627513885,0.19285807013511658,0.2055748850107193,1223746.0,0.10646031051874161,0.040125053375959396,0.325699120759964
114,0.11890259385108948,3e-05,0.10283949971199036,1867947.375,0.03253626450896263,0.01204786915332079,0.1601981669664383,0.19261232018470764,0.20532767474651337,1231087.75,0.10629571974277496,0.040074098855257034,0.3254387378692627
115,0.1187039464712143,3e-05,0.10270264744758606,1877978.75,0.03242064639925957,0.012011116370558739,0.17161494493484497,0.19241036474704742,0.20516280829906464,1239617.5,0.10617849230766296,0.04003676772117615,0.32525312900543213
116,0.11853937059640884,3e-05,0.10260722041130066,1889536.75,0.03234107047319412,0.011988218873739243,0.1601913869380951,0.1922139972448349,0.20500527322292328,1247935.0,0.10606750845909119,0.04000130295753479,0.32507723569869995
117,0.11836877465248108,3e-05,0.10248444229364395,1900797.375,0.03225560113787651,0.011962431482970715,0.17668980360031128,0.1920248419046402,0.20485568046569824,1256456.625,0.10596375167369843,0.03996797651052475,0.32491275668144226
118,0.11819791048765182,3e-05,0.10238350182771683,1912571.625,0.03217077627778053,0.011936645954847336,0.16924206912517548,0.19182953238487244,0.20469920337200165,1264747.125,0.10585515201091766,0.03993316739797592,0.32474035024642944
119,0.11802957952022552,3e-05,0.10227267444133759,1923653.875,0.03208920359611511,0.011912020854651928,0.15990673005580902,0.19164082407951355,0.20454885065555573,1273488.0,0.10575288534164429,0.03990025445818901,0.3245779871940613
120,0.11786887794733047,3e-05,0.10218080878257751,1935839.75,0.03201459348201752,0.011890552006661892,0.16410252451896667,0.19145263731479645,0.20439617335796356,1282687.75,0.10565072298049927,0.03986743837594986,0.32441574335098267
121,0.11770239472389221,3e-05,0.1020863950252533,1949426.25,0.03193511441349983,0.011865174397826195,0.15838968753814697,0.19127942621707916,0.20426426827907562,1293184.75,0.10556507110595703,0.03983917087316513,0.32427978515625
122,0.11754526942968369,3e-05,0.10200119763612747,1963623.125,0.03186475485563278,0.011843396350741386,0.1727389395236969,0.1910969316959381,0.20411673188209534,1302815.875,0.10546888411045074,0.03980812802910805,0.3241269290447235
123,0.11738324165344238,3e-05,0.10190535336732864,1976915.625,0.031788986176252365,0.011820224113762379,0.18882952630519867,0.19091388583183289,0.20396819710731506,1312199.625,0.10537194460630417,0.03977692499756813,0.32397276163101196
124,0.11722280085086823,3e-05,0.10181500762701035,1989372.75,0.03171461820602417,0.01179826632142067,0.16086450219154358,0.19072717428207397,0.2038125842809677,1321550.75,0.10527127236127853,0.03974471613764763,0.3238125145435333
125,0.11706756055355072,3e-05,0.10174179077148438,2001809.875,0.03164548799395561,0.011778227984905243,0.17590399086475372,0.1905362755060196,0.20365040004253387,1331375.5,0.10516712069511414,0.039711423218250275,0.3236466348171234
126,0.11689826101064682,3e-05,0.10164066404104233,2018863.25,0.03156411647796631,0.01175147294998169,0.17607223987579346,0.19035878777503967,0.2035018354654312,1345529.875,0.10507851839065552,0.03968212008476257,0.3235059976577759
127,0.11673421412706375,3e-05,0.10155446082353592,2038616.25,0.031489066779613495,0.011725143529474735,0.15789856016635895,0.19018878042697906,0.20336778461933136,1357891.75,0.10499710589647293,0.039655037224292755,0.32337650656700134
128,0.11658146232366562,3e-05,0.10148831456899643,2054047.875,0.03142378106713295,0.011705595068633556,0.17517465353012085,0.19000378251075745,0.20320874452590942,1368531.25,0.10489853471517563,0.03962346538901329,0.3232193887233734
129,0.11641505360603333,3e-05,0.1013946607708931,2068858.625,0.03134391829371452,0.011679989285767078,0.16214120388031006,0.18982015550136566,0.2030515819787979,1379190.125,0.10480175167322159,0.03959239646792412,0.32306501269340515
130,0.11624948680400848,3e-05,0.10130660980939865,2083501.625,0.031264957040548325,0.011655899696052074,0.16468970477581024,0.1896388977766037,0.20289799571037292,1389419.875,0.10470689088106155,0.039561960846185684,0.3229135274887085
131,0.11608996987342834,3e-05,0.10122642666101456,2096847.125,0.031191976740956306,0.011634507216513157,0.1614942103624344,0.1894555538892746,0.2027411162853241,1399278.25,0.10461016744375229,0.03953103348612785,0.3227589428424835
132,0.11592668294906616,3e-05,0.10114622116088867,2111535.5,0.031115291640162468,0.01161171030253172,0.1976318210363388,0.1892682909965515,0.20257535576820374,1410233.625,0.10450965911149979,0.03949898108839989,0.32259827852249146
133,0.11573498696088791,3e-05,0.10102003812789917,2124553.75,0.031010702252388,0.011580667458474636,0.1560792177915573,0.1890375316143036,0.20234355330467224,1418686.5,0.10436572879552841,0.03945476934313774,0.32236748933792114
134,0.11555269360542297,3e-05,0.10091642290353775,2136042.0,0.030914977192878723,0.011555624194443226,0.15613774955272675,0.18883584439754486,0.2021544873714447,1427833.625,0.10425017774105072,0.039418742060661316,0.32218220829963684
135,0.11538039892911911,3e-05,0.10081649571657181,2148153.0,0.030827868729829788,0.011532176285982132,0.17360195517539978,0.18864388763904572,0.2020113617181778,1437807.5,0.10414356738328934,0.039385393261909485,0.3220113217830658
136,0.11520827561616898,3e-05,0.10070938616991043,2164208.5,0.030742714181542397,0.011505350470542908,0.168919175863266,0.1884598433971405,0.2018766552209854,1450721.25,0.10404754430055618,0.039354484528303146,0.3218575716018677
137,0.11504840850830078,3e-05,0.10062550753355026,2180990.5,0.03066966123878956,0.011484798043966293,0.15879711508750916,0.18827307224273682,0.20173630118370056,1462155.625,0.1039467304944992,0.039322685450315475,0.3216959834098816
138,0.11488287150859833,3e-05,0.10051816701889038,2196559.0,0.030590718612074852,0.01145983301103115,0.16040955483913422,0.18809224665164948,0.2016022950410843,1473505.75,0.10385265201330185,0.03929264098405838,0.32154494524002075
139,0.1147230938076973,3e-05,0.10043502599000931,2210713.75,0.030516838654875755,0.01143999770283699,0.18324905633926392,0.18790189921855927,0.2014545351266861,1483771.125,0.10374828428030014,0.03925999253988266,0.3213772773742676
140,0.11455298960208893,3e-05,0.10033068060874939,2230085.25,0.030434921383857727,0.011413678526878357,0.16217738389968872,0.18772782385349274,0.20132765173912048,1500038.625,0.10366430133581161,0.03923209384083748,0.3212428092956543
141,0.11439287662506104,3e-05,0.10023561865091324,2250259.75,0.03036392852663994,0.01139001827687025,0.18194007873535156,0.18755322694778442,0.2011980265378952,1513970.0,0.10357743501663208,0.03920384868979454,0.32110339403152466
142,0.11423102766275406,3e-05,0.10013724863529205,2269304.0,0.03028976544737816,0.011365994811058044,0.20368318259716034,0.18736480176448822,0.20104894042015076,1526441.625,0.10347629338502884,0.03917182609438896,0.3209407329559326
143,0.1140209287405014,3e-05,0.09996777027845383,2284402.0,0.0301665011793375,0.011330869980156422,0.15929001569747925,0.18711377680301666,0.20081208646297455,1536775.75,0.10331153869628906,0.03912251815199852,0.32067495584487915
144,0.11384152621030807,3e-05,0.09984511137008667,2297983.0,0.030072646215558052,0.01130882278084755,0.16694021224975586,0.18690073490142822,0.20062164962291718,1547961.125,0.10318352282047272,0.03908359259366989,0.3204684853553772
145,0.11365773528814316,3e-05,0.09970555454492569,2313279.0,0.029973657801747322,0.011280477046966553,0.16082991659641266,0.18671292066574097,0.20046363770961761,1559232.5,0.10308019071817398,0.03905158489942551,0.3203018307685852
146,0.11348942667245865,3e-05,0.09958542883396149,2329511.0,0.02988998405635357,0.01125527173280716,0.17333370447158813,0.1865309327840805,0.20031127333641052,1570930.0,0.10298191756010056,0.039021145552396774,0.32014337182044983
147,0.11332716792821884,3e-05,0.09948179125785828,2343776.5,0.029808346182107925,0.011233863420784473,0.1541975736618042,0.186319962143898,0.20010757446289062,1580692.625,0.10284917056560516,0.03898264840245247,0.31992918252944946
148,0.11315060406923294,3e-05,0.099322609603405,2356842.0,0.02971167117357254,0.011206851340830326,0.1732640415430069,0.18613457679748535,0.19994406402111053,1591952.875,0.10274617373943329,0.038951326161623,0.31976285576820374
149,0.11298450082540512,3e-05,0.09920331090688705,2375109.75,0.029630661010742188,0.011181632056832314,0.18258540332317352,0.1859673410654068,0.19981420040130615,1606719.0,0.10266736894845963,0.03892499580979347,0.3196355104446411
150,0.11283090710639954,3e-05,0.0991155207157135,2394437.25,0.029567847028374672,0.011162416078150272,0.16079841554164886,0.18580640852451324,0.1996993124485016,1620377.875,0.10259871929883957,0.03890058770775795,0.3195240795612335
151,0.1126701757311821,3e-05,0.0990082398056984,2412992.0,0.0294966921210289,0.011140292510390282,0.16439993679523468,0.18563851714134216,0.19956550002098083,1633048.375,0.10251764208078384,0.038874149322509766,0.3193928003311157
152,0.11251094192266464,3e-05,0.0988936722278595,2431376.0,0.029423652216792107,0.011116973124444485,0.1610221266746521,0.18547303974628448,0.19943243265151978,1646468.75,0.10243754833936691,0.03884825110435486,0.3192632794380188
153,0.11236393451690674,3e-05,0.0987880602478981,2448121.25,0.02936149761080742,0.011099322699010372,0.17289219796657562,0.18529459834098816,0.19927695393562317,1658455.75,0.10234354436397552,0.038818925619125366,0.3191109597682953
154,0.11219815909862518,3e-05,0.09867751598358154,2467156.0,0.02928096428513527,0.011074816808104515,0.15248441696166992,0.1851271688938141,0.19913925230503082,1672944.5,0.10226201266050339,0.03879261761903763,0.31897905468940735
155,0.11204764991998672,3e-05,0.09857754409313202,2485647.75,0.029215576127171516,0.011054876260459423,0.16333632171154022,0.18495266139507294,0.19898726046085358,1685824.5,0.10217182338237762,0.03876439854502678,0.3188329041004181
156,0.11188600212335587,3e-05,0.09844136238098145,2503669.0,0.029138406738638878,0.011030859313905239,0.16428834199905396,0.18478384613990784,0.1988435685634613,1699533.75,0.10208746045827866,0.03873762860894203,0.31869620084762573
157,0.11173229664564133,3e-05,0.09834718704223633,2522834.0,0.02906865067780018,0.011010616086423397,0.18298980593681335,0.18460455536842346,0.1986798197031021,1712840.5,0.10199173539876938,0.03870818018913269,0.31854093074798584
158,0.1115678995847702,3e-05,0.09819106012582779,2541587.0,0.02898782677948475,0.010987777262926102,0.1531025916337967,0.18440304696559906,0.19847673177719116,1727027.75,0.10187391191720963,0.038672931492328644,0.3183497190475464
159,0.11139065772294998,3e-05,0.09806372970342636,2560693.25,0.02889474853873253,0.010959701612591743,0.18244105577468872,0.1842167228460312,0.1982985883951187,1740161.25,0.10177174210548401,0.03864172846078873,0.31818366050720215
160,0.11120641231536865,3e-05,0.09790337830781937,2575993.0,0.028794122859835625,0.01093323715031147,0.16663898527622223,0.18399731814861298,0.19806204736232758,1750523.875,0.10163562744855881,0.0386018268764019,0.31796175241470337
161,0.11101628839969635,3e-05,0.09772282093763351,2590935.5,0.028687385842204094,0.010903988964855671,0.15804356336593628,0.18381048738956451,0.1979166865348816,1763592.375,0.10153277963399887,0.03857041150331497,0.31779417395591736
162,0.11086253821849823,3e-05,0.097612664103508,2609986.25,0.02861887775361538,0.010884761810302734,0.15908360481262207,0.18364331126213074,0.19779393076896667,1778126.0,0.10145168006420135,0.03854408860206604,0.31766200065612793
163,0.11070448160171509,3e-05,0.09749957919120789,2629280.25,0.02854607254266739,0.010862587951123714,0.17396192252635956,0.183477520942688,0.19767232239246368,1792045.875,0.10137035697698593,0.03851812705397606,0.31752949953079224
164,0.11054745316505432,3e-05,0.09738654643297195,2649057.5,0.028473585844039917,0.010840128175914288,0.16882912814617157,0.18330031633377075,0.19753701984882355,1806697.75,0.10127753019332886,0.03848933055996895,0.3173782229423523
165,0.11038445681333542,3e-05,0.09727399051189423,2667687.75,0.02839401736855507,0.010818909853696823,0.14959461987018585,0.1831119805574417,0.1973826140165329,1818859.625,0.10117209702730179,0.03845774009823799,0.3172060251235962
166,0.11021941900253296,3e-05,0.09715160727500916,2684669.0,0.02831219509243965,0.010795481503009796,0.16946949064731598,0.1829346865415573,0.19724224507808685,1832399.25,0.10107812285423279,0.03842899203300476,0.31705260276794434
167,0.11005844920873642,3e-05,0.09702370315790176,2704163.5,0.02823486551642418,0.010772541165351868,0.16085559129714966,0.1827574223279953,0.1971016675233841,1847215.75,0.10098469257354736,0.03840026259422302,0.3169001042842865
168,0.10990408062934875,3e-05,0.09692186862230301,2725015.0,0.028164353221654892,0.010752891190350056,0.15564775466918945,0.18258342146873474,0.19696302711963654,1862271.75,0.10089471936225891,0.03837226703763008,0.316753089427948
169,0.10974157601594925,3e-05,0.09680145978927612,2745070.5,0.0280856192111969,0.010728943161666393,0.149336040019989,0.1824169158935547,0.19683390855789185,1877295.75,0.1008116602897644,0.03834623098373413,0.31661736965179443
170,0.1095883771777153,3e-05,0.09669044613838196,2765293.0,0.028015708550810814,0.010707985609769821,0.17157602310180664,0.1822536438703537,0.19670800864696503,1892776.375,0.10073245316743851,0.03832094371318817,0.3164878487586975
171,0.10944048315286636,3e-05,0.09659747779369354,2790096.0,0.027954665943980217,0.010687259957194328,0.1754642128944397,0.1821017563343048,0.1965966373682022,1911877.625,0.10066980123519897,0.03829791769385338,0.3163851499557495
172,0.10927227884531021,3e-05,0.09648571908473969,2813168.75,0.02787410467863083,0.01066339761018753,0.17014479637145996,0.18190205097198486,0.19641055166721344,1925584.75,0.10055546462535858,0.03826316073536873,0.31619733572006226
173,0.1090848371386528,3e-05,0.0963272675871849,2831191.5,0.02777118980884552,0.01063520461320877,0.16070133447647095,0.1816989630460739,0.19621753692626953,1939484.75,0.10043586045503616,0.03822765871882439,0.31600090861320496
174,0.10891832411289215,3e-05,0.09621406346559525,2850323.25,0.027687178924679756,0.010614247992634773,0.15302307903766632,0.18150493502616882,0.19603890180587769,1954688.375,0.1003236323595047,0.038194701075553894,0.31581684947013855
175,0.10875219106674194,3e-05,0.09606891870498657,2872476.75,0.027603348717093468,0.010590608231723309,0.14689689874649048,0.181326761841774,0.1958840936422348,1971486.875,0.10022807866334915,0.038165684789419174,0.31566017866134644
176,0.10858936607837677,3e-05,0.09594897925853729,2895218.75,0.027523061260581017,0.010566056706011295,0.1725357323884964,0.1811545342206955,0.19573526084423065,1987588.875,0.10013807564973831,0.03813811391592026,0.315512478351593
177,0.10842040926218033,3e-05,0.09581238031387329,2915014.0,0.02743595279753208,0.010541848838329315,0.16777077317237854,0.18095816671848297,0.19554193317890167,2001950.875,0.10002327710390091,0.03810443729162216,0.31532347202301025
178,0.10825363546609879,3e-05,0.09568355232477188,2935505.25,0.027350975200533867,0.010519118048250675,0.14727641642093658,0.18077801167964935,0.19537506997585297,2017516.75,0.09992503374814987,0.03807493671774864,0.31516188383102417
179,0.10808887332677841,3e-05,0.09556716680526733,2958002.25,0.02726859785616398,0.010493782348930836,0.1587301641702652,0.18061426281929016,0.19523611664772034,2034769.0,0.09984417259693146,0.03804943710565567,0.31502896547317505
180,0.10793996602296829,3e-05,0.09546781331300735,2981505.0,0.02720215730369091,0.010474128648638725,0.15393328666687012,0.18044859170913696,0.1951141506433487,2051512.875,0.0997607484459877,0.038023509085178375,0.3148916959762573
181,0.10778998583555222,3e-05,0.09536487609148026,3002662.5,0.027133891358971596,0.01045483723282814,0.1466907411813736,0.1802816241979599,0.1949959695339203,2067577.625,0.09967518597841263,0.037997398525476456,0.3147508502006531
182,0.10764224827289581,3e-05,0.09525586664676666,3026360.25,0.02706797979772091,0.010435327887535095,0.15634006261825562,0.18011456727981567,0.19487512111663818,2084429.875,0.09959045797586441,0.03797120973467827,0.3146113157272339
183,0.10748748481273651,3e-05,0.09514903277158737,3050990.0,0.02699659951031208,0.010412239469587803,0.14779949188232422,0.17995847761631012,0.19476398825645447,2103381.0,0.09951852262020111,0.0379474051296711,0.31449276208877563
184,0.1073387935757637,3e-05,0.09505637735128403,3076854.5,0.026931634172797203,0.010391595773398876,0.16057856380939484,0.17979440093040466,0.19464334845542908,2122281.75,0.09943809360265732,0.0379217229783535,0.3143601715564728
185,0.10718492418527603,3e-05,0.09495051950216293,3103680.5,0.02686171978712082,0.010369319468736649,0.1472182273864746,0.17962951958179474,0.19452525675296783,2142779.25,0.09935713559389114,0.03789589926600456,0.31422680616378784
186,0.10703396797180176,3e-05,0.0948484018445015,3131488.0,0.026794269680976868,0.010348130017518997,0.15288709104061127,0.17946533858776093,0.19440390169620514,2161722.75,0.09927607327699661,0.037870295345783234,0.3140930235385895
187,0.10688450187444687,3e-05,0.09474070370197296,3158108.0,0.02672754041850567,0.010327986441552639,0.16391925513744354,0.17929747700691223,0.19427895545959473,2181244.5,0.09919125586748123,0.03784387558698654,0.31395307183265686
188,0.10673123598098755,3e-05,0.09463198482990265,3184782.5,0.02665896899998188,0.0103071304038167,0.1680489331483841,0.1791294664144516,0.19414208829402924,2200848.25,0.09910919517278671,0.03781699389219284,0.31381723284721375
189,0.1065732017159462,3e-05,0.09451787918806076,3211344.25,0.02658601477742195,0.010284344665706158,0.14952856302261353,0.17896470427513123,0.19401437044143677,2220469.25,0.09902838617563248,0.037791140377521515,0.31368356943130493
190,0.10642095655202866,3e-05,0.09440291672945023,3238148.25,0.026517266407608986,0.010263155214488506,0.15572968125343323,0.17879627645015717,0.1938825100660324,2239926.25,0.09894300252199173,0.0377645269036293,0.31354236602783203
191,0.10626476258039474,3e-05,0.09428747743368149,3266211.25,0.02644435130059719,0.010240921750664711,0.1543739140033722,0.17861944437026978,0.1937408745288849,2260694.5,0.09884961694478989,0.0377359502017498,0.3133878707885742
192,0.10610450059175491,3e-05,0.0941598042845726,3294035.5,0.02636716328561306,0.010217287577688694,0.15237250924110413,0.17845311760902405,0.19361069798469543,2280316.75,0.09876584261655807,0.03770996630191803,0.3132492005825043
193,0.10595129430294037,3e-05,0.09404738247394562,3321931.0,0.026296213269233704,0.010195442475378513,0.16009609401226044,0.1782849282026291,0.19347713887691498,2299475.0,0.09867942333221436,0.037683676928281784,0.31310608983039856
194,0.10579552501440048,3e-05,0.09391281753778458,3346450.25,0.026221871376037598,0.010174456052482128,0.15030747652053833,0.17810529470443726,0.19332410395145416,2317659.0,0.09858113527297974,0.03765478357672691,0.31294307112693787
195,0.10564083606004715,3e-05,0.09380000829696655,3371891.75,0.02614850178360939,0.01015370525419712,0.16185593605041504,0.17792795598506927,0.19317010045051575,2335482.0,0.09848493337631226,0.03762638941407204,0.3127833306789398
196,0.10547425597906113,3e-05,0.09365136921405792,3392259.75,0.026062749326229095,0.010131733492016792,0.1508571207523346,0.1777350902557373,0.1929818093776703,2349696.75,0.09837248921394348,0.03759441897273064,0.31259608268737793
197,0.10530724376440048,3e-05,0.09350656718015671,3414440.5,0.025976410135626793,0.010108442977070808,0.17452476918697357,0.17755429446697235,0.19281715154647827,2368645.0,0.0982736125588417,0.03756508231163025,0.3124316334724426
198,0.10514777153730392,3e-05,0.09338371455669403,3445299.0,0.025901107117533684,0.010085967369377613,0.14625005424022675,0.17737683653831482,0.19266439974308014,2393585.25,0.09818190336227417,0.03753615543246269,0.3122793138027191
199,0.10498630255460739,3e-05,0.09325884282588959,3478484.5,0.025824740529060364,0.010060719214379787,0.14724791049957275,0.1772150844335556,0.19253364205360413,2417988.5,0.0981045812368393,0.03751088306307793,0.31215083599090576
200,0.10483953356742859,3e-05,0.09316115826368332,3512573.75,0.025762200355529785,0.010039537213742733,0.15121127665042877,0.17706423997879028,0.1924210637807846,2442506.75,0.09803749620914459,0.03748828172683716,0.31203946471214294
201,0.10470271110534668,3e-05,0.09308044612407684,3544789.75,0.025707779452204704,0.010023132897913456,0.1639256626367569,0.1768932193517685,0.19227294623851776,2465428.25,0.09794853627681732,0.03746119141578674,0.31189149618148804
202,0.10454560816287994,3e-05,0.09296112507581711,3579826.25,0.025634532794356346,0.009998161345720291,0.14360982179641724,0.17673461139202118,0.19214990735054016,2493763.0,0.09787486493587494,0.037436455488204956,0.31176912784576416
203,0.10439658164978027,3e-05,0.09286193549633026,3617967.5,0.025569647550582886,0.009975875727832317,0.174367755651474,0.17657053470611572,0.1920139640569687,2519633.25,0.0977940484881401,0.03741072863340378,0.3116346597671509
204,0.10423385351896286,3e-05,0.09275539964437485,3655849.0,0.02549011819064617,0.009951039217412472,0.17271533608436584,0.17637458443641663,0.19183112680912018,2549432.25,0.09768116474151611,0.037377797067165375,0.31144681572914124
205,0.1040661484003067,3e-05,0.09260892122983932,3695152.25,0.025405218824744225,0.00992569886147976,0.14746223390102386,0.17619681358337402,0.19166816771030426,2575305.5,0.09758590906858444,0.03734906017780304,0.3112879991531372
206,0.10391457378864288,3e-05,0.09249311685562134,3730182.25,0.025336075574159622,0.0099048325791955,0.15647929906845093,0.17602522671222687,0.1915121227502823,2600287.0,0.09749624133110046,0.037321787327528,0.3111383616924286
207,0.10375867038965225,3e-05,0.09237489849328995,3763822.5,0.025261754170060158,0.009882266633212566,0.1680164486169815,0.17586039006710052,0.19136741757392883,2625664.5,0.09741359204053879,0.03729606047272682,0.31100040674209595
208,0.10361269861459732,3e-05,0.09227800369262695,3803717.25,0.025199543684720993,0.009861853905022144,0.14347627758979797,0.1756919026374817,0.19122453033924103,2656093.0,0.09732997417449951,0.03726930543780327,0.31086111068725586
209,0.10346022993326187,3e-05,0.09215980768203735,3843452.0,0.02513127774000168,0.009838844649493694,0.14318448305130005,0.17553038895130157,0.19108539819717407,2683419.5,0.09725190699100494,0.03724409639835358,0.3107306957244873
210,0.1033107191324234,3e-05,0.0920644998550415,3878838.0,0.025064166635274887,0.009817186743021011,0.14897319674491882,0.17537125945091248,0.19094522297382355,2708028.25,0.0971742495894432,0.03721971809864044,0.3106008768081665
211,0.10316868126392365,3e-05,0.09195901453495026,3914899.25,0.02500406838953495,0.009797853417694569,0.14032959938049316,0.1752096563577652,0.19079960882663727,2733420.5,0.09709465503692627,0.037194620817899704,0.31046760082244873
212,0.10301855206489563,3e-05,0.09183944016695023,3947208.5,0.024935400113463402,0.009775944985449314,0.1567123532295227,0.17505131661891937,0.19066350162029266,2757513.75,0.09701775759458542,0.037170395255088806,0.31033873558044434
213,0.10287432372570038,3e-05,0.09173113107681274,3982212.0,0.024872830137610435,0.009756440296769142,0.15627002716064453,0.1748896986246109,0.19054849445819855,2784209.5,0.09693823754787445,0.03714532405138016,0.3102055788040161
214,0.10272838920354843,3e-05,0.0916207879781723,4021220.0,0.024809546768665314,0.009736260399222374,0.15113812685012817,0.1747256964445114,0.19043083488941193,2814341.0,0.09685762971639633,0.03711935132741928,0.3100705146789551
215,0.10257818549871445,3e-05,0.09151054918766022,4062418.5,0.024742722511291504,0.009713320061564445,0.14305558800697327,0.17456316947937012,0.19030894339084625,2842312.25,0.09677788615226746,0.037093743681907654,0.3099367022514343
216,0.10242848843336105,3e-05,0.09140012413263321,4098924.25,0.024675490334630013,0.009692121297121048,0.16348797082901,0.174392431974411,0.19017080962657928,2867653.75,0.0966886505484581,0.037066467106342316,0.3097866475582123
217,0.1022663488984108,3e-05,0.09125956892967224,4136293.25,0.024593673646450043,0.00966871902346611,0.15094397962093353,0.1742081344127655,0.1900172084569931,2896154.5,0.09658387303352356,0.037035953253507614,0.30961042642593384
218,0.10210903733968735,3e-05,0.0911315307021141,4174076.5,0.024516671895980835,0.00964564923197031,0.1622559130191803,0.17404033243656158,0.1898820698261261,2924056.5,0.09649696201086044,0.03700912743806839,0.30946415662765503
219,0.10196120291948318,3e-05,0.09102922677993774,4211258.0,0.024449465796351433,0.009626404382288456,0.16809530556201935,0.17387232184410095,0.18974685668945312,2950935.25,0.0964098870754242,0.03698259964585304,0.30931758880615234
220,0.10180845111608505,3e-05,0.09092789888381958,4249262.0,0.02437811717391014,0.00960405170917511,0.14616693556308746,0.17370447516441345,0.18961061537265778,2979655.25,0.09632392972707748,0.036955855786800385,0.3091728091239929
221,0.10166057199239731,3e-05,0.09082245081663132,4288784.0,0.024312058463692665,0.009583993814885616,0.13852480053901672,0.17353835701942444,0.18947724997997284,3008229.0,0.09623946994543076,0.03692968189716339,0.3090305030345917
222,0.10150822252035141,3e-05,0.09072227776050568,4327202.0,0.024241235107183456,0.009561145678162575,0.13940514624118805,0.17338047921657562,0.1893520951271057,3035785.25,0.0961630567908287,0.036905307322740555,0.3089016377925873
223,0.10136742144823074,3e-05,0.0906459391117096,4367842.5,0.024182390421628952,0.009542006999254227,0.14374424517154694,0.17322106659412384,0.1892244815826416,3064909.0,0.09608564525842667,0.03688040375709534,0.3087710738182068
224,0.1012202650308609,3e-05,0.0905592069029808,4405777.0,0.024116551503539085,0.009521251544356346,0.1556503176689148,0.17306125164031982,0.18909363448619843,3092712.75,0.09600692987442017,0.0368555523455143,0.3086380958557129
225,0.10107498615980148,3e-05,0.09047423303127289,4443850.5,0.02405264601111412,0.009500948712229729,0.1423434466123581,0.17289555072784424,0.18895524740219116,3121560.5,0.0959225744009018,0.03682948276400566,0.3084956407546997
226,0.10092446208000183,3e-05,0.09037657827138901,4484792.0,0.023983489722013474,0.009479512460529804,0.1631777584552765,0.17272694408893585,0.18881745636463165,3153342.5,0.0958360955119133,0.03680282086133957,0.308349609375
227,0.10077858716249466,3e-05,0.09031534194946289,4537831.0,0.02392306923866272,0.0094580864533782,0.13779205083847046,0.1725737750530243,0.18870392441749573,3194920.75,0.09577132016420364,0.036777645349502563,0.3082403540611267
228,0.10063153505325317,3e-05,0.09023550897836685,4590327.0,0.023862142115831375,0.00943471398204565,0.16077305376529694,0.17241913080215454,0.18858259916305542,3229147.75,0.09570018202066422,0.03675321862101555,0.30812007188796997
229,0.1004842072725296,3e-05,0.09014765918254852,4634462.5,0.02379763312637806,0.00941265095025301,0.1428643763065338,0.17225530743598938,0.18844927847385406,3261409.0,0.0956185981631279,0.03672702983021736,0.3079819083213806
230,0.10033465176820755,3e-05,0.09005578607320786,4677905.0,0.02372926101088524,0.0093925716355443,0.14158645272254944,0.1720757633447647,0.18830759823322296,3292090.0,0.09551908820867538,0.03669845312833786,0.307813435792923
231,0.10018087923526764,3e-05,0.08996208757162094,4721823.0,0.023655617609620094,0.009370993822813034,0.1506287008523941,0.1719081550836563,0.1881767064332962,3324177.25,0.09543225169181824,0.03667203336954117,0.3076663017272949
232,0.10003328323364258,3e-05,0.08986691385507584,4765864.5,0.02358909323811531,0.009349716827273369,0.1515219807624817,0.1717432141304016,0.18804696202278137,3356323.5,0.09534840285778046,0.036646053194999695,0.3075241148471832
233,0.09988512843847275,3e-05,0.08977774530649185,4811586.0,0.02352248504757881,0.00932821910828352,0.1413787603378296,0.17157885432243347,0.1879163235425949,3390220.75,0.09526582807302475,0.036619920283555984,0.30738401412963867
234,0.09973666071891785,3e-05,0.08968550711870193,4860055.0,0.023456066846847534,0.009306715801358223,0.14194296300411224,0.17142023146152496,0.18779124319553375,3425274.0,0.09518951922655106,0.036594685167074203,0.307254433631897
235,0.09959737211465836,3e-05,0.08960575610399246,4906342.5,0.02339864894747734,0.009288297966122627,0.14239369332790375,0.1712552011013031,0.18765661120414734,3458948.0,0.09510599076747894,0.03656819462776184,0.3071123957633972
236,0.09944677352905273,3e-05,0.08950738608837128,4952315.5,0.023329755291342735,0.009265715256333351,0.14639748632907867,0.1710958182811737,0.187528595328331,3493220.75,0.09502845257520676,0.03654288873076439,0.30698055028915405
237,0.09930124133825302,3e-05,0.08941609412431717,4998944.0,0.02326580323278904,0.009244581684470177,0.15400728583335876,0.17092853784561157,0.18738925457000732,3528854.25,0.09494252502918243,0.03651587292551994,0.30683431029319763
238,0.099149689078331,3e-05,0.08932209014892578,5054596.5,0.02319580502808094,0.009221666492521763,0.14886480569839478,0.17076484858989716,0.18725652992725372,3571705.5,0.09486080706119537,0.036489758640527725,0.3066956102848053
239,0.0990050882101059,3e-05,0.08924936503171921,5112684.0,0.023133767768740654,0.009200033731758595,0.1673097014427185,0.17060765624046326,0.18713021278381348,3613230.75,0.09478674829006195,0.03646460175514221,0.30656975507736206
240,0.09885731339454651,3e-05,0.08917771279811859,5168454.0,0.02306911163032055,0.0091773122549057,0.14107809960842133,0.17043346166610718,0.1869775354862213,3651122.0,0.09469519555568695,0.036435678601264954,0.30641359090805054
241,0.09870477020740509,3e-05,0.08908069133758545,5218001.0,0.022998182103037834,0.009156299754977226,0.13648715615272522,0.1702606976032257,0.18682532012462616,3686520.25,0.09460332989692688,0.03640754520893097,0.3062567114830017
242,0.09855777770280838,3e-05,0.08899013698101044,5269911.5,0.022932548075914383,0.009135992266237736,0.14611707627773285,0.17009614408016205,0.18668372929096222,3723971.25,0.09452073276042938,0.03638068214058876,0.30611562728881836
243,0.0984073132276535,3e-05,0.0889015719294548,5319325.5,0.022864066064357758,0.00911332294344902,0.15494658052921295,0.16992326080799103,0.18652859330177307,3760407.75,0.09442825615406036,0.0363524854183197,0.30595749616622925
244,0.09824763238430023,3e-05,0.08875952661037445,5364037.5,0.0227801613509655,0.009093198925256729,0.14636974036693573,0.16971103847026825,0.1863081306219101,3790912.0,0.09428784251213074,0.036318618804216385,0.3057171702384949
245,0.09807943552732468,3e-05,0.08864541351795197,5409736.0,0.02268650196492672,0.009068320505321026,0.13840728998184204,0.16953247785568237,0.18613718450069427,3827062.25,0.09418672323226929,0.036290138959884644,0.30554407835006714
246,0.09792809188365936,3e-05,0.08853573352098465,5458110.5,0.022613296285271645,0.00904744490981102,0.14932656288146973,0.1693616360425949,0.18597690761089325,3864502.75,0.09409480541944504,0.03626254200935364,0.30538657307624817
247,0.097776398062706,3e-05,0.08845189213752747,5511436.0,0.022540926933288574,0.009025221690535545,0.1503959447145462,0.16919556260108948,0.1858239620923996,3903678.0,0.09400865435600281,0.03623569756746292,0.30523890256881714
248,0.09762673079967499,3e-05,0.08837791532278061,5564283.0,0.02247118018567562,0.009003608487546444,0.15183374285697937,0.16902390122413635,0.18566061556339264,3944007.75,0.09391703456640244,0.03620744124054909,0.30508166551589966
249,0.0974855050444603,3e-05,0.08832422643899918,5624148.5,0.022410035133361816,0.008985261432826519,0.14596037566661835,0.16884732246398926,0.18548798561096191,3985951.75,0.09382064640522003,0.03617819771170616,0.3049161434173584
250,0.09732675552368164,3e-05,0.08823059499263763,5679063.0,0.022332046180963516,0.008960220962762833,0.1485244482755661,0.16867725551128387,0.18532544374465942,4028221.0,0.09373118728399277,0.03615013509988785,0.30476242303848267
251,0.09717656672000885,3e-05,0.08816633373498917,5735827.0,0.02226065844297409,0.008940000087022781,0.14486545324325562,0.16848696768283844,0.1851222664117813,4068240.25,0.09361851960420609,0.03611942380666733,0.30456870794296265
252,0.0970224142074585,3e-05,0.08806218206882477,5793597.0,0.022185007110238075,0.00891892984509468,0.13916367292404175,0.1683092564344406,0.18494123220443726,4111197.25,0.09352019429206848,0.03609013929963112,0.30439943075180054
253,0.09686726331710815,3e-05,0.0879817008972168,5851315.5,0.02211007848381996,0.008894601836800575,0.14085465669631958,0.16814838349819183,0.18479107320308685,4153699.0,0.09344013035297394,0.036063626408576965,0.30426156520843506
254,0.09672699868679047,3e-05,0.08791147917509079,5910422.0,0.022050483152270317,0.008874673396348953,0.14874620735645294,0.16798077523708344,0.18462656438350677,4196969.5,0.09335234016180038,0.03603624552488327,0.3041102886199951
255,0.09657220542430878,3e-05,0.08781207352876663,5967225.5,0.021972889080643654,0.008852990344166756,0.14368385076522827,0.1677827090024948,0.18439528346061707,4237723.0,0.09322938323020935,0.03600440174341202,0.3038980960845947
256,0.09640979021787643,3e-05,0.08771592378616333,6025332.5,0.021886669099330902,0.00883055105805397,0.1409439593553543,0.16759924590587616,0.18419186770915985,4280778.0,0.09312330186367035,0.035974908620119095,0.30371493101119995
257,0.09626083076000214,3e-05,0.08763163536787033,6084126.0,0.021816253662109375,0.008809559047222137,0.14060087502002716,0.1674308478832245,0.18402014672756195,4325871.0,0.09303442388772964,0.035947397351264954,0.3035614490509033
258,0.09611514955759048,3e-05,0.08756183087825775,6147753.5,0.021750040352344513,0.008788106963038445,0.13617855310440063,0.16726802289485931,0.18385982513427734,4371791.5,0.0929514691233635,0.03592060133814812,0.3034180998802185
259,0.09597659856081009,3e-05,0.08750402927398682,6213172.0,0.021692192181944847,0.008768842555582523,0.13190525770187378,0.1671113818883896,0.18371443450450897,4418250.5,0.09287609905004501,0.03589417040348053,0.30328771471977234
260,0.09583662450313568,3e-05,0.0874393880367279,6275455.0,0.02163304015994072,0.008747436106204987,0.1331118494272232,0.16695472598075867,0.18356648087501526,4462546.5,0.09279973059892654,0.0358680821955204,0.30315548181533813
261,0.09569698572158813,3e-05,0.08736887574195862,6333519.5,0.021573007106781006,0.00872743222862482,0.1641072779893875,0.1667916476726532,0.18340256810188293,4507012.0,0.09271592646837234,0.03584139049053192,0.30301034450531006
262,0.09554962068796158,3e-05,0.08728250861167908,6401393.5,0.021505635231733322,0.008705808781087399,0.14377419650554657,0.1666116714477539,0.18320749700069427,4559628.0,0.09261640161275864,0.035810407251119614,0.3028377890586853
263,0.09539888054132462,3e-05,0.08720527589321136,6470290.0,0.021435098722577095,0.008683206513524055,0.15134410560131073,0.16644538938999176,0.18303783237934113,4608600.5,0.09253013134002686,0.03578251600265503,0.3026881515979767
264,0.09525593370199203,3e-05,0.08713877201080322,6538621.0,0.021372143179178238,0.008662686683237553,0.1570311039686203,0.16627849638462067,0.1828673630952835,4657902.5,0.09244341403245926,0.03575417771935463,0.30253759026527405
265,0.09511120617389679,3e-05,0.08704093098640442,6604233.5,0.021307040005922318,0.008642913773655891,0.14974671602249146,0.16609729826450348,0.18266727030277252,4709303.0,0.09234235435724258,0.03572279214859009,0.3023618459701538
266,0.09495941549539566,3e-05,0.08698225021362305,6689547.0,0.02123871259391308,0.00861702673137188,0.1385609358549118,0.1659502238035202,0.18255718052387238,4778753.5,0.09228164702653885,0.035696130245923996,0.30225712060928345
267,0.09481989592313766,3e-05,0.08695069700479507,6785056.0,0.021184444427490234,0.00859242957085371,0.14502161741256714,0.16580018401145935,0.1824374794960022,4844008.5,0.0922151431441307,0.0356701985001564,0.3021421432495117
268,0.09468512237071991,3e-05,0.08691442757844925,6874018.5,0.021132810041308403,0.008571986109018326,0.13006635010242462,0.1656426191329956,0.1822991669178009,4903911.5,0.09213960915803909,0.03564290329813957,0.30201107263565063
269,0.09454170614480972,3e-05,0.08685498684644699,6946300.0,0.021069929003715515,0.008548835292458534,0.14284950494766235,0.16548483073711395,0.18215197324752808,4955441.0,0.09206151217222214,0.03561639040708542,0.3018752336502075
270,0.09440336376428604,3e-05,0.08679487556219101,7017555.5,0.021011339500546455,0.008528348058462143,0.13913650810718536,0.16532519459724426,0.1820015013217926,5008884.0,0.09198175370693207,0.03558941185474396,0.301736444234848
271,0.09426341205835342,3e-05,0.08675310015678406,7094327.5,0.020951468497514725,0.008507735095918179,0.14708462357521057,0.1651647686958313,0.1818496435880661,5064414.0,0.09190130233764648,0.035562317818403244,0.30159640312194824
272,0.09412172436714172,3e-05,0.08669524639844894,7171861.5,0.020889148116111755,0.008487185463309288,0.1497172713279724,0.16499358415603638,0.18167230486869812,5120126.0,0.09180933237075806,0.03553298860788345,0.30143600702285767
273,0.09397950768470764,3e-05,0.08664868772029877,7247500.0,0.020827043801546097,0.00846619438380003,0.14439406991004944,0.16482830047607422,0.18151482939720154,5178343.5,0.09172504395246506,0.0355035737156868,0.3012889623641968
274,0.09383749216794968,3e-05,0.08659421652555466,7328284.0,0.02076568827033043,0.00844516884535551,0.13030171394348145,0.16465942561626434,0.18134325742721558,5234877.5,0.09163585305213928,0.03547447547316551,0.3011332154273987
275,0.09369548410177231,3e-05,0.08654456585645676,7401461.0,0.020702451467514038,0.008424372412264347,0.1299196183681488,0.1644972562789917,0.18118053674697876,5287282.0,0.09155197441577911,0.03544745594263077,0.3009866774082184
276,0.09355522692203522,3e-05,0.08649486303329468,7477288.5,0.02064119465649128,0.008403528481721878,0.15383070707321167,0.16433273255825043,0.1810179203748703,5345017.0,0.09146709740161896,0.03541931137442589,0.3008383810520172
277,0.09340840578079224,3e-05,0.08645401149988174,7564783.5,0.020574044436216354,0.008381994441151619,0.12972339987754822,0.16414055228233337,0.18079249560832977,5413750.5,0.09135439991950989,0.03538593649864197,0.3006412982940674
278,0.09325017780065536,3e-05,0.08639264106750488,7651857.5,0.02049492858350277,0.008357053622603416,0.15622468292713165,0.16396953165531158,0.18061035871505737,5473602.0,0.091262087225914,0.03535695746541023,0.3004797101020813
279,0.09310682862997055,3e-05,0.08634540438652039,7735956.0,0.020430224016308784,0.008338102139532566,0.13498160243034363,0.1637773960828781,0.18038280308246613,5535237.0,0.09114902466535568,0.035322654992341995,0.300281286239624
280,0.09295292943716049,3e-05,0.08629180490970612,7819687.0,0.020356466993689537,0.008314003236591816,0.15025091171264648,0.1636117845773697,0.18022410571575165,5597636.0,0.09106410294771194,0.03529271483421326,0.3001323938369751
281,0.09281208366155624,3e-05,0.08625034987926483,7903765.5,0.02029534988105297,0.0082935756072402,0.1277027577161789,0.16344179213047028,0.18004553020000458,5657169.5,0.09097285568714142,0.03526308387517929,0.29997220635414124
282,0.09267285466194153,3e-05,0.0862228199839592,7985584.0,0.02023465558886528,0.008274108171463013,0.1437729299068451,0.16327407956123352,0.17986960709095,5714930.0,0.09088340401649475,0.035234179347753525,0.2998150587081909
283,0.09253169596195221,3e-05,0.08618192374706268,8066975.5,0.020171361044049263,0.008254697546362877,0.13098615407943726,0.1630982756614685,0.17967335879802704,5774368.5,0.09078551083803177,0.03520403057336807,0.2996429204940796
284,0.09239067137241364,3e-05,0.08614372462034225,8148175.5,0.020108982920646667,0.008233606815338135,0.14672082662582397,0.16293692588806152,0.1795177459716797,5836905.5,0.09070345014333725,0.03517642989754677,0.29949885606765747
285,0.09224844723939896,3e-05,0.08610866963863373,8236895.0,0.020046044141054153,0.008212903514504433,0.14620594680309296,0.16276031732559204,0.17932413518428802,5899997.5,0.0906054675579071,0.03514549508690834,0.2993263602256775
286,0.09209635108709335,3e-05,0.08603689074516296,8317375.5,0.019972028210759163,0.008190307766199112,0.13421715795993805,0.16257303953170776,0.1791011542081833,5956483.0,0.09049594402313232,0.03511199355125427,0.29913294315338135
287,0.09195683896541595,3e-05,0.08600445091724396,8395538.0,0.019910220056772232,0.008173037320375443,0.1268824338912964,0.16239529848098755,0.1789027750492096,6018156.5,0.09039633721113205,0.03508063405752182,0.2989572286605835
288,0.09181856364011765,3e-05,0.08597114682197571,8481890.0,0.01984993740916252,0.008154859766364098,0.13042928278446198,0.1622237265110016,0.178716778755188,6079059.5,0.09030255675315857,0.03505081683397293,0.2987917363643646
289,0.09167773276567459,3e-05,0.08593746274709702,8566205.0,0.019787639379501343,0.008133583702147007,0.1504186987876892,0.16206002235412598,0.17855432629585266,6144968.0,0.09021776914596558,0.03502262756228447,0.2986423373222351
290,0.09153418987989426,3e-05,0.08592560142278671,8660220.0,0.019721752032637596,0.008114676922559738,0.14118371903896332,0.1618618369102478,0.17829543352127075,6217143.0,0.0900963842868805,0.03498827666044235,0.2984277009963989
291,0.09138506650924683,3e-05,0.08590704202651978,8765658.0,0.019650986418128014,0.008092748932540417,0.1403697431087494,0.161680206656456,0.1780940741300583,6294734.5,0.08999443054199219,0.03495585173368454,0.29824769496917725
292,0.09123371541500092,3e-05,0.08587205410003662,8864744.0,0.0195792093873024,0.00806877389550209,0.13211573660373688,0.16151176393032074,0.17792454361915588,6366911.0,0.08990534394979477,0.034926027059555054,0.298090398311615
293,0.09109790623188019,3e-05,0.08586696535348892,8969275.0,0.019522882997989655,0.008048275485634804,0.13349628448486328,0.16135679185390472,0.1777869462966919,6440358.5,0.08982954919338226,0.034899529069662094,0.29795682430267334
294,0.09096331894397736,3e-05,0.08587217330932617,9064782.0,0.01946580410003662,0.008030031807720661,0.12921485304832458,0.16117939352989197,0.17757315933704376,6507694.0,0.08972837030887604,0.03486988693475723,0.29777762293815613
295,0.09082163870334625,3e-05,0.08584888279438019,9159495.0,0.019401248544454575,0.008009427227079868,0.14340552687644958,0.16100987792015076,0.17740415036678314,6578546.0,0.089636892080307,0.034840017557144165,0.297615647315979
296,0.09068110585212708,3e-05,0.08582846075296402,9261157.0,0.019338570535182953,0.0079897940158844,0.13366040587425232,0.1608279049396515,0.17721055448055267,6655640.5,0.08953268826007843,0.03480716794729233,0.2974308431148529
297,0.09053964912891388,3e-05,0.08581966906785965,9363914.0,0.019275426864624023,0.007969087921082973,0.1496887505054474,0.16065895557403564,0.17704324424266815,6728733.5,0.0894419476389885,0.034777380526065826,0.2972700297832489
298,0.0903952494263649,3e-05,0.08580680191516876,9453385.0,0.019207080826163292,0.007950831204652786,0.12519942224025726,0.16043877601623535,0.1767645925283432,6788267.5,0.08929596096277237,0.034736134111881256,0.29700934886932373
299,0.09024856984615326,3e-05,0.08580927550792694,9537079.0,0.019135434180498123,0.007933023385703564,0.15098190307617188,0.1602446585893631,0.17653532326221466,6852728.5,0.08917700499296188,0.03470107913017273,0.2967972159385681
300,0.09009379893541336,3e-05,0.0857769027352333,9628335.0,0.01905464008450508,0.007912887260317802,0.12649941444396973,0.16001595556735992,0.17621192336082458,6922591.0,0.08902131021022797,0.03465975821018219,0.29651883244514465
301,0.08994758874177933,3e-05,0.08579521626234055,9722154.0,0.018981793895363808,0.00789645779877901,0.13969887793064117,0.15982337296009064,0.17597462236881256,6991475.0,0.08890266716480255,0.03462565317749977,0.29630690813064575
302,0.08980635553598404,3e-05,0.08578522503376007,9815985.0,0.018914656713604927,0.007878465577960014,0.12354164570569992,0.15963712334632874,0.17577531933784485,7061456.5,0.08879084885120392,0.034592870622873306,0.2961071729660034
303,0.08966568857431412,3e-05,0.0857730358839035,9909973.0,0.01884874515235424,0.007858756929636002,0.1281176209449768,0.15947426855564117,0.1756439208984375,7130463.5,0.08870347589254379,0.034564536064863205,0.2959514260292053
304,0.08953962475061417,3e-05,0.08577873557806015,10010564.0,0.018799645826220512,0.00784076564013958,0.12896282970905304,0.15931640565395355,0.1755281239748001,7207002.5,0.08862346410751343,0.03453518822789192,0.2958090901374817
305,0.08940976113080978,3e-05,0.085780069231987,10116941.0,0.018747031688690186,0.00782296434044838,0.1277686059474945,0.15915176272392273,0.17540018260478973,7283332.0,0.08853581547737122,0.034504976123571396,0.2956528663635254
306,0.08928033709526062,3e-05,0.08578424155712128,10219712.0,0.018694743514060974,0.007804922293871641,0.14433914422988892,0.1589835286140442,0.17526327073574066,7357459.5,0.08844351023435593,0.03447478264570236,0.29548802971839905
307,0.08914312720298767,3e-05,0.08578270673751831,10319487.0,0.01863011345267296,0.0077894567511975765,0.12735718488693237,0.1587749421596527,0.17504410445690155,7430056.5,0.08830518275499344,0.03444025292992592,0.2952396869659424
308,0.08900383859872818,3e-05,0.08579430729150772,10418812.0,0.018563389778137207,0.007771104108542204,0.15117432177066803,0.15861093997955322,0.17490869760513306,7506166.0,0.08821649849414825,0.03441164270043373,0.2950812578201294
309,0.08887127786874771,3e-05,0.08580414950847626,10534595.0,0.01850837469100952,0.007751616649329662,0.1333850920200348,0.15844577550888062,0.17478734254837036,7596489.0,0.08813069015741348,0.03437881916761398,0.29492831230163574
310,0.08874208480119705,3e-05,0.08581320941448212,10652154.0,0.018457558006048203,0.007732266094535589,0.13400524854660034,0.15828384459018707,0.1746632158756256,7679322.5,0.08804573863744736,0.03434862568974495,0.29477664828300476
311,0.08861077576875687,3e-05,0.0858241617679596,10768605.0,0.018402349203824997,0.007713593076914549,0.13285909593105316,0.15810967981815338,0.17451591789722443,7761975.0,0.08794710040092468,0.03431650251150131,0.2946000099182129
312,0.08847824484109879,3e-05,0.08582088351249695,10878925.0,0.018344871699810028,0.007695287466049194,0.1320897787809372,0.15793131291866302,0.17436887323856354,7838755.5,0.0878429114818573,0.034283868968486786,0.2944129705429077
313,0.08834908902645111,3e-05,0.08584242314100266,10976927.0,0.01828927733004093,0.007680666167289019,0.13547563552856445,0.1577461212873459,0.17424160242080688,7909246.0,0.0877312645316124,0.034249451011419296,0.2942120432853699
314,0.08821675926446915,3e-05,0.08583877980709076,11080860.0,0.018232155591249466,0.007662991993129253,0.13846328854560852,0.1575748771429062,0.17412734031677246,7996054.5,0.08763611316680908,0.03421732783317566,0.2940415143966675
315,0.0880904495716095,3e-05,0.08587830513715744,11197687.0,0.018179384991526604,0.007648622617125511,0.12670005857944489,0.15737594664096832,0.1739916354417801,8073994.0,0.08750851452350616,0.03418055921792984,0.29381129145622253
316,0.08795224875211716,3e-05,0.08587083220481873,11302484.0,0.018113771453499794,0.007630195934325457,0.12874732911586761,0.15721042454242706,0.17388302087783813,8152794.0,0.08741684257984161,0.03415059298276901,0.29364657402038574
317,0.08783043920993805,3e-05,0.08589775860309601,11410639.0,0.01806584559381008,0.007615030277520418,0.13226233422756195,0.1570415496826172,0.17377111315727234,8232950.0,0.08732207119464874,0.034120023250579834,0.2934761643409729
318,0.08770552277565002,3e-05,0.08591918647289276,11530302.0,0.018016282469034195,0.007599206641316414,0.13400296866893768,0.156873419880867,0.17365483939647675,8323624.5,0.08723025768995285,0.03408746048808098,0.29331135749816895
319,0.08757326751947403,3e-05,0.08593560010194778,11655270.0,0.0179595984518528,0.007581249810755253,0.12737862765789032,0.1566888988018036,0.1735251545906067,8414767.0,0.08712079375982285,0.03405212238430977,0.29311415553092957
320,0.08744596689939499,3e-05,0.08596435934305191,11775211.0,0.01790754683315754,0.007564621511846781,0.12461478263139725,0.1565176397562027,0.17340566217899323,8503545.0,0.0870249792933464,0.034019194543361664,0.29294174909591675
321,0.08731929957866669,3e-05,0.08598785102367401,11895284.0,0.017855890095233917,0.007548230234533548,0.14392727613449097,0.15634289383888245,0.17328505218029022,8590690.0,0.08692490309476852,0.03398648276925087,0.2927613854408264
322,0.08718635141849518,3e-05,0.08600950241088867,12021823.0,0.01779772713780403,0.0075301812030375,0.13043315708637238,0.1561613231897354,0.17315909266471863,8682128.0,0.08681779354810715,0.03395264223217964,0.2925681471824646
323,0.08706079423427582,3e-05,0.08604265004396439,12140310.0,0.01774604432284832,0.007515390869230032,0.13510268926620483,0.1559801548719406,0.17303279042243958,8769745.0,0.08671029657125473,0.033919110894203186,0.2923739552497864
324,0.08693507313728333,3e-05,0.0860920399427414,12266631.0,0.017694367095828056,0.007501247804611921,0.1297658085823059,0.15580128133296967,0.17290878295898438,8861416.0,0.08660584688186646,0.03388609737157822,0.29218536615371704
325,0.08680925518274307,3e-05,0.08610892295837402,12384393.0,0.017643434926867485,0.007483911234885454,0.11841145902872086,0.15565748512744904,0.17281992733478546,8943795.0,0.08653702586889267,0.03386130928993225,0.29206180572509766
326,0.08669304102659225,3e-05,0.08613169193267822,12496400.0,0.01760159619152546,0.007469377014786005,0.13436740636825562,0.1555010974407196,0.17271877825260162,9026872.0,0.08645466715097427,0.0338340699672699,0.29191339015960693
327,0.08657220751047134,3e-05,0.08616374433040619,12613001.0,0.01755478046834469,0.007454544305801392,0.13500052690505981,0.1553376168012619,0.17261071503162384,9117754.0,0.08636584877967834,0.03380488231778145,0.29175320267677307
328,0.08644858002662659,3e-05,0.0862022191286087,12757814.0,0.017507541924715042,0.007439764682203531,0.14600449800491333,0.15516938269138336,0.17250005900859833,9230532.0,0.08627515286207199,0.03377377241849899,0.2915900945663452
329,0.08631631731987,3e-05,0.08623144775629044,12903573.0,0.017452064901590347,0.007420748472213745,0.11993210762739182,0.1549869179725647,0.1723697930574417,9330530.0,0.08616846799850464,0.03373917192220688,0.2913971543312073
330,0.08619187772274017,3e-05,0.08627073466777802,13032990.0,0.01740284450352192,0.0074062468484044075,0.12539663910865784,0.1548200100660324,0.1722564697265625,9422713.0,0.08607617765665054,0.033709075301885605,0.29123038053512573
331,0.08606939017772675,3e-05,0.08630196750164032,13156106.0,0.017354337498545647,0.007391416002064943,0.14618945121765137,0.15465466678142548,0.1721438467502594,9512777.0,0.08598513901233673,0.0336792878806591,0.2910657227039337
332,0.08594538271427155,3e-05,0.0863400474190712,13297212.0,0.017307080328464508,0.00737531716004014,0.12421908974647522,0.1544836163520813,0.17202128469944,9627503.0,0.08589284121990204,0.03364449366927147,0.2908994257450104
333,0.08582250773906708,3e-05,0.08637552708387375,13440532.0,0.0172614436596632,0.0073587107472121716,0.13246655464172363,0.1543230265378952,0.17191055417060852,9721443.0,0.08580782264471054,0.033614300191402435,0.2907458543777466
334,0.08570333570241928,3e-05,0.08642258495092392,13575012.0,0.017217624932527542,0.007345587946474552,0.12898127734661102,0.1541471630334854,0.1717853546142578,9817415.0,0.0857066959142685,0.03358146548271179,0.2905625104904175
335,0.08558008819818497,3e-05,0.08645691722631454,13699388.0,0.017168182879686356,0.007332431152462959,0.1365862786769867,0.15395474433898926,0.17164136469364166,9900422.0,0.08558690547943115,0.03354472294449806,0.29034423828125
336,0.08545531332492828,3e-05,0.08648008853197098,13814642.0,0.017115963622927666,0.007319462951272726,0.12483759969472885,0.15374483168125153,0.17149317264556885,9989236.0,0.0854496881365776,0.03350308910012245,0.2900937795639038
337,0.08533000946044922,3e-05,0.08652198314666748,13932242.0,0.017063692212104797,0.00730644166469574,0.11954128742218018,0.15356722474098206,0.17137740552425385,10076520.0,0.08534534275531769,0.03346996754407883,0.2899038791656494
338,0.08521130681037903,3e-05,0.08654722571372986,14046608.0,0.017017951235175133,0.0072936383076012135,0.1466692090034485,0.15340030193328857,0.17127202451229095,10162234.0,0.08525160700082779,0.03343963995575905,0.2897334396839142
339,0.08509232848882675,3e-05,0.08657467365264893,14168730.0,0.016973532736301422,0.007279728073626757,0.128902867436409,0.15322937071323395,0.17115871608257294,10265394.0,0.0851566269993782,0.03340602666139603,0.28956109285354614
340,0.08497700095176697,3e-05,0.08662831783294678,14316505.0,0.016933448612689972,0.007267712149769068,0.13141117990016937,0.153070867061615,0.17106673121452332,10365437.0,0.08507276326417923,0.03337813913822174,0.2894091010093689
341,0.08486207574605942,3e-05,0.08667291700839996,14457114.0,0.016893792897462845,0.007254712283611298,0.12629111111164093,0.1529243290424347,0.17098332941532135,10464857.0,0.08500182628631592,0.03335265442728996,0.28928110003471375
342,0.08475048094987869,3e-05,0.08671057969331741,14594680.0,0.0168580524623394,0.007242000196129084,0.13111120462417603,0.15278664231300354,0.17091511189937592,10569978.0,0.08494026213884354,0.033329546451568604,0.2891705334186554
343,0.08463209867477417,3e-05,0.08675450086593628,14742955.0,0.016815563663840294,0.0072270603850483894,0.12042684108018875,0.15263238549232483,0.17083825170993805,10680137.0,0.08486168831586838,0.03330281376838684,0.2890285551548004
344,0.08451821655035019,3e-05,0.08680097758769989,14885910.0,0.016776232048869133,0.007215012330561876,0.1334744095802307,0.15246900916099548,0.17074640095233917,10772065.0,0.08477127552032471,0.033274147659540176,0.28886401653289795
345,0.08440300822257996,3e-05,0.08684544265270233,15014823.0,0.01673382893204689,0.007204522378742695,0.12680044770240784,0.15227484703063965,0.17062242329120636,10868829.0,0.08464999496936798,0.033237140625715256,0.28864219784736633
346,0.0842810794711113,3e-05,0.08688348531723022,15145926.0,0.016684843227267265,0.007192695513367653,0.1201694905757904,0.15210099518299103,0.17053477466106415,10964917.0,0.08454875648021698,0.033206257969141006,0.288457453250885
347,0.08416769653558731,3e-05,0.08691109716892242,15268600.0,0.016643498092889786,0.007182404398918152,0.11970075964927673,0.1519344002008438,0.17044760286808014,11048180.0,0.0844537541270256,0.033177006989717484,0.2882838249206543
348,0.08405766636133194,3e-05,0.08694816380739212,15382826.0,0.016605393961071968,0.007171981502324343,0.1253918707370758,0.15177375078201294,0.1703660488128662,11133796.0,0.08436521142721176,0.033149197697639465,0.28812217712402344
349,0.08394856005907059,3e-05,0.08699386566877365,15497829.0,0.016567349433898926,0.007163709029555321,0.12803396582603455,0.1515856832265854,0.170256569981575,11213923.0,0.0842471495270729,0.03311444818973541,0.28790533542633057
350,0.08383049070835114,3e-05,0.08701030164957047,15609497.0,0.016519684344530106,0.007153231650590897,0.13673216104507446,0.151401549577713,0.17015819251537323,11303751.0,0.08413418382406235,0.033081766217947006,0.2876981794834137
351,0.0837179571390152,3e-05,0.08706599473953247,15750285.0,0.016479114070534706,0.007145097944885492,0.12470323592424393,0.15120862424373627,0.17005257308483124,11410651.0,0.08401407301425934,0.033045947551727295,0.2874780297279358
352,0.08360008150339127,3e-05,0.08709348738193512,15884008.0,0.016434678807854652,0.007133502513170242,0.13219118118286133,0.15104910731315613,0.16997097432613373,11508567.0,0.08392853289842606,0.033017776906490326,0.2873219847679138
353,0.08348431438207626,3e-05,0.08713509887456894,16022109.0,0.016392258927226067,0.007122399285435677,0.12233088910579681,0.15086235105991364,0.16986888647079468,11615215.0,0.0838145762681961,0.032983265817165375,0.2871130108833313
354,0.08336790651082993,3e-05,0.08717953413724899,16174996.0,0.016349244862794876,0.007111932151019573,0.1282358020544052,0.15069852769374847,0.16979369521141052,11724272.0,0.08372441679239273,0.032954759895801544,0.28694847226142883
355,0.08325707912445068,3e-05,0.08723053336143494,16321907.0,0.01631135679781437,0.0071027264930307865,0.12660564482212067,0.15051023662090302,0.16970786452293396,11830007.0,0.08360837399959564,0.03292003273963928,0.2867353856563568
356,0.08314113318920135,3e-05,0.08728129416704178,16468744.0,0.016267675906419754,0.007093819323927164,0.13764223456382751,0.15031975507736206,0.16962087154388428,11943672.0,0.08349059522151947,0.03288465365767479,0.2865191102027893
357,0.0830235704779625,3e-05,0.08733172714710236,16637137.0,0.016224056482315063,0.007083588745445013,0.13271747529506683,0.1501343995332718,0.1695365160703659,12072333.0,0.08337967842817307,0.03285030648112297,0.28631591796875
358,0.08290286362171173,3e-05,0.08737251907587051,16804052.0,0.016175435855984688,0.0070748282596468925,0.1296817660331726,0.14991073310375214,0.1694485992193222,12193098.0,0.08322662860155106,0.03280878812074661,0.2860335111618042
359,0.08278192579746246,3e-05,0.08743801712989807,16978942.0,0.016127170994877815,0.007065770216286182,0.11678677052259445,0.1497189998626709,0.16934987902641296,12323988.0,0.08310936391353607,0.03277185559272766,0.2858182191848755
360,0.08266620337963104,3e-05,0.08749300986528397,17139700.0,0.016085268929600716,0.007054897025227547,0.1285119652748108,0.14955411851406097,0.16926982998847961,12430832.0,0.08301734179258347,0.032742615789175034,0.28564947843551636
361,0.08255474269390106,3e-05,0.08752959221601486,17283280.0,0.016046177595853806,0.007044934201985598,0.12033266574144363,0.14938774704933167,0.16919821500778198,12538488.0,0.08292299509048462,0.032714080065488815,0.28547629714012146
362,0.0824466124176979,3e-05,0.08758144825696945,17430152.0,0.01600993424654007,0.007037246134132147,0.12259871512651443,0.14921388030052185,0.1691218465566635,12642617.0,0.0828205868601799,0.032683856785297394,0.2852878272533417
363,0.08233851939439774,3e-05,0.08763192594051361,17568958.0,0.015972713008522987,0.0070305196568369865,0.1315736323595047,0.1490197330713272,0.16902010142803192,12738227.0,0.0826965868473053,0.03264724463224411,0.2850584089756012
364,0.0822310671210289,3e-05,0.08768047392368317,17703374.0,0.015935620293021202,0.007025162689387798,0.12069608271121979,0.14880992472171783,0.16889838874340057,12840703.0,0.08255769312381744,0.03260553255677223,0.28480100631713867
365,0.08212064951658249,3e-05,0.08772572129964828,17848336.0,0.015896473079919815,0.007018113508820534,0.118515744805336,0.14863206446170807,0.16880817711353302,12942818.0,0.08245116472244263,0.03257328271865845,0.2846043109893799
366,0.08201514184474945,3e-05,0.08775487542152405,17972194.0,0.01586201600730419,0.0070104775950312614,0.12308112531900406,0.14847205579280853,0.16872714459896088,13030126.0,0.08236183971166611,0.03254568949341774,0.2844395041465759
367,0.08191268891096115,3e-05,0.08780699968338013,18101184.0,0.015830375254154205,0.007004631217569113,0.11690311878919601,0.1483031064271927,0.16864627599716187,13128235.0,0.08226392418146133,0.032516248524188995,0.28425872325897217
368,0.08181095123291016,3e-05,0.0878453254699707,18234444.0,0.015799779444932938,0.006998113356530666,0.117264524102211,0.14815470576286316,0.16858327388763428,13223339.0,0.08218685537576675,0.03249228745698929,0.28411704301834106
369,0.0817103162407875,3e-05,0.08789414167404175,18367066.0,0.015770696103572845,0.006992065813392401,0.12923608720302582,0.14800362288951874,0.16851301491260529,13324552.0,0.08210783451795578,0.032466862350702286,0.28397178649902344
370,0.08160776644945145,3e-05,0.08794914931058884,18514514.0,0.015740685164928436,0.006984041538089514,0.11670725792646408,0.1478544920682907,0.16843971610069275,13436967.0,0.08203166723251343,0.032441139221191406,0.2838321030139923
371,0.08150903880596161,3e-05,0.08801829814910889,18659266.0,0.01571447215974331,0.006978863850235939,0.12129119783639908,0.14770419895648956,0.16836899518966675,13532642.0,0.08195284008979797,0.03241614252328873,0.28368693590164185
372,0.0814095214009285,3e-05,0.08805268257856369,18784880.0,0.015685314312577248,0.006973263341933489,0.11961923539638519,0.14753670990467072,0.16829366981983185,13620867.0,0.08185473084449768,0.03238784521818161,0.2835052013397217
373,0.08130882680416107,3e-05,0.08809083700180054,18904860.0,0.01565427891910076,0.006967961322516203,0.11422564089298248,0.1473715901374817,0.1682162582874298,13714158.0,0.08175981789827347,0.032359663397073746,0.28332948684692383
374,0.08120942115783691,3e-05,0.0881287232041359,19032808.0,0.015625178813934326,0.006962591782212257,0.11752232164144516,0.1472139209508896,0.1681460291147232,13805361.0,0.08167234808206558,0.032333772629499435,0.2831677198410034
375,0.0811106264591217,3e-05,0.0881895050406456,19170636.0,0.015597016550600529,0.006959001999348402,0.11540382355451584,0.147043839097023,0.16806760430335999,13909051.0,0.08157312870025635,0.032304566353559494,0.28298401832580566
376,0.08101020753383636,3e-05,0.0882234275341034,19295856.0,0.015566744841635227,0.006953796837478876,0.11608278751373291,0.1468845009803772,0.1679956614971161,13994093.0,0.0814834013581276,0.03227849677205086,0.28281766176223755
377,0.08091427385807037,3e-05,0.08827527612447739,19425722.0,0.015540633350610733,0.006950231734663248,0.125835120677948,0.14670559763908386,0.16790741682052612,14092360.0,0.08137455582618713,0.032246850430965424,0.2826153635978699
378,0.08080572634935379,3e-05,0.08830545097589493,19555780.0,0.015502212569117546,0.006943981163203716,0.12657132744789124,0.14650070667266846,0.16779178380966187,14192167.0,0.08123957365751266,0.03220752626657486,0.28236350417137146
379,0.0807039737701416,3e-05,0.08834569156169891,19689974.0,0.015469959005713463,0.006941357161849737,0.12579303979873657,0.14628683030605316,0.16766411066055298,14291378.0,0.08109543472528458,0.032165322452783585,0.2820940613746643
380,0.08059968799352646,3e-05,0.08840060979127884,19841492.0,0.0154372937977314,0.006936776451766491,0.11215528100728989,0.14611661434173584,0.167575865983963,14413322.0,0.08099840581417084,0.032134976238012314,0.2819144129753113
381,0.08050046861171722,3e-05,0.0884672999382019,19997282.0,0.015410256572067738,0.006933394353836775,0.11576241999864578,0.1459546685218811,0.16749349236488342,14513065.0,0.08090753108263016,0.03210723027586937,0.2817457318305969
382,0.08040303736925125,3e-05,0.08850611746311188,20119930.0,0.015383478254079819,0.006928378716111183,0.13569523394107819,0.14580081403255463,0.16741670668125153,14600613.0,0.08082392811775208,0.03208189457654953,0.28159046173095703
383,0.08030740171670914,3e-05,0.08856385201215744,20255858.0,0.015358291566371918,0.006926396861672401,0.11663629114627838,0.14559534192085266,0.1672963947057724,14707042.0,0.08068878203630447,0.032042246311903,0.2813377380371094
384,0.08020491898059845,3e-05,0.08858108520507812,20380934.0,0.015325479209423065,0.006921489257365465,0.11747477948665619,0.14543017745018005,0.16720853745937347,14790152.0,0.08059296011924744,0.03201385214924812,0.2811589539051056
385,0.08010758459568024,3e-05,0.08862636238336563,20502004.0,0.015297609381377697,0.006917452905327082,0.12411575764417648,0.1452575922012329,0.16711826622486115,14885386.0,0.08049008250236511,0.031983740627765656,0.28096699714660645
386,0.08001028001308441,3e-05,0.08866993337869644,20647980.0,0.015270652249455452,0.006915474776178598,0.1314447969198227,0.14506636559963226,0.16702084243297577,15008268.0,0.08037000149488449,0.03194928169250488,0.28074294328689575
387,0.0799080953001976,3e-05,0.0887599065899849,20843914.0,0.015240653418004513,0.0069139269180595875,0.12113188207149506,0.14489170908927917,0.16695530712604523,15165336.0,0.08026858419179916,0.03192107751965523,0.28055527806282043
388,0.07980566471815109,3e-05,0.0888395681977272,21030234.0,0.015210999175906181,0.006909255404025316,0.13539785146713257,0.14475934207439423,0.1669013947248459,15281948.0,0.08020902425050735,0.03190210089087486,0.28044605255126953
389,0.07971618324518204,3e-05,0.08895805478096008,21211158.0,0.015195857733488083,0.006909499876201153,0.12170252203941345,0.14462946355342865,0.1668555587530136,15420117.0,0.08015380054712296,0.031884510070085526,0.28034570813179016
390,0.07961436361074448,3e-05,0.08900787681341171,21373290.0,0.015165602788329124,0.0069046528078615665,0.1228795051574707,0.14445526897907257,0.16677744686603546,15523521.0,0.08004863560199738,0.03185606747865677,0.2801494002342224
391,0.07952069491147995,3e-05,0.08906049281358719,21508310.0,0.015141739509999752,0.006902150809764862,0.12353772670030594,0.14431871473789215,0.1667158603668213,15614850.0,0.07998225092887878,0.031836092472076416,0.2800264060497284
392,0.0794292762875557,3e-05,0.08911984413862228,21634078.0,0.015119644813239574,0.00690067233517766,0.11715880036354065,0.1441430151462555,0.1666272133588791,15705025.0,0.07987513393163681,0.031805526465177536,0.2798256278038025
393,0.07933718711137772,3e-05,0.08916614204645157,21758912.0,0.015096600167453289,0.006899657659232616,0.11438320577144623,0.1439816653728485,0.16655005514621735,15798002.0,0.079783134162426,0.0317787230014801,0.2796536684036255
394,0.07924708724021912,3e-05,0.08922012895345688,21884692.0,0.01507534459233284,0.006898482795804739,0.13315671682357788,0.1438235491514206,0.16647405922412872,15889041.0,0.07969406992197037,0.03175264596939087,0.27948713302612305
395,0.07915764302015305,3e-05,0.08931250125169754,22041008.0,0.01505697425454855,0.006898870691657066,0.11517993360757828,0.143669992685318,0.1663985550403595,16017745.0,0.07961288094520569,0.031726621091365814,0.2793363034725189
396,0.07906415313482285,3e-05,0.08937624841928482,22181130.0,0.015034070238471031,0.006895030848681927,0.1251312643289566,0.1435280740261078,0.166331484913826,16099405.0,0.07953990250825882,0.03170428425073624,0.2792000472545624
397,0.07897640764713287,3e-05,0.08943263441324234,22300416.0,0.01501600630581379,0.00689326599240303,0.12110085040330887,0.14340876042842865,0.1663046032190323,16196145.0,0.07949105650186539,0.03169010952115059,0.27911055088043213
398,0.07888659834861755,3e-05,0.0894976407289505,22439466.0,0.014996470883488655,0.006891708821058273,0.12428823113441467,0.14327049255371094,0.16626186668872833,16298255.0,0.07942281663417816,0.03167080134153366,0.278984010219574
399,0.07879963517189026,3e-05,0.08957168459892273,22583036.0,0.014979295432567596,0.006892661098390818,0.11980107426643372,0.1431070864200592,0.16618770360946655,16400855.0,0.07932879775762558,0.031643468886613846,0.2788079082965851
400,0.07870755344629288,3e-05,0.0896260216832161,22709710.0,0.014956074766814709,0.006890782155096531,0.11419986188411713,0.14295223355293274,0.1661188006401062,16487053.0,0.0792422741651535,0.03161868080496788,0.27864572405815125
401,0.078620046377182,3e-05,0.08967558294534683,22825088.0,0.0149367805570364,0.00689048832282424,0.12172552943229675,0.14279191195964813,0.16604919731616974,16575985.0,0.07915021479129791,0.03159298002719879,0.27847301959991455
402,0.07853449881076813,3e-05,0.08975843340158463,22974370.0,0.014920176938176155,0.0068933176808059216,0.11501599848270416,0.14263854920864105,0.1660049706697464,16689351.0,0.0790662169456482,0.031570758670568466,0.2783163785934448
403,0.07844292372465134,3e-05,0.08981497585773468,23107538.0,0.014897441491484642,0.006892054807394743,0.12581880390644073,0.14247548580169678,0.16593709588050842,16777604.0,0.07897108048200607,0.031544093042612076,0.27813756465911865
404,0.0783555656671524,3e-05,0.08986855298280716,23228812.0,0.01487705111503601,0.0068933977745473385,0.12922587990760803,0.1422705501317978,0.16583913564682007,16868110.0,0.07883239537477493,0.031506478786468506,0.27787530422210693
405,0.07826784998178482,3e-05,0.08992769569158554,23367236.0,0.014855744317173958,0.006897103972733021,0.12088488042354584,0.1420508772134781,0.16577759385108948,16971574.0,0.07867912203073502,0.03146567568182945,0.2775852680206299
406,0.07817374914884567,3e-05,0.0899626761674881,23487048.0,0.014828030951321125,0.0068966965191066265,0.11721713095903397,0.14188027381896973,0.16573169827461243,17046356.0,0.07857497036457062,0.03143731504678726,0.2773886024951935
407,0.07809042185544968,3e-05,0.08999016135931015,23583018.0,0.014811073429882526,0.006897992454469204,0.12805302441120148,0.14172615110874176,0.16569766402244568,17115376.0,0.07848698645830154,0.03141409531235695,0.2772228717803955
408,0.07800234854221344,3e-05,0.09001471102237701,23685398.0,0.014789183624088764,0.006898052990436554,0.12124819308519363,0.14154057204723358,0.16565163433551788,17205126.0,0.07836809009313583,0.0313824862241745,0.2769981026649475
409,0.07791757583618164,3e-05,0.09007547050714493,23819330.0,0.014771731570363045,0.0069009680300951,0.11580511927604675,0.14138205349445343,0.16561001539230347,17299770.0,0.07827738672494888,0.031357936561107635,0.2768274247646332
410,0.07783467322587967,3e-05,0.09012458473443985,23931720.0,0.014756795018911362,0.0069013661704957485,0.1194499060511589,0.14126478135585785,0.16556784510612488,17371078.0,0.07822828739881516,0.0313430055975914,0.27673596143722534
411,0.07775707542896271,3e-05,0.09018929302692413,24035088.0,0.014747561886906624,0.006901838351041079,0.12221833318471909,0.14118430018424988,0.16555684804916382,17448312.0,0.07821634411811829,0.031340111047029495,0.27671632170677185
412,0.07767562568187714,3e-05,0.09024268388748169,24142104.0,0.014734523370862007,0.00690069142729044,0.12263289093971252,0.14108069241046906,0.1655341386795044,17528238.0,0.07818110287189484,0.03133072331547737,0.2766520380973816
413,0.07759658992290497,3e-05,0.0903133675456047,24262610.0,0.014723829925060272,0.006902983412146568,0.11652693152427673,0.14094510674476624,0.1654999703168869,17616438.0,0.07811374962329865,0.031312692910432816,0.2765260934829712
414,0.07751335203647614,3e-05,0.09037183225154877,24384640.0,0.01470903493463993,0.006904314737766981,0.11784514039754868,0.14081479609012604,0.16546566784381866,17702388.0,0.07805182784795761,0.0312960222363472,0.2764105796813965
415,0.07743123173713684,3e-05,0.09041674435138702,24491798.0,0.014694996178150177,0.006905403919517994,0.12189833074808121,0.14067353308200836,0.1654205322265625,17780596.0,0.07797843962907791,0.03127552941441536,0.27627262473106384
416,0.07734760642051697,3e-05,0.09047511965036392,24613760.0,0.014679135754704475,0.006907111965119839,0.11461879312992096,0.14051419496536255,0.16537292301654816,17867806.0,0.07788660377264023,0.03125050291419029,0.2760992646217346
417,0.07726569473743439,3e-05,0.09051766246557236,24718038.0,0.014664323069155216,0.0069086141884326935,0.12005506455898285,0.14036709070205688,0.16532249748706818,17938686.0,0.07780661433935165,0.031227925792336464,0.2759482264518738
418,0.07718534767627716,3e-05,0.09056050330400467,24816646.0,0.014651911333203316,0.006909097079187632,0.12239286303520203,0.14025655388832092,0.1652759313583374,18014960.0,0.07776467502117157,0.031214630231261253,0.27587026357650757
419,0.07710482180118561,3e-05,0.09063126891851425,24943358.0,0.014640165492892265,0.006910752505064011,0.11326900124549866,0.14012102782726288,0.16523894667625427,18118352.0,0.07769784331321716,0.03119683638215065,0.27574533224105835
420,0.07702352106571198,3e-05,0.09069104492664337,25058668.0,0.01462654210627079,0.006912345066666603,0.12294823676347733,0.13998840749263763,0.1651967167854309,18186024.0,0.07763209939002991,0.031178588047623634,0.27562159299850464
421,0.07694485783576965,3e-05,0.09072710573673248,25149322.0,0.014614596962928772,0.006914034485816956,0.116766557097435,0.1398363709449768,0.1651429980993271,18249010.0,0.07754664868116379,0.031154541298747063,0.2754596173763275
422,0.0768636018037796,3e-05,0.09075747430324554,25234636.0,0.01460003387182951,0.006914710626006126,0.1121000349521637,0.13968446850776672,0.16507749259471893,18301322.0,0.07746096700429916,0.031129110604524612,0.2752966284751892
423,0.0767853781580925,3e-05,0.09077157825231552,25292804.0,0.014587581157684326,0.006914488505572081,0.11305742710828781,0.13954967260360718,0.16501866281032562,18337188.0,0.07739178836345673,0.031108174473047256,0.2751650810241699
424,0.07670789957046509,3e-05,0.09078019112348557,25341948.0,0.01457571517676115,0.0069138347171247005,0.11728525161743164,0.13943393528461456,0.16497576236724854,18370754.0,0.07734184712171555,0.031093453988432884,0.27507084608078003
425,0.07663355022668839,3e-05,0.0908011794090271,25386046.0,0.01456769835203886,0.006913184653967619,0.11319857090711594,0.13934308290481567,0.16493158042430878,18398508.0,0.0773174911737442,0.031084254384040833,0.27502554655075073
426,0.07655869424343109,3e-05,0.09080208092927933,25413360.0,0.014558406546711922,0.006910508498549461,0.11336375772953033,0.1392289251089096,0.16488318145275116,18417046.0,0.07726841419935226,0.031068790704011917,0.2749324440956116
427,0.07648231834173203,3e-05,0.09081891924142838,25464628.0,0.014547998085618019,0.0069095902144908905,0.11734259128570557,0.13910581171512604,0.16484013199806213,18473168.0,0.07721205055713654,0.03105233982205391,0.27482619881629944
428,0.07640424370765686,3e-05,0.09086576104164124,25564924.0,0.014537309296429157,0.006911697331815958,0.11134163290262222,0.13896581530570984,0.1648014634847641,18556464.0,0.07713975012302399,0.031032869592308998,0.2746899127960205
429,0.07632449269294739,3e-05,0.09090174734592438,25649290.0,0.014524242840707302,0.006912577897310257,0.12499169260263443,0.1388418823480606,0.16476337611675262,18609288.0,0.07708223909139633,0.031016819179058075,0.2745814323425293
430,0.0762469619512558,3e-05,0.09095747023820877,25760132.0,0.014514397829771042,0.006915483623743057,0.1133464053273201,0.13872210681438446,0.16474148631095886,18699098.0,0.07703084498643875,0.03100416250526905,0.2744859457015991
431,0.07616964727640152,3e-05,0.09100238978862762,25846040.0,0.014504509046673775,0.0069166324101388454,0.11483004689216614,0.13862155377864838,0.1647110879421234,18739976.0,0.07699666172266006,0.030994366854429245,0.2744223475456238
432,0.07609367370605469,3e-05,0.09103646129369736,25923712.0,0.014494845643639565,0.006918111350387335,0.11916550248861313,0.1384688913822174,0.1646585613489151,18808956.0,0.07691045850515366,0.030970249325037003,0.27425846457481384
433,0.07601401954889297,3e-05,0.09106659144163132,26010296.0,0.014481502585113049,0.006919501814991236,0.11069279164075851,0.13831652700901031,0.1646014302968979,18865506.0,0.0768241360783577,0.030945584177970886,0.27409398555755615
434,0.07593479007482529,3e-05,0.09108433127403259,26072906.0,0.014468065463006496,0.00691937655210495,0.11649145185947418,0.13818798959255219,0.16455304622650146,18901996.0,0.07676112651824951,0.03092719241976738,0.2739741802215576
435,0.07585720717906952,3e-05,0.09108788520097733,26124446.0,0.014455764554440975,0.006919289939105511,0.11289116740226746,0.13804490864276886,0.16450098156929016,18935640.0,0.07668294757604599,0.03090503066778183,0.2738250195980072
436,0.07578294724225998,3e-05,0.09109244495630264,26163160.0,0.014446492306888103,0.006919659208506346,0.11455391347408295,0.13791285455226898,0.1644475758075714,18963200.0,0.07661612331867218,0.030885320156812668,0.2736975848674774
437,0.07570774108171463,3e-05,0.09111496806144714,26227530.0,0.014437069185078144,0.006921343971043825,0.11875062435865402,0.1377643197774887,0.164398193359375,19029614.0,0.07653412222862244,0.03086278587579727,0.2735416889190674
438,0.07563059777021408,3e-05,0.09116116911172867,26329846.0,0.014426708221435547,0.006924898829311132,0.12454989552497864,0.1375991553068161,0.16433848440647125,19115280.0,0.07643617689609528,0.030835481360554695,0.2733549475669861
439,0.07554923743009567,3e-05,0.09121234714984894,26445870.0,0.014413170516490936,0.0069268085062503815,0.11990630626678467,0.13748595118522644,0.16431958973407745,19204258.0,0.07639119029045105,0.030824951827526093,0.2732715904712677
440,0.07547057420015335,3e-05,0.09129009395837784,26581602.0,0.014402685686945915,0.006932259537279606,0.11300954222679138,0.13733451068401337,0.1642839014530182,19301798.0,0.07630755007266998,0.03080401010811329,0.2731134295463562
441,0.07539292424917221,3e-05,0.09132623672485352,26673124.0,0.014391585253179073,0.006934293545782566,0.11748014390468597,0.13721781969070435,0.1642492413520813,19334094.0,0.07625620812177658,0.03078940510749817,0.2730161249637604
442,0.07532116770744324,3e-05,0.091345876455307,26720238.0,0.014385228045284748,0.006935648620128632,0.11066439747810364,0.13709977269172668,0.16421493887901306,19365264.0,0.07620342075824738,0.030774490907788277,0.27291595935821533
443,0.07524650543928146,3e-05,0.09136250615119934,26770730.0,0.014376098290085793,0.006936012301594019,0.11916789412498474,0.1369996964931488,0.1641848385334015,19402852.0,0.0761692076921463,0.03076454997062683,0.2728518843650818
444,0.075172558426857,3e-05,0.09137831628322601,26815586.0,0.014367821626365185,0.00693538598716259,0.1127387136220932,0.13689889013767242,0.1641503870487213,19427468.0,0.07613381743431091,0.030753888189792633,0.27278533577919006
445,0.07509935647249222,3e-05,0.09136725217103958,26828282.0,0.014359367080032825,0.006933104246854782,0.12986500561237335,0.13679291307926178,0.16410569846630096,19434532.0,0.07609232515096664,0.030740471556782722,0.2727062702178955
446,0.07502438127994537,3e-05,0.09139151871204376,26895560.0,0.014350183308124542,0.006934583652764559,0.1289687305688858,0.1366332769393921,0.16405920684337616,19525154.0,0.0759996846318245,0.030715135857462883,0.27252963185310364
447,0.07494708150625229,3e-05,0.09146192669868469,27025604.0,0.014339352957904339,0.006940364371985197,0.11832153797149658,0.13643252849578857,0.16400419175624847,19621792.0,0.07586496323347092,0.030678948387503624,0.27227136492729187
448,0.07486562430858612,3e-05,0.09151307493448257,27147564.0,0.014324516989290714,0.00694426242262125,0.11712612211704254,0.1362917423248291,0.16397808492183685,19710530.0,0.07579132914543152,0.03066006861627102,0.2721318006515503
449,0.07479076832532883,3e-05,0.09159043431282043,27279856.0,0.01431676559150219,0.006950891576707363,0.11386042088270187,0.13613753020763397,0.1639499068260193,19792894.0,0.0757037103176117,0.030637215822935104,0.2719648480415344
450,0.07471522688865662,3e-05,0.09161105751991272,27347610.0,0.01430704165250063,0.006952563300728798,0.11362709105014801,0.1360274702310562,0.16391360759735107,19816932.0,0.0756588727235794,0.030623748898506165,0.2718796133995056
451,0.07464201748371124,3e-05,0.09162366390228271,27386278.0,0.014298990368843079,0.006952675525099039,0.11608146131038666,0.13590845465660095,0.16387563943862915,19848586.0,0.07560514658689499,0.03060794062912464,0.2717771530151367
452,0.07456942647695541,3e-05,0.09164014458656311,27426406.0,0.014291981235146523,0.006951730232685804,0.11241049319505692,0.1358439177274704,0.16385264694690704,19875738.0,0.07560646533966064,0.03060748428106308,0.271781861782074
453,0.07449822872877121,3e-05,0.09165927767753601,27467686.0,0.014286409132182598,0.0069515034556388855,0.112152099609375,0.13576386868953705,0.16382698714733124,19896988.0,0.07559152692556381,0.030602533370256424,0.27175480127334595
454,0.07442691922187805,3e-05,0.09166385978460312,27486264.0,0.01427981723099947,0.006949783768504858,0.10956234484910965,0.13567596673965454,0.16379447281360626,19900014.0,0.075567826628685,0.0305943600833416,0.27171018719673157
455,0.07435578107833862,3e-05,0.0916559249162674,27494704.0,0.014272979460656643,0.006947723217308521,0.11610415577888489,0.13557785749435425,0.16375483572483063,19907086.0,0.07553408294916153,0.030583025887608528,0.2716459333896637
456,0.07428470253944397,3e-05,0.09164696931838989,27508122.0,0.01426611840724945,0.006946677342057228,0.11613868176937103,0.13544835150241852,0.16370785236358643,19927668.0,0.07546916604042053,0.030563274398446083,0.2715212106704712
457,0.07421036064624786,3e-05,0.09166893362998962,27560172.0,0.014257166534662247,0.006947310175746679,0.12217492610216141,0.13535059988498688,0.163692444562912,19973442.0,0.07543735206127167,0.03055490367114544,0.2714619040489197
458,0.07414407283067703,3e-05,0.09170586615800858,27597422.0,0.014256577007472515,0.006948202848434448,0.11678716540336609,0.1353224217891693,0.1636868715286255,19968874.0,0.0754740834236145,0.030564377084374428,0.2715352475643158
459,0.07407112419605255,3e-05,0.09166158735752106,27568218.0,0.01424734853208065,0.006941749714314938,0.1161566972732544,0.13524064421653748,0.16363967955112457,19942808.0,0.07545538991689682,0.030555929988622665,0.27149948477745056
460,0.07399944216012955,3e-05,0.09164778143167496,27569556.0,0.014239631593227386,0.006939143408089876,0.11517301201820374,0.13513316214084625,0.16359665989875793,19963380.0,0.07541261613368988,0.030542129650712013,0.2714177370071411
461,0.073929063975811,3e-05,0.09164513647556305,27582124.0,0.014233497902750969,0.006937205325812101,0.11396259814500809,0.135060116648674,0.1635764241218567,19966468.0,0.07540351897478104,0.030538761988282204,0.2714017331600189
462,0.07385814189910889,3e-05,0.09163382649421692,27589330.0,0.0142264598980546,0.006935382727533579,0.12084797024726868,0.13494130969047546,0.1635313183069229,19977676.0,0.07534864544868469,0.03052164986729622,0.27129632234573364
463,0.07378455251455307,3e-05,0.09165239334106445,27645018.0,0.014217715710401535,0.0069369543343782425,0.1191847026348114,0.13478334248065948,0.16349229216575623,20034068.0,0.07525583356618881,0.030495889484882355,0.27111804485321045
464,0.07371088862419128,3e-05,0.09165975451469421,27691180.0,0.014207919128239155,0.006938537582755089,0.10979817062616348,0.1346203237771988,0.1634530872106552,20044454.0,0.07515546679496765,0.030466971918940544,0.2709241509437561
465,0.07363719493150711,3e-05,0.09162599593400955,27702382.0,0.014197161421179771,0.006937443278729916,0.1115732491016388,0.13450293242931366,0.16342221200466156,20054454.0,0.07510149478912354,0.030450917780399323,0.27082058787345886
466,0.0735657811164856,3e-05,0.09162335842847824,27731622.0,0.014189552515745163,0.00693768123164773,0.11230491101741791,0.13437913358211517,0.16338840126991272,20076154.0,0.07504166662693024,0.030433185398578644,0.2707056999206543
467,0.0734935849905014,3e-05,0.09160798788070679,27742518.0,0.014180895872414112,0.006936014164239168,0.11890342831611633,0.1342669576406479,0.163345605134964,20078382.0,0.07499293982982635,0.030417444184422493,0.27061185240745544
468,0.07342146337032318,3e-05,0.0916169211268425,27773394.0,0.014173309318721294,0.00693516805768013,0.11389129608869553,0.13414865732192993,0.16329877078533173,20119976.0,0.07494007796049118,0.030400661751627922,0.27051037549972534
469,0.07334868609905243,3e-05,0.09163302183151245,27817756.0,0.014165256172418594,0.006935409735888243,0.1138906329870224,0.1340237259864807,0.1632474809885025,20133810.0,0.07487895339727402,0.030381061136722565,0.27039217948913574
470,0.07327710837125778,3e-05,0.09160269796848297,27806082.0,0.014156744815409184,0.0069318488240242004,0.11151186376810074,0.1339237242937088,0.16319066286087036,20107872.0,0.07484149932861328,0.03036683239042759,0.27031946182250977
471,0.073207326233387,3e-05,0.09156796336174011,27780716.0,0.014149820432066917,0.006928189657628536,0.11556535214185715,0.13381816446781158,0.16314095258712769,20096230.0,0.07479902356863022,0.030352044850587845,0.27023735642433167
472,0.07313723117113113,3e-05,0.09153156727552414,27759774.0,0.014142443425953388,0.006924917455762625,0.11747553944587708,0.1336997002363205,0.16309460997581482,20086664.0,0.07474335283041,0.030334094539284706,0.27012959122657776
473,0.07306376844644547,3e-05,0.09152711927890778,27792328.0,0.014133203774690628,0.0069243526086211205,0.12079237401485443,0.13357257843017578,0.16307319700717926,20145864.0,0.07468212395906448,0.0303175188601017,0.2700127959251404
474,0.07298914343118668,3e-05,0.09158056229352951,27885032.0,0.014124969020485878,0.006927278824150562,0.11477836966514587,0.13346605002880096,0.16306713223457336,20223098.0,0.07464238256216049,0.030308086425065994,0.26993855834007263
475,0.07291797548532486,3e-05,0.0916486456990242,27991388.0,0.014120475389063358,0.006932943593710661,0.12956875562667847,0.13333480060100555,0.16305463016033173,20298154.0,0.07457752525806427,0.030291568487882614,0.2698151469230652
476,0.07284225523471832,3e-05,0.09170176833868027,28102510.0,0.014110766351222992,0.006938696373254061,0.11932362616062164,0.13312369585037231,0.1630178987979889,20379388.0,0.07443208247423172,0.03025197982788086,0.26953381299972534
477,0.07276976853609085,3e-05,0.09174150973558426,28214636.0,0.014104404486715794,0.0069461362436413765,0.10887857526540756,0.13296139240264893,0.16298863291740417,20453222.0,0.07433590292930603,0.03022591397166252,0.2693486511707306
478,0.07269512861967087,3e-05,0.09175953269004822,28277158.0,0.014094633981585503,0.0069477311335504055,0.11265479028224945,0.13284391164779663,0.1629570871591568,20473300.0,0.0742822140455246,0.030210131779313087,0.2692454755306244
479,0.07262490689754486,3e-05,0.09177358448505402,28317424.0,0.014088601805269718,0.006949120666831732,0.11419451236724854,0.13270673155784607,0.16291360557079315,20502940.0,0.07420915365219116,0.030188394710421562,0.26910412311553955
480,0.07255401462316513,3e-05,0.09176041185855865,28339530.0,0.014081072993576527,0.0069490233436226845,0.11576208472251892,0.1325848400592804,0.16287535429000854,20503608.0,0.074149951338768,0.03017040342092514,0.268989622592926
481,0.07248329371213913,3e-05,0.09172581136226654,28330574.0,0.014072875492274761,0.00694636395201087,0.11309792101383209,0.13249781727790833,0.16284725069999695,20493524.0,0.07412546873092651,0.03016217239201069,0.26894304156303406
482,0.07241487503051758,3e-05,0.09171117842197418,28334962.0,0.01406734250485897,0.0069450815208256245,0.11868728697299957,0.13238407671451569,0.16281373798847198,20510244.0,0.07407506555318832,0.030147038400173187,0.26884597539901733
483,0.07234605401754379,3e-05,0.09171656519174576,28370676.0,0.01406201533973217,0.006947075016796589,0.11210688948631287,0.13222956657409668,0.16277453303337097,20538584.0,0.0739840418100357,0.03012104518711567,0.2686695456504822
484,0.07227370887994766,3e-05,0.09167496114969254,28367522.0,0.014052229933440685,0.006944679189473391,0.11106278002262115,0.13213597238063812,0.162729874253273,20507830.0,0.07395230233669281,0.03010934218764305,0.26860806345939636
485,0.07220357656478882,3e-05,0.09164439141750336,28357666.0,0.014044844545423985,0.006941967643797398,0.11754576116800308,0.132013738155365,0.16269074380397797,20530824.0,0.07389388978481293,0.030091771855950356,0.26849523186683655
486,0.07213176786899567,3e-05,0.0916595533490181,28399208.0,0.01403723657131195,0.006941758096218109,0.11939214169979095,0.13191334903240204,0.16265681385993958,20573576.0,0.0738583505153656,0.030080776661634445,0.26842746138572693
487,0.07206057012081146,3e-05,0.09170889109373093,28477970.0,0.0140314856544137,0.006944252178072929,0.1113845631480217,0.13181252777576447,0.16264697909355164,20634492.0,0.07382312417030334,0.03007219173014164,0.2683614194393158
488,0.07199108600616455,3e-05,0.09175601601600647,28546368.0,0.014027133584022522,0.006947494577616453,0.11719722300767899,0.13171805441379547,0.1626288741827011,20672838.0,0.0737934410572052,0.03006412461400032,0.2683057188987732
489,0.07192209362983704,3e-05,0.09180574119091034,28617176.0,0.014023317024111748,0.006950738839805126,0.11665826290845871,0.13163411617279053,0.16263189911842346,20733472.0,0.07377508282661438,0.030061135068535805,0.26827317476272583
490,0.0718524381518364,3e-05,0.0918726921081543,28704712.0,0.014019710011780262,0.006954894866794348,0.12341529875993729,0.13154728710651398,0.16261523962020874,20800660.0,0.07375476509332657,0.03005613014101982,0.26823627948760986
491,0.07177761197090149,3e-05,0.09194272756576538,28804624.0,0.014011366292834282,0.006957254372537136,0.11189258098602295,0.13146361708641052,0.16261740028858185,20867624.0,0.07373718917369843,0.03005356714129448,0.26820555329322815
492,0.07170949876308441,3e-05,0.0919722244143486,28852194.0,0.014007918536663055,0.006958791986107826,0.11244365572929382,0.13139525055885315,0.16259454190731049,20866604.0,0.07373205572366714,0.03005109541118145,0.26819732785224915
493,0.0716397687792778,3e-05,0.09196619689464569,28857078.0,0.014001470059156418,0.006956455297768116,0.11765583604574203,0.13131006062030792,0.16255375742912292,20866598.0,0.07370993494987488,0.030042629688978195,0.268155038356781
494,0.07157032191753387,3e-05,0.09194380789995193,28840940.0,0.01399453729391098,0.006952172145247459,0.11556679755449295,0.13124892115592957,0.16251406073570251,20844574.0,0.07371087372303009,0.03003993257880211,0.2681575417518616
495,0.07150386273860931,3e-05,0.09192698448896408,28822036.0,0.013990392908453941,0.006948844064027071,0.11651085317134857,0.13119438290596008,0.16248999536037445,20836470.0,0.07371886819601059,0.030040642246603966,0.26817458868026733
496,0.07143490016460419,3e-05,0.09191744774580002,28821786.0,0.01398417353630066,0.006944865919649601,0.11468765139579773,0.1311463862657547,0.16245733201503754,20841928.0,0.07373382151126862,0.03004271350800991,0.2682049870491028
497,0.07136795669794083,3e-05,0.09191379696130753,28810276.0,0.013979584909975529,0.006941346917301416,0.11900382488965988,0.1310608834028244,0.16240783035755157,20823760.0,0.07371014356613159,0.030032817274332047,0.26815903186798096
498,0.07129736989736557,3e-05,0.09188516438007355,28813306.0,0.013971112668514252,0.006939421873539686,0.11488054692745209,0.13091829419136047,0.16236618161201477,20828842.0,0.07362936437129974,0.030008848756551743,0.2680019736289978
499,0.0712306797504425,3e-05,0.09184195846319199,28780334.0,0.013965251855552197,0.006936207413673401,0.12100206315517426,0.13084834814071655,0.16232895851135254,20794698.0,0.07362011820077896,0.030003491789102554,0.26798444986343384
