target_timestamp,target_index,y_true_original_scale,y_pred_original_scale
2020-05-21T20:15:00.000000000,5,0.0,722.451416015625
2020-05-21T20:30:00.000000000,6,0.0,730.2445678710938
2020-05-21T20:45:00.000000000,7,0.0,741.6416625976562
2020-05-21T21:00:00.000000000,8,0.0,755.9063720703125
2020-05-21T21:15:00.000000000,9,0.0,771.3432006835938
2020-05-21T21:30:00.000000000,10,0.0,785.2633056640625
2020-05-21T21:45:00.000000000,11,0.0,796.49560546875
2020-05-21T22:00:00.000000000,12,0.0,806.4450073242188
2020-05-21T22:15:00.000000000,13,0.0,816.334716796875
2020-05-21T22:30:00.000000000,14,0.0,824.8670654296875
2020-05-21T22:45:00.000000000,15,0.0,835.8025512695312
2020-05-21T23:00:00.000000000,16,0.0,850.8739624023438
2020-05-21T23:15:00.000000000,17,0.0,866.8369750976562
2020-05-21T23:30:00.000000000,18,0.0,886.4650268554688
2020-05-21T23:45:00.000000000,19,0.0,906.9998168945312
2020-05-22T00:00:00.000000000,20,0.0,925.9782104492188
2020-05-22T00:15:00.000000000,21,0.0,946.1180419921875
2020-05-22T00:30:00.000000000,22,0.0,968.4628295898438
2020-05-22T00:45:00.000000000,23,0.0,993.4898071289062
2020-05-22T01:00:00.000000000,24,0.0,1023.1179809570312
2020-05-22T01:15:00.000000000,25,0.0,1058.9608154296875
2020-05-22T01:30:00.000000000,26,0.0,1097.8966064453125
2020-05-22T01:45:00.000000000,27,0.0,1141.3656005859375
2020-05-22T02:00:00.000000000,28,0.0,1188.4713134765625
2020-05-22T02:15:00.000000000,29,0.0,1236.570068359375
2020-05-22T02:30:00.000000000,30,0.0,1286.3504638671875
2020-05-22T02:45:00.000000000,31,0.0,1337.159912109375
2020-05-22T03:00:00.000000000,32,0.0,1389.7955322265625
2020-05-22T03:15:00.000000000,33,0.0,1448.593994140625
2020-05-22T03:30:00.000000000,34,0.0,1514.434814453125
2020-05-22T03:45:00.000000000,35,0.0,1583.2080078125
2020-05-22T04:00:00.000000000,36,0.0,1658.7930908203125
2020-05-22T04:15:00.000000000,37,0.0,1738.3448486328125
2020-05-22T04:30:00.000000000,38,0.0,1823.3514404296875
2020-05-22T04:45:00.000000000,39,0.0,1913.0306396484375
2020-05-22T05:00:00.000000000,40,0.0,2007.02392578125
2020-05-22T05:15:00.000000000,41,0.0,2106.015380859375
2020-05-22T05:30:00.000000000,42,0.0,2205.118896484375
2020-05-22T05:45:00.000000000,43,3.65333333333333,2305.528564453125
2020-05-22T06:00:00.000000000,44,368.226666666667,2411.9189453125
2020-05-22T06:15:00.000000000,45,917.958095238095,2564.440673828125
2020-05-22T06:30:00.000000000,46,1881.14,2792.035888671875
2020-05-22T06:45:00.000000000,47,2979.90095238095,3132.266845703125
2020-05-22T07:00:00.000000000,48,3494.73571428571,3604.69775390625
2020-05-22T07:15:00.000000000,49,4939.26666666667,4268.20556640625
2020-05-22T07:30:00.000000000,50,7134.97714285714,5259.1015625
2020-05-22T07:45:00.000000000,51,8471.41,6877.357421875
2020-05-22T08:00:00.000000000,52,9668.13,8836.4697265625
2020-05-22T08:15:00.000000000,53,11018.0114285714,10755.900390625
2020-05-22T08:30:00.000000000,54,12664.1466666667,12469.79296875
2020-05-22T08:45:00.000000000,55,13796.1419047619,13962.130859375
2020-05-22T09:00:00.000000000,56,12985.1176190476,15301.2158203125
2020-05-22T09:15:00.000000000,57,12854.32,16561.630859375
2020-05-22T09:30:00.000000000,58,12496.4961904762,17693.328125
2020-05-22T09:45:00.000000000,59,12764.6257142857,18551.60546875
2020-05-22T10:00:00.000000000,60,12559.7066666667,19153.765625
2020-05-22T10:15:00.000000000,61,12763.0885714286,19573.625
2020-05-22T10:30:00.000000000,62,12457.58,19877.51171875
2020-05-22T10:45:00.000000000,63,12357.3633333333,20085.408203125
2020-05-22T11:00:00.000000000,64,12502.980952381,20238.953125
2020-05-22T11:15:00.000000000,65,12651.8533333333,20339.0078125
2020-05-22T11:30:00.000000000,66,12865.6933333333,20401.701171875
2020-05-22T11:45:00.000000000,67,12922.6661904762,20432.96484375
2020-05-22T12:00:00.000000000,68,12874.1276190476,20435.015625
2020-05-22T12:15:00.000000000,69,12885.2566666667,20399.001953125
2020-05-22T12:30:00.000000000,70,12825.1533333333,20332.412109375
2020-05-22T12:45:00.000000000,71,12801.92,20247.142578125
2020-05-22T13:00:00.000000000,72,13574.1552380952,20144.96484375
2020-05-22T13:15:00.000000000,73,13308.6233333333,20020.701171875
2020-05-22T13:30:00.000000000,74,11795.8066666667,19876.77734375
2020-05-22T13:45:00.000000000,75,12196.110952381,19703.55859375
2020-05-22T14:00:00.000000000,76,12374.34,19468.189453125
2020-05-22T14:15:00.000000000,77,12784.8642857143,19174.8203125
2020-05-22T14:30:00.000000000,78,13742.5223809524,18792.828125
2020-05-22T14:45:00.000000000,79,15130.0333333333,18223.900390625
2020-05-22T15:00:00.000000000,80,15872.0661904762,17442.0
2020-05-22T15:15:00.000000000,81,14856.4042857143,16401.181640625
2020-05-22T15:30:00.000000000,82,13926.5061904762,15013.6787109375
2020-05-22T15:45:00.000000000,83,12783.110952381,13464.5458984375
2020-05-22T16:00:00.000000000,84,11563.2533333333,11705.681640625
2020-05-22T16:15:00.000000000,85,10239.5342857143,9888.7958984375
2020-05-22T16:30:00.000000000,86,8904.04476190476,8058.49267578125
2020-05-22T16:45:00.000000000,87,7473.67142857143,6353.77783203125
2020-05-22T17:00:00.000000000,88,6015.31047619048,4823.58447265625
2020-05-22T17:15:00.000000000,89,4665.10666666667,3566.117919921875
2020-05-22T17:30:00.000000000,90,3353.6280952381,2602.4111328125
2020-05-22T17:45:00.000000000,91,2218.04285714286,1915.885009765625
2020-05-22T18:00:00.000000000,92,778.644285714286,1431.5596923828125
2020-05-22T18:15:00.000000000,93,235.799523809524,1080.6427001953125
2020-05-22T18:30:00.000000000,94,14.1,863.7999877929688
2020-05-22T18:45:00.000000000,95,0.0,743.063232421875
2020-05-22T19:00:00.000000000,96,0.0,687.5669555664062
2020-05-22T19:15:00.000000000,97,0.0,668.1868896484375
2020-05-22T19:30:00.000000000,98,0.0,666.8482055664062
2020-05-22T19:45:00.000000000,99,0.0,665.8126220703125
2020-05-22T20:00:00.000000000,100,0.0,668.7489013671875
2020-05-22T20:15:00.000000000,101,0.0,678.388427734375
2020-05-22T20:30:00.000000000,102,0.0,690.3600463867188
2020-05-22T20:45:00.000000000,103,0.0,702.43115234375
2020-05-22T21:00:00.000000000,104,0.0,709.9555053710938
2020-05-22T21:15:00.000000000,105,0.0,712.1775512695312
2020-05-22T21:30:00.000000000,106,0.0,710.9654541015625
2020-05-22T21:45:00.000000000,107,0.0,710.5608520507812
2020-05-22T22:00:00.000000000,108,0.0,713.3568725585938
2020-05-22T22:15:00.000000000,109,0.0,722.9935913085938
2020-05-22T22:30:00.000000000,110,0.0,734.860595703125
2020-05-22T22:45:00.000000000,111,0.0,750.641845703125
2020-05-22T23:00:00.000000000,112,0.0,767.5418090820312
2020-05-22T23:15:00.000000000,113,0.0,785.073486328125
2020-05-22T23:30:00.000000000,114,0.0,803.40380859375
2020-05-22T23:45:00.000000000,115,0.0,820.4887084960938
2020-05-23T00:00:00.000000000,116,0.0,839.8482666015625
2020-05-23T00:15:00.000000000,117,0.0,864.9878540039062
2020-05-23T00:30:00.000000000,118,0.0,892.52099609375
2020-05-23T00:45:00.000000000,119,0.0,923.6554565429688
2020-05-23T01:00:00.000000000,120,0.0,961.5592651367188
2020-05-23T01:15:00.000000000,121,0.0,1000.229248046875
2020-05-23T01:30:00.000000000,122,0.0,1038.7725830078125
2020-05-23T01:45:00.000000000,123,0.0,1075.5106201171875
2020-05-23T02:00:00.000000000,124,0.0,1109.69189453125
2020-05-23T02:15:00.000000000,125,0.0,1145.2518310546875
2020-05-23T02:30:00.000000000,126,0.0,1180.3326416015625
2020-05-23T02:45:00.000000000,127,0.0,1220.286865234375
2020-05-23T03:00:00.000000000,128,0.0,1268.253662109375
2020-05-23T03:15:00.000000000,129,0.0,1324.9019775390625
2020-05-23T03:30:00.000000000,130,0.0,1388.5987548828125
2020-05-23T03:45:00.000000000,131,0.0,1460.1531982421875
2020-05-23T04:00:00.000000000,132,0.0,1537.63818359375
2020-05-23T04:15:00.000000000,133,0.0,1624.486572265625
2020-05-23T04:30:00.000000000,134,0.0,1717.749267578125
2020-05-23T04:45:00.000000000,135,0.0,1808.630126953125
2020-05-23T05:00:00.000000000,136,0.0,1897.2210693359375
2020-05-23T05:15:00.000000000,137,0.0,1990.0118408203125
2020-05-23T05:30:00.000000000,138,0.0,2087.432861328125
2020-05-23T05:45:00.000000000,139,0.0,2183.209228515625
2020-05-23T06:00:00.000000000,140,312.488571428571,2293.602783203125
2020-05-23T06:15:00.000000000,141,830.693333333333,2443.250732421875
2020-05-23T06:30:00.000000000,142,1539.14857142857,2654.07080078125
2020-05-23T06:45:00.000000000,143,2438.56428571429,2932.923583984375
2020-05-23T07:00:00.000000000,144,3532.39428571429,3304.943359375
2020-05-23T07:15:00.000000000,145,4809.70857142857,3973.70458984375
2020-05-23T07:30:00.000000000,146,6230.95333333333,5054.6982421875
2020-05-23T07:45:00.000000000,147,7646.27142857143,6561.50830078125
2020-05-23T08:00:00.000000000,148,9119.64,8429.4892578125
2020-05-23T08:15:00.000000000,149,10552.9504761905,10400.0498046875
2020-05-23T08:30:00.000000000,150,11903.4947619048,12118.0556640625
2020-05-23T08:45:00.000000000,151,13216.0638095238,13592.2490234375
2020-05-23T09:00:00.000000000,152,14370.2885714286,14929.796875
2020-05-23T09:15:00.000000000,153,15256.64,16106.9306640625
2020-05-23T09:30:00.000000000,154,13195.0280952381,17133.818359375
2020-05-23T09:45:00.000000000,155,12424.32,17993.109375
2020-05-23T10:00:00.000000000,156,12994.7333333333,18656.66015625
2020-05-23T10:15:00.000000000,157,12964.8961904762,19149.8359375
2020-05-23T10:30:00.000000000,158,12704.6533333333,19501.69140625
2020-05-23T10:45:00.000000000,159,12212.28,19770.720703125
2020-05-23T11:00:00.000000000,160,12487.8580952381,19976.705078125
2020-05-23T11:15:00.000000000,161,12732.5533333333,20121.525390625
2020-05-23T11:30:00.000000000,162,12847.4104761905,20218.212890625
2020-05-23T11:45:00.000000000,163,12878.3133333333,20278.58203125
2020-05-23T12:00:00.000000000,164,12813.1766666667,20304.810546875
2020-05-23T12:15:00.000000000,165,12727.6719047619,20276.8671875
2020-05-23T12:30:00.000000000,166,13367.7466666667,20208.41796875
2020-05-23T12:45:00.000000000,167,13360.1052380952,20103.783203125
2020-05-23T13:00:00.000000000,168,12262.02,19962.7421875
2020-05-23T13:15:00.000000000,169,13678.9933333333,19793.130859375
2020-05-23T13:30:00.000000000,170,14127.8095238095,19581.87109375
2020-05-23T13:45:00.000000000,171,13787.26,19336.732421875
2020-05-23T14:00:00.000000000,172,12771.9466666667,19088.146484375
2020-05-23T14:15:00.000000000,173,13294.5704761905,18745.2578125
2020-05-23T14:30:00.000000000,174,14374.4147619048,18315.1953125
2020-05-23T14:45:00.000000000,175,15014.7428571429,17700.240234375
2020-05-23T15:00:00.000000000,176,15510.7733333333,16836.650390625
2020-05-23T15:15:00.000000000,177,14523.6066666667,15645.8369140625
2020-05-23T15:30:00.000000000,178,13541.6466666667,14232.3623046875
2020-05-23T15:45:00.000000000,179,12455.3485714286,12566.3916015625
2020-05-23T16:00:00.000000000,180,10972.5880952381,10791.1650390625
2020-05-23T16:15:00.000000000,181,9792.95047619048,8858.201171875
2020-05-23T16:30:00.000000000,182,8560.9,7070.263671875
2020-05-23T16:45:00.000000000,183,7446.18666666667,5493.783203125
2020-05-23T17:00:00.000000000,184,6008.68571428571,4118.37451171875
2020-05-23T17:15:00.000000000,185,4623.87571428571,2981.574951171875
2020-05-23T17:30:00.000000000,186,3336.12238095238,2160.044677734375
2020-05-23T17:45:00.000000000,187,2248.76047619048,1592.8548583984375
2020-05-23T18:00:00.000000000,188,1362.16666666667,1207.3726806640625
2020-05-23T18:15:00.000000000,189,600.84619047619,957.9765014648438
2020-05-23T18:30:00.000000000,190,57.0328571428571,799.0357666015625
2020-05-23T18:45:00.000000000,191,0.0,695.4178466796875
2020-05-23T19:00:00.000000000,192,0.0,630.1539306640625
2020-05-23T19:15:00.000000000,193,0.0,599.9186401367188
2020-05-23T19:30:00.000000000,194,0.0,586.9164428710938
2020-05-23T19:45:00.000000000,195,0.0,582.8916625976562
2020-05-23T20:00:00.000000000,196,0.0,579.8564453125
2020-05-23T20:15:00.000000000,197,0.0,580.9530639648438
2020-05-23T20:30:00.000000000,198,0.0,585.9654541015625
2020-05-23T20:45:00.000000000,199,0.0,598.3280029296875
2020-05-23T21:00:00.000000000,200,0.0,618.796875
2020-05-23T21:15:00.000000000,201,0.0,643.69921875
2020-05-23T21:30:00.000000000,202,0.0,667.7577514648438
2020-05-23T21:45:00.000000000,203,0.0,690.3641357421875
2020-05-23T22:00:00.000000000,204,0.0,711.841552734375
2020-05-23T22:15:00.000000000,205,0.0,732.42431640625
2020-05-23T22:30:00.000000000,206,0.0,751.6619262695312
2020-05-23T22:45:00.000000000,207,0.0,772.1516723632812
2020-05-23T23:00:00.000000000,208,0.0,793.2213745117188
2020-05-23T23:15:00.000000000,209,0.0,811.2156982421875
2020-05-23T23:30:00.000000000,210,0.0,829.2730712890625
2020-05-23T23:45:00.000000000,211,0.0,847.3278198242188
2020-05-24T00:00:00.000000000,212,0.0,864.10595703125
2020-05-24T00:15:00.000000000,213,0.0,884.5639038085938
2020-05-24T00:30:00.000000000,214,0.0,914.8355712890625
2020-05-24T00:45:00.000000000,215,0.0,948.7252197265625
2020-05-24T01:00:00.000000000,216,0.0,983.3985595703125
2020-05-24T01:15:00.000000000,217,0.0,1019.3668823242188
2020-05-24T01:30:00.000000000,218,0.0,1052.845458984375
2020-05-24T01:45:00.000000000,219,0.0,1085.442626953125
2020-05-24T02:00:00.000000000,220,0.0,1116.54541015625
2020-05-24T02:15:00.000000000,221,0.0,1146.963134765625
2020-05-24T02:30:00.000000000,222,0.0,1176.2520751953125
2020-05-24T02:45:00.000000000,223,0.0,1206.1339111328125
2020-05-24T03:00:00.000000000,224,0.0,1236.4710693359375
2020-05-24T03:15:00.000000000,225,0.0,1273.8756103515625
2020-05-24T03:30:00.000000000,226,0.0,1317.85302734375
2020-05-24T03:45:00.000000000,227,0.0,1366.77587890625
2020-05-24T04:00:00.000000000,228,0.0,1425.7462158203125
2020-05-24T04:15:00.000000000,229,0.0,1495.9888916015625
2020-05-24T04:30:00.000000000,230,0.0,1574.447021484375
2020-05-24T04:45:00.000000000,231,0.0,1657.574462890625
2020-05-24T05:00:00.000000000,232,0.0,1737.7197265625
2020-05-24T05:15:00.000000000,233,0.0,1815.0068359375
2020-05-24T05:30:00.000000000,234,0.0,1889.857421875
2020-05-24T05:45:00.000000000,235,0.0,1970.7978515625
2020-05-24T06:00:00.000000000,236,252.258095238095,2064.361328125
2020-05-24T06:15:00.000000000,237,832.773333333333,2184.92236328125
2020-05-24T06:30:00.000000000,238,1659.77523809524,2373.599365234375
2020-05-24T06:45:00.000000000,239,2584.93333333333,2663.274169921875
2020-05-24T07:00:00.000000000,240,3495.96380952381,3058.64697265625
2020-05-24T07:15:00.000000000,241,4573.21380952381,3656.484130859375
2020-05-24T07:30:00.000000000,242,5993.36666666667,4516.59619140625
2020-05-24T07:45:00.000000000,243,7596.59333333333,5711.48779296875
2020-05-24T08:00:00.000000000,244,9199.76285714286,7264.78759765625
2020-05-24T08:15:00.000000000,245,10670.9657142857,9091.205078125
2020-05-24T08:30:00.000000000,246,12011.170952381,10925.03125
2020-05-24T08:45:00.000000000,247,13275.3666666667,12625.4013671875
2020-05-24T09:00:00.000000000,248,14532.9466666667,14123.7763671875
2020-05-24T09:15:00.000000000,249,15767.4133333333,15431.943359375
2020-05-24T09:30:00.000000000,250,14688.0328571429,16579.919921875
2020-05-24T09:45:00.000000000,251,14305.6138095238,17544.3125
2020-05-24T10:00:00.000000000,252,13620.24,18341.486328125
2020-05-24T10:15:00.000000000,253,13316.6533333333,18942.048828125
2020-05-24T10:30:00.000000000,254,11444.5666666667,19369.015625
2020-05-24T10:45:00.000000000,255,11811.5614285714,19679.19140625
2020-05-24T11:00:00.000000000,256,12767.5680952381,19893.01171875
2020-05-24T11:15:00.000000000,257,10237.78,20033.291015625
2020-05-24T11:30:00.000000000,258,9841.49142857143,20135.119140625
2020-05-24T11:45:00.000000000,259,9953.2,20187.18359375
2020-05-24T12:00:00.000000000,260,9972.22,20200.732421875
2020-05-24T12:15:00.000000000,261,10834.2333333333,20165.822265625
2020-05-24T12:30:00.000000000,262,10942.450952381,20090.19140625
2020-05-24T12:45:00.000000000,263,10821.66,19981.05859375
2020-05-24T13:00:00.000000000,264,11060.38,19865.1015625
2020-05-24T13:15:00.000000000,265,11624.7985714286,19726.77734375
2020-05-24T13:30:00.000000000,266,11846.6338095238,19563.40625
2020-05-24T13:45:00.000000000,267,12139.8442857143,19360.0625
2020-05-24T14:00:00.000000000,268,12454.5866666667,19073.47265625
2020-05-24T14:15:00.000000000,269,12737.9533333333,18718.220703125
2020-05-24T14:30:00.000000000,270,13827.3242857143,18219.1875
2020-05-24T14:45:00.000000000,271,14126.8438095238,17512.990234375
2020-05-24T15:00:00.000000000,272,16127.5076190476,16605.771484375
2020-05-24T15:15:00.000000000,273,15019.2,15428.685546875
2020-05-24T15:30:00.000000000,274,13904.1266666667,13969.3154296875
2020-05-24T15:45:00.000000000,275,12651.2861904762,12302.80078125
2020-05-24T16:00:00.000000000,276,11414.1866666667,10477.6044921875
2020-05-24T16:15:00.000000000,277,10114.7719047619,8624.8427734375
2020-05-24T16:30:00.000000000,278,8793.27333333333,6785.34521484375
2020-05-24T16:45:00.000000000,279,7271.12142857143,5182.4951171875
2020-05-24T17:00:00.000000000,280,5576.66523809524,3815.96533203125
2020-05-24T17:15:00.000000000,281,4233.00333333333,2777.765869140625
2020-05-24T17:30:00.000000000,282,3085.90571428571,2008.5220947265625
2020-05-24T17:45:00.000000000,283,2097.50666666667,1476.656005859375
2020-05-24T18:00:00.000000000,284,1264.09333333333,1116.378173828125
2020-05-24T18:15:00.000000000,285,674.709047619048,876.4423828125
2020-05-24T18:30:00.000000000,286,244.039523809524,724.0466918945312
2020-05-24T18:45:00.000000000,287,0.0,634.865966796875
2020-05-24T19:00:00.000000000,288,0.0,595.4415283203125
2020-05-24T19:15:00.000000000,289,0.0,574.65576171875
2020-05-24T19:30:00.000000000,290,0.0,571.5870971679688
2020-05-24T19:45:00.000000000,291,0.0,573.1484985351562
2020-05-24T20:00:00.000000000,292,0.0,581.801025390625
2020-05-24T20:15:00.000000000,293,0.0,597.216552734375
2020-05-24T20:30:00.000000000,294,0.0,616.52099609375
2020-05-24T20:45:00.000000000,295,0.0,635.9512329101562
2020-05-24T21:00:00.000000000,296,0.0,649.1287841796875
2020-05-24T21:15:00.000000000,297,0.0,663.450927734375
2020-05-24T21:30:00.000000000,298,0.0,676.750244140625
2020-05-24T21:45:00.000000000,299,0.0,690.7763671875
2020-05-24T22:00:00.000000000,300,0.0,705.0604248046875
2020-05-24T22:15:00.000000000,301,0.0,721.315673828125
2020-05-24T22:30:00.000000000,302,0.0,737.7582397460938
2020-05-24T22:45:00.000000000,303,0.0,755.7383422851562
2020-05-24T23:00:00.000000000,304,0.0,775.052490234375
2020-05-24T23:15:00.000000000,305,0.0,796.7115478515625
2020-05-24T23:30:00.000000000,306,0.0,819.2280883789062
2020-05-24T23:45:00.000000000,307,0.0,841.8077392578125
2020-05-25T00:00:00.000000000,308,0.0,863.4547729492188
2020-05-25T00:15:00.000000000,309,0.0,886.1416015625
2020-05-25T00:30:00.000000000,310,0.0,908.9678955078125
2020-05-25T00:45:00.000000000,311,0.0,933.392578125
2020-05-25T01:00:00.000000000,312,0.0,960.326904296875
2020-05-25T01:15:00.000000000,313,0.0,989.5165405273438
2020-05-25T01:30:00.000000000,314,0.0,1021.1972045898438
2020-05-25T01:45:00.000000000,315,0.0,1057.9989013671875
2020-05-25T02:00:00.000000000,316,0.0,1098.6219482421875
2020-05-25T02:15:00.000000000,317,0.0,1141.525146484375
2020-05-25T02:30:00.000000000,318,0.0,1186.48828125
2020-05-25T02:45:00.000000000,319,0.0,1232.6207275390625
2020-05-25T03:00:00.000000000,320,0.0,1276.1455078125
2020-05-25T03:15:00.000000000,321,0.0,1321.2828369140625
2020-05-25T03:30:00.000000000,322,0.0,1369.149658203125
2020-05-25T03:45:00.000000000,323,0.0,1416.5052490234375
2020-05-25T04:00:00.000000000,324,0.0,1466.1640625
2020-05-25T04:15:00.000000000,325,0.0,1524.7723388671875
2020-05-25T04:30:00.000000000,326,0.0,1588.072509765625
2020-05-25T04:45:00.000000000,327,0.0,1657.740478515625
2020-05-25T05:00:00.000000000,328,0.0,1734.2344970703125
2020-05-25T05:15:00.000000000,329,0.0,1815.30078125
2020-05-25T05:30:00.000000000,330,0.0,1893.03515625
2020-05-25T05:45:00.000000000,331,0.0,1966.3848876953125
2020-05-25T06:00:00.000000000,332,291.287619047619,2047.259765625
2020-05-25T06:15:00.000000000,333,946.854285714286,2163.8427734375
2020-05-25T06:30:00.000000000,334,2020.8719047619,2360.1181640625
2020-05-25T06:45:00.000000000,335,2623.71333333333,2704.126708984375
2020-05-25T07:00:00.000000000,336,3539.42,3146.66650390625
2020-05-25T07:15:00.000000000,337,4747.36,3750.08984375
2020-05-25T07:30:00.000000000,338,6050.51666666667,4581.228515625
2020-05-25T07:45:00.000000000,339,7533.07380952381,5696.60888671875
2020-05-25T08:00:00.000000000,340,8678.88,7134.75634765625
2020-05-25T08:15:00.000000000,341,10058.6333333333,8772.50390625
2020-05-25T08:30:00.000000000,342,11352.16,10419.5986328125
2020-05-25T08:45:00.000000000,343,12397.2719047619,12006.8369140625
2020-05-25T09:00:00.000000000,344,14098.0642857143,13407.0966796875
2020-05-25T09:15:00.000000000,345,15274.6666666667,14826.701171875
2020-05-25T09:30:00.000000000,346,15880.72,16105.4013671875
2020-05-25T09:45:00.000000000,347,15692.0933333333,17272.48828125
2020-05-25T10:00:00.000000000,348,15370.6685714286,18172.326171875
2020-05-25T10:15:00.000000000,349,17254.9038095238,18754.150390625
2020-05-25T10:30:00.000000000,350,17729.4823809524,19186.421875
2020-05-25T10:45:00.000000000,351,17857.6333333333,19526.279296875
2020-05-25T11:00:00.000000000,352,18091.7533333333,19649.474609375
2020-05-25T11:15:00.000000000,353,16905.4861904762,19841.251953125
2020-05-25T11:30:00.000000000,354,16681.4928571429,20015.328125
2020-05-25T11:45:00.000000000,355,17365.2971428571,19976.328125
2020-05-25T12:00:00.000000000,356,17528.0933333333,20006.814453125
2020-05-25T12:15:00.000000000,357,17673.0466666667,20049.017578125
2020-05-25T12:30:00.000000000,358,17576.4866666667,20021.80859375
2020-05-25T12:45:00.000000000,359,17534.5428571429,19977.125
2020-05-25T13:00:00.000000000,360,17218.210952381,19952.9375
2020-05-25T13:15:00.000000000,361,17334.6385714286,19839.56640625
2020-05-25T13:30:00.000000000,362,17633.840952381,19675.0625
2020-05-25T13:45:00.000000000,363,17802.3961904762,19464.537109375
2020-05-25T14:00:00.000000000,364,17425.5,19193.025390625
2020-05-25T14:15:00.000000000,365,18164.6157142857,18813.248046875
2020-05-25T14:30:00.000000000,366,18134.3133333333,18301.4140625
2020-05-25T14:45:00.000000000,367,17105.2666666667,17636.98046875
2020-05-25T15:00:00.000000000,368,16266.4880952381,16740.34375
2020-05-25T15:15:00.000000000,369,15189.5023809524,15642.4267578125
2020-05-25T15:30:00.000000000,370,14008.3247619048,14238.640625
2020-05-25T15:45:00.000000000,371,12828.86,12560.125
2020-05-25T16:00:00.000000000,372,12306.3466666667,10720.978515625
2020-05-25T16:15:00.000000000,373,11316.3704761905,9129.98828125
2020-05-25T16:30:00.000000000,374,5662.07904761905,7683.55810546875
2020-05-25T16:45:00.000000000,375,6778.63,5336.4794921875
2020-05-25T17:00:00.000000000,376,5132.86666666667,3785.739990234375
2020-05-25T17:15:00.000000000,377,2158.73333333333,2693.721435546875
2020-05-25T17:30:00.000000000,378,857.655238095238,1783.98095703125
2020-05-25T17:45:00.000000000,379,452.700952380952,1195.743408203125
2020-05-25T18:00:00.000000000,380,242.071428571429,921.7228393554688
2020-05-25T18:15:00.000000000,381,13.4533333333333,731.0497436523438
2020-05-25T18:30:00.000000000,382,0.0,637.8060302734375
2020-05-25T18:45:00.000000000,383,0.0,610.310546875
2020-05-25T19:00:00.000000000,384,0.0,598.2015991210938
2020-05-25T19:15:00.000000000,385,0.0,589.8412475585938
2020-05-25T19:30:00.000000000,386,0.0,583.081298828125
2020-05-25T19:45:00.000000000,387,0.0,574.392578125
2020-05-25T20:00:00.000000000,388,0.0,563.0078735351562
2020-05-25T20:15:00.000000000,389,0.0,550.467529296875
2020-05-25T20:30:00.000000000,390,0.0,536.6478881835938
2020-05-25T20:45:00.000000000,391,0.0,527.1713256835938
2020-05-25T21:00:00.000000000,392,0.0,522.10107421875
2020-05-25T21:15:00.000000000,393,0.0,523.9452514648438
2020-05-25T21:30:00.000000000,394,0.0,535.2465209960938
2020-05-25T21:45:00.000000000,395,0.0,554.5225830078125
2020-05-25T22:00:00.000000000,396,0.0,575.9918212890625
2020-05-25T22:15:00.000000000,397,0.0,600.7628784179688
2020-05-25T22:30:00.000000000,398,0.0,623.34130859375
2020-05-25T22:45:00.000000000,399,0.0,642.1804809570312
2020-05-25T23:00:00.000000000,400,0.0,663.87548828125
2020-05-25T23:15:00.000000000,401,0.0,689.6968994140625
2020-05-25T23:30:00.000000000,402,0.0,717.8289794921875
2020-05-25T23:45:00.000000000,403,0.0,746.8389892578125
2020-05-26T00:00:00.000000000,404,0.0,773.16552734375
2020-05-26T00:15:00.000000000,405,0.0,789.10888671875
2020-05-26T00:30:00.000000000,406,0.0,797.4425659179688
2020-05-26T00:45:00.000000000,407,0.0,816.3093872070312
2020-05-26T01:00:00.000000000,408,0.0,857.4755249023438
2020-05-26T01:15:00.000000000,409,0.0,927.028564453125
2020-05-26T01:30:00.000000000,410,0.0,1019.4885864257812
2020-05-26T01:45:00.000000000,411,0.0,1129.4000244140625
2020-05-26T02:00:00.000000000,412,0.0,1227.075927734375
2020-05-26T02:15:00.000000000,413,0.0,1298.886962890625
2020-05-26T02:30:00.000000000,414,0.0,1351.9095458984375
2020-05-26T02:45:00.000000000,415,0.0,1391.13232421875
2020-05-26T03:00:00.000000000,416,0.0,1416.65673828125
2020-05-26T03:15:00.000000000,417,0.0,1423.963623046875
2020-05-26T03:30:00.000000000,418,0.0,1430.3985595703125
2020-05-26T03:45:00.000000000,419,0.0,1458.0577392578125
2020-05-26T04:00:00.000000000,420,0.0,1509.3443603515625
2020-05-26T04:15:00.000000000,421,0.0,1584.9168701171875
2020-05-26T04:30:00.000000000,422,0.0,1682.435302734375
2020-05-26T04:45:00.000000000,423,0.0,1787.460693359375
2020-05-26T05:00:00.000000000,424,0.0,1883.58837890625
2020-05-26T05:15:00.000000000,425,0.0,1979.1483154296875
2020-05-26T05:30:00.000000000,426,0.0,2079.20654296875
2020-05-26T05:45:00.000000000,427,0.0,2185.746826171875
2020-05-26T06:00:00.000000000,428,309.006666666667,2302.692138671875
2020-05-26T06:15:00.000000000,429,884.875238095238,2468.299560546875
2020-05-26T06:30:00.000000000,430,1625.33476190476,2711.28857421875
2020-05-26T06:45:00.000000000,431,2508.93047619048,3039.78955078125
2020-05-26T07:00:00.000000000,432,3577.66571428571,3468.0556640625
2020-05-26T07:15:00.000000000,433,4856.98666666667,4130.75634765625
2020-05-26T07:30:00.000000000,434,6254.0,5073.35302734375
2020-05-26T07:45:00.000000000,435,7769.71380952381,6321.29638671875
2020-05-26T08:00:00.000000000,436,9283.01904761905,7869.98193359375
2020-05-26T08:15:00.000000000,437,10807.6561904762,9588.8310546875
2020-05-26T08:30:00.000000000,438,12149.12,11268.896484375
2020-05-26T08:45:00.000000000,439,13557.96,12801.7685546875
2020-05-26T09:00:00.000000000,440,14912.540952381,14245.86328125
2020-05-26T09:15:00.000000000,441,16030.8361904762,15618.6044921875
2020-05-26T09:30:00.000000000,442,17000.400952381,16851.560546875
2020-05-26T09:45:00.000000000,443,16240.4866666667,17851.529296875
2020-05-26T10:00:00.000000000,444,15844.86,18606.087890625
2020-05-26T10:15:00.000000000,445,16322.0971428571,19119.75390625
2020-05-26T10:30:00.000000000,446,17038.5347619048,19475.705078125
2020-05-26T10:45:00.000000000,447,18309.7,19745.74609375
2020-05-26T11:00:00.000000000,448,17949.1766666667,19954.318359375
2020-05-26T11:15:00.000000000,449,17690.1323809524,20095.9609375
2020-05-26T11:30:00.000000000,450,15942.34,20183.61328125
2020-05-26T11:45:00.000000000,451,16026.3857142857,20241.373046875
2020-05-26T12:00:00.000000000,452,16173.6733333333,20242.779296875
2020-05-26T12:15:00.000000000,453,16186.0714285714,20220.51953125
2020-05-26T12:30:00.000000000,454,16263.6366666667,20126.625
2020-05-26T12:45:00.000000000,455,16108.4095238095,20037.123046875
2020-05-26T13:00:00.000000000,456,15916.18,19932.935546875
2020-05-26T13:15:00.000000000,457,15654.2266666667,19806.033203125
2020-05-26T13:30:00.000000000,458,15843.439047619,19355.94140625
2020-05-26T13:45:00.000000000,459,17481.5295238095,18786.708984375
2020-05-26T14:00:00.000000000,460,16922.1419047619,18599.8515625
2020-05-26T14:15:00.000000000,461,15888.2866666667,18482.6015625
2020-05-26T14:30:00.000000000,462,17724.2733333333,17775.65234375
2020-05-26T14:45:00.000000000,463,17139.9538095238,17469.009765625
2020-05-26T15:00:00.000000000,464,15908.0480952381,17060.501953125
2020-05-26T15:15:00.000000000,465,14816.9866666667,16180.1689453125
2020-05-26T15:30:00.000000000,466,13146.7266666667,15056.4580078125
2020-05-26T15:45:00.000000000,467,12448.6471428571,13846.76171875
2020-05-26T16:00:00.000000000,468,11201.34,11992.48828125
2020-05-26T16:15:00.000000000,469,9993.77285714286,10057.19140625
2020-05-26T16:30:00.000000000,470,9170.42285714286,8245.31640625
2020-05-26T16:45:00.000000000,471,7735.67333333333,6681.25732421875
2020-05-26T17:00:00.000000000,472,3714.17095238095,5294.1640625
2020-05-26T17:15:00.000000000,473,2846.91619047619,3631.19384765625
2020-05-26T17:30:00.000000000,474,2279.85142857143,2421.544921875
2020-05-26T17:45:00.000000000,475,1326.40666666667,1692.34912109375
2020-05-26T18:00:00.000000000,476,778.366666666667,1245.6839599609375
2020-05-26T18:15:00.000000000,477,629.388571428571,990.2731323242188
2020-05-26T18:30:00.000000000,478,406.753333333333,877.1140747070312
2020-05-26T18:45:00.000000000,479,23.037619047619,796.7400512695312
2020-05-26T19:00:00.000000000,480,0.0,733.1712036132812
2020-05-26T19:15:00.000000000,481,0.0,692.5506591796875
2020-05-26T19:30:00.000000000,482,0.0,668.6209106445312
2020-05-26T19:45:00.000000000,483,0.0,654.6654052734375
2020-05-26T20:00:00.000000000,484,0.0,648.5244750976562
2020-05-26T20:15:00.000000000,485,0.0,647.2093505859375
2020-05-26T20:30:00.000000000,486,0.0,647.3244018554688
2020-05-26T20:45:00.000000000,487,0.0,647.6671752929688
2020-05-26T21:00:00.000000000,488,0.0,650.127197265625
2020-05-26T21:15:00.000000000,489,0.0,652.656494140625
2020-05-26T21:30:00.000000000,490,0.0,655.2335205078125
2020-05-26T21:45:00.000000000,491,0.0,658.1168823242188
2020-05-26T22:00:00.000000000,492,0.0,662.4038696289062
2020-05-26T22:15:00.000000000,493,0.0,669.9055786132812
2020-05-26T22:30:00.000000000,494,0.0,679.918701171875
2020-05-26T22:45:00.000000000,495,0.0,692.3085327148438
2020-05-26T23:00:00.000000000,496,0.0,706.0567626953125
2020-05-26T23:15:00.000000000,497,0.0,722.2413330078125
2020-05-26T23:30:00.000000000,498,0.0,740.1304321289062
2020-05-26T23:45:00.000000000,499,0.0,760.5196533203125
2020-05-27T00:00:00.000000000,500,0.0,781.8865356445312
2020-05-27T00:15:00.000000000,501,0.0,805.7330932617188
2020-05-27T00:30:00.000000000,502,0.0,830.515625
2020-05-27T00:45:00.000000000,503,0.0,855.386962890625
2020-05-27T01:00:00.000000000,504,0.0,883.2825317382812
2020-05-27T01:15:00.000000000,505,0.0,915.4405517578125
2020-05-27T01:30:00.000000000,506,0.0,951.9205932617188
2020-05-27T01:45:00.000000000,507,0.0,990.3119506835938
2020-05-27T02:00:00.000000000,508,0.0,1032.213623046875
2020-05-27T02:15:00.000000000,509,0.0,1074.131103515625
2020-05-27T02:30:00.000000000,510,0.0,1112.509521484375
2020-05-27T02:45:00.000000000,511,0.0,1147.3948974609375
2020-05-27T03:00:00.000000000,512,0.0,1182.0213623046875
2020-05-27T03:15:00.000000000,513,0.0,1218.669921875
2020-05-27T03:30:00.000000000,514,0.0,1258.7816162109375
2020-05-27T03:45:00.000000000,515,0.0,1306.065673828125
2020-05-27T04:00:00.000000000,516,0.0,1362.673095703125
2020-05-27T04:15:00.000000000,517,0.0,1427.617919921875
2020-05-27T04:30:00.000000000,518,0.0,1500.5098876953125
2020-05-27T04:45:00.000000000,519,0.0,1579.5303955078125
2020-05-27T05:00:00.000000000,520,0.0,1659.080322265625
2020-05-27T05:15:00.000000000,521,0.0,1736.8663330078125
2020-05-27T05:30:00.000000000,522,0.0,1811.708251953125
2020-05-27T05:45:00.000000000,523,0.0,1883.886474609375
2020-05-27T06:00:00.000000000,524,253.481904761905,1953.0396728515625
2020-05-27T06:15:00.000000000,525,706.710476190476,2052.366943359375
2020-05-27T06:30:00.000000000,526,1387.10571428571,2206.808837890625
2020-05-27T06:45:00.000000000,527,2176.08,2445.483154296875
2020-05-27T07:00:00.000000000,528,3139.41333333333,2814.0048828125
2020-05-27T07:15:00.000000000,529,4176.78142857143,3401.41455078125
2020-05-27T07:30:00.000000000,530,5534.89142857143,4261.908203125
2020-05-27T07:45:00.000000000,531,6972.37333333333,5482.07763671875
2020-05-27T08:00:00.000000000,532,8480.7,7070.4970703125
2020-05-27T08:15:00.000000000,533,9805.04666666667,8917.466796875
2020-05-27T08:30:00.000000000,534,11243.5,10763.3994140625
2020-05-27T08:45:00.000000000,535,12507.2376190476,12512.294921875
2020-05-27T09:00:00.000000000,536,13738.5133333333,14087.9013671875
2020-05-27T09:15:00.000000000,537,14144.46,15496.0576171875
2020-05-27T09:30:00.000000000,538,12426.6933333333,16717.755859375
2020-05-27T09:45:00.000000000,539,10937.6838095238,17714.900390625
2020-05-27T10:00:00.000000000,540,10630.0614285714,18478.15625
2020-05-27T10:15:00.000000000,541,10853.0133333333,19027.7109375
2020-05-27T10:30:00.000000000,542,11017.02,19425.154296875
2020-05-27T10:45:00.000000000,543,10394.0,19718.1171875
2020-05-27T11:00:00.000000000,544,10247.4995238095,19925.224609375
2020-05-27T11:15:00.000000000,545,9572.16666666667,20068.875
2020-05-27T11:30:00.000000000,546,9698.58,20164.6953125
2020-05-27T11:45:00.000000000,547,9723.56666666667,20222.748046875
2020-05-27T12:00:00.000000000,548,9824.15285714286,20230.728515625
2020-05-27T12:15:00.000000000,549,9953.92571428572,20202.912109375
2020-05-27T12:30:00.000000000,550,11058.5533333333,20144.728515625
2020-05-27T12:45:00.000000000,551,10980.62,20054.791015625
2020-05-27T13:00:00.000000000,552,10824.0,19932.533203125
2020-05-27T13:15:00.000000000,553,10753.62,19791.224609375
2020-05-27T13:30:00.000000000,554,10375.4804761905,19638.115234375
2020-05-27T13:45:00.000000000,555,11227.38,19456.517578125
2020-05-27T14:00:00.000000000,556,11949.6147619048,19220.484375
2020-05-27T14:15:00.000000000,557,11604.84,18926.77734375
2020-05-27T14:30:00.000000000,558,12582.6980952381,18486.33203125
2020-05-27T14:45:00.000000000,559,13353.6230769231,17846.9453125
2020-05-27T15:00:00.000000000,560,12614.2147619048,17031.08203125
2020-05-27T15:15:00.000000000,561,14801.1204761905,15957.08984375
2020-05-27T15:30:00.000000000,562,14171.6066666667,14600.4755859375
2020-05-27T15:45:00.000000000,563,12817.9214285714,12984.509765625
2020-05-27T16:00:00.000000000,564,11513.8233333333,11177.7353515625
2020-05-27T16:15:00.000000000,565,9868.54571428571,9316.7177734375
2020-05-27T16:30:00.000000000,566,8713.98666666667,7485.7333984375
2020-05-27T16:45:00.000000000,567,7252.44,5820.86669921875
2020-05-27T17:00:00.000000000,568,5874.99333333333,4415.22509765625
2020-05-27T17:15:00.000000000,569,4622.20619047619,3327.342529296875
2020-05-27T17:30:00.000000000,570,3346.4,2500.609130859375
2020-05-27T17:45:00.000000000,571,2421.53761904762,1901.9990234375
2020-05-27T18:00:00.000000000,572,1682.72,1475.054931640625
2020-05-27T18:15:00.000000000,573,1037.40666666667,1183.4979248046875
2020-05-27T18:30:00.000000000,574,425.129523809524,984.1162109375
2020-05-27T18:45:00.000000000,575,17.6080952380952,845.8812866210938
2020-05-27T19:00:00.000000000,576,0.0,753.8399658203125
2020-05-27T19:15:00.000000000,577,0.0,700.1420288085938
2020-05-27T19:30:00.000000000,578,0.0,675.2161254882812
2020-05-27T19:45:00.000000000,579,0.0,667.2301025390625
2020-05-27T20:00:00.000000000,580,0.0,664.5406494140625
2020-05-27T20:15:00.000000000,581,0.0,664.9298706054688
2020-05-27T20:30:00.000000000,582,0.0,666.0089111328125
2020-05-27T20:45:00.000000000,583,0.0,668.0611572265625
2020-05-27T21:00:00.000000000,584,0.0,671.1565551757812
2020-05-27T21:15:00.000000000,585,0.0,677.0657958984375
2020-05-27T21:30:00.000000000,586,0.0,685.5316772460938
2020-05-27T21:45:00.000000000,587,0.0,696.0236206054688
2020-05-27T22:00:00.000000000,588,0.0,709.78369140625
2020-05-27T22:15:00.000000000,589,0.0,728.2423706054688
2020-05-27T22:30:00.000000000,590,0.0,748.3368530273438
2020-05-27T22:45:00.000000000,591,0.0,768.9125366210938
2020-05-27T23:00:00.000000000,592,0.0,788.42333984375
2020-05-27T23:15:00.000000000,593,0.0,806.113525390625
2020-05-27T23:30:00.000000000,594,0.0,820.9998168945312
2020-05-27T23:45:00.000000000,595,0.0,834.9231567382812
2020-05-28T00:00:00.000000000,596,0.0,849.2933349609375
2020-05-28T00:15:00.000000000,597,0.0,865.7354736328125
2020-05-28T00:30:00.000000000,598,0.0,885.0728759765625
2020-05-28T00:45:00.000000000,599,0.0,906.40869140625
2020-05-28T01:00:00.000000000,600,0.0,930.5446166992188
2020-05-28T01:15:00.000000000,601,0.0,956.4977416992188
2020-05-28T01:30:00.000000000,602,0.0,984.7314453125
2020-05-28T01:45:00.000000000,603,0.0,1014.4244384765625
2020-05-28T02:00:00.000000000,604,0.0,1046.9510498046875
2020-05-28T02:15:00.000000000,605,0.0,1082.6513671875
2020-05-28T02:30:00.000000000,606,0.0,1123.24072265625
2020-05-28T02:45:00.000000000,607,0.0,1167.5255126953125
2020-05-28T03:00:00.000000000,608,0.0,1215.35791015625
2020-05-28T03:15:00.000000000,609,0.0,1268.319091796875
2020-05-28T03:30:00.000000000,610,0.0,1327.1412353515625
2020-05-28T03:45:00.000000000,611,0.0,1391.098876953125
2020-05-28T04:00:00.000000000,612,0.0,1459.93994140625
2020-05-28T04:15:00.000000000,613,0.0,1531.1593017578125
2020-05-28T04:30:00.000000000,614,0.0,1602.6636962890625
2020-05-28T04:45:00.000000000,615,0.0,1674.648681640625
2020-05-28T05:00:00.000000000,616,0.0,1750.347412109375
2020-05-28T05:15:00.000000000,617,0.0,1830.3800048828125
2020-05-28T05:30:00.000000000,618,0.0,1915.0665283203125
2020-05-28T05:45:00.000000000,619,0.0,2005.9515380859375
2020-05-28T06:00:00.000000000,620,252.449523809524,2102.673828125
2020-05-28T06:15:00.000000000,621,655.308571428571,2234.498291015625
2020-05-28T06:30:00.000000000,622,1224.6,2423.833251953125
2020-05-28T06:45:00.000000000,623,2105.27523809524,2692.49072265625
2020-05-28T07:00:00.000000000,624,2811.9,3084.362548828125
2020-05-28T07:15:00.000000000,625,4147.82,3630.2109375
2020-05-28T07:30:00.000000000,626,6509.3019047619,4476.8544921875
2020-05-28T07:45:00.000000000,627,7862.16619047619,5996.9716796875
2020-05-28T08:00:00.000000000,628,9085.47333333333,7997.48974609375
2020-05-28T08:15:00.000000000,629,10636.22,10122.365234375
2020-05-28T08:30:00.000000000,630,12014.5466666667,12051.498046875
2020-05-28T08:45:00.000000000,631,13722.3428571429,13678.2275390625
2020-05-28T09:00:00.000000000,632,14996.1623809524,15042.10546875
2020-05-28T09:15:00.000000000,633,16001.4733333333,16298.3603515625
2020-05-28T09:30:00.000000000,634,17047.4,17399.2890625
2020-05-28T09:45:00.000000000,635,15596.0633333333,18253.203125
2020-05-28T10:00:00.000000000,636,13857.900952381,18952.349609375
2020-05-28T10:15:00.000000000,637,13712.1652380952,19429.076171875
2020-05-28T10:30:00.000000000,638,13940.7395238095,19754.546875
2020-05-28T10:45:00.000000000,639,13776.7666666667,19999.625
2020-05-28T11:00:00.000000000,640,13565.8142857143,20220.876953125
2020-05-28T11:15:00.000000000,641,13402.7638095238,20349.388671875
2020-05-28T11:30:00.000000000,642,13763.02,20396.3984375
2020-05-28T11:45:00.000000000,643,13773.36,20406.150390625
2020-05-28T12:00:00.000000000,644,13967.489047619,20383.501953125
2020-05-28T12:15:00.000000000,645,14028.4576190476,20328.392578125
2020-05-28T12:30:00.000000000,646,13821.9266666667,20254.5859375
2020-05-28T12:45:00.000000000,647,13813.9061904762,20177.38671875
2020-05-28T13:00:00.000000000,648,13773.7147619048,20084.6328125
2020-05-28T13:15:00.000000000,649,13694.47,19984.359375
2020-05-28T13:30:00.000000000,650,1948.21333333333,19815.1953125
2020-05-28T13:45:00.000000000,651,6171.89285714286,19626.087890625
2020-05-28T14:00:00.000000000,652,11072.3361904762,19403.3984375
2020-05-28T14:15:00.000000000,653,11196.2533333333,19109.267578125
2020-05-28T14:30:00.000000000,654,12015.8052380952,18686.943359375
2020-05-28T14:45:00.000000000,655,12799.8908791209,18186.390625
2020-05-28T15:00:00.000000000,656,16618.490952381,17465.84765625
2020-05-28T15:15:00.000000000,657,15936.9666666667,16580.013671875
2020-05-28T15:30:00.000000000,658,14512.2933333333,15443.1826171875
2020-05-28T15:45:00.000000000,659,13171.8580952381,13994.3369140625
2020-05-28T16:00:00.000000000,660,11621.9438095238,12240.7373046875
2020-05-28T16:15:00.000000000,661,10047.5728571429,10229.9951171875
2020-05-28T16:30:00.000000000,662,8557.6819047619,8154.42626953125
2020-05-28T16:45:00.000000000,663,6287.97333333333,6272.23876953125
2020-05-28T17:00:00.000000000,664,5765.27380952381,4541.69189453125
2020-05-28T17:15:00.000000000,665,4618.21974358974,3353.4150390625
2020-05-28T17:30:00.000000000,666,3525.30761904762,2520.491943359375
2020-05-28T17:45:00.000000000,667,2494.28666666667,1929.1630859375
2020-05-28T18:00:00.000000000,668,1656.14,1503.9781494140625
2020-05-28T18:15:00.000000000,669,996.874761904762,1213.170654296875
2020-05-28T18:30:00.000000000,670,434.06619047619,994.2965698242188
2020-05-28T18:45:00.000000000,671,23.6933333333333,841.570556640625
2020-05-28T19:00:00.000000000,672,0.0,739.628173828125
2020-05-28T19:15:00.000000000,673,0.0,680.1520385742188
2020-05-28T19:30:00.000000000,674,0.0,649.58349609375
2020-05-28T19:45:00.000000000,675,0.0,637.1353759765625
2020-05-28T20:00:00.000000000,676,0.0,634.530029296875
2020-05-28T20:15:00.000000000,677,0.0,634.27001953125
2020-05-28T20:30:00.000000000,678,0.0,633.4000854492188
2020-05-28T20:45:00.000000000,679,0.0,634.85595703125
2020-05-28T21:00:00.000000000,680,0.0,639.4017333984375
2020-05-28T21:15:00.000000000,681,0.0,647.6469116210938
2020-05-28T21:30:00.000000000,682,0.0,660.6016235351562
2020-05-28T21:45:00.000000000,683,0.0,677.20751953125
2020-05-28T22:00:00.000000000,684,0.0,692.7228393554688
2020-05-28T22:15:00.000000000,685,0.0,709.147705078125
2020-05-28T22:30:00.000000000,686,0.0,726.761962890625
2020-05-28T22:45:00.000000000,687,0.0,744.6234130859375
2020-05-28T23:00:00.000000000,688,0.0,762.3699340820312
2020-05-28T23:15:00.000000000,689,0.0,780.7777099609375
2020-05-28T23:30:00.000000000,690,0.0,799.7706909179688
2020-05-28T23:45:00.000000000,691,0.0,818.3707885742188
2020-05-29T00:00:00.000000000,692,0.0,837.7199096679688
2020-05-29T00:15:00.000000000,693,0.0,856.9404296875
2020-05-29T00:30:00.000000000,694,0.0,878.4547729492188
2020-05-29T00:45:00.000000000,695,0.0,902.5478515625
2020-05-29T01:00:00.000000000,696,0.0,930.12744140625
2020-05-29T01:15:00.000000000,697,0.0,960.1376342773438
2020-05-29T01:30:00.000000000,698,0.0,992.4257202148438
2020-05-29T01:45:00.000000000,699,0.0,1025.414794921875
2020-05-29T02:00:00.000000000,700,0.0,1061.344970703125
2020-05-29T02:15:00.000000000,701,0.0,1099.5848388671875
2020-05-29T02:30:00.000000000,702,0.0,1141.298828125
2020-05-29T02:45:00.000000000,703,0.0,1188.166748046875
2020-05-29T03:00:00.000000000,704,0.0,1240.8990478515625
2020-05-29T03:15:00.000000000,705,0.0,1297.461181640625
2020-05-29T03:30:00.000000000,706,0.0,1356.456787109375
2020-05-29T03:45:00.000000000,707,0.0,1417.58837890625
2020-05-29T04:00:00.000000000,708,0.0,1478.3587646484375
2020-05-29T04:15:00.000000000,709,0.0,1538.9718017578125
2020-05-29T04:30:00.000000000,710,0.0,1601.0682373046875
2020-05-29T04:45:00.000000000,711,0.0,1665.7222900390625
2020-05-29T05:00:00.000000000,712,0.0,1731.7293701171875
2020-05-29T05:15:00.000000000,713,0.0,1801.428955078125
2020-05-29T05:30:00.000000000,714,0.0,1879.4639892578125
2020-05-29T05:45:00.000000000,715,0.0,1967.3271484375
2020-05-29T06:00:00.000000000,716,372.965714285714,2068.989501953125
2020-05-29T06:15:00.000000000,717,1103.28,2227.646728515625
2020-05-29T06:30:00.000000000,718,1823.52666666667,2485.324462890625
2020-05-29T06:45:00.000000000,719,2239.43285714286,2831.11083984375
2020-05-29T07:00:00.000000000,720,2366.10666666667,3228.433837890625
2020-05-29T07:15:00.000000000,721,2647.73142857143,3630.425048828125
2020-05-29T07:30:00.000000000,722,3350.76,4001.440673828125
2020-05-29T07:45:00.000000000,723,4007.24666666667,4452.83984375
2020-05-29T08:00:00.000000000,724,5020.96904761905,5015.36669921875
2020-05-29T08:15:00.000000000,725,8687.83380952381,5765.462890625
2020-05-29T08:30:00.000000000,726,11963.52,7481.77294921875
2020-05-29T08:45:00.000000000,727,14357.6533333333,10320.23046875
2020-05-29T09:00:00.000000000,728,16293.4157142857,13551.4189453125
2020-05-29T09:15:00.000000000,729,15399.9828571429,16344.7138671875
2020-05-29T09:30:00.000000000,730,14398.5166666667,18270.1875
2020-05-29T09:45:00.000000000,731,13548.22,19176.263671875
2020-05-29T10:00:00.000000000,732,12696.6733333333,19553.859375
2020-05-29T10:15:00.000000000,733,13185.0523809524,19636.828125
2020-05-29T10:30:00.000000000,734,11856.6452380952,19505.96875
2020-05-29T10:45:00.000000000,735,11977.5147619048,19268.80859375
2020-05-29T11:00:00.000000000,736,10582.9333333333,19031.091796875
2020-05-29T11:15:00.000000000,737,11047.1666666667,18859.921875
2020-05-29T11:30:00.000000000,738,10791.0152380952,18919.95703125
2020-05-29T11:45:00.000000000,739,11843.9676190476,18956.041015625
2020-05-29T12:00:00.000000000,740,10938.149047619,19152.033203125
2020-05-29T12:15:00.000000000,741,11684.6466666667,19174.291015625
2020-05-29T12:30:00.000000000,742,12515.5214285714,19098.255859375
2020-05-29T12:45:00.000000000,743,13116.2633333333,18672.484375
2020-05-29T13:00:00.000000000,744,14079.0052380952,18027.314453125
2020-05-29T13:15:00.000000000,745,14592.5814285714,17164.068359375
2020-05-29T13:30:00.000000000,746,14218.8623809524,16332.244140625
2020-05-29T13:45:00.000000000,747,14363.5576190476,15311.0458984375
2020-05-29T14:00:00.000000000,748,15103.1661904762,14500.1279296875
2020-05-29T14:15:00.000000000,749,14378.91,14017.970703125
2020-05-29T14:30:00.000000000,750,14172.2604761905,13522.490234375
2020-05-29T14:45:00.000000000,751,13368.4261904762,13059.7197265625
2020-05-29T15:00:00.000000000,752,13224.8514285714,12326.2822265625
2020-05-29T15:15:00.000000000,753,14729.5952380952,11493.3037109375
2020-05-29T15:30:00.000000000,754,14596.1638095238,11276.728515625
2020-05-29T15:45:00.000000000,755,13833.6835164835,11145.421875
2020-05-29T16:00:00.000000000,756,14028.9235764236,10790.3310546875
2020-05-29T16:15:00.000000000,757,14224.1636363636,10050.603515625
2020-05-29T16:30:00.000000000,758,12724.8466666667,8830.251953125
2020-05-29T16:45:00.000000000,759,11092.120952381,7208.99365234375
2020-05-29T17:00:00.000000000,760,8883.21238095238,5688.96044921875
2020-05-29T17:15:00.000000000,761,7004.70666666667,4247.95751953125
2020-05-29T17:30:00.000000000,762,5123.64,3091.2177734375
2020-05-29T17:45:00.000000000,763,3407.80666666667,2225.9306640625
2020-05-29T18:00:00.000000000,764,2004.11142857143,1615.367431640625
2020-05-29T18:15:00.000000000,765,778.683809523809,1197.5919189453125
2020-05-29T18:30:00.000000000,766,338.182380952381,919.556884765625
2020-05-29T18:45:00.000000000,767,0.0,749.4080200195312
2020-05-29T19:00:00.000000000,768,0.0,651.8860473632812
2020-05-29T19:15:00.000000000,769,0.0,603.0642700195312
2020-05-29T19:30:00.000000000,770,0.0,582.2113037109375
2020-05-29T19:45:00.000000000,771,0.0,576.8355102539062
2020-05-29T20:00:00.000000000,772,0.0,576.966552734375
2020-05-29T20:15:00.000000000,773,0.0,577.8199462890625
2020-05-29T20:30:00.000000000,774,0.0,579.5729370117188
2020-05-29T20:45:00.000000000,775,0.0,583.57373046875
2020-05-29T21:00:00.000000000,776,0.0,591.4804077148438
2020-05-29T21:15:00.000000000,777,0.0,603.145751953125
2020-05-29T21:30:00.000000000,778,0.0,620.108154296875
2020-05-29T21:45:00.000000000,779,0.0,640.156982421875
2020-05-29T22:00:00.000000000,780,0.0,662.6287231445312
2020-05-29T22:15:00.000000000,781,0.0,684.322509765625
2020-05-29T22:30:00.000000000,782,0.0,704.2015991210938
2020-05-29T22:45:00.000000000,783,0.0,723.8880615234375
2020-05-29T23:00:00.000000000,784,0.0,744.800048828125
2020-05-29T23:15:00.000000000,785,0.0,766.1026611328125
2020-05-29T23:30:00.000000000,786,0.0,785.940185546875
2020-05-29T23:45:00.000000000,787,0.0,806.3018188476562
2020-05-30T00:00:00.000000000,788,0.0,826.0413208007812
2020-05-30T00:15:00.000000000,789,0.0,846.1414794921875
2020-05-30T00:30:00.000000000,790,0.0,867.9223022460938
2020-05-30T00:45:00.000000000,791,0.0,890.7277221679688
2020-05-30T01:00:00.000000000,792,0.0,911.5687255859375
2020-05-30T01:15:00.000000000,793,0.0,931.9144897460938
2020-05-30T01:30:00.000000000,794,0.0,961.2726440429688
2020-05-30T01:45:00.000000000,795,0.0,1012.9304809570312
2020-05-30T02:00:00.000000000,796,0.0,1083.48974609375
2020-05-30T02:15:00.000000000,797,0.0,1177.722900390625
2020-05-30T02:30:00.000000000,798,0.0,1290.477294921875
2020-05-30T02:45:00.000000000,799,0.0,1398.799072265625
2020-05-30T03:00:00.000000000,800,0.0,1478.000244140625
2020-05-30T03:15:00.000000000,801,0.0,1552.0440673828125
2020-05-30T03:30:00.000000000,802,0.0,1616.3109130859375
2020-05-30T03:45:00.000000000,803,0.0,1669.4166259765625
2020-05-30T04:00:00.000000000,804,0.0,1718.58056640625
2020-05-30T04:15:00.000000000,805,0.0,1771.846923828125
2020-05-30T04:30:00.000000000,806,0.0,1833.039306640625
2020-05-30T04:45:00.000000000,807,0.0,1895.9967041015625
2020-05-30T05:00:00.000000000,808,0.0,1964.3851318359375
2020-05-30T05:15:00.000000000,809,0.0,2040.2576904296875
2020-05-30T05:30:00.000000000,810,0.0,2124.3388671875
2020-05-30T05:45:00.000000000,811,0.0,2214.9306640625
2020-05-30T06:00:00.000000000,812,140.786666666667,2307.016357421875
2020-05-30T06:15:00.000000000,813,442.448095238095,2416.027587890625
2020-05-30T06:30:00.000000000,814,560.749047619048,2547.419677734375
2020-05-30T06:45:00.000000000,815,1147.05857142857,2670.79833984375
2020-05-30T07:00:00.000000000,816,3081.57285714286,2828.081298828125
2020-05-30T07:15:00.000000000,817,3450.62666666667,3201.931884765625
2020-05-30T07:30:00.000000000,818,3217.11095238095,3651.4365234375
2020-05-30T07:45:00.000000000,819,4497.11142857143,4015.0009765625
2020-05-30T08:00:00.000000000,820,7634.82142857143,4433.17431640625
2020-05-30T08:15:00.000000000,821,6387.03476190476,5426.8134765625
2020-05-30T08:30:00.000000000,822,4802.91333333333,6107.4189453125
2020-05-30T08:45:00.000000000,823,7078.62047619048,6266.5107421875
2020-05-30T09:00:00.000000000,824,10182.4833333333,6703.8447265625
2020-05-30T09:15:00.000000000,825,10001.4504761905,7822.66845703125
2020-05-30T09:30:00.000000000,826,12089.8771428571,8819.642578125
2020-05-30T09:45:00.000000000,827,17444.22,10302.451171875
2020-05-30T10:00:00.000000000,828,16845.8804761905,13137.98828125
2020-05-30T10:15:00.000000000,829,14549.6085714286,15178.9150390625
2020-05-30T10:30:00.000000000,830,20916.2942857143,15950.21875
2020-05-30T10:45:00.000000000,831,19676.3338095238,17239.42578125
2020-05-30T11:00:00.000000000,832,15049.7114285714,18864.0
2020-05-30T11:15:00.000000000,833,20881.3661904762,19317.0546875
2020-05-30T11:30:00.000000000,834,19438.78,19930.044921875
2020-05-30T11:45:00.000000000,835,18423.8185714286,20131.275390625
2020-05-30T12:00:00.000000000,836,14204.1614285714,20347.37890625
2020-05-30T12:15:00.000000000,837,19192.1552380952,19907.546875
2020-05-30T12:30:00.000000000,838,19932.4395238095,19391.24609375
2020-05-30T12:45:00.000000000,839,17585.4266666667,19418.931640625
2020-05-30T13:00:00.000000000,840,19048.1719047619,19563.32421875
2020-05-30T13:15:00.000000000,841,20771.9142857143,19404.330078125
2020-05-30T13:30:00.000000000,842,19014.2119047619,19710.234375
2020-05-30T13:45:00.000000000,843,19174.2247619048,19592.091796875
2020-05-30T14:00:00.000000000,844,19405.6666666667,19246.818359375
2020-05-30T14:15:00.000000000,845,19942.599047619,18971.7578125
2020-05-30T14:30:00.000000000,846,20084.4,18640.861328125
2020-05-30T14:45:00.000000000,847,19536.640952381,18057.271484375
2020-05-30T15:00:00.000000000,848,20499.7938095238,17521.927734375
2020-05-30T15:15:00.000000000,849,19083.0728571429,16675.3828125
2020-05-30T15:30:00.000000000,850,17498.9561904762,15440.9736328125
2020-05-30T15:45:00.000000000,851,16600.78,13905.2958984375
2020-05-30T16:00:00.000000000,852,14930.8495238095,12157.2939453125
2020-05-30T16:15:00.000000000,853,13214.6004761905,10256.6591796875
2020-05-30T16:30:00.000000000,854,11642.9171428571,8425.8642578125
2020-05-30T16:45:00.000000000,855,10083.8761904762,6779.3671875
2020-05-30T17:00:00.000000000,856,8212.71523809524,5310.6494140625
2020-05-30T17:15:00.000000000,857,6502.98666666667,4044.572509765625
2020-05-30T17:30:00.000000000,858,4823.06857142857,3050.780029296875
2020-05-30T17:45:00.000000000,859,3007.50952380952,2295.204345703125
2020-05-30T18:00:00.000000000,860,1488.49428571429,1721.6090087890625
2020-05-30T18:15:00.000000000,861,811.806666666667,1302.298828125
2020-05-30T18:30:00.000000000,862,296.486666666667,1027.4310302734375
2020-05-30T18:45:00.000000000,863,0.0,849.3522338867188
2020-05-30T19:00:00.000000000,864,0.0,741.2552490234375
2020-05-30T19:15:00.000000000,865,0.0,683.9226684570312
2020-05-30T19:30:00.000000000,866,0.0,654.1859130859375
2020-05-30T19:45:00.000000000,867,0.0,639.7809448242188
2020-05-30T20:00:00.000000000,868,0.0,635.7365112304688
2020-05-30T20:15:00.000000000,869,0.0,641.3549194335938
2020-05-30T20:30:00.000000000,870,0.0,658.3021240234375
2020-05-30T20:45:00.000000000,871,0.0,674.228515625
2020-05-30T21:00:00.000000000,872,0.0,687.8895874023438
2020-05-30T21:15:00.000000000,873,0.0,696.7708129882812
2020-05-30T21:30:00.000000000,874,0.0,698.7904663085938
2020-05-30T21:45:00.000000000,875,0.0,692.4525146484375
2020-05-30T22:00:00.000000000,876,0.0,697.7208251953125
2020-05-30T22:15:00.000000000,877,0.0,702.9940795898438
2020-05-30T22:30:00.000000000,878,0.0,715.959228515625
2020-05-30T22:45:00.000000000,879,0.0,727.542724609375
2020-05-30T23:00:00.000000000,880,0.0,742.8822631835938
2020-05-30T23:15:00.000000000,881,0.0,760.2904052734375
2020-05-30T23:30:00.000000000,882,0.0,774.3912353515625
2020-05-30T23:45:00.000000000,883,0.0,786.0291137695312
2020-05-31T00:00:00.000000000,884,0.0,804.6486206054688
2020-05-31T00:15:00.000000000,885,0.0,829.1857299804688
2020-05-31T00:30:00.000000000,886,0.0,854.3792114257812
2020-05-31T00:45:00.000000000,887,0.0,874.4571533203125
2020-05-31T01:00:00.000000000,888,0.0,893.9471435546875
2020-05-31T01:15:00.000000000,889,0.0,916.9071044921875
2020-05-31T01:30:00.000000000,890,0.0,937.448974609375
2020-05-31T01:45:00.000000000,891,0.0,959.4039916992188
2020-05-31T02:00:00.000000000,892,0.0,992.365234375
2020-05-31T02:15:00.000000000,893,0.0,1028.880126953125
2020-05-31T02:30:00.000000000,894,0.0,1068.83154296875
2020-05-31T02:45:00.000000000,895,0.0,1116.3857421875
2020-05-31T03:00:00.000000000,896,0.0,1177.27880859375
2020-05-31T03:15:00.000000000,897,0.0,1241.76708984375
2020-05-31T03:30:00.000000000,898,0.0,1303.107666015625
2020-05-31T03:45:00.000000000,899,0.0,1361.517578125
2020-05-31T04:00:00.000000000,900,0.0,1413.5347900390625
2020-05-31T04:15:00.000000000,901,0.0,1472.4449462890625
2020-05-31T04:30:00.000000000,902,0.0,1543.5845947265625
2020-05-31T04:45:00.000000000,903,0.0,1629.25927734375
2020-05-31T05:00:00.000000000,904,0.0,1712.7515869140625
2020-05-31T05:15:00.000000000,905,0.0,1786.4892578125
2020-05-31T05:30:00.000000000,906,0.0,1844.96923828125
2020-05-31T05:45:00.000000000,907,0.0,1884.784912109375
2020-05-31T06:00:00.000000000,908,399.276666666667,1919.3695068359375
2020-05-31T06:15:00.000000000,909,1216.1480952381,2001.150634765625
2020-05-31T06:30:00.000000000,910,2194.34047619048,2162.7841796875
2020-05-31T06:45:00.000000000,911,2906.94,2427.22802734375
2020-05-31T07:00:00.000000000,912,2908.80142857143,2787.463134765625
2020-05-31T07:15:00.000000000,913,2648.2019047619,3124.85986328125
2020-05-31T07:30:00.000000000,914,2901.53761904762,3339.955810546875
2020-05-31T07:45:00.000000000,915,3692.64285714286,3477.764404296875
2020-05-31T08:00:00.000000000,916,5785.79619047619,3637.88818359375
2020-05-31T08:15:00.000000000,917,9557.34,4082.20556640625
2020-05-31T08:30:00.000000000,918,10737.9861904762,5247.94384765625
2020-05-31T08:45:00.000000000,919,8889.23095238095,7121.27587890625
2020-05-31T09:00:00.000000000,920,8839.04761904762,8294.51171875
2020-05-31T09:15:00.000000000,921,13065.369047619,8878.3720703125
2020-05-31T09:30:00.000000000,922,20546.4052380952,10089.8720703125
2020-05-31T09:45:00.000000000,923,17054.2585714286,13353.7373046875
2020-05-31T10:00:00.000000000,924,14979.090952381,15272.1923828125
2020-05-31T10:15:00.000000000,925,17273.4928571429,15599.0732421875
2020-05-31T10:30:00.000000000,926,19492.6704761905,16155.998046875
2020-05-31T10:45:00.000000000,927,22226.36,16891.658203125
2020-05-31T11:00:00.000000000,928,14805.5523809524,17303.126953125
2020-05-31T11:15:00.000000000,929,19397.6333333333,16749.01171875
2020-05-31T11:30:00.000000000,930,20858.6061904762,17034.470703125
2020-05-31T11:45:00.000000000,931,15409.959047619,17325.744140625
2020-05-31T12:00:00.000000000,932,23350.1219047619,16117.8486328125
2020-05-31T12:15:00.000000000,933,23893.8966666667,16612.333984375
2020-05-31T12:30:00.000000000,934,11050.38,18085.3359375
2020-05-31T12:45:00.000000000,935,24836.429047619,16469.62890625
2020-05-31T13:00:00.000000000,936,22783.8761904762,16723.76171875
2020-05-31T13:15:00.000000000,937,26057.3428571429,17886.388671875
2020-05-31T13:30:00.000000000,938,23157.680952381,18615.9921875
2020-05-31T13:45:00.000000000,939,24824.8738095238,18810.06640625
2020-05-31T14:00:00.000000000,940,25219.5004761905,19406.03515625
2020-05-31T14:15:00.000000000,941,17066.12,19353.853515625
2020-05-31T14:30:00.000000000,942,8829.5819047619,18620.59375
2020-05-31T14:45:00.000000000,943,8906.72380952381,15717.1396484375
2020-05-31T15:00:00.000000000,944,13323.649047619,11738.6396484375
2020-05-31T15:15:00.000000000,945,9228.88666666667,9393.791015625
2020-05-31T15:30:00.000000000,946,5909.11333333333,7650.97265625
2020-05-31T15:45:00.000000000,947,5928.32047619048,6507.56494140625
2020-05-31T16:00:00.000000000,948,4808.72047619048,5785.1298828125
2020-05-31T16:15:00.000000000,949,4573.73619047619,4846.71142578125
2020-05-31T16:30:00.000000000,950,3995.16666666667,3781.5537109375
2020-05-31T16:45:00.000000000,951,2951.51333333333,3195.186767578125
2020-05-31T17:00:00.000000000,952,2059.46571428571,2732.3017578125
2020-05-31T17:15:00.000000000,953,1244.74285714286,2257.1669921875
2020-05-31T17:30:00.000000000,954,1797.74857142857,1856.5687255859375
2020-05-31T17:45:00.000000000,955,1565.68,1624.05419921875
2020-05-31T18:00:00.000000000,956,1100.91333333333,1471.4654541015625
2020-05-31T18:15:00.000000000,957,569.75,1360.699951171875
2020-05-31T18:30:00.000000000,958,27.0228571428571,1259.4532470703125
2020-05-31T18:45:00.000000000,959,0.0,1159.542236328125
2020-05-31T19:00:00.000000000,960,0.0,1070.57763671875
2020-05-31T19:15:00.000000000,961,0.0,1038.7906494140625
2020-05-31T19:30:00.000000000,962,0.0,1055.6817626953125
2020-05-31T19:45:00.000000000,963,0.0,1100.6097412109375
2020-05-31T20:00:00.000000000,964,0.0,1148.8448486328125
2020-05-31T20:15:00.000000000,965,0.0,1181.1934814453125
2020-05-31T20:30:00.000000000,966,0.0,1148.4952392578125
2020-05-31T20:45:00.000000000,967,0.0,1106.1932373046875
2020-05-31T21:00:00.000000000,968,0.0,1070.1473388671875
2020-05-31T21:15:00.000000000,969,0.0,1044.061279296875
2020-05-31T21:30:00.000000000,970,0.0,1024.327880859375
2020-05-31T21:45:00.000000000,971,0.0,1015.5654296875
2020-05-31T22:00:00.000000000,972,0.0,1017.0875244140625
2020-05-31T22:15:00.000000000,973,0.0,1019.87109375
2020-05-31T22:30:00.000000000,974,0.0,1022.505859375
2020-05-31T22:45:00.000000000,975,0.0,1020.4501953125
2020-05-31T23:00:00.000000000,976,0.0,1017.1544799804688
2020-05-31T23:15:00.000000000,977,0.0,1019.0291137695312
2020-05-31T23:30:00.000000000,978,0.0,1028.250244140625
2020-05-31T23:45:00.000000000,979,0.0,1041.0625
2020-06-01T00:00:00.000000000,980,0.0,1055.2745361328125
2020-06-01T00:15:00.000000000,981,0.0,1065.9613037109375
2020-06-01T00:30:00.000000000,982,0.0,1075.6527099609375
2020-06-01T00:45:00.000000000,983,0.0,1088.015380859375
2020-06-01T01:00:00.000000000,984,0.0,1106.614501953125
2020-06-01T01:15:00.000000000,985,0.0,1135.5660400390625
2020-06-01T01:30:00.000000000,986,0.0,1172.029296875
2020-06-01T01:45:00.000000000,987,0.0,1203.367919921875
2020-06-01T02:00:00.000000000,988,0.0,1232.9066162109375
2020-06-01T02:15:00.000000000,989,0.0,1265.8704833984375
2020-06-01T02:30:00.000000000,990,0.0,1306.2734375
2020-06-01T02:45:00.000000000,991,0.0,1358.386474609375
2020-06-01T03:00:00.000000000,992,0.0,1426.113037109375
2020-06-01T03:15:00.000000000,993,0.0,1496.1473388671875
2020-06-01T03:30:00.000000000,994,0.0,1567.926025390625
2020-06-01T03:45:00.000000000,995,0.0,1637.8779296875
2020-06-01T04:00:00.000000000,996,0.0,1703.1943359375
2020-06-01T04:15:00.000000000,997,0.0,1768.7615966796875
2020-06-01T04:30:00.000000000,998,0.0,1836.6259765625
2020-06-01T04:45:00.000000000,999,0.0,1909.038330078125
2020-06-01T05:00:00.000000000,1000,0.0,1996.6895751953125
2020-06-01T05:15:00.000000000,1001,0.0,2092.765869140625
2020-06-01T05:30:00.000000000,1002,0.0,2193.794921875
2020-06-01T05:45:00.000000000,1003,0.0,2297.529296875
2020-06-01T06:00:00.000000000,1004,103.544285714286,2396.115234375
2020-06-01T06:15:00.000000000,1005,678.886666666667,2501.74267578125
2020-06-01T06:30:00.000000000,1006,1565.84952380952,2647.64697265625
2020-06-01T06:45:00.000000000,1007,2385.68428571429,2877.455078125
2020-06-01T07:00:00.000000000,1008,2150.58666666667,3189.52099609375
2020-06-01T07:15:00.000000000,1009,5194.67952380952,3464.49365234375
2020-06-01T07:30:00.000000000,1010,5425.54,4039.1884765625
2020-06-01T07:45:00.000000000,1011,4384.82238095238,4693.60302734375
2020-06-01T08:00:00.000000000,1012,5161.97428571429,5069.298828125
2020-06-01T08:15:00.000000000,1013,6660.53238095238,5411.072265625
2020-06-01T08:30:00.000000000,1014,8748.71380952381,6065.384765625
2020-06-01T08:45:00.000000000,1015,16292.4866666667,6967.73779296875
2020-06-01T09:00:00.000000000,1016,19335.4319047619,9849.7236328125
2020-06-01T09:15:00.000000000,1017,19666.8933333333,13738.67578125
2020-06-01T09:30:00.000000000,1018,21041.5042857143,16647.998046875
2020-06-01T09:45:00.000000000,1019,19132.9466666667,18559.8515625
2020-06-01T10:00:00.000000000,1020,20359.9671428571,19429.482421875
2020-06-01T10:15:00.000000000,1021,25125.9523809524,19333.50390625
2020-06-01T10:30:00.000000000,1022,19720.4376190476,19663.677734375
2020-06-01T10:45:00.000000000,1023,10298.5728571429,19565.6796875
2020-06-01T11:00:00.000000000,1024,10936.5933333333,18095.478515625
2020-06-01T11:15:00.000000000,1025,14162.4071428571,15495.369140625
2020-06-01T11:30:00.000000000,1026,11246.0352380952,13798.1083984375
2020-06-01T11:45:00.000000000,1027,10158.0176190476,11346.3359375
2020-06-01T12:00:00.000000000,1028,8713.15095238095,11060.546875
2020-06-01T12:15:00.000000000,1029,20036.6133333333,15978.8681640625
2020-06-01T12:30:00.000000000,1030,26630.5066666667,18050.357421875
2020-06-01T12:45:00.000000000,1031,17605.9019047619,19212.806640625
2020-06-01T13:00:00.000000000,1032,9301.26904761905,18980.748046875
2020-06-01T13:15:00.000000000,1033,2260.75714285714,16948.40625
2020-06-01T13:30:00.000000000,1034,987.75,11062.3984375
2020-06-01T13:45:00.000000000,1035,2278.86,6489.5576171875
2020-06-01T14:00:00.000000000,1036,1907.87857142857,3891.785888671875
2020-06-01T14:15:00.000000000,1037,1517.74,3235.0
2020-06-01T14:30:00.000000000,1038,1250.32666666667,3132.86669921875
2020-06-01T14:45:00.000000000,1039,1220.35333333333,3219.884765625
2020-06-01T15:00:00.000000000,1040,1274.12,3043.076904296875
2020-06-01T15:15:00.000000000,1041,1352.34666666667,2849.593017578125
2020-06-01T15:30:00.000000000,1042,1516.4880952381,2716.685546875
2020-06-01T15:45:00.000000000,1043,1784.73666666667,2636.787109375
2020-06-01T16:00:00.000000000,1044,2211.13333333333,2589.68115234375
2020-06-01T16:15:00.000000000,1045,2957.96666666667,2579.4013671875
2020-06-01T16:30:00.000000000,1046,3157.92666666667,2626.293212890625
2020-06-01T16:45:00.000000000,1047,1545.62285714286,2693.0029296875
2020-06-01T17:00:00.000000000,1048,1734.32857142857,2596.542236328125
2020-06-01T17:15:00.000000000,1049,696.314761904762,2476.616943359375
2020-06-01T17:30:00.000000000,1050,178.832692307692,2288.5830078125
2020-06-01T17:45:00.000000000,1051,89.4163461538462,2072.36865234375
2020-06-01T18:00:00.000000000,1052,0.0,1894.9019775390625
2020-06-01T18:15:00.000000000,1053,0.0,1790.50732421875
2020-06-01T18:30:00.000000000,1054,0.0,1705.1705322265625
2020-06-01T18:45:00.000000000,1055,0.0,1651.637451171875
2020-06-01T19:00:00.000000000,1056,0.0,1615.5628662109375
2020-06-01T19:15:00.000000000,1057,0.0,1571.633056640625
2020-06-01T19:30:00.000000000,1058,0.0,1523.558837890625
2020-06-01T19:45:00.000000000,1059,0.0,1475.7911376953125
2020-06-01T20:00:00.000000000,1060,0.0,1439.7269287109375
2020-06-01T20:15:00.000000000,1061,0.0,1411.712890625
2020-06-01T20:30:00.000000000,1062,0.0,1390.0394287109375
2020-06-01T20:45:00.000000000,1063,0.0,1366.7626953125
2020-06-01T21:00:00.000000000,1064,0.0,1340.73681640625
2020-06-01T21:15:00.000000000,1065,0.0,1313.550537109375
2020-06-01T21:30:00.000000000,1066,0.0,1284.8017578125
2020-06-01T21:45:00.000000000,1067,0.0,1259.489501953125
2020-06-01T22:00:00.000000000,1068,0.0,1235.719482421875
2020-06-01T22:15:00.000000000,1069,0.0,1215.8074951171875
2020-06-01T22:30:00.000000000,1070,0.0,1197.3984375
2020-06-01T22:45:00.000000000,1071,0.0,1183.3570556640625
2020-06-01T23:00:00.000000000,1072,0.0,1174.2869873046875
2020-06-01T23:15:00.000000000,1073,0.0,1171.236572265625
2020-06-01T23:30:00.000000000,1074,0.0,1173.1439208984375
2020-06-01T23:45:00.000000000,1075,0.0,1177.0045166015625
2020-06-02T00:00:00.000000000,1076,0.0,1183.2098388671875
2020-06-02T00:15:00.000000000,1077,0.0,1194.6297607421875
2020-06-02T00:30:00.000000000,1078,0.0,1210.0234375
2020-06-02T00:45:00.000000000,1079,0.0,1231.148681640625
2020-06-02T01:00:00.000000000,1080,0.0,1258.84716796875
2020-06-02T01:15:00.000000000,1081,0.0,1288.44873046875
2020-06-02T01:30:00.000000000,1082,0.0,1318.7781982421875
2020-06-02T01:45:00.000000000,1083,0.0,1351.4989013671875
2020-06-02T02:00:00.000000000,1084,0.0,1389.511474609375
2020-06-02T02:15:00.000000000,1085,0.0,1432.742919921875
2020-06-02T02:30:00.000000000,1086,0.0,1480.5936279296875
2020-06-02T02:45:00.000000000,1087,0.0,1533.7760009765625
2020-06-02T03:00:00.000000000,1088,0.0,1588.1793212890625
2020-06-02T03:15:00.000000000,1089,0.0,1642.5943603515625
2020-06-02T03:30:00.000000000,1090,0.0,1700.64599609375
2020-06-02T03:45:00.000000000,1091,0.0,1760.5855712890625
2020-06-02T04:00:00.000000000,1092,0.0,1822.9554443359375
2020-06-02T04:15:00.000000000,1093,0.0,1889.7884521484375
2020-06-02T04:30:00.000000000,1094,0.0,1963.1636962890625
2020-06-02T04:45:00.000000000,1095,0.0,2037.248779296875
2020-06-02T05:00:00.000000000,1096,0.0,2110.101806640625
2020-06-02T05:15:00.000000000,1097,0.0,2183.958984375
2020-06-02T05:30:00.000000000,1098,0.0,2268.70556640625
2020-06-02T05:45:00.000000000,1099,5.36571428571428,2357.022216796875
2020-06-02T06:00:00.000000000,1100,580.532857142857,2462.488525390625
2020-06-02T06:15:00.000000000,1101,1457.44333333333,2627.56103515625
2020-06-02T06:30:00.000000000,1102,2444.55476190476,2896.482666015625
2020-06-02T06:45:00.000000000,1103,5309.43,3284.91357421875
2020-06-02T07:00:00.000000000,1104,5325.15428571429,3970.39990234375
2020-06-02T07:15:00.000000000,1105,7167.46238095238,4865.5703125
2020-06-02T07:30:00.000000000,1106,7971.31523809524,6059.03662109375
2020-06-02T07:45:00.000000000,1107,8443.79238095238,7257.990234375
2020-06-02T08:00:00.000000000,1108,10844.5833333333,8305.4248046875
2020-06-02T08:15:00.000000000,1109,11199.3733333333,9568.873046875
2020-06-02T08:30:00.000000000,1110,11943.5933333333,10707.4921875
2020-06-02T08:45:00.000000000,1111,14129.0761904762,11516.4130859375
2020-06-02T09:00:00.000000000,1112,15303.5342857143,12537.66015625
2020-06-02T09:15:00.000000000,1113,12783.9714285714,13731.3740234375
2020-06-02T09:30:00.000000000,1114,13247.0976190476,13887.1484375
2020-06-02T09:45:00.000000000,1115,13610.0933333333,13827.138671875
2020-06-02T10:00:00.000000000,1116,14623.7333333333,13874.658203125
2020-06-02T10:15:00.000000000,1117,16029.5671428571,14042.4130859375
2020-06-02T10:30:00.000000000,1118,14327.7180952381,14597.3798828125
2020-06-02T10:45:00.000000000,1119,14690.4485714286,14754.7724609375
2020-06-02T11:00:00.000000000,1120,13645.6285714286,15187.5908203125
2020-06-02T11:15:00.000000000,1121,5498.68571428571,15036.0205078125
2020-06-02T11:30:00.000000000,1122,15379.1580952381,16065.3349609375
2020-06-02T11:45:00.000000000,1123,12743.9557142857,18045.345703125
2020-06-02T12:00:00.000000000,1124,10649.7447619048,19350.107421875
2020-06-02T12:15:00.000000000,1125,9057.46666666667,19652.58984375
2020-06-02T12:30:00.000000000,1126,0.0,19577.564453125
2020-06-02T12:45:00.000000000,1127,12598.5995238095,19967.400390625
2020-06-02T13:00:00.000000000,1128,10930.62,20244.697265625
2020-06-02T13:15:00.000000000,1129,15849.0752380952,19757.51171875
2020-06-02T13:30:00.000000000,1130,16862.4866666667,19625.078125
2020-06-02T13:45:00.000000000,1131,15726.3304761905,19751.51953125
2020-06-02T14:00:00.000000000,1132,18936.8023809524,19542.3125
2020-06-02T14:15:00.000000000,1133,16215.28,19636.130859375
2020-06-02T14:30:00.000000000,1134,13029.9866666667,19531.75390625
2020-06-02T14:45:00.000000000,1135,15778.3242857143,18526.029296875
2020-06-02T15:00:00.000000000,1136,15747.5571428571,17405.44140625
2020-06-02T15:15:00.000000000,1137,13167.8133333333,15525.8017578125
2020-06-02T15:30:00.000000000,1138,18384.5695238095,12635.46875
2020-06-02T15:45:00.000000000,1139,12251.9785714286,11632.7275390625
2020-06-02T16:00:00.000000000,1140,7293.67571428571,9848.1142578125
2020-06-02T16:15:00.000000000,1141,0.0,8335.720703125
2020-06-02T16:30:00.000000000,1142,0.0,7660.64111328125
2020-06-02T16:45:00.000000000,1143,10956.1742857143,7430.15087890625
2020-06-02T17:00:00.000000000,1144,10964.6919047619,6764.109375
2020-06-02T17:15:00.000000000,1145,8887.95,6310.6611328125
2020-06-02T17:30:00.000000000,1146,7377.19523809524,5328.69677734375
2020-06-02T17:45:00.000000000,1147,4460.2,4417.1513671875
2020-06-02T18:00:00.000000000,1148,3310.64047619048,3397.600830078125
2020-06-02T18:15:00.000000000,1149,1784.38666666667,2648.77001953125
2020-06-02T18:30:00.000000000,1150,541.191428571429,2052.827880859375
2020-06-02T18:45:00.000000000,1151,23.9547619047619,1613.4404296875
2020-06-02T19:00:00.000000000,1152,0.0,1316.1915283203125
2020-06-02T19:15:00.000000000,1153,0.0,1158.4046630859375
2020-06-02T19:30:00.000000000,1154,0.0,1070.1298828125
2020-06-02T19:45:00.000000000,1155,0.0,1033.43505859375
2020-06-02T20:00:00.000000000,1156,0.0,1021.7062377929688
2020-06-02T20:15:00.000000000,1157,0.0,1016.3841552734375
2020-06-02T20:30:00.000000000,1158,0.0,1008.37939453125
2020-06-02T20:45:00.000000000,1159,0.0,997.7860717773438
2020-06-02T21:00:00.000000000,1160,0.0,988.0977172851562
2020-06-02T21:15:00.000000000,1161,0.0,978.274658203125
2020-06-02T21:30:00.000000000,1162,0.0,972.7964477539062
2020-06-02T21:45:00.000000000,1163,0.0,971.448974609375
2020-06-02T22:00:00.000000000,1164,0.0,974.0182495117188
2020-06-02T22:15:00.000000000,1165,0.0,977.6228637695312
2020-06-02T22:30:00.000000000,1166,0.0,984.3881225585938
2020-06-02T22:45:00.000000000,1167,0.0,993.7235107421875
2020-06-02T23:00:00.000000000,1168,0.0,1004.393310546875
2020-06-02T23:15:00.000000000,1169,0.0,1012.94140625
2020-06-02T23:30:00.000000000,1170,0.0,1022.9293823242188
2020-06-02T23:45:00.000000000,1171,0.0,1033.23486328125
2020-06-03T00:00:00.000000000,1172,0.0,1043.360107421875
2020-06-03T00:15:00.000000000,1173,0.0,1052.9918212890625
2020-06-03T00:30:00.000000000,1174,0.0,1063.5330810546875
2020-06-03T00:45:00.000000000,1175,0.0,1075.1004638671875
2020-06-03T01:00:00.000000000,1176,0.0,1091.7232666015625
2020-06-03T01:15:00.000000000,1177,0.0,1113.7542724609375
2020-06-03T01:30:00.000000000,1178,0.0,1141.3992919921875
2020-06-03T01:45:00.000000000,1179,0.0,1186.6407470703125
2020-06-03T02:00:00.000000000,1180,0.0,1244.240478515625
2020-06-03T02:15:00.000000000,1181,0.0,1304.457763671875
2020-06-03T02:30:00.000000000,1182,0.0,1367.080322265625
2020-06-03T02:45:00.000000000,1183,0.0,1426.8197021484375
2020-06-03T03:00:00.000000000,1184,0.0,1464.830078125
2020-06-03T03:15:00.000000000,1185,0.0,1504.201416015625
2020-06-03T03:30:00.000000000,1186,0.0,1557.157470703125
2020-06-03T03:45:00.000000000,1187,0.0,1622.1248779296875
2020-06-03T04:00:00.000000000,1188,0.0,1696.02978515625
2020-06-03T04:15:00.000000000,1189,0.0,1768.5384521484375
2020-06-03T04:30:00.000000000,1190,0.0,1836.2392578125
2020-06-03T04:45:00.000000000,1191,0.0,1898.97998046875
2020-06-03T05:00:00.000000000,1192,0.0,1961.51708984375
2020-06-03T05:15:00.000000000,1193,0.0,2028.165283203125
2020-06-03T05:30:00.000000000,1194,0.0,2101.3369140625
2020-06-03T05:45:00.000000000,1195,0.0,2184.26220703125
2020-06-03T06:00:00.000000000,1196,63.7547619047619,2281.363525390625
2020-06-03T06:15:00.000000000,1197,615.086666666667,2397.658935546875
2020-06-03T06:30:00.000000000,1198,1309.84,2562.941650390625
2020-06-03T06:45:00.000000000,1199,2325.47238095238,2804.037109375
2020-06-03T07:00:00.000000000,1200,3284.42333333333,3151.2412109375
2020-06-03T07:15:00.000000000,1201,3809.62333333333,3628.433837890625
2020-06-03T07:30:00.000000000,1202,4239.17333333333,4165.5419921875
2020-06-03T07:45:00.000000000,1203,8057.53095238095,4707.83935546875
2020-06-03T08:00:00.000000000,1204,9578.81666666667,5932.9677734375
2020-06-03T08:15:00.000000000,1205,9734.53857142857,7648.375
2020-06-03T08:30:00.000000000,1206,11134.9166666667,9143.2158203125
2020-06-03T08:45:00.000000000,1207,11456.1466666667,10377.65625
2020-06-03T09:00:00.000000000,1208,15143.8095238095,11277.83203125
2020-06-03T09:15:00.000000000,1209,9250.08761904762,12533.849609375
2020-06-03T09:30:00.000000000,1210,11140.7566666667,12278.1845703125
2020-06-03T09:45:00.000000000,1211,14450.2828571429,11932.8837890625
2020-06-03T10:00:00.000000000,1212,12582.7533333333,12270.1416015625
2020-06-03T10:15:00.000000000,1213,9289.43952380952,12351.248046875
2020-06-03T10:30:00.000000000,1214,10186.5247619048,11427.2421875
2020-06-03T10:45:00.000000000,1215,3398.90380952381,10919.8193359375
2020-06-03T11:00:00.000000000,1216,7896.11333333333,14178.0244140625
2020-06-03T11:15:00.000000000,1217,13453.0166666667,15942.8154296875
2020-06-03T11:30:00.000000000,1218,13019.1314285714,16879.4296875
2020-06-03T11:45:00.000000000,1219,10583.3138095238,17825.623046875
2020-06-03T12:00:00.000000000,1220,13707.1461904762,18065.9296875
2020-06-03T12:15:00.000000000,1221,11281.12,18296.69140625
2020-06-03T12:30:00.000000000,1222,9472.91238095238,18338.9609375
2020-06-03T12:45:00.000000000,1223,6113.14,17641.36328125
2020-06-03T13:00:00.000000000,1224,2421.28,15233.107421875
2020-06-03T13:15:00.000000000,1225,13510.2261904762,10826.6787109375
2020-06-03T13:30:00.000000000,1226,12560.8066666667,8722.6767578125
2020-06-03T13:45:00.000000000,1227,11944.6566666667,8717.001953125
2020-06-03T14:00:00.000000000,1228,13691.3735714286,8914.216796875
2020-06-03T14:15:00.000000000,1229,15438.0904761905,11007.6298828125
2020-06-03T14:30:00.000000000,1230,10139.6971428571,14532.4453125
2020-06-03T14:45:00.000000000,1231,14898.2338095238,14518.4345703125
2020-06-03T15:00:00.000000000,1232,14290.3919047619,14516.6826171875
2020-06-03T15:15:00.000000000,1233,11480.0733333333,15828.3447265625
2020-06-03T15:30:00.000000000,1234,9438.32428571428,15236.857421875
2020-06-03T15:45:00.000000000,1235,15173.8266666667,12575.2353515625
2020-06-03T16:00:00.000000000,1236,10154.2461904762,11471.5810546875
2020-06-03T16:15:00.000000000,1237,6634.67047619048,9500.599609375
2020-06-03T16:30:00.000000000,1238,5549.50904761905,6796.2099609375
2020-06-03T16:45:00.000000000,1239,6353.34,5180.79931640625
2020-06-03T17:00:00.000000000,1240,5553.46095238095,4384.58984375
2020-06-03T17:15:00.000000000,1241,3893.91380952381,3568.24755859375
2020-06-03T17:30:00.000000000,1242,3315.74,3086.398681640625
2020-06-03T17:45:00.000000000,1243,2699.92476190476,2766.1884765625
2020-06-03T18:00:00.000000000,1244,1713.8580952381,2470.160888671875
2020-06-03T18:15:00.000000000,1245,824.36380952381,2137.620361328125
2020-06-03T18:30:00.000000000,1246,278.756666666667,1846.7371826171875
2020-06-03T18:45:00.000000000,1247,0.0,1613.2730712890625
2020-06-03T19:00:00.000000000,1248,0.0,1430.8782958984375
2020-06-03T19:15:00.000000000,1249,0.0,1308.1998291015625
2020-06-03T19:30:00.000000000,1250,0.0,1242.79833984375
2020-06-03T19:45:00.000000000,1251,0.0,1215.472900390625
2020-06-03T20:00:00.000000000,1252,0.0,1207.096435546875
2020-06-03T20:15:00.000000000,1253,0.0,1202.7010498046875
2020-06-03T20:30:00.000000000,1254,0.0,1197.7100830078125
2020-06-03T20:45:00.000000000,1255,0.0,1188.4217529296875
2020-06-03T21:00:00.000000000,1256,0.0,1175.3006591796875
2020-06-03T21:15:00.000000000,1257,0.0,1161.6005859375
2020-06-03T21:30:00.000000000,1258,0.0,1152.00732421875
2020-06-03T21:45:00.000000000,1259,0.0,1149.34912109375
2020-06-03T22:00:00.000000000,1260,0.0,1152.1944580078125
2020-06-03T22:15:00.000000000,1261,0.0,1156.5572509765625
2020-06-03T22:30:00.000000000,1262,0.0,1164.17333984375
2020-06-03T22:45:00.000000000,1263,0.0,1168.5654296875
2020-06-03T23:00:00.000000000,1264,0.0,1166.3433837890625
2020-06-03T23:15:00.000000000,1265,0.0,1163.7379150390625
2020-06-03T23:30:00.000000000,1266,0.0,1162.9488525390625
2020-06-03T23:45:00.000000000,1267,0.0,1162.7503662109375
2020-06-04T00:00:00.000000000,1268,0.0,1169.121826171875
2020-06-04T00:15:00.000000000,1269,0.0,1184.4599609375
2020-06-04T00:30:00.000000000,1270,0.0,1204.302490234375
2020-06-04T00:45:00.000000000,1271,0.0,1227.5028076171875
2020-06-04T01:00:00.000000000,1272,0.0,1253.28759765625
2020-06-04T01:15:00.000000000,1273,0.0,1280.7806396484375
2020-06-04T01:30:00.000000000,1274,0.0,1307.438232421875
2020-06-04T01:45:00.000000000,1275,0.0,1337.0194091796875
2020-06-04T02:00:00.000000000,1276,0.0,1367.8458251953125
2020-06-04T02:15:00.000000000,1277,0.0,1400.76611328125
2020-06-04T02:30:00.000000000,1278,0.0,1438.2073974609375
2020-06-04T02:45:00.000000000,1279,0.0,1480.9388427734375
2020-06-04T03:00:00.000000000,1280,0.0,1528.99072265625
2020-06-04T03:15:00.000000000,1281,0.0,1583.6282958984375
2020-06-04T03:30:00.000000000,1282,0.0,1642.476806640625
2020-06-04T03:45:00.000000000,1283,0.0,1704.1466064453125
2020-06-04T04:00:00.000000000,1284,0.0,1768.091552734375
2020-06-04T04:15:00.000000000,1285,0.0,1842.380859375
2020-06-04T04:30:00.000000000,1286,0.0,1927.175048828125
2020-06-04T04:45:00.000000000,1287,0.0,2017.2542724609375
2020-06-04T05:00:00.000000000,1288,0.0,2107.285888671875
2020-06-04T05:15:00.000000000,1289,0.0,2193.1455078125
2020-06-04T05:30:00.000000000,1290,0.0,2272.900390625
2020-06-04T05:45:00.000000000,1291,0.0,2346.01904296875
2020-06-04T06:00:00.000000000,1292,129.238095238095,2422.830078125
2020-06-04T06:15:00.000000000,1293,639.686666666667,2527.250244140625
2020-06-04T06:30:00.000000000,1294,1393.99857142857,2683.10009765625
2020-06-04T06:45:00.000000000,1295,2249.48666666667,2916.320068359375
2020-06-04T07:00:00.000000000,1296,3672.76761904762,3244.77392578125
2020-06-04T07:15:00.000000000,1297,4673.95285714286,3732.50341796875
2020-06-04T07:30:00.000000000,1298,5317.32666666667,4365.58740234375
2020-06-04T07:45:00.000000000,1299,7418.51142857143,5041.88037109375
2020-06-04T08:00:00.000000000,1300,8444.2219047619,6001.64013671875
2020-06-04T08:15:00.000000000,1301,12513.1566666667,7065.83935546875
2020-06-04T08:30:00.000000000,1302,10997.6147619048,8946.86328125
2020-06-04T08:45:00.000000000,1303,11332.6,10457.607421875
2020-06-04T09:00:00.000000000,1304,12684.4695238095,11406.7646484375
2020-06-04T09:15:00.000000000,1305,14942.3919047619,12161.65234375
2020-06-04T09:30:00.000000000,1306,15875.43,13181.8701171875
2020-06-04T09:45:00.000000000,1307,14469.8395238095,14051.55078125
2020-06-04T10:00:00.000000000,1308,14476.9057142857,14936.9072265625
2020-06-04T10:15:00.000000000,1309,12997.7842857143,16793.439453125
2020-06-04T10:30:00.000000000,1310,10747.9152380952,17895.78515625
2020-06-04T10:45:00.000000000,1311,7692.52428571429,17767.66796875
2020-06-04T11:00:00.000000000,1312,14204.4757142857,16249.837890625
2020-06-04T11:15:00.000000000,1313,13853.1228571429,16256.4892578125
2020-06-04T11:30:00.000000000,1314,16158.8185714286,17114.935546875
2020-06-04T11:45:00.000000000,1315,16648.4019047619,18464.296875
2020-06-04T12:00:00.000000000,1316,13050.3857142857,19648.48828125
2020-06-04T12:15:00.000000000,1317,13170.2771428571,19962.060546875
2020-06-04T12:30:00.000000000,1318,18504.2019047619,19524.765625
2020-06-04T12:45:00.000000000,1319,16493.5947619048,19890.625
2020-06-04T13:00:00.000000000,1320,12759.3533333333,20248.859375
2020-06-04T13:15:00.000000000,1321,15369.94,20073.263671875
2020-06-04T13:30:00.000000000,1322,12770.900952381,20126.8828125
2020-06-04T13:45:00.000000000,1323,4859.49,20012.439453125
2020-06-04T14:00:00.000000000,1324,5102.24380952381,17912.830078125
2020-06-04T14:15:00.000000000,1325,10851.1533333333,13714.1796875
2020-06-04T14:30:00.000000000,1326,11273.1961904762,11289.560546875
2020-06-04T14:45:00.000000000,1327,12516.0919047619,9229.73828125
2020-06-04T15:00:00.000000000,1328,13208.0461904762,8437.4248046875
2020-06-04T15:15:00.000000000,1329,10617.1376190476,9198.4130859375
2020-06-04T15:30:00.000000000,1330,10081.5666666667,9122.19921875
2020-06-04T15:45:00.000000000,1331,8610.87714285714,8327.4765625
2020-06-04T16:00:00.000000000,1332,6102.66428571429,7460.15576171875
2020-06-04T16:15:00.000000000,1333,7442.35523809524,6156.19775390625
2020-06-04T16:30:00.000000000,1334,8288.97333333333,5272.52001953125
2020-06-04T16:45:00.000000000,1335,10231.7666666667,4938.7109375
2020-06-04T17:00:00.000000000,1336,6600.91380952381,5040.93115234375
2020-06-04T17:15:00.000000000,1337,4325.93380952381,4748.9853515625
2020-06-04T17:30:00.000000000,1338,3210.44904761905,4087.522705078125
2020-06-04T17:45:00.000000000,1339,2623.15333333333,3253.3369140625
2020-06-04T18:00:00.000000000,1340,1845.66666666667,2580.008544921875
2020-06-04T18:15:00.000000000,1341,1037.0619047619,2060.4921875
2020-06-04T18:30:00.000000000,1342,485.810952380952,1749.182373046875
2020-06-04T18:45:00.000000000,1343,2.56,1523.91015625
2020-06-04T19:00:00.000000000,1344,0.0,1346.44775390625
2020-06-04T19:15:00.000000000,1345,0.0,1219.9608154296875
2020-06-04T19:30:00.000000000,1346,0.0,1140.815185546875
2020-06-04T19:45:00.000000000,1347,0.0,1096.7469482421875
2020-06-04T20:00:00.000000000,1348,0.0,1082.7916259765625
2020-06-04T20:15:00.000000000,1349,0.0,1085.08349609375
2020-06-04T20:30:00.000000000,1350,0.0,1093.6318359375
2020-06-04T20:45:00.000000000,1351,0.0,1104.0235595703125
2020-06-04T21:00:00.000000000,1352,0.0,1113.117919921875
2020-06-04T21:15:00.000000000,1353,0.0,1114.78271484375
2020-06-04T21:30:00.000000000,1354,0.0,1116.0662841796875
2020-06-04T21:45:00.000000000,1355,0.0,1117.4619140625
2020-06-04T22:00:00.000000000,1356,0.0,1115.5233154296875
2020-06-04T22:15:00.000000000,1357,0.0,1117.939697265625
2020-06-04T22:30:00.000000000,1358,0.0,1120.49755859375
2020-06-04T22:45:00.000000000,1359,0.0,1117.358642578125
2020-06-04T23:00:00.000000000,1360,0.0,1112.867431640625
2020-06-04T23:15:00.000000000,1361,0.0,1111.1612548828125
2020-06-04T23:30:00.000000000,1362,0.0,1107.813720703125
2020-06-04T23:45:00.000000000,1363,0.0,1104.831787109375
2020-06-05T00:00:00.000000000,1364,0.0,1112.1951904296875
2020-06-05T00:15:00.000000000,1365,0.0,1126.536376953125
2020-06-05T00:30:00.000000000,1366,0.0,1144.82373046875
2020-06-05T00:45:00.000000000,1367,0.0,1165.9400634765625
2020-06-05T01:00:00.000000000,1368,0.0,1198.0694580078125
2020-06-05T01:15:00.000000000,1369,0.0,1242.5447998046875
2020-06-05T01:30:00.000000000,1370,0.0,1293.308349609375
2020-06-05T01:45:00.000000000,1371,0.0,1343.5059814453125
2020-06-05T02:00:00.000000000,1372,0.0,1392.509521484375
2020-06-05T02:15:00.000000000,1373,0.0,1443.4678955078125
2020-06-05T02:30:00.000000000,1374,0.0,1496.5675048828125
2020-06-05T02:45:00.000000000,1375,0.0,1549.437255859375
2020-06-05T03:00:00.000000000,1376,0.0,1602.928466796875
2020-06-05T03:15:00.000000000,1377,0.0,1655.26708984375
2020-06-05T03:30:00.000000000,1378,0.0,1706.9317626953125
2020-06-05T03:45:00.000000000,1379,0.0,1760.7764892578125
2020-06-05T04:00:00.000000000,1380,0.0,1812.9744873046875
2020-06-05T04:15:00.000000000,1381,0.0,1866.6075439453125
2020-06-05T04:30:00.000000000,1382,0.0,1923.57568359375
2020-06-05T04:45:00.000000000,1383,0.0,1983.4344482421875
2020-06-05T05:00:00.000000000,1384,0.0,2045.7835693359375
2020-06-05T05:15:00.000000000,1385,0.0,2113.662109375
2020-06-05T05:30:00.000000000,1386,0.0,2187.111083984375
2020-06-05T05:45:00.000000000,1387,0.0,2268.203369140625
2020-06-05T06:00:00.000000000,1388,90.6319047619048,2358.76904296875
2020-06-05T06:15:00.000000000,1389,678.81,2468.305419921875
2020-06-05T06:30:00.000000000,1390,1336.06047619048,2626.7275390625
2020-06-05T06:45:00.000000000,1391,2772.87238095238,2871.105712890625
2020-06-05T07:00:00.000000000,1392,3665.60952380952,3283.346435546875
2020-06-05T07:15:00.000000000,1393,4417.03476190476,3849.724609375
2020-06-05T07:30:00.000000000,1394,4797.83857142857,4474.11083984375
2020-06-05T07:45:00.000000000,1395,6118.14952380952,5067.09375
2020-06-05T08:00:00.000000000,1396,6865.58666666667,5778.00634765625
2020-06-05T08:15:00.000000000,1397,11260.5176190476,6450.83154296875
2020-06-05T08:30:00.000000000,1398,16717.6666666667,8147.560546875
2020-06-05T08:45:00.000000000,1399,15154.7057142857,11287.859375
2020-06-05T09:00:00.000000000,1400,15710.5638095238,13674.6064453125
2020-06-05T09:15:00.000000000,1401,19992.1733333333,15121.8525390625
2020-06-05T09:30:00.000000000,1402,16325.3214285714,17476.35546875
2020-06-05T09:45:00.000000000,1403,16446.7133333333,18560.677734375
2020-06-05T10:00:00.000000000,1404,14142.7642857143,19073.53125
2020-06-05T10:15:00.000000000,1405,13341.379047619,19546.466796875
2020-06-05T10:30:00.000000000,1406,16217.5866666667,19867.375
2020-06-05T10:45:00.000000000,1407,15214.5066666667,20037.248046875
2020-06-05T11:00:00.000000000,1408,15922.2742857143,20195.083984375
2020-06-05T11:15:00.000000000,1409,13993.6961904762,20293.646484375
2020-06-05T11:30:00.000000000,1410,15259.3104761905,20362.521484375
2020-06-05T11:45:00.000000000,1411,7478.4,20290.802734375
2020-06-05T12:00:00.000000000,1412,17580.79,19239.931640625
2020-06-05T12:15:00.000000000,1413,18622.9595238095,19226.384765625
2020-06-05T12:30:00.000000000,1414,18031.7033333333,19579.4921875
2020-06-05T12:45:00.000000000,1415,15555.7866666667,19929.78125
2020-06-05T13:00:00.000000000,1416,14436.3738095238,19858.150390625
2020-06-05T13:15:00.000000000,1417,18667.4052380952,19770.583984375
2020-06-05T13:30:00.000000000,1418,6548.30333333333,19781.66015625
2020-06-05T13:45:00.000000000,1419,5243.02571428571,18327.142578125
2020-06-05T14:00:00.000000000,1420,8337.27,14409.9228515625
2020-06-05T14:15:00.000000000,1421,9925.59714285714,10390.8447265625
2020-06-05T14:30:00.000000000,1422,11630.6142857143,7780.58447265625
2020-06-05T14:45:00.000000000,1423,8641.31047619048,6259.59375
2020-06-05T15:00:00.000000000,1424,10815.3866666667,6361.4384765625
2020-06-05T15:15:00.000000000,1425,12778.869047619,6706.1572265625
2020-06-05T15:30:00.000000000,1426,11285.2838095238,7246.787109375
2020-06-05T15:45:00.000000000,1427,8581.57523809524,7432.95654296875
2020-06-05T16:00:00.000000000,1428,7666.67761904762,6865.81494140625
2020-06-05T16:15:00.000000000,1429,7634.24666666667,6234.79248046875
2020-06-05T16:30:00.000000000,1430,11258.5223809524,5396.021484375
2020-06-05T16:45:00.000000000,1431,13726.0133333333,5219.08349609375
2020-06-05T17:00:00.000000000,1432,9899.7619047619,5625.62060546875
2020-06-05T17:15:00.000000000,1433,6758.86571428571,5560.26806640625
2020-06-05T17:30:00.000000000,1434,4207.54619047619,4830.89013671875
2020-06-05T17:45:00.000000000,1435,3998.84380952381,3746.42041015625
2020-06-05T18:00:00.000000000,1436,1643.38857142857,2784.295166015625
2020-06-05T18:15:00.000000000,1437,880.327619047619,2054.8447265625
2020-06-05T18:30:00.000000000,1438,426.366666666667,1614.3662109375
2020-06-05T18:45:00.000000000,1439,4.52666666666667,1363.880859375
2020-06-05T19:00:00.000000000,1440,0.0,1210.526611328125
2020-06-05T19:15:00.000000000,1441,0.0,1107.71044921875
2020-06-05T19:30:00.000000000,1442,0.0,1059.5057373046875
2020-06-05T19:45:00.000000000,1443,0.0,1022.2662963867188
2020-06-05T20:00:00.000000000,1444,0.0,994.5144653320312
2020-06-05T20:15:00.000000000,1445,0.0,977.7297973632812
2020-06-05T20:30:00.000000000,1446,0.0,966.7850341796875
2020-06-05T20:45:00.000000000,1447,0.0,960.0188598632812
2020-06-05T21:00:00.000000000,1448,0.0,957.353271484375
2020-06-05T21:15:00.000000000,1449,0.0,959.93505859375
2020-06-05T21:30:00.000000000,1450,0.0,964.4441528320312
2020-06-05T21:45:00.000000000,1451,0.0,967.5040283203125
2020-06-05T22:00:00.000000000,1452,0.0,971.1127319335938
2020-06-05T22:15:00.000000000,1453,0.0,977.2046508789062
2020-06-05T22:30:00.000000000,1454,0.0,985.3900756835938
2020-06-05T22:45:00.000000000,1455,0.0,995.576171875
2020-06-05T23:00:00.000000000,1456,0.0,1007.534912109375
2020-06-05T23:15:00.000000000,1457,0.0,1022.7406005859375
2020-06-05T23:30:00.000000000,1458,0.0,1041.4503173828125
2020-06-05T23:45:00.000000000,1459,0.0,1064.83837890625
2020-06-06T00:00:00.000000000,1460,0.0,1092.2296142578125
2020-06-06T00:15:00.000000000,1461,0.0,1121.185302734375
2020-06-06T00:30:00.000000000,1462,0.0,1149.541259765625
2020-06-06T00:45:00.000000000,1463,0.0,1175.9339599609375
2020-06-06T01:00:00.000000000,1464,0.0,1204.5699462890625
2020-06-06T01:15:00.000000000,1465,0.0,1243.9154052734375
2020-06-06T01:30:00.000000000,1466,0.0,1294.1375732421875
2020-06-06T01:45:00.000000000,1467,0.0,1347.4285888671875
2020-06-06T02:00:00.000000000,1468,0.0,1399.21875
2020-06-06T02:15:00.000000000,1469,0.0,1441.899169921875
2020-06-06T02:30:00.000000000,1470,0.0,1475.180908203125
2020-06-06T02:45:00.000000000,1471,0.0,1505.406494140625
2020-06-06T03:00:00.000000000,1472,0.0,1541.7908935546875
2020-06-06T03:15:00.000000000,1473,0.0,1584.542724609375
2020-06-06T03:30:00.000000000,1474,0.0,1634.8714599609375
2020-06-06T03:45:00.000000000,1475,0.0,1698.515869140625
2020-06-06T04:00:00.000000000,1476,0.0,1773.4190673828125
2020-06-06T04:15:00.000000000,1477,0.0,1861.6693115234375
2020-06-06T04:30:00.000000000,1478,0.0,1955.6488037109375
2020-06-06T04:45:00.000000000,1479,0.0,2054.39111328125
2020-06-06T05:00:00.000000000,1480,0.0,2153.984375
2020-06-06T05:15:00.000000000,1481,0.0,2260.062255859375
2020-06-06T05:30:00.000000000,1482,0.0,2369.902099609375
2020-06-06T05:45:00.000000000,1483,0.0,2476.34130859375
2020-06-06T06:00:00.000000000,1484,281.173809523809,2571.501953125
2020-06-06T06:15:00.000000000,1485,1226.76761904762,2671.895263671875
2020-06-06T06:30:00.000000000,1486,2169.25761904762,2853.169677734375
2020-06-06T06:45:00.000000000,1487,3258.88904761905,3144.209228515625
2020-06-06T07:00:00.000000000,1488,3135.06,3589.771484375
2020-06-06T07:15:00.000000000,1489,3949.51285714286,4061.17626953125
2020-06-06T07:30:00.000000000,1490,2988.22,4568.90869140625
2020-06-06T07:45:00.000000000,1491,3196.90285714286,4770.00390625
2020-06-06T08:00:00.000000000,1492,9071.19238095238,4806.85009765625
2020-06-06T08:15:00.000000000,1493,12078.3733333333,5903.2158203125
2020-06-06T08:30:00.000000000,1494,14679.4995238095,8203.8388671875
2020-06-06T08:45:00.000000000,1495,17790.1866666667,11246.1484375
2020-06-06T09:00:00.000000000,1496,14699.3957142857,14404.5625
2020-06-06T09:15:00.000000000,1497,13640.9157142857,16859.544921875
2020-06-06T09:30:00.000000000,1498,15750.0371428571,17789.5703125
2020-06-06T09:45:00.000000000,1499,15745.0195238095,18679.05859375
2020-06-06T10:00:00.000000000,1500,15845.5466666667,19184.748046875
2020-06-06T10:15:00.000000000,1501,17255.509047619,19538.365234375
2020-06-06T10:30:00.000000000,1502,16190.8866666667,19932.517578125
2020-06-06T10:45:00.000000000,1503,15191.64,20211.41015625
2020-06-06T11:00:00.000000000,1504,14996.6847619048,20132.79296875
2020-06-06T11:15:00.000000000,1505,15787.2133333333,20167.625
2020-06-06T11:30:00.000000000,1506,14228.7633333333,20287.404296875
2020-06-06T11:45:00.000000000,1507,10774.28,20310.669921875
2020-06-06T12:00:00.000000000,1508,12062.1361904762,20001.466796875
2020-06-06T12:15:00.000000000,1509,17441.7933333333,19745.513671875
2020-06-06T12:30:00.000000000,1510,16864.46,19980.552734375
2020-06-06T12:45:00.000000000,1511,12143.0414285714,20082.82421875
2020-06-06T13:00:00.000000000,1512,12155.7466666667,19830.544921875
2020-06-06T13:15:00.000000000,1513,10740.4447619048,19566.01171875
2020-06-06T13:30:00.000000000,1514,8591.72666666667,18975.951171875
2020-06-06T13:45:00.000000000,1515,16228.2885714286,17224.330078125
2020-06-06T14:00:00.000000000,1516,14447.9823809524,17626.80859375
2020-06-06T14:15:00.000000000,1517,10575.86,17882.244140625
2020-06-06T14:30:00.000000000,1518,0.0,17235.3984375
2020-06-06T14:45:00.000000000,1519,8405.51333333333,16466.32421875
2020-06-06T15:00:00.000000000,1520,8794.32952380952,16824.35546875
2020-06-06T15:15:00.000000000,1521,13443.6061904762,16321.1015625
2020-06-06T15:30:00.000000000,1522,14343.6266666667,15089.8662109375
2020-06-06T15:45:00.000000000,1523,14951.6980952381,13481.9990234375
2020-06-06T16:00:00.000000000,1524,15176.8766666667,11476.21484375
2020-06-06T16:15:00.000000000,1525,14177.8223809524,9628.828125
2020-06-06T16:30:00.000000000,1526,13029.96,8380.82421875
2020-06-06T16:45:00.000000000,1527,11189.7266666667,7584.51611328125
2020-06-06T17:00:00.000000000,1528,9003.86619047619,6529.18212890625
2020-06-06T17:15:00.000000000,1529,6942.20333333333,5325.974609375
2020-06-06T17:30:00.000000000,1530,4717.90714285714,4050.288330078125
2020-06-06T17:45:00.000000000,1531,3651.68,2983.63916015625
2020-06-06T18:00:00.000000000,1532,2266.71333333333,2244.633056640625
2020-06-06T18:15:00.000000000,1533,1234.73333333333,1736.9229736328125
2020-06-06T18:30:00.000000000,1534,576.633333333333,1395.938232421875
2020-06-06T18:45:00.000000000,1535,27.7509523809524,1172.8387451171875
2020-06-06T19:00:00.000000000,1536,0.0,1028.283935546875
2020-06-06T19:15:00.000000000,1537,0.0,940.23828125
2020-06-06T19:30:00.000000000,1538,0.0,899.5403442382812
2020-06-06T19:45:00.000000000,1539,0.0,882.2589721679688
2020-06-06T20:00:00.000000000,1540,0.0,879.5382690429688
2020-06-06T20:15:00.000000000,1541,0.0,883.9031982421875
2020-06-06T20:30:00.000000000,1542,0.0,892.089599609375
2020-06-06T20:45:00.000000000,1543,0.0,904.3824462890625
2020-06-06T21:00:00.000000000,1544,0.0,920.0720825195312
2020-06-06T21:15:00.000000000,1545,0.0,937.8277587890625
2020-06-06T21:30:00.000000000,1546,0.0,956.874755859375
2020-06-06T21:45:00.000000000,1547,0.0,971.7152709960938
2020-06-06T22:00:00.000000000,1548,0.0,986.4679565429688
2020-06-06T22:15:00.000000000,1549,0.0,999.9512329101562
2020-06-06T22:30:00.000000000,1550,0.0,1013.0818481445312
2020-06-06T22:45:00.000000000,1551,0.0,1026.170166015625
2020-06-06T23:00:00.000000000,1552,0.0,1038.077392578125
2020-06-06T23:15:00.000000000,1553,0.0,1048.2784423828125
2020-06-06T23:30:00.000000000,1554,0.0,1057.9166259765625
2020-06-06T23:45:00.000000000,1555,0.0,1069.6109619140625
2020-06-07T00:00:00.000000000,1556,0.0,1083.6846923828125
2020-06-07T00:15:00.000000000,1557,0.0,1100.889404296875
2020-06-07T00:30:00.000000000,1558,0.0,1122.2779541015625
2020-06-07T00:45:00.000000000,1559,0.0,1145.90283203125
2020-06-07T01:00:00.000000000,1560,0.0,1168.2093505859375
2020-06-07T01:15:00.000000000,1561,0.0,1192.63916015625
2020-06-07T01:30:00.000000000,1562,0.0,1216.3956298828125
2020-06-07T01:45:00.000000000,1563,0.0,1243.9903564453125
2020-06-07T02:00:00.000000000,1564,0.0,1275.9405517578125
2020-06-07T02:15:00.000000000,1565,0.0,1316.7261962890625
2020-06-07T02:30:00.000000000,1566,0.0,1363.6341552734375
2020-06-07T02:45:00.000000000,1567,0.0,1420.81884765625
2020-06-07T03:00:00.000000000,1568,0.0,1490.927001953125
2020-06-07T03:15:00.000000000,1569,0.0,1571.1282958984375
2020-06-07T03:30:00.000000000,1570,0.0,1655.4759521484375
2020-06-07T03:45:00.000000000,1571,0.0,1734.442138671875
2020-06-07T04:00:00.000000000,1572,0.0,1802.789306640625
2020-06-07T04:15:00.000000000,1573,0.0,1850.9769287109375
2020-06-07T04:30:00.000000000,1574,0.0,1887.7545166015625
2020-06-07T04:45:00.000000000,1575,0.0,1919.5367431640625
2020-06-07T05:00:00.000000000,1576,0.0,1965.695556640625
2020-06-07T05:15:00.000000000,1577,0.0,2029.4613037109375
2020-06-07T05:30:00.000000000,1578,0.0,2120.94775390625
2020-06-07T05:45:00.000000000,1579,0.0,2228.406982421875
2020-06-07T06:00:00.000000000,1580,315.748095238095,2353.3251953125
2020-06-07T06:15:00.000000000,1581,926.086666666667,2508.985595703125
2020-06-07T06:30:00.000000000,1582,1488.04380952381,2720.851318359375
2020-06-07T06:45:00.000000000,1583,1651.76142857143,2984.683837890625
2020-06-07T07:00:00.000000000,1584,2172.04380952381,3257.795166015625
2020-06-07T07:15:00.000000000,1585,2803.12142857143,3554.59814453125
2020-06-07T07:30:00.000000000,1586,4642.45333333333,3884.66796875
2020-06-07T07:45:00.000000000,1587,7288.70476190476,4416.85546875
2020-06-07T08:00:00.000000000,1588,6712.14333333333,5358.2021484375
2020-06-07T08:15:00.000000000,1589,10439.0219047619,6281.3193359375
2020-06-07T08:30:00.000000000,1590,11176.5938095238,7669.2607421875
2020-06-07T08:45:00.000000000,1591,15984.6933333333,9116.2021484375
2020-06-07T09:00:00.000000000,1592,17379.0628571429,11424.7353515625
2020-06-07T09:15:00.000000000,1593,13467.5166666667,13531.7958984375
2020-06-07T09:30:00.000000000,1594,3193.01,16101.193359375
2020-06-07T09:45:00.000000000,1595,14880.9552380952,18071.46875
2020-06-07T10:00:00.000000000,1596,14644.9266666667,19263.345703125
2020-06-07T10:15:00.000000000,1597,14499.5623809524,19814.927734375
2020-06-07T10:30:00.000000000,1598,13597.5233333333,20194.953125
2020-06-07T10:45:00.000000000,1599,10727.9771428571,20176.49609375
2020-06-07T11:00:00.000000000,1600,11363.5933333333,19653.322265625
2020-06-07T11:15:00.000000000,1601,12183.68,19039.001953125
2020-06-07T11:30:00.000000000,1602,13211.36,18846.46875
2020-06-07T11:45:00.000000000,1603,13384.83,19134.115234375
2020-06-07T12:00:00.000000000,1604,14402.409047619,19416.138671875
2020-06-07T12:15:00.000000000,1605,16081.84,19889.08203125
2020-06-07T12:30:00.000000000,1606,15318.9838095238,20269.35546875
2020-06-07T12:45:00.000000000,1607,11766.0038095238,20494.20703125
2020-06-07T13:00:00.000000000,1608,10482.7914285714,20351.724609375
2020-06-07T13:15:00.000000000,1609,13292.3904761905,19907.375
2020-06-07T13:30:00.000000000,1610,12719.3266666667,19442.326171875
2020-06-07T13:45:00.000000000,1611,14140.4071428571,18718.40625
2020-06-07T14:00:00.000000000,1612,14029.789047619,18288.947265625
2020-06-07T14:15:00.000000000,1613,16051.7457142857,18325.8046875
2020-06-07T14:30:00.000000000,1614,15500.2,18268.5234375
2020-06-07T14:45:00.000000000,1615,15282.5361904762,17968.744140625
2020-06-07T15:00:00.000000000,1616,12328.4085714286,17799.50390625
2020-06-07T15:15:00.000000000,1617,409.126666666667,16597.830078125
2020-06-07T15:30:00.000000000,1618,3958.39523809524,15269.7685546875
2020-06-07T15:45:00.000000000,1619,14233.26,13948.619140625
2020-06-07T16:00:00.000000000,1620,5445.36380952381,11934.7001953125
2020-06-07T16:15:00.000000000,1621,11327.1066666667,8209.4697265625
2020-06-07T16:30:00.000000000,1622,7708.2019047619,6590.95458984375
2020-06-07T16:45:00.000000000,1623,4167.23857142857,5106.34130859375
2020-06-07T17:00:00.000000000,1624,7218.85333333333,3722.7275390625
2020-06-07T17:15:00.000000000,1625,6386.38571428571,3245.56787109375
2020-06-07T17:30:00.000000000,1626,5228.82,3096.92822265625
2020-06-07T17:45:00.000000000,1627,3630.15047619048,2571.212646484375
2020-06-07T18:00:00.000000000,1628,2090.73952380952,2205.023193359375
2020-06-07T18:15:00.000000000,1629,1278.27333333333,1862.3558349609375
2020-06-07T18:30:00.000000000,1630,603.715238095238,1487.7303466796875
2020-06-07T18:45:00.000000000,1631,62.0561904761905,1239.4832763671875
2020-06-07T19:00:00.000000000,1632,0.0,1072.798095703125
2020-06-07T19:15:00.000000000,1633,0.0,980.2411499023438
2020-06-07T19:30:00.000000000,1634,0.0,939.29296875
2020-06-07T19:45:00.000000000,1635,0.0,921.3433837890625
2020-06-07T20:00:00.000000000,1636,0.0,914.4969482421875
2020-06-07T20:15:00.000000000,1637,0.0,914.3814697265625
2020-06-07T20:30:00.000000000,1638,0.0,915.0205078125
2020-06-07T20:45:00.000000000,1639,0.0,915.7435913085938
2020-06-07T21:00:00.000000000,1640,0.0,918.3145141601562
2020-06-07T21:15:00.000000000,1641,0.0,923.5874633789062
2020-06-07T21:30:00.000000000,1642,0.0,928.6375732421875
2020-06-07T21:45:00.000000000,1643,0.0,933.2426147460938
2020-06-07T22:00:00.000000000,1644,0.0,935.8786010742188
2020-06-07T22:15:00.000000000,1645,0.0,936.9695434570312
2020-06-07T22:30:00.000000000,1646,0.0,938.7003173828125
2020-06-07T22:45:00.000000000,1647,0.0,943.296875
2020-06-07T23:00:00.000000000,1648,0.0,951.2440185546875
2020-06-07T23:15:00.000000000,1649,0.0,962.8074951171875
2020-06-07T23:30:00.000000000,1650,0.0,976.9743041992188
2020-06-07T23:45:00.000000000,1651,0.0,994.6867065429688
2020-06-08T00:00:00.000000000,1652,0.0,1014.544921875
2020-06-08T00:15:00.000000000,1653,0.0,1035.634521484375
2020-06-08T00:30:00.000000000,1654,0.0,1059.92431640625
2020-06-08T00:45:00.000000000,1655,0.0,1086.7122802734375
2020-06-08T01:00:00.000000000,1656,0.0,1116.9713134765625
2020-06-08T01:15:00.000000000,1657,0.0,1150.9727783203125
2020-06-08T01:30:00.000000000,1658,0.0,1187.7921142578125
2020-06-08T01:45:00.000000000,1659,0.0,1227.064697265625
2020-06-08T02:00:00.000000000,1660,0.0,1268.914794921875
2020-06-08T02:15:00.000000000,1661,0.0,1311.34521484375
2020-06-08T02:30:00.000000000,1662,0.0,1354.624755859375
2020-06-08T02:45:00.000000000,1663,0.0,1398.7449951171875
2020-06-08T03:00:00.000000000,1664,0.0,1438.70947265625
2020-06-08T03:15:00.000000000,1665,0.0,1476.486572265625
2020-06-08T03:30:00.000000000,1666,0.0,1516.12158203125
2020-06-08T03:45:00.000000000,1667,0.0,1562.52197265625
2020-06-08T04:00:00.000000000,1668,0.0,1618.960205078125
2020-06-08T04:15:00.000000000,1669,0.0,1687.183349609375
2020-06-08T04:30:00.000000000,1670,0.0,1759.2462158203125
2020-06-08T04:45:00.000000000,1671,0.0,1829.203857421875
2020-06-08T05:00:00.000000000,1672,0.0,1898.63671875
2020-06-08T05:15:00.000000000,1673,0.0,1972.5411376953125
2020-06-08T05:30:00.000000000,1674,0.0,2050.6923828125
2020-06-08T05:45:00.000000000,1675,0.0,2130.92333984375
2020-06-08T06:00:00.000000000,1676,412.002857142857,2228.814697265625
2020-06-08T06:15:00.000000000,1677,1197.70047619048,2364.6875
2020-06-08T06:30:00.000000000,1678,2055.6680952381,2577.46484375
2020-06-08T06:45:00.000000000,1679,3006.63333333333,2893.013916015625
2020-06-08T07:00:00.000000000,1680,5088.40714285714,3272.75048828125
2020-06-08T07:15:00.000000000,1681,5605.52666666667,4090.901123046875
2020-06-08T07:30:00.000000000,1682,8560.63619047619,5103.35205078125
2020-06-08T07:45:00.000000000,1683,10352.4247619048,6667.9912109375
2020-06-08T08:00:00.000000000,1684,12136.7066666667,8622.044921875
2020-06-08T08:15:00.000000000,1685,9958.26476190476,10843.4375
2020-06-08T08:30:00.000000000,1686,15009.029047619,11656.6181640625
2020-06-08T08:45:00.000000000,1687,11738.1933333333,13157.32421875
2020-06-08T09:00:00.000000000,1688,15433.4028571429,13199.982421875
2020-06-08T09:15:00.000000000,1689,12811.0923076923,14144.9140625
2020-06-08T09:30:00.000000000,1690,15660.3374358974,14478.537109375
2020-06-08T09:45:00.000000000,1691,17015.593956044,16337.890625
2020-06-08T10:00:00.000000000,1692,15453.8680952381,17917.328125
2020-06-08T10:15:00.000000000,1693,15252.0733333333,18651.255859375
2020-06-08T10:30:00.000000000,1694,15407.9433333333,19256.6875
2020-06-08T10:45:00.000000000,1695,13363.8152380952,19879.71875
2020-06-08T11:00:00.000000000,1696,15843.9542857143,19806.865234375
2020-06-08T11:15:00.000000000,1697,15222.6733333333,20000.59375
2020-06-08T11:30:00.000000000,1698,16853.3923809524,20078.439453125
2020-06-08T11:45:00.000000000,1699,14115.47,20151.931640625
2020-06-08T12:00:00.000000000,1700,13041.3485714286,20161.869140625
2020-06-08T12:15:00.000000000,1701,16179.1914285714,19942.4296875
2020-06-08T12:30:00.000000000,1702,15941.2866666667,19975.04296875
2020-06-08T12:45:00.000000000,1703,16410.8833333333,20159.677734375
2020-06-08T13:00:00.000000000,1704,12540.4819047619,20169.23828125
2020-06-08T13:15:00.000000000,1705,11381.159047619,19944.876953125
2020-06-08T13:30:00.000000000,1706,15844.6866666667,19350.1796875
2020-06-08T13:45:00.000000000,1707,14432.4947619048,18987.3359375
2020-06-08T14:00:00.000000000,1708,15500.54,18318.416015625
2020-06-08T14:15:00.000000000,1709,16824.3704761905,18284.0859375
2020-06-08T14:30:00.000000000,1710,18562.0542857143,18480.22265625
2020-06-08T14:45:00.000000000,1711,17941.6466666667,18734.56640625
2020-06-08T15:00:00.000000000,1712,15203.4533333333,18490.02734375
2020-06-08T15:15:00.000000000,1713,19624.0895238095,17631.689453125
2020-06-08T15:30:00.000000000,1714,21131.0166666667,16471.328125
2020-06-08T15:45:00.000000000,1715,17921.0152380952,15491.8603515625
2020-06-08T16:00:00.000000000,1716,14923.9066666667,13994.7861328125
2020-06-08T16:15:00.000000000,1717,12690.22,11899.748046875
2020-06-08T16:30:00.000000000,1718,11121.5742857143,9925.1298828125
2020-06-08T16:45:00.000000000,1719,9127.79,7585.375
2020-06-08T17:00:00.000000000,1720,7922.06285714286,5550.93212890625
2020-06-08T17:15:00.000000000,1721,6160.52,4270.34423828125
2020-06-08T17:30:00.000000000,1722,5606.33095238095,3338.4072265625
2020-06-08T17:45:00.000000000,1723,4693.41904761905,2715.46044921875
2020-06-08T18:00:00.000000000,1724,3353.3119047619,2285.386962890625
2020-06-08T18:15:00.000000000,1725,1805.41333333333,1928.1798095703125
2020-06-08T18:30:00.000000000,1726,782.629523809524,1579.74462890625
2020-06-08T18:45:00.000000000,1727,112.157619047619,1305.9268798828125
2020-06-08T19:00:00.000000000,1728,0.0,1094.5494384765625
2020-06-08T19:15:00.000000000,1729,0.0,958.8358764648438
2020-06-08T19:30:00.000000000,1730,0.0,890.1904296875
2020-06-08T19:45:00.000000000,1731,0.0,861.2954711914062
2020-06-08T20:00:00.000000000,1732,0.0,850.9232177734375
2020-06-08T20:15:00.000000000,1733,0.0,848.9854736328125
2020-06-08T20:30:00.000000000,1734,0.0,847.604736328125
2020-06-08T20:45:00.000000000,1735,0.0,847.083251953125
2020-06-08T21:00:00.000000000,1736,0.0,849.8449096679688
2020-06-08T21:15:00.000000000,1737,0.0,855.4219970703125
2020-06-08T21:30:00.000000000,1738,0.0,862.4442138671875
2020-06-08T21:45:00.000000000,1739,0.0,869.4180908203125
2020-06-08T22:00:00.000000000,1740,0.0,874.400390625
2020-06-08T22:15:00.000000000,1741,0.0,878.1482543945312
2020-06-08T22:30:00.000000000,1742,0.0,883.3585205078125
2020-06-08T22:45:00.000000000,1743,0.0,891.658203125
2020-06-08T23:00:00.000000000,1744,0.0,902.5150756835938
2020-06-08T23:15:00.000000000,1745,0.0,917.8037719726562
2020-06-08T23:30:00.000000000,1746,0.0,937.3579711914062
2020-06-08T23:45:00.000000000,1747,0.0,960.255126953125
2020-06-09T00:00:00.000000000,1748,0.0,985.4949340820312
2020-06-09T00:15:00.000000000,1749,0.0,1012.94287109375
2020-06-09T00:30:00.000000000,1750,0.0,1042.69091796875
2020-06-09T00:45:00.000000000,1751,0.0,1075.906982421875
2020-06-09T01:00:00.000000000,1752,0.0,1114.7249755859375
2020-06-09T01:15:00.000000000,1753,0.0,1155.5152587890625
2020-06-09T01:30:00.000000000,1754,0.0,1198.8612060546875
2020-06-09T01:45:00.000000000,1755,0.0,1242.8177490234375
2020-06-09T02:00:00.000000000,1756,0.0,1285.46142578125
2020-06-09T02:15:00.000000000,1757,0.0,1328.180419921875
2020-06-09T02:30:00.000000000,1758,0.0,1370.5546875
2020-06-09T02:45:00.000000000,1759,0.0,1421.1104736328125
2020-06-09T03:00:00.000000000,1760,0.0,1480.7529296875
2020-06-09T03:15:00.000000000,1761,0.0,1544.5382080078125
2020-06-09T03:30:00.000000000,1762,0.0,1611.63427734375
2020-06-09T03:45:00.000000000,1763,0.0,1685.4622802734375
2020-06-09T04:00:00.000000000,1764,0.0,1758.165283203125
2020-06-09T04:15:00.000000000,1765,0.0,1831.3155517578125
2020-06-09T04:30:00.000000000,1766,0.0,1915.9459228515625
2020-06-09T04:45:00.000000000,1767,0.0,2009.3551025390625
2020-06-09T05:00:00.000000000,1768,0.0,2109.202392578125
2020-06-09T05:15:00.000000000,1769,0.0,2217.349365234375
2020-06-09T05:30:00.000000000,1770,0.0,2333.06591796875
2020-06-09T05:45:00.000000000,1771,0.0,2442.972412109375
2020-06-09T06:00:00.000000000,1772,293.214761904762,2541.135986328125
2020-06-09T06:15:00.000000000,1773,944.016666666667,2660.442626953125
2020-06-09T06:30:00.000000000,1774,1724.28380952381,2839.26708984375
2020-06-09T06:45:00.000000000,1775,2887.0,3107.9052734375
2020-06-09T07:00:00.000000000,1776,5342.61047619048,3520.009033203125
2020-06-09T07:15:00.000000000,1777,8456.17142857143,4342.70751953125
2020-06-09T07:30:00.000000000,1778,10752.0795238095,5867.201171875
2020-06-09T07:45:00.000000000,1779,12344.5071428571,8064.62353515625
2020-06-09T08:00:00.000000000,1780,10515.82,10592.373046875
2020-06-09T08:15:00.000000000,1781,11851.3566666667,12025.2958984375
2020-06-09T08:30:00.000000000,1782,15759.0428571429,12862.384765625
2020-06-09T08:45:00.000000000,1783,16568.7404761905,13987.2607421875
2020-06-09T09:00:00.000000000,1784,19459.4257142857,15051.9814453125
2020-06-09T09:15:00.000000000,1785,20246.5533333333,16330.0556640625
2020-06-09T09:30:00.000000000,1786,17763.5647619048,17535.3984375
2020-06-09T09:45:00.000000000,1787,5072.23666666667,18295.099609375
2020-06-09T10:00:00.000000000,1788,14625.399047619,18860.5234375
2020-06-09T10:15:00.000000000,1789,14139.9266666667,19251.2734375
2020-06-09T10:30:00.000000000,1790,15034.2733333333,19546.9375
2020-06-09T10:45:00.000000000,1791,14148.5833333333,19837.021484375
2020-06-09T11:00:00.000000000,1792,12274.5947619048,20006.68359375
2020-06-09T11:15:00.000000000,1793,12388.4971428571,19974.84375
2020-06-09T11:30:00.000000000,1794,14391.1266666667,19843.79296875
2020-06-09T11:45:00.000000000,1795,10800.2,19927.66796875
2020-06-09T12:00:00.000000000,1796,13178.5866666667,19265.5546875
2020-06-09T12:15:00.000000000,1797,11682.9828571429,18655.623046875
2020-06-09T12:30:00.000000000,1798,11863.6057142857,17880.435546875
2020-06-09T12:45:00.000000000,1799,15349.54,16523.61328125
2020-06-09T13:00:00.000000000,1800,12086.6871428571,16632.189453125
2020-06-09T13:15:00.000000000,1801,12107.2314285714,17304.376953125
2020-06-09T13:30:00.000000000,1802,13389.9266666667,16777.587890625
2020-06-09T13:45:00.000000000,1803,11536.7866666667,16648.8125
2020-06-09T14:00:00.000000000,1804,11628.0466666667,15890.99609375
2020-06-09T14:15:00.000000000,1805,14528.1623809524,14451.240234375
2020-06-09T14:30:00.000000000,1806,13345.1642857143,13803.017578125
2020-06-09T14:45:00.000000000,1807,14739.9195238095,12779.9189453125
2020-06-09T15:00:00.000000000,1808,15227.4057142857,11515.5830078125
2020-06-09T15:15:00.000000000,1809,13453.8733333333,10844.013671875
2020-06-09T15:30:00.000000000,1810,13528.3704761905,9894.8798828125
2020-06-09T15:45:00.000000000,1811,17096.1176190476,8832.8681640625
2020-06-09T16:00:00.000000000,1812,14122.0385714286,8885.400390625
2020-06-09T16:15:00.000000000,1813,15617.430952381,8638.333984375
2020-06-09T16:30:00.000000000,1814,13270.0266666667,8570.2978515625
2020-06-09T16:45:00.000000000,1815,7408.85380952381,8196.1953125
2020-06-09T17:00:00.000000000,1816,6078.22190476191,6532.095703125
2020-06-09T17:15:00.000000000,1817,5235.20714285714,4663.05810546875
2020-06-09T17:30:00.000000000,1818,3766.52,3385.97705078125
2020-06-09T17:45:00.000000000,1819,2667.57333333333,2448.776123046875
2020-06-09T18:00:00.000000000,1820,1751.91047619048,1871.9315185546875
2020-06-09T18:15:00.000000000,1821,1049.83761904762,1558.0592041015625
2020-06-09T18:30:00.000000000,1822,509.497142857143,1315.3951416015625
2020-06-09T18:45:00.000000000,1823,24.3390476190476,1139.186767578125
2020-06-09T19:00:00.000000000,1824,0.0,1024.2032470703125
2020-06-09T19:15:00.000000000,1825,0.0,955.5562133789062
2020-06-09T19:30:00.000000000,1826,0.0,919.6919555664062
2020-06-09T19:45:00.000000000,1827,0.0,902.1580810546875
2020-06-09T20:00:00.000000000,1828,0.0,892.1590576171875
2020-06-09T20:15:00.000000000,1829,0.0,887.6481323242188
2020-06-09T20:30:00.000000000,1830,0.0,883.7713012695312
2020-06-09T20:45:00.000000000,1831,0.0,878.4066162109375
2020-06-09T21:00:00.000000000,1832,0.0,873.3976440429688
2020-06-09T21:15:00.000000000,1833,0.0,870.3226928710938
2020-06-09T21:30:00.000000000,1834,0.0,869.521728515625
2020-06-09T21:45:00.000000000,1835,0.0,872.1832885742188
2020-06-09T22:00:00.000000000,1836,0.0,876.6544799804688
2020-06-09T22:15:00.000000000,1837,0.0,882.3643188476562
2020-06-09T22:30:00.000000000,1838,0.0,889.1519775390625
2020-06-09T22:45:00.000000000,1839,0.0,897.1517333984375
2020-06-09T23:00:00.000000000,1840,0.0,907.7131958007812
2020-06-09T23:15:00.000000000,1841,0.0,921.2420043945312
2020-06-09T23:30:00.000000000,1842,0.0,937.475341796875
2020-06-09T23:45:00.000000000,1843,0.0,956.9945068359375
2020-06-10T00:00:00.000000000,1844,0.0,977.2673950195312
2020-06-10T00:15:00.000000000,1845,0.0,996.8450927734375
2020-06-10T00:30:00.000000000,1846,0.0,1019.543212890625
2020-06-10T00:45:00.000000000,1847,0.0,1044.7193603515625
2020-06-10T01:00:00.000000000,1848,0.0,1073.965576171875
2020-06-10T01:15:00.000000000,1849,0.0,1105.3402099609375
2020-06-10T01:30:00.000000000,1850,0.0,1139.246826171875
2020-06-10T01:45:00.000000000,1851,0.0,1172.8656005859375
2020-06-10T02:00:00.000000000,1852,0.0,1209.1246337890625
2020-06-10T02:15:00.000000000,1853,0.0,1248.3968505859375
2020-06-10T02:30:00.000000000,1854,0.0,1291.0147705078125
2020-06-10T02:45:00.000000000,1855,0.0,1333.8614501953125
2020-06-10T03:00:00.000000000,1856,0.0,1376.1859130859375
2020-06-10T03:15:00.000000000,1857,0.0,1420.94482421875
2020-06-10T03:30:00.000000000,1858,0.0,1470.466796875
2020-06-10T03:45:00.000000000,1859,0.0,1528.2471923828125
2020-06-10T04:00:00.000000000,1860,0.0,1592.1004638671875
2020-06-10T04:15:00.000000000,1861,0.0,1658.2073974609375
2020-06-10T04:30:00.000000000,1862,0.0,1728.3641357421875
2020-06-10T04:45:00.000000000,1863,0.0,1799.9339599609375
2020-06-10T05:00:00.000000000,1864,0.0,1877.256103515625
2020-06-10T05:15:00.000000000,1865,0.0,1961.037353515625
2020-06-10T05:30:00.000000000,1866,0.0,2050.15966796875
2020-06-10T05:45:00.000000000,1867,0.0,2138.9765625
2020-06-10T06:00:00.000000000,1868,262.525714285714,2226.597900390625
2020-06-10T06:15:00.000000000,1869,608.510476190476,2332.758056640625
2020-06-10T06:30:00.000000000,1870,891.940952380952,2463.868408203125
2020-06-10T06:45:00.000000000,1871,1560.52333333333,2622.465576171875
2020-06-10T07:00:00.000000000,1872,2218.14,2839.971923828125
2020-06-10T07:15:00.000000000,1873,2381.32666666667,3125.24609375
2020-06-10T07:30:00.000000000,1874,3757.2619047619,3403.241455078125
2020-06-10T07:45:00.000000000,1875,5272.81571428571,3803.342529296875
2020-06-10T08:00:00.000000000,1876,7794.73523809524,4412.068359375
2020-06-10T08:15:00.000000000,1877,10750.3657142857,5412.203125
2020-06-10T08:30:00.000000000,1878,15675.2847619048,7099.61572265625
2020-06-10T08:45:00.000000000,1879,13087.4533333333,10123.6552734375
2020-06-10T09:00:00.000000000,1880,10690.1004761905,12152.6328125
2020-06-10T09:15:00.000000000,1881,11691.5942857143,12732.8466796875
2020-06-10T09:30:00.000000000,1882,19594.0233333333,12731.6787109375
2020-06-10T09:45:00.000000000,1883,15202.2838095238,14684.640625
2020-06-10T10:00:00.000000000,1884,13760.9042857143,16455.623046875
2020-06-10T10:15:00.000000000,1885,14553.8238095238,17312.296875
2020-06-10T10:30:00.000000000,1886,16388.5666666667,17875.439453125
2020-06-10T10:45:00.000000000,1887,17614.01,18618.26953125
2020-06-10T11:00:00.000000000,1888,12580.2133333333,19027.625
2020-06-10T11:15:00.000000000,1889,0.0,19612.20703125
2020-06-10T11:30:00.000000000,1890,0.0,19812.98046875
2020-06-10T11:45:00.000000000,1891,8689.74571428571,19803.994140625
2020-06-10T12:00:00.000000000,1892,15082.7738095238,19520.251953125
2020-06-10T12:15:00.000000000,1893,15521.7133333333,19687.8046875
2020-06-10T12:30:00.000000000,1894,13279.9233333333,19824.14453125
2020-06-10T12:45:00.000000000,1895,12309.5576190476,19830.1640625
2020-06-10T13:00:00.000000000,1896,8856.56,19488.90234375
2020-06-10T13:15:00.000000000,1897,11416.3938095238,17958.4375
2020-06-10T13:30:00.000000000,1898,13790.3066666667,15592.2470703125
2020-06-10T13:45:00.000000000,1899,12588.5395238095,13646.998046875
2020-06-10T14:00:00.000000000,1900,3151.6880952381,12225.8134765625
2020-06-10T14:15:00.000000000,1901,6437.92,10593.6318359375
2020-06-10T14:30:00.000000000,1902,10150.9014285714,9815.564453125
2020-06-10T14:45:00.000000000,1903,5547.33333333333,8390.66796875
2020-06-10T15:00:00.000000000,1904,6630.74428571429,6118.84375
2020-06-10T15:15:00.000000000,1905,6720.70190476191,4699.880859375
2020-06-10T15:30:00.000000000,1906,5320.81333333333,3964.41064453125
2020-06-10T15:45:00.000000000,1907,5891.51,3471.69775390625
2020-06-10T16:00:00.000000000,1908,8989.78714285714,3377.43310546875
2020-06-10T16:15:00.000000000,1909,9532.22904761905,4017.717041015625
2020-06-10T16:30:00.000000000,1910,9111.22,4609.7724609375
2020-06-10T16:45:00.000000000,1911,4824.71285714286,4923.0859375
2020-06-10T17:00:00.000000000,1912,2073.38285714286,4311.1591796875
2020-06-10T17:15:00.000000000,1913,446.122380952381,3258.45703125
2020-06-10T17:30:00.000000000,1914,390.181818181818,2247.98095703125
2020-06-10T17:45:00.000000000,1915,312.464285714286,1674.121337890625
2020-06-10T18:00:00.000000000,1916,186.14,1387.6739501953125
2020-06-10T18:15:00.000000000,1917,0.0,1286.3919677734375
2020-06-10T18:30:00.000000000,1918,0.0,1230.29638671875
2020-06-10T18:45:00.000000000,1919,0.0,1207.816162109375
2020-06-10T19:00:00.000000000,1920,0.0,1191.6741943359375
2020-06-10T19:15:00.000000000,1921,0.0,1184.2294921875
2020-06-10T19:30:00.000000000,1922,0.0,1188.5009765625
2020-06-10T19:45:00.000000000,1923,0.0,1201.021484375
2020-06-10T20:00:00.000000000,1924,0.0,1201.2138671875
2020-06-10T20:15:00.000000000,1925,0.0,1190.1722412109375
2020-06-10T20:30:00.000000000,1926,0.0,1162.5169677734375
2020-06-10T20:45:00.000000000,1927,0.0,1131.597412109375
2020-06-10T21:00:00.000000000,1928,0.0,1100.7647705078125
2020-06-10T21:15:00.000000000,1929,0.0,1076.7047119140625
2020-06-10T21:30:00.000000000,1930,0.0,1055.9388427734375
2020-06-10T21:45:00.000000000,1931,0.0,1042.19873046875
2020-06-10T22:00:00.000000000,1932,0.0,1032.52490234375
2020-06-10T22:15:00.000000000,1933,0.0,1026.0452880859375
2020-06-10T22:30:00.000000000,1934,0.0,1022.6067504882812
2020-06-10T22:45:00.000000000,1935,0.0,1026.3521728515625
2020-06-10T23:00:00.000000000,1936,0.0,1032.8831787109375
2020-06-10T23:15:00.000000000,1937,0.0,1042.9970703125
2020-06-10T23:30:00.000000000,1938,0.0,1055.697509765625
2020-06-10T23:45:00.000000000,1939,0.0,1067.347412109375
2020-06-11T00:00:00.000000000,1940,0.0,1079.4801025390625
2020-06-11T00:15:00.000000000,1941,0.0,1095.0751953125
2020-06-11T00:30:00.000000000,1942,0.0,1111.08935546875
2020-06-11T00:45:00.000000000,1943,0.0,1127.97509765625
2020-06-11T01:00:00.000000000,1944,0.0,1142.76318359375
2020-06-11T01:15:00.000000000,1945,0.0,1157.883056640625
2020-06-11T01:30:00.000000000,1946,0.0,1176.766845703125
2020-06-11T01:45:00.000000000,1947,0.0,1200.6834716796875
2020-06-11T02:00:00.000000000,1948,0.0,1230.4786376953125
2020-06-11T02:15:00.000000000,1949,0.0,1267.4688720703125
2020-06-11T02:30:00.000000000,1950,0.0,1309.943603515625
2020-06-11T02:45:00.000000000,1951,0.0,1360.769287109375
2020-06-11T03:00:00.000000000,1952,0.0,1418.06591796875
2020-06-11T03:15:00.000000000,1953,0.0,1479.762451171875
2020-06-11T03:30:00.000000000,1954,0.0,1542.712158203125
2020-06-11T03:45:00.000000000,1955,0.0,1597.18798828125
2020-06-11T04:00:00.000000000,1956,0.0,1648.254638671875
2020-06-11T04:15:00.000000000,1957,0.0,1705.270751953125
2020-06-11T04:30:00.000000000,1958,0.0,1766.4857177734375
2020-06-11T04:45:00.000000000,1959,0.0,1829.5645751953125
2020-06-11T05:00:00.000000000,1960,0.0,1897.1348876953125
2020-06-11T05:15:00.000000000,1961,0.0,1970.654296875
2020-06-11T05:30:00.000000000,1962,0.0,2046.1507568359375
2020-06-11T05:45:00.000000000,1963,0.0,2125.483154296875
2020-06-11T06:00:00.000000000,1964,16.0747619047619,2209.75830078125
2020-06-11T06:15:00.000000000,1965,289.510952380952,2305.030029296875
2020-06-11T06:30:00.000000000,1966,459.842380952381,2414.74462890625
2020-06-11T06:45:00.000000000,1967,758.85380952381,2544.40380859375
2020-06-11T07:00:00.000000000,1968,1945.2780952381,2702.9052734375
2020-06-11T07:15:00.000000000,1969,3350.15333333333,2991.092041015625
2020-06-11T07:30:00.000000000,1970,3308.83857142857,3466.5947265625
2020-06-11T07:45:00.000000000,1971,2374.11428571429,3944.5009765625
2020-06-11T08:00:00.000000000,1972,2295.43476190476,4196.1396484375
2020-06-11T08:15:00.000000000,1973,3887.39238095238,4309.36474609375
2020-06-11T08:30:00.000000000,1974,4935.38,4554.50732421875
2020-06-11T08:45:00.000000000,1975,7846.24047619048,4978.6611328125
2020-06-11T09:00:00.000000000,1976,11777.0404761905,6025.3466796875
2020-06-11T09:15:00.000000000,1977,10246.9576190476,8055.0849609375
2020-06-11T09:30:00.000000000,1978,6207.5680952381,9705.1630859375
2020-06-11T09:45:00.000000000,1979,7649.70523809524,9651.50390625
2020-06-11T10:00:00.000000000,1980,9759.47238095238,9323.48046875
2020-06-11T10:15:00.000000000,1981,10647.74,9237.7666015625
2020-06-11T10:30:00.000000000,1982,11287.4357142857,9275.2744140625
2020-06-11T10:45:00.000000000,1983,12582.34,9746.7099609375
2020-06-11T11:00:00.000000000,1984,12989.85,10729.1142578125
2020-06-11T11:15:00.000000000,1985,14558.9061904762,11434.9736328125
2020-06-11T11:30:00.000000000,1986,15119.2733333333,12289.595703125
2020-06-11T11:45:00.000000000,1987,15770.0157142857,13115.25
2020-06-11T12:00:00.000000000,1988,0.0,14503.1298828125
2020-06-11T12:15:00.000000000,1989,1310.58461538462,15792.7392578125
2020-06-11T12:30:00.000000000,1990,10707.0466666667,15371.2294921875
2020-06-11T12:45:00.000000000,1991,12904.5133333333,13716.95703125
2020-06-11T13:00:00.000000000,1992,10758.6523809524,12441.20703125
2020-06-11T13:15:00.000000000,1993,10386.93,10789.982421875
2020-06-11T13:30:00.000000000,1994,11690.96,9416.931640625
2020-06-11T13:45:00.000000000,1995,14369.7066666667,9189.392578125
2020-06-11T14:00:00.000000000,1996,11319.8666666667,9800.443359375
2020-06-11T14:15:00.000000000,1997,11092.1104761905,9686.9404296875
2020-06-11T14:30:00.000000000,1998,7492.43,9487.0380859375
2020-06-11T14:45:00.000000000,1999,5444.62428571429,8471.951171875
2020-06-11T15:00:00.000000000,2000,8302.36,6887.62353515625
2020-06-11T15:15:00.000000000,2001,12581.6733333333,5905.115234375
2020-06-11T15:30:00.000000000,2002,7391.9,6232.60888671875
2020-06-11T15:45:00.000000000,2003,9515.89619047619,5896.32177734375
2020-06-11T16:00:00.000000000,2004,6514.9080952381,6054.1630859375
2020-06-11T16:15:00.000000000,2005,3887.98,5846.31494140625
2020-06-11T16:30:00.000000000,2006,3859.48571428571,5008.8466796875
2020-06-11T16:45:00.000000000,2007,2357.83142857143,4129.259765625
2020-06-11T17:00:00.000000000,2008,2567.41380952381,3466.077392578125
2020-06-11T17:15:00.000000000,2009,2040.4880952381,2885.01904296875
2020-06-11T17:30:00.000000000,2010,1931.08666666667,2527.73193359375
2020-06-11T17:45:00.000000000,2011,1770.1180952381,2295.870849609375
2020-06-11T18:00:00.000000000,2012,1552.78761904762,2060.67724609375
2020-06-11T18:15:00.000000000,2013,742.866666666667,1889.8292236328125
2020-06-11T18:30:00.000000000,2014,195.214761904762,1702.440185546875
2020-06-11T18:45:00.000000000,2015,0.0,1541.27294921875
2020-06-11T19:00:00.000000000,2016,0.0,1406.1307373046875
2020-06-11T19:15:00.000000000,2017,0.0,1303.629638671875
2020-06-11T19:30:00.000000000,2018,0.0,1235.04833984375
2020-06-11T19:45:00.000000000,2019,0.0,1206.3011474609375
2020-06-11T20:00:00.000000000,2020,0.0,1205.0184326171875
2020-06-11T20:15:00.000000000,2021,0.0,1220.6820068359375
2020-06-11T20:30:00.000000000,2022,0.0,1244.5316162109375
2020-06-11T20:45:00.000000000,2023,0.0,1269.546630859375
2020-06-11T21:00:00.000000000,2024,0.0,1281.625244140625
2020-06-11T21:15:00.000000000,2025,0.0,1280.750732421875
2020-06-11T21:30:00.000000000,2026,0.0,1276.509521484375
2020-06-11T21:45:00.000000000,2027,0.0,1272.5018310546875
2020-06-11T22:00:00.000000000,2028,0.0,1270.7962646484375
2020-06-11T22:15:00.000000000,2029,0.0,1263.4234619140625
2020-06-11T22:30:00.000000000,2030,0.0,1254.2518310546875
2020-06-11T22:45:00.000000000,2031,0.0,1246.173828125
2020-06-11T23:00:00.000000000,2032,0.0,1243.2579345703125
2020-06-11T23:15:00.000000000,2033,0.0,1241.1964111328125
2020-06-11T23:30:00.000000000,2034,0.0,1243.0106201171875
2020-06-11T23:45:00.000000000,2035,0.0,1248.9951171875
2020-06-12T00:00:00.000000000,2036,0.0,1259.7025146484375
2020-06-12T00:15:00.000000000,2037,0.0,1270.411376953125
2020-06-12T00:30:00.000000000,2038,0.0,1283.2430419921875
2020-06-12T00:45:00.000000000,2039,0.0,1296.7880859375
2020-06-12T01:00:00.000000000,2040,0.0,1310.078125
2020-06-12T01:15:00.000000000,2041,0.0,1325.9122314453125
2020-06-12T01:30:00.000000000,2042,0.0,1350.5255126953125
2020-06-12T01:45:00.000000000,2043,0.0,1381.1519775390625
2020-06-12T02:00:00.000000000,2044,0.0,1420.9937744140625
2020-06-12T02:15:00.000000000,2045,0.0,1467.7838134765625
2020-06-12T02:30:00.000000000,2046,0.0,1522.643798828125
2020-06-12T02:45:00.000000000,2047,0.0,1578.37939453125
2020-06-12T03:00:00.000000000,2048,0.0,1637.96728515625
2020-06-12T03:15:00.000000000,2049,0.0,1698.6856689453125
2020-06-12T03:30:00.000000000,2050,0.0,1757.230712890625
2020-06-12T03:45:00.000000000,2051,0.0,1812.1275634765625
2020-06-12T04:00:00.000000000,2052,0.0,1864.7254638671875
2020-06-12T04:15:00.000000000,2053,0.0,1913.346923828125
2020-06-12T04:30:00.000000000,2054,0.0,1962.7236328125
2020-06-12T04:45:00.000000000,2055,0.0,2021.5611572265625
2020-06-12T05:00:00.000000000,2056,0.0,2085.270263671875
2020-06-12T05:15:00.000000000,2057,0.0,2155.235595703125
2020-06-12T05:30:00.000000000,2058,0.0,2231.848876953125
2020-06-12T05:45:00.000000000,2059,0.0,2317.15966796875
2020-06-12T06:00:00.000000000,2060,18.3247619047619,2406.697998046875
2020-06-12T06:15:00.000000000,2061,413.30619047619,2505.590576171875
2020-06-12T06:30:00.000000000,2062,1032.59904761905,2638.59033203125
2020-06-12T06:45:00.000000000,2063,2138.48666666667,2838.1962890625
2020-06-12T07:00:00.000000000,2064,2837.19523809524,3162.1650390625
2020-06-12T07:15:00.000000000,2065,3681.00476190476,3596.21875
2020-06-12T07:30:00.000000000,2066,4387.0380952381,4125.05859375
2020-06-12T07:45:00.000000000,2067,5706.12476190476,4699.54296875
2020-06-12T08:00:00.000000000,2068,5111.04666666667,5389.0048828125
2020-06-12T08:15:00.000000000,2069,5518.04238095238,5867.265625
2020-06-12T08:30:00.000000000,2070,6723.94952380952,6151.9521484375
2020-06-12T08:45:00.000000000,2071,4016.62952380952,6549.341796875
2020-06-12T09:00:00.000000000,2072,10077.7923809524,6377.4150390625
2020-06-12T09:15:00.000000000,2073,8071.26,7186.38330078125
2020-06-12T09:30:00.000000000,2074,13489.620952381,7884.65380859375
2020-06-12T09:45:00.000000000,2075,9607.2319047619,9609.451171875
2020-06-12T10:00:00.000000000,2076,7973.18666666667,10376.4267578125
2020-06-12T10:15:00.000000000,2077,5498.29428571429,10343.9697265625
2020-06-12T10:30:00.000000000,2078,5390.6519047619,9042.998046875
2020-06-12T10:45:00.000000000,2079,6972.48,7951.83203125
2020-06-12T11:00:00.000000000,2080,12778.3138095238,7056.8583984375
2020-06-12T11:15:00.000000000,2081,16730.3961904762,8054.60107421875
2020-06-12T11:30:00.000000000,2082,15521.8133333333,10591.703125
2020-06-12T11:45:00.000000000,2083,13111.2576190476,12815.775390625
2020-06-12T12:00:00.000000000,2084,13859.1376190476,13729.474609375
2020-06-12T12:15:00.000000000,2085,13289.1604761905,14223.375
2020-06-12T12:30:00.000000000,2086,13055.7628571429,14220.7548828125
2020-06-12T12:45:00.000000000,2087,10424.7533333333,14011.5947265625
2020-06-12T13:00:00.000000000,2088,3140.72285714286,14710.259765625
2020-06-12T13:15:00.000000000,2089,13192.5166666667,15276.908203125
2020-06-12T13:30:00.000000000,2090,12302.1038095238,15116.986328125
2020-06-12T13:45:00.000000000,2091,11463.3342857143,15337.48828125
2020-06-12T14:00:00.000000000,2092,16349.7466666667,14631.2861328125
2020-06-12T14:15:00.000000000,2093,13838.1323809524,14207.509765625
2020-06-12T14:30:00.000000000,2094,10771.6704761905,13688.3994140625
2020-06-12T14:45:00.000000000,2095,11126.340952381,12444.115234375
2020-06-12T15:00:00.000000000,2096,14869.3133333333,10985.896484375
2020-06-12T15:15:00.000000000,2097,13241.1323809524,10975.591796875
2020-06-12T15:30:00.000000000,2098,14382.96,10574.5595703125
2020-06-12T15:45:00.000000000,2099,11631.7657142857,10649.140625
2020-06-12T16:00:00.000000000,2100,9675.27047619048,10225.26953125
2020-06-12T16:15:00.000000000,2101,5205.53333333333,9121.6171875
2020-06-12T16:30:00.000000000,2102,5125.92619047619,6917.2490234375
2020-06-12T16:45:00.000000000,2103,6116.76,5241.021484375
2020-06-12T17:00:00.000000000,2104,5510.63047619048,4218.630859375
2020-06-12T17:15:00.000000000,2105,5559.10095238095,3638.51513671875
2020-06-12T17:30:00.000000000,2106,3784.32952380952,3321.710693359375
2020-06-12T17:45:00.000000000,2107,2257.66142857143,3050.1220703125
2020-06-12T18:00:00.000000000,2108,1490.93333333333,2611.56396484375
2020-06-12T18:15:00.000000000,2109,2014.89571428571,2184.640625
2020-06-12T18:30:00.000000000,2110,704.807619047619,1946.97607421875
2020-06-12T18:45:00.000000000,2111,43.4133333333333,1727.53076171875
2020-06-12T19:00:00.000000000,2112,0.0,1570.8077392578125
2020-06-12T19:15:00.000000000,2113,0.0,1476.8001708984375
2020-06-12T19:30:00.000000000,2114,0.0,1417.02734375
2020-06-12T19:45:00.000000000,2115,0.0,1361.4598388671875
2020-06-12T20:00:00.000000000,2116,0.0,1345.1162109375
2020-06-12T20:15:00.000000000,2117,0.0,1334.2353515625
2020-06-12T20:30:00.000000000,2118,0.0,1320.737060546875
2020-06-12T20:45:00.000000000,2119,0.0,1303.1351318359375
2020-06-12T21:00:00.000000000,2120,0.0,1281.605712890625
2020-06-12T21:15:00.000000000,2121,0.0,1268.4432373046875
2020-06-12T21:30:00.000000000,2122,0.0,1264.3463134765625
2020-06-12T21:45:00.000000000,2123,0.0,1261.4522705078125
2020-06-12T22:00:00.000000000,2124,0.0,1260.5855712890625
2020-06-12T22:15:00.000000000,2125,0.0,1264.281494140625
2020-06-12T22:30:00.000000000,2126,0.0,1253.2442626953125
2020-06-12T22:45:00.000000000,2127,0.0,1236.68310546875
2020-06-12T23:00:00.000000000,2128,0.0,1233.8355712890625
2020-06-12T23:15:00.000000000,2129,0.0,1239.8154296875
2020-06-12T23:30:00.000000000,2130,0.0,1249.0303955078125
2020-06-12T23:45:00.000000000,2131,0.0,1257.4332275390625
2020-06-13T00:00:00.000000000,2132,0.0,1265.57373046875
2020-06-13T00:15:00.000000000,2133,0.0,1270.901611328125
2020-06-13T00:30:00.000000000,2134,0.0,1274.3231201171875
2020-06-13T00:45:00.000000000,2135,0.0,1280.7435302734375
2020-06-13T01:00:00.000000000,2136,0.0,1296.1790771484375
2020-06-13T01:15:00.000000000,2137,0.0,1320.26611328125
2020-06-13T01:30:00.000000000,2138,0.0,1353.3656005859375
2020-06-13T01:45:00.000000000,2139,0.0,1392.3988037109375
2020-06-13T02:00:00.000000000,2140,0.0,1437.207763671875
2020-06-13T02:15:00.000000000,2141,0.0,1489.828857421875
2020-06-13T02:30:00.000000000,2142,0.0,1547.2169189453125
2020-06-13T02:45:00.000000000,2143,0.0,1608.7213134765625
2020-06-13T03:00:00.000000000,2144,0.0,1677.960693359375
2020-06-13T03:15:00.000000000,2145,0.0,1750.256591796875
2020-06-13T03:30:00.000000000,2146,0.0,1818.704345703125
2020-06-13T03:45:00.000000000,2147,0.0,1884.3076171875
2020-06-13T04:00:00.000000000,2148,0.0,1945.6944580078125
2020-06-13T04:15:00.000000000,2149,0.0,2003.98681640625
2020-06-13T04:30:00.000000000,2150,0.0,2068.394775390625
2020-06-13T04:45:00.000000000,2151,0.0,2142.978271484375
2020-06-13T05:00:00.000000000,2152,0.0,2225.001953125
2020-06-13T05:15:00.000000000,2153,0.0,2309.443115234375
2020-06-13T05:30:00.000000000,2154,0.0,2394.3125
2020-06-13T05:45:00.000000000,2155,0.0,2481.458984375
2020-06-13T06:00:00.000000000,2156,58.8233333333333,2569.363525390625
2020-06-13T06:15:00.000000000,2157,906.053333333333,2663.87451171875
2020-06-13T06:30:00.000000000,2158,1568.96095238095,2850.61328125
2020-06-13T06:45:00.000000000,2159,2445.08952380952,3130.98095703125
2020-06-13T07:00:00.000000000,2160,4218.08666666667,3523.00927734375
2020-06-13T07:15:00.000000000,2161,3990.22476190476,4194.32763671875
2020-06-13T07:30:00.000000000,2162,7451.57238095238,4811.18310546875
2020-06-13T07:45:00.000000000,2163,6195.34571428571,5954.931640625
2020-06-13T08:00:00.000000000,2164,8081.41714285714,6826.7890625
2020-06-13T08:15:00.000000000,2165,9546.16904761905,7763.66552734375
2020-06-13T08:30:00.000000000,2166,7863.04,8790.1865234375
2020-06-13T08:45:00.000000000,2167,12399.100952381,9257.6728515625
2020-06-13T09:00:00.000000000,2168,13762.0223809524,10255.0830078125
2020-06-13T09:15:00.000000000,2169,7896.59238095238,11859.2900390625
2020-06-13T09:30:00.000000000,2170,13896.8942857143,11626.5146484375
2020-06-13T09:45:00.000000000,2171,5990.16,12219.2822265625
2020-06-13T10:00:00.000000000,2172,10508.2566666667,14294.0537109375
2020-06-13T10:15:00.000000000,2173,12846.5761904762,15824.7919921875
2020-06-13T10:30:00.000000000,2174,3594.39285714286,15784.841796875
2020-06-13T10:45:00.000000000,2175,0.0,17503.921875
2020-06-13T11:00:00.000000000,2176,7658.42666666667,17479.59375
2020-06-13T11:15:00.000000000,2177,10958.68,17921.09375
2020-06-13T11:30:00.000000000,2178,10266.3523809524,18263.822265625
2020-06-13T11:45:00.000000000,2179,11143.8066666667,18280.298828125
2020-06-13T12:00:00.000000000,2180,13029.1438095238,17851.046875
2020-06-13T12:15:00.000000000,2181,15658.6266666667,18235.455078125
2020-06-13T12:30:00.000000000,2182,15476.2814285714,18839.65234375
2020-06-13T12:45:00.000000000,2183,10491.9704761905,19526.806640625
2020-06-13T13:00:00.000000000,2184,14307.8023809524,19335.26953125
2020-06-13T13:15:00.000000000,2185,12320.3228571429,19238.90234375
2020-06-13T13:30:00.000000000,2186,12553.26,18780.06640625
2020-06-13T13:45:00.000000000,2187,6036.0419047619,18368.330078125
2020-06-13T14:00:00.000000000,2188,13403.049047619,16047.6298828125
2020-06-13T14:15:00.000000000,2189,11217.8061904762,15468.474609375
2020-06-13T14:30:00.000000000,2190,18601.24,13946.3388671875
2020-06-13T14:45:00.000000000,2191,8843.35761904762,15194.1337890625
2020-06-13T15:00:00.000000000,2192,12772.1985714286,14155.8193359375
2020-06-13T15:15:00.000000000,2193,15687.3419047619,13641.67578125
2020-06-13T15:30:00.000000000,2194,15304.8285714286,12508.1005859375
2020-06-13T15:45:00.000000000,2195,14784.6733333333,12090.28125
2020-06-13T16:00:00.000000000,2196,9507.64952380952,10718.9345703125
2020-06-13T16:15:00.000000000,2197,13396.7180952381,9405.466796875
2020-06-13T16:30:00.000000000,2198,9233.86666666667,8383.6552734375
2020-06-13T16:45:00.000000000,2199,10297.4152380952,6871.80322265625
2020-06-13T17:00:00.000000000,2200,10823.6866666667,5840.4609375
2020-06-13T17:15:00.000000000,2201,6129.98523809524,5271.51611328125
2020-06-13T17:30:00.000000000,2202,4363.49333333333,4634.24365234375
2020-06-13T17:45:00.000000000,2203,2940.79047619048,3633.234619140625
2020-06-13T18:00:00.000000000,2204,2702.67761904762,2899.801025390625
2020-06-13T18:15:00.000000000,2205,1522.85142857143,2326.00830078125
2020-06-13T18:30:00.000000000,2206,619.646666666667,1883.6275634765625
2020-06-13T18:45:00.000000000,2207,33.0204761904762,1611.1055908203125
2020-06-13T19:00:00.000000000,2208,0.0,1413.4207763671875
2020-06-13T19:15:00.000000000,2209,0.0,1291.269775390625
2020-06-13T19:30:00.000000000,2210,0.0,1215.255126953125
2020-06-13T19:45:00.000000000,2211,0.0,1178.4080810546875
2020-06-13T20:00:00.000000000,2212,0.0,1159.095947265625
2020-06-13T20:15:00.000000000,2213,0.0,1141.81494140625
2020-06-13T20:30:00.000000000,2214,0.0,1131.155517578125
2020-06-13T20:45:00.000000000,2215,0.0,1135.777099609375
2020-06-13T21:00:00.000000000,2216,0.0,1142.1561279296875
2020-06-13T21:15:00.000000000,2217,0.0,1148.1396484375
2020-06-13T21:30:00.000000000,2218,0.0,1154.8701171875
2020-06-13T21:45:00.000000000,2219,0.0,1143.558349609375
2020-06-13T22:00:00.000000000,2220,0.0,1117.669921875
2020-06-13T22:15:00.000000000,2221,0.0,1098.3006591796875
2020-06-13T22:30:00.000000000,2222,0.0,1086.103271484375
2020-06-13T22:45:00.000000000,2223,0.0,1081.810302734375
2020-06-13T23:00:00.000000000,2224,0.0,1083.3355712890625
2020-06-13T23:15:00.000000000,2225,0.0,1088.412841796875
2020-06-13T23:30:00.000000000,2226,0.0,1101.548095703125
2020-06-13T23:45:00.000000000,2227,0.0,1119.5992431640625
2020-06-14T00:00:00.000000000,2228,0.0,1141.0780029296875
2020-06-14T00:15:00.000000000,2229,0.0,1165.1826171875
2020-06-14T00:30:00.000000000,2230,0.0,1190.2442626953125
2020-06-14T00:45:00.000000000,2231,0.0,1215.2255859375
2020-06-14T01:00:00.000000000,2232,0.0,1239.3492431640625
2020-06-14T01:15:00.000000000,2233,0.0,1256.5872802734375
2020-06-14T01:30:00.000000000,2234,0.0,1270.6131591796875
2020-06-14T01:45:00.000000000,2235,0.0,1284.7977294921875
2020-06-14T02:00:00.000000000,2236,0.0,1296.1624755859375
2020-06-14T02:15:00.000000000,2237,0.0,1311.8284912109375
2020-06-14T02:30:00.000000000,2238,0.0,1343.2520751953125
2020-06-14T02:45:00.000000000,2239,0.0,1383.22998046875
2020-06-14T03:00:00.000000000,2240,0.0,1428.7508544921875
2020-06-14T03:15:00.000000000,2241,0.0,1485.53076171875
2020-06-14T03:30:00.000000000,2242,0.0,1548.9849853515625
2020-06-14T03:45:00.000000000,2243,0.0,1608.718017578125
2020-06-14T04:00:00.000000000,2244,0.0,1667.8499755859375
2020-06-14T04:15:00.000000000,2245,0.0,1728.213623046875
2020-06-14T04:30:00.000000000,2246,0.0,1800.2513427734375
2020-06-14T04:45:00.000000000,2247,0.0,1866.5426025390625
2020-06-14T05:00:00.000000000,2248,0.0,1933.4776611328125
2020-06-14T05:15:00.000000000,2249,0.0,2004.8663330078125
2020-06-14T05:30:00.000000000,2250,0.0,2082.608154296875
2020-06-14T05:45:00.000000000,2251,0.0,2164.65576171875
2020-06-14T06:00:00.000000000,2252,306.309523809524,2251.606201171875
2020-06-14T06:15:00.000000000,2253,1032.46666666667,2364.794189453125
2020-06-14T06:30:00.000000000,2254,2118.97095238095,2547.23828125
2020-06-14T06:45:00.000000000,2255,3550.36523809524,2845.943603515625
2020-06-14T07:00:00.000000000,2256,5098.3980952381,3329.020263671875
2020-06-14T07:15:00.000000000,2257,6494.06,4088.76416015625
2020-06-14T07:30:00.000000000,2258,8101.52571428571,5136.46728515625
2020-06-14T07:45:00.000000000,2259,10075.6047619048,6497.0107421875
2020-06-14T08:00:00.000000000,2260,10140.4171428571,8294.5283203125
2020-06-14T08:15:00.000000000,2261,7856.02333333333,9454.2734375
2020-06-14T08:30:00.000000000,2262,11446.4066666667,9570.767578125
2020-06-14T08:45:00.000000000,2263,9610.7380952381,10392.82421875
2020-06-14T09:00:00.000000000,2264,15313.4885714286,10714.4228515625
2020-06-14T09:15:00.000000000,2265,11040.1380952381,12668.5458984375
2020-06-14T09:30:00.000000000,2266,11644.1085714286,13917.3759765625
2020-06-14T09:45:00.000000000,2267,10842.4733333333,14450.09765625
2020-06-14T10:00:00.000000000,2268,12493.129047619,13976.6796875
2020-06-14T10:15:00.000000000,2269,14442.0566666667,14062.2802734375
2020-06-14T10:30:00.000000000,2270,14876.2871428571,15560.3603515625
2020-06-14T10:45:00.000000000,2271,10248.5976190476,17723.96484375
2020-06-14T11:00:00.000000000,2272,15261.6066666667,18016.423828125
2020-06-14T11:15:00.000000000,2273,13697.49,18623.892578125
2020-06-14T11:30:00.000000000,2274,13162.9604761905,19029.53515625
2020-06-14T11:45:00.000000000,2275,11735.8352380952,19027.59375
2020-06-14T12:00:00.000000000,2276,12174.0019047619,18229.11328125
2020-06-14T12:15:00.000000000,2277,16734.8166666667,17716.041015625
2020-06-14T12:30:00.000000000,2278,17283.9066666667,18139.56640625
2020-06-14T12:45:00.000000000,2279,15620.3604761905,18974.322265625
2020-06-14T13:00:00.000000000,2280,14139.169047619,19494.998046875
2020-06-14T13:15:00.000000000,2281,14971.37,19941.20703125
2020-06-14T13:30:00.000000000,2282,13391.94,20085.91796875
2020-06-14T13:45:00.000000000,2283,13210.029047619,19917.55078125
2020-06-14T14:00:00.000000000,2284,14260.520952381,19516.18359375
2020-06-14T14:15:00.000000000,2285,9263.68666666667,19087.455078125
2020-06-14T14:30:00.000000000,2286,10987.6714285714,17511.142578125
2020-06-14T14:45:00.000000000,2287,18539.4866666667,14526.3017578125
2020-06-14T15:00:00.000000000,2288,11473.3395238095,13508.2529296875
2020-06-14T15:15:00.000000000,2289,6314.87857142857,11635.951171875
2020-06-14T15:30:00.000000000,2290,14555.3866666667,8465.126953125
2020-06-14T15:45:00.000000000,2291,17286.1214285714,7984.1796875
2020-06-14T16:00:00.000000000,2292,10078.2933333333,8853.263671875
2020-06-14T16:15:00.000000000,2293,6716.08523809524,7890.0302734375
2020-06-14T16:30:00.000000000,2294,10646.0923809524,6650.61279296875
2020-06-14T16:45:00.000000000,2295,5888.17380952381,6154.3515625
2020-06-14T17:00:00.000000000,2296,5871.72476190476,4702.64892578125
2020-06-14T17:15:00.000000000,2297,4833.3519047619,3706.08251953125
2020-06-14T17:30:00.000000000,2298,3683.72619047619,3251.681884765625
2020-06-14T17:45:00.000000000,2299,3347.12666666667,2950.24072265625
2020-06-14T18:00:00.000000000,2300,2243.55380952381,2619.2158203125
2020-06-14T18:15:00.000000000,2301,1312.75333333333,2413.638671875
2020-06-14T18:30:00.000000000,2302,494.427142857143,2097.208740234375
2020-06-14T18:45:00.000000000,2303,0.0,1795.088623046875
2020-06-14T19:00:00.000000000,2304,0.0,1547.716064453125
2020-06-14T19:15:00.000000000,2305,0.0,1356.9561767578125
2020-06-14T19:30:00.000000000,2306,0.0,1240.1943359375
2020-06-14T19:45:00.000000000,2307,0.0,1167.559814453125
2020-06-14T20:00:00.000000000,2308,0.0,1125.7589111328125
2020-06-14T20:15:00.000000000,2309,0.0,1102.1658935546875
2020-06-14T20:30:00.000000000,2310,0.0,1082.4610595703125
2020-06-14T20:45:00.000000000,2311,0.0,1068.303466796875
2020-06-14T21:00:00.000000000,2312,0.0,1065.8863525390625
2020-06-14T21:15:00.000000000,2313,0.0,1074.844482421875
2020-06-14T21:30:00.000000000,2314,0.0,1094.04736328125
2020-06-14T21:45:00.000000000,2315,0.0,1114.93701171875
2020-06-14T22:00:00.000000000,2316,0.0,1130.9530029296875
2020-06-14T22:15:00.000000000,2317,0.0,1133.0274658203125
2020-06-14T22:30:00.000000000,2318,0.0,1130.5706787109375
2020-06-14T22:45:00.000000000,2319,0.0,1129.895751953125
2020-06-14T23:00:00.000000000,2320,0.0,1133.5115966796875
2020-06-14T23:15:00.000000000,2321,0.0,1127.0899658203125
2020-06-14T23:30:00.000000000,2322,0.0,1116.0404052734375
2020-06-14T23:45:00.000000000,2323,0.0,1106.674072265625
2020-06-15T00:00:00.000000000,2324,0.0,1100.3812255859375
2020-06-15T00:15:00.000000000,2325,0.0,1099.4053955078125
2020-06-15T00:30:00.000000000,2326,0.0,1107.50732421875
2020-06-15T00:45:00.000000000,2327,0.0,1123.52294921875
2020-06-15T01:00:00.000000000,2328,0.0,1142.0439453125
2020-06-15T01:15:00.000000000,2329,0.0,1158.486328125
2020-06-15T01:30:00.000000000,2330,0.0,1177.3831787109375
2020-06-15T01:45:00.000000000,2331,0.0,1200.64599609375
2020-06-15T02:00:00.000000000,2332,0.0,1230.81591796875
2020-06-15T02:15:00.000000000,2333,0.0,1265.9447021484375
2020-06-15T02:30:00.000000000,2334,0.0,1302.5545654296875
2020-06-15T02:45:00.000000000,2335,0.0,1340.177978515625
2020-06-15T03:00:00.000000000,2336,0.0,1386.2335205078125
2020-06-15T03:15:00.000000000,2337,0.0,1441.99853515625
2020-06-15T03:30:00.000000000,2338,0.0,1505.615234375
2020-06-15T03:45:00.000000000,2339,0.0,1573.8646240234375
2020-06-15T04:00:00.000000000,2340,0.0,1642.3482666015625
2020-06-15T04:15:00.000000000,2341,0.0,1700.572021484375
2020-06-15T04:30:00.000000000,2342,0.0,1752.6075439453125
2020-06-15T04:45:00.000000000,2343,0.0,1810.0599365234375
2020-06-15T05:00:00.000000000,2344,0.0,1871.108642578125
2020-06-15T05:15:00.000000000,2345,0.0,1937.3980712890625
2020-06-15T05:30:00.000000000,2346,0.0,2006.6951904296875
2020-06-15T05:45:00.000000000,2347,0.0,2080.022216796875
2020-06-15T06:00:00.000000000,2348,242.756666666667,2161.93994140625
2020-06-15T06:15:00.000000000,2349,718.72,2275.387451171875
2020-06-15T06:30:00.000000000,2350,1893.78761904762,2441.43408203125
2020-06-15T06:45:00.000000000,2351,2708.16476190476,2729.04296875
2020-06-15T07:00:00.000000000,2352,4421.72571428571,3127.93017578125
2020-06-15T07:15:00.000000000,2353,5187.56761904762,3789.39599609375
2020-06-15T07:30:00.000000000,2354,4842.04142857143,4584.25732421875
2020-06-15T07:45:00.000000000,2355,9476.73428571428,5194.70263671875
2020-06-15T08:00:00.000000000,2356,10876.1833333333,6604.45654296875
2020-06-15T08:15:00.000000000,2357,12620.5133333333,8465.1298828125
2020-06-15T08:30:00.000000000,2358,14236.7295238095,10479.6337890625
2020-06-15T08:45:00.000000000,2359,15184.1780952381,12925.4462890625
2020-06-15T09:00:00.000000000,2360,10776.7842857143,15194.43359375
2020-06-15T09:15:00.000000000,2361,10616.2,15931.0771484375
2020-06-15T09:30:00.000000000,2362,7090.11047619048,16578.453125
2020-06-15T09:45:00.000000000,2363,10497.7166666667,15563.5537109375
2020-06-15T10:00:00.000000000,2364,13908.090952381,15429.482421875
2020-06-15T10:15:00.000000000,2365,12550.12,16977.232421875
2020-06-15T10:30:00.000000000,2366,11044.6247619048,18238.224609375
2020-06-15T10:45:00.000000000,2367,7890.9,18499.626953125
2020-06-15T11:00:00.000000000,2368,7630.14619047619,17903.33203125
2020-06-15T11:15:00.000000000,2369,12056.03,16132.740234375
2020-06-15T11:30:00.000000000,2370,8937.76714285714,15543.5537109375
2020-06-15T11:45:00.000000000,2371,7369.58,15418.7685546875
2020-06-15T12:00:00.000000000,2372,9890.74666666667,14444.5283203125
2020-06-15T12:15:00.000000000,2373,12718.2923809524,14915.02734375
2020-06-15T12:30:00.000000000,2374,9683.18666666667,16809.76171875
2020-06-15T12:45:00.000000000,2375,7616.79142857143,16752.626953125
2020-06-15T13:00:00.000000000,2376,9074.15333333333,15612.0771484375
2020-06-15T13:15:00.000000000,2377,4098.58809523809,14420.1376953125
2020-06-15T13:30:00.000000000,2378,8877.59952380952,10687.056640625
2020-06-15T13:45:00.000000000,2379,13761.6433333333,7811.9130859375
2020-06-15T14:00:00.000000000,2380,14503.1038095238,7846.853515625
2020-06-15T14:15:00.000000000,2381,6757.5,11064.578125
2020-06-15T14:30:00.000000000,2382,12002.2004761905,11822.09765625
2020-06-15T14:45:00.000000000,2383,10658.3057142857,12573.208984375
2020-06-15T15:00:00.000000000,2384,9275.71523809524,11872.7568359375
2020-06-15T15:15:00.000000000,2385,14124.2533333333,10281.115234375
2020-06-15T15:30:00.000000000,2386,11093.5752380952,9242.48828125
2020-06-15T15:45:00.000000000,2387,4081.58047619048,9136.31640625
2020-06-15T16:00:00.000000000,2388,6685.22,7033.0205078125
2020-06-15T16:15:00.000000000,2389,8435.64,5745.99169921875
2020-06-15T16:30:00.000000000,2390,8153.15380952381,5311.005859375
2020-06-15T16:45:00.000000000,2391,8797.01952380952,4790.4091796875
2020-06-15T17:00:00.000000000,2392,5338.02238095238,4798.91162109375
2020-06-15T17:15:00.000000000,2393,2038.96047619048,4594.6640625
2020-06-15T17:30:00.000000000,2394,3480.46,3571.82275390625
2020-06-15T17:45:00.000000000,2395,2767.32,2889.628662109375
2020-06-15T18:00:00.000000000,2396,2054.86238095238,2444.083251953125
2020-06-15T18:15:00.000000000,2397,1372.70857142857,2103.873046875
2020-06-15T18:30:00.000000000,2398,732.293333333333,1905.9197998046875
2020-06-15T18:45:00.000000000,2399,148.840476190476,1753.704345703125
2020-06-15T19:00:00.000000000,2400,0.0,1541.1712646484375
2020-06-15T19:15:00.000000000,2401,0.0,1384.6190185546875
2020-06-15T19:30:00.000000000,2402,0.0,1284.1588134765625
2020-06-15T19:45:00.000000000,2403,0.0,1221.563232421875
2020-06-15T20:00:00.000000000,2404,0.0,1184.0706787109375
2020-06-15T20:15:00.000000000,2405,0.0,1161.8551025390625
2020-06-15T20:30:00.000000000,2406,0.0,1146.7265625
2020-06-15T20:45:00.000000000,2407,0.0,1128.5328369140625
2020-06-15T21:00:00.000000000,2408,0.0,1110.88134765625
2020-06-15T21:15:00.000000000,2409,0.0,1097.5460205078125
2020-06-15T21:30:00.000000000,2410,0.0,1087.679931640625
2020-06-15T21:45:00.000000000,2411,0.0,1082.8580322265625
2020-06-15T22:00:00.000000000,2412,0.0,1080.400634765625
2020-06-15T22:15:00.000000000,2413,0.0,1078.5345458984375
2020-06-15T22:30:00.000000000,2414,0.0,1075.7838134765625
2020-06-15T22:45:00.000000000,2415,0.0,1073.1212158203125
2020-06-15T23:00:00.000000000,2416,0.0,1071.607421875
2020-06-15T23:15:00.000000000,2417,0.0,1073.1904296875
2020-06-15T23:30:00.000000000,2418,0.0,1076.8270263671875
2020-06-15T23:45:00.000000000,2419,0.0,1085.845947265625
2020-06-16T00:00:00.000000000,2420,0.0,1100.289306640625
2020-06-16T00:15:00.000000000,2421,0.0,1119.89697265625
2020-06-16T00:30:00.000000000,2422,0.0,1142.831787109375
2020-06-16T00:45:00.000000000,2423,0.0,1165.77392578125
2020-06-16T01:00:00.000000000,2424,0.0,1184.7601318359375
2020-06-16T01:15:00.000000000,2425,0.0,1210.1439208984375
2020-06-16T01:30:00.000000000,2426,0.0,1241.28271484375
2020-06-16T01:45:00.000000000,2427,0.0,1277.954833984375
2020-06-16T02:00:00.000000000,2428,0.0,1313.3450927734375
2020-06-16T02:15:00.000000000,2429,0.0,1344.4444580078125
2020-06-16T02:30:00.000000000,2430,0.0,1378.214599609375
2020-06-16T02:45:00.000000000,2431,0.0,1416.158935546875
2020-06-16T03:00:00.000000000,2432,0.0,1459.1102294921875
2020-06-16T03:15:00.000000000,2433,0.0,1514.8310546875
2020-06-16T03:30:00.000000000,2434,0.0,1569.7236328125
2020-06-16T03:45:00.000000000,2435,0.0,1622.1263427734375
2020-06-16T04:00:00.000000000,2436,0.0,1677.2568359375
2020-06-16T04:15:00.000000000,2437,0.0,1740.0179443359375
2020-06-16T04:30:00.000000000,2438,0.0,1798.7010498046875
2020-06-16T04:45:00.000000000,2439,0.0,1869.8917236328125
2020-06-16T05:00:00.000000000,2440,0.0,1945.4376220703125
2020-06-16T05:15:00.000000000,2441,0.0,2020.298583984375
2020-06-16T05:30:00.000000000,2442,0.0,2095.22216796875
2020-06-16T05:45:00.000000000,2443,0.0,2169.88330078125
2020-06-16T06:00:00.000000000,2444,165.536666666667,2249.929931640625
2020-06-16T06:15:00.000000000,2445,798.425238095238,2355.99560546875
2020-06-16T06:30:00.000000000,2446,1579.04142857143,2526.798828125
2020-06-16T06:45:00.000000000,2447,2579.88,2778.08935546875
2020-06-16T07:00:00.000000000,2448,3561.53285714286,3138.00537109375
2020-06-16T07:15:00.000000000,2449,4335.49952380952,3622.761474609375
2020-06-16T07:30:00.000000000,2450,5516.68761904762,4182.2880859375
2020-06-16T07:45:00.000000000,2451,6427.86952380952,4858.5830078125
2020-06-16T08:00:00.000000000,2452,7945.8,5602.8203125
2020-06-16T08:15:00.000000000,2453,9765.13333333333,6495.5439453125
2020-06-16T08:30:00.000000000,2454,10888.7642857143,7608.771484375
2020-06-16T08:45:00.000000000,2455,11109.1085714286,8823.7353515625
2020-06-16T09:00:00.000000000,2456,11840.5466666667,9787.5341796875
2020-06-16T09:15:00.000000000,2457,9404.25238095238,10592.833984375
2020-06-16T09:30:00.000000000,2458,12449.3957142857,10546.490234375
2020-06-16T09:45:00.000000000,2459,13932.6319047619,10898.78515625
2020-06-16T10:00:00.000000000,2460,14644.0619047619,11687.3759765625
2020-06-16T10:15:00.000000000,2461,16811.4066666667,12645.255859375
2020-06-16T10:30:00.000000000,2462,14910.0985714286,13872.189453125
2020-06-16T10:45:00.000000000,2463,15745.9619047619,14539.27734375
2020-06-16T11:00:00.000000000,2464,14481.2647619048,14744.9892578125
2020-06-16T11:15:00.000000000,2465,16333.3695238095,14503.0615234375
2020-06-16T11:30:00.000000000,2466,22953.6733333333,14530.556640625
2020-06-16T11:45:00.000000000,2467,15019.400952381,16152.2060546875
2020-06-16T12:00:00.000000000,2468,15054.6161904762,17055.56640625
2020-06-16T12:15:00.000000000,2469,11476.4519047619,17012.46484375
2020-06-16T12:30:00.000000000,2470,16730.1733333333,15825.0185546875
2020-06-16T12:45:00.000000000,2471,18254.2033333333,15012.8486328125
2020-06-16T13:00:00.000000000,2472,19207.929047619,14400.6220703125
2020-06-16T13:15:00.000000000,2473,18791.8376190476,14730.4765625
2020-06-16T13:30:00.000000000,2474,11313.6695238095,15146.1884765625
2020-06-16T13:45:00.000000000,2475,14014.2866666667,14234.876953125
2020-06-16T14:00:00.000000000,2476,15014.4061904762,12905.3974609375
2020-06-16T14:15:00.000000000,2477,4962.12523809524,12109.34765625
2020-06-16T14:30:00.000000000,2478,0.0,11861.841796875
2020-06-16T14:45:00.000000000,2479,11906.6847619048,12387.65625
2020-06-16T15:00:00.000000000,2480,11692.6433333333,12582.0927734375
2020-06-16T15:15:00.000000000,2481,12221.5652380952,11425.640625
2020-06-16T15:30:00.000000000,2482,14169.3704761905,10136.6142578125
2020-06-16T15:45:00.000000000,2483,10698.2366666667,9378.92578125
2020-06-16T16:00:00.000000000,2484,5881.86714285714,8302.30078125
2020-06-16T16:15:00.000000000,2485,8100.71095238095,6583.21826171875
2020-06-16T16:30:00.000000000,2486,4608.63904761905,5550.10546875
2020-06-16T16:45:00.000000000,2487,3927.79523809524,4315.900390625
2020-06-16T17:00:00.000000000,2488,2775.70666666667,3284.39306640625
2020-06-16T17:15:00.000000000,2489,1151.77619047619,2613.902099609375
2020-06-16T17:30:00.000000000,2490,2245.18095238095,2143.494140625
2020-06-16T17:45:00.000000000,2491,1804.56428571429,1827.794189453125
2020-06-16T18:00:00.000000000,2492,835.123333333333,1686.4063720703125
2020-06-16T18:15:00.000000000,2493,512.226666666667,1538.0634765625
2020-06-16T18:30:00.000000000,2494,258.935238095238,1421.19091796875
2020-06-16T18:45:00.000000000,2495,0.0,1333.393310546875
2020-06-16T19:00:00.000000000,2496,0.0,1232.5645751953125
2020-06-16T19:15:00.000000000,2497,0.0,1171.8768310546875
2020-06-16T19:30:00.000000000,2498,0.0,1144.72705078125
2020-06-16T19:45:00.000000000,2499,0.0,1131.0384521484375
2020-06-16T20:00:00.000000000,2500,0.0,1130.940185546875
2020-06-16T20:15:00.000000000,2501,0.0,1141.7105712890625
2020-06-16T20:30:00.000000000,2502,0.0,1142.25
2020-06-16T20:45:00.000000000,2503,0.0,1144.8179931640625
2020-06-16T21:00:00.000000000,2504,0.0,1150.7705078125
2020-06-16T21:15:00.000000000,2505,0.0,1147.512939453125
2020-06-16T21:30:00.000000000,2506,0.0,1137.1773681640625
2020-06-16T21:45:00.000000000,2507,0.0,1123.6165771484375
2020-06-16T22:00:00.000000000,2508,0.0,1107.9080810546875
2020-06-16T22:15:00.000000000,2509,0.0,1098.827392578125
2020-06-16T22:30:00.000000000,2510,0.0,1098.2288818359375
2020-06-16T22:45:00.000000000,2511,0.0,1105.81884765625
2020-06-16T23:00:00.000000000,2512,0.0,1122.07373046875
2020-06-16T23:15:00.000000000,2513,0.0,1138.7105712890625
2020-06-16T23:30:00.000000000,2514,0.0,1153.3028564453125
2020-06-16T23:45:00.000000000,2515,0.0,1163.9173583984375
2020-06-17T00:00:00.000000000,2516,0.0,1174.0335693359375
2020-06-17T00:15:00.000000000,2517,0.0,1174.1129150390625
2020-06-17T00:30:00.000000000,2518,0.0,1175.141357421875
2020-06-17T00:45:00.000000000,2519,0.0,1179.246337890625
2020-06-17T01:00:00.000000000,2520,0.0,1189.7882080078125
2020-06-17T01:15:00.000000000,2521,0.0,1209.3756103515625
2020-06-17T01:30:00.000000000,2522,0.0,1236.0667724609375
2020-06-17T01:45:00.000000000,2523,0.0,1264.8529052734375
2020-06-17T02:00:00.000000000,2524,0.0,1293.957275390625
2020-06-17T02:15:00.000000000,2525,0.0,1325.775634765625
2020-06-17T02:30:00.000000000,2526,0.0,1361.6065673828125
2020-06-17T02:45:00.000000000,2527,0.0,1402.885986328125
2020-06-17T03:00:00.000000000,2528,0.0,1447.067138671875
2020-06-17T03:15:00.000000000,2529,0.0,1495.493896484375
2020-06-17T03:30:00.000000000,2530,0.0,1565.492431640625
2020-06-17T03:45:00.000000000,2531,0.0,1658.142578125
2020-06-17T04:00:00.000000000,2532,0.0,1764.637939453125
2020-06-17T04:15:00.000000000,2533,0.0,1881.1396484375
2020-06-17T04:30:00.000000000,2534,0.0,1994.4232177734375
2020-06-17T04:45:00.000000000,2535,0.0,2071.0654296875
2020-06-17T05:00:00.000000000,2536,0.0,2141.879150390625
2020-06-17T05:15:00.000000000,2537,0.0,2225.39892578125
2020-06-17T05:30:00.000000000,2538,0.0,2317.551513671875
2020-06-17T05:45:00.000000000,2539,0.0,2419.77880859375
2020-06-17T06:00:00.000000000,2540,33.8533333333333,2528.054443359375
2020-06-17T06:15:00.000000000,2541,544.504761904762,2642.497802734375
2020-06-17T06:30:00.000000000,2542,1199.17238095238,2803.422607421875
2020-06-17T06:45:00.000000000,2543,1294.06,3038.763427734375
2020-06-17T07:00:00.000000000,2544,1405.63095238095,3279.10302734375
2020-06-17T07:15:00.000000000,2545,1667.24857142857,3499.726806640625
2020-06-17T07:30:00.000000000,2546,2203.30666666667,3710.703857421875
2020-06-17T07:45:00.000000000,2547,2854.25666666667,3937.716064453125
2020-06-17T08:00:00.000000000,2548,4029.63904761905,4204.90966796875
2020-06-17T08:15:00.000000000,2549,4007.64761904762,4629.046875
2020-06-17T08:30:00.000000000,2550,4645.11761904762,5051.716796875
2020-06-17T08:45:00.000000000,2551,5979.43428571429,5487.00634765625
2020-06-17T09:00:00.000000000,2552,4146.49857142857,6066.39306640625
2020-06-17T09:15:00.000000000,2553,4288.72,6272.7890625
2020-06-17T09:30:00.000000000,2554,7786.63761904762,6278.4541015625
2020-06-17T09:45:00.000000000,2555,12768.910952381,6904.2783203125
2020-06-17T10:00:00.000000000,2556,12272.7514285714,8659.0224609375
2020-06-17T10:15:00.000000000,2557,10257.0485714286,10309.87109375
2020-06-17T10:30:00.000000000,2558,9960.24428571429,11221.8994140625
2020-06-17T10:45:00.000000000,2559,10945.4928571429,11470.5791015625
2020-06-17T11:00:00.000000000,2560,11188.36,11335.6044921875
2020-06-17T11:15:00.000000000,2561,7472.53952380952,10916.3173828125
2020-06-17T11:30:00.000000000,2562,13745.159047619,9978.5400390625
2020-06-17T11:45:00.000000000,2563,16593.0023809524,10566.6123046875
2020-06-17T12:00:00.000000000,2564,11507.9980952381,12098.05859375
2020-06-17T12:15:00.000000000,2565,17500.5076190476,12318.8779296875
2020-06-17T12:30:00.000000000,2566,15889.8466666667,13314.4287109375
2020-06-17T12:45:00.000000000,2567,16868.869047619,14159.984375
2020-06-17T13:00:00.000000000,2568,16675.5185714286,14500.62890625
2020-06-17T13:15:00.000000000,2569,15151.0547619048,14656.240234375
2020-06-17T13:30:00.000000000,2570,14676.03,14649.7392578125
2020-06-17T13:45:00.000000000,2571,1781.92428571429,13888.8212890625
2020-06-17T14:00:00.000000000,2572,7473.08095238095,14307.9560546875
2020-06-17T14:15:00.000000000,2573,13247.1614285714,14196.552734375
2020-06-17T14:30:00.000000000,2574,10884.3266666667,13351.0986328125
2020-06-17T14:45:00.000000000,2575,11470.7338095238,11875.537109375
2020-06-17T15:00:00.000000000,2576,12426.5566666667,10525.5126953125
2020-06-17T15:15:00.000000000,2577,12868.0195238095,9590.1640625
2020-06-17T15:30:00.000000000,2578,8087.52,9528.0478515625
2020-06-17T15:45:00.000000000,2579,7236.46666666667,8651.9375
2020-06-17T16:00:00.000000000,2580,6581.85095238095,7427.19091796875
2020-06-17T16:15:00.000000000,2581,6512.57666666667,6119.119140625
2020-06-17T16:30:00.000000000,2582,6162.16619047619,5055.2919921875
2020-06-17T16:45:00.000000000,2583,4105.10571428571,4314.83740234375
2020-06-17T17:00:00.000000000,2584,1186.08,3729.203369140625
2020-06-17T17:15:00.000000000,2585,2962.20666666667,2951.63916015625
2020-06-17T17:30:00.000000000,2586,3003.87,2553.981689453125
2020-06-17T17:45:00.000000000,2587,2133.54,2348.722412109375
2020-06-17T18:00:00.000000000,2588,1326.66666666667,2183.491455078125
2020-06-17T18:15:00.000000000,2589,701.82,2049.939453125
2020-06-17T18:30:00.000000000,2590,424.726666666667,1918.425048828125
2020-06-17T18:45:00.000000000,2591,75.7790476190476,1721.1942138671875
2020-06-17T19:00:00.000000000,2592,0.0,1584.2083740234375
2020-06-17T19:15:00.000000000,2593,0.0,1512.2987060546875
2020-06-17T19:30:00.000000000,2594,0.0,1478.7750244140625
2020-06-17T19:45:00.000000000,2595,0.0,1463.0478515625
2020-06-17T20:00:00.000000000,2596,0.0,1442.236572265625
2020-06-17T20:15:00.000000000,2597,0.0,1411.8876953125
2020-06-17T20:30:00.000000000,2598,0.0,1374.9193115234375
2020-06-17T20:45:00.000000000,2599,0.0,1338.449462890625
2020-06-17T21:00:00.000000000,2600,0.0,1304.646240234375
2020-06-17T21:15:00.000000000,2601,0.0,1275.1036376953125
2020-06-17T21:30:00.000000000,2602,0.0,1247.7000732421875
2020-06-17T21:45:00.000000000,2603,0.0,1219.128173828125
2020-06-17T22:00:00.000000000,2604,0.0,1194.6339111328125
2020-06-17T22:15:00.000000000,2605,0.0,1177.081298828125
2020-06-17T22:30:00.000000000,2606,0.0,1166.3587646484375
2020-06-17T22:45:00.000000000,2607,0.0,1162.7052001953125
2020-06-17T23:00:00.000000000,2608,0.0,1166.998779296875
2020-06-17T23:15:00.000000000,2609,0.0,1175.2354736328125
2020-06-17T23:30:00.000000000,2610,0.0,1185.5477294921875
2020-06-17T23:45:00.000000000,2611,0.0,1197.9638671875
