target_timestamp,target_index,y_true_normalized,y_pred_normalized
2020-05-21T20:15:00.000000000,5,0.0,0.03408621624112129
2020-05-21T20:30:00.000000000,6,0.0,0.03445390611886978
2020-05-21T20:45:00.000000000,7,0.0,0.034991636872291565
2020-05-21T21:00:00.000000000,8,0.0,0.03566466271877289
2020-05-21T21:15:00.000000000,9,0.0,0.03639299422502518
2020-05-21T21:30:00.000000000,10,0.0,0.03704976290464401
2020-05-21T21:45:00.000000000,11,0.0,0.037579718977212906
2020-05-21T22:00:00.000000000,12,0.0,0.03804914280772209
2020-05-21T22:15:00.000000000,13,0.0,0.03851575404405594
2020-05-21T22:30:00.000000000,14,0.0,0.03891832008957863
2020-05-21T22:45:00.000000000,15,0.0,0.039434272795915604
2020-05-21T23:00:00.000000000,16,0.0,0.04014535993337631
2020-05-21T23:15:00.000000000,17,0.0,0.04089851677417755
2020-05-21T23:30:00.000000000,18,0.0,0.041824594140052795
2020-05-21T23:45:00.000000000,19,0.0,0.042793452739715576
2020-05-22T00:00:00.000000000,20,0.0,0.043688878417015076
2020-05-22T00:15:00.000000000,21,0.0,0.04463910311460495
2020-05-22T00:30:00.000000000,22,0.0,0.04569336026906967
2020-05-22T00:45:00.000000000,23,0.0,0.046874165534973145
2020-05-22T01:00:00.000000000,24,0.0,0.048272062093019485
2020-05-22T01:15:00.000000000,25,0.0,0.049963176250457764
2020-05-22T01:30:00.000000000,26,0.0,0.051800213754177094
2020-05-22T01:45:00.000000000,27,0.0,0.053851138800382614
2020-05-22T02:00:00.000000000,28,0.0,0.05607365071773529
2020-05-22T02:15:00.000000000,29,0.0,0.058343011885881424
2020-05-22T02:30:00.000000000,30,0.0,0.060691721737384796
2020-05-22T02:45:00.000000000,31,0.0,0.06308897584676743
2020-05-22T03:00:00.000000000,32,0.0,0.06557239592075348
2020-05-22T03:15:00.000000000,33,0.0,0.06834658235311508
2020-05-22T03:30:00.000000000,34,0.0,0.0714530423283577
2020-05-22T03:45:00.000000000,35,0.0,0.07469785213470459
2020-05-22T04:00:00.000000000,36,0.0,0.07826405763626099
2020-05-22T04:15:00.000000000,37,0.0,0.08201741427183151
2020-05-22T04:30:00.000000000,38,0.0,0.08602813631296158
2020-05-22T04:45:00.000000000,39,0.0,0.09025932103395462
2020-05-22T05:00:00.000000000,40,0.0,0.09469404816627502
2020-05-22T05:15:00.000000000,41,0.0,0.09936459362506866
2020-05-22T05:30:00.000000000,42,0.0,0.10404042899608612
2020-05-22T05:45:00.000000000,43,0.0001723691064234,0.10877788811922073
2020-05-22T06:00:00.000000000,44,0.0173734219419582,0.11379753053188324
2020-05-22T06:15:00.000000000,45,0.0433104789991879,0.1209937036037445
2020-05-22T06:30:00.000000000,46,0.0887546772419937,0.13173195719718933
2020-05-22T06:45:00.000000000,47,0.140595674559938,0.1477845013141632
2020-05-22T07:00:00.000000000,48,0.164886260654442,0.17007441818714142
2020-05-22T07:15:00.000000000,49,0.23304114463152,0.20137958228588104
2020-05-22T07:30:00.000000000,50,0.336637673667716,0.2481313794851303
2020-05-22T07:45:00.000000000,51,0.399692346308407,0.32448282837867737
2020-05-22T08:00:00.000000000,52,0.456155181264359,0.4169163703918457
2020-05-22T08:15:00.000000000,53,0.519844375321058,0.5074776411056519
2020-05-22T08:30:00.000000000,54,0.597511216573604,0.5883413553237915
2020-05-22T08:45:00.000000000,55,0.650920251518699,0.6587518453598022
2020-05-22T09:00:00.000000000,56,0.61265505131351,0.7219316363334656
2020-05-22T09:15:00.000000000,57,0.606483846372574,0.781399667263031
2020-05-22T09:30:00.000000000,58,0.589601245011811,0.8347947001457214
2020-05-22T09:45:00.000000000,59,0.602251951149984,0.8752893209457397
2020-05-22T10:00:00.000000000,60,0.592583599016615,0.903700053691864
2020-05-22T10:15:00.000000000,61,0.602179426713653,0.9235095381736755
2020-05-22T10:30:00.000000000,62,0.587765127590884,0.9378473162651062
2020-05-22T10:45:00.000000000,63,0.583036772495427,0.9476561546325684
2020-05-22T11:00:00.000000000,64,0.589907204669172,0.9549006223678589
2020-05-22T11:15:00.000000000,65,0.596931200821333,0.9596213102340698
2020-05-22T11:30:00.000000000,66,0.607020455306075,0.9625793099403381
2020-05-22T11:45:00.000000000,67,0.609708510180921,0.9640543460845947
2020-05-22T12:00:00.000000000,68,0.607418396079403,0.96415114402771
2020-05-22T12:15:00.000000000,69,0.607943479289286,0.9624519348144531
2020-05-22T12:30:00.000000000,70,0.605107724400671,0.9593101143836975
2020-05-22T12:45:00.000000000,71,0.604011544955624,0.9552870392799377
2020-05-22T13:00:00.000000000,72,0.64044662650832,0.9504661560058594
2020-05-22T13:15:00.000000000,73,0.627918479478011,0.9446032047271729
2020-05-22T13:30:00.000000000,74,0.556541785039368,0.9378126859664917
2020-05-22T13:45:00.000000000,75,0.575428671542849,0.929639995098114
2020-05-22T14:00:00.000000000,76,0.583837754118615,0.9185349345207214
2020-05-22T14:15:00.000000000,77,0.603206833761051,0.9046934247016907
2020-05-22T14:30:00.000000000,78,0.648390411352851,0.8866705298423767
2020-05-22T14:45:00.000000000,79,0.713855016192631,0.8598277568817139
2020-05-22T15:00:00.000000000,80,0.74886510940136,0.8229366540908813
2020-05-22T15:15:00.000000000,81,0.700944835235624,0.773829460144043
2020-05-22T15:30:00.000000000,82,0.65707101121891,0.708365261554718
2020-05-22T15:45:00.000000000,83,0.603124109171654,0.63527512550354
2020-05-22T16:00:00.000000000,84,0.545569610697453,0.5522895455360413
2020-05-22T16:15:00.000000000,85,0.483114792432727,0.4665665030479431
2020-05-22T16:30:00.000000000,86,0.420104627508384,0.38021036982536316
2020-05-22T16:45:00.000000000,87,0.352617718753292,0.29977965354919434
2020-05-22T17:00:00.000000000,88,0.283810317054908,0.22758309543132782
2020-05-22T17:15:00.000000000,89,0.220105912637801,0.16825416684150696
2020-05-22T17:30:00.000000000,90,0.158228616255323,0.12278520315885544
2020-05-22T17:45:00.000000000,91,0.104650200354372,0.09039399027824402
2020-05-22T18:00:00.000000000,92,0.0367374689097537,0.06754288077354431
2020-05-22T18:15:00.000000000,93,0.0111253339089755,0.0509861521422863
2020-05-22T18:30:00.000000000,94,0.0006652566789883,0.04075522720813751
2020-05-22T18:45:00.000000000,95,0.0,0.03505870699882507
2020-05-22T19:00:00.000000000,96,0.0,0.032440319657325745
2020-05-22T19:15:00.000000000,97,0.0,0.03152594342827797
2020-05-22T19:30:00.000000000,98,0.0,0.03146278113126755
2020-05-22T19:45:00.000000000,99,0.0,0.03141392022371292
2020-05-22T20:00:00.000000000,100,0.0,0.03155246004462242
2020-05-22T20:15:00.000000000,101,0.0,0.03200726583600044
2020-05-22T20:30:00.000000000,102,0.0,0.032572101801633835
2020-05-22T20:45:00.000000000,103,0.0,0.03314163163304329
2020-05-22T21:00:00.000000000,104,0.0,0.033496640622615814
2020-05-22T21:15:00.000000000,105,0.0,0.03360148146748543
2020-05-22T21:30:00.000000000,106,0.0,0.03354429081082344
2020-05-22T21:45:00.000000000,107,0.0,0.03352520242333412
2020-05-22T22:00:00.000000000,108,0.0,0.033657122403383255
2020-05-22T22:15:00.000000000,109,0.0,0.03411179408431053
2020-05-22T22:30:00.000000000,110,0.0,0.03467169776558876
2020-05-22T22:45:00.000000000,111,0.0,0.03541627526283264
2020-05-22T23:00:00.000000000,112,0.0,0.03621364012360573
2020-05-22T23:15:00.000000000,113,0.0,0.03704080730676651
2020-05-22T23:30:00.000000000,114,0.0,0.037905655801296234
2020-05-22T23:45:00.000000000,115,0.0,0.03871174529194832
2020-05-23T00:00:00.000000000,116,0.0,0.039625152945518494
2020-05-23T00:15:00.000000000,117,0.0,0.04081127420067787
2020-05-23T00:30:00.000000000,118,0.0,0.042110323905944824
2020-05-23T00:45:00.000000000,119,0.0,0.04357928782701492
2020-05-23T01:00:00.000000000,120,0.0,0.045367639511823654
2020-05-23T01:15:00.000000000,121,0.0,0.04719214141368866
2020-05-23T01:30:00.000000000,122,0.0,0.04901066794991493
2020-05-23T01:45:00.000000000,123,0.0,0.05074401572346687
2020-05-23T02:00:00.000000000,124,0.0,0.05235673114657402
2020-05-23T02:15:00.000000000,125,0.0,0.05403449758887291
2020-05-23T02:30:00.000000000,126,0.0,0.05568965896964073
2020-05-23T02:45:00.000000000,127,0.0,0.05757475271821022
2020-05-23T03:00:00.000000000,128,0.0,0.059837885200977325
2020-05-23T03:15:00.000000000,129,0.0,0.06251063197851181
2020-05-23T03:30:00.000000000,130,0.0,0.0655159279704094
2020-05-23T03:45:00.000000000,131,0.0,0.0688919648528099
2020-05-23T04:00:00.000000000,132,0.0,0.0725478082895279
2020-05-23T04:15:00.000000000,133,0.0,0.07664542645215988
2020-05-23T04:30:00.000000000,134,0.0,0.08104568719863892
2020-05-23T04:45:00.000000000,135,0.0,0.08533356338739395
2020-05-23T05:00:00.000000000,136,0.0,0.08951340615749359
2020-05-23T05:15:00.000000000,137,0.0,0.09389139711856842
2020-05-23T05:30:00.000000000,138,0.0,0.09848784655332565
2020-05-23T05:45:00.000000000,139,0.0,0.10300669819116592
2020-05-23T06:00:00.000000000,140,0.0147436247695305,0.10821521282196045
2020-05-23T06:15:00.000000000,141,0.0391932119284454,0.1152758076786995
2020-05-23T06:30:00.000000000,142,0.0726190685885253,0.1252225786447525
2020-05-23T06:45:00.000000000,143,0.115054693490343,0.13837921619415283
2020-05-23T07:00:00.000000000,144,0.16666304194267,0.15593160688877106
2020-05-23T07:15:00.000000000,145,0.226928422065978,0.18748465180397034
2020-05-23T07:30:00.000000000,146,0.293984632727986,0.2384873628616333
2020-05-23T07:45:00.000000000,147,0.360761215405305,0.30958065390586853
2020-05-23T08:00:00.000000000,148,0.430276696451713,0.3977144658565521
2020-05-23T08:15:00.000000000,149,0.497902183497788,0.49068814516067505
2020-05-23T08:30:00.000000000,150,0.561622652032607,0.5717459321022034
2020-05-23T08:45:00.000000000,151,0.623551398526361,0.6413003206253052
2020-05-23T09:00:00.000000000,152,0.678009251853372,0.7044075727462769
2020-05-23T09:15:00.000000000,153,0.719828486448265,0.759946346282959
2020-05-23T09:30:00.000000000,154,0.622558905659279,0.8083962202072144
2020-05-23T09:45:00.000000000,155,0.586195876729667,0.8489387631416321
2020-05-23T10:00:00.000000000,156,0.613108733451937,0.8802459239959717
2020-05-23T10:15:00.000000000,157,0.611700977525154,0.9035146236419678
2020-05-23T10:30:00.000000000,158,0.599422374768182,0.92011559009552
2020-05-23T10:45:00.000000000,159,0.576191548629477,0.9328087568283081
2020-05-23T11:00:00.000000000,160,0.589193688235152,0.9425274133682251
2020-05-23T11:15:00.000000000,161,0.600738733728734,0.9493602514266968
2020-05-23T11:30:00.000000000,162,0.606157845885842,0.9539220333099365
2020-05-23T11:45:00.000000000,163,0.607615883624432,0.9567703604698181
2020-05-23T12:00:00.000000000,164,0.604542649401238,0.9580078721046448
2020-05-23T12:15:00.000000000,165,0.600508421462057,0.9566894173622131
2020-05-23T12:30:00.000000000,166,0.630707996668369,0.9534599184989929
2020-05-23T12:45:00.000000000,167,0.63034746394538,0.9485231637954712
2020-05-23T13:00:00.000000000,168,0.578538347722589,0.9418686628341675
2020-05-23T13:15:00.000000000,169,0.645393026726019,0.9338661432266235
2020-05-23T13:30:00.000000000,170,0.666568769162358,0.9238986372947693
2020-05-23T13:45:00.000000000,171,0.650501191485721,0.9123326539993286
2020-05-23T14:00:00.000000000,172,0.602597363381756,0.9006040692329407
2020-05-23T14:15:00.000000000,173,0.627255447061475,0.8844260573387146
2020-05-23T14:30:00.000000000,174,0.678203930986214,0.864135205745697
2020-05-23T14:45:00.000000000,175,0.708415458794797,0.8351207971572876
2020-05-23T15:00:00.000000000,176,0.731818833778306,0.794375479221344
2020-05-23T15:15:00.000000000,177,0.685243002694997,0.7381913065910339
2020-05-23T15:30:00.000000000,178,0.638912829042559,0.6715016961097717
2020-05-23T15:45:00.000000000,179,0.587659845834797,0.5928990244865417
2020-05-23T16:00:00.000000000,180,0.517701242279787,0.5091414451599121
2020-05-23T16:15:00.000000000,181,0.462044376687069,0.4179416596889496
2020-05-23T16:30:00.000000000,182,0.403914603060369,0.33358439803123474
2020-05-23T16:45:00.000000000,183,0.35132095127616,0.2592039704322815
2020-05-23T17:00:00.000000000,184,0.283497752012081,0.19431036710739136
2020-05-23T17:15:00.000000000,185,0.218160581683724,0.1406746506690979
2020-05-23T17:30:00.000000000,186,0.157402673464612,0.10191376507282257
2020-05-23T17:45:00.000000000,187,0.106099498314234,0.07515300065279007
2020-05-23T18:00:00.000000000,188,0.064268827864913,0.05696544423699379
2020-05-23T18:15:00.000000000,189,0.0283487192382256,0.045198600739240646
2020-05-23T18:30:00.000000000,190,0.0026908857543314,0.037699565291404724
2020-05-23T18:45:00.000000000,191,0.0,0.03281073644757271
2020-05-23T19:00:00.000000000,192,0.0,0.029731497168540955
2020-05-23T19:15:00.000000000,193,0.0,0.02830495685338974
2020-05-23T19:30:00.000000000,194,0.0,0.027691496536135674
2020-05-23T19:45:00.000000000,195,0.0,0.027501599863171577
2020-05-23T20:00:00.000000000,196,0.0,0.027358395978808403
2020-05-23T20:15:00.000000000,197,0.0,0.02741013653576374
2020-05-23T20:30:00.000000000,198,0.0,0.02764662727713585
2020-05-23T20:45:00.000000000,199,0.0,0.028229907155036926
2020-05-23T21:00:00.000000000,200,0.0,0.02919565513730049
2020-05-23T21:15:00.000000000,201,0.0,0.03037058189511299
2020-05-23T21:30:00.000000000,202,0.0,0.03150569647550583
2020-05-23T21:45:00.000000000,203,0.0,0.032572295516729355
2020-05-23T22:00:00.000000000,204,0.0,0.033585626631975174
2020-05-23T22:15:00.000000000,205,0.0,0.03455675020813942
2020-05-23T22:30:00.000000000,206,0.0,0.03546440601348877
2020-05-23T22:45:00.000000000,207,0.0,0.03643113747239113
2020-05-23T23:00:00.000000000,208,0.0,0.03742523491382599
2020-05-23T23:15:00.000000000,209,0.0,0.03827423229813576
2020-05-23T23:30:00.000000000,210,0.0,0.0391262024641037
2020-05-23T23:45:00.000000000,211,0.0,0.03997804969549179
2020-05-24T00:00:00.000000000,212,0.0,0.04076966270804405
2020-05-24T00:15:00.000000000,213,0.0,0.04173489660024643
2020-05-24T00:30:00.000000000,214,0.0,0.043163154274225235
2020-05-24T00:45:00.000000000,215,0.0,0.04476211220026016
2020-05-24T01:00:00.000000000,216,0.0,0.04639804735779762
2020-05-24T01:15:00.000000000,217,0.0,0.04809508100152016
2020-05-24T01:30:00.000000000,218,0.0,0.04967464506626129
2020-05-24T01:45:00.000000000,219,0.0,0.0512126199901104
2020-05-24T02:00:00.000000000,220,0.0,0.05268009379506111
2020-05-24T02:15:00.000000000,221,0.0,0.05411523953080177
2020-05-24T02:30:00.000000000,222,0.0,0.05549712851643562
2020-05-24T02:45:00.000000000,223,0.0,0.05690699815750122
2020-05-24T03:00:00.000000000,224,0.0,0.05833834409713745
2020-05-24T03:15:00.000000000,225,0.0,0.06010313704609871
2020-05-24T03:30:00.000000000,226,0.0,0.062178052961826324
2020-05-24T03:45:00.000000000,227,0.0,0.0644862949848175
2020-05-24T04:00:00.000000000,228,0.0,0.06726859509944916
2020-05-24T04:15:00.000000000,229,0.0,0.07058274000883102
2020-05-24T04:30:00.000000000,230,0.0,0.07428449392318726
2020-05-24T04:45:00.000000000,231,0.0,0.07820656150579453
2020-05-24T05:00:00.000000000,232,0.0,0.08198791742324829
2020-05-24T05:15:00.000000000,233,0.0,0.08563442528247833
2020-05-24T05:30:00.000000000,234,0.0,0.08916597813367844
2020-05-24T05:45:00.000000000,235,0.0,0.09298485517501831
2020-05-24T06:00:00.000000000,236,0.0119018711124835,0.09739930182695389
2020-05-24T06:15:00.000000000,237,0.0392913490839274,0.10308752954006195
2020-05-24T06:30:00.000000000,238,0.0783103945221493,0.11198955774307251
2020-05-24T06:45:00.000000000,239,0.121960579059544,0.12565679848194122
2020-05-24T07:00:00.000000000,240,0.164944203814695,0.14431101083755493
2020-05-24T07:15:00.000000000,241,0.215770285902652,0.17251776158809662
2020-05-24T07:30:00.000000000,242,0.282774979051492,0.21309900283813477
2020-05-24T07:45:00.000000000,243,0.358417337060868,0.2694755494594574
2020-05-24T08:00:00.000000000,244,0.434056998994543,0.342762291431427
2020-05-24T08:15:00.000000000,245,0.50347029877192,0.42893511056900024
2020-05-24T08:30:00.000000000,246,0.566702957343409,0.5154574513435364
2020-05-24T08:45:00.000000000,247,0.626349385887877,0.5956831574440002
2020-05-24T09:00:00.000000000,248,0.685683676268171,0.6663784980773926
2020-05-24T09:15:00.000000000,249,0.743927448962388,0.728099524974823
2020-05-24T09:30:00.000000000,250,0.693000848185415,0.7822626233100891
2020-05-24T09:45:00.000000000,251,0.674957810908754,0.8277639150619507
2020-05-24T10:00:00.000000000,252,0.642620966625818,0.8653755784034729
2020-05-24T10:15:00.000000000,253,0.628297345515761,0.8937109112739563
2020-05-24T10:30:00.000000000,254,0.539969816533846,0.9138558506965637
2020-05-24T10:45:00.000000000,255,0.557285115577171,0.9284902811050415
2020-05-24T11:00:00.000000000,256,0.602390776581239,0.9385786056518555
2020-05-24T11:15:00.000000000,257,0.483032022908735,0.9451972246170044
2020-05-24T11:30:00.000000000,258,0.464334603125075,0.95000159740448
2020-05-24T11:45:00.000000000,259,0.469605161511111,0.9524580240249634
2020-05-24T12:00:00.000000000,260,0.470502550307874,0.9530973434448242
2020-05-24T12:15:00.000000000,261,0.511173481327519,0.9514502286911011
2020-05-24T12:30:00.000000000,262,0.516279331955579,0.947881817817688
2020-05-24T12:45:00.000000000,263,0.510580254804317,0.9427328109741211
2020-05-24T13:00:00.000000000,264,0.521843380648863,0.9372618198394775
2020-05-24T13:15:00.000000000,265,0.548473396562899,0.9307354688644409
2020-05-24T13:30:00.000000000,266,0.558939876972674,0.9230274558067322
2020-05-24T13:45:00.000000000,267,0.572773935670196,0.9134333729743958
2020-05-24T14:00:00.000000000,268,0.587623898158796,0.8999117016792297
2020-05-24T14:15:00.000000000,269,0.600993512882389,0.8831504583358765
2020-05-24T14:30:00.000000000,270,0.652391477560922,0.8596053719520569
2020-05-24T14:45:00.000000000,271,0.666523205483027,0.8262860774993896
2020-05-24T15:00:00.000000000,272,0.760917174397634,0.7834823131561279
2020-05-24T15:15:00.000000000,273,0.708625752699401,0.7279458045959473
2020-05-24T15:30:00.000000000,274,0.656015115638282,0.6590908169746399
2020-05-24T15:45:00.000000000,275,0.596904442270009,0.5804624557495117
2020-05-24T16:00:00.000000000,276,0.538536447887912,0.4943472445011139
2020-05-24T16:15:00.000000000,277,0.477228338020311,0.4069315195083618
2020-05-24T16:30:00.000000000,278,0.414878284763829,0.32014158368110657
2020-05-24T16:45:00.000000000,279,0.343061141424987,0.244516983628273
2020-05-24T17:00:00.000000000,280,0.26311445362588,0.1800422966480255
2020-05-24T17:15:00.000000000,281,0.199718704941835,0.1310586780309677
2020-05-24T17:30:00.000000000,282,0.145597119656513,0.09476473182439804
2020-05-24T17:45:00.000000000,283,0.0989631432072732,0.06967058777809143
2020-05-24T18:00:00.000000000,284,0.0596415980755052,0.05267220363020897
2020-05-24T18:15:00.000000000,285,0.0318336666881154,0.04135171324014664
2020-05-24T18:30:00.000000000,286,0.0115141080249232,0.03416148200631142
2020-05-24T18:45:00.000000000,287,0.0,0.029953816905617714
2020-05-24T19:00:00.000000000,288,0.0,0.028093719854950905
2020-05-24T19:15:00.000000000,289,0.0,0.027113020420074463
2020-05-24T19:30:00.000000000,290,0.0,0.02696823701262474
2020-05-24T19:45:00.000000000,291,0.0,0.027041906490921974
2020-05-24T20:00:00.000000000,292,0.0,0.027450144290924072
2020-05-24T20:15:00.000000000,293,0.0,0.028177468106150627
2020-05-24T20:30:00.000000000,294,0.0,0.029088277369737625
2020-05-24T20:45:00.000000000,295,0.0,0.030005021020770073
2020-05-24T21:00:00.000000000,296,0.0,0.030626755207777023
2020-05-24T21:15:00.000000000,297,0.0,0.03130249306559563
2020-05-24T21:30:00.000000000,298,0.0,0.031929973512887955
2020-05-24T21:45:00.000000000,299,0.0,0.032591745257377625
2020-05-24T22:00:00.000000000,300,0.0,0.03326568379998207
2020-05-24T22:15:00.000000000,301,0.0,0.03403262794017792
2020-05-24T22:30:00.000000000,302,0.0,0.034808412194252014
2020-05-24T22:45:00.000000000,303,0.0,0.03565673530101776
2020-05-24T23:00:00.000000000,304,0.0,0.03656800463795662
2020-05-24T23:15:00.000000000,305,0.0,0.0375899076461792
2020-05-24T23:30:00.000000000,306,0.0,0.038652267307043076
2020-05-24T23:45:00.000000000,307,0.0,0.03971760347485542
2020-05-25T00:00:00.000000000,308,0.0,0.04073894023895264
2020-05-25T00:15:00.000000000,309,0.0,0.041809335350990295
2020-05-25T00:30:00.000000000,310,0.0,0.04288630932569504
2020-05-25T00:45:00.000000000,311,0.0,0.04403869807720184
2020-05-25T01:00:00.000000000,312,0.0,0.04530949518084526
2020-05-25T01:15:00.000000000,313,0.0,0.046686701476573944
2020-05-25T01:30:00.000000000,314,0.0,0.0481814369559288
2020-05-25T01:45:00.000000000,315,0.0,0.049917787313461304
2020-05-25T02:00:00.000000000,316,0.0,0.05183443799614906
2020-05-25T02:15:00.000000000,317,0.0,0.053858671337366104
2020-05-25T02:30:00.000000000,318,0.0,0.05598008632659912
2020-05-25T02:45:00.000000000,319,0.0,0.058156680315732956
2020-05-25T03:00:00.000000000,320,0.0,0.06021023541688919
2020-05-25T03:15:00.000000000,321,0.0,0.06233987212181091
2020-05-25T03:30:00.000000000,322,0.0,0.06459829211235046
2020-05-25T03:45:00.000000000,323,0.0,0.06683259457349777
2020-05-25T04:00:00.000000000,324,0.0,0.06917556375265121
2020-05-25T04:15:00.000000000,325,0.0,0.07194077968597412
2020-05-25T04:30:00.000000000,326,0.0,0.07492736726999283
2020-05-25T04:45:00.000000000,327,0.0,0.07821439206600189
2020-05-25T05:00:00.000000000,328,0.0,0.08182348310947418
2020-05-25T05:15:00.000000000,329,0.0,0.0856482982635498
2020-05-25T05:30:00.000000000,330,0.0,0.08931590616703033
2020-05-25T05:45:00.000000000,331,0.0,0.09277664124965668
2020-05-25T06:00:00.000000000,332,0.0137433357502154,0.09659242630004883
2020-05-25T06:15:00.000000000,333,0.0446738395461103,0.10209296643733978
2020-05-25T06:30:00.000000000,334,0.0953474136186333,0.11135350167751312
2020-05-25T06:45:00.000000000,335,0.123790270833386,0.1275842785835266
2020-05-25T07:00:00.000000000,336,0.166994524449992,0.1484638899564743
2020-05-25T07:15:00.000000000,337,0.223986733869649,0.17693421244621277
2020-05-25T07:30:00.000000000,338,0.285471391761008,0.21614842116832733
2020-05-25T07:45:00.000000000,339,0.355420401779985,0.26877355575561523
2020-05-25T08:00:00.000000000,340,0.409481055754486,0.3366272449493408
2020-05-25T08:15:00.000000000,341,0.474579645850686,0.41389837861061096
2020-05-25T08:30:00.000000000,342,0.535609947584694,0.49161046743392944
2020-05-25T08:45:00.000000000,343,0.584919711764344,0.5664984583854675
2020-05-25T09:00:00.000000000,344,0.665165349423992,0.6325646042823792
2020-05-25T09:15:00.000000000,345,0.720679008462442,0.6995434165000916
2020-05-25T09:30:00.000000000,346,0.749273407598835,0.759874165058136
2020-05-25T09:45:00.000000000,347,0.740373751582147,0.8149388432502747
2020-05-25T10:00:00.000000000,348,0.725208505507723,0.8573943972587585
2020-05-25T10:15:00.000000000,349,0.81410922018347,0.8848456144332886
2020-05-25T10:30:00.000000000,350,0.836500465881881,0.9052408337593079
2020-05-25T10:45:00.000000000,351,0.84254679758331,0.9212757349014282
2020-05-25T11:00:00.000000000,352,0.853592889334001,0.92708820104599
2020-05-25T11:15:00.000000000,353,0.797623234025482,0.9361365437507629
2020-05-25T11:30:00.000000000,354,0.787054931823435,0.9443497061729431
2020-05-25T11:45:00.000000000,355,0.819317723893809,0.942509651184082
2020-05-25T12:00:00.000000000,356,0.826998663824883,0.943947970867157
2020-05-25T12:15:00.000000000,357,0.833837754118615,0.9459392428398132
2020-05-25T12:30:00.000000000,358,0.829281925400664,0.9446554183959961
2020-05-25T12:45:00.000000000,359,0.827302960902229,0.9425472617149353
2020-05-25T13:00:00.000000000,360,0.812378002574573,0.9414060115814209
2020-05-25T13:15:00.000000000,361,0.817871211878838,0.9360570311546326
2020-05-25T13:30:00.000000000,362,0.831987976580808,0.9282954931259155
2020-05-25T13:45:00.000000000,363,0.839940636007852,0.9183626770973206
2020-05-25T14:00:00.000000000,364,0.822158174447601,0.9055523872375488
2020-05-25T14:15:00.000000000,365,0.857030632991842,0.8876339793205261
2020-05-25T14:30:00.000000000,366,0.855600926515401,0.8634849190711975
2020-05-25T14:45:00.000000000,367,0.807049141551523,0.8321360945701599
2020-05-25T15:00:00.000000000,368,0.767474457378818,0.7898315787315369
2020-05-25T15:15:00.000000000,369,0.716660844640974,0.7380304336547852
2020-05-25T15:30:00.000000000,370,0.66093131980814,0.6717979311943054
2020-05-25T15:45:00.000000000,371,0.605282609844415,0.592603325843811
2020-05-25T16:00:00.000000000,372,0.580629738577716,0.5058299899101257
2020-05-25T16:15:00.000000000,373,0.533921350439155,0.43076494336128235
2020-05-25T16:30:00.000000000,374,0.267144390311239,0.3625204563140869
2020-05-25T16:45:00.000000000,375,0.319824743396502,0.2517821788787842
2020-05-25T17:00:00.000000000,376,0.242175449103303,0.1786162257194519
2020-05-25T17:15:00.000000000,377,0.101851898450691,0.1270933449268341
2020-05-25T17:30:00.000000000,378,0.0404653103129209,0.08417058736085892
2020-05-25T17:45:00.000000000,379,0.021359030649348,0.05641675740480423
2020-05-25T18:00:00.000000000,380,0.0114212506843539,0.04348810389637947
2020-05-25T18:15:00.000000000,381,0.0006347460889827,0.034491896629333496
2020-05-25T18:30:00.000000000,382,0.0,0.03009253367781639
2020-05-25T18:45:00.000000000,383,0.0,0.028795260936021805
2020-05-25T19:00:00.000000000,384,0.0,0.02822394296526909
2020-05-25T19:15:00.000000000,385,0.0,0.02782949060201645
2020-05-25T19:30:00.000000000,386,0.0,0.027510548010468483
2020-05-25T19:45:00.000000000,387,0.0,0.02710060216486454
2020-05-25T20:00:00.000000000,388,0.0,0.026563456282019615
2020-05-25T20:15:00.000000000,389,0.0,0.0259717870503664
2020-05-25T20:30:00.000000000,390,0.0,0.02531975880265236
2020-05-25T20:45:00.000000000,391,0.0,0.024872642010450363
2020-05-25T21:00:00.000000000,392,0.0,0.024633420631289482
2020-05-25T21:15:00.000000000,393,0.0,0.024720432236790657
2020-05-25T21:30:00.000000000,394,0.0,0.02525363862514496
2020-05-25T21:45:00.000000000,395,0.0,0.02616310864686966
2020-05-25T22:00:00.000000000,396,0.0,0.027176056057214737
2020-05-25T22:15:00.000000000,397,0.0,0.028344787657260895
2020-05-25T22:30:00.000000000,398,0.0,0.029410069808363914
2020-05-25T22:45:00.000000000,399,0.0,0.030298925936222076
2020-05-25T23:00:00.000000000,400,0.0,0.03132252395153046
2020-05-25T23:15:00.000000000,401,0.0,0.03254081308841705
2020-05-25T23:30:00.000000000,402,0.0,0.03386812284588814
2020-05-25T23:45:00.000000000,403,0.0,0.03523685410618782
2020-05-26T00:00:00.000000000,404,0.0,0.03647897392511368
2020-05-26T00:15:00.000000000,405,0.0,0.0372312031686306
2020-05-26T00:30:00.000000000,406,0.0,0.03762439638376236
2020-05-26T00:45:00.000000000,407,0.0,0.03851455822587013
2020-05-26T01:00:00.000000000,408,0.0,0.04045683145523071
2020-05-26T01:15:00.000000000,409,0.0,0.043738435953855515
2020-05-26T01:30:00.000000000,410,0.0,0.04810082167387009
2020-05-26T01:45:00.000000000,411,0.0,0.0532865896821022
2020-05-26T02:00:00.000000000,412,0.0,0.05789506807923317
2020-05-26T02:15:00.000000000,413,0.0,0.061283208429813385
2020-05-26T02:30:00.000000000,414,0.0,0.0637848824262619
2020-05-26T02:45:00.000000000,415,0.0,0.06563546508550644
2020-05-26T03:00:00.000000000,416,0.0,0.06683973968029022
2020-05-26T03:15:00.000000000,417,0.0,0.06718449294567108
2020-05-26T03:30:00.000000000,418,0.0,0.06748809665441513
2020-05-26T03:45:00.000000000,419,0.0,0.06879309564828873
2020-05-26T04:00:00.000000000,420,0.0,0.07121286541223526
2020-05-26T04:15:00.000000000,421,0.0,0.0747784748673439
2020-05-26T04:30:00.000000000,422,0.0,0.07937952876091003
2020-05-26T04:45:00.000000000,423,0.0,0.08433476090431213
2020-05-26T05:00:00.000000000,424,0.0,0.08887019753456116
2020-05-26T05:15:00.000000000,425,0.0,0.09337884187698364
2020-05-26T05:30:00.000000000,426,0.0,0.0980997234582901
2020-05-26T05:45:00.000000000,427,0.0,0.10312643647193909
2020-05-26T06:00:00.000000000,428,0.0145793438902072,0.10864406824111938
2020-05-26T06:15:00.000000000,429,0.0417495859726417,0.11645764112472534
2020-05-26T06:30:00.000000000,430,0.0766854472304293,0.1279221922159195
2020-05-26T06:45:00.000000000,431,0.118374663574687,0.14342129230499268
2020-05-26T07:00:00.000000000,432,0.168799007916038,0.16362746059894562
2020-05-26T07:15:00.000000000,433,0.229159065231012,0.19489455223083496
2020-05-26T07:30:00.000000000,434,0.295072004992413,0.2393675148487091
2020-05-26T07:45:00.000000000,435,0.366585390469049,0.2982471287250519
2020-05-26T08:00:00.000000000,436,0.437985136354927,0.37131616473197937
2020-05-26T08:15:00.000000000,437,0.509919536519424,0.45241376757621765
2020-05-26T08:30:00.000000000,438,0.573211576158207,0.531681478023529
2020-05-26T08:45:00.000000000,439,0.639682513720329,0.6040043830871582
2020-05-26T09:00:00.000000000,440,0.70359343753606,0.6721386909484863
2020-05-26T09:15:00.000000000,441,0.756356088332067,0.7369064688682556
2020-05-26T09:30:00.000000000,442,0.802101438230569,0.7950789332389832
2020-05-26T09:45:00.000000000,443,0.766247675533401,0.8422588109970093
2020-05-26T10:00:00.000000000,444,0.747581485293267,0.877859890460968
2020-05-26T10:15:00.000000000,445,0.770098165913623,0.9020953178405762
2020-05-26T10:30:00.000000000,446,0.803900641881703,0.9188895225524902
2020-05-26T10:45:00.000000000,447,0.863875901792387,0.9316304922103882
2020-05-26T11:00:00.000000000,448,0.846865933322094,0.9414712190628052
2020-05-26T11:15:00.000000000,449,0.834643880752931,0.948154091835022
2020-05-26T11:30:00.000000000,450,0.752180720829989,0.9522896409034729
2020-05-26T11:45:00.000000000,451,0.756146108969628,0.9550147652626038
2020-05-26T12:00:00.000000000,452,0.763095333955707,0.9550811648368835
2020-05-26T12:15:00.000000000,453,0.763680292513429,0.9540308713912964
2020-05-26T12:30:00.000000000,454,0.767339923201385,0.949600875377655
2020-05-26T12:45:00.000000000,455,0.760016100964081,0.9453780055046082
2020-05-26T13:00:00.000000000,456,0.750946457374504,0.9404623508453369
2020-05-26T13:15:00.000000000,457,0.738587152084911,0.9344748854637146
2020-05-26T13:30:00.000000000,458,0.747514442877525,0.9132389426231384
2020-05-26T13:45:00.000000000,459,0.824801721606099,0.8863818049430847
2020-05-26T14:00:00.000000000,460,0.798409072690155,0.8775656819343567
2020-05-26T14:15:00.000000000,461,0.749630412956118,0.8720336556434631
2020-05-26T14:30:00.000000000,462,0.836254696114524,0.8386788368225098
2020-05-26T14:45:00.000000000,463,0.808685726903349,0.8242110013961792
2020-05-26T15:00:00.000000000,464,0.750562783335089,0.8049370646476746
2020-05-26T15:15:00.000000000,465,0.69908505975043,0.7634018063545227
2020-05-26T15:30:00.000000000,466,0.620279980271915,0.7103836536407471
2020-05-26T15:45:00.000000000,467,0.587343663557073,0.6533085703849792
2020-05-26T16:00:00.000000000,468,0.528494060185756,0.5658214688301086
2020-05-26T16:15:00.000000000,469,0.471519442660042,0.47451162338256836
2020-05-26T16:30:00.000000000,470,0.432672698926351,0.3890249729156494
2020-05-26T16:45:00.000000000,471,0.364979315707229,0.3152305781841278
2020-05-26T17:00:00.000000000,472,0.175239505884814,0.2497856765985489
2020-05-26T17:15:00.000000000,473,0.134321277321582,0.17132453620433807
2020-05-26T17:30:00.000000000,474,0.107566410635336,0.11425169557332993
2020-05-26T17:45:00.000000000,475,0.0625816236918191,0.07984727621078491
2020-05-26T18:00:00.000000000,476,0.036724370475311,0.058773018419742584
2020-05-26T18:15:00.000000000,477,0.0296953865831051,0.046722397208213806
2020-05-26T18:30:00.000000000,478,0.0191911611135296,0.04138340428471565
2020-05-26T18:45:00.000000000,479,0.0010869453857742,0.037591252475976944
2020-05-26T19:00:00.000000000,480,0.0,0.03459198772907257
2020-05-26T19:15:00.000000000,481,0.0,0.03267545625567436
2020-05-26T19:30:00.000000000,482,0.0,0.031546421349048615
2020-05-26T19:45:00.000000000,483,0.0,0.03088798187673092
2020-05-26T20:00:00.000000000,484,0.0,0.030598243698477745
2020-05-26T20:15:00.000000000,485,0.0,0.030536195263266563
2020-05-26T20:30:00.000000000,486,0.0,0.030541623011231422
2020-05-26T20:45:00.000000000,487,0.0,0.030557796359062195
2020-05-26T21:00:00.000000000,488,0.0,0.030673861503601074
2020-05-26T21:15:00.000000000,489,0.0,0.030793197453022003
2020-05-26T21:30:00.000000000,490,0.0,0.030914785340428352
2020-05-26T21:45:00.000000000,491,0.0,0.031050825491547585
2020-05-26T22:00:00.000000000,492,0.0,0.03125309199094772
2020-05-26T22:15:00.000000000,493,0.0,0.03160703182220459
2020-05-26T22:30:00.000000000,494,0.0,0.03207946568727493
2020-05-26T22:45:00.000000000,495,0.0,0.03266403451561928
2020-05-26T23:00:00.000000000,496,0.0,0.03331269323825836
2020-05-26T23:15:00.000000000,497,0.0,0.034076303243637085
2020-05-26T23:30:00.000000000,498,0.0,0.034920334815979004
2020-05-26T23:45:00.000000000,499,0.0,0.03588232398033142
2020-05-27T00:00:00.000000000,500,0.0,0.03689044341444969
2020-05-27T00:15:00.000000000,501,0.0,0.03801555559039116
2020-05-27T00:30:00.000000000,502,0.0,0.039184827357530594
2020-05-27T00:45:00.000000000,503,0.0,0.0403582900762558
2020-05-27T01:00:00.000000000,504,0.0,0.04167443886399269
2020-05-27T01:15:00.000000000,505,0.0,0.04319169744849205
2020-05-27T01:30:00.000000000,506,0.0,0.044912874698638916
2020-05-27T01:45:00.000000000,507,0.0,0.04672423005104065
2020-05-27T02:00:00.000000000,508,0.0,0.0487012080848217
2020-05-27T02:15:00.000000000,509,0.0,0.05067892745137215
2020-05-27T02:30:00.000000000,510,0.0,0.05248967185616493
2020-05-27T02:45:00.000000000,511,0.0,0.05413561314344406
2020-05-27T03:00:00.000000000,512,0.0,0.05576933175325394
2020-05-27T03:15:00.000000000,513,0.0,0.05749846249818802
2020-05-27T03:30:00.000000000,514,0.0,0.05939098447561264
2020-05-27T03:45:00.000000000,515,0.0,0.061621908098459244
2020-05-27T04:00:00.000000000,516,0.0,0.06429272145032883
2020-05-27T04:15:00.000000000,517,0.0,0.0673569068312645
2020-05-27T04:30:00.000000000,518,0.0,0.07079604268074036
2020-05-27T04:45:00.000000000,519,0.0,0.07452433556318283
2020-05-27T05:00:00.000000000,520,0.0,0.07827761024236679
2020-05-27T05:15:00.000000000,521,0.0,0.08194765448570251
2020-05-27T05:30:00.000000000,522,0.0,0.08547879755496979
2020-05-27T05:45:00.000000000,523,0.0,0.08888425678014755
2020-05-27T06:00:00.000000000,524,0.0119596120670597,0.09214700013399124
2020-05-27T06:15:00.000000000,525,0.0333435364820382,0.09683339297771454
2020-05-27T06:30:00.000000000,526,0.0654454851696065,0.1041201651096344
2020-05-27T06:45:00.000000000,527,0.102670337164038,0.1153811365365982
2020-05-27T07:00:00.000000000,528,0.148121680007448,0.13276848196983337
2020-05-27T07:15:00.000000000,529,0.197066080995147,0.1604832410812378
2020-05-27T07:30:00.000000000,530,0.261143509952653,0.20108246803283691
2020-05-27T07:45:00.000000000,531,0.328965810524832,0.2586516737937927
2020-05-27T08:00:00.000000000,532,0.400130660815344,0.3335954248905182
2020-05-27T08:15:00.000000000,533,0.462615090978176,0.4207378923892975
2020-05-27T08:30:00.000000000,534,0.530483224837256,0.5078314542770386
2020-05-27T08:45:00.000000000,535,0.590108039841528,0.59034663438797
2020-05-27T09:00:00.000000000,536,0.648201259175195,0.664685845375061
2020-05-27T09:15:00.000000000,537,0.667354360686759,0.7311245203018188
2020-05-27T09:30:00.000000000,538,0.58630785374041,0.7887658476829529
2020-05-27T09:45:00.000000000,539,0.516054411840302,0.8358124494552612
2020-05-27T10:00:00.000000000,540,0.501540380383928,0.8718238472938538
2020-05-27T10:15:00.000000000,541,0.512059546606342,0.8977526426315308
2020-05-27T10:30:00.000000000,542,0.519797598407662,0.9165045022964478
2020-05-27T10:45:00.000000000,543,0.490402689461328,0.9303268790245056
2020-05-27T11:00:00.000000000,544,0.483490602918017,0.9400985240936279
2020-05-27T11:15:00.000000000,545,0.451627504070176,0.9468761086463928
2020-05-27T11:30:00.000000000,546,0.457591852603025,0.9513970017433167
2020-05-27T11:45:00.000000000,547,0.458770756637469,0.954136073589325
2020-05-27T12:00:00.000000000,548,0.463516546355786,0.9545125365257263
2020-05-27T12:15:00.000000000,549,0.469639401672502,0.9532001614570618
2020-05-27T12:30:00.000000000,550,0.521757196095651,0.9504550099372864
2020-05-27T12:45:00.000000000,551,0.518080198186727,0.946211576461792
2020-05-27T13:00:00.000000000,552,0.510690659104234,0.9404433369636536
2020-05-27T13:15:00.000000000,553,0.507370037468263,0.9337761998176575
2020-05-27T13:30:00.000000000,554,0.489528913794238,0.9265522956848145
2020-05-27T13:45:00.000000000,555,0.529722661882271,0.9179842472076416
2020-05-27T14:00:00.000000000,556,0.563798654730121,0.9068478941917419
2020-05-27T14:15:00.000000000,557,0.547531724722763,0.8929904103279114
2020-05-27T14:30:00.000000000,558,0.593668365074532,0.8722096681594849
2020-05-27T14:45:00.000000000,559,0.630041626994028,0.8420425653457642
2020-05-27T15:00:00.000000000,560,0.595155363159599,0.80354905128479
2020-05-27T15:15:00.000000000,561,0.698336471865012,0.7528766393661499
2020-05-27T15:30:00.000000000,562,0.668635176382664,0.6888697743415833
2020-05-27T15:45:00.000000000,563,0.604766513553532,0.6126263737678528
2020-05-27T16:00:00.000000000,564,0.543237437815014,0.5273803472518921
2020-05-27T16:15:00.000000000,565,0.465611060165266,0.43957510590553284
2020-05-27T16:30:00.000000000,566,0.411137434795409,0.35318681597709656
2020-05-27T16:45:00.000000000,567,0.342179726876747,0.2746362090110779
2020-05-27T17:00:00.000000000,568,0.27718996836964,0.2083161622285843
2020-05-27T17:15:00.000000000,569,0.218081811338688,0.15698842704296112
2020-05-27T17:30:00.000000000,570,0.157887585146564,0.11798205226659775
2020-05-27T17:45:00.000000000,571,0.114251352800917,0.08973883092403412
2020-05-27T18:00:00.000000000,572,0.079392958784911,0.06959504634141922
2020-05-27T18:15:00.000000000,573,0.0489462208387959,0.05583900213241577
2020-05-27T18:30:00.000000000,574,0.020058174124072,0.04643190652132034
2020-05-27T18:45:00.000000000,575,0.0008307732596741,0.03990979865193367
2020-05-27T19:00:00.000000000,576,0.0,0.03556716814637184
2020-05-27T19:15:00.000000000,577,0.0,0.03303362801671028
2020-05-27T19:30:00.000000000,578,0.0,0.03185759112238884
2020-05-27T19:45:00.000000000,579,0.0,0.03148080036044121
2020-05-27T20:00:00.000000000,580,0.0,0.031353909522295
2020-05-27T20:15:00.000000000,581,0.0,0.03137227147817612
2020-05-27T20:30:00.000000000,582,0.0,0.0314231812953949
2020-05-27T20:45:00.000000000,583,0.0,0.03152000904083252
2020-05-27T21:00:00.000000000,584,0.0,0.03166605532169342
2020-05-27T21:15:00.000000000,585,0.0,0.03194485977292061
2020-05-27T21:30:00.000000000,586,0.0,0.03234429284930229
2020-05-27T21:45:00.000000000,587,0.0,0.03283931687474251
2020-05-27T22:00:00.000000000,588,0.0,0.03348853439092636
2020-05-27T22:15:00.000000000,589,0.0,0.034359440207481384
2020-05-27T22:30:00.000000000,590,0.0,0.03530752286314964
2020-05-27T22:45:00.000000000,591,0.0,0.03627831116318703
2020-05-27T23:00:00.000000000,592,0.0,0.037198856472969055
2020-05-27T23:15:00.000000000,593,0.0,0.03803350403904915
2020-05-27T23:30:00.000000000,594,0.0,0.03873585909605026
2020-05-27T23:45:00.000000000,595,0.0,0.039392780512571335
2020-05-28T00:00:00.000000000,596,0.0,0.0400707833468914
2020-05-28T00:15:00.000000000,597,0.0,0.04084654524922371
2020-05-28T00:30:00.000000000,598,0.0,0.041758909821510315
2020-05-28T00:45:00.000000000,599,0.0,0.04276556149125099
2020-05-28T01:00:00.000000000,600,0.0,0.04390432685613632
2020-05-28T01:15:00.000000000,601,0.0,0.04512882977724075
2020-05-28T01:30:00.000000000,602,0.0,0.04646093398332596
2020-05-28T01:45:00.000000000,603,0.0,0.047861889004707336
2020-05-28T02:00:00.000000000,604,0.0,0.049396537244319916
2020-05-28T02:15:00.000000000,605,0.0,0.05108092352747917
2020-05-28T02:30:00.000000000,606,0.0,0.05299598351120949
2020-05-28T02:45:00.000000000,607,0.0,0.055085401982069016
2020-05-28T03:00:00.000000000,608,0.0,0.05734219402074814
2020-05-28T03:15:00.000000000,609,0.0,0.05984097719192505
2020-05-28T03:30:00.000000000,610,0.0,0.06261628121137619
2020-05-28T03:45:00.000000000,611,0.0,0.06563388556241989
2020-05-28T04:00:00.000000000,612,0.0,0.06888189911842346
2020-05-28T04:15:00.000000000,613,0.0,0.0722421258687973
2020-05-28T04:30:00.000000000,614,0.0,0.075615793466568
2020-05-28T04:45:00.000000000,615,0.0,0.07901214063167572
2020-05-28T05:00:00.000000000,616,0.0,0.0825837105512619
2020-05-28T05:15:00.000000000,617,0.0,0.08635975420475006
2020-05-28T05:30:00.000000000,618,0.0,0.09035537391901016
2020-05-28T05:45:00.000000000,619,0.0,0.09464345127344131
2020-05-28T06:00:00.000000000,620,0.0119109029660787,0.09920693933963776
2020-05-28T06:15:00.000000000,621,0.0309183265206496,0.10542658716440201
2020-05-28T06:30:00.000000000,622,0.0577782502900079,0.11435966193675995
2020-05-28T06:45:00.000000000,623,0.0993296746986956,0.12703527510166168
2020-05-28T07:00:00.000000000,624,0.132669167067184,0.1455243080854416
2020-05-28T07:15:00.000000000,625,0.195699642428467,0.17127816379070282
2020-05-28T07:30:00.000000000,626,0.30711748707052,0.21122393012046814
2020-05-28T07:45:00.000000000,627,0.370947416278761,0.28294506669044495
2020-05-28T08:00:00.000000000,628,0.428664667856055,0.3773321509361267
2020-05-28T08:15:00.000000000,629,0.501830949942502,0.4775865972042084
2020-05-28T08:30:00.000000000,630,0.56686222801539,0.5686056613922119
2020-05-28T08:45:00.000000000,631,0.647438314686675,0.6453568935394287
2020-05-28T09:00:00.000000000,632,0.707538807313627,0.7097064852714539
2020-05-28T09:15:00.000000000,633,0.754970709833595,0.7689782381057739
2020-05-28T09:30:00.000000000,634,0.804318915559268,0.8209215402603149
2020-05-28T09:45:00.000000000,635,0.735842928966314,0.861210286617279
2020-05-28T10:00:00.000000000,636,0.653834125200723,0.8941969871520996
2020-05-28T10:15:00.000000000,637,0.646958121137198,0.9166895747184753
2020-05-28T10:30:00.000000000,638,0.657742558741199,0.9320456981658936
2020-05-28T10:45:00.000000000,639,0.650006102118001,0.9436087608337402
2020-05-28T11:00:00.000000000,640,0.640053089325302,0.9540477991104126
2020-05-28T11:15:00.000000000,641,0.632360151857363,0.960111141204834
2020-05-28T11:30:00.000000000,642,0.649357516173758,0.962329089641571
2020-05-28T11:45:00.000000000,643,0.649845371071683,0.9627892374992371
2020-05-28T12:00:00.000000000,644,0.659004636710989,0.9617206454277039
2020-05-28T12:15:00.000000000,645,0.661881214679162,0.9591204524040222
2020-05-28T12:30:00.000000000,646,0.652136810743754,0.9556382298469543
2020-05-28T12:45:00.000000000,647,0.651758394051954,0.9519957900047302
2020-05-28T13:00:00.000000000,648,0.649862109208321,0.9476195573806763
2020-05-28T13:15:00.000000000,649,0.646123236362081,0.9428885579109192
2020-05-28T13:30:00.000000000,650,0.0919192859641221,0.9349071383476257
2020-05-28T13:45:00.000000000,651,0.291198081220898,0.925984799861908
2020-05-28T14:00:00.000000000,652,0.522407489554504,0.9154780507087708
2020-05-28T14:15:00.000000000,653,0.528254064513856,0.9016005992889404
2020-05-28T14:30:00.000000000,654,0.566921609082684,0.8816747665405273
2020-05-28T14:45:00.000000000,655,0.603915808344468,0.8580580353736877
2020-05-28T15:00:00.000000000,656,0.784082418494936,0.8240618109703064
2020-05-28T15:15:00.000000000,657,0.751927199844994,0.7822669744491577
2020-05-28T15:30:00.000000000,658,0.684709224640981,0.7286298274993896
2020-05-28T15:45:00.000000000,659,0.621465714364799,0.6602713465690613
2020-05-28T16:00:00.000000000,660,0.548338705114384,0.5775341987609863
2020-05-28T16:15:00.000000000,661,0.474057797931643,0.48266470432281494
2020-05-28T16:30:00.000000000,662,0.403762769063861,0.3847366273403168
2020-05-28T16:45:00.000000000,663,0.296674911865285,0.2959325313568115
2020-05-28T17:00:00.000000000,664,0.272013255885264,0.2142830342054367
2020-05-28T17:15:00.000000000,665,0.217893725493536,0.15821856260299683
2020-05-28T17:30:00.000000000,666,0.166328683621268,0.11892014741897583
2020-05-28T17:45:00.000000000,667,0.117683749241953,0.09102047234773636
2020-05-28T18:00:00.000000000,668,0.0781388791730309,0.0709596797823906
2020-05-28T18:15:00.000000000,669,0.0470338718774501,0.057238999754190445
2020-05-28T18:30:00.000000000,670,0.0204798178962629,0.04691223055124283
2020-05-28T18:45:00.000000000,671,0.0011178828544324,0.03970641270279884
2020-05-28T19:00:00.000000000,672,0.0,0.03489663824439049
2020-05-28T19:15:00.000000000,673,0.0,0.03209047392010689
2020-05-28T19:30:00.000000000,674,0.0,0.030648211017251015
2020-05-28T19:45:00.000000000,675,0.0,0.030060891062021255
2020-05-28T20:00:00.000000000,676,0.0,0.029937967658042908
2020-05-28T20:15:00.000000000,677,0.0,0.029925698414444923
2020-05-28T20:30:00.000000000,678,0.0,0.02988465502858162
2020-05-28T20:45:00.000000000,679,0.0,0.02995334565639496
2020-05-28T21:00:00.000000000,680,0.0,0.030167821794748306
2020-05-28T21:15:00.000000000,681,0.0,0.03055683895945549
2020-05-28T21:30:00.000000000,682,0.0,0.03116806037724018
2020-05-28T21:45:00.000000000,683,0.0,0.03195154666900635
2020-05-28T22:00:00.000000000,684,0.0,0.03268358111381531
2020-05-28T22:15:00.000000000,685,0.0,0.03345852717757225
2020-05-28T22:30:00.000000000,686,0.0,0.03428959101438522
2020-05-28T22:45:00.000000000,687,0.0,0.03513231873512268
2020-05-28T23:00:00.000000000,688,0.0,0.03596962243318558
2020-05-28T23:15:00.000000000,689,0.0,0.03683812543749809
2020-05-28T23:30:00.000000000,690,0.0,0.03773424029350281
2020-05-28T23:45:00.000000000,691,0.0,0.038611818104982376
2020-05-29T00:00:00.000000000,692,0.0,0.039524734020233154
2020-05-29T00:15:00.000000000,693,0.0,0.040431585162878036
2020-05-29T00:30:00.000000000,694,0.0,0.041446659713983536
2020-05-29T00:45:00.000000000,695,0.0,0.0425834022462368
2020-05-29T01:00:00.000000000,696,0.0,0.04388464614748955
2020-05-29T01:15:00.000000000,697,0.0,0.04530056565999985
2020-05-29T01:30:00.000000000,698,0.0,0.04682395979762077
2020-05-29T01:45:00.000000000,699,0.0,0.048380427062511444
2020-05-29T02:00:00.000000000,700,0.0,0.05007566139101982
2020-05-29T02:15:00.000000000,701,0.0,0.051879871636629105
2020-05-29T02:30:00.000000000,702,0.0,0.053847990930080414
2020-05-29T02:45:00.000000000,703,0.0,0.05605928227305412
2020-05-29T03:00:00.000000000,704,0.0,0.058547258377075195
2020-05-29T03:15:00.000000000,705,0.0,0.06121593713760376
2020-05-29T03:30:00.000000000,706,0.0,0.06399942934513092
2020-05-29T03:45:00.000000000,707,0.0,0.06688369810581207
2020-05-29T04:00:00.000000000,708,0.0,0.06975092738866806
2020-05-29T04:15:00.000000000,709,0.0,0.07261072844266891
2020-05-29T04:30:00.000000000,710,0.0,0.07554052025079727
2020-05-29T04:45:00.000000000,711,0.0,0.07859098166227341
2020-05-29T05:00:00.000000000,712,0.0,0.08170528709888458
2020-05-29T05:15:00.000000000,713,0.0,0.08499380201101303
2020-05-29T05:30:00.000000000,714,0.0,0.0886756032705307
2020-05-29T05:45:00.000000000,715,0.0,0.09282109886407852
2020-05-29T06:00:00.000000000,716,0.0175970164866826,0.09761767089366913
2020-05-29T06:15:00.000000000,717,0.0520542119712232,0.10510332882404327
2020-05-29T06:30:00.000000000,718,0.0860364038520092,0.1172609031200409
2020-05-29T06:45:00.000000000,719,0.105659408890795,0.13357555866241455
2020-05-29T07:00:00.000000000,720,0.111636047035377,0.15232178568840027
2020-05-29T07:15:00.000000000,721,0.124923476384713,0.17128826677799225
2020-05-29T07:30:00.000000000,722,0.158093295722478,0.18879327178001404
2020-05-29T07:45:00.000000000,723,0.189067206337144,0.21009089052677155
2020-05-29T08:00:00.000000000,724,0.23689597120016,0.23663164675235748
2020-05-29T08:15:00.000000000,725,0.409903508349387,0.27202218770980835
2020-05-29T08:30:00.000000000,726,0.564454722284432,0.3529999554157257
2020-05-29T08:45:00.000000000,727,0.677413104581495,0.48692214488983154
2020-05-29T09:00:00.000000000,728,0.768744938117873,0.6393738985061646
2020-05-29T09:15:00.000000000,729,0.726591592341851,0.7711652517318726
2020-05-29T09:30:00.000000000,730,0.679341090781902,0.8620116114616394
2020-05-29T09:45:00.000000000,731,0.639222967617255,0.9047614932060242
2020-05-29T10:00:00.000000000,732,0.59904586779667,0.9225770235061646
2020-05-29T10:15:00.000000000,733,0.622088238243942,0.9264915585517883
2020-05-29T10:30:00.000000000,734,0.559412229435323,0.9203174114227295
2020-05-29T10:45:00.000000000,735,0.565115013690672,0.909127950668335
2020-05-29T11:00:00.000000000,736,0.499316814417606,0.8979121446609497
2020-05-29T11:15:00.000000000,737,0.52121995807782,0.8898361325263977
2020-05-29T11:30:00.000000000,738,0.509134394340973,0.892668604850769
2020-05-29T11:45:00.000000000,739,0.558814082573969,0.8943711519241333
2020-05-29T12:00:00.000000000,740,0.51607636238996,0.9036182761192322
2020-05-29T12:15:00.000000000,741,0.551297108980053,0.9046684503555298
2020-05-29T12:30:00.000000000,742,0.590498880948846,0.9010809659957886
2020-05-29T12:45:00.000000000,743,0.618842679848919,0.8809925317764282
2020-05-29T13:00:00.000000000,744,0.664266118308834,0.8505526185035706
2020-05-29T13:15:00.000000000,745,0.688497323336045,0.8098235130310059
2020-05-29T13:30:00.000000000,746,0.670864763584717,0.7705768942832947
2020-05-29T13:45:00.000000000,747,0.677691676603204,0.7223954200744629
2020-05-29T14:00:00.000000000,748,0.712587388800358,0.6841352581977844
2020-05-29T14:15:00.000000000,749,0.678416022274618,0.6613864302635193
2020-05-29T14:30:00.000000000,750,0.668666023982133,0.6380090117454529
2020-05-29T14:45:00.000000000,751,0.630740057501903,0.6161748766899109
2020-05-29T15:00:00.000000000,752,0.623966010034434,0.5815703272819519
2020-05-29T15:15:00.000000000,753,0.694961816378552,0.5422692894935608
2020-05-29T15:30:00.000000000,754,0.688666344815141,0.5320509672164917
2020-05-29T15:45:00.000000000,755,0.652691514493011,0.5258557796478271
2020-05-29T16:00:00.000000000,756,0.661903199165437,0.5091021060943604
2020-05-29T16:15:00.000000000,757,0.671114883837863,0.4742007851600647
2020-05-29T16:30:00.000000000,758,0.600375122985987,0.41662299633026123
2020-05-29T16:45:00.000000000,759,0.523340960831053,0.34012988209724426
2020-05-29T17:00:00.000000000,760,0.419121728177334,0.26841267943382263
2020-05-29T17:15:00.000000000,761,0.330491340025113,0.20042425394058228
2020-05-29T17:30:00.000000000,762,0.241740122746934,0.14584775269031525
2020-05-29T17:45:00.000000000,763,0.160784833028437,0.1050223559141159
2020-05-29T18:00:00.000000000,764,0.0945566321485099,0.07621517777442932
2020-05-29T18:15:00.000000000,765,0.0367393336954463,0.05650397390127182
2020-05-29T18:30:00.000000000,766,0.0159558927407623,0.043385911732912064
2020-05-29T18:45:00.000000000,767,0.0,0.035358063876628876
2020-05-29T19:00:00.000000000,768,0.0,0.030756846070289612
2020-05-29T19:15:00.000000000,769,0.0,0.028453370556235313
2020-05-29T19:30:00.000000000,770,0.0,0.02746950089931488
2020-05-29T19:45:00.000000000,771,0.0,0.0272158645093441
2020-05-29T20:00:00.000000000,772,0.0,0.0272220466285944
2020-05-29T20:15:00.000000000,773,0.0,0.027262311428785324
2020-05-29T20:30:00.000000000,774,0.0,0.027345018461346626
2020-05-29T20:45:00.000000000,775,0.0,0.02753378078341484
2020-05-29T21:00:00.000000000,776,0.0,0.027906829491257668
2020-05-29T21:15:00.000000000,777,0.0,0.028457216918468475
2020-05-29T21:30:00.000000000,778,0.0,0.029257522895932198
2020-05-29T21:45:00.000000000,779,0.0,0.030203454196453094
2020-05-29T22:00:00.000000000,780,0.0,0.03126370161771774
2020-05-29T22:15:00.000000000,781,0.0,0.032287243753671646
2020-05-29T22:30:00.000000000,782,0.0,0.0332251638174057
2020-05-29T22:45:00.000000000,783,0.0,0.03415399789810181
2020-05-29T23:00:00.000000000,784,0.0,0.03514065220952034
2020-05-29T23:15:00.000000000,785,0.0,0.03614573925733566
2020-05-29T23:30:00.000000000,786,0.0,0.037081699818372726
2020-05-29T23:45:00.000000000,787,0.0,0.03804238885641098
2020-05-30T00:00:00.000000000,788,0.0,0.038973722606897354
2020-05-30T00:15:00.000000000,789,0.0,0.0399220772087574
2020-05-30T00:30:00.000000000,790,0.0,0.04094972461462021
2020-05-30T00:45:00.000000000,791,0.0,0.04202571511268616
2020-05-30T01:00:00.000000000,792,0.0,0.04300902038812637
2020-05-30T01:15:00.000000000,793,0.0,0.043968960642814636
2020-05-30T01:30:00.000000000,794,0.0,0.04535411670804024
2020-05-30T01:45:00.000000000,795,0.0,0.04779140278697014
2020-05-30T02:00:00.000000000,796,0.0,0.05112048238515854
2020-05-30T02:15:00.000000000,797,0.0,0.05556652694940567
2020-05-30T02:30:00.000000000,798,0.0,0.06088642776012421
2020-05-30T02:45:00.000000000,799,0.0,0.06599719077348709
2020-05-30T03:00:00.000000000,800,0.0,0.06973400712013245
2020-05-30T03:15:00.000000000,801,0.0,0.07322749495506287
2020-05-30T03:30:00.000000000,802,0.0,0.07625968754291534
2020-05-30T03:45:00.000000000,803,0.0,0.07876528799533844
2020-05-30T04:00:00.000000000,804,0.0,0.08108490705490112
2020-05-30T04:15:00.000000000,805,0.0,0.08359808474779129
2020-05-30T04:30:00.000000000,806,0.0,0.08648522198200226
2020-05-30T04:45:00.000000000,807,0.0,0.08945563435554504
2020-05-30T05:00:00.000000000,808,0.0,0.09268229454755783
2020-05-30T05:15:00.000000000,809,0.0,0.09626206010580063
2020-05-30T05:30:00.000000000,810,0.0,0.10022912174463272
2020-05-30T05:45:00.000000000,811,0.0,0.10450336337089539
2020-05-30T06:00:00.000000000,812,0.0066425014406031,0.10884808748960495
2020-05-30T06:15:00.000000000,813,0.0208752872668658,0.113991379737854
2020-05-30T06:30:00.000000000,814,0.0264568829194977,0.12019063532352448
2020-05-30T06:45:00.000000000,815,0.0541197429669271,0.12601180374622345
2020-05-30T07:00:00.000000000,816,0.145392689716556,0.13343262672424316
2020-05-30T07:15:00.000000000,817,0.162805137354273,0.15107138454914093
2020-05-30T07:30:00.000000000,818,0.151787556604109,0.17227961122989655
2020-05-30T07:45:00.000000000,819,0.212179674752617,0.18943306803703308
2020-05-30T08:00:00.000000000,820,0.360220989236906,0.20916303992271423
2020-05-30T08:15:00.000000000,821,0.301348761297007,0.2560442388057709
2020-05-30T08:30:00.000000000,822,0.226607813730646,0.288156121969223
2020-05-30T08:45:00.000000000,823,0.333978691475835,0.2956622838973999
2020-05-30T09:00:00.000000000,824,0.48042305292109,0.3162962794303894
2020-05-30T09:15:00.000000000,825,0.471881682897641,0.36908385157585144
2020-05-30T09:30:00.000000000,826,0.570416419676176,0.4161224365234375
2020-05-30T09:45:00.000000000,827,0.823041408846939,0.4860832989215851
2020-05-30T10:00:00.000000000,828,0.794810957462756,0.6198676824569702
2020-05-30T10:15:00.000000000,829,0.686469807007712,0.71616131067276
2020-05-30T10:30:00.000000000,830,0.986858473280632,0.7525524497032166
2020-05-30T10:45:00.000000000,831,0.928355495375152,0.8133789896965027
2020-05-30T11:00:00.000000000,832,0.710065322319445,0.8900284767150879
2020-05-30T11:15:00.000000000,833,0.985210519476271,0.9114042520523071
2020-05-30T11:30:00.000000000,834,0.917147391942185,0.940325915813446
2020-05-30T11:45:00.000000000,835,0.869260167171073,0.9498202204704285
2020-05-30T12:00:00.000000000,836,0.670171153176283,0.9600163102149963
2020-05-30T12:15:00.000000000,837,0.905511308959131,0.9392644762992859
2020-05-30T12:30:00.000000000,838,0.940438902251439,0.9149047136306763
2020-05-30T12:45:00.000000000,839,0.829703726443937,0.9162108898162842
2020-05-30T13:00:00.000000000,840,0.898717984550408,0.923023521900177
2020-05-30T13:15:00.000000000,841,0.98004643361309,0.9155219793319702
2020-05-30T13:30:00.000000000,842,0.897115706761866,0.9299549460411072
2020-05-30T13:45:00.000000000,843,0.904665325339049,0.9243808388710022
2020-05-30T14:00:00.000000000,844,0.915585061008598,0.908090353012085
2020-05-30T14:15:00.000000000,845,0.940918242043611,0.8951126337051392
2020-05-30T14:30:00.000000000,846,0.94760859882789,0.8795005083084106
2020-05-30T14:45:00.000000000,847,0.921764601316907,0.8519660234451294
2020-05-30T15:00:00.000000000,848,0.967207429054565,0.8267077207565308
2020-05-30T15:15:00.000000000,849,0.900364657718811,0.7867666482925415
2020-05-30T15:30:00.000000000,850,0.825623934825426,0.7285255789756775
2020-05-30T15:45:00.000000000,851,0.783246792299001,0.6560702919960022
2020-05-30T16:00:00.000000000,852,0.704457260190357,0.573597252368927
2020-05-30T16:15:00.000000000,853,0.623482356521142,0.4839227497577667
2020-05-30T16:30:00.000000000,854,0.549328254765494,0.39754346013069153
2020-05-30T16:45:00.000000000,855,0.475770637291184,0.3198595345020294
2020-05-30T17:00:00.000000000,856,0.38748678473561,0.25056347250938416
2020-05-30T17:15:00.000000000,857,0.306819525771069,0.19082829356193542
2020-05-30T17:30:00.000000000,858,0.22755876456465,0.14393983781337738
2020-05-30T17:45:00.000000000,859,0.141898283534419,0.10829078406095505
2020-05-30T18:00:00.000000000,860,0.0702291322842124,0.08122779428958893
2020-05-30T18:15:00.000000000,861,0.0383021139749826,0.06144418194890022
2020-05-30T18:30:00.000000000,862,0.0139886337043253,0.04847555607557297
2020-05-30T18:45:00.000000000,863,0.0,0.040073562413454056
2020-05-30T19:00:00.000000000,864,0.0,0.03497340530157089
2020-05-30T19:15:00.000000000,865,0.0,0.032268378883600235
2020-05-30T19:30:00.000000000,866,0.0,0.03086535818874836
2020-05-30T19:45:00.000000000,867,0.0,0.03018571250140667
2020-05-30T20:00:00.000000000,868,0.0,0.029994890093803406
2020-05-30T20:15:00.000000000,869,0.0,0.03025997430086136
2020-05-30T20:30:00.000000000,870,0.0,0.031059565022587776
2020-05-30T20:45:00.000000000,871,0.0,0.03181099519133568
2020-05-30T21:00:00.000000000,872,0.0,0.03245554119348526
2020-05-30T21:15:00.000000000,873,0.0,0.03287456929683685
2020-05-30T21:30:00.000000000,874,0.0,0.03296985849738121
2020-05-30T21:45:00.000000000,875,0.0,0.032670825719833374
2020-05-30T22:00:00.000000000,876,0.0,0.03291939198970795
2020-05-30T22:15:00.000000000,877,0.0,0.03316819295287132
2020-05-30T22:30:00.000000000,878,0.0,0.03377990424633026
2020-05-30T22:45:00.000000000,879,0.0,0.03432643041014671
2020-05-30T23:00:00.000000000,880,0.0,0.035050168633461
2020-05-30T23:15:00.000000000,881,0.0,0.035871509462594986
2020-05-30T23:30:00.000000000,882,0.0,0.036536805331707
2020-05-30T23:45:00.000000000,883,0.0,0.037085894495248795
2020-05-31T00:00:00.000000000,884,0.0,0.037964388728141785
2020-05-31T00:15:00.000000000,885,0.0,0.0391220822930336
2020-05-31T00:30:00.000000000,886,0.0,0.04031074419617653
2020-05-31T00:45:00.000000000,887,0.0,0.04125804826617241
2020-05-31T01:00:00.000000000,888,0.0,0.04217761009931564
2020-05-31T01:15:00.000000000,889,0.0,0.04326089099049568
2020-05-31T01:30:00.000000000,890,0.0,0.044230084866285324
2020-05-31T01:45:00.000000000,891,0.0,0.04526595026254654
2020-05-31T02:00:00.000000000,892,0.0,0.04682110622525215
2020-05-31T02:15:00.000000000,893,0.0,0.04854393005371094
2020-05-31T02:30:00.000000000,894,0.0,0.05042888596653938
2020-05-31T02:45:00.000000000,895,0.0,0.05267255753278732
2020-05-31T03:00:00.000000000,896,0.0,0.05554557219147682
2020-05-31T03:15:00.000000000,897,0.0,0.058588214218616486
2020-05-31T03:30:00.000000000,898,0.0,0.061482347548007965
2020-05-31T03:45:00.000000000,899,0.0,0.06423820555210114
2020-05-31T04:00:00.000000000,900,0.0,0.06669244170188904
2020-05-31T04:15:00.000000000,901,0.0,0.06947190314531326
2020-05-31T04:30:00.000000000,902,0.0,0.07282836735248566
2020-05-31T04:45:00.000000000,903,0.0,0.07687061280012131
2020-05-31T05:00:00.000000000,904,0.0,0.08080989122390747
2020-05-31T05:15:00.000000000,905,0.0,0.08428893238306046
2020-05-31T05:30:00.000000000,906,0.0,0.08704809099435806
2020-05-31T05:45:00.000000000,907,0.0,0.08892665058374405
2020-05-31T06:00:00.000000000,908,0.018838402075475,0.09055839478969574
2020-05-31T06:15:00.000000000,909,0.0573794782266724,0.09441693872213364
2020-05-31T06:30:00.000000000,910,0.103531890621287,0.102043017745018
2020-05-31T06:45:00.000000000,911,0.137153280171514,0.11451983451843262
2020-05-31T07:00:00.000000000,912,0.137241104837443,0.1315162032842636
2020-05-31T07:15:00.000000000,913,0.124945674074644,0.1474350243806839
2020-05-31T07:30:00.000000000,914,0.136898388681371,0.15758353471755981
2020-05-31T07:45:00.000000000,915,0.174223781832116,0.1640855371952057
2020-05-31T08:00:00.000000000,916,0.272981529005641,0.17164038121700287
2020-05-31T08:15:00.000000000,917,0.450927962295202,0.19260387122631073
2020-05-31T08:30:00.000000000,918,0.506632413624025,0.24760493636131287
2020-05-31T08:45:00.000000000,919,0.419405692350442,0.335991233587265
2020-05-31T09:00:00.000000000,920,0.417037976203357,0.3913460671901703
2020-05-31T09:15:00.000000000,921,0.616441420026666,0.41889336705207825
2020-05-31T09:30:00.000000000,922,0.969406618003099,0.47605353593826294
2020-05-31T09:45:00.000000000,923,0.804642512045168,0.6300470232963562
2020-05-31T10:00:00.000000000,924,0.706733354698235,0.7205622792243958
2020-05-31T10:15:00.000000000,925,0.814986276075995,0.7359849214553833
2020-05-31T10:30:00.000000000,926,0.919690016000311,0.7622613906860352
2020-05-31T10:45:00.000000000,927,1.04866910919143,0.796970784664154
2020-05-31T11:00:00.000000000,928,0.698545575002849,0.816384494304657
2020-05-31T11:15:00.000000000,929,0.915206037699766,0.7902405858039856
2020-05-31T11:30:00.000000000,930,0.98413667252494,0.8037088513374329
2020-05-31T11:45:00.000000000,931,0.727062282224485,0.8174515962600708
2020-05-31T12:00:00.000000000,932,1.10168968456274,0.7604614496231079
2020-05-31T12:15:00.000000000,933,1.12734569819553,0.7837919592857361
2020-05-31T12:30:00.000000000,934,0.521371567401353,0.8532900810241699
2020-05-31T12:45:00.000000000,935,1.17181562454953,0.7770588994026184
2020-05-31T13:00:00.000000000,936,1.07497346162819,0.7890492677688599
2020-05-31T13:15:00.000000000,937,1.22941995548959,0.8439034819602966
2020-05-31T13:30:00.000000000,938,1.09261006549307,0.8783271312713623
2020-05-31T13:45:00.000000000,939,1.17127043310838,0.8874838948249817
2020-05-31T14:00:00.000000000,940,1.18988944202377,0.915602445602417
2020-05-31T14:15:00.000000000,941,0.805202149958606,0.9131404757499695
2020-05-31T14:30:00.000000000,942,0.416591371263643,0.878544270992279
2020-05-31T14:45:00.000000000,943,0.420231028524121,0.7415554523468018
2020-05-31T15:00:00.000000000,944,0.62862741258334,0.5538445711135864
2020-05-31T15:15:00.000000000,945,0.435431098909671,0.44321152567863464
2020-05-31T15:30:00.000000000,946,0.278799795170142,0.3609830141067505
2020-05-31T15:45:00.000000000,947,0.279706013614823,0.30703553557395935
2020-05-31T16:00:00.000000000,948,0.226881802423664,0.27295008301734924
2020-05-31T16:15:00.000000000,949,0.21579493252801,0.2286742627620697
2020-05-31T16:30:00.000000000,950,0.188497255934152,0.17841871082782745
2020-05-31T16:45:00.000000000,951,0.139256309086746,0.15075314044952393
2020-05-31T17:00:00.000000000,952,0.0971683206791523,0.12891361117362976
2020-05-31T17:15:00.000000000,953,0.0587286169742769,0.10649612545967102
2020-05-31T17:30:00.000000000,954,0.0848201591691198,0.0875953733921051
2020-05-31T17:45:00.000000000,955,0.0738708565360604,0.0766250267624855
2020-05-31T18:00:00.000000000,956,0.0519425495026459,0.06942568719387054
2020-05-31T18:15:00.000000000,957,0.0268815597768512,0.06419962644577026
2020-05-31T18:30:00.000000000,958,0.0012749741985555,0.05942267179489136
2020-05-31T18:45:00.000000000,959,0.0,0.05470873787999153
2020-05-31T19:00:00.000000000,960,0.0,0.05051127076148987
2020-05-31T19:15:00.000000000,961,0.0,0.04901152104139328
2020-05-31T19:30:00.000000000,962,0.0,0.04980846121907234
2020-05-31T19:45:00.000000000,963,0.0,0.05192822590470314
2020-05-31T20:00:00.000000000,964,0.0,0.054204024374485016
2020-05-31T20:15:00.000000000,965,0.0,0.055730272084474564
2020-05-31T20:30:00.000000000,966,0.0,0.05418752506375313
2020-05-31T20:45:00.000000000,967,0.0,0.05219166353344917
2020-05-31T21:00:00.000000000,968,0.0,0.05049097165465355
2020-05-31T21:15:00.000000000,969,0.0,0.04926019534468651
2020-05-31T21:30:00.000000000,970,0.0,0.048329148441553116
2020-05-31T21:45:00.000000000,971,0.0,0.04791572317481041
2020-05-31T22:00:00.000000000,972,0.0,0.04798753559589386
2020-05-31T22:15:00.000000000,973,0.0,0.048118870705366135
2020-05-31T22:30:00.000000000,974,0.0,0.04824317991733551
2020-05-31T22:45:00.000000000,975,0.0,0.048146191984415054
2020-05-31T23:00:00.000000000,976,0.0,0.047990694642066956
2020-05-31T23:15:00.000000000,977,0.0,0.04807914420962334
2020-05-31T23:30:00.000000000,978,0.0,0.04851420596241951
2020-05-31T23:45:00.000000000,979,0.0,0.049118705093860626
2020-06-01T00:00:00.000000000,980,0.0,0.049789249897003174
2020-06-01T00:15:00.000000000,981,0.0,0.050293464213609695
2020-06-01T00:30:00.000000000,982,0.0,0.050750717520713806
2020-06-01T00:45:00.000000000,983,0.0,0.05133400484919548
2020-06-01T01:00:00.000000000,984,0.0,0.05221153795719147
2020-06-01T01:15:00.000000000,985,0.0,0.05357751250267029
2020-06-01T01:30:00.000000000,986,0.0,0.05529789626598358
2020-06-01T01:45:00.000000000,987,0.0,0.056776490062475204
2020-06-01T02:00:00.000000000,988,0.0,0.058170169591903687
2020-06-01T02:15:00.000000000,989,0.0,0.05972544848918915
2020-06-01T02:30:00.000000000,990,0.0,0.061631713062524796
2020-06-01T02:45:00.000000000,991,0.0,0.06409047544002533
2020-06-01T03:00:00.000000000,992,0.0,0.06728590279817581
2020-06-01T03:15:00.000000000,993,0.0,0.07059021294116974
2020-06-01T03:30:00.000000000,994,0.0,0.07397682964801788
2020-06-01T03:45:00.000000000,995,0.0,0.07727725058794022
2020-06-01T04:00:00.000000000,996,0.0,0.08035896718502045
2020-06-01T04:15:00.000000000,997,0.0,0.08345251530408859
2020-06-01T04:30:00.000000000,998,0.0,0.08665444701910019
2020-06-01T04:45:00.000000000,999,0.0,0.09007095545530319
2020-06-01T05:00:00.000000000,1000,0.0,0.09420645982027054
2020-06-01T05:15:00.000000000,1001,0.0,0.09873946756124496
2020-06-01T05:30:00.000000000,1002,0.0,0.10350615531206131
2020-06-01T05:45:00.000000000,1003,0.0,0.10840047150850296
2020-06-01T06:00:00.000000000,1004,0.0048853565703904,0.1130518913269043
2020-06-01T06:15:00.000000000,1005,0.0320307722890869,0.11803553253412247
2020-06-01T06:30:00.000000000,1006,0.0738788548939705,0.12491949647665024
2020-06-01T06:45:00.000000000,1007,0.112559745037513,0.13576214015483856
2020-06-01T07:00:00.000000000,1008,0.101467527925053,0.1504858285188675
2020-06-01T07:15:00.000000000,1009,0.245091861589944,0.1634594053030014
2020-06-01T07:30:00.000000000,1010,0.255984164689245,0.1905742585659027
2020-06-01T07:45:00.000000000,1011,0.206881728730928,0.22145040333271027
2020-06-01T08:00:00.000000000,1012,0.243548785130316,0.23917622864246368
2020-06-01T08:15:00.000000000,1013,0.314252741279903,0.2553015649318695
2020-06-01T08:30:00.000000000,1014,0.412775907400225,0.28617289662361145
2020-06-01T08:45:00.000000000,1015,0.76870110442045,0.32874709367752075
2020-06-01T09:00:00.000000000,1016,0.912271291898365,0.46472299098968506
2020-06-01T09:15:00.000000000,1017,0.927910081202205,0.6482089161872864
2020-06-01T09:30:00.000000000,1018,0.992766046952698,0.7854745984077454
2020-06-01T09:45:00.000000000,1019,0.902717770122521,0.8756783604621887
2020-06-01T10:00:00.000000000,1020,0.960610221685723,0.9167087078094482
2020-06-01T10:15:00.000000000,1021,1.18547571896251,0.9121803045272827
2020-06-01T10:30:00.000000000,1022,0.930436371535048,0.9277583956718445
2020-06-01T10:45:00.000000000,1023,0.48590031044413,0.9231346845626831
2020-06-01T11:00:00.000000000,1024,0.516002961729026,0.8537686467170715
2020-06-01T11:15:00.000000000,1025,0.668201130662253,0.7310920357704163
2020-06-01T11:30:00.000000000,1026,0.530602840729148,0.6510130167007446
2020-06-01T11:45:00.000000000,1027,0.479268728110112,0.5353351831436157
2020-06-01T12:00:00.000000000,1028,0.411098004688296,0.5218512415885925
2020-06-01T12:15:00.000000000,1029,0.945353960589125,0.7539041638374329
2020-06-01T12:30:00.000000000,1030,1.25646258332222,0.8516398072242737
2020-06-01T12:45:00.000000000,1031,0.830669775301862,0.9064856767654419
2020-06-01T13:00:00.000000000,1032,0.438846195531632,0.8955368399620056
2020-06-01T13:15:00.000000000,1033,0.106665516940163,0.7996482849121094
2020-06-01T13:30:00.000000000,1034,0.0466033535227464,0.5219386219978333
2020-06-01T13:45:00.000000000,1035,0.10751963372194,0.30618593096733093
2020-06-01T14:00:00.000000000,1036,0.0900162384639414,0.18361961841583252
2020-06-01T14:15:00.000000000,1037,0.0716089838275001,0.15263158082962036
2020-06-01T14:30:00.000000000,1038,0.0589920685047672,0.14781279861927032
2020-06-01T14:45:00.000000000,1039,0.0575778869308989,0.151918426156044
2020-06-01T15:00:00.000000000,1040,0.0601146694916747,0.14357639849185944
2020-06-01T15:15:00.000000000,1041,0.0638055072558587,0.13444757461547852
2020-06-01T15:30:00.000000000,1042,0.0715499173023714,0.12817682325839996
2020-06-01T15:45:00.000000000,1043,0.08420624026492,0.12440710514783859
2020-06-01T16:00:00.000000000,1044,0.104324199867641,0.12218458950519562
2020-06-01T16:15:00.000000000,1045,0.139560785902472,0.12169957160949707
2020-06-01T16:30:00.000000000,1046,0.148995163599671,0.12391199171543121
2020-06-01T16:45:00.000000000,1047,0.0729245339653414,0.1270594447851181
2020-06-01T17:00:00.000000000,1048,0.0818279195534148,0.12250830233097076
2020-06-01T17:15:00.000000000,1049,0.0328530529103059,0.11685006320476532
2020-06-01T17:30:00.000000000,1050,0.0084375633318551,0.10797837376594543
2020-06-01T17:45:00.000000000,1051,0.0042187816659275,0.0977770984172821
2020-06-01T18:00:00.000000000,1052,0.0,0.08940398693084717
2020-06-01T18:15:00.000000000,1053,0.0,0.08447850495576859
2020-06-01T18:30:00.000000000,1054,0.0,0.08045220375061035
2020-06-01T18:45:00.000000000,1055,0.0,0.07792644202709198
2020-06-01T19:00:00.000000000,1056,0.0,0.07622439414262772
2020-06-01T19:15:00.000000000,1057,0.0,0.07415173202753067
2020-06-01T19:30:00.000000000,1058,0.0,0.07188352197408676
2020-06-01T19:45:00.000000000,1059,0.0,0.06962978094816208
2020-06-01T20:00:00.000000000,1060,0.0,0.06792822480201721
2020-06-01T20:15:00.000000000,1061,0.0,0.06660648435354233
2020-06-01T20:30:00.000000000,1062,0.0,0.06558389961719513
2020-06-01T20:45:00.000000000,1063,0.0,0.06448567658662796
2020-06-01T21:00:00.000000000,1064,0.0,0.06325773894786835
2020-06-01T21:15:00.000000000,1065,0.0,0.06197505444288254
2020-06-01T21:30:00.000000000,1066,0.0,0.060618650168180466
2020-06-01T21:45:00.000000000,1067,0.0,0.05942438170313835
2020-06-01T22:00:00.000000000,1068,0.0,0.058302879333496094
2020-06-01T22:15:00.000000000,1069,0.0,0.05736340954899788
2020-06-01T22:30:00.000000000,1070,0.0,0.05649484694004059
2020-06-01T22:45:00.000000000,1071,0.0,0.055832356214523315
2020-06-01T23:00:00.000000000,1072,0.0,0.0554044134914875
2020-06-01T23:15:00.000000000,1073,0.0,0.055260494351387024
2020-06-01T23:30:00.000000000,1074,0.0,0.05535048246383667
2020-06-01T23:45:00.000000000,1075,0.0,0.055532630532979965
2020-06-02T00:00:00.000000000,1076,0.0,0.055825404822826385
2020-06-02T00:15:00.000000000,1077,0.0,0.056364212185144424
2020-06-02T00:30:00.000000000,1078,0.0,0.057090505957603455
2020-06-02T00:45:00.000000000,1079,0.0,0.05808722600340843
2020-06-02T01:00:00.000000000,1080,0.0,0.059394076466560364
2020-06-02T01:15:00.000000000,1081,0.0,0.06079071760177612
2020-06-02T01:30:00.000000000,1082,0.0,0.0622217021882534
2020-06-02T01:45:00.000000000,1083,0.0,0.0637655109167099
2020-06-02T02:00:00.000000000,1084,0.0,0.06555899232625961
2020-06-02T02:15:00.000000000,1085,0.0,0.06759870797395706
2020-06-02T02:30:00.000000000,1086,0.0,0.06985636800527573
2020-06-02T02:45:00.000000000,1087,0.0,0.07236558198928833
2020-06-02T03:00:00.000000000,1088,0.0,0.07493240386247635
2020-06-02T03:15:00.000000000,1089,0.0,0.07749977707862854
2020-06-02T03:30:00.000000000,1090,0.0,0.08023872971534729
2020-06-02T03:45:00.000000000,1091,0.0,0.08306676149368286
2020-06-02T04:00:00.000000000,1092,0.0,0.0860094502568245
2020-06-02T04:15:00.000000000,1093,0.0,0.08916272222995758
2020-06-02T04:30:00.000000000,1094,0.0,0.09262466430664062
2020-06-02T04:45:00.000000000,1095,0.0,0.09612009674310684
2020-06-02T05:00:00.000000000,1096,0.0,0.09955739974975586
2020-06-02T05:15:00.000000000,1097,0.0,0.10304208099842072
2020-06-02T05:30:00.000000000,1098,0.0,0.10704053938388824
2020-06-02T05:45:00.000000000,1099,0.000253161508235,0.11120743304491043
2020-06-02T06:00:00.000000000,1100,0.0273903092614514,0.11618346720933914
2020-06-02T06:15:00.000000000,1101,0.0687641072161005,0.12397181242704391
2020-06-02T06:30:00.000000000,1102,0.115337332092899,0.1366598904132843
2020-06-02T06:45:00.000000000,1103,0.250505941072413,0.15498657524585724
2020-06-02T07:00:00.000000000,1104,0.251247833703175,0.18732872605323792
2020-06-02T07:15:00.000000000,1105,0.338170370235899,0.22956405580043793
2020-06-02T07:30:00.000000000,1106,0.376097212940732,0.2858733832836151
2020-06-02T07:45:00.000000000,1107,0.398389310455274,0.342441588640213
2020-06-02T08:00:00.000000000,1108,0.511661808038691,0.3918609619140625
2020-06-02T08:15:00.000000000,1109,0.528401270247079,0.45147210359573364
2020-06-02T08:30:00.000000000,1110,0.563514555753228,0.5051936507225037
2020-06-02T08:45:00.000000000,1111,0.666628532173709,0.543359637260437
2020-06-02T09:00:00.000000000,1112,0.722041020971515,0.591543436050415
2020-06-02T09:15:00.000000000,1113,0.603164707578237,0.6478644013404846
2020-06-02T09:30:00.000000000,1114,0.625015614771763,0.6552140712738037
2020-06-02T09:45:00.000000000,1115,0.642142233450679,0.6523827314376831
2020-06-02T10:00:00.000000000,1116,0.689967111471227,0.6546247601509094
2020-06-02T10:15:00.000000000,1117,0.756296212984229,0.6625396609306335
2020-06-02T10:30:00.000000000,1118,0.676000720391427,0.6887237429618835
2020-06-02T10:45:00.000000000,1119,0.693114824785635,0.6961497068405151
2020-06-02T11:00:00.000000000,1120,0.643818833059352,0.7165706753730774
2020-06-02T11:15:00.000000000,1121,0.259435276389099,0.7094193696975708
2020-06-02T11:30:00.000000000,1122,0.725609052487561,0.7579838037490845
2020-06-02T11:45:00.000000000,1123,0.601276713167382,0.8514032959938049
2020-06-02T12:00:00.000000000,1124,0.502469066126109,0.9129636883735657
2020-06-02T12:15:00.000000000,1125,0.427343276220864,0.9272352457046509
2020-06-02T12:30:00.000000000,1126,0.0,0.9236953854560852
2020-06-02T12:45:00.000000000,1127,0.594418615539965,0.9420884251594543
2020-06-02T13:00:00.000000000,1128,0.51572113194918,0.9551716446876526
2020-06-02T13:15:00.000000000,1129,0.747780365810741,0.9321855902671814
2020-06-02T13:30:00.000000000,1130,0.795594459528489,0.9259371757507324
2020-06-02T13:45:00.000000000,1131,0.741989105337835,0.9319028258323669
2020-06-02T14:00:00.000000000,1132,0.893463422880193,0.9220321774482727
2020-06-02T14:15:00.000000000,1133,0.765058391607512,0.9264586567878723
2020-06-02T14:30:00.000000000,1134,0.61477203242049,0.9215340614318848
2020-06-02T14:45:00.000000000,1135,0.744442242150016,0.874082624912262
2020-06-02T15:00:00.000000000,1136,0.742990607591214,0.8212117552757263
2020-06-02T15:15:00.000000000,1137,0.62127487713983,0.7325279116630554
2020-06-02T15:30:00.000000000,1138,0.867408345109193,0.5961581468582153
2020-06-02T15:45:00.000000000,1139,0.578064579820197,0.548847496509552
2020-06-02T16:00:00.000000000,1140,0.344125282503799,0.4646470844745636
2020-06-02T16:15:00.000000000,1141,0.0,0.39329034090042114
2020-06-02T16:30:00.000000000,1142,0.0,0.36143919825553894
2020-06-02T16:45:00.000000000,1143,0.516926817002244,0.3505643606185913
2020-06-02T17:00:00.000000000,1144,0.517328689552635,0.31913962960243225
2020-06-02T17:15:00.000000000,1145,0.419345255320166,0.29774534702301025
2020-06-02T17:30:00.000000000,1146,0.3480658442797,0.2514149844646454
2020-06-02T17:45:00.000000000,1147,0.210438144654167,0.20840705931186676
2020-06-02T18:00:00.000000000,1148,0.156200403440768,0.16030330955982208
2020-06-02T18:15:00.000000000,1149,0.0841897268012572,0.12497247755527496
2020-06-02T18:30:00.000000000,1150,0.0255341285438567,0.09685514122247696
2020-06-02T18:45:00.000000000,1151,0.0011302174007601,0.07612425833940506
2020-06-02T19:00:00.000000000,1152,0.0,0.06209966167807579
2020-06-02T19:15:00.000000000,1153,0.0,0.05465506389737129
2020-06-02T19:30:00.000000000,1154,0.0,0.05049014836549759
2020-06-02T19:45:00.000000000,1155,0.0,0.04875883460044861
2020-06-02T20:00:00.000000000,1156,0.0,0.048205453902482986
2020-06-02T20:15:00.000000000,1157,0.0,0.04795435070991516
2020-06-02T20:30:00.000000000,1158,0.0,0.047576677054166794
2020-06-02T20:45:00.000000000,1159,0.0,0.04707686975598335
2020-06-02T21:00:00.000000000,1160,0.0,0.046619758009910583
2020-06-02T21:15:00.000000000,1161,0.0,0.04615629464387894
2020-06-02T21:30:00.000000000,1162,0.0,0.04589782655239105
2020-06-02T21:45:00.000000000,1163,0.0,0.0458342507481575
2020-06-02T22:00:00.000000000,1164,0.0,0.04595547169446945
2020-06-02T22:15:00.000000000,1165,0.0,0.046125542372465134
2020-06-02T22:30:00.000000000,1166,0.0,0.046444736421108246
2020-06-02T22:45:00.000000000,1167,0.0,0.04688519239425659
2020-06-02T23:00:00.000000000,1168,0.0,0.047388605773448944
2020-06-02T23:15:00.000000000,1169,0.0,0.047791916877031326
2020-06-02T23:30:00.000000000,1170,0.0,0.04826316237449646
2020-06-02T23:45:00.000000000,1171,0.0,0.04874939098954201
2020-06-03T00:00:00.000000000,1172,0.0,0.04922711104154587
2020-06-03T00:15:00.000000000,1173,0.0,0.04968154802918434
2020-06-03T00:30:00.000000000,1174,0.0,0.050178900361061096
2020-06-03T00:45:00.000000000,1175,0.0,0.05072466656565666
2020-06-03T01:00:00.000000000,1176,0.0,0.05150895193219185
2020-06-03T01:15:00.000000000,1177,0.0,0.052548401057720184
2020-06-03T01:30:00.000000000,1178,0.0,0.053852733224630356
2020-06-03T01:45:00.000000000,1179,0.0,0.05598728358745575
2020-06-03T02:00:00.000000000,1180,0.0,0.058704912662506104
2020-06-03T02:15:00.000000000,1181,0.0,0.06154604256153107
2020-06-03T02:30:00.000000000,1182,0.0,0.06450065970420837
2020-06-03T02:45:00.000000000,1183,0.0,0.06731924414634705
2020-06-03T03:00:00.000000000,1184,0.0,0.0691126212477684
2020-06-03T03:15:00.000000000,1185,0.0,0.07097021490335464
2020-06-03T03:30:00.000000000,1186,0.0,0.07346875220537186
2020-06-03T03:45:00.000000000,1187,0.0,0.07653400301933289
2020-06-03T04:00:00.000000000,1188,0.0,0.08002093434333801
2020-06-03T04:15:00.000000000,1189,0.0,0.08344198763370514
2020-06-03T04:30:00.000000000,1190,0.0,0.08663620054721832
2020-06-03T04:45:00.000000000,1191,0.0,0.08959639072418213
2020-06-03T05:00:00.000000000,1192,0.0,0.0925469771027565
2020-06-03T05:15:00.000000000,1193,0.0,0.09569152444601059
2020-06-03T05:30:00.000000000,1194,0.0,0.0991438552737236
2020-06-03T05:45:00.000000000,1195,0.0,0.10305638611316681
2020-06-03T06:00:00.000000000,1196,0.0030080341258477,0.10763775557279587
2020-06-03T06:15:00.000000000,1197,0.0290206037699766,0.11312472075223923
2020-06-03T06:30:00.000000000,1198,0.0617999864117785,0.1209229826927185
2020-06-03T06:45:00.000000000,1199,0.109718867605069,0.13229818642139435
2020-06-03T07:00:00.000000000,1200,0.154963443909583,0.1486797332763672
2020-06-03T07:15:00.000000000,1201,0.17974307566878,0.17119431495666504
2020-06-03T07:30:00.000000000,1202,0.200009813715548,0.19653579592704773
2020-06-03T07:45:00.000000000,1203,0.380164984555081,0.22212208807468414
2020-06-03T08:00:00.000000000,1204,0.451941259879769,0.27992528676986694
2020-06-03T08:15:00.000000000,1205,0.459288425639177,0.3608604669570923
2020-06-03T08:30:00.000000000,1206,0.525360119324716,0.4313890337944031
2020-06-03T08:45:00.000000000,1207,0.540516176274462,0.4896315634250641
2020-06-03T09:00:00.000000000,1208,0.714504995109319,0.5321030616760254
2020-06-03T09:15:00.000000000,1209,0.436431387928986,0.5913636088371277
2020-06-03T09:30:00.000000000,1210,0.525635658261261,0.5793009996414185
2020-06-03T09:45:00.000000000,1211,0.681783488225878,0.5630092620849609
2020-06-03T10:00:00.000000000,1212,0.593670971281042,0.5789215564727783
2020-06-03T10:15:00.000000000,1213,0.438288062927126,0.5827482342720032
2020-06-03T10:30:00.000000000,1214,0.480613732874977,0.5391524434089661
2020-06-03T10:45:00.000000000,1215,0.160364784434369,0.5152115225791931
2020-06-03T11:00:00.000000000,1216,0.372549087450271,0.6689379811286926
2020-06-03T11:15:00.000000000,1217,0.634731148229883,0.7522031664848328
2020-06-03T11:30:00.000000000,1218,0.61425986790667,0.796393871307373
2020-06-03T11:45:00.000000000,1219,0.499334765788309,0.8410364985466003
2020-06-03T12:00:00.000000000,1220,0.646721315821543,0.8523744940757751
2020-06-03T12:15:00.000000000,1221,0.532258186274386,0.8632621765136719
2020-06-03T12:30:00.000000000,1222,0.446944555382967,0.8652564883232117
2020-06-03T12:45:00.000000000,1223,0.288426043587995,0.8323428630828857
2020-06-03T13:00:00.000000000,1224,0.114239197992969,0.7187181711196899
2020-06-03T13:15:00.000000000,1225,0.637430369351587,0.5108170509338379
2020-06-03T13:30:00.000000000,1226,0.592635498473841,0.4115474224090576
2020-06-03T13:45:00.000000000,1227,0.563564725228546,0.41127970814704895
2020-06-03T14:00:00.000000000,1228,0.645977142760084,0.4205845594406128
2020-06-03T14:15:00.000000000,1229,0.728389560291622,0.5193545818328857
2020-06-03T14:30:00.000000000,1230,0.478404343773377,0.6856600046157837
2020-06-03T14:45:00.000000000,1231,0.702918407582659,0.6849989891052246
2020-06-03T15:00:00.000000000,1232,0.674239621276854,0.6849163174629211
2020-06-03T15:15:00.000000000,1233,0.54164506810467,0.7468022704124451
2020-06-03T15:30:00.000000000,1234,0.445312643229022,0.7188951373100281
2020-06-03T15:45:00.000000000,1235,0.715921243674557,0.5933162569999695
2020-06-03T16:00:00.000000000,1236,0.479090787113908,0.541244387626648
2020-06-03T16:15:00.000000000,1237,0.313032542352653,0.4482508599758148
2020-06-03T16:30:00.000000000,1238,0.261833188584025,0.3206541836261749
2020-06-03T16:45:00.000000000,1239,0.299758997793172,0.24443697929382324
2020-06-03T17:00:00.000000000,1240,0.262019644685981,0.20687076449394226
2020-06-03T17:15:00.000000000,1241,0.183720011999334,0.16835464537143707
2020-06-03T17:30:00.000000000,1242,0.1564410057297,0.14562037587165833
2020-06-03T17:45:00.000000000,1243,0.127386026994548,0.13051243126392365
2020-06-03T18:00:00.000000000,1244,0.0808620953684655,0.11654546856880188
2020-06-03T18:15:00.000000000,1245,0.0388945766100695,0.1008557602763176
2020-06-03T18:30:00.000000000,1246,0.0131521088164911,0.08713150769472122
2020-06-03T18:45:00.000000000,1247,0.0,0.07611636072397232
2020-06-03T19:00:00.000000000,1248,0.0,0.06751073151826859
2020-06-03T19:15:00.000000000,1249,0.0,0.06172259896993637
2020-06-03T19:30:00.000000000,1250,0.0,0.058636873960494995
2020-06-03T19:45:00.000000000,1251,0.0,0.057347621768713
2020-06-03T20:00:00.000000000,1252,0.0,0.05695240944623947
2020-06-03T20:15:00.000000000,1253,0.0,0.056745029985904694
2020-06-03T20:30:00.000000000,1254,0.0,0.05650954693555832
2020-06-03T20:45:00.000000000,1255,0.0,0.056071311235427856
2020-06-03T21:00:00.000000000,1256,0.0,0.055452242493629456
2020-06-03T21:15:00.000000000,1257,0.0,0.054805856198072433
2020-06-03T21:30:00.000000000,1258,0.0,0.05435323342680931
2020-06-03T21:45:00.000000000,1259,0.0,0.054227814078330994
2020-06-03T22:00:00.000000000,1260,0.0,0.054362062364816666
2020-06-03T22:15:00.000000000,1261,0.0,0.05456790328025818
2020-06-03T22:30:00.000000000,1262,0.0,0.054927241057157516
2020-06-03T22:45:00.000000000,1263,0.0,0.05513446778059006
2020-06-03T23:00:00.000000000,1264,0.0,0.055029623210430145
2020-06-03T23:15:00.000000000,1265,0.0,0.0549066960811615
2020-06-03T23:30:00.000000000,1266,0.0,0.05486946925520897
2020-06-03T23:45:00.000000000,1267,0.0,0.05486010015010834
2020-06-04T00:00:00.000000000,1268,0.0,0.05516071617603302
2020-06-04T00:15:00.000000000,1269,0.0,0.05588438734412193
2020-06-04T00:30:00.000000000,1270,0.0,0.0568205863237381
2020-06-04T00:45:00.000000000,1271,0.0,0.05791521072387695
2020-06-04T01:00:00.000000000,1272,0.0,0.059131771326065063
2020-06-04T01:15:00.000000000,1273,0.0,0.0604289248585701
2020-06-04T01:30:00.000000000,1274,0.0,0.061686668545007706
2020-06-04T01:45:00.000000000,1275,0.0,0.06308234483003616
2020-06-04T02:00:00.000000000,1276,0.0,0.06453678011894226
2020-06-04T02:15:00.000000000,1277,0.0,0.06609000265598297
2020-06-04T02:30:00.000000000,1278,0.0,0.06785652786493301
2020-06-04T02:45:00.000000000,1279,0.0,0.0698726549744606
2020-06-04T03:00:00.000000000,1280,0.0,0.07213980704545975
2020-06-04T03:15:00.000000000,1281,0.0,0.074717678129673
2020-06-04T03:30:00.000000000,1282,0.0,0.07749423384666443
2020-06-04T03:45:00.000000000,1283,0.0,0.0804038941860199
2020-06-04T04:00:00.000000000,1284,0.0,0.08342090249061584
2020-06-04T04:15:00.000000000,1285,0.0,0.08692596852779388
2020-06-04T04:30:00.000000000,1286,0.0,0.09092666953802109
2020-06-04T04:45:00.000000000,1287,0.0,0.09517672657966614
2020-06-04T05:00:00.000000000,1288,0.0,0.09942454099655151
2020-06-04T05:15:00.000000000,1289,0.0,0.10347551107406616
2020-06-04T05:30:00.000000000,1290,0.0,0.10723845660686493
2020-06-04T05:45:00.000000000,1291,0.0,0.11068829149007797
2020-06-04T06:00:00.000000000,1292,0.0060976245416222,0.11431233584880829
2020-06-04T06:15:00.000000000,1293,0.0301812643588498,0.11923900991678238
2020-06-04T06:30:00.000000000,1294,0.0657706993009255,0.126592218875885
2020-06-04T06:45:00.000000000,1295,0.106133760942922,0.13759584724903107
2020-06-04T07:00:00.000000000,1296,0.173286041769043,0.15309272706508636
2020-06-04T07:15:00.000000000,1297,0.220523287623467,0.17610445618629456
2020-06-04T07:30:00.000000000,1298,0.250878516266863,0.20597419142723083
2020-06-04T07:45:00.000000000,1299,0.350015196880029,0.237882599234581
2020-06-04T08:00:00.000000000,1300,0.398409575957619,0.2831653356552124
2020-06-04T08:15:00.000000000,1301,0.590387308349459,0.3333756625652313
2020-06-04T08:30:00.000000000,1302,0.518882033567221,0.42212486267089844
2020-06-04T08:45:00.000000000,1303,0.534687080872565,0.49340376257896423
2020-06-04T09:00:00.000000000,1304,0.598470075896328,0.538186252117157
2020-06-04T09:15:00.000000000,1305,0.705001845014471,0.5738028883934021
2020-06-04T09:30:00.000000000,1306,0.749023818390903,0.6219381093978882
2020-06-04T09:45:00.000000000,1307,0.682706197666924,0.662970781326294
2020-06-04T10:00:00.000000000,1308,0.683039589894533,0.7047430872917175
2020-06-04T10:15:00.000000000,1309,0.613252681427022,0.7923367619514465
2020-06-04T10:30:00.000000000,1310,0.507100879244207,0.844346821308136
2020-06-04T10:45:00.000000000,1311,0.362943486478821,0.8383021354675293
2020-06-04T11:00:00.000000000,1312,0.670185981592633,0.766688883304596
2020-06-04T11:15:00.000000000,1313,0.653608688337603,0.7670027017593384
2020-06-04T11:30:00.000000000,1314,0.762394466610181,0.8075053691864014
2020-06-04T11:45:00.000000000,1315,0.785493656852831,0.8711699843406677
2020-06-04T12:00:00.000000000,1316,0.615734486510814,0.9270417094230652
2020-06-04T12:15:00.000000000,1317,0.621391122937098,0.941836416721344
2020-06-04T12:30:00.000000000,1318,0.873052759325636,0.9212042689323425
2020-06-04T12:45:00.000000000,1319,0.778189650771922,0.9384660124778748
2020-06-04T13:00:00.000000000,1320,0.602003193232059,0.9553680419921875
2020-06-04T13:15:00.000000000,1321,0.725174130542547,0.9470831751823425
2020-06-04T13:30:00.000000000,1322,0.602548025196445,0.9496130347251892
2020-06-04T13:45:00.000000000,1323,0.229277175813972,0.9442134499549866
2020-06-04T14:00:00.000000000,1324,0.240730622135644,0.8451510071754456
2020-06-04T14:15:00.000000000,1325,0.511971789342305,0.6470531821250916
2020-06-04T14:30:00.000000000,1326,0.531884330443979,0.5326564311981201
2020-06-04T14:45:00.000000000,1327,0.590525796771252,0.4354712963104248
2020-06-04T15:00:00.000000000,1328,0.623173116638346,0.39808890223503113
2020-06-04T15:15:00.000000000,1329,0.500930617929766,0.43399330973625183
2020-06-04T15:30:00.000000000,1330,0.475661670898307,0.4303974509239197
2020-06-04T15:45:00.000000000,1331,0.406272590867637,0.39290136098861694
2020-06-04T16:00:00.000000000,1332,0.287931785510283,0.3519800305366516
2020-06-04T16:15:00.000000000,1333,0.351140179400472,0.2904575765132904
2020-06-04T16:30:00.000000000,1334,0.391084742691927,0.24876447021961212
2020-06-04T16:45:00.000000000,1335,0.482748305875899,0.23301492631435394
2020-06-04T17:00:00.000000000,1336,0.311439858100144,0.23783782124519348
2020-06-04T17:15:00.000000000,1337,0.204103287918238,0.22406341135501862
2020-06-04T17:30:00.000000000,1338,0.151473239112078,0.19285473227500916
2020-06-04T17:45:00.000000000,1339,0.123763849291525,0.15349674224853516
2020-06-04T18:00:00.000000000,1340,0.0870809983819951,0.12172821909189224
2020-06-04T18:15:00.000000000,1341,0.0489299545154056,0.09721675515174866
2020-06-04T18:30:00.000000000,1342,0.0229212043118518,0.0825287401676178
2020-06-04T18:45:00.000000000,1343,0.0001207841913624,0.07190009951591492
2020-06-04T19:00:00.000000000,1344,0.0,0.0635271891951561
2020-06-04T19:15:00.000000000,1345,0.0,0.05755936726927757
2020-06-04T19:30:00.000000000,1346,0.0,0.053825169801712036
2020-06-04T19:45:00.000000000,1347,0.0,0.05174597352743149
2020-06-04T20:00:00.000000000,1348,0.0,0.05108754336833954
2020-06-04T20:15:00.000000000,1349,0.0,0.05119567736983299
2020-06-04T20:30:00.000000000,1350,0.0,0.05159899964928627
2020-06-04T20:45:00.000000000,1351,0.0,0.05208929255604744
2020-06-04T21:00:00.000000000,1352,0.0,0.05251837521791458
2020-06-04T21:15:00.000000000,1353,0.0,0.05259692296385765
2020-06-04T21:30:00.000000000,1354,0.0,0.052657485008239746
2020-06-04T21:45:00.000000000,1355,0.0,0.05272333323955536
2020-06-04T22:00:00.000000000,1356,0.0,0.05263186991214752
2020-06-04T22:15:00.000000000,1357,0.0,0.05274587869644165
2020-06-04T22:30:00.000000000,1358,0.0,0.052866559475660324
2020-06-04T22:45:00.000000000,1359,0.0,0.05271846055984497
2020-06-04T23:00:00.000000000,1360,0.0,0.05250656232237816
2020-06-04T23:15:00.000000000,1361,0.0,0.0524260587990284
2020-06-04T23:30:00.000000000,1362,0.0,0.05226811766624451
2020-06-04T23:45:00.000000000,1363,0.0,0.052127424627542496
2020-06-05T00:00:00.000000000,1364,0.0,0.052474841475486755
2020-06-05T00:15:00.000000000,1365,0.0,0.05315147712826729
2020-06-05T00:30:00.000000000,1366,0.0,0.05401429906487465
2020-06-05T00:45:00.000000000,1367,0.0,0.0550105944275856
2020-06-05T01:00:00.000000000,1368,0.0,0.05652650445699692
2020-06-05T01:15:00.000000000,1369,0.0,0.058624908328056335
2020-06-05T01:30:00.000000000,1370,0.0,0.06102000176906586
2020-06-05T01:45:00.000000000,1371,0.0,0.063388392329216
2020-06-05T02:00:00.000000000,1372,0.0,0.06570044159889221
2020-06-05T02:15:00.000000000,1373,0.0,0.06810472905635834
2020-06-05T02:30:00.000000000,1374,0.0,0.07061003893613815
2020-06-05T02:45:00.000000000,1375,0.0,0.07310450077056885
2020-06-05T03:00:00.000000000,1376,0.0,0.07562828809022903
2020-06-05T03:15:00.000000000,1377,0.0,0.07809769362211227
2020-06-05T03:30:00.000000000,1378,0.0,0.08053530007600784
2020-06-05T03:45:00.000000000,1379,0.0,0.08307576924562454
2020-06-05T04:00:00.000000000,1380,0.0,0.08553853631019592
2020-06-05T04:15:00.000000000,1381,0.0,0.08806901425123215
2020-06-05T04:30:00.000000000,1382,0.0,0.0907568484544754
2020-06-05T04:45:00.000000000,1383,0.0,0.09358106553554535
2020-06-05T05:00:00.000000000,1384,0.0,0.09652277827262878
2020-06-05T05:15:00.000000000,1385,0.0,0.0997253805398941
2020-06-05T05:30:00.000000000,1386,0.0,0.10319080203771591
2020-06-05T05:45:00.000000000,1387,0.0,0.10701683908700943
2020-06-05T06:00:00.000000000,1388,0.0042761333313681,0.1112898513674736
2020-06-05T06:15:00.000000000,1389,0.0320271550541893,0.11645792424678802
2020-06-05T06:30:00.000000000,1390,0.0630371032140458,0.12393248826265335
2020-06-05T06:45:00.000000000,1391,0.130827792298642,0.13546256721019745
2020-06-05T07:00:00.000000000,1392,0.172948313353016,0.15491263568401337
2020-06-05T07:15:00.000000000,1393,0.208401551537644,0.18163511157035828
2020-06-05T07:30:00.000000000,1394,0.226368379741184,0.21109448373317719
2020-06-05T07:45:00.000000000,1395,0.2886623995577,0.23907218873500824
2020-06-05T08:00:00.000000000,1396,0.323927474125762,0.2726140022277832
2020-06-05T08:15:00.000000000,1397,0.53128613864803,0.3043587803840637
2020-06-05T08:30:00.000000000,1398,0.788761660078057,0.3844127058982849
2020-06-05T08:45:00.000000000,1399,0.715019091810724,0.5325761437416077
2020-06-05T09:00:00.000000000,1400,0.741245213117595,0.6451860666275024
2020-06-05T09:15:00.000000000,1401,0.943257222517193,0.7134690284729004
2020-06-05T09:30:00.000000000,1402,0.770250291984998,0.8245576024055481
2020-06-05T09:45:00.000000000,1403,0.775977722865706,0.8757174015045166
2020-06-05T10:00:00.000000000,1404,0.66727435464036,0.8999145030975342
2020-06-05T10:15:00.000000000,1405,0.629463937471174,0.922228217124939
2020-06-05T10:30:00.000000000,1406,0.765167223196604,0.9373690485954285
2020-06-05T10:45:00.000000000,1407,0.717840579965425,0.9453839063644409
2020-06-05T11:00:00.000000000,1408,0.751233993847915,0.9528307914733887
2020-06-05T11:15:00.000000000,1409,0.660241124428926,0.9574810862541199
2020-06-05T11:30:00.000000000,1410,0.719954483052648,0.9607307314872742
2020-06-05T11:45:00.000000000,1411,0.352840819017471,0.9573469758033752
2020-06-05T12:00:00.000000000,1412,0.829484962368175,0.9077655076980591
2020-06-05T12:15:00.000000000,1413,0.878655901116571,0.9071263074874878
2020-06-05T12:30:00.000000000,1414,0.850759650782707,0.9237864017486572
2020-06-05T12:45:00.000000000,1415,0.733942622476428,0.940313458442688
2020-06-05T13:00:00.000000000,1416,0.681127240933187,0.9369338154792786
2020-06-05T13:15:00.000000000,1417,0.880752908796073,0.9328023791313171
2020-06-05T13:30:00.000000000,1418,0.308957626137699,0.933324933052063
2020-06-05T13:45:00.000000000,1419,0.247372898903272,0.8646988272666931
2020-06-05T14:00:00.000000000,1420,0.393363443406316,0.6798792481422424
2020-06-05T14:15:00.000000000,1421,0.4683028221442,0.4902538061141968
2020-06-05T14:30:00.000000000,1422,0.548747789667272,0.36709827184677124
2020-06-05T14:45:00.000000000,1423,0.40770847585089,0.29533591866493225
2020-06-05T15:00:00.000000000,1424,0.510284270627046,0.3001410961151123
2020-06-05T15:15:00.000000000,1425,0.60292397048552,0.31640538573265076
2020-06-05T15:30:00.000000000,1426,0.53245464032373,0.34191301465034485
2020-06-05T15:45:00.000000000,1427,0.404890088183244,0.35069674253463745
2020-06-05T16:00:00.000000000,1428,0.361724006505091,0.323938250541687
2020-06-05T16:15:00.000000000,1429,0.360193871208823,0.2941657602787018
2020-06-05T16:30:00.000000000,1430,0.531192000671503,0.2545914351940155
2020-06-05T16:45:00.000000000,1431,0.647611492615808,0.24624328315258026
2020-06-05T17:00:00.000000000,1432,0.46708388138561,0.2654242217540741
2020-06-05T17:15:00.000000000,1433,0.318892238213746,0.26234081387519836
2020-06-05T17:30:00.000000000,1434,0.198517603217461,0.2279277890920639
2020-06-05T17:45:00.000000000,1435,0.188670748405451,0.17676107585430145
2020-06-05T18:00:00.000000000,1436,0.0775372498805638,0.13136672973632812
2020-06-05T18:15:00.000000000,1437,0.0415350232815124,0.09695030003786087
2020-06-05T18:30:00.000000000,1438,0.0201165441629781,0.07616793364286423
2020-06-05T18:45:00.000000000,1439,0.0002135741300392,0.0643497034907341
2020-06-05T19:00:00.000000000,1440,0.0,0.05711425095796585
2020-06-05T19:15:00.000000000,1441,0.0,0.05226324871182442
2020-06-05T19:30:00.000000000,1442,0.0,0.04998888447880745
2020-06-05T19:45:00.000000000,1443,0.0,0.04823187738656998
2020-06-05T20:00:00.000000000,1444,0.0,0.046922508627176285
2020-06-05T20:15:00.000000000,1445,0.0,0.04613058641552925
2020-06-05T20:30:00.000000000,1446,0.0,0.045614197850227356
2020-06-05T20:45:00.000000000,1447,0.0,0.04529496282339096
2020-06-05T21:00:00.000000000,1448,0.0,0.045169197022914886
2020-06-05T21:15:00.000000000,1449,0.0,0.045291006565093994
2020-06-05T21:30:00.000000000,1450,0.0,0.045503754168748856
2020-06-05T21:45:00.000000000,1451,0.0,0.04564812034368515
2020-06-05T22:00:00.000000000,1452,0.0,0.04581838473677635
2020-06-05T22:15:00.000000000,1453,0.0,0.04610580950975418
2020-06-05T22:30:00.000000000,1454,0.0,0.04649201035499573
2020-06-05T22:45:00.000000000,1455,0.0,0.0469726026058197
2020-06-05T23:00:00.000000000,1456,0.0,0.047536831349134445
2020-06-05T23:15:00.000000000,1457,0.0,0.04825425520539284
2020-06-05T23:30:00.000000000,1458,0.0,0.04913700371980667
2020-06-05T23:45:00.000000000,1459,0.0,0.05024048313498497
2020-06-06T00:00:00.000000000,1460,0.0,0.05153283849358559
2020-06-06T00:15:00.000000000,1461,0.0,0.05289900675415993
2020-06-06T00:30:00.000000000,1462,0.0,0.05423687770962715
2020-06-06T00:45:00.000000000,1463,0.0,0.05548211932182312
2020-06-06T01:00:00.000000000,1464,0.0,0.05683320388197899
2020-06-06T01:15:00.000000000,1465,0.0,0.058689575642347336
2020-06-06T01:30:00.000000000,1466,0.0,0.061059124767780304
2020-06-06T01:45:00.000000000,1467,0.0,0.06357346475124359
2020-06-06T02:00:00.000000000,1468,0.0,0.06601699441671371
2020-06-06T02:15:00.000000000,1469,0.0,0.0680307149887085
2020-06-06T02:30:00.000000000,1470,0.0,0.06960099190473557
2020-06-06T02:45:00.000000000,1471,0.0,0.07102707028388977
2020-06-06T03:00:00.000000000,1472,0.0,0.0727437362074852
2020-06-06T03:15:00.000000000,1473,0.0,0.07476082444190979
2020-06-06T03:30:00.000000000,1474,0.0,0.07713539898395538
2020-06-06T03:45:00.000000000,1475,0.0,0.08013822883367538
2020-06-06T04:00:00.000000000,1476,0.0,0.08367226272821426
2020-06-06T04:15:00.000000000,1477,0.0,0.08783602714538574
2020-06-06T04:30:00.000000000,1478,0.0,0.09227009862661362
2020-06-06T04:45:00.000000000,1479,0.0,0.09692889451980591
2020-06-06T05:00:00.000000000,1480,0.0,0.10162784159183502
2020-06-06T05:15:00.000000000,1481,0.0,0.10663273185491562
2020-06-06T05:30:00.000000000,1482,0.0,0.11181512475013733
2020-06-06T05:45:00.000000000,1483,0.0,0.11683706194162369
2020-06-06T06:00:00.000000000,1484,0.0132661528186034,0.12132687121629715
2020-06-06T06:15:00.000000000,1485,0.0578805214282299,0.12606355547904968
2020-06-06T06:30:00.000000000,1486,0.102348448192749,0.13461633026599884
2020-06-06T06:45:00.000000000,1487,0.153758702483014,0.14834795892238617
2020-06-06T07:00:00.000000000,1488,0.147916283973699,0.16937017440795898
2020-06-06T07:15:00.000000000,1489,0.186343248720892,0.19161167740821838
2020-06-06T07:30:00.000000000,1490,0.14098817824727,0.21556717157363892
2020-06-06T07:45:00.000000000,1491,0.150834111900083,0.22505509853363037
2020-06-06T08:00:00.000000000,1492,0.427990873604017,0.2267935574054718
2020-06-06T08:15:00.000000000,1493,0.56987365470316,0.2785215377807617
2020-06-06T08:30:00.000000000,1494,0.692598234214207,0.387067973613739
2020-06-06T08:45:00.000000000,1495,0.839364574499941,0.5306081771850586
2020-06-06T09:00:00.000000000,1496,0.693536962838371,0.6796263456344604
2020-06-06T09:15:00.000000000,1497,0.64359647421599,0.7954556345939636
2020-06-06T09:30:00.000000000,1498,0.743107617276597,0.8393355011940002
2020-06-06T09:45:00.000000000,1499,0.742870879362835,0.8813027739524841
2020-06-06T10:00:00.000000000,1500,0.747613883136262,0.9051618576049805
2020-06-06T10:15:00.000000000,1501,0.814137776118593,0.9218459725379944
2020-06-06T10:30:00.000000000,1502,0.763907481825754,0.9404426217079163
2020-06-06T10:45:00.000000000,1503,0.716761700339454,0.953601062297821
2020-06-06T11:00:00.000000000,1504,0.707563453938985,0.9498918652534485
2020-06-06T11:15:00.000000000,1505,0.744861639192457,0.9515352845191956
2020-06-06T11:30:00.000000000,1506,0.671331903634346,0.9571866393089294
2020-06-06T11:45:00.000000000,1507,0.508344803637617,0.958284318447113
2020-06-06T12:00:00.000000000,1508,0.56910756479299,0.9436956644058228
2020-06-06T12:15:00.000000000,1509,0.822926915498877,0.9316194653511047
2020-06-06T12:30:00.000000000,1510,0.795687564009331,0.9427089095115662
2020-06-06T12:45:00.000000000,1511,0.572924781105614,0.9475342631340027
2020-06-06T13:00:00.000000000,1512,0.573524231070224,0.9356313347816467
2020-06-06T13:15:00.000000000,1513,0.50674841228102,0.923150360584259
2020-06-06T13:30:00.000000000,1514,0.405369046031359,0.8953105211257935
2020-06-06T13:45:00.000000000,1515,0.765672153240629,0.8126667141914368
2020-06-06T14:00:00.000000000,1516,0.681674948711653,0.8316562175750732
2020-06-06T14:15:00.000000000,1517,0.498983085180535,0.8437079787254333
2020-06-06T14:30:00.000000000,1518,0.0,0.813188910484314
2020-06-06T14:45:00.000000000,1519,0.396583254278403,0.7769030332565308
2020-06-06T15:00:00.000000000,1520,0.414928117229685,0.7937954068183899
2020-06-06T15:15:00.000000000,1521,0.634287149496679,0.7700511813163757
2020-06-06T15:30:00.000000000,1522,0.676751307866322,0.7119598984718323
2020-06-06T15:45:00.000000000,1523,0.705440923409522,0.6360985636711121
2020-06-06T16:00:00.000000000,1524,0.716065146715048,0.5414630174636841
2020-06-06T16:15:00.000000000,1525,0.668928442016938,0.4543008506298065
2020-06-06T16:30:00.000000000,1526,0.61477077425183,0.3954184055328369
2020-06-06T16:45:00.000000000,1527,0.527946127734315,0.35784751176834106
2020-06-06T17:00:00.000000000,1528,0.424814334746916,0.30805546045303345
2020-06-06T17:15:00.000000000,1529,0.327542349957096,0.2512865364551544
2020-06-06T17:30:00.000000000,1530,0.222597109051948,0.19109797477722168
2020-06-06T17:45:00.000000000,1531,0.172291099966533,0.1407720446586609
2020-06-06T18:00:00.000000000,1532,0.106946537897298,0.10590475797653198
2020-06-06T18:15:00.000000000,1533,0.0582563543808175,0.08195032924413681
2020-06-06T18:30:00.000000000,1534,0.0272063245622202,0.06586221605539322
2020-06-06T18:45:00.000000000,1535,0.0013093266964337,0.055336084216833115
2020-06-06T19:00:00.000000000,1536,0.0,0.04851580038666725
2020-06-06T19:15:00.000000000,1537,0.0,0.04436168819665909
2020-06-06T19:30:00.000000000,1538,0.0,0.04244150593876839
2020-06-06T19:45:00.000000000,1539,0.0,0.04162614792585373
2020-06-06T20:00:00.000000000,1540,0.0,0.04149778187274933
2020-06-06T20:15:00.000000000,1541,0.0,0.0417037233710289
2020-06-06T20:30:00.000000000,1542,0.0,0.04208996891975403
2020-06-06T20:45:00.000000000,1543,0.0,0.04266996309161186
2020-06-06T21:00:00.000000000,1544,0.0,0.04341021925210953
2020-06-06T21:15:00.000000000,1545,0.0,0.044247955083847046
2020-06-06T21:30:00.000000000,1546,0.0,0.04514661803841591
2020-06-06T21:45:00.000000000,1547,0.0,0.045846812427043915
2020-06-06T22:00:00.000000000,1548,0.0,0.04654286429286003
2020-06-06T22:15:00.000000000,1549,0.0,0.047179024666547775
2020-06-06T22:30:00.000000000,1550,0.0,0.04779854416847229
2020-06-06T22:45:00.000000000,1551,0.0,0.04841607064008713
2020-06-06T23:00:00.000000000,1552,0.0,0.048977866768836975
2020-06-06T23:15:00.000000000,1553,0.0,0.04945916309952736
2020-06-06T23:30:00.000000000,1554,0.0,0.049913909286260605
2020-06-06T23:45:00.000000000,1555,0.0,0.0504656620323658
2020-06-07T00:00:00.000000000,1556,0.0,0.05112968012690544
2020-06-07T00:15:00.000000000,1557,0.0,0.05194142088294029
2020-06-07T00:30:00.000000000,1558,0.0,0.05295056104660034
2020-06-07T00:45:00.000000000,1559,0.0,0.054065216332674026
2020-06-07T01:00:00.000000000,1560,0.0,0.055117666721343994
2020-06-07T01:15:00.000000000,1561,0.0,0.0562702976167202
2020-06-07T01:30:00.000000000,1562,0.0,0.05739115923643112
2020-06-07T01:45:00.000000000,1563,0.0,0.058693110942840576
2020-06-07T02:00:00.000000000,1564,0.0,0.06020056828856468
2020-06-07T02:15:00.000000000,1565,0.0,0.062124885618686676
2020-06-07T02:30:00.000000000,1566,0.0,0.0643380656838417
2020-06-07T02:45:00.000000000,1567,0.0,0.06703611463308334
2020-06-07T03:00:00.000000000,1568,0.0,0.07034391164779663
2020-06-07T03:15:00.000000000,1569,0.0,0.0741279125213623
2020-06-07T03:30:00.000000000,1570,0.0,0.078107550740242
2020-06-07T03:45:00.000000000,1571,0.0,0.08183328062295914
2020-06-07T04:00:00.000000000,1572,0.0,0.08505798876285553
2020-06-07T04:15:00.000000000,1573,0.0,0.08733154088258743
2020-06-07T04:30:00.000000000,1574,0.0,0.0890667587518692
2020-06-07T04:45:00.000000000,1575,0.0,0.09056628495454788
2020-06-07T05:00:00.000000000,1576,0.0,0.0927441194653511
2020-06-07T05:15:00.000000000,1577,0.0,0.09575267136096954
2020-06-07T05:30:00.000000000,1578,0.0,0.10006912052631378
2020-06-07T05:45:00.000000000,1579,0.0,0.10513918846845627
2020-06-07T06:00:00.000000000,1580,0.014897413420921,0.11103300005197525
2020-06-07T06:15:00.000000000,1581,0.0436939957675206,0.11837726086378098
2020-06-07T06:30:00.000000000,1582,0.070207878220777,0.12837336957454681
2020-06-07T06:45:00.000000000,1583,0.0779322923725143,0.14082133769989014
2020-06-07T07:00:00.000000000,1584,0.102479904350424,0.1537070870399475
2020-06-07T07:15:00.000000000,1585,0.132254982437763,0.16771064698696136
2020-06-07T07:30:00.000000000,1586,0.219037098361109,0.18328377604484558
2020-06-07T07:45:00.000000000,1587,0.343890746385192,0.20839309692382812
2020-06-07T08:00:00.000000000,1588,0.316687814384894,0.252807080745697
2020-06-07T08:15:00.000000000,1589,0.492526882570805,0.29636096954345703
2020-06-07T08:30:00.000000000,1590,0.52732650213655,0.36184588074684143
2020-06-07T08:45:00.000000000,1591,0.754179007204274,0.4301145076751709
2020-06-07T09:00:00.000000000,1592,0.819967208529952,0.5390341281890869
2020-06-07T09:15:00.000000000,1593,0.635415277438771,0.6384480595588684
2020-06-07T09:30:00.000000000,1594,0.150650441743017,0.7596756219863892
2020-06-07T09:45:00.000000000,1595,0.702103181692855,0.8526358008384705
2020-06-07T10:00:00.000000000,1596,0.690967041013782,0.9088701605796814
2020-06-07T10:15:00.000000000,1597,0.684108561442307,0.9348945021629333
2020-06-07T10:30:00.000000000,1598,0.641549164198559,0.9528246521949768
2020-06-07T10:45:00.000000000,1599,0.506160173497863,0.9519537687301636
2020-06-07T11:00:00.000000000,1600,0.536149387397679,0.9272698163986206
2020-06-07T11:15:00.000000000,1601,0.5748421627416,0.8982853293418884
2020-06-07T11:30:00.000000000,1602,0.623329466561652,0.8892013430595398
2020-06-07T11:45:00.000000000,1603,0.631514010966198,0.9027729034423828
2020-06-07T12:00:00.000000000,1604,0.67952473847167,0.9160791635513306
2020-06-07T12:15:00.000000000,1605,0.758762515632746,0.938393235206604
2020-06-07T12:30:00.000000000,1606,0.722769949971619,0.9563350081443787
2020-06-07T12:45:00.000000000,1607,0.555135646758005,0.9669438600540161
2020-06-07T13:00:00.000000000,1608,0.494591986687857,0.9602212905883789
2020-06-07T13:15:00.000000000,1609,0.627152591773518,0.9392563104629517
2020-06-07T13:30:00.000000000,1610,0.600114682073361,0.9173147082328796
2020-06-07T13:45:00.000000000,1611,0.667163141517732,0.8831592202186584
2020-06-07T14:00:00.000000000,1612,0.661944033242973,0.8628968000411987
2020-06-07T14:15:00.000000000,1613,0.757342627365312,0.864635705947876
2020-06-07T14:30:00.000000000,1614,0.731319969904606,0.8619331121444702
2020-06-07T14:45:00.000000000,1615,0.721050303020935,0.8477891087532043
2020-06-07T15:00:00.000000000,1616,0.581670648470912,0.8398041725158691
2020-06-07T15:15:00.000000000,1617,0.0193031381242718,0.783107578754425
2020-06-07T15:30:00.000000000,1618,0.186762331221168,0.7204478979110718
2020-06-07T15:45:00.000000000,1619,0.671544062324643,0.6581143140792847
2020-06-07T16:00:00.000000000,1620,0.256919478284189,0.563094973564148
2020-06-07T16:15:00.000000000,1621,0.5344278981286,0.3873336613178253
2020-06-07T16:30:00.000000000,1622,0.363683177314428,0.3109699785709381
2020-06-07T16:45:00.000000000,1623,0.196615836353238,0.2409239411354065
2020-06-07T17:00:00.000000000,1624,0.340595063449446,0.1756432205438614
2020-06-07T17:15:00.000000000,1625,0.301318138370513,0.1531301885843277
2020-06-07T17:30:00.000000000,1626,0.246702654484239,0.1461171805858612
2020-06-07T17:45:00.000000000,1627,0.171275308511942,0.12131322175264359
2020-06-07T18:00:00.000000000,1628,0.0986438604424943,0.10403591394424438
2020-06-07T18:15:00.000000000,1629,0.0603106292604736,0.08786841481924057
2020-06-07T18:30:00.000000000,1630,0.0284840847056658,0.0701930895447731
2020-06-07T18:45:00.000000000,1631,0.0029278932756636,0.05848046392202377
2020-06-07T19:00:00.000000000,1632,0.0,0.050616033375263214
2020-06-07T19:15:00.000000000,1633,0.0,0.04624907672405243
2020-06-07T19:30:00.000000000,1634,0.0,0.044317085295915604
2020-06-07T19:45:00.000000000,1635,0.0,0.04347020015120506
2020-06-07T20:00:00.000000000,1636,0.0,0.04314717650413513
2020-06-07T20:15:00.000000000,1637,0.0,0.04314173012971878
2020-06-07T20:30:00.000000000,1638,0.0,0.04317187890410423
2020-06-07T20:45:00.000000000,1639,0.0,0.04320599511265755
2020-06-07T21:00:00.000000000,1640,0.0,0.043327294290065765
2020-06-07T21:15:00.000000000,1641,0.0,0.04357608035206795
2020-06-07T21:30:00.000000000,1642,0.0,0.04381434991955757
2020-06-07T21:45:00.000000000,1643,0.0,0.044031623750925064
2020-06-07T22:00:00.000000000,1644,0.0,0.044155992567539215
2020-06-07T22:15:00.000000000,1645,0.0,0.04420746490359306
2020-06-07T22:30:00.000000000,1646,0.0,0.04428912326693535
2020-06-07T22:45:00.000000000,1647,0.0,0.04450599476695061
2020-06-07T23:00:00.000000000,1648,0.0,0.044880952686071396
2020-06-07T23:15:00.000000000,1649,0.0,0.04542653262615204
2020-06-07T23:30:00.000000000,1650,0.0,0.04609494283795357
2020-06-07T23:45:00.000000000,1651,0.0,0.04693063721060753
2020-06-08T00:00:00.000000000,1652,0.0,0.04786757379770279
2020-06-08T00:15:00.000000000,1653,0.0,0.04886261001229286
2020-06-08T00:30:00.000000000,1654,0.0,0.050008632242679596
2020-06-08T00:45:00.000000000,1655,0.0,0.05127252638339996
2020-06-08T01:00:00.000000000,1656,0.0,0.052700188010931015
2020-06-08T01:15:00.000000000,1657,0.0,0.054304420948028564
2020-06-08T01:30:00.000000000,1658,0.0,0.05604160577058792
2020-06-08T01:45:00.000000000,1659,0.0,0.05789453536272049
2020-06-08T02:00:00.000000000,1660,0.0,0.059869080781936646
2020-06-08T02:15:00.000000000,1661,0.0,0.0618710070848465
2020-06-08T02:30:00.000000000,1662,0.0,0.06391298770904541
2020-06-08T02:45:00.000000000,1663,0.0,0.06599464267492294
2020-06-08T03:00:00.000000000,1664,0.0,0.06788022071123123
2020-06-08T03:15:00.000000000,1665,0.0,0.06966259330511093
2020-06-08T03:30:00.000000000,1666,0.0,0.07153262197971344
2020-06-08T03:45:00.000000000,1667,0.0,0.07372185587882996
2020-06-08T04:00:00.000000000,1668,0.0,0.07638468593358994
2020-06-08T04:15:00.000000000,1669,0.0,0.07960354536771774
2020-06-08T04:30:00.000000000,1670,0.0,0.08300356566905975
2020-06-08T04:45:00.000000000,1671,0.0,0.08630426228046417
2020-06-08T05:00:00.000000000,1672,0.0,0.08958019316196442
2020-06-08T05:15:00.000000000,1673,0.0,0.09306710213422775
2020-06-08T05:30:00.000000000,1674,0.0,0.09675438702106476
2020-06-08T05:45:00.000000000,1675,0.0,0.10053978860378265
2020-06-08T06:00:00.000000000,1676,0.0194388406011746,0.10515842586755753
2020-06-08T06:15:00.000000000,1677,0.0565090951215049,0.11156908422708511
2020-06-08T06:30:00.000000000,1678,0.0969891439815862,0.121608205139637
2020-06-08T06:45:00.000000000,1679,0.141856943707018,0.13649623095989227
2020-06-08T07:00:00.000000000,1680,0.240077789872174,0.15441270172595978
2020-06-08T07:15:00.000000000,1681,0.264476174060085,0.19301412999629974
2020-06-08T07:30:00.000000000,1682,0.403902156177554,0.24078291654586792
2020-06-08T07:45:00.000000000,1683,0.488441114651158,0.31460466980934143
2020-06-08T08:00:00.000000000,1684,0.572625898646965,0.4067994952201843
2020-06-08T08:15:00.000000000,1685,0.469844123687326,0.5116077661514282
2020-06-08T08:30:00.000000000,1686,0.708145873692089,0.5499746799468994
2020-06-08T08:45:00.000000000,1687,0.553823511649384,0.6207799911499023
2020-06-08T09:00:00.000000000,1688,0.728168392215027,0.622792661190033
2020-06-08T09:15:00.000000000,1689,0.604444306583571,0.6673758029937744
2020-06-08T09:30:00.000000000,1690,0.738875466272466,0.6831165552139282
2020-06-08T09:45:00.000000000,1691,0.802818264270336,0.7708433270454407
2020-06-08T10:00:00.000000000,1692,0.729133969259704,0.8453633189201355
2020-06-08T10:15:00.000000000,1693,0.719613025065236,0.8799909353256226
2020-06-08T10:30:00.000000000,1694,0.726967178154166,0.9085560441017151
2020-06-08T10:45:00.000000000,1695,0.630522506660206,0.9379515051841736
2020-06-08T11:00:00.000000000,1696,0.747538752493421,0.9345141649246216
2020-06-08T11:15:00.000000000,1697,0.718225894117558,0.943654477596283
2020-06-08T11:30:00.000000000,1698,0.795165379080825,0.9473273754119873
2020-06-08T11:45:00.000000000,1699,0.665986574082229,0.9507948160171509
2020-06-08T12:00:00.000000000,1700,0.615308102138851,0.9512637257575989
2020-06-08T12:15:00.000000000,1701,0.763355684999143,0.940910279750824
2020-06-08T12:30:00.000000000,1702,0.752131023167918,0.9424489736557007
2020-06-08T12:45:00.000000000,1703,0.774287215999879,0.9511603116989136
2020-06-08T13:00:00.000000000,1704,0.591676549281927,0.951611340045929
2020-06-08T13:15:00.000000000,1705,0.536978161067876,0.9410256743431091
2020-06-08T13:30:00.000000000,1706,0.747573307196976,0.9129670858383179
2020-06-08T13:45:00.000000000,1707,0.680944222327749,0.8958476185798645
2020-06-08T14:00:00.000000000,1708,0.731336011555021,0.8642871379852295
2020-06-08T14:15:00.000000000,1709,0.793796087167363,0.862667441368103
2020-06-08T14:30:00.000000000,1710,0.875782311298966,0.8719214200973511
2020-06-08T14:45:00.000000000,1711,0.846510657946719,0.8839216828346252
2020-06-08T15:00:00.000000000,1712,0.717319069055845,0.8723839521408081
2020-06-08T15:15:00.000000000,1713,0.925890540764485,0.8318864703178406
2020-06-08T15:30:00.000000000,1714,0.996989359667642,0.7771391272544861
2020-06-08T15:45:00.000000000,1715,0.845537239815215,0.730926513671875
2020-06-08T16:00:00.000000000,1716,0.704129686992801,0.6602925658226013
2020-06-08T16:15:00.000000000,1717,0.598741390980944,0.5614458918571472
2020-06-08T16:30:00.000000000,1718,0.524730608116051,0.4682807922363281
2020-06-08T16:45:00.000000000,1719,0.430661224248433,0.35788804292678833
2020-06-08T17:00:00.000000000,1720,0.37377342036026,0.2619003355503082
2020-06-08T17:15:00.000000000,1721,0.290661494754695,0.20148049294948578
2020-06-08T17:30:00.000000000,1722,0.264514121325563,0.15751047432422638
2020-06-08T17:45:00.000000000,1723,0.221441728277988,0.12811902165412903
2020-06-08T18:00:00.000000000,1724,0.158213697969783,0.10782758891582489
2020-06-08T18:15:00.000000000,1725,0.0851817927896871,0.09097407758235931
2020-06-08T18:30:00.000000000,1726,0.036925497722535,0.07453444600105286
2020-06-08T18:45:00.000000000,1727,0.0052917450475785,0.061615362763404846
2020-06-08T19:00:00.000000000,1728,0.0,0.051642291247844696
2020-06-08T19:15:00.000000000,1729,0.0,0.045239146798849106
2020-06-08T19:30:00.000000000,1730,0.0,0.042000364512205124
2020-06-08T19:45:00.000000000,1731,0.0,0.0406370609998703
2020-06-08T20:00:00.000000000,1732,0.0,0.04014768451452255
2020-06-08T20:15:00.000000000,1733,0.0,0.0400562584400177
2020-06-08T20:30:00.000000000,1734,0.0,0.0399911142885685
2020-06-08T20:45:00.000000000,1735,0.0,0.039966508746147156
2020-06-08T21:00:00.000000000,1736,0.0,0.04009680822491646
2020-06-08T21:15:00.000000000,1737,0.0,0.040359944105148315
2020-06-08T21:30:00.000000000,1738,0.0,0.04069126024842262
2020-06-08T21:45:00.000000000,1739,0.0,0.04102029651403427
2020-06-08T22:00:00.000000000,1740,0.0,0.041255369782447815
2020-06-08T22:15:00.000000000,1741,0.0,0.04143219813704491
2020-06-08T22:30:00.000000000,1742,0.0,0.04167802631855011
2020-06-08T22:45:00.000000000,1743,0.0,0.04206961393356323
2020-06-08T23:00:00.000000000,1744,0.0,0.04258185625076294
2020-06-08T23:15:00.000000000,1745,0.0,0.043303199112415314
2020-06-08T23:30:00.000000000,1746,0.0,0.0442257896065712
2020-06-08T23:45:00.000000000,1747,0.0,0.04530610889196396
2020-06-09T00:00:00.000000000,1748,0.0,0.046496957540512085
2020-06-09T00:15:00.000000000,1749,0.0,0.047791987657547
2020-06-09T00:30:00.000000000,1750,0.0,0.0491955392062664
2020-06-09T00:45:00.000000000,1751,0.0,0.05076271668076515
2020-06-09T01:00:00.000000000,1752,0.0,0.052594203501939774
2020-06-09T01:15:00.000000000,1753,0.0,0.05451874062418938
2020-06-09T01:30:00.000000000,1754,0.0,0.056563861668109894
2020-06-09T01:45:00.000000000,1755,0.0,0.05863778665661812
2020-06-09T02:00:00.000000000,1756,0.0,0.060649774968624115
2020-06-09T02:15:00.000000000,1757,0.0,0.06266531348228455
2020-06-09T02:30:00.000000000,1758,0.0,0.06466458737850189
2020-06-09T02:45:00.000000000,1759,0.0,0.06704987585544586
2020-06-09T03:00:00.000000000,1760,0.0,0.06986388564109802
2020-06-09T03:15:00.000000000,1761,0.0,0.07287336140871048
2020-06-09T03:30:00.000000000,1762,0.0,0.07603903859853745
2020-06-09T03:45:00.000000000,1763,0.0,0.07952234148979187
2020-06-09T04:00:00.000000000,1764,0.0,0.08295256644487381
2020-06-09T04:15:00.000000000,1765,0.0,0.08640389144420624
2020-06-09T04:30:00.000000000,1766,0.0,0.09039686620235443
2020-06-09T04:45:00.000000000,1767,0.0,0.09480403363704681
2020-06-09T05:00:00.000000000,1768,0.0,0.09951496869325638
2020-06-09T05:15:00.000000000,1769,0.0,0.10461747646331787
2020-06-09T05:30:00.000000000,1770,0.0,0.1100771427154541
2020-06-09T05:45:00.000000000,1771,0.0,0.11526267230510712
2020-06-09T06:00:00.000000000,1772,0.0138342609031997,0.11989416182041168
2020-06-09T06:15:00.000000000,1773,0.0445399569203051,0.12552320957183838
2020-06-09T06:30:00.000000000,1774,0.0813539943799403,0.13396038115024567
2020-06-09T06:45:00.000000000,1775,0.13621248455598,0.14663508534431458
2020-06-09T07:00:00.000000000,1776,0.252071439894947,0.16607868671417236
2020-06-09T07:15:00.000000000,1777,0.398973370321095,0.20489469170570374
2020-06-09T07:30:00.000000000,1778,0.507297355760849,0.2768223285675049
2020-06-09T07:45:00.000000000,1779,0.582430200397509,0.38049963116645813
2020-06-09T08:00:00.000000000,1780,0.496150318442488,0.4997622072696686
2020-06-09T08:15:00.000000000,1781,0.559162707629283,0.5673694014549255
2020-06-09T08:30:00.000000000,1782,0.743532518806926,0.606864333152771
2020-06-09T08:45:00.000000000,1783,0.781735125121279,0.6599375009536743
2020-06-09T09:00:00.000000000,1784,0.918121484092614,0.7101724147796631
2020-06-09T09:15:00.000000000,1785,0.955259207907338,0.7704736590385437
2020-06-09T09:30:00.000000000,1786,0.838108517765881,0.8273433446884155
2020-06-09T09:45:00.000000000,1787,0.239314845383653,0.8631870150566101
2020-06-09T10:00:00.000000000,1788,0.690045702077884,0.889864444732666
2020-06-09T10:15:00.000000000,1789,0.667140472014555,0.9083005785942078
2020-06-09T10:30:00.000000000,1790,0.70933693253448,0.9222504496574402
2020-06-09T10:45:00.000000000,1791,0.667548905015815,0.9359369277954102
2020-06-09T11:00:00.000000000,1792,0.579131641647683,0.9439418315887451
2020-06-09T11:15:00.000000000,1793,0.584505706873303,0.942439615726471
2020-06-09T11:30:00.000000000,1794,0.678992420791992,0.9362564086914062
2020-06-09T11:45:00.000000000,1795,0.509567743575162,0.9402137994766235
2020-06-09T12:00:00.000000000,1796,0.621783177278481,0.9089744091033936
2020-06-09T12:15:00.000000000,1797,0.551218608242587,0.8801970481872559
2020-06-09T12:30:00.000000000,1798,0.559740633922887,0.843622624874115
2020-06-09T12:45:00.000000000,1799,0.724211631517628,0.7796059846878052
2020-06-09T13:00:00.000000000,1800,0.570265911250221,0.7847287058830261
2020-06-09T13:15:00.000000000,1801,0.571235217866283,0.8164434432983398
2020-06-09T13:30:00.000000000,1802,0.631754478451345,0.7915888428688049
2020-06-09T13:45:00.000000000,1803,0.544320878302378,0.7855129837989807
2020-06-09T14:00:00.000000000,1804,0.548626645999149,0.749758243560791
2020-06-09T14:15:00.000000000,1805,0.685457947330184,0.6818286776542664
2020-06-09T14:30:00.000000000,1806,0.629642530019005,0.6512446403503418
2020-06-09T14:45:00.000000000,1807,0.695448929855659,0.6029735207557678
2020-06-09T15:00:00.000000000,1808,0.718449174120118,0.5433204770088196
2020-06-09T15:15:00.000000000,1809,0.634771566898086,0.5116349458694458
2020-06-09T15:30:00.000000000,1810,0.638286440788246,0.466853529214859
2020-06-09T15:45:00.000000000,1811,0.806617477364647,0.41674643754959106
2020-06-09T16:00:00.000000000,1812,0.66629648798395,0.41922497749328613
2020-06-09T16:15:00.000000000,1813,0.736851081539754,0.4075680375099182
2020-06-09T16:30:00.000000000,1814,0.626097437613707,0.40435799956321716
2020-06-09T16:45:00.000000000,1815,0.349559537619423,0.3867073357105255
2020-06-09T17:00:00.000000000,1816,0.286778561596882,0.3081929385662079
2020-06-09T17:15:00.000000000,1817,0.247004008345612,0.22000926733016968
2020-06-09T17:30:00.000000000,1818,0.177709403300931,0.1597548872232437
2020-06-09T17:45:00.000000000,1819,0.125859643736962,0.11553650349378586
2020-06-09T18:00:00.000000000,1820,0.0826574571117265,0.08832021057605743
2020-06-09T18:15:00.000000000,1821,0.0495327296400451,0.07351129502058029
2020-06-09T18:30:00.000000000,1822,0.0240387501568217,0.062062084674835205
2020-06-09T18:45:00.000000000,1823,0.001148348509843,0.05374833941459656
2020-06-09T19:00:00.000000000,1824,0.0,0.048323266208171844
2020-06-09T19:15:00.000000000,1825,0.0,0.04508440941572189
2020-06-09T19:30:00.000000000,1826,0.0,0.04339228570461273
2020-06-09T19:45:00.000000000,1827,0.0,0.04256501421332359
2020-06-09T20:00:00.000000000,1828,0.0,0.042093247175216675
2020-06-09T20:15:00.000000000,1829,0.0,0.04188041388988495
2020-06-09T20:30:00.000000000,1830,0.0,0.04169750213623047
2020-06-09T20:45:00.000000000,1831,0.0,0.041444387286901474
2020-06-09T21:00:00.000000000,1832,0.0,0.04120805859565735
2020-06-09T21:15:00.000000000,1833,0.0,0.04106297716498375
2020-06-09T21:30:00.000000000,1834,0.0,0.04102518782019615
2020-06-09T21:45:00.000000000,1835,0.0,0.041150763630867004
2020-06-09T22:00:00.000000000,1836,0.0,0.041361719369888306
2020-06-09T22:15:00.000000000,1837,0.0,0.04163111746311188
2020-06-09T22:30:00.000000000,1838,0.0,0.04195136949419975
2020-06-09T22:45:00.000000000,1839,0.0,0.04232880845665932
2020-06-09T23:00:00.000000000,1840,0.0,0.04282711073756218
2020-06-09T23:15:00.000000000,1841,0.0,0.04346541687846184
2020-06-09T23:30:00.000000000,1842,0.0,0.04423132911324501
2020-06-09T23:45:00.000000000,1843,0.0,0.045152269303798676
2020-06-10T00:00:00.000000000,1844,0.0,0.04610877111554146
2020-06-10T00:15:00.000000000,1845,0.0,0.047032471746206284
2020-06-10T00:30:00.000000000,1846,0.0,0.04810339957475662
2020-06-10T00:45:00.000000000,1847,0.0,0.04929124563932419
2020-06-10T01:00:00.000000000,1848,0.0,0.05067111924290657
2020-06-10T01:15:00.000000000,1849,0.0,0.05215141549706459
2020-06-10T01:30:00.000000000,1850,0.0,0.05375117436051369
2020-06-10T01:45:00.000000000,1851,0.0,0.05533735454082489
2020-06-10T02:00:00.000000000,1852,0.0,0.05704810470342636
2020-06-10T02:15:00.000000000,1853,0.0,0.05890101566910744
2020-06-10T02:30:00.000000000,1854,0.0,0.06091178581118584
2020-06-10T02:45:00.000000000,1855,0.0,0.06293334811925888
2020-06-10T03:00:00.000000000,1856,0.0,0.0649302750825882
2020-06-10T03:15:00.000000000,1857,0.0,0.06704206019639969
2020-06-10T03:30:00.000000000,1858,0.0,0.0693785697221756
2020-06-10T03:45:00.000000000,1859,0.0,0.07210472971200943
2020-06-10T04:00:00.000000000,1860,0.0,0.07511740922927856
2020-06-10T04:15:00.000000000,1861,0.0,0.078236423432827
2020-06-10T04:30:00.000000000,1862,0.0,0.08154650777578354
2020-06-10T04:45:00.000000000,1863,0.0,0.08492326736450195
2020-06-10T05:00:00.000000000,1864,0.0,0.08857142925262451
2020-06-10T05:15:00.000000000,1865,0.0,0.09252434223890305
2020-06-10T05:30:00.000000000,1866,0.0,0.09672924876213074
2020-06-10T05:45:00.000000000,1867,0.0,0.10091974586248398
2020-06-10T06:00:00.000000000,1868,0.0123863109811882,0.1050538420677185
2020-06-10T06:15:00.000000000,1869,0.0287103303914954,0.1100626140832901
2020-06-10T06:30:00.000000000,1870,0.0420829557329533,0.11624857783317566
2020-06-10T06:45:00.000000000,1871,0.073627558171428,0.12373140454292297
2020-06-10T07:00:00.000000000,1872,0.104654783683062,0.13399364054203033
2020-06-10T07:15:00.000000000,1873,0.112354146798087,0.14745324850082397
2020-06-10T07:30:00.000000000,1874,0.177272594102928,0.1605694442987442
2020-06-10T07:45:00.000000000,1875,0.248778430567603,0.179446741938591
2020-06-10T08:00:00.000000000,1876,0.36776593461621,0.20816722512245178
2020-06-10T08:15:00.000000000,1877,0.507216495957145,0.2553549110889435
2020-06-10T08:30:00.000000000,1878,0.739580700914976,0.33496928215026855
2020-06-10T08:45:00.000000000,1879,0.617483385882844,0.47764748334884644
2020-06-10T09:00:00.000000000,1880,0.50437310218738,0.5733773112297058
2020-06-10T09:15:00.000000000,1881,0.551624906850585,0.600752592086792
2020-06-10T09:30:00.000000000,1882,0.924471978067604,0.6006974577903748
2020-06-10T09:45:00.000000000,1883,0.717263889373184,0.6928408145904541
2020-06-10T10:00:00.000000000,1884,0.649257693970964,0.7763980627059937
2020-06-10T10:15:00.000000000,1885,0.686668687525186,0.8168171048164368
2020-06-10T10:30:00.000000000,1886,0.773234286102521,0.8433869481086731
2020-06-10T10:45:00.000000000,1887,0.831052325976402,0.8784345984458923
2020-06-10T11:00:00.000000000,1888,0.593551130716175,0.8977485299110413
2020-06-10T11:15:00.000000000,1889,0.0,0.925329864025116
2020-06-10T11:30:00.000000000,1890,0.0,0.9348026514053345
2020-06-10T11:45:00.000000000,1891,0.409993714548851,0.9343786835670471
2020-06-10T12:00:00.000000000,1892,0.711625249252198,0.9209913611412048
2020-06-10T12:15:00.000000000,1893,0.732334997471081,0.9288967251777649
2020-06-10T12:30:00.000000000,1894,0.626564375457659,0.9353293776512146
2020-06-10T12:45:00.000000000,1895,0.580781235564761,0.9356133937835693
2020-06-10T13:00:00.000000000,1896,0.417864233536234,0.9195122122764587
2020-06-10T13:15:00.000000000,1897,0.538640583811827,0.8473028540611267
2020-06-10T13:30:00.000000000,1898,0.650644937255129,0.7356628775596619
2020-06-10T13:45:00.000000000,1899,0.59394397141297,0.643883466720581
2020-06-10T14:00:00.000000000,1900,0.148700819535117,0.5768300890922546
2020-06-10T14:15:00.000000000,1901,0.303749594240607,0.49982157349586487
2020-06-10T14:30:00.000000000,1902,0.478932976816265,0.4631113111972809
2020-06-10T14:45:00.000000000,1903,0.261730535501745,0.39588281512260437
2020-06-10T15:00:00.000000000,1904,0.312847299484762,0.28869515657424927
2020-06-10T15:15:00.000000000,1905,0.31709161912287,0.22174659371376038
2020-06-10T15:30:00.000000000,1906,0.251043021819161,0.1870461404323578
2020-06-10T15:45:00.000000000,1907,0.277969246583443,0.16379930078983307
2020-06-10T16:00:00.000000000,1908,0.424150066629017,0.15935176610946655
2020-06-10T16:15:00.000000000,1909,0.44974319429611,0.18956121802330017
2020-06-10T16:30:00.000000000,1910,0.42987942969731,0.2174951732158661
2020-06-10T16:45:00.000000000,1911,0.227636344142919,0.23227770626544952
2020-06-10T17:00:00.000000000,1912,0.0978249499159004,0.2034061998128891
2020-06-10T17:15:00.000000000,1913,0.0210486449343793,0.15373831987380981
2020-06-10T17:30:00.000000000,1914,0.0184092950755507,0.10606272518634796
2020-06-10T17:45:00.000000000,1915,0.0147424789373579,0.07898726314306259
2020-06-10T18:00:00.000000000,1916,0.008782331789141,0.06547229737043381
2020-06-10T18:15:00.000000000,1917,0.0,0.06069367751479149
2020-06-10T18:30:00.000000000,1918,0.0,0.058047015219926834
2020-06-10T18:45:00.000000000,1919,0.0,0.05698636919260025
2020-06-10T19:00:00.000000000,1920,0.0,0.0562247671186924
2020-06-10T19:15:00.000000000,1921,0.0,0.05587351694703102
2020-06-10T19:30:00.000000000,1922,0.0,0.05607505142688751
2020-06-10T19:45:00.000000000,1923,0.0,0.05666578188538551
2020-06-10T20:00:00.000000000,1924,0.0,0.05667486414313316
2020-06-10T20:15:00.000000000,1925,0.0,0.05615390092134476
2020-06-10T20:30:00.000000000,1926,0.0,0.05484909191727638
2020-06-10T20:45:00.000000000,1927,0.0,0.0533902645111084
2020-06-10T21:00:00.000000000,1928,0.0,0.05193553864955902
2020-06-10T21:15:00.000000000,1929,0.0,0.05080035701394081
2020-06-10T21:30:00.000000000,1930,0.0,0.04982059448957443
2020-06-10T21:45:00.000000000,1931,0.0,0.04917231947183609
2020-06-10T22:00:00.000000000,1932,0.0,0.04871589317917824
2020-06-10T22:15:00.000000000,1933,0.0,0.04841017723083496
2020-06-10T22:30:00.000000000,1934,0.0,0.048247940838336945
2020-06-10T22:45:00.000000000,1935,0.0,0.04842465743422508
2020-06-10T23:00:00.000000000,1936,0.0,0.04873279854655266
2020-06-10T23:15:00.000000000,1937,0.0,0.04920998588204384
2020-06-10T23:30:00.000000000,1938,0.0,0.049809206277132034
2020-06-10T23:45:00.000000000,1939,0.0,0.05035886541008949
2020-06-11T00:00:00.000000000,1940,0.0,0.05093130096793175
2020-06-11T00:15:00.000000000,1941,0.0,0.051667097955942154
2020-06-11T00:30:00.000000000,1942,0.0,0.052422668784856796
2020-06-11T00:45:00.000000000,1943,0.0,0.05321935936808586
2020-06-11T01:00:00.000000000,1944,0.0,0.05391708016395569
2020-06-11T01:15:00.000000000,1945,0.0,0.05463045835494995
2020-06-11T01:30:00.000000000,1946,0.0,0.055521417409181595
2020-06-11T01:45:00.000000000,1947,0.0,0.056649837642908096
2020-06-11T02:00:00.000000000,1948,0.0,0.058055613189935684
2020-06-11T02:15:00.000000000,1949,0.0,0.05980086326599121
2020-06-11T02:30:00.000000000,1950,0.0,0.0618048757314682
2020-06-11T02:45:00.000000000,1951,0.0,0.06420289725065231
2020-06-11T03:00:00.000000000,1952,0.0,0.06690622866153717
2020-06-11T03:15:00.000000000,1953,0.0,0.06981715559959412
2020-06-11T03:30:00.000000000,1954,0.0,0.07278720289468765
2020-06-11T03:45:00.000000000,1955,0.0,0.07535744458436966
2020-06-11T04:00:00.000000000,1956,0.0,0.07776683568954468
2020-06-11T04:15:00.000000000,1957,0.0,0.0804569348692894
2020-06-11T04:30:00.000000000,1958,0.0,0.08334513753652573
2020-06-11T04:45:00.000000000,1959,0.0,0.08632127940654755
2020-06-11T05:00:00.000000000,1960,0.0,0.08950933814048767
2020-06-11T05:15:00.000000000,1961,0.0,0.0929780825972557
2020-06-11T05:30:00.000000000,1962,0.0,0.09654010087251663
2020-06-11T05:45:00.000000000,1963,0.0,0.10028311610221863
2020-06-11T06:00:00.000000000,1964,0.0007584285617226,0.10425931960344315
2020-06-11T06:15:00.000000000,1965,0.0136595102632412,0.10875436663627625
2020-06-11T06:30:00.000000000,1966,0.0216959727099623,0.1139308512210846
2020-06-11T06:45:00.000000000,1967,0.035803728025635,0.12004833668470383
2020-06-11T07:00:00.000000000,1968,0.0917807975423293,0.12752665579319
2020-06-11T07:15:00.000000000,1969,0.158064672385463,0.1411236822605133
2020-06-11T07:30:00.000000000,1970,0.156115387187026,0.16355852782726288
2020-06-11T07:45:00.000000000,1971,0.112013857110145,0.18610678613185883
2020-06-11T08:00:00.000000000,1972,0.108301652946038,0.1979794204235077
2020-06-11T08:15:00.000000000,1973,0.183412322360066,0.20332154631614685
2020-06-11T08:30:00.000000000,1974,0.232857766549321,0.21488769352436066
2020-06-11T08:45:00.000000000,1975,0.370196019981156,0.2348998337984085
2020-06-11T09:00:00.000000000,1976,0.555656371312173,0.284283846616745
2020-06-11T09:15:00.000000000,1977,0.483465035133461,0.38004958629608154
2020-06-11T09:30:00.000000000,1978,0.292881286215037,0.4579024314880371
2020-06-11T09:45:00.000000000,1979,0.36092322708758,0.4553707540035248
2020-06-11T10:00:00.000000000,1980,0.460464835803598,0.4398941695690155
2020-06-11T10:15:00.000000000,1981,0.502374478803633,0.43585005402565
2020-06-11T10:30:00.000000000,1982,0.532556170041135,0.43761971592903137
2020-06-11T10:45:00.000000000,1983,0.593651469666812,0.45986270904541016
2020-06-11T11:00:00.000000000,1984,0.61287833131607,0.5062138438224792
2020-06-11T11:15:00.000000000,1985,0.686908480991408,0.5395172238349915
2020-06-11T11:30:00.000000000,1986,0.71334734513831,0.5798394083976746
2020-06-11T11:45:00.000000000,1987,0.744050232743228,0.618794858455658
2020-06-11T12:00:00.000000000,1988,0.0,0.6842768788337708
2020-06-11T12:15:00.000000000,1989,0.0618351183520546,0.7451223731040955
2020-06-11T12:30:00.000000000,1990,0.505172645903529,0.7252349853515625
2020-06-11T12:45:00.000000000,1991,0.608852034332906,0.6471841931343079
2020-06-11T13:00:00.000000000,1992,0.507607471868248,0.586992621421814
2020-06-11T13:15:00.000000000,1993,0.490069117495338,0.5090856552124023
2020-06-11T13:30:00.000000000,1994,0.551594980410314,0.4443033039569855
2020-06-11T13:45:00.000000000,1995,0.677981796815827,0.43356770277023315
2020-06-11T14:00:00.000000000,1996,0.534086305337403,0.46239790320396423
2020-06-11T14:15:00.000000000,1997,0.523340466550508,0.4570426642894745
2020-06-11T14:30:00.000000000,1998,0.353502773003727,0.4476110339164734
2020-06-11T14:45:00.000000000,1999,0.256884586571171,0.39971789717674255
2020-06-11T15:00:00.000000000,2000,0.39171634335926,0.3249672055244446
2020-06-11T15:15:00.000000000,2001,0.593620015450311,0.2786111533641815
2020-06-11T15:30:00.000000000,2002,0.348759634426514,0.2940627336502075
2020-06-11T15:45:00.000000000,2003,0.448972588459142,0.2781962752342224
2020-06-11T16:00:00.000000000,2004,0.307381994563992,0.28564342856407166
2020-06-11T16:15:00.000000000,2005,0.183440047005181,0.27583688497543335
2020-06-11T16:30:00.000000000,2006,0.182095648857349,0.2363240122795105
2020-06-11T16:45:00.000000000,2007,0.111245610339414,0.19482393562793732
2020-06-11T17:00:00.000000000,2008,0.121133984717205,0.16353411972522736
2020-06-11T17:15:00.000000000,2009,0.0962729314718668,0.1361190229654312
2020-06-11T17:30:00.000000000,2010,0.0911112271422209,0.1192617416381836
2020-06-11T17:45:00.000000000,2011,0.0835165166989537,0.10832223296165466
2020-06-11T18:00:00.000000000,2012,0.0732625769235332,0.09722547978162766
2020-06-11T18:15:00.000000000,2013,0.0350494334466524,0.08916464447975159
2020-06-11T18:30:00.000000000,2014,0.009210491077607,0.08032338321208954
2020-06-11T18:45:00.000000000,2015,0.0,0.07271929830312729
2020-06-11T19:00:00.000000000,2016,0.0,0.06634311378002167
2020-06-11T19:15:00.000000000,2017,0.0,0.0615069717168808
2020-06-11T19:30:00.000000000,2018,0.0,0.058271218091249466
2020-06-11T19:45:00.000000000,2019,0.0,0.05691488832235336
2020-06-11T20:00:00.000000000,2020,0.0,0.05685436353087425
2020-06-11T20:15:00.000000000,2021,0.0,0.057593394070863724
2020-06-11T20:30:00.000000000,2022,0.0,0.05871865153312683
2020-06-11T20:45:00.000000000,2023,0.0,0.05989889055490494
2020-06-11T21:00:00.000000000,2024,0.0,0.060468774288892746
2020-06-11T21:15:00.000000000,2025,0.0,0.06042751669883728
2020-06-11T21:30:00.000000000,2026,0.0,0.0602274090051651
2020-06-11T21:45:00.000000000,2027,0.0,0.06003832444548607
2020-06-11T22:00:00.000000000,2028,0.0,0.059957850724458694
2020-06-11T22:15:00.000000000,2029,0.0,0.059609994292259216
2020-06-11T22:30:00.000000000,2030,0.0,0.05917726084589958
2020-06-11T22:45:00.000000000,2031,0.0,0.05879613012075424
2020-06-11T23:00:00.000000000,2032,0.0,0.05865855515003204
2020-06-11T23:15:00.000000000,2033,0.0,0.0585612915456295
2020-06-11T23:30:00.000000000,2034,0.0,0.05864688754081726
2020-06-11T23:45:00.000000000,2035,0.0,0.05892924219369888
2020-06-12T00:00:00.000000000,2036,0.0,0.0594344362616539
2020-06-12T00:15:00.000000000,2037,0.0,0.05993968993425369
2020-06-12T00:30:00.000000000,2038,0.0,0.06054510548710823
2020-06-12T00:45:00.000000000,2039,0.0,0.06118417903780937
2020-06-12T01:00:00.000000000,2040,0.0,0.06181121990084648
2020-06-12T01:15:00.000000000,2041,0.0,0.06255829334259033
2020-06-12T01:30:00.000000000,2042,0.0,0.06371958553791046
2020-06-12T01:45:00.000000000,2043,0.0,0.06516458094120026
2020-06-12T02:00:00.000000000,2044,0.0,0.06704436987638474
2020-06-12T02:15:00.000000000,2045,0.0,0.06925198435783386
2020-06-12T02:30:00.000000000,2046,0.0,0.07184035331010818
2020-06-12T02:45:00.000000000,2047,0.0,0.07447002828121185
2020-06-12T03:00:00.000000000,2048,0.0,0.07728146761655807
2020-06-12T03:15:00.000000000,2049,0.0,0.08014623820781708
2020-06-12T03:30:00.000000000,2050,0.0,0.08290847390890121
2020-06-12T03:45:00.000000000,2051,0.0,0.08549857884645462
2020-06-12T04:00:00.000000000,2052,0.0,0.08798021823167801
2020-06-12T04:15:00.000000000,2053,0.0,0.09027424454689026
2020-06-12T04:30:00.000000000,2054,0.0,0.092603899538517
2020-06-12T04:45:00.000000000,2055,0.0,0.09537993371486664
2020-06-12T05:00:00.000000000,2056,0.0,0.09838581830263138
2020-06-12T05:15:00.000000000,2057,0.0,0.10168686509132385
2020-06-12T05:30:00.000000000,2058,0.0,0.10530158132314682
2020-06-12T05:45:00.000000000,2059,0.0,0.10932666808366776
2020-06-12T06:00:00.000000000,2060,0.0008645865424123,0.11355119943618774
2020-06-12T06:15:00.000000000,2061,0.0195003335944333,0.11821708083152771
2020-06-12T06:30:00.000000000,2062,0.0487193910032313,0.12449219077825546
2020-06-12T06:45:00.000000000,2063,0.100896633895567,0.13390986621379852
2020-06-12T07:00:00.000000000,2064,0.133862629910408,0.14919513463974
2020-06-12T07:15:00.000000000,2065,0.173674681081205,0.1696743667125702
2020-06-12T07:30:00.000000000,2066,0.206986269066198,0.19462573528289795
2020-06-12T07:45:00.000000000,2067,0.26922252546084,0.22173066437244415
2020-06-12T08:00:00.000000000,2068,0.241145952597238,0.254260390996933
2020-06-12T08:15:00.000000000,2069,0.260348549565195,0.2768253684043884
2020-06-12T08:30:00.000000000,2070,0.317244846091823,0.2902572453022003
2020-06-12T08:45:00.000000000,2071,0.189509901967093,0.30900663137435913
2020-06-12T09:00:00.000000000,2072,0.475483595098319,0.3008948862552643
2020-06-12T09:15:00.000000000,2073,0.380812739209317,0.3390630781650543
2020-06-12T09:30:00.000000000,2074,0.636458186921445,0.37200841307640076
2020-06-12T09:45:00.000000000,2075,0.453281928456216,0.4533866345882416
2020-06-12T10:00:00.000000000,2076,0.376185509419909,0.48957353830337524
2020-06-12T10:15:00.000000000,2077,0.259416808270554,0.4880421757698059
2020-06-12T10:30:00.000000000,2078,0.254338098137874,0.4266606271266937
2020-06-12T10:45:00.000000000,2079,0.328970843199473,0.3751779794692993
2020-06-12T11:00:00.000000000,2080,0.602897773616635,0.33295193314552307
2020-06-12T11:15:00.000000000,2081,0.789362255874839,0.38002675771713257
2020-06-12T11:30:00.000000000,2082,0.732339715603556,0.49973058700561523
2020-06-12T11:45:00.000000000,2083,0.618606503617594,0.6046652793884277
2020-06-12T12:00:00.000000000,2084,0.653892472772332,0.6477748155593872
2020-06-12T12:15:00.000000000,2085,0.627000196094573,0.6710776686668396
2020-06-12T12:30:00.000000000,2086,0.615988187234189,0.6709540486335754
2020-06-12T12:45:00.000000000,2087,0.491853672468502,0.6610856056213379
2020-06-12T13:00:00.000000000,2088,0.148183465075575,0.6940495371818542
2020-06-12T13:15:00.000000000,2089,0.622440413132261,0.7207847833633423
2020-06-12T13:30:00.000000000,2090,0.580429554956987,0.7132394313812256
2020-06-12T13:45:00.000000000,2091,0.540855297662934,0.7236430048942566
2020-06-12T14:00:00.000000000,2092,0.771402707075689,0.6903234720230103
2020-06-12T14:15:00.000000000,2093,0.652901417812289,0.6703291535377502
2020-06-12T14:30:00.000000000,2094,0.508221682847315,0.6458368301391602
2020-06-12T14:45:00.000000000,2095,0.52495550576403,0.5871298313140869
2020-06-12T15:00:00.000000000,2096,0.701553901203564,0.5183291435241699
2020-06-12T15:15:00.000000000,2097,0.624734166935975,0.5178429484367371
2020-06-12T15:30:00.000000000,2098,0.678607106639859,0.4989217221736908
2020-06-12T15:45:00.000000000,2099,0.548802115592628,0.5024405717849731
2020-06-12T16:00:00.000000000,2100,0.456492078390378,0.482441782951355
2020-06-12T16:15:00.000000000,2101,0.245603958701872,0.4303699731826782
2020-06-12T16:30:00.000000000,2102,0.241847988242234,0.3263649642467499
2020-06-12T16:45:00.000000000,2103,0.288596839983593,0.2472783327102661
2020-06-12T17:00:00.000000000,2104,0.2599988460796,0.19904059171676636
2020-06-12T17:15:00.000000000,2105,0.262285747357576,0.17166996002197266
2020-06-12T17:30:00.000000000,2106,0.178549680227448,0.15672270953655243
2020-06-12T17:45:00.000000000,2107,0.106519457039112,0.1439087986946106
2020-06-12T18:00:00.000000000,2108,0.0703442097820097,0.12321704626083374
2020-06-12T18:15:00.000000000,2109,0.0950654490350026,0.10307423770427704
2020-06-12T18:30:00.000000000,2110,0.0332537571612264,0.09186091274023056
2020-06-12T18:45:00.000000000,2111,0.002048298578521,0.08150719106197357
2020-06-12T19:00:00.000000000,2112,0.0,0.07411278784275055
2020-06-12T19:15:00.000000000,2113,0.0,0.06967739015817642
2020-06-12T19:30:00.000000000,2114,0.0,0.0668572261929512
2020-06-12T19:45:00.000000000,2115,0.0,0.06423547863960266
2020-06-12T20:00:00.000000000,2116,0.0,0.06346436589956284
2020-06-12T20:15:00.000000000,2117,0.0,0.0629509910941124
2020-06-12T20:30:00.000000000,2118,0.0,0.062314122915267944
2020-06-12T20:45:00.000000000,2119,0.0,0.06148364022374153
2020-06-12T21:00:00.000000000,2120,0.0,0.060467854142189026
2020-06-12T21:15:00.000000000,2121,0.0,0.05984683334827423
2020-06-12T21:30:00.000000000,2122,0.0,0.05965353548526764
2020-06-12T21:45:00.000000000,2123,0.0,0.059516988694667816
2020-06-12T22:00:00.000000000,2124,0.0,0.0594760961830616
2020-06-12T22:15:00.000000000,2125,0.0,0.0596504732966423
2020-06-12T22:30:00.000000000,2126,0.0,0.05912972614169121
2020-06-12T22:45:00.000000000,2127,0.0,0.05834834650158882
2020-06-12T23:00:00.000000000,2128,0.0,0.05821399763226509
2020-06-12T23:15:00.000000000,2129,0.0,0.0584961362183094
2020-06-12T23:30:00.000000000,2130,0.0,0.058930911123752594
2020-06-12T23:45:00.000000000,2131,0.0,0.059327367693185806
2020-06-13T00:00:00.000000000,2132,0.0,0.05971144512295723
2020-06-13T00:15:00.000000000,2133,0.0,0.05996282398700714
2020-06-13T00:30:00.000000000,2134,0.0,0.06012425571680069
2020-06-13T00:45:00.000000000,2135,0.0,0.06042717769742012
2020-06-13T01:00:00.000000000,2136,0.0,0.061155445873737335
2020-06-13T01:15:00.000000000,2137,0.0,0.06229190155863762
2020-06-13T01:30:00.000000000,2138,0.0,0.06385358422994614
2020-06-13T01:45:00.000000000,2139,0.0,0.06569521874189377
2020-06-13T02:00:00.000000000,2140,0.0,0.06780936568975449
2020-06-13T02:15:00.000000000,2141,0.0,0.07029210031032562
2020-06-13T02:30:00.000000000,2142,0.0,0.0729997456073761
2020-06-13T02:45:00.000000000,2143,0.0,0.07590160518884659
2020-06-13T03:00:00.000000000,2144,0.0,0.0791684091091156
2020-06-13T03:15:00.000000000,2145,0.0,0.08257942646741867
2020-06-13T03:30:00.000000000,2146,0.0,0.0858088806271553
2020-06-13T03:45:00.000000000,2147,0.0,0.08890412747859955
2020-06-13T04:00:00.000000000,2148,0.0,0.09180044382810593
2020-06-13T04:15:00.000000000,2149,0.0,0.09455075114965439
2020-06-13T04:30:00.000000000,2150,0.0,0.09758960455656052
2020-06-13T04:45:00.000000000,2151,0.0,0.10110855847597122
2020-06-13T05:00:00.000000000,2152,0.0,0.1049785390496254
2020-06-13T05:15:00.000000000,2153,0.0,0.10896258801221848
2020-06-13T05:30:00.000000000,2154,0.0,0.11296683549880981
2020-06-13T05:45:00.000000000,2155,0.0,0.1170785203576088
2020-06-13T06:00:00.000000000,2156,0.0027753627929331,0.12122597545385361
2020-06-13T06:15:00.000000000,2157,0.0427487965616767,0.12568512558937073
2020-06-13T06:30:00.000000000,2158,0.0740256562158385,0.13449570536613464
2020-06-13T06:45:00.000000000,2159,0.115362562867992,0.14772382378578186
2020-06-13T07:00:00.000000000,2160,0.199014916847633,0.16622024774551392
2020-06-13T07:15:00.000000000,2161,0.188264090320693,0.1978939324617386
2020-06-13T07:30:00.000000000,2162,0.351575056410891,0.2269979864358902
2020-06-13T07:45:00.000000000,2163,0.292304618090093,0.2809615731239319
2020-06-13T08:00:00.000000000,2164,0.381291966665001,0.32209694385528564
2020-06-13T08:15:00.000000000,2165,0.450400901963139,0.3663000166416168
2020-06-13T08:30:00.000000000,2166,0.370988643769675,0.4147326648235321
2020-06-13T08:45:00.000000000,2167,0.585006008654044,0.43678927421569824
2020-06-13T09:00:00.000000000,2168,0.649310447185495,0.4838483929634094
2020-06-13T09:15:00.000000000,2169,0.372571689551556,0.5595369935035706
2020-06-13T09:30:00.000000000,2170,0.655673882323845,0.5485543608665466
2020-06-13T09:45:00.000000000,2171,0.282623684270124,0.5765219330787659
2020-06-13T10:00:00.000000000,2172,0.495793470356288,0.6744123697280884
2020-06-13T10:15:00.000000000,2173,0.606118483180622,0.7466346621513367
2020-06-13T10:30:00.000000000,2174,0.169588216675336,0.7447497248649597
2020-06-13T10:45:00.000000000,2175,0.0,0.8258582353591919
2020-06-13T11:00:00.000000000,2176,0.361334715641301,0.8247103691101074
2020-06-13T11:15:00.000000000,2177,0.517045039921692,0.8455409407615662
2020-06-13T11:30:00.000000000,2178,0.484380105693357,0.861711323261261
2020-06-13T11:45:00.000000000,2179,0.525779561301752,0.8624887466430664
2020-06-13T12:00:00.000000000,2180,0.614732265303914,0.8422360420227051
2020-06-13T12:15:00.000000000,2181,0.738794749913816,0.8603729009628296
2020-06-13T12:30:00.000000000,2182,0.730191460018456,0.8888797163963318
2020-06-13T12:45:00.000000000,2183,0.495025066314475,0.9213005900382996
2020-06-13T13:00:00.000000000,2184,0.675061070608066,0.9122636318206787
2020-06-13T13:15:00.000000000,2185,0.581289153759354,0.9077169299125671
2020-06-13T13:30:00.000000000,2186,0.592279436743054,0.8860684037208557
2020-06-13T13:45:00.000000000,2187,0.284788453318887,0.86664217710495
2020-06-13T14:00:00.000000000,2188,0.632373609768565,0.7571484446525574
2020-06-13T14:15:00.000000000,2189,0.529270956866024,0.729823112487793
2020-06-13T14:30:00.000000000,2190,0.877631145210278,0.6580067276954651
2020-06-13T14:45:00.000000000,2191,0.417241327713034,0.7168793678283691
2020-06-13T15:00:00.000000000,2192,0.602609248582134,0.6678903102874756
2020-06-13T15:15:00.000000000,2193,0.740149572887688,0.6436323523521423
2020-06-13T15:30:00.000000000,2194,0.722102087086121,0.5901487469673157
2020-06-13T15:45:00.000000000,2195,0.697560473876644,0.5704354643821716
2020-06-13T16:00:00.000000000,2196,0.44858349980103,0.5057335495948792
2020-06-13T16:15:00.000000000,2197,0.632074907048297,0.4437623620033264
2020-06-13T16:30:00.000000000,2198,0.435666061906931,0.39555197954177856
2020-06-13T16:45:00.000000000,2199,0.485845692443906,0.32422077655792236
2020-06-13T17:00:00.000000000,2200,0.510675875622479,0.2755606770515442
2020-06-13T17:15:00.000000000,2201,0.289220824237074,0.24871711432933807
2020-06-13T17:30:00.000000000,2202,0.205875396008586,0.218649759888649
2020-06-13T17:45:00.000000000,2203,0.138750390481631,0.17142082750797272
2020-06-13T18:00:00.000000000,2204,0.127515910441398,0.13681645691394806
2020-06-13T18:15:00.000000000,2205,0.0718501477988699,0.10974415391683578
2020-06-13T18:30:00.000000000,2206,0.0292357506108409,0.0888720452785492
2020-06-13T18:45:00.000000000,2207,0.0015579498105737,0.07601409405469894
2020-06-13T19:00:00.000000000,2208,0.0,0.06668706238269806
2020-06-13T19:15:00.000000000,2209,0.0,0.06092381849884987
2020-06-13T19:30:00.000000000,2210,0.0,0.05733734741806984
2020-06-13T19:45:00.000000000,2211,0.0,0.05559885501861572
2020-06-13T20:00:00.000000000,2212,0.0,0.054687682539224625
2020-06-13T20:15:00.000000000,2213,0.0,0.05387233942747116
2020-06-13T20:30:00.000000000,2214,0.0,0.053369417786598206
2020-06-13T20:45:00.000000000,2215,0.0,0.05358746647834778
2020-06-13T21:00:00.000000000,2216,0.0,0.05388844013214111
2020-06-13T21:15:00.000000000,2217,0.0,0.054170750081539154
2020-06-13T21:30:00.000000000,2218,0.0,0.054488301277160645
2020-06-13T21:45:00.000000000,2219,0.0,0.0539545975625515
2020-06-13T22:00:00.000000000,2220,0.0,0.052733149379491806
2020-06-13T22:15:00.000000000,2221,0.0,0.05181927978992462
2020-06-13T22:30:00.000000000,2222,0.0,0.05124379321932793
2020-06-13T22:45:00.000000000,2223,0.0,0.051041245460510254
2020-06-13T23:00:00.000000000,2224,0.0,0.05111320689320564
2020-06-13T23:15:00.000000000,2225,0.0,0.05135275796055794
2020-06-13T23:30:00.000000000,2226,0.0,0.05197249725461006
2020-06-13T23:45:00.000000000,2227,0.0,0.052824173122644424
2020-06-14T00:00:00.000000000,2228,0.0,0.053837571293115616
2020-06-14T00:15:00.000000000,2229,0.0,0.05497485771775246
2020-06-14T00:30:00.000000000,2230,0.0,0.05615730211138725
2020-06-14T00:45:00.000000000,2231,0.0,0.057335954159498215
2020-06-14T01:00:00.000000000,2232,0.0,0.058474138379096985
2020-06-14T01:15:00.000000000,2233,0.0,0.059287454932928085
2020-06-14T01:30:00.000000000,2234,0.0,0.05994921177625656
2020-06-14T01:45:00.000000000,2235,0.0,0.060618460178375244
2020-06-14T02:00:00.000000000,2236,0.0,0.06115466356277466
2020-06-14T02:15:00.000000000,2237,0.0,0.061893805861473083
2020-06-14T02:30:00.000000000,2238,0.0,0.06337641179561615
2020-06-14T02:45:00.000000000,2239,0.0,0.06526262313127518
2020-06-14T03:00:00.000000000,2240,0.0,0.06741035729646683
2020-06-14T03:15:00.000000000,2241,0.0,0.07008931040763855
2020-06-14T03:30:00.000000000,2242,0.0,0.07308316230773926
2020-06-14T03:45:00.000000000,2243,0.0,0.07590144872665405
2020-06-14T04:00:00.000000000,2244,0.0,0.07869137078523636
2020-06-14T04:15:00.000000000,2245,0.0,0.08153940737247467
2020-06-14T04:30:00.000000000,2246,0.0,0.08493824303150177
2020-06-14T04:45:00.000000000,2247,0.0,0.08806595206260681
2020-06-14T05:00:00.000000000,2248,0.0,0.09122403711080551
2020-06-14T05:15:00.000000000,2249,0.0,0.09459225088357925
2020-06-14T05:30:00.000000000,2250,0.0,0.09826021641492844
2020-06-14T05:45:00.000000000,2251,0.0,0.10213132202625275
2020-06-14T06:00:00.000000000,2252,0.0144520891171646,0.10623376071453094
2020-06-14T06:15:00.000000000,2253,0.0487131450945262,0.11157412081956863
2020-06-14T06:30:00.000000000,2254,0.099975856642106,0.1201820820569992
2020-06-14T06:45:00.000000000,2255,0.167510935283039,0.1342753916978836
2020-06-14T07:00:00.000000000,2256,0.240549176241031,0.15706758201122284
2020-06-14T07:15:00.000000000,2257,0.306398353812125,0.19291330873966217
2020-06-14T07:30:00.000000000,2258,0.38224071570385,0.24234533309936523
2020-06-14T07:45:00.000000000,2259,0.475380380333602,0.30653756856918335
2020-06-14T08:00:00.000000000,2260,0.478438314327198,0.39134684205055237
2020-06-14T08:15:00.000000000,2261,0.370657588141006,0.44606515765190125
2020-06-14T08:30:00.000000000,2262,0.540056630171388,0.45156148076057434
2020-06-14T08:45:00.000000000,2263,0.453447355167712,0.4903472363948822
2020-06-14T09:00:00.000000000,2264,0.722510677358464,0.5055206418037415
2020-06-14T09:15:00.000000000,2265,0.520888340766714,0.5977187752723694
2020-06-14T09:30:00.000000000,2266,0.54938446794384,0.6566402316093445
2020-06-14T09:45:00.000000000,2267,0.511562255443467,0.6817747354507446
2020-06-14T10:00:00.000000000,2268,0.589442378751185,0.6594382524490356
2020-06-14T10:15:00.000000000,2269,0.681395365661558,0.6634770035743713
2020-06-14T10:30:00.000000000,2270,0.701882934775458,0.7341583967208862
2020-06-14T10:45:00.000000000,2271,0.483542412506053,0.8362401723861694
2020-06-14T11:00:00.000000000,2272,0.720062820361195,0.8500387072563171
2020-06-14T11:15:00.000000000,2273,0.646265723962829,0.8786998987197876
2020-06-14T11:30:00.000000000,2274,0.621045912911003,0.8978387117385864
2020-06-14T11:45:00.000000000,2275,0.553712253592161,0.8977470993995667
2020-06-14T12:00:00.000000000,2276,0.574385537387201,0.8600736856460571
2020-06-14T12:15:00.000000000,2277,0.789570819797536,0.8358662724494934
2020-06-14T12:30:00.000000000,2278,0.815477613405032,0.8558487892150879
2020-06-14T12:45:00.000000000,2279,0.736989300353977,0.8952336311340332
2020-06-14T13:00:00.000000000,2280,0.667104726544231,0.9197998642921448
2020-06-14T13:15:00.000000000,2281,0.706369069936563,0.9408525824546814
2020-06-14T13:30:00.000000000,2282,0.631849470185177,0.9476801753044128
2020-06-14T13:45:00.000000000,2283,0.623266670465138,0.9397364258766174
2020-06-14T14:00:00.000000000,2284,0.672830270171949,0.9207994341850281
2020-06-14T14:15:00.000000000,2285,0.437073009011004,0.9005714058876038
2020-06-14T14:30:00.000000000,2286,0.518412893928114,0.826198935508728
2020-06-14T14:45:00.000000000,2287,0.874717541135824,0.685370147228241
2020-06-14T15:00:00.000000000,2288,0.541327358050716,0.6373372673988342
2020-06-14T15:15:00.000000000,2289,0.297944336641358,0.5489996075630188
2020-06-14T15:30:00.000000000,2290,0.686742425195582,0.3993959128856659
2020-06-14T15:45:00.000000000,2291,0.815582108805707,0.3767041862010956
2020-06-14T16:00:00.000000000,2292,0.475507230695289,0.41770869493484497
2020-06-14T16:15:00.000000000,2293,0.316873798673603,0.3722620904445648
2020-06-14T16:30:00.000000000,2294,0.502296741954281,0.31378471851348877
2020-06-14T16:45:00.000000000,2295,0.277811840697155,0.29037046432495117
2020-06-14T17:00:00.000000000,2296,0.277035752839597,0.22187720239162445
2020-06-14T17:15:00.000000000,2297,0.228043945854173,0.17485788464546204
2020-06-14T17:30:00.000000000,2298,0.173803081686421,0.1534186601638794
2020-06-14T17:45:00.000000000,2299,0.15792187024255,0.1391962617635727
2020-06-14T18:00:00.000000000,2300,0.105853840883364,0.12357807159423828
2020-06-14T18:15:00.000000000,2301,0.0619374413378862,0.11387866735458374
2020-06-14T18:30:00.000000000,2302,0.023327727592825,0.09894908964633942
2020-06-14T18:45:00.000000000,2303,0.0,0.08469466120004654
2020-06-14T19:00:00.000000000,2304,0.0,0.07302329689264297
2020-06-14T19:15:00.000000000,2305,0.0,0.0640229880809784
2020-06-14T19:30:00.000000000,2306,0.0,0.05851401016116142
2020-06-14T19:45:00.000000000,2307,0.0,0.05508701875805855
2020-06-14T20:00:00.000000000,2308,0.0,0.05311479791998863
2020-06-14T20:15:00.000000000,2309,0.0,0.052001647651195526
2020-06-14T20:30:00.000000000,2310,0.0,0.05107194557785988
2020-06-14T20:45:00.000000000,2311,0.0,0.05040397122502327
2020-06-14T21:00:00.000000000,2312,0.0,0.050289932638406754
2020-06-14T21:15:00.000000000,2313,0.0,0.05071258544921875
2020-06-14T21:30:00.000000000,2314,0.0,0.051618605852127075
2020-06-14T21:45:00.000000000,2315,0.0,0.052604205906391144
2020-06-14T22:00:00.000000000,2316,0.0,0.05335986241698265
2020-06-14T22:15:00.000000000,2317,0.0,0.05345773696899414
2020-06-14T22:30:00.000000000,2318,0.0,0.0533418245613575
2020-06-14T22:45:00.000000000,2319,0.0,0.05330997705459595
2020-06-14T23:00:00.000000000,2320,0.0,0.05348058044910431
2020-06-14T23:15:00.000000000,2321,0.0,0.053177595138549805
2020-06-14T23:30:00.000000000,2322,0.0,0.05265626683831215
2020-06-14T23:45:00.000000000,2323,0.0,0.05221434682607651
2020-06-15T00:00:00.000000000,2324,0.0,0.05191744118928909
2020-06-15T00:15:00.000000000,2325,0.0,0.0518714003264904
2020-06-15T00:30:00.000000000,2326,0.0,0.052253663539886475
2020-06-15T00:45:00.000000000,2327,0.0,0.05300930142402649
2020-06-15T01:00:00.000000000,2328,0.0,0.053883146494627
2020-06-15T01:15:00.000000000,2329,0.0,0.0546589195728302
2020-06-15T01:30:00.000000000,2330,0.0,0.05555050075054169
2020-06-15T01:45:00.000000000,2331,0.0,0.05664806813001633
2020-06-15T02:00:00.000000000,2332,0.0,0.058071523904800415
2020-06-15T02:15:00.000000000,2333,0.0,0.0597289502620697
2020-06-15T02:30:00.000000000,2334,0.0,0.06145624816417694
2020-06-15T02:45:00.000000000,2335,0.0,0.06323137134313583
2020-06-15T03:00:00.000000000,2336,0.0,0.06540433317422867
2020-06-15T03:15:00.000000000,2337,0.0,0.06803540140390396
2020-06-15T03:30:00.000000000,2338,0.0,0.0710369199514389
2020-06-15T03:45:00.000000000,2339,0.0,0.0742570161819458
2020-06-15T04:00:00.000000000,2340,0.0,0.07748816907405853
2020-06-15T04:15:00.000000000,2341,0.0,0.08023524284362793
2020-06-15T04:30:00.000000000,2342,0.0,0.08269034326076508
2020-06-15T04:45:00.000000000,2343,0.0,0.0854010283946991
2020-06-15T05:00:00.000000000,2344,0.0,0.08828138560056686
2020-06-15T05:15:00.000000000,2345,0.0,0.09140900522470474
2020-06-15T05:30:00.000000000,2346,0.0,0.09467853605747223
2020-06-15T05:45:00.000000000,2347,0.0,0.09813819825649261
2020-06-15T06:00:00.000000000,2348,0.011453581125457,0.10200318694114685
2020-06-15T06:15:00.000000000,2349,0.0339101617249996,0.10735579580068588
2020-06-15T06:30:00.000000000,2350,0.0893514086636056,0.11519009619951248
2020-06-15T06:45:00.000000000,2351,0.127774801110496,0.12875986099243164
2020-06-15T07:00:00.000000000,2352,0.208622876885321,0.14757989346981049
2020-06-15T07:15:00.000000000,2353,0.244756312501775,0.17878872156143188
2020-06-15T07:30:00.000000000,2354,0.228453929098961,0.21629133820533752
2020-06-15T07:45:00.000000000,2355,0.447124877912705,0.2450929582118988
2020-06-15T08:00:00.000000000,2356,0.513152737900821,0.3116070032119751
2020-06-15T08:15:00.000000000,2357,0.595452538103638,0.39939606189727783
2020-06-15T08:30:00.000000000,2358,0.671707759054231,0.49444299936294556
2020-06-15T08:45:00.000000000,2359,0.716409637787622,0.609839677810669
2020-06-15T09:00:00.000000000,2360,0.508462959155172,0.7168934941291809
2020-06-15T09:15:00.000000000,2361,0.500886379820988,0.7516493201255798
2020-06-15T09:30:00.000000000,2362,0.334520804897224,0.7821934223175049
2020-06-15T09:45:00.000000000,2363,0.495296179193413,0.7343090772628784
2020-06-15T10:00:00.000000000,2364,0.656202155889973,0.7279834151268005
2020-06-15T10:15:00.000000000,2365,0.592131287383336,0.8010083436965942
2020-06-15T10:30:00.000000000,2366,0.521100027643763,0.860503613948822
2020-06-15T10:45:00.000000000,2367,0.372303115477236,0.8728368878364563
2020-06-15T11:00:00.000000000,2368,0.360000405310047,0.8447028994560242
2020-06-15T11:15:00.000000000,2369,0.568819466637142,0.7611640691757202
2020-06-15T11:30:00.000000000,2370,0.421695694115473,0.7333654761314392
2020-06-15T11:45:00.000000000,2371,0.347706547258073,0.7274779081344604
2020-06-15T12:00:00.000000000,2372,0.466658530509332,0.6815119981765747
2020-06-15T12:15:00.000000000,2373,0.60006588310319,0.7037107348442078
2020-06-15T12:30:00.000000000,2374,0.456865574744026,0.7931067943572998
2020-06-15T12:45:00.000000000,2375,0.359370309951647,0.7904111742973328
2020-06-15T13:00:00.000000000,2376,0.428130575259875,0.7365984916687012
2020-06-15T13:15:00.000000000,2377,0.193376815941788,0.6803612112998962
2020-06-15T13:30:00.000000000,2378,0.418856906141696,0.5042294859886169
2020-06-15T13:45:00.000000000,2379,0.649292563216684,0.36857640743255615
2020-06-15T14:00:00.000000000,2380,0.684275650733818,0.3702249526977539
2020-06-15T14:15:00.000000000,2381,0.318827802004514,0.5220414400100708
2020-06-15T14:30:00.000000000,2382,0.566279718393096,0.5577822327613831
2020-06-15T14:45:00.000000000,2383,0.502872983200573,0.5932206511497498
2020-06-15T15:00:00.000000000,2384,0.437640532945865,0.5601723790168762
2020-06-15T15:15:00.000000000,2385,0.666400983384625,0.4850766360759735
2020-06-15T15:30:00.000000000,2386,0.523409575957619,0.43607285618782043
2020-06-15T15:45:00.000000000,2387,0.192574373944262,0.43106353282928467
2020-06-15T16:00:00.000000000,2388,0.315417535851516,0.33182722330093384
2020-06-15T16:15:00.000000000,2389,0.398004670322066,0.27110350131988525
2020-06-15T16:30:00.000000000,2390,0.384676597631551,0.2505802810192108
2020-06-15T16:45:00.000000000,2391,0.415055034993265,0.22601784765720367
2020-06-15T17:00:00.000000000,2392,0.25185496748353,0.22641901671886444
2020-06-15T17:15:00.000000000,2393,0.0962008563814854,0.2167823314666748
2020-06-15T17:30:00.000000000,2394,0.164212713542676,0.16852332651615143
2020-06-15T17:45:00.000000000,2395,0.130565823609787,0.13633650541305542
2020-06-15T18:00:00.000000000,2396,0.0969511293142154,0.11531508713960648
2020-06-15T18:15:00.000000000,2397,0.0647662088969779,0.0992635190486908
2020-06-15T18:30:00.000000000,2398,0.0345505695729524,0.08992382138967514
2020-06-15T18:45:00.000000000,2399,0.0070224908432282,0.08274209499359131
2020-06-15T19:00:00.000000000,2400,0.0,0.07271450012922287
2020-06-15T19:15:00.000000000,2401,0.0,0.06532815843820572
2020-06-15T19:30:00.000000000,2402,0.0,0.06058831140398979
2020-06-15T19:45:00.000000000,2403,0.0,0.05763497203588486
2020-06-15T20:00:00.000000000,2404,0.0,0.055866025388240814
2020-06-15T20:15:00.000000000,2405,0.0,0.054817862808704376
2020-06-15T20:30:00.000000000,2406,0.0,0.05410407856106758
2020-06-15T20:45:00.000000000,2407,0.0,0.053245674818754196
2020-06-15T21:00:00.000000000,2408,0.0,0.05241285637021065
2020-06-15T21:15:00.000000000,2409,0.0,0.05178367719054222
2020-06-15T21:30:00.000000000,2410,0.0,0.051318179816007614
2020-06-15T21:45:00.000000000,2411,0.0,0.051090676337480545
2020-06-15T22:00:00.000000000,2412,0.0,0.050974730402231216
2020-06-15T22:15:00.000000000,2413,0.0,0.05088668689131737
2020-06-15T22:30:00.000000000,2414,0.0,0.05075690522789955
2020-06-15T22:45:00.000000000,2415,0.0,0.05063128098845482
2020-06-15T23:00:00.000000000,2416,0.0,0.05055985599756241
2020-06-15T23:15:00.000000000,2417,0.0,0.05063454434275627
2020-06-15T23:30:00.000000000,2418,0.0,0.05080612748861313
2020-06-15T23:45:00.000000000,2419,0.0,0.05123164877295494
2020-06-16T00:00:00.000000000,2420,0.0,0.05191310867667198
2020-06-16T00:15:00.000000000,2421,0.0,0.05283822491765022
2020-06-16T00:30:00.000000000,2422,0.0,0.05392031744122505
2020-06-16T00:45:00.000000000,2423,0.0,0.05500275641679764
2020-06-16T01:00:00.000000000,2424,0.0,0.055898554623126984
2020-06-16T01:15:00.000000000,2425,0.0,0.05709619075059891
2020-06-16T01:30:00.000000000,2426,0.0,0.05856536328792572
2020-06-16T01:45:00.000000000,2427,0.0,0.060295604169368744
2020-06-16T02:00:00.000000000,2428,0.0,0.06196536123752594
2020-06-16T02:15:00.000000000,2429,0.0,0.06343267112970352
2020-06-16T02:30:00.000000000,2430,0.0,0.06502599269151688
2020-06-16T02:45:00.000000000,2431,0.0,0.06681625545024872
2020-06-16T03:00:00.000000000,2432,0.0,0.06884275376796722
2020-06-16T03:15:00.000000000,2433,0.0,0.07147173583507538
2020-06-16T03:30:00.000000000,2434,0.0,0.07406163960695267
2020-06-16T03:45:00.000000000,2435,0.0,0.07653407007455826
2020-06-16T04:00:00.000000000,2436,0.0,0.07913520187139511
2020-06-16T04:15:00.000000000,2437,0.0,0.08209635317325592
2020-06-16T04:30:00.000000000,2438,0.0,0.08486510068178177
2020-06-16T04:45:00.000000000,2439,0.0,0.08822397142648697
2020-06-16T05:00:00.000000000,2440,0.0,0.09178832173347473
2020-06-16T05:15:00.000000000,2441,0.0,0.09532036632299423
2020-06-16T05:30:00.000000000,2442,0.0,0.09885535389184952
2020-06-16T05:45:00.000000000,2443,0.0,0.10237797349691391
2020-06-16T06:00:00.000000000,2444,0.007810239228189,0.1061546802520752
2020-06-16T06:15:00.000000000,2445,0.0376707604479224,0.11115899682044983
2020-06-16T06:30:00.000000000,2446,0.0745012664366255,0.11921771615743637
2020-06-16T06:45:00.000000000,2447,0.121722156098469,0.1310739368200302
2020-06-16T07:00:00.000000000,2448,0.16803783834402,0.14805525541305542
2020-06-16T07:15:00.000000000,2449,0.204554610990427,0.17092669010162354
2020-06-16T07:30:00.000000000,2450,0.260284630103806,0.19732588529586792
2020-06-16T07:45:00.000000000,2451,0.303275399459563,0.22923438251018524
2020-06-16T08:00:00.000000000,2452,0.374893370206063,0.26434847712516785
2020-06-16T08:15:00.000000000,2453,0.460731927036283,0.3064683675765991
2020-06-16T08:30:00.000000000,2454,0.513746323900783,0.35899192094802856
2020-06-16T08:45:00.000000000,2455,0.524142459202084,0.4163155257701874
2020-06-16T09:00:00.000000000,2456,0.558652677508725,0.4617888331413269
2020-06-16T09:15:00.000000000,2457,0.443705085625567,0.4997839629650116
2020-06-16T09:30:00.000000000,2458,0.587378982148744,0.4975973665714264
2020-06-16T09:45:00.000000000,2459,0.657360030533956,0.5142191052436829
2020-06-16T10:00:00.000000000,2460,0.690926240401521,0.5514258742332458
2020-06-16T10:15:00.000000000,2461,0.79318443746021,0.5966199040412903
2020-06-16T10:30:00.000000000,2462,0.70347820276718,0.6545082926750183
2020-06-16T10:45:00.000000000,2463,0.742915342144588,0.685982346534729
2020-06-16T11:00:00.000000000,2464,0.683245255535852,0.6956881284713745
2020-06-16T11:15:00.000000000,2465,0.770630011780053,0.6842736601829529
2020-06-16T11:30:00.000000000,2466,1.08298471576712,0.6855708956718445
2020-06-16T11:45:00.000000000,2467,0.708635233898946,0.7620824575424194
2020-06-16T12:00:00.000000000,2468,0.710296735483699,0.8047042489051819
2020-06-16T12:15:00.000000000,2469,0.541474204307179,0.8026705980300903
2020-06-16T12:30:00.000000000,2470,0.789351741179609,0.7466453313827515
2020-06-16T12:45:00.000000000,2471,0.861257495539792,0.7083261013031006
2020-06-16T13:00:00.000000000,2472,0.906255538188834,0.679440438747406
2020-06-16T13:15:00.000000000,2473,0.88662379337132,0.6950033903121948
2020-06-16T13:30:00.000000000,2474,0.533793915927732,0.7146172523498535
2020-06-16T13:45:00.000000000,2475,0.661212610372846,0.6716203689575195
2020-06-16T14:00:00.000000000,2476,0.708399574415464,0.6088937520980835
2020-06-16T14:15:00.000000000,2477,0.234119642313434,0.5713350772857666
2020-06-16T14:30:00.000000000,2478,0.0,0.5596573948860168
2020-06-16T14:45:00.000000000,2479,0.561773160458563,0.5844660401344299
2020-06-16T15:00:00.000000000,2480,0.551674402306978,0.5936397910118103
2020-06-16T15:15:00.000000000,2481,0.576629638463438,0.5390768647193909
2020-06-16T15:30:00.000000000,2482,0.668529669953602,0.47825887799263
2020-06-16T15:45:00.000000000,2483,0.504756978432473,0.4425101578235626
2020-06-16T16:00:00.000000000,2484,0.277514283809059,0.39171352982521057
2020-06-16T16:15:00.000000000,2485,0.382202274157827,0.3106049597263336
2020-06-16T16:30:00.000000000,2486,0.217441695565603,0.26186132431030273
2020-06-16T16:45:00.000000000,2487,0.185318582683789,0.20362989604473114
2020-06-16T17:00:00.000000000,2488,0.130961517653365,0.15496201813220978
2020-06-16T17:15:00.000000000,2489,0.054342326483264,0.1233273595571518
2020-06-16T17:30:00.000000000,2490,0.105930611638923,0.10113289207220078
2020-06-16T17:45:00.000000000,2491,0.0851417335982437,0.08623775094747543
2020-06-16T18:00:00.000000000,2492,0.0394022251970921,0.07956688851118088
2020-06-16T18:15:00.000000000,2493,0.0241675327060943,0.07256787270307541
2020-06-16T18:30:00.000000000,2494,0.0122169075580348,0.0670536682009697
2020-06-16T18:45:00.000000000,2495,0.0,0.0629112645983696
2020-06-16T19:00:00.000000000,2496,0.0,0.05815402790904045
2020-06-16T19:15:00.000000000,2497,0.0,0.05529070273041725
2020-06-16T19:30:00.000000000,2498,0.0,0.05400973930954933
2020-06-16T19:45:00.000000000,2499,0.0,0.05336389318108559
2020-06-16T20:00:00.000000000,2500,0.0,0.0533592589199543
2020-06-16T20:15:00.000000000,2501,0.0,0.05386741831898689
2020-06-16T20:30:00.000000000,2502,0.0,0.053892869502305984
2020-06-16T20:45:00.000000000,2503,0.0,0.05401402711868286
2020-06-16T21:00:00.000000000,2504,0.0,0.054294876754283905
2020-06-16T21:15:00.000000000,2505,0.0,0.05414118245244026
2020-06-16T21:30:00.000000000,2506,0.0,0.053653534501791
2020-06-16T21:45:00.000000000,2507,0.0,0.053013719618320465
2020-06-16T22:00:00.000000000,2508,0.0,0.05227256938815117
2020-06-16T22:15:00.000000000,2509,0.0,0.05184413120150566
2020-06-16T22:30:00.000000000,2510,0.0,0.05181589350104332
2020-06-16T22:45:00.000000000,2511,0.0,0.05217399820685387
2020-06-16T23:00:00.000000000,2512,0.0,0.05294092372059822
2020-06-16T23:15:00.000000000,2513,0.0,0.053725872188806534
2020-06-16T23:30:00.000000000,2514,0.0,0.054414354264736176
2020-06-16T23:45:00.000000000,2515,0.0,0.0549151636660099
2020-06-17T00:00:00.000000000,2516,0.0,0.05539245903491974
2020-06-17T00:15:00.000000000,2517,0.0,0.05539620295166969
2020-06-17T00:30:00.000000000,2518,0.0,0.05544472858309746
2020-06-17T00:45:00.000000000,2519,0.0,0.055638402700424194
2020-06-17T01:00:00.000000000,2520,0.0,0.05613578110933304
2020-06-17T01:15:00.000000000,2521,0.0,0.05705994367599487
2020-06-17T01:30:00.000000000,2522,0.0,0.05831926688551903
2020-06-17T01:45:00.000000000,2523,0.0,0.05967743694782257
2020-06-17T02:00:00.000000000,2524,0.0,0.061050619930028915
2020-06-17T02:15:00.000000000,2525,0.0,0.06255184859037399
2020-06-17T02:30:00.000000000,2526,0.0,0.0642424002289772
2020-06-17T02:45:00.000000000,2527,0.0,0.06619001924991608
2020-06-17T03:00:00.000000000,2528,0.0,0.06827454268932343
2020-06-17T03:15:00.000000000,2529,0.0,0.07055938243865967
2020-06-17T03:30:00.000000000,2530,0.0,0.07386200875043869
2020-06-17T03:45:00.000000000,2531,0.0,0.07823336124420166
2020-06-17T04:00:00.000000000,2532,0.0,0.08325795829296112
2020-06-17T04:15:00.000000000,2533,0.0,0.08875466138124466
2020-06-17T04:30:00.000000000,2534,0.0,0.09409952908754349
2020-06-17T04:45:00.000000000,2535,0.0,0.09771560877561569
2020-06-17T05:00:00.000000000,2536,0.0,0.10105669498443604
2020-06-17T05:15:00.000000000,2537,0.0,0.10499726980924606
2020-06-17T05:30:00.000000000,2538,0.0,0.10934514552354813
2020-06-17T05:45:00.000000000,2539,0.0,0.11416836827993393
2020-06-17T06:00:00.000000000,2540,0.001597245113902,0.11927696317434311
2020-06-17T06:15:00.000000000,2541,0.0256904559998648,0.12467654794454575
2020-06-17T06:30:00.000000000,2542,0.0565785415380788,0.13226918876171112
2020-06-17T06:45:00.000000000,2543,0.0610554651072086,0.14337287843227386
2020-06-17T07:00:00.000000000,2544,0.0663195304442666,0.15471242368221283
2020-06-17T07:15:00.000000000,2545,0.0786629962891214,0.16512174904346466
2020-06-17T07:30:00.000000000,2546,0.103954927365923,0.17507591843605042
2020-06-17T07:45:00.000000000,2547,0.134667610712551,0.1857866644859314
2020-06-17T08:00:00.000000000,2548,0.190123708534805,0.19839321076869965
2020-06-17T08:15:00.000000000,2549,0.189086123801639,0.21840456128120422
2020-06-17T08:30:00.000000000,2550,0.219162802890625,0.23834668099880219
2020-06-17T08:45:00.000000000,2551,0.282117630861224,0.2588842213153839
2020-06-17T09:00:00.000000000,2552,0.195637295677903,0.2862204611301422
2020-06-17T09:15:00.000000000,2553,0.202347491085875,0.2959584891796112
2020-06-17T09:30:00.000000000,2554,0.367383878222215,0.29622578620910645
2020-06-17T09:45:00.000000000,2555,0.602454134360191,0.32575300335884094
2020-06-17T10:00:00.000000000,2556,0.579044670739059,0.4085441529750824
2020-06-17T10:15:00.000000000,2557,0.483941139634793,0.48643338680267334
2020-06-17T10:30:00.000000000,2558,0.469937520243035,0.529464066028595
2020-06-17T10:45:00.000000000,2559,0.516422853052012,0.5411971211433411
2020-06-17T11:00:00.000000000,2560,0.527881646590489,0.5348288416862488
2020-06-17T11:15:00.000000000,2561,0.352564313987133,0.5150462985038757
2020-06-17T11:30:00.000000000,2562,0.648514812779111,0.4708007276058197
2020-06-17T11:45:00.000000000,2563,0.782879833928926,0.4985467791557312
2020-06-17T12:00:00.000000000,2564,0.542962595364691,0.5708024501800537
2020-06-17T12:15:00.000000000,2565,0.825697133280682,0.5812209844589233
2020-06-17T12:30:00.000000000,2566,0.749704015822729,0.6281923651695251
2020-06-17T12:45:00.000000000,2567,0.795895588716887,0.6680868268013
2020-06-17T13:00:00.000000000,2568,0.786773057108995,0.6841588616371155
2020-06-17T13:15:00.000000000,2569,0.714846835040788,0.6915008425712585
2020-06-17T13:30:00.000000000,2570,0.692434537484619,0.6911941170692444
2020-06-17T13:45:00.000000000,2571,0.0840735484058823,0.6552929878234863
2020-06-17T14:00:00.000000000,2572,0.352589859304391,0.6750683188438416
2020-06-17T14:15:00.000000000,2573,0.625018625389628,0.6698121428489685
2020-06-17T14:30:00.000000000,2574,0.513536951155376,0.6299225091934204
2020-06-17T14:45:00.000000000,2575,0.541204416998793,0.5603035688400269
2020-06-17T15:00:00.000000000,2576,0.586301405626027,0.49660763144493103
2020-06-17T15:15:00.000000000,2577,0.607130208054364,0.4524766504764557
2020-06-17T15:30:00.000000000,2578,0.381579907549767,0.4495459198951721
2020-06-17T15:45:00.000000000,2579,0.341426083849392,0.4082098603248596
2020-06-17T16:00:00.000000000,2580,0.310540447246606,0.35042470693588257
2020-06-17T16:15:00.000000000,2581,0.30727199467543,0.2887081503868103
2020-06-17T16:30:00.000000000,2582,0.290739164202154,0.23851536214351654
2020-06-17T16:45:00.000000000,2583,0.193684325842676,0.20357975363731384
2020-06-17T17:00:00.000000000,2584,0.0559608256606015,0.17594875395298004
2020-06-17T17:15:00.000000000,2585,0.139760834719416,0.13926224410533905
2020-06-17T17:30:00.000000000,2586,0.141726565979623,0.12050024420022964
2020-06-17T17:45:00.000000000,2587,0.100663243609132,0.11081583797931671
2020-06-17T18:00:00.000000000,2588,0.0625938908362544,0.10302001982927322
2020-06-17T18:15:00.000000000,2589,0.0331127973367086,0.09671885520219803
2020-06-17T18:30:00.000000000,2590,0.0200391667903866,0.09051383286714554
2020-06-17T18:45:00.000000000,2591,0.0035753558550316,0.08120822161436081
2020-06-17T19:00:00.000000000,2592,0.0,0.0747450515627861
2020-06-17T19:15:00.000000000,2593,0.0,0.07135225832462311
2020-06-17T19:30:00.000000000,2594,0.0,0.06977056711912155
2020-06-17T19:45:00.000000000,2595,0.0,0.06902853399515152
2020-06-17T20:00:00.000000000,2596,0.0,0.06804662942886353
2020-06-17T20:15:00.000000000,2597,0.0,0.06661473214626312
2020-06-17T20:30:00.000000000,2598,0.0,0.06487051397562027
2020-06-17T20:45:00.000000000,2599,0.0,0.0631498172879219
2020-06-17T21:00:00.000000000,2600,0.0,0.061554938554763794
2020-06-17T21:15:00.000000000,2601,0.0,0.06016107648611069
2020-06-17T21:30:00.000000000,2602,0.0,0.05886813998222351
2020-06-17T21:45:00.000000000,2603,0.0,0.05752008408308029
2020-06-17T22:00:00.000000000,2604,0.0,0.05636441335082054
2020-06-17T22:15:00.000000000,2605,0.0,0.05553625524044037
2020-06-17T22:30:00.000000000,2606,0.0,0.055030353367328644
2020-06-17T22:45:00.000000000,2607,0.0,0.054857973009347916
2020-06-17T23:00:00.000000000,2608,0.0,0.055060550570487976
2020-06-17T23:15:00.000000000,2609,0.0,0.055449169129133224
2020-06-17T23:30:00.000000000,2610,0.0,0.05593571439385414
2020-06-17T23:45:00.000000000,2611,0.0,0.056521520018577576
