target_timestamp,target_index,y_true_normalized,y_pred_normalized
2020-05-21T20:15:00.000000000,5,0.0,0.0016444424400106072
2020-05-21T20:30:00.000000000,6,0.0,0.0015767128206789494
2020-05-21T20:45:00.000000000,7,0.0,0.0015247843693941832
2020-05-21T21:00:00.000000000,8,0.0,0.0014884795527905226
2020-05-21T21:15:00.000000000,9,0.0,0.0014618565328419209
2020-05-21T21:30:00.000000000,10,0.0,0.0014414986362680793
2020-05-21T21:45:00.000000000,11,0.0,0.0014261433389037848
2020-05-21T22:00:00.000000000,12,0.0,0.0014150275383144617
2020-05-21T22:15:00.000000000,13,0.0,0.0014123182045295835
2020-05-21T22:30:00.000000000,14,0.0,0.0014145877212285995
2020-05-21T22:45:00.000000000,15,0.0,0.0014263170305639505
2020-05-21T23:00:00.000000000,16,0.0,0.0014525031438097358
2020-05-21T23:15:00.000000000,17,0.0,0.0014892697799950838
2020-05-21T23:30:00.000000000,18,0.0,0.001541482051834464
2020-05-21T23:45:00.000000000,19,0.0,0.001605686149559915
2020-05-22T00:00:00.000000000,20,0.0,0.0016787514323368669
2020-05-22T00:15:00.000000000,21,0.0,0.001763070933520794
2020-05-22T00:30:00.000000000,22,0.0,0.00186301174107939
2020-05-22T00:45:00.000000000,23,0.0,0.001981858629733324
2020-05-22T01:00:00.000000000,24,0.0,0.002124116290360689
2020-05-22T01:15:00.000000000,25,0.0,0.002296563470736146
2020-05-22T01:30:00.000000000,26,0.0,0.0024964595213532448
2020-05-22T01:45:00.000000000,27,0.0,0.0027313383761793375
2020-05-22T02:00:00.000000000,28,0.0,0.0030094364192336798
2020-05-22T02:15:00.000000000,29,0.0,0.003328877966850996
2020-05-22T02:30:00.000000000,30,0.0,0.0036894986405968666
2020-05-22T02:45:00.000000000,31,0.0,0.004098253324627876
2020-05-22T03:00:00.000000000,32,0.0,0.004558724816888571
2020-05-22T03:15:00.000000000,33,0.0,0.005093314219266176
2020-05-22T03:30:00.000000000,34,0.0,0.005715271923691034
2020-05-22T03:45:00.000000000,35,0.0,0.006424966733902693
2020-05-22T04:00:00.000000000,36,0.0,0.007252237293869257
2020-05-22T04:15:00.000000000,37,0.0,0.008184336125850677
2020-05-22T04:30:00.000000000,38,0.0,0.009237249381840229
2020-05-22T04:45:00.000000000,39,0.0,0.010425256565213203
2020-05-22T05:00:00.000000000,40,0.0,0.011780645698308945
2020-05-22T05:15:00.000000000,41,0.0,0.013319537043571472
2020-05-22T05:30:00.000000000,42,0.0,0.015003913082182407
2020-05-22T05:45:00.000000000,43,0.0001723691064234,0.016843903809785843
2020-05-22T06:00:00.000000000,44,0.0173734219419582,0.018958887085318565
2020-05-22T06:15:00.000000000,45,0.0433104789991879,0.022143671289086342
2020-05-22T06:30:00.000000000,46,0.0887546772419937,0.027354255318641663
2020-05-22T06:45:00.000000000,47,0.140595674559938,0.03620510548353195
2020-05-22T07:00:00.000000000,48,0.164886260654442,0.05072258412837982
2020-05-22T07:15:00.000000000,49,0.23304114463152,0.07535973936319351
2020-05-22T07:30:00.000000000,50,0.336637673667716,0.12154873460531235
2020-05-22T07:45:00.000000000,51,0.399692346308407,0.22179624438285828
2020-05-22T08:00:00.000000000,52,0.456155181264359,0.3690014183521271
2020-05-22T08:15:00.000000000,53,0.519844375321058,0.5152914524078369
2020-05-22T08:30:00.000000000,54,0.597511216573604,0.6343545913696289
2020-05-22T08:45:00.000000000,55,0.650920251518699,0.7319068908691406
2020-05-22T09:00:00.000000000,56,0.61265505131351,0.8174917697906494
2020-05-22T09:15:00.000000000,57,0.606483846372574,0.8840146064758301
2020-05-22T09:30:00.000000000,58,0.589601245011811,0.929514467716217
2020-05-22T09:45:00.000000000,59,0.602251951149984,0.9555161595344543
2020-05-22T10:00:00.000000000,60,0.592583599016615,0.9700205326080322
2020-05-22T10:15:00.000000000,61,0.602179426713653,0.9786666035652161
2020-05-22T10:30:00.000000000,62,0.587765127590884,0.9841190576553345
2020-05-22T10:45:00.000000000,63,0.583036772495427,0.9875273108482361
2020-05-22T11:00:00.000000000,64,0.589907204669172,0.9897956848144531
2020-05-22T11:15:00.000000000,65,0.596931200821333,0.9910183548927307
2020-05-22T11:30:00.000000000,66,0.607020455306075,0.9917009472846985
2020-05-22T11:45:00.000000000,67,0.609708510180921,0.9920005798339844
2020-05-22T12:00:00.000000000,68,0.607418396079403,0.9918598532676697
2020-05-22T12:15:00.000000000,69,0.607943479289286,0.9911471009254456
2020-05-22T12:30:00.000000000,70,0.605107724400671,0.9899182319641113
2020-05-22T12:45:00.000000000,71,0.604011544955624,0.9882535934448242
2020-05-22T13:00:00.000000000,72,0.64044662650832,0.9862422943115234
2020-05-22T13:15:00.000000000,73,0.627918479478011,0.9837273359298706
2020-05-22T13:30:00.000000000,74,0.556541785039368,0.9804127812385559
2020-05-22T13:45:00.000000000,75,0.575428671542849,0.9759509563446045
2020-05-22T14:00:00.000000000,76,0.583837754118615,0.9694997072219849
2020-05-22T14:15:00.000000000,77,0.603206833761051,0.9602609872817993
2020-05-22T14:30:00.000000000,78,0.648390411352851,0.9467324614524841
2020-05-22T14:45:00.000000000,79,0.713855016192631,0.9236752986907959
2020-05-22T15:00:00.000000000,80,0.74886510940136,0.8865509033203125
2020-05-22T15:15:00.000000000,81,0.700944835235624,0.8284609317779541
2020-05-22T15:30:00.000000000,82,0.65707101121891,0.7404161095619202
2020-05-22T15:45:00.000000000,83,0.603124109171654,0.6305562853813171
2020-05-22T16:00:00.000000000,84,0.545569610697453,0.4998600482940674
2020-05-22T16:15:00.000000000,85,0.483114792432727,0.3677922785282135
2020-05-22T16:30:00.000000000,86,0.420104627508384,0.24963030219078064
2020-05-22T16:45:00.000000000,87,0.352617718753292,0.15720012784004211
2020-05-22T17:00:00.000000000,88,0.283810317054908,0.09241339564323425
2020-05-22T17:15:00.000000000,89,0.220105912637801,0.052279721945524216
2020-05-22T17:30:00.000000000,90,0.158228616255323,0.029191484674811363
2020-05-22T17:45:00.000000000,91,0.104650200354372,0.016631705686450005
2020-05-22T18:00:00.000000000,92,0.0367374689097537,0.009734573774039745
2020-05-22T18:15:00.000000000,93,0.0111253339089755,0.00559332175180316
2020-05-22T18:30:00.000000000,94,0.0006652566789883,0.0035282298922538757
2020-05-22T18:45:00.000000000,95,0.0,0.002572780940681696
2020-05-22T19:00:00.000000000,96,0.0,0.002150599379092455
2020-05-22T19:15:00.000000000,97,0.0,0.001962701790034771
2020-05-22T19:30:00.000000000,98,0.0,0.0018462201114743948
2020-05-22T19:45:00.000000000,99,0.0,0.0017364044906571507
2020-05-22T20:00:00.000000000,100,0.0,0.0016407726798206568
2020-05-22T20:15:00.000000000,101,0.0,0.00156780902761966
2020-05-22T20:30:00.000000000,102,0.0,0.0015109616797417402
2020-05-22T20:45:00.000000000,103,0.0,0.0014665205962955952
2020-05-22T21:00:00.000000000,104,0.0,0.0014282737392932177
2020-05-22T21:15:00.000000000,105,0.0,0.0013870992697775364
2020-05-22T21:30:00.000000000,106,0.0,0.0013466553064063191
2020-05-22T21:45:00.000000000,107,0.0,0.0013136074412614107
2020-05-22T22:00:00.000000000,108,0.0,0.0012916409177705646
2020-05-22T22:15:00.000000000,109,0.0,0.0012879278510808945
2020-05-22T22:30:00.000000000,110,0.0,0.0012940975138917565
2020-05-22T22:45:00.000000000,111,0.0,0.0013145217671990395
2020-05-22T23:00:00.000000000,112,0.0,0.001347054960206151
2020-05-22T23:15:00.000000000,113,0.0,0.0013866758672520518
2020-05-22T23:30:00.000000000,114,0.0,0.001434225239790976
2020-05-22T23:45:00.000000000,115,0.0,0.001490793889388442
2020-05-23T00:00:00.000000000,116,0.0,0.0015578498132526875
2020-05-23T00:15:00.000000000,117,0.0,0.0016438703751191497
2020-05-23T00:30:00.000000000,118,0.0,0.001745064975693822
2020-05-23T00:45:00.000000000,119,0.0,0.0018667260883376002
2020-05-23T01:00:00.000000000,120,0.0,0.0020220705773681402
2020-05-23T01:15:00.000000000,121,0.0,0.002198674250394106
2020-05-23T01:30:00.000000000,122,0.0,0.0023990864865481853
2020-05-23T01:45:00.000000000,123,0.0,0.0026256830897182226
2020-05-23T02:00:00.000000000,124,0.0,0.002875363454222679
2020-05-23T02:15:00.000000000,125,0.0,0.0031538100447505713
2020-05-23T02:30:00.000000000,126,0.0,0.0034593180753290653
2020-05-23T02:45:00.000000000,127,0.0,0.0038118206430226564
2020-05-23T03:00:00.000000000,128,0.0,0.0042381747625768185
2020-05-23T03:15:00.000000000,129,0.0,0.004745936021208763
2020-05-23T03:30:00.000000000,130,0.0,0.00533435819670558
2020-05-23T03:45:00.000000000,131,0.0,0.006023419089615345
2020-05-23T04:00:00.000000000,132,0.0,0.006821108050644398
2020-05-23T04:15:00.000000000,133,0.0,0.007754362188279629
2020-05-23T04:30:00.000000000,134,0.0,0.008823373354971409
2020-05-23T04:45:00.000000000,135,0.0,0.01001558918505907
2020-05-23T05:00:00.000000000,136,0.0,0.011332817375659943
2020-05-23T05:15:00.000000000,137,0.0,0.01278473436832428
2020-05-23T05:30:00.000000000,138,0.0,0.014395083300769329
2020-05-23T05:45:00.000000000,139,0.0,0.016165683045983315
2020-05-23T06:00:00.000000000,140,0.0147436247695305,0.01823616586625576
2020-05-23T06:15:00.000000000,141,0.0391932119284454,0.02128615416586399
2020-05-23T06:30:00.000000000,142,0.0726190685885253,0.026162244379520416
2020-05-23T06:45:00.000000000,143,0.115054693490343,0.0336553119122982
2020-05-23T07:00:00.000000000,144,0.16666304194267,0.04499473050236702
2020-05-23T07:15:00.000000000,145,0.226928422065978,0.06965526938438416
2020-05-23T07:30:00.000000000,146,0.293984632727986,0.12126850336790085
2020-05-23T07:45:00.000000000,147,0.360761215405305,0.21597972512245178
2020-05-23T08:00:00.000000000,148,0.430276696451713,0.3541373610496521
2020-05-23T08:15:00.000000000,149,0.497902183497788,0.5036563277244568
2020-05-23T08:30:00.000000000,150,0.561622652032607,0.6312161684036255
2020-05-23T08:45:00.000000000,151,0.623551398526361,0.7319537401199341
2020-05-23T09:00:00.000000000,152,0.678009251853372,0.8127164840698242
2020-05-23T09:15:00.000000000,153,0.719828486448265,0.8734599351882935
2020-05-23T09:30:00.000000000,154,0.622558905659279,0.9167337417602539
2020-05-23T09:45:00.000000000,155,0.586195876729667,0.9451355934143066
2020-05-23T10:00:00.000000000,156,0.613108733451937,0.9623305201530457
2020-05-23T10:15:00.000000000,157,0.611700977525154,0.9729915857315063
2020-05-23T10:30:00.000000000,158,0.599422374768182,0.9794862270355225
2020-05-23T10:45:00.000000000,159,0.576191548629477,0.9841684103012085
2020-05-23T11:00:00.000000000,160,0.589193688235152,0.9873612523078918
2020-05-23T11:15:00.000000000,161,0.600738733728734,0.9893003702163696
2020-05-23T11:30:00.000000000,162,0.606157845885842,0.9904029369354248
2020-05-23T11:45:00.000000000,163,0.607615883624432,0.990882396697998
2020-05-23T12:00:00.000000000,164,0.604542649401238,0.9908751845359802
2020-05-23T12:15:00.000000000,165,0.600508421462057,0.9901415705680847
2020-05-23T12:30:00.000000000,166,0.630707996668369,0.9887173771858215
2020-05-23T12:45:00.000000000,167,0.63034746394538,0.9866116642951965
2020-05-23T13:00:00.000000000,168,0.578538347722589,0.9837368130683899
2020-05-23T13:15:00.000000000,169,0.645393026726019,0.9802890419960022
2020-05-23T13:30:00.000000000,170,0.666568769162358,0.9754201769828796
2020-05-23T13:45:00.000000000,171,0.650501191485721,0.9691721796989441
2020-05-23T14:00:00.000000000,172,0.602597363381756,0.9627557396888733
2020-05-23T14:15:00.000000000,173,0.627255447061475,0.952915608882904
2020-05-23T14:30:00.000000000,174,0.678203930986214,0.9386857151985168
2020-05-23T14:45:00.000000000,175,0.708415458794797,0.9133778810501099
2020-05-23T15:00:00.000000000,176,0.731818833778306,0.8713333606719971
2020-05-23T15:15:00.000000000,177,0.685243002694997,0.8044488430023193
2020-05-23T15:30:00.000000000,178,0.638912829042559,0.7129207253456116
2020-05-23T15:45:00.000000000,179,0.587659845834797,0.5956259965896606
2020-05-23T16:00:00.000000000,180,0.517701242279787,0.46384942531585693
2020-05-23T16:15:00.000000000,181,0.462044376687069,0.3249792158603668
2020-05-23T16:30:00.000000000,182,0.403914603060369,0.2123665064573288
2020-05-23T16:45:00.000000000,183,0.35132095127616,0.13113108277320862
2020-05-23T17:00:00.000000000,184,0.283497752012081,0.07626369595527649
2020-05-23T17:15:00.000000000,185,0.218160581683724,0.042736366391181946
2020-05-23T17:30:00.000000000,186,0.157402673464612,0.023916995152831078
2020-05-23T17:45:00.000000000,187,0.106099498314234,0.013714507222175598
2020-05-23T18:00:00.000000000,188,0.064268827864913,0.00821272935718298
2020-05-23T18:15:00.000000000,189,0.0283487192382256,0.005238364450633526
2020-05-23T18:30:00.000000000,190,0.0026908857543314,0.003569428576156497
2020-05-23T18:45:00.000000000,191,0.0,0.002606230089440942
2020-05-23T19:00:00.000000000,192,0.0,0.0020808835979551077
2020-05-23T19:15:00.000000000,193,0.0,0.0018167876405641437
2020-05-23T19:30:00.000000000,194,0.0,0.001671810750849545
2020-05-23T19:45:00.000000000,195,0.0,0.0015760386595502496
2020-05-23T20:00:00.000000000,196,0.0,0.0014856134075671434
2020-05-23T20:15:00.000000000,197,0.0,0.0014057336375117302
2020-05-23T20:30:00.000000000,198,0.0,0.0013390916865319014
2020-05-23T20:45:00.000000000,199,0.0,0.0012943402398377657
2020-05-23T21:00:00.000000000,200,0.0,0.0012743407860398293
2020-05-23T21:15:00.000000000,201,0.0,0.00126864283811301
2020-05-23T21:30:00.000000000,202,0.0,0.001268247258849442
2020-05-23T21:45:00.000000000,203,0.0,0.0012724209809675813
2020-05-23T22:00:00.000000000,204,0.0,0.0012800490949302912
2020-05-23T22:15:00.000000000,205,0.0,0.0012934929691255093
2020-05-23T22:30:00.000000000,206,0.0,0.0013114180183038116
2020-05-23T22:45:00.000000000,207,0.0,0.0013370801461860538
2020-05-23T23:00:00.000000000,208,0.0,0.0013721073046326637
2020-05-23T23:15:00.000000000,209,0.0,0.0014157432597130537
2020-05-23T23:30:00.000000000,210,0.0,0.0014676437713205814
2020-05-23T23:45:00.000000000,211,0.0,0.0015258168568834662
2020-05-24T00:00:00.000000000,212,0.0,0.0015893385279923677
2020-05-24T00:15:00.000000000,213,0.0,0.00166621885728091
2020-05-24T00:30:00.000000000,214,0.0,0.0017728700768202543
2020-05-24T00:45:00.000000000,215,0.0,0.001902789226733148
2020-05-24T01:00:00.000000000,216,0.0,0.002056008204817772
2020-05-24T01:15:00.000000000,217,0.0,0.0022342593874782324
2020-05-24T01:30:00.000000000,218,0.0,0.002430293243378401
2020-05-24T01:45:00.000000000,219,0.0,0.002646744716912508
2020-05-24T02:00:00.000000000,220,0.0,0.00288979965262115
2020-05-24T02:15:00.000000000,221,0.0,0.003161545842885971
2020-05-24T02:30:00.000000000,222,0.0,0.0034566856920719147
2020-05-24T02:45:00.000000000,223,0.0,0.003788541303947568
2020-05-24T03:00:00.000000000,224,0.0,0.004162526689469814
2020-05-24T03:15:00.000000000,225,0.0,0.0046080476604402065
2020-05-24T03:30:00.000000000,226,0.0,0.005127651151269674
2020-05-24T03:45:00.000000000,227,0.0,0.005709839519113302
2020-05-24T04:00:00.000000000,228,0.0,0.0064003546722233295
2020-05-24T04:15:00.000000000,229,0.0,0.007227793801575899
2020-05-24T04:30:00.000000000,230,0.0,0.008208679966628551
2020-05-24T04:45:00.000000000,231,0.0,0.009340496733784676
2020-05-24T05:00:00.000000000,232,0.0,0.0105629563331604
2020-05-24T05:15:00.000000000,233,0.0,0.011891798116266727
2020-05-24T05:30:00.000000000,234,0.0,0.013332227244973183
2020-05-24T05:45:00.000000000,235,0.0,0.014926452189683914
2020-05-24T06:00:00.000000000,236,0.0119018711124835,0.016772957518696785
2020-05-24T06:15:00.000000000,237,0.0392913490839274,0.019394775852560997
2020-05-24T06:30:00.000000000,238,0.0783103945221493,0.023860445246100426
2020-05-24T06:45:00.000000000,239,0.121960579059544,0.03146035224199295
2020-05-24T07:00:00.000000000,240,0.164944203814695,0.04343603178858757
2020-05-24T07:15:00.000000000,241,0.215770285902652,0.06526066362857819
2020-05-24T07:30:00.000000000,242,0.282774979051492,0.10370425879955292
2020-05-24T07:45:00.000000000,243,0.358417337060868,0.1709638237953186
2020-05-24T08:00:00.000000000,244,0.434056998994543,0.27754127979278564
2020-05-24T08:15:00.000000000,245,0.50347029877192,0.41568148136138916
2020-05-24T08:30:00.000000000,246,0.566702957343409,0.5564055442810059
2020-05-24T08:45:00.000000000,247,0.626349385887877,0.6762657761573792
2020-05-24T09:00:00.000000000,248,0.685683676268171,0.7710712552070618
2020-05-24T09:15:00.000000000,249,0.743927448962388,0.8433867692947388
2020-05-24T09:30:00.000000000,250,0.693000848185415,0.8963648676872253
2020-05-24T09:45:00.000000000,251,0.674957810908754,0.9313973784446716
2020-05-24T10:00:00.000000000,252,0.642620966625818,0.9545078873634338
2020-05-24T10:15:00.000000000,253,0.628297345515761,0.9684659242630005
2020-05-24T10:30:00.000000000,254,0.539969816533846,0.9767869710922241
2020-05-24T10:45:00.000000000,255,0.557285115577171,0.9821959733963013
2020-05-24T11:00:00.000000000,256,0.602390776581239,0.9855005741119385
2020-05-24T11:15:00.000000000,257,0.483032022908735,0.9875226020812988
2020-05-24T11:30:00.000000000,258,0.464334603125075,0.9887587428092957
2020-05-24T11:45:00.000000000,259,0.469605161511111,0.9892519116401672
2020-05-24T12:00:00.000000000,260,0.470502550307874,0.9891563057899475
2020-05-24T12:15:00.000000000,261,0.511173481327519,0.9881792664527893
2020-05-24T12:30:00.000000000,262,0.516279331955579,0.9865655303001404
2020-05-24T12:45:00.000000000,263,0.510580254804317,0.9843776822090149
2020-05-24T13:00:00.000000000,264,0.521843380648863,0.9821374416351318
2020-05-24T13:15:00.000000000,265,0.548473396562899,0.9792839288711548
2020-05-24T13:30:00.000000000,266,0.558939876972674,0.9753043055534363
2020-05-24T13:45:00.000000000,267,0.572773935670196,0.9699119925498962
2020-05-24T14:00:00.000000000,268,0.587623898158796,0.9614622592926025
2020-05-24T14:15:00.000000000,269,0.600993512882389,0.9498435854911804
2020-05-24T14:30:00.000000000,270,0.652391477560922,0.9318532347679138
2020-05-24T14:45:00.000000000,271,0.666523205483027,0.9025803208351135
2020-05-24T15:00:00.000000000,272,0.760917174397634,0.8580256104469299
2020-05-24T15:15:00.000000000,273,0.708625752699401,0.7892742156982422
2020-05-24T15:30:00.000000000,274,0.656015115638282,0.6934117674827576
2020-05-24T15:45:00.000000000,275,0.596904442270009,0.573441207408905
2020-05-24T16:00:00.000000000,276,0.538536447887912,0.43868714570999146
2020-05-24T16:15:00.000000000,277,0.477228338020311,0.3095161020755768
2020-05-24T16:30:00.000000000,278,0.414878284763829,0.20074132084846497
2020-05-24T16:45:00.000000000,279,0.343061141424987,0.12255414575338364
2020-05-24T17:00:00.000000000,280,0.26311445362588,0.07027062028646469
2020-05-24T17:15:00.000000000,281,0.199718704941835,0.03938129171729088
2020-05-24T17:30:00.000000000,282,0.145597119656513,0.022041575983166695
2020-05-24T17:45:00.000000000,283,0.0989631432072732,0.012807232327759266
2020-05-24T18:00:00.000000000,284,0.0596415980755052,0.007716237101703882
2020-05-24T18:15:00.000000000,285,0.0318336666881154,0.004890598822385073
2020-05-24T18:30:00.000000000,286,0.0115141080249232,0.00331448414362967
2020-05-24T18:45:00.000000000,287,0.0,0.002457232214510441
2020-05-24T19:00:00.000000000,288,0.0,0.0020182339940220118
2020-05-24T19:15:00.000000000,289,0.0,0.0017747958190739155
2020-05-24T19:30:00.000000000,290,0.0,0.0016424310160800815
2020-05-24T19:45:00.000000000,291,0.0,0.0015410168562084436
2020-05-24T20:00:00.000000000,292,0.0,0.0014685617061331868
2020-05-24T20:15:00.000000000,293,0.0,0.0014172149822115898
2020-05-24T20:30:00.000000000,294,0.0,0.0013824846828356385
2020-05-24T20:45:00.000000000,295,0.0,0.001355807646177709
2020-05-24T21:00:00.000000000,296,0.0,0.0013255621306598186
2020-05-24T21:15:00.000000000,297,0.0,0.0013036626623943448
2020-05-24T21:30:00.000000000,298,0.0,0.0012861057184636593
2020-05-24T21:45:00.000000000,299,0.0,0.001276416820473969
2020-05-24T22:00:00.000000000,300,0.0,0.0012738117948174477
2020-05-24T22:15:00.000000000,301,0.0,0.0012808394385501742
2020-05-24T22:30:00.000000000,302,0.0,0.0012943322071805596
2020-05-24T22:45:00.000000000,303,0.0,0.001316117704845965
2020-05-24T23:00:00.000000000,304,0.0,0.001348000718280673
2020-05-24T23:15:00.000000000,305,0.0,0.0013921598438173532
2020-05-24T23:30:00.000000000,306,0.0,0.0014471957692876458
2020-05-24T23:45:00.000000000,307,0.0,0.001512702088803053
2020-05-25T00:00:00.000000000,308,0.0,0.0015861652791500092
2020-05-25T00:15:00.000000000,309,0.0,0.0016716914251446724
2020-05-25T00:30:00.000000000,310,0.0,0.001771270646713674
2020-05-25T00:45:00.000000000,311,0.0,0.0018878146074712276
2020-05-25T01:00:00.000000000,312,0.0,0.002024336950853467
2020-05-25T01:15:00.000000000,313,0.0,0.002181774703785777
2020-05-25T01:30:00.000000000,314,0.0,0.0023642447777092457
2020-05-25T01:45:00.000000000,315,0.0,0.002580605912953615
2020-05-25T02:00:00.000000000,316,0.0,0.002835407853126526
2020-05-25T02:15:00.000000000,317,0.0,0.0031314403750002384
2020-05-25T02:30:00.000000000,318,0.0,0.0034682094119489193
2020-05-25T02:45:00.000000000,319,0.0,0.0038505448028445244
2020-05-25T03:00:00.000000000,320,0.0,0.004277672152966261
2020-05-25T03:15:00.000000000,321,0.0,0.004758084658533335
2020-05-25T03:30:00.000000000,322,0.0,0.005304770078510046
2020-05-25T03:45:00.000000000,323,0.0,0.005914589855819941
2020-05-25T04:00:00.000000000,324,0.0,0.006599752232432365
2020-05-25T04:15:00.000000000,325,0.0,0.007396156433969736
2020-05-25T04:30:00.000000000,326,0.0,0.008296383544802666
2020-05-25T04:45:00.000000000,327,0.0,0.00933350995182991
2020-05-25T05:00:00.000000000,328,0.0,0.010530159808695316
2020-05-25T05:15:00.000000000,329,0.0,0.011874071322381496
2020-05-25T05:30:00.000000000,330,0.0,0.013348106294870377
2020-05-25T05:45:00.000000000,331,0.0,0.014916121028363705
2020-05-25T06:00:00.000000000,332,0.0137433357502154,0.01669210009276867
2020-05-25T06:15:00.000000000,333,0.0446738395461103,0.01928185485303402
2020-05-25T06:30:00.000000000,334,0.0953474136186333,0.02400307171046734
2020-05-25T06:45:00.000000000,335,0.123790270833386,0.033238306641578674
2020-05-25T07:00:00.000000000,336,0.166994524449992,0.04704372584819794
2020-05-25T07:15:00.000000000,337,0.223986733869649,0.06963680684566498
2020-05-25T07:30:00.000000000,338,0.285471391761008,0.1082443818449974
2020-05-25T07:45:00.000000000,339,0.355420401779985,0.17251399159431458
2020-05-25T08:00:00.000000000,340,0.409481055754486,0.2733900249004364
2020-05-25T08:15:00.000000000,341,0.474579645850686,0.3942601680755615
2020-05-25T08:30:00.000000000,342,0.535609947584694,0.5157188773155212
2020-05-25T08:45:00.000000000,343,0.584919711764344,0.6287437081336975
2020-05-25T09:00:00.000000000,344,0.665165349423992,0.722659170627594
2020-05-25T09:15:00.000000000,345,0.720679008462442,0.8108845353126526
2020-05-25T09:30:00.000000000,346,0.749273407598835,0.8751562833786011
2020-05-25T09:45:00.000000000,347,0.740373751582147,0.9219592809677124
2020-05-25T10:00:00.000000000,348,0.725208505507723,0.9490415453910828
2020-05-25T10:15:00.000000000,349,0.81410922018347,0.9618196487426758
2020-05-25T10:30:00.000000000,350,0.836500465881881,0.9714316129684448
2020-05-25T10:45:00.000000000,351,0.84254679758331,0.9782621264457703
2020-05-25T11:00:00.000000000,352,0.853592889334001,0.9798485636711121
2020-05-25T11:15:00.000000000,353,0.797623234025482,0.9837961792945862
2020-05-25T11:30:00.000000000,354,0.787054931823435,0.9866943359375
2020-05-25T11:45:00.000000000,355,0.819317723893809,0.9850192666053772
2020-05-25T12:00:00.000000000,356,0.826998663824883,0.9857771992683411
2020-05-25T12:15:00.000000000,357,0.833837754118615,0.9860475659370422
2020-05-25T12:30:00.000000000,358,0.829281925400664,0.9858222603797913
2020-05-25T12:45:00.000000000,359,0.827302960902229,0.9850906729698181
2020-05-25T13:00:00.000000000,360,0.812378002574573,0.9834622740745544
2020-05-25T13:15:00.000000000,361,0.817871211878838,0.9809196591377258
2020-05-25T13:30:00.000000000,362,0.831987976580808,0.976784884929657
2020-05-25T13:45:00.000000000,363,0.839940636007852,0.9713654518127441
2020-05-25T14:00:00.000000000,364,0.822158174447601,0.9636373519897461
2020-05-25T14:15:00.000000000,365,0.857030632991842,0.9514816999435425
2020-05-25T14:30:00.000000000,366,0.855600926515401,0.9326439499855042
2020-05-25T14:45:00.000000000,367,0.807049141551523,0.9042420983314514
2020-05-25T15:00:00.000000000,368,0.767474457378818,0.8611246347427368
2020-05-25T15:15:00.000000000,369,0.716660844640974,0.7980875372886658
2020-05-25T15:30:00.000000000,370,0.66093131980814,0.7059406638145447
2020-05-25T15:45:00.000000000,371,0.605282609844415,0.5842870473861694
2020-05-25T16:00:00.000000000,372,0.580629738577716,0.449334979057312
2020-05-25T16:15:00.000000000,373,0.533921350439155,0.3424554765224457
2020-05-25T16:30:00.000000000,374,0.267144390311239,0.2558300197124481
2020-05-25T16:45:00.000000000,375,0.319824743396502,0.11637143045663834
2020-05-25T17:00:00.000000000,376,0.242175449103303,0.05903894826769829
2020-05-25T17:15:00.000000000,377,0.101851898450691,0.0314827524125576
2020-05-25T17:30:00.000000000,378,0.0404653103129209,0.01486218348145485
2020-05-25T17:45:00.000000000,379,0.021359030649348,0.00744822109118104
2020-05-25T18:00:00.000000000,380,0.0114212506843539,0.004355641547590494
2020-05-25T18:15:00.000000000,381,0.0006347460889827,0.0029977147933095694
2020-05-25T18:30:00.000000000,382,0.0,0.002422170713543892
2020-05-25T18:45:00.000000000,383,0.0,0.0021540226880460978
2020-05-25T19:00:00.000000000,384,0.0,0.001960062887519598
2020-05-25T19:15:00.000000000,385,0.0,0.001802713144570589
2020-05-25T19:30:00.000000000,386,0.0,0.0016768202185630798
2020-05-25T19:45:00.000000000,387,0.0,0.0015639151679351926
2020-05-25T20:00:00.000000000,388,0.0,0.001457957667298615
2020-05-25T20:15:00.000000000,389,0.0,0.0013609027955681086
2020-05-25T20:30:00.000000000,390,0.0,0.0012710897717624903
2020-05-25T20:45:00.000000000,391,0.0,0.0011963493889197707
2020-05-25T21:00:00.000000000,392,0.0,0.0011396398767828941
2020-05-25T21:15:00.000000000,393,0.0,0.0011004861444234848
2020-05-25T21:30:00.000000000,394,0.0,0.0010814652778208256
2020-05-25T21:45:00.000000000,395,0.0,0.0010818967130035162
2020-05-25T22:00:00.000000000,396,0.0,0.0010915150633081794
2020-05-25T22:15:00.000000000,397,0.0,0.001113239792175591
2020-05-25T22:30:00.000000000,398,0.0,0.001138475607149303
2020-05-25T22:45:00.000000000,399,0.0,0.0011640687007457018
2020-05-25T23:00:00.000000000,400,0.0,0.0011976798996329308
2020-05-25T23:15:00.000000000,401,0.0,0.001243437291122973
2020-05-25T23:30:00.000000000,402,0.0,0.0013030327390879393
2020-05-25T23:45:00.000000000,403,0.0,0.0013766275951638818
2020-05-26T00:00:00.000000000,404,0.0,0.0014620618894696236
2020-05-26T00:15:00.000000000,405,0.0,0.001542461453936994
2020-05-26T00:30:00.000000000,406,0.0,0.0016183331608772278
2020-05-26T00:45:00.000000000,407,0.0,0.0017038154182955623
2020-05-26T01:00:00.000000000,408,0.0,0.001823861850425601
2020-05-26T01:15:00.000000000,409,0.0,0.0020178277045488358
2020-05-26T01:30:00.000000000,410,0.0,0.002295904327183962
2020-05-26T01:45:00.000000000,411,0.0,0.0026623797602951527
2020-05-26T02:00:00.000000000,412,0.0,0.0030481480062007904
2020-05-26T02:15:00.000000000,413,0.0,0.0034219755325466394
2020-05-26T02:30:00.000000000,414,0.0,0.0038132350891828537
2020-05-26T02:45:00.000000000,415,0.0,0.0042278035543859005
2020-05-26T03:00:00.000000000,416,0.0,0.004659771919250488
2020-05-26T03:15:00.000000000,417,0.0,0.005075626075267792
2020-05-26T03:30:00.000000000,418,0.0,0.005508024711161852
2020-05-26T03:45:00.000000000,419,0.0,0.006028877105563879
2020-05-26T04:00:00.000000000,420,0.0,0.006691938266158104
2020-05-26T04:15:00.000000000,421,0.0,0.007551274262368679
2020-05-26T04:30:00.000000000,422,0.0,0.008624675683677197
2020-05-26T04:45:00.000000000,423,0.0,0.009875494986772537
2020-05-26T05:00:00.000000000,424,0.0,0.011219914071261883
2020-05-26T05:15:00.000000000,425,0.0,0.012690937146544456
2020-05-26T05:30:00.000000000,426,0.0,0.014330226927995682
2020-05-26T05:45:00.000000000,427,0.0,0.016148561611771584
2020-05-26T06:00:00.000000000,428,0.0145793438902072,0.01826503500342369
2020-05-26T06:15:00.000000000,429,0.0417495859726417,0.02136554755270481
2020-05-26T06:30:00.000000000,430,0.0766854472304293,0.02647184021770954
2020-05-26T06:45:00.000000000,431,0.118374663574687,0.034555643796920776
2020-05-26T07:00:00.000000000,432,0.168799007916038,0.047592028975486755
2020-05-26T07:15:00.000000000,433,0.229159065231012,0.0729893371462822
2020-05-26T07:30:00.000000000,434,0.295072004992413,0.12035152316093445
2020-05-26T07:45:00.000000000,435,0.366585390469049,0.19941198825836182
2020-05-26T08:00:00.000000000,436,0.437985136354927,0.31461748480796814
2020-05-26T08:15:00.000000000,437,0.509919536519424,0.4494883418083191
2020-05-26T08:30:00.000000000,438,0.573211576158207,0.5803214311599731
2020-05-26T08:45:00.000000000,439,0.639682513720329,0.6897004246711731
2020-05-26T09:00:00.000000000,440,0.70359343753606,0.778624951839447
2020-05-26T09:15:00.000000000,441,0.756356088332067,0.8507381081581116
2020-05-26T09:30:00.000000000,442,0.802101438230569,0.9039304256439209
2020-05-26T09:45:00.000000000,443,0.766247675533401,0.9387038946151733
2020-05-26T10:00:00.000000000,444,0.747581485293267,0.9593178629875183
2020-05-26T10:15:00.000000000,445,0.770098165913623,0.9709187150001526
2020-05-26T10:30:00.000000000,446,0.803900641881703,0.9779791235923767
2020-05-26T10:45:00.000000000,447,0.863875901792387,0.9827216863632202
2020-05-26T11:00:00.000000000,448,0.846865933322094,0.9860145449638367
2020-05-26T11:15:00.000000000,449,0.834643880752931,0.988095760345459
2020-05-26T11:30:00.000000000,450,0.752180720829989,0.9892569184303284
2020-05-26T11:45:00.000000000,451,0.756146108969628,0.9898450374603271
2020-05-26T12:00:00.000000000,452,0.763095333955707,0.9895604848861694
2020-05-26T12:15:00.000000000,453,0.763680292513429,0.988881528377533
2020-05-26T12:30:00.000000000,454,0.767339923201385,0.9867219924926758
2020-05-26T12:45:00.000000000,455,0.760016100964081,0.9850683808326721
2020-05-26T13:00:00.000000000,456,0.750946457374504,0.9832742810249329
2020-05-26T13:15:00.000000000,457,0.738587152084911,0.9805788397789001
2020-05-26T13:30:00.000000000,458,0.747514442877525,0.9667356014251709
2020-05-26T13:45:00.000000000,459,0.824801721606099,0.9451897740364075
2020-05-26T14:00:00.000000000,460,0.798409072690155,0.9441491961479187
2020-05-26T14:15:00.000000000,461,0.749630412956118,0.9453186392784119
2020-05-26T14:30:00.000000000,462,0.836254696114524,0.9160676598548889
2020-05-26T14:45:00.000000000,463,0.808685726903349,0.8960193991661072
2020-05-26T15:00:00.000000000,464,0.750562783335089,0.8709144592285156
2020-05-26T15:15:00.000000000,465,0.69908505975043,0.8268175721168518
2020-05-26T15:30:00.000000000,466,0.620279980271915,0.7568445205688477
2020-05-26T15:45:00.000000000,467,0.587343663557073,0.6411387324333191
2020-05-26T16:00:00.000000000,468,0.528494060185756,0.5006595253944397
2020-05-26T16:15:00.000000000,469,0.471519442660042,0.36580780148506165
2020-05-26T16:30:00.000000000,470,0.432672698926351,0.2504771649837494
2020-05-26T16:45:00.000000000,471,0.364979315707229,0.16883982717990875
2020-05-26T17:00:00.000000000,472,0.175239505884814,0.10758796334266663
2020-05-26T17:15:00.000000000,473,0.134321277321582,0.04837137460708618
2020-05-26T17:30:00.000000000,474,0.107566410635336,0.021500801667571068
2020-05-26T17:45:00.000000000,475,0.0625816236918191,0.011182417161762714
2020-05-26T18:00:00.000000000,476,0.036724370475311,0.006667430512607098
2020-05-26T18:15:00.000000000,477,0.0296953865831051,0.004599031992256641
2020-05-26T18:30:00.000000000,478,0.0191911611135296,0.003579428419470787
2020-05-26T18:45:00.000000000,479,0.0010869453857742,0.0029257384594529867
2020-05-26T19:00:00.000000000,480,0.0,0.0024258350022137165
2020-05-26T19:15:00.000000000,481,0.0,0.0020796293392777443
2020-05-26T19:30:00.000000000,482,0.0,0.0018495268886908889
2020-05-26T19:45:00.000000000,483,0.0,0.0017009653383865952
2020-05-26T20:00:00.000000000,484,0.0,0.0015996586298570037
2020-05-26T20:15:00.000000000,485,0.0,0.0015172956045717
2020-05-26T20:30:00.000000000,486,0.0,0.0014454508200287819
2020-05-26T20:45:00.000000000,487,0.0,0.001383029157295823
2020-05-26T21:00:00.000000000,488,0.0,0.0013345992192626
2020-05-26T21:15:00.000000000,489,0.0,0.0012946337228640914
2020-05-26T21:30:00.000000000,490,0.0,0.0012625775998458266
2020-05-26T21:45:00.000000000,491,0.0,0.0012374835787340999
2020-05-26T22:00:00.000000000,492,0.0,0.0012211342109367251
2020-05-26T22:15:00.000000000,493,0.0,0.0012155170552432537
2020-05-26T22:30:00.000000000,494,0.0,0.0012208691332489252
2020-05-26T22:45:00.000000000,495,0.0,0.001236312440596521
2020-05-26T23:00:00.000000000,496,0.0,0.0012613312574103475
2020-05-26T23:15:00.000000000,497,0.0,0.0012966798385605216
2020-05-26T23:30:00.000000000,498,0.0,0.0013413868146017194
2020-05-26T23:45:00.000000000,499,0.0,0.001399755710735917
2020-05-27T00:00:00.000000000,500,0.0,0.0014697571750730276
2020-05-27T00:15:00.000000000,501,0.0,0.0015542922774329782
2020-05-27T00:30:00.000000000,502,0.0,0.0016512798611074686
2020-05-27T00:45:00.000000000,503,0.0,0.0017635427648201585
2020-05-27T01:00:00.000000000,504,0.0,0.0018972326070070267
2020-05-27T01:15:00.000000000,505,0.0,0.0020542193669825792
2020-05-27T01:30:00.000000000,506,0.0,0.00223836419172585
2020-05-27T01:45:00.000000000,507,0.0,0.0024506021291017532
2020-05-27T02:00:00.000000000,508,0.0,0.0027013279031962156
2020-05-27T02:15:00.000000000,509,0.0,0.0029869030695408583
2020-05-27T02:30:00.000000000,510,0.0,0.0033011464402079582
2020-05-27T02:45:00.000000000,511,0.0,0.0036460356786847115
2020-05-27T03:00:00.000000000,512,0.0,0.004028856288641691
2020-05-27T03:15:00.000000000,513,0.0,0.0044605303555727005
2020-05-27T03:30:00.000000000,514,0.0,0.004951837472617626
2020-05-27T03:45:00.000000000,515,0.0,0.0055231875739991665
2020-05-27T04:00:00.000000000,516,0.0,0.006198715418577194
2020-05-27T04:15:00.000000000,517,0.0,0.006989119108766317
2020-05-27T04:30:00.000000000,518,0.0,0.00791123230010271
2020-05-27T04:45:00.000000000,519,0.0,0.008972122333943844
2020-05-27T05:00:00.000000000,520,0.0,0.01015840470790863
2020-05-27T05:15:00.000000000,521,0.0,0.011465569958090782
2020-05-27T05:30:00.000000000,522,0.0,0.012876166962087154
2020-05-27T05:45:00.000000000,523,0.0,0.0143984854221344
2020-05-27T06:00:00.000000000,524,0.0119596120670597,0.01607966050505638
2020-05-27T06:15:00.000000000,525,0.0333435364820382,0.01853126846253872
2020-05-27T06:30:00.000000000,526,0.0654454851696065,0.02235066518187523
2020-05-27T06:45:00.000000000,527,0.102670337164038,0.02852977067232132
2020-05-27T07:00:00.000000000,528,0.148121680007448,0.03909377381205559
2020-05-27T07:15:00.000000000,529,0.197066080995147,0.05883287638425827
2020-05-27T07:30:00.000000000,530,0.261143509952653,0.09495458006858826
2020-05-27T07:45:00.000000000,531,0.328965810524832,0.16011449694633484
2020-05-27T08:00:00.000000000,532,0.400130660815344,0.2649918496608734
2020-05-27T08:15:00.000000000,533,0.462615090978176,0.40234750509262085
2020-05-27T08:30:00.000000000,534,0.530483224837256,0.5409332513809204
2020-05-27T08:45:00.000000000,535,0.590108039841528,0.664263904094696
2020-05-27T09:00:00.000000000,536,0.648201259175195,0.7646775245666504
2020-05-27T09:15:00.000000000,537,0.667354360686759,0.8423565030097961
2020-05-27T09:30:00.000000000,538,0.58630785374041,0.898354709148407
2020-05-27T09:45:00.000000000,539,0.516054411840302,0.9341438412666321
2020-05-27T10:00:00.000000000,540,0.501540380383928,0.9560101628303528
2020-05-27T10:15:00.000000000,541,0.512059546606342,0.9687631726264954
2020-05-27T10:30:00.000000000,542,0.519797598407662,0.9769008159637451
2020-05-27T10:45:00.000000000,543,0.490402689461328,0.9822225570678711
2020-05-27T11:00:00.000000000,544,0.483490602918017,0.9855191707611084
2020-05-27T11:15:00.000000000,545,0.451627504070176,0.9876790046691895
2020-05-27T11:30:00.000000000,546,0.457591852603025,0.9889401793479919
2020-05-27T11:45:00.000000000,547,0.458770756637469,0.9895627498626709
2020-05-27T12:00:00.000000000,548,0.463516546355786,0.9893675446510315
2020-05-27T12:15:00.000000000,549,0.469639401672502,0.9885358810424805
2020-05-27T12:30:00.000000000,550,0.521757196095651,0.9871279001235962
2020-05-27T12:45:00.000000000,551,0.518080198186727,0.9851473569869995
2020-05-27T13:00:00.000000000,552,0.510690659104234,0.9827170372009277
2020-05-27T13:15:00.000000000,553,0.507370037468263,0.979540228843689
2020-05-27T13:30:00.000000000,554,0.489528913794238,0.9757286906242371
2020-05-27T13:45:00.000000000,555,0.529722661882271,0.9707661271095276
2020-05-27T14:00:00.000000000,556,0.563798654730121,0.9636192321777344
2020-05-27T14:15:00.000000000,557,0.547531724722763,0.9532990455627441
2020-05-27T14:30:00.000000000,558,0.593668365074532,0.9363288879394531
2020-05-27T14:45:00.000000000,559,0.630041626994028,0.9084509015083313
2020-05-27T15:00:00.000000000,560,0.595155363159599,0.868698000907898
2020-05-27T15:15:00.000000000,561,0.698336471865012,0.8072960376739502
2020-05-27T15:30:00.000000000,562,0.668635176382664,0.719333291053772
2020-05-27T15:45:00.000000000,563,0.604766513553532,0.6016101837158203
2020-05-27T16:00:00.000000000,564,0.543237437815014,0.4649506211280823
2020-05-27T16:15:00.000000000,565,0.465611060165266,0.3329688310623169
2020-05-27T16:30:00.000000000,566,0.411137434795409,0.2186298817396164
2020-05-27T16:45:00.000000000,567,0.342179726876747,0.13453875482082367
2020-05-27T17:00:00.000000000,568,0.27718996836964,0.07914562523365021
2020-05-27T17:15:00.000000000,569,0.218081811338688,0.0460442490875721
2020-05-27T17:30:00.000000000,570,0.157887585146564,0.02697107009589672
2020-05-27T17:45:00.000000000,571,0.114251352800917,0.016008786857128143
2020-05-27T18:00:00.000000000,572,0.079392958784911,0.009944955818355083
2020-05-27T18:15:00.000000000,573,0.0489462208387959,0.006550662685185671
2020-05-27T18:30:00.000000000,574,0.020058174124072,0.004551077261567116
2020-05-27T18:45:00.000000000,575,0.0008307732596741,0.0032907030545175076
2020-05-27T19:00:00.000000000,576,0.0,0.002513665007427335
2020-05-27T19:15:00.000000000,577,0.0,0.0020805189851671457
2020-05-27T19:30:00.000000000,578,0.0,0.0018505254993215203
2020-05-27T19:45:00.000000000,579,0.0,0.001721695763990283
2020-05-27T20:00:00.000000000,580,0.0,0.0016267389291897416
2020-05-27T20:15:00.000000000,581,0.0,0.0015464482130482793
2020-05-27T20:30:00.000000000,582,0.0,0.0014750605914741755
2020-05-27T20:45:00.000000000,583,0.0,0.0014144962187856436
2020-05-27T21:00:00.000000000,584,0.0,0.001365300384350121
2020-05-27T21:15:00.000000000,585,0.0,0.0013278598198667169
2020-05-27T21:30:00.000000000,586,0.0,0.0013009821996092796
2020-05-27T21:45:00.000000000,587,0.0,0.0012841203715652227
2020-05-27T22:00:00.000000000,588,0.0,0.0012790827313438058
2020-05-27T22:15:00.000000000,589,0.0,0.0012873815139755607
2020-05-27T22:30:00.000000000,590,0.0,0.001305584330111742
2020-05-27T22:45:00.000000000,591,0.0,0.001332710380665958
2020-05-27T23:00:00.000000000,592,0.0,0.0013678937684744596
2020-05-27T23:15:00.000000000,593,0.0,0.0014091595076024532
2020-05-27T23:30:00.000000000,594,0.0,0.001453637145459652
2020-05-27T23:45:00.000000000,595,0.0,0.0015055249677971005
2020-05-28T00:00:00.000000000,596,0.0,0.0015674007590860128
2020-05-28T00:15:00.000000000,597,0.0,0.0016437099548056722
2020-05-28T00:30:00.000000000,598,0.0,0.0017357070464640856
2020-05-28T00:45:00.000000000,599,0.0,0.0018441457068547606
2020-05-28T01:00:00.000000000,600,0.0,0.001973204081878066
2020-05-28T01:15:00.000000000,601,0.0,0.0021248420234769583
2020-05-28T01:30:00.000000000,602,0.0,0.0023014205507934093
2020-05-28T01:45:00.000000000,603,0.0,0.002502193907275796
2020-05-28T02:00:00.000000000,604,0.0,0.002734279027208686
2020-05-28T02:15:00.000000000,605,0.0,0.0030027853790670633
2020-05-28T02:30:00.000000000,606,0.0,0.003318591509014368
2020-05-28T02:45:00.000000000,607,0.0,0.0036852117627859116
2020-05-28T03:00:00.000000000,608,0.0,0.004106203559786081
2020-05-28T03:15:00.000000000,609,0.0,0.0045910668559372425
2020-05-28T03:30:00.000000000,610,0.0,0.0051517426036298275
2020-05-28T03:45:00.000000000,611,0.0,0.005803299602121115
2020-05-28T04:00:00.000000000,612,0.0,0.0065554301254451275
2020-05-28T04:15:00.000000000,613,0.0,0.007406816352158785
2020-05-28T04:30:00.000000000,614,0.0,0.008356240577995777
2020-05-28T04:45:00.000000000,615,0.0,0.00940750539302826
2020-05-28T05:00:00.000000000,616,0.0,0.010593499056994915
2020-05-28T05:15:00.000000000,617,0.0,0.011924147605895996
2020-05-28T05:30:00.000000000,618,0.0,0.013406390324234962
2020-05-28T05:45:00.000000000,619,0.0,0.015072359703481197
2020-05-28T06:00:00.000000000,620,0.0119109029660787,0.01694815419614315
2020-05-28T06:15:00.000000000,621,0.0309183265206496,0.01962011493742466
2020-05-28T06:30:00.000000000,622,0.0577782502900079,0.023710761219263077
2020-05-28T06:45:00.000000000,623,0.0993296746986956,0.030138419941067696
2020-05-28T07:00:00.000000000,624,0.132669167067184,0.040942687541246414
2020-05-28T07:15:00.000000000,625,0.195699642428467,0.058686260133981705
2020-05-28T07:30:00.000000000,626,0.30711748707052,0.09326447546482086
2020-05-28T07:45:00.000000000,627,0.370947416278761,0.17834408581256866
2020-05-28T08:00:00.000000000,628,0.428664667856055,0.3196863532066345
2020-05-28T08:15:00.000000000,629,0.501830949942502,0.4808765947818756
2020-05-28T08:30:00.000000000,630,0.56686222801539,0.6152382493019104
2020-05-28T08:45:00.000000000,631,0.647438314686675,0.7181774377822876
2020-05-28T09:00:00.000000000,632,0.707538807313627,0.8045105934143066
2020-05-28T09:15:00.000000000,633,0.754970709833595,0.8720914721488953
2020-05-28T09:30:00.000000000,634,0.804318915559268,0.9185448288917542
2020-05-28T09:45:00.000000000,635,0.735842928966314,0.9463594555854797
2020-05-28T10:00:00.000000000,636,0.653834125200723,0.9652968049049377
2020-05-28T10:15:00.000000000,637,0.646958121137198,0.9756779670715332
2020-05-28T10:30:00.000000000,638,0.657742558741199,0.9818059206008911
2020-05-28T10:45:00.000000000,639,0.650006102118001,0.9861629605293274
2020-05-28T11:00:00.000000000,640,0.640053089325302,0.9898263216018677
2020-05-28T11:15:00.000000000,641,0.632360151857363,0.9917284250259399
2020-05-28T11:30:00.000000000,642,0.649357516173758,0.9919407367706299
2020-05-28T11:45:00.000000000,643,0.649845371071683,0.9916375875473022
2020-05-28T12:00:00.000000000,644,0.659004636710989,0.9909848570823669
2020-05-28T12:15:00.000000000,645,0.661881214679162,0.9901500344276428
2020-05-28T12:30:00.000000000,646,0.652136810743754,0.9888876676559448
2020-05-28T12:45:00.000000000,647,0.651758394051954,0.9873568415641785
2020-05-28T13:00:00.000000000,648,0.649862109208321,0.9855991005897522
2020-05-28T13:15:00.000000000,649,0.646123236362081,0.9836408495903015
2020-05-28T13:30:00.000000000,650,0.0919192859641221,0.979598879814148
2020-05-28T13:45:00.000000000,651,0.291198081220898,0.9749326109886169
2020-05-28T14:00:00.000000000,652,0.522407489554504,0.9688195586204529
2020-05-28T14:15:00.000000000,653,0.528254064513856,0.9598674178123474
2020-05-28T14:30:00.000000000,654,0.566921609082684,0.9455931782722473
2020-05-28T14:45:00.000000000,655,0.603915808344468,0.9240301847457886
2020-05-28T15:00:00.000000000,656,0.784082418494936,0.8907621502876282
2020-05-28T15:15:00.000000000,657,0.751927199844994,0.8437778949737549
2020-05-28T15:30:00.000000000,658,0.684709224640981,0.774900496006012
2020-05-28T15:45:00.000000000,659,0.621465714364799,0.6727102398872375
2020-05-28T16:00:00.000000000,660,0.548338705114384,0.5381143689155579
2020-05-28T16:15:00.000000000,661,0.474057797931643,0.3836994469165802
2020-05-28T16:30:00.000000000,662,0.403762769063861,0.24542094767093658
2020-05-28T16:45:00.000000000,663,0.296674911865285,0.14642229676246643
2020-05-28T17:00:00.000000000,664,0.272013255885264,0.07728621363639832
2020-05-28T17:15:00.000000000,665,0.217893725493536,0.04423247277736664
2020-05-28T17:30:00.000000000,666,0.166328683621268,0.026587961241602898
2020-05-28T17:45:00.000000000,667,0.117683749241953,0.016414083540439606
2020-05-28T18:00:00.000000000,668,0.0781388791730309,0.010405800305306911
2020-05-28T18:15:00.000000000,669,0.0470338718774501,0.006763376761227846
2020-05-28T18:30:00.000000000,670,0.0204798178962629,0.0045866104774177074
2020-05-28T18:45:00.000000000,671,0.0011178828544324,0.003276138799265027
2020-05-28T19:00:00.000000000,672,0.0,0.002487179124727845
2020-05-28T19:15:00.000000000,673,0.0,0.0020477722864598036
2020-05-28T19:30:00.000000000,674,0.0,0.0018057972192764282
2020-05-28T19:45:00.000000000,675,0.0,0.001666306285187602
2020-05-28T20:00:00.000000000,676,0.0,0.0015734919579699636
2020-05-28T20:15:00.000000000,677,0.0,0.0014963947469368577
2020-05-28T20:30:00.000000000,678,0.0,0.0014260426396504045
2020-05-28T20:45:00.000000000,679,0.0,0.0013644886203110218
2020-05-28T21:00:00.000000000,680,0.0,0.0013156641507521272
2020-05-28T21:15:00.000000000,681,0.0,0.0012813726207241416
2020-05-28T21:30:00.000000000,682,0.0,0.0012628453550860286
2020-05-28T21:45:00.000000000,683,0.0,0.0012566311052069068
2020-05-28T22:00:00.000000000,684,0.0,0.0012553619453683496
2020-05-28T22:15:00.000000000,685,0.0,0.0012631050776690245
2020-05-28T22:30:00.000000000,686,0.0,0.0012792410561814904
2020-05-28T22:45:00.000000000,687,0.0,0.001303005265071988
2020-05-28T23:00:00.000000000,688,0.0,0.00133337767329067
2020-05-28T23:15:00.000000000,689,0.0,0.0013730687787756324
2020-05-28T23:30:00.000000000,690,0.0,0.001422810833901167
2020-05-28T23:45:00.000000000,691,0.0,0.0014815271133556962
2020-05-29T00:00:00.000000000,692,0.0,0.001551088411360979
2020-05-29T00:15:00.000000000,693,0.0,0.0016308858757838607
2020-05-29T00:30:00.000000000,694,0.0,0.001725170062854886
2020-05-29T00:45:00.000000000,695,0.0,0.001838286523707211
2020-05-29T01:00:00.000000000,696,0.0,0.0019732548389583826
2020-05-29T01:15:00.000000000,697,0.0,0.002130812266841531
2020-05-29T01:30:00.000000000,698,0.0,0.002314502838999033
2020-05-29T01:45:00.000000000,699,0.0,0.0025241037365049124
2020-05-29T02:00:00.000000000,700,0.0,0.002766217105090618
2020-05-29T02:15:00.000000000,701,0.0,0.0030419884715229273
2020-05-29T02:30:00.000000000,702,0.0,0.003359965281561017
2020-05-29T02:45:00.000000000,703,0.0,0.0037312116473913193
2020-05-29T03:00:00.000000000,704,0.0,0.004168547689914703
2020-05-29T03:15:00.000000000,705,0.0,0.004674384370446205
2020-05-29T03:30:00.000000000,706,0.0,0.005251181311905384
2020-05-29T03:45:00.000000000,707,0.0,0.005905036814510822
2020-05-29T04:00:00.000000000,708,0.0,0.006636335514485836
2020-05-29T04:15:00.000000000,709,0.0,0.00745017034932971
2020-05-29T04:30:00.000000000,710,0.0,0.00835942942649126
2020-05-29T04:45:00.000000000,711,0.0,0.009380645118653774
2020-05-29T05:00:00.000000000,712,0.0,0.010522713884711266
2020-05-29T05:15:00.000000000,713,0.0,0.011791692115366459
2020-05-29T05:30:00.000000000,714,0.0,0.013194946572184563
2020-05-29T05:45:00.000000000,715,0.0,0.014779462479054928
2020-05-29T06:00:00.000000000,716,0.0175970164866826,0.016649965196847916
2020-05-29T06:15:00.000000000,717,0.0520542119712232,0.019689852371811867
2020-05-29T06:30:00.000000000,718,0.0860364038520092,0.025221362709999084
2020-05-29T06:45:00.000000000,719,0.105659408890795,0.033934395760297775
2020-05-29T07:00:00.000000000,720,0.111636047035377,0.04537796229124069
2020-05-29T07:15:00.000000000,721,0.124923476384713,0.058015353977680206
2020-05-29T07:30:00.000000000,722,0.158093295722478,0.07090983539819717
2020-05-29T07:45:00.000000000,723,0.189067206337144,0.09010098874568939
2020-05-29T08:00:00.000000000,724,0.23689597120016,0.11790142208337784
2020-05-29T08:15:00.000000000,725,0.409903508349387,0.16010808944702148
2020-05-29T08:30:00.000000000,726,0.564454722284432,0.2847653925418854
2020-05-29T08:45:00.000000000,727,0.677413104581495,0.5279141068458557
2020-05-29T09:00:00.000000000,728,0.768744938117873,0.7670671343803406
2020-05-29T09:15:00.000000000,729,0.726591592341851,0.8983349204063416
2020-05-29T09:30:00.000000000,730,0.679341090781902,0.9537205696105957
2020-05-29T09:45:00.000000000,731,0.639222967617255,0.9712910056114197
2020-05-29T10:00:00.000000000,732,0.59904586779667,0.9763228297233582
2020-05-29T10:15:00.000000000,733,0.622088238243942,0.9752075672149658
2020-05-29T10:30:00.000000000,734,0.559412229435323,0.9694240093231201
2020-05-29T10:45:00.000000000,735,0.565115013690672,0.9628857970237732
2020-05-29T11:00:00.000000000,736,0.499316814417606,0.9573677182197571
2020-05-29T11:15:00.000000000,737,0.52121995807782,0.9546083211898804
2020-05-29T11:30:00.000000000,738,0.509134394340973,0.9600032567977905
2020-05-29T11:45:00.000000000,739,0.558814082573969,0.9617961049079895
2020-05-29T12:00:00.000000000,740,0.51607636238996,0.968231201171875
2020-05-29T12:15:00.000000000,741,0.551297108980053,0.9677315950393677
2020-05-29T12:30:00.000000000,742,0.590498880948846,0.9637879133224487
2020-05-29T12:45:00.000000000,743,0.618842679848919,0.9479860067367554
2020-05-29T13:00:00.000000000,744,0.664266118308834,0.918529748916626
2020-05-29T13:15:00.000000000,745,0.688497323336045,0.8832218050956726
2020-05-29T13:30:00.000000000,746,0.670864763584717,0.8454185128211975
2020-05-29T13:45:00.000000000,747,0.677691676603204,0.7953587174415588
2020-05-29T14:00:00.000000000,748,0.712587388800358,0.7495909929275513
2020-05-29T14:15:00.000000000,749,0.678416022274618,0.7264074087142944
2020-05-29T14:30:00.000000000,750,0.668666023982133,0.6968861818313599
2020-05-29T14:45:00.000000000,751,0.630740057501903,0.6656284332275391
2020-05-29T15:00:00.000000000,752,0.623966010034434,0.6006479263305664
2020-05-29T15:15:00.000000000,753,0.694961816378552,0.5292866230010986
2020-05-29T15:30:00.000000000,754,0.688666344815141,0.5306939482688904
2020-05-29T15:45:00.000000000,755,0.652691514493011,0.527973473072052
2020-05-29T16:00:00.000000000,756,0.661903199165437,0.49681568145751953
2020-05-29T16:15:00.000000000,757,0.671114883837863,0.4185203015804291
2020-05-29T16:30:00.000000000,758,0.600375122985987,0.3094635009765625
2020-05-29T16:45:00.000000000,759,0.523340960831053,0.20814388990402222
2020-05-29T17:00:00.000000000,760,0.419121728177334,0.13080443441867828
2020-05-29T17:15:00.000000000,761,0.330491340025113,0.074005126953125
2020-05-29T17:30:00.000000000,762,0.241740122746934,0.040177345275878906
2020-05-29T17:45:00.000000000,763,0.160784833028437,0.021660063415765762
2020-05-29T18:00:00.000000000,764,0.0945566321485099,0.012006784789264202
2020-05-29T18:15:00.000000000,765,0.0367393336954463,0.006948946509510279
2020-05-29T18:30:00.000000000,766,0.0159558927407623,0.004210453014820814
2020-05-29T18:45:00.000000000,767,0.0,0.002859673462808132
2020-05-29T19:00:00.000000000,768,0.0,0.0021723094396293163
2020-05-29T19:15:00.000000000,769,0.0,0.0018357778899371624
2020-05-29T19:30:00.000000000,770,0.0,0.001662148628383875
2020-05-29T19:45:00.000000000,771,0.0,0.0015540850581601262
2020-05-29T20:00:00.000000000,772,0.0,0.0014715846627950668
2020-05-29T20:15:00.000000000,773,0.0,0.0013973815366625786
2020-05-29T20:30:00.000000000,774,0.0,0.001332891290076077
2020-05-29T20:45:00.000000000,775,0.0,0.0012811175547540188
2020-05-29T21:00:00.000000000,776,0.0,0.0012416958343237638
2020-05-29T21:15:00.000000000,777,0.0,0.0012137740850448608
2020-05-29T21:30:00.000000000,778,0.0,0.001201516599394381
2020-05-29T21:45:00.000000000,779,0.0,0.0012016389518976212
2020-05-29T22:00:00.000000000,780,0.0,0.0012128340313211083
2020-05-29T22:15:00.000000000,781,0.0,0.0012284875847399235
2020-05-29T22:30:00.000000000,782,0.0,0.0012482372112572193
2020-05-29T22:45:00.000000000,783,0.0,0.0012736856006085873
2020-05-29T23:00:00.000000000,784,0.0,0.0013081877259537578
2020-05-29T23:15:00.000000000,785,0.0,0.0013523637317121029
2020-05-29T23:30:00.000000000,786,0.0,0.0014031670289114118
2020-05-29T23:45:00.000000000,787,0.0,0.0014637524727731943
2020-05-30T00:00:00.000000000,788,0.0,0.0015330922324210405
2020-05-30T00:15:00.000000000,789,0.0,0.0016137295169755816
2020-05-30T00:30:00.000000000,790,0.0,0.0017102544661611319
2020-05-30T00:45:00.000000000,791,0.0,0.0018236518371850252
2020-05-30T01:00:00.000000000,792,0.0,0.0019523832015693188
2020-05-30T01:15:00.000000000,793,0.0,0.002094434341415763
2020-05-30T01:30:00.000000000,794,0.0,0.0022566262632608414
2020-05-30T01:45:00.000000000,795,0.0,0.0024635917507112026
2020-05-30T02:00:00.000000000,796,0.0,0.002748740604147315
2020-05-30T02:15:00.000000000,797,0.0,0.0031395514961332083
2020-05-30T02:30:00.000000000,798,0.0,0.0036342665553092957
2020-05-30T02:45:00.000000000,799,0.0,0.004189247731119394
2020-05-30T03:00:00.000000000,800,0.0,0.004742410499602556
2020-05-30T03:15:00.000000000,801,0.0,0.005357476882636547
2020-05-30T03:30:00.000000000,802,0.0,0.006005144212394953
2020-05-30T03:45:00.000000000,803,0.0,0.006685241125524044
2020-05-30T04:00:00.000000000,804,0.0,0.007437798194587231
2020-05-30T04:15:00.000000000,805,0.0,0.008300025016069412
2020-05-30T04:30:00.000000000,806,0.0,0.009283727966248989
2020-05-30T04:45:00.000000000,807,0.0,0.010359363630414009
2020-05-30T05:00:00.000000000,808,0.0,0.01157916896045208
2020-05-30T05:15:00.000000000,809,0.0,0.012990584596991539
2020-05-30T05:30:00.000000000,810,0.0,0.014559975825250149
2020-05-30T05:45:00.000000000,811,0.0,0.01628701016306877
2020-05-30T06:00:00.000000000,812,0.0066425014406031,0.018218204379081726
2020-05-30T06:15:00.000000000,813,0.0208752872668658,0.02075468748807907
2020-05-30T06:30:00.000000000,814,0.0264568829194977,0.024082588031888008
2020-05-30T06:45:00.000000000,815,0.0541197429669271,0.027605729177594185
2020-05-30T07:00:00.000000000,816,0.145392689716556,0.03243499621748924
2020-05-30T07:15:00.000000000,817,0.162805137354273,0.04464797303080559
2020-05-30T07:30:00.000000000,818,0.151787556604109,0.06145467981696129
2020-05-30T07:45:00.000000000,819,0.212179674752617,0.07583730667829514
2020-05-30T08:00:00.000000000,820,0.360220989236906,0.09344132244586945
2020-05-30T08:15:00.000000000,821,0.301348761297007,0.14995077252388
2020-05-30T08:30:00.000000000,822,0.226607813730646,0.19268213212490082
2020-05-30T08:45:00.000000000,823,0.333978691475835,0.18982407450675964
2020-05-30T09:00:00.000000000,824,0.48042305292109,0.20481298863887787
2020-05-30T09:15:00.000000000,825,0.471881682897641,0.2816426157951355
2020-05-30T09:30:00.000000000,826,0.570416419676176,0.3721133768558502
2020-05-30T09:45:00.000000000,827,0.823041408846939,0.4915532171726227
2020-05-30T10:00:00.000000000,828,0.794810957462756,0.7101830244064331
2020-05-30T10:15:00.000000000,829,0.686469807007712,0.8270477652549744
2020-05-30T10:30:00.000000000,830,0.986858473280632,0.8529270887374878
2020-05-30T10:45:00.000000000,831,0.928355495375152,0.9078678488731384
2020-05-30T11:00:00.000000000,832,0.710065322319445,0.9664680361747742
2020-05-30T11:15:00.000000000,833,0.985210519476271,0.9767828583717346
2020-05-30T11:30:00.000000000,834,0.917147391942185,0.9877858757972717
2020-05-30T11:45:00.000000000,835,0.869260167171073,0.9878098368644714
2020-05-30T12:00:00.000000000,836,0.670171153176283,0.9912713766098022
2020-05-30T12:15:00.000000000,837,0.905511308959131,0.9802982211112976
2020-05-30T12:30:00.000000000,838,0.940438902251439,0.9589052796363831
2020-05-30T12:45:00.000000000,839,0.829703726443937,0.971309244632721
2020-05-30T13:00:00.000000000,840,0.898717984550408,0.9773868322372437
2020-05-30T13:15:00.000000000,841,0.98004643361309,0.9779060482978821
2020-05-30T13:30:00.000000000,842,0.897115706761866,0.9805353283882141
2020-05-30T13:45:00.000000000,843,0.904665325339049,0.9728160500526428
2020-05-30T14:00:00.000000000,844,0.915585061008598,0.9658611416816711
2020-05-30T14:15:00.000000000,845,0.940918242043611,0.9571579098701477
2020-05-30T14:30:00.000000000,846,0.94760859882789,0.9433432221412659
2020-05-30T14:45:00.000000000,847,0.921764601316907,0.9227479696273804
2020-05-30T15:00:00.000000000,848,0.967207429054565,0.8945283889770508
2020-05-30T15:15:00.000000000,849,0.900364657718811,0.8507753610610962
2020-05-30T15:30:00.000000000,850,0.825623934825426,0.7772886753082275
2020-05-30T15:45:00.000000000,851,0.783246792299001,0.6716538667678833
2020-05-30T16:00:00.000000000,852,0.704457260190357,0.5386684536933899
2020-05-30T16:15:00.000000000,853,0.623482356521142,0.3971395492553711
2020-05-30T16:30:00.000000000,854,0.549328254765494,0.27133414149284363
2020-05-30T16:45:00.000000000,855,0.475770637291184,0.17450302839279175
2020-05-30T17:00:00.000000000,856,0.38748678473561,0.10785757750272751
2020-05-30T17:15:00.000000000,857,0.306819525771069,0.06313631683588028
2020-05-30T17:30:00.000000000,858,0.22755876456465,0.0363214910030365
2020-05-30T17:45:00.000000000,859,0.141898283534419,0.020958535373210907
2020-05-30T18:00:00.000000000,860,0.0702291322842124,0.012039892375469208
2020-05-30T18:15:00.000000000,861,0.0383021139749826,0.0069885337725281715
2020-05-30T18:30:00.000000000,862,0.0139886337043253,0.004437643568962812
2020-05-30T18:45:00.000000000,863,0.0,0.0031046136282384396
2020-05-30T19:00:00.000000000,864,0.0,0.002396912081167102
2020-05-30T19:15:00.000000000,865,0.0,0.0020303947385400534
2020-05-30T19:30:00.000000000,866,0.0,0.0018151876283809543
2020-05-30T19:45:00.000000000,867,0.0,0.0016737825935706496
2020-05-30T20:00:00.000000000,868,0.0,0.0015702396631240845
2020-05-30T20:15:00.000000000,869,0.0,0.0014918333617970347
2020-05-30T20:30:00.000000000,870,0.0,0.0014449876034632325
2020-05-30T20:45:00.000000000,871,0.0,0.0014202833408489823
2020-05-30T21:00:00.000000000,872,0.0,0.0013959078351035714
2020-05-30T21:15:00.000000000,873,0.0,0.0013684264849871397
2020-05-30T21:30:00.000000000,874,0.0,0.0013316567055881023
2020-05-30T21:45:00.000000000,875,0.0,0.001290797838009894
2020-05-30T22:00:00.000000000,876,0.0,0.0012779416283592582
2020-05-30T22:15:00.000000000,877,0.0,0.0012684743851423264
2020-05-30T22:30:00.000000000,878,0.0,0.0012759921373799443
2020-05-30T22:45:00.000000000,879,0.0,0.0012943897163495421
2020-05-30T23:00:00.000000000,880,0.0,0.0013262287247925997
2020-05-30T23:15:00.000000000,881,0.0,0.0013644690625369549
2020-05-30T23:30:00.000000000,882,0.0,0.001401639892719686
2020-05-30T23:45:00.000000000,883,0.0,0.0014439773513004184
2020-05-31T00:00:00.000000000,884,0.0,0.0015109868254512548
2020-05-31T00:15:00.000000000,885,0.0,0.0015955710550770164
2020-05-31T00:30:00.000000000,886,0.0,0.0016956651816144586
2020-05-31T00:45:00.000000000,887,0.0,0.001808971632272005
2020-05-31T01:00:00.000000000,888,0.0,0.001935474923811853
2020-05-31T01:15:00.000000000,889,0.0,0.0020813934970647097
2020-05-31T01:30:00.000000000,890,0.0,0.0022359576541930437
2020-05-31T01:45:00.000000000,891,0.0,0.0024191916454583406
2020-05-31T02:00:00.000000000,892,0.0,0.002650586422532797
2020-05-31T02:15:00.000000000,893,0.0,0.0029128266032785177
2020-05-31T02:30:00.000000000,894,0.0,0.003213732037693262
2020-05-31T02:45:00.000000000,895,0.0,0.0035667738411575556
2020-05-31T03:00:00.000000000,896,0.0,0.004011883866041899
2020-05-31T03:15:00.000000000,897,0.0,0.004534417763352394
2020-05-31T03:30:00.000000000,898,0.0,0.005119564477354288
2020-05-31T03:45:00.000000000,899,0.0,0.005763076711446047
2020-05-31T04:00:00.000000000,900,0.0,0.006442713085561991
2020-05-31T04:15:00.000000000,901,0.0,0.007211620919406414
2020-05-31T04:30:00.000000000,902,0.0,0.008115149103105068
2020-05-31T04:45:00.000000000,903,0.0,0.009201515465974808
2020-05-31T05:00:00.000000000,904,0.0,0.010454247705638409
2020-05-31T05:15:00.000000000,905,0.0,0.01180968713015318
2020-05-31T05:30:00.000000000,906,0.0,0.013191339559853077
2020-05-31T05:45:00.000000000,907,0.0,0.014555387198925018
2020-05-31T06:00:00.000000000,908,0.018838402075475,0.01599835604429245
2020-05-31T06:15:00.000000000,909,0.0573794782266724,0.018318817019462585
2020-05-31T06:30:00.000000000,910,0.103531890621287,0.02257428877055645
2020-05-31T06:45:00.000000000,911,0.137153280171514,0.0298958458006382
2020-05-31T07:00:00.000000000,912,0.137241104837443,0.04076259210705757
2020-05-31T07:15:00.000000000,913,0.124945674074644,0.05150919780135155
2020-05-31T07:30:00.000000000,914,0.136898388681371,0.05802762880921364
2020-05-31T07:45:00.000000000,915,0.174223781832116,0.06277421861886978
2020-05-31T08:00:00.000000000,916,0.272981529005641,0.07048365473747253
2020-05-31T08:15:00.000000000,917,0.450927962295202,0.09481165558099747
2020-05-31T08:30:00.000000000,918,0.506632413624025,0.16903744637966156
2020-05-31T08:45:00.000000000,919,0.419405692350442,0.31293731927871704
2020-05-31T09:00:00.000000000,920,0.417037976203357,0.38306424021720886
2020-05-31T09:15:00.000000000,921,0.616441420026666,0.3951910436153412
2020-05-31T09:30:00.000000000,922,0.969406618003099,0.4871944785118103
2020-05-31T09:45:00.000000000,923,0.804642512045168,0.7734324932098389
2020-05-31T10:00:00.000000000,924,0.706733354698235,0.8759362101554871
2020-05-31T10:15:00.000000000,925,0.814986276075995,0.8567930459976196
2020-05-31T10:30:00.000000000,926,0.919690016000311,0.8591933846473694
2020-05-31T10:45:00.000000000,927,1.04866910919143,0.8947768807411194
2020-05-31T11:00:00.000000000,928,0.698545575002849,0.9315427541732788
2020-05-31T11:15:00.000000000,929,0.915206037699766,0.9007555246353149
2020-05-31T11:30:00.000000000,930,0.98413667252494,0.9007418155670166
2020-05-31T11:45:00.000000000,931,0.727062282224485,0.916570246219635
2020-05-31T12:00:00.000000000,932,1.10168968456274,0.855972170829773
2020-05-31T12:15:00.000000000,933,1.12734569819553,0.9007931351661682
2020-05-31T12:30:00.000000000,934,0.521371567401353,0.9507299661636353
2020-05-31T12:45:00.000000000,935,1.17181562454953,0.8667895197868347
2020-05-31T13:00:00.000000000,936,1.07497346162819,0.8952608704566956
2020-05-31T13:15:00.000000000,937,1.22941995548959,0.9340555667877197
2020-05-31T13:30:00.000000000,938,1.09261006549307,0.9655861258506775
2020-05-31T13:45:00.000000000,939,1.17127043310838,0.9719605445861816
2020-05-31T14:00:00.000000000,940,1.18988944202377,0.971716046333313
2020-05-31T14:15:00.000000000,941,0.805202149958606,0.9701747894287109
2020-05-31T14:30:00.000000000,942,0.416591371263643,0.9386255145072937
2020-05-31T14:45:00.000000000,943,0.420231028524121,0.7197864651679993
2020-05-31T15:00:00.000000000,944,0.62862741258334,0.341914564371109
2020-05-31T15:15:00.000000000,945,0.435431098909671,0.22894075512886047
2020-05-31T15:30:00.000000000,946,0.278799795170142,0.1784113645553589
2020-05-31T15:45:00.000000000,947,0.279706013614823,0.12841543555259705
2020-05-31T16:00:00.000000000,948,0.226881802423664,0.08747665584087372
2020-05-31T16:15:00.000000000,949,0.21579493252801,0.05572963505983353
2020-05-31T16:30:00.000000000,950,0.188497255934152,0.03835618123412132
2020-05-31T16:45:00.000000000,951,0.139256309086746,0.029098469763994217
2020-05-31T17:00:00.000000000,952,0.0971683206791523,0.02118426002562046
2020-05-31T17:15:00.000000000,953,0.0587286169742769,0.014750877395272255
2020-05-31T17:30:00.000000000,954,0.0848201591691198,0.01009082980453968
2020-05-31T17:45:00.000000000,955,0.0738708565360604,0.007907351478934288
2020-05-31T18:00:00.000000000,956,0.0519425495026459,0.0066176303662359715
2020-05-31T18:15:00.000000000,957,0.0268815597768512,0.005601782817393541
2020-05-31T18:30:00.000000000,958,0.0012749741985555,0.004644256550818682
2020-05-31T18:45:00.000000000,959,0.0,0.003734603989869356
2020-05-31T19:00:00.000000000,960,0.0,0.0030802800320088863
2020-05-31T19:15:00.000000000,961,0.0,0.002685749437659979
2020-05-31T19:30:00.000000000,962,0.0,0.0025143944658339024
2020-05-31T19:45:00.000000000,963,0.0,0.0024686113465577364
2020-05-31T20:00:00.000000000,964,0.0,0.0024570031091570854
2020-05-31T20:15:00.000000000,965,0.0,0.0024177569430321455
2020-05-31T20:30:00.000000000,966,0.0,0.0022609871812164783
2020-05-31T20:45:00.000000000,967,0.0,0.002102902391925454
2020-05-31T21:00:00.000000000,968,0.0,0.0019668834283947945
2020-05-31T21:15:00.000000000,969,0.0,0.0018585745710879564
2020-05-31T21:30:00.000000000,970,0.0,0.0017701286124065518
2020-05-31T21:45:00.000000000,971,0.0,0.0017133988440036774
2020-05-31T22:00:00.000000000,972,0.0,0.0016875385772436857
2020-05-31T22:15:00.000000000,973,0.0,0.0016759112477302551
2020-05-31T22:30:00.000000000,974,0.0,0.0016699351835995913
2020-05-31T22:45:00.000000000,975,0.0,0.0016639535315334797
2020-05-31T23:00:00.000000000,976,0.0,0.0016633010236546397
2020-05-31T23:15:00.000000000,977,0.0,0.0016794621478766203
2020-05-31T23:30:00.000000000,978,0.0,0.0017170446226373315
2020-05-31T23:45:00.000000000,979,0.0,0.0017717572627589107
2020-06-01T00:00:00.000000000,980,0.0,0.0018448260379955173
2020-06-01T00:15:00.000000000,981,0.0,0.0019270163029432297
2020-06-01T00:30:00.000000000,982,0.0,0.002015362260863185
2020-06-01T00:45:00.000000000,983,0.0,0.0021170414984226227
2020-06-01T01:00:00.000000000,984,0.0,0.0022448869422078133
2020-06-01T01:15:00.000000000,985,0.0,0.002414797432720661
2020-06-01T01:30:00.000000000,986,0.0,0.002626160392537713
2020-06-01T01:45:00.000000000,987,0.0,0.0028588073328137398
2020-06-01T02:00:00.000000000,988,0.0,0.003108569420874119
2020-06-01T02:15:00.000000000,989,0.0,0.0033899748232215643
2020-06-01T02:30:00.000000000,990,0.0,0.0037216662894934416
2020-06-01T02:45:00.000000000,991,0.0,0.004123322200030088
2020-06-01T03:00:00.000000000,992,0.0,0.004626954905688763
2020-06-01T03:15:00.000000000,993,0.0,0.00520444056019187
2020-06-01T03:30:00.000000000,994,0.0,0.00585892191156745
2020-06-01T03:45:00.000000000,995,0.0,0.00659431517124176
2020-06-01T04:00:00.000000000,996,0.0,0.007390907499939203
2020-06-01T04:15:00.000000000,997,0.0,0.008276575244963169
2020-06-01T04:30:00.000000000,998,0.0,0.009270614944398403
2020-06-01T04:45:00.000000000,999,0.0,0.01038375124335289
2020-06-01T05:00:00.000000000,1000,0.0,0.011693819426000118
2020-06-01T05:15:00.000000000,1001,0.0,0.013195201754570007
2020-06-01T05:30:00.000000000,1002,0.0,0.014889560639858246
2020-06-01T05:45:00.000000000,1003,0.0,0.016767187044024467
2020-06-01T06:00:00.000000000,1004,0.0048853565703904,0.018812647089362144
2020-06-01T06:15:00.000000000,1005,0.0320307722890869,0.021286994218826294
2020-06-01T06:30:00.000000000,1006,0.0738788548939705,0.02495933137834072
2020-06-01T06:45:00.000000000,1007,0.112559745037513,0.031135469675064087
2020-06-01T07:00:00.000000000,1008,0.101467527925053,0.040332116186618805
2020-06-01T07:15:00.000000000,1009,0.245091861589944,0.04902729392051697
2020-06-01T07:30:00.000000000,1010,0.255984164689245,0.0705675482749939
2020-06-01T07:45:00.000000000,1011,0.206881728730928,0.099276103079319
2020-06-01T08:00:00.000000000,1012,0.243548785130316,0.11541937291622162
2020-06-01T08:15:00.000000000,1013,0.314252741279903,0.13149023056030273
2020-06-01T08:30:00.000000000,1014,0.412775907400225,0.1654483824968338
2020-06-01T08:45:00.000000000,1015,0.76870110442045,0.23220638930797577
2020-06-01T09:00:00.000000000,1016,0.912271291898365,0.48772913217544556
2020-06-01T09:15:00.000000000,1017,0.927910081202205,0.7819574475288391
2020-06-01T09:30:00.000000000,1018,0.992766046952698,0.9105724692344666
2020-06-01T09:45:00.000000000,1019,0.902717770122521,0.962004542350769
2020-06-01T10:00:00.000000000,1020,0.960610221685723,0.9753727912902832
2020-06-01T10:15:00.000000000,1021,1.18547571896251,0.9663500189781189
2020-06-01T10:30:00.000000000,1022,0.930436371535048,0.9770323634147644
2020-06-01T10:45:00.000000000,1023,0.48590031044413,0.972328782081604
2020-06-01T11:00:00.000000000,1024,0.516002961729026,0.9004040956497192
2020-06-01T11:15:00.000000000,1025,0.668201130662253,0.7145209908485413
2020-06-01T11:30:00.000000000,1026,0.530602840729148,0.6043810844421387
2020-06-01T11:45:00.000000000,1027,0.479268728110112,0.5207134485244751
2020-06-01T12:00:00.000000000,1028,0.411098004688296,0.5795323252677917
2020-06-01T12:15:00.000000000,1029,0.945353960589125,0.9096556305885315
2020-06-01T12:30:00.000000000,1030,1.25646258332222,0.9599118828773499
2020-06-01T12:45:00.000000000,1031,0.830669775301862,0.9791446328163147
2020-06-01T13:00:00.000000000,1032,0.438846195531632,0.9538954496383667
2020-06-01T13:15:00.000000000,1033,0.106665516940163,0.7760871052742004
2020-06-01T13:30:00.000000000,1034,0.0466033535227464,0.313729852437973
2020-06-01T13:45:00.000000000,1035,0.10751963372194,0.08997001498937607
2020-06-01T14:00:00.000000000,1036,0.0900162384639414,0.045210015028715134
2020-06-01T14:15:00.000000000,1037,0.0716089838275001,0.03685925528407097
2020-06-01T14:30:00.000000000,1038,0.0589920685047672,0.03562403470277786
2020-06-01T14:45:00.000000000,1039,0.0575778869308989,0.03403722494840622
2020-06-01T15:00:00.000000000,1040,0.0601146694916747,0.029270723462104797
2020-06-01T15:15:00.000000000,1041,0.0638055072558587,0.025536417961120605
2020-06-01T15:30:00.000000000,1042,0.0715499173023714,0.022854041308164597
2020-06-01T15:45:00.000000000,1043,0.08420624026492,0.02089005336165428
2020-06-01T16:00:00.000000000,1044,0.104324199867641,0.019448012113571167
2020-06-01T16:15:00.000000000,1045,0.139560785902472,0.018623365089297295
2020-06-01T16:30:00.000000000,1046,0.148995163599671,0.018704507499933243
2020-06-01T16:45:00.000000000,1047,0.0729245339653414,0.018867339938879013
2020-06-01T17:00:00.000000000,1048,0.0818279195534148,0.016087424010038376
2020-06-01T17:15:00.000000000,1049,0.0328530529103059,0.013431142084300518
2020-06-01T17:30:00.000000000,1050,0.0084375633318551,0.010516222566366196
2020-06-01T17:45:00.000000000,1051,0.0042187816659275,0.008154450915753841
2020-06-01T18:00:00.000000000,1052,0.0,0.006633256562054157
2020-06-01T18:15:00.000000000,1053,0.0,0.005638624541461468
2020-06-01T18:30:00.000000000,1054,0.0,0.004959206562489271
2020-06-01T18:45:00.000000000,1055,0.0,0.00447720056399703
2020-06-01T19:00:00.000000000,1056,0.0,0.004101117607206106
2020-06-01T19:15:00.000000000,1057,0.0,0.0037595408502966166
2020-06-01T19:30:00.000000000,1058,0.0,0.003441281383857131
2020-06-01T19:45:00.000000000,1059,0.0,0.003154526464641094
2020-06-01T20:00:00.000000000,1060,0.0,0.002919637132436037
2020-06-01T20:15:00.000000000,1061,0.0,0.0027248270343989134
2020-06-01T20:30:00.000000000,1062,0.0,0.002568512922152877
2020-06-01T20:45:00.000000000,1063,0.0,0.0024311684537678957
2020-06-01T21:00:00.000000000,1064,0.0,0.0023093654308468103
2020-06-01T21:15:00.000000000,1065,0.0,0.0022001611068844795
2020-06-01T21:30:00.000000000,1066,0.0,0.0021025934256613255
2020-06-01T21:45:00.000000000,1067,0.0,0.0020242705941200256
2020-06-01T22:00:00.000000000,1068,0.0,0.0019608084112405777
2020-06-01T22:15:00.000000000,1069,0.0,0.0019149674335494637
2020-06-01T22:30:00.000000000,1070,0.0,0.001880464144051075
2020-06-01T22:45:00.000000000,1071,0.0,0.0018609619000926614
2020-06-01T23:00:00.000000000,1072,0.0,0.001858401345089078
2020-06-01T23:15:00.000000000,1073,0.0,0.0018728247378021479
2020-06-01T23:30:00.000000000,1074,0.0,0.00190524582285434
2020-06-01T23:45:00.000000000,1075,0.0,0.0019535154569894075
2020-06-02T00:00:00.000000000,1076,0.0,0.0020149729680269957
2020-06-02T00:15:00.000000000,1077,0.0,0.002095114206895232
2020-06-02T00:30:00.000000000,1078,0.0,0.002194844651967287
2020-06-02T00:45:00.000000000,1079,0.0,0.0023217264097183943
2020-06-02T01:00:00.000000000,1080,0.0,0.0024817679077386856
2020-06-02T01:15:00.000000000,1081,0.0,0.002666895044967532
2020-06-02T01:30:00.000000000,1082,0.0,0.00287672970443964
2020-06-02T01:45:00.000000000,1083,0.0,0.00311450962908566
2020-06-02T02:00:00.000000000,1084,0.0,0.003392532467842102
2020-06-02T02:15:00.000000000,1085,0.0,0.0037211179733276367
2020-06-02T02:30:00.000000000,1086,0.0,0.004104403778910637
2020-06-02T02:45:00.000000000,1087,0.0,0.004549079574644566
2020-06-02T03:00:00.000000000,1088,0.0,0.005051485728472471
2020-06-02T03:15:00.000000000,1089,0.0,0.005616895388811827
2020-06-02T03:30:00.000000000,1090,0.0,0.006260883063077927
2020-06-02T03:45:00.000000000,1091,0.0,0.0069778175093233585
2020-06-02T04:00:00.000000000,1092,0.0,0.007783530279994011
2020-06-02T04:15:00.000000000,1093,0.0,0.008723168633878231
2020-06-02T04:30:00.000000000,1094,0.0,0.009796297177672386
2020-06-02T04:45:00.000000000,1095,0.0,0.010992794297635555
2020-06-02T05:00:00.000000000,1096,0.0,0.012287475168704987
2020-06-02T05:15:00.000000000,1097,0.0,0.013688202016055584
2020-06-02T05:30:00.000000000,1098,0.0,0.01530472282320261
2020-06-02T05:45:00.000000000,1099,0.000253161508235,0.01709725335240364
2020-06-02T06:00:00.000000000,1100,0.0273903092614514,0.01923864521086216
2020-06-02T06:15:00.000000000,1101,0.0687641072161005,0.022724004462361336
2020-06-02T06:30:00.000000000,1102,0.115337332092899,0.028904585167765617
2020-06-02T06:45:00.000000000,1103,0.250505941072413,0.0389767661690712
2020-06-02T07:00:00.000000000,1104,0.251247833703175,0.06080702319741249
2020-06-02T07:15:00.000000000,1105,0.338170370235899,0.09545963257551193
2020-06-02T07:30:00.000000000,1106,0.376097212940732,0.1540612280368805
2020-06-02T07:45:00.000000000,1107,0.398389310455274,0.22225478291511536
2020-06-02T08:00:00.000000000,1108,0.511661808038691,0.28383347392082214
2020-06-02T08:15:00.000000000,1109,0.528401270247079,0.38060420751571655
2020-06-02T08:30:00.000000000,1110,0.563514555753228,0.4691409468650818
2020-06-02T08:45:00.000000000,1111,0.666628532173709,0.5336307883262634
2020-06-02T09:00:00.000000000,1112,0.722041020971515,0.6155131459236145
2020-06-02T09:15:00.000000000,1113,0.603164707578237,0.7043628692626953
2020-06-02T09:30:00.000000000,1114,0.625015614771763,0.7053089737892151
2020-06-02T09:45:00.000000000,1115,0.642142233450679,0.688035786151886
2020-06-02T10:00:00.000000000,1116,0.689967111471227,0.6867178678512573
2020-06-02T10:15:00.000000000,1117,0.756296212984229,0.7126274108886719
2020-06-02T10:30:00.000000000,1118,0.676000720391427,0.7753975987434387
2020-06-02T10:45:00.000000000,1119,0.693114824785635,0.7733405828475952
2020-06-02T11:00:00.000000000,1120,0.643818833059352,0.7979227900505066
2020-06-02T11:15:00.000000000,1121,0.259435276389099,0.7765184044837952
2020-06-02T11:30:00.000000000,1122,0.725609052487561,0.8518794178962708
2020-06-02T11:45:00.000000000,1123,0.601276713167382,0.950839102268219
2020-06-02T12:00:00.000000000,1124,0.502469066126109,0.979780375957489
2020-06-02T12:15:00.000000000,1125,0.427343276220864,0.981188178062439
2020-06-02T12:30:00.000000000,1126,0.0,0.9688802361488342
2020-06-02T12:45:00.000000000,1127,0.594418615539965,0.9817615747451782
2020-06-02T13:00:00.000000000,1128,0.51572113194918,0.9903990626335144
2020-06-02T13:15:00.000000000,1129,0.747780365810741,0.975906491279602
2020-06-02T13:30:00.000000000,1130,0.795594459528489,0.9688885807991028
2020-06-02T13:45:00.000000000,1131,0.741989105337835,0.9708367586135864
2020-06-02T14:00:00.000000000,1132,0.893463422880193,0.9713774919509888
2020-06-02T14:15:00.000000000,1133,0.765058391607512,0.9790053963661194
2020-06-02T14:30:00.000000000,1134,0.61477203242049,0.9639222025871277
2020-06-02T14:45:00.000000000,1135,0.744442242150016,0.9069637060165405
2020-06-02T15:00:00.000000000,1136,0.742990607591214,0.8418755531311035
2020-06-02T15:15:00.000000000,1137,0.62127487713983,0.6948202252388
2020-06-02T15:30:00.000000000,1138,0.867408345109193,0.4881477653980255
2020-06-02T15:45:00.000000000,1139,0.578064579820197,0.4486501216888428
2020-06-02T16:00:00.000000000,1140,0.344125282503799,0.30749842524528503
2020-06-02T16:15:00.000000000,1141,0.0,0.2302742302417755
2020-06-02T16:30:00.000000000,1142,0.0,0.18908898532390594
2020-06-02T16:45:00.000000000,1143,0.516926817002244,0.17519202828407288
2020-06-02T17:00:00.000000000,1144,0.517328689552635,0.15517458319664001
2020-06-02T17:15:00.000000000,1145,0.419345255320166,0.12008244544267654
2020-06-02T17:30:00.000000000,1146,0.3480658442797,0.0768418163061142
2020-06-02T17:45:00.000000000,1147,0.210438144654167,0.04776708409190178
2020-06-02T18:00:00.000000000,1148,0.156200403440768,0.026648441329598427
2020-06-02T18:15:00.000000000,1149,0.0841897268012572,0.015516790561378002
2020-06-02T18:30:00.000000000,1150,0.0255341285438567,0.009241029620170593
2020-06-02T18:45:00.000000000,1151,0.0011302174007601,0.005710042547434568
2020-06-02T19:00:00.000000000,1152,0.0,0.0039062481373548508
2020-06-02T19:15:00.000000000,1153,0.0,0.003039385424926877
2020-06-02T19:30:00.000000000,1154,0.0,0.002606995403766632
2020-06-02T19:45:00.000000000,1155,0.0,0.0023874547332525253
2020-06-02T20:00:00.000000000,1156,0.0,0.0022438145242631435
2020-06-02T20:15:00.000000000,1157,0.0,0.0021269582211971283
2020-06-02T20:30:00.000000000,1158,0.0,0.002020128769800067
2020-06-02T20:45:00.000000000,1159,0.0,0.0019212152110412717
2020-06-02T21:00:00.000000000,1160,0.0,0.0018329500453546643
2020-06-02T21:15:00.000000000,1161,0.0,0.0017556579550728202
2020-06-02T21:30:00.000000000,1162,0.0,0.0016969918506219983
2020-06-02T21:45:00.000000000,1163,0.0,0.0016557020135223866
2020-06-02T22:00:00.000000000,1164,0.0,0.0016282473225146532
2020-06-02T22:15:00.000000000,1165,0.0,0.0016130651347339153
2020-06-02T22:30:00.000000000,1166,0.0,0.001612665131688118
2020-06-02T22:45:00.000000000,1167,0.0,0.001625963021069765
2020-06-02T23:00:00.000000000,1168,0.0,0.0016499982448294759
2020-06-02T23:15:00.000000000,1169,0.0,0.001679884153418243
2020-06-02T23:30:00.000000000,1170,0.0,0.0017206264892593026
2020-06-02T23:45:00.000000000,1171,0.0,0.0017723323544487357
2020-06-03T00:00:00.000000000,1172,0.0,0.0018355647334828973
2020-06-03T00:15:00.000000000,1173,0.0,0.0019091172143816948
2020-06-03T00:30:00.000000000,1174,0.0,0.0019986017141491175
2020-06-03T00:45:00.000000000,1175,0.0,0.002101738238707185
2020-06-03T01:00:00.000000000,1176,0.0,0.0022268148604780436
2020-06-03T01:15:00.000000000,1177,0.0,0.002381169004365802
2020-06-03T01:30:00.000000000,1178,0.0,0.0025661857798695564
2020-06-03T01:45:00.000000000,1179,0.0,0.002792123705148697
2020-06-03T02:00:00.000000000,1180,0.0,0.003080778056755662
2020-06-03T02:15:00.000000000,1181,0.0,0.003432715078815818
2020-06-03T02:30:00.000000000,1182,0.0,0.0038534761406481266
2020-06-03T02:45:00.000000000,1183,0.0,0.004325441550463438
2020-06-03T03:00:00.000000000,1184,0.0,0.004764951765537262
2020-06-03T03:15:00.000000000,1185,0.0,0.005241090897470713
2020-06-03T03:30:00.000000000,1186,0.0,0.005813239607959986
2020-06-03T03:45:00.000000000,1187,0.0,0.006506966892629862
2020-06-03T04:00:00.000000000,1188,0.0,0.007340984884649515
2020-06-03T04:15:00.000000000,1189,0.0,0.008280176669359207
2020-06-03T04:30:00.000000000,1190,0.0,0.009294913150370121
2020-06-03T04:45:00.000000000,1191,0.0,0.010391412302851677
2020-06-03T05:00:00.000000000,1192,0.0,0.011585010215640068
2020-06-03T05:15:00.000000000,1193,0.0,0.012918448075652122
2020-06-03T05:30:00.000000000,1194,0.0,0.014406737871468067
2020-06-03T05:45:00.000000000,1195,0.0,0.016056960448622704
2020-06-03T06:00:00.000000000,1196,0.0030080341258477,0.017977343872189522
2020-06-03T06:15:00.000000000,1197,0.0290206037699766,0.020431259647011757
2020-06-03T06:30:00.000000000,1198,0.0617999864117785,0.02412951923906803
2020-06-03T06:45:00.000000000,1199,0.109718867605069,0.030021538957953453
2020-06-03T07:00:00.000000000,1200,0.154963443909583,0.03969433903694153
2020-06-03T07:15:00.000000000,1201,0.17974307566878,0.0549539178609848
2020-06-03T07:30:00.000000000,1202,0.200009813715548,0.07425457239151001
2020-06-03T07:45:00.000000000,1203,0.380164984555081,0.09557456523180008
2020-06-03T08:00:00.000000000,1204,0.451941259879769,0.16131345927715302
2020-06-03T08:15:00.000000000,1205,0.459288425639177,0.2803821265697479
2020-06-03T08:30:00.000000000,1206,0.525360119324716,0.3867435157299042
2020-06-03T08:45:00.000000000,1207,0.540516176274462,0.46504339575767517
2020-06-03T09:00:00.000000000,1208,0.714504995109319,0.5106273293495178
2020-06-03T09:15:00.000000000,1209,0.436431387928986,0.626629650592804
2020-06-03T09:30:00.000000000,1210,0.525635658261261,0.5918431878089905
2020-06-03T09:45:00.000000000,1211,0.681783488225878,0.5503969788551331
2020-06-03T10:00:00.000000000,1212,0.593670971281042,0.586000382900238
2020-06-03T10:15:00.000000000,1213,0.438288062927126,0.5952317714691162
2020-06-03T10:30:00.000000000,1214,0.480613732874977,0.5393999218940735
2020-06-03T10:45:00.000000000,1215,0.160364784434369,0.4722074866294861
2020-06-03T11:00:00.000000000,1216,0.372549087450271,0.7792867422103882
2020-06-03T11:15:00.000000000,1217,0.634731148229883,0.885172963142395
2020-06-03T11:30:00.000000000,1218,0.61425986790667,0.9090885519981384
2020-06-03T11:45:00.000000000,1219,0.499334765788309,0.9276939630508423
2020-06-03T12:00:00.000000000,1220,0.646721315821543,0.912887454032898
2020-06-03T12:15:00.000000000,1221,0.532258186274386,0.9423487186431885
2020-06-03T12:30:00.000000000,1222,0.446944555382967,0.9384739995002747
2020-06-03T12:45:00.000000000,1223,0.288426043587995,0.8901758790016174
2020-06-03T13:00:00.000000000,1224,0.114239197992969,0.6964412331581116
2020-06-03T13:15:00.000000000,1225,0.637430369351587,0.29401224851608276
2020-06-03T13:30:00.000000000,1226,0.592635498473841,0.2392784208059311
2020-06-03T13:45:00.000000000,1227,0.563564725228546,0.30390074849128723
2020-06-03T14:00:00.000000000,1228,0.645977142760084,0.35267096757888794
2020-06-03T14:15:00.000000000,1229,0.728389560291622,0.5204725861549377
2020-06-03T14:30:00.000000000,1230,0.478404343773377,0.757738471031189
2020-06-03T14:45:00.000000000,1231,0.702918407582659,0.7240816354751587
2020-06-03T15:00:00.000000000,1232,0.674239621276854,0.6856061220169067
2020-06-03T15:15:00.000000000,1233,0.54164506810467,0.7688316106796265
2020-06-03T15:30:00.000000000,1234,0.445312643229022,0.7005782723426819
2020-06-03T15:45:00.000000000,1235,0.715921243674557,0.4656923711299896
2020-06-03T16:00:00.000000000,1236,0.479090787113908,0.3482307493686676
2020-06-03T16:15:00.000000000,1237,0.313032542352653,0.21928110718727112
2020-06-03T16:30:00.000000000,1238,0.261833188584025,0.11764653772115707
2020-06-03T16:45:00.000000000,1239,0.299758997793172,0.06450320035219193
2020-06-03T17:00:00.000000000,1240,0.262019644685981,0.042617589235305786
2020-06-03T17:15:00.000000000,1241,0.183720011999334,0.03134370222687721
2020-06-03T17:30:00.000000000,1242,0.1564410057297,0.023213066160678864
2020-06-03T17:45:00.000000000,1243,0.127386026994548,0.017237413674592972
2020-06-03T18:00:00.000000000,1244,0.0808620953684655,0.012791885994374752
2020-06-03T18:15:00.000000000,1245,0.0388945766100695,0.009363477118313313
2020-06-03T18:30:00.000000000,1246,0.0131521088164911,0.006858121603727341
2020-06-03T18:45:00.000000000,1247,0.0,0.005101524293422699
2020-06-03T19:00:00.000000000,1248,0.0,0.003960654139518738
2020-06-03T19:15:00.000000000,1249,0.0,0.0032977405935525894
2020-06-03T19:30:00.000000000,1250,0.0,0.002923973836004734
2020-06-03T19:45:00.000000000,1251,0.0,0.0026980245020240545
2020-06-03T20:00:00.000000000,1252,0.0,0.002542358823120594
2020-06-03T20:15:00.000000000,1253,0.0,0.002411865396425128
2020-06-03T20:30:00.000000000,1254,0.0,0.0022970594000071287
2020-06-03T20:45:00.000000000,1255,0.0,0.002189542865380645
2020-06-03T21:00:00.000000000,1256,0.0,0.002087371191009879
2020-06-03T21:15:00.000000000,1257,0.0,0.0019987947307527065
2020-06-03T21:30:00.000000000,1258,0.0,0.001928395009599626
2020-06-03T21:45:00.000000000,1259,0.0,0.0018772851908579469
2020-06-03T22:00:00.000000000,1260,0.0,0.0018471921794116497
2020-06-03T22:15:00.000000000,1261,0.0,0.0018326054560020566
2020-06-03T22:30:00.000000000,1262,0.0,0.0018328906735405326
2020-06-03T22:45:00.000000000,1263,0.0,0.0018410786287859082
2020-06-03T23:00:00.000000000,1264,0.0,0.0018513042014092207
2020-06-03T23:15:00.000000000,1265,0.0,0.001869825879111886
2020-06-03T23:30:00.000000000,1266,0.0,0.001899896189570427
2020-06-03T23:45:00.000000000,1267,0.0,0.0019393926486372948
2020-06-04T00:00:00.000000000,1268,0.0,0.001999347470700741
2020-06-04T00:15:00.000000000,1269,0.0,0.0020841634832322598
2020-06-04T00:30:00.000000000,1270,0.0,0.0021922439336776733
2020-06-04T00:45:00.000000000,1271,0.0,0.002323286375030875
2020-06-04T01:00:00.000000000,1272,0.0,0.002477420261129737
2020-06-04T01:15:00.000000000,1273,0.0,0.0026559303514659405
2020-06-04T01:30:00.000000000,1274,0.0,0.0028558592312037945
2020-06-04T01:45:00.000000000,1275,0.0,0.003090169280767441
2020-06-04T02:00:00.000000000,1276,0.0,0.0033601773902773857
2020-06-04T02:15:00.000000000,1277,0.0,0.003666494507342577
2020-06-04T02:30:00.000000000,1278,0.0,0.004017525818198919
2020-06-04T02:45:00.000000000,1279,0.0,0.004421011544764042
2020-06-04T03:00:00.000000000,1280,0.0,0.004894447512924671
2020-06-04T03:15:00.000000000,1281,0.0,0.00544968293979764
2020-06-04T03:30:00.000000000,1282,0.0,0.006082435604184866
2020-06-04T03:45:00.000000000,1283,0.0,0.006797226145863533
2020-06-04T04:00:00.000000000,1284,0.0,0.0076032537035644054
2020-06-04T04:15:00.000000000,1285,0.0,0.008540699258446693
2020-06-04T04:30:00.000000000,1286,0.0,0.0096244802698493
2020-06-04T04:45:00.000000000,1287,0.0,0.010868990793824196
2020-06-04T05:00:00.000000000,1288,0.0,0.01227541547268629
2020-06-04T05:15:00.000000000,1289,0.0,0.013813469558954239
2020-06-04T05:30:00.000000000,1290,0.0,0.015434518456459045
2020-06-04T05:45:00.000000000,1291,0.0,0.017113350331783295
2020-06-04T06:00:00.000000000,1292,0.0060976245416222,0.018969666212797165
2020-06-04T06:15:00.000000000,1293,0.0301812643588498,0.021459244191646576
2020-06-04T06:30:00.000000000,1294,0.0657706993009255,0.025204822421073914
2020-06-04T06:45:00.000000000,1295,0.106133760942922,0.031274713575839996
2020-06-04T07:00:00.000000000,1296,0.173286041769043,0.040826600044965744
2020-06-04T07:15:00.000000000,1297,0.220523287623467,0.05698046460747719
2020-06-04T07:30:00.000000000,1298,0.250878516266863,0.08142369985580444
2020-06-04T07:45:00.000000000,1299,0.350015196880029,0.11076829582452774
2020-06-04T08:00:00.000000000,1300,0.398409575957619,0.1610829383134842
2020-06-04T08:15:00.000000000,1301,0.590387308349459,0.22466428577899933
2020-06-04T08:30:00.000000000,1302,0.518882033567221,0.37036624550819397
2020-06-04T08:45:00.000000000,1303,0.534687080872565,0.4833701550960541
2020-06-04T09:00:00.000000000,1304,0.598470075896328,0.5342546105384827
2020-06-04T09:15:00.000000000,1305,0.705001845014471,0.5809105038642883
2020-06-04T09:30:00.000000000,1306,0.749023818390903,0.6549345254898071
2020-06-04T09:45:00.000000000,1307,0.682706197666924,0.7361835837364197
2020-06-04T10:00:00.000000000,1308,0.683039589894533,0.790671169757843
2020-06-04T10:15:00.000000000,1309,0.613252681427022,0.896904706954956
2020-06-04T10:30:00.000000000,1310,0.507100879244207,0.9361608028411865
2020-06-04T10:45:00.000000000,1311,0.362943486478821,0.9168153405189514
2020-06-04T11:00:00.000000000,1312,0.670185981592633,0.7944064736366272
2020-06-04T11:15:00.000000000,1313,0.653608688337603,0.8047230243682861
2020-06-04T11:30:00.000000000,1314,0.762394466610181,0.9008216261863708
2020-06-04T11:45:00.000000000,1315,0.785493656852831,0.9627259969711304
2020-06-04T12:00:00.000000000,1316,0.615734486510814,0.9856436848640442
2020-06-04T12:15:00.000000000,1317,0.621391122937098,0.98394376039505
2020-06-04T12:30:00.000000000,1318,0.873052759325636,0.964468777179718
2020-06-04T12:45:00.000000000,1319,0.778189650771922,0.9802101850509644
2020-06-04T13:00:00.000000000,1320,0.602003193232059,0.990504801273346
2020-06-04T13:15:00.000000000,1321,0.725174130542547,0.986637532711029
2020-06-04T13:30:00.000000000,1322,0.602548025196445,0.9852373600006104
2020-06-04T13:45:00.000000000,1323,0.229277175813972,0.9753008484840393
2020-06-04T14:00:00.000000000,1324,0.240730622135644,0.843522846698761
2020-06-04T14:15:00.000000000,1325,0.511971789342305,0.4837847054004669
2020-06-04T14:30:00.000000000,1326,0.531884330443979,0.3262872099876404
2020-06-04T14:45:00.000000000,1327,0.590525796771252,0.2827836871147156
2020-06-04T15:00:00.000000000,1328,0.623173116638346,0.2941042184829712
2020-06-04T15:15:00.000000000,1329,0.500930617929766,0.3143015503883362
2020-06-04T15:30:00.000000000,1330,0.475661670898307,0.26514503359794617
2020-06-04T15:45:00.000000000,1331,0.406272590867637,0.20894940197467804
2020-06-04T16:00:00.000000000,1332,0.287931785510283,0.15178993344306946
2020-06-04T16:15:00.000000000,1333,0.351140179400472,0.09280433505773544
2020-06-04T16:30:00.000000000,1334,0.391084742691927,0.06838918477296829
2020-06-04T16:45:00.000000000,1335,0.482748305875899,0.06150589510798454
2020-06-04T17:00:00.000000000,1336,0.311439858100144,0.06943755596876144
2020-06-04T17:15:00.000000000,1337,0.204103287918238,0.05897277966141701
2020-06-04T17:30:00.000000000,1338,0.151473239112078,0.03722170367836952
2020-06-04T17:45:00.000000000,1339,0.123763849291525,0.021278735250234604
2020-06-04T18:00:00.000000000,1340,0.0870809983819951,0.013120455667376518
2020-06-04T18:15:00.000000000,1341,0.0489299545154056,0.009030574932694435
2020-06-04T18:30:00.000000000,1342,0.0229212043118518,0.006650014314800501
2020-06-04T18:45:00.000000000,1343,0.0001207841913624,0.005021783988922834
2020-06-04T19:00:00.000000000,1344,0.0,0.0038735931739211082
2020-06-04T19:15:00.000000000,1345,0.0,0.0031733799260109663
2020-06-04T19:30:00.000000000,1346,0.0,0.002761272946372628
2020-06-04T19:45:00.000000000,1347,0.0,0.0025068148970603943
2020-06-04T20:00:00.000000000,1348,0.0,0.0023431871086359024
2020-06-04T20:15:00.000000000,1349,0.0,0.0022219973616302013
2020-06-04T20:30:00.000000000,1350,0.0,0.0021284553222358227
2020-06-04T20:45:00.000000000,1351,0.0,0.0020535695366561413
2020-06-04T21:00:00.000000000,1352,0.0,0.001993871759623289
2020-06-04T21:15:00.000000000,1353,0.0,0.0019335441756993532
2020-06-04T21:30:00.000000000,1354,0.0,0.0018816691590473056
2020-06-04T21:45:00.000000000,1355,0.0,0.0018429523333907127
2020-06-04T22:00:00.000000000,1356,0.0,0.001813883543945849
2020-06-04T22:15:00.000000000,1357,0.0,0.0017979881959035993
2020-06-04T22:30:00.000000000,1358,0.0,0.0017889615846797824
2020-06-04T22:45:00.000000000,1359,0.0,0.0017892043106257915
2020-06-04T23:00:00.000000000,1360,0.0,0.0017980001866817474
2020-06-04T23:15:00.000000000,1361,0.0,0.001815275871194899
2020-06-04T23:30:00.000000000,1362,0.0,0.0018307763384655118
2020-06-04T23:45:00.000000000,1363,0.0,0.0018589319661259651
2020-06-05T00:00:00.000000000,1364,0.0,0.0019229146419093013
2020-06-05T00:15:00.000000000,1365,0.0,0.0020102523267269135
2020-06-05T00:30:00.000000000,1366,0.0,0.002109948778524995
2020-06-05T00:45:00.000000000,1367,0.0,0.002223159419372678
2020-06-05T01:00:00.000000000,1368,0.0,0.002377303782850504
2020-06-05T01:15:00.000000000,1369,0.0,0.002583443885669112
2020-06-05T01:30:00.000000000,1370,0.0,0.002829016651958227
2020-06-05T01:45:00.000000000,1371,0.0,0.0031014024280011654
2020-06-05T02:00:00.000000000,1372,0.0,0.0034031413961201906
2020-06-05T02:15:00.000000000,1373,0.0,0.003748005023226142
2020-06-05T02:30:00.000000000,1374,0.0,0.004146500024944544
2020-06-05T02:45:00.000000000,1375,0.0,0.004592691082507372
2020-06-05T03:00:00.000000000,1376,0.0,0.005097416695207357
2020-06-05T03:15:00.000000000,1377,0.0,0.005662189796566963
2020-06-05T03:30:00.000000000,1378,0.0,0.0062925671227276325
2020-06-05T03:45:00.000000000,1379,0.0,0.007002220489084721
2020-06-05T04:00:00.000000000,1380,0.0,0.007783191278576851
2020-06-05T04:15:00.000000000,1381,0.0,0.008660201914608479
2020-06-05T04:30:00.000000000,1382,0.0,0.009659107774496078
2020-06-05T04:45:00.000000000,1383,0.0,0.010780376382172108
2020-06-05T05:00:00.000000000,1384,0.0,0.012014848180115223
2020-06-05T05:15:00.000000000,1385,0.0,0.013372601941227913
2020-06-05T05:30:00.000000000,1386,0.0,0.014891449362039566
2020-06-05T05:45:00.000000000,1387,0.0,0.016608309000730515
2020-06-05T06:00:00.000000000,1388,0.0042761333313681,0.018568940460681915
2020-06-05T06:15:00.000000000,1389,0.0320271550541893,0.021030375733971596
2020-06-05T06:30:00.000000000,1390,0.0630371032140458,0.024787593632936478
2020-06-05T06:45:00.000000000,1391,0.130827792298642,0.030867628753185272
2020-06-05T07:00:00.000000000,1392,0.172948313353016,0.04244495555758476
2020-06-05T07:15:00.000000000,1393,0.208401551537644,0.06112151965498924
2020-06-05T07:30:00.000000000,1394,0.226368379741184,0.0845450684428215
2020-06-05T07:45:00.000000000,1395,0.2886623995577,0.10910076647996902
2020-06-05T08:00:00.000000000,1396,0.323927474125762,0.14352816343307495
2020-06-05T08:15:00.000000000,1397,0.53128613864803,0.1819118857383728
2020-06-05T08:30:00.000000000,1398,0.788761660078057,0.31114327907562256
2020-06-05T08:45:00.000000000,1399,0.715019091810724,0.5883898138999939
2020-06-05T09:00:00.000000000,1400,0.741245213117595,0.7491916418075562
2020-06-05T09:15:00.000000000,1401,0.943257222517193,0.8128136396408081
2020-06-05T09:30:00.000000000,1402,0.770250291984998,0.9220656156539917
2020-06-05T09:45:00.000000000,1403,0.775977722865706,0.9551442265510559
2020-06-05T10:00:00.000000000,1404,0.66727435464036,0.9684644937515259
2020-06-05T10:15:00.000000000,1405,0.629463937471174,0.9766442179679871
2020-06-05T10:30:00.000000000,1406,0.765167223196604,0.9810623526573181
2020-06-05T10:45:00.000000000,1407,0.717840579965425,0.9867050051689148
2020-06-05T11:00:00.000000000,1408,0.751233993847915,0.9890183806419373
2020-06-05T11:15:00.000000000,1409,0.660241124428926,0.9900326728820801
2020-06-05T11:30:00.000000000,1410,0.719954483052648,0.9908267855644226
2020-06-05T11:45:00.000000000,1411,0.352840819017471,0.9886233806610107
2020-06-05T12:00:00.000000000,1412,0.829484962368175,0.9458749294281006
2020-06-05T12:15:00.000000000,1413,0.878655901116571,0.9568355679512024
2020-06-05T12:30:00.000000000,1414,0.850759650782707,0.977165162563324
2020-06-05T12:45:00.000000000,1415,0.733942622476428,0.9878050684928894
2020-06-05T13:00:00.000000000,1416,0.681127240933187,0.9848268628120422
2020-06-05T13:15:00.000000000,1417,0.880752908796073,0.9695613384246826
2020-06-05T13:30:00.000000000,1418,0.308957626137699,0.9765743017196655
2020-06-05T13:45:00.000000000,1419,0.247372898903272,0.906585156917572
2020-06-05T14:00:00.000000000,1420,0.393363443406316,0.5843709707260132
2020-06-05T14:15:00.000000000,1421,0.4683028221442,0.2646532654762268
2020-06-05T14:30:00.000000000,1422,0.548747789667272,0.1593635231256485
2020-06-05T14:45:00.000000000,1423,0.40770847585089,0.1723821461200714
2020-06-05T15:00:00.000000000,1424,0.510284270627046,0.17254039645195007
2020-06-05T15:15:00.000000000,1425,0.60292397048552,0.17335590720176697
2020-06-05T15:30:00.000000000,1426,0.53245464032373,0.1968693882226944
2020-06-05T15:45:00.000000000,1427,0.404890088183244,0.19654223322868347
2020-06-05T16:00:00.000000000,1428,0.361724006505091,0.1536097675561905
2020-06-05T16:15:00.000000000,1429,0.360193871208823,0.10775484144687653
2020-06-05T16:30:00.000000000,1430,0.531192000671503,0.07561957836151123
2020-06-05T16:45:00.000000000,1431,0.647611492615808,0.08004134893417358
2020-06-05T17:00:00.000000000,1432,0.46708388138561,0.10811231285333633
2020-06-05T17:15:00.000000000,1433,0.318892238213746,0.1007557213306427
2020-06-05T17:30:00.000000000,1434,0.198517603217461,0.0645889863371849
2020-06-05T17:45:00.000000000,1435,0.188670748405451,0.032049018889665604
2020-06-05T18:00:00.000000000,1436,0.0775372498805638,0.017467563971877098
2020-06-05T18:15:00.000000000,1437,0.0415350232815124,0.010077258571982384
2020-06-05T18:30:00.000000000,1438,0.0201165441629781,0.006360562052577734
2020-06-05T18:45:00.000000000,1439,0.0002135741300392,0.004516161512583494
2020-06-05T19:00:00.000000000,1440,0.0,0.003480424638837576
2020-06-05T19:15:00.000000000,1441,0.0,0.00293055665679276
2020-06-05T19:30:00.000000000,1442,0.0,0.0026161179412156343
2020-06-05T19:45:00.000000000,1443,0.0,0.002384036313742399
2020-06-05T20:00:00.000000000,1444,0.0,0.0022059159819036722
2020-06-05T20:15:00.000000000,1445,0.0,0.0020653277169913054
2020-06-05T20:30:00.000000000,1446,0.0,0.0019475773442536592
2020-06-05T20:45:00.000000000,1447,0.0,0.0018520525190979242
2020-06-05T21:00:00.000000000,1448,0.0,0.0017780334455892444
2020-06-05T21:15:00.000000000,1449,0.0,0.0017250912496820092
2020-06-05T21:30:00.000000000,1450,0.0,0.0016859382158145308
2020-06-05T21:45:00.000000000,1451,0.0,0.0016525592654943466
2020-06-05T22:00:00.000000000,1452,0.0,0.0016290683997794986
2020-06-05T22:15:00.000000000,1453,0.0,0.0016174691263586283
2020-06-05T22:30:00.000000000,1454,0.0,0.001616766327060759
2020-06-05T22:45:00.000000000,1455,0.0,0.0016288605984300375
2020-06-05T23:00:00.000000000,1456,0.0,0.0016530257416889071
2020-06-05T23:15:00.000000000,1457,0.0,0.001689981552772224
2020-06-05T23:30:00.000000000,1458,0.0,0.0017395580653101206
2020-06-05T23:45:00.000000000,1459,0.0,0.0018051217775791883
2020-06-06T00:00:00.000000000,1460,0.0,0.0018934105755761266
2020-06-06T00:15:00.000000000,1461,0.0,0.0020026604179292917
2020-06-06T00:30:00.000000000,1462,0.0,0.002125904895365238
2020-06-06T00:45:00.000000000,1463,0.0,0.0022591969463974237
2020-06-06T01:00:00.000000000,1464,0.0,0.002406889107078314
2020-06-06T01:15:00.000000000,1465,0.0,0.0025913577992469072
2020-06-06T01:30:00.000000000,1466,0.0,0.0028263248968869448
2020-06-06T01:45:00.000000000,1467,0.0,0.003110152669250965
2020-06-06T02:00:00.000000000,1468,0.0,0.0034323970321565866
2020-06-06T02:15:00.000000000,1469,0.0,0.0037719574756920338
2020-06-06T02:30:00.000000000,1470,0.0,0.004126694984734058
2020-06-06T02:45:00.000000000,1471,0.0,0.004512588959187269
2020-06-06T03:00:00.000000000,1472,0.0,0.00496425898745656
2020-06-06T03:15:00.000000000,1473,0.0,0.005483919754624367
2020-06-06T03:30:00.000000000,1474,0.0,0.006084009539335966
2020-06-06T03:45:00.000000000,1475,0.0,0.006791858002543449
2020-06-06T04:00:00.000000000,1476,0.0,0.00762754213064909
2020-06-06T04:15:00.000000000,1477,0.0,0.008619740605354309
2020-06-06T04:30:00.000000000,1478,0.0,0.009763413108885288
2020-06-06T04:45:00.000000000,1479,0.0,0.011054089292883873
2020-06-06T05:00:00.000000000,1480,0.0,0.012477184645831585
2020-06-06T05:15:00.000000000,1481,0.0,0.014080854132771492
2020-06-06T05:30:00.000000000,1482,0.0,0.01588740013539791
2020-06-06T05:45:00.000000000,1483,0.0,0.017920885235071182
2020-06-06T06:00:00.000000000,1484,0.0132661528186034,0.020138340070843697
2020-06-06T06:15:00.000000000,1485,0.0578805214282299,0.022919395938515663
2020-06-06T06:30:00.000000000,1486,0.102348448192749,0.027926165610551834
2020-06-06T06:45:00.000000000,1487,0.153758702483014,0.036166004836559296
2020-06-06T07:00:00.000000000,1488,0.147916283973699,0.04960404708981514
2020-06-06T07:15:00.000000000,1489,0.186343248720892,0.06474241614341736
2020-06-06T07:30:00.000000000,1490,0.14098817824727,0.08287602663040161
2020-06-06T07:45:00.000000000,1491,0.150834111900083,0.08992871642112732
2020-06-06T08:00:00.000000000,1492,0.427990873604017,0.09238120913505554
2020-06-06T08:15:00.000000000,1493,0.56987365470316,0.16017520427703857
2020-06-06T08:30:00.000000000,1494,0.692598234214207,0.3439819812774658
2020-06-06T08:45:00.000000000,1495,0.839364574499941,0.6044983863830566
2020-06-06T09:00:00.000000000,1496,0.693536962838371,0.8031200766563416
2020-06-06T09:15:00.000000000,1497,0.64359647421599,0.9021099805831909
2020-06-06T09:30:00.000000000,1498,0.743107617276597,0.927099883556366
2020-06-06T09:45:00.000000000,1499,0.742870879362835,0.9558387398719788
2020-06-06T10:00:00.000000000,1500,0.747613883136262,0.9686247110366821
2020-06-06T10:15:00.000000000,1501,0.814137776118593,0.9766765832901001
2020-06-06T10:30:00.000000000,1502,0.763907481825754,0.9857212901115417
2020-06-06T10:45:00.000000000,1503,0.716761700339454,0.9893587231636047
2020-06-06T11:00:00.000000000,1504,0.707563453938985,0.9865594506263733
2020-06-06T11:15:00.000000000,1505,0.744861639192457,0.9866123795509338
2020-06-06T11:30:00.000000000,1506,0.671331903634346,0.9894090294837952
2020-06-06T11:45:00.000000000,1507,0.508344803637617,0.9904881119728088
2020-06-06T12:00:00.000000000,1508,0.56910756479299,0.982248842716217
2020-06-06T12:15:00.000000000,1509,0.822926915498877,0.9718732237815857
2020-06-06T12:30:00.000000000,1510,0.795687564009331,0.9833138585090637
2020-06-06T12:45:00.000000000,1511,0.572924781105614,0.987797737121582
2020-06-06T13:00:00.000000000,1512,0.573524231070224,0.9813740849494934
2020-06-06T13:15:00.000000000,1513,0.50674841228102,0.9667754769325256
2020-06-06T13:30:00.000000000,1514,0.405369046031359,0.9366170167922974
2020-06-06T13:45:00.000000000,1515,0.765672153240629,0.8492776155471802
2020-06-06T14:00:00.000000000,1516,0.681674948711653,0.9124289751052856
2020-06-06T14:15:00.000000000,1517,0.498983085180535,0.9261318445205688
2020-06-06T14:30:00.000000000,1518,0.0,0.8880912065505981
2020-06-06T14:45:00.000000000,1519,0.396583254278403,0.8286607265472412
2020-06-06T15:00:00.000000000,1520,0.414928117229685,0.8350866436958313
2020-06-06T15:15:00.000000000,1521,0.634287149496679,0.8428999781608582
2020-06-06T15:30:00.000000000,1522,0.676751307866322,0.745317816734314
2020-06-06T15:45:00.000000000,1523,0.705440923409522,0.5727689862251282
2020-06-06T16:00:00.000000000,1524,0.716065146715048,0.3909464478492737
2020-06-06T16:15:00.000000000,1525,0.668928442016938,0.304140567779541
2020-06-06T16:30:00.000000000,1526,0.61477077425183,0.2578715980052948
2020-06-06T16:45:00.000000000,1527,0.527946127734315,0.20479343831539154
2020-06-06T17:00:00.000000000,1528,0.424814334746916,0.14245471358299255
2020-06-06T17:15:00.000000000,1529,0.327542349957096,0.08656017482280731
2020-06-06T17:30:00.000000000,1530,0.222597109051948,0.048518091440200806
2020-06-06T17:45:00.000000000,1531,0.172291099966533,0.026107801124453545
2020-06-06T18:00:00.000000000,1532,0.106946537897298,0.015130621381103992
2020-06-06T18:15:00.000000000,1533,0.0582563543808175,0.009266708046197891
2020-06-06T18:30:00.000000000,1534,0.0272063245622202,0.006017056293785572
2020-06-06T18:45:00.000000000,1535,0.0013093266964337,0.0042189983651041985
2020-06-06T19:00:00.000000000,1536,0.0,0.003163653425872326
2020-06-06T19:15:00.000000000,1537,0.0,0.002593257697299123
2020-06-06T19:30:00.000000000,1538,0.0,0.0022957101464271545
2020-06-06T19:45:00.000000000,1539,0.0,0.0021187649108469486
2020-06-06T20:00:00.000000000,1540,0.0,0.0020015074405819178
2020-06-06T20:15:00.000000000,1541,0.0,0.00190835224930197
2020-06-06T20:30:00.000000000,1542,0.0,0.0018278412753716111
2020-06-06T20:45:00.000000000,1543,0.0,0.0017654922557994723
2020-06-06T21:00:00.000000000,1544,0.0,0.0017193206585943699
2020-06-06T21:15:00.000000000,1545,0.0,0.0016875804867595434
2020-06-06T21:30:00.000000000,1546,0.0,0.0016687170136719942
2020-06-06T21:45:00.000000000,1547,0.0,0.0016517286421731114
2020-06-06T22:00:00.000000000,1548,0.0,0.0016430409159511328
2020-06-06T22:15:00.000000000,1549,0.0,0.0016409524250775576
2020-06-06T22:30:00.000000000,1550,0.0,0.001648443634621799
2020-06-06T22:45:00.000000000,1551,0.0,0.0016660167602822185
2020-06-06T23:00:00.000000000,1552,0.0,0.0016908636316657066
2020-06-06T23:15:00.000000000,1553,0.0,0.0017240764573216438
2020-06-06T23:30:00.000000000,1554,0.0,0.0017659047152847052
2020-06-06T23:45:00.000000000,1555,0.0,0.0018189663533121347
2020-06-07T00:00:00.000000000,1556,0.0,0.0018877086695283651
2020-06-07T00:15:00.000000000,1557,0.0,0.001973090460523963
2020-06-07T00:30:00.000000000,1558,0.0,0.00208212248980999
2020-06-07T00:45:00.000000000,1559,0.0,0.0022121379151940346
2020-06-07T01:00:00.000000000,1560,0.0,0.002358499215915799
2020-06-07T01:15:00.000000000,1561,0.0,0.0025252792984247208
2020-06-07T01:30:00.000000000,1562,0.0,0.002712315646931529
2020-06-07T01:45:00.000000000,1563,0.0,0.0029323576018214226
2020-06-07T02:00:00.000000000,1564,0.0,0.003187637310475111
2020-06-07T02:15:00.000000000,1565,0.0,0.003491341834887862
2020-06-07T02:30:00.000000000,1566,0.0,0.0038452441804111004
2020-06-07T02:45:00.000000000,1567,0.0,0.00427143182605505
2020-06-07T03:00:00.000000000,1568,0.0,0.004783482290804386
2020-06-07T03:15:00.000000000,1569,0.0,0.005395802669227123
2020-06-07T03:30:00.000000000,1570,0.0,0.006107543129473925
2020-06-07T03:45:00.000000000,1571,0.0,0.00691527733579278
2020-06-07T04:00:00.000000000,1572,0.0,0.007793966215103865
2020-06-07T04:15:00.000000000,1573,0.0,0.008688856847584248
2020-06-07T04:30:00.000000000,1574,0.0,0.009595884010195732
2020-06-07T04:45:00.000000000,1575,0.0,0.010542642325162888
2020-06-07T05:00:00.000000000,1576,0.0,0.011627490632236004
2020-06-07T05:15:00.000000000,1577,0.0,0.012898726388812065
2020-06-07T05:30:00.000000000,1578,0.0,0.01445024274289608
2020-06-07T05:45:00.000000000,1579,0.0,0.016280973330140114
2020-06-07T06:00:00.000000000,1580,0.014897413420921,0.018507443368434906
2020-06-07T06:15:00.000000000,1581,0.0436939957675206,0.021560488268733025
2020-06-07T06:30:00.000000000,1582,0.070207878220777,0.026244299486279488
2020-06-07T06:45:00.000000000,1583,0.0779322923725143,0.03297217935323715
2020-06-07T07:00:00.000000000,1584,0.102479904350424,0.04054217040538788
2020-06-07T07:15:00.000000000,1585,0.132254982437763,0.049465350806713104
2020-06-07T07:30:00.000000000,1586,0.219037098361109,0.06079680472612381
2020-06-07T07:45:00.000000000,1587,0.343890746385192,0.08294101804494858
2020-06-07T08:00:00.000000000,1588,0.316687814384894,0.13183988630771637
2020-06-07T08:15:00.000000000,1589,0.492526882570805,0.1849125325679779
2020-06-07T08:30:00.000000000,1590,0.52732650213655,0.2790032625198364
2020-06-07T08:45:00.000000000,1591,0.754179007204274,0.38248082995414734
2020-06-07T09:00:00.000000000,1592,0.819967208529952,0.5769551396369934
2020-06-07T09:15:00.000000000,1593,0.635415277438771,0.7348203659057617
2020-06-07T09:30:00.000000000,1594,0.150650441743017,0.877396821975708
2020-06-07T09:45:00.000000000,1595,0.702103181692855,0.9502277970314026
2020-06-07T10:00:00.000000000,1596,0.690967041013782,0.9757757186889648
2020-06-07T10:15:00.000000000,1597,0.684108561442307,0.9847109913825989
2020-06-07T10:30:00.000000000,1598,0.641549164198559,0.9894765615463257
2020-06-07T10:45:00.000000000,1599,0.506160173497863,0.9872706532478333
2020-06-07T11:00:00.000000000,1600,0.536149387397679,0.9691984057426453
2020-06-07T11:15:00.000000000,1601,0.5748421627416,0.9452207684516907
2020-06-07T11:30:00.000000000,1602,0.623329466561652,0.9481238722801208
2020-06-07T11:45:00.000000000,1603,0.631514010966198,0.969934344291687
2020-06-07T12:00:00.000000000,1604,0.67952473847167,0.9779234528541565
2020-06-07T12:15:00.000000000,1605,0.758762515632746,0.985010027885437
2020-06-07T12:30:00.000000000,1606,0.722769949971619,0.9907246828079224
2020-06-07T12:45:00.000000000,1607,0.555135646758005,0.9938444495201111
2020-06-07T13:00:00.000000000,1608,0.494591986687857,0.9898881912231445
2020-06-07T13:15:00.000000000,1609,0.627152591773518,0.9728126525878906
2020-06-07T13:30:00.000000000,1610,0.600114682073361,0.9556159973144531
2020-06-07T13:45:00.000000000,1611,0.667163141517732,0.932870626449585
2020-06-07T14:00:00.000000000,1612,0.661944033242973,0.9335029721260071
2020-06-07T14:15:00.000000000,1613,0.757342627365312,0.9375892877578735
2020-06-07T14:30:00.000000000,1614,0.731319969904606,0.927028238773346
2020-06-07T14:45:00.000000000,1615,0.721050303020935,0.9121865630149841
2020-06-07T15:00:00.000000000,1616,0.581670648470912,0.8961260318756104
2020-06-07T15:15:00.000000000,1617,0.0193031381242718,0.8107679486274719
2020-06-07T15:30:00.000000000,1618,0.186762331221168,0.716230571269989
2020-06-07T15:45:00.000000000,1619,0.671544062324643,0.6235257983207703
2020-06-07T16:00:00.000000000,1620,0.256919478284189,0.4663916230201721
2020-06-07T16:15:00.000000000,1621,0.5344278981286,0.19456757605075836
2020-06-07T16:30:00.000000000,1622,0.363683177314428,0.11695593595504761
2020-06-07T16:45:00.000000000,1623,0.196615836353238,0.0720876082777977
2020-06-07T17:00:00.000000000,1624,0.340595063449446,0.040421441197395325
2020-06-07T17:15:00.000000000,1625,0.301318138370513,0.03376902639865875
2020-06-07T17:30:00.000000000,1626,0.246702654484239,0.028609992936253548
2020-06-07T17:45:00.000000000,1627,0.171275308511942,0.021832549944519997
2020-06-07T18:00:00.000000000,1628,0.0986438604424943,0.015674186870455742
2020-06-07T18:15:00.000000000,1629,0.0603106292604736,0.010033225640654564
2020-06-07T18:30:00.000000000,1630,0.0284840847056658,0.0064049470238387585
2020-06-07T18:45:00.000000000,1631,0.0029278932756636,0.004418133292347193
2020-06-07T19:00:00.000000000,1632,0.0,0.003290468128398061
2020-06-07T19:15:00.000000000,1633,0.0,0.002692093141376972
2020-06-07T19:30:00.000000000,1634,0.0,0.0023759661708027124
2020-06-07T19:45:00.000000000,1635,0.0,0.002190523548051715
2020-06-07T20:00:00.000000000,1636,0.0,0.0020623323507606983
2020-06-07T20:15:00.000000000,1637,0.0,0.001959962071850896
2020-06-07T20:30:00.000000000,1638,0.0,0.0018699043430387974
2020-06-07T20:45:00.000000000,1639,0.0,0.001790612586773932
2020-06-07T21:00:00.000000000,1640,0.0,0.001724906382150948
2020-06-07T21:15:00.000000000,1641,0.0,0.0016754342941567302
2020-06-07T21:30:00.000000000,1642,0.0,0.0016371983801946044
2020-06-07T21:45:00.000000000,1643,0.0,0.0016084566013887525
2020-06-07T22:00:00.000000000,1644,0.0,0.001585845137014985
2020-06-07T22:15:00.000000000,1645,0.0,0.0015686445403844118
2020-06-07T22:30:00.000000000,1646,0.0,0.0015608625253662467
2020-06-07T22:45:00.000000000,1647,0.0,0.0015650130808353424
2020-06-07T23:00:00.000000000,1648,0.0,0.0015812291530892253
2020-06-07T23:15:00.000000000,1649,0.0,0.0016121523221954703
2020-06-07T23:30:00.000000000,1650,0.0,0.0016565952682867646
2020-06-07T23:45:00.000000000,1651,0.0,0.0017169204074889421
2020-06-08T00:00:00.000000000,1652,0.0,0.0017922284314408898
2020-06-08T00:15:00.000000000,1653,0.0,0.0018817299278452992
2020-06-08T00:30:00.000000000,1654,0.0,0.001990115735679865
2020-06-08T00:45:00.000000000,1655,0.0,0.0021179586183279753
2020-06-08T01:00:00.000000000,1656,0.0,0.0022679909598082304
2020-06-08T01:15:00.000000000,1657,0.0,0.002445838414132595
2020-06-08T01:30:00.000000000,1658,0.0,0.0026556423399597406
2020-06-08T01:45:00.000000000,1659,0.0,0.0028982949443161488
2020-06-08T02:00:00.000000000,1660,0.0,0.0031764369923621416
2020-06-08T02:15:00.000000000,1661,0.0,0.0034889935050159693
2020-06-08T02:30:00.000000000,1662,0.0,0.003844186896458268
2020-06-08T02:45:00.000000000,1663,0.0,0.004253112245351076
2020-06-08T03:00:00.000000000,1664,0.0,0.0047074188478291035
2020-06-08T03:15:00.000000000,1665,0.0,0.005197142716497183
2020-06-08T03:30:00.000000000,1666,0.0,0.005733118858188391
2020-06-08T03:45:00.000000000,1667,0.0,0.006352466996759176
2020-06-08T04:00:00.000000000,1668,0.0,0.007096650078892708
2020-06-08T04:15:00.000000000,1669,0.0,0.007991933263838291
2020-06-08T04:30:00.000000000,1670,0.0,0.008989017456769943
2020-06-08T04:45:00.000000000,1671,0.0,0.010089482180774212
2020-06-08T05:00:00.000000000,1672,0.0,0.01130089070647955
2020-06-08T05:15:00.000000000,1673,0.0,0.012650648131966591
2020-06-08T05:30:00.000000000,1674,0.0,0.014165911823511124
2020-06-08T05:45:00.000000000,1675,0.0,0.015767648816108704
2020-06-08T06:00:00.000000000,1676,0.0194388406011746,0.01773153245449066
2020-06-08T06:15:00.000000000,1677,0.0565090951215049,0.020693013444542885
2020-06-08T06:30:00.000000000,1678,0.0969891439815862,0.02571014128625393
2020-06-08T06:45:00.000000000,1679,0.141856943707018,0.033858321607112885
2020-06-08T07:00:00.000000000,1680,0.240077789872174,0.04516912251710892
2020-06-08T07:15:00.000000000,1681,0.264476174060085,0.075629822909832
2020-06-08T07:30:00.000000000,1682,0.403902156177554,0.12179780006408691
2020-06-08T07:45:00.000000000,1683,0.488441114651158,0.21447214484214783
2020-06-08T08:00:00.000000000,1684,0.572625898646965,0.35284847021102905
2020-06-08T08:15:00.000000000,1685,0.469844123687326,0.5180093050003052
2020-06-08T08:30:00.000000000,1686,0.708145873692089,0.55623459815979
2020-06-08T08:45:00.000000000,1687,0.553823511649384,0.6620349884033203
2020-06-08T09:00:00.000000000,1688,0.728168392215027,0.646937906742096
2020-06-08T09:15:00.000000000,1689,0.604444306583571,0.7317287921905518
2020-06-08T09:30:00.000000000,1690,0.738875466272466,0.762641966342926
2020-06-08T09:45:00.000000000,1691,0.802818264270336,0.8756608963012695
2020-06-08T10:00:00.000000000,1692,0.729133969259704,0.9474235773086548
2020-06-08T10:15:00.000000000,1693,0.719613025065236,0.9579877257347107
2020-06-08T10:30:00.000000000,1694,0.726967178154166,0.9731374979019165
2020-06-08T10:45:00.000000000,1695,0.630522506660206,0.9840682148933411
2020-06-08T11:00:00.000000000,1696,0.747538752493421,0.9808793067932129
2020-06-08T11:15:00.000000000,1697,0.718225894117558,0.9864616990089417
2020-06-08T11:30:00.000000000,1698,0.795165379080825,0.9855579137802124
2020-06-08T11:45:00.000000000,1699,0.665986574082229,0.9876254796981812
2020-06-08T12:00:00.000000000,1700,0.615308102138851,0.9881824851036072
2020-06-08T12:15:00.000000000,1701,0.763355684999143,0.9787312746047974
2020-06-08T12:30:00.000000000,1702,0.752131023167918,0.9829708337783813
2020-06-08T12:45:00.000000000,1703,0.774287215999879,0.9875320196151733
2020-06-08T13:00:00.000000000,1704,0.591676549281927,0.9883719086647034
2020-06-08T13:15:00.000000000,1705,0.536978161067876,0.9816072583198547
2020-06-08T13:30:00.000000000,1706,0.747573307196976,0.9508647322654724
2020-06-08T13:45:00.000000000,1707,0.680944222327749,0.9468866586685181
2020-06-08T14:00:00.000000000,1708,0.731336011555021,0.9256728291511536
2020-06-08T14:15:00.000000000,1709,0.793796087167363,0.9366121888160706
2020-06-08T14:30:00.000000000,1710,0.875782311298966,0.9458063244819641
2020-06-08T14:45:00.000000000,1711,0.846510657946719,0.9464359879493713
2020-06-08T15:00:00.000000000,1712,0.717319069055845,0.9401093125343323
2020-06-08T15:15:00.000000000,1713,0.925890540764485,0.8744146227836609
2020-06-08T15:30:00.000000000,1714,0.996989359667642,0.8005866408348083
2020-06-08T15:45:00.000000000,1715,0.845537239815215,0.7447302937507629
2020-06-08T16:00:00.000000000,1716,0.704129686992801,0.6405014991760254
2020-06-08T16:15:00.000000000,1717,0.598741390980944,0.47906866669654846
2020-06-08T16:30:00.000000000,1718,0.524730608116051,0.3023323118686676
2020-06-08T16:45:00.000000000,1719,0.430661224248433,0.17105312645435333
2020-06-08T17:00:00.000000000,1720,0.37377342036026,0.09392965584993362
2020-06-08T17:15:00.000000000,1721,0.290661494754695,0.056712355464696884
2020-06-08T17:30:00.000000000,1722,0.264514121325563,0.0348188653588295
2020-06-08T17:45:00.000000000,1723,0.221441728277988,0.023411139845848083
2020-06-08T18:00:00.000000000,1724,0.158213697969783,0.01669754646718502
2020-06-08T18:15:00.000000000,1725,0.0851817927896871,0.011678174138069153
2020-06-08T18:30:00.000000000,1726,0.036925497722535,0.007663734257221222
2020-06-08T18:45:00.000000000,1727,0.0052917450475785,0.005027426406741142
2020-06-08T19:00:00.000000000,1728,0.0,0.003476274199783802
2020-06-08T19:15:00.000000000,1729,0.0,0.002672756789252162
2020-06-08T19:30:00.000000000,1730,0.0,0.0022851903922855854
2020-06-08T19:45:00.000000000,1731,0.0,0.0020821562502533197
2020-06-08T20:00:00.000000000,1732,0.0,0.0019550221040844917
2020-06-08T20:15:00.000000000,1733,0.0,0.0018570608226582408
2020-06-08T20:30:00.000000000,1734,0.0,0.0017685545608401299
2020-06-08T20:45:00.000000000,1735,0.0,0.0016899140318855643
2020-06-08T21:00:00.000000000,1736,0.0,0.0016269230982288718
2020-06-08T21:15:00.000000000,1737,0.0,0.001581517281010747
2020-06-08T21:30:00.000000000,1738,0.0,0.0015500453300774097
2020-06-08T21:45:00.000000000,1739,0.0,0.0015266700647771358
2020-06-08T22:00:00.000000000,1740,0.0,0.0015081141609698534
2020-06-08T22:15:00.000000000,1741,0.0,0.001495120581239462
2020-06-08T22:30:00.000000000,1742,0.0,0.0014921835390850902
2020-06-08T22:45:00.000000000,1743,0.0,0.0014999918639659882
2020-06-08T23:00:00.000000000,1744,0.0,0.0015188897959887981
2020-06-08T23:15:00.000000000,1745,0.0,0.0015531806275248528
2020-06-08T23:30:00.000000000,1746,0.0,0.0016034975415095687
2020-06-08T23:45:00.000000000,1747,0.0,0.0016711241332814097
2020-06-09T00:00:00.000000000,1748,0.0,0.0017513710772618651
2020-06-09T00:15:00.000000000,1749,0.0,0.0018476933473721147
2020-06-09T00:30:00.000000000,1750,0.0,0.0019623730331659317
2020-06-09T00:45:00.000000000,1751,0.0,0.002097557997331023
2020-06-09T01:00:00.000000000,1752,0.0,0.002261303598061204
2020-06-09T01:15:00.000000000,1753,0.0,0.002449533436447382
2020-06-09T01:30:00.000000000,1754,0.0,0.0026718699373304844
2020-06-09T01:45:00.000000000,1755,0.0,0.0029273636173456907
2020-06-09T02:00:00.000000000,1756,0.0,0.0032110202591866255
2020-06-09T02:15:00.000000000,1757,0.0,0.0035262254532426596
2020-06-09T02:30:00.000000000,1758,0.0,0.0038794518914073706
2020-06-09T02:45:00.000000000,1759,0.0,0.0042924960143864155
2020-06-09T03:00:00.000000000,1760,0.0,0.004780076444149017
2020-06-09T03:15:00.000000000,1761,0.0,0.00535050081089139
2020-06-09T03:30:00.000000000,1762,0.0,0.006004768423736095
2020-06-09T03:45:00.000000000,1763,0.0,0.0067591979168355465
2020-06-09T04:00:00.000000000,1764,0.0,0.007595539558678865
2020-06-09T04:15:00.000000000,1765,0.0,0.008527140133082867
2020-06-09T04:30:00.000000000,1766,0.0,0.009606285020709038
2020-06-09T04:45:00.000000000,1767,0.0,0.010841747745871544
2020-06-09T05:00:00.000000000,1768,0.0,0.01224910281598568
2020-06-09T05:15:00.000000000,1769,0.0,0.013864150270819664
2020-06-09T05:30:00.000000000,1770,0.0,0.015703164041042328
2020-06-09T05:45:00.000000000,1771,0.0,0.017699843272566795
2020-06-09T06:00:00.000000000,1772,0.0138342609031997,0.01983785070478916
2020-06-09T06:15:00.000000000,1773,0.0445399569203051,0.02272483892738819
2020-06-09T06:30:00.000000000,1774,0.0813539943799403,0.027332914993166924
2020-06-09T06:45:00.000000000,1775,0.13621248455598,0.03477681800723076
2020-06-09T07:00:00.000000000,1776,0.252071439894947,0.04748515039682388
2020-06-09T07:15:00.000000000,1777,0.398973370321095,0.07865460216999054
2020-06-09T07:30:00.000000000,1778,0.507297355760849,0.1594432145357132
2020-06-09T07:45:00.000000000,1779,0.582430200397509,0.3158421516418457
2020-06-09T08:00:00.000000000,1780,0.496150318442488,0.5129052996635437
2020-06-09T08:15:00.000000000,1781,0.559162707629283,0.5884445905685425
2020-06-09T08:30:00.000000000,1782,0.743532518806926,0.6221185922622681
2020-06-09T08:45:00.000000000,1783,0.781735125121279,0.7096447348594666
2020-06-09T09:00:00.000000000,1784,0.918121484092614,0.7922029495239258
2020-06-09T09:15:00.000000000,1785,0.955259207907338,0.876631498336792
2020-06-09T09:30:00.000000000,1786,0.838108517765881,0.9234297275543213
2020-06-09T09:45:00.000000000,1787,0.239314845383653,0.9439668655395508
2020-06-09T10:00:00.000000000,1788,0.690045702077884,0.960649311542511
2020-06-09T10:15:00.000000000,1789,0.667140472014555,0.9693191647529602
2020-06-09T10:30:00.000000000,1790,0.70933693253448,0.9768745303153992
2020-06-09T10:45:00.000000000,1791,0.667548905015815,0.983294665813446
2020-06-09T11:00:00.000000000,1792,0.579131641647683,0.9858609437942505
2020-06-09T11:15:00.000000000,1793,0.584505706873303,0.9838212132453918
2020-06-09T11:30:00.000000000,1794,0.678992420791992,0.979426920413971
2020-06-09T11:45:00.000000000,1795,0.509567743575162,0.9832087755203247
2020-06-09T12:00:00.000000000,1796,0.621783177278481,0.9616408944129944
2020-06-09T12:15:00.000000000,1797,0.551218608242587,0.941378653049469
2020-06-09T12:30:00.000000000,1798,0.559740633922887,0.9074844717979431
2020-06-09T12:45:00.000000000,1799,0.724211631517628,0.8332568407058716
2020-06-09T13:00:00.000000000,1800,0.570265911250221,0.8896130919456482
2020-06-09T13:15:00.000000000,1801,0.571235217866283,0.9145166277885437
2020-06-09T13:30:00.000000000,1802,0.631754478451345,0.8873425722122192
2020-06-09T13:45:00.000000000,1803,0.544320878302378,0.871647298336029
2020-06-09T14:00:00.000000000,1804,0.548626645999149,0.7919315099716187
2020-06-09T14:15:00.000000000,1805,0.685457947330184,0.7135069966316223
2020-06-09T14:30:00.000000000,1806,0.629642530019005,0.6899328827857971
2020-06-09T14:45:00.000000000,1807,0.695448929855659,0.5992971062660217
2020-06-09T15:00:00.000000000,1808,0.718449174120118,0.507836639881134
2020-06-09T15:15:00.000000000,1809,0.634771566898086,0.44337740540504456
2020-06-09T15:30:00.000000000,1810,0.638286440788246,0.36881017684936523
2020-06-09T15:45:00.000000000,1811,0.806617477364647,0.30221378803253174
2020-06-09T16:00:00.000000000,1812,0.66629648798395,0.3123127222061157
2020-06-09T16:15:00.000000000,1813,0.736851081539754,0.2901453971862793
2020-06-09T16:30:00.000000000,1814,0.626097437613707,0.2838047742843628
2020-06-09T16:45:00.000000000,1815,0.349559537619423,0.23987887799739838
2020-06-09T17:00:00.000000000,1816,0.286778561596882,0.12444023787975311
2020-06-09T17:15:00.000000000,1817,0.247004008345612,0.057428136467933655
2020-06-09T17:30:00.000000000,1818,0.177709403300931,0.029465675354003906
2020-06-09T17:45:00.000000000,1819,0.125859643736962,0.016959022730588913
2020-06-09T18:00:00.000000000,1820,0.0826574571117265,0.010953438468277454
2020-06-09T18:15:00.000000000,1821,0.0495327296400451,0.007510489318519831
2020-06-09T18:30:00.000000000,1822,0.0240387501568217,0.005313449539244175
2020-06-09T18:45:00.000000000,1823,0.001148348509843,0.0039581903256475925
2020-06-09T19:00:00.000000000,1824,0.0,0.003117639571428299
2020-06-09T19:15:00.000000000,1825,0.0,0.0026237384881824255
2020-06-09T19:30:00.000000000,1826,0.0,0.0023364804219454527
2020-06-09T19:45:00.000000000,1827,0.0,0.002155469497665763
2020-06-09T20:00:00.000000000,1828,0.0,0.0020220791921019554
2020-06-09T20:15:00.000000000,1829,0.0,0.0019144890829920769
2020-06-09T20:30:00.000000000,1830,0.0,0.0018219599733129144
2020-06-09T20:45:00.000000000,1831,0.0,0.0017380011267960072
2020-06-09T21:00:00.000000000,1832,0.0,0.0016640265239402652
2020-06-09T21:15:00.000000000,1833,0.0,0.0016035173321142793
2020-06-09T21:30:00.000000000,1834,0.0,0.0015563538763672113
2020-06-09T21:45:00.000000000,1835,0.0,0.0015238423366099596
2020-06-09T22:00:00.000000000,1836,0.0,0.0015037088887766004
2020-06-09T22:15:00.000000000,1837,0.0,0.0014938776148483157
2020-06-09T22:30:00.000000000,1838,0.0,0.0014947220915928483
2020-06-09T22:45:00.000000000,1839,0.0,0.0015042287996038795
2020-06-09T23:00:00.000000000,1840,0.0,0.0015232799341902137
2020-06-09T23:15:00.000000000,1841,0.0,0.0015560123138129711
2020-06-09T23:30:00.000000000,1842,0.0,0.0016028792597353458
2020-06-09T23:45:00.000000000,1843,0.0,0.0016668090829625726
2020-06-10T00:00:00.000000000,1844,0.0,0.0017431904561817646
2020-06-10T00:15:00.000000000,1845,0.0,0.0018299268558621407
2020-06-10T00:30:00.000000000,1846,0.0,0.0019321175059303641
2020-06-10T00:45:00.000000000,1847,0.0,0.002053170930594206
2020-06-10T01:00:00.000000000,1848,0.0,0.002200174843892455
2020-06-10T01:15:00.000000000,1849,0.0,0.002373941708356142
2020-06-10T01:30:00.000000000,1850,0.0,0.00257573532871902
2020-06-10T01:45:00.000000000,1851,0.0,0.0027976830024272203
2020-06-10T02:00:00.000000000,1852,0.0,0.003052362008020282
2020-06-10T02:15:00.000000000,1853,0.0,0.003348793601617217
2020-06-10T02:30:00.000000000,1854,0.0,0.00369800953194499
2020-06-10T02:45:00.000000000,1855,0.0,0.004092383664101362
2020-06-10T03:00:00.000000000,1856,0.0,0.004525603726506233
2020-06-10T03:15:00.000000000,1857,0.0,0.005014817696064711
2020-06-10T03:30:00.000000000,1858,0.0,0.00557473162189126
2020-06-10T03:45:00.000000000,1859,0.0,0.006237994879484177
2020-06-10T04:00:00.000000000,1860,0.0,0.007005852181464434
2020-06-10T04:15:00.000000000,1861,0.0,0.007873487658798695
2020-06-10T04:30:00.000000000,1862,0.0,0.008855395019054413
2020-06-10T04:45:00.000000000,1863,0.0,0.00994820985943079
2020-06-10T05:00:00.000000000,1864,0.0,0.011185956187546253
2020-06-10T05:15:00.000000000,1865,0.0,0.01258228812366724
2020-06-10T05:30:00.000000000,1866,0.0,0.014162103645503521
2020-06-10T05:45:00.000000000,1867,0.0,0.01589290238916874
2020-06-10T06:00:00.000000000,1868,0.0123863109811882,0.017816860228776932
2020-06-10T06:15:00.000000000,1869,0.0287103303914954,0.020353669300675392
2020-06-10T06:30:00.000000000,1870,0.0420829557329533,0.023686641827225685
2020-06-10T06:45:00.000000000,1871,0.073627558171428,0.02793615683913231
2020-06-10T07:00:00.000000000,1872,0.104654783683062,0.034078821539878845
2020-06-10T07:15:00.000000000,1873,0.112354146798087,0.04264171048998833
2020-06-10T07:30:00.000000000,1874,0.177272594102928,0.0516749806702137
2020-06-10T07:45:00.000000000,1875,0.248778430567603,0.0665578693151474
2020-06-10T08:00:00.000000000,1876,0.36776593461621,0.09254928678274155
2020-06-10T08:15:00.000000000,1877,0.507216495957145,0.14610910415649414
2020-06-10T08:30:00.000000000,1878,0.739580700914976,0.2615138590335846
2020-06-10T08:45:00.000000000,1879,0.617483385882844,0.5132312178611755
2020-06-10T09:00:00.000000000,1880,0.50437310218738,0.6468177437782288
2020-06-10T09:15:00.000000000,1881,0.551624906850585,0.6419416069984436
2020-06-10T09:30:00.000000000,1882,0.924471978067604,0.6051307320594788
2020-06-10T09:45:00.000000000,1883,0.717263889373184,0.77768474817276
2020-06-10T10:00:00.000000000,1884,0.649257693970964,0.8991665840148926
2020-06-10T10:15:00.000000000,1885,0.686668687525186,0.9238060712814331
2020-06-10T10:30:00.000000000,1886,0.773234286102521,0.9285430908203125
2020-06-10T10:45:00.000000000,1887,0.831052325976402,0.9475529789924622
2020-06-10T11:00:00.000000000,1888,0.593551130716175,0.96612548828125
2020-06-10T11:15:00.000000000,1889,0.0,0.9823598861694336
2020-06-10T11:30:00.000000000,1890,0.0,0.9827784299850464
2020-06-10T11:45:00.000000000,1891,0.409993714548851,0.9787224531173706
2020-06-10T12:00:00.000000000,1892,0.711625249252198,0.9687192440032959
2020-06-10T12:15:00.000000000,1893,0.732334997471081,0.9771909713745117
2020-06-10T12:30:00.000000000,1894,0.626564375457659,0.9837349653244019
2020-06-10T12:45:00.000000000,1895,0.580781235564761,0.9822202920913696
2020-06-10T13:00:00.000000000,1896,0.417864233536234,0.9691546559333801
2020-06-10T13:15:00.000000000,1897,0.538640583811827,0.8744798898696899
2020-06-10T13:30:00.000000000,1898,0.650644937255129,0.7270961999893188
2020-06-10T13:45:00.000000000,1899,0.59394397141297,0.6395981311798096
2020-06-10T14:00:00.000000000,1900,0.148700819535117,0.5894573330879211
2020-06-10T14:15:00.000000000,1901,0.303749594240607,0.48873260617256165
2020-06-10T14:30:00.000000000,1902,0.478932976816265,0.3967444896697998
2020-06-10T14:45:00.000000000,1903,0.261730535501745,0.29172956943511963
2020-06-10T15:00:00.000000000,1904,0.312847299484762,0.15111379325389862
2020-06-10T15:15:00.000000000,1905,0.31709161912287,0.08863300830125809
2020-06-10T15:30:00.000000000,1906,0.251043021819161,0.06209105625748634
2020-06-10T15:45:00.000000000,1907,0.277969246583443,0.047299519181251526
2020-06-10T16:00:00.000000000,1908,0.424150066629017,0.043779365718364716
2020-06-10T16:15:00.000000000,1909,0.44974319429611,0.05727163702249527
2020-06-10T16:30:00.000000000,1910,0.42987942969731,0.07503624260425568
2020-06-10T16:45:00.000000000,1911,0.227636344142919,0.08321995288133621
2020-06-10T17:00:00.000000000,1912,0.0978249499159004,0.05455925688147545
2020-06-10T17:15:00.000000000,1913,0.0210486449343793,0.025630565360188484
2020-06-10T17:30:00.000000000,1914,0.0184092950755507,0.011677887290716171
2020-06-10T17:45:00.000000000,1915,0.0147424789373579,0.006806155666708946
2020-06-10T18:00:00.000000000,1916,0.008782331789141,0.005076100118458271
2020-06-10T18:15:00.000000000,1917,0.0,0.004390770569443703
2020-06-10T18:30:00.000000000,1918,0.0,0.003920275252312422
2020-06-10T18:45:00.000000000,1919,0.0,0.0035599572584033012
2020-06-10T19:00:00.000000000,1920,0.0,0.0032597326207906008
2020-06-10T19:15:00.000000000,1921,0.0,0.0030098140705376863
2020-06-10T19:30:00.000000000,1922,0.0,0.002826315350830555
2020-06-10T19:45:00.000000000,1923,0.0,0.002689979039132595
2020-06-10T20:00:00.000000000,1924,0.0,0.0025538832414895296
2020-06-10T20:15:00.000000000,1925,0.0,0.0024184517096728086
2020-06-10T20:30:00.000000000,1926,0.0,0.0022734724916517735
2020-06-10T20:45:00.000000000,1927,0.0,0.0021357862278819084
2020-06-10T21:00:00.000000000,1928,0.0,0.0020093063358217478
2020-06-10T21:15:00.000000000,1929,0.0,0.001902402495034039
2020-06-10T21:30:00.000000000,1930,0.0,0.0018146710935980082
2020-06-10T21:45:00.000000000,1931,0.0,0.001751431031152606
2020-06-10T22:00:00.000000000,1932,0.0,0.0017074543284252286
2020-06-10T22:15:00.000000000,1933,0.0,0.001678649103268981
2020-06-10T22:30:00.000000000,1934,0.0,0.0016606964636594057
2020-06-10T22:45:00.000000000,1935,0.0,0.0016628917073830962
2020-06-10T23:00:00.000000000,1936,0.0,0.0016811683308333158
2020-06-10T23:15:00.000000000,1937,0.0,0.0017154882661998272
2020-06-10T23:30:00.000000000,1938,0.0,0.0017635326366871595
2020-06-10T23:45:00.000000000,1939,0.0,0.0018175954464823008
2020-06-11T00:00:00.000000000,1940,0.0,0.0018826652085408568
2020-06-11T00:15:00.000000000,1941,0.0,0.0019669965840876102
2020-06-11T00:30:00.000000000,1942,0.0,0.0020674860570579767
2020-06-11T00:45:00.000000000,1943,0.0,0.0021864562295377254
2020-06-11T01:00:00.000000000,1944,0.0,0.0023206076584756374
2020-06-11T01:15:00.000000000,1945,0.0,0.002466681646183133
2020-06-11T01:30:00.000000000,1946,0.0,0.0026371777057647705
2020-06-11T01:45:00.000000000,1947,0.0,0.0028437087312340736
2020-06-11T02:00:00.000000000,1948,0.0,0.0030955178663134575
2020-06-11T02:15:00.000000000,1949,0.0,0.003396583255380392
2020-06-11T02:30:00.000000000,1950,0.0,0.0037321937270462513
2020-06-11T02:45:00.000000000,1951,0.0,0.0041269538924098015
2020-06-11T03:00:00.000000000,1952,0.0,0.004602287895977497
2020-06-11T03:15:00.000000000,1953,0.0,0.00516373198479414
2020-06-11T03:30:00.000000000,1954,0.0,0.005798368714749813
2020-06-11T03:45:00.000000000,1955,0.0,0.006477621383965015
2020-06-11T04:00:00.000000000,1956,0.0,0.007219808641821146
2020-06-11T04:15:00.000000000,1957,0.0,0.008062545210123062
2020-06-11T04:30:00.000000000,1958,0.0,0.00901271216571331
2020-06-11T04:45:00.000000000,1959,0.0,0.010073401965200901
2020-06-11T05:00:00.000000000,1960,0.0,0.011269818060100079
2020-06-11T05:15:00.000000000,1961,0.0,0.012609384953975677
2020-06-11T05:30:00.000000000,1962,0.0,0.014101947657763958
2020-06-11T05:45:00.000000000,1963,0.0,0.01577403023838997
2020-06-11T06:00:00.000000000,1964,0.0007584285617226,0.017625926062464714
2020-06-11T06:15:00.000000000,1965,0.0136595102632412,0.019839394837617874
2020-06-11T06:30:00.000000000,1966,0.0216959727099623,0.022557182237505913
2020-06-11T06:45:00.000000000,1967,0.035803728025635,0.02582724578678608
2020-06-11T07:00:00.000000000,1968,0.0917807975423293,0.02988383173942566
2020-06-11T07:15:00.000000000,1969,0.158064672385463,0.037725772708654404
2020-06-11T07:30:00.000000000,1970,0.156115387187026,0.052714817225933075
2020-06-11T07:45:00.000000000,1971,0.112013857110145,0.0692802369594574
2020-06-11T08:00:00.000000000,1972,0.108301652946038,0.07598477602005005
2020-06-11T08:15:00.000000000,1973,0.183412322360066,0.07692641019821167
2020-06-11T08:30:00.000000000,1974,0.232857766549321,0.08686728775501251
2020-06-11T08:45:00.000000000,1975,0.370196019981156,0.10947394371032715
2020-06-11T09:00:00.000000000,1976,0.555656371312173,0.1721096634864807
2020-06-11T09:15:00.000000000,1977,0.483465035133461,0.319388210773468
2020-06-11T09:30:00.000000000,1978,0.292881286215037,0.4335399270057678
2020-06-11T09:45:00.000000000,1979,0.36092322708758,0.386675626039505
2020-06-11T10:00:00.000000000,1980,0.460464835803598,0.3335188329219818
2020-06-11T10:15:00.000000000,1981,0.502374478803633,0.3352537453174591
2020-06-11T10:30:00.000000000,1982,0.532556170041135,0.3765663802623749
2020-06-11T10:45:00.000000000,1983,0.593651469666812,0.43696677684783936
2020-06-11T11:00:00.000000000,1984,0.61287833131607,0.5045190453529358
2020-06-11T11:15:00.000000000,1985,0.686908480991408,0.5483837723731995
2020-06-11T11:30:00.000000000,1986,0.71334734513831,0.6133034825325012
2020-06-11T11:45:00.000000000,1987,0.744050232743228,0.6716379523277283
2020-06-11T12:00:00.000000000,1988,0.0,0.7703919410705566
2020-06-11T12:15:00.000000000,1989,0.0618351183520546,0.8462989926338196
2020-06-11T12:30:00.000000000,1990,0.505172645903529,0.7887710928916931
2020-06-11T12:45:00.000000000,1991,0.608852034332906,0.6235906481742859
2020-06-11T13:00:00.000000000,1992,0.507607471868248,0.510238766670227
2020-06-11T13:15:00.000000000,1993,0.490069117495338,0.40970727801322937
2020-06-11T13:30:00.000000000,1994,0.551594980410314,0.35048818588256836
2020-06-11T13:45:00.000000000,1995,0.677981796815827,0.3406544029712677
2020-06-11T14:00:00.000000000,1996,0.534086305337403,0.3923243582248688
2020-06-11T14:15:00.000000000,1997,0.523340466550508,0.3855521082878113
2020-06-11T14:30:00.000000000,1998,0.353502773003727,0.34070566296577454
2020-06-11T14:45:00.000000000,1999,0.256884586571171,0.23182404041290283
2020-06-11T15:00:00.000000000,2000,0.39171634335926,0.13242143392562866
2020-06-11T15:15:00.000000000,2001,0.593620015450311,0.10464168339967728
2020-06-11T15:30:00.000000000,2002,0.348759634426514,0.13331836462020874
2020-06-11T15:45:00.000000000,2003,0.448972588459142,0.11922229826450348
2020-06-11T16:00:00.000000000,2004,0.307381994563992,0.1132790818810463
2020-06-11T16:15:00.000000000,2005,0.183440047005181,0.08531642705202103
2020-06-11T16:30:00.000000000,2006,0.182095648857349,0.05197087302803993
2020-06-11T16:45:00.000000000,2007,0.111245610339414,0.03411077708005905
2020-06-11T17:00:00.000000000,2008,0.121133984717205,0.022483106702566147
2020-06-11T17:15:00.000000000,2009,0.0962729314718668,0.016732247546315193
2020-06-11T17:30:00.000000000,2010,0.0911112271422209,0.013385197147727013
2020-06-11T17:45:00.000000000,2011,0.0835165166989537,0.011096993461251259
2020-06-11T18:00:00.000000000,2012,0.0732625769235332,0.009152702055871487
2020-06-11T18:15:00.000000000,2013,0.0350494334466524,0.007629722356796265
2020-06-11T18:30:00.000000000,2014,0.009210491077607,0.006089854519814253
2020-06-11T18:45:00.000000000,2015,0.0,0.004817301873117685
2020-06-11T19:00:00.000000000,2016,0.0,0.0038969824090600014
2020-06-11T19:15:00.000000000,2017,0.0,0.0032951871398836374
2020-06-11T19:30:00.000000000,2018,0.0,0.002925561973825097
2020-06-11T19:45:00.000000000,2019,0.0,0.002686239778995514
2020-06-11T20:00:00.000000000,2020,0.0,0.00251777283847332
2020-06-11T20:15:00.000000000,2021,0.0,0.0024056872352957726
2020-06-11T20:30:00.000000000,2022,0.0,0.0023356880992650986
2020-06-11T20:45:00.000000000,2023,0.0,0.002289470285177231
2020-06-11T21:00:00.000000000,2024,0.0,0.002230679849162698
2020-06-11T21:15:00.000000000,2025,0.0,0.002156571950763464
2020-06-11T21:30:00.000000000,2026,0.0,0.002090554917231202
2020-06-11T21:45:00.000000000,2027,0.0,0.0020411128643900156
2020-06-11T22:00:00.000000000,2028,0.0,0.002005854621529579
2020-06-11T22:15:00.000000000,2029,0.0,0.001974232727661729
2020-06-11T22:30:00.000000000,2030,0.0,0.0019510998390614986
2020-06-11T22:45:00.000000000,2031,0.0,0.00194114341866225
2020-06-11T23:00:00.000000000,2032,0.0,0.0019475764129310846
2020-06-11T23:15:00.000000000,2033,0.0,0.001965197268873453
2020-06-11T23:30:00.000000000,2034,0.0,0.001999500673264265
2020-06-11T23:45:00.000000000,2035,0.0,0.002050690818578005
2020-06-12T00:00:00.000000000,2036,0.0,0.0021218028850853443
2020-06-12T00:15:00.000000000,2037,0.0,0.002208478283137083
2020-06-12T00:30:00.000000000,2038,0.0,0.002312419470399618
2020-06-12T00:45:00.000000000,2039,0.0,0.002434962196275592
2020-06-12T01:00:00.000000000,2040,0.0,0.0025739744305610657
2020-06-12T01:15:00.000000000,2041,0.0,0.002738152863457799
2020-06-12T01:30:00.000000000,2042,0.0,0.002936879638582468
2020-06-12T01:45:00.000000000,2043,0.0,0.003171193180605769
2020-06-12T02:00:00.000000000,2044,0.0,0.0034536579623818398
2020-06-12T02:15:00.000000000,2045,0.0,0.0037865727208554745
2020-06-12T02:30:00.000000000,2046,0.0,0.004181851167231798
2020-06-12T02:45:00.000000000,2047,0.0,0.004631150979548693
2020-06-12T03:00:00.000000000,2048,0.0,0.005147418938577175
2020-06-12T03:15:00.000000000,2049,0.0,0.005737382918596268
2020-06-12T03:30:00.000000000,2050,0.0,0.006409655325114727
2020-06-12T03:45:00.000000000,2051,0.0,0.00714451726526022
2020-06-12T04:00:00.000000000,2052,0.0,0.007948605343699455
2020-06-12T04:15:00.000000000,2053,0.0,0.008817494846880436
2020-06-12T04:30:00.000000000,2054,0.0,0.009781312197446823
2020-06-12T04:45:00.000000000,2055,0.0,0.010892977938055992
2020-06-12T05:00:00.000000000,2056,0.0,0.012130764313042164
2020-06-12T05:15:00.000000000,2057,0.0,0.013517441228032112
2020-06-12T05:30:00.000000000,2058,0.0,0.015075071714818478
2020-06-12T05:45:00.000000000,2059,0.0,0.016829876229166985
2020-06-12T06:00:00.000000000,2060,0.0008645865424123,0.01881769485771656
2020-06-12T06:15:00.000000000,2061,0.0195003335944333,0.021170033141970634
2020-06-12T06:30:00.000000000,2062,0.0487193910032313,0.024412792176008224
2020-06-12T06:45:00.000000000,2063,0.100896633895567,0.02947351709008217
2020-06-12T07:00:00.000000000,2064,0.133862629910408,0.038415148854255676
2020-06-12T07:15:00.000000000,2065,0.173674681081205,0.05161361023783684
2020-06-12T07:30:00.000000000,2066,0.206986269066198,0.06972573697566986
2020-06-12T07:45:00.000000000,2067,0.26922252546084,0.09183633327484131
2020-06-12T08:00:00.000000000,2068,0.241145952597238,0.12272659689188004
2020-06-12T08:15:00.000000000,2069,0.260348549565195,0.14552681148052216
2020-06-12T08:30:00.000000000,2070,0.317244846091823,0.15831345319747925
2020-06-12T08:45:00.000000000,2071,0.189509901967093,0.18218214809894562
2020-06-12T09:00:00.000000000,2072,0.475483595098319,0.16720429062843323
2020-06-12T09:15:00.000000000,2073,0.380812739209317,0.23278893530368805
2020-06-12T09:30:00.000000000,2074,0.636458186921445,0.2842743992805481
2020-06-12T09:45:00.000000000,2075,0.453281928456216,0.43003571033477783
2020-06-12T10:00:00.000000000,2076,0.376185509419909,0.481186181306839
2020-06-12T10:15:00.000000000,2077,0.259416808270554,0.4267769157886505
2020-06-12T10:30:00.000000000,2078,0.254338098137874,0.31368201971054077
2020-06-12T10:45:00.000000000,2079,0.328970843199473,0.22917895019054413
2020-06-12T11:00:00.000000000,2080,0.602897773616635,0.20612312853336334
2020-06-12T11:15:00.000000000,2081,0.789362255874839,0.3099043667316437
2020-06-12T11:30:00.000000000,2082,0.732339715603556,0.5501918792724609
2020-06-12T11:45:00.000000000,2083,0.618606503617594,0.6948778033256531
2020-06-12T12:00:00.000000000,2084,0.653892472772332,0.6897584795951843
2020-06-12T12:15:00.000000000,2085,0.627000196094573,0.6549228429794312
2020-06-12T12:30:00.000000000,2086,0.615988187234189,0.6178769469261169
2020-06-12T12:45:00.000000000,2087,0.491853672468502,0.6073619723320007
2020-06-12T13:00:00.000000000,2088,0.148183465075575,0.6910603046417236
2020-06-12T13:15:00.000000000,2089,0.622440413132261,0.7369090914726257
2020-06-12T13:30:00.000000000,2090,0.580429554956987,0.7136698961257935
2020-06-12T13:45:00.000000000,2091,0.540855297662934,0.7270172834396362
2020-06-12T14:00:00.000000000,2092,0.771402707075689,0.6339132785797119
2020-06-12T14:15:00.000000000,2093,0.652901417812289,0.6094605922698975
2020-06-12T14:30:00.000000000,2094,0.508221682847315,0.5660414099693298
2020-06-12T14:45:00.000000000,2095,0.52495550576403,0.44274744391441345
2020-06-12T15:00:00.000000000,2096,0.701553901203564,0.34326469898223877
2020-06-12T15:15:00.000000000,2097,0.624734166935975,0.3448583781719208
2020-06-12T15:30:00.000000000,2098,0.678607106639859,0.3380986154079437
2020-06-12T15:45:00.000000000,2099,0.548802115592628,0.35143235325813293
2020-06-12T16:00:00.000000000,2100,0.456492078390378,0.29604634642601013
2020-06-12T16:15:00.000000000,2101,0.245603958701872,0.20548886060714722
2020-06-12T16:30:00.000000000,2102,0.241847988242234,0.10258056968450546
2020-06-12T16:45:00.000000000,2103,0.288596839983593,0.054562464356422424
2020-06-12T17:00:00.000000000,2104,0.2599988460796,0.038658298552036285
2020-06-12T17:15:00.000000000,2105,0.262285747357576,0.03094327822327614
2020-06-12T17:30:00.000000000,2106,0.178549680227448,0.02716209925711155
2020-06-12T17:45:00.000000000,2107,0.106519457039112,0.021077657118439674
2020-06-12T18:00:00.000000000,2108,0.0703442097820097,0.014117847196757793
2020-06-12T18:15:00.000000000,2109,0.0950654490350026,0.009416845627129078
2020-06-12T18:30:00.000000000,2110,0.0332537571612264,0.007320522330701351
2020-06-12T18:45:00.000000000,2111,0.002048298578521,0.005683527328073978
2020-06-12T19:00:00.000000000,2112,0.0,0.004467720631510019
2020-06-12T19:15:00.000000000,2113,0.0,0.0037011534441262484
2020-06-12T19:30:00.000000000,2114,0.0,0.003228846937417984
2020-06-12T19:45:00.000000000,2115,0.0,0.002938490128144622
2020-06-12T20:00:00.000000000,2116,0.0,0.0027650201227515936
2020-06-12T20:15:00.000000000,2117,0.0,0.0026126813609153032
2020-06-12T20:30:00.000000000,2118,0.0,0.0024751368910074234
2020-06-12T20:45:00.000000000,2119,0.0,0.0023506460711359978
2020-06-12T21:00:00.000000000,2120,0.0,0.002239747904241085
2020-06-12T21:15:00.000000000,2121,0.0,0.0021424032747745514
2020-06-12T21:30:00.000000000,2122,0.0,0.0020662695169448853
2020-06-12T21:45:00.000000000,2123,0.0,0.002016122918576002
2020-06-12T22:00:00.000000000,2124,0.0,0.0019873222336173058
2020-06-12T22:15:00.000000000,2125,0.0,0.0019756481051445007
2020-06-12T22:30:00.000000000,2126,0.0,0.0019503829535096884
2020-06-12T22:45:00.000000000,2127,0.0,0.0019261074485257268
2020-06-12T23:00:00.000000000,2128,0.0,0.0019305539317429066
2020-06-12T23:15:00.000000000,2129,0.0,0.0019575031474232674
2020-06-12T23:30:00.000000000,2130,0.0,0.002000154461711645
2020-06-12T23:45:00.000000000,2131,0.0,0.0020574566442519426
2020-06-13T00:00:00.000000000,2132,0.0,0.0021293386816978455
2020-06-13T00:15:00.000000000,2133,0.0,0.002209870843216777
2020-06-13T00:30:00.000000000,2134,0.0,0.0022973676677793264
2020-06-13T00:45:00.000000000,2135,0.0,0.002401188248768449
2020-06-13T01:00:00.000000000,2136,0.0,0.002537765773013234
2020-06-13T01:15:00.000000000,2137,0.0,0.0027091610245406628
2020-06-13T01:30:00.000000000,2138,0.0,0.0029202159494161606
2020-06-13T01:45:00.000000000,2139,0.0,0.003173047909513116
2020-06-13T02:00:00.000000000,2140,0.0,0.0034713847562670708
2020-06-13T02:15:00.000000000,2141,0.0,0.003824062179774046
2020-06-13T02:30:00.000000000,2142,0.0,0.004231677856296301
2020-06-13T02:45:00.000000000,2143,0.0,0.004700015764683485
2020-06-13T03:00:00.000000000,2144,0.0,0.005248848348855972
2020-06-13T03:15:00.000000000,2145,0.0,0.005884688347578049
2020-06-13T03:30:00.000000000,2146,0.0,0.006594803184270859
2020-06-13T03:45:00.000000000,2147,0.0,0.00737747922539711
2020-06-13T04:00:00.000000000,2148,0.0,0.008229098282754421
2020-06-13T04:15:00.000000000,2149,0.0,0.00915103405714035
2020-06-13T04:30:00.000000000,2150,0.0,0.010195659473538399
2020-06-13T04:45:00.000000000,2151,0.0,0.01140500232577324
2020-06-13T05:00:00.000000000,2152,0.0,0.012772781774401665
2020-06-13T05:15:00.000000000,2153,0.0,0.01431344635784626
2020-06-13T05:30:00.000000000,2154,0.0,0.015989702194929123
2020-06-13T05:45:00.000000000,2155,0.0,0.0178011953830719
2020-06-13T06:00:00.000000000,2156,0.0027753627929331,0.019813159480690956
2020-06-13T06:15:00.000000000,2157,0.0427487965616767,0.022238530218601227
2020-06-13T06:30:00.000000000,2158,0.0740256562158385,0.026761308312416077
2020-06-13T06:45:00.000000000,2159,0.115362562867992,0.03401995822787285
2020-06-13T07:00:00.000000000,2160,0.199014916847633,0.04538852721452713
2020-06-13T07:15:00.000000000,2161,0.188264090320693,0.06840413063764572
2020-06-13T07:30:00.000000000,2162,0.351575056410891,0.09118911623954773
2020-06-13T07:45:00.000000000,2163,0.292304618090093,0.14822329580783844
2020-06-13T08:00:00.000000000,2164,0.381291966665001,0.19375251233577728
2020-06-13T08:15:00.000000000,2165,0.450400901963139,0.24904906749725342
2020-06-13T08:30:00.000000000,2166,0.370988643769675,0.3248717784881592
2020-06-13T08:45:00.000000000,2167,0.585006008654044,0.34100106358528137
2020-06-13T09:00:00.000000000,2168,0.649310447185495,0.4402751624584198
2020-06-13T09:15:00.000000000,2169,0.372571689551556,0.5754576921463013
2020-06-13T09:30:00.000000000,2170,0.655673882323845,0.5268718004226685
2020-06-13T09:45:00.000000000,2171,0.282623684270124,0.5788657069206238
2020-06-13T10:00:00.000000000,2172,0.495793470356288,0.7447016835212708
2020-06-13T10:15:00.000000000,2173,0.606118483180622,0.8538397550582886
2020-06-13T10:30:00.000000000,2174,0.169588216675336,0.8381023406982422
2020-06-13T10:45:00.000000000,2175,0.0,0.913231372833252
2020-06-13T11:00:00.000000000,2176,0.361334715641301,0.8993054032325745
2020-06-13T11:15:00.000000000,2177,0.517045039921692,0.9261521697044373
2020-06-13T11:30:00.000000000,2178,0.484380105693357,0.9401108622550964
2020-06-13T11:45:00.000000000,2179,0.525779561301752,0.9247174263000488
2020-06-13T12:00:00.000000000,2180,0.614732265303914,0.9151877760887146
2020-06-13T12:15:00.000000000,2181,0.738794749913816,0.9280916452407837
2020-06-13T12:30:00.000000000,2182,0.730191460018456,0.9618508219718933
2020-06-13T12:45:00.000000000,2183,0.495025066314475,0.9803444147109985
2020-06-13T13:00:00.000000000,2184,0.675061070608066,0.9673265814781189
2020-06-13T13:15:00.000000000,2185,0.581289153759354,0.9575597643852234
2020-06-13T13:30:00.000000000,2186,0.592279436743054,0.9323192238807678
2020-06-13T13:45:00.000000000,2187,0.284788453318887,0.9240497350692749
2020-06-13T14:00:00.000000000,2188,0.632373609768565,0.7724720239639282
2020-06-13T14:15:00.000000000,2189,0.529270956866024,0.7152466773986816
2020-06-13T14:30:00.000000000,2190,0.877631145210278,0.6111504435539246
2020-06-13T14:45:00.000000000,2191,0.417241327713034,0.7578626871109009
2020-06-13T15:00:00.000000000,2192,0.602609248582134,0.6878748536109924
2020-06-13T15:15:00.000000000,2193,0.740149572887688,0.5626624226570129
2020-06-13T15:30:00.000000000,2194,0.722102087086121,0.491911917924881
2020-06-13T15:45:00.000000000,2195,0.697560473876644,0.44797876477241516
2020-06-13T16:00:00.000000000,2196,0.44858349980103,0.4024107754230499
2020-06-13T16:15:00.000000000,2197,0.632074907048297,0.2609073519706726
2020-06-13T16:30:00.000000000,2198,0.435666061906931,0.1924416571855545
2020-06-13T16:45:00.000000000,2199,0.485845692443906,0.12407311797142029
2020-06-13T17:00:00.000000000,2200,0.510675875622479,0.09179945290088654
2020-06-13T17:15:00.000000000,2201,0.289220824237074,0.07900106906890869
2020-06-13T17:30:00.000000000,2202,0.205875396008586,0.05298028886318207
2020-06-13T17:45:00.000000000,2203,0.138750390481631,0.03063322976231575
2020-06-13T18:00:00.000000000,2204,0.127515910441398,0.017459319904446602
2020-06-13T18:15:00.000000000,2205,0.0718501477988699,0.011190993711352348
2020-06-13T18:30:00.000000000,2206,0.0292357506108409,0.0077121970243752
2020-06-13T18:45:00.000000000,2207,0.0015579498105737,0.005533616058528423
2020-06-13T19:00:00.000000000,2208,0.0,0.004113758448511362
2020-06-13T19:15:00.000000000,2209,0.0,0.003306193044409156
2020-06-13T19:30:00.000000000,2210,0.0,0.002881052205339074
2020-06-13T19:45:00.000000000,2211,0.0,0.002639662241563201
2020-06-13T20:00:00.000000000,2212,0.0,0.002471845829859376
2020-06-13T20:15:00.000000000,2213,0.0,0.0023262305185198784
2020-06-13T20:30:00.000000000,2214,0.0,0.0021931189112365246
2020-06-13T20:45:00.000000000,2215,0.0,0.002092059701681137
2020-06-13T21:00:00.000000000,2216,0.0,0.00201868056319654
2020-06-13T21:15:00.000000000,2217,0.0,0.001969205215573311
2020-06-13T21:30:00.000000000,2218,0.0,0.0019408384105190635
2020-06-13T21:45:00.000000000,2219,0.0,0.0018923141760751605
2020-06-13T22:00:00.000000000,2220,0.0,0.0018259604694321752
2020-06-13T22:15:00.000000000,2221,0.0,0.001777634141035378
2020-06-13T22:30:00.000000000,2222,0.0,0.0017478781519457698
2020-06-13T22:45:00.000000000,2223,0.0,0.0017380848294124007
2020-06-13T23:00:00.000000000,2224,0.0,0.0017466290155425668
2020-06-13T23:15:00.000000000,2225,0.0,0.0017690615495666862
2020-06-13T23:30:00.000000000,2226,0.0,0.0018131360411643982
2020-06-13T23:45:00.000000000,2227,0.0,0.0018773010233417153
2020-06-14T00:00:00.000000000,2228,0.0,0.00195884145796299
2020-06-14T00:15:00.000000000,2229,0.0,0.0020594715606421232
2020-06-14T00:30:00.000000000,2230,0.0,0.0021781146060675383
2020-06-14T00:45:00.000000000,2231,0.0,0.002312486292794347
2020-06-14T01:00:00.000000000,2232,0.0,0.002468470251187682
2020-06-14T01:15:00.000000000,2233,0.0,0.0026383521035313606
2020-06-14T01:30:00.000000000,2234,0.0,0.0028172158636152744
2020-06-14T01:45:00.000000000,2235,0.0,0.0030104853212833405
2020-06-14T02:00:00.000000000,2236,0.0,0.0032293733675032854
2020-06-14T02:15:00.000000000,2237,0.0,0.00349001819267869
2020-06-14T02:30:00.000000000,2238,0.0,0.0038131950423121452
2020-06-14T02:45:00.000000000,2239,0.0,0.004191921092569828
2020-06-14T03:00:00.000000000,2240,0.0,0.004630667623132467
2020-06-14T03:15:00.000000000,2241,0.0,0.005184226203709841
2020-06-14T03:30:00.000000000,2242,0.0,0.005818640813231468
2020-06-14T03:45:00.000000000,2243,0.0,0.006502716802060604
2020-06-14T04:00:00.000000000,2244,0.0,0.007262090686708689
2020-06-14T04:15:00.000000000,2245,0.0,0.008119245991110802
2020-06-14T04:30:00.000000000,2246,0.0,0.009153083898127079
2020-06-14T04:45:00.000000000,2247,0.0,0.010267981328070164
2020-06-14T05:00:00.000000000,2248,0.0,0.011473029851913452
2020-06-14T05:15:00.000000000,2249,0.0,0.012808389030396938
2020-06-14T05:30:00.000000000,2250,0.0,0.014301232993602753
2020-06-14T05:45:00.000000000,2251,0.0,0.015991445630788803
2020-06-14T06:00:00.000000000,2252,0.0144520891171646,0.01789667457342148
2020-06-14T06:15:00.000000000,2253,0.0487131450945262,0.020590636879205704
2020-06-14T06:30:00.000000000,2254,0.099975856642106,0.02508874423801899
2020-06-14T06:45:00.000000000,2255,0.167510935283039,0.0330825112760067
2020-06-14T07:00:00.000000000,2256,0.240549176241031,0.04775387421250343
2020-06-14T07:15:00.000000000,2257,0.306398353812125,0.07621161639690399
2020-06-14T07:30:00.000000000,2258,0.38224071570385,0.12529274821281433
2020-06-14T07:45:00.000000000,2259,0.475380380333602,0.2048174887895584
2020-06-14T08:00:00.000000000,2260,0.478438314327198,0.33117833733558655
2020-06-14T08:15:00.000000000,2261,0.370657588141006,0.4045591652393341
2020-06-14T08:30:00.000000000,2262,0.540056630171388,0.3839322626590729
2020-06-14T08:45:00.000000000,2263,0.453447355167712,0.4509078860282898
2020-06-14T09:00:00.000000000,2264,0.722510677358464,0.4781540036201477
2020-06-14T09:15:00.000000000,2265,0.520888340766714,0.680493175983429
2020-06-14T09:30:00.000000000,2266,0.54938446794384,0.7583339214324951
2020-06-14T09:45:00.000000000,2267,0.511562255443467,0.7585660219192505
2020-06-14T10:00:00.000000000,2268,0.589442378751185,0.7088749408721924
2020-06-14T10:15:00.000000000,2269,0.681395365661558,0.6985247135162354
2020-06-14T10:30:00.000000000,2270,0.701882934775458,0.8531855344772339
2020-06-14T10:45:00.000000000,2271,0.483542412506053,0.9486420154571533
2020-06-14T11:00:00.000000000,2272,0.720062820361195,0.9442668557167053
2020-06-14T11:15:00.000000000,2273,0.646265723962829,0.9535313844680786
2020-06-14T11:30:00.000000000,2274,0.621045912911003,0.9607148170471191
2020-06-14T11:45:00.000000000,2275,0.553712253592161,0.9630078077316284
2020-06-14T12:00:00.000000000,2276,0.574385537387201,0.9349126815795898
2020-06-14T12:15:00.000000000,2277,0.789570819797536,0.8934120535850525
2020-06-14T12:30:00.000000000,2278,0.815477613405032,0.9327705502510071
2020-06-14T12:45:00.000000000,2279,0.736989300353977,0.9686282277107239
2020-06-14T13:00:00.000000000,2280,0.667104726544231,0.9807846546173096
2020-06-14T13:15:00.000000000,2281,0.706369069936563,0.9847176671028137
2020-06-14T13:30:00.000000000,2282,0.631849470185177,0.9833693504333496
2020-06-14T13:45:00.000000000,2283,0.623266670465138,0.9775084853172302
2020-06-14T14:00:00.000000000,2284,0.672830270171949,0.9635770320892334
2020-06-14T14:15:00.000000000,2285,0.437073009011004,0.9463518857955933
2020-06-14T14:30:00.000000000,2286,0.518412893928114,0.8484145998954773
2020-06-14T14:45:00.000000000,2287,0.874717541135824,0.5969533920288086
2020-06-14T15:00:00.000000000,2288,0.541327358050716,0.580885648727417
2020-06-14T15:15:00.000000000,2289,0.297944336641358,0.4554348886013031
2020-06-14T15:30:00.000000000,2290,0.686742425195582,0.23353074491024017
2020-06-14T15:45:00.000000000,2291,0.815582108805707,0.20540909469127655
2020-06-14T16:00:00.000000000,2292,0.475507230695289,0.2682335078716278
2020-06-14T16:15:00.000000000,2293,0.316873798673603,0.23709246516227722
2020-06-14T16:30:00.000000000,2294,0.502296741954281,0.14104679226875305
2020-06-14T16:45:00.000000000,2295,0.277811840697155,0.09946155548095703
2020-06-14T17:00:00.000000000,2296,0.277035752839597,0.05521494522690773
2020-06-14T17:15:00.000000000,2297,0.228043945854173,0.036311980336904526
2020-06-14T17:30:00.000000000,2298,0.173803081686421,0.02592780441045761
2020-06-14T17:45:00.000000000,2299,0.15792187024255,0.018449585884809494
2020-06-14T18:00:00.000000000,2300,0.105853840883364,0.014427470974624157
2020-06-14T18:15:00.000000000,2301,0.0619374413378862,0.011205940507352352
2020-06-14T18:30:00.000000000,2302,0.023327727592825,0.008175608702003956
2020-06-14T18:45:00.000000000,2303,0.0,0.005893517751246691
2020-06-14T19:00:00.000000000,2304,0.0,0.004361876752227545
2020-06-14T19:15:00.000000000,2305,0.0,0.003458377905189991
2020-06-14T19:30:00.000000000,2306,0.0,0.002948532346636057
2020-06-14T19:45:00.000000000,2307,0.0,0.002630587900057435
2020-06-14T20:00:00.000000000,2308,0.0,0.0024156407453119755
2020-06-14T20:15:00.000000000,2309,0.0,0.002260147361084819
2020-06-14T20:30:00.000000000,2310,0.0,0.002130145439878106
2020-06-14T20:45:00.000000000,2311,0.0,0.0020152165088802576
2020-06-14T21:00:00.000000000,2312,0.0,0.0019198523368686438
2020-06-14T21:15:00.000000000,2313,0.0,0.001856983988545835
2020-06-14T21:30:00.000000000,2314,0.0,0.0018318040529266
2020-06-14T21:45:00.000000000,2315,0.0,0.0018285260302945971
2020-06-14T22:00:00.000000000,2316,0.0,0.0018234287854284048
2020-06-14T22:15:00.000000000,2317,0.0,0.0018054252723231912
2020-06-14T22:30:00.000000000,2318,0.0,0.0017944726860150695
2020-06-14T22:45:00.000000000,2319,0.0,0.0017974978545680642
2020-06-14T23:00:00.000000000,2320,0.0,0.0018163423519581556
2020-06-14T23:15:00.000000000,2321,0.0,0.0018314665649086237
2020-06-14T23:30:00.000000000,2322,0.0,0.0018511360976845026
2020-06-14T23:45:00.000000000,2323,0.0,0.001880972646176815
2020-06-15T00:00:00.000000000,2324,0.0,0.0019184330012649298
2020-06-15T00:15:00.000000000,2325,0.0,0.0019725440070033073
2020-06-15T00:30:00.000000000,2326,0.0,0.002056186320260167
2020-06-15T00:45:00.000000000,2327,0.0,0.0021728037390857935
2020-06-15T01:00:00.000000000,2328,0.0,0.002313250210136175
2020-06-15T01:15:00.000000000,2329,0.0,0.002464020624756813
2020-06-15T01:30:00.000000000,2330,0.0,0.0026362664066255093
2020-06-15T01:45:00.000000000,2331,0.0,0.0028396309353411198
2020-06-15T02:00:00.000000000,2332,0.0,0.003085189266130328
2020-06-15T02:15:00.000000000,2333,0.0,0.003378005465492606
2020-06-15T02:30:00.000000000,2334,0.0,0.0037119935732334852
2020-06-15T02:45:00.000000000,2335,0.0,0.004089734051376581
2020-06-15T03:00:00.000000000,2336,0.0,0.004523108247667551
2020-06-15T03:15:00.000000000,2337,0.0,0.005031243897974491
2020-06-15T03:30:00.000000000,2338,0.0,0.005643666721880436
2020-06-15T03:45:00.000000000,2339,0.0,0.006363232620060444
2020-06-15T04:00:00.000000000,2340,0.0,0.007180525455623865
2020-06-15T04:15:00.000000000,2341,0.0,0.008045756258070469
2020-06-15T04:30:00.000000000,2342,0.0,0.008976283483207226
2020-06-15T04:45:00.000000000,2343,0.0,0.010025774128735065
2020-06-15T05:00:00.000000000,2344,0.0,0.011188645847141743
2020-06-15T05:15:00.000000000,2345,0.0,0.012484042905271053
2020-06-15T05:30:00.000000000,2346,0.0,0.013903438113629818
2020-06-15T05:45:00.000000000,2347,0.0,0.015502119436860085
2020-06-15T06:00:00.000000000,2348,0.011453581125457,0.01730530895292759
2020-06-15T06:15:00.000000000,2349,0.0339101617249996,0.01983094960451126
2020-06-15T06:30:00.000000000,2350,0.0893514086636056,0.02363235503435135
2020-06-15T06:45:00.000000000,2351,0.127774801110496,0.030925074592232704
2020-06-15T07:00:00.000000000,2352,0.208622876885321,0.04223809391260147
2020-06-15T07:15:00.000000000,2353,0.244756312501775,0.06480498611927032
2020-06-15T07:30:00.000000000,2354,0.228453929098961,0.09744230657815933
2020-06-15T07:45:00.000000000,2355,0.447124877912705,0.123042032122612
2020-06-15T08:00:00.000000000,2356,0.513152737900821,0.21121807396411896
2020-06-15T08:15:00.000000000,2357,0.595452538103638,0.35194623470306396
2020-06-15T08:30:00.000000000,2358,0.671707759054231,0.520355224609375
2020-06-15T08:45:00.000000000,2359,0.716409637787622,0.7071138024330139
2020-06-15T09:00:00.000000000,2360,0.508462959155172,0.8306290507316589
2020-06-15T09:15:00.000000000,2361,0.500886379820988,0.8546098470687866
2020-06-15T09:30:00.000000000,2362,0.334520804897224,0.8765354752540588
2020-06-15T09:45:00.000000000,2363,0.495296179193413,0.7886970639228821
2020-06-15T10:00:00.000000000,2364,0.656202155889973,0.7929832935333252
2020-06-15T10:15:00.000000000,2365,0.592131287383336,0.9097413420677185
2020-06-15T10:30:00.000000000,2366,0.521100027643763,0.9553559422492981
2020-06-15T10:45:00.000000000,2367,0.372303115477236,0.9587554335594177
2020-06-15T11:00:00.000000000,2368,0.360000405310047,0.9049862623214722
2020-06-15T11:15:00.000000000,2369,0.568819466637142,0.7697885036468506
2020-06-15T11:30:00.000000000,2370,0.421695694115473,0.793026864528656
2020-06-15T11:45:00.000000000,2371,0.347706547258073,0.8286246657371521
2020-06-15T12:00:00.000000000,2372,0.466658530509332,0.765617311000824
2020-06-15T12:15:00.000000000,2373,0.60006588310319,0.7774018049240112
2020-06-15T12:30:00.000000000,2374,0.456865574744026,0.8890225887298584
2020-06-15T12:45:00.000000000,2375,0.359370309951647,0.8915191292762756
2020-06-15T13:00:00.000000000,2376,0.428130575259875,0.802413284778595
2020-06-15T13:15:00.000000000,2377,0.193376815941788,0.6661769151687622
2020-06-15T13:30:00.000000000,2378,0.418856906141696,0.32979732751846313
2020-06-15T13:45:00.000000000,2379,0.649292563216684,0.19607551395893097
2020-06-15T14:00:00.000000000,2380,0.684275650733818,0.23201900720596313
2020-06-15T14:15:00.000000000,2381,0.318827802004514,0.5248475670814514
2020-06-15T14:30:00.000000000,2382,0.566279718393096,0.5679594874382019
2020-06-15T14:45:00.000000000,2383,0.502872983200573,0.5333953499794006
2020-06-15T15:00:00.000000000,2384,0.437640532945865,0.4171617031097412
2020-06-15T15:15:00.000000000,2385,0.666400983384625,0.28150293231010437
2020-06-15T15:30:00.000000000,2386,0.523409575957619,0.27252814173698425
2020-06-15T15:45:00.000000000,2387,0.192574373944262,0.25298911333084106
2020-06-15T16:00:00.000000000,2388,0.315417535851516,0.12833794951438904
2020-06-15T16:15:00.000000000,2389,0.398004670322066,0.076837457716465
2020-06-15T16:30:00.000000000,2390,0.384676597631551,0.06507120281457901
2020-06-15T16:45:00.000000000,2391,0.415055034993265,0.060992419719696045
2020-06-15T17:00:00.000000000,2392,0.25185496748353,0.06595434993505478
2020-06-15T17:15:00.000000000,2393,0.0962008563814854,0.05065350979566574
2020-06-15T17:30:00.000000000,2394,0.164212713542676,0.02591157704591751
2020-06-15T17:45:00.000000000,2395,0.130565823609787,0.01632995344698429
2020-06-15T18:00:00.000000000,2396,0.0969511293142154,0.011820202693343163
2020-06-15T18:15:00.000000000,2397,0.0647662088969779,0.009261597879230976
2020-06-15T18:30:00.000000000,2398,0.0345505695729524,0.007461629342287779
2020-06-15T18:45:00.000000000,2399,0.0070224908432282,0.005823053419589996
2020-06-15T19:00:00.000000000,2400,0.0,0.0044403960928320885
2020-06-15T19:15:00.000000000,2401,0.0,0.0035613938234746456
2020-06-15T19:30:00.000000000,2402,0.0,0.0030408711172640324
2020-06-15T19:45:00.000000000,2403,0.0,0.0027210137341171503
2020-06-15T20:00:00.000000000,2404,0.0,0.0025094016455113888
2020-06-15T20:15:00.000000000,2405,0.0,0.002350136172026396
2020-06-15T20:30:00.000000000,2406,0.0,0.0022225016728043556
2020-06-15T20:45:00.000000000,2407,0.0,0.002106199273839593
2020-06-15T21:00:00.000000000,2408,0.0,0.002003106288611889
2020-06-15T21:15:00.000000000,2409,0.0,0.0019161689560860395
2020-06-15T21:30:00.000000000,2410,0.0,0.0018462843727320433
2020-06-15T21:45:00.000000000,2411,0.0,0.0017983579309657216
2020-06-15T22:00:00.000000000,2412,0.0,0.0017678062431514263
2020-06-15T22:15:00.000000000,2413,0.0,0.0017471718601882458
2020-06-15T22:30:00.000000000,2414,0.0,0.0017320235492661595
2020-06-15T22:45:00.000000000,2415,0.0,0.0017267442308366299
2020-06-15T23:00:00.000000000,2416,0.0,0.001733797020278871
2020-06-15T23:15:00.000000000,2417,0.0,0.0017554189544171095
2020-06-15T23:30:00.000000000,2418,0.0,0.001786628388799727
2020-06-15T23:45:00.000000000,2419,0.0,0.0018297607311978936
2020-06-16T00:00:00.000000000,2420,0.0,0.0018965400522574782
2020-06-16T00:15:00.000000000,2421,0.0,0.0019897145684808493
2020-06-16T00:30:00.000000000,2422,0.0,0.0021079902071505785
2020-06-16T00:45:00.000000000,2423,0.0,0.002240918343886733
2020-06-16T01:00:00.000000000,2424,0.0,0.0023755321744829416
2020-06-16T01:15:00.000000000,2425,0.0,0.0025390065275132656
2020-06-16T01:30:00.000000000,2426,0.0,0.0027387402951717377
2020-06-16T01:45:00.000000000,2427,0.0,0.0029829423874616623
2020-06-16T02:00:00.000000000,2428,0.0,0.0032605319283902645
2020-06-16T02:15:00.000000000,2429,0.0,0.003554933937266469
2020-06-16T02:30:00.000000000,2430,0.0,0.0038867576513439417
2020-06-16T02:45:00.000000000,2431,0.0,0.004271117504686117
2020-06-16T03:00:00.000000000,2432,0.0,0.004724993370473385
2020-06-16T03:15:00.000000000,2433,0.0,0.005262554623186588
2020-06-16T03:30:00.000000000,2434,0.0,0.0058682700619101524
2020-06-16T03:45:00.000000000,2435,0.0,0.006540011148899794
2020-06-16T04:00:00.000000000,2436,0.0,0.007298140786588192
2020-06-16T04:15:00.000000000,2437,0.0,0.008177697658538818
2020-06-16T04:30:00.000000000,2438,0.0,0.009136824868619442
2020-06-16T04:45:00.000000000,2439,0.0,0.010265031829476357
2020-06-16T05:00:00.000000000,2440,0.0,0.011533155106008053
2020-06-16T05:15:00.000000000,2441,0.0,0.012924553826451302
2020-06-16T05:30:00.000000000,2442,0.0,0.014428996481001377
2020-06-16T05:45:00.000000000,2443,0.0,0.016053486615419388
2020-06-16T06:00:00.000000000,2444,0.007810239228189,0.0178617425262928
2020-06-16T06:15:00.000000000,2445,0.0376707604479224,0.02029968984425068
2020-06-16T06:30:00.000000000,2446,0.0745012664366255,0.024376006796956062
2020-06-16T06:45:00.000000000,2447,0.121722156098469,0.030911153182387352
2020-06-16T07:00:00.000000000,2448,0.16803783834402,0.041278716176748276
2020-06-16T07:15:00.000000000,2449,0.204554610990427,0.057157449424266815
2020-06-16T07:30:00.000000000,2450,0.260284630103806,0.07788258790969849
2020-06-16T07:45:00.000000000,2451,0.303275399459563,0.10698237270116806
2020-06-16T08:00:00.000000000,2452,0.374893370206063,0.1434861719608307
2020-06-16T08:15:00.000000000,2453,0.460731927036283,0.19555456936359406
2020-06-16T08:30:00.000000000,2454,0.513746323900783,0.272817999124527
2020-06-16T08:45:00.000000000,2455,0.524142459202084,0.3633715510368347
2020-06-16T09:00:00.000000000,2456,0.558652677508725,0.43199479579925537
2020-06-16T09:15:00.000000000,2457,0.443705085625567,0.4843168556690216
2020-06-16T09:30:00.000000000,2458,0.587378982148744,0.45727574825286865
2020-06-16T09:45:00.000000000,2459,0.657360030533956,0.4884200692176819
2020-06-16T10:00:00.000000000,2460,0.690926240401521,0.5673223733901978
2020-06-16T10:15:00.000000000,2461,0.79318443746021,0.6506139039993286
2020-06-16T10:30:00.000000000,2462,0.70347820276718,0.7460853457450867
2020-06-16T10:45:00.000000000,2463,0.742915342144588,0.7653411626815796
2020-06-16T11:00:00.000000000,2464,0.683245255535852,0.7655775547027588
2020-06-16T11:15:00.000000000,2465,0.770630011780053,0.7370126247406006
2020-06-16T11:30:00.000000000,2466,1.08298471576712,0.7388527393341064
2020-06-16T11:45:00.000000000,2467,0.708635233898946,0.8697695732116699
2020-06-16T12:00:00.000000000,2468,0.710296735483699,0.9067121744155884
2020-06-16T12:15:00.000000000,2469,0.541474204307179,0.8877822756767273
2020-06-16T12:30:00.000000000,2470,0.789351741179609,0.7728307843208313
2020-06-16T12:45:00.000000000,2471,0.861257495539792,0.6977884769439697
2020-06-16T13:00:00.000000000,2472,0.906255538188834,0.7122242450714111
2020-06-16T13:15:00.000000000,2473,0.88662379337132,0.7634607553482056
2020-06-16T13:30:00.000000000,2474,0.533793915927732,0.7926191687583923
2020-06-16T13:45:00.000000000,2475,0.661212610372846,0.6673523783683777
2020-06-16T14:00:00.000000000,2476,0.708399574415464,0.5397697687149048
2020-06-16T14:15:00.000000000,2477,0.234119642313434,0.49095475673675537
2020-06-16T14:30:00.000000000,2478,0.0,0.5089647769927979
2020-06-16T14:45:00.000000000,2479,0.561773160458563,0.5914764404296875
2020-06-16T15:00:00.000000000,2480,0.551674402306978,0.5651699900627136
2020-06-16T15:15:00.000000000,2481,0.576629638463438,0.4274923801422119
2020-06-16T15:30:00.000000000,2482,0.668529669953602,0.31076672673225403
2020-06-16T15:45:00.000000000,2483,0.504756978432473,0.26776453852653503
2020-06-16T16:00:00.000000000,2484,0.277514283809059,0.21775642037391663
2020-06-16T16:15:00.000000000,2485,0.382202274157827,0.12137100845575333
2020-06-16T16:30:00.000000000,2486,0.217441695565603,0.08041668683290482
2020-06-16T16:45:00.000000000,2487,0.185318582683789,0.046116720885038376
2020-06-16T17:00:00.000000000,2488,0.130961517653365,0.028042621910572052
2020-06-16T17:15:00.000000000,2489,0.054342326483264,0.01839859038591385
2020-06-16T17:30:00.000000000,2490,0.105930611638923,0.011533268727362156
2020-06-16T17:45:00.000000000,2491,0.0851417335982437,0.00892662163823843
2020-06-16T18:00:00.000000000,2492,0.0394022251970921,0.007573882583528757
2020-06-16T18:15:00.000000000,2493,0.0241675327060943,0.0061715273186564445
2020-06-16T18:30:00.000000000,2494,0.0122169075580348,0.005048869177699089
2020-06-16T18:45:00.000000000,2495,0.0,0.0041489992290735245
2020-06-16T19:00:00.000000000,2496,0.0,0.0034628163557499647
2020-06-16T19:15:00.000000000,2497,0.0,0.0030231173150241375
2020-06-16T19:30:00.000000000,2498,0.0,0.0027420343831181526
2020-06-16T19:45:00.000000000,2499,0.0,0.002549524884670973
2020-06-16T20:00:00.000000000,2500,0.0,0.0024095249827951193
2020-06-16T20:15:00.000000000,2501,0.0,0.0023047535214573145
2020-06-16T20:30:00.000000000,2502,0.0,0.0021979191806167364
2020-06-16T20:45:00.000000000,2503,0.0,0.0021085639018565416
2020-06-16T21:00:00.000000000,2504,0.0,0.002042091218754649
2020-06-16T21:15:00.000000000,2505,0.0,0.0019757139962166548
2020-06-16T21:30:00.000000000,2506,0.0,0.0019123443635180593
2020-06-16T21:45:00.000000000,2507,0.0,0.0018545594066381454
2020-06-16T22:00:00.000000000,2508,0.0,0.0018001573625952005
2020-06-16T22:15:00.000000000,2509,0.0,0.0017628049245104194
2020-06-16T22:30:00.000000000,2510,0.0,0.0017461725510656834
2020-06-16T22:45:00.000000000,2511,0.0,0.0017548876348882914
2020-06-16T23:00:00.000000000,2512,0.0,0.001781645929440856
2020-06-16T23:15:00.000000000,2513,0.0,0.0018219201592728496
2020-06-16T23:30:00.000000000,2514,0.0,0.0018743692198768258
2020-06-16T23:45:00.000000000,2515,0.0,0.0019351643277332187
2020-06-17T00:00:00.000000000,2516,0.0,0.002012197859585285
2020-06-17T00:15:00.000000000,2517,0.0,0.0020854948088526726
2020-06-17T00:30:00.000000000,2518,0.0,0.002167317783460021
2020-06-17T00:45:00.000000000,2519,0.0,0.002261584158986807
2020-06-17T01:00:00.000000000,2520,0.0,0.002379823476076126
2020-06-17T01:15:00.000000000,2521,0.0,0.002534066094085574
2020-06-17T01:30:00.000000000,2522,0.0,0.0027294387109577656
2020-06-17T01:45:00.000000000,2523,0.0,0.0029564788565039635
2020-06-17T02:00:00.000000000,2524,0.0,0.003211861476302147
2020-06-17T02:15:00.000000000,2525,0.0,0.003502511652186513
2020-06-17T02:30:00.000000000,2526,0.0,0.0038389842957258224
2020-06-17T02:45:00.000000000,2527,0.0,0.004233560990542173
2020-06-17T03:00:00.000000000,2528,0.0,0.004688214976340532
2020-06-17T03:15:00.000000000,2529,0.0,0.005205548834055662
2020-06-17T03:30:00.000000000,2530,0.0,0.005810754839330912
2020-06-17T03:45:00.000000000,2531,0.0,0.006566342432051897
2020-06-17T04:00:00.000000000,2532,0.0,0.0075035435147583485
2020-06-17T04:15:00.000000000,2533,0.0,0.008627473376691341
2020-06-17T04:30:00.000000000,2534,0.0,0.009886099025607109
2020-06-17T04:45:00.000000000,2535,0.0,0.011099694296717644
2020-06-17T05:00:00.000000000,2536,0.0,0.01238110288977623
2020-06-17T05:15:00.000000000,2537,0.0,0.013859770260751247
2020-06-17T05:30:00.000000000,2538,0.0,0.015544108115136623
2020-06-17T05:45:00.000000000,2539,0.0,0.017445361241698265
2020-06-17T06:00:00.000000000,2540,0.001597245113902,0.019549677148461342
2020-06-17T06:15:00.000000000,2541,0.0256904559998648,0.022025207057595253
2020-06-17T06:30:00.000000000,2542,0.0565785415380788,0.025706345215439796
2020-06-17T06:45:00.000000000,2543,0.0610554651072086,0.03146239370107651
2020-06-17T07:00:00.000000000,2544,0.0663195304442666,0.03780568763613701
2020-06-17T07:15:00.000000000,2545,0.0786629962891214,0.04394666105508804
2020-06-17T07:30:00.000000000,2546,0.103954927365923,0.05022498592734337
2020-06-17T07:45:00.000000000,2547,0.134667610712551,0.05814442038536072
2020-06-17T08:00:00.000000000,2548,0.190123708534805,0.06909240037202835
2020-06-17T08:15:00.000000000,2549,0.189086123801639,0.08712651580572128
2020-06-17T08:30:00.000000000,2550,0.219162802890625,0.1057402715086937
2020-06-17T08:45:00.000000000,2551,0.282117630861224,0.12507016956806183
2020-06-17T09:00:00.000000000,2552,0.195637295677903,0.15438231825828552
2020-06-17T09:15:00.000000000,2553,0.202347491085875,0.1596447378396988
2020-06-17T09:30:00.000000000,2554,0.367383878222215,0.15701384842395782
2020-06-17T09:45:00.000000000,2555,0.602454134360191,0.19695121049880981
2020-06-17T10:00:00.000000000,2556,0.579044670739059,0.3368719816207886
2020-06-17T10:15:00.000000000,2557,0.483941139634793,0.47850528359413147
2020-06-17T10:30:00.000000000,2558,0.469937520243035,0.5218204259872437
2020-06-17T10:45:00.000000000,2559,0.516422853052012,0.4992417097091675
2020-06-17T11:00:00.000000000,2560,0.527881646590489,0.4708710312843323
2020-06-17T11:15:00.000000000,2561,0.352564313987133,0.45677250623703003
2020-06-17T11:30:00.000000000,2562,0.648514812779111,0.3828621804714203
2020-06-17T11:45:00.000000000,2563,0.782879833928926,0.44631123542785645
2020-06-17T12:00:00.000000000,2564,0.542962595364691,0.5936154127120972
2020-06-17T12:15:00.000000000,2565,0.825697133280682,0.5982064008712769
2020-06-17T12:30:00.000000000,2566,0.749704015822729,0.675107479095459
2020-06-17T12:45:00.000000000,2567,0.795895588716887,0.7011045813560486
2020-06-17T13:00:00.000000000,2568,0.786773057108995,0.7237318754196167
2020-06-17T13:15:00.000000000,2569,0.714846835040788,0.7401994466781616
2020-06-17T13:30:00.000000000,2570,0.692434537484619,0.7024697065353394
2020-06-17T13:45:00.000000000,2571,0.0840735484058823,0.6337006092071533
2020-06-17T14:00:00.000000000,2572,0.352589859304391,0.6766308546066284
2020-06-17T14:15:00.000000000,2573,0.625018625389628,0.6698470711708069
2020-06-17T14:30:00.000000000,2574,0.513536951155376,0.583459198474884
2020-06-17T14:45:00.000000000,2575,0.541204416998793,0.420827716588974
2020-06-17T15:00:00.000000000,2576,0.586301405626027,0.29928621649742126
2020-06-17T15:15:00.000000000,2577,0.607130208054364,0.26522085070610046
2020-06-17T15:30:00.000000000,2578,0.381579907549767,0.27925699949264526
2020-06-17T15:45:00.000000000,2579,0.341426083849392,0.21225477755069733
2020-06-17T16:00:00.000000000,2580,0.310540447246606,0.13640742003917694
2020-06-17T16:15:00.000000000,2581,0.30727199467543,0.0858444944024086
2020-06-17T16:30:00.000000000,2582,0.290739164202154,0.059723109006881714
2020-06-17T16:45:00.000000000,2583,0.193684325842676,0.04691723734140396
2020-06-17T17:00:00.000000000,2584,0.0559608256606015,0.03324880078434944
2020-06-17T17:15:00.000000000,2585,0.139760834719416,0.01881401427090168
2020-06-17T17:30:00.000000000,2586,0.141726565979623,0.013571223244071007
2020-06-17T17:45:00.000000000,2587,0.100663243609132,0.01165947038680315
2020-06-17T18:00:00.000000000,2588,0.0625938908362544,0.010228403843939304
2020-06-17T18:15:00.000000000,2589,0.0331127973367086,0.00860518030822277
2020-06-17T18:30:00.000000000,2590,0.0200391667903866,0.0067556775175035
2020-06-17T18:45:00.000000000,2591,0.0035753558550316,0.00521903857588768
2020-06-17T19:00:00.000000000,2592,0.0,0.004242985509335995
2020-06-17T19:15:00.000000000,2593,0.0,0.0036715634632855654
2020-06-17T19:30:00.000000000,2594,0.0,0.003336098277941346
2020-06-17T19:45:00.000000000,2595,0.0,0.0031159089412540197
2020-06-17T20:00:00.000000000,2596,0.0,0.0029317010194063187
2020-06-17T20:15:00.000000000,2597,0.0,0.0027458472177386284
2020-06-17T20:30:00.000000000,2598,0.0,0.002564320107921958
2020-06-17T20:45:00.000000000,2599,0.0,0.002405995037406683
2020-06-17T21:00:00.000000000,2600,0.0,0.002272942801937461
2020-06-17T21:15:00.000000000,2601,0.0,0.002162024611607194
2020-06-17T21:30:00.000000000,2602,0.0,0.0020674061961472034
2020-06-17T21:45:00.000000000,2603,0.0,0.0019829689990729094
2020-06-17T22:00:00.000000000,2604,0.0,0.0019141975790262222
2020-06-17T22:15:00.000000000,2605,0.0,0.0018643990624696016
2020-06-17T22:30:00.000000000,2606,0.0,0.0018344807904213667
2020-06-17T22:45:00.000000000,2607,0.0,0.0018271001754328609
2020-06-17T23:00:00.000000000,2608,0.0,0.0018420726992189884
2020-06-17T23:15:00.000000000,2609,0.0,0.0018739679362624884
2020-06-17T23:30:00.000000000,2610,0.0,0.0019178733928129077
2020-06-17T23:45:00.000000000,2611,0.0,0.0019761351868510246
