epoch,loss,mse,rmse,mae,mape,msle,val_loss,val_mse,val_rmse,val_mae,val_mape,val_msle,lr
1,2.1726768016815186,0.9143921136856079,0.9467791318893433,0.8095211386680603,258991200.0,0.18105679750442505,1.3391941785812378,0.08145716786384583,0.23689253628253937,0.19441668689250946,23425882.0,0.051133282482624054,2.9999999242136255e-05
2,1.600053310394287,0.34285104274749756,0.584828794002533,0.4850592613220215,168688528.0,0.09603185206651688,1.3312891721725464,0.0747937262058258,0.23014876246452332,0.18957304954528809,26848338.0,0.04615647345781326,2.9999999242136255e-05
3,1.4428004026412964,0.18697360157966614,0.4372800886631012,0.35151591897010803,162393552.0,0.048514384776353836,1.3247641324996948,0.06980430334806442,0.22538058459758759,0.18692487478256226,30813902.0,0.04258514568209648,2.9999999242136255e-05
4,1.3969463109970093,0.14277201890945435,0.3841559588909149,0.30203235149383545,147243136.0,0.034154824912548065,1.3193172216415405,0.06614463776350021,0.2221427857875824,0.186067596077919,35224368.0,0.04007537290453911,2.9999999242136255e-05
5,1.3690505027770996,0.11675751954317093,0.3484690487384796,0.272233784198761,125296136.0,0.02951153740286827,1.314301609992981,0.06311726570129395,0.21949148178100586,0.18559500575065613,39364480.0,0.03807004168629646,2.9999999242136255e-05
6,1.3492006063461304,0.09896828979253769,0.3213145136833191,0.25103995203971863,110723272.0,0.02650470659136772,1.3093510866165161,0.06030911207199097,0.21690085530281067,0.18473351001739502,42836600.0,0.03625406697392464,2.9999999242136255e-05
7,1.3345004320144653,0.08646737784147263,0.30053049325942993,0.23598293960094452,103507944.0,0.023869860917329788,1.3044469356536865,0.05767030641436577,0.2143438309431076,0.1834527999162674,45715948.0,0.03458587825298309,2.9999999242136255e-05
8,1.3231163024902344,0.0773974061012268,0.28444355726242065,0.2242976427078247,98479728.0,0.021697591990232468,1.2996519804000854,0.05524783581495285,0.211912602186203,0.18193623423576355,48175240.0,0.03309338539838791,2.9999999242136255e-05
9,1.313874363899231,0.07057218998670578,0.27166587114334106,0.21470195055007935,93976112.0,0.02004059962928295,1.2949614524841309,0.05302722752094269,0.20960359275341034,0.1802966147661209,50281684.0,0.03175732120871544,2.9999999242136255e-05
10,1.3060404062271118,0.0652490109205246,0.2612186372280121,0.2067669779062271,90199648.0,0.018667303025722504,1.2903498411178589,0.05097458139061928,0.2073943167924881,0.17853151261806488,52112344.0,0.030538994818925858,2.9999999242136255e-05
11,1.299141764640808,0.06094583868980408,0.25242358446121216,0.1999778002500534,86983040.0,0.01757488213479519,1.2858242988586426,0.04908844456076622,0.20532317459583282,0.17678987979888916,53804984.0,0.029433755204081535,2.9999999242136255e-05
12,1.2928522825241089,0.057329270988702774,0.24476712942123413,0.19393594563007355,84107568.0,0.01667046919465065,1.2814099788665771,0.047386284917593,0.20345811545848846,0.17517058551311493,55395932.0,0.02845641039311886,2.9999999242136255e-05
13,1.286966323852539,0.0541854090988636,0.23789720237255096,0.1883927434682846,81399208.0,0.015897482633590698,1.2771310806274414,0.04588519036769867,0.2018619030714035,0.17373785376548767,56927304.0,0.02761704847216606,2.9999999242136255e-05
14,1.2813595533370972,0.05138358473777771,0.23159244656562805,0.1832357943058014,78839640.0,0.015215898863971233,1.2730125188827515,0.044604212045669556,0.20059828460216522,0.17247962951660156,58431732.0,0.026917682960629463,2.9999999242136255e-05
15,1.275955319404602,0.0488419234752655,0.2257123589515686,0.17835821211338043,76388616.0,0.014603331685066223,1.2690815925598145,0.04356520250439644,0.19973358511924744,0.17144852876663208,59933996.0,0.026376651600003242,2.9999999242136255e-05
16,1.2707059383392334,0.046507544815540314,0.22016668319702148,0.17372895777225494,74037816.0,0.014053546823561192,1.265362024307251,0.042788028717041016,0.19932541251182556,0.17074929177761078,61473268.0,0.025991657748818398,2.9999999242136255e-05
17,1.2655799388885498,0.04434559494256973,0.21489737927913666,0.1693139523267746,71779000.0,0.013554485514760017,1.2618699073791504,0.042285893112421036,0.19941091537475586,0.17037184536457062,63008440.0,0.025769248604774475,2.9999999242136255e-05
18,1.2605571746826172,0.04233218729496002,0.20986640453338623,0.16507816314697266,69612656.0,0.01309744082391262,1.2586123943328857,0.04206155985593796,0.1999962329864502,0.17039921879768372,64509220.0,0.02569453977048397,2.9999999242136255e-05
19,1.2556227445602417,0.040450189262628555,0.20504814386367798,0.1610087752342224,67528248.0,0.01267303992062807,1.2555795907974243,0.04210361838340759,0.20104733109474182,0.17089323699474335,65981408.0,0.025768456980586052,2.9999999242136255e-05
20,1.2507667541503906,0.0386868380010128,0.20042501389980316,0.1570930778980255,65523572.0,0.012278880923986435,1.252745509147644,0.04238322377204895,0.20248177647590637,0.17174525558948517,67343976.0,0.025965122506022453,2.9999999242136255e-05
21,1.2459818124771118,0.03703231364488602,0.19598518311977386,0.1533188819885254,63591596.0,0.011907137930393219,1.2500629425048828,0.04285168647766113,0.20416522026062012,0.1728004813194275,68477144.0,0.026221273466944695,2.9999999242136255e-05
22,1.24126136302948,0.03547880798578262,0.19172044098377228,0.14969110488891602,61728480.0,0.01155962236225605,1.247465968132019,0.04344058409333229,0.20591378211975098,0.17387709021568298,69206080.0,0.02645542100071907,2.9999999242136255e-05
23,1.2366011142730713,0.03401985019445419,0.18762513995170593,0.14620305597782135,59931228.0,0.01123338844627142,1.2448699474334717,0.04406449571251869,0.20750407874584198,0.1748213917016983,69405024.0,0.026604924350976944,2.9999999242136255e-05
24,1.2319971323013306,0.03265000507235527,0.18369542062282562,0.14284077286720276,58197268.0,0.010921849869191647,1.242180347442627,0.04462635889649391,0.2086886167526245,0.17538636922836304,68916368.0,0.026615656912326813,2.9999999242136255e-05
25,1.2274458408355713,0.03136446699500084,0.1799284666776657,0.13961827754974365,56537440.0,0.010629681870341301,1.2392975091934204,0.045025795698165894,0.20921632647514343,0.17534802854061127,67626632.0,0.02642996422946453,2.9999999242136255e-05
26,1.2229450941085815,0.030158838257193565,0.17632214725017548,0.13652673363685608,54949112.0,0.010357427410781384,1.2361304759979248,0.0451703704893589,0.2088584154844284,0.17450031638145447,65446764.0,0.026013441383838654,2.9999999242136255e-05
27,1.218490719795227,0.029029065743088722,0.1728743314743042,0.13356934487819672,53420912.0,0.010102538391947746,1.2326067686080933,0.04498610273003578,0.20743103325366974,0.17264613509178162,62324448.0,0.025379426777362823,2.9999999242136255e-05
28,1.2140812873840332,0.027971254661679268,0.16958308219909668,0.1307317316532135,51952748.0,0.009857609868049622,1.2286816835403442,0.044427406042814255,0.20481736958026886,0.16967922449111938,58252920.0,0.02452319860458374,2.9999999242136255e-05
29,1.2097134590148926,0.02698156051337719,0.1664457768201828,0.12803274393081665,50545280.0,0.009628796949982643,1.224345088005066,0.04348300024867058,0.2009812593460083,0.1654675155878067,53293064.0,0.023464983329176903,2.9999999242136255e-05
30,1.2053849697113037,0.026056287810206413,0.1634596288204193,0.12543481588363647,49195264.0,0.00941544957458973,1.2196217775344849,0.042176537215709686,0.19597263634204865,0.16006121039390564,47589484.0,0.022251570597290993,2.9999999242136255e-05
31,1.2010929584503174,0.025191789492964745,0.16062140464782715,0.1229543387889862,47910336.0,0.00921686738729477,1.2145671844482422,0.04056242108345032,0.18992269039154053,0.15354321897029877,41340484.0,0.020944902673363686,2.9999999242136255e-05
32,1.1968350410461426,0.024384452030062675,0.1579272300004959,0.12056849151849747,46679276.0,0.009033520705997944,1.209257960319519,0.038716185837984085,0.18302933871746063,0.14631517231464386,35004764.0,0.019614089280366898,2.9999999242136255e-05
33,1.19260835647583,0.02363075315952301,0.15537282824516296,0.11829816550016403,45502456.0,0.008863679133355618,1.2037805318832397,0.03672335669398308,0.17553508281707764,0.13946640491485596,29677864.0,0.018306737765669823,2.9999999242136255e-05
34,1.1884105205535889,0.022927310317754745,0.15295371413230896,0.1161336675286293,44375188.0,0.008707120083272457,1.1982200145721436,0.034668371081352234,0.1677035093307495,0.13362787663936615,26038634.0,0.017069444060325623,2.9999999242136255e-05
35,1.1842396259307861,0.022270912304520607,0.15066534280776978,0.11408302932977676,43298432.0,0.008562477305531502,1.1926517486572266,0.032625459134578705,0.15979453921318054,0.12884466350078583,24098812.0,0.015890568494796753,2.9999999242136255e-05
36,1.1800932884216309,0.021658379584550858,0.14850255846977234,0.11213327944278717,42278224.0,0.008429789915680885,1.187135934829712,0.030653979629278183,0.15204808115959167,0.12505057454109192,23723526.0,0.014781558886170387,2.9999999242136255e-05
37,1.175968885421753,0.02108682133257389,0.14646053314208984,0.11029811948537827,41323776.0,0.008304709568619728,1.1817152500152588,0.02879589982330799,0.14467114210128784,0.1220795065164566,24584284.0,0.01369489636272192,2.9999999242136255e-05
38,1.1718649864196777,0.020553454756736755,0.14453420042991638,0.10857117921113968,40415132.0,0.0081895487383008,1.1764168739318848,0.02707749418914318,0.13784316182136536,0.11962580680847168,26208938.0,0.012636333703994751,2.9999999242136255e-05
39,1.1677796840667725,0.020055610686540604,0.14271844923496246,0.10693690180778503,39552824.0,0.0080803744494915,1.171255111694336,0.025512129068374634,0.13174274563789368,0.1173970028758049,28192878.0,0.011676911264657974,2.9999999242136255e-05
40,1.1637113094329834,0.01959090307354927,0.1410084366798401,0.10540363192558289,38742080.0,0.007978941313922405,1.1662325859069824,0.02410196140408516,0.12661468982696533,0.11526640504598618,30313686.0,0.010810201987624168,2.9999999242136255e-05
41,1.1596581935882568,0.019157014787197113,0.1393992155790329,0.10395379364490509,37974616.0,0.007883814163506031,1.161346435546875,0.022843290120363235,0.12282087653875351,0.11334492266178131,32518694.0,0.01004596147686243,2.9999999242136255e-05
42,1.1556189060211182,0.018751798197627068,0.13788588345050812,0.10259539633989334,37253084.0,0.007792279124259949,1.1565885543823242,0.021726930513978004,0.12033166736364365,0.11133510619401932,34413336.0,0.00936650950461626,2.9999999242136255e-05
43,1.15159273147583,0.018373265862464905,0.13646364212036133,0.10132066160440445,36575052.0,0.007705799303948879,1.151946783065796,0.02074091136455536,0.11852411180734634,0.10916583985090256,35948588.0,0.008789720945060253,2.9999999242136255e-05
44,1.1475774049758911,0.01801953837275505,0.13512781262397766,0.10012274235486984,35934356.0,0.007626639679074287,1.1474096775054932,0.01987220160663128,0.11696901172399521,0.10696566104888916,37089904.0,0.008311135694384575,2.9999999242136255e-05
45,1.1435726881027222,0.017688902094960213,0.133873850107193,0.0990099087357521,35336440.0,0.007553577423095703,1.1429637670516968,0.019107207655906677,0.11550774425268173,0.1048373132944107,37890232.0,0.007916636765003204,2.9999999242136255e-05
46,1.1395772695541382,0.017379701137542725,0.13269713521003723,0.09798894077539444,34777612.0,0.007483772002160549,1.138597011566162,0.018432732671499252,0.11408589035272598,0.10287274420261383,38445452.0,0.007590185385197401,2.9999999242136255e-05
47,1.1355907917022705,0.017090437933802605,0.13159334659576416,0.09704358130693436,34258944.0,0.007419743575155735,1.1342967748641968,0.017836185172200203,0.1126844733953476,0.1010698676109314,38744636.0,0.007324536796659231,2.9999999242136255e-05
48,1.1316118240356445,0.01681968942284584,0.13055814802646637,0.09615139663219452,33777364.0,0.0073609668761491776,1.1300530433654785,0.01730649173259735,0.11129841953516006,0.09932589530944824,38812244.0,0.007107405923306942,2.9999999242136255e-05
49,1.127639889717102,0.016566181555390358,0.1295875459909439,0.09531231969594955,33323152.0,0.007307341787964106,1.1258563995361328,0.016833554953336716,0.10992781072854996,0.09770005196332932,38710236.0,0.006932995747774839,2.9999999242136255e-05
50,1.1236740350723267,0.016328634694218636,0.1286773681640625,0.09452413022518158,32895304.0,0.007258232217282057,1.1216988563537598,0.01640899106860161,0.10857544839382172,0.09623338282108307,38447292.0,0.006793392356485128,2.9999999242136255e-05
51,1.119714379310608,0.016105974093079567,0.12782399356365204,0.09379132837057114,32490352.0,0.007212872616946697,1.1175731420516968,0.016025451943278313,0.10724495351314545,0.09485942125320435,38058116.0,0.006681613624095917,2.9999999242136255e-05
52,1.1157597303390503,0.01589706540107727,0.12702345848083496,0.0931038111448288,32105298.0,0.007171420380473137,1.1134746074676514,0.015676960349082947,0.105939581990242,0.09359525144100189,37574364.0,0.0065917205065488815,2.9999999242136255e-05
53,1.1118099689483643,0.015700962394475937,0.12627235054969788,0.09244272857904434,31733160.0,0.007133290637284517,1.109398365020752,0.015358409844338894,0.10466282069683075,0.09239117801189423,37017976.0,0.006517848465591669,2.9999999242136255e-05
54,1.1078648567199707,0.015516727231442928,0.1255672425031662,0.0918133482336998,31377540.0,0.007098234724253416,1.1053407192230225,0.015065797604620457,0.10341838747262955,0.09125038981437683,36413292.0,0.006456773262470961,2.9999999242136255e-05
55,1.1039235591888428,0.0153434993699193,0.12490501254796982,0.09121841192245483,31039676.0,0.007065958343446255,1.1012989282608032,0.014795664697885513,0.102208212018013,0.09012310206890106,35765944.0,0.006404214072972536,2.9999999242136255e-05
56,1.099985957145691,0.015180504880845547,0.12428255379199982,0.0906614363193512,30720788.0,0.007036253344267607,1.0972707271575928,0.014545324258506298,0.10103551298379898,0.08901337534189224,35101412.0,0.006358596030622721,2.9999999242136255e-05
57,1.0960520505905151,0.015026946552097797,0.12369690090417862,0.09013897180557251,30421942.0,0.007008668500930071,1.093254566192627,0.01431258860975504,0.09990163147449493,0.08794530481100082,34427368.0,0.006318974774330854,2.9999999242136255e-05
58,1.0921212434768677,0.014882179908454418,0.12314549833536148,0.08965226262807846,30141916.0,0.006982824299484491,1.0892486572265625,0.014095430262386799,0.09880809485912323,0.08692946285009384,33764292.0,0.006282925605773926,2.9999999242136255e-05
59,1.088193655014038,0.014745520427823067,0.12262558937072754,0.08919331431388855,29881262.0,0.006958861369639635,1.085252046585083,0.013892493210732937,0.09775669872760773,0.08595182746648788,33117948.0,0.006251588463783264,2.9999999242136255e-05
60,1.0842690467834473,0.01461639441549778,0.12213487923145294,0.08876585215330124,29638900.0,0.006936580408364534,1.081263780593872,0.013702236115932465,0.09674727916717529,0.08500538021326065,32476716.0,0.006223989650607109,2.9999999242136255e-05
61,1.0803470611572266,0.014494244940578938,0.12167119979858398,0.08836397528648376,29413250.0,0.006915776990354061,1.077283501625061,0.013523661531507969,0.09578081220388412,0.08410585671663284,31848898.0,0.006199395749717951,2.9999999242136255e-05
62,1.0764278173446655,0.014378535561263561,0.12123225629329681,0.08798853307962418,29205028.0,0.0068963197991251945,1.0733098983764648,0.01335563138127327,0.09485699236392975,0.08324116468429565,31234384.0,0.006177202798426151,2.9999999242136255e-05
63,1.0725113153457642,0.014268801547586918,0.12081631273031235,0.0876396968960762,29010888.0,0.006878031883388758,1.0693432092666626,0.013197392225265503,0.093976691365242,0.08242756128311157,30646844.0,0.006156504154205322,2.9999999242136255e-05
64,1.0685970783233643,0.014164580032229424,0.12042135000228882,0.0873151570558548,28831196.0,0.006860700901597738,1.0653825998306274,0.01304807048290968,0.09314015507698059,0.08165119588375092,30082878.0,0.006135778501629829,2.9999999242136255e-05
65,1.064685583114624,0.014065469615161419,0.12004578858613968,0.08700927346944809,28661504.0,0.00684403907507658,1.0614275932312012,0.012906950898468494,0.0923490971326828,0.08091983944177628,29546624.0,0.006115071475505829,2.9999999242136255e-05
66,1.060776710510254,0.013971094973385334,0.11968810111284256,0.08672182261943817,28504038.0,0.0068275779485702515,1.0574787855148315,0.012773552909493446,0.09160849452018738,0.08023229986429214,29045808.0,0.0060945358127355576,2.9999999242136255e-05
67,1.0568702220916748,0.013881077989935875,0.11934667825698853,0.08645046502351761,28358450.0,0.006811870262026787,1.0535351037979126,0.012647082097828388,0.0909292995929718,0.07956513017416,28559526.0,0.006074494682252407,2.9999999242136255e-05
68,1.0529664754867554,0.013795096427202225,0.11902030557394028,0.08619056642055511,28221244.0,0.006796812638640404,1.0495965480804443,0.012527224607765675,0.09034095704555511,0.0789361298084259,28105558.0,0.006053506396710873,2.9999999242136255e-05
69,1.0490652322769165,0.013712862506508827,0.11870770156383514,0.08594117313623428,28092048.0,0.006782292854040861,1.0456633567810059,0.012413320131599903,0.0898907482624054,0.07834946364164352,27688036.0,0.006033398676663637,2.9999999242136255e-05
70,1.0451669692993164,0.013634081929922104,0.11840777099132538,0.08570334315299988,27970004.0,0.006768223363906145,1.041735053062439,0.012305035255849361,0.0895826518535614,0.07779687643051147,27293054.0,0.006014011800289154,2.9999999242136255e-05
71,1.0412710905075073,0.013558474369347095,0.11811929941177368,0.08547474443912506,27855222.0,0.006754550617188215,1.0378116369247437,0.0122018838301301,0.08935697376728058,0.07727022469043732,26919954.0,0.005994753912091255,2.9999999242136255e-05
72,1.0373780727386475,0.013485833071172237,0.11784152686595917,0.08525507897138596,27746686.0,0.006741207558661699,1.0338929891586304,0.012103547342121601,0.08916808664798737,0.07676143944263458,26560748.0,0.0059761167503893375,2.9999999242136255e-05
73,1.0334880352020264,0.013415921479463577,0.11757344007492065,0.0850420817732811,27641766.0,0.006728122942149639,1.0299792289733887,0.012009651400148869,0.08899609744548798,0.07626613974571228,26211356.0,0.005958013702183962,2.9999999242136255e-05
74,1.0296010971069336,0.013348550535738468,0.11731435358524323,0.08483746647834778,27540128.0,0.0067152176052331924,1.026070237159729,0.01191982626914978,0.08883222192525864,0.07578945904970169,25874144.0,0.005940364673733711,2.9999999242136255e-05
75,1.0257172584533691,0.013283496722579002,0.11706328392028809,0.08463788032531738,27440810.0,0.006702474318444729,1.0221660137176514,0.011833835393190384,0.08867283165454865,0.07532647252082825,25544594.0,0.005922929383814335,2.9999999242136255e-05
76,1.021836757659912,0.013220627792179585,0.11681979149580002,0.08444516360759735,27346262.0,0.006689812522381544,1.0182666778564453,0.011751390993595123,0.08851536363363266,0.07487426698207855,25223028.0,0.005905682686716318,2.9999999242136255e-05
77,1.017959475517273,0.013159757480025291,0.11658310890197754,0.08425988256931305,27258050.0,0.006677220109850168,1.0143721103668213,0.011672304943203926,0.08835933357477188,0.07443670928478241,24913314.0,0.005888752173632383,2.9999999242136255e-05
78,1.0140860080718994,0.013100765645503998,0.11635278165340424,0.08408115059137344,27174336.0,0.0066646854393184185,1.0104823112487793,0.011596170254051685,0.08820319920778275,0.07400860637426376,24610730.0,0.005872098263353109,2.9999999242136255e-05
79,1.0102158784866333,0.013043499551713467,0.11612821370363235,0.08391033113002777,27095518.0,0.00665219034999609,1.0065977573394775,0.01152297854423523,0.08804710954427719,0.0735907182097435,24315484.0,0.005855711176991463,2.9999999242136255e-05
80,1.006349802017212,0.012987828813493252,0.1159089133143425,0.0837421715259552,27017124.0,0.0066396864131093025,1.0027179718017578,0.011452486738562584,0.08789024502038956,0.07318993657827377,24030842.0,0.005839538760483265,2.9999999242136255e-05
81,1.0024876594543457,0.012933667749166489,0.11569453775882721,0.08357653766870499,26939308.0,0.0066271754913032055,0.9988434910774231,0.011384467594325542,0.08773297816514969,0.07279998064041138,23753634.0,0.005823593121021986,2.9999999242136255e-05
82,0.998629629611969,0.012880903668701649,0.11548464745283127,0.08341293781995773,26862102.0,0.006614631041884422,0.99497389793396,0.011318775825202465,0.08757463097572327,0.07241974771022797,23484458.0,0.00580782862380147,2.9999999242136255e-05
83,0.9947757720947266,0.012829423882067204,0.11527885496616364,0.08325301855802536,26785966.0,0.006602017674595118,0.9911097288131714,0.011255268007516861,0.08741534501314163,0.0720464289188385,23220436.0,0.0057922545820474625,2.9999999242136255e-05
84,0.9909262657165527,0.012779168784618378,0.115076944231987,0.08309515565633774,26710322.0,0.006589339580386877,0.9872509241104126,0.011193850077688694,0.08725538104772568,0.07167989015579224,22961544.0,0.005776852834969759,2.9999999242136255e-05
85,0.9870814085006714,0.012730052694678307,0.11487855762243271,0.08294203877449036,26637520.0,0.006576585583388805,0.9833977222442627,0.01113437581807375,0.08709428459405899,0.07132018357515335,22707912.0,0.005761602893471718,2.9999999242136255e-05
86,0.9832412600517273,0.01268200296908617,0.11468345671892166,0.08279049396514893,26565020.0,0.006563748233020306,0.9795501232147217,0.011076690629124641,0.08693249523639679,0.07096745073795319,22459836.0,0.0057464479468762875,2.9999999242136255e-05
87,0.9794060587882996,0.012634946964681149,0.11449141055345535,0.08264151215553284,26492754.0,0.006550753489136696,0.9757081270217896,0.011020752601325512,0.08676993101835251,0.07062067091464996,22216196.0,0.0057313451543450356,2.9999999242136255e-05
88,0.9755756855010986,0.012588853016495705,0.11430231481790543,0.08249541372060776,26422898.0,0.006537437904626131,0.9718720316886902,0.010966373607516289,0.08660640567541122,0.0702793300151825,21976868.0,0.00571637274697423,2.9999999242136255e-05
89,0.9717507362365723,0.012543631717562675,0.11411576718091965,0.08235190063714981,26354960.0,0.006523958407342434,0.9680418372154236,0.010913589969277382,0.08644275367259979,0.06994373351335526,21741802.0,0.005701584741473198,2.9999999242136255e-05
90,0.9679310321807861,0.012499256059527397,0.11393176764249802,0.0822097659111023,26287928.0,0.006510227918624878,0.9642178416252136,0.010862251743674278,0.08627829700708389,0.06961340457201004,21510802.0,0.0056867762468755245,2.9999999242136255e-05
91,0.9641169905662537,0.01245567761361599,0.11375008523464203,0.08207107335329056,26222588.0,0.006496427580714226,0.9603999853134155,0.010812271386384964,0.08611337840557098,0.06928858160972595,21283592.0,0.00567195750772953,2.9999999242136255e-05
92,0.9603084921836853,0.01241286564618349,0.11357071995735168,0.08193378150463104,26157854.0,0.006482546217739582,0.9565884470939636,0.010763600468635559,0.08594797551631927,0.06896865367889404,21060182.0,0.005657299887388945,2.9999999242136255e-05
93,0.9565059542655945,0.012370776385068893,0.11339344084262848,0.0817972794175148,26093228.0,0.006468609906733036,0.9527833461761475,0.010716198943555355,0.08578266203403473,0.06865349411964417,20840416.0,0.005642827600240707,2.9999999242136255e-05
94,0.9527092576026917,0.01232936605811119,0.11321811378002167,0.0816609263420105,26028156.0,0.0064545986242592335,0.9489849805831909,0.010670008137822151,0.08561671525239944,0.06834358721971512,20624862.0,0.0056284829042851925,2.9999999242136255e-05
95,0.948918879032135,0.012288611382246017,0.11304472386837006,0.08152419328689575,25962564.0,0.006440522614866495,0.945193350315094,0.010624933056533337,0.08545129001140594,0.06803853809833527,20413140.0,0.005614271853119135,2.9999999242136255e-05
96,0.945134699344635,0.012248492799699306,0.11287317425012589,0.08138854056596756,25897118.0,0.006426398176699877,0.9414085745811462,0.010580928064882755,0.08528593182563782,0.06773784756660461,20204674.0,0.005600223783403635,2.9999999242136255e-05
97,0.9413570761680603,0.012208991684019566,0.11270341277122498,0.08125364780426025,25831530.0,0.0064122313633561134,0.9376307129859924,0.010537969879806042,0.0851202979683876,0.06744244694709778,19999290.0,0.005586340557783842,2.9999999242136255e-05
98,0.9375860691070557,0.012170065194368362,0.11253536492586136,0.08111918717622757,25766268.0,0.006398010533303022,0.9338601231575012,0.010496027767658234,0.08495517820119858,0.0671527162194252,19796930.0,0.005572651047259569,2.9999999242136255e-05
99,0.9338219165802002,0.012131708674132824,0.11236894875764847,0.08098560571670532,25701122.0,0.006383763160556555,0.9300966262817383,0.010454988107085228,0.08479016274213791,0.06686645746231079,19597438.0,0.005559110548347235,2.9999999242136255e-05
100,0.9300644397735596,0.012093896977603436,0.11220413446426392,0.08085228502750397,25635230.0,0.0063694799318909645,0.926340639591217,0.010414943099021912,0.08462579548358917,0.06658416241407394,19400994.0,0.005545768421143293,2.9999999242136255e-05
101,0.9263141751289368,0.01205662451684475,0.1120409294962883,0.08071883767843246,25569148.0,0.006355183199048042,0.922592043876648,0.010375742800533772,0.0844617635011673,0.06630659848451614,19208712.0,0.005532587878406048,2.9999999242136255e-05
102,0.9225711226463318,0.012019862420856953,0.11187922209501266,0.08058732002973557,25503982.0,0.006340870168060064,0.9188511967658997,0.010337397456169128,0.08429811149835587,0.06603555381298065,19022276.0,0.005519524682313204,2.9999999242136255e-05
103,0.9188352823257446,0.011983612552285194,0.11171908676624298,0.08045914769172668,25440464.0,0.006326557137072086,0.9151179790496826,0.010299868881702423,0.0841350331902504,0.06576773524284363,18838448.0,0.005506634712219238,2.9999999242136255e-05
104,0.9151070713996887,0.011947846040129662,0.1115603968501091,0.08033275604248047,25378536.0,0.006312232930213213,0.9113926887512207,0.010263158939778805,0.08397287130355835,0.06550288200378418,18656850.0,0.005493952427059412,2.9999999242136255e-05
105,0.9113865494728088,0.011912554502487183,0.11140314489603043,0.08020797371864319,25318152.0,0.006297912914305925,0.9076755046844482,0.010227182880043983,0.08381123840808868,0.065240778028965,18477512.0,0.005481339525431395,2.9999999242136255e-05
106,0.907673716545105,0.011877747252583504,0.11124741286039352,0.080084428191185,25258782.0,0.006283366121351719,0.9039661884307861,0.010192002169787884,0.0836503654718399,0.06498179584741592,18300518.0,0.005468839313834906,2.9999999242136255e-05
107,0.9039688110351562,0.01184338703751564,0.11109305173158646,0.07996124029159546,25199584.0,0.006268843077123165,0.9002653360366821,0.010157505050301552,0.08349017798900604,0.06472644954919815,18125940.0,0.005456268321722746,2.9999999242136255e-05
108,0.9002717137336731,0.011809470131993294,0.11094007641077042,0.07983862608671188,25140410.0,0.0062543428502976894,0.8965727090835571,0.010123689658939838,0.0833311378955841,0.06447450071573257,17953468.0,0.0054438854567706585,2.9999999242136255e-05
109,0.8965829610824585,0.011776010505855083,0.11078856885433197,0.07971715182065964,25081564.0,0.0062398831360042095,0.8928884863853455,0.01009054109454155,0.08317254483699799,0.06422638148069382,17784338.0,0.005431663244962692,2.9999999242136255e-05
110,0.892902672290802,0.011742995120584965,0.11063851416110992,0.07959719002246857,25023402.0,0.006225478369742632,0.8892130255699158,0.010058090090751648,0.08301542699337006,0.06398198753595352,17618228.0,0.0054196324199438095,2.9999999242136255e-05
111,0.889230489730835,0.011710389517247677,0.11048975586891174,0.07947719097137451,24964980.0,0.006211122032254934,0.8855461478233337,0.010026233270764351,0.08285891264677048,0.06373974680900574,17453836.0,0.005407768301665783,2.9999999242136255e-05
112,0.8855670094490051,0.01167822815477848,0.11034251004457474,0.07935865968465805,24907760.0,0.006196838803589344,0.8818880319595337,0.009995022788643837,0.0827036052942276,0.06350018084049225,17291458.0,0.005396087653934956,2.9999999242136255e-05
113,0.8819120526313782,0.011646468192338943,0.1101965606212616,0.07924015820026398,24850392.0,0.006182617507874966,0.8782387971878052,0.009964417666196823,0.08254905790090561,0.06326309591531754,17131038.0,0.005384558346122503,2.9999999242136255e-05
114,0.8782659769058228,0.011615115217864513,0.11005199700593948,0.07912269234657288,24793654.0,0.0061684721149504185,0.8745986223220825,0.009934374131262302,0.08239565789699554,0.06302822381258011,16972376.0,0.005373202729970217,2.9999999242136255e-05
115,0.8746286630630493,0.01158418133854866,0.10990887135267258,0.07900604605674744,24737104.0,0.006154388654977083,0.8709675669670105,0.009904900565743446,0.08224333077669144,0.06279659271240234,16815470.0,0.005362022202461958,2.9999999242136255e-05
116,0.8710002899169922,0.011553635820746422,0.10976704210042953,0.07889089733362198,24681180.0,0.006140196695923805,0.8673455715179443,0.009875994175672531,0.08209214359521866,0.06256859749555588,16660512.0,0.005351006984710693,2.9999999242136255e-05
117,0.8673810958862305,0.011523500084877014,0.10962670296430588,0.07877759635448456,24626292.0,0.006126089952886105,0.8637330532073975,0.009847617708146572,0.08194194734096527,0.0623435378074646,16508027.0,0.005340090021491051,2.9999999242136255e-05
118,0.8637712597846985,0.011493748053908348,0.10948768258094788,0.07866650819778442,24572244.0,0.006112073548138142,0.8601299524307251,0.009819770231842995,0.08179281651973724,0.06212149187922478,16358036.0,0.0053292992524802685,2.9999999242136255e-05
119,0.8601705431938171,0.011464380659162998,0.10935002565383911,0.07855650037527084,24518434.0,0.006098161917179823,0.8565362691879272,0.009792447090148926,0.08164475858211517,0.06190190091729164,16209948.0,0.005318664014339447,2.9999999242136255e-05
120,0.8565792441368103,0.011435391381382942,0.10921373963356018,0.07844743132591248,24464422.0,0.006084344815462828,0.8529521822929382,0.009765625931322575,0.08149813860654831,0.06168540194630623,16064469.0,0.005308209918439388,2.9999999242136255e-05
121,0.8529976010322571,0.011406796053051949,0.10907888412475586,0.07833881676197052,24410454.0,0.006070646457374096,0.8493778109550476,0.009739307686686516,0.081352598965168,0.06147143244743347,15921019.0,0.005297861061990261,2.9999999242136255e-05
122,0.8494254350662231,0.011378571391105652,0.10894539952278137,0.07823076099157333,24356714.0,0.006057057064026594,0.8458132147789001,0.009713418781757355,0.08120766282081604,0.061259277164936066,15778995.0,0.005287607200443745,2.9999999242136255e-05
123,0.8458631038665771,0.011350702494382858,0.10881320387125015,0.07812415808439255,24302868.0,0.006043572910130024,0.8422583937644958,0.009688026271760464,0.08106415718793869,0.061049290001392365,15638613.0,0.005277519579976797,2.9999999242136255e-05
124,0.84231036901474,0.011323215439915657,0.10868248343467712,0.07801886647939682,24249202.0,0.006030210293829441,0.8387135863304138,0.00966309942305088,0.08092204481363297,0.06084321439266205,15500300.0,0.005267600994557142,2.9999999242136255e-05
125,0.8387677669525146,0.011296088807284832,0.10855308920145035,0.07791410386562347,24195362.0,0.006016967818140984,0.835178792476654,0.009638592600822449,0.08078064769506454,0.06063936650753021,15363686.0,0.005257801618427038,2.9999999242136255e-05
126,0.835235059261322,0.011269309557974339,0.10842502117156982,0.07781030237674713,24141756.0,0.006003835704177618,0.8316542506217957,0.009614563547074795,0.08064065873622894,0.06043757498264313,15228481.0,0.005248182453215122,2.9999999242136255e-05
127,0.8317123651504517,0.011242890730500221,0.10829833894968033,0.07770682126283646,24087994.0,0.005990827456116676,0.8281397223472595,0.009590920060873032,0.08050163090229034,0.060237541794776917,15094726.0,0.005238691810518503,2.9999999242136255e-05
128,0.8281999230384827,0.011216823011636734,0.10817304253578186,0.07760374248027802,24034248.0,0.00597794447094202,0.8246356248855591,0.009567726403474808,0.08036397397518158,0.06004059314727783,14962459.0,0.005228556226938963,2.9999999242136255e-05
129,0.8246977925300598,0.011191100813448429,0.10804904997348785,0.07750225067138672,23981872.0,0.005965192802250385,0.82114177942276,0.009544946253299713,0.08022727817296982,0.059846095740795135,14831669.0,0.005218432284891605,2.9999999242136255e-05
130,0.821205735206604,0.011165734380483627,0.10792649537324905,0.0774027407169342,23930736.0,0.005952566862106323,0.8176584243774414,0.009522578679025173,0.08009212464094162,0.05965359881520271,14702379.0,0.005208483897149563,2.9999999242136255e-05
131,0.817724347114563,0.01114069763571024,0.10780524462461472,0.07730357348918915,23879560.0,0.005940066650509834,0.8141855001449585,0.009500614367425442,0.07995809614658356,0.05946352332830429,14575042.0,0.005198653321713209,2.9999999242136255e-05
132,0.8142532706260681,0.011115997098386288,0.10768531262874603,0.07720500975847244,23828376.0,0.005927702412009239,0.8107231855392456,0.00947901327162981,0.07982505112886429,0.05927572399377823,14449603.0,0.005188956391066313,2.9999999242136255e-05
133,0.8107928037643433,0.011091625317931175,0.10756674408912659,0.07710753381252289,23777342.0,0.005915462039411068,0.8072716593742371,0.009457823820412159,0.07969344407320023,0.05909023433923721,14325627.0,0.005179430823773146,2.9999999242136255e-05
134,0.8073430061340332,0.011067578569054604,0.10744945704936981,0.0770103931427002,23726198.0,0.005903353914618492,0.8038305640220642,0.009436975233256817,0.07956256717443466,0.058907102793455124,14203264.0,0.005170035175979137,2.9999999242136255e-05
135,0.8039038181304932,0.011043859645724297,0.10733353346586227,0.07691366970539093,23675216.0,0.005891378037631512,0.8004005551338196,0.009416486136615276,0.07943318784236908,0.058725811541080475,14082266.0,0.005160782486200333,2.9999999242136255e-05
136,0.8004754781723022,0.011020462960004807,0.1072189211845398,0.0768192708492279,23625508.0,0.005879538133740425,0.7969813346862793,0.009396386332809925,0.07930494844913483,0.05854623764753342,13962488.0,0.005151679739356041,2.9999999242136255e-05
137,0.79705810546875,0.01099738571792841,0.10710565000772476,0.07672566920518875,23576252.0,0.005867823027074337,0.7935729622840881,0.009376644156873226,0.07917794585227966,0.05836876481771469,13844354.0,0.005142719019204378,2.9999999242136255e-05
138,0.7936514616012573,0.010974613018333912,0.10699363797903061,0.07663288712501526,23527292.0,0.005856242962181568,0.79017573595047,0.009357261471450329,0.07905211299657822,0.05819419026374817,13727970.0,0.005133904051035643,2.9999999242136255e-05
139,0.7902559041976929,0.010952151380479336,0.10688289999961853,0.07654093950986862,23478630.0,0.005844790022820234,0.7867894172668457,0.009338192641735077,0.0789274126291275,0.05802169442176819,13612979.0,0.005125224590301514,2.9999999242136255e-05
140,0.7868713736534119,0.010929995216429234,0.10677347332239151,0.07644950598478317,23430106.0,0.005833467934280634,0.7834141850471497,0.009319487027823925,0.07880417257547379,0.057851504534482956,13499734.0,0.005116702988743782,2.9999999242136255e-05
141,0.7834978699684143,0.01090813148766756,0.10666529089212418,0.0763586163520813,23381644.0,0.005822246428579092,0.7800501585006714,0.009301106445491314,0.07868179678916931,0.057683881372213364,13388697.0,0.005108305718749762,2.9999999242136255e-05
142,0.780135452747345,0.010886574164032936,0.10655838251113892,0.07626883685588837,23333848.0,0.005811151582747698,0.7766973972320557,0.009283038787543774,0.07856088131666183,0.057517848908901215,13278811.0,0.00510006258264184,2.9999999242136255e-05
143,0.7767844796180725,0.010865306481719017,0.10645274817943573,0.07618043571710587,23287184.0,0.005800185725092888,0.7733558416366577,0.00926530547440052,0.07844142615795135,0.057353537529706955,13170188.0,0.005091960076242685,2.9999999242136255e-05
144,0.7734447121620178,0.010844330303370953,0.10634835064411163,0.07609304040670395,23241238.0,0.005789352115243673,0.7700257897377014,0.009247901849448681,0.07832305133342743,0.05719093605875969,13062805.0,0.005083998199552298,2.9999999242136255e-05
145,0.7701163291931152,0.010823640041053295,0.10624521225690842,0.07600739598274231,23196112.0,0.005778653547167778,0.7667070031166077,0.009230817668139935,0.07820598781108856,0.05703016743063927,12956841.0,0.005076167639344931,2.9999999242136255e-05
146,0.76679927110672,0.010803229175508022,0.10614325106143951,0.07592243701219559,23151306.0,0.00576808163896203,0.7633997201919556,0.009214011952280998,0.07808998972177505,0.05687166750431061,12852777.0,0.0050684604793787,2.9999999242136255e-05
147,0.7634937167167664,0.010783090256154537,0.10604251176118851,0.07583856582641602,23107242.0,0.005757636856287718,0.7601039409637451,0.0091975387185812,0.077975332736969,0.05671488493680954,12749924.0,0.005060894414782524,2.9999999242136255e-05
148,0.7601994276046753,0.010763232596218586,0.1059429869055748,0.07575564831495285,23063776.0,0.005747322924435139,0.7568196058273315,0.00918134581297636,0.07786204665899277,0.05655963718891144,12648260.0,0.005053452681750059,2.9999999242136255e-05
149,0.7569169402122498,0.010743636637926102,0.10584463179111481,0.07567331194877625,23020694.0,0.005737139843404293,0.7535470128059387,0.009165460243821144,0.07775001227855682,0.056406185030937195,12547937.0,0.0050461143255233765,2.9999999242136255e-05
150,0.7536458969116211,0.010724317282438278,0.10574747622013092,0.07559187710285187,22977852.0,0.0057270824909210205,0.7502860426902771,0.009149844758212566,0.07763905823230743,0.05625460296869278,12449065.0,0.005038867704570293,2.9999999242136255e-05
151,0.7503865361213684,0.010705254971981049,0.10565147548913956,0.07551129907369614,22935442.0,0.005717146676033735,0.7470365762710571,0.009134561754763126,0.07752959430217743,0.05610467866063118,12351337.0,0.005031766835600138,2.9999999242136255e-05
152,0.7471387982368469,0.010686440393328667,0.10555658489465714,0.07543157786130905,22893706.0,0.005707337986677885,0.7437989711761475,0.009119515307247639,0.07742136716842651,0.05595605820417404,12254631.0,0.005024776328355074,2.9999999242136255e-05
153,0.7439029216766357,0.010667890310287476,0.10546288639307022,0.07535357028245926,22853390.0,0.00569764943793416,0.7405731081962585,0.00910476315766573,0.07731441408395767,0.055809006094932556,12158994.0,0.005017923656851053,2.9999999242136255e-05
154,0.7406787276268005,0.010649599134922028,0.10537034273147583,0.07527650147676468,22813686.0,0.005688090808689594,0.7373591661453247,0.009090272709727287,0.07720883935689926,0.0556635744869709,12064642.0,0.005011189728975296,2.9999999242136255e-05
155,0.7374663352966309,0.010631540790200233,0.1052788570523262,0.07520058006048203,22774702.0,0.005678651854395866,0.734157145023346,0.009076058864593506,0.07710462063550949,0.055520687252283096,11972146.0,0.005004582926630974,2.9999999242136255e-05
156,0.7342658042907715,0.010613730177283287,0.10518848896026611,0.07512586563825607,22736012.0,0.005669328384101391,0.7309668064117432,0.009062104858458042,0.07700154930353165,0.05537959560751915,11880681.0,0.004998103249818087,2.9999999242136255e-05
157,0.7310771346092224,0.010596160776913166,0.10509922355413437,0.07505292445421219,22698702.0,0.005660121329128742,0.7277884483337402,0.009048416279256344,0.07690006494522095,0.055240292102098465,11790171.0,0.00499174976721406,2.9999999242136255e-05
158,0.7279003262519836,0.010578824207186699,0.1050110012292862,0.07498124986886978,22662228.0,0.005651037208735943,0.7246220707893372,0.009035002440214157,0.07679996639490128,0.05510377883911133,11701016.0,0.00498551968485117,2.9999999242136255e-05
159,0.7247356176376343,0.010561717674136162,0.10492384433746338,0.07491026818752289,22626220.0,0.005642064847052097,0.7214676737785339,0.00902180653065443,0.07670097053050995,0.0549689382314682,11613222.0,0.004979393910616636,2.9999999242136255e-05
160,0.7215828895568848,0.010544841177761555,0.1048377975821495,0.07483996450901031,22590628.0,0.005633206572383642,0.7183252573013306,0.009008909575641155,0.07660351693630219,0.05483558773994446,11526416.0,0.0049734050408005714,2.9999999242136255e-05
161,0.7184419631958008,0.01052819937467575,0.10475274920463562,0.07477080076932907,22555630.0,0.0056244684383273125,0.7151951193809509,0.008996224962174892,0.07650741934776306,0.054703809320926666,11440885.0,0.004967513028532267,2.9999999242136255e-05
162,0.7153134346008301,0.010511765256524086,0.10466869920492172,0.07470263540744781,22521396.0,0.005615834146738052,0.7120769619941711,0.008983802981674671,0.07641281932592392,0.05457456409931183,11357393.0,0.004961744882166386,2.9999999242136255e-05
163,0.7121967673301697,0.010495565831661224,0.10458575934171677,0.07463553547859192,22487982.0,0.005607321858406067,0.708970844745636,0.00897160079330206,0.07631988823413849,0.05444679409265518,11275050.0,0.0049560717307031155,2.9999999242136255e-05
164,0.7090923190116882,0.010479561984539032,0.10450369864702225,0.0745687484741211,22454742.0,0.005598909687250853,0.7058770656585693,0.008959652855992317,0.07622821629047394,0.054321251809597015,11194521.0,0.004950524773448706,2.9999999242136255e-05
165,0.706000030040741,0.010463780723512173,0.10442270338535309,0.07450240105390549,22421614.0,0.005590607412159443,0.7027952671051025,0.008947936818003654,0.07613840699195862,0.05419706553220749,11114920.0,0.004945086780935526,2.9999999242136255e-05
166,0.7029198408126831,0.010448206216096878,0.10434266179800034,0.07443666458129883,22388862.0,0.005582411773502827,0.6997258067131042,0.008936460129916668,0.07604975998401642,0.05407409742474556,11036182.0,0.00493975356221199,2.9999999242136255e-05
167,0.6998518109321594,0.010432835668325424,0.10426359623670578,0.07437163591384888,22356252.0,0.005574323236942291,0.6966685056686401,0.008925195783376694,0.07596327364444733,0.0539550743997097,10958273.0,0.0049345348961651325,2.9999999242136255e-05
168,0.6967961192131042,0.010417667217552662,0.10418545454740524,0.07430727034807205,22323908.0,0.005566334817558527,0.6936236619949341,0.008914157748222351,0.07587845623493195,0.05383925512433052,10882192.0,0.0049294172786176205,2.9999999242136255e-05
169,0.6937525868415833,0.010402693413197994,0.10410824418067932,0.07424356788396835,22291822.0,0.005558446515351534,0.6905909180641174,0.008903342299163342,0.07579611986875534,0.05372600629925728,10808295.0,0.00492442399263382,2.9999999242136255e-05
170,0.6907213926315308,0.010387921705842018,0.1040319949388504,0.0741812065243721,22260762.0,0.005550664849579334,0.6875705122947693,0.008892746642231941,0.07571639120578766,0.05361439287662506,10735675.0,0.004919528495520353,2.9999999242136255e-05
171,0.6877024173736572,0.01037333533167839,0.10395663976669312,0.07412005215883255,22230252.0,0.005542922765016556,0.6845624446868896,0.008882340975105762,0.0756397396326065,0.053503669798374176,10663718.0,0.0049147349782288074,2.9999999242136255e-05
172,0.6846957802772522,0.010358946397900581,0.10388220101594925,0.07405954599380493,22200010.0,0.00553525285795331,0.6815667748451233,0.008872143924236298,0.07556719332933426,0.05339594930410385,10594432.0,0.00490983622148633,2.9999999242136255e-05
173,0.68170166015625,0.010344737209379673,0.10380864888429642,0.07400050759315491,22170858.0,0.005527673289179802,0.6785833835601807,0.008862174116075039,0.07550053298473358,0.053289927542209625,10526368.0,0.0049045393243432045,2.9999999242136255e-05
174,0.678719699382782,0.010330714285373688,0.10373598337173462,0.07394249737262726,22142256.0,0.005520193837583065,0.6756123304367065,0.008852389641106129,0.07544185221195221,0.05318673327565193,10459810.0,0.004899336025118828,2.9999999242136255e-05
175,0.6757500767707825,0.01031686645001173,0.10366414487361908,0.07388482987880707,22113802.0,0.00551280751824379,0.67265385389328,0.00884281937032938,0.07539355754852295,0.05308710038661957,10396189.0,0.004894216079264879,2.9999999242136255e-05
176,0.672792911529541,0.01030319556593895,0.10359317064285278,0.07382752001285553,22085574.0,0.005505515728145838,0.6697076559066772,0.008833424188196659,0.07535671442747116,0.05298875644803047,10333691.0,0.004889192990958691,2.9999999242136255e-05
177,0.6698481440544128,0.010289700701832771,0.10352303087711334,0.07377099245786667,22057726.0,0.00549831660464406,0.6667739748954773,0.008824233897030354,0.07533024251461029,0.05289158597588539,10271924.0,0.0048842704854905605,2.9999999242136255e-05
178,0.6669158339500427,0.010276389308273792,0.10345380008220673,0.0737149566411972,22030182.0,0.005491212010383606,0.6638527512550354,0.008815229870378971,0.07531134784221649,0.052796296775341034,10211736.0,0.004879435990005732,2.9999999242136255e-05
179,0.6639959216117859,0.010263248346745968,0.10338538885116577,0.07365953177213669,22002838.0,0.005484200548380613,0.660943865776062,0.008806402795016766,0.07529779523611069,0.05270252376794815,10152798.0,0.004874696489423513,2.9999999242136255e-05
180,0.6610885262489319,0.010250257328152657,0.10331767797470093,0.07360512763261795,21976206.0,0.005477274302393198,0.6580475568771362,0.00879776943475008,0.07528771460056305,0.05261083319783211,10095591.0,0.004870059434324503,2.9999999242136255e-05
181,0.6581934094429016,0.01023743487894535,0.10325082391500473,0.0735522210597992,21950694.0,0.005470429081469774,0.6551637053489685,0.008789315819740295,0.07527981698513031,0.052520375698804855,10039285.0,0.004865530412644148,2.9999999242136255e-05
182,0.655310869216919,0.010224777273833752,0.103184774518013,0.07350029051303864,21925682.0,0.005463673733174801,0.6522922515869141,0.008781052194535732,0.07527343183755875,0.05243174359202385,9984443.0,0.004861108027398586,2.9999999242136255e-05
183,0.6524408459663391,0.010212277062237263,0.10311948508024216,0.07344880700111389,21900888.0,0.005457007791846991,0.6494332551956177,0.008772939443588257,0.0752682089805603,0.052345335483551025,9931649.0,0.004856765735894442,2.9999999242136255e-05
184,0.6495832204818726,0.010199932381510735,0.1030549630522728,0.07339788228273392,21876224.0,0.005450420547276735,0.6465868949890137,0.008765025064349174,0.07526418566703796,0.05226067081093788,9880175.0,0.004852530546486378,2.9999999242136255e-05
185,0.6467381119728088,0.010187746025621891,0.10299120098352432,0.07334750145673752,21851790.0,0.005443916190415621,0.6437529921531677,0.008757254108786583,0.0752604752779007,0.052176736295223236,9829161.0,0.004848388023674488,2.9999999242136255e-05
186,0.6439054608345032,0.010175718925893307,0.10292824357748032,0.07329840213060379,21828040.0,0.00543749425560236,0.6409316658973694,0.008749665692448616,0.07525765895843506,0.052093926817178726,9778993.0,0.004844342358410358,2.9999999242136255e-05
187,0.6410853266716003,0.010163825936615467,0.10286594182252884,0.07325015962123871,21804810.0,0.005431152414530516,0.6381228566169739,0.008742230013012886,0.07525508105754852,0.05201219394803047,9729638.0,0.004840381909161806,2.9999999242136255e-05
188,0.6382778286933899,0.010152085684239864,0.10280440747737885,0.07320243865251541,21781826.0,0.005424889735877514,0.635326623916626,0.00873495638370514,0.07525303959846497,0.051931653171777725,9681153.0,0.0048365057446062565,2.9999999242136255e-05
189,0.6354827284812927,0.010140490718185902,0.10274357348680496,0.07315526157617569,21759154.0,0.005418701097369194,0.6325427889823914,0.008727837353944778,0.07525112479925156,0.05185254290699959,9633244.0,0.004832730628550053,2.9999999242136255e-05
190,0.6327001452445984,0.010129038244485855,0.10268346220254898,0.07310885190963745,21736954.0,0.00541258929297328,0.6297715306282043,0.008720865473151207,0.0752495750784874,0.051774512976408005,9585877.0,0.004829033277928829,2.9999999242136255e-05
191,0.6299300789833069,0.010117723606526852,0.10262402892112732,0.07306309044361115,21715114.0,0.005406552460044622,0.6270128488540649,0.008714054711163044,0.07524800300598145,0.05169820412993431,9539911.0,0.004825431853532791,2.9999999242136255e-05
192,0.6271727085113525,0.010106558911502361,0.10256534814834595,0.07301785796880722,21693418.0,0.005400594789534807,0.6242666244506836,0.008707386441528797,0.07524685561656952,0.0516270212829113,9497407.0,0.0048219021409749985,2.9999999242136255e-05
193,0.6244276762008667,0.010095522738993168,0.10250730812549591,0.07297319918870926,21671834.0,0.005394705571234226,0.6215329766273499,0.00870085135102272,0.07524556666612625,0.05155867710709572,9457003.0,0.004818459507077932,2.9999999242136255e-05
194,0.6216952800750732,0.010084624402225018,0.10244995355606079,0.0729292705655098,21650472.0,0.005388893187046051,0.6188119053840637,0.008694462478160858,0.07524441927671432,0.05149206519126892,9417834.0,0.0048150853253901005,2.9999999242136255e-05
195,0.6189752817153931,0.01007385365664959,0.10239323228597641,0.07288665324449539,21629768.0,0.0053831483237445354,0.6161032915115356,0.008688218891620636,0.07524333149194717,0.05142726004123688,9379304.0,0.004811778198927641,2.9999999242136255e-05
196,0.6162678599357605,0.010063216090202332,0.10233718901872635,0.07284468412399292,21609584.0,0.00537743978202343,0.6134071350097656,0.008682101964950562,0.07524244487285614,0.05136390030384064,9341957.0,0.004808545578271151,2.9999999242136255e-05
197,0.6135729551315308,0.010052711702883244,0.10228182375431061,0.07280363887548447,21590092.0,0.005371800158172846,0.6107235550880432,0.008676132187247276,0.07524164766073227,0.05130266398191452,9306468.0,0.004805391188710928,2.9999999242136255e-05
198,0.6108905673027039,0.010042334906756878,0.1022270992398262,0.07276294380426407,21570802.0,0.00536622479557991,0.6080527305603027,0.00867028720676899,0.07524064183235168,0.051242221146821976,9271616.0,0.004802320618182421,2.9999999242136255e-05
199,0.6082207560539246,0.010032081976532936,0.10217299312353134,0.07272271066904068,21551898.0,0.005360723007470369,0.6053942441940308,0.008664579130709171,0.0752396211028099,0.0511825829744339,9237345.0,0.004799324553459883,2.9999999242136255e-05
200,0.6055634021759033,0.01002194732427597,0.10211946070194244,0.07268334180116653,21533770.0,0.0053552850149571896,0.6027482151985168,0.008658980019390583,0.07523858547210693,0.05112573131918907,9205735.0,0.0047963932156562805,2.9999999242136255e-05
201,0.6029185056686401,0.010011937469244003,0.10206659883260727,0.0726444348692894,21515992.0,0.005349913612008095,0.6001145839691162,0.008653494529426098,0.0752372294664383,0.051071397960186005,9176443.0,0.004793533589690924,2.9999999242136255e-05
202,0.6002861857414246,0.010002054274082184,0.10201435536146164,0.07260575890541077,21498268.0,0.00534460786730051,0.5974937081336975,0.008648145012557507,0.07523636519908905,0.05102038383483887,9150150.0,0.004790747072547674,2.9999999242136255e-05
203,0.5976663827896118,0.009992282837629318,0.10196268558502197,0.07256753742694855,21480808.0,0.005339312367141247,0.5948851704597473,0.008642910979688168,0.0752350389957428,0.050971612334251404,9125977.0,0.004788034129887819,2.9999999242136255e-05
204,0.5950589776039124,0.009982629679143429,0.10191161185503006,0.07253003865480423,21463758.0,0.005334061104804277,0.5922891497612,0.008637798950076103,0.0752338171005249,0.050923336297273636,9102074.0,0.004785395693033934,2.9999999242136255e-05
205,0.5924640893936157,0.009973089210689068,0.1018611267209053,0.07249286770820618,21446778.0,0.005328867118805647,0.5897055268287659,0.008632768876850605,0.07523230463266373,0.05087614059448242,9079095.0,0.004782808944582939,2.9999999242136255e-05
206,0.5898816585540771,0.009963667951524258,0.10181122273206711,0.07245629280805588,21430314.0,0.005323739256709814,0.5871344804763794,0.008627861738204956,0.075230672955513,0.0508306547999382,9057645.0,0.0047802976332604885,2.9999999242136255e-05
207,0.5873116850852966,0.009954358451068401,0.10176192969083786,0.07242026180028915,21414226.0,0.00531868077814579,0.5845758318901062,0.008623062632977962,0.07522892951965332,0.050786200910806656,9036997.0,0.004777849651873112,2.9999999242136255e-05
208,0.584754228591919,0.009945154190063477,0.1017131358385086,0.07238456606864929,21398324.0,0.005313676316291094,0.5820295810699463,0.00861837062984705,0.07522708922624588,0.05074447765946388,9018594.0,0.004775462672114372,2.9999999242136255e-05
209,0.5822091102600098,0.00993606448173523,0.1016649454832077,0.07234982401132584,21382722.0,0.005308736581355333,0.5794957876205444,0.00861376617103815,0.07522500306367874,0.05070587620139122,9002020.0,0.004773132503032684,2.9999999242136255e-05
210,0.5796765685081482,0.009927081875503063,0.10161730647087097,0.07231540232896805,21367344.0,0.005303853657096624,0.5769743919372559,0.008609261363744736,0.07522235810756683,0.0506683848798275,8986418.0,0.004770867992192507,2.9999999242136255e-05
211,0.5771562457084656,0.009918199852108955,0.10157018899917603,0.072281114757061,21352052.0,0.005299028474837542,0.5744653940200806,0.008604863658547401,0.07521961629390717,0.05063214898109436,8971845.0,0.004768665414303541,2.9999999242136255e-05
212,0.5746484398841858,0.009909424930810928,0.10152357816696167,0.07224729657173157,21337132.0,0.005294263828545809,0.5719687938690186,0.008600541390478611,0.07521676272153854,0.05059617757797241,8957433.0,0.0047665126621723175,2.9999999242136255e-05
213,0.5721529126167297,0.009900765493512154,0.10147759318351746,0.07221388816833496,21322468.0,0.005289558786898851,0.5694845914840698,0.008596321567893028,0.07521358877420425,0.05056144297122955,8943287.0,0.004764425102621317,2.9999999242136255e-05
214,0.5696699023246765,0.009892196394503117,0.10143207758665085,0.07218112796545029,21308412.0,0.005284914746880531,0.5670127272605896,0.008592192083597183,0.07521022111177444,0.050527945160865784,8929771.0,0.004762387368828058,2.9999999242136255e-05
215,0.5671992897987366,0.00988373626023531,0.10138712078332901,0.07214859127998352,21294460.0,0.005280323326587677,0.5645532011985779,0.00858812965452671,0.07520642876625061,0.05049467831850052,8916399.0,0.004760390613228083,2.9999999242136255e-05
216,0.5647408366203308,0.009875359944999218,0.1013425961136818,0.0721164122223854,21280638.0,0.005275783594697714,0.5621058344841003,0.008584166876971722,0.07520250231027603,0.050461720675230026,8903115.0,0.004758455790579319,2.9999999242136255e-05
217,0.5622948408126831,0.009867096319794655,0.10129863768815994,0.07208466529846191,21267118.0,0.005271301604807377,0.5596709251403809,0.008580267429351807,0.07519825547933578,0.05042918026447296,8890196.0,0.004756561946123838,2.9999999242136255e-05
218,0.5598611235618591,0.009858927689492702,0.10125517845153809,0.07205311208963394,21253664.0,0.0052668750286102295,0.5572483539581299,0.008576457388699055,0.07519340515136719,0.05039801076054573,8877404.0,0.0047547235153615475,2.9999999242136255e-05
219,0.5574398040771484,0.009850858710706234,0.10121224820613861,0.0720219761133194,21240332.0,0.0052625034004449844,0.5548380017280579,0.008572729304432869,0.07518830895423889,0.05036745220422745,8865008.0,0.004752935841679573,2.9999999242136255e-05
220,0.5550306439399719,0.009842872619628906,0.10116973519325256,0.07199135422706604,21227408.0,0.005258179735392332,0.55243980884552,0.008569058030843735,0.0751829743385315,0.050337422639131546,8853035.0,0.004751177970319986,2.9999999242136255e-05
221,0.5526337623596191,0.009834980592131615,0.10112769156694412,0.07196138054132462,21214808.0,0.005253905896097422,0.5500539541244507,0.008565455675125122,0.0751771405339241,0.05030792951583862,8841476.0,0.0047494638711214066,2.9999999242136255e-05
222,0.5502490997314453,0.009827188216149807,0.10108616948127747,0.07193206250667572,21202586.0,0.005249688867479563,0.5476803183555603,0.008561915718019009,0.07517050206661224,0.0502784438431263,8829808.0,0.0047477902844548225,2.9999999242136255e-05
223,0.5478766560554504,0.009819493629038334,0.101045161485672,0.07190299034118652,21190418.0,0.005245522130280733,0.5453187823295593,0.008558440953493118,0.07516391575336456,0.050249721854925156,8818766.0,0.00474615627899766,2.9999999242136255e-05
224,0.5455164909362793,0.009811877273023129,0.10100456327199936,0.0718742311000824,21178494.0,0.005241403356194496,0.5429694056510925,0.008555022068321705,0.07515658438205719,0.05022166296839714,8807926.0,0.004744555335491896,2.9999999242136255e-05
225,0.5431683659553528,0.009804355911910534,0.10096446424722672,0.07184605300426483,21166918.0,0.0052373409271240234,0.5406321883201599,0.008551683276891708,0.07514897733926773,0.05019420385360718,8797199.0,0.0047430056147277355,2.9999999242136255e-05
226,0.54083251953125,0.009796922095119953,0.10092480480670929,0.07181821763515472,21155452.0,0.005233321338891983,0.5383070707321167,0.008548380807042122,0.07514091581106186,0.050167765468358994,8787431.0,0.004741475451737642,2.9999999242136255e-05
227,0.5385088324546814,0.009789570234715939,0.10088557004928589,0.07179054617881775,21144068.0,0.005229348316788673,0.5359940528869629,0.0085451640188694,0.07513242214918137,0.050142478197813034,8778040.0,0.004739992320537567,2.9999999242136255e-05
228,0.5361972451210022,0.009782301262021065,0.10084676742553711,0.07176312059164047,21132862.0,0.005225425120443106,0.5336931943893433,0.008541945368051529,0.07512308657169342,0.05011753365397453,8768619.0,0.0047385129146277905,2.9999999242136255e-05
229,0.5338976383209229,0.009775117039680481,0.10080839693546295,0.07173597812652588,21121698.0,0.005221541505306959,0.5314042568206787,0.008538797497749329,0.07511313259601593,0.050092700868844986,8759213.0,0.00473707914352417,2.9999999242136255e-05
230,0.5316101908683777,0.009768020361661911,0.1007704883813858,0.0717090293765068,21110588.0,0.005217709578573704,0.5291274189949036,0.008535696193575859,0.07510244846343994,0.05006792023777962,8749869.0,0.00473567470908165,2.9999999242136255e-05
231,0.5293347835540771,0.009761008433997631,0.10073301196098328,0.07168242335319519,21099708.0,0.005213921889662743,0.5268625020980835,0.008532627485692501,0.07509133964776993,0.05004330351948738,8740227.0,0.0047342837788164616,2.9999999242136255e-05
232,0.5270714163780212,0.009754078462719917,0.10069597512483597,0.07165606319904327,21089000.0,0.005210184492170811,0.5246095657348633,0.008529610000550747,0.07507948577404022,0.05001944303512573,8730886.0,0.00473292451351881,2.9999999242136255e-05
233,0.52482008934021,0.009747221134603024,0.1006593108177185,0.07163027673959732,21078806.0,0.0052064866758883,0.5223685503005981,0.008526603691279888,0.07506702840328217,0.04999597370624542,8721665.0,0.004731569439172745,2.9999999242136255e-05
234,0.5225806832313538,0.009740450419485569,0.10062308609485626,0.07160524278879166,21069164.0,0.00520283542573452,0.5201396346092224,0.008523662574589252,0.07505417615175247,0.0499735027551651,8712953.0,0.004730247426778078,2.9999999242136255e-05
235,0.5203531384468079,0.009733756072819233,0.10058725625276566,0.07158071547746658,21059916.0,0.005199223756790161,0.5179224610328674,0.008520755916833878,0.07504051923751831,0.049951180815696716,8704358.0,0.00472895335406065,2.9999999242136255e-05
236,0.5181376934051514,0.00972713716328144,0.10055186599493027,0.07155640423297882,21050812.0,0.005195657256990671,0.5157172083854675,0.008517855778336525,0.07502629607915878,0.049929019063711166,8695965.0,0.004727658815681934,2.9999999242136255e-05
237,0.5159339904785156,0.00972058903425932,0.10051679611206055,0.07153219729661942,21041744.0,0.005192131269723177,0.5135236382484436,0.00851497333496809,0.07501067221164703,0.04990703612565994,8687774.0,0.004726376850157976,2.9999999242136255e-05
238,0.513742208480835,0.009714124724268913,0.10048216581344604,0.07150816172361374,21032774.0,0.0051886457949876785,0.5113419890403748,0.008512142114341259,0.07499481737613678,0.04988516494631767,8679585.0,0.004725118633359671,2.9999999242136255e-05
239,0.5115623474121094,0.00970773957669735,0.10044795274734497,0.07148455828428268,21023830.0,0.005185206886380911,0.5091722011566162,0.008509301580488682,0.07497794181108475,0.04986315220594406,8671408.0,0.004723857622593641,2.9999999242136255e-05
240,0.5093941688537598,0.009701421484351158,0.10041408240795135,0.07146202772855759,21015094.0,0.0051818047650158405,0.5070140361785889,0.008506512269377708,0.07496059685945511,0.04984090477228165,8662810.0,0.004722618497908115,2.9999999242136255e-05
241,0.5072379112243652,0.009695172309875488,0.10038057714700699,0.07143974304199219,21006412.0,0.005178442224860191,0.504867672920227,0.008503722958266735,0.07494232058525085,0.049819592386484146,8655246.0,0.004721380770206451,2.9999999242136255e-05
242,0.5050933957099915,0.009689005091786385,0.10034751147031784,0.07141759991645813,20997724.0,0.005175119265913963,0.5027328729629517,0.008500935509800911,0.0749230608344078,0.04979906603693962,8648152.0,0.0047201430425047874,2.9999999242136255e-05
243,0.5029605627059937,0.009682895615696907,0.10031472891569138,0.07139559835195541,20989132.0,0.005171832628548145,0.5006096959114075,0.00849817879498005,0.0749027356505394,0.049780040979385376,8641451.0,0.004718926269561052,2.9999999242136255e-05
244,0.5008394122123718,0.00967686902731657,0.10028238594532013,0.07137410342693329,20980704.0,0.00516858883202076,0.4984983205795288,0.008495412766933441,0.07488144934177399,0.04976052790880203,8634371.0,0.0047176978550851345,2.9999999242136255e-05
245,0.498729944229126,0.009670903906226158,0.10025036334991455,0.07135262340307236,20972234.0,0.00516537856310606,0.4963984489440918,0.008492632769048214,0.07485944032669067,0.0497412383556366,8627617.0,0.004716459661722183,2.9999999242136255e-05
246,0.4966321885585785,0.009665004909038544,0.10021866112947464,0.0713314339518547,20964010.0,0.005162207409739494,0.4943101108074188,0.00848986953496933,0.07483629882335663,0.049722686409950256,8621663.0,0.004715224262326956,2.9999999242136255e-05
247,0.49454593658447266,0.009659180417656898,0.10018736124038696,0.07131082564592361,20956280.0,0.005159070715308189,0.4922333061695099,0.00848709512501955,0.07481230795383453,0.04970486834645271,8616505.0,0.004713986534625292,2.9999999242136255e-05
248,0.4924714267253876,0.009653418324887753,0.10015638172626495,0.07129054516553879,20948682.0,0.005155969876796007,0.4901680052280426,0.008484319783747196,0.07478677481412888,0.049687206745147705,8611629.0,0.004712746012955904,2.9999999242136255e-05
249,0.4904083013534546,0.009647728875279427,0.1001257598400116,0.07127045094966888,20941146.0,0.005152908153831959,0.4881141781806946,0.008481539785861969,0.07476044446229935,0.04967008903622627,8606816.0,0.004711496643722057,2.9999999242136255e-05
250,0.4883568286895752,0.009642106480896473,0.10009551048278809,0.071250781416893,20933570.0,0.00514988275244832,0.48607173562049866,0.00847875140607357,0.07473308593034744,0.04965290054678917,8601899.0,0.004710240755230188,2.9999999242136255e-05
251,0.4863167405128479,0.009636545553803444,0.10006558895111084,0.07123111933469772,20925984.0,0.005146888084709644,0.484040766954422,0.008475963957607746,0.07470487058162689,0.04963597282767296,8597330.0,0.00470898300409317,2.9999999242136255e-05
252,0.4842880666255951,0.009631047956645489,0.10003598779439926,0.07121162116527557,20918474.0,0.005143924616277218,0.48202115297317505,0.008473156951367855,0.07467528432607651,0.049619160592556,8593007.0,0.004707708954811096,2.9999999242136255e-05
253,0.4822709560394287,0.009625612758100033,0.10000669211149216,0.0711921826004982,20911014.0,0.005140992812812328,0.48001277446746826,0.008470331318676472,0.07464434206485748,0.04960215836763382,8588653.0,0.0047064111568033695,2.9999999242136255e-05
254,0.48026517033576965,0.009620247408747673,0.0999777764081955,0.0711730346083641,20903762.0,0.005138101521879435,0.4780157506465912,0.008467471227049828,0.07461215555667877,0.04958588257431984,8585202.0,0.004705091472715139,2.9999999242136255e-05
255,0.4782707691192627,0.00961493793874979,0.09994913637638092,0.07115431874990463,20896936.0,0.005135239101946354,0.4760299324989319,0.008464610204100609,0.07457892596721649,0.04956997185945511,8582222.0,0.004703762009739876,2.9999999242136255e-05
256,0.4762876629829407,0.009609700180590153,0.09992088377475739,0.07113569974899292,20890078.0,0.005132410675287247,0.47405537962913513,0.008461708202958107,0.07454442977905273,0.04955373704433441,8579149.0,0.004702412523329258,2.9999999242136255e-05
257,0.4743157923221588,0.009604517370462418,0.09989292174577713,0.07111704349517822,20883148.0,0.0051296125166118145,0.47209200263023376,0.00845882948487997,0.07450871169567108,0.049537982791662216,8576600.0,0.004701072815805674,2.9999999242136255e-05
258,0.47235527634620667,0.009599406272172928,0.09986531734466553,0.07109876722097397,20876544.0,0.0051268525421619415,0.47013983130455017,0.008455908857285976,0.07447142899036407,0.04952237755060196,8574354.0,0.004699702374637127,2.9999999242136255e-05
259,0.4704059362411499,0.009594346396625042,0.09983798116445541,0.07108103483915329,20870420.0,0.005124120973050594,0.4681987166404724,0.008452920243144035,0.07443271577358246,0.04950624704360962,8571701.0,0.004698288161307573,2.9999999242136255e-05
260,0.4684678316116333,0.009589355438947678,0.09981101006269455,0.07106349617242813,20864380.0,0.005121405236423016,0.4662686586380005,0.008449927903711796,0.0743929073214531,0.04949119687080383,8569418.0,0.0046968660317361355,2.9999999242136255e-05
261,0.4665408134460449,0.009584417566657066,0.09978429228067398,0.07104644179344177,20858762.0,0.005118714179843664,0.46434977650642395,0.008446929976344109,0.0743519589304924,0.04947616159915924,8567267.0,0.004695435520261526,2.9999999242136255e-05
262,0.46462497115135193,0.009579543955624104,0.09975792467594147,0.07102963328361511,20853400.0,0.005116059444844723,0.4624417722225189,0.008443878963589668,0.07430966198444366,0.04946160316467285,8565920.0,0.00469396635890007,2.9999999242136255e-05
263,0.46272024512290955,0.00957473088055849,0.09973188489675522,0.07101286202669144,20847992.0,0.005113435909152031,0.4605448544025421,0.008440821431577206,0.07426612079143524,0.04944811016321182,8565727.0,0.004692492075264454,2.9999999242136255e-05
264,0.460826575756073,0.009569979272782803,0.09970615804195404,0.07099610567092896,20842530.0,0.005110845901072025,0.4586588144302368,0.008437699638307095,0.07422105967998505,0.04943560063838959,8566821.0,0.004690981470048428,2.9999999242136255e-05
265,0.45894384384155273,0.00956529751420021,0.09968079626560211,0.07097955793142319,20837066.0,0.005108293611556292,0.456783652305603,0.008434570394456387,0.07417456060647964,0.04942505061626434,8570084.0,0.004689458291977644,2.9999999242136255e-05
266,0.4570721387863159,0.009560664184391499,0.09965569525957108,0.07096326351165771,20831554.0,0.005105767864733934,0.45491939783096313,0.00843139085918665,0.07412706315517426,0.04941654950380325,8575691.0,0.0046879006549716,2.9999999242136255e-05
267,0.4552114009857178,0.00955609604716301,0.09963090717792511,0.07094729691743851,20826364.0,0.005103274714201689,0.45306602120399475,0.00842820294201374,0.07407838106155396,0.049408603459596634,8582014.0,0.004686339758336544,2.9999999242136255e-05
268,0.4533615708351135,0.00955159030854702,0.0996064767241478,0.07093142718076706,20821186.0,0.005100817885249853,0.4512234032154083,0.008424971252679825,0.0740283653140068,0.049402687698602676,8590714.0,0.004684749059379101,2.9999999242136255e-05
269,0.4515225887298584,0.009547146037220955,0.09958233684301376,0.0709155723452568,20815950.0,0.005098392255604267,0.44939154386520386,0.008421706035733223,0.07397744804620743,0.049398716539144516,8601559.0,0.004683137871325016,2.9999999242136255e-05
270,0.4496944546699524,0.009542756713926792,0.0995585098862648,0.07089979201555252,20810836.0,0.005095996893942356,0.44757044315338135,0.008418409153819084,0.07392612844705582,0.049394767731428146,8612718.0,0.0046815043315291405,2.9999999242136255e-05
271,0.44787710905075073,0.00953842792659998,0.0995350107550621,0.07088398188352585,20805580.0,0.005093629006296396,0.445760041475296,0.008415098302066326,0.07387413829565048,0.04939490184187889,8628229.0,0.004679867997765541,2.9999999242136255e-05
272,0.4460705816745758,0.009534165263175964,0.09951184689998627,0.07086823135614395,20800320.0,0.005091291852295399,0.4439602792263031,0.008411774411797523,0.07382240146398544,0.04939945042133331,8648374.0,0.004678226541727781,2.9999999242136255e-05
273,0.4442746639251709,0.009529974311590195,0.09948904812335968,0.0708526149392128,20795022.0,0.0050889900885522366,0.4421711564064026,0.00840842630714178,0.07377120852470398,0.04940685257315636,8671665.0,0.004676570650190115,2.9999999242136255e-05
274,0.4424896836280823,0.009525842033326626,0.09946659952402115,0.07083708792924881,20789750.0,0.0050867218524217606,0.44039270281791687,0.008405045606195927,0.07372172921895981,0.049416981637477875,8698020.0,0.004674901254475117,2.9999999242136255e-05
275,0.4407152235507965,0.009521769359707832,0.0994444340467453,0.07082211226224899,20784814.0,0.0050844838842749596,0.4386247992515564,0.008401669561862946,0.07367535680532455,0.049427758902311325,8725237.0,0.004673244431614876,2.9999999242136255e-05
276,0.4389513432979584,0.00951776560395956,0.09942267090082169,0.07080741971731186,20780116.0,0.005082282703369856,0.4368673264980316,0.00839825626462698,0.07363387197256088,0.04944001883268356,8753565.0,0.004671571776270866,2.9999999242136255e-05
277,0.43719810247421265,0.009513824246823788,0.09940119087696075,0.07079282402992249,20775490.0,0.005080113653093576,0.4351204037666321,0.008394883945584297,0.07360044866800308,0.04945608600974083,8784585.0,0.004669933579862118,2.9999999242136255e-05
278,0.43545541167259216,0.009509949944913387,0.09938012808561325,0.07077860832214355,20770832.0,0.0050779846496880054,0.4333839416503906,0.008391491137444973,0.0735774040222168,0.04947679489850998,8820012.0,0.004668293986469507,2.9999999242136255e-05
279,0.4337233006954193,0.009506143629550934,0.09935939311981201,0.07076479494571686,20766372.0,0.005075886845588684,0.43165796995162964,0.008388087153434753,0.07356712967157364,0.04950069636106491,8858920.0,0.004666660912334919,2.9999999242136255e-05
280,0.43200162053108215,0.00950239785015583,0.09933901578187943,0.0707511156797409,20761940.0,0.00507382582873106,0.42994236946105957,0.008384717628359795,0.07357044517993927,0.04952900484204292,8902359.0,0.0046650683507323265,2.9999999242136255e-05
281,0.4302903711795807,0.009498735889792442,0.09931910783052444,0.07073775678873062,20757726.0,0.005071810446679592,0.4282371401786804,0.008381353691220284,0.07358573377132416,0.04956074804067612,8949053.0,0.004663494415581226,2.9999999242136255e-05
282,0.4285896420478821,0.009495141915977001,0.09929955750703812,0.07072470337152481,20753780.0,0.0050698318518698215,0.4265422821044922,0.008378015831112862,0.07361091673374176,0.04959544911980629,8997163.0,0.004661953542381525,2.9999999242136255e-05
283,0.42689916491508484,0.009491609409451485,0.09928031265735626,0.07071173191070557,20749850.0,0.005067887715995312,0.4248577356338501,0.008374708704650402,0.07364402711391449,0.04963177442550659,9046402.0,0.004660435486584902,2.9999999242136255e-05
284,0.4252190589904785,0.009488153271377087,0.09926154464483261,0.0706988126039505,20745904.0,0.005065984558314085,0.4231834411621094,0.00837143138051033,0.07368292659521103,0.04966936260461807,9097081.0,0.004658955615013838,2.9999999242136255e-05
285,0.4235492944717407,0.00948476605117321,0.09924311190843582,0.07068608701229095,20742170.0,0.005064121447503567,0.4215194284915924,0.008368183858692646,0.07372669875621796,0.049708131700754166,9149141.0,0.0046575129963457584,2.9999999242136255e-05
286,0.4218898117542267,0.009481456130743027,0.09922512620687485,0.0706738829612732,20738858.0,0.00506229093298316,0.4198656678199768,0.008365021087229252,0.07377476990222931,0.04974774643778801,9202034.0,0.0046561541967093945,2.9999999242136255e-05
287,0.42024049162864685,0.009478223510086536,0.09920758008956909,0.07066253572702408,20735858.0,0.005060507450252771,0.418222039937973,0.008361912332475185,0.07382621616125107,0.04978920891880989,9256676.0,0.004654855001717806,2.9999999242136255e-05
288,0.418601393699646,0.009475067257881165,0.09919047355651855,0.07065173983573914,20733134.0,0.005058767274022102,0.4165886640548706,0.008358844555914402,0.07388030737638474,0.04983191192150116,9312368.0,0.004653605166822672,2.9999999242136255e-05
289,0.41697248816490173,0.00947199109941721,0.09917379915714264,0.07064128667116165,20730610.0,0.005057069007307291,0.4149654507637024,0.008355881087481976,0.0739368349313736,0.049876619130373,9370063.0,0.004652445204555988,2.9999999242136255e-05
290,0.41535377502441406,0.0094689866527915,0.09915755689144135,0.07063183933496475,20728920.0,0.0050554173067212105,0.41335225105285645,0.008352992124855518,0.07399580627679825,0.04992459714412689,9429325.0,0.004651361610740423,2.9999999242136255e-05
291,0.41374510526657104,0.00946606881916523,0.09914178401231766,0.07062257826328278,20727368.0,0.005053813569247723,0.4117491841316223,0.008350171148777008,0.07405642420053482,0.049972984939813614,9488320.0,0.0046503483317792416,2.9999999242136255e-05
292,0.41214650869369507,0.009463225491344929,0.09912646561861038,0.07061340659856796,20725852.0,0.005052255466580391,0.4101562201976776,0.008347473107278347,0.074118971824646,0.05002257972955704,9548001.0,0.004649442620575428,2.9999999242136255e-05
293,0.4105578660964966,0.00946046132594347,0.09911157935857773,0.07060500234365463,20725018.0,0.005050744395703077,0.408573180437088,0.008344883099198341,0.0741831511259079,0.05007529631257057,9608407.0,0.00464862585067749,2.9999999242136255e-05
294,0.40897923707962036,0.00945777166634798,0.0990971252322197,0.0705968365073204,20724170.0,0.005049278028309345,0.40700024366378784,0.008342414163053036,0.07424847781658173,0.05012919753789902,9669064.0,0.004647915717214346,2.9999999242136255e-05
295,0.40741056203842163,0.009455169551074505,0.09908319264650345,0.07058876752853394,20723390.0,0.005047869402915239,0.40543726086616516,0.008340055122971535,0.07431501895189285,0.050183285027742386,9729831.0,0.004647298250347376,2.9999999242136255e-05
296,0.4058518707752228,0.009452654048800468,0.09906976670026779,0.07058079540729523,20722638.0,0.005046510603278875,0.4038842022418976,0.008337787352502346,0.07438205927610397,0.050238434225320816,9790963.0,0.0046467590145766735,2.9999999242136255e-05
297,0.4043029844760895,0.009450211189687252,0.09905676543712616,0.07057321071624756,20721862.0,0.005045201629400253,0.40234100818634033,0.00833564531058073,0.0744498074054718,0.05029322952032089,9851511.0,0.004646319895982742,2.9999999242136255e-05
298,0.40276405215263367,0.009447839111089706,0.09904417395591736,0.07056596130132675,20721298.0,0.005043937359005213,0.4008077085018158,0.008333632722496986,0.07451803237199783,0.0503472201526165,9911108.0,0.004645982291549444,2.9999999242136255e-05
299,0.40123486518859863,0.00944554340094328,0.09903206676244736,0.07055912911891937,20720804.0,0.005042725708335638,0.3992842435836792,0.008331735618412495,0.07458639144897461,0.05040111392736435,9969495.0,0.004645729903131723,2.9999999242136255e-05
300,0.399715393781662,0.00944332592189312,0.09902039915323257,0.07055260986089706,20720342.0,0.005041566211730242,0.39777055382728577,0.008329933509230614,0.07465427368879318,0.050454214215278625,10025977.0,0.004645545966923237,2.9999999242136255e-05
301,0.3982056975364685,0.009441176429390907,0.09900915622711182,0.07054660469293594,20719920.0,0.005040448624640703,0.3962666094303131,0.00832824781537056,0.07472175359725952,0.05050845444202423,10081802.0,0.004645444918423891,2.9999999242136255e-05
302,0.396705687046051,0.00943908654153347,0.09899827837944031,0.0705409049987793,20719396.0,0.00503936130553484,0.39477238059043884,0.008326663635671139,0.07478801161050797,0.05056306719779968,10136737.0,0.004645400680601597,2.9999999242136255e-05
303,0.39521536231040955,0.009437060914933681,0.09898777306079865,0.07053506374359131,20718742.0,0.005038322415202856,0.39328786730766296,0.008325183764100075,0.07485317438840866,0.050618819892406464,10191520.0,0.004645420704036951,2.9999999242136255e-05
304,0.3937346339225769,0.009435097686946392,0.09897766262292862,0.07052958011627197,20718388.0,0.00503733241930604,0.39181292057037354,0.008323770016431808,0.07491689175367355,0.050673071295022964,10244165.0,0.004645474720746279,2.9999999242136255e-05
305,0.3922634422779083,0.009433191269636154,0.09896793961524963,0.07052475959062576,20718390.0,0.00503638107329607,0.39034751057624817,0.008322402834892273,0.07497795671224594,0.05072619765996933,10294483.0,0.004645532462745905,2.9999999242136255e-05
306,0.3908018171787262,0.00943132396787405,0.09895844012498856,0.07052014768123627,20718660.0,0.005035460460931063,0.3888916075229645,0.00832111295312643,0.07503688335418701,0.05077732354402542,10342574.0,0.004645622801035643,2.9999999242136255e-05
307,0.3893495798110962,0.00942949578166008,0.09894920885562897,0.0705159455537796,20719400.0,0.005034575238823891,0.38744521141052246,0.008319826796650887,0.07509274780750275,0.05082768201828003,10387288.0,0.004645679611712694,2.9999999242136255e-05
308,0.38790690898895264,0.009427700191736221,0.09894020855426788,0.07051241397857666,20720276.0,0.005033721681684256,0.3860081136226654,0.008318535052239895,0.07514481246471405,0.050874192267656326,10428647.0,0.0046456921845674515,2.9999999242136255e-05
309,0.38647356629371643,0.009425914846360683,0.09893131256103516,0.07050863653421402,20720966.0,0.005032884888350964,0.38458043336868286,0.008317241445183754,0.07519308477640152,0.05091672018170357,10466293.0,0.004645656328648329,2.9999999242136255e-05
310,0.38504961133003235,0.009424148127436638,0.09892255812883377,0.07050468027591705,20721540.0,0.005032071843743324,0.3831620216369629,0.008315918035805225,0.0752372294664383,0.05095537379384041,10500608.0,0.0046455529518425465,2.9999999242136255e-05
311,0.38363489508628845,0.009422381408512592,0.09891385585069656,0.07050050795078278,20721928.0,0.0050312732346355915,0.38175278902053833,0.008314498700201511,0.0752757340669632,0.05098945274949074,10530632.0,0.004645319655537605,2.9999999242136255e-05
312,0.38222944736480713,0.009420599788427353,0.09890511631965637,0.0704963356256485,20722146.0,0.00503048300743103,0.380352646112442,0.008313010446727276,0.07530920952558517,0.05101916566491127,10556791.0,0.0046449764631688595,2.9999999242136255e-05
313,0.380833238363266,0.009418802335858345,0.098896324634552,0.07049301266670227,20722870.0,0.005029698368161917,0.37896162271499634,0.008311362005770206,0.07533608376979828,0.05104290693998337,10577900.0,0.004644444677978754,2.9999999242136255e-05
314,0.3794460892677307,0.009416954591870308,0.09888733178377151,0.07048963755369186,20723638.0,0.005028899293392897,0.37757959961891174,0.008309563621878624,0.07535651326179504,0.05106144770979881,10594747.0,0.004643735475838184,2.9999999242136255e-05
315,0.3780680298805237,0.00941506214439869,0.09887810051441193,0.07048631459474564,20724222.0,0.0050280895084142685,0.37620651721954346,0.008307605050504208,0.07536975294351578,0.05107450112700462,10606845.0,0.004642827436327934,2.9999999242136255e-05
316,0.3766990005970001,0.009413101710379124,0.09886857867240906,0.07048303633928299,20724656.0,0.005027258303016424,0.37484225630760193,0.008305443450808525,0.07537592202425003,0.051082659512758255,10614266.0,0.004641694948077202,2.9999999242136255e-05
317,0.37533897161483765,0.009411054663360119,0.09885860234498978,0.07047944515943527,20725014.0,0.005026394035667181,0.37348684668540955,0.00830306950956583,0.07537399232387543,0.05108466371893883,10616575.0,0.004640319384634495,2.9999999242136255e-05
318,0.3739878237247467,0.009408917278051376,0.09884821623563766,0.0704757496714592,20725446.0,0.005025491118431091,0.37214019894599915,0.008300457149744034,0.07536344230175018,0.05108001455664635,10613578.0,0.00463867699727416,2.9999999242136255e-05
319,0.3726455271244049,0.009406672790646553,0.09883726388216019,0.07047154754400253,20725514.0,0.005024544894695282,0.3708021938800812,0.008297601714730263,0.07534442842006683,0.05106863006949425,10605441.0,0.004636767320334911,2.9999999242136255e-05
320,0.37131205201148987,0.009404303506016731,0.09882570058107376,0.07046687602996826,20725326.0,0.005023543257266283,0.36947283148765564,0.008294503204524517,0.0753166526556015,0.05105062946677208,10592404.0,0.004634588025510311,2.9999999242136255e-05
321,0.36998727917671204,0.009401796385645866,0.09881342202425003,0.0704616829752922,20724674.0,0.005022475030273199,0.36815205216407776,0.008291156031191349,0.07527945190668106,0.051025230437517166,10573684.0,0.0046321251429617405,2.9999999242136255e-05
322,0.36867108941078186,0.009399132803082466,0.09880035370588303,0.07045586407184601,20723726.0,0.00502133509144187,0.36683982610702515,0.008287574164569378,0.07523296028375626,0.05099305883049965,10549816.0,0.004629394970834255,2.9999999242136255e-05
323,0.3673635721206665,0.009396309964358807,0.09878647327423096,0.07044949382543564,20722432.0,0.005020116455852985,0.3655361831188202,0.008283797651529312,0.07517679035663605,0.05095403641462326,10520532.0,0.004626414272934198,2.9999999242136255e-05
324,0.3660646378993988,0.00939332414418459,0.09877178072929382,0.07044246047735214,20720674.0,0.005018820986151695,0.36424097418785095,0.008279840461909771,0.0751115083694458,0.05090821906924248,10486179.0,0.004623207729309797,2.9999999242136255e-05
325,0.36477407813072205,0.009390146471560001,0.0987560898065567,0.07043483108282089,20718514.0,0.0050174277275800705,0.3629542887210846,0.008275743573904037,0.07503652572631836,0.05085538327693939,10446519.0,0.004619791638106108,2.9999999242136255e-05
326,0.363491952419281,0.009386803023517132,0.09873958677053452,0.07042663544416428,20716034.0,0.005015952978283167,0.36167600750923157,0.008271547965705395,0.07495270669460297,0.05079641938209534,10402011.0,0.0046162111684679985,2.9999999242136255e-05
327,0.3622182607650757,0.009383258409798145,0.09872209280729294,0.07041751593351364,20713006.0,0.00501437159255147,0.3604062795639038,0.008267351426184177,0.07486006617546082,0.05073065683245659,10352331.0,0.0046125235967338085,2.9999999242136255e-05
328,0.3609527349472046,0.009379531256854534,0.09870366752147675,0.07040773332118988,20709526.0,0.005012701265513897,0.35914504528045654,0.00826321728527546,0.07475920766592026,0.05065847560763359,10298114.0,0.00460878387093544,2.9999999242136255e-05
329,0.35969552397727966,0.00937562994658947,0.0986843928694725,0.07039715349674225,20705600.0,0.0050109438598155975,0.35789233446121216,0.008259177207946777,0.0746498852968216,0.050584543496370316,10243925.0,0.004605019930750132,2.9999999242136255e-05
330,0.35844647884368896,0.009371542371809483,0.09866422414779663,0.07038572430610657,20701240.0,0.005009090062230825,0.35664814710617065,0.00825539231300354,0.07453364133834839,0.05051405355334282,10189228.0,0.004601349588483572,2.9999999242136255e-05
331,0.3572055995464325,0.009367287158966064,0.0986432358622551,0.0703735202550888,20696436.0,0.0050071123987436295,0.3554125428199768,0.00825191754847765,0.07441071420907974,0.05044325441122055,10133756.0,0.004597829654812813,2.9999999242136255e-05
332,0.3559727072715759,0.009362881071865559,0.09862157702445984,0.07036124914884567,20691402.0,0.005005059763789177,0.3541855812072754,0.008248858153820038,0.07428158819675446,0.050373829901218414,10074572.0,0.004594531841576099,2.9999999242136255e-05
333,0.3547479212284088,0.009358340874314308,0.09859935939311981,0.07034938037395477,20686754.0,0.005002934951335192,0.3529672622680664,0.008246329613029957,0.07414710521697998,0.050305720418691635,10014288.0,0.004591547884047031,2.9999999242136255e-05
334,0.3535310626029968,0.009353660978376865,0.09857648611068726,0.07033710181713104,20681796.0,0.005000745411962271,0.35175764560699463,0.008244466967880726,0.07400838285684586,0.050237786024808884,9951570.0,0.004588983952999115,2.9999999242136255e-05
335,0.35232219099998474,0.009348883293569088,0.09855326265096664,0.07032465934753418,20676614.0,0.004998510703444481,0.3505568504333496,0.008243365213274956,0.07386671751737595,0.05017109215259552,9889041.0,0.00458692479878664,2.9999999242136255e-05
336,0.3511211574077606,0.009344029240310192,0.09852976351976395,0.07031180709600449,20671108.0,0.004996240139007568,0.34936490654945374,0.008243183605372906,0.07372361421585083,0.0501067154109478,9825227.0,0.004585492890328169,2.9999999242136255e-05
337,0.3499280512332916,0.009339125826954842,0.09850621968507767,0.07029849290847778,20665234.0,0.0049939327873289585,0.34818169474601746,0.00824398547410965,0.07358048111200333,0.050051044672727585,9766568.0,0.004584752954542637,2.9999999242136255e-05
338,0.34874269366264343,0.009334174916148186,0.09848258644342422,0.07028498500585556,20659150.0,0.004991607274860144,0.3470076024532318,0.008245953358709812,0.07344059646129608,0.05001389607787132,9719929.0,0.004584835842251778,2.9999999242136255e-05
339,0.3475651144981384,0.009329251013696194,0.09845930337905884,0.0702723041176796,20653526.0,0.004989309702068567,0.3458423912525177,0.008249124512076378,0.07330921292304993,0.049997806549072266,9686308.0,0.004585799295455217,2.9999999242136255e-05
340,0.3463953137397766,0.009324336424469948,0.09843628853559494,0.07025951147079468,20647572.0,0.004987021908164024,0.3446862995624542,0.008253691717982292,0.07319879531860352,0.05000372231006622,9663155.0,0.004587781615555286,2.9999999242136255e-05
341,0.34523317217826843,0.00931947585195303,0.09841378778219223,0.0702483057975769,20642820.0,0.004984785802662373,0.34353920817375183,0.008259746246039867,0.0731385201215744,0.05003068596124649,9658673.0,0.004590828437358141,2.9999999242136255e-05
342,0.3440787196159363,0.00931471399962902,0.09839202463626862,0.07023758441209793,20638340.0,0.004982620943337679,0.34240132570266724,0.008267374709248543,0.07317598164081573,0.05007784068584442,9673428.0,0.004595000762492418,2.9999999242136255e-05
343,0.342931866645813,0.009310057386755943,0.09837105870246887,0.0702270120382309,20634074.0,0.004980512894690037,0.34127262234687805,0.008276710286736488,0.0733184814453125,0.050145119428634644,9703897.0,0.004600433632731438,2.9999999242136255e-05
344,0.34179261326789856,0.009305539540946484,0.09835107624530792,0.07021670788526535,20629874.0,0.004978482145816088,0.34015312790870667,0.008287866599857807,0.07352600246667862,0.05025307834148407,9754891.0,0.0046072062104940414,2.9999999242136255e-05
345,0.3406609892845154,0.00930120050907135,0.09833233803510666,0.0702088326215744,20626052.0,0.004976571071892977,0.3390429615974426,0.00830093678086996,0.07377032935619354,0.05038526654243469,9821929.0,0.004615390207618475,2.9999999242136255e-05
346,0.3395369052886963,0.009297063574194908,0.09831488132476807,0.07020249962806702,20622120.0,0.004974793177098036,0.3379421532154083,0.008316068910062313,0.07404089719057083,0.05053498595952988,9896596.0,0.004625097848474979,2.9999999242136255e-05
347,0.3384203016757965,0.009293152950704098,0.09829895198345184,0.07019787281751633,20618152.0,0.004973170347511768,0.33685070276260376,0.008333372883498669,0.07433277368545532,0.050717663019895554,10000261.0,0.004636228084564209,2.9999999242136255e-05
348,0.33731111884117126,0.00928948912769556,0.09828455746173859,0.0701969787478447,20616840.0,0.004971710033714771,0.33576878905296326,0.008352954871952534,0.07464482635259628,0.05093013867735863,10128513.0,0.004648901522159576,2.9999999242136255e-05
349,0.3362094461917877,0.009286104701459408,0.09827197343111038,0.07019895315170288,20617384.0,0.0049704331904649734,0.3346964418888092,0.008374995552003384,0.07497704029083252,0.05120516195893288,10304090.0,0.004663266707211733,2.9999999242136255e-05
350,0.3351151943206787,0.009283043444156647,0.09826141595840454,0.07020335644483566,20619188.0,0.004969368223100901,0.33363381028175354,0.008399611338973045,0.07532993704080582,0.05152206867933273,10517566.0,0.004679196514189243,2.9999999242136255e-05
351,0.33402833342552185,0.00928031001240015,0.09825287014245987,0.07020913809537888,20621636.0,0.004968515131622553,0.3325810134410858,0.008427061140537262,0.07570412009954453,0.051870815455913544,10758829.0,0.00469685485586524,2.9999999242136255e-05
352,0.3329488933086395,0.009277944453060627,0.09824662655591965,0.07021486759185791,20624154.0,0.004967890214174986,0.33153820037841797,0.00845749769359827,0.07610108703374863,0.05225608870387077,11028859.0,0.0047163465060293674,2.9999999242136255e-05
353,0.3318767845630646,0.00927598774433136,0.09824289381504059,0.07022170722484589,20627338.0,0.004967512562870979,0.3305056095123291,0.008491228334605694,0.07652280479669571,0.05266522616147995,11310266.0,0.00473775714635849,2.9999999242136255e-05
354,0.330812007188797,0.009274468757212162,0.09824186563491821,0.07023174315690994,20632526.0,0.004967407323420048,0.3294834494590759,0.00852846447378397,0.07697045058012009,0.05311189591884613,11617776.0,0.004760971292853355,2.9999999242136255e-05
355,0.32975471019744873,0.009273421950638294,0.09824368357658386,0.07024383544921875,20639188.0,0.004967555403709412,0.3284720182418823,0.008569604717195034,0.07744746655225754,0.05360523611307144,11947583.0,0.0047858902253210545,2.9999999242136255e-05
356,0.32870471477508545,0.009272919036448002,0.09824886173009872,0.07025851309299469,20648354.0,0.004968039225786924,0.3274717330932617,0.00861505139619112,0.0779561996459961,0.05414915829896927,12311178.0,0.004812955856323242,2.9999999242136255e-05
357,0.3276621103286743,0.00927299726754427,0.09825754165649414,0.07027463614940643,20658734.0,0.004968887194991112,0.3264831304550171,0.008665299043059349,0.0784999430179596,0.05475817620754242,12720989.0,0.0048425886780023575,2.9999999242136255e-05
358,0.3266270160675049,0.00927372369915247,0.09827017784118652,0.070295050740242,20671936.0,0.004970147740095854,0.3255065977573395,0.008720937184989452,0.07908361405134201,0.055402226746082306,13157269.0,0.00487498939037323,2.9999999242136255e-05
359,0.3255992829799652,0.009275175631046295,0.09828723967075348,0.07032100111246109,20688592.0,0.004971848335117102,0.3245428800582886,0.00878262147307396,0.0797104611992836,0.05609918013215065,13632348.0,0.00491013377904892,2.9999999242136255e-05
360,0.32457923889160156,0.00927745271474123,0.09830927848815918,0.07035317271947861,20709422.0,0.004974057897925377,0.32359278202056885,0.008851179853081703,0.0803871899843216,0.056848954409360886,14146860.0,0.0049483077600598335,2.9999999242136255e-05
361,0.323566734790802,0.009280655533075333,0.09833692014217377,0.07039092481136322,20734234.0,0.0049767573364079,0.3226572871208191,0.008927657268941402,0.08111985772848129,0.05765148624777794,14697814.0,0.00498995091766119,2.9999999242136255e-05
362,0.32256197929382324,0.009284934028983116,0.09837102890014648,0.07043735682964325,20764078.0,0.004980074241757393,0.3217376470565796,0.009013292379677296,0.08191661536693573,0.058522164821624756,15284960.0,0.005035983864217997,2.9999999242136255e-05
363,0.32156527042388916,0.009290440008044243,0.09841255098581314,0.07049376517534256,20801272.0,0.0049841380678117275,0.3208352327346802,0.00910950917750597,0.08278639614582062,0.059454843401908875,15915592.0,0.005086126737296581,2.9999999242136255e-05
364,0.32057663798332214,0.009297393262386322,0.09846269339323044,0.0705634281039238,20847770.0,0.0049890740774571896,0.3199519217014313,0.009218109771609306,0.08374017477035522,0.06048201024532318,16607985.0,0.005140982568264008,2.9999999242136255e-05
365,0.31959640979766846,0.009306044317781925,0.09852296113967896,0.07064235210418701,20900018.0,0.004994956776499748,0.3190898895263672,0.0093412846326828,0.08479057997465134,0.0615973100066185,17356088.0,0.005201997701078653,2.9999999242136255e-05
366,0.3186247944831848,0.009316698648035526,0.09859509766101837,0.07073067128658295,20956978.0,0.005001972429454327,0.31825190782546997,0.009481754153966904,0.08595368266105652,0.06280005723237991,18164986.0,0.005269849672913551,2.9999999242136255e-05
367,0.31766247749328613,0.009329771623015404,0.09868147224187851,0.07083330303430557,21021112.0,0.005010186228901148,0.3174411952495575,0.009642800316214561,0.08724705874919891,0.06410536915063858,19043330.0,0.005344592034816742,2.9999999242136255e-05
368,0.3167097270488739,0.009345732629299164,0.0987846776843071,0.0709485188126564,21092334.0,0.005019821226596832,0.316662073135376,0.009828563779592514,0.08869344741106033,0.06553492695093155,20009840.0,0.005429180338978767,2.9999999242136255e-05
369,0.31576740741729736,0.009365253150463104,0.09890849143266678,0.07107864320278168,21172310.0,0.005031490232795477,0.31591954827308655,0.010044063441455364,0.09031844884157181,0.06710489094257355,21076602.0,0.0055257766507565975,2.9999999242136255e-05
370,0.314836323261261,0.009389137849211693,0.09905725717544556,0.07123102992773056,21266894.0,0.005045630503445864,0.3152199387550354,0.010295583866536617,0.09215307235717773,0.06883557140827179,22244378.0,0.0056351348757743835,2.9999999242136255e-05
371,0.31391772627830505,0.009418420493602753,0.09923653304576874,0.07141086459159851,21377692.0,0.0050625428557395935,0.31457099318504333,0.010590572841465473,0.09423168748617172,0.07076525688171387,23539646.0,0.005757598672062159,2.9999999242136255e-05
372,0.3130129277706146,0.009454426355659962,0.09945324063301086,0.07162202894687653,21505236.0,0.005082988645881414,0.3139820098876953,0.01093840692192316,0.0965956598520279,0.07293466478586197,24983402.0,0.005897055380046368,2.9999999242136255e-05
373,0.3121238946914673,0.009498897939920425,0.09971635043621063,0.07187078148126602,21654048.0,0.005108051933348179,0.3134639859199524,0.011349817737936974,0.09928831458091736,0.07539985328912735,26588542.0,0.006058647762984037,2.9999999242136255e-05
374,0.3112529218196869,0.009554021060466766,0.10003671050071716,0.07218747586011887,21836830.0,0.005138466600328684,0.31302934885025024,0.011837015859782696,0.1023537889122963,0.07817559689283371,28354464.0,0.006244212854653597,2.9999999242136255e-05
375,0.31040310859680176,0.009622580371797085,0.10042767971754074,0.07257571816444397,22065258.0,0.005175936035811901,0.31269049644470215,0.012412122450768948,0.10582681000232697,0.08129411190748215,30305338.0,0.00645341444760561,2.9999999242136255e-05
376,0.30957815051078796,0.009707939811050892,0.10090476274490356,0.07303760200738907,22333396.0,0.005222030449658632,0.31245726346969604,0.013084599748253822,0.1097186803817749,0.0847305953502655,32433688.0,0.006690867245197296,2.9999999242136255e-05
377,0.3087821304798126,0.009813882410526276,0.10148417204618454,0.07360556721687317,22661452.0,0.005279046483337879,0.31233054399490356,0.013855041936039925,0.11399028450250626,0.08845961838960648,34705692.0,0.006945725064724684,2.9999999242136255e-05
378,0.30801916122436523,0.009944071061909199,0.10217978060245514,0.07431290298700333,23059798.0,0.005348556209355593,0.31229183077812195,0.014704493805766106,0.11850619316101074,0.0923696905374527,37039804.0,0.007214432116597891,2.9999999242136255e-05
379,0.30729156732559204,0.010100413113832474,0.10299503058195114,0.07515957951545715,23529106.0,0.005431476980447769,0.31228670477867126,0.015577866695821285,0.12297650426626205,0.0961264818906784,39269756.0,0.007476197089999914,2.9999999242136255e-05
380,0.30659690499305725,0.010279940441250801,0.10390860587358475,0.07618270069360733,24102478.0,0.005526707973331213,0.3122040331363678,0.01636381819844246,0.12688913941383362,0.09934649616479874,41163252.0,0.007694820873439312,2.9999999242136255e-05
381,0.3059222400188446,0.010469324886798859,0.10485140234231949,0.07728460431098938,24728760.0,0.005628140177577734,0.31186896562576294,0.016886942088603973,0.12949314713478088,0.10134676843881607,42334228.0,0.007812761701643467,2.9999999242136255e-05
382,0.30523785948753357,0.010638433508574963,0.10568057000637054,0.07826679944992065,25283960.0,0.005720656830817461,0.3110698461532593,0.0169354360550642,0.1298946887254715,0.10140659660100937,42349168.0,0.007768603507429361,2.9999999242136255e-05
383,0.30449455976486206,0.010738031938672066,0.1061699241399765,0.07883945852518082,25606522.0,0.005777798127382994,0.30964869260787964,0.016351444646716118,0.12735547125339508,0.09890749305486679,40869936.0,0.007518347818404436,2.9999999242136255e-05
384,0.3036358654499054,0.010711951181292534,0.1060560867190361,0.07877876609563828,25575228.0,0.005769518669694662,0.30762261152267456,0.015152656473219395,0.1217290535569191,0.09364059567451477,37751816.0,0.0070729805156588554,2.9999999242136255e-05
385,0.30262985825538635,0.010529104620218277,0.10516975820064545,0.07795141637325287,25131844.0,0.005675207357853651,0.3052324652671814,0.013580919243395329,0.11375759541988373,0.08622129261493683,33314132.0,0.006518137641251087,2.9999999242136255e-05
386,0.3015027940273285,0.010216759517788887,0.10359684377908707,0.07645995169878006,24336158.0,0.005502611398696899,0.30283331871032715,0.01199253834784031,0.1048794537782669,0.0778564065694809,28167572.0,0.005944559350609779,2.9999999242136255e-05
387,0.30033546686172485,0.00985698215663433,0.10170586407184601,0.07464879751205444,23422234.0,0.005294386297464371,0.30070552229881287,0.010668957605957985,0.0965801253914833,0.06986264139413834,23055780.0,0.005465760827064514,2.9999999242136255e-05
388,0.2992154359817505,0.009538632817566395,0.09995458275079727,0.07295440137386322,22588462.0,0.005103352013975382,0.2989536225795746,0.009715968742966652,0.0897877961397171,0.06309094280004501,18538154.0,0.0051079667173326015,2.9999999242136255e-05
389,0.2981897294521332,0.009309550747275352,0.09863594174385071,0.07167849689722061,21968120.0,0.004961892496794462,0.2975420355796814,0.00909859873354435,0.08474001288414001,0.057728350162506104,14892168.0,0.004868477117270231,2.9999999242136255e-05
390,0.2972574234008789,0.009169530123472214,0.09779343754053116,0.07086439430713654,21573180.0,0.004874012432992458,0.29637888073921204,0.008725491352379322,0.08122029155492783,0.05384451150894165,12212793.0,0.004715814720839262,2.9999999242136255e-05
391,0.2963933050632477,0.00909365527331829,0.09731586277484894,0.07038819044828415,21345142.0,0.0048256223089993,0.29537510871887207,0.008507855236530304,0.07884754240512848,0.051108572632074356,10296205.0,0.004623346962034702,2.9999999242136255e-05
392,0.29557058215141296,0.009055369533598423,0.09706303477287292,0.07016490399837494,21229394.0,0.004801565315574408,0.2944660782814026,0.008381267078220844,0.0772567167878151,0.04925255849957466,8967508.0,0.004568187985569239,2.9999999242136255e-05
393,0.2947707772254944,0.009036272764205933,0.09693050384521484,0.07003148645162582,21155224.0,0.004790362436324358,0.2936115860939026,0.008305549621582031,0.07616956532001495,0.04807159677147865,8064187.0,0.0045349616557359695,2.9999999242136255e-05
394,0.2939835786819458,0.0090261809527874,0.09685732424259186,0.06993985921144485,21099832.0,0.004785517696291208,0.29278895258903503,0.008257944136857986,0.07540254294872284,0.047281764447689056,7447486.0,0.0045139724388718605,2.9999999242136255e-05
395,0.2932041585445404,0.009020195342600346,0.09681269526481628,0.06986928731203079,21049522.0,0.004783711861819029,0.2919856607913971,0.00822613388299942,0.07484354823827744,0.046731024980545044,7007719.5,0.004500048700720072,2.9999999242136255e-05
396,0.29243025183677673,0.009016106836497784,0.096781887114048,0.06981190294027328,21005766.0,0.004783320240676403,0.291195273399353,0.008203625679016113,0.0744258239865303,0.04635237157344818,6702766.0,0.004490178544074297,2.9999999242136255e-05
397,0.291660875082016,0.009012963622808456,0.09675820171833038,0.06976405531167984,20968066.0,0.004783567041158676,0.29041433334350586,0.008186900988221169,0.07410705834627151,0.04609119892120361,6496896.5,0.004482774529606104,2.9999999242136255e-05
398,0.2908957004547119,0.009010356850922108,0.0967385470867157,0.06972169876098633,20934636.0,0.004784045275300741,0.28964078426361084,0.008173939771950245,0.07385915517807007,0.04592136666178703,6370132.5,0.00447692908346653,2.9999999242136255e-05
399,0.290134459733963,0.009008131921291351,0.09672171622514725,0.06968507170677185,20904460.0,0.004784585442394018,0.2888732850551605,0.008163494989275932,0.07366114109754562,0.0458122193813324,6292001.0,0.004472153726965189,2.9999999242136255e-05
400,0.2893771231174469,0.009006223641335964,0.09670717269182205,0.06965332478284836,20877852.0,0.0047851307317614555,0.28811097145080566,0.00815464835613966,0.07349611818790436,0.045735232532024384,6239393.0,0.004468072205781937,2.9999999242136255e-05
401,0.2886236310005188,0.009004626423120499,0.09669478982686996,0.06962534785270691,20853726.0,0.004785680212080479,0.28735318779945374,0.008146817795932293,0.07335250079631805,0.045681025832891464,6205943.0,0.004464436788111925,2.9999999242136255e-05
402,0.2878740429878235,0.00900333747267723,0.09668447077274323,0.06960033625364304,20831428.0,0.004786252975463867,0.28659960627555847,0.008139604702591896,0.07322028279304504,0.04564301669597626,6185093.5,0.004461086355149746,2.9999999242136255e-05
403,0.2871282398700714,0.009002359583973885,0.09667622298002243,0.06957755237817764,20810898.0,0.004786861594766378,0.28584975004196167,0.008132637478411198,0.07309231907129288,0.045622773468494415,6181040.5,0.004457856062799692,2.9999999242136255e-05
404,0.28638628125190735,0.009001688100397587,0.09666997194290161,0.06955678761005402,20792316.0,0.004787521902471781,0.28510355949401855,0.008125829510390759,0.07296343147754669,0.04561452195048332,6187716.5,0.004454722162336111,2.9999999242136255e-05
405,0.2856481671333313,0.009001336060464382,0.09666572511196136,0.06953797489404678,20775656.0,0.004788248799741268,0.2843608856201172,0.008119004778563976,0.07282987982034683,0.04561837390065193,6206683.5,0.004451618995517492,2.9999999242136255e-05
406,0.2849138081073761,0.00900134164839983,0.09666377305984497,0.06952264904975891,20761340.0,0.004789058119058609,0.2836216986179352,0.008112210780382156,0.07268927246332169,0.04564140737056732,6244878.0,0.004448598716408014,2.9999999242136255e-05
407,0.28418341279029846,0.009001702070236206,0.09666401892900467,0.06951040029525757,20748812.0,0.004789961501955986,0.2828860580921173,0.008105456829071045,0.07254189997911453,0.04567897692322731,6294496.0,0.004445698112249374,2.9999999242136255e-05
408,0.28345683217048645,0.00900246761739254,0.09666676819324493,0.06950054317712784,20737340.0,0.0047910031862556934,0.28215405344963074,0.008098836988210678,0.07239256799221039,0.045727021992206573,6353882.0,0.004443001933395863,2.9999999242136255e-05
409,0.282734215259552,0.009003683924674988,0.09667231142520905,0.06949325650930405,20727554.0,0.0047922274097800255,0.2814257740974426,0.008092494681477547,0.07226452976465225,0.04580526426434517,6438018.0,0.004440624732524157,2.9999999242136255e-05
410,0.2820155620574951,0.00900538545101881,0.09668084233999252,0.06948959082365036,20720664.0,0.004793654661625624,0.2807014286518097,0.0080866115167737,0.07222957909107208,0.04591922089457512,6558505.5,0.004438717849552631,2.9999999242136255e-05
411,0.28130096197128296,0.009007650427520275,0.09669283032417297,0.06948837637901306,20715516.0,0.004795311484485865,0.2799812853336334,0.008081430569291115,0.07232563942670822,0.04606936499476433,6714672.5,0.004437487572431564,2.9999999242136255e-05
412,0.28059035539627075,0.009010539390146732,0.09670866280794144,0.06948959827423096,20711440.0,0.004797268658876419,0.27926552295684814,0.008077198639512062,0.0724916160106659,0.04626147076487541,6911249.5,0.004437123890966177,2.9999999242136255e-05
413,0.27988407015800476,0.009014105424284935,0.09672868996858597,0.0694933757185936,20708350.0,0.004799566697329283,0.27855464816093445,0.008074237033724785,0.07269685715436935,0.04648502916097641,7138318.0,0.004437905736267567,2.9999999242136255e-05
414,0.2791820168495178,0.009018461219966412,0.09675353020429611,0.06950154155492783,20706632.0,0.00480227917432785,0.2778488099575043,0.008072902448475361,0.07293374091386795,0.046751897782087326,7387074.5,0.004440104588866234,2.9999999242136255e-05
415,0.2784843444824219,0.009023687802255154,0.09678371995687485,0.06951536238193512,20706326.0,0.004805454518646002,0.277148574590683,0.008073611184954643,0.07320094108581543,0.04706527665257454,7654878.0,0.004444022662937641,2.9999999242136255e-05
416,0.27779123187065125,0.009029890410602093,0.09681989252567291,0.06953457742929459,20708894.0,0.004809173289686441,0.2764543294906616,0.008076759986579418,0.0734984278678894,0.04741333797574043,7943698.0,0.004449944943189621,2.9999999242136255e-05
417,0.2771027386188507,0.009037169627845287,0.09686267375946045,0.06956033408641815,20715578.0,0.004813493229448795,0.27576661109924316,0.008082843385636806,0.07382760941982269,0.04779786244034767,8259315.0,0.004458223003894091,2.9999999242136255e-05
418,0.276419073343277,0.009045667015016079,0.09691285341978073,0.06959328055381775,20724192.0,0.004818505607545376,0.2750858962535858,0.0080923056229949,0.0741882398724556,0.048218123614788055,8597382.0,0.0044691301882267,2.9999999242136255e-05
419,0.275740385055542,0.009055506438016891,0.09697115421295166,0.0696367472410202,20737862.0,0.004824278876185417,0.27441278100013733,0.008105714805424213,0.07458291947841644,0.04868049547076225,8967442.0,0.004483059514313936,2.9999999242136255e-05
420,0.27506688237190247,0.009066842496395111,0.09703852981328964,0.06968706846237183,20755862.0,0.004830821882933378,0.2737477719783783,0.008123551495373249,0.07501178234815598,0.04920237511396408,9379276.0,0.004500296898186207,2.9999999242136255e-05
421,0.27439868450164795,0.009079807437956333,0.0971156656742096,0.06974382698535919,20776638.0,0.004838285036385059,0.27309152483940125,0.008146382868289948,0.07547569274902344,0.04978471249341965,9829327.0,0.004521139431744814,2.9999999242136255e-05
422,0.2737360894680023,0.009094605222344398,0.09720371663570404,0.06980691850185394,20800598.0,0.004846818745136261,0.272444486618042,0.008174615912139416,0.07597426325082779,0.05042034387588501,10313238.0,0.004545769654214382,2.9999999242136255e-05
423,0.27307936549186707,0.009111405350267887,0.0973035991191864,0.06987647712230682,20828812.0,0.004856542218476534,0.27180731296539307,0.008208868093788624,0.07650906592607498,0.051138173788785934,10846070.0,0.00457430025562644,2.9999999242136255e-05
424,0.2724287211894989,0.009130413644015789,0.09741640836000443,0.06995504349470139,20860766.0,0.004867592826485634,0.27118048071861267,0.008249432779848576,0.07707787305116653,0.05190812423825264,11422047.0,0.004606727045029402,2.9999999242136255e-05
425,0.27178457379341125,0.00915184523910284,0.09754328429698944,0.07004671543836594,20898060.0,0.004880057647824287,0.2705642580986023,0.008296702988445759,0.07767986506223679,0.05272338166832924,12022903.0,0.004643348976969719,2.9999999242136255e-05
426,0.2711469829082489,0.009175905026495457,0.09768516570329666,0.07015583664178848,20941414.0,0.004894099198281765,0.26995906233787537,0.008350811898708344,0.07831169664859772,0.05359324440360069,12653272.0,0.00468407990410924,2.9999999242136255e-05
427,0.2705165147781372,0.009202822111546993,0.0978432148694992,0.07028011977672577,20990648.0,0.004909911192953587,0.2693648338317871,0.008411708287894726,0.07896877825260162,0.05449170991778374,13291553.0,0.004728470928966999,2.9999999242136255e-05
428,0.2698932886123657,0.00923279020935297,0.09801821410655975,0.07041789591312408,21045268.0,0.004927612841129303,0.2687814235687256,0.008479073643684387,0.07964427769184113,0.05542771518230438,13933064.0,0.004776290617883205,2.9999999242136255e-05
429,0.2692777216434479,0.009265977889299393,0.09821082651615143,0.07056589424610138,21105376.0,0.004947230219841003,0.26820799708366394,0.008552081882953644,0.08032788336277008,0.05635872855782509,14565291.0,0.004826742224395275,2.9999999242136255e-05
430,0.26866984367370605,0.00930247362703085,0.09842115640640259,0.07071931660175323,21168224.0,0.004968957044184208,0.2676434814929962,0.008629397489130497,0.08100564777851105,0.057273030281066895,15180889.0,0.004878263454884291,2.9999999242136255e-05
431,0.26806995272636414,0.009342275559902191,0.09864871948957443,0.07089399546384811,21242826.0,0.004992802161723375,0.2670857608318329,0.008708806708455086,0.08165763318538666,0.058171991258859634,15770100.0,0.004929574206471443,2.9999999242136255e-05
432,0.26747775077819824,0.00938512571156025,0.09889157861471176,0.07107844203710556,21321514.0,0.005018658470362425,0.2665317952632904,0.00878729484975338,0.0822591781616211,0.05901181697845459,16313437.0,0.004978629294782877,2.9999999242136255e-05
433,0.2668929398059845,0.009430560283362865,0.09914661198854446,0.07127439230680466,21410920.0,0.005046264734119177,0.26597756147384644,0.008860529400408268,0.08277707546949387,0.059760961681604385,16782432.0,0.005022200755774975,2.9999999242136255e-05
434,0.266314834356308,0.009477643296122551,0.09940816462039948,0.07147963345050812,21508334.0,0.0050751036033034325,0.2654174566268921,0.008922897279262543,0.08316979557275772,0.0603717677295208,17154976.0,0.005056883208453655,2.9999999242136255e-05
435,0.2657419443130493,0.00952495913952589,0.09966791421175003,0.07168281078338623,21606126.0,0.005104334093630314,0.26484495401382446,0.008967774920165539,0.08339040726423264,0.06081077456474304,17413786.0,0.005078632850199938,2.9999999242136255e-05
436,0.2651723027229309,0.009570339694619179,0.09991361945867538,0.07187502831220627,21700890.0,0.005132619291543961,0.2642527222633362,0.008987721055746078,0.08338592201471329,0.060991156846284866,17490018.0,0.005082973279058933,2.9999999242136255e-05
437,0.2646030783653259,0.009610925801098347,0.10012953728437424,0.07204300910234451,21785960.0,0.005158387124538422,0.26363348960876465,0.008975489065051079,0.08310476690530777,0.06085290387272835,17343438.0,0.005065806210041046,2.9999999242136255e-05
438,0.26403066515922546,0.00964309275150299,0.10029596090316772,0.07216428965330124,21849198.0,0.0051795379258692265,0.26298192143440247,0.008925613947212696,0.08250512927770615,0.06033121421933174,16928416.0,0.005024325102567673,2.9999999242136255e-05
439,0.26345109939575195,0.009662840515375137,0.1003914475440979,0.07221909612417221,21878840.0,0.005193702410906553,0.26229605078697205,0.0088362917304039,0.08156687766313553,0.05938457325100899,16219410.0,0.004958142526447773,2.9999999242136255e-05
440,0.2628602087497711,0.009666267782449722,0.1003953218460083,0.07219135761260986,21865668.0,0.005198534112423658,0.2615795135498047,0.008711217902600765,0.0803031176328659,0.058007922023534775,15220790.0,0.004870278760790825,2.9999999242136255e-05
441,0.26225516200065613,0.009650461375713348,0.10029228031635284,0.07206660509109497,21800078.0,0.005192210897803307,0.260842502117157,0.008560714311897755,0.07877063751220703,0.056277573108673096,13968731.0,0.004767643753439188,2.9999999242136255e-05
442,0.26163479685783386,0.009614485315978527,0.10007781535387039,0.07183815538883209,21681030.0,0.005173900630325079,0.2601006031036377,0.008400709368288517,0.0770675465464592,0.054221492260694504,12471794.0,0.0046599507331848145,2.9999999242136255e-05
443,0.26100051403045654,0.009560099802911282,0.09976226091384888,0.07152965664863586,21520966.0,0.005144487135112286,0.2593722641468048,0.008249839767813683,0.0753195509314537,0.052023280411958694,10820135.0,0.0045584095641970634,2.9999999242136255e-05
444,0.26035651564598083,0.009491764940321445,0.09937111288309097,0.07115701586008072,21326560.0,0.0051066153682768345,0.25867435336112976,0.008125386200845242,0.07366291433572769,0.04984630271792412,9111876.0,0.004473709501326084,2.9999999242136255e-05
445,0.259708970785141,0.00941594410687685,0.0989413857460022,0.07075660675764084,21113662.0,0.005064029712229967,0.2580186128616333,0.008039314299821854,0.07229410111904144,0.047928981482982635,7540778.5,0.004413496237248182,2.9999999242136255e-05
446,0.2590644061565399,0.009339550510048866,0.09851274639368057,0.07038133591413498,20917028.0,0.00502075394615531,0.25740960240364075,0.007996613159775734,0.0725160464644432,0.04669342562556267,6565338.5,0.0043805805034935474,2.9999999242136255e-05
447,0.2584286630153656,0.00926864892244339,0.09811992198228836,0.07005297392606735,20753238.0,0.004980412311851978,0.25684526562690735,0.007995367050170898,0.07346511632204056,0.04633568972349167,6301692.0,0.004375168588012457,2.9999999242136255e-05
448,0.25780537724494934,0.009207164868712425,0.09778491407632828,0.06978382170200348,20625306.0,0.004945003427565098,0.25631898641586304,0.008029233664274216,0.07450980693101883,0.0468650758266449,6689019.0,0.004392846021801233,2.9999999242136255e-05
449,0.2571961283683777,0.009156927466392517,0.0975172147154808,0.06959809362888336,20531998.0,0.004916021134704351,0.2558220326900482,0.008089751936495304,0.0755876898765564,0.04806257784366608,7614060.5,0.004427711013704538,2.9999999242136255e-05
450,0.2566007971763611,0.00911783892661333,0.09731513261795044,0.0694560781121254,20466650.0,0.004893499426543713,0.2553459107875824,0.008168533444404602,0.07666147500276566,0.049509696662425995,8723433.0,0.0044732894748449326,2.9999999242136255e-05
451,0.2560177743434906,0.00908865686506033,0.09717036038637161,0.06936466693878174,20428994.0,0.00487660663202405,0.25488346815109253,0.008258438669145107,0.07770656794309616,0.05099746584892273,9827551.0,0.004525614436715841,2.9999999242136255e-05
452,0.2554454505443573,0.009067649021744728,0.0970720499753952,0.06932396441698074,20421460.0,0.004864542745053768,0.25442904233932495,0.008354042656719685,0.07870771735906601,0.052430808544158936,10868804.0,0.0045799328945577145,2.9999999242136255e-05
453,0.25488194823265076,0.009053055197000504,0.09700948745012283,0.06932120025157928,20431096.0,0.004856246989220381,0.2539788782596588,0.008451462723314762,0.07965652644634247,0.05377501994371414,11815853.0,0.004634281154721975,2.9999999242136255e-05
454,0.25432559847831726,0.009043293073773384,0.09697329252958298,0.06933920085430145,20448578.0,0.004850815981626511,0.25353044271469116,0.008548327721655369,0.08055059611797333,0.054981689900159836,12667955.0,0.004687895532697439,2.9999999242136255e-05
455,0.25377514958381653,0.009037131443619728,0.09695618599653244,0.06936661899089813,20472972.0,0.004847324453294277,0.2530822455883026,0.008643094450235367,0.08139018714427948,0.05607082322239876,13436481.0,0.004739074502140284,2.9999999242136255e-05
456,0.25322967767715454,0.009033593349158764,0.09695258736610413,0.06940364837646484,20505764.0,0.004845354240387678,0.2526334822177887,0.008735028095543385,0.08217833936214447,0.05707598477602005,14134418.0,0.004787903744727373,2.9999999242136255e-05
457,0.2526884377002716,0.009031977504491806,0.09695854783058167,0.06944466382265091,20540624.0,0.00484450114890933,0.2521839141845703,0.008823823183774948,0.08291928470134735,0.05798874422907829,14769156.0,0.004834161140024662,2.9999999242136255e-05
458,0.2521508038043976,0.009031765162944794,0.09697119146585464,0.06948908418416977,20576608.0,0.0048444620333611965,0.2517335116863251,0.008909502066671848,0.08361842483282089,0.05883528292179108,15350104.0,0.0048779151402413845,2.9999999242136255e-05
459,0.25161659717559814,0.00903259590268135,0.09698858857154846,0.06953832507133484,20613686.0,0.004845041316002607,0.2512824535369873,0.008992250077426434,0.08428075164556503,0.059608109295368195,15885285.0,0.004919747356325388,2.9999999242136255e-05
460,0.25108543038368225,0.009034205228090286,0.0970093384385109,0.0695914477109909,20654528.0,0.00484600942581892,0.25083109736442566,0.009072425775229931,0.08491165190935135,0.06031840294599533,16381614.0,0.0049596321769058704,2.9999999242136255e-05
461,0.25055715441703796,0.009036421775817871,0.09703262895345688,0.0696469098329544,20695848.0,0.004847257863730192,0.2503798305988312,0.009150391444563866,0.08551691472530365,0.06097596883773804,16845086.0,0.00499729486182332,2.9999999242136255e-05
462,0.25003165006637573,0.009039110504090786,0.0970577746629715,0.06970067322254181,20735088.0,0.004848785232752562,0.24992910027503967,0.009226505644619465,0.08610105514526367,0.061589013785123825,17280724.0,0.005033175926655531,2.9999999242136255e-05
463,0.2495088428258896,0.009042192250490189,0.09708444029092789,0.06975392252206802,20775130.0,0.004850493744015694,0.24947914481163025,0.009301180951297283,0.08666874468326569,0.06216885894536972,17693140.0,0.005067846272140741,2.9999999242136255e-05
464,0.24898868799209595,0.009045596234500408,0.09711231291294098,0.0698072537779808,20815798.0,0.004852391313761473,0.2490307092666626,0.009375049732625484,0.08722591400146484,0.06272940337657928,18088980.0,0.005101596470922232,2.9999999242136255e-05
465,0.24847115576267242,0.009049337357282639,0.0971415713429451,0.06985877454280853,20855268.0,0.004854477476328611,0.2485840916633606,0.009448409080505371,0.08777527511119843,0.06327378004789352,18472126.0,0.005134559236466885,2.9999999242136255e-05
466,0.2479562759399414,0.009053374640643597,0.0971720740199089,0.06990936398506165,20894468.0,0.004856746178120375,0.24813975393772125,0.009521758183836937,0.08832216262817383,0.06380808353424072,18846738.0,0.005166694521903992,2.9999999242136255e-05
467,0.24744395911693573,0.009057720191776752,0.09720392525196075,0.06995822489261627,20932776.0,0.004859160631895065,0.24769827723503113,0.009595573879778385,0.08886970579624176,0.0643327534198761,19214102.0,0.0051980093121528625,2.9999999242136255e-05
468,0.24693438410758972,0.009062402881681919,0.09723738580942154,0.07000847160816193,20971778.0,0.0048617227002978325,0.24726001918315887,0.00967034138739109,0.0894223004579544,0.06485138088464737,19576954.0,0.005229118745774031,2.9999999242136255e-05
469,0.24642743170261383,0.009067442268133163,0.097272589802742,0.07005975395441055,21011778.0,0.0048644947819411755,0.24682553112506866,0.009746539406478405,0.08998332917690277,0.06536855548620224,19941054.0,0.005260210018604994,2.9999999242136255e-05
470,0.24592328071594238,0.009072871878743172,0.09730978310108185,0.07011114060878754,21052532.0,0.004867498762905598,0.24639537930488586,0.009824690409004688,0.09055644273757935,0.06588899344205856,20308628.0,0.005291388835757971,2.9999999242136255e-05
471,0.245421901345253,0.00907876156270504,0.09734944254159927,0.07016374170780182,21094482.0,0.004870776552706957,0.24597012996673584,0.009905382990837097,0.09114567190408707,0.06642547994852066,20680846.0,0.005322728771716356,2.9999999242136255e-05
472,0.24492335319519043,0.009085148572921753,0.09739173203706741,0.07022004574537277,21138044.0,0.004874326754361391,0.2455502599477768,0.009989120066165924,0.0917542427778244,0.06697917729616165,21061184.0,0.005354654043912888,2.9999999242136255e-05
473,0.2444278448820114,0.009092112071812153,0.09743721038103104,0.07027947157621384,21181944.0,0.004878213629126549,0.2451363354921341,0.010076428763568401,0.0923849493265152,0.06755321472883224,21452262.0,0.005387372802942991,2.9999999242136255e-05
474,0.24393528699874878,0.009099717251956463,0.0974862277507782,0.0703406035900116,21227012.0,0.00488243205472827,0.24472899734973907,0.01016790047287941,0.09304191917181015,0.06814505159854889,21854442.0,0.005421051289886236,2.9999999242136255e-05
475,0.24344584345817566,0.009108043275773525,0.0975392609834671,0.0704033300280571,21273028.0,0.004887042101472616,0.24432873725891113,0.010264042764902115,0.09372718632221222,0.06876147538423538,22271684.0,0.005455877631902695,2.9999999242136255e-05
476,0.242959663271904,0.00911716464906931,0.09759676456451416,0.07047033309936523,21322214.0,0.00489210756495595,0.24393613636493683,0.010365414433181286,0.09444435685873032,0.06939858198165894,22702074.0,0.005491869989782572,2.9999999242136255e-05
477,0.24247676134109497,0.009127181023359299,0.09765926748514175,0.07054074108600616,21373168.0,0.004897671286016703,0.2435518205165863,0.010472645983099937,0.09519640356302261,0.07006485015153885,23151112.0,0.005528043955564499,2.9999999242136255e-05
478,0.24199731647968292,0.009138181805610657,0.09772729873657227,0.07061825692653656,21427572.0,0.00490378774702549,0.2431761473417282,0.01058605033904314,0.09598435461521149,0.0707632526755333,23620806.0,0.0055652703158557415,2.9999999242136255e-05
479,0.2415214478969574,0.009150255471467972,0.09780130535364151,0.07070227712392807,21485396.0,0.004910491406917572,0.2428097277879715,0.01070625800639391,0.09681130945682526,0.07149346172809601,24110708.0,0.005604121368378401,2.9999999242136255e-05
480,0.24104921519756317,0.009163514710962772,0.09788195043802261,0.07079198956489563,21546390.0,0.004917836748063564,0.24245283007621765,0.010833417996764183,0.09767664968967438,0.0722491443157196,24616876.0,0.005644579883664846,2.9999999242136255e-05
481,0.24058081209659576,0.00917803030461073,0.09796955436468124,0.07088641077280045,21611148.0,0.004925865214318037,0.24210569262504578,0.010967801325023174,0.09858137369155884,0.0730540007352829,25141680.0,0.005686583463102579,2.9999999242136255e-05
482,0.24011626839637756,0.00919388048350811,0.09806446731090546,0.07098844647407532,21680610.0,0.004934609867632389,0.2417682260274887,0.011109289713203907,0.09952279925346375,0.07388662546873093,25683606.0,0.00573003850877285,2.9999999242136255e-05
483,0.2396557480096817,0.009211105294525623,0.09816691279411316,0.07110178470611572,21756392.0,0.0049441056326031685,0.2414403110742569,0.011257692240178585,0.10049907863140106,0.07474048435688019,26241646.0,0.005774474237114191,2.9999999242136255e-05
484,0.23919923603534698,0.009229751303792,0.0982770249247551,0.0712205246090889,21835502.0,0.0049543604254722595,0.24112126231193542,0.011412319727241993,0.10150445997714996,0.07562287151813507,26817004.0,0.005819414276629686,2.9999999242136255e-05
485,0.23874680697917938,0.009249783121049404,0.09839453548192978,0.07134774327278137,21918658.0,0.00496534863486886,0.24080994725227356,0.011572002433240414,0.10253062099218369,0.07651413232088089,27396594.0,0.005864674225449562,2.9999999242136255e-05
486,0.23829834163188934,0.009271111339330673,0.09851878136396408,0.07148793339729309,22008372.0,0.004977007862180471,0.24050459265708923,0.011734879575669765,0.10356564819812775,0.07739797234535217,27973482.0,0.0059094782918691635,2.9999999242136255e-05
487,0.2378537952899933,0.009293539449572563,0.0986485704779625,0.07163581997156143,22102016.0,0.004989198874682188,0.24020268023014069,0.011898409575223923,0.10459406673908234,0.07826638221740723,28538810.0,0.005952862557023764,2.9999999242136255e-05
488,0.23741284012794495,0.009316789917647839,0.0987822413444519,0.07178869098424911,22198858.0,0.005001737270504236,0.23990076780319214,0.012059157714247704,0.10559538751840591,0.07910579442977905,29086684.0,0.005993576254695654,2.9999999242136255e-05
489,0.2369750738143921,0.009340380318462849,0.09891697019338608,0.07194247841835022,22295428.0,0.0050142621621489525,0.23959437012672424,0.012212523259222507,0.10654361546039581,0.07989638298749924,29603228.0,0.006030030082911253,2.9999999242136255e-05
490,0.23653988540172577,0.009363668970763683,0.09904908388853073,0.07209886610507965,22393604.0,0.0050263963639736176,0.23927786946296692,0.01235289592295885,0.10740727186203003,0.08059496432542801,30064780.0,0.006060395855456591,2.9999999242136255e-05
491,0.23610641062259674,0.0093857916072011,0.09917376935482025,0.07225299626588821,22489308.0,0.005037772003561258,0.2389446645975113,0.01247363816946745,0.1081501692533493,0.08118180930614471,30453472.0,0.006082596257328987,2.9999999242136255e-05
492,0.23567362129688263,0.009405642747879028,0.0992848351597786,0.0723937451839447,22577134.0,0.00504777766764164,0.23858734965324402,0.01256731990724802,0.1087319478392601,0.08161487430334091,30748210.0,0.00609443848952651,2.9999999242136255e-05
493,0.23524022102355957,0.009421929717063904,0.09937518835067749,0.0725175216794014,22653648.0,0.005055694375187159,0.23819802701473236,0.012626095674932003,0.10910986363887787,0.08185470104217529,30926706.0,0.006093771196901798,2.9999999242136255e-05
494,0.23480474948883057,0.009433183819055557,0.0994366854429245,0.07261928170919418,22716042.0,0.0050607165321707726,0.23776918649673462,0.01264237891882658,0.1092422604560852,0.08187498152256012,30977424.0,0.006078639999032021,2.9999999242136255e-05
495,0.2343655377626419,0.00943783763796091,0.09946072101593018,0.072685107588768,22756950.0,0.005061980802565813,0.23729407787322998,0.012609503231942654,0.10909084230661392,0.08163303136825562,30868278.0,0.006047561764717102,2.9999999242136255e-05
496,0.23392121493816376,0.009434430859982967,0.09943914413452148,0.07270553708076477,22773126.0,0.005058688577264547,0.23676817119121552,0.01252297405153513,0.1086270660161972,0.08110801875591278,30583702.0,0.005999877583235502,2.9999999242136255e-05
497,0.23347043991088867,0.009421788156032562,0.099365234375,0.07267411798238754,22762292.0,0.005050082691013813,0.23618999123573303,0.012381372973322868,0.10783712565898895,0.08029399067163467,30113084.0,0.005935887806117535,2.9999999242136255e-05
498,0.23301251232624054,0.009399236179888248,0.09923485666513443,0.07258464395999908,22719802.0,0.0050358520820736885,0.23556135594844818,0.012186684645712376,0.10672261565923691,0.07920169085264206,29462874.0,0.005857005715370178,2.9999999242136255e-05
499,0.23254728317260742,0.009366806596517563,0.09904761612415314,0.07243678718805313,22645962.0,0.00501603540033102,0.2348879724740982,0.011944680474698544,0.10530422627925873,0.0778433084487915,28642862.0,0.0057656425051391125,2.9999999242136255e-05
500,0.23207546770572662,0.009325282648205757,0.09880714118480682,0.07223286479711533,22543794.0,0.004991087596863508,0.23417861759662628,0.011664343066513538,0.10362090170383453,0.07624226063489914,27665134.0,0.0056642708368599415,2.9999999242136255e-05
