TIME_SIN,TIME_COS,IRRADIATION,AMBIENT_TEMPERATURE,MODULE_TEMPERATURE,residual,is_overestimate
0.25881904510252074,0.9659258262890683,0.0,0.30997778436064993,0.10401123674316243,-0.017493143677711487,True
0.3214394653031616,0.9469301294951057,0.0,0.30540479188849834,0.10896605973018397,-0.018114810809493065,True
0.3826834323650898,0.9238795325112867,0.0,0.30439592016186157,0.10679277247162494,-0.018596947193145752,True
0.4422886902190013,0.8968727415326883,0.0,0.30034264233463315,0.10351204137393571,-0.019318142905831337,True
0.49999999999999994,0.8660254037844387,0.0,0.2993303161410539,0.09545540434202332,-0.020333649590611458,True
0.5555702330196022,0.8314696123025452,0.0,0.2896880393199157,0.09260903358595612,-0.021702364087104797,True
0.6087614290087207,0.7933533402912352,0.0,0.29156974977721584,0.09094690762690077,-0.023542379960417747,True
0.6593458151000688,0.7518398074789774,0.0,0.29362174719180323,0.09108258703373423,-0.02568305842578411,True
0.7071067811865476,0.7071067811865476,0.0,0.2952897433234578,0.0914619509745433,-0.028272124007344246,True
0.7518398074789773,0.659345815100069,0.0,0.28599444103695815,0.09337927299010157,-0.031165871769189835,True
0.7933533402912352,0.6087614290087207,0.0,0.28159676093459907,0.09782424269870499,-0.03485243767499924,True
0.8314696123025452,0.5555702330196023,0.0,0.27736438541921515,0.09365142716605618,-0.0388336144387722,True
0.8660254037844386,0.5000000000000001,0.0,0.26069191722563057,0.09404739919948829,-0.043145373463630676,True
0.8968727415326884,0.44228869021900125,0.0,0.25688100533099867,0.09721676386147754,-0.04755378141999245,True
0.9238795325112867,0.38268343236508984,0.0,0.24889511752743476,0.09772453310330625,-0.052737943828105927,True
0.9469301294951057,0.3214394653031615,0.0,0.235127333503653,0.08996563647484684,-0.05857124924659729,True
0.9659258262890683,0.25881904510252074,0.0,0.22891364209561305,0.08279896197812403,-0.064466692507267,True
0.9807852804032304,0.19509032201612833,0.0,0.2275025919829794,0.07832745187746265,-0.07195664197206497,True
0.9914448613738104,0.1305261922200517,0.0,0.21791369750282796,0.07708182633999133,-0.0806131437420845,True
0.9978589232386035,0.06540312923014305,0.0025829470449353228,0.20828095500036792,0.07594297437856928,-0.0910598412156105,True
1.0,6.123233995736766e-17,0.01179684995177664,0.20836389516610154,0.08220915583958704,-0.09162241160233589,True
0.9978589232386035,-0.06540312923014292,0.019146631668844658,0.20952207471901718,0.08822499848914761,-0.09656324807150474,True
0.9914448613738105,-0.13052619222005138,0.03862095962378331,0.21075085330157628,0.0923805560457795,-0.08695122923338028,True
0.9807852804032305,-0.19509032201612797,0.09419282563558733,0.22511121134081558,0.11821093061566151,-0.03163693634688555,True
0.9659258262890683,-0.25881904510252085,0.181522249304982,0.2593756297658316,0.18135504627910287,0.04787095134928682,False
0.9469301294951057,-0.3214394653031616,0.2891107053737624,0.28150457879680335,0.22558108043519792,0.04264904219375926,False
0.9238795325112867,-0.3826834323650897,0.3484939907058194,0.30055256648942796,0.25752570263725955,0.035687845065169865,False
0.8968727415326884,-0.44228869021900113,0.40799100570725927,0.33871468039698294,0.30895369424729296,0.048313161836172736,False
0.8660254037844387,-0.4999999999999998,0.414125989828838,0.3693454715497395,0.3329837615811693,0.0285292930862327,False
0.8314696123025451,-0.5555702330196023,0.46353385785531503,0.38439663985507866,0.35629672306798615,0.06395195181093283,False
0.7933533402912352,-0.6087614290087207,0.5195934864519867,0.4157971759318073,0.3957795566010189,0.09672382301227478,False
0.7518398074789774,-0.6593458151000688,0.5691839359820678,0.4592642417976214,0.44150413024854235,0.11353623055505435,False
0.7071067811865476,-0.7071067811865475,0.5954002665747745,0.4731366385467093,0.45732157710881244,0.10239748676260929,False
0.6593458151000686,-0.7518398074789776,0.6392965504547834,0.501611686984476,0.5003199357506902,0.12766954143517661,False
0.6087614290087204,-0.7933533402912353,0.6886658422605698,0.531615719823815,0.5149805061640931,0.08905841094584488,False
0.5555702330196022,-0.8314696123025453,0.7278583086624556,0.571993560628095,0.5489313238816831,0.022952628719494772,False
0.49999999999999994,-0.8660254037844387,0.7536599287334844,0.6003375832698119,0.5578086698932825,-0.02065857240631519,True
0.4422886902190013,-0.8968727415326883,0.7961966570646373,0.6302393576865404,0.5796399457759287,-0.08574333779073984,True
0.3826834323650899,-0.9238795325112867,0.8264325956812113,0.6651451405383759,0.6127810720922595,-0.08791745733171674,True
0.32143946530316175,-0.9469301294951056,0.8585564815193256,0.6716330617696686,0.6466228295703209,-0.08664685160789598,True
0.258819045102521,-0.9659258262890682,0.8717962400140611,0.6864136321810996,0.6759824759262554,-0.12695789696393767,True
0.19509032201612816,-0.9807852804032304,0.8832160039205057,0.729712472640581,0.7467879927822729,-0.13670291505909138,True
0.13052619222005157,-0.9914448613738104,0.8991286315142727,0.7516245265088435,0.7724431523889383,-0.12267877841554353,True
0.06540312923014312,-0.9978589232386035,0.8676501456072576,0.7790418389859812,0.7618727644801659,-0.14037347137592582,True
1.2246467991473532e-16,-1.0,0.8618032928662391,0.7798411627201327,0.8027270092029117,-0.12806661957807441,True
-0.06540312923014287,-0.9978589232386035,0.8893500388686493,0.8462619713017074,0.8048908937260313,-0.08213287377246903,True
-0.13052619222005132,-0.9914448613738105,0.8702831165638232,0.8237164537385384,0.8329165121591702,-0.09360674156401372,True
-0.19509032201612792,-0.9807852804032305,0.8910817935308332,0.8251742400488293,0.8079295370625146,-0.10307701308874684,True
-0.25881904510252035,-0.9659258262890684,0.843162398031076,0.8507035173868791,0.8652908303059585,-0.07647711893812192,True
-0.3214394653031611,-0.9469301294951058,0.8229657436101567,0.8770742584688092,0.7891681302508939,-0.06254436583189626,True
-0.3826834323650892,-0.923879532511287,0.8149814162409096,0.8744003211978699,0.7954041463943198,-0.0008569982871559079,True
-0.44228869021900147,-0.8968727415326883,0.7881814945932133,0.8592453484800069,0.7055187140275161,-0.024479236152758044,True
-0.5000000000000001,-0.8660254037844386,0.7626231188095485,0.8717671333523829,0.7449701042397521,0.000533628933160224,False
-0.5555702330196023,-0.8314696123025452,0.7518694128982607,0.8997322660820231,0.7175593741523563,0.017289659024625648,False
-0.6087614290087207,-0.7933533402912352,0.6198462591083227,0.8951068939062365,0.6705467346419114,-0.0014608946512483234,True
-0.6593458151000688,-0.7518398074789774,0.624925154990307,0.8922631633083278,0.6275659360139312,0.07637588407572238,False
-0.7071067811865475,-0.7071067811865477,0.5950376159679508,0.8867246646559479,0.6453393285817586,0.1767867140413626,False
-0.7518398074789773,-0.6593458151000691,0.55074318280889,0.8851367711822087,0.6042438618075312,0.1599245489176757,False
-0.7933533402912349,-0.6087614290087209,0.40830947711007065,0.8598914696049593,0.5414304286925911,0.02466145233125283,False
-0.8314696123025448,-0.555570233019603,0.4601656725271153,0.866995499578118,0.5328795522906149,0.14222555725164743,False
-0.8660254037844385,-0.5000000000000004,0.4099722517377948,0.8669364247021234,0.5342284063940816,0.12237604828451476,False
-0.8968727415326883,-0.44228869021900136,0.297737007149087,0.8584325081734436,0.46757815943367004,0.030017045101039308,False
-0.9238795325112868,-0.3826834323650895,0.2656419642201475,0.8396724069054076,0.43776925781920567,0.037292711810290646,False
-0.9469301294951056,-0.3214394653031618,0.2732647387971481,0.8413485025319063,0.44024353535676003,0.09569193901765133,False
-0.9659258262890683,-0.25881904510252063,0.1854818186412164,0.8257165027537039,0.408763951200045,0.008422221675420671,False
-0.9807852804032303,-0.19509032201612866,0.12195367559790954,0.8051290707761023,0.3637878354025657,-0.03447786349091406,True
-0.9914448613738104,-0.13052619222005163,0.06080620874515145,0.7822244547697939,0.3324035829031787,-0.07158735998072131,True
-0.9978589232386035,-0.06540312923014362,0.025624334801207932,0.756021465630061,0.29631769968679794,-0.08463420134013516,True
-1.0,-1.8369701987210297e-16,0.01628666055894156,0.7360705452136667,0.27782308584776466,-0.07727287653193723,True
-0.9978589232386036,0.06540312923014237,0.009530513343010822,0.7151005160865596,0.2632798154457478,-0.07271069825481118,True
-0.9914448613738104,0.13052619222005213,0.0024435752892767587,0.6910077329738593,0.2466743958271886,-0.07338264025546656,True
-0.9807852804032304,0.1950903220161283,0.0,0.6662109136677428,0.23282505409738258,-0.06694623827934265,True
-0.9659258262890682,0.25881904510252113,0.0,0.6380526603803351,0.2178890514860719,-0.05940994247794151,True
-0.9469301294951057,0.3214394653031615,0.0,0.612091174186655,0.2006681011986175,-0.05289582908153534,True
-0.9238795325112866,0.38268343236509,0.0,0.5944774328203026,0.1964540788250499,-0.04729277268052101,True
-0.8968727415326884,0.442288690219001,0.0,0.5791333664790999,0.1867835578895492,-0.04236332327127457,True
-0.8660254037844386,0.5000000000000001,0.0,0.575951807529252,0.1752279903569171,-0.03811803087592125,True
-0.8314696123025455,0.5555702330196018,0.0,0.5403342925648691,0.15496861523637856,-0.03484291955828667,True
-0.7933533402912352,0.6087614290087205,0.0,0.5267948213908094,0.15548394986404873,-0.03220110759139061,True
-0.7518398074789777,0.6593458151000684,0.00010960132805730362,0.5540262980912773,0.19636410527262943,-0.030058059841394424,True
-0.7071067811865477,0.7071067811865474,0.0,0.4970210914522286,0.19201915925651175,-0.028294267132878304,True
-0.6593458151000687,0.7518398074789775,0.0,0.4406539547791053,0.16986459412273652,-0.02611333690583706,True
-0.608761429008721,0.7933533402912349,0.0,0.4103635520120501,0.15416598693580724,-0.02400178648531437,True
-0.5555702330196022,0.8314696123025452,0.0,0.403424838725577,0.14589564336701405,-0.021714504808187485,True
-0.5000000000000004,0.8660254037844384,0.0,0.40503157699205805,0.14368190333354952,-0.01919427514076233,True
-0.4422886902190014,0.8968727415326883,0.0,0.40471943852817494,0.14257970600519082,-0.017749039456248283,True
-0.38268343236508956,0.9238795325112868,0.0,0.39949536127749674,0.14197416727488882,-0.017125265672802925,True
-0.32143946530316186,0.9469301294951056,0.0,0.39492527418496914,0.14070724788091932,-0.016926907002925873,True
-0.2588190451025207,0.9659258262890683,0.0,0.37101901583464203,0.1350994127457567,-0.016839031130075455,True
-0.19509032201612872,0.9807852804032303,0.0,0.35024716679451795,0.11947970401891045,-0.016674989834427834,True
-0.13052619222005168,0.9914448613738104,0.0,0.3294753177543934,0.1038599952920643,-0.016426144167780876,True
-0.06540312923014367,0.9978589232386035,0.0,0.31873274250239647,0.09810824434461402,-0.016164492815732956,True
0.0,1.0,0.0,0.30623083631769377,0.08988713433848722,-0.015871310606598854,True
0.06540312923014306,0.9978589232386035,0.0,0.3149760494041609,0.09195477045672223,-0.015850692987442017,True
0.13052619222005157,0.9914448613738104,0.0,0.31199978785680904,0.09539031744680221,-0.01600578986108303,True
0.19509032201612825,0.9807852804032304,0.0,0.31438738015568224,0.09953061717010386,-0.016370752826333046,True
0.25881904510252074,0.9659258262890683,0.0,0.3014416853786619,0.0924867145651252,-0.0169559083878994,True
0.3214394653031616,0.9469301294951057,0.0,0.2878767695877309,0.08307160105067452,-0.017771072685718536,True
0.3826834323650898,0.9238795325112867,0.0,0.2774782134324032,0.0791396048440714,-0.01851058192551136,True
0.4422886902190013,0.8968727415326883,0.0,0.27480280944985314,0.07998723096376409,-0.019411617890000343,True
0.49999999999999994,0.8660254037844387,0.0,0.26263813198827846,0.07582579146418361,-0.020378751680254936,True
0.5555702330196022,0.8314696123025452,0.0,0.24525062146642407,0.06614626518932915,-0.021573280915617943,True
0.6087614290087207,0.7933533402912352,0.0,0.23303517280629027,0.05813443459086165,-0.022960932925343513,True
0.6593458151000688,0.7518398074789774,0.0,0.21647057402332592,0.052393308766764346,-0.024610599502921104,True
0.7071067811865476,0.7071067811865476,0.0,0.20815123843065297,0.04525498490636898,-0.02635829523205757,True
0.7518398074789773,0.659345815100069,0.0,0.18890616689534223,0.039743763227795104,-0.028451450169086456,True
0.7933533402912352,0.6087614290087207,0.0,0.1860776827501287,0.03616365163741264,-0.030902253463864326,True
0.8314696123025452,0.5555702330196023,0.0,0.19196732523221627,0.03485679601900066,-0.03363436833024025,True
0.8660254037844386,0.5000000000000001,0.0,0.17559481556984058,0.03407008116110827,-0.03722071275115013,True
0.8968727415326884,0.44228869021900125,0.0,0.15814563988895824,0.03280636160874939,-0.04129946976900101,True
0.9238795325112867,0.38268343236508984,0.0,0.16362101744700452,0.035277180546101294,-0.04641830176115036,True
0.9469301294951057,0.3214394653031615,0.0,0.15944839224866647,0.031956788515943524,-0.051856741309165955,True
0.9659258262890683,0.25881904510252074,0.0,0.14329316002418402,0.025971076803463222,-0.05708492174744606,True
0.9807852804032304,0.19509032201612833,0.0,0.14615663810354507,0.022103740747382195,-0.06366695463657379,True
0.9914448613738104,0.1305261922200517,0.0,0.14889550493419157,0.01886274727524323,-0.07229243963956833,True
0.9978589232386035,0.06540312923014305,0.0013393525080021068,0.15408583527698916,0.027021238123630387,-0.08174561709165573,True
1.0,6.123233995736766e-17,0.011866663336640597,0.17008480555645566,0.042131657857101656,-0.0817791514204744,True
0.9978589232386035,-0.06540312923014292,0.03201795517872737,0.16585058527657193,0.05214045455111671,-0.07219983184987855,True
0.9914448613738105,-0.13052619222005138,0.05544909995167198,0.1998306198907016,0.07872129358331287,-0.06126293405020275,True
0.9807852804032305,-0.19509032201612797,0.07968658604272806,0.24188496619912536,0.11200862475030665,-0.05236630650297987,True
0.9659258262890683,-0.25881904510252085,0.11568956099250256,0.2757298613051753,0.15433914766961981,-0.04943043260097915,True
0.9469301294951057,-0.3214394653031616,0.18000817353253087,0.30835244367372616,0.1696635835628833,-0.023232323846639646,True
0.9238795325112867,-0.3826834323650897,0.28683422724906626,0.3435790416782234,0.18741646323485867,0.017112456067327697,False
0.8968727415326884,-0.44228869021900113,0.2783898050823467,0.3740898873435221,0.302220773810327,-0.052964634808823685,True
0.8660254037844387,-0.4999999999999998,0.4008680479269395,0.3965598030884776,0.3741474389940513,0.0036364652606747927,False
0.8314696123025451,-0.5555702330196023,0.4459176360501819,0.4479791432978826,0.4751951398147391,0.009058872104985127,False
0.7933533402912352,-0.6087614290087207,0.5005332769020467,0.47407949892402423,0.5428198033900562,0.04296838258362823,False
0.7518398074789774,-0.6593458151000688,0.5269192064306101,0.5093874093052679,0.5852379720755494,0.07245273670133412,False
0.7071067811865476,-0.7071067811865475,0.5974913860156996,0.520796224242424,0.6159210892317954,0.14340954779357884,False
0.6593458151000686,-0.7518398074789776,0.6421479597109652,0.558625679461763,0.6642663330342107,0.17032531505932846,False
0.6087614290087204,-0.7933533402912353,0.685005624404426,0.5918432350272238,0.7339842351787971,0.1927578004102285,False
0.5555702330196022,-0.8314696123025453,0.7197492146869207,0.61257310370881,0.7763413127182963,0.16633507970719208,False
0.49999999999999994,-0.8660254037844387,0.7472517629169445,0.6294412368021143,0.7897326439083348,0.03471117367959253,False
0.4422886902190013,-0.8968727415326883,0.7743471567923372,0.6596722857066544,0.8287453552445527,0.05736197011659472,False
0.3826834323650899,-0.9238795325112867,0.8140385040716259,0.7022950172356288,0.8460784001553818,-0.0250946458739999,True
0.32143946530316175,-0.9469301294951056,0.8047567184932456,0.7089673361427509,0.8549070341866774,-0.013737502563082704,True
0.258819045102521,-0.9659258262890682,0.8371725435257641,0.7241913215049613,0.8921474701784402,-0.005770117721846213,True
0.19509032201612816,-0.9807852804032304,0.8466971304285622,0.7618693027980188,0.9182662049111543,-0.005435254386481625,True
0.13052619222005157,-0.9914448613738104,0.8928549179026608,0.761463279540403,0.9235757942804976,-0.0023079274913631043,True
0.06540312923014312,-0.9978589232386035,0.9006642007497744,0.7969528448707113,0.9394281100693647,-0.04055600172638607,True
1.2246467991473532e-16,-1.0,0.8917224428140522,0.8382425185540419,0.9866365571808449,-0.0870633028153085,True
-0.06540312923014287,-0.9978589232386035,0.5494704757820333,0.845241364873879,0.9036745042408167,-0.08569926270499728,True
-0.13052619222005132,-0.9914448613738105,0.666167459728616,0.8110256470847064,0.7705063881070024,0.06536248825257651,False
-0.19509032201612792,-0.9807852804032305,0.4432688059238273,0.8076930634102757,0.726930941017623,-0.051519085685097,True
-0.25881904510252035,-0.9659258262890684,0.6390508372431829,0.7992320683308685,0.721216809968545,0.10808093747459413,False
-0.3214394653031611,-0.9469301294951058,0.621240442247753,0.8233137103213353,0.7421783134514732,0.022621197185654585,False
-0.3826834323650892,-0.923879532511287,0.7658004188886675,0.8344977176422743,0.7994408376804301,0.013435348606836373,False
-0.44228869021900147,-0.8968727415326883,0.4078074142096415,0.8202459241797535,0.7039875970054175,-0.21727923555177242,True
-0.5000000000000001,-0.8660254037844386,0.5771672790287321,0.7800761032125132,0.606895769768566,-0.019065337150751982,True
-0.5555702330196023,-0.8314696123025452,0.6496573372069293,0.7745793043169036,0.5954537514747342,0.16095245642173794,False
-0.6087614290087207,-0.7933533402912352,0.7258455094933349,0.7904444138762945,0.6726758090823868,0.12590112151300092,False
-0.6593458151000688,-0.7518398074789774,0.4223638997284379,0.7725522183757567,0.5846646806296576,-0.06022292118626693,True
-0.7071067811865475,-0.7071067811865477,0.4034887596349988,0.7490928347412771,0.5279114706710173,0.05614960362479415,False
-0.7518398074789773,-0.6593458151000691,0.2767796657798501,0.7250366837498998,0.44652477684542174,0.02041801968001633,False
-0.7933533402912349,-0.6087614290087209,0.3580489319625148,0.745363317967755,0.47634290735932555,0.17238973295660237,False
-0.8314696123025448,-0.555570233019603,0.28366403993468375,0.7343013875106323,0.45186748091924883,0.07309762771779227,False
-0.8660254037844385,-0.5000000000000004,0.2023049177078651,0.7246767068804845,0.41891615758677586,0.006080504013386501,False
-0.8968727415326883,-0.44228869021900136,0.19953859958953843,0.708913791148905,0.39144848509217495,0.02729306866144765,False
-0.9238795325112868,-0.3826834323650895,0.10629004966955104,0.6753574100138127,0.36805367178586285,-0.047591759990311455,True
-0.9469301294951056,-0.3214394653031618,0.060946099277429104,0.5834341717101392,0.2869048628216038,-0.06629017675449105,True
-0.9659258262890683,-0.25881904510252063,0.08106938884017566,0.5822281809130174,0.2921146025079749,-0.020579346314177238,True
-0.9807852804032303,-0.19509032201612866,0.028031393368030674,0.5974089143526511,0.26842684968846503,-0.06464278363535166,True
-0.9914448613738104,-0.13052619222005163,0.005024796782646299,0.5637202338641101,0.1887289974380923,-0.06969300312898165,True
-0.9978589232386035,-0.06540312923014362,0.002461787095333579,0.5254556426048334,0.1458801870835173,-0.06328583183506202,True
-1.0,-1.8369701987210297e-16,0.0,0.47516604618255665,0.13398309611053855,-0.06208341134052032,True
-0.9978589232386036,0.06540312923014237,0.0003890243732303891,0.44266258538689884,0.12906578759162407,-0.059396348893642426,True
-0.9914448613738104,0.13052619222005213,0.001049001121642561,0.45227638069022524,0.12958415965202558,-0.053799428045749664,True
-0.9807852804032304,0.1950903220161283,0.0006065811294777013,0.47232782870365697,0.11923887642381331,-0.046541739255189896,True
-0.9659258262890682,0.25881904510252113,0.00129835417638337,0.5093523061586416,0.16093171032260595,-0.04041321203112602,True
-0.9469301294951057,0.3214394653031615,7.916989758832889e-05,0.49470362263922407,0.1909450659022774,-0.037088144570589066,True
-0.9238795325112866,0.38268343236509,0.0,0.48694263725993947,0.18320206805458378,-0.03532608598470688,True
-0.8968727415326884,0.442288690219001,0.0,0.4648070473792616,0.17553384140080813,-0.03339427337050438,True
-0.8660254037844386,0.5000000000000001,0.0,0.42878689045877705,0.16325365088449445,-0.03047166019678116,True
-0.8314696123025455,0.5555702330196018,0.0,0.39823779881043775,0.1474425986507581,-0.027247177436947823,True
-0.7933533402912352,0.6087614290087205,0.0,0.3982071798664124,0.13966372482539285,-0.024942930787801743,True
-0.7518398074789777,0.6593458151000684,0.0,0.40671393944861056,0.1389998784320458,-0.022586923092603683,True
-0.7071067811865477,0.7071067811865474,0.0,0.4186793907257791,0.14317398622081573,-0.020713496953248978,True
-0.6593458151000687,0.7518398074789775,0.0,0.4204174592976546,0.14772131035787944,-0.01966770552098751,True
-0.608761429008721,0.7933533402912349,0.0,0.4092934690545349,0.1409047622128729,-0.01926536299288273,True
-0.5555702330196022,0.8314696123025452,0.0,0.4018042460401199,0.13744054916323717,-0.018913302570581436,True
-0.5000000000000004,0.8660254037844384,0.0,0.4011172549337576,0.1394022620467848,-0.018462542444467545,True
-0.4422886902190014,0.8968727415326883,0.0,0.39440600262887204,0.14148531612676302,-0.017885370180010796,True
-0.38268343236508956,0.9238795325112868,0.0,0.4041303774255762,0.1608310896932103,-0.01735016703605652,True
-0.32143946530316186,0.9469301294951056,0.0,0.3983760683620101,0.16224419995759104,-0.01692570000886917,True
-0.2588190451025207,0.9659258262890683,0.0,0.36109683569158024,0.14925375562781068,-0.016618430614471436,True
-0.19509032201612872,0.9807852804032303,0.0,0.3394042215800539,0.13872647540319766,-0.016255326569080353,True
-0.13052619222005168,0.9914448613738104,0.0,0.3251589835760633,0.12945953101432323,-0.015880251303315163,True
-0.06540312923014367,0.9978589232386035,0.0,0.3061200719256367,0.1144854932696871,-0.015437808819115162,True
0.0,1.0,0.0,0.2931951928075125,0.11118710689904604,-0.014982188120484352,True
0.06540312923014306,0.9978589232386035,0.0,0.2854547254468842,0.10372377525766757,-0.014890763908624649,True
0.13052619222005157,0.9914448613738104,0.0,0.27090837364154474,0.09619675690274782,-0.014993008226156235,True
0.19509032201612825,0.9807852804032304,0.0,0.2721483732548333,0.09338559377413674,-0.01517211738973856,True
0.25881904510252074,0.9659258262890683,0.0,0.26428783090204844,0.08805271047997226,-0.015494239516556263,True
0.3214394653031616,0.9469301294951057,0.0,0.2507789893222785,0.07771787972065963,-0.016070028766989708,True
0.3826834323650898,0.9238795325112867,0.0,0.2426168787358418,0.06560493780381554,-0.01674988493323326,True
0.4422886902190013,0.8968727415326883,0.0,0.2131741268863001,0.05228526670597905,-0.01775287091732025,True
0.49999999999999994,0.8660254037844387,0.0,0.20766623867033718,0.04629150291395434,-0.0187369417399168,True
0.5555702330196022,0.8314696123025452,0.0,0.19329417743956512,0.04112615652476548,-0.01985183358192444,True
0.6087614290087207,0.7933533402912352,0.0,0.18160170448501,0.033764867011867206,-0.02111886627972126,True
0.6593458151000688,0.7518398074789774,0.0,0.18345563363214246,0.03950191826191479,-0.022339392453432083,True
0.7071067811865476,0.7071067811865476,0.0,0.17750848312336753,0.037877042732599286,-0.024157611653208733,True
0.7518398074789773,0.659345815100069,0.0,0.16502180763652996,0.0313377405744083,-0.026139385998249054,True
0.7933533402912352,0.6087614290087207,0.0,0.1741263212060702,0.03784586005425716,-0.0286110807210207,True
0.8314696123025452,0.5555702330196023,0.0,0.18512196561266325,0.049712170628152696,-0.031586721539497375,True
0.8660254037844386,0.5000000000000001,0.0,0.1877224277783187,0.05254404135984225,-0.035096149891614914,True
0.8968727415326884,0.44228869021900125,4.076231123121864e-05,0.20261194724732756,0.06161730086544548,-0.03938525542616844,True
0.9238795325112867,0.38268343236508984,0.0,0.20753859209616454,0.06554003483317988,-0.04495490342378616,True
0.9469301294951057,0.3214394653031615,0.0,0.2168803313015799,0.07014844647244872,-0.0514262355864048,True
0.9659258262890683,0.25881904510252074,0.0,0.20802035713789957,0.06535489614706586,-0.0591646209359169,True
0.9807852804032304,0.19509032201612833,0.0,0.21462527367029027,0.06335811724807755,-0.06832027435302734,True
0.9914448613738104,0.1305261922200517,0.0,0.20509159740990146,0.06189700113003277,-0.07841546088457108,True
0.9978589232386035,0.06540312923014305,8.553873314500073e-05,0.193574401030165,0.05416639600689044,-0.0897490531206131,True
1.0,6.123233995736766e-17,0.00504196449368322,0.18513971840665944,0.060202971939565586,-0.098828340188761,True
0.9978589232386035,-0.06540312923014292,0.016719178885143703,0.22556185826250674,0.08063258351694497,-0.0969533466528007,True
0.9914448613738105,-0.13052619222005138,0.023928211915634223,0.23842957274620868,0.09828191763807331,-0.1027769920191384,True
0.9807852804032305,-0.19509032201612797,0.02837800070146774,0.2511782763189401,0.10977008531227633,-0.11530793090465963,True
0.9659258262890683,-0.25881904510252085,0.04338223071620061,0.2621275699540251,0.12251901469934762,-0.11680848181263878,True
0.9469301294951057,-0.3214394653031616,0.06319531237688483,0.28473434090799654,0.14527521326444243,-0.11892144203528153,True
0.9238795325112867,-0.3826834323650897,0.11563667830619587,0.31428553753453237,0.18661134285530395,-0.08714848396493052,True
0.8968727415326884,-0.44228869021900113,0.21452997515307387,0.36529933179463714,0.2637452872754947,-0.02720836247910291,True
0.8660254037844387,-0.4999999999999998,0.3919548813015394,0.4167726393533595,0.3801198098780087,0.06012235393673426,False
0.8314696123025451,-0.5555702330196023,0.42025642773248917,0.45341714561080626,0.49684986557057415,0.009671258496532609,False
0.7933533402912352,-0.6087614290087207,0.4660464407746408,0.4795559841726249,0.5272297764788085,0.00866036690899985,False
0.7518398074789774,-0.6593458151000688,0.42858213248211663,0.49594641110941695,0.5348941039809458,-0.0018857881437921442,True
0.7071067811865476,-0.7071067811865475,0.48767203093518147,0.49921570681435945,0.5196074577981884,0.09413907490109519,False
0.6593458151000686,-0.7518398074789776,0.6486243699614441,0.5352781589611519,0.6058859657907363,0.21573010948745086,False
0.6087614290087204,-0.7933533402912353,0.6282894653656065,0.5865068615109037,0.6702178705671893,0.0449083460030234,False
0.5555702330196022,-0.8314696123025453,0.6501391445219606,0.5951871432731235,0.6535853130991209,0.024848799170607894,False
0.49999999999999994,-0.8660254037844387,0.614902848240843,0.6266599185832891,0.6861851831705801,-0.028180624154431233,True
0.4422886902190013,-0.8968727415326883,0.5208275793368254,0.6230133200447774,0.6270838648416126,-0.06660128909729557,True
0.3826834323650899,-0.9238795325112867,0.6104669894199053,0.6304918332411718,0.606139658276146,0.06834439769041034,False
0.32143946530316175,-0.9469301294951056,0.6814356957952171,0.6601587301848386,0.6585112904398456,0.003631721893905371,False
0.258819045102521,-0.9659258262890682,0.6772164399444245,0.6934288424751989,0.6713836962341027,-0.10649665700092992,True
0.19509032201612816,-0.9807852804032304,0.6206355848601558,0.7050580287836716,0.6651564249363013,-0.17513048398287823,True
0.13052619222005157,-0.9914448613738104,0.4533315338894681,0.7144398965482186,0.5980855825799958,-0.17302538474867502,True
0.06540312923014312,-0.9978589232386035,0.4144331556129882,0.698333305280284,0.5300074104529262,-0.021650631096948647,True
1.2246467991473532e-16,-1.0,0.4781453717704601,0.7033348460049325,0.5681770617584079,0.05731464778429851,False
-0.06540312923014287,-0.9978589232386035,0.5262766216951549,0.7233883725215151,0.6165270587719753,0.0659361506715408,False
-0.13052619222005132,-0.9914448613738105,0.55519845039276,0.7335463519257077,0.6456373269877786,0.03343113400853359,False
-0.19509032201612792,-0.9807852804032305,0.6512902599566484,0.7513683447881119,0.6686423072270611,-0.0028581930462279193,True
-0.25881904510252035,-0.9659258262890684,0.6868964375995745,0.7724310931666629,0.7223403532323172,-0.004373873670699413,True
-0.3214394653031611,-0.9469301294951058,0.7279334372661405,0.7994690310501482,0.7823182428002349,-0.14461526765707533,True
-0.3826834323650892,-0.923879532511287,0.6268377790160168,0.8312310981156961,0.8374964855624503,-0.29439625628472665,True
-0.44228869021900147,-0.8968727415326883,0.6928530720075233,0.8373302912370799,0.7555775048148372,0.04897414105711562,False
-0.5000000000000001,-0.8660254037844386,0.7089673320160301,0.8528664377501285,0.7402163204919294,0.002355298923471749,False
-0.5555702330196023,-0.8314696123025452,0.6664602863971489,0.8586198495446433,0.7026229855225052,0.05617769564328978,False
-0.6087614290087207,-0.7933533402912352,0.5329437016237382,0.8711353092310776,0.6656595893336363,-0.0001281368743005773,True
-0.6593458151000688,-0.7518398074789774,0.4483980570183984,0.854793821143151,0.6275550137689205,0.049313161075030365,False
-0.7071067811865475,-0.7071067811865477,0.274286504113957,0.8315661127181013,0.5480151199186449,-0.045402278197999246,True
-0.7518398074789773,-0.6593458151000691,0.22311106062577693,0.793725413718058,0.43912928955515046,-0.025674674492773275,True
-0.7933533402912349,-0.6087614290087209,0.25764473946753025,0.8043056880308277,0.4465032586852075,0.04585930006206945,False
-0.8314696123025448,-0.555570233019603,0.2535221879492161,0.7988069141728082,0.4531589631689537,0.04213645521060794,False
-0.8660254037844385,-0.5000000000000004,0.2544466488873867,0.7891179041159193,0.4329726618811573,0.03477173477530854,False
-0.8968727415326883,-0.44228869021900136,0.38949469014035465,0.8157584720854123,0.4852963535755845,0.19180462279318267,False
-0.9238795325112868,-0.3826834323650895,0.3681658384683324,0.8298205396167633,0.5241387554855403,0.1551855339707603,False
-0.9469301294951056,-0.3214394653031618,0.27669614577750196,0.8498900786488723,0.5026240164421163,0.07090730103174547,False
-0.9659258262890683,-0.25881904510252063,0.08539178522986166,0.7985400721042206,0.402488500832272,-0.10564172898259182,True
-0.9807852804032303,-0.19509032201612866,0.10232753512034858,0.7759633412618383,0.34149810352075444,-0.021124122660379302,True
-0.9914448613738104,-0.13052619222005163,0.14293252878935012,0.7872730290802625,0.3669732981754495,0.05480366675224438,False
-0.9978589232386035,-0.06540312923014362,0.0741903816128479,0.7743178754817062,0.3501033984731476,-0.025546485612705894,True
-1.0,-1.8369701987210297e-16,0.062353907253679904,0.7474136358544949,0.32274549534402425,-0.027395139382336203,True
-0.9978589232386036,0.06540312923014237,0.022992852295964483,0.730310434591672,0.29238565653232856,-0.061771202185931295,True
-0.9914448613738104,0.13052619222005213,0.004417899908973491,0.706172284943176,0.25023144669524305,-0.07027203851207652,True
-0.9807852804032304,0.1950903220161283,0.0,0.6339776025095847,0.2287376739887011,-0.06611096113920212,True
-0.9659258262890682,0.25881904510252113,0.0,0.5791478101287006,0.2170212753373741,-0.058356307446956635,True
-0.9469301294951057,0.3214394653031615,0.0,0.5599643929130946,0.20962516728923258,-0.052137166261672974,True
-0.9238795325112866,0.38268343236509,0.0,0.5406114773009296,0.20508315311940145,-0.045358382165431976,True
-0.8968727415326884,0.442288690219001,0.0,0.5266271412906369,0.20182120010220456,-0.038071442395448685,True
-0.8660254037844386,0.5000000000000001,0.0,0.5130793492978876,0.1960034356051666,-0.03326231613755226,True
-0.8314696123025455,0.5555702330196018,0.0,0.48627178792172376,0.1886854966709039,-0.03025568462908268,True
-0.7933533402912352,0.6087614290087205,0.0,0.45244207826566885,0.1772054684528171,-0.027688955888152122,True
-0.7518398074789777,0.6593458151000684,0.0,0.4312559249541912,0.16810183925520034,-0.02544589154422283,True
-0.7071067811865477,0.7071067811865474,0.0,0.4141845611769295,0.16264082789782325,-0.023330388590693474,True
-0.6593458151000687,0.7518398074789775,0.0,0.3990760434645271,0.15916622169620648,-0.021282479166984558,True
-0.608761429008721,0.7933533402912349,0.0,0.3819494891960036,0.1573874548549637,-0.019620317965745926,True
-0.5555702330196022,0.8314696123025452,0.0,0.37357985000811156,0.15509278381473984,-0.01837591640651226,True
-0.5000000000000004,0.8660254037844384,0.0,0.3051166317079923,0.1068750183904445,-0.0173723753541708,True
-0.4422886902190014,0.8968727415326883,0.0015007500108863941,0.29499007991171533,0.09013305115177234,-0.01646151952445507,True
-0.38268343236508956,0.9238795325112868,0.0017633108219216695,0.31143566129272005,0.10161824675835646,-0.015623139217495918,True
-0.32143946530316186,0.9469301294951056,0.0009454479026974068,0.2926328360779542,0.1195823933885361,-0.015040185302495956,True
-0.2588190451025207,0.9659258262890683,0.0006788547969615274,0.2798918464478779,0.11467525309819476,-0.01445811614394188,True
-0.19509032201612872,0.9807852804032303,0.00013009595893616557,0.25090347301989313,0.11077909881099074,-0.01429639384150505,True
-0.13052619222005168,0.9914448613738104,0.0,0.1935811698721066,0.09610770810430486,-0.013983657583594322,True
-0.06540312923014367,0.9978589232386035,0.0,0.13638379697682357,0.07676699330674114,-0.01328927930444479,True
0.0,1.0,0.0,0.13702397241816922,0.07311674574423649,-0.01266716793179512,True
0.06540312923014306,0.9978589232386035,0.0,0.16116008578645857,0.07190811822355986,-0.011791386641561985,True
0.13052619222005157,0.9914448613738104,0.0,0.19591225400879453,0.07428484503630967,-0.011098898947238922,True
0.19509032201612825,0.9807852804032304,0.0,0.22429782623224725,0.08013713123612326,-0.011095559224486351,True
0.25881904510252074,0.9659258262890683,0.0,0.24361289540384834,0.08772056201286299,-0.011997290886938572,True
0.3214394653031616,0.9469301294951057,0.0,0.24974367279917287,0.08975682540561342,-0.013407614082098007,True
0.3826834323650898,0.9238795325112867,0.0,0.2517839593968907,0.0935776032581172,-0.015026219189167023,True
0.4422886902190013,0.8968727415326883,0.0,0.24957970044058286,0.10201019109124182,-0.016573075205087662,True
0.49999999999999994,0.8660254037844387,0.0,0.21836093104617094,0.09931547976439475,-0.018019558861851692,True
0.5555702330196022,0.8314696123025452,0.0,0.20572278686365442,0.09556512802380751,-0.019250042736530304,True
0.6087614290087207,0.7933533402912352,0.0,0.21412956075193068,0.09763415839946671,-0.020242473110556602,True
0.6593458151000688,0.7518398074789774,0.0,0.21919385806717684,0.09999237325225657,-0.021145453676581383,True
0.7071067811865476,0.7071067811865476,0.0,0.22424160499701729,0.10156045289434273,-0.022285347804427147,True
0.7518398074789773,0.659345815100069,0.0,0.2221796437240786,0.0961583189448349,-0.02451467700302601,True
0.7933533402912352,0.6087614290087207,2.7707676237936644e-05,0.20592299167505135,0.08279070368986957,-0.02760949358344078,True
0.8314696123025452,0.5555702330196023,8.850376648712945e-05,0.1877324636047326,0.07684109072194117,-0.031105687841773033,True
0.8660254037844386,0.5000000000000001,0.0,0.16528944047152083,0.06958654278419757,-0.03497213125228882,True
0.8968727415326884,0.44228869021900125,0.0002806559073292992,0.12620528921880747,0.055656531235416695,-0.03893022984266281,True
0.9238795325112867,0.38268343236508984,0.0,0.0,0.011238196538402911,-0.04267890751361847,True
0.9469301294951057,0.3214394653031615,0.0,0.0007756117073940416,0.014549855298782333,-0.04502575099468231,True
0.9659258262890683,0.25881904510252074,0.0,0.0011546616885385053,0.01607261798036691,-0.045978985726833344,True
0.9807852804032304,0.19509032201612833,2.530088804703863e-05,0.015596541580737755,0.0182480594122556,-0.04600059986114502,True
0.9914448613738104,0.1305261922200517,0.0,0.033021467491021195,0.022275729618835283,-0.04662390053272247,True
0.9978589232386035,0.06540312923014305,0.0,0.04147321385529845,0.02237857975131996,-0.05345276743173599,True
1.0,6.123233995736766e-17,0.00024224810394090967,0.03426406955007111,0.01653654900792545,-0.06216453015804291,True
0.9978589232386035,-0.06540312923014292,0.0007675072274895058,0.045347123956592794,0.019873504612032633,-0.07300940901041031,True
0.9914448613738105,-0.13052619222005138,0.0014036093133021003,0.05867518119917747,0.022863985238413043,-0.08479129523038864,True
0.9807852804032305,-0.19509032201612797,0.003144566829249625,0.06441995367536912,0.023594323666196793,-0.09717954695224762,True
0.9659258262890683,-0.25881904510252085,0.00605539957050867,0.07260377643352167,0.02726299110243019,-0.10764489978212612,True
0.9469301294951057,-0.3214394653031616,0.0101872317891607,0.09592923204329318,0.03176108502316438,-0.11534748305300424,True
0.9238795325112867,-0.3826834323650897,0.018105716940644702,0.10954580395004831,0.03867593362114419,-0.12400133438653517,True
0.8968727415326884,-0.44228869021900113,0.03638420408411461,0.12136684425403388,0.05248839624065649,-0.11924393826320671,True
0.8660254037844387,-0.4999999999999998,0.10084742109331744,0.1365917854932619,0.08615285279786672,-0.0643266707568165,True
0.8314696123025451,-0.5555702330196023,0.1952715746874477,0.17796777465700409,0.14435931567712873,0.005379327780876297,False
0.7933533402912352,-0.6087614290087207,0.2603657427400897,0.22740704165168757,0.19727554568805278,0.025821481688148185,False
0.7518398074789774,-0.6593458151000688,0.3597855455131227,0.30004799538665305,0.3000356342730041,0.06717251069971747,False
0.7071067811865476,-0.7071067811865475,0.38490541568102626,0.3075178775832741,0.31721469402575003,0.05209392413984776,False
0.6593458151000686,-0.7518398074789776,0.43067570009254325,0.33360118604272526,0.3560374889744737,0.06522520566200718,False
0.6087614290087204,-0.7933533402912353,0.534920838028509,0.3499323906383187,0.3777600467867262,0.12571639520030975,False
0.5555702330196022,-0.8314696123025453,0.6313056708241682,0.37060293053907833,0.425998702375363,0.07421864341151574,False
0.49999999999999994,-0.8660254037844387,0.602481055860153,0.37905979482822083,0.42645516150381496,-0.018906872667154406,True
0.4422886902190013,-0.8968727415326883,0.6254128469002818,0.4052606358284574,0.46312508217069454,-0.02282647428493556,True
0.3826834323650899,-0.9238795325112867,0.4165044212358237,0.40217329441434146,0.4028245714539867,-0.13039295106952176,True
0.32143946530316175,-0.9469301294951056,0.4123761623642342,0.3941173193880254,0.3625550497346048,0.042911837616279924,False
0.258819045102521,-0.9659258262890682,0.6088339879612022,0.43902635056431305,0.4605045390526617,0.15217376928933146,False
0.19509032201612816,-0.9807852804032304,0.667128077328963,0.4565781760177716,0.5217943347783649,0.05721948474482974,False
0.13052619222005157,-0.9914448613738104,0.7032854892909105,0.46508118727394665,0.5458851676224832,-0.02405565120250408,True
0.06540312923014312,-0.9978589232386035,0.7595883184686556,0.48584033750358824,0.5895044100062643,-0.024207312479401333,True
1.2246467991473532e-16,-1.0,0.7996749981785053,0.5088939616162986,0.6332841206418929,-0.011473010820894025,True
-0.06540312923014287,-0.9978589232386035,0.7398333532242989,0.5074744015009824,0.615055461703987,-0.031964237715591204,True
-0.13052619222005132,-0.9914448613738105,0.7979587112543253,0.5298506395336844,0.6284294550273157,0.05632700622138187,False
-0.19509032201612792,-0.9807852804032305,0.6779908920939169,0.527050817204552,0.6056404160582041,-0.00783698474225758,True
-0.25881904510252035,-0.9659258262890684,0.6915201155550649,0.5344835723261259,0.5615407381171686,0.034483646842368265,False
-0.3214394653031611,-0.9469301294951058,0.7634250921138171,0.5742274316687828,0.6221532823465477,0.03657074818701911,False
-0.3826834323650892,-0.923879532511287,0.7566396819631998,0.6091809023099795,0.643766947112173,0.07347671295590674,False
-0.44228869021900147,-0.8968727415326883,0.7238874050965723,0.6228648910859087,0.6590484205027187,0.044649120149166,False
-0.5000000000000001,-0.8660254037844386,0.6903867507955066,0.6298221086717466,0.6484896891491894,0.08817675512422651,False
-0.5555702330196023,-0.8314696123025452,0.6792420950606731,0.6703358008503233,0.6576061660987986,0.1318176481952701,False
-0.6087614290087207,-0.7933533402912352,0.6470666254217364,0.6809459885428324,0.6483073658477689,0.15574617745528185,False
-0.6593458151000688,-0.7518398074789774,0.6075709046349196,0.68755253847293,0.6276454643106668,0.2002457622549183,False
-0.7071067811865475,-0.7071067811865477,0.5664158873122053,0.7098333406804409,0.6239825618195325,0.2183503590502126,False
-0.7518398074789773,-0.6593458151000691,0.43798752415909964,0.7010591460808908,0.5609806956614445,0.18284791277864165,False
-0.7933533402912349,-0.6087614290087209,0.3214800264104585,0.6947097961376676,0.4934831872576882,0.13409782763469336,False
-0.8314696123025448,-0.555570233019603,0.3092514693864142,0.6832755077207928,0.4396240629757798,0.15868002130359293,False
-0.8660254037844385,-0.5000000000000004,0.37936985234681503,0.7200843751660229,0.47721220098500455,0.25854375236027194,False
-0.8968727415326883,-0.44228869021900136,0.3436805473049644,0.7273052790020522,0.48071997233403413,0.20144737501213816,False
-0.9238795325112868,-0.3826834323650895,0.23960244424777755,0.6801057331313585,0.42937320001147766,0.07775906202098687,False
-0.9469301294951056,-0.3214394653031618,0.16384942756001195,0.6381781923412877,0.3558528342678115,0.02818988534858366,False
-0.9659258262890683,-0.25881904510252063,0.1528855768113671,0.6148770328843332,0.32111912303544005,0.05683310874479339,False
-0.9807852804032303,-0.19509032201612866,0.11867698900299233,0.6043324682791271,0.3035965310239727,0.03753348526100364,False
-0.9914448613738104,-0.13052619222005163,0.07693837950072478,0.5814712404431621,0.26951473979102053,0.0012911539917130344,False
-0.9978589232386035,-0.06540312923014362,0.05139393246115047,0.561943914771802,0.24155048006209362,-0.020845431631683953,True
-1.0,-1.8369701987210297e-16,0.03339403347247742,0.5403458902620628,0.2199893107938839,-0.028928015426465233,True
-0.9978589232386036,0.06540312923014237,0.0173289557421851,0.5263109767115761,0.2015289203131096,-0.039962214653584516,True
-0.9914448613738104,0.13052619222005213,0.0056711161296093835,0.515393146857495,0.18905954935552088,-0.048582442319294435,True
-0.9807852804032304,0.1950903220161283,4.0749194911550244e-05,0.49986443889268184,0.17972966525462925,-0.04713732749223709,True
-0.9659258262890682,0.25881904510252113,0.0,0.46007561324991797,0.17229831068716145,-0.04219439625740051,True
-0.9469301294951057,0.3214394653031615,0.0,0.4223490750050638,0.16271418435969304,-0.038294024765491486,True
-0.9238795325112866,0.38268343236509,0.0,0.4052560757505972,0.15585547207356604,-0.034426379948854446,True
-0.8968727415326884,0.442288690219001,0.0,0.38861272260802915,0.14833873530127956,-0.030446313321590424,True
-0.8660254037844386,0.5000000000000001,0.0,0.37737779977429264,0.14244542402860477,-0.02665763348340988,True
-0.8314696123025455,0.5555702330196018,0.0,0.3643606301251461,0.13359936899272157,-0.023924950510263443,True
-0.7933533402912352,0.6087614290087205,0.0,0.3484625000815551,0.12462778510496236,-0.02206823229789734,True
-0.7518398074789777,0.6593458151000684,0.0,0.33585422787508534,0.11249452581748581,-0.020529793575406075,True
-0.7071067811865477,0.7071067811865474,0.0,0.32665352401307746,0.09987685844958366,-0.01926608383655548,True
-0.6593458151000687,0.7518398074789775,0.0,0.32020062992711384,0.09994961837114685,-0.01820848323404789,True
-0.608761429008721,0.7933533402912349,0.0,0.293814115740048,0.09279071885249363,-0.017361316829919815,True
-0.5555702330196022,0.8314696123025452,0.0,0.3072944873345418,0.09871739830846776,-0.016635239124298096,True
-0.5000000000000004,0.8660254037844384,0.0,0.29405783595779167,0.10139524342858025,-0.01598520204424858,True
-0.4422886902190014,0.8968727415326883,0.0,0.27815187229786087,0.09539896678549603,-0.01530569326132536,True
-0.38268343236508956,0.9238795325112868,0.0,0.27853556283253456,0.09504491136341214,-0.01467004232108593,True
-0.32143946530316186,0.9469301294951056,0.0,0.2746688897436953,0.09464770971232633,-0.01435118168592453,True
-0.2588190451025207,0.9659258262890683,0.0,0.27483154052416525,0.09615696176977989,-0.013866810128092766,True
-0.19509032201612872,0.9807852804032303,0.0,0.2686233659532733,0.09354591151519115,-0.013632980175316334,True
-0.13052619222005168,0.9914448613738104,0.0,0.26318266427087633,0.09126978126299928,-0.013605648651719093,True
-0.06540312923014367,0.9978589232386035,0.0,0.2644281959719881,0.09130345145939162,-0.01359162013977766,True
0.0,1.0,0.0,0.267782134246523,0.09479751108184237,-0.013668710365891457,True
0.06540312923014306,0.9978589232386035,0.0,0.26425970588451886,0.093124339732582,-0.013821149244904518,True
0.13052619222005157,0.9914448613738104,0.0,0.25872620623955034,0.08860156248798762,-0.014113899320363998,True
0.19509032201612825,0.9807852804032304,0.0,0.25450502137958453,0.08594161962527086,-0.014555058442056179,True
0.25881904510252074,0.9659258262890683,0.0,0.25197585851423465,0.08460835308085374,-0.015064433217048645,True
0.3214394653031616,0.9469301294951057,0.0,0.24909908310666995,0.08247718465153603,-0.01565144769847393,True
0.3826834323650898,0.9238795325112867,0.0,0.24301748176492377,0.07772656909145653,-0.016383256763219833,True
0.4422886902190013,0.8968727415326883,0.0,0.2419039822153537,0.0782565948317297,-0.017273906618356705,True
0.49999999999999994,0.8660254037844387,0.0,0.2403297168582179,0.0771866038633216,-0.018349850550293922,True
0.5555702330196022,0.8314696123025452,0.0,0.23503813999400025,0.07534167394494301,-0.019635291770100594,True
0.6087614290087207,0.7933533402912352,0.0,0.23045270920997063,0.07468216004145606,-0.021143954247236252,True
0.6593458151000688,0.7518398074789774,0.0,0.2300210650074319,0.0745682933468384,-0.022916223853826523,True
0.7071067811865476,0.7071067811865476,0.0,0.23029770097126945,0.07767097810856377,-0.024976696819067,True
0.7518398074789773,0.659345815100069,0.0,0.23134105094497381,0.07822570390438105,-0.027333835139870644,True
0.7933533402912352,0.6087614290087207,0.0,0.2297439319472132,0.0775396814857931,-0.030182134360074997,True
0.8314696123025452,0.5555702330196023,0.0,0.2263883167286218,0.0759008141043272,-0.033657338470220566,True
0.8660254037844386,0.5000000000000001,0.0,0.2270880355315723,0.07850391985790278,-0.037697628140449524,True
0.8968727415326884,0.44228869021900125,0.0,0.22905196281887186,0.08147504705695036,-0.04246603325009346,True
0.9238795325112867,0.38268343236508984,0.0,0.22839031001578958,0.08030872271149087,-0.047901518642902374,True
0.9469301294951057,0.3214394653031615,0.0,0.22786227411104298,0.07866574501214069,-0.054201677441596985,True
0.9659258262890683,0.25881904510252074,0.0,0.22310246490351626,0.076188099349417,-0.06161578744649887,True
0.9807852804032304,0.19509032201612833,0.0,0.22048844142173274,0.07393607980088984,-0.07019587606191635,True
0.9914448613738104,0.1305261922200517,0.0,0.21564346412651858,0.07201255013226787,-0.07993143051862717,True
0.9978589232386035,0.06540312923014305,0.000322857271583675,0.2145237182281734,0.07166728756954449,-0.09073138982057571,True
1.0,6.123233995736766e-17,0.008027204525711939,0.21259007884442038,0.0761642571706897,-0.09643277954803214,True
0.9978589232386035,-0.06540312923014292,0.03235526196354224,0.21298843151667168,0.08775986957216558,-0.07964280575741975,True
0.9914448613738105,-0.13052619222005138,0.05268585681047982,0.21795351121744577,0.09780715293188474,-0.07308854267715768,True
0.9807852804032305,-0.19509032201612797,0.07612979745061721,0.2237726146642811,0.11362585917981233,-0.06699725480483022,True
0.9659258262890683,-0.25881904510252085,0.09335221629431077,0.23182932714265814,0.12904667331582792,-0.06862552991419095,True
0.9469301294951057,-0.3214394653031616,0.21728480576636258,0.25655118478079486,0.17832367934129384,0.034805147865754005,False
0.9238795325112867,-0.3826834323650897,0.32122003371125857,0.2986075497240177,0.2628600026216987,0.07658138088118138,False
0.8968727415326884,-0.44228869021900113,0.3136474032741225,0.30611935148879166,0.26280838936739,0.002577949892215381,False
0.8660254037844387,-0.4999999999999998,0.28456872909036457,0.31319088668490025,0.2613443277045437,-0.024549153580261995,True
0.8314696123025451,-0.5555702330196023,0.3200671578482594,0.30617713346045483,0.24821829962358694,-0.0032758305665332443,True
0.7933533402912352,-0.6087614290087207,0.3306862774229619,0.3253043787849572,0.29618997524137886,0.019183086186071896,False
0.7518398074789774,-0.6593458151000688,0.20846844856520722,0.31828629348654447,0.25376021824112555,-0.1163243571662933,True
0.7071067811865476,-0.7071067811865475,0.44799938343123036,0.35600943562034404,0.33589855451395195,0.08279134737342342,False
0.6593458151000686,-0.7518398074789776,0.25059023499705035,0.3532998020649556,0.3079707792010901,-0.09395771062497366,True
0.6087614290087204,-0.7933533402912353,0.21592072466016424,0.34854242111779454,0.2659156545949259,-0.13617622838418703,True
0.5555702330196022,-0.8314696123025453,0.2044015265041239,0.3473896121972091,0.2505282830300373,-0.1338334124295777,True
0.49999999999999994,-0.8660254037844387,0.23987774731931888,0.36314120795773075,0.2561404438349068,-0.07496309225176118,True
0.4422886902190013,-0.8968727415326883,0.7060471762475368,0.4383228194707314,0.45844596858220593,-0.44502787069338057,True
0.3826834323650899,-0.9238795325112867,0.7119927748065309,0.4911085557533843,0.5901294690345613,-0.07908786648207278,True
0.32143946530316175,-0.9469301294951056,0.8041964895701625,0.5208929938084637,0.607105572320211,-0.1869798945830431,True
0.258819045102521,-0.9659258262890682,0.867142624556824,0.5322355954824023,0.6284854952373331,-0.17998544683789863,True
0.19509032201612816,-0.9807852804032304,0.8684525740092972,0.5497012587814498,0.6469660229318812,-0.09945244769951167,True
0.13052619222005157,-0.9914448613738104,0.8477990774155973,0.576378105803034,0.6628666139421309,-0.12851743465504617,True
0.06540312923014312,-0.9978589232386035,0.8621373121073582,0.5935028570888656,0.6617559811431817,-0.09206882346282408,True
1.2246467991473532e-16,-1.0,0.8804999925800779,0.6096066293766615,0.6780676083788382,-0.08410249613670273,True
-0.06540312923014287,-0.9978589232386035,0.8398841195563781,0.6370045838317322,0.6964105720592426,-0.0628712770606854,True
-0.13052619222005132,-0.9914448613738105,0.7593678944409692,0.6438990425582762,0.6915052402284583,-0.08948900865484088,True
-0.19509032201612792,-0.9807852804032305,0.7679711372876286,0.6483586124205121,0.6535785996038719,-0.029320921500454622,True
-0.25881904510252035,-0.9659258262890684,0.7003998547554376,0.6625258886588639,0.6414756073378387,0.009392407616991671,False
-0.3214394653031611,-0.9469301294951058,0.8247069022593594,0.686620204968555,0.6761595779259739,0.025649924468071572,False
-0.3826834323650892,-0.923879532511287,0.7640606439337744,0.7133188755169899,0.7145479986767633,-0.010053128940916034,True
-0.44228869021900147,-0.8968727415326883,0.626949841998609,0.6898331600166596,0.6492469180702227,-0.03373685006299165,True
-0.5000000000000001,-0.8660254037844386,0.5925720563312564,0.7146196244925744,0.6383665146633828,0.05645469879811249,False
-0.5555702330196023,-0.8314696123025452,0.638727063737936,0.7379656758238218,0.6465821616383529,0.18561242285271962,False
-0.6087614290087207,-0.7933533402912352,0.5542251646421582,0.7439156197899124,0.6344035189346047,0.11035358391757855,False
-0.6593458151000688,-0.7518398074789774,0.45345020494316113,0.7398996052854956,0.5750447672379253,0.10536056960883067,False
-0.7071067811865475,-0.7071067811865477,0.3360782708947843,0.7048329044323614,0.4752379217392078,0.07544942877800204,False
-0.7518398074789773,-0.6593458151000691,0.2124232646173757,0.6739289550998586,0.42651358685876456,0.0022673118210868592,False
-0.7933533402912349,-0.6087614290087209,0.08842307955000087,0.3351519439968291,0.19934000231536259,-0.08244337939402577,True
-0.8314696123025448,-0.555570233019603,0.0401532439329829,0.19794441913142946,0.09189366066331034,-0.09938323192168283,True
-0.8660254037844385,-0.5000000000000004,0.0305442512617186,0.15355033519765104,0.05518299438961227,-0.07965666909528352,True
-0.8968727415326883,-0.44228869021900136,0.020935258590454302,0.1091562512638724,0.018472328115914094,-0.06550130771255638,True
-0.9238795325112868,-0.3826834323650895,0.04980601860270009,0.1340338425245715,0.033538099871185334,-0.0002638006533036974,True
-0.9469301294951056,-0.3214394653031618,0.02509475752162822,0.18453751916265415,0.044880846679468234,-0.025728301573839218,True
-0.9659258262890683,-0.25881904510252063,0.01454488179665904,0.15126650909908768,0.03672705324516584,-0.03131813075936114,True
-0.9807852804032303,-0.19509032201612866,0.007125191921746121,0.1471690260560563,0.036776575757818064,-0.03811134055451001,True
-0.9914448613738104,-0.13052619222005163,0.003993934470426309,0.13084602102998377,0.036595840404753444,-0.03969450294971466,True
-0.9978589232386035,-0.06540312923014362,0.004187929378179784,0.10764960825039749,0.03677682219693251,-0.03650751709938049,True
-1.0,-1.8369701987210297e-16,0.0024574202998903544,0.09038330681634799,0.03204708234997716,-0.031690020114183426,True
-0.9978589232386036,0.06540312923014237,0.005208334383335626,0.1008135896062552,0.024740832517180955,-0.02670343283710276,True
-0.9914448613738104,0.13052619222005213,0.005801183578245756,0.1549872547178719,0.02576733545926807,-0.024069843936251778,True
-0.9807852804032304,0.1950903220161283,0.0020532856654236465,0.13480248341310874,0.03377403585075811,-0.02235088311135769,True
-0.9659258262890682,0.25881904510252113,0.0021156548953089583,0.20429348793197177,0.053387412674264445,-0.020937539637088776,True
-0.9469301294951057,0.3214394653031615,5.823271816130288e-06,0.03871926114517943,0.0006580860835438962,-0.020695241168141365,True
-0.9238795325112866,0.38268343236509,4.939740919889832e-05,0.052159474624480895,0.005531250074432781,-0.020041685551404953,True
-0.8968727415326884,0.442288690219001,0.00022827225276534244,0.08349202495665087,0.013713981439564815,-0.017906691879034042,True
-0.8660254037844386,0.5000000000000001,0.002313244493817078,0.14901636779386362,0.02174526617770889,-0.016195712611079216,True
-0.8314696123025455,0.5555702330196018,0.0026111551199706875,0.18917491120204666,0.053858106078377266,-0.013824120163917542,True
-0.7933533402912352,0.6087614290087205,0.0015915604098890434,0.18298385841271814,0.06030747580690882,-0.013936523348093033,True
-0.7518398074789777,0.6593458151000684,0.0007977882421468962,0.1601418088047062,0.05802418134508258,-0.01434869971126318,True
-0.7071067811865477,0.7071067811865474,0.00032409519223157863,0.1735685737724595,0.06079101478169824,-0.01456893514841795,True
-0.6593458151000687,0.7518398074789775,3.4939630896781733e-06,0.17021883151318362,0.060509727411536485,-0.013929389417171478,True
-0.608761429008721,0.7933533402912349,2.329302841062132e-06,0.18518108170329128,0.06404944770045945,-0.013078353367745876,True
-0.5555702330196022,0.8314696123025452,0.0,0.18659453070928889,0.06534071437171135,-0.01248643547296524,True
-0.5000000000000004,0.8660254037844384,0.0,0.18340597128099256,0.06389831142938945,-0.012318051420152187,True
-0.4422886902190014,0.8968727415326883,0.0,0.17902517352730074,0.06154826033526539,-0.012103828601539135,True
-0.38268343236508956,0.9238795325112868,0.0,0.17712137353860702,0.05889487996125109,-0.01200924627482891,True
-0.32143946530316186,0.9469301294951056,0.0,0.16674273337838996,0.056254405664640295,-0.011816165409982204,True
-0.2588190451025207,0.9659258262890683,0.0,0.1547075434743288,0.04817473683762313,-0.011646631173789501,True
-0.19509032201612872,0.9807852804032303,0.0,0.1393950892616047,0.03231021975945786,-0.01151124108582735,True
-0.13052619222005168,0.9914448613738104,0.0,0.1138341685374944,0.012237203895183735,-0.011422048322856426,True
-0.06540312923014367,0.9978589232386035,0.0,0.11075560357173853,0.011962605257378744,-0.011311247944831848,True
0.0,1.0,0.0,0.10563837418853339,0.013291271010087369,-0.011293099261820316,True
0.06540312923014306,0.9978589232386035,2.5301108451022936e-05,0.1404662955384659,0.024240971598746552,-0.011292273178696632,True
0.13052619222005157,0.9914448613738104,0.00012927663310454928,0.20560158357362557,0.0503325132054262,-0.011336605064570904,True
0.19509032201612825,0.9807852804032304,0.0,0.21006585448793724,0.06060140358012017,-0.011778791435062885,True
0.25881904510252074,0.9659258262890683,0.0,0.20150821997738233,0.05655818725949169,-0.012645198963582516,True
0.3214394653031616,0.9469301294951057,0.0,0.19233298644412677,0.052990921537238056,-0.014051070436835289,True
0.3826834323650898,0.9238795325112867,0.0,0.18514778903865547,0.04948904041024238,-0.01540288608521223,True
0.4422886902190013,0.8968727415326883,0.0,0.18943598857850708,0.05024819776320416,-0.01608027145266533,True
0.49999999999999994,0.8660254037844387,0.0,0.1943404206301651,0.05253730302733772,-0.016899118199944496,True
0.5555702330196022,0.8314696123025452,0.0,0.18949299711407885,0.05317276970840834,-0.01798456721007824,True
0.6087614290087207,0.7933533402912352,0.0,0.18127024536951541,0.04606567847353016,-0.019416647031903267,True
0.6593458151000688,0.7518398074789774,0.0,0.1724547034172217,0.0425352175976807,-0.021218465641140938,True
0.7071067811865476,0.7071067811865476,0.0,0.16640049247681343,0.041786913778280754,-0.023172296583652496,True
0.7518398074789773,0.659345815100069,0.0,0.16125490811858678,0.040437896200064494,-0.0252288356423378,True
0.7933533402912352,0.6087614290087207,0.0,0.1595324159055358,0.045749496346008944,-0.027652813121676445,True
0.8314696123025452,0.5555702330196023,0.0,0.16792517763748305,0.0470966901458818,-0.030347807332873344,True
0.8660254037844386,0.5000000000000001,0.0,0.16741346625690579,0.04813303059931551,-0.033623676747083664,True
0.8968727415326884,0.44228869021900125,3.0119707897052416e-05,0.17813001474057777,0.06517195711967433,-0.037656307220458984,True
0.9238795325112867,0.38268343236508984,0.0,0.17648210519732688,0.05704608440417769,-0.042518436908721924,True
0.9469301294951057,0.3214394653031615,0.0,0.16773754814196185,0.04468166093904069,-0.048600371927022934,True
0.9659258262890683,0.25881904510252074,0.0,0.16318832611547562,0.04121448068017142,-0.05524394288659096,True
0.9807852804032304,0.19509032201612833,0.0,0.16181854596786405,0.041425234582975035,-0.06304297596216202,True
0.9914448613738104,0.1305261922200517,0.0,0.16047713094138372,0.04014830708884537,-0.07219317555427551,True
0.9978589232386035,0.06540312923014305,0.0004309123948844426,0.15043251131684698,0.037142403444035244,-0.08208535611629486,True
1.0,6.123233995736766e-17,0.012011763687790193,0.14801090654668636,0.039317166263608705,-0.08707423787928495,True
0.9978589232386035,-0.06540312923014292,0.030001036553588288,0.14895872288921774,0.050458672978121566,-0.090153965961229,True
0.9914448613738105,-0.13052619222005138,0.048472231783016954,0.15289230869268589,0.06125866807601066,-0.09473567921826086,True
0.9807852804032305,-0.19509032201612797,0.07419667017401387,0.16815687490367415,0.08306804139110163,-0.0977069860838701,True
0.9659258262890683,-0.25881904510252085,0.09724806283419095,0.17832097984860806,0.10417242254877018,-0.10531036027251263,True
0.9469301294951057,-0.3214394653031616,0.15856450374732994,0.19154674123510662,0.13575965992193412,-0.0973060363797215,True
0.9238795325112867,-0.3826834323650897,0.2691967971074186,0.21673231171620144,0.1915894077625941,-0.08892705690930211,True
0.8968727415326884,-0.44228869021900113,0.3175630608641577,0.24755890168472838,0.24956184385897134,-0.11146396184953503,True
0.8660254037844387,-0.4999999999999998,0.3499125137929622,0.26058957385297865,0.26889338005129854,-0.13931509427376423,True
0.8314696123025451,-0.5555702330196023,0.3610402945790293,0.2868434688635546,0.2999969102156889,-0.1456442104490023,True
0.7933533402912352,-0.6087614290087207,0.45414719747283055,0.3042800389162694,0.33572010012320014,-0.1128834352076834,True
0.7518398074789774,-0.6593458151000688,0.4561839547088222,0.3198795970427082,0.35360255590507833,-0.1357834640045837,True
0.7071067811865476,-0.7071067811865475,0.5185362619220518,0.34630187103769505,0.3905660196403748,-0.1435632949710236,True
0.6593458151000686,-0.7518398074789776,0.5830463577634436,0.3737018250327102,0.4400407138337941,-0.19051498776178621,True
0.6087614290087204,-0.7933533402912353,0.5889083640341941,0.40093568745550545,0.47693879691507396,-0.22197993198570587,True
0.5555702330196022,-0.8314696123025453,0.6246054451344846,0.41295104026464236,0.5022956577138258,-0.2568879147649224,True
0.49999999999999994,-0.8660254037844387,0.6803175648330717,0.4199709257098774,0.5154506527271978,-0.2982415710018898,True
0.4422886902190013,-0.8968727415326883,0.7864407924540239,0.4363001670016342,0.5410064970980593,-0.42903404584957505,True
0.3826834323650899,-0.9238795325112867,0.7728870215187384,0.4679666924955752,0.5745910789754933,-0.527739252497208,True
0.32143946530316175,-0.9469301294951056,0.8301766660234395,0.49930208172198864,0.6177321966086999,-0.5373058946275018,True
0.258819045102521,-0.9659258262890682,0.7992729385568014,0.505969546377073,0.6173336388980051,-0.5352111541224288,True
0.19509032201612816,-0.9807852804032304,0.8193590322864269,0.525646778306158,0.6222461469108735,-0.51925881824197,True
0.13052619222005157,-0.9914448613738104,0.8231287055082493,0.5539449541418535,0.667393981047067,-0.5194433841815583,True
0.06540312923014312,-0.9978589232386035,0.8122793558481629,0.5702395067020196,0.6925747410452823,-0.503957120992317,True
1.2246467991473532e-16,-1.0,0.8088583619491907,0.5819949117559744,0.67563705985343,-0.45165950250359366,True
-0.06540312923014287,-0.9978589232386035,0.8404502704099127,0.601699267325623,0.695405076428073,-0.4337926022167814,True
-0.13052619222005132,-0.9914448613738105,0.8212706384409479,0.6070437673090554,0.6881667070868207,-0.4488714408580436,True
-0.19509032201612792,-0.9807852804032305,0.8196248853004601,0.6265214352071695,0.6867459631589339,-0.4456021082181585,True
-0.25881904510252035,-0.9659258262890684,0.8102063249117029,0.6533377198433883,0.7088616561537937,-0.44291741925435174,True
-0.3214394653031611,-0.9469301294951058,0.8051946897373552,0.6639698376914334,0.7069034632943192,-0.43230224893316965,True
-0.3826834323650892,-0.923879532511287,0.7672408007389292,0.676227504127134,0.6937348489628394,-0.42766268126310736,True
-0.44228869021900147,-0.8968727415326883,0.753289978558851,0.6949921778248167,0.6939216077221422,-0.4140356521378571,True
-0.5000000000000001,-0.8660254037844386,0.7539707125156212,0.6908363918924385,0.684538605630828,-0.4012834470219665,True
-0.5555702330196023,-0.8314696123025452,0.7091666249725596,0.7336544314007205,0.7047007433758881,0.027326099392554704,False
-0.6087614290087207,-0.7933533402912352,0.6735796591213463,0.7249824028794749,0.6705897545033201,0.09168491295755998,False
-0.6593458151000688,-0.7518398074789774,0.6358524970622483,0.7535613074056056,0.653815673437107,0.12984070627089084,False
-0.7071067811865475,-0.7071067811865477,0.5925053377364528,0.7540808643131758,0.6384728961974853,0.2708876872925401,False
-0.7518398074789773,-0.6593458151000691,0.5389026432907672,0.7565081802090414,0.6224821194274865,0.2816033665494557,False
-0.7933533402912349,-0.6087614290087209,0.5234735432803501,0.766219343887969,0.6085983606484904,0.29660154272538475,False
-0.8314696123025448,-0.555570233019603,0.47529193066341346,0.7771914853028825,0.5861737486881624,0.2642502392563887,False
-0.8660254037844385,-0.5000000000000004,0.3677099200590826,0.7643485710005054,0.5399717437006248,0.17461716539089128,False
-0.8968727415326883,-0.44228869021900136,0.26955907119992256,0.7401502394156516,0.4565022376980204,0.10907477217779143,False
-0.9238795325112868,-0.3826834323650895,0.2221368684037694,0.7159900682336064,0.4124863890880141,0.09096591982781044,False
-0.9469301294951056,-0.3214394653031618,0.21446658404227706,0.7007665049747884,0.38189873144394987,0.11249050222153917,False
-0.9659258262890683,-0.25881904510252063,0.1877326211192143,0.6955888928126608,0.3732167704034421,0.08742599989263466,False
-0.9807852804032303,-0.19509032201612866,0.16576422789330597,0.6818178765640632,0.3478157341664276,0.07262850559735765,False
-0.9914448613738104,-0.13052619222005163,0.14469070155074432,0.6762421264365013,0.33514329162775675,0.06018873312644499,False
-0.9978589232386035,-0.06540312923014362,0.10149864656356195,0.643107558553339,0.3027608669428909,0.022793326569301775,False
-1.0,-1.8369701987210297e-16,0.0652686215251233,0.6133203741793947,0.2693084218914286,-0.0074821577450703,True
-0.9978589232386036,0.06540312923014237,0.03283565955506496,0.5835241169142187,0.23764461346611493,-0.03332510672650371,True
-0.9914448613738104,0.13052619222005213,0.010062656383774371,0.5531242874661719,0.20864052107145853,-0.050053287486287665,True
-0.9807852804032304,0.1950903220161283,0.00033181240766152483,0.5267612842112195,0.18468243768082343,-0.05254657194018364,True
-0.9659258262890682,0.25881904510252113,0.0,0.5041308298412612,0.17255867651177897,-0.045737817883491516,True
-0.9469301294951057,0.3214394653031615,0.0,0.48465437884618057,0.1646121836102788,-0.04080658778548241,True
-0.9238795325112866,0.38268343236509,0.0,0.4631359921008462,0.16046780373569974,-0.036844998598098755,True
-0.8968727415326884,0.442288690219001,0.0,0.4420652095154647,0.15294261081989785,-0.03336513414978981,True
-0.8660254037844386,0.5000000000000001,0.0,0.4209589924909025,0.14297224948108928,-0.030136818066239357,True
-0.8314696123025455,0.5555702330196018,0.0,0.4079664190925656,0.1364689872214982,-0.027289696037769318,True
-0.7933533402912352,0.6087614290087205,0.0,0.39179290906014774,0.14325179122846304,-0.02484656497836113,True
-0.7518398074789777,0.6593458151000684,0.0,0.3555120742426603,0.14174536179370562,-0.022889019921422005,True
-0.7071067811865477,0.7071067811865474,0.0,0.35557032381766396,0.12910924312129662,-0.02104937843978405,True
-0.6593458151000687,0.7518398074789775,0.0,0.36211176338563145,0.12025690148358897,-0.019347356632351875,True
-0.608761429008721,0.7933533402912349,0.0,0.3576737920712807,0.12381701965352904,-0.01785689778625965,True
-0.5555702330196022,0.8314696123025452,0.0,0.3414194576206966,0.11978086011272998,-0.01690346747636795,True
-0.5000000000000004,0.8660254037844384,0.0,0.3217155786661512,0.11221186607742101,-0.016711659729480743,True
-0.4422886902190014,0.8968727415326883,0.0,0.3056470300179186,0.10208519385166587,-0.016340503469109535,True
-0.38268343236508956,0.9238795325112868,0.0,0.29621774166591863,0.09465348425025749,-0.015644367784261703,True
-0.32143946530316186,0.9469301294951056,0.0,0.2811735213034232,0.08694357309696937,-0.015008782967925072,True
-0.2588190451025207,0.9659258262890683,0.0,0.26589485143205494,0.0753548553638958,-0.014540531672537327,True
-0.19509032201612872,0.9807852804032303,0.0,0.26083268687959227,0.06834478023313922,-0.014250966720283031,True
-0.13052619222005168,0.9914448613738104,0.0,0.26109084009667205,0.07011603514317272,-0.014078247360885143,True
-0.06540312923014367,0.9978589232386035,0.0,0.2506377682609404,0.06872504659422646,-0.013986103236675262,True
0.0,1.0,0.0,0.23990291342158243,0.06686780500701034,-0.014059025794267654,True
0.06540312923014306,0.9978589232386035,0.0,0.2300243700555713,0.06161683939320706,-0.01423174049705267,True
0.13052619222005157,0.9914448613738104,0.0,0.21677185098168983,0.05663671569557971,-0.014383627101778984,True
0.19509032201612825,0.9807852804032304,0.0,0.2123069872446519,0.05658444410527802,-0.014506013132631779,True
0.25881904510252074,0.9659258262890683,0.0,0.20732200490886332,0.05137159820036419,-0.014742695726454258,True
0.3214394653031616,0.9469301294951057,0.0,0.19892542931080204,0.04792638272612737,-0.015146098099648952,True
0.3826834323650898,0.9238795325112867,0.0,0.19154598878444795,0.04570032081130104,-0.015682201832532883,True
0.4422886902190013,0.8968727415326883,0.0,0.18590836477787764,0.04355192861296475,-0.016443030908703804,True
0.49999999999999994,0.8660254037844387,0.0,0.17056279240101024,0.03778038488481644,-0.017373913899064064,True
0.5555702330196022,0.8314696123025452,0.0,0.16171804660348,0.031994608987960194,-0.018365873023867607,True
0.6087614290087207,0.7933533402912352,0.0,0.16757587056882195,0.04611696862043041,-0.019526906311511993,True
0.6593458151000688,0.7518398074789774,0.0,0.16083818436980968,0.04550417713890065,-0.02088041789829731,True
0.7071067811865476,0.7071067811865476,0.0,0.15481672412790215,0.04341304101107313,-0.022400910034775734,True
0.7518398074789773,0.659345815100069,0.0,0.15125705897421682,0.04062793952526805,-0.02433609776198864,True
0.7933533402912352,0.6087614290087207,0.0,0.1461895581349526,0.0374106808516268,-0.026594674214720726,True
0.8314696123025452,0.5555702330196023,0.0,0.13630256312214817,0.03265534189997377,-0.029299339279532433,True
0.8660254037844386,0.5000000000000001,0.0,0.1358320010876175,0.03434981260859704,-0.03255179151892662,True
0.8968727415326884,0.44228869021900125,0.0,0.1427967124896321,0.03839445493966798,-0.03636081516742706,True
0.9238795325112867,0.38268343236508984,0.0,0.14933395572724373,0.04132205908740255,-0.04072941839694977,True
0.9469301294951057,0.3214394653031615,0.0,0.15359765228487654,0.03779475182414049,-0.04591100290417671,True
0.9659258262890683,0.25881904510252074,0.0,0.15623737258684178,0.03941862251048445,-0.052513763308525085,True
0.9807852804032304,0.19509032201612833,0.0,0.1548168700176229,0.037218990038060173,-0.0606246180832386,True
0.9914448613738104,0.1305261922200517,0.0,0.14984103972532936,0.03357438303607635,-0.06997743993997574,True
0.9978589232386035,0.06540312923014305,0.00037967659177386886,0.15109704511107624,0.0342343482240654,-0.08044832199811935,True
1.0,6.123233995736766e-17,0.009024057785630197,0.1473487839976073,0.030892297859362927,-0.08404550264257947,True
0.9978589232386035,-0.06540312923014292,0.02905929060790972,0.15383106972637517,0.0415839701512033,-0.07747763972920897,True
0.9914448613738105,-0.13052619222005138,0.05600456372262154,0.17061218190101957,0.05632795928771683,-0.06935294791130234,True
0.9807852804032305,-0.19509032201612797,0.0830882041823532,0.18623903804247544,0.06909437935754498,-0.06538028307861758,True
0.9659258262890683,-0.25881904510252085,0.12046799488323559,0.2074385137008261,0.11497798795889508,-0.06319541264150999,True
0.9469301294951057,-0.3214394653031616,0.17445668486235308,0.22963716802147194,0.15932095184801226,-0.06314709571907753,True
0.9238795325112867,-0.3826834323650897,0.25525523108917975,0.2569715455634798,0.21457311268656326,-0.049608095240162964,True
0.8968727415326884,-0.44228869021900113,0.3011347541969875,0.28358607662553825,0.2559863673094345,-0.06256606341018078,True
0.8660254037844387,-0.4999999999999998,0.33184268556605695,0.30080778527497776,0.28603415091923884,-0.06541394459273558,True
0.8314696123025451,-0.5555702330196023,0.41169032118403626,0.332560304598732,0.34364850642132855,-0.030431611903142974,True
0.7933533402912352,-0.6087614290087207,0.4630572201325255,0.36331582402707685,0.38437043024479084,-0.018850844825497093,True
0.7518398074789774,-0.6593458151000688,0.47994275955691623,0.3822540137288881,0.4047820858498726,-0.03624936665301054,True
0.7071067811865476,-0.7071067811865475,0.519872810136169,0.4142323999605777,0.4467926741587284,-0.026073597464478904,True
0.6593458151000686,-0.7518398074789776,0.5579043737186538,0.4357745590421569,0.48244440554745144,-0.018346218361552258,True
0.6087614290087204,-0.7933533402912353,0.6177819613018353,0.4565296597764539,0.5184407013043157,-0.06809317599185172,True
0.5555702330196022,-0.8314696123025453,0.727207157337036,0.48893111668452716,0.603216056768614,-0.3101176036368199,True
0.49999999999999994,-0.8660254037844387,0.7537566438931553,0.5256612793663573,0.7009158807069034,-0.5722923931191748,True
0.4422886902190013,-0.8968727415326883,0.7915229371947194,0.5316396583420022,0.6851898641957943,-0.30533442467911315,True
0.3826834323650899,-0.9238795325112867,0.8117855936176601,0.5412408285441912,0.6757038631467647,-0.32379812708166905,True
0.32143946530316175,-0.9469301294951056,0.7072816252685585,0.5490458189269047,0.649380776648447,-0.3195178376110928,True
0.258819045102521,-0.9659258262890682,0.7851502312503522,0.5614622650554197,0.6530926981153025,-0.25901970468499336,True
0.19509032201612816,-0.9807852804032304,0.8809164611867908,0.5914120020887552,0.7199173924884197,-0.19056078658316578,True
0.13052619222005157,-0.9914448613738104,0.8365053945261772,0.6111777329915873,0.7446486299425523,-0.20554270250523454,True
0.06540312923014312,-0.9978589232386035,0.8272144236073053,0.6321027223380618,0.7283258853084809,-0.21413133907360904,True
1.2246467991473532e-16,-1.0,0.8424773977314636,0.654150947592719,0.7428110264195982,-0.2081103968890366,True
-0.06540312923014287,-0.9978589232386035,0.853082990690291,0.6865276524032073,0.8114654319679349,-0.21537532851454666,True
-0.13052619222005132,-0.9914448613738105,0.8401647294901349,0.707220522317078,0.8116459639876608,-0.22348443257873685,True
-0.19509032201612792,-0.9807852804032305,0.8326630027919291,0.724064286848368,0.7995618308082579,-0.22181203337383532,True
-0.25881904510252035,-0.9659258262890684,0.8232048054209636,0.7179174534541888,0.7948987832306185,-0.1858014023075128,True
-0.3214394653031611,-0.9469301294951058,0.7922205254919767,0.727066618353285,0.7602709950842081,-0.16679444608340138,True
-0.3826834323650892,-0.923879532511287,0.7993550615374546,0.7345727178150572,0.7578224684758919,0.10823390971019442,False
-0.44228869021900147,-0.8968727415326883,0.7495223970355934,0.7675171930926479,0.7999246914339677,0.16218214998790503,False
-0.5000000000000001,-0.8660254037844386,0.7211997252243016,0.7668117026024279,0.7606853064561969,0.16718336515363663,False
-0.5555702330196023,-0.8314696123025452,0.7064478702830188,0.7844068833301452,0.7743724514892292,0.16933460702785752,False
-0.6087614290087207,-0.7933533402912352,0.6930265369416162,0.7969274161977282,0.7621069596457608,0.18175095404961872,False
-0.6593458151000688,-0.7518398074789774,0.6348781438655146,0.8048982688253636,0.703846556370429,0.15852991182913934,False
-0.7071067811865475,-0.7071067811865477,0.603814919735973,0.8013940994915385,0.6708202298561416,0.16210094364551475,False
-0.7518398074789773,-0.6593458151000691,0.5506779149219193,0.8150569066553912,0.6697137239580344,0.14381897556032153,False
-0.7933533402912349,-0.6087614290087209,0.4036771069796412,0.8044021850383165,0.6041203155486636,0.05615604480222375,False
-0.8314696123025448,-0.555570233019603,0.4006967435356198,0.7998296250677455,0.5630162621981476,0.10034117027596501,False
-0.8660254037844385,-0.5000000000000004,0.3933370219350781,0.8059128444935033,0.5545997157369182,0.12024851562215616,False
-0.8968727415326883,-0.44228869021900136,0.3280944624043652,0.8143078228039273,0.533447274143114,0.07549998428943872,False
-0.9238795325112868,-0.3826834323650895,0.3199165319723616,0.8217309908596528,0.5096703612036906,0.08285733840421622,False
-0.9469301294951056,-0.3214394653031618,0.2534261695900097,0.8176648901136472,0.4838709884612374,0.04337690177136544,False
-0.9659258262890683,-0.25881904510252063,0.2167066683945067,0.8123191243872101,0.4473552781485149,0.035470964462387705,False
-0.9807852804032303,-0.19509032201612866,0.17072977253460006,0.7769711018318566,0.40567846546923353,0.009356168147067967,False
-0.9914448613738104,-0.13052619222005163,0.12361177668619602,0.7621095439082666,0.36325108149273705,-0.015507231634200896,True
-0.9978589232386035,-0.06540312923014362,0.08069778796742916,0.7413533127334409,0.3200448089964905,-0.03819132281624807,True
-1.0,-1.8369701987210297e-16,0.04822863279158835,0.7054259312776316,0.280141626779342,-0.052027270816031895,True
-0.9978589232386036,0.06540312923014237,0.025069804810250323,0.6674631447004886,0.24923675095709547,-0.059207085260411726,True
-0.9914448613738104,0.13052619222005213,0.007536636720235365,0.6327078928798968,0.22431862302192868,-0.06632445736105272,True
-0.9807852804032304,0.1950903220161283,0.0002514619965255658,0.6094052974647597,0.20980799127700117,-0.06326903402805328,True
-0.9659258262890682,0.25881904510252113,0.0,0.5830471194729578,0.19807982717815348,-0.0548752099275589,True
-0.9469301294951057,0.3214394653031615,0.0,0.5654581668814325,0.18931784104622723,-0.048194821923971176,True
-0.9238795325112866,0.38268343236509,0.0,0.5501718034226488,0.1839670793156281,-0.04293188825249672,True
-0.8968727415326884,0.442288690219001,0.0,0.5267708789024057,0.1766359969371381,-0.038648732006549835,True
-0.8660254037844386,0.5000000000000001,0.0,0.49678980274027684,0.1694353285664973,-0.03494200110435486,True
-0.8314696123025455,0.5555702330196018,0.0,0.46997552526934117,0.15980684664390848,-0.0318174734711647,True
-0.7933533402912352,0.6087614290087205,0.0,0.44456892505411316,0.1515748250514733,-0.02889743074774742,True
-0.7518398074789777,0.6593458151000684,0.0,0.4285507892135765,0.14476069985261036,-0.026111017912626266,True
-0.7071067811865477,0.7071067811865474,0.0,0.4054198235713564,0.1372762828191228,-0.023696133866906166,True
-0.6593458151000687,0.7518398074789775,0.0,0.3916266307616876,0.1317094425937561,-0.021778788417577744,True
-0.608761429008721,0.7933533402912349,0.0,0.3841556445296319,0.12898374508050664,-0.02020484395325184,True
-0.5555702330196022,0.8314696123025452,0.0,0.36678538315138254,0.12105061382918053,-0.018993498757481575,True
-0.5000000000000004,0.8660254037844384,0.0,0.36030093447357725,0.11787009277775534,-0.01793692074716091,True
-0.4422886902190014,0.8968727415326883,0.0,0.3480287055968616,0.11249876418852484,-0.017192363739013672,True
-0.38268343236508956,0.9238795325112868,0.0,0.3310924118803915,0.10228980365701706,-0.016603467985987663,True
-0.32143946530316186,0.9469301294951056,0.0,0.3195957202222357,0.0949999399183819,-0.016069749370217323,True
-0.2588190451025207,0.9659258262890683,0.0,0.30881512526856225,0.09284867864523699,-0.015703583136200905,True
-0.19509032201612872,0.9807852804032303,0.0,0.29935908376657006,0.08867641270502918,-0.01535817887634039,True
-0.13052619222005168,0.9914448613738104,0.0,0.29354860274888095,0.08535332915421462,-0.015098409727215767,True
-0.06540312923014367,0.9978589232386035,0.0,0.2886165988632683,0.08809349523627635,-0.01496419869363308,True
0.0,1.0,0.0,0.2770106523147835,0.08413993776368295,-0.014910116791725159,True
0.06540312923014306,0.9978589232386035,0.0,0.2684263805467615,0.08042606647313183,-0.014987418428063393,True
0.13052619222005157,0.9914448613738104,0.0,0.25923312758477546,0.08086009867544602,-0.015156116336584091,True
0.19509032201612825,0.9807852804032304,0.0,0.24696156551546555,0.07829859604342909,-0.015350451692938805,True
0.25881904510252074,0.9659258262890683,0.0,0.23495682635686888,0.07312106742666796,-0.015620237216353416,True
0.3214394653031616,0.9469301294951057,0.0,0.22590045765580413,0.06538951429870415,-0.01598522625863552,True
0.3826834323650898,0.9238795325112867,0.0,0.21580687725167969,0.058361754967773294,-0.016421282663941383,True
0.4422886902190013,0.8968727415326883,0.0,0.21270044886158468,0.057595571373403764,-0.017039485275745392,True
0.49999999999999994,0.8660254037844387,0.0,0.20983574833349006,0.05762348168138387,-0.01791655644774437,True
0.5555702330196022,0.8314696123025452,0.0,0.20029035545845342,0.052791512410238384,-0.01907328888773918,True
0.6087614290087207,0.7933533402912352,0.0,0.19854125970327097,0.05333934891657971,-0.020422156900167465,True
0.6593458151000688,0.7518398074789774,0.0,0.19008039639725816,0.05050734254670508,-0.02204744890332222,True
0.7071067811865476,0.7071067811865476,0.0,0.18306222482539902,0.04687983830028619,-0.02391272597014904,True
0.7518398074789773,0.659345815100069,0.0,0.17544005090080383,0.041781350679259976,-0.026046685874462128,True
0.7933533402912352,0.6087614290087207,0.0,0.17035040488408892,0.042148110729272215,-0.02859741449356079,True
0.8314696123025452,0.5555702330196023,0.0,0.16569113877635244,0.046291786856828554,-0.03148236498236656,True
0.8660254037844386,0.5000000000000001,0.0,0.15598145567328525,0.04177553920768584,-0.03486926853656769,True
0.8968727415326884,0.44228869021900125,0.0,0.1465562487674248,0.03652373001955683,-0.038699761033058167,True
0.9238795325112867,0.38268343236508984,0.0,0.1397336959651434,0.031560181422150224,-0.042960021644830704,True
0.9469301294951057,0.3214394653031615,0.0,0.14031599446471277,0.03036882072669206,-0.04780161380767822,True
0.9659258262890683,0.25881904510252074,0.0,0.13699364040109918,0.028891287331584914,-0.05360354855656624,True
0.9807852804032304,0.19509032201612833,0.0,0.1317160260339889,0.023421678293039094,-0.06049232929944992,True
0.9914448613738104,0.1305261922200517,0.0,0.12469340529826889,0.019988216095572442,-0.0686536431312561,True
0.9978589232386035,0.06540312923014305,0.001684088473641485,0.12419239245525393,0.019171753096742183,-0.0779861599468586,True
1.0,6.123233995736766e-17,0.01369392404424774,0.12511238293295923,0.020809781365664803,-0.07569128985686298,True
0.9978589232386035,-0.06540312923014292,0.03316819185543834,0.13543210166922193,0.029710691834824665,-0.06993626119521526,True
0.9914448613738105,-0.13052619222005138,0.06207326594617036,0.15291142295603088,0.04458410183600103,-0.053604626717765017,True
0.9807852804032305,-0.19509032201612797,0.09495188833761763,0.18368174581126384,0.07611891257192488,-0.038695693497280026,True
0.9659258262890683,-0.25881904510252085,0.13855000456291366,0.21353163056257496,0.13880615336794527,-0.053237209912402716,True
0.9469301294951057,-0.3214394653031616,0.20342497271969534,0.2313243665804976,0.16739529221618749,-0.04381540975074824,True
0.9238795325112867,-0.3826834323650897,0.3017666848283358,0.26977596067119647,0.23642856089504688,-0.023294732413282226,True
0.8968727415326884,-0.44228869021900113,0.352132512865782,0.30758814664376777,0.29925483749849774,-0.03555001127419116,True
0.8660254037844387,-0.4999999999999998,0.3862744077298621,0.34099201686969693,0.33787223424492013,-0.0355008698553404,True
0.8314696123025451,-0.5555702330196023,0.42546008993831197,0.36183122375315135,0.35662065228743706,-0.019160158870020982,True
0.7933533402912352,-0.6087614290087207,0.4778470141429745,0.37745754618400196,0.38911046724104276,0.012033455266886428,False
0.7518398074789774,-0.6593458151000688,0.5368204494946245,0.39692268464430347,0.43991328386601275,0.009461447132528611,False
0.7071067811865476,-0.7071067811865475,0.5917099309101266,0.43353191615352094,0.5043968913509749,-0.06952783228933351,True
0.6593458151000686,-0.7518398074789776,0.6497382425102284,0.45502674552150446,0.5874993348195086,-0.11398863462286568,True
0.6087614290087204,-0.7933533402912353,0.6924070383649551,0.48473085310383457,0.6305630398836177,-0.14809798607920016,True
0.5555702330196022,-0.8314696123025453,0.7307871526097642,0.50456140933242,0.6743848569050725,-0.14648940168827568,True
0.49999999999999994,-0.8660254037844387,0.7676342769806744,0.531258623000259,0.7306904295466312,-0.15760477240152904,True
0.4422886902190013,-0.8968727415326883,0.7997241803092189,0.5519806948057666,0.7600477534456762,-0.14769445262254827,True
0.3826834323650899,-0.9238795325112867,0.8231482932389237,0.5761216865624923,0.7837565672414304,-0.16447550636169023,True
0.32143946530316175,-0.9469301294951056,0.8473523490124703,0.590480250567784,0.781322942589723,-0.16958067327124615,True
0.258819045102521,-0.9659258262890682,0.854537080268687,0.5902817657426358,0.7848071242473336,-0.164521426105199,True
0.19509032201612816,-0.9807852804032304,0.8633502014886903,0.619540197178031,0.8077204249964831,-0.16204970599913038,True
0.13052619222005157,-0.9914448613738104,0.8693842049446413,0.6489776061867614,0.8425962016856847,-0.1568384615170687,True
0.06540312923014312,-0.9978589232386035,0.8671556943488546,0.6720723449218742,0.8765876802955423,-0.15318982916030738,True
1.2246467991473532e-16,-1.0,0.8592348735595381,0.6929016184483272,0.8974567714653661,-0.1457534520025872,True
-0.06540312923014287,-0.9978589232386035,0.8535283835827313,0.7166391829022096,0.9153220695373927,-0.13471894552292452,True
-0.13052619222005132,-0.9914448613738105,0.8457857653513733,0.7132111751872003,0.8729713529379703,-0.12334149724889654,True
-0.19509032201612792,-0.9807852804032305,0.8370195026732945,0.737937488102071,0.8950502570744792,-0.11279940237500419,True
-0.25881904510252035,-0.9659258262890684,0.8256701034475749,0.7694248068214171,0.9389402885023153,-0.07587044424476719,True
-0.3214394653031611,-0.9469301294951058,0.8135068075108154,0.76143409844514,0.89905266923005,-0.07833724613209492,True
-0.3826834323650892,-0.923879532511287,0.7969940105888343,0.7687981081242747,0.9211961028860081,-0.12533010348193768,True
-0.44228869021900147,-0.8968727415326883,0.7802797690908311,0.7868353965300368,0.9308433265751381,-0.0901687482309676,True
-0.5000000000000001,-0.8660254037844386,0.7571474785473817,0.7871893236709488,0.8638552443828613,-0.06020046990734862,True
-0.5555702330196023,-0.8314696123025452,0.7270806123198822,0.8242960882224728,0.9128563326197681,-0.02206850268047411,True
-0.6087614290087207,-0.7933533402912352,0.6898310772960804,0.8231237108583167,0.8638685702396254,0.04378860882866942,False
-0.6593458151000688,-0.7518398074789774,0.6488117814077309,0.8340689701857122,0.8448323531529878,0.12002996694628576,False
-0.7071067811865475,-0.7071067811865477,0.6042265781923208,0.8367225931164326,0.7944154398554117,0.17067720250879803,False
-0.7518398074789773,-0.6593458151000691,0.5584465819981409,0.8549485982269924,0.7473435099743491,0.16527804224555298,False
-0.7933533402912349,-0.6087614290087209,0.5153379105373268,0.8520368752674978,0.713669636403996,0.1518809036344324,False
-0.8314696123025448,-0.555570233019603,0.4675820389245012,0.853864626883089,0.6590470329875435,0.1319532909359808,False
-0.8660254037844385,-0.5000000000000004,0.42039710584522755,0.8527265069463092,0.611839232140456,0.10710535708221625,False
-0.8968727415326883,-0.44228869021900136,0.3705990062408334,0.875275977144131,0.5983428147461083,0.08188974080010925,False
-0.9238795325112868,-0.3826834323650895,0.3194760004580763,0.8729371464207814,0.5604551396852036,0.0629028457441207,False
-0.9469301294951056,-0.3214394653031618,0.2654457098969522,0.8752355225230473,0.5240402296877686,0.038332885619500934,False
-0.9659258262890683,-0.25881904510252063,0.21624193832413877,0.8743104318289057,0.4911068010524488,0.014088966082489607,False
-0.9807852804032303,-0.19509032201612866,0.16879869963151467,0.8572675975271575,0.43509525060037474,-0.007966480289276684,True
-0.9914448613738104,-0.13052619222005163,0.1237730598045175,0.8546732920337867,0.3945811396958481,-0.030849155961383268,True
-0.9978589232386035,-0.06540312923014362,0.08315308159681732,0.8262513784601446,0.35339638462461304,-0.051243827731999925,True
-1.0,-1.8369701987210297e-16,0.027714752451744498,0.7550441399876575,0.29719444885171437,-0.0834864716866128,True
-0.9978589232386036,0.06540312923014237,0.00766893595190537,0.6920596675021,0.23983269019479087,-0.0859790714582422,True
-0.9914448613738104,0.13052619222005213,0.002225422646419732,0.663851617861964,0.21242716514837873,-0.08016840378608092,True
-0.9807852804032304,0.1950903220161283,5.587740359538776e-05,0.6528219549342287,0.20743601876606127,-0.06860392540693283,True
-0.9659258262890682,0.25881904510252113,0.0,0.6379021242445257,0.2000566726924599,-0.0591944083571434,True
-0.9469301294951057,0.3214394653031615,0.0,0.619770434160583,0.19449270731743112,-0.052640315145254135,True
-0.9238795325112866,0.38268343236509,0.0,0.586915823800459,0.1981228305061798,-0.047791119664907455,True
-0.8968727415326884,0.442288690219001,0.0,0.5470320339690815,0.19372595353205874,-0.043368399143218994,True
-0.8660254037844386,0.5000000000000001,0.0,0.5191955783055042,0.18113134963791727,-0.03885259851813316,True
-0.8314696123025455,0.5555702330196018,0.0,0.5056037857836977,0.17019692589473906,-0.034278735518455505,True
-0.7933533402912352,0.6087614290087205,0.0,0.4957035809765227,0.16503300449969788,-0.030033130198717117,True
-0.7518398074789777,0.6593458151000684,0.0,0.496465756209058,0.1695139059830409,-0.02695075422525406,True
-0.7071067811865477,0.7071067811865474,0.0,0.4794911136620197,0.1623615862548911,-0.02504376880824566,True
-0.6593458151000687,0.7518398074789775,0.0,0.4708829202649891,0.15798528456721267,-0.023682618513703346,True
-0.608761429008721,0.7933533402912349,0.0,0.4565541417732404,0.15265444702506598,-0.02248958870768547,True
-0.5555702330196022,0.8314696123025452,0.0,0.43902352792905375,0.14284017023689793,-0.021437691524624825,True
-0.5000000000000004,0.8660254037844384,0.0,0.4220760594380337,0.13342733508205412,-0.02040497399866581,True
-0.4422886902190014,0.8968727415326883,0.0,0.40484046139389607,0.12304375478910207,-0.019572418183088303,True
-0.38268343236508956,0.9238795325112868,0.0,0.39186081867737044,0.11616335992607946,-0.01877717673778534,True
-0.32143946530316186,0.9469301294951056,0.0,0.38552034450095074,0.11966711403496294,-0.01812402904033661,True
-0.2588190451025207,0.9659258262890683,0.0,0.36824483336073,0.11426996835817688,-0.017610419541597366,True
-0.19509032201612872,0.9807852804032303,0.0,0.35498350544655866,0.10832336114432445,-0.01719888485968113,True
-0.13052619222005168,0.9914448613738104,0.0,0.3534332518990775,0.11357599162265458,-0.016864217817783356,True
-0.06540312923014367,0.9978589232386035,0.0,0.3328977717239401,0.10875971022629988,-0.01660812273621559,True
0.0,1.0,0.0,0.31677887246807757,0.10077044762065718,-0.016420351341366768,True
0.06540312923014306,0.9978589232386035,0.0,0.3022768330113812,0.092411485691484,-0.016367565840482712,True
0.13052619222005157,0.9914448613738104,0.0,0.28889535901926244,0.08473821147285593,-0.016373585909605026,True
0.19509032201612825,0.9807852804032304,0.0,0.2832130625086462,0.0826844496140175,-0.016386162489652634,True
0.25881904510252074,0.9659258262890683,0.0,0.27023374894201857,0.07744705966721738,-0.016672393307089806,True
0.3214394653031616,0.9469301294951057,0.0,0.26710306246277393,0.0754828582493246,-0.01711857318878174,True
0.3826834323650898,0.9238795325112867,0.0,0.2683978230906716,0.08556616140483492,-0.017737852409482002,True
0.4422886902190013,0.8968727415326883,0.0,0.26725674975354785,0.0923858842319571,-0.01854674331843853,True
0.49999999999999994,0.8660254037844387,0.0,0.26088728524134175,0.0883651430247166,-0.01948150247335434,True
0.5555702330196022,0.8314696123025452,0.0,0.2548597558609813,0.08347970100187213,-0.020696347579360008,True
0.6087614290087207,0.7933533402912352,0.0,0.2470459193935619,0.075962318287433,-0.022061169147491455,True
0.6593458151000688,0.7518398074789774,0.0,0.24521928429122974,0.07155702309494644,-0.02376401610672474,True
0.7071067811865476,0.7071067811865476,0.0,0.2348719180978307,0.06397238833101387,-0.02593144401907921,True
0.7518398074789773,0.659345815100069,0.0,0.22167634277566095,0.05346075713889703,-0.02854587510228157,True
0.7933533402912352,0.6087614290087207,0.0,0.21102614235352757,0.04838785387389882,-0.031618718057870865,True
0.8314696123025452,0.5555702330196023,0.0,0.20337369829683327,0.042725727823624604,-0.035132575780153275,True
0.8660254037844386,0.5000000000000001,0.0,0.19352306442228384,0.036534915212276864,-0.038916949182748795,True
0.8968727415326884,0.44228869021900125,0.0,0.1795830839288679,0.03612628465600143,-0.04328632727265358,True
0.9238795325112867,0.38268343236508984,0.0,0.18495794208238703,0.0363393447054009,-0.04816087335348129,True
0.9469301294951057,0.3214394653031615,0.0,0.18498488032011662,0.03507588301927672,-0.05382796749472618,True
0.9659258262890683,0.25881904510252074,0.0,0.16917058663998197,0.030180618283330907,-0.06033201515674591,True
0.9807852804032304,0.19509032201612833,0.0,0.15738924541847554,0.03332934177322411,-0.06782716512680054,True
0.9914448613738104,0.1305261922200517,0.0,0.1590882185699214,0.03590665118653247,-0.0769694596529007,True
0.9978589232386035,0.06540312923014305,0.001309066791706883,0.15160441420855708,0.032923962641721094,-0.08603106439113617,True
1.0,6.123233995736766e-17,0.012886805064430316,0.1586811130185357,0.03275772091781293,-0.08439548984465275,True
0.9978589232386035,-0.06540312923014292,0.032068328332024956,0.1657364056155881,0.045995814248743994,-0.07930400519481623,True
0.9914448613738105,-0.13052619222005138,0.05343529166203606,0.19730629501840524,0.06556198551362208,-0.07280551403454655,True
0.9807852804032305,-0.19509032201612797,0.07956670371698543,0.2209353438615791,0.08235446702002319,-0.06419064361006357,True
0.9659258262890683,-0.25881904510252085,0.1497852917781224,0.24270130521219313,0.10194363116334909,-0.06270131614583052,True
0.9469301294951057,-0.3214394653031616,0.22008771758885406,0.2775253533318134,0.16124249837829646,-0.07035274374179407,True
0.9238795325112867,-0.3826834323650897,0.2865551420455726,0.3276074669676792,0.2649689860278473,-0.0881903260189103,True
0.8968727415326884,-0.44228869021900113,0.3452579144838897,0.3556787550455054,0.33091462744428163,-0.10191821568003073,True
0.8660254037844387,-0.4999999999999998,0.39510413424399726,0.38633741012675604,0.38905869599006176,-0.0945977506543853,True
0.8314696123025451,-0.5555702330196023,0.4401663541862478,0.4237160517383083,0.44330164101285435,-0.07159587550601759,True
0.7933533402912352,-0.6087614290087207,0.4857883600572523,0.4559473314687468,0.4919676029890792,-0.04416282357924811,True
0.7518398074789774,-0.6593458151000688,0.5359834883942473,0.48707117965371993,0.5458868720233592,-0.023418270831173427,True
0.7071067811865476,-0.7071067811865475,0.5871268278751057,0.5199693923868487,0.5943809764780477,-0.01352393190718515,True
0.6593458151000686,-0.7518398074789776,0.6387550703066229,0.5600326011158459,0.6343510894219933,-0.014923371868296398,True
0.6087614290087204,-0.7933533402912353,0.6843831555888127,0.5871684410855378,0.6691894042921207,-0.12290685686787267,True
0.5555702330196022,-0.8314696123025453,0.7205203707564962,0.6040393302657001,0.6892742429873948,-0.1766076620187063,True
0.49999999999999994,-0.8660254037844387,0.7552151221564399,0.6369599633816425,0.7145211104887677,-0.17764667043002697,True
0.4422886902190013,-0.8968727415326883,0.7806562168364328,0.655835121098435,0.7509810398210301,-0.19773190962672565,True
0.3826834323650899,-0.9238795325112867,0.8154661413222367,0.6967425749289189,0.7909134681542338,-0.22257291833332232,True
0.32143946530316175,-0.9469301294951056,0.8397958054718464,0.690133080232123,0.7660065292786646,-0.25540543004652744,True
0.258819045102521,-0.9659258262890682,0.8537414525990119,0.7036456737930377,0.7966963234922702,-0.2556358516560648,True
0.19509032201612816,-0.9807852804032304,0.8636884409498559,0.7244854720497731,0.7826059504273919,-0.24947684585935198,True
0.13052619222005157,-0.9914448613738104,0.8675804978540684,0.7239612737064034,0.7914719881010763,-0.2479947771896498,True
0.06540312923014312,-0.9978589232386035,0.8643827392346083,0.7304150384672659,0.8112745933548067,-0.24521882221078906,True
1.2246467991473532e-16,-1.0,0.855040806550213,0.7626484520318162,0.8335313778737614,-0.23920775888377382,True
-0.06540312923014287,-0.9978589232386035,0.8416196485570275,0.7801141746320424,0.8315018045271154,-0.23427761968341404,True
-0.13052619222005132,-0.9914448613738105,0.8304677188525873,0.7881088108133609,0.8539028111549982,-0.1926354292814585,True
-0.19509032201612792,-0.9807852804032305,0.8177808187871668,0.790140937606747,0.8160450780003259,-0.17901589306530574,True
-0.25881904510252035,-0.9659258262890684,0.8079560230789129,0.8235198420996033,0.8288373296832896,-0.21288310727121745,True
-0.3214394653031611,-0.9469301294951058,0.7855030348026006,0.841612345637182,0.8030279512698688,-0.1493922974889319,True
-0.3826834323650892,-0.923879532511287,0.7729649817000809,0.8497382705311456,0.7669740417066988,-0.12216750965351719,True
-0.44228869021900147,-0.8968727415326883,0.7691482934703224,0.8674892736441351,0.7740816876402796,-0.13896428684697804,True
-0.5000000000000001,-0.8660254037844386,0.7419167321325292,0.8991652033848825,0.8214299719448848,-0.17518121807066644,True
-0.5555702330196023,-0.8314696123025452,0.7190148636348372,0.9076408820914537,0.8210880807297296,-0.14854783997027204,True
-0.6087614290087207,-0.7933533402912352,0.6782377711588014,0.9153492196199042,0.780907325576266,-0.08351429863404947,True
-0.6593458151000688,-0.7518398074789774,0.6401808269627747,0.909544954134544,0.7432883609885099,-0.021901357425192614,True
-0.7071067811865475,-0.7071067811865477,0.5910799376767706,0.915367992633642,0.756414880237346,0.03747655964969743,False
-0.7518398074789773,-0.6593458151000691,0.5495222123038094,0.9348802132046383,0.7599962548343873,0.03800794212822367,False
-0.7933533402912349,-0.6087614290087209,0.5048686201349746,0.9347377741059197,0.7137231712736203,0.036838458347076775,False
-0.8314696123025448,-0.555570233019603,0.46207021445619834,0.9248631618849743,0.6508359256530751,0.03899360318950912,False
-0.8660254037844385,-0.5000000000000004,0.40219565511852295,0.9271928442829684,0.6274889578737126,0.03012527117142344,False
-0.8968727415326883,-0.44228869021900136,0.3570406158497687,0.9340877701717185,0.611510911808282,0.024215884402410348,False
-0.9238795325112868,-0.3826834323650895,0.3063260051342414,0.9361442360970968,0.5742772200237038,0.013658521848742833,False
-0.9469301294951056,-0.3214394653031618,0.25297586566078206,0.9501051550740589,0.5406019603014978,0.00975797803666062,False
-0.9659258262890683,-0.25881904510252063,0.20395266216262692,0.9728248129737416,0.5207253700199086,-0.0070163888943998165,True
-0.9807852804032303,-0.19509032201612866,0.15854789777322972,0.9469240580558147,0.4829310893847773,-0.02765210602393775,True
-0.9914448613738104,-0.13052619222005163,0.1169624171689078,0.8918298973036378,0.4201080787812543,-0.05095246737469894,True
-0.9978589232386035,-0.06540312923014362,0.08000087843159179,0.8706031272223702,0.37533225264353104,-0.06863332809315159,True
-1.0,-1.8369701987210297e-16,0.0492607746398961,0.8286041455275854,0.33064424335655523,-0.07901222489368634,True
-0.9978589232386036,0.06540312923014237,0.021156757866651,0.7884615066198157,0.291484149730087,-0.08492575420137914,True
-0.9914448613738104,0.13052619222005213,0.0034770785125558435,0.7434099484958803,0.2553178167597539,-0.08762190829832768,True
-0.9807852804032304,0.1950903220161283,0.00015654821527208703,0.728368465314448,0.23790855687179785,-0.07739544659852982,True
-0.9659258262890682,0.25881904510252113,0.0,0.7059530380255521,0.225848201001764,-0.06728459894657135,True
-0.9469301294951057,0.3214394653031615,0.0,0.6953228768012956,0.22512106930656578,-0.05970637500286102,True
-0.9238795325112866,0.38268343236509,0.0,0.6853555044293698,0.2375548706374198,-0.05367704853415489,True
-0.8968727415326884,0.442288690219001,0.0,0.6642575256051699,0.23355303546467593,-0.04889032989740372,True
-0.8660254037844386,0.5000000000000001,0.0,0.6242852042820768,0.2222308864252613,-0.04423921927809715,True
-0.8314696123025455,0.5555702330196018,0.0,0.5835149754579683,0.21500113320721187,-0.04005242884159088,True
-0.7933533402912352,0.6087614290087205,0.0,0.5465495982757627,0.20193139294040768,-0.035870831459760666,True
-0.7518398074789777,0.6593458151000684,0.0,0.5159476987705407,0.19084520169372426,-0.03195880353450775,True
-0.7071067811865477,0.7071067811865474,0.0,0.4854737417151902,0.17844299788782464,-0.028280753642320633,True
-0.6593458151000687,0.7518398074789775,0.0,0.4623602462883436,0.17031455687122848,-0.025272414088249207,True
-0.608761429008721,0.7933533402912349,0.0,0.4406877555054838,0.16164169114935284,-0.023001359775662422,True
-0.5555702330196022,0.8314696123025452,0.0,0.4159651622428473,0.15183513453369407,-0.02121763862669468,True
-0.5000000000000004,0.8660254037844384,0.0,0.40093748539665164,0.1447756602089933,-0.019752494990825653,True
-0.4422886902190014,0.8968727415326883,0.0,0.38402903890855633,0.13618204749187962,-0.018586859107017517,True
-0.38268343236508956,0.9238795325112868,0.0,0.3638180602641148,0.1219155106161825,-0.017640596255660057,True
-0.32143946530316186,0.9469301294951056,0.0,0.352930343876108,0.11219787308503731,-0.016875699162483215,True
-0.2588190451025207,0.9659258262890683,0.0,0.35539562576018513,0.12078765109848094,-0.016366230323910713,True
-0.19509032201612872,0.9807852804032303,0.0,0.34237537175655053,0.1195233103668612,-0.01600971817970276,True
-0.13052619222005168,0.9914448613738104,0.0,0.32912129679872293,0.11338071080939455,-0.015802541747689247,True
-0.06540312923014367,0.9978589232386035,0.0,0.318886233992149,0.10880134986011142,-0.01571127213537693,True
0.0,1.0,0.0,0.29938470920687155,0.09928847108624089,-0.015634708106517792,True
0.06540312923014306,0.9978589232386035,0.0,0.2846066549467501,0.08858043002407406,-0.015557182021439075,True
0.13052619222005157,0.9914448613738104,0.0,0.2765278599951433,0.07949776664279823,-0.015617523342370987,True
0.19509032201612825,0.9807852804032304,0.0,0.27630825285909766,0.07778152008123956,-0.01578814722597599,True
0.25881904510252074,0.9659258262890683,0.0,0.2713581892123911,0.078340965401752,-0.016101907938718796,True
0.3214394653031616,0.9469301294951057,0.0,0.26606406630470225,0.08270194470898123,-0.016712607815861702,True
0.3826834323650898,0.9238795325112867,0.0,0.2576895025982333,0.08921896931159362,-0.017535679042339325,True
0.4422886902190013,0.8968727415326883,0.0,0.26195460965424444,0.10578299828858712,-0.018403291702270508,True
0.49999999999999994,0.8660254037844387,0.0,0.26859871336319263,0.1117183248275761,-0.019187476485967636,True
0.5555702330196022,0.8314696123025452,0.0,0.2676932529345728,0.10666244269231223,-0.020066339522600174,True
0.6087614290087207,0.7933533402912352,0.0,0.26743133343096437,0.11223810388626893,-0.021250998601317406,True
0.6593458151000688,0.7518398074789774,0.0,0.26746735735284766,0.11454127375439344,-0.02298709750175476,True
0.7071067811865476,0.7071067811865476,0.0,0.2673438090509721,0.11445666197545684,-0.025281120091676712,True
0.7518398074789773,0.659345815100069,0.0,0.2665110809819533,0.10987882680702793,-0.02787562645971775,True
0.7933533402912352,0.6087614290087207,0.0,0.2567925689354347,0.08915309097053786,-0.03076961450278759,True
0.8314696123025452,0.5555702330196023,0.0,0.24770908932370816,0.07733241193759083,-0.034445784986019135,True
0.8660254037844386,0.5000000000000001,0.0,0.238680103839779,0.07003375799187622,-0.03899664431810379,True
0.8968727415326884,0.44228869021900125,0.0,0.23920920061172812,0.06688343958828918,-0.04443211853504181,True
0.9238795325112867,0.38268343236508984,0.0,0.2398470321125541,0.06807488785862087,-0.050702206790447235,True
0.9469301294951057,0.3214394653031615,0.0,0.23437244021634718,0.06381588204278582,-0.057560574263334274,True
0.9659258262890683,0.25881904510252074,0.0,0.23495475951229183,0.06445236159803663,-0.06541938334703445,True
0.9807852804032304,0.19509032201612833,0.0,0.2335407047646083,0.06610655847401564,-0.07472126930952072,True
0.9914448613738104,0.1305261922200517,0.0,0.22448157840120175,0.06399951001895515,-0.08491667360067368,True
0.9978589232386035,0.06540312923014305,0.0012146243054116785,0.21481830240891253,0.05996969250523304,-0.09620591998100281,True
1.0,6.123233995736766e-17,0.011079770204577762,0.2250460165958188,0.06738892572367056,-0.10008963527155368,True
0.9978589232386035,-0.06540312923014292,0.03193579536469645,0.237885609654092,0.08143626420325784,-0.09518336654117662,True
0.9914448613738105,-0.13052619222005138,0.05946490182291083,0.24862553855686986,0.10161216068886308,-0.08648649152776444,True
0.9807852804032305,-0.19509032201612797,0.08847436163096013,0.26913561526675034,0.128168764831118,-0.08054176334221314,True
0.9659258262890683,-0.25881904510252085,0.14021724617234463,0.29419553896569495,0.16444510802881546,-0.08501849890263635,True
0.9469301294951057,-0.3214394653031616,0.19105224278477964,0.31716595684511084,0.20645611049022888,-0.09025888738219864,True
0.9238795325112867,-0.3826834323650897,0.2523376843079989,0.3472047749616356,0.25422292369142224,-0.08966873408440143,True
0.8968727415326884,-0.44228869021900113,0.31406731128767806,0.3700185948770307,0.2951531258472994,-0.08780474143201095,True
0.8660254037844387,-0.4999999999999998,0.3682031339628855,0.39240852146186334,0.34410486602724594,-0.08144101533118253,True
0.8314696123025451,-0.5555702330196023,0.41484698013554655,0.4252624710014168,0.3893922490758455,-0.07194110049334906,True
0.7933533402912352,-0.6087614290087207,0.4591390316888036,0.447330934847074,0.43920504732351934,-0.05940662284479298,True
0.7518398074789774,-0.6593458151000688,0.5068670171606166,0.48348923609974626,0.5012795864685622,-0.04399940938991914,True
0.7071067811865476,-0.7071067811865475,0.5585889212951546,0.5088744640694607,0.5458679897602481,-0.02723654188642577,True
0.6593458151000686,-0.7518398074789776,0.6110071493409815,0.5377841972658277,0.6152187245436649,-0.012196272293255261,True
0.6087614290087204,-0.7933533402912353,0.6557301531988209,0.557979772161356,0.6527303084059373,-0.07536155372603093,True
0.5555702330196022,-0.8314696123025453,0.70468056585681,0.5762797843232654,0.6830968253904381,-0.10921037310389448,True
0.49999999999999994,-0.8660254037844387,0.7377417047363999,0.607181635490591,0.7383284396714678,-0.14696481446314424,True
0.4422886902190013,-0.8968727415326883,0.7685344930098241,0.6254466175452635,0.7313982143832318,-0.1640845537285941,True
0.3826834323650899,-0.9238795325112867,0.7972324632314408,0.6532956293038248,0.7700583643499901,-0.2435771450527185,True
0.32143946530316175,-0.9469301294951056,0.8169358912685178,0.672019303641437,0.7735533122389531,-0.23765371556949372,True
0.258819045102521,-0.9659258262890682,0.8327557118065992,0.6840124178154754,0.7574810789138045,-0.2110548993461449,True
0.19509032201612816,-0.9807852804032304,0.8416626680274734,0.6840192486684264,0.7531502476471541,-0.31856231869469603,True
0.13052619222005157,-0.9914448613738104,0.8449530421606876,0.7136164149256334,0.818292752491639,-0.3371935237993332,True
0.06540312923014312,-0.9978589232386035,0.8430157364768779,0.7292213429281709,0.8136486943094643,-0.3352708933356872,True
1.2246467991473532e-16,-1.0,0.8308345591645574,0.7430157857890347,0.7886052699317085,-0.3285815476352742,True
-0.06540312923014287,-0.9978589232386035,0.8246778301484522,0.766543484191933,0.7933897713657843,-0.28388496052463896,True
-0.13052619222005132,-0.9914448613738105,0.8166410999718645,0.7718855847148276,0.7909079201261222,-0.27072872012121013,True
-0.19509032201612792,-0.9807852804032305,0.8115153468869706,0.8035459958854649,0.8504774770113146,-0.2779657542921598,True
-0.25881904510252035,-0.9659258262890684,0.8029575024280704,0.8090838643446641,0.806493236114,-0.2691155033736103,True
-0.3214394653031611,-0.9469301294951058,0.7902257617479245,0.8067270664355974,0.7913635341434127,-0.23859931807935147,True
-0.3826834323650892,-0.923879532511287,0.7747348999047654,0.8338281987048834,0.8319811967461306,-0.21483594915427923,True
-0.44228869021900147,-0.8968727415326883,0.7514900030419472,0.8486430575491957,0.7862218635084677,-0.18467763416525085,True
-0.5000000000000001,-0.8660254037844386,0.7291601983735785,0.8669449720122417,0.7954429066416477,-0.1607026992189743,True
-0.5555702330196023,-0.8314696123025452,0.7011175098892634,0.8842997846457863,0.8013874306988735,-0.1277359682697019,True
-0.6087614290087207,-0.7933533402912352,0.664213438355153,0.8946998615202795,0.7809184460731413,-0.062473557086703324,True
-0.6593458151000688,-0.7518398074789774,0.6252030140220689,0.8989398735275775,0.7617793362439973,-0.030305749030298035,True
-0.7071067811865475,-0.7071067811865477,0.582954977982826,0.8978089252522203,0.694988221691391,0.0803393043322117,False
-0.7518398074789773,-0.6593458151000691,0.5375716288705488,0.9273128708132699,0.7063614139924133,0.0733494278936836,False
-0.7933533402912349,-0.6087614290087209,0.49225399883057813,0.9149105229254737,0.6947612147546929,0.0630434530519991,False
-0.8314696123025448,-0.555570233019603,0.4446553251682579,0.9283722145857618,0.68052392870471,0.05144013641978762,False
-0.8660254037844385,-0.5000000000000004,0.3990312055781662,0.9296845347904259,0.6312857715921039,0.04095314314590459,False
-0.8968727415326883,-0.44228869021900136,0.35068603575583557,0.9777153373550991,0.6410545903530833,0.03729355839367271,False
-0.9238795325112868,-0.3826834323650895,0.3016803012898049,0.9893378985056758,0.5961510712255063,0.030689963303471512,False
-0.9469301294951056,-0.3214394653031618,0.2491916041932991,0.9888752881856873,0.5518453771253069,0.005930848495999841,False
-0.9659258262890683,-0.25881904510252063,0.2010823186465422,0.9661841085268132,0.5012116457677436,-0.029770900017529495,True
-0.9807852804032303,-0.19509032201612866,0.155600663614146,0.9610116155499362,0.467736512751085,-0.053568506756432654,True
-0.9914448613738104,-0.13052619222005163,0.11365330209400965,0.9999999999999998,0.4351316204477827,-0.0696473134047691,True
-0.9978589232386035,-0.06540312923014362,0.0777066595802303,0.9332694819711411,0.38832713887599085,-0.08240475070730269,True
-1.0,-1.8369701987210297e-16,0.04682386725858855,0.8958901240820192,0.3449872783838352,-0.09205225717408494,True
-0.9978589232386036,0.06540312923014237,0.024171433362329103,0.8057659470301037,0.29983158789161907,-0.09725905245989702,True
-0.9914448613738104,0.13052619222005213,0.008590761833184964,0.7672301048707437,0.2699202214939434,-0.09752187158611458,True
-0.9807852804032304,0.1950903220161283,0.0006041496066957308,0.7473786088352048,0.2550616981305898,-0.08666934818029404,True
-0.9659258262890682,0.25881904510252113,0.0,0.7311489690085871,0.24924587753299215,-0.07282212376594543,True
-0.9469301294951057,0.3214394653031615,0.0,0.6969738983645148,0.2470596789916169,-0.06151822209358215,True
-0.9238795325112866,0.38268343236509,0.0,0.6384072235122056,0.23497369727097867,-0.05500805005431175,True
-0.8968727415326884,0.442288690219001,0.0,0.6136263342293278,0.2277154558449776,-0.04907955601811409,True
-0.8660254037844386,0.5000000000000001,0.0,0.5812309162734537,0.21504902035267642,-0.04303445294499397,True
-0.8314696123025455,0.5555702330196018,0.0,0.5565751812137354,0.20572922292889056,-0.03714878112077713,True
-0.7933533402912352,0.6087614290087205,0.0,0.5321649320470163,0.19557579247694606,-0.032404813915491104,True
-0.7518398074789777,0.6593458151000684,0.0,0.514351753696638,0.18960914630768327,-0.02929004095494747,True
-0.7071067811865477,0.7071067811865474,0.0,0.48947605544172657,0.18022068943950925,-0.026664594188332558,True
-0.6593458151000687,0.7518398074789775,0.0,0.46883121620532786,0.17238344417239865,-0.024566933512687683,True
-0.608761429008721,0.7933533402912349,0.0,0.4488653126309503,0.1662056897108713,-0.02279667742550373,True
-0.5555702330196022,0.8314696123025452,0.0,0.43154250089205903,0.15997133025203775,-0.021285424008965492,True
-0.5000000000000004,0.8660254037844384,0.0,0.4132778719976453,0.15271872162801375,-0.01993299275636673,True
-0.4422886902190014,0.8968727415326883,0.0,0.3953291454589096,0.14577248188730324,-0.018833164125680923,True
-0.38268343236508956,0.9238795325112868,0.0,0.37669442017901367,0.13414727619352657,-0.017902977764606476,True
-0.32143946530316186,0.9469301294951056,0.0,0.3638065184650565,0.12517005417443866,-0.017150510102510452,True
-0.2588190451025207,0.9659258262890683,0.0,0.3469665288539425,0.1219144442501891,-0.016557881608605385,True
-0.19509032201612872,0.9807852804032303,0.0,0.3372188762335826,0.11687679662638323,-0.016100335866212845,True
-0.13052619222005168,0.9914448613738104,0.0,0.32919900598293506,0.11378214384139346,-0.015785887837409973,True
-0.06540312923014367,0.9978589232386035,0.0,0.32015494640414666,0.1084873866761275,-0.01557761337608099,True
0.0,1.0,0.0,0.31013131404010896,0.10414300462930531,-0.015430469997227192,True
0.06540312923014306,0.9978589232386035,0.0,0.3045173368983207,0.10329601897368795,-0.015513577498495579,True
0.13052619222005157,0.9914448613738104,0.0,0.2979005755699897,0.10093591802632723,-0.015692302957177162,True
0.19509032201612825,0.9807852804032304,0.0,0.2900902849475251,0.09759322030657408,-0.01597445085644722,True
0.25881904510252074,0.9659258262890683,0.0,0.2819324547592148,0.09205351416298851,-0.016355041414499283,True
0.3214394653031616,0.9469301294951057,0.0,0.27392813364304636,0.08795814218403758,-0.01689061149954796,True
0.3826834323650898,0.9238795325112867,0.0,0.26347558499369406,0.08186138877925281,-0.01757069304585457,True
0.4422886902190013,0.8968727415326883,0.0,0.25912002170995363,0.07937617152137394,-0.018398839980363846,True
0.49999999999999994,0.8660254037844387,0.0,0.2565670827272002,0.08130867378482426,-0.019417613744735718,True
0.5555702330196022,0.8314696123025452,0.0,0.24967339201708638,0.07875303973519648,-0.020626116544008255,True
0.6087614290087207,0.7933533402912352,0.0,0.24859431651797004,0.07738833849609522,-0.02206844836473465,True
0.6593458151000688,0.7518398074789774,0.0,0.254774600692254,0.08292078209731951,-0.02383541129529476,True
0.7071067811865476,0.7071067811865476,0.0,0.24941341464282396,0.08266021217094494,-0.025943096727132797,True
0.7518398074789773,0.659345815100069,0.0,0.24904122078537627,0.08308768012463114,-0.02849947288632393,True
0.7933533402912352,0.6087614290087207,0.0,0.2508009960462867,0.08589975025924085,-0.031637877225875854,True
0.8314696123025452,0.5555702330196023,0.0,0.25002002914629595,0.08243743584674207,-0.03525947406888008,True
0.8660254037844386,0.5000000000000001,0.0,0.24357482549678244,0.07805929047621335,-0.039373185485601425,True
0.8968727415326884,0.44228869021900125,0.0,0.23636191597635414,0.07221704831869619,-0.04442768543958664,True
0.9238795325112867,0.38268343236508984,0.0,0.23478844592301362,0.07112700419153689,-0.050296079367399216,True
0.9469301294951057,0.3214394653031615,0.0,0.23386536031451755,0.07174585658306482,-0.05703192204236984,True
0.9659258262890683,0.25881904510252074,0.0,0.22902457317376612,0.07156737586779688,-0.06449823826551437,True
0.9807852804032304,0.19509032201612833,0.0,0.23650965676426905,0.08081769486224782,-0.07306580245494843,True
0.9914448613738104,0.1305261922200517,0.0,0.23538563771501897,0.083077232662843,-0.08284299820661545,True
0.9978589232386035,0.06540312923014305,0.0016979649769768537,0.22775284528739537,0.07762506346752246,-0.09383697807788849,True
1.0,6.123233995736766e-17,0.01232348989796937,0.2265655488559022,0.07552329099578498,-0.09618646413099628,True
0.9978589232386035,-0.06540312923014292,0.037275420916799244,0.24059136172363815,0.08967740681914921,-0.08990145705800032,True
0.9914448613738105,-0.13052619222005138,0.0752935405979303,0.26098589856357246,0.12152641654425661,-0.0749611373444743,True
0.9807852804032305,-0.19509032201612797,0.0979836878305096,0.2869021418023372,0.15634792866410968,-0.08264758677918378,True
0.9659258262890683,-0.25881904510252085,0.14310660454449026,0.3133401899737889,0.18779394192387827,-0.08528757544202309,True
0.9469301294951057,-0.3214394653031616,0.19656846267489095,0.3457464275903548,0.23287446878362678,-0.08441235246996517,True
0.9238795325112867,-0.3826834323650897,0.2526088000072091,0.3675096720521258,0.27111128761261255,-0.08669932049798235,True
0.8968727415326884,-0.44228869021900113,0.3126239360795313,0.389601957200038,0.3039550465676812,-0.09050025970913789,True
0.8660254037844387,-0.4999999999999998,0.3506057647691148,0.397863607240605,0.320454845609126,-0.10021800654409802,True
0.8314696123025451,-0.5555702330196023,0.39054027399679747,0.4103805347729972,0.3483579311781186,-0.09152422599047205,True
0.7933533402912352,-0.6087614290087207,0.43361062454944854,0.4337023323634288,0.38610239060905366,-0.07980731511765315,True
0.7518398074789774,-0.6593458151000688,0.4719522981279282,0.47211771448259876,0.44214797727240357,-0.07386906085566597,True
0.7071067811865476,-0.7071067811865475,0.5397175078377668,0.4762369398205799,0.46827791184735684,-0.0494827147760909,True
0.6593458151000686,-0.7518398074789776,0.5836009155808095,0.4996624469794604,0.5207515800169795,-0.04003964873843613,True
0.6087614290087204,-0.7933533402912353,0.6470767341596223,0.5222441913236979,0.5575444053384175,-0.050476390616537414,True
0.5555702330196022,-0.8314696123025453,0.6796295305866783,0.5317076435824069,0.5926406215924416,-0.07952493939447913,True
0.49999999999999994,-0.8660254037844387,0.6875949255685515,0.5648735398180575,0.6270986505687899,-0.09318719190268165,True
0.4422886902190013,-0.8968727415326883,0.740852639668407,0.5814883610273585,0.6488900442889236,-0.028866211974620137,True
0.3826834323650899,-0.9238795325112867,0.7696220349347465,0.6050416549153759,0.6817739381416899,-0.019194616700812905,True
0.32143946530316175,-0.9469301294951056,0.7406704674326885,0.6182819073420023,0.6883359828723357,-0.011358567823513854,True
0.258819045102521,-0.9659258262890682,0.8203615392389026,0.6320168229111864,0.6876777335619189,-0.017671261665719085,True
0.19509032201612816,-0.9807852804032304,0.8283274405044926,0.6663893030817818,0.7274448401907445,-0.07081453391390669,True
0.13052619222005157,-0.9914448613738104,0.755982888216278,0.6807298266729096,0.7081869949452413,-0.06906422999484796,True
0.06540312923014312,-0.9978589232386035,0.8348256937428183,0.7071736903930761,0.7601066593841652,-0.05151509563119283,True
1.2246467991473532e-16,-1.0,0.8254364843253323,0.7078409899791407,0.758457853779009,-0.04463024772568014,True
-0.06540312923014287,-0.9978589232386035,0.8261986518477967,0.7176059782686286,0.756223619985781,-0.04392801068098917,True
-0.13052619222005132,-0.9914448613738105,0.8192025087601882,0.7492292621121417,0.7928724288616718,-0.04931250286354605,True
-0.19509032201612792,-0.9807852804032305,0.8171825036706293,0.7622332888304146,0.7931638671090306,-0.028212196052207927,True
-0.25881904510252035,-0.9659258262890684,0.8045675338561595,0.773012449968562,0.7953105538158323,-0.02958769613449974,True
-0.3214394653031611,-0.9469301294951058,0.7870468193039692,0.7932947045331424,0.7759634785739455,-0.011718439041444761,True
-0.3826834323650892,-0.923879532511287,0.7769973020826247,0.8069788345983826,0.7947737530572887,0.012971978251088312,False
-0.44228869021900147,-0.8968727415326883,0.7539011329475936,0.8404382277424776,0.82221168608664,0.033819583702785705,False
-0.5000000000000001,-0.8660254037844386,0.7265906262271467,0.8333448947313999,0.8030320080959397,0.03733497298363875,False
-0.5555702330196023,-0.8314696123025452,0.6969344255762686,0.8492355233334756,0.7767924520388068,0.08621583684005463,False
-0.6087614290087207,-0.7933533402912352,0.6663595958689033,0.8631219875068352,0.7476558840201686,0.11673267012402866,False
-0.6593458151000688,-0.7518398074789774,0.6266461959622099,0.8900931334207052,0.783395331943898,0.106045481239608,False
-0.7071067811865475,-0.7071067811865477,0.586705414536545,0.8821282574821827,0.7243044019085259,0.10335848005836912,False
-0.7518398074789773,-0.6593458151000691,0.540967515524289,0.8935756652607061,0.7042097553479707,0.09085060207752715,False
-0.7933533402912349,-0.6087614290087209,0.49340379236441284,0.9022491439614948,0.6788846752551281,0.0820282051991521,False
-0.8314696123025448,-0.555570233019603,0.4504869782044439,0.9095915770234664,0.6591317537826964,0.07702975025453884,False
-0.8660254037844385,-0.5000000000000004,0.43213546819354487,0.9282211997552128,0.6484588716181612,0.08158480651576466,False
-0.8968727415326883,-0.44228869021900136,0.4031439231077636,0.9372280286551937,0.6560978831156941,0.06748482824514157,False
-0.9238795325112868,-0.3826834323650895,0.1987634106783481,0.9019757095680763,0.5558108126062762,-0.07482530953717656,True
-0.9469301294951056,-0.3214394653031618,0.23343471945902244,0.8875672189491282,0.48619827815489286,0.01721366259216567,False
-0.9659258262890683,-0.25881904510252063,0.17406173844475,0.8794026597470854,0.46335236774570315,-0.006003640102169194,True
-0.9807852804032303,-0.19509032201612866,0.0706257406509875,0.8636390422323779,0.4055289474972629,-0.07963632103203215,True
-0.9914448613738104,-0.13052619222005163,0.02694424038359325,0.825769264417427,0.3385340317630022,-0.10374608952154969,True
-0.9978589232386035,-0.06540312923014362,0.013440324660611146,0.7996959670808161,0.30109799323868075,-0.09464581783997285,True
-1.0,-1.8369701987210297e-16,0.007658871185393753,0.7859297874388467,0.28369615758312244,-0.08853741908598034,True
-0.9978589232386036,0.06540312923014237,0.0032245405268873212,0.7608773926578389,0.2685161759601979,-0.08957428643802358,True
-0.9914448613738104,0.13052619222005213,0.002628896391029377,0.7393202920110264,0.2549673780089072,-0.08188174664974213,True
-0.9807852804032304,0.1950903220161283,0.0006298020554902378,0.7248738092508504,0.244702534768301,-0.0735345259308815,True
-0.9659258262890682,0.25881904510252113,0.0,0.7126554853973466,0.23743111717833537,-0.06578502804040909,True
-0.9469301294951057,0.3214394653031615,0.0,0.7148301518682825,0.2398604944610761,-0.05868794396519661,True
-0.9238795325112866,0.38268343236509,0.0,0.7116070616123007,0.2443567117561331,-0.05306825786828995,True
-0.8968727415326884,0.442288690219001,0.0,0.7064761442441387,0.24448170987899315,-0.048618242144584656,True
-0.8660254037844386,0.5000000000000001,0.0,0.7059907604440991,0.2480822974811599,-0.04487508907914162,True
-0.8314696123025455,0.5555702330196018,0.0,0.7067265181675295,0.24341731299420594,-0.04171372950077057,True
-0.7933533402912352,0.6087614290087205,0.0,0.6843169107756824,0.22903718600482464,-0.03887569159269333,True
-0.7518398074789777,0.6593458151000684,0.0,0.6675344379509405,0.23017618121424904,-0.03658974915742874,True
-0.7071067811865477,0.7071067811865474,0.0,0.6230399750106725,0.22969809833006588,-0.03469836711883545,True
-0.6593458151000687,0.7518398074789775,0.0,0.5768842593208872,0.21777951633938214,-0.03268557786941528,True
-0.608761429008721,0.7933533402912349,0.0,0.5483747022607415,0.21162796015035318,-0.02993669919669628,True
-0.5555702330196022,0.8314696123025452,0.0,0.5255197896536663,0.20358811982052077,-0.026953430846333504,True
-0.5000000000000004,0.8660254037844384,0.0,0.506203205623696,0.19107166317752416,-0.02402103878557682,True
-0.4422886902190014,0.8968727415326883,0.0,0.4881252867099326,0.18220748879374443,-0.02199234813451767,True
-0.38268343236508956,0.9238795325112868,0.0,0.4705988285486422,0.17542742561013153,-0.020695559680461884,True
-0.32143946530316186,0.9469301294951056,0.0,0.43349123088173314,0.1617764317475941,-0.01984259858727455,True
-0.2588190451025207,0.9659258262890683,0.0,0.407010018447576,0.14684267695746828,-0.01916823722422123,True
-0.19509032201612872,0.9807852804032303,0.0,0.39665343214981763,0.13944317436048997,-0.018451053649187088,True
-0.13052619222005168,0.9914448613738104,0.0,0.39019327162137607,0.13766709747827993,-0.01775672286748886,True
-0.06540312923014367,0.9978589232386035,0.0,0.3982042424099552,0.149493493145138,-0.01715559884905815,True
0.0,1.0,0.0,0.4057102484770989,0.15580344107248628,-0.01700819842517376,True
0.06540312923014306,0.9978589232386035,0.0,0.40508140510652146,0.1660686236564312,-0.017201269045472145,True
0.13052619222005157,0.9914448613738104,0.0,0.32974337945685117,0.14859029899594406,-0.01765076257288456,True
0.19509032201612825,0.9807852804032304,0.0,0.24706090028284966,0.11368873203945656,-0.018094485625624657,True
0.25881904510252074,0.9659258262890683,0.0,0.20355890703128732,0.09909417406845827,-0.018044017255306244,True
0.3214394653031616,0.9469301294951057,0.0,0.19104731792835294,0.08413972513496398,-0.0171501561999321,True
0.3826834323650898,0.9238795325112867,0.0,0.1826065555791494,0.07957737703633022,-0.01580236479640007,True
0.4422886902190013,0.8968727415326883,0.0,0.16309323740068904,0.06786805308632554,-0.015282705426216125,True
0.49999999999999994,0.8660254037844387,0.0,0.16294962481924724,0.062025707043641576,-0.01561080850660801,True
0.5555702330196022,0.8314696123025452,0.0,0.1849446648573454,0.06892050424279522,-0.016550863161683083,True
0.6087614290087207,0.7933533402912352,0.0,0.2087697658539478,0.07584784902910219,-0.01767803356051445,True
0.6593458151000688,0.7518398074789774,0.0,0.23194331661134004,0.08540127901250966,-0.019292287528514862,True
0.7071067811865476,0.7071067811865476,0.0,0.2473053182504834,0.09230277981662843,-0.02184407413005829,True
0.7518398074789773,0.659345815100069,0.0,0.2410301982579368,0.09153346819055769,-0.02528897114098072,True
0.7933533402912352,0.6087614290087207,0.0,0.2151770305505385,0.07424682328833171,-0.029296578839421272,True
0.8314696123025452,0.5555702330196023,0.0,0.20510233079714668,0.05786246961926811,-0.03346638381481171,True
0.8660254037844386,0.5000000000000001,0.0,0.19807751995106382,0.05245539161825963,-0.03760789334774017,True
0.8968727415326884,0.44228869021900125,0.0,0.18555963502919015,0.04600636933863833,-0.041728876531124115,True
0.9238795325112867,0.38268343236508984,0.0,0.18230036613889844,0.04077158370943673,-0.046519212424755096,True
0.9469301294951057,0.3214394653031615,0.0,0.1802673479372574,0.03566823673641245,-0.05263024568557739,True
0.9659258262890683,0.25881904510252074,0.0,0.17318392023958462,0.03045296845547152,-0.05933092162013054,True
0.9807852804032304,0.19509032201612833,0.0,0.16504361591270578,0.024398717295761763,-0.06707539409399033,True
0.9914448613738104,0.1305261922200517,0.0,0.1460117290256715,0.02325051844554349,-0.07649737596511841,True
0.9978589232386035,0.06540312923014305,0.001293966879258341,0.14580473255933923,0.02017587363136436,-0.08653172105550766,True
1.0,6.123233995736766e-17,0.011891110066521689,0.126422907780269,0.02466299622748136,-0.0862706132013291,True
0.9978589232386035,-0.06540312923014292,0.03141795483840821,0.1327640763665554,0.0358090244131265,-0.07833342738921709,True
0.9914448613738105,-0.13052619222005138,0.054277551157450525,0.15779088467420577,0.060701021523072385,-0.0667553720059994,True
0.9807852804032305,-0.19509032201612797,0.08694114851499192,0.20474257909575577,0.1013148451834272,-0.056161037175683076,True
0.9659258262890683,-0.25881904510252085,0.1465208905320457,0.26148577460110745,0.15205498754764496,-0.046760322445799946,True
0.9469301294951057,-0.3214394653031616,0.20924599314924414,0.3067394408458868,0.2141202166135962,-0.04737692973791374,True
0.9238795325112867,-0.3826834323650897,0.26765780830969693,0.3356666672596784,0.29253779587582157,-0.057128265589418,True
0.8968727415326884,-0.44228869021900113,0.3268758156554499,0.3729888864783373,0.36193012741036307,-0.06556229195783508,True
0.8660254037844387,-0.4999999999999998,0.3771981074044502,0.4073828624123095,0.4211856230267222,-0.0616007814094347,True
0.8314696123025451,-0.5555702330196023,0.4250858055285851,0.44804896889143464,0.4777474685263902,-0.04043045036076026,True
0.7933533402912352,-0.6087614290087207,0.4686060686623668,0.46808441478752827,0.4987443748397546,-0.01658257006847802,True
0.7518398074789774,-0.6593458151000688,0.5174689354643783,0.4555295218971185,0.46211448250833725,0.003045628716686455,False
0.7071067811865476,-0.7071067811865475,0.5697187626058404,0.46555161369090414,0.489723476655855,0.013609171394420971,False
0.6593458151000686,-0.7518398074789776,0.6197690838723012,0.49723725502367344,0.541908380226858,0.012517802339051753,False
0.6087614290087204,-0.7933533402912353,0.6640969913637641,0.5579347063537456,0.6176388911459103,0.010835919212211498,False
0.5555702330196022,-0.8314696123025453,0.7038515707039573,0.5662435255977043,0.6189056855356094,-0.046406886071243325,True
0.49999999999999994,-0.8660254037844387,0.737169032021325,0.5749847576908256,0.6318842404546812,-0.07780409478932493,True
0.4422886902190013,-0.8968727415326883,0.7653483011065165,0.6055163041308034,0.6786601219269341,-0.07473932274050687,True
0.3826834323650899,-0.9238795325112867,0.7925526834392848,0.6052289943329756,0.6646689546602529,-0.06239200516941834,True
0.32143946530316175,-0.9469301294951056,0.8119547602085421,0.6456909008280112,0.6937502947363594,-0.024868798264706227,True
0.258819045102521,-0.9659258262890682,0.8300503619557834,0.6543437912436041,0.6982248265543622,-0.04533820490991214,True
0.19509032201612816,-0.9807852804032304,0.8394292526296893,0.6769612476271185,0.7085455177517401,-0.06086443219770998,True
0.13052619222005157,-0.9914448613738104,0.84450223677029,0.6770972072055852,0.7162859819019356,-0.13293699715605145,True
0.06540312923014312,-0.9978589232386035,0.837866181937579,0.7043036630940978,0.7277269580225496,-0.1304581121073748,True
1.2246467991473532e-16,-1.0,0.8361743006251584,0.7231588637271855,0.7272231171198522,-0.1198829855606649,True
-0.06540312923014287,-0.9978589232386035,0.804664103220096,0.7273689863651036,0.7223003417276908,-0.10870724588429603,True
-0.13052619222005132,-0.9914448613738105,0.8239125290271884,0.770285910283717,0.7569538723507396,-0.0989947828225144,True
-0.19509032201612792,-0.9807852804032305,0.8169210962077842,0.7736087368661777,0.7724836340910666,-0.10576051089965488,True
-0.25881904510252035,-0.9659258262890684,0.8009912273086162,0.7807162972445567,0.7710363577775432,-0.10778728202193977,True
-0.3214394653031611,-0.9469301294951058,0.6704940795080482,0.7769864822006025,0.7328451547989039,-0.07578874117481205,True
-0.3826834323650892,-0.923879532511287,0.6740626424368859,0.7624398104461856,0.6378901455002435,-0.024000007140292712,True
-0.44228869021900147,-0.8968727415326883,0.7785240834454494,0.7858913481755563,0.7045547193183008,0.03293272849130624,False
-0.5000000000000001,-0.8660254037844386,0.7467690550619261,0.8030513877587713,0.7215989338192199,-0.008551158512493329,True
-0.5555702330196023,-0.8314696123025452,0.5970163700808493,0.8174187982268848,0.6997024841109587,-0.027106124710038593,True
-0.6087614290087207,-0.7933533402912352,0.6857849877685434,0.8001672674496778,0.6799911325445951,0.06619257153267799,False
-0.6593458151000688,-0.7518398074789774,0.6592076963538148,0.7993774544019618,0.6925027856078732,0.08449654820041308,False
-0.7071067811865475,-0.7071067811865477,0.600924675337509,0.8087828199275842,0.666875863035598,0.06075980594409425,False
-0.7518398074789773,-0.6593458151000691,0.5536053836274517,0.807903748397298,0.6400047823812942,0.05015819189234405,False
-0.7933533402912349,-0.6087614290087209,0.4947312300450483,0.8098962351573069,0.6082968356248748,0.057675881400743645,False
-0.8314696123025448,-0.555570233019603,0.4563907727735245,0.8200364053652123,0.5812849761678467,0.08065469289624377,False
-0.8660254037844385,-0.5000000000000004,0.4117005902376018,0.8218515776947104,0.5600270412568766,0.06740888083064811,False
-0.8968727415326883,-0.44228869021900136,0.3654192528616922,0.8177402276288404,0.5353924589486703,0.057093274540833294,False
-0.9238795325112868,-0.3826834323650895,0.335606130348493,0.8326738143643637,0.5225584724967784,0.055807399633825916,False
-0.9469301294951056,-0.3214394653031618,0.28514499716570146,0.8430661942483988,0.5158504280583092,0.034803704646750755,False
-0.9659258262890683,-0.25881904510252063,0.14054865736660013,0.8061032689588032,0.4406675950044466,-0.061330541748148504,True
-0.9807852804032303,-0.19509032201612866,0.10494075092436463,0.7720348388486482,0.3720015596219865,-0.04863768172823324,True
-0.9914448613738104,-0.13052619222005163,0.08243178652398628,0.7500574301663194,0.34206288243115884,-0.04070591175279932,True
-0.9978589232386035,-0.06540312923014362,0.047584666266781914,0.7248824181308431,0.31100793753245254,-0.056873103045518764,True
-1.0,-1.8369701987210297e-16,0.028506299334693414,0.7084442950231207,0.2843813467638478,-0.06473345866983103,True
-0.9978589232386036,0.06540312923014237,0.024735378377765384,0.7020639386931034,0.27262648628407177,-0.05853592012102496,True
-0.9914448613738104,0.13052619222005213,0.016477324130404453,0.6846528327302301,0.26561308001136424,-0.05697390132407408,True
-0.9807852804032304,0.1950903220161283,0.0025391191036243867,0.6560979114660019,0.24713927069523817,-0.06314245925952602,True
-0.9659258262890682,0.25881904510252113,0.0,0.6376705577434199,0.23326453944056907,-0.057002920657396317,True
-0.9469301294951057,0.3214394653031615,0.0,0.6184248444193727,0.22339848133762202,-0.050783976912498474,True
-0.9238795325112866,0.38268343236509,0.0,0.6106354538386707,0.21908413325847514,-0.04526595026254654,True
-0.8968727415326884,0.442288690219001,0.0,0.5955633156661637,0.21209104718219557,-0.040907327085733414,True
-0.8660254037844386,0.5000000000000001,0.0,0.5763688732208498,0.21110571947673556,-0.03743802011013031,True
-0.8314696123025455,0.5555702330196018,0.0,0.5583406184452839,0.20468318828647608,-0.034352339804172516,True
-0.7933533402912352,0.6087614290087205,0.0,0.5436596624809722,0.1985022709665571,-0.03167565539479256,True
-0.7518398074789777,0.6593458151000684,0.0,0.5337955032113073,0.19498429490148977,-0.029083076864480972,True
-0.7071067811865477,0.7071067811865474,0.0,0.5232480500526349,0.19037206199347306,-0.026765761896967888,True
-0.6593458151000687,0.7518398074789775,0.0,0.5109841182993446,0.1852700878365297,-0.024991175159811974,True
-0.608761429008721,0.7933533402912349,0.0,0.4968431693264337,0.18029488050256443,-0.023583583533763885,True
-0.5555702330196022,0.8314696123025452,0.0,0.4821606753126437,0.17708141280712603,-0.022420182824134827,True
-0.5000000000000004,0.8660254037844384,0.0,0.46421317802872797,0.16911300164746884,-0.02137751504778862,True
-0.4422886902190014,0.8968727415326883,0.0,0.4523617222700953,0.16494980103280016,-0.02040327712893486,True
-0.38268343236508956,0.9238795325112868,0.0,0.4368089200663603,0.15929714526439326,-0.019521091133356094,True
-0.32143946530316186,0.9469301294951056,0.0,0.42695856933760745,0.15459287111484193,-0.018752355128526688,True
-0.2588190451025207,0.9659258262890683,0.0,0.4085883034919182,0.1490980758599843,-0.01816553622484207,True
-0.19509032201612872,0.9807852804032303,0.0,0.39174843216806443,0.14311111264232884,-0.017730260267853737,True
-0.13052619222005168,0.9914448613738104,0.0,0.3825111806936392,0.14018076682846098,-0.017348315566778183,True
-0.06540312923014367,0.9978589232386035,0.0,0.37319179941889313,0.13535180616197434,-0.017072830349206924,True
0.0,1.0,0.0,0.36200964114776757,0.12993469611590663,-0.016828205436468124,True
0.06540312923014306,0.9978589232386035,0.0,0.3490537910597069,0.12229817240908852,-0.016795990988612175,True
0.13052619222005157,0.9914448613738104,0.0,0.3454689984653796,0.11975649062568633,-0.016957618296146393,True
0.19509032201612825,0.9807852804032304,0.0,0.3341764910364844,0.1190911973754582,-0.017264017835259438,True
0.25881904510252074,0.9659258262890683,0.0,0.3168240020512385,0.1154747871774599,-0.017689157277345657,True
0.3214394653031616,0.9469301294951057,0.0,0.3014456641033123,0.11366058575276289,-0.018224705010652542,True
0.3826834323650898,0.9238795325112867,0.0,0.29575950129450845,0.11093595872026157,-0.01880788430571556,True
0.4422886902190013,0.8968727415326883,0.0,0.2938756976505561,0.11164055360553665,-0.019311802461743355,True
0.49999999999999994,0.8660254037844387,0.0,0.2935052000210756,0.11251148906798775,-0.01999763399362564,True
0.5555702330196022,0.8314696123025452,0.0,0.2949329588236418,0.11626620624126166,-0.02107233554124832,True
0.6087614290087207,0.7933533402912352,0.0,0.29692900434756453,0.12145818974403538,-0.022667301818728447,True
0.6593458151000688,0.7518398074789774,0.0,0.2962909337514452,0.12215073057883102,-0.02460339479148388,True
0.7071067811865476,0.7071067811865476,0.0,0.2954159526160416,0.1197565797621834,-0.026911042630672455,True
0.7518398074789773,0.659345815100069,0.0,0.2933918565634239,0.11477851269836509,-0.029626207426190376,True
0.7933533402912352,0.6087614290087207,0.0,0.2849549620878902,0.10785878638071639,-0.03288732469081879,True
0.8314696123025452,0.5555702330196023,0.0,0.2767817848680534,0.10185989904960019,-0.03681383281946182,True
0.8660254037844386,0.5000000000000001,0.0,0.26923941564603715,0.09424276205996879,-0.04142969846725464,True
0.8968727415326884,0.44228869021900125,0.0,0.262488862162648,0.09115294017072068,-0.04667440056800842,True
0.9238795325112867,0.38268343236508984,0.0,0.2576325649593947,0.08925481727918722,-0.05245454981923103,True
0.9469301294951057,0.3214394653031615,0.0,0.25714202441459033,0.08964390850053,-0.05908442288637161,True
0.9659258262890683,0.25881904510252074,0.0,0.2588104183872004,0.09242254364904273,-0.06672583520412445,True
0.9807852804032304,0.19509032201612833,0.0,0.25836031576336005,0.09234442163175566,-0.07536417990922928,True
0.9914448613738104,0.1305261922200517,8.151884853081847e-06,0.25962543897311274,0.09607609915222998,-0.08544789254665375,True
0.9978589232386035,0.06540312923014305,0.0009956928708255094,0.269187182903452,0.10704937416309707,-0.0971686989068985,True
1.0,6.123233995736766e-17,0.01236628794353676,0.26996851953778256,0.11283554249850297,-0.1021254170214612,True
0.9978589232386035,-0.06540312923014292,0.028349471378131787,0.2703427876130673,0.1134020748150269,-0.10323452859642561,True
0.9914448613738105,-0.13052619222005138,0.051453175282120546,0.26955980648962985,0.1203728285301679,-0.10055807630292787,True
0.9807852804032305,-0.19509032201612797,0.0841248718819591,0.27814242538697487,0.14012456267272794,-0.0997901178290947,True
0.9659258262890683,-0.25881904510252085,0.13175016349463786,0.2962556635406064,0.1694253028670844,-0.09935703737980957,True
0.9469301294951057,-0.3214394653031616,0.18500814414847133,0.31494883451162425,0.2041469678075209,-0.10481257449950818,True
0.9238795325112867,-0.3826834323650897,0.24735895169612707,0.33908107238090635,0.24497833099807725,-0.10519960910611342,True
0.8968727415326884,-0.44228869021900113,0.3083810392155461,0.365081652923688,0.29277627814503376,-0.10713682400112662,True
0.8660254037844387,-0.4999999999999998,0.3622982005300451,0.3839995204708839,0.3295733018054073,-0.1041963707843932,True
0.8314696123025451,-0.5555702330196023,0.4048654075656655,0.4060581483243859,0.36031290381307374,-0.09910352696199681,True
0.7933533402912352,-0.6087614290087207,0.4539340869366197,0.42359205807891165,0.40297512661685114,-0.08363785451960726,True
0.7518398074789774,-0.6593458151000688,0.5031700202513214,0.44806899712395043,0.43892085967085986,-0.07123039978185036,True
0.7071067811865476,-0.7071067811865475,0.5554923783803237,0.4697315932436692,0.4757002113265976,-0.060559645346413116,True
0.6593458151000686,-0.7518398074789776,0.6092264181182915,0.5020082310022973,0.528374637568765,-0.08073579666852437,True
0.6087614290087204,-0.7933533402912353,0.6540503615716536,0.5284750111933498,0.5683255811339023,-0.17255346138644329,True
0.5555702330196022,-0.8314696123025453,0.6953229812570632,0.5478730855666201,0.6005660130889909,-0.2526182838859709,True
0.49999999999999994,-0.8660254037844387,0.7263202614957479,0.5685866338202923,0.6295219579436047,-0.27961126430865796,True
0.4422886902190013,-0.8968727415326883,0.7613757075779936,0.6020035181656098,0.6750471304209726,-0.2828674259263278,True
0.3826834323650899,-0.9238795325112867,0.7889307702662062,0.610037574821001,0.6754973735429131,-0.2871914937399342,True
0.32143946530316175,-0.9469301294951056,0.806810138590559,0.6232661403150794,0.7332440597106329,-0.3171643763168817,True
0.258819045102521,-0.9659258262890682,0.8266741411872657,0.6530698031693878,0.7921426848920294,-0.32559177466450223,True
0.19509032201612816,-0.9807852804032304,0.8394457113958126,0.6714818145238739,0.8000322432440183,-0.34705693425057516,True
0.13052619222005157,-0.9914448613738104,0.8463013242272454,0.6819935813551496,0.8099552710701945,-0.33349011930286265,True
0.06540312923014312,-0.9978589232386035,0.842808701198813,0.6972481932237033,0.8468590834766772,-0.31473399212434094,True
1.2246467991473532e-16,-1.0,0.8368595473767835,0.7149344702663643,0.8538511154568658,-0.2968679595291078,True
-0.06540312923014287,-0.9978589232386035,0.8275429852319337,0.7215882415798498,0.8523552197698105,-0.2803481218870275,True
-0.13052619222005132,-0.9914448613738105,0.8194415050429418,0.7380138722421001,0.8788825677074243,-0.22257177405525996,True
-0.19509032201612792,-0.9807852804032305,0.8140271347765179,0.7822327837179754,0.9044764015031295,-0.20936946388862093,True
-0.25881904510252035,-0.9659258262890684,0.8021306855285579,0.7636659717734424,0.8361075002794383,-0.20585485104582746,True
-0.3214394653031611,-0.9469301294951058,0.7932991992346966,0.7649356559433251,0.8258889072802733,-0.19956056429067887,True
-0.3826834323650892,-0.923879532511287,0.7787723869295334,0.7757056735455852,0.837150110479074,-0.2051713196485191,True
-0.44228869021900147,-0.8968727415326883,0.7568052542085419,0.7991628838328406,0.8228414950293277,-0.16652744705170403,True
-0.5000000000000001,-0.8660254037844386,0.7317388724021987,0.7968344536917165,0.7901131287976084,-0.12605965947513897,True
-0.5555702330196023,-0.8314696123025452,0.7014371141721107,0.8067788795955628,0.7956656424875694,-0.11498237815330653,True
-0.6087614290087207,-0.7933533402912352,0.6620395307987259,0.8207538013389772,0.7872773577740473,-0.0513961143478161,True
-0.6593458151000688,-0.7518398074789774,0.6328100967015625,0.8384985767569106,0.7985568634025488,0.00043767296379304543,False
-0.7071067811865475,-0.7071067811865477,0.5876540061385463,0.8536886422862311,0.7551093121406085,0.006521331324509105,False
-0.7518398074789773,-0.6593458151000691,0.5484539096622543,0.8568227035760005,0.6922184531207993,0.12435153850637881,False
-0.7933533402912349,-0.6087614290087209,0.49766206912491623,0.8506550533255581,0.6422171121444935,0.13175407034743214,False
-0.8314696123025448,-0.555570233019603,0.44831859386578854,0.8698572888027718,0.6415943606509027,0.1113730645037212,False
-0.8660254037844385,-0.5000000000000004,0.4015465208729575,0.8647724279059015,0.6056491789988354,0.08539526560694732,False
-0.8968727415326883,-0.44228869021900136,0.3488967631334035,0.8784376202249076,0.5696164774524273,0.05462682927647372,False
-0.9238795325112868,-0.3826834323650895,0.30162833390298904,0.8571676981066829,0.528914295652757,0.046563479477270464,False
-0.9469301294951056,-0.3214394653031618,0.2524590507573248,0.8543617073206524,0.49003163230950547,0.027281452925531857,False
-0.9659258262890683,-0.25881904510252063,0.20455472155255586,0.8467949559244503,0.4548298188779368,0.008049642684669678,False
-0.9807852804032303,-0.19509032201612866,0.16270963541270864,0.8335112426662068,0.4210040657389766,-0.010637933338754763,True
-0.9914448613738104,-0.13052619222005163,0.11944586879913434,0.8069480933968811,0.3815977964910568,-0.029738345868186106,True
-0.9978589232386035,-0.06540312923014362,0.08960118407761467,0.785967786197102,0.3490606026881517,-0.042172467170899036,True
-1.0,-1.8369701987210297e-16,0.06262953914863384,0.7641167705716898,0.32127880891374366,-0.050282186400925175,True
-0.9978589232386036,0.06540312923014237,0.03864118541609425,0.7327615331589532,0.2959209847665964,-0.05751987097608066,True
-0.9914448613738104,0.13052619222005213,0.01554079824528527,0.6782828313564524,0.2677052178589157,-0.06581976718216026,True
-0.9807852804032304,0.1950903220161283,0.0025273553970461098,0.646802072065854,0.24463432953336145,-0.0686682776877785,True
-0.9659258262890682,0.25881904510252113,0.00013608866449761113,0.6223865368387294,0.23006789045867032,-0.05915403366088867,True
-0.9469301294951057,0.3214394653031615,0.0,0.604979094629954,0.22045466800539854,-0.05086865276098251,True
-0.9238795325112866,0.38268343236509,0.0,0.5909127886993502,0.21272130071671141,-0.044351786375045776,True
-0.8968727415326884,0.442288690219001,0.0,0.5779074724167714,0.20768533714309662,-0.03993314877152443,True
-0.8660254037844386,0.5000000000000001,0.0,0.560747544503787,0.20276581981880565,-0.036314062774181366,True
-0.8314696123025455,0.5555702330196018,0.0,0.5384439581029399,0.1982565026066872,-0.03333870694041252,True
-0.7933533402912352,0.6087614290087205,0.0,0.5231536382913633,0.19182865515312492,-0.030692489817738533,True
-0.7518398074789777,0.6593458151000684,0.0,0.5112482057935364,0.18695058471364595,-0.02823718823492527,True
-0.7071067811865477,0.7071067811865474,0.0,0.4876573490518863,0.18094731725074892,-0.026031453162431717,True
-0.6593458151000687,0.7518398074789775,0.0,0.4653898673006691,0.1727396860909472,-0.024128463119268417,True
-0.608761429008721,0.7933533402912349,0.0,0.44326314121312516,0.16597359061628453,-0.022610671818256378,True
-0.5555702330196022,0.8314696123025452,0.0,0.42281667273690804,0.15775904694095083,-0.02118610218167305,True
-0.5000000000000004,0.8660254037844384,0.0,0.39870366735521157,0.14798481058463225,-0.019781848415732384,True
-0.4422886902190014,0.8968727415326883,0.0,0.380465270882165,0.14170743061991015,-0.01861824281513691,True
-0.38268343236508956,0.9238795325112868,0.0,0.36805198473131884,0.13570383881022036,-0.01760687120258808,True
-0.32143946530316186,0.9469301294951056,0.0,0.36204499914451627,0.13349820179498234,-0.016779085621237755,True
-0.2588190451025207,0.9659258262890683,0.0,0.35589411839764873,0.1312443096611699,-0.016118096187710762,True
-0.19509032201612872,0.9807852804032303,0.0,0.3473392212572157,0.1269572905445447,-0.015709156170487404,True
-0.13052619222005168,0.9914448613738104,0.0,0.34041215992757,0.1263580947088881,-0.015523909591138363,True
-0.06540312923014367,0.9978589232386035,0.0,0.3338470879262436,0.12417453464253442,-0.015467336401343346,True
0.0,1.0,0.0,0.3296184026960909,0.1222735470883996,-0.01547602191567421,True
0.06540312923014306,0.9978589232386035,0.0,0.3197483252192401,0.1187588454758593,-0.01556966733187437,True
0.13052619222005157,0.9914448613738104,0.0,0.31326549575979534,0.116339926784575,-0.01575957052409649,True
0.19509032201612825,0.9807852804032304,0.0,0.30745192849703873,0.1127326471037145,-0.01607571542263031,True
0.25881904510252074,0.9659258262890683,0.0,0.30611404973657663,0.11214302538551696,-0.01650339923799038,True
0.3214394653031616,0.9469301294951057,0.0,0.3030635058064748,0.10936956300442796,-0.017028644680976868,True
0.3826834323650898,0.9238795325112867,0.0,0.2955025241439435,0.10630370351415513,-0.01779206097126007,True
0.4422886902190013,0.8968727415326883,0.0,0.29014587384691715,0.10297925074147324,-0.01876990683376789,True
0.49999999999999994,0.8660254037844387,0.0,0.2844250931402361,0.09968187409697654,-0.01995326578617096,True
0.5555702330196022,0.8314696123025452,0.0,0.28014991074469986,0.09616687676741403,-0.021304987370967865,True
0.6087614290087207,0.7933533402912352,0.0,0.27697995308414725,0.09395793302608962,-0.02284623496234417,True
0.6593458151000688,0.7518398074789774,0.0,0.26752737991334774,0.09340000225761241,-0.024767287075519562,True
0.7071067811865476,0.7071067811865476,0.0,0.2578298318101808,0.08847575207285424,-0.027008362114429474,True
0.7518398074789773,0.659345815100069,0.0,0.24785590984051997,0.08371756015838488,-0.02958744205534458,True
0.7933533402912352,0.6087614290087207,0.0,0.24421531956379994,0.08403938763044944,-0.03243112191557884,True
0.8314696123025452,0.5555702330196023,0.0,0.24015032852496754,0.08310272765928445,-0.03552980348467827,True
0.8660254037844386,0.5000000000000001,0.0,0.23495481812025765,0.08131002104480717,-0.0393073670566082,True
0.8968727415326884,0.44228869021900125,0.0,0.23273612868538707,0.08021968097753646,-0.04375062137842178,True
0.9238795325112867,0.38268343236508984,0.0,0.22773309352062854,0.07690894342649596,-0.049055393785238266,True
0.9469301294951057,0.3214394653031615,0.0,0.22609287781687093,0.07425988034749403,-0.055231448262929916,True
0.9659258262890683,0.25881904510252074,0.0,0.22015798929192254,0.07233215695044476,-0.062435947358608246,True
0.9807852804032304,0.19509032201612833,0.0,0.21284632610524246,0.06748781701578371,-0.07082158327102661,True
0.9914448613738104,0.1305261922200517,0.0,0.20787108624094075,0.06760426224881272,-0.08022242039442062,True
0.9978589232386035,0.06540312923014305,0.0006843094907273546,0.2019576542183339,0.06610220156829111,-0.09073444455862045,True
1.0,6.123233995736766e-17,0.010374336330561989,0.19701315984084844,0.0637292765907474,-0.09337942036003335,True
0.9978589232386035,-0.06540312923014292,0.025038923949323087,0.1920237851846236,0.06463879737386907,-0.09341987542771132,True
0.9914448613738105,-0.13052619222005138,0.04570625402560124,0.19696006033056124,0.07557443546548986,-0.09090537709900962,True
0.9807852804032305,-0.19509032201612797,0.07691057840495727,0.21427279030195678,0.10109169699444892,-0.08191152530765917,True
0.9659258262890683,-0.25881904510252085,0.11252369047044902,0.23254919933449014,0.13306499544380251,-0.0849015318087443,True
0.9469301294951057,-0.3214394653031616,0.17597444774794058,0.24868683492684673,0.16120549379276655,-0.0743111609467417,True
0.9238795325112867,-0.3826834323650897,0.2849500433086559,0.2805675850138525,0.22913176312517297,-0.04697496188741093,True
0.8968727415326884,-0.44228869021900113,0.3400869872858121,0.3108120195996813,0.28023060642015757,-0.06269593505507781,True
0.8660254037844387,-0.4999999999999998,0.383733218289839,0.34405639492655404,0.32667003730034955,-0.07175379346234778,True
0.8314696123025451,-0.5555702330196023,0.4214210731515126,0.3701897651760995,0.3607012494457897,-0.049570153837172726,True
0.7933533402912352,-0.6087614290087207,0.46821881121491443,0.3796133957167358,0.3912977070384917,-0.023617747050718174,True
0.7518398074789774,-0.6593458151000688,0.5248896342452507,0.40634905753358797,0.4277657404548511,0.0013137669016674014,False
0.7071067811865476,-0.7071067811865475,0.5781950193867728,0.4317827500687792,0.47639930049633045,0.006920069337905899,False
0.6593458151000686,-0.7518398074789776,0.6271514205493728,0.4493609140681367,0.5066407010959504,0.0073449776897371866,False
0.6087614290087204,-0.7933533402912353,0.6647079746724005,0.4863067635172502,0.5426089804535641,0.021456834765331667,False
0.5555702330196022,-0.8314696123025453,0.7239671757937611,0.4901934470671576,0.5784695567714919,-0.060038803462316936,True
0.49999999999999994,-0.8660254037844387,0.7454358074155191,0.5113025410496321,0.6094850633063083,-0.14212900788820593,True
0.4422886902190013,-0.8968727415326883,0.7738448156487464,0.5468258961409587,0.6466433746901568,-0.15959546254242074,True
0.3826834323650899,-0.9238795325112867,0.8125979781203206,0.5749031077826121,0.6752728056395632,-0.16233275980712547,True
0.32143946530316175,-0.9469301294951056,0.8599889771771522,0.5989982850622282,0.7269491391407665,-0.17770604225735664,True
0.258819045102521,-0.9659258262890682,0.8646896185636679,0.6199605963394812,0.7484749614499706,-0.19744948328185918,True
0.19509032201612816,-0.9807852804032304,0.8459841166664277,0.6418966541399831,0.7542412545278045,-0.1995389110157202,True
0.13052619222005157,-0.9914448613738104,0.8551074807378346,0.6743803835241136,0.7561402415922256,-0.1744688185337162,True
0.06540312923014312,-0.9978589232386035,0.8531575988564505,0.6777812940036523,0.7693507528288477,-0.1629478845028547,True
1.2246467991473532e-16,-1.0,0.8487652236002377,0.7060849566793006,0.7968751982820743,-0.15730986466256158,True
-0.06540312923014287,-0.9978589232386035,0.8381015350425842,0.7116073521943767,0.7301056833419992,-0.15773614559773963,True
-0.13052619222005132,-0.9914448613738105,0.8340554852252152,0.7453776143412092,0.7715394145963468,-0.16403257017632478,True
-0.19509032201612792,-0.9807852804032305,0.829326256576806,0.7612157435029459,0.7846675796231954,-0.15966455697534054,True
-0.25881904510252035,-0.9659258262890684,0.826395976117317,0.7599594712934068,0.7500011601501806,-0.16499718159974064,True
-0.3214394653031611,-0.9469301294951058,0.7883352222872225,0.7949564540009262,0.7909370901687871,-0.1653746095638151,True
-0.3826834323650892,-0.923879532511287,0.7946800044830815,0.7938540739579631,0.7958937054042232,-0.5913453003229525,True
-0.44228869021900147,-0.8968727415326883,0.7730833487973368,0.804754881601004,0.8199953545260199,-0.4168750191708086,True
-0.5000000000000001,-0.8660254037844386,0.7514466495604513,0.820831606060475,0.7531581922968935,-0.21405014577415465,True
-0.5555702330196023,-0.8314696123025452,0.721649874779729,0.8222563190133578,0.7327642332858266,-0.18372081192581236,True
-0.6087614290087207,-0.7933533402912352,0.6881915537875386,0.8333520997300421,0.7139750463263335,-0.12266577147570229,True
-0.6593458151000688,-0.7518398074789774,0.652224735137988,0.8450307001790771,0.6880028639675546,-0.0715262463227736,True
-0.7071067811865475,-0.7071067811865477,0.6176570987048999,0.8506695833746434,0.6904981802468042,0.08421685117919764,False
-0.7518398074789773,-0.6593458151000691,0.5770204125319902,0.8589816443323273,0.6917318591388137,0.08892137318654147,False
-0.7933533402912349,-0.6087614290087209,0.5248833790464837,0.847299265307996,0.6340876170318055,0.07190960980416239,False
-0.8314696123025448,-0.555570233019603,0.4715813054672415,0.857956746604031,0.619729161762316,0.0665240596074338,False
-0.8660254037844385,-0.5000000000000004,0.411029067889034,0.8468399829751803,0.5746794894416014,0.06210662147242135,False
-0.8968727415326883,-0.44228869021900136,0.35434762594558245,0.849995468879517,0.5352549665957096,0.05156416849220369,False
-0.9238795325112868,-0.3826834323650895,0.30137622833771943,0.841791927187661,0.5022599233233824,0.03616166542075716,False
-0.9469301294951056,-0.3214394653031618,0.22393736482894536,0.8299269511384779,0.4633418963638039,-0.004326793884120522,True
-0.9659258262890683,-0.25881904510252063,0.204715854031674,0.8320292593324854,0.4342170162816111,0.009192201925977639,False
-0.9807852804032303,-0.19509032201612866,0.16530010025870184,0.8215755650999634,0.41137249787947844,-0.007333762435753843,True
-0.9914448613738104,-0.13052619222005163,0.12556827831321896,0.8044891625366664,0.38189830534373076,-0.02339927098818609,True
-0.9978589232386035,-0.06540312923014362,0.09164845974305025,0.7900917415130253,0.3504659532684616,-0.0404973745179666,True
-1.0,-1.8369701987210297e-16,0.061140432003010885,0.7631081291176414,0.3180419787555488,-0.051419459224143815,True
-0.9978589232386036,0.06540312923014237,0.037104260793899745,0.7374627654691381,0.29123870926164847,-0.058413648294651704,True
-0.9914448613738104,0.13052619222005213,0.016081854848625128,0.7084193433433563,0.26826330362475587,-0.06521367145530403,True
-0.9807852804032304,0.1950903220161283,0.0028095053202950747,0.6777434110749037,0.24754860732857825,-0.06910498904270294,True
-0.9659258262890682,0.25881904510252113,4.423703021812106e-05,0.6531914839567898,0.23463279114301422,-0.060640592128038406,True
-0.9469301294951057,0.3214394653031615,0.0,0.6335844273154536,0.2254302097747421,-0.05338538438081741,True
-0.9238795325112866,0.38268343236509,0.0,0.6176585358127802,0.21640606817249092,-0.04746921360492706,True
-0.8968727415326884,0.442288690219001,0.0,0.6057750427973483,0.2116762469723698,-0.042579833418130875,True
-0.8660254037844386,0.5000000000000001,0.0,0.5966562540288451,0.21153098789563712,-0.03855501860380173,True
-0.8314696123025455,0.5555702330196018,0.0,0.5802798703799252,0.20947564081508768,-0.035294629633426666,True
-0.7933533402912352,0.6087614290087205,0.0,0.5457039185395003,0.20174810458024212,-0.032625943422317505,True
-0.7518398074789777,0.6593458151000684,0.0,0.5225566033544411,0.19628946708940248,-0.030154936015605927,True
-0.7071067811865477,0.7071067811865474,0.0,0.5029569266533744,0.18736861993879966,-0.027709580957889557,True
-0.6593458151000687,0.7518398074789775,0.0,0.48092056552314255,0.17925184203046268,-0.02531474642455578,True
-0.608761429008721,0.7933533402912349,0.0,0.45566434290556357,0.17078241394505805,-0.023157423362135887,True
-0.5555702330196022,0.8314696123025452,0.0,0.43775478835572956,0.1622496055804808,-0.021552512422204018,True
-0.5000000000000004,0.8660254037844384,0.0,0.4220489018930773,0.15556785690445535,-0.02023136056959629,True
-0.4422886902190014,0.8968727415326883,0.0,0.404990544294769,0.1478078325728886,-0.019052201882004738,True
-0.38268343236508956,0.9238795325112868,0.0,0.3914027047857316,0.1416037887689265,-0.01808203011751175,True
-0.32143946530316186,0.9469301294951056,0.0,0.37450054012628686,0.1352055111585196,-0.01739758625626564,True
-0.2588190451025207,0.9659258262890683,0.0,0.36451461026669096,0.13052300051763893,-0.01683058775961399,True
-0.19509032201612872,0.9807852804032303,0.0,0.35630448608101783,0.12603640126380972,-0.016370652243494987,True
-0.13052619222005168,0.9914448613738104,0.0,0.3491245739797204,0.12316822312487746,-0.016050655394792557,True
-0.06540312923014367,0.9978589232386035,0.0,0.33971893545441123,0.12046276690887042,-0.015855388715863228,True
0.0,1.0,0.0,0.33161327202746005,0.11768049225966709,-0.015854598954319954,True
0.06540312923014306,0.9978589232386035,0.0,0.321297048972774,0.11017834658169506,-0.01595277339220047,True
0.13052619222005157,0.9914448613738104,0.0,0.3146475717326067,0.1090807460542283,-0.01612985134124756,True
0.19509032201612825,0.9807852804032304,0.0,0.30453858682333834,0.10666281505284109,-0.016399340704083443,True
0.25881904510252074,0.9659258262890683,0.0,0.29827095472315257,0.10150736477307426,-0.016796700656414032,True
0.3214394653031616,0.9469301294951057,0.0,0.29393308304165,0.09867010348940414,-0.01731996051967144,True
0.3826834323650898,0.9238795325112867,0.0,0.2896326967630387,0.10092562923047871,-0.01797843724489212,True
0.4422886902190013,0.8968727415326883,0.0,0.282635824082206,0.09785439123503786,-0.01882082037627697,True
0.49999999999999994,0.8660254037844387,0.0,0.274833543530173,0.09203539508775643,-0.019936436787247658,True
0.5555702330196022,0.8314696123025452,0.0,0.2681902744490736,0.08841208697416986,-0.021218733862042427,True
0.6087614290087207,0.7933533402912352,0.0,0.25976469357964715,0.08459800102684595,-0.022685622796416283,True
0.6593458151000688,0.7518398074789774,0.0,0.2536829002810588,0.0813036699206518,-0.024471895769238472,True
0.7071067811865476,0.7071067811865476,0.0,0.24799865615841488,0.08204021776142462,-0.026592593640089035,True
0.7518398074789773,0.659345815100069,0.0,0.24307325159277782,0.08435155658300447,-0.029031334444880486,True
0.7933533402912352,0.6087614290087207,0.0,0.2400705429802621,0.08441094345206074,-0.031809136271476746,True
0.8314696123025452,0.5555702330196023,0.0,0.2408179764818219,0.08598200329212463,-0.03504323586821556,True
0.8660254037844386,0.5000000000000001,0.0,0.2409291341774431,0.08600220636676442,-0.0387575700879097,True
0.8968727415326884,0.44228869021900125,0.0,0.23802886453788408,0.08583720573720593,-0.04326247796416283,True
0.9238795325112867,0.38268343236508984,0.0,0.2354264837490876,0.08827379752378378,-0.048797573894262314,True
0.9469301294951057,0.3214394653031615,0.0,0.23733784258989488,0.09462193250814804,-0.055275943130254745,True
0.9659258262890683,0.25881904510252074,0.0,0.23489960361863504,0.09113170771330609,-0.06254184991121292,True
0.9807852804032304,0.19509032201612833,0.0,0.22052290738003366,0.07467648780228014,-0.07059286534786224,True
0.9914448613738104,0.1305261922200517,0.0,0.20969595510084305,0.06422505981188492,-0.07977371662855148,True
0.9978589232386035,0.06540312923014305,0.0008548001044144152,0.2016290707373447,0.059083559269999864,-0.09047328680753708,True
1.0,6.123233995736766e-17,0.014706471424961069,0.19410738187174847,0.05985239779841062,-0.09003657965759379,True
0.9978589232386035,-0.06540312923014292,0.04044507405829018,0.19821672338591223,0.07303704549536466,-0.08032873914083061,True
0.9914448613738105,-0.13052619222005138,0.06416594356344635,0.21655445172745447,0.09833068608471246,-0.07506009454252285,True
0.9807852804032305,-0.19509032201612797,0.07995543333521904,0.23220533316469827,0.11827946359330604,-0.08288999313693274,True
0.9659258262890683,-0.25881904510252085,0.09045977451341967,0.2429620427254704,0.13387672464023398,-0.10040133203973388,True
0.9469301294951057,-0.3214394653031616,0.10202333076380302,0.24756472466972368,0.14092528998133275,-0.11192771900649043,True
0.9238795325112867,-0.3826834323650897,0.13587417226522125,0.25836819998421334,0.15716307313187822,-0.11380504683477735,True
0.8968727415326884,-0.44228869021900113,0.16205312222084206,0.27192515971226827,0.1812165860416019,-0.12243140229717164,True
0.8660254037844387,-0.4999999999999998,0.19920447424193055,0.28680141122007585,0.195682784308518,-0.12221491952743574,True
0.8314696123025451,-0.5555702330196023,0.3429572776492722,0.3241135171615792,0.25928319096557845,-0.05380992555354014,True
0.7933533402912352,-0.6087614290087207,0.47108336673344453,0.3745458270686852,0.354522957810449,-0.026256968830332073,True
0.7518398074789774,-0.6593458151000688,0.5623946398944414,0.40182554625455325,0.4204047579373695,-0.03034127505170403,True
0.7071067811865476,-0.7071067811865475,0.6429275663260131,0.412385496585147,0.4595668984560885,-0.02499747621206949,True
0.6593458151000686,-0.7518398074789776,0.7199686818836788,0.4462620152261727,0.5248260093808579,-0.08995268645925714,True
0.6087614290087204,-0.7933533402912353,0.7154284329298121,0.4441874304275786,0.5456015425262213,-0.13082314909506498,True
0.5555702330196022,-0.8314696123025453,0.7053452157729367,0.4760904151794674,0.5741445266895286,-0.1464244740005708,True
0.49999999999999994,-0.8660254037844387,0.6803530506905069,0.4892398464334924,0.5739336287455166,-0.14787234816966116,True
0.4422886902190013,-0.8968727415326883,0.6493863714251097,0.49209709045284566,0.5481807636645613,-0.09673133995262811,True
0.3826834323650899,-0.9238795325112867,0.6439111752242997,0.5208864621082163,0.5822348599696847,-0.13414954690512193,True
0.32143946530316175,-0.9469301294951056,0.6432146808814899,0.5400998902574661,0.5841504486075693,-0.1347234928162932,True
0.258819045102521,-0.9659258262890682,0.649255931463978,0.5597621587536141,0.5897358263242061,-0.20081438253381217,True
0.19509032201612816,-0.9807852804032304,0.7038246800370129,0.5827172076707812,0.6069965904345385,-0.21222921177506665,True
0.13052619222005157,-0.9914448613738104,0.6812023039812551,0.6040834969136804,0.6292844659669952,-0.23443911651850508,True
0.06540312923014312,-0.9978589232386035,0.7459330106220231,0.6364520005791652,0.685408143935696,-0.21768390078580274,True
1.2246467991473532e-16,-1.0,0.6983700982044312,0.6741450102150564,0.7089998011911562,-0.249379599950323,True
-0.06540312923014287,-0.9978589232386035,0.6969950799807227,0.6803237519285106,0.6997261852229992,-0.20463055396446633,True
-0.13052619222005132,-0.9914448613738105,0.6212489125646211,0.6854678464470361,0.669911409919884,-0.14003318571459433,True
-0.19509032201612792,-0.9807852804032305,0.5846339004531734,0.6904505098609757,0.6356937194133763,-0.07212690568499436,True
-0.25881904510252035,-0.9659258262890684,0.573095575742103,0.7190235631694561,0.6519824527230043,-0.02096440743056993,True
-0.3214394653031611,-0.9469301294951058,0.5537252756955756,0.73754542286719,0.6470326287417694,0.00956359782889471,False
-0.3826834323650892,-0.923879532511287,0.5164477246881367,0.7281176080959075,0.6173171430192097,-0.0008247738230420243,True
-0.44228869021900147,-0.8968727415326883,0.5192079676424666,0.7505316052874171,0.5883849943373896,0.01167896831230364,False
-0.5000000000000001,-0.8660254037844386,0.5417754918949581,0.766036037769749,0.5985492233686089,0.03895675451511926,False
-0.5555702330196023,-0.8314696123025452,0.5153140174963782,0.778081851848577,0.6019345889895029,0.012569282781355717,False
-0.6087614290087207,-0.7933533402912352,0.5128067572040793,0.7984335579240371,0.6366366318785186,0.009590947450369591,False
-0.6593458151000688,-0.7518398074789774,0.4723912475853642,0.8042083963497371,0.6082413065120313,0.0019918616778010767,False
-0.7071067811865475,-0.7071067811865477,0.4674035436348188,0.8055726313645273,0.5760022448694677,0.030514228991446346,False
-0.7518398074789773,-0.6593458151000691,0.5409040658629627,0.831255753730703,0.618285109185726,0.0862884956627199,False
-0.7933533402912349,-0.6087614290087209,0.518569953635193,0.8557777553693688,0.6706585368698137,0.08341225660336182,False
-0.8314696123025448,-0.555570233019603,0.4941884016760185,0.8648241973934792,0.6576699477243666,0.06410649139216651,False
-0.8660254037844385,-0.5000000000000004,0.45063420143222277,0.8788495347002534,0.6398868344481208,0.11160356804073668,False
-0.8968727415326883,-0.44228869021900136,0.40708000118842697,0.8928748720070276,0.622103721171875,0.17859902272771333,False
-0.9238795325112868,-0.3826834323650895,0.3636144943617858,0.9026893729706476,0.6133226326802665,0.16869740909010184,False
-0.9469301294951056,-0.3214394653031618,0.31483768213994506,0.9022394027503944,0.5775735947997509,0.14397504133809352,False
-0.9659258262890683,-0.25881904510252063,0.24993833694054704,0.894357167320748,0.5249238113287986,0.09837156430286609,False
-0.9807852804032303,-0.19509032201612866,0.19866578055289397,0.8859211503892179,0.47839032238227736,0.06395999242626704,False
-0.9914448613738104,-0.13052619222005163,0.14708849760638978,0.8709925137581143,0.433262063225701,0.025759806294938847,False
-0.9978589232386035,-0.06540312923014362,0.1009379032002769,0.8533844578686056,0.3876131952924186,-0.012943101495031806,True
-1.0,-1.8369701987210297e-16,0.059819540527838236,0.8239240755455643,0.34326067927251463,-0.04455368464111825,True
-0.9978589232386036,0.06540312923014237,0.022439196545899768,0.7882336703581887,0.3036258969884606,-0.07165904602819304,True
-0.9914448613738104,0.13052619222005213,0.009682768195685358,0.7631706115742056,0.2768789714775955,-0.0735701629899138,True
-0.9807852804032304,0.1950903220161283,0.0003480208912572763,0.7288193987849789,0.2539503481744831,-0.07513529062271118,True
-0.9659258262890682,0.25881904510252113,0.0,0.7107259400005763,0.24354529718972412,-0.06630592793226242,True
-0.9469301294951057,0.3214394653031615,0.0,0.6967625240721904,0.23994997625071307,-0.05918401479721069,True
-0.9238795325112866,0.38268343236509,0.0,0.6804358983342145,0.23548035918517302,-0.05316197872161865,True
-0.8968727415326884,0.442288690219001,0.0,0.6569385454975389,0.2296858228264536,-0.0478229857981205,True
-0.8660254037844386,0.5000000000000001,0.0,0.6400064373981398,0.22925059932823882,-0.04341574385762215,True
-0.8314696123025455,0.5555702330196018,0.0,0.620294075539219,0.22173116679660249,-0.03942117467522621,True
-0.7933533402912352,0.6087614290087205,0.0,0.6002139963370945,0.21595913346219914,-0.03580956161022186,True
-0.7518398074789777,0.6593458151000684,0.0,0.5642720492262856,0.20852123693022745,-0.03264100104570389,True
-0.7071067811865477,0.7071067811865474,0.0,0.5287174178994454,0.19864664829593687,-0.029955897480249405,True
-0.6593458151000687,0.7518398074789775,0.0,0.4996177018141401,0.18744123311729727,-0.027470998466014862,True
-0.608761429008721,0.7933533402912349,0.0,0.47857625371304224,0.17896640581329298,-0.02503306046128273,True
-0.5555702330196022,0.8314696123025452,0.0,0.4581699919399109,0.17186102738231473,-0.02272842638194561,True
-0.5000000000000004,0.8660254037844384,0.0,0.43514617804431643,0.1619555048140509,-0.02096862718462944,True
-0.4422886902190014,0.8968727415326883,0.0,0.4196099511816376,0.15540420591449694,-0.0196685753762722,True
-0.38268343236508956,0.9238795325112868,0.0,0.39857188961265777,0.14824484653480424,-0.01866886578500271,True
-0.32143946530316186,0.9469301294951056,0.0,0.3831677789062711,0.14036028109083348,-0.017811594530940056,True
-0.2588190451025207,0.9659258262890683,0.0,0.37325508524572504,0.13664644145414967,-0.017106439918279648,True
-0.19509032201612872,0.9807852804032303,0.0,0.36527987376091176,0.13111130434925428,-0.016578704118728638,True
-0.13052619222005168,0.9914448613738104,0.0,0.3554475514726525,0.12487739347306565,-0.01617312617599964,True
-0.06540312923014367,0.9978589232386035,0.0,0.34523582005615405,0.12167153004294468,-0.016023559495806694,True
0.0,1.0,0.0,0.3375525109019786,0.11768427669392262,-0.016024064272642136,True
0.06540312923014306,0.9978589232386035,0.0,0.33210463718004246,0.11571414544328323,-0.016143031418323517,True
0.13052619222005157,0.9914448613738104,0.0,0.3296683605043109,0.11795925012144909,-0.01632753387093544,True
0.19509032201612825,0.9807852804032304,0.0,0.33613676931620584,0.1289299806026019,-0.016609488055109978,True
0.25881904510252074,0.9659258262890683,0.0,0.3282804326836555,0.13223159628740472,-0.01708783209323883,True
0.3214394653031616,0.9469301294951057,0.0,0.2816787144068682,0.11840160339921063,-0.017743254080414772,True
0.3826834323650898,0.9238795325112867,0.0,0.2065563613451351,0.08709666237872277,-0.018441295251250267,True
0.4422886902190013,0.8968727415326883,0.0,0.19532876337278382,0.07579507392665658,-0.01880594529211521,True
0.49999999999999994,0.8660254037844387,0.0,0.1695185515862252,0.06803798304350311,-0.018736612051725388,True
0.5555702330196022,0.8314696123025452,0.0,0.14357112468732458,0.059296504205413436,-0.018417324870824814,True
0.6087614290087207,0.7933533402912352,0.0,0.13726107314975522,0.055227924684437824,-0.018471110612154007,True
0.6593458151000688,0.7518398074789774,0.0,0.1451695709979648,0.06094173966580796,-0.019450129941105843,True
0.7071067811865476,0.7071067811865476,0.0,0.15160449934765574,0.06451518275058027,-0.020406628027558327,True
0.7518398074789773,0.659345815100069,0.0,0.14618284897230516,0.058145079907911346,-0.02196444198489189,True
0.7933533402912352,0.6087614290087207,0.0,0.1492808541373194,0.05585572111538695,-0.024367451667785645,True
0.8314696123025452,0.5555702330196023,0.0,0.16003251767826865,0.05872558134628314,-0.027379604056477547,True
0.8660254037844386,0.5000000000000001,0.0,0.1677097868719366,0.05649423028587536,-0.03095052018761635,True
0.8968727415326884,0.44228869021900125,0.0,0.1607173733120173,0.057233777832529975,-0.03529299050569534,True
0.9238795325112867,0.38268343236508984,0.0,0.15523304140207683,0.050186608062602445,-0.04065903276205063,True
0.9469301294951057,0.3214394653031615,0.0,0.15876080378218704,0.04879380592304955,-0.04682467505335808,True
0.9659258262890683,0.25881904510252074,0.0,0.16659562108213533,0.055090055608316923,-0.05354269593954086,True
0.9807852804032304,0.19509032201612833,0.0,0.1585754270382307,0.04427862109526154,-0.06063254177570343,True
0.9914448613738104,0.1305261922200517,0.0,0.14479521538884632,0.037003563285762764,-0.0695510134100914,True
0.9978589232386035,0.06540312923014305,0.00040963666713567137,0.14969701424131499,0.04647667392320309,-0.07975427061319351,True
1.0,6.123233995736766e-17,0.006666480621915415,0.16758879872986032,0.056828707803396494,-0.08578015368684172,True
0.9978589232386035,-0.06540312923014292,0.013731275066084838,0.18504937328198712,0.07044938234248627,-0.08732714522873547,True
0.9914448613738105,-0.13052619222005138,0.016208494495129504,0.18789047263430492,0.07936021896373596,-0.09734758242256968,True
0.9807852804032305,-0.19509032201612797,0.03250650349663329,0.19186483313397384,0.09039491980385256,-0.09438513146841118,True
0.9659258262890683,-0.25881904510252085,0.08965324175380301,0.22443397171770285,0.12321459425583398,-0.051451740878275476,True
0.9469301294951057,-0.3214394653031616,0.101432824817039,0.2591531005500425,0.15156914188093068,-0.06953959850296074,True
0.9238795325112867,-0.3826834323650897,0.09462041670879674,0.27806897038485356,0.16319085204086242,-0.10448999622926197,True
0.8968727415326884,-0.44228869021900113,0.1267012733633744,0.2888778924590092,0.1566099459431191,-0.08459561111844394,True
0.8660254037844387,-0.4999999999999998,0.24299073394681386,0.3385769526855076,0.22924840254488726,-0.023124660099899608,True
0.8314696123025451,-0.5555702330196023,0.18921880896181217,0.3201271394451153,0.21081384040527534,-0.1174096982172061,True
0.7933533402912352,-0.6087614290087207,0.1349488591171411,0.28330273357869085,0.17129252055356553,-0.19067512018276403,True
0.7518398074789774,-0.6593458151000688,0.19608303920301853,0.2656900794216144,0.18134237781639978,-0.11558174792455761,True
0.7071067811865476,-0.7071067811865475,0.29459061698961586,0.2831328600281313,0.23323195933197965,-0.02909295103294518,True
0.6593458151000686,-0.7518398074789776,0.28942222096951786,0.3057976071162838,0.24134380583960174,-0.0798585654380145,True
0.6087614290087204,-0.7933533402912353,0.35146528717619524,0.3288763415914022,0.2714332267779633,-0.0375934751483914,True
0.5555702330196022,-0.8314696123025453,0.5408142390365378,0.36216874671347576,0.3365631907419338,0.10424748086042535,False
0.49999999999999994,-0.8660254037844387,0.5180192050962188,0.38203958501625235,0.381188825426421,0.039532940134373806,False
0.4422886902190013,-0.8968727415326883,0.46232653744841246,0.41308695043596355,0.3828720307541796,-0.056195279855952074,True
0.3826834323650899,-0.9238795325112867,0.6440146262054849,0.46502787671196333,0.449462690263629,0.16376679460028187,False
0.32143946530316175,-0.9469301294951056,0.8527351898555223,0.5466975648618944,0.6309117483304632,0.0532980522891201,False
0.258819045102521,-0.9659258262890682,0.693975254222742,0.5666741779391951,0.5842310984228858,-0.15110245993242188,True
0.19509032201612816,-0.9807852804032304,0.8983483919635057,0.6010884549793307,0.66384708393158,0.027914952685453076,False
0.13052619222005157,-0.9914448613738104,0.7579458599330756,0.6282055904372836,0.6766121224848514,0.010848287593068218,False
0.06540312923014312,-0.9978589232386035,0.9428494483501051,0.6590518409836243,0.7425695545083022,-0.02819314681650542,True
1.2246467991473532e-16,-1.0,0.5622508258396275,0.6700733266506775,0.6561586907402046,-0.13905924599253017,True
-0.06540312923014287,-0.9978589232386035,0.6339228541750277,0.6691358613571876,0.5900693010561329,0.1381983455308784,False
-0.13052619222005132,-0.9914448613738105,0.9065091220451413,0.7299161958205098,0.7876052192119016,0.10194650321361098,False
-0.19509032201612792,-0.9807852804032305,0.8049582905058497,0.7429248756331557,0.7938601812979891,-0.019044417924677592,True
-0.25881904510252035,-0.9659258262890684,0.7679578690493695,0.7715602542280209,0.7458689600491937,-0.014581798844597205,True
-0.3214394653031611,-0.9469301294951058,0.8563604511418096,0.8021162800179737,0.8064221821053617,0.07021442079458762,False
-0.3826834323650892,-0.923879532511287,0.7432932308048521,0.8181401837016025,0.775828165504235,0.07523049206712107,False
-0.44228869021900147,-0.8968727415326883,0.7736751342797702,0.8349269638337196,0.758750141450586,0.07404561614804028,False
-0.5000000000000001,-0.8660254037844386,0.7501690126982906,0.8189326083328818,0.6997466679274573,0.08265749622333174,False
-0.5555702330196023,-0.8314696123025452,0.7221116390989382,0.8225232079683173,0.6703519834174343,0.12630909703008208,False
-0.6087614290087207,-0.7933533402912352,0.6830277678082697,0.8269672063872364,0.6558751338844255,0.13217333475347925,False
-0.6593458151000688,-0.7518398074789774,0.6613691672003852,0.8509040700649135,0.6342070046368127,0.1332540781748155,False
-0.7071067811865475,-0.7071067811865477,0.6196368505619156,0.8824871537593488,0.6340112385551415,0.19196967105176954,False
-0.7518398074789773,-0.6593458151000691,0.5681922775001155,0.9038602750525657,0.6209464367378223,0.1690621141744757,False
-0.7933533402912349,-0.6087614290087209,0.5238020093641559,0.873324513376436,0.6145254444411006,0.1425247965618348,False
-0.8314696123025448,-0.555570233019603,0.47654250037015766,0.8594568300942298,0.5752871746362649,0.1445961538077266,False
-0.8660254037844385,-0.5000000000000004,0.4271025844808455,0.8558500378970766,0.5541013413604408,0.12687262331636007,False
-0.8968727415326883,-0.44228869021900136,0.3775711627970384,0.8489427920467281,0.510084967697797,0.11518682313530104,False
-0.9238795325112868,-0.3826834323650895,0.32903415899155586,0.8414320434608,0.48542834852238465,0.11413081890063487,False
-0.9469301294951056,-0.3214394653031618,0.28453160633922564,0.8464862111768876,0.46261636265597167,0.09839044739555003,False
-0.9659258262890683,-0.25881904510252063,0.2298624854423398,0.8209362357109689,0.4361033829466407,0.0686127163848867,False
-0.9807852804032303,-0.19509032201612866,0.18306126802132322,0.7956748194008612,0.39584214499724785,0.041104499613165674,False
-0.9914448613738104,-0.13052619222005163,0.13908548644555122,0.7797515210215915,0.36928531692840333,0.013011909749859302,False
-0.9978589232386035,-0.06540312923014362,0.08991794901024026,0.7601310845552622,0.338405003708704,-0.023994303428601593,True
-1.0,-1.8369701987210297e-16,0.04454935278704241,0.7223012477539512,0.3012555053365998,-0.05297590964209146,True
-0.9978589232386036,0.06540312923014237,0.02508428647867472,0.7033097466078866,0.2806017374800847,-0.05855344370300035,True
-0.9914448613738104,0.13052619222005213,0.009465570420578346,0.6822187271960467,0.2613044021883791,-0.0635562649742788,True
-0.9807852804032304,0.1950903220161283,0.0005094214790023673,0.6608345799799096,0.24705601688456263,-0.06426481902599335,True
-0.9659258262890682,0.25881904510252113,0.0,0.6514120068404119,0.24366864700622753,-0.05635842680931091,True
-0.9469301294951057,0.3214394653031615,0.0,0.6417422542897795,0.23867859879249692,-0.05047446861863136,True
-0.9238795325112866,0.38268343236509,0.0,0.6171914240859173,0.21802839699077642,-0.04565340653061867,True
-0.8968727415326884,0.442288690219001,0.0,0.5921634108489036,0.19534413809812606,-0.041561804711818695,True
-0.8660254037844386,0.5000000000000001,0.0,0.5453716297116631,0.17072061503643715,-0.03821473568677902,True
-0.8314696123025455,0.5555702330196018,0.0,0.4965997137898268,0.1576911727950528,-0.03521837666630745,True
-0.7933533402912352,0.6087614290087205,0.0,0.5360498846453123,0.16074238871549323,-0.03194699063897133,True
-0.7518398074789777,0.6593458151000684,0.0,0.504562173315614,0.15410092822417826,-0.02906869910657406,True
-0.7071067811865477,0.7071067811865474,0.0,0.5013409942464933,0.14657182656390594,-0.026456477120518684,True
-0.6593458151000687,0.7518398074789775,0.0,0.4780894352782252,0.13814838208793717,-0.02480439841747284,True
-0.608761429008721,0.7933533402912349,0.0,0.48486790203423435,0.1275343135029952,-0.0242194514721632,True
-0.5555702330196022,0.8314696123025452,0.0,0.4790312666130936,0.11716294706669522,-0.022709840908646584,True
-0.5000000000000004,0.8660254037844384,0.0,0.44697957933547694,0.10644271907005104,-0.02206488326191902,True
-0.4422886902190014,0.8968727415326883,0.0,0.4179879435864502,0.10186333915819273,-0.02145754173398018,True
-0.38268343236508956,0.9238795325112868,0.0,0.4243456169321558,0.11551310669983789,-0.021138645708560944,True
-0.32143946530316186,0.9469301294951056,0.0,0.41525766502847894,0.12007268665909615,-0.020303139463067055,True
-0.2588190451025207,0.9659258262890683,0.0,0.39591052148170025,0.11608562610864886,-0.019230850040912628,True
-0.19509032201612872,0.9807852804032303,0.0,0.38144468391344244,0.10778097066479125,-0.018481960520148277,True
-0.13052619222005168,0.9914448613738104,0.0,0.3759201212900547,0.10298973937559769,-0.018111173063516617,True
-0.06540312923014367,0.9978589232386035,0.0,0.3722240086623432,0.09983977776587644,-0.017722100019454956,True
0.0,1.0,0.0,0.345283022596766,0.08757802293783151,-0.01757378689944744,True
0.06540312923014306,0.9978589232386035,0.0,0.34203117675195704,0.08481379761132873,-0.01770494133234024,True
0.13052619222005157,0.9914448613738104,0.0,0.3666977777915661,0.08818331056893519,-0.017927946522831917,True
0.19509032201612825,0.9807852804032304,0.0,0.36130433814001783,0.08310705149824421,-0.01829477585852146,True
0.25881904510252074,0.9659258262890683,0.0,0.3455276156320659,0.08482803501023722,-0.01890045590698719,True
0.3214394653031616,0.9469301294951057,0.0,0.3326242483472446,0.08484264990072415,-0.020104020833969116,True
0.3826834323650898,0.9238795325112867,0.0,0.34293687539359974,0.09034784207529029,-0.021456824615597725,True
0.4422886902190013,0.8968727415326883,0.0,0.3353308776456996,0.08804490236077439,-0.02230997569859028,True
0.49999999999999994,0.8660254037844387,0.0,0.3210761537218656,0.08260867855945192,-0.023223968222737312,True
0.5555702330196022,0.8314696123025452,0.0,0.30615925040552816,0.08021368377187604,-0.024697069078683853,True
0.6087614290087207,0.7933533402912352,0.0,0.2819648078058168,0.07181478571741112,-0.026675790548324585,True
0.6593458151000688,0.7518398074789774,0.0,0.2780265251725682,0.06974813302559207,-0.028392145410180092,True
0.7071067811865476,0.7071067811865476,0.0,0.27692375938835934,0.07376649000504493,-0.030191082507371902,True
0.7518398074789773,0.659345815100069,0.0,0.28187858899703855,0.07829165351001705,-0.03229675814509392,True
0.7933533402912352,0.6087614290087207,0.0,0.2780345164632425,0.08131540195438008,-0.035068195313215256,True
0.8314696123025452,0.5555702330196023,0.0,0.27099142711601165,0.07804948402382988,-0.038975607603788376,True
0.8660254037844386,0.5000000000000001,0.0,0.255452457400531,0.07120696897452988,-0.04350001737475395,True
0.8968727415326884,0.44228869021900125,0.0,0.23988569345592103,0.06359964359311937,-0.0487220473587513,True
0.9238795325112867,0.38268343236508984,0.0,0.2317678068650435,0.06073842290978343,-0.05414878576993942,True
0.9469301294951057,0.3214394653031615,0.0,0.2565979988073104,0.07098404739452219,-0.06012292206287384,True
0.9659258262890683,0.25881904510252074,0.0,0.26910285013682644,0.08204701655108065,-0.06701583415269852,True
0.9807852804032304,0.19509032201612833,0.0,0.27434902826237484,0.0950914644607273,-0.07595404237508774,True
0.9914448613738104,0.1305261922200517,0.0001542066348379797,0.28895328448591306,0.10609332452501158,-0.0874476358294487,True
0.9978589232386035,0.06540312923014305,0.001980927748582232,0.29102713618077836,0.10913067615070288,-0.10202665627002716,True
1.0,6.123233995736766e-17,0.01403837173926992,0.29339963075254794,0.10976093940198933,-0.10302338737119786,True
0.9978589232386035,-0.06540312923014292,0.03735195392873033,0.3033373552451222,0.12342741840088273,-0.09303802824830602,True
0.9914448613738105,-0.13052619222005138,0.06478057470290892,0.31146353599751797,0.1488101823252274,-0.08433862112035782,True
0.9807852804032305,-0.19509032201612797,0.0867639202495562,0.32535614077323616,0.17947381115958566,-0.08845123048463224,True
0.9659258262890683,-0.25881904510252085,0.08587219126031809,0.3379466582321109,0.19900471106788226,-0.11494618353427258,True
0.9469301294951057,-0.3214394653031616,0.07635384813804445,0.3401708161052934,0.20008207359486835,-0.14169878472183522,True
0.9238795325112867,-0.3826834323650897,0.08219103739614053,0.34921174311981584,0.2005222053015983,-0.14543218306644523,True
0.8968727415326884,-0.44228869021900113,0.10104485692581276,0.3531714997747777,0.20301620342160104,-0.1366960074733988,True
0.8660254037844387,-0.4999999999999998,0.16272140710278807,0.37291263518303097,0.236685228720049,-0.10042572589148799,True
0.8314696123025451,-0.5555702330196023,0.2742414773342829,0.3952477750413719,0.28704526071205033,-0.031905558612232376,True
0.7933533402912352,-0.6087614290087207,0.34833746883242717,0.4340444257998013,0.3931102201743046,-0.06955149712014203,True
0.7518398074789774,-0.6593458151000688,0.26332010748954915,0.4367726737493032,0.37022114648218957,-0.15965152193046417,True
0.7071067811865476,-0.7071067811865475,0.26715825073797844,0.4543854641541447,0.37195392414583667,-0.14354005826270333,True
0.6593458151000686,-0.7518398074789776,0.40202990099726466,0.4724515271175489,0.41280658391953623,0.0028225737826126918,False
0.6087614290087204,-0.7933533402912353,0.6899773410581712,0.527751360111125,0.5899848767959956,0.1703292030741882,False
0.5555702330196022,-0.8314696123025453,0.5497079257847487,0.560025851935932,0.6722125024069112,-0.03380204136907261,True
0.49999999999999994,-0.8660254037844387,0.4111373032445426,0.5542998279589633,0.5341138807189916,-0.06591048836300506,True
0.4422886902190013,-0.8968727415326883,0.5575945603877395,0.5910466530745471,0.585701052588232,0.07810875322617872,False
0.3826834323650899,-0.9238795325112867,0.6515206404510924,0.6211426568109271,0.6455414829691049,0.17032325611730736,False
0.32143946530316175,-0.9469301294951056,0.6787578951348073,0.6782996101238672,0.7957884002999116,0.1874078589210042,False
0.258819045102521,-0.9659258262890682,0.4376034172155121,0.6589427922294844,0.676308334519566,-0.08326588744394292,True
0.19509032201612816,-0.9807852804032304,0.6398313152746383,0.6659475370314605,0.6799496960210332,0.12774107868214435,False
0.13052619222005157,-0.9914448613738104,0.6669699684506423,0.6903055221980128,0.7330089151273189,0.18136694392970398,False
0.06540312923014312,-0.9978589232386035,0.4100105520690611,0.6908666969372403,0.6578794016372931,0.023210546272635413,False
1.2246467991473532e-16,-1.0,0.7400612895244418,0.6980962232024166,0.7501277433212379,0.24488568271283384,False
-0.06540312923014287,-0.9978589232386035,0.8189274963176987,0.7564199202675683,0.8748598289602041,0.22943228655094516,False
-0.13052619222005132,-0.9914448613738105,0.2907437438646026,0.7201034565332836,0.6922025736868176,-0.15527391003645424,True
-0.19509032201612792,-0.9807852804032305,0.7828511420870938,0.7569497135290206,0.7373386946031315,0.3308978864897275,False
-0.25881904510252035,-0.9659258262890684,0.7856777308251213,0.7856828153612669,0.8802276619412268,0.26487226857080626,False
-0.3214394653031611,-0.9469301294951058,0.87406595067255,0.824870945463976,0.946232748576916,0.3088211935086874,False
-0.3826834323650892,-0.923879532511287,0.7621237592656159,0.8160015063658861,0.9221618472584034,0.14667297704845372,False
-0.44228869021900147,-0.8968727415326883,0.8182596441050196,0.8296390080595222,0.9030754839762976,0.29703477126182043,False
-0.5000000000000001,-0.8660254037844386,0.8361934224413305,0.8673036024739245,0.916235275108296,0.34799547609988757,False
-0.5555702330196023,-0.8314696123025452,0.6057372589441892,0.8589365375621594,0.8956800540199295,0.1171194642355936,False
-0.6087614290087207,-0.7933533402912352,0.2735002446231068,0.5818203775487225,0.4272922955438961,-0.048018512784751055,True
-0.6593458151000688,-0.7518398074789774,0.24554375452709637,0.4471319891616532,0.26301080119958103,0.07519468246351912,False
-0.7071067811865475,-0.7071067811865477,0.3726633227412277,0.4010925831227845,0.22204622388569234,0.2605981855983225,False
-0.7518398074789773,-0.6593458151000691,0.2606974047915091,0.4207679155866013,0.30191366479167686,0.10031560009895774,False
-0.7933533402912349,-0.6087614290087209,0.16609320288655366,0.4039453955606678,0.24580672673648102,-0.007539320591475773,True
-0.8314696123025448,-0.555570233019603,0.16915602592708148,0.39201166846032587,0.2548498530245375,0.04470087216112473,False
-0.8660254037844385,-0.5000000000000004,0.13708634762719085,0.3903975290160653,0.2439225465183406,0.044713173637986464,False
-0.8968727415326883,-0.44228869021900136,0.13085135777900003,0.46236710279015614,0.2566955061482678,0.05480303617754029,False
-0.9238795325112868,-0.3826834323650895,0.11457793814188541,0.46437440356429804,0.2506829172535215,0.0432210352974548,False
-0.9469301294951056,-0.3214394653031618,0.08637435800450967,0.4766603142500774,0.24537142295097064,0.01779338987693055,False
-0.9659258262890683,-0.25881904510252063,0.0601493294780526,0.4816448696299864,0.23380860777337337,-0.0069091154617939715,True
-0.9807852804032303,-0.19509032201612866,0.036404502026327314,0.4764773493184453,0.21913293110330295,-0.029828609500644365,True
-0.9914448613738104,-0.13052619222005163,0.04981416534760541,0.47628446369669497,0.21447085946620043,-0.001411139429971911,True
-0.9978589232386035,-0.06540312923014362,0.04420546799933965,0.45638919110275533,0.20855260685470417,-0.005188102313084211,True
-1.0,-1.8369701987210297e-16,0.0313314869942289,0.4569587215733746,0.19906806483330636,-0.01705822243028783,True
-0.9978589232386036,0.06540312923014237,0.01688647353756709,0.46149203588546084,0.19066233715331143,-0.030336328206231333,True
-0.9914448613738104,0.13052619222005213,0.0017138757226999699,0.442690853332242,0.1781800687196438,-0.04381630067510283,True
-0.9807852804032304,0.1950903220161283,0.0,0.4155498802500299,0.1478475824187651,-0.0393892265856266,True
-0.9659258262890682,0.25881904510252113,7.226461255082548e-06,0.2593810755802086,0.08480325236214331,-0.036342229694128036,True
-0.9469301294951057,0.3214394653031615,0.0006252121963811294,0.2390387168451107,0.07709543237190225,-0.032946690917015076,True
-0.9238795325112866,0.38268343236509,0.0006112687452178416,0.25092332089112057,0.07756469146170014,-0.02856183424592018,True
-0.8968727415326884,0.442288690219001,0.0011178407391915543,0.2732500287016755,0.07445971416181502,-0.02416962943971157,True
-0.8660254037844386,0.5000000000000001,0.0011644802570082628,0.2700679335204501,0.07099586427647914,-0.02022506110370159,True
-0.8314696123025455,0.5555702330196018,0.0008059230644928334,0.26986022336033955,0.0884205546935321,-0.01919279433786869,True
-0.7933533402912352,0.6087614290087205,0.00022475268598426174,0.281199275723262,0.09632746335564563,-0.018664544448256493,True
-0.7518398074789777,0.6593458151000684,0.0,0.27680519169225315,0.09504673434854943,-0.018058154731988907,True
-0.7071067811865477,0.7071067811865474,0.0,0.2721829488667473,0.08908804648703711,-0.017058713361620903,True
-0.6593458151000687,0.7518398074789775,0.0,0.253353529877844,0.08420742965876787,-0.01618974283337593,True
-0.608761429008721,0.7933533402912349,0.0,0.2406834570838332,0.08182271102532362,-0.015625009313225746,True
-0.5555702330196022,0.8314696123025452,3.493589943818375e-06,0.23789844902091128,0.0912787757453491,-0.014955884777009487,True
-0.5000000000000004,0.8660254037844384,4.939233940512868e-05,0.2377406816074037,0.10300106689917626,-0.014286432415246964,True
-0.4422886902190014,0.8968727415326883,0.0,0.2319336707484676,0.10322435670017022,-0.013538846746087074,True
-0.38268343236508956,0.9238795325112868,0.0,0.23154263398885888,0.10179219008880164,-0.01295079942792654,True
-0.32143946530316186,0.9469301294951056,0.0,0.22783516408265148,0.09712792419669075,-0.012494663707911968,True
-0.2588190451025207,0.9659258262890683,0.0,0.22005012422963532,0.09221933630583784,-0.012200280092656612,True
-0.19509032201612872,0.9807852804032303,0.0,0.21102692637686427,0.08705318245797306,-0.012071383185684681,True
-0.13052619222005168,0.9914448613738104,0.0,0.20677326533054852,0.0856996929096216,-0.0120564429089427,True
-0.06540312923014367,0.9978589232386035,0.0,0.21606703234041968,0.09156039797228005,-0.012041628360748291,True
0.0,1.0,0.0,0.23040929728134496,0.08860891409248312,-0.012038043700158596,True
0.06540312923014306,0.9978589232386035,0.0,0.22276079558715445,0.07837657312715113,-0.012198522686958313,True
0.13052619222005157,0.9914448613738104,0.0,0.20987706386147842,0.07144031538517387,-0.012600203976035118,True
0.19509032201612825,0.9807852804032304,0.0,0.20051608542541044,0.06857458450910009,-0.013222727924585342,True
0.25881904510252074,0.9659258262890683,0.0,0.19810429370837346,0.0676244638857672,-0.013900509104132652,True
0.3214394653031616,0.9469301294951057,0.0,0.20327502813117793,0.06656361880285849,-0.014354520477354527,True
0.3826834323650898,0.9238795325112867,0.0,0.21719890151707122,0.07141579474285736,-0.014848505146801472,True
0.4422886902190013,0.8968727415326883,0.0,0.2045347653949059,0.06809552942731972,-0.01564870961010456,True
0.49999999999999994,0.8660254037844387,0.0,0.19171388359143782,0.0654087290389675,-0.016805490478873253,True
0.5555702330196022,0.8314696123025452,0.0,0.18214158587891016,0.06113404231367969,-0.01819542795419693,True
0.6087614290087207,0.7933533402912352,0.0,0.17002748047484917,0.0539265729720671,-0.019589699804782867,True
0.6593458151000688,0.7518398074789774,0.0,0.16322714336863542,0.055739938010865686,-0.02078365348279476,True
0.7071067811865476,0.7071067811865476,0.0,0.15739175465866562,0.05798818385820326,-0.022250035777688026,True
0.7518398074789773,0.659345815100069,0.0,0.15041522272314856,0.059162025464223555,-0.02406378649175167,True
0.7933533402912352,0.6087614290087207,0.0,0.1560229230148107,0.06576141548706066,-0.02611299604177475,True
0.8314696123025452,0.5555702330196023,0.0,0.15562074633033562,0.061310268837329096,-0.028484705835580826,True
0.8660254037844386,0.5000000000000001,0.0,0.1550570629180923,0.05747296340258695,-0.03142572566866875,True
0.8968727415326884,0.44228869021900125,0.0,0.15232677383589466,0.05625349057785817,-0.035164885222911835,True
0.9238795325112867,0.38268343236508984,0.0,0.1439560974130456,0.04797518808162199,-0.03996402397751808,True
0.9469301294951057,0.3214394653031615,0.0,0.13457644528168666,0.042483051181505305,-0.045572325587272644,True
0.9659258262890683,0.25881904510252074,0.0,0.13009609429514013,0.04451129967623124,-0.05178607627749443,True
0.9807852804032304,0.19509032201612833,0.0,0.13027964467623732,0.04521483969699652,-0.05844871327280998,True
0.9914448613738104,0.1305261922200517,0.0,0.12853118673957398,0.04505020243003871,-0.06581556797027588,True
0.9978589232386035,0.06540312923014305,0.0006927624590745123,0.13366251568690224,0.05368481278005216,-0.07399652898311615,True
1.0,6.123233995736766e-17,0.005817377616263675,0.13858957198886723,0.055304102777496755,-0.07991782500995313,True
0.9978589232386035,-0.06540312923014292,0.01902258831903202,0.14972873816606502,0.06627882866084894,-0.07118675002914777,True
0.9914448613738105,-0.13052619222005138,0.0426597950001839,0.16649984879680435,0.07809125453659188,-0.054928957710092305,True
0.9807852804032305,-0.19509032201612797,0.0634408643062039,0.17913593464235267,0.10560205910642956,-0.04588816682522537,True
0.9659258262890683,-0.25881904510252085,0.05881527646948236,0.19873991430246174,0.13633428841528522,-0.07606972208147161,True
0.9469301294951057,-0.3214394653031616,0.13691458914026933,0.21345332874469536,0.1633974939650073,0.006595177995683599,False
0.9238795325112867,-0.3826834323650897,0.1482299774672059,0.24229328222557367,0.21442373989603442,-0.017380309221079526,True
0.8968727415326884,-0.44228869021900113,0.1201989030520586,0.2504946520196487,0.20336528217159738,-0.07437099080640991,True
0.8660254037844387,-0.4999999999999998,0.1466250672385145,0.2602481947405777,0.20145478224611463,-0.0626197052167661,True
0.8314696123025451,-0.5555702330196023,0.19801678084696697,0.2684319018582817,0.20343040927243577,-0.02977603079969643,True
0.7933533402912352,-0.6087614290087207,0.25630967303058155,0.28310385116466485,0.23132900725505473,-0.0005981833500374178,True
0.7518398074789774,-0.6593458151000688,0.49803017650088516,0.3203546385533911,0.32602321920037686,0.16311604632418664,False
0.7071067811865476,-0.7071067811865475,0.600966104298573,0.3604065601443953,0.42021269538296674,0.15740536311850772,False
0.6593458151000686,-0.7518398074789776,0.6359283523850175,0.4004213038037612,0.46480996512863454,0.10084434966851807,False
0.6087614290087204,-0.7933533402912353,0.7406429264751334,0.44501028815891375,0.5627581228029472,0.11799706051295755,False
0.5555702330196022,-0.8314696123025453,0.7174815470203214,0.46341312333350504,0.6272365491918255,0.0670977891045128,False
0.49999999999999994,-0.8660254037844387,0.5692533260899142,0.45831415272640164,0.588609649121558,0.17360090336122924,False
0.4422886902190013,-0.8968727415326883,0.8358904980817866,0.4868750783452227,0.6518002919791888,0.3359987128252784,False
0.3826834323650899,-0.9238795325112867,0.626508465910985,0.5054024412049123,0.6368289383436931,0.1719775396784673,False
0.32143946530316175,-0.9469301294951056,0.2912355333282835,0.5020569793437628,0.5104033438572377,-0.06223194822709577,True
0.258819045102521,-0.9659258262890682,0.28828213815131837,0.5056704953870645,0.45224737415138877,0.051181315530942684,False
0.19509032201612816,-0.9807852804032304,0.4135018855003806,0.5293673613351018,0.49467302779909555,0.19885869611522589,False
0.13052619222005157,-0.9914448613738104,0.3209284079196244,0.549405780671683,0.49391013382731314,0.0159127324010927,False
0.06540312923014312,-0.9978589232386035,0.44223267245151043,0.5350992109438775,0.41866158082567023,-0.13652349237306544,True
1.2246467991473532e-16,-1.0,0.9827193633305045,0.6115858253624751,0.7162432644254344,-0.36871999186264537,True
-0.06540312923014287,-0.9978589232386035,0.6845294397499623,0.6240482314797056,0.7725029060165074,0.015774905225134805,False
-0.13052619222005132,-0.9914448613738105,0.8345860068525452,0.6453793401882566,0.6265102283512145,0.24096632003784169,False
-0.19509032201612792,-0.9807852804032305,0.4733384085229156,0.6563690386591639,0.6092648706267787,0.03745741155284921,False
-0.25881904510252035,-0.9659258262890684,0.26528103327490093,0.6258243744960386,0.46767700462069833,-0.02188519344734219,True
-0.3214394653031611,-0.9469301294951058,0.06347467729750286,0.48512633713672404,0.31870353618016206,-0.1869570476805703,True
-0.3826834323650892,-0.923879532511287,0.027624360464165408,0.21248304321088862,0.11899483938424033,-0.18041621856039436,True
-0.44228869021900147,-0.8968727415326883,0.060581605972366885,0.23469737676939584,0.11214298225495373,-0.1339148863455367,True
-0.5000000000000001,-0.8660254037844386,0.050038608827801395,0.24548964535854134,0.11820795683769275,-0.14329525704719426,True
-0.5555702330196023,-0.8314696123025452,0.03996455514781126,0.26266074899136416,0.11446429608514114,-0.1295101632103981,True
-0.6087614290087207,-0.7933533402912352,0.03355898611890058,0.26519132664040557,0.10835262666913276,-0.10542898477571783,True
-0.6593458151000688,-0.7518398074789774,0.03297364847766843,0.26731981192481946,0.12052828446524394,-0.09633113721854959,True
-0.7071067811865475,-0.7071067811865477,0.034168705058306575,0.2683713326051964,0.1258927556419553,-0.08475067037951983,True
-0.7518398074789773,-0.6593458151000691,0.03616750469441809,0.2647279937409166,0.1280477226236834,-0.07293449416768269,True
-0.7933533402912349,-0.6087614290087209,0.0399385104120506,0.2608027295123687,0.12996950751229835,-0.055895562900642716,True
-0.8314696123025448,-0.555570233019603,0.04651129016171891,0.263247202795714,0.13576798258379336,-0.03486058798189204,True
-0.8660254037844385,-0.5000000000000004,0.057035731687434005,0.26647065434144657,0.1443067343151901,-0.009950370532052777,True
-0.8968727415326883,-0.44228869021900136,0.07628270145992391,0.2704294523465407,0.15214881521248896,0.024859764847876192,False
-0.9238795325112868,-0.3826834323650895,0.08488939507622448,0.26276696931246746,0.15724964224517785,0.03820843520964648,False
-0.9469301294951056,-0.3214394653031618,0.04372542907243709,0.23853710638990222,0.13740078062745004,-0.01255645815888573,True
-0.9659258262890683,-0.25881904510252063,0.047945567858306,0.22168643216849393,0.1097614398652485,0.004139969742177618,False
-0.9807852804032303,-0.19509032201612866,0.02140078885783927,0.2029974509738235,0.08443603569827768,-0.02513871915168939,True
-0.9914448613738104,-0.13052619222005163,0.007388664985340688,0.20014011932368447,0.0755717796467194,-0.03642497139186955,True
-0.9978589232386035,-0.06540312923014362,0.00413613279236672,0.17616207121516614,0.07166883315647027,-0.03441323489949751,True
-1.0,-1.8369701987210297e-16,0.0008836005993927529,0.15218402310664803,0.06776588666622113,-0.0336114764213562,True
-0.9978589232386036,0.06540312923014237,0.00035752365089519863,0.13728638996344844,0.06488793891559513,-0.0301774013787508,True
-0.9914448613738104,0.13052619222005213,5.0599209013754324e-05,0.14505710287864182,0.06609158252618214,-0.02686002291738987,True
-0.9807852804032304,0.1950903220161283,0.0,0.14564832598498767,0.06650788189489393,-0.023597728461027145,True
-0.9659258262890682,0.25881904510252113,0.0,0.15243658121658665,0.06808130471970347,-0.021169323474168777,True
-0.9469301294951057,0.3214394653031615,0.0,0.14492885573036718,0.06665505631565921,-0.019526038318872452,True
-0.9238795325112866,0.38268343236509,0.0,0.13742614154032573,0.06391595347634355,-0.018378879874944687,True
-0.8968727415326884,0.442288690219001,0.0,0.12891010211145493,0.062045650616059767,-0.01722915843129158,True
-0.8660254037844386,0.5000000000000001,0.0,0.1202208770257216,0.058045563321782734,-0.016157230362296104,True
-0.8314696123025455,0.5555702330196018,0.0,0.12495787336612207,0.0580288078168269,-0.015015135519206524,True
-0.7933533402912352,0.6087614290087205,0.0,0.12771214344152693,0.055819392688191916,-0.014041171409189701,True
-0.7518398074789777,0.6593458151000684,0.0,0.13309053830219875,0.05918534452375218,-0.013244197703897953,True
-0.7071067811865477,0.7071067811865474,0.0,0.1310556881919993,0.05914205750072815,-0.012668050825595856,True
-0.6593458151000687,0.7518398074789775,0.0,0.13401888407016083,0.059725312577682876,-0.012270807288587093,True
-0.608761429008721,0.7933533402912349,0.0,0.13938773333169596,0.06024465631513959,-0.011892610229551792,True
-0.5555702330196022,0.8314696123025452,0.0,0.14571944473494747,0.06050593216985273,-0.011536977253854275,True
-0.5000000000000004,0.8660254037844384,0.0,0.14890529233845284,0.0639837957948603,-0.0112450011074543,True
-0.4422886902190014,0.8968727415326883,0.0,0.1494202523018604,0.06400561299364621,-0.011077884584665298,True
-0.38268343236508956,0.9238795325112868,0.0,0.14823741045388972,0.0642581169593755,-0.010972775518894196,True
-0.32143946530316186,0.9469301294951056,0.0,0.14908867300852613,0.0664592006761004,-0.01087897177785635,True
-0.2588190451025207,0.9659258262890683,0.0,0.14524826574129257,0.06454755969934439,-0.01076581235975027,True
-0.19509032201612872,0.9807852804032303,0.0,0.1452747068826412,0.06408959722288826,-0.010686964727938175,True
-0.13052619222005168,0.9914448613738104,0.0,0.1503598930222123,0.06788128004024668,-0.010638047941029072,True
-0.06540312923014367,0.9978589232386035,0.0,0.14807756838140973,0.06104302388618449,-0.010653124190866947,True
0.0,1.0,0.0,0.14246527146068177,0.05401811833606357,-0.010749543085694313,True
0.06540312923014306,0.9978589232386035,0.0,0.13768466468080298,0.048674357265986234,-0.010958920232951641,True
0.13052619222005157,0.9914448613738104,0.0,0.13436373189187045,0.04766041307633084,-0.011254552751779556,True
0.19509032201612825,0.9807852804032304,0.0,0.13607865932899244,0.0444376125962857,-0.011597859673202038,True
0.25881904510252074,0.9659258262890683,0.0,0.13505375466857128,0.043618748637983484,-0.011986122466623783,True
0.3214394653031616,0.9469301294951057,0.0,0.1333045646995079,0.043773797534566394,-0.012476314790546894,True
0.3826834323650898,0.9238795325112867,0.0,0.12824059918097186,0.03709096090247832,-0.013084501959383488,True
0.4422886902190013,0.8968727415326883,0.0,0.12155827677634679,0.03329239397626932,-0.01386932097375393,True
0.49999999999999994,0.8660254037844387,0.0,0.12316084253377402,0.033202436560628434,-0.014707723632454872,True
0.5555702330196022,0.8314696123025452,0.0,0.12062696865929756,0.03307318217002447,-0.015697283670306206,True
0.6087614290087207,0.7933533402912352,0.0,0.11536665334709295,0.03340432001863286,-0.016894705593585968,True
0.6593458151000688,0.7518398074789774,0.0,0.11527610990062653,0.035867185804071666,-0.018254084512591362,True
0.7071067811865476,0.7071067811865476,0.0,0.11580319194497424,0.04177560985257367,-0.01988733373582363,True
0.7518398074789773,0.659345815100069,0.0,0.11648643359096633,0.04297124530738505,-0.021665487438440323,True
0.7933533402912352,0.6087614290087207,0.0,0.1158297867274205,0.031992355515184534,-0.023712696507573128,True
0.8314696123025452,0.5555702330196023,0.0,0.114012649896718,0.024869777805415494,-0.026286039501428604,True
0.8660254037844386,0.5000000000000001,0.0,0.11793473341424088,0.04140499635940503,-0.02948378026485443,True
0.8968727415326884,0.44228869021900125,0.0,0.11301788145234548,0.042308979103850064,-0.03345279395580292,True
0.9238795325112867,0.38268343236508984,0.0,0.12155822005896066,0.042057556575023414,-0.0380241796374321,True
0.9469301294951057,0.3214394653031615,0.0,0.11930639739832904,0.04455661123301857,-0.042872775346040726,True
0.9659258262890683,0.25881904510252074,0.0,0.11538052024389356,0.03905604183683259,-0.048129647970199585,True
0.9807852804032304,0.19509032201612833,0.0,0.11582954662381884,0.036045922749587456,-0.05472050979733467,True
0.9914448613738104,0.1305261922200517,0.0,0.11056510373533412,0.04152772430259272,-0.06282331049442291,True
0.9978589232386035,0.06540312923014305,0.0020493745530577112,0.10878321865080953,0.04071247195884092,-0.07106379274396658,True
1.0,6.123233995736766e-17,0.01795302526043335,0.10822800144282207,0.04274544458877083,-0.060520298466595145,True
0.9978589232386035,-0.06540312923014292,0.043536948881801256,0.11459189876544484,0.05152630034209149,-0.04224998504702313,True
0.9914448613738105,-0.13052619222005138,0.06970809231847999,0.13161245630540597,0.06724646879501034,-0.023301112278991315,True
0.9807852804032305,-0.19509032201612797,0.1344687663168474,0.15979590830830626,0.09114614135627691,0.05572611165066216,False
0.9659258262890683,-0.25881904510252085,0.1655105998050553,0.17977891015804137,0.10252683520247025,0.021970201141464696,False
0.9469301294951057,-0.3214394653031616,0.22366511639615383,0.20207395920582183,0.150410694490056,0.04723637930969243,False
0.9238795325112867,-0.3826834323650897,0.23914490464686872,0.22079688802490183,0.17044341017238224,0.03477109325786337,False
0.8968727415326884,-0.44228869021900113,0.25174336973979716,0.23692778061323794,0.19377254532294225,0.019922982774321696,False
0.8660254037844387,-0.4999999999999998,0.3272708721547429,0.26245836018247726,0.26076022746685207,0.06778059583204815,False
0.8314696123025451,-0.5555702330196023,0.33573338815060466,0.2822604419514154,0.28688053019384024,0.05080997075142635,False
0.7933533402912352,-0.6087614290087207,0.34341520767770517,0.30179373025858003,0.3052151440698763,0.051818154145640005,False
0.7518398074789774,-0.6593458151000688,0.403370490850745,0.32163271948024175,0.3187509072709171,0.10670511735729282,False
0.7071067811865476,-0.7071067811865475,0.4511881329266834,0.34577319038230336,0.32934817355176343,0.12230290538563204,False
0.6593458151000686,-0.7518398074789776,0.35937469718185683,0.3554483020327319,0.3069080964091619,0.016746101608299924,False
0.6087614290087204,-0.7933533402912353,0.36922201022899653,0.3500774529161548,0.29172425901303894,0.03132974554239454,False
0.5555702330196022,-0.8314696123025453,0.394221137646181,0.3734786608342715,0.34682842054640944,0.0362821021420453,False
0.49999999999999994,-0.8660254037844387,0.42698334930425863,0.386881418151646,0.38553092502366976,0.04507537143046825,False
0.4422886902190013,-0.8968727415326883,0.4883727326414001,0.41294468653094984,0.43728110964968486,0.04661210619450029,False
0.3826834323650899,-0.9238795325112867,0.4007196408723567,0.4162986243643494,0.4281668891969484,-0.004525382617756368,True
0.32143946530316175,-0.9469301294951056,0.4934097086145115,0.4358272201900668,0.44971830503362203,0.015795399829893975,False
0.258819045102521,-0.9659258262890682,0.41092871182166385,0.4386140586490832,0.43580381052294165,0.0035717106044971247,False
0.19509032201612816,-0.9807852804032304,0.6267439352592425,0.45553634058734005,0.4926957238118603,-0.34319059018720666,True
0.13052619222005157,-0.9914448613738104,0.8419069125382256,0.5172495461728401,0.7181588782723891,-0.085185184955887,True
0.06540312923014312,-0.9978589232386035,0.8207801518599206,0.5555476330819766,0.8295475098277714,-0.22955169864602082,True
1.2246467991473532e-16,-1.0,0.6937656942002468,0.5575684841438646,0.7696497478731168,-0.2734560417952926,True
-0.06540312923014287,-0.9978589232386035,0.6256786077733353,0.5551157824281512,0.7508787219048227,-0.19473118116687732,True
-0.13052619222005132,-0.9914448613738105,0.9858573210002852,0.6029417798342214,0.9121937846298867,-0.5189310908317566,True
-0.19509032201612792,-0.9807852804032305,0.9612634179147838,0.6714947129397928,1.0000000000000002,-0.1109822877576811,True
-0.25881904510252035,-0.9659258262890684,0.5152693044856111,0.6210868650523502,0.7491715207642957,-0.10192213734718841,True
-0.3214394653031611,-0.9469301294951058,0.8113879732809711,0.6549195332133149,0.7431269337508997,0.13241112205556071,False
-0.3826834323650892,-0.923879532511287,0.8510033283022707,0.6709456832835567,0.7946860158493567,0.19656745038950507,False
-0.44228869021900147,-0.8968727415326883,0.7912643780576821,0.7038532277282583,0.8344552045193634,0.08338339986073251,False
-0.5000000000000001,-0.8660254037844386,0.8799746686433854,0.6929516868554508,0.8545370612567347,0.09646268036950423,False
-0.5555702330196023,-0.8314696123025452,0.6566071522327521,0.6600288565709818,0.750552409746543,0.08706465074564618,False
-0.6087614290087207,-0.7933533402912352,0.5481273348327236,0.6466376921613328,0.6569897843449111,0.07870081271400936,False
-0.6593458151000688,-0.7518398074789774,0.6104034337985452,0.6468318418875862,0.6748443818233612,0.2316799106615871,False
-0.7071067811865475,-0.7071067811865477,0.43621354566298937,0.6406621075252739,0.6218096453598785,0.29460517214102866,False
-0.7518398074789773,-0.6593458151000691,0.3646651943385513,0.6028567800081144,0.47505244737833147,0.22391792045335907,False
-0.7933533402912349,-0.6087614290087209,0.5096678351400267,0.6523556388892771,0.6055457593446154,0.4126647764954601,False
-0.8314696123025448,-0.555570233019603,0.3052339379553471,0.6024977174229669,0.49357480735653986,0.22259581254519356,False
-0.8660254037844385,-0.5000000000000004,0.35176152710939224,0.574650851535208,0.4159732290260027,0.042471636746554076,False
-0.8968727415326883,-0.44228869021900136,0.34408323584534234,0.5867988745664823,0.48717144266971885,-0.21755971014499664,True
-0.9238795325112868,-0.3826834323650895,0.38008321257911737,0.6115135417004196,0.48522639300659426,-0.19685767590999603,True
-0.9469301294951056,-0.3214394653031618,0.33168071310600344,0.6185864511587986,0.4715319584374174,0.2144063552304432,False
-0.9659258262890683,-0.25881904510252063,0.2942131405142494,0.5803855124987847,0.4136273491920441,0.2402404446870311,False
-0.9807852804032303,-0.19509032201612866,0.2369320028250399,0.5362915559789851,0.35046217272587193,0.1948120702503794,False
-0.9914448613738104,-0.13052619222005163,0.20158378087314827,0.5054385359605098,0.3162240075461153,0.16103531351891304,False
-0.9978589232386035,-0.06540312923014362,0.12530687972134918,0.47341074611248457,0.27394662762799465,0.07498513692910971,False
-1.0,-1.8369701987210297e-16,0.09281725023094127,0.450540280715809,0.2317548978447243,0.051675184201222885,False
-0.9978589232386036,0.06540312923014237,0.050355401816978514,0.4295687207234262,0.20496918804248182,0.00958393204706015,False
-0.9914448613738104,0.13052619222005213,0.015807073562411386,0.40139358960223515,0.1703366459165006,-0.02554145991987906,True
-0.9807852804032304,0.1950903220161283,0.0014704598923802276,0.38468576171038005,0.14575827036673278,-0.03760863112678973,True
-0.9659258262890682,0.25881904510252113,0.0,0.36773007770595156,0.1309604678710093,-0.03367294371128082,True
-0.9469301294951057,0.3214394653031615,0.0,0.35006630479877665,0.12219150995620848,-0.030378742143511772,True
-0.9238795325112866,0.38268343236509,0.0,0.33803386757853127,0.11674438884628152,-0.027956387028098106,True
-0.8968727415326884,0.442288690219001,0.0,0.3248047073711482,0.10954773072566054,-0.025851497426629066,True
-0.8660254037844386,0.5000000000000001,0.0,0.3239642709051733,0.10908559680490143,-0.02374347671866417,True
-0.8314696123025455,0.5555702330196018,0.0,0.3179862849810162,0.11361248679657271,-0.021889662370085716,True
-0.7933533402912352,0.6087614290087205,0.0,0.30890089998020587,0.11658858382630805,-0.020391881465911865,True
-0.7518398074789777,0.6593458151000684,0.0,0.29534692768292725,0.11159972990778727,-0.019109046086668968,True
-0.7071067811865477,0.7071067811865474,0.0,0.2894643930867127,0.108402687594982,-0.017975473776459694,True
-0.6593458151000687,0.7518398074789775,0.0,0.28222035920732846,0.10458745358147176,-0.016837185248732567,True
-0.608761429008721,0.7933533402912349,0.0,0.2716640895830298,0.10133523218265256,-0.01588587835431099,True
-0.5555702330196022,0.8314696123025452,0.0,0.25856039718293267,0.08714547179939697,-0.015136662870645523,True
-0.5000000000000004,0.8660254037844384,0.0,0.25302881149767464,0.08465553985042013,-0.014563008211553097,True
-0.4422886902190014,0.8968727415326883,0.0,0.24599992846929264,0.08060253373472942,-0.014058927074074745,True
-0.38268343236508956,0.9238795325112868,0.0,0.23808673328714858,0.0824204962188993,-0.013643545098602772,True
-0.32143946530316186,0.9469301294951056,0.0,0.23049223196439783,0.0815696819821688,-0.0133524714037776,True
-0.2588190451025207,0.9659258262890683,0.0,0.22824900230289047,0.0870733639673314,-0.01307282131165266,True
-0.19509032201612872,0.9807852804032303,0.0,0.2237016954334825,0.08537922310836582,-0.012810764834284782,True
-0.13052619222005168,0.9914448613738104,0.0,0.22175748279457141,0.09104726813438252,-0.01257876493036747,True
-0.06540312923014367,0.9978589232386035,0.0,0.22310136836738081,0.09364164916992951,-0.012455259449779987,True
0.0,1.0,0.0,0.22299976685814227,0.09408258798830765,-0.0124276177957654,True
0.06540312923014306,0.9978589232386035,0.0,0.22888542456572436,0.09496486319466341,-0.012510713189840317,True
0.13052619222005157,0.9914448613738104,0.0,0.22447482903222915,0.09505156720251767,-0.012711231596767902,True
0.19509032201612825,0.9807852804032304,0.0,0.21597127543180328,0.08994307755431269,-0.01309974491596222,True
0.25881904510252074,0.9659258262890683,0.0,0.21421071955059756,0.09206426482767843,-0.013589051552116871,True
0.3214394653031616,0.9469301294951057,0.0,0.20655970395278844,0.08928543710367959,-0.014168769121170044,True
0.3826834323650898,0.9238795325112867,0.0,0.1621181178125366,0.052480311738826724,-0.014734967611730099,True
0.4422886902190013,0.8968727415326883,0.0,0.15470714267146546,0.046050937339388975,-0.015385359525680542,True
0.49999999999999994,0.8660254037844387,0.0,0.16771001166184463,0.04887413875351504,-0.016095774248242378,True
0.5555702330196022,0.8314696123025452,0.0,0.1746288561546765,0.05855170345531319,-0.01694224402308464,True
0.6087614290087207,0.7933533402912352,0.0,0.17731802393442297,0.07346897148850956,-0.01805461198091507,True
0.6593458151000688,0.7518398074789774,0.0,0.1668737234424862,0.07554436751390475,-0.019736943766474724,True
0.7071067811865476,0.7071067811865476,0.0,0.15937603365664144,0.06510494459353283,-0.021690234541893005,True
0.7518398074789773,0.659345815100069,0.0,0.15337088640636742,0.05805399390920041,-0.023515626788139343,True
0.7933533402912352,0.6087614290087207,0.0,0.15174324898039426,0.05502204837736496,-0.02551375888288021,True
0.8314696123025452,0.5555702330196023,0.0,0.15545916637412005,0.0574419654668239,-0.028063014149665833,True
0.8660254037844386,0.5000000000000001,0.0,0.15711756920101427,0.06476177282204182,-0.03151879087090492,True
0.8968727415326884,0.44228869021900125,0.0,0.15991206803626556,0.06400897541764955,-0.03550591319799423,True
0.9238795325112867,0.38268343236508984,0.0,0.16523201726883552,0.06823819239117607,-0.04018533602356911,True
0.9469301294951057,0.3214394653031615,0.0,0.16431148337555013,0.0671053359250649,-0.0456315241754055,True
0.9659258262890683,0.25881904510252074,0.0,0.1662281289699752,0.07015421590411791,-0.05187336727976799,True
0.9807852804032304,0.19509032201612833,0.0,0.16225508299026292,0.06481714428524049,-0.05942842364311218,True
0.9914448613738104,0.1305261922200517,0.0,0.15187394827335665,0.05050754997001139,-0.06784913688898087,True
0.9978589232386035,0.06540312923014305,0.0004239288033857295,0.14898543816460075,0.04565051589261099,-0.07726674526929855,True
1.0,6.123233995736766e-17,0.005015602395852005,0.15204742243265779,0.05085049153831839,-0.08593954191571233,True
0.9978589232386035,-0.06540312923014292,0.017504586135224348,0.15631684221570574,0.05818774681754496,-0.07899909311000244,True
0.9914448613738105,-0.13052619222005138,0.03736822508523312,0.15906097342811187,0.08096323644416942,-0.07046405717100064,True
0.9807852804032305,-0.19509032201612797,0.06638926779268806,0.17224281973974853,0.10462540703939155,-0.05422360774490838,True
0.9659258262890683,-0.25881904510252085,0.09727225542747184,0.190888638184177,0.12956666948980972,-0.043581869880316704,True
0.9469301294951057,-0.3214394653031616,0.11376251071685735,0.2079114238351505,0.14805602360623765,-0.04873284743878509,True
0.9238795325112867,-0.3826834323650897,0.12881264033468406,0.21512176878442713,0.152255626614538,-0.05489303525635811,True
0.8968727415326884,-0.44228869021900113,0.25563008388991154,0.23322925970228336,0.1763980112643065,0.040018888222180804,False
0.8660254037844387,-0.4999999999999998,0.3110223427796413,0.2791366291152384,0.2777634815659675,0.03303684884197822,False
0.8314696123025451,-0.5555702330196023,0.2982257241379181,0.2773801282750783,0.2668174385234295,-0.007944695337461505,True
0.7933533402912352,-0.6087614290087207,0.3172462415863473,0.30399412739107246,0.2892595335071208,0.02159581553910167,False
0.7518398074789774,-0.6593458151000688,0.327447336472289,0.32335071324832554,0.30950703406477137,0.03409400721762912,False
0.7071067811865476,-0.7071067811865475,0.4510245785980797,0.3531319110391251,0.3570575586460341,0.13224921704979586,False
0.6593458151000686,-0.7518398074789776,0.2665511019502613,0.3524012761560651,0.34235376932615164,-0.0896547980021079,True
0.6087614290087204,-0.7933533402912353,0.30888869597725654,0.34725253194620787,0.30013045485794615,-0.008913078230982197,True
0.5555702330196022,-0.8314696123025453,0.39228294646538237,0.35971697963726923,0.3396774761874714,0.09759098074504813,False
0.49999999999999994,-0.8660254037844387,0.3432556556235116,0.3854240230022632,0.39468650691808543,0.01908726024743035,False
0.4422886902190013,-0.8968727415326883,0.2678592069303012,0.38353260410390755,0.35383118958285126,-0.11521501637973625,True
0.3826834323650899,-0.9238795325112867,0.2625427339646964,0.3723164459653574,0.293340678002236,-0.050075776817963935,True
0.32143946530316175,-0.9469301294951056,0.7652922461039973,0.4542449810490232,0.5252619709570323,-0.42413139393462407,True
0.258819045102521,-0.9659258262890682,0.5578434432469372,0.47905212273039166,0.6187472819239919,-0.334782156277907,True
0.19509032201612816,-0.9807852804032304,0.5337922525696622,0.46126887521610405,0.47253365386936735,-0.1372669408651619,True
0.13052619222005157,-0.9914448613738104,0.6308011204625117,0.4941965898128249,0.5379828338489518,-0.1219326117287351,True
0.06540312923014312,-0.9978589232386035,0.5467768933845699,0.47992162225644597,0.4733685366427755,-0.1094761235548325,True
1.2246467991473532e-16,-1.0,0.7465656596245327,0.527922075536756,0.6113198237071544,-0.06983843726462124,True
-0.06540312923014287,-0.9978589232386035,0.5660729327916714,0.5350003661516913,0.5551795795617975,-0.17222587797478184,True
-0.13052619222005132,-0.9914448613738105,0.45918058206088086,0.5032583425063151,0.4562892374117173,-0.1617986761506207,True
-0.19509032201612792,-0.9807852804032305,0.24966292958274053,0.49596236022750895,0.3959565971520795,-0.17510542479591854,True
-0.25881904510252035,-0.9659258262890684,0.05965103764491699,0.38766130080426886,0.24184774705803985,-0.1670166487066821,True
-0.3214394653031611,-0.9469301294951058,0.35230961887495105,0.3371763306315232,0.22350213917665945,0.21457739928790853,False
-0.3826834323650892,-0.923879532511287,0.37029838434920664,0.41976434561218,0.37565050588086674,0.11435584370234786,False
-0.44228869021900147,-0.8968727415326883,0.3171819791951364,0.42782636529394447,0.3468564926559708,0.052113131564553106,False
-0.5000000000000001,-0.8660254037844386,0.5046743700716095,0.4745610468379502,0.446912958720396,0.08308265833880213,False
-0.5555702330196023,-0.8314696123025452,0.6921667609480826,0.5212957283819564,0.5469694247848211,0.11809615164480469,False
-0.6087614290087207,-0.7933533402912352,0.39794291023754536,0.47675411743379326,0.4341150488879863,-0.04507598390673573,True
-0.6593458151000688,-0.7518398074789774,0.4873745596206471,0.47141954425335375,0.3923705615044801,0.17063549219276963,False
-0.7071067811865475,-0.7071067811865477,0.6881687979365816,0.5261604390633037,0.5856361347449883,0.15369097488072392,False
-0.7518398074789773,-0.6593458151000691,0.43748668361211673,0.5119239707646053,0.5284806572523149,0.09444930079702285,False
-0.7933533402912349,-0.6087614290087209,0.2691259706861521,0.4763589221554194,0.37585044120073724,0.08245266472477886,False
-0.8314696123025448,-0.555570233019603,0.4111629218889478,0.4755115788982158,0.378081112929987,0.3560551391046263,False
-0.8660254037844385,-0.5000000000000004,0.28711976756210245,0.48792004255876065,0.3810328091162635,0.21856042026495415,False
-0.8968727415326883,-0.44228869021900136,0.1853357928890668,0.4628273555574527,0.3081605685517244,0.09963121132603187,False
-0.9238795325112868,-0.3826834323650895,0.15449620964555336,0.4255785932314955,0.2602961692041325,0.07935983140198422,False
-0.9469301294951056,-0.3214394653031618,0.1759247540935675,0.4059557501249276,0.25155865607260147,0.1333438716270912,False
-0.9659258262890683,-0.25881904510252063,0.15182433744329404,0.38870750025946155,0.24938941902180284,0.11077131972788568,False
-0.9807852804032303,-0.19509032201612866,0.10796794744496294,0.3571696147132051,0.208340690955038,0.059317557936660326,False
-0.9914448613738104,-0.13052619222005163,0.09232526814156343,0.34059459140067316,0.18454944453965844,0.052483375464137186,False
-0.9978589232386035,-0.06540312923014362,0.0755839667857763,0.3264829632368529,0.16964296269189688,0.04241425696427227,False
-1.0,-1.8369701987210297e-16,0.048821048411408455,0.3223465986609573,0.15461930799354778,0.01509986558900897,False
-0.9978589232386036,0.06540312923014237,0.0243519701542463,0.3126564538782268,0.14235000700250716,-0.01092767113792776,True
-0.9914448613738104,0.13052619222005213,0.009193022272785137,0.2995901513437349,0.1298844130676569,-0.02529686069466,True
-0.9807852804032304,0.1950903220161283,0.0008515186273568565,0.27997287095237877,0.11044000334868681,-0.031142760068178177,True
-0.9659258262890682,0.25881904510252113,0.0,0.2678930180601877,0.10015016973922825,-0.028010156005620956,True
-0.9469301294951057,0.3214394653031615,0.0,0.2516164748456622,0.08945983989856116,-0.025491485372185707,True
-0.9238795325112866,0.38268343236509,0.0,0.23376720526876782,0.07909304525238386,-0.023403357714414597,True
-0.8968727415326884,0.442288690219001,0.0,0.22159256678471118,0.07667440537292408,-0.02158358506858349,True
-0.8660254037844386,0.5000000000000001,0.0,0.21322297757113917,0.08015869508003176,-0.01992744393646717,True
-0.8314696123025455,0.5555702330196018,0.0,0.20707448563454522,0.08087508367078283,-0.01836809515953064,True
-0.7933533402912352,0.6087614290087205,0.0,0.20371266219386674,0.08072551788337762,-0.016970133408904076,True
-0.7518398074789777,0.6593458151000684,0.0,0.19622146988877964,0.07630222177852947,-0.015777355059981346,True
-0.7071067811865477,0.7071067811865474,0.0,0.1930376560447098,0.07469250914573006,-0.01479362789541483,True
-0.6593458151000687,0.7518398074789775,0.0,0.17989461520162053,0.07047145269784766,-0.01404578611254692,True
-0.608761429008721,0.7933533402912349,0.0,0.16131012602325323,0.06234074992939054,-0.013438902795314789,True
-0.5555702330196022,0.8314696123025452,0.0,0.15708990813170542,0.05774505037914146,-0.012858080677688122,True
-0.5000000000000004,0.8660254037844384,0.0,0.1554067501192804,0.05791653392895019,-0.012312754988670349,True
-0.4422886902190014,0.8968727415326883,0.0,0.14900570492523535,0.053061572423836856,-0.011786420829594135,True
-0.38268343236508956,0.9238795325112868,0.0,0.1545496335111236,0.053670345078809245,-0.011388810351490974,True
-0.32143946530316186,0.9469301294951056,0.0,0.15950570390715857,0.057565793809489674,-0.011186165735125542,True
-0.2588190451025207,0.9659258262890683,0.0,0.15950910562693177,0.05796265415900964,-0.01105419360101223,True
-0.19509032201612872,0.9807852804032303,0.0,0.1591989290174416,0.05649484928382015,-0.011012978851795197,True
-0.13052619222005168,0.9914448613738104,0.0,0.15671952318076499,0.055035000411127244,-0.011081170290708542,True
-0.06540312923014367,0.9978589232386035,0.0,0.1522513632182927,0.054687648420494284,-0.011158483102917671,True
0.0,1.0,0.0,0.1405642029813139,0.053072495610779036,-0.011274159885942936,True
0.06540312923014306,0.9978589232386035,0.0,0.14186308141749793,0.0525167750357885,-0.011407073587179184,True
0.13052619222005157,0.9914448613738104,0.0,0.14116919977888975,0.051793325649603816,-0.011540560983121395,True
0.19509032201612825,0.9807852804032304,0.0,0.13912136460120728,0.050977910326856,-0.011717738583683968,True
0.25881904510252074,0.9659258262890683,0.0,0.13880200641466844,0.049888581820017985,-0.011995906010270119,True
0.3214394653031616,0.9469301294951057,0.0,0.13757824950396835,0.04750136984341857,-0.012504499405622482,True
0.3826834323650898,0.9238795325112867,0.0,0.14202439284839863,0.047306655478221826,-0.013091006316244602,True
0.4422886902190013,0.8968727415326883,0.0,0.14663041481651362,0.050724681916390846,-0.013818198814988136,True
0.49999999999999994,0.8660254037844387,0.0,0.14426164456040658,0.05017476892130879,-0.014754065312445164,True
0.5555702330196022,0.8314696123025452,0.0,0.13927072328407664,0.048823685240389714,-0.015894200652837753,True
0.6087614290087207,0.7933533402912352,0.0,0.13362121975792163,0.045316894516768735,-0.0172394011169672,True
0.6593458151000688,0.7518398074789774,0.0,0.1396278008237215,0.04439552014113607,-0.018675578758120537,True
0.7071067811865476,0.7071067811865476,0.0,0.13877590637438164,0.04437845900408588,-0.02030692808330059,True
0.7518398074789773,0.659345815100069,0.0,0.13388170191692272,0.04228088663120999,-0.022289931774139404,True
0.7933533402912352,0.6087614290087207,0.0,0.1321083215414578,0.037117176377626515,-0.024740487337112427,True
0.8314696123025452,0.5555702330196023,0.0,0.13054674991349713,0.033382233501703995,-0.027744222432374954,True
0.8660254037844386,0.5000000000000001,0.0,0.12464798475491623,0.026780496928352493,-0.031027819961309433,True
0.8968727415326884,0.44228869021900125,0.0,0.11316952326209129,0.020367816089458146,-0.03492531552910805,True
0.9238795325112867,0.38268343236508984,0.0,0.11297355019790634,0.022919940451475496,-0.039585959166288376,True
0.9469301294951057,0.3214394653031615,0.0,0.12133909212181027,0.032882367526582745,-0.044738851487636566,True
0.9659258262890683,0.25881904510252074,0.0,0.1287961007321221,0.03853858362382989,-0.05041163042187691,True
0.9807852804032304,0.19509032201612833,0.0,0.12708222502440103,0.04008977594007801,-0.05685984715819359,True
0.9914448613738104,0.1305261922200517,0.0,0.12273842209071506,0.0366382179430107,-0.06468036770820618,True
0.9978589232386035,0.06540312923014305,0.00032409360323908067,0.12472778422689124,0.03968541798662767,-0.0737408995628357,True
1.0,6.123233995736766e-17,0.006212250697681235,0.13086274969704093,0.04431624388553029,-0.07946774456081566,True
0.9978589232386035,-0.06540312923014292,0.018498714363129054,0.1362736555937456,0.051642053379157005,-0.07296100865999647,True
0.9914448613738105,-0.13052619222005138,0.039625034306692404,0.1505912952319557,0.07025885640115331,-0.06135324046057273,True
0.9807852804032305,-0.19509032201612797,0.0648782361738706,0.16679906243967313,0.09958855158026308,-0.05069235982328257,True
0.9659258262890683,-0.25881904510252085,0.10246341001526359,0.1857564349068288,0.13544877779699843,-0.02440494843307489,True
0.9469301294951057,-0.3214394653031616,0.1346499380969431,0.20653890266229613,0.1711025447995777,-0.017032922007794465,True
0.9238795325112867,-0.3826834323650897,0.15254956383947055,0.2172574149539599,0.18021665227006883,-0.021095057663059857,True
0.8968727415326884,-0.44228869021900113,0.21440081359572563,0.22917526465219473,0.2136211413654669,0.02384390286027488,False
0.8660254037844387,-0.4999999999999998,0.23784191947490624,0.2473677451870282,0.2478708186626551,0.0291063061545766,False
0.8314696123025451,-0.5555702330196023,0.36890189719362326,0.27771408913146467,0.3040884896548132,0.12280304410352072,False
0.7933533402912352,-0.6087614290087207,0.3324483504007059,0.3019773905453682,0.3349015801931084,0.026796309858218792,False
0.7518398074789774,-0.6593458151000688,0.32336665127085895,0.30086148995977724,0.32067210781476346,0.033309169902888236,False
0.7071067811865476,-0.7071067811865475,0.36523945844487543,0.3131521285438612,0.3432639284416085,0.07489137505274035,False
0.6593458151000686,-0.7518398074789776,0.42516679069158414,0.33364332932945784,0.3856493421662179,0.141017383603945,False
0.6087614290087204,-0.7933533402912353,0.46231381863526444,0.3593371248994317,0.41708699974693736,0.12763550832042936,False
0.5555702330196022,-0.8314696123025453,0.46553625435180424,0.3676934382743875,0.4135465012735888,0.0466689563549475,False
0.49999999999999994,-0.8660254037844387,0.6802464198726567,0.42819416270319133,0.5382336287289338,-0.01627833483145047,True
0.4422886902190013,-0.8968727415326883,0.6233980688969273,0.43194596569139687,0.5218051414384237,-0.1042719758660785,True
0.3826834323650899,-0.9238795325112867,0.4555766030916944,0.42968725382192674,0.5021533096030806,-0.14986328431970503,True
0.32143946530316175,-0.9469301294951056,0.27254107120289395,0.3755412339617703,0.32652665475014314,-0.15144009139277587,True
0.258819045102521,-0.9659258262890682,0.594687502612191,0.4222954178368308,0.4188832489670637,0.10414287407090794,False
0.19509032201612816,-0.9807852804032304,0.7063995539615873,0.4774094549449659,0.6355624709530685,-0.030218557395457313,True
0.13052619222005157,-0.9914448613738104,0.7968023035505942,0.5075916056481018,0.655447835825498,-0.07053406487054603,True
0.06540312923014312,-0.9978589232386035,0.8734844568500238,0.5569713957035412,0.7743815585076463,-0.11647169593101359,True
1.2246467991473532e-16,-1.0,0.686100069988041,0.5924753734888888,0.740139363669116,-0.15437344122962526,True
-0.06540312923014287,-0.9978589232386035,0.5704703347944095,0.5736541860203015,0.6441891335053072,-0.01603752270813208,True
-0.13052619222005132,-0.9914448613738105,1.0,0.6130566099743056,0.73634852328585,0.13219708064083324,False
-0.19509032201612792,-0.9807852804032305,0.9788504957415566,0.6607937726397028,0.8890118293533824,-0.024522798175743543,True
-0.25881904510252035,-0.9659258262890684,0.6852610982622811,0.6541296455507255,0.8222048225763512,-0.1726995666743173,True
-0.3214394653031611,-0.9469301294951058,0.8580354835953364,0.6464846085956271,0.7577129034600474,-0.04527501147372692,True
-0.3826834323650892,-0.923879532511287,0.7283096428383008,0.6434242290514864,0.7550870090537196,-0.02571487036877973,True
-0.44228869021900147,-0.8968727415326883,0.23808593113301735,0.547565450463211,0.44904487334357285,-0.156387262578643,True
-0.5000000000000001,-0.8660254037844386,0.22678233565050715,0.4908391898871445,0.34159160051794774,-0.05891072828177346,True
-0.5555702330196023,-0.8314696123025452,0.3798932884813809,0.47424192428439294,0.38052567219575767,0.18296741223892582,False
-0.6087614290087207,-0.7933533402912352,0.3441896706962347,0.494267195774593,0.4202656963755395,0.15921930941221663,False
-0.6593458151000688,-0.7518398074789774,0.3416751283897773,0.4428656052712372,0.35142704581131573,0.13676413273987692,False
-0.7071067811865475,-0.7071067811865477,0.36426576375068087,0.4391199866207971,0.3645675182187333,0.18449071126474886,False
-0.7518398074789773,-0.6593458151000691,0.29501083404368134,0.4249393172018592,0.3402211454634156,0.14557843948683252,False
-0.7933533402912349,-0.6087614290087209,0.28316631508763335,0.41413057139273524,0.3270489874604163,0.15875017872865793,False
-0.8314696123025448,-0.555570233019603,0.23560757925702436,0.39645140620616415,0.2952846891607192,0.14017492921898833,False
-0.8660254037844385,-0.5000000000000004,0.1686607865955021,0.37741588537316884,0.25825908548789994,0.08414691786086032,False
-0.8968727415326883,-0.44228869021900136,0.20261629670315415,0.3651733964470292,0.24815231129959509,0.15165933404592907,False
-0.9238795325112868,-0.3826834323650895,0.22399161823889838,0.383387534200734,0.27703153074917525,0.1922517167909495,False
-0.9469301294951056,-0.3214394653031618,0.27704134695621985,0.4189478300820033,0.32402982000240516,0.26227609190468937,False
-0.9659258262890683,-0.25881904510252063,0.18486860799596544,0.41472938983938,0.29912480108137757,0.1365251113065948,False
-0.9807852804032303,-0.19509032201612866,0.11858719161397814,0.38975739667993325,0.23546261670916296,0.07449223281044187,False
-0.9914448613738104,-0.13052619222005163,0.08794482955674084,0.37653245725440154,0.20600620443116086,0.052238964392125636,False
-0.9978589232386035,-0.06540312923014362,0.07260927395998679,0.37133125280222123,0.1886218345219533,0.04274146466220502,False
-1.0,-1.8369701987210297e-16,0.05215698382775731,0.3637204950161641,0.1734873972617062,0.01975435559268386,False
-0.9978589232386036,0.06540312923014237,0.030416375835978015,0.35747873190493795,0.15571646110339082,-0.005220267898822337,True
-0.9914448613738104,0.13052619222005213,0.014992221357365566,0.3594542897855153,0.14085374019430702,-0.020457228772429992,True
-0.9807852804032304,0.1950903220161283,0.001264636077059941,0.3413167058198445,0.1278461013697582,-0.03402549477264983,True
-0.9659258262890682,0.25881904510252113,0.0,0.3354783809768229,0.11971590476572652,-0.030749358236789703,True
-0.9469301294951057,0.3214394653031615,0.0,0.32360078442691265,0.11343728821801263,-0.02837260439991951,True
-0.9238795325112866,0.38268343236509,0.0,0.3112823370562381,0.10651833126037585,-0.02639598771929741,True
-0.8968727415326884,0.442288690219001,0.0,0.27104707815245144,0.10207026100960775,-0.024408087134361267,True
-0.8660254037844386,0.5000000000000001,0.0,0.24521983804197833,0.09721816124214938,-0.022606873884797096,True
-0.8314696123025455,0.5555702330196018,0.0,0.23634685404422373,0.08421510442024766,-0.020581163465976715,True
-0.7933533402912352,0.6087614290087205,0.0,0.22635987295938187,0.07153527904460438,-0.018589695915579796,True
-0.7518398074789777,0.6593458151000684,0.0,0.22559593860559946,0.06886682250616621,-0.016731133684515953,True
-0.7071067811865477,0.7071067811865474,0.0,0.20936287846851043,0.06242165495866081,-0.015658915042877197,True
-0.6593458151000687,0.7518398074789775,0.0,0.1910730353558523,0.05373166020627956,-0.015049229376018047,True
-0.608761429008721,0.7933533402912349,0.0,0.193632264800903,0.04938106879604365,-0.01441116537898779,True
-0.5555702330196022,0.8314696123025452,0.0,0.20040345603965304,0.054060395211552426,-0.013779155910015106,True
-0.5000000000000004,0.8660254037844384,0.0,0.18504528118558383,0.04877410747599886,-0.013183532282710075,True
-0.4422886902190014,0.8968727415326883,0.0,0.1729265972390024,0.04589189933667709,-0.012797282077372074,True
-0.38268343236508956,0.9238795325112868,0.00017118976982241868,0.18683491039901723,0.06976066029767009,-0.01258471142500639,True
-0.32143946530316186,0.9469301294951056,8.151932846313567e-06,0.1949124780494027,0.08138407176001833,-0.012259016744792461,True
-0.2588190451025207,0.9659258262890683,0.0,0.19157281421759875,0.0771932080449022,-0.011861556209623814,True
-0.19509032201612872,0.9807852804032303,0.0,0.17929538196182349,0.06106232625089658,-0.011618020012974739,True
-0.13052619222005168,0.9914448613738104,0.0,0.1802269094491189,0.06705420761692721,-0.011546600610017776,True
-0.06540312923014367,0.9978589232386035,0.0,0.18726581803176523,0.0762512378586277,-0.011586255393922329,True
0.0,1.0,0.0,0.18406917773983666,0.07070309639317757,-0.011687175370752811,True
0.06540312923014306,0.9978589232386035,0.0,0.17073032175897418,0.05224639241053497,-0.011845672503113747,True
0.13052619222005157,0.9914448613738104,0.0,0.15460815198955769,0.039827821572200384,-0.012079752050340176,True
0.19509032201612825,0.9807852804032304,0.0,0.14616093854181456,0.03361321546512874,-0.012445644475519657,True
0.25881904510252074,0.9659258262890683,0.0,0.14122694059893792,0.03266054128936624,-0.01288401149213314,True
0.3214394653031616,0.9469301294951057,0.0,0.1314123649287815,0.02894508157949338,-0.01335841603577137,True
0.3826834323650898,0.9238795325112867,0.0,0.12458894195575532,0.027291768830483953,-0.013839788734912872,True
0.4422886902190013,0.8968727415326883,0.0,0.11830523980340613,0.02474120200233887,-0.014449027366936207,True
0.49999999999999994,0.8660254037844387,0.0,0.11490319856824183,0.023755073828328865,-0.01515114214271307,True
0.5555702330196022,0.8314696123025452,0.0,0.11682910478844688,0.025923759378035482,-0.01597585901618004,True
0.6087614290087207,0.7933533402912352,0.0,0.11351572303723301,0.025413784565622488,-0.017034335061907768,True
0.6593458151000688,0.7518398074789774,0.0,0.1138267449878565,0.02974421290853424,-0.018358901143074036,True
0.7071067811865476,0.7071067811865476,0.0,0.11735613099767961,0.03465898958902652,-0.019967587664723396,True
0.7518398074789773,0.659345815100069,0.0,0.12102169059957313,0.03845146779346048,-0.02187698520720005,True
0.7933533402912352,0.6087614290087207,0.0,0.12404438698620268,0.03904660526621012,-0.024065259844064713,True
0.8314696123025452,0.5555702330196023,0.0,0.12914154616602613,0.03665357529887614,-0.02671239897608757,True
0.8660254037844386,0.5000000000000001,0.0,0.1342313781527491,0.03583423692916693,-0.03001478500664234,True
0.8968727415326884,0.44228869021900125,0.0,0.13915989183946498,0.044602005481506446,-0.034100912511348724,True
0.9238795325112867,0.38268343236508984,0.0,0.14247613832284345,0.0509778628832363,-0.039059147238731384,True
0.9469301294951057,0.3214394653031615,0.0,0.14298904328930617,0.051623603908938165,-0.04485507309436798,True
0.9659258262890683,0.25881904510252074,0.0,0.13912125129247355,0.046804395038000934,-0.051199670881032944,True
0.9807852804032304,0.19509032201612833,0.0,0.14071761235689517,0.05119776477849208,-0.058062292635440826,True
0.9914448613738104,0.1305261922200517,0.0,0.14130755238992343,0.05281877114926248,-0.06596224755048752,True
0.9978589232386035,0.06540312923014305,0.0008618437679673146,0.13925426660839668,0.05236331792965182,-0.07504118233919144,True
1.0,6.123233995736766e-17,0.005632488697291032,0.13940764283581641,0.05599840237255099,-0.0821476078564284,True
0.9978589232386035,-0.06540312923014292,0.020041144273891656,0.14295573581513077,0.06326003259664698,-0.07306608745859897,True
0.9914448613738105,-0.13052619222005138,0.04018184462160409,0.14631597576940214,0.07201491800018683,-0.06499603751569726,True
0.9807852804032305,-0.19509032201612797,0.0798734323513982,0.16145658348577396,0.09981697091896718,-0.03363114495256546,True
0.9659258262890683,-0.25881904510252085,0.11134191325758702,0.18439602944996358,0.13937281348974723,-0.02744570019664888,True
0.9469301294951057,-0.3214394653031616,0.12765452800714389,0.19993452765490605,0.16979193853251845,-0.026238493964903825,True
0.9238795325112867,-0.3826834323650897,0.14099350269076738,0.2163492769605524,0.18862466182952092,-0.0348121688677307,True
0.8968727415326884,-0.44228869021900113,0.1827930906653058,0.22226446627684449,0.19950102020922617,-0.00984618277399782,True
0.8660254037844387,-0.4999999999999998,0.19666207903969574,0.2435355328889064,0.23371914397959187,-0.007327748834436321,True
0.8314696123025451,-0.5555702330196023,0.35387453102671096,0.27348550952168926,0.2979337935112086,0.09660099428314484,False
0.7933533402912352,-0.6087614290087207,0.5187113451605524,0.32738533899588873,0.4415840406969403,0.198383569190264,False
0.7518398074789774,-0.6593458151000688,0.46472403994591077,0.36244450179328425,0.4923617696118385,0.0852283703664537,False
0.7071067811865476,-0.7071067811865475,0.47472436658400863,0.3581411292812633,0.43576933817243674,0.09999408198430815,False
0.6593458151000686,-0.7518398074789776,0.7549389496560915,0.4075270985068853,0.5383866589416457,0.21502994285116517,False
0.6087614290087204,-0.7933533402912353,0.6708161044792039,0.4374724520424895,0.5988894710366426,0.051815720695338574,False
0.5555702330196022,-0.8314696123025453,0.6911834558074725,0.4612429723857714,0.5962320198563056,0.01693489692893957,False
0.49999999999999994,-0.8660254037844387,0.7387553287679283,0.4889763303354584,0.6735904563295458,-0.08107150789714757,True
0.4422886902190013,-0.8968727415326883,0.7709203342859918,0.5051395201983002,0.6544002405507516,-0.0884288432085123,True
0.3826834323650899,-0.9238795325112867,0.8381614477058784,0.5442186365856103,0.797757584066271,-0.021359404847199337,True
0.32143946530316175,-0.9469301294951056,0.8128067102443998,0.5566817626355314,0.8008385817397432,-0.06809441019415063,True
0.258819045102521,-0.9659258262890682,0.8340979165227997,0.5757915062350012,0.8165013223187432,-0.025341815547186508,True
0.19509032201612816,-0.9807852804032304,0.8556082998187312,0.5953047108526504,0.7750908355873709,-0.09039104470751824,True
0.13052619222005157,-0.9914448613738104,0.7797282009595192,0.6136824371772975,0.8093333527896789,-0.0002024312975182907,True
0.06540312923014312,-0.9978589232386035,0.34310714419897503,0.5593397454317379,0.5371862669541327,-0.1604377268926226,True
1.2246467991473532e-16,-1.0,0.8980581103233904,0.5983030006766177,0.6719547584743577,0.17109871431830936,False
-0.06540312923014287,-0.9978589232386035,0.8792293006873191,0.6599113400371033,0.8416076952825056,0.0999447859651097,False
-0.13052619222005132,-0.9914448613738105,0.9008120311281962,0.6663037058955577,0.848711423275387,-0.019001964732557775,True
-0.19509032201612792,-0.9807852804032305,0.6965546240161824,0.6737355525936606,0.8358968510302198,-0.11892570669824332,True
-0.25881904510252035,-0.9659258262890684,0.6679620625728013,0.6678761734375858,0.7012011541590972,0.012794838266543485,False
-0.3214394653031611,-0.9469301294951058,0.9474411835868324,0.6989379345491968,0.8176080421593164,0.1518918309730104,False
-0.3826834323650892,-0.923879532511287,0.31585182918241866,0.6508435661628618,0.6367281319306359,-0.19250778477569747,True
-0.44228869021900147,-0.8968727415326883,0.18767163452393357,0.5478240675024721,0.3596916159576233,-0.11540570438011821,True
-0.5000000000000001,-0.8660254037844386,0.2188906481169685,0.469093827030856,0.28960487296122767,0.07762106348092063,False
-0.5555702330196023,-0.8314696123025452,0.2592681238788912,0.47675579696164117,0.3020050340144192,0.16282695575422385,False
-0.6087614290087207,-0.7933533402912352,0.31697635035371646,0.5064883938761782,0.35238091316684245,0.12844798579401862,False
-0.6593458151000688,-0.7518398074789774,0.2327320526434748,0.5174224185606724,0.3360031741645482,0.007266584732217696,False
-0.7071067811865475,-0.7071067811865477,0.2862682870288895,0.4698127652763928,0.32206072586829676,0.11816041471906485,False
-0.7518398074789773,-0.6593458151000691,0.349818773788939,0.47112001425350725,0.3581321384337007,0.19826885845980124,False
-0.7933533402912349,-0.6087614290087209,0.3071710597651793,0.4545538864328278,0.35569904034667926,0.15974068307442113,False
-0.8314696123025448,-0.555570233019603,0.23234130704065972,0.445699881458961,0.3165913031091661,0.0935668122060705,False
-0.8660254037844385,-0.5000000000000004,0.2095861757619823,0.4579789870036717,0.30607583121476084,0.11292597524818593,False
-0.8968727415326883,-0.44228869021900136,0.2045385357572221,0.46529689748441605,0.2964203794287705,0.14466507629433084,False
-0.9238795325112868,-0.3826834323650895,0.3080241676725354,0.5046186193407525,0.32630636973650534,0.2786445466961169,False
-0.9469301294951056,-0.3214394653031618,0.3634895187436039,0.5973942984712535,0.45123890947669704,0.35022343698989566,False
-0.9659258262890683,-0.25881904510252063,0.26277980272469453,0.5522294118882645,0.36981951006727615,0.2095629459867176,False
-0.9807852804032303,-0.19509032201612866,0.1851404309828488,0.5396870420076965,0.3284211475107293,0.118522738685299,False
-0.9914448613738104,-0.13052619222005163,0.11758860475385832,0.5086311634973566,0.2659582278814921,0.057441866064600666,False
-0.9978589232386035,-0.06540312923014362,0.11131319907693425,0.49864201309852674,0.2525520427981563,0.07101853904051583,False
-1.0,-1.8369701987210297e-16,0.04807494882583842,0.45639506891455794,0.2088537756793582,-0.004131102411413429,True
-0.9978589232386036,0.06540312923014237,0.025582280080709303,0.40813600754373036,0.1725790125227465,-0.02242228497760032,True
-0.9914448613738104,0.13052619222005213,0.012701699112862407,0.38951496111099027,0.1518133210530605,-0.030943456365673104,True
-0.9807852804032304,0.1950903220161283,0.0020491030780317235,0.3848888840641298,0.14466083331401564,-0.03933114263677225,True
-0.9659258262890682,0.25881904510252113,0.0,0.3765947669750147,0.14472513870326204,-0.03439271077513695,True
-0.9469301294951057,0.3214394653031615,0.0,0.36684173048826807,0.14314070236520365,-0.03055529296398163,True
-0.9238795325112866,0.38268343236509,0.0,0.3601266280811608,0.13724510477607704,-0.027999792248010635,True
-0.8968727415326884,0.442288690219001,0.0,0.3570082941445025,0.13549201311292164,-0.02583352103829384,True
-0.8660254037844386,0.5000000000000001,0.0,0.34614759168042686,0.13093681102976534,-0.023809364065527916,True
-0.8314696123025455,0.5555702330196018,0.0,0.32872400165364946,0.11560525043842934,-0.02213648520410061,True
-0.7933533402912352,0.6087614290087205,0.0,0.31634624510115605,0.10671263516637924,-0.020772550255060196,True
-0.7518398074789777,0.6593458151000684,0.0,0.30573305138717255,0.10253101291805661,-0.019529029726982117,True
-0.7071067811865477,0.7071067811865474,0.0,0.2939076434033052,0.0968572655358329,-0.018362540751695633,True
-0.6593458151000687,0.7518398074789775,0.0,0.2843669880685291,0.09212635796606078,-0.017361056059598923,True
-0.608761429008721,0.7933533402912349,0.0,0.27415774648227087,0.08741881246244237,-0.016473915427923203,True
-0.5555702330196022,0.8314696123025452,0.0,0.26591941050146795,0.08383808777358276,-0.015682561323046684,True
-0.5000000000000004,0.8660254037844384,0.0,0.25307157773036715,0.07935021986150376,-0.015020158141851425,True
-0.4422886902190014,0.8968727415326883,0.0,0.24187727242265122,0.07263017332753269,-0.014463048428297043,True
-0.38268343236508956,0.9238795325112868,0.0,0.2359024200710691,0.06980682990478798,-0.013971073552966118,True
-0.32143946530316186,0.9469301294951056,0.0,0.2275039297570649,0.06773569185748679,-0.013562812469899654,True
-0.2588190451025207,0.9659258262890683,0.0,0.21544096881498453,0.06093548283398709,-0.01321969274431467,True
-0.19509032201612872,0.9807852804032303,0.0,0.19868187035949325,0.0516150795745145,-0.013003380037844181,True
-0.13052619222005168,0.9914448613738104,0.0,0.18314342880891754,0.04073394294810018,-0.012847215868532658,True
-0.06540312923014367,0.9978589232386035,0.0,0.18291802276125568,0.038705090030585254,-0.01269484031945467,True
0.0,1.0,0.0,0.18176855417962723,0.04248842197770453,-0.012619790621101856,True
0.06540312923014306,0.9978589232386035,0.0,0.17599464554094757,0.04173841135302331,-0.01264319196343422,True
0.13052619222005157,0.9914448613738104,0.0,0.16851937960397834,0.03756495932232767,-0.012820701114833355,True
0.19509032201612825,0.9807852804032304,0.0,0.148523476691512,0.02805146167169681,-0.01314546074718237,True
0.25881904510252074,0.9659258262890683,0.0,0.1324276273814502,0.016082007503972873,-0.013453926891088486,True
0.3214394653031616,0.9469301294951057,0.0,0.12300660817229958,0.012734825271518535,-0.013809683732688427,True
0.3826834323650898,0.9238795325112867,0.0,0.13001517295326392,0.01974850361380187,-0.014210503548383713,True
0.4422886902190013,0.8968727415326883,0.0,0.13439117270866308,0.023209866452053363,-0.014669877476990223,True
0.49999999999999994,0.8660254037844387,0.0,0.13803154292192388,0.024399669018735137,-0.015407086350023746,True
0.5555702330196022,0.8314696123025452,0.0,0.14500927934566898,0.02643630286336307,-0.016408734023571014,True
0.6087614290087207,0.7933533402912352,0.0,0.14522337934954166,0.029025189907941007,-0.01780492253601551,True
0.6593458151000688,0.7518398074789774,0.0,0.1483442715554193,0.03202523600087981,-0.019483165815472603,True
0.7071067811865476,0.7071067811865476,0.0,0.1448751985621346,0.029734556694279157,-0.021478021517395973,True
0.7518398074789773,0.659345815100069,0.0,0.1399054399920845,0.026796293868935228,-0.023782839998602867,True
0.7933533402912352,0.6087614290087207,0.0,0.1271587858705978,0.019867188859896634,-0.026307974010705948,True
0.8314696123025452,0.5555702330196023,0.0,0.1191302962157319,0.017763706905808585,-0.029247941449284554,True
0.8660254037844386,0.5000000000000001,0.0,0.11054063087634858,0.014460948880773317,-0.03247153386473656,True
0.8968727415326884,0.44228869021900125,0.0,0.10983074800267278,0.015253370903682728,-0.03601556643843651,True
0.9238795325112867,0.38268343236508984,0.0,0.10349359072202513,0.008654890390399794,-0.03995039686560631,True
0.9469301294951057,0.3214394653031615,0.0,0.09479736003077144,0.0031258609202792775,-0.044654928147792816,True
0.9659258262890683,0.25881904510252074,0.0,0.0850584890893753,0.0,-0.050249774008989334,True
0.9807852804032304,0.19509032201612833,0.0,0.08105492770637768,0.008680569237063895,-0.0568060465157032,True
0.9914448613738104,0.1305261922200517,0.00015489902970232446,0.09926940355872382,0.029029668149359422,-0.06381867080926895,True
0.9978589232386035,0.06540312923014305,0.0020192697191814385,0.11248631570955103,0.041169684186586786,-0.07135947048664093,True
1.0,6.123233995736766e-17,0.010209360185050777,0.12940630298839495,0.04861297384845753,-0.06993784956852626,True
0.9978589232386035,-0.06540312923014292,0.036381733412881735,0.1367936197951678,0.05031659986189857,-0.04815443887782127,True
0.9914448613738105,-0.13052619222005138,0.060954085569614805,0.14104011094460178,0.054307208099469206,-0.033095268050693,True
0.9807852804032305,-0.19509032201612797,0.0901296806757345,0.15465951922482768,0.0700973748537354,-0.018330278491836327,True
0.9659258262890683,-0.25881904510252085,0.0942494535482873,0.16698610894348276,0.0793341831744801,-0.049581278962971556,True
0.9469301294951057,-0.3214394653031616,0.1150935857128653,0.19268948678983744,0.11319628308351809,-0.0443402603021312,True
0.9238795325112867,-0.3826834323650897,0.08436146097012029,0.2107744702321821,0.15950240658912568,-0.09656447226246022,True
0.8968727415326884,-0.44228869021900113,0.08962323261370025,0.2241625282936024,0.16223393344586684,-0.10156263912613687,True
0.8660254037844387,-0.4999999999999998,0.27928257478448876,0.24955818457404266,0.20863965548567304,0.06253851115577486,False
0.8314696123025451,-0.5555702330196023,0.3985839373845607,0.29893872821448886,0.3152790025298165,0.08330367497367486,False
0.7933533402912352,-0.6087614290087207,0.4767689640570172,0.3184621495239939,0.35282725277451293,0.08119776463914896,False
0.7518398074789774,-0.6593458151000688,0.5524466568227251,0.362270485163692,0.43762287053121834,0.1242829836773186,False
0.7071067811865476,-0.7071067811865475,0.6243643180183562,0.3895595504295366,0.4981033948333245,-0.01846632160679218,True
0.6593458151000686,-0.7518398074789776,0.577331314021927,0.42974993913767556,0.5340851011318615,-0.05059651965692946,True
0.6087614290087204,-0.7933533402912353,0.7222468487679933,0.45165155001171087,0.5755680480521708,0.004597813333822254,False
0.5555702330196022,-0.8314696123025453,0.7074925291287404,0.48155275145679877,0.611383198319017,-0.00761357497977333,True
0.49999999999999994,-0.8660254037844387,0.7458418327920875,0.4988807206966863,0.61192051086879,-0.02087017917916112,True
0.4422886902190013,-0.8968727415326883,0.8468091809729592,0.5221361551009429,0.6472505545383884,-0.013336084692044059,True
0.3826834323650899,-0.9238795325112867,0.8234457706208707,0.54675770980591,0.6892283012038436,-0.06011780175832271,True
0.32143946530316175,-0.9469301294951056,0.7081619588686313,0.5639053492669539,0.6722683061672492,-0.07882825288010487,True
0.258819045102521,-0.9659258262890682,0.817858489249569,0.5717577596699459,0.6718874999552797,-0.07993164074693604,True
0.19509032201612816,-0.9807852804032304,0.8796295063693342,0.5905654060516068,0.6621447064735801,-0.06559881550300029,True
0.13052619222005157,-0.9914448613738104,0.8369870563593056,0.5978633390303874,0.6714707782045006,-0.1501839643579751,True
0.06540312923014312,-0.9978589232386035,0.6234429279963383,0.604819411618233,0.6595626313561285,-0.24492233363802263,True
1.2246467991473532e-16,-1.0,0.6988735814860927,0.6042169654645393,0.5960939908996488,-0.14431230124364852,True
-0.06540312923014287,-0.9978589232386035,0.9621496123422816,0.6445400454432675,0.729411984278068,-0.0020137009535540207,True
-0.13052619222005132,-0.9914448613738105,0.8494723906259893,0.6723466964354303,0.7395986577603153,-0.0714689032127328,True
-0.19509032201612792,-0.9807852804032305,0.6676076986913168,0.6573497353939519,0.6812822941160837,-0.23109754080436057,True
-0.25881904510252035,-0.9659258262890684,0.6681566448845289,0.6456178043427896,0.617665472883818,-0.15316152934254817,True
-0.3214394653031611,-0.9469301294951058,0.6187123100987989,0.6670044363476213,0.6614837158688454,-0.11012894455214928,True
-0.3826834323650892,-0.923879532511287,0.4506532237756419,0.6494350810625142,0.5143697684657893,-0.1450610597376314,True
-0.44228869021900147,-0.8968727415326883,0.8751239623760105,0.6831114428498439,0.6460840597032658,0.04112940132386189,False
-0.5000000000000001,-0.8660254037844386,0.6665951100637065,0.697969715828457,0.6619875527311507,-0.05931823468876207,True
-0.5555702330196023,-0.8314696123025452,0.53716014627501,0.6998040600839766,0.6134592197375781,-0.16949602787652268,True
-0.6087614290087207,-0.7933533402912352,0.5492041072785546,0.6817741311372052,0.5754307361535205,-0.5209982991218567,True
-0.6593458151000688,-0.7518398074789774,0.7107382129202954,0.7109107611662246,0.6471885404479174,-0.15301669299788495,True
-0.7071067811865475,-0.7071067811865477,0.6541697427636572,0.7227556322253623,0.6570879315356581,-0.17936995367720726,True
-0.7518398074789773,-0.6593458151000691,0.4504345299751992,0.7019720964815102,0.5386723564118934,0.04255081919293058,False
-0.7933533402912349,-0.6087614290087209,0.4209654686471636,0.6916998167343402,0.504033899325774,0.1681122229354164,False
-0.8314696123025448,-0.555570233019603,0.39269862640263875,0.7010230097325445,0.5087933237828435,0.26808169504165547,False
-0.8660254037844385,-0.5000000000000004,0.4195619173707528,0.694166433178518,0.5011530788751415,0.28518015005003594,False
-0.8968727415326883,-0.44228869021900136,0.3938943098160161,0.7002784415933405,0.4770672844492219,0.2382548091620902,False
-0.9238795325112868,-0.3826834323650895,0.35194182874096,0.6940309655918677,0.4517026812681995,0.2208207687307408,False
-0.9469301294951056,-0.3214394653031618,0.3007798083774306,0.6971508262975459,0.42819837666460364,0.18828740450200643,False
-0.9659258262890683,-0.25881904510252063,0.24179672987810463,0.6809288693450612,0.39774254528166847,0.14719175506049142,False
-0.9807852804032303,-0.19509032201612866,0.18949572256519667,0.6650658390450528,0.3621198379113875,0.1025607893350381,False
-0.9914448613738104,-0.13052619222005163,0.13242485423129166,0.6295863458402831,0.3177291397672157,0.049200754349374876,False
-0.9978589232386035,-0.06540312923014362,0.10442375261244707,0.6052605224567038,0.2863782997467123,0.031696809005939464,False
-1.0,-1.8369701987210297e-16,0.06513633970891432,0.5801998488278737,0.25500762103046476,-0.0013077704533899087,True
-0.9978589232386036,0.06540312923014237,0.035484633177813904,0.5392840673726145,0.22200614570220661,-0.025038765273641864,True
-0.9914448613738104,0.13052619222005213,0.016416732121963457,0.5120187122429485,0.20032083876587276,-0.037656195866463016,True
-0.9807852804032304,0.1950903220161283,0.001965563116146178,0.48243178630984107,0.18093786072604395,-0.04884661902991748,True
-0.9659258262890682,0.25881904510252113,0.0,0.45923624723008083,0.1644932381431194,-0.04299531504511833,True
-0.9469301294951057,0.3214394653031615,0.0,0.441584996639536,0.15676844496251724,-0.037615831941366196,True
-0.9238795325112866,0.38268343236509,0.0,0.4230162806923434,0.14913890141680958,-0.03364995867013931,True
-0.8968727415326884,0.442288690219001,0.0,0.403640010246916,0.14043666829276064,-0.030384404584765434,True
-0.8660254037844386,0.5000000000000001,0.0,0.3839851975662967,0.13652240658053444,-0.027667388319969177,True
-0.8314696123025455,0.5555702330196018,0.0,0.3479138963728896,0.12570569214291444,-0.025291306897997856,True
-0.7933533402912352,0.6087614290087205,0.0,0.32664126284850226,0.11597644540099533,-0.023103218525648117,True
-0.7518398074789777,0.6593458151000684,0.0,0.30517040168080456,0.10474011872123273,-0.021077701821923256,True
-0.7071067811865477,0.7071067811865474,0.0,0.28776187453144764,0.09875971370401132,-0.01921217143535614,True
-0.6593458151000687,0.7518398074789775,0.0,0.2735071569725651,0.0924820386667467,-0.017591388896107674,True
-0.608761429008721,0.7933533402912349,0.0,0.25712020523607215,0.08621081308636397,-0.016443246975541115,True
-0.5555702330196022,0.8314696123025452,0.0,0.24260120375178373,0.08118753728505507,-0.015476668253540993,True
-0.5000000000000004,0.8660254037844384,0.0,0.23220181101500836,0.07459774088758092,-0.014651973731815815,True
-0.4422886902190014,0.8968727415326883,0.0,0.22507039259411177,0.07049889523751857,-0.013974023051559925,True
-0.38268343236508956,0.9238795325112868,0.0,0.21817010168175166,0.07028339660094912,-0.013407638296484947,True
-0.32143946530316186,0.9469301294951056,0.0,0.21198572295331042,0.0661830541220429,-0.01298732589930296,True
-0.2588190451025207,0.9659258262890683,0.0,0.21165615901776946,0.06632000731817572,-0.012708191759884357,True
-0.19509032201612872,0.9807852804032303,0.0,0.2078218784256256,0.06488270645943789,-0.012513694353401661,True
-0.13052619222005168,0.9914448613738104,0.0,0.19938823700729413,0.05801255550177514,-0.012396941892802715,True
-0.06540312923014367,0.9978589232386035,0.0,0.19681748605540506,0.05465751406271446,-0.01240273006260395,True
0.0,1.0,0.0,0.18878690554560174,0.05076283617930627,-0.012498289346694946,True
0.06540312923014306,0.9978589232386035,0.0,0.18914095513304963,0.0522710034287327,-0.01263661589473486,True
0.13052619222005157,0.9914448613738104,0.0,0.18732461581181736,0.05326270957437179,-0.012857040390372276,True
0.19509032201612825,0.9807852804032304,0.0,0.18911462547287416,0.058084727310842466,-0.0131711820140481,True
0.25881904510252074,0.9659258262890683,0.0,0.18420724298277968,0.05526494186210895,-0.013539490289986134,True
0.3214394653031616,0.9469301294951057,0.0,0.18642370386550366,0.055366454476169114,-0.014048131182789803,True
0.3826834323650898,0.9238795325112867,0.0,0.1844421552425053,0.05796780251056877,-0.014669966883957386,True
0.4422886902190013,0.8968727415326883,0.0,0.1783224833004804,0.05600371040634472,-0.015451841056346893,True
0.49999999999999994,0.8660254037844387,0.0,0.1668217113935535,0.04830480166142459,-0.016393734142184258,True
0.5555702330196022,0.8314696123025452,0.0,0.15806099864277123,0.040999116194526286,-0.01750699058175087,True
0.6087614290087207,0.7933533402912352,0.0,0.14923344722505916,0.03376146401043162,-0.01868627779185772,True
0.6593458151000688,0.7518398074789774,0.0,0.13015260913737325,0.020552750599451997,-0.02009202539920807,True
0.7071067811865476,0.7071067811865476,0.0,0.1205228384999193,0.01665915623511177,-0.021744225174188614,True
0.7518398074789773,0.659345815100069,0.0,0.1159103098502261,0.01804156197549739,-0.02367592602968216,True
0.7933533402912352,0.6087614290087207,0.0,0.13523062853102763,0.027020757217850744,-0.025788888335227966,True
0.8314696123025452,0.5555702330196023,6.987880673763687e-06,0.14824019748323347,0.0401963003503682,-0.028250321745872498,True
0.8660254037844386,0.5000000000000001,8.269009653307247e-05,0.16069266835288332,0.060042243144413865,-0.03149404376745224,True
0.8968727415326884,0.44228869021900125,0.0,0.16356097056104812,0.06420513944073519,-0.03565455600619316,True
0.9238795325112867,0.38268343236508984,0.0,0.16741340777497848,0.06708634397646934,-0.040931228548288345,True
0.9469301294951057,0.3214394653031615,0.0,0.16394148744286108,0.05967327914741022,-0.0464412160217762,True
0.9659258262890683,0.25881904510252074,0.0,0.15484895693364487,0.05054260773115454,-0.0526876337826252,True
0.9807852804032304,0.19509032201612833,0.0,0.13410103107475568,0.040694211073291575,-0.060179635882377625,True
0.9914448613738104,0.1305261922200517,0.0,0.13001381627338304,0.041845212914363494,-0.06856042891740799,True
0.9978589232386035,0.06540312923014305,0.001824953238489568,0.1294848935607913,0.04340301603050273,-0.07751859724521637,True
1.0,6.123233995736766e-17,0.010737899237377925,0.13078332758474254,0.04655806057709555,-0.0755789272750151,True
0.9978589232386035,-0.06540312923014292,0.02760926989168224,0.137730825449067,0.05560021506415819,-0.06492659516819105,True
0.9914448613738105,-0.13052619222005138,0.04501348189172374,0.1500310493344581,0.07362599764875016,-0.06043118708179716,True
0.9807852804032305,-0.19509032201612797,0.04969515925872508,0.16005987436427138,0.09184200931741965,-0.07234285762789912,True
0.9659258262890683,-0.25881904510252085,0.06400804895579282,0.1692471597749463,0.10905448888620256,-0.07176401680702997,True
0.9469301294951057,-0.3214394653031616,0.08275363808535859,0.18656625356312562,0.1299722261754645,-0.06852382939048499,True
0.9238795325112867,-0.3826834323650897,0.13359494829121984,0.20406553319402643,0.1624323847273363,-0.02806620048587599,True
0.8968727415326884,-0.44228869021900113,0.2061184301703089,0.2356092013929152,0.2257478189290008,0.028105311046111525,False
0.8660254037844387,-0.4999999999999998,0.20022321240118307,0.2651364874818416,0.26892947750689106,-0.029167771729879555,True
0.8314696123025451,-0.5555702330196023,0.29228106527464287,0.2719529394469531,0.28883977967775015,0.06730559740164438,False
0.7933533402912352,-0.6087614290087207,0.3131350525529937,0.30455230127640887,0.3580323993533567,0.06298859459087952,False
0.7518398074789774,-0.6593458151000688,0.4676395608181065,0.33455295382254224,0.40431948611903096,0.18465008611871225,False
0.7071067811865476,-0.7071067811865475,0.4890097655794793,0.36874028046360596,0.44697232440631357,0.17809858987812366,False
0.6593458151000686,-0.7518398074789776,0.6469913394000841,0.41406577562304125,0.49051561034847097,-0.03374559392311638,True
0.6087614290087204,-0.7933533402912353,0.7395196576909727,0.4494524401118105,0.6233619768683236,-0.48997569582947925,True
0.5555702330196022,-0.8314696123025453,0.7706121917530631,0.5077749975356141,0.7161554249435353,-0.08613169122572817,True
0.49999999999999994,-0.8660254037844387,0.7942178827514405,0.5160367952934624,0.7302939540010556,-0.11119246243104097,True
0.4422886902190013,-0.8968727415326883,0.8532916545455197,0.5465260060487291,0.7653531057081522,-0.10666510118902073,True
0.3826834323650899,-0.9238795325112867,0.7274341076512885,0.5593696298856103,0.7249736940808045,-0.08653378092756236,True
0.32143946530316175,-0.9469301294951056,0.5344189719319222,0.5326000668265676,0.5913917667903836,-0.10709951455028566,True
0.258819045102521,-0.9659258262890682,0.6013821559276021,0.5406098684177374,0.6004327314688063,-0.03966841491954304,True
0.19509032201612816,-0.9807852804032304,0.7205346874226877,0.5667691087275708,0.6317822948990026,-0.05170917892615923,True
0.13052619222005157,-0.9914448613738104,0.8141529778254454,0.5881187635803125,0.7181212766012235,-0.13108705207800103,True
0.06540312923014312,-0.9978589232386035,0.746948777276536,0.5905848885368279,0.6374288979125575,-0.18455628802541124,True
1.2246467991473532e-16,-1.0,0.85559723368502,0.6398874634164899,0.7799361856695664,-0.15093535367463995,True
-0.06540312923014287,-0.9978589232386035,0.938659502463245,0.652498670495625,0.7740165409571746,-0.09914915158994142,True
-0.13052619222005132,-0.9914448613738105,0.9654663601884459,0.6826953622132079,0.8594963456791274,-0.1409854317172854,True
-0.19509032201612792,-0.9807852804032305,0.7250451753318969,0.6569181934087462,0.7676516055525782,-0.2339031108520998,True
-0.25881904510252035,-0.9659258262890684,0.6242939581392555,0.6460155669021459,0.6609856498758946,-0.15204868672150662,True
-0.3214394653031611,-0.9469301294951058,0.7256415041554675,0.6627435756593059,0.6286116030550508,0.0016903521267931376,False
-0.3826834323650892,-0.923879532511287,0.6467768516972624,0.6940426105535509,0.7133436937060864,-0.006762786411744326,True
-0.44228869021900147,-0.8968727415326883,0.7263003328706489,0.7037475840339151,0.7309810793722524,-0.021155846068436457,True
-0.5000000000000001,-0.8660254037844386,0.7224136370064598,0.6860264927882003,0.7269739149226728,-0.05725583945874657,True
-0.5555702330196023,-0.8314696123025452,0.673459295918653,0.6510299681681055,0.6413640162018199,0.0478913111194984,False
-0.6087614290087207,-0.7933533402912352,0.6744567366445792,0.6822000137355646,0.6967860214552644,0.061780162897728697,False
-0.6593458151000688,-0.7518398074789774,0.6682654723253336,0.6996205016364068,0.6989411083350006,0.09156426570448306,False
-0.7071067811865475,-0.7071067811865477,0.4966327888785423,0.694333352446463,0.6099049869312871,0.051063264523873775,False
-0.7518398074789773,-0.6593458151000691,0.5357372195018243,0.7121535752222603,0.6326606667893899,-0.3567652552820363,True
-0.7933533402912349,-0.6087614290087209,0.5182147994314047,0.7178416957261817,0.6249284634062169,-0.19220208976581177,True
-0.8314696123025448,-0.555570233019603,0.3990393699196134,0.7006957869016539,0.5562449519161556,0.22868249354896653,False
-0.8660254037844385,-0.5000000000000004,0.15828366724384227,0.607921618281188,0.3727886923753761,-0.026892093082125812,True
-0.8968727415326883,-0.44228869021900136,0.31615129068143255,0.5396820589441726,0.26485920982096983,0.23464270465979276,False
-0.9238795325112868,-0.3826834323650895,0.20830451580791046,0.5659525420257068,0.34232314159438954,0.12167857728956871,False
-0.9469301294951056,-0.3214394653031618,0.12011962675901151,0.5730250533280343,0.29114527953821884,0.009985449865600904,False
-0.9659258262890683,-0.25881904510252063,0.20298636547477727,0.5809528895362841,0.3037205859508217,0.13023997739323095,False
-0.9807852804032303,-0.19509032201612866,0.17675427991067372,0.5997362373703938,0.33032443097414793,0.11712947384077965,False
-0.9914448613738104,-0.13052619222005163,0.14706331559599178,0.5900589443692881,0.3033853660174964,0.08398058096704547,False
-0.9978589232386035,-0.06540312923014362,0.10433637507904113,0.578435034227188,0.27734336400218046,0.03545396708193077,False
-1.0,-1.8369701987210297e-16,0.06198133335106023,0.5598937343932151,0.2436283031235999,-0.0018665850895291658,True
-0.9978589232386036,0.06540312923014237,0.038441642257262716,0.5246759374776298,0.21498208818819337,-0.018407684779231735,True
-0.9914448613738104,0.13052619222005213,0.017519350984951852,0.4844638927479876,0.1899628909170477,-0.03362882346178285,True
-0.9807852804032304,0.1950903220161283,0.003396155710839424,0.4581634675499049,0.17209320998659544,-0.04596365138631191,True
-0.9659258262890682,0.25881904510252113,2.328526233516706e-05,0.4373478526414065,0.15777837230862995,-0.041851527988910675,True
-0.9469301294951057,0.3214394653031615,0.0,0.41676006132765275,0.14801578725256598,-0.03636176884174347,True
-0.9238795325112866,0.38268343236509,0.0,0.39844996575974534,0.1421115151156747,-0.032222118228673935,True
-0.8968727415326884,0.442288690219001,0.0,0.3875704357702223,0.13753077188141688,-0.029132161289453506,True
-0.8660254037844386,0.5000000000000001,0.0,0.3731087890496394,0.13011745397014512,-0.02651703543961048,True
-0.8314696123025455,0.5555702330196018,0.0,0.35851892650138306,0.12542567216683037,-0.024238165467977524,True
-0.7933533402912352,0.6087614290087205,0.0,0.3404886647495924,0.11959744020434676,-0.022349214181303978,True
-0.7518398074789777,0.6593458151000684,0.0,0.32210681444076683,0.11293800361313794,-0.020794613286852837,True
-0.7071067811865477,0.7071067811865474,0.0,0.3119137938379384,0.10761044025085359,-0.019344167783856392,True
-0.6593458151000687,0.7518398074789775,0.0,0.3060282218996475,0.10521189941214099,-0.01802097260951996,True
-0.608761429008721,0.7933533402912349,0.0,0.2986730286231203,0.10294436889849495,-0.01689140312373638,True
-0.5555702330196022,0.8314696123025452,0.0,0.29295717085953377,0.10113028169542765,-0.01601017639040947,True
-0.5000000000000004,0.8660254037844384,0.0,0.2843484196785182,0.09867466814067499,-0.015378223732113838,True
-0.4422886902190014,0.8968727415326883,0.0,0.2792163838434978,0.09736893706494115,-0.014852900058031082,True
-0.38268343236508956,0.9238795325112868,0.0,0.26985347588194686,0.09428447080183228,-0.014397640712559223,True
-0.32143946530316186,0.9469301294951056,0.0,0.2582494085695284,0.0882142816596409,-0.01402746606618166,True
-0.2588190451025207,0.9659258262890683,0.0,0.2508587494701988,0.08571268408313054,-0.013706904835999012,True
-0.19509032201612872,0.9807852804032303,0.0,0.24310203383877615,0.08101517317770185,-0.01346738263964653,True
-0.13052619222005168,0.9914448613738104,0.0,0.2363626136002066,0.07509005841923982,-0.013269797898828983,True
-0.06540312923014367,0.9978589232386035,0.0,0.2294394128970083,0.07174989650393776,-0.013175730593502522,True
0.0,1.0,0.0,0.22213392667483434,0.06901930895154212,-0.013197598047554493,True
0.06540312923014306,0.9978589232386035,0.0,0.2144046341517749,0.06506071995172563,-0.013318503275513649,True
0.13052619222005157,0.9914448613738104,0.0,0.20872821658730856,0.059647449542076514,-0.013514567166566849,True
0.19509032201612825,0.9807852804032304,0.0,0.19955483008724828,0.05249472381651599,-0.013768162578344345,True
0.25881904510252074,0.9659258262890683,0.0,0.19348785786095624,0.04786464816632363,-0.014125780202448368,True
0.3214394653031616,0.9469301294951057,0.0,0.1907751466941472,0.048397729335183215,-0.01462330762296915,True
0.3826834323650898,0.9238795325112867,0.0,0.18512168782350868,0.04880279792663139,-0.015276800841093063,True
0.4422886902190013,0.8968727415326883,0.0,0.1804226165717817,0.04845804589096542,-0.016027327626943588,True
0.49999999999999994,0.8660254037844387,0.0,0.17688476788678442,0.04754254587325113,-0.016915809363126755,True
0.5555702330196022,0.8314696123025452,0.0,0.17762229204170255,0.049888233057360565,-0.017934393137693405,True
0.6087614290087207,0.7933533402912352,0.0,0.18284610851844296,0.061314016808907024,-0.01913638971745968,True
0.6593458151000688,0.7518398074789774,0.0,0.1944217872665437,0.07376413981074165,-0.020621567964553833,True
0.7071067811865476,0.7071067811865476,0.0,0.1929518067181939,0.06974247241183834,-0.022437140345573425,True
0.7518398074789773,0.659345815100069,0.0,0.18688711465687025,0.060247423140768086,-0.024645786732435226,True
0.7933533402912352,0.6087614290087207,0.0,0.18260969381515424,0.05884004688646188,-0.02731412649154663,True
0.8314696123025452,0.5555702330196023,0.0,0.18330349567130422,0.06231986539185219,-0.030620291829109192,True
0.8660254037844386,0.5000000000000001,0.0,0.18490400895255976,0.06716104179885424,-0.03440628573298454,True
0.8968727415326884,0.44228869021900125,0.0,0.17780313178187201,0.05908279791286797,-0.03866760432720184,True
0.9238795325112867,0.38268343236508984,0.0,0.18186857396700007,0.06904311221361198,-0.04345019534230232,True
0.9469301294951057,0.3214394653031615,0.0,0.18277840724308603,0.06957165307270258,-0.04902675002813339,True
0.9659258262890683,0.25881904510252074,0.0,0.1798358189340321,0.06715913111490496,-0.05546140670776367,True
0.9807852804032304,0.19509032201612833,0.0,0.1817584835665509,0.07318192321364064,-0.06289131194353104,True
0.9914448613738104,0.1305261922200517,0.0,0.16682098383552524,0.05107888274300576,-0.07125244289636612,True
0.9978589232386035,0.06540312923014305,0.0016863097077988863,0.16690615015867172,0.05979650100990974,-0.08116816729307175,True
1.0,6.123233995736766e-17,0.013337835739313224,0.17888208350204482,0.07620882135413759,-0.07771056142493933,True
0.9978589232386035,-0.06540312923014292,0.03569892711363763,0.18579871847456353,0.0792153656861126,-0.06394988858218263,True
0.9914448613738105,-0.13052619222005138,0.06006073143130027,0.19600466919202897,0.09317697089296967,-0.05227290672153974,True
0.9807852804032305,-0.19509032201612797,0.08095370677896933,0.21400089868446548,0.11461904894246194,-0.04016748734032535,True
0.9659258262890683,-0.25881904510252085,0.1775492183223051,0.23474801298057546,0.14774552688015025,-0.002601749386666269,True
0.9469301294951057,-0.3214394653031616,0.19441518356727303,0.25706170503324,0.20410641466729879,-0.02799490830758633,True
0.9238795325112867,-0.3826834323650897,0.2908800481889957,0.26332110384856966,0.24117810210749985,0.0260164601402747,False
0.8968727415326884,-0.44228869021900113,0.34471730781296517,0.28767238470496137,0.298279259853449,0.03666906690729821,False
0.8660254037844387,-0.4999999999999998,0.40755290112653264,0.3144110269574456,0.3482088654821566,0.05876006136045653,False
0.8314696123025451,-0.5555702330196023,0.31329720435738734,0.3272045901385794,0.34995825530360686,-0.02250941971626169,True
0.7933533402912352,-0.6087614290087207,0.468773572625348,0.3454415704415086,0.3714773040074378,0.1478511688989954,False
0.7518398074789774,-0.6593458151000688,0.32776791366470737,0.36004460270384975,0.36220001762835335,0.03570389089013137,False
0.7071067811865476,-0.7071067811865475,0.5095001341639818,0.3885818391089064,0.3922796921005169,0.13163759979468126,False
0.6593458151000686,-0.7518398074789776,0.42701306095064845,0.4142168832040234,0.42850140736901904,-0.005050413940690446,True
0.6087614290087204,-0.7933533402912353,0.6659836210121443,0.439726647859944,0.4491439634522782,0.03151403086323623,False
0.5555702330196022,-0.8314696123025453,0.7359387896673047,0.46716156736504555,0.5048403454867874,-0.022234848280913933,True
0.49999999999999994,-0.8660254037844387,0.6005877864509507,0.48503415581817966,0.4997358286468115,-0.07940011960162163,True
0.4422886902190013,-0.8968727415326883,0.77247217039001,0.5111267385786031,0.5801903001900159,-0.11825934843623565,True
0.3826834323650899,-0.9238795325112867,0.8325491506235829,0.5637710237794065,0.7513895248984117,-0.12119505116127638,True
0.32143946530316175,-0.9469301294951056,0.6615295406462178,0.5645460736065597,0.6746167207645759,-0.1694090369841661,True
0.258819045102521,-0.9659258262890682,0.8812019066180511,0.5867783086531444,0.7681779419441364,-0.0975636663351146,True
0.19509032201612816,-0.9807852804032304,0.7527500468352453,0.5871335154643305,0.7219739533472951,-0.06878385717875946,True
0.13052619222005157,-0.9914448613738104,0.8609503270723259,0.602501946775446,0.7420232694876387,-0.0056199923249002914,True
0.06540312923014312,-0.9978589232386035,0.8096598042607289,0.6134004574273599,0.7471431687314309,-0.13133684373834065,True
1.2246467991473532e-16,-1.0,0.6440193189304985,0.6127924128265008,0.7075299473663386,-0.08648872179310318,True
-0.06540312923014287,-0.9978589232386035,0.9037299301226644,0.622664016631236,0.695825522502983,-0.013183137425138103,True
-0.13052619222005132,-0.9914448613738105,0.8879045719200933,0.6814688888142864,0.8104166565517439,-0.04735614750098527,True
-0.19509032201612792,-0.9807852804032305,0.8368230775629026,0.686784676251087,0.8483492358087028,-0.052710144041776985,True
-0.25881904510252035,-0.9659258262890684,0.7071035638616258,0.6664133228948894,0.681163718753774,-0.16424363296635075,True
-0.3214394653031611,-0.9469301294951058,0.5625040911593858,0.6818245352482366,0.6563767725256939,-0.08033532903155943,True
-0.3826834323650892,-0.923879532511287,0.810647896056173,0.6877865760875386,0.6988359026044986,0.0813855347666651,False
-0.44228869021900147,-0.8968727415326883,0.6120571553972111,0.7013810561942047,0.6927763864919831,0.024239061221419722,False
-0.5000000000000001,-0.8660254037844386,0.7740364725366848,0.718127021990971,0.6951318632232784,-0.0040100015753790075,True
-0.5555702330196023,-0.8314696123025452,0.7620221153167461,0.7324436185334271,0.7567175901864285,0.02550115456188684,False
-0.6087614290087207,-0.7933533402912352,0.7529050130973373,0.7516262517256969,0.7514869591706952,0.12250983533435855,False
-0.6593458151000688,-0.7518398074789774,0.7332847383607589,0.7682029214809334,0.7536585427720079,0.09843726420873222,False
-0.7071067811865475,-0.7071067811865477,0.530600410168917,0.7447136184798795,0.6856194884545508,0.09824715692450603,False
-0.7518398074789773,-0.6593458151000691,0.6096761693794812,0.7470437802028074,0.6386775254363779,0.32088703166912136,False
-0.7933533402912349,-0.6087614290087209,0.6023542566498049,0.7511621775299675,0.6284618137323477,0.3919005668660933,False
-0.8314696123025448,-0.555570233019603,0.49776285781970936,0.7587176608200115,0.6020138570155988,0.2968360153769316,False
-0.8660254037844385,-0.5000000000000004,0.41433937586741415,0.7440154502672522,0.5257306104044057,0.21878539959785237,False
-0.8968727415326883,-0.44228869021900136,0.35367113666680655,0.720314042516957,0.47952874559119835,0.19555792660151972,False
-0.9238795325112868,-0.3826834323650895,0.3010717971363174,0.7110498257064946,0.43610908336940885,0.18282794735425262,False
-0.9469301294951056,-0.3214394653031618,0.24151336027598755,0.6758811580841546,0.3967041851528567,0.13896527011262821,False
-0.9659258262890683,-0.25881904510252063,0.2157178862112252,0.6483248116941334,0.3596033190686652,0.1190761415995138,False
-0.9807852804032303,-0.19509032201612866,0.169016863778242,0.6371799379833321,0.330328643640363,0.08119528649650806,False
-0.9914448613738104,-0.13052619222005163,0.15468734708976686,0.6215439963467806,0.3101282838215574,0.08175388433496858,False
-0.9978589232386035,-0.06540312923014362,0.13135857970600465,0.6014371629233348,0.29158381400121264,0.06644979483037972,False
-1.0,-1.8369701987210297e-16,0.09523104858454096,0.5930660555743887,0.2693962558208876,0.033140560809146125,False
-0.9978589232386036,0.06540312923014237,0.05096184360679378,0.5583315902977681,0.23779988565011895,-0.009162839766965858,True
-0.9914448613738104,0.13052619222005213,0.02207899558358678,0.5253719750071111,0.20988101035375856,-0.03291925379890592,True
-0.9807852804032304,0.1950903220161283,0.00400854027836904,0.4999726980777852,0.18955184663564534,-0.047055592446159686,True
-0.9659258262890682,0.25881904510252113,9.273945728419926e-05,0.4777107029144436,0.1737109994866191,-0.04395654797554016,True
-0.9469301294951057,0.3214394653031615,0.0,0.45852754313275135,0.16145002611497344,-0.038429029285907745,True
-0.9238795325112866,0.38268343236509,0.0,0.44671636226410794,0.15256271533207882,-0.03438160568475723,True
-0.8968727415326884,0.442288690219001,0.0,0.43471844853880093,0.150033748463492,-0.031243981793522835,True
-0.8660254037844386,0.5000000000000001,0.0,0.42258422793556516,0.14717216607832934,-0.028596818447113037,True
-0.8314696123025455,0.5555702330196018,0.0,0.4061622223965715,0.13945157061697128,-0.026352649554610252,True
-0.7933533402912352,0.6087614290087205,0.0,0.38545385445688884,0.12915517345293964,-0.02443930320441723,True
-0.7518398074789777,0.6593458151000684,0.0,0.36840647841590135,0.11885776110947427,-0.02264421246945858,True
-0.7071067811865477,0.7071067811865474,0.0,0.3583072197821555,0.11530595060484689,-0.02106253057718277,True
-0.6593458151000687,0.7518398074789775,0.0,0.35035368171217796,0.11265537572524192,-0.0196758434176445,True
-0.608761429008721,0.7933533402912349,0.0,0.3375433686894964,0.11001203051953451,-0.01850748062133789,True
-0.5555702330196022,0.8314696123025452,0.0,0.329048583912092,0.10923539646406771,-0.01757655292749405,True
-0.5000000000000004,0.8660254037844384,0.0,0.3207317573075317,0.1081186153289731,-0.016788290813565254,True
-0.4422886902190014,0.8968727415326883,0.0,0.3117430247828681,0.10711163097453041,-0.016097858548164368,True
-0.38268343236508956,0.9238795325112868,0.0,0.2978923472636599,0.09992832882770525,-0.015468715690076351,True
-0.32143946530316186,0.9469301294951056,0.0,0.2846899120996531,0.09402243666720062,-0.014981506392359734,True
-0.2588190451025207,0.9659258262890683,0.0,0.27137375895418714,0.08956876911041373,-0.014580522663891315,True
-0.19509032201612872,0.9807852804032303,0.0,0.2599895090732789,0.08258351834541627,-0.014238914474844933,True
-0.13052619222005168,0.9914448613738104,0.0,0.2522860758972236,0.08189832968523253,-0.013972315937280655,True
-0.06540312923014367,0.9978589232386035,0.0,0.23625217728671943,0.07311635699905145,-0.013789578340947628,True
0.0,1.0,0.0,0.22739232796430908,0.06793387248227839,-0.013688981533050537,True
0.06540312923014306,0.9978589232386035,0.0,0.21788363539749755,0.06292144077042505,-0.013704790733754635,True
0.13052619222005157,0.9914448613738104,0.0,0.20431211738770227,0.055992587331550825,-0.013790979981422424,True
0.19509032201612825,0.9807852804032304,0.0,0.1934933424322136,0.04805872528984323,-0.013965897262096405,True
0.25881904510252074,0.9659258262890683,0.0,0.1826530212978934,0.041666499046177585,-0.014280195347964764,True
0.3214394653031616,0.9469301294951057,0.0,0.181730591342383,0.04223697981703528,-0.014667141251266003,True
0.3826834323650898,0.9238795325112867,0.0,0.18087068392372307,0.04337543101124719,-0.01516577135771513,True
0.4422886902190013,0.8968727415326883,0.0,0.17650657988387253,0.04255535453879056,-0.01586953178048134,True
0.49999999999999994,0.8660254037844387,0.0,0.1705820706406207,0.039834312870686395,-0.016750717535614967,True
0.5555702330196022,0.8314696123025452,0.0,0.16929947734153372,0.04039125624671869,-0.017865706235170364,True
0.6087614290087207,0.7933533402912352,0.0,0.1551677143795307,0.03507373583607282,-0.019168201833963394,True
0.6593458151000688,0.7518398074789774,0.0,0.14624465907576378,0.028254121777290697,-0.020639128983020782,True
0.7071067811865476,0.7071067811865476,0.0,0.14914595277924314,0.03000337943083059,-0.022325435653328896,True
0.7518398074789773,0.659345815100069,0.0,0.14414706107163244,0.031176420444362474,-0.024307165294885635,True
0.7933533402912352,0.6087614290087207,0.0,0.1372337927801468,0.028295927414195177,-0.026553668081760406,True
0.8314696123025452,0.5555702330196023,0.0,0.13366181806305089,0.027000944673109095,-0.029406577348709106,True
0.8660254037844386,0.5000000000000001,0.0,0.13094273652544874,0.024881033444721923,-0.03274077922105789,True
0.8968727415326884,0.44228869021900125,0.0,0.1199222316280446,0.017643859712426713,-0.036402273923158646,True
0.9238795325112867,0.38268343236508984,0.0,0.11069739899252817,0.008646587385171156,-0.040762338787317276,True
0.9469301294951057,0.3214394653031615,0.0,0.10498469080842376,0.003007972325431818,-0.04588087275624275,True
0.9659258262890683,0.25881904510252074,0.0,0.09932043452291239,0.0011078688486915178,-0.05175628885626793,True
0.9807852804032304,0.19509032201612833,0.0,0.09378197305193026,0.004579951788423464,-0.058322723954916,True
0.9914448613738104,0.1305261922200517,0.0,0.09844047240362297,0.009591622270624323,-0.06582002341747284,True
0.9978589232386035,0.06540312923014305,0.0007209210556907686,0.11156427659985146,0.013652250821002132,-0.07409422099590302,True
1.0,6.123233995736766e-17,0.010137312316160819,0.11836877833770343,0.01986585337406177,-0.0732154911895721,True
0.9978589232386035,-0.06540312923014292,0.028309253626351512,0.13033425217578842,0.030048744157191665,-0.06263811817382688,True
0.9914448613738105,-0.13052619222005138,0.05187021198902107,0.14408150194893743,0.042626957024423984,-0.053080895971954686,True
0.9807852804032305,-0.19509032201612797,0.08595390103449861,0.1696727151139863,0.061610033687788224,-0.03584007006349628,True
0.9659258262890683,-0.25881904510252085,0.16885581097052463,0.20536528003641363,0.12470268060909523,0.016292793036473546,False
0.9469301294951057,-0.3214394653031616,0.2775666608398378,0.25882189319672366,0.21738811763290905,0.06964014374503918,False
0.9238795325112867,-0.3826834323650897,0.35810426221262814,0.2942523176067935,0.28167297742532454,0.07785533714285503,False
0.8968727415326884,-0.44228869021900113,0.41893089288651764,0.3059697179156573,0.30489665500255364,0.06608185271309114,False
0.8660254037844387,-0.4999999999999998,0.3489467479932325,0.3143350077622882,0.3099740784001495,-0.01373417160581697,True
0.8314696123025451,-0.5555702330196023,0.3795736424693821,0.3255220101393408,0.28613264890523366,0.04096938824094104,False
0.7933533402912352,-0.6087614290087207,0.4827724299650617,0.367728635193759,0.3663571817984638,0.15593898930234096,False
0.7518398074789774,-0.6593458151000688,0.5083175664771312,0.38709614368527023,0.4013513291781013,0.13477513248034811,False
0.7071067811865476,-0.7071067811865475,0.6006349067075691,0.4084662779258268,0.4312797780798075,0.1656163252412185,False
0.6593458151000686,-0.7518398074789776,0.6202579239354536,0.4271862943071192,0.4831539018742051,0.15090317530123032,False
0.6087614290087204,-0.7933533402912353,0.6337433062520681,0.4335960143623825,0.46275195000136143,0.050840179054606804,False
0.5555702330196022,-0.8314696123025453,0.6957707538304733,0.49541673298425803,0.6162523434585605,-0.4451067751344964,True
0.49999999999999994,-0.8660254037844387,0.7028749485042239,0.4897066059453856,0.5605091926173407,-0.09100326045936125,True
0.4422886902190013,-0.8968727415326883,0.7536414616538719,0.5131377346795218,0.6410359004423685,-0.12324869031281316,True
0.3826834323650899,-0.9238795325112867,0.7975144098998284,0.557048926417044,0.7519918164426347,-0.10689452925696963,True
0.32143946530316175,-0.9469301294951056,0.7918957960659136,0.5659100951118996,0.69501752962792,-0.12850160599561833,True
0.258819045102521,-0.9659258262890682,0.7242808345250932,0.5942862140595166,0.7156410260507853,-0.17929630130239765,True
0.19509032201612816,-0.9807852804032304,0.7232909726980882,0.6158844535281494,0.7467309620317752,-0.13048424056996416,True
0.13052619222005157,-0.9914448613738104,0.8567388001633781,0.661211678756926,0.8156130885259327,-0.07269912536621714,True
0.06540312923014312,-0.9978589232386035,0.4987815288503675,0.6337573145128257,0.6451729747183859,-0.15678890334271173,True
1.2246467991473532e-16,-1.0,0.6496210343619595,0.6325990342550392,0.598494867357509,-0.0446581234680255,True
-0.06540312923014287,-0.9978589232386035,0.5535111345466098,0.6471722898895618,0.6338912666053662,-0.07168288253912808,True
-0.13052619222005132,-0.9914448613738105,0.45422471384388113,0.6430927315572261,0.562498012341009,-0.035706420276508,True
-0.19509032201612792,-0.9807852804032305,0.7523621574981793,0.7024721139974146,0.7090962471538507,-0.028410711553446655,True
-0.25881904510252035,-0.9659258262890684,0.65618627759672,0.7002833394547461,0.7523570348972533,-0.1680549116356298,True
-0.3214394653031611,-0.9469301294951058,0.5316146323322322,0.6722047163064053,0.5654769284983776,-0.1438327821994147,True
-0.3826834323650892,-0.923879532511287,0.6099114125910953,0.7046108010381056,0.6543986783815829,-0.07153849655228661,True
-0.44228869021900147,-0.8968727415326883,0.4732557019513431,0.6880493477383673,0.6181234376655285,-0.040203081744564495,True
-0.5000000000000001,-0.8660254037844386,0.4931543382060369,0.6956758517833304,0.5834622350324323,-0.021076679066436677,True
-0.5555702330196023,-0.8314696123025452,0.5338368831996144,0.7121937815472308,0.5721402824849571,0.06456443990786553,False
-0.6087614290087207,-0.7933533402912352,0.42873536311906024,0.6974233534648611,0.5215796340324268,0.06854938843284908,False
-0.6593458151000688,-0.7518398074789774,0.41933170919081975,0.672938540849233,0.4605796842678829,0.13550761513757226,False
-0.7071067811865475,-0.7071067811865477,0.4268602270294856,0.6853009423037277,0.4669694141195084,0.17271356405199445,False
-0.7518398074789773,-0.6593458151000691,0.3852314647483544,0.6994303622705018,0.4995470396525788,0.13001111646550967,False
-0.7933533402912349,-0.6087614290087209,0.36685710426624824,0.6769820463338181,0.44588356071155216,0.15044512000031574,False
-0.8314696123025448,-0.555570233019603,0.45581380281364997,0.6932424754456779,0.48477016365993547,0.28613171253682534,False
-0.8660254037844385,-0.5000000000000004,0.3960801943188981,0.6652694566676245,0.4786354067756928,0.19244769829835362,False
-0.8968727415326883,-0.44228869021900136,0.4293194722787596,0.6762572869938657,0.48680240497894284,0.2626352979757527,False
-0.9238795325112868,-0.3826834323650895,0.36689933257750673,0.6733420624919964,0.4760233314513858,0.20882598790136386,False
-0.9469301294951056,-0.3214394653031618,0.205273999269361,0.6410294717712366,0.3959783059543403,0.06704522727312667,False
-0.9659258262890683,-0.25881904510252063,0.16874543351508434,0.6096141985639429,0.33384848480483614,0.0737881552948344,False
-0.9807852804032303,-0.19509032201612866,0.14452284741438193,0.5924316443840347,0.30795736782682986,0.07692277407181936,False
-0.9914448613738104,-0.13052619222005163,0.10448938466132282,0.581479996284205,0.2837825673116397,0.041040496373407814,False
-0.9978589232386035,-0.06540312923014362,0.07385700378822592,0.5699558474242341,0.2633956486461702,0.011689745155366832,False
-1.0,-1.8369701987210297e-16,0.04912799694662872,0.5501074745630832,0.24200912154746773,-0.00914171251742335,True
-0.9978589232386036,0.06540312923014237,0.029657039574200572,0.5199512702996478,0.2219388611312772,-0.024081270465348713,True
-0.9914448613738104,0.13052619222005213,0.014450478608773954,0.48497276302864534,0.20013922233472253,-0.03563938207761497,True
-0.9807852804032304,0.1950903220161283,0.002817515683579399,0.4630394366114301,0.18446450972767608,-0.04624208601860115,True
-0.9659258262890682,0.25881904510252113,3.492789530780576e-05,0.44800001038054194,0.17539778819576018,-0.04076449200510979,True
-0.9469301294951057,0.3214394653031615,0.0,0.42833368262105553,0.16665048018769296,-0.03566495329141617,True
-0.9238795325112866,0.38268343236509,0.0,0.413935927090874,0.15782792932573259,-0.03180442377924919,True
-0.8968727415326884,0.442288690219001,0.0,0.40459685335053863,0.1519738344184856,-0.028897548094391823,True
-0.8660254037844386,0.5000000000000001,0.0,0.39446633770217066,0.1479896688707601,-0.026433702558279037,True
-0.8314696123025455,0.5555702330196018,0.0,0.3880625819842336,0.14630696623715195,-0.024296339601278305,True
-0.7933533402912352,0.6087614290087205,0.0,0.3754213490358773,0.14493083782799826,-0.02261287532746792,True
-0.7518398074789777,0.6593458151000684,0.0,0.3630092471440578,0.1388355684120393,-0.02116589993238449,True
-0.7071067811865477,0.7071067811865474,0.0,0.35326347268843694,0.13391144984986209,-0.019840063527226448,True
-0.6593458151000687,0.7518398074789775,0.0,0.3416504155442477,0.12866296342544853,-0.01867259480059147,True
-0.608761429008721,0.7933533402912349,0.0,0.33099814764734403,0.12122232661545379,-0.017600703984498978,True
-0.5555702330196022,0.8314696123025452,0.0,0.32136728589341557,0.11768615458377102,-0.01675618439912796,True
-0.5000000000000004,0.8660254037844384,0.0,0.3116112828983062,0.11465705698285317,-0.01605341210961342,True
-0.4422886902190014,0.8968727415326883,0.0,0.3066876240308012,0.11307365210973447,-0.015436983667314053,True
-0.38268343236508956,0.9238795325112868,0.0,0.29558595554526135,0.10718122308016581,-0.014940914697945118,True
-0.32143946530316186,0.9469301294951056,0.0,0.2805508025282979,0.09840419925429517,-0.014517934061586857,True
-0.2588190451025207,0.9659258262890683,0.0,0.2722745728424423,0.09404055928707095,-0.01418348215520382,True
-0.19509032201612872,0.9807852804032303,0.0,0.2641188795761904,0.08840020098416096,-0.013942980207502842,True
-0.13052619222005168,0.9914448613738104,0.0,0.25958006853011817,0.08676862586548467,-0.013740789145231247,True
-0.06540312923014367,0.9978589232386035,0.0,0.2531801073943838,0.08475379724719284,-0.013634590432047844,True
0.0,1.0,0.0,0.2464466700838388,0.08490972932881374,-0.013665367849171162,True
0.06540312923014306,0.9978589232386035,0.0,0.23415221605815772,0.07683523403763842,-0.013779970817267895,True
0.13052619222005157,0.9914448613738104,0.0,0.22913645458323684,0.07201834041037586,-0.0139478063210845,True
0.19509032201612825,0.9807852804032304,0.0,0.22330249956275505,0.07144718263840216,-0.014179183170199394,True
0.25881904510252074,0.9659258262890683,0.0,0.22206094185984493,0.07490667633685616,-0.014506141655147076,True
0.3214394653031616,0.9469301294951057,0.0,0.21591903966429027,0.07727499177264058,-0.014987396076321602,True
0.3826834323650898,0.9238795325112867,0.0,0.20940539067033037,0.07076670584352046,-0.01560276560485363,True
0.4422886902190013,0.8968727415326883,0.0,0.20586968117608828,0.06787303754174462,-0.01628132537007332,True
0.49999999999999994,0.8660254037844387,0.0,0.20274982784366902,0.07005659750894772,-0.01714247465133667,True
0.5555702330196022,0.8314696123025452,0.0,0.20581391865847443,0.07788824185103776,-0.018183693289756775,True
0.6087614290087207,0.7933533402912352,0.0,0.20726634107950215,0.07875635010507215,-0.01953193172812462,True
0.6593458151000688,0.7518398074789774,0.0,0.20416465627952163,0.07496864737112702,-0.02109672874212265,True
0.7071067811865476,0.7071067811865476,0.0,0.20089137239703136,0.07546053027560512,-0.022937126457691193,True
0.7518398074789773,0.659345815100069,0.0,0.1959973469774543,0.06909382071760112,-0.02520749717950821,True
0.7933533402912352,0.6087614290087207,0.0,0.19515793949090643,0.06816734612808367,-0.027949612587690353,True
0.8314696123025452,0.5555702330196023,0.0,0.19337441930715382,0.0656554529639009,-0.031100094318389893,True
0.8660254037844386,0.5000000000000001,0.0,0.19354931732492897,0.06376507711472151,-0.034756727516651154,True
0.8968727415326884,0.44228869021900125,0.0,0.18957569698715204,0.05940902034328677,-0.039217911660671234,True
0.9238795325112867,0.38268343236508984,0.0,0.18842060367930324,0.05570304055768899,-0.044437140226364136,True
0.9469301294951057,0.3214394653031615,0.0,0.18400980566473835,0.052470416149946186,-0.050565093755722046,True
0.9659258262890683,0.25881904510252074,0.0,0.17700644142696498,0.050094313862793505,-0.057682037353515625,True
0.9807852804032304,0.19509032201612833,0.0,0.1771822636230409,0.054570193114293286,-0.06562772393226624,True
0.9914448613738104,0.1305261922200517,0.0,0.17823866470847238,0.05694219006588547,-0.07448308169841766,True
0.9978589232386035,0.06540312923014305,0.0009650135658165839,0.18752297163642062,0.06283195526263602,-0.0840282067656517,True
1.0,6.123233995736766e-17,0.00896514177766699,0.19178045102322283,0.0671627519256846,-0.08567949125444066,True
0.9978589232386035,-0.06540312923014292,0.017420894457012844,0.19416566843909222,0.07152375054251642,-0.08716816294910959,True
0.9914448613738105,-0.13052619222005138,0.025719944358045997,0.20354485826073443,0.08475884424192864,-0.09388786895145464,True
0.9807852804032305,-0.19509032201612797,0.04381166644805039,0.2106415359591023,0.09742035229047469,-0.08974639996988018,True
0.9659258262890683,-0.25881904510252085,0.06104166150426638,0.22130443300929947,0.11654903788388699,-0.08800922730792916,True
0.9469301294951057,-0.3214394653031616,0.06513324945445402,0.22838837387327926,0.1304273808522574,-0.10428385353965855,True
0.9238795325112867,-0.3826834323650897,0.10291707902553252,0.23866507102257306,0.14735414805339625,-0.07969903656742816,True
0.8968727415326884,-0.44228869021900113,0.14449198772872374,0.2504691155206118,0.17159365311384372,-0.055969520425620284,True
0.8660254037844387,-0.4999999999999998,0.21560076695054742,0.274796058442379,0.21456596020150126,-0.007849260368246458,True
0.8314696123025451,-0.5555702330196023,0.31186098194843787,0.3011232645189543,0.271371495043955,0.03802043844487896,False
0.7933533402912352,-0.6087614290087207,0.4762698457241091,0.3510415932787012,0.37280619260138964,0.13011962273190503,False
0.7518398074789774,-0.6593458151000688,0.385747648881531,0.3620919119853221,0.3839293295132869,-0.0032623691932489596,True
0.7071067811865476,-0.7071067811865475,0.31968659397011623,0.37489101298903704,0.3539319871467063,-0.06530299690687141,True
0.6593458151000686,-0.7518398074789776,0.33602535956506085,0.36937024809881924,0.31387986267624285,0.011283278173425504,False
0.6087614290087204,-0.7933533402912353,0.6394393160607423,0.4118749015287704,0.4225353538456426,0.2373815384819824,False
0.5555702330196022,-0.8314696123025453,0.6498106397845534,0.4490011277691399,0.493933888703832,-0.04792213599390582,True
0.49999999999999994,-0.8660254037844387,0.5347929152170809,0.461311452958016,0.4738122058736804,-0.13789653501216947,True
0.4422886902190013,-0.8968727415326883,0.5688338805700958,0.46958124509448584,0.46079850502368785,-0.08446978025616836,True
0.3826834323650899,-0.9238795325112867,0.703604398760894,0.5020487516046068,0.5128494413968532,0.005108537119724144,False
0.32143946530316175,-0.9469301294951056,0.7434989026621333,0.5263449012709145,0.5713255295385942,-0.0010141024918105535,True
0.258819045102521,-0.9659258262890682,0.8380173721455919,0.5491148111529938,0.6766878065594479,-0.2588191098973413,True
0.19509032201612816,-0.9807852804032304,0.6994125260626303,0.5676275101105659,0.6536536705056286,-0.7117493748664856,True
0.13052619222005157,-0.9914448613738104,0.7088466728491466,0.5929472602525061,0.68125825797376,-0.6556505560874939,True
0.06540312923014312,-0.9978589232386035,0.6595376828893124,0.6018742288038517,0.6191643070263981,-0.27043063903959996,True
1.2246467991473532e-16,-1.0,0.8682458872517673,0.6216103556257573,0.7127679237400719,-0.05221934988441823,True
-0.06540312923014287,-0.9978589232386035,0.8343838124594276,0.6595537620610517,0.8088027490998593,-0.09789040476886768,True
-0.13052619222005132,-0.9914448613738105,0.7448057310167698,0.6852004372045863,0.8316557216182296,-0.16959541414705775,True
-0.19509032201612792,-0.9807852804032305,0.6443120822259556,0.677597180103813,0.7129042047686862,-0.14352805490211523,True
-0.25881904510252035,-0.9659258262890684,0.35840685128487293,0.6632306796976724,0.5521753415995074,-0.0895787634986816,True
-0.3214394653031611,-0.9469301294951058,0.45911033078846125,0.6789664540172418,0.5539550633365469,0.0653607981307831,False
-0.3826834323650892,-0.923879532511287,0.4753185182421885,0.6884508281854165,0.5226777069387112,0.1247403051207181,False
-0.44228869021900147,-0.8968727415326883,0.4383479798899652,0.7117953614443098,0.6112168944771827,0.01822110338950561,False
-0.5000000000000001,-0.8660254037844386,0.34952866289417617,0.6919535831136658,0.49071734788140314,-0.3566297816464967,True
-0.5555702330196023,-0.8314696123025452,0.360541479093686,0.6996140738550147,0.5108517259201641,-0.18326062998768097,True
-0.6087614290087207,-0.7933533402912352,0.3043625965637542,0.7115706237165162,0.491859605496542,-0.0024067652083736846,True
-0.6593458151000688,-0.7518398074789774,0.1582646984666397,0.6961733778935122,0.38140153941502003,-0.10638696948193838,True
-0.7071067811865475,-0.7071067811865477,0.1800640865994451,0.585837744195628,0.26022390178898275,-0.0385665235978207,True
-0.7518398074789773,-0.6593458151000691,0.17674129345559786,0.522639894726834,0.24916544869984208,-0.007786995624262494,True
-0.7933533402912349,-0.6087614290087209,0.14175237247000694,0.43322866530407467,0.1626184730294707,-0.04705581005600565,True
-0.8314696123025448,-0.555570233019603,0.1598852644853833,0.4336828231580172,0.15845207879135853,-0.013204032656024045,True
-0.8660254037844385,-0.5000000000000004,0.2511272113468644,0.4303868538964808,0.2315441499901149,0.12160690544609654,False
-0.8968727415326883,-0.44228869021900136,0.26675061849093634,0.5094294121219403,0.3248066143845861,0.15447335866566436,False
-0.9238795325112868,-0.3826834323650895,0.25044419185862604,0.5539352534521746,0.35878861644129284,0.1524151566725378,False
-0.9469301294951056,-0.3214394653031618,0.1308840381360977,0.5230253453910645,0.30342569869609265,0.0314800900368877,False
-0.9659258262890683,-0.25881904510252063,0.0545079903530629,0.4347297986961134,0.21973672403730332,-0.0257356717672218,True
-0.9807852804032303,-0.19509032201612866,0.012599656480603379,0.41294072734228804,0.18183323698969406,-0.060386759257756314,True
-0.9914448613738104,-0.13052619222005163,0.008993933219093883,0.39581696069892747,0.14829502090710472,-0.04744346820895966,True
-0.9978589232386035,-0.06540312923014362,0.006992805687567372,0.3737756746618024,0.11212831057589207,-0.042180324348606316,True
-1.0,-1.8369701987210297e-16,0.005208913551215625,0.36468877681924106,0.10725512348288552,-0.040781401685901275,True
-0.9978589232386036,0.06540312923014237,0.0009791859945524862,0.35870148086215714,0.10979572717572178,-0.04398529231548309,True
-0.9914448613738104,0.13052619222005213,3.6132917148765216e-06,0.33325653376995934,0.0911073411512085,-0.04019983112812042,True
-0.9807852804032304,0.1950903220161283,8.14998860469871e-06,0.30575130827269437,0.08554396282280491,-0.036547400057315826,True
-0.9659258262890682,0.25881904510252113,0.0,0.25976736912781795,0.07926064558903251,-0.032993536442518234,True
-0.9469301294951057,0.3214394653031615,0.0,0.24553353894381624,0.07544562529489923,-0.029489710927009583,True
-0.9238795325112866,0.38268343236509,0.0,0.24127041460159226,0.07319753791519984,-0.02600855566561222,True
-0.8968727415326884,0.442288690219001,0.00023370042284855884,0.2546800682489889,0.06990114454839341,-0.022770177572965622,True
-0.8660254037844386,0.5000000000000001,0.0006649323921348439,0.2566541330758809,0.0681519068241479,-0.02031388320028782,True
-0.8314696123025455,0.5555702330196018,0.0007095667844166515,0.2589417181282261,0.08362170099443939,-0.01906450279057026,True
-0.7933533402912352,0.6087614290087205,0.0005042497135493994,0.25415908937352527,0.09470911548834243,-0.018250666558742523,True
-0.7518398074789777,0.6593458151000684,0.0003423758335481443,0.25429835129030054,0.09633243774726669,-0.017557701095938683,True
-0.7071067811865477,0.7071067811865474,6.023440352568095e-06,0.24736256121791866,0.09425876126802041,-0.016576340422034264,True
-0.6593458151000687,0.7518398074789775,4.658088031738125e-05,0.2466415994850959,0.09686303712403016,-0.015547018498182297,True
-0.608761429008721,0.7933533402912349,0.0,0.2405315910513528,0.09328362980121158,-0.014713854528963566,True
-0.5555702330196022,0.8314696123025452,0.0,0.23823202993382764,0.09227205320681059,-0.01413570437580347,True
-0.5000000000000004,0.8660254037844384,0.0,0.23901150447334651,0.08531471381566375,-0.0136008495464921,True
-0.4422886902190014,0.8968727415326883,0.0,0.22813684568805725,0.0714411480777079,-0.013212179765105247,True
-0.38268343236508956,0.9238795325112868,0.0,0.2161645380981334,0.06861859677006504,-0.012957499362528324,True
-0.32143946530316186,0.9469301294951056,0.0,0.21540547696520385,0.06969150175334543,-0.012803229503333569,True
-0.2588190451025207,0.9659258262890683,0.0,0.21129910492131088,0.06836502428181418,-0.012707676738500595,True
-0.19509032201612872,0.9807852804032303,0.0,0.20962541247348976,0.06831947912593067,-0.012537072412669659,True
-0.13052619222005168,0.9914448613738104,0.0,0.20179000896784394,0.06824925662001763,-0.012384706176817417,True
-0.06540312923014367,0.9978589232386035,0.0,0.19641253948283954,0.06673124573668782,-0.012382589280605316,True
0.0,1.0,0.0,0.19661809230263216,0.06757248677310362,-0.012406526133418083,True
0.06540312923014306,0.9978589232386035,0.0,0.20067127200878243,0.06808614852982658,-0.012479276396334171,True
0.13052619222005157,0.9914448613738104,0.0,0.20340133478860833,0.07360894893032793,-0.012616915628314018,True
0.19509032201612825,0.9807852804032304,0.0,0.20847298040842666,0.08415495525566824,-0.0129412692040205,True
0.25881904510252074,0.9659258262890683,0.0,0.20357023758959136,0.07322563963364487,-0.013411019928753376,True
0.3214394653031616,0.9469301294951057,0.0,0.20226852788450222,0.06625958350610234,-0.013999051414430141,True
0.3826834323650898,0.9238795325112867,0.0,0.20400710489623686,0.0679552408009671,-0.014671484008431435,True
0.4422886902190013,0.8968727415326883,0.0,0.20207062768956852,0.07878458676764671,-0.015563134104013443,True
0.49999999999999994,0.8660254037844387,0.0,0.19963412975301154,0.0763965497579065,-0.016682740300893784,True
0.5555702330196022,0.8314696123025452,0.0,0.1779853465855572,0.0665985265241747,-0.017905887216329575,True
0.6087614290087207,0.7933533402912352,0.0,0.16729201794776793,0.06397935837875107,-0.01913129724562168,True
0.6593458151000688,0.7518398074789774,0.00010481264729038867,0.17420925443967827,0.06371422618072314,-0.02034534513950348,True
0.7071067811865476,0.7071067811865476,0.00012408989544335008,0.17823778911806643,0.06150167260956119,-0.02190466970205307,True
0.7518398074789773,0.659345815100069,3.0279712014264554e-05,0.17812967449927908,0.061048661050793096,-0.02368968166410923,True
0.7933533402912352,0.6087614290087207,2.329232883797685e-05,0.17777741774841327,0.07034110063441051,-0.026288332417607307,True
0.8314696123025452,0.5555702330196023,3.6143407600115513e-06,0.1801692259766503,0.07259433143292077,-0.029696080833673477,True
0.8660254037844386,0.5000000000000001,0.0,0.17883252857632592,0.07146637918450821,-0.03339866176247597,True
0.8968727415326884,0.44228869021900125,0.0,0.17941312649959595,0.07331678398255453,-0.03738652542233467,True
0.9238795325112867,0.38268343236508984,0.0,0.1817575825793596,0.07441653486604843,-0.04190874844789505,True
0.9469301294951057,0.3214394653031615,0.0,0.1816832172001681,0.07055522474454906,-0.04756785184144974,True
0.9659258262890683,0.25881904510252074,0.0,0.17902189488425502,0.06209660865762345,-0.05411788821220398,True
0.9807852804032304,0.19509032201612833,0.0,0.1822717697368692,0.06407206008801919,-0.061850544065237045,True
0.9914448613738104,0.1305261922200517,0.0,0.18202892410122273,0.07265103414326118,-0.07104707509279251,True
0.9978589232386035,0.06540312923014305,0.00023175370970461494,0.1801864802248203,0.07367827189133375,-0.08145183324813843,True
1.0,6.123233995736766e-17,0.003880446409587751,0.18218840652245416,0.07463965710232573,-0.0924355552751774,True
0.9978589232386035,-0.06540312923014292,0.009005646994343442,0.18430623227826226,0.07929109361011483,-0.09489612339666412,True
0.9914448613738105,-0.13052619222005138,0.013320678480126424,0.18333724554109332,0.08290523615678441,-0.10228232921695786,True
0.9807852804032305,-0.19509032201612797,0.020473038915609292,0.18013862007762382,0.07922506574977356,-0.10719751961148415,True
0.9659258262890683,-0.25881904510252085,0.053701309102943774,0.17575271683637994,0.0698265048779057,-0.08444893561305625,True
0.9469301294951057,-0.3214394653031616,0.09284151948597734,0.19203080849857135,0.09787050813499404,-0.06084078863646253,True
0.9238795325112867,-0.3826834323650897,0.09008889039246343,0.206942541520992,0.13679018367359302,-0.09014221117495144,True
0.8968727415326884,-0.44228869021900113,0.060770386803284844,0.20245377556489497,0.11347872501423878,-0.14024281712058512,True
0.8660254037844387,-0.4999999999999998,0.0593305670381038,0.19171101469999874,0.09196651054644639,-0.15004504476941777,True
0.8314696123025451,-0.5555702330196023,0.10193552627914301,0.17030403255997406,0.0870847758681727,-0.10683049363616118,True
0.7933533402912352,-0.6087614290087207,0.13126797634494758,0.18738790296205488,0.10767758149941736,-0.09840450841485118,True
0.7518398074789774,-0.6593458151000688,0.2167910376253632,0.214340057311192,0.1800658313336994,-0.04462253706618141,True
0.7071067811865476,-0.7071067811865475,0.33258395225474213,0.25569881251898496,0.2522910115978448,0.034733687927495205,False
0.6593458151000686,-0.7518398074789776,0.2897830533297748,0.28084920939785585,0.2835563632478963,-0.0496166903558114,True
0.6087614290087204,-0.7933533402912353,0.1657538406402711,0.272516253818071,0.22419976525358115,-0.16695796524999373,True
0.5555702330196022,-0.8314696123025453,0.20483558740558175,0.2780440998109517,0.21744151698828734,-0.07082689518994567,True
0.49999999999999994,-0.8660254037844387,0.26014617673866003,0.309810217191095,0.25604146566197533,0.006571020321434473,False
0.4422886902190013,-0.8968727415326883,0.2836112688249521,0.3323513375183218,0.2807065365686969,-0.008187179533466926,True
0.3826834323650899,-0.9238795325112867,0.30107406847213236,0.34614531271282534,0.29363650788285894,-0.03703989722320272,True
0.32143946530316175,-0.9469301294951056,0.33800880994927107,0.3663495821946192,0.32857239313442005,-0.005696404691396928,True
0.258819045102521,-0.9659258262890682,0.34536169059468835,0.3704266232833111,0.3227801565022875,0.003690060323561506,False
0.19509032201612816,-0.9807852804032304,0.40204351354025275,0.3794394448793126,0.3459036058886709,0.045273551378191335,False
0.13052619222005157,-0.9914448613738104,0.42058484229559534,0.4142974283345746,0.39262180670224417,0.05369993348262603,False
0.06540312923014312,-0.9978589232386035,0.5314347160754985,0.42885473617441106,0.41064784244341196,0.047604382337840256,False
1.2246467991473532e-16,-1.0,0.5647835835013123,0.4818605363571269,0.5421444427227504,-0.5754843354225159,True
-0.06540312923014287,-0.9978589232386035,0.3532750668939588,0.4648425442120694,0.47696929083408673,-0.462850919353449,True
-0.13052619222005132,-0.9914448613738105,0.27952591955133976,0.4291809995361835,0.3280200828732303,-0.01239328900517328,True
-0.19509032201612792,-0.9807852804032305,0.35238148996863133,0.4479270969664406,0.35533343966603553,0.12735479172204284,False
-0.25881904510252035,-0.9659258262890684,0.29331468416021494,0.4445675854524671,0.3314361679650903,0.06600530190519621,False
-0.3214394653031611,-0.9469301294951058,0.2788461613600084,0.46838058888264444,0.341019398490591,0.024267831556555153,False
-0.3826834323650892,-0.923879532511287,0.3170885537864438,0.47570441435658983,0.3400746317582603,0.05849882335542811,False
-0.44228869021900147,-0.8968727415326883,0.4013773565625855,0.4889891574765297,0.36454871282221796,0.14896428425871044,False
-0.5000000000000001,-0.8660254037844386,0.32326981931349996,0.49247094165534033,0.3812806308627558,0.03288573859760341,False
-0.5555702330196023,-0.8314696123025452,0.302291054758585,0.3711679453604566,0.30582760069463727,0.051188514658175865,False
-0.6087614290087207,-0.7933533402912352,0.20015883269969262,0.38512937271425907,0.2987712955987621,-0.012726008910681263,True
-0.6593458151000688,-0.7518398074789774,0.14554357771433163,0.39935054427084693,0.26706747829631555,-0.014540201678399284,True
-0.7071067811865475,-0.7071067811865477,0.2227859061774784,0.43501578162219734,0.2858924109494347,0.12026317729735408,False
-0.7518398074789773,-0.6593458151000691,0.32903052168245994,0.44634559881914293,0.3225416316478406,0.2740711830943304,False
-0.7933533402912349,-0.6087614290087209,0.1986511095498209,0.33860383061375,0.2353173673492009,0.07525687585875729,False
-0.8314696123025448,-0.555570233019603,0.24565419377599323,0.28067733681150564,0.21377563030835872,0.16195288041483924,False
-0.8660254037844385,-0.5000000000000004,0.16809776485297312,0.27817538909077055,0.20159535553418445,0.08821747107204694,False
-0.8968727415326883,-0.44228869021900136,0.10095383180636969,0.27119587999662587,0.16810422407789255,0.034220058191352404,False
-0.9238795325112868,-0.3826834323650895,0.09685288750462705,0.24240492926620005,0.11289911781621048,0.05856877781348499,False
-0.9469301294951056,-0.3214394653031618,0.06208580562419914,0.2563490072756818,0.11423249558294762,0.020884388189079825,False
-0.9659258262890683,-0.25881904510252063,0.0693625970062568,0.2781357759036216,0.1322806780503189,0.03500575298023259,False
-0.9807852804032303,-0.19509032201612866,0.05562105260206557,0.30247711350897966,0.15193284179269712,0.01991871400528844,False
-0.9914448613738104,-0.13052619222005163,0.053241110165661076,0.31325007883984535,0.15613494325041483,0.020597647455629517,False
-0.9978589232386035,-0.06540312923014362,0.048756338851907,0.31747071914988334,0.14144435862511712,0.018450409161889766,False
-1.0,-1.8369701987210297e-16,0.04273469957199039,0.3170951500407755,0.1428443580162822,0.014308550263194615,False
-0.9978589232386036,0.06540312923014237,0.02085039884330733,0.304668159772028,0.132447316699347,-0.011895907775464263,True
-0.9914448613738104,0.13052619222005213,0.00741813982627895,0.29302324863121676,0.12150697688058526,-0.028061518726204628,True
-0.9807852804032304,0.1950903220161283,0.0011081426378111564,0.28319512368162214,0.11472216628613702,-0.03149988129734993,True
-0.9659258262890682,0.25881904510252113,0.0,0.27927254659680023,0.10761061708616299,-0.02802758291363716,True
-0.9469301294951057,0.3214394653031615,0.0,0.26975018841689047,0.10655828381989901,-0.025467976927757263,True
-0.9238795325112866,0.38268343236509,0.0,0.21935084990193565,0.09366436484775181,-0.0235322043299675,True
-0.8968727415326884,0.442288690219001,0.0,0.18123243314844073,0.055965100223631103,-0.021702876314520836,True
-0.8660254037844386,0.5000000000000001,0.0,0.16378403626029225,0.041648387332886394,-0.019864080473780632,True
-0.8314696123025455,0.5555702330196018,0.0,0.1588927627682999,0.03966098177114946,-0.01789555884897709,True
-0.7933533402912352,0.6087614290087205,0.0,0.1564526656094254,0.03806662309830344,-0.0160919688642025,True
-0.7518398074789777,0.6593458151000684,0.0,0.1347719247785717,0.035828995846896694,-0.015102955512702465,True
-0.7071067811865477,0.7071067811865474,0.0,0.12295051593761319,0.03322338579401152,-0.01427365280687809,True
-0.6593458151000687,0.7518398074789775,0.0,0.12032941141618658,0.03210138214261915,-0.013501482084393501,True
-0.608761429008721,0.7933533402912349,0.0,0.12456240029859411,0.03247992846180364,-0.012732499279081821,True
-0.5555702330196022,0.8314696123025452,0.0,0.11781994687722341,0.030968001664952782,-0.011988584883511066,True
-0.5000000000000004,0.8660254037844384,0.0,0.11864819244516189,0.030717855181104425,-0.01153444405645132,True
-0.4422886902190014,0.8968727415326883,0.0,0.11875321867622546,0.030428129217103916,-0.011248086579144001,True
-0.38268343236508956,0.9238795325112868,0.0,0.1220226163464242,0.03142759425360825,-0.011028840206563473,True
-0.32143946530316186,0.9469301294951056,0.0,0.11775130995404992,0.030128092891973546,-0.01081804558634758,True
-0.2588190451025207,0.9659258262890683,0.0,0.1170402117528242,0.02927940129864376,-0.010726157575845718,True
-0.19509032201612872,0.9807852804032303,0.0,0.11623879659656167,0.030272552566026456,-0.01067347265779972,True
-0.13052619222005168,0.9914448613738104,0.0,0.11272167414604795,0.029879803178870346,-0.010664749890565872,True
-0.06540312923014367,0.9978589232386035,0.0,0.11310637475435326,0.029710356829329543,-0.010658311657607555,True
0.0,1.0,0.0,0.11809414563195086,0.033517762670409124,-0.010725868865847588,True
0.06540312923014306,0.9978589232386035,0.0,0.11683818215405095,0.034568806555922316,-0.010847752913832664,True
0.13052619222005157,0.9914448613738104,0.0,0.12369112192624732,0.035715579717938206,-0.011040720157325268,True
0.19509032201612825,0.9807852804032304,0.0,0.12702292504340273,0.032887853015377555,-0.011357221752405167,True
0.25881904510252074,0.9659258262890683,0.0,0.12752141043364507,0.04079632744087325,-0.011798923835158348,True
0.3214394653031616,0.9469301294951057,0.0,0.11498577089021489,0.042946018959819254,-0.012354973703622818,True
0.3826834323650898,0.9238795325112867,0.0,0.10943564252682791,0.044756528904060955,-0.013032855466008186,True
0.4422886902190013,0.8968727415326883,0.0,0.10405687849898948,0.044121705636799846,-0.013653135858476162,True
0.49999999999999994,0.8660254037844387,0.0,0.0992397312908957,0.045224907089287114,-0.014170913957059383,True
0.5555702330196022,0.8314696123025452,0.0,0.093753249287859,0.041409218692814775,-0.014768988825380802,True
0.6087614290087207,0.7933533402912352,0.0,0.09148415233891405,0.040565682713834594,-0.015657981857657433,True
0.6593458151000688,0.7518398074789774,0.0,0.08857543968620818,0.03525665575216291,-0.016772117465734482,True
0.7071067811865476,0.7071067811865476,0.0,0.09297550362031437,0.035017004049783695,-0.018138090148568153,True
0.7518398074789773,0.659345815100069,6.987926179356346e-06,0.10384717144574562,0.04765378965951045,-0.01988901197910309,True
0.7933533402912352,0.6087614290087207,0.0,0.10571459819647466,0.051058029115704506,-0.022054538130760193,True
0.8314696123025452,0.5555702330196023,0.0,0.1112232776199773,0.052496215415159586,-0.024690628051757812,True
0.8660254037844386,0.5000000000000001,0.0,0.11716521460358154,0.05495866504023894,-0.027815597131848335,True
0.8968727415326884,0.44228869021900125,0.0,0.12405960558435924,0.0579981621139965,-0.03140139952301979,True
0.9238795325112867,0.38268343236508984,0.0,0.12535508261586537,0.05942498727777912,-0.035715095698833466,True
0.9469301294951057,0.3214394653031615,0.0,0.12265086160065364,0.0592422051811895,-0.04098863899707794,True
0.9659258262890683,0.25881904510252074,0.0,0.12411265600259691,0.05637155402500027,-0.046986233443021774,True
0.9807852804032304,0.19509032201612833,0.0,0.12585093783184553,0.0527964637245294,-0.05374099314212799,True
0.9914448613738104,0.1305261922200517,1.1646348261582767e-06,0.12450980677041223,0.049375035549096224,-0.06127564236521721,True
0.9978589232386035,0.06540312923014305,0.0006638406413411671,0.1297233207229851,0.05747296196490148,-0.07006634026765823,True
1.0,6.123233995736766e-17,0.0038276123012859387,0.13069924210592232,0.0606482221287003,-0.08004086626779779,True
0.9978589232386035,-0.06540312923014292,0.013195199229582406,0.13269199310593138,0.06429343370219903,-0.07778210339928195,True
0.9914448613738105,-0.13052619222005138,0.03048215347764373,0.1385820740134147,0.0720152292590846,-0.06971823269606461,True
0.9807852804032305,-0.19509032201612797,0.061125613531480584,0.14797304290184798,0.0881019617658299,-0.04808628004591746,True
0.9659258262890683,-0.25881904510252085,0.0822598655454852,0.1592425175892167,0.10619851166475353,-0.045287256892068625,True
0.9469301294951057,-0.3214394653031616,0.10600960674654947,0.17298412379336914,0.12660218766946701,-0.03926223172666776,True
0.9238795325112867,-0.3826834323650897,0.12493012546681283,0.18742984338960245,0.1488534949787123,-0.03819783193823098,True
0.8968727415326884,-0.44228869021900113,0.16006120497191242,0.1980424246818524,0.16046278889058502,-0.016040106753393013,True
0.8660254037844387,-0.4999999999999998,0.14570557531753256,0.21685590413160027,0.1826412773083767,-0.05954240048875806,True
0.8314696123025451,-0.5555702330196023,0.14369446175402215,0.22341893279455505,0.18074818663812137,-0.05886956829215295,True
0.7933533402912352,-0.6087614290087207,0.18116747860349888,0.23210662373800806,0.20132085465898936,-0.03460568833169636,True
0.7518398074789774,-0.6593458151000688,0.10398247786630095,0.22376153416663125,0.16962343718848955,-0.13831176654398541,True
0.7071067811865476,-0.7071067811865475,0.2752747710065527,0.2546346717159964,0.22417559560481354,0.042775421680380565,False
0.6593458151000686,-0.7518398074789776,0.21836633809718575,0.27183889237861525,0.24282518068062792,-0.06509141146340008,True
0.6087614290087204,-0.7933533402912353,0.3749281497290513,0.297004188914872,0.3031020748112839,0.079696808996646,False
0.5555702330196022,-0.8314696123025453,0.2688759571960453,0.316779917832527,0.3164098837400721,-0.08851963606078872,True
0.49999999999999994,-0.8660254037844387,0.20940575048073531,0.3041337250747749,0.25973027717817015,-0.10314591873178242,True
0.4422886902190013,-0.8968727415326883,0.14646883652768797,0.2883654518819019,0.21844658805607425,-0.15704162482566905,True
0.3826834323650899,-0.9238795325112867,0.1405767822445974,0.2904283997222663,0.20650353626260592,-0.1202685801837794,True
0.32143946530316175,-0.9469301294951056,0.17783819770533812,0.28892908607605783,0.2060680955747392,-0.08759307490788121,True
0.258819045102521,-0.9659258262890682,0.3395572447560725,0.3287795657864494,0.27904701304337615,0.05592818048716974,False
0.19509032201612816,-0.9807852804032304,0.47865868790058314,0.3857654111894462,0.3997726643043022,0.1042726391331189,False
0.13052619222005157,-0.9914448613738104,0.4274232215941915,0.3076043659256762,0.3319240164019848,0.020465167454079336,False
0.06540312923014312,-0.9978589232386035,0.334569440563506,0.1956677410710479,0.19543061428241343,-0.022640781133608567,True
1.2246467991473532e-16,-1.0,0.35931381164037496,0.13628167165101268,0.15344328080820707,0.08263784853489775,False
-0.06540312923014287,-0.9978589232386035,0.3480010152722442,0.12930368182658936,0.1434037772353675,0.121284157224619,False
-0.13052619222005132,-0.9914448613738105,0.348059266782646,0.20684867046546973,0.2337129294603409,0.13460841960794556,False
-0.19509032201612792,-0.9807852804032305,0.4707068841002215,0.2641310310241325,0.32391223530451435,0.017050584991632756,False
-0.25881904510252035,-0.9659258262890684,0.447085828321552,0.2913615011170321,0.4229660082060163,-0.2550231204866466,True
-0.3214394653031611,-0.9469301294951058,0.39744884713661716,0.25503490545187435,0.30164259381254993,0.14246126501252637,False
-0.3826834323650892,-0.923879532511287,0.489069676119179,0.29010533490598545,0.3783023339264217,0.11938112507718951,False
-0.44228869021900147,-0.8968727415326883,0.3325234292934538,0.28747610284611835,0.3300789667591118,0.14798049465012775,False
-0.5000000000000001,-0.8660254037844386,0.4431141902954033,0.3065446174431232,0.33872592395168083,0.34474280091323584,False
-0.5555702330196023,-0.8314696123025452,0.3807142012133144,0.3331547052651367,0.36781328522792217,0.2558842144709418,False
-0.6087614290087207,-0.7933533402912352,0.2966216538483177,0.324836115821191,0.30390757922636485,0.18144649896886328,False
-0.6593458151000688,-0.7518398074789774,0.30015909662166906,0.3143418026312079,0.29038320472489726,0.20800184983170922,False
-0.7071067811865475,-0.7071067811865477,0.3995241560516622,0.33026407909371636,0.3265173065723875,0.35265383799431205,False
-0.7518398074789773,-0.6593458151000691,0.3575229937944708,0.35234773960680643,0.3470609965807468,0.2858910446707362,False
-0.7933533402912349,-0.6087614290087209,0.3889215748412566,0.3837295041192428,0.36264735399821174,0.3221679074586168,False
-0.8314696123025448,-0.555570233019603,0.3117177813927016,0.3812972329513715,0.32922006212108396,0.24641585363702911,False
-0.8660254037844385,-0.5000000000000004,0.26296556628270784,0.3848303375420994,0.31245305456638434,0.2090425334805872,False
-0.8968727415326883,-0.44228869021900136,0.14357135422410733,0.376850693026372,0.262462678494686,0.0761689096383932,False
-0.9238795325112868,-0.3826834323650895,0.14261898602928272,0.36212552125901265,0.22367456366680055,0.09663783812842566,False
-0.9469301294951056,-0.3214394653031618,0.16839007288328245,0.3741446968830069,0.24221742580779598,0.14109500884962847,False
-0.9659258262890683,-0.25881904510252063,0.15031477900579562,0.371301803496741,0.23974162576136165,0.1224425755635759,False
-0.9807852804032303,-0.19509032201612866,0.15237500407220136,0.36793298415551745,0.23958111177624458,0.126148391187315,False
-0.9914448613738104,-0.13052619222005163,0.10471051338547856,0.35586644365314735,0.21479623643488904,0.07015685112856834,False
-0.9978589232386035,-0.06540312923014362,0.06238253067839713,0.33560366558695254,0.18142809460532267,0.026291623187825852,False
-1.0,-1.8369701987210297e-16,0.04159919333074866,0.3012739904059303,0.15520259997935787,0.007961508384052865,False
-0.9978589232386036,0.06540312923014237,0.05531190735497186,0.2640078881885495,0.14226795326257063,0.03395738425160677,False
-0.9914448613738104,0.13052619222005213,0.019358517320033932,0.24609226758820957,0.11795194943084836,-0.009900605511173985,True
-0.9807852804032304,0.1950903220161283,0.00200486512314002,0.2129322383250385,0.08768978381988307,-0.02939852767984115,True
-0.9659258262890682,0.25881904510252113,0.0,0.19475993619775456,0.07468517843724881,-0.026273099705576897,True
-0.9469301294951057,0.3214394653031615,0.0,0.1827897758020387,0.06454095641012031,-0.02278345450758934,True
-0.9238795325112866,0.38268343236509,0.0,0.17510478119619988,0.05906807445588358,-0.020846227183938026,True
-0.8968727415326884,0.442288690219001,0.0,0.16590681646885397,0.05358897927135542,-0.019129270687699318,True
-0.8660254037844386,0.5000000000000001,0.0,0.1562856272349693,0.04879718225294122,-0.0177268385887146,True
-0.8314696123025455,0.5555702330196018,0.0,0.15390590100738577,0.048208669386820446,-0.016556421294808388,True
-0.7933533402912352,0.6087614290087205,0.0,0.15758256108405333,0.04841299755455186,-0.01551645528525114,True
-0.7518398074789777,0.6593458151000684,0.0,0.1655101353840165,0.0546518617280457,-0.014608125202357769,True
-0.7071067811865477,0.7071067811865474,0.0,0.12127045809752568,0.04766287079958981,-0.013942901045084,True
-0.6593458151000687,0.7518398074789775,0.0,0.09994828899434927,0.03628913302088188,-0.01336576510220766,True
-0.608761429008721,0.7933533402912349,0.0,0.12250437924550228,0.03666423573641092,-0.01268039084970951,True
-0.5555702330196022,0.8314696123025452,0.0,0.12612435344550676,0.04414032700957948,-0.011915717273950577,True
-0.5000000000000004,0.8660254037844384,0.0,0.12374248916151687,0.0413527946455729,-0.011133645661175251,True
-0.4422886902190014,0.8968727415326883,0.0,0.12016606723416001,0.03895072676787392,-0.010909652337431908,True
-0.38268343236508956,0.9238795325112868,0.0,0.12001905999110796,0.04005197685982914,-0.01092422753572464,True
-0.32143946530316186,0.9469301294951056,0.0,0.11316429643984494,0.041542157499385224,-0.01073162816464901,True
-0.2588190451025207,0.9659258262890683,0.0,0.10342965434677254,0.04120892618247568,-0.01059659756720066,True
-0.19509032201612872,0.9807852804032303,0.0,0.10230505967907022,0.04071027217618001,-0.010453161783516407,True
-0.13052619222005168,0.9914448613738104,0.0,0.11207344905813965,0.04694557378994224,-0.010306762531399727,True
-0.06540312923014367,0.9978589232386035,0.0,0.11825295147778236,0.05375239019263306,-0.010178152471780777,True
0.0,1.0,0.0,0.12292416945128082,0.057766089170412205,-0.010178747586905956,True
0.06540312923014306,0.9978589232386035,0.0,0.12104834922058827,0.0569633599839835,-0.010363088920712471,True
0.13052619222005157,0.9914448613738104,0.0,0.11899102812306306,0.05373754393394109,-0.010641039349138737,True
0.19509032201612825,0.9807852804032304,0.0,0.1173287818739952,0.05348991840672335,-0.01094517670571804,True
0.25881904510252074,0.9659258262890683,0.0,0.11314226154620166,0.04614728509329513,-0.011318662203848362,True
0.3214394653031616,0.9469301294951057,0.0,0.10682760506101618,0.03771455351641445,-0.011762390844523907,True
0.3826834323650898,0.9238795325112867,0.0,0.10298275556204706,0.03592163742125343,-0.012332242913544178,True
0.4422886902190013,0.8968727415326883,0.0,0.09750960208177673,0.03254996230868423,-0.013011479750275612,True
0.49999999999999994,0.8660254037844387,0.0,0.0884623253667971,0.026067359712798333,-0.013838096521794796,True
0.5555702330196022,0.8314696123025452,0.0,0.08427486037942455,0.02010255162436969,-0.014749879017472267,True
0.6087614290087207,0.7933533402912352,0.0,0.07780229922465742,0.01613050566574936,-0.015783939510583878,True
0.6593458151000688,0.7518398074789774,0.0,0.06891193966654519,0.013173067487765588,-0.017017336562275887,True
0.7071067811865476,0.7071067811865476,0.0,0.07144232643007142,0.017884489809322834,-0.018457945436239243,True
0.7518398074789773,0.659345815100069,0.0,0.0782550381986522,0.024093345348149886,-0.02015876956284046,True
0.7933533402912352,0.6087614290087207,0.0,0.08133825619576251,0.0268354064979221,-0.022064434364438057,True
0.8314696123025452,0.5555702330196023,0.0,0.08461172907318826,0.029481269586587977,-0.02435651607811451,True
0.8660254037844386,0.5000000000000001,0.0,0.08268411969289069,0.03022382841497151,-0.02728443592786789,True
0.8968727415326884,0.44228869021900125,0.0,0.08235243332973474,0.0289533716207655,-0.03077813982963562,True
0.9238795325112867,0.38268343236508984,0.0,0.08053696959890977,0.034565492195230585,-0.03479541465640068,True
0.9469301294951057,0.3214394653031615,0.0,0.07778602738463758,0.033792178722163,-0.03934014216065407,True
0.9659258262890683,0.25881904510252074,0.0,0.08669232982192931,0.04260495778491641,-0.04435919225215912,True
0.9807852804032304,0.19509032201612833,0.0,0.08362510240962151,0.043161379206771266,-0.05014469474554062,True
0.9914448613738104,0.1305261922200517,0.0,0.08076720758976985,0.03734879037731581,-0.056518860161304474,True
0.9978589232386035,0.06540312923014305,0.0004506007646145528,0.08933127637270633,0.039381094681817774,-0.06414947658777237,True
1.0,6.123233995736766e-17,0.004348819397746741,0.09999985562274216,0.0484114606688168,-0.07116410476376919,True
0.9978589232386035,-0.06540312923014292,0.026842034270138766,0.10113441780391597,0.05102571540031209,-0.05184008979046543,True
0.9914448613738105,-0.13052619222005138,0.0475303854823381,0.10938880556128017,0.06384341443779679,-0.04400693109816088,True
0.9807852804032305,-0.19509032201612797,0.07437633460175161,0.12681135224022655,0.08287988505282534,-0.032704913247176906,True
0.9659258262890683,-0.25881904510252085,0.13232287561755562,0.15133234349016345,0.11515383845343902,0.0047120507444322335,False
0.9469301294951057,-0.3214394653031616,0.11831996552360723,0.16562050174606013,0.1410667849992832,-0.02861165281994002,True
0.9238795325112867,-0.3826834323650897,0.23087264710500832,0.18061419328229422,0.17692572074461016,0.060250756418535,False
0.8968727415326884,-0.44228869021900113,0.1881333747304091,0.1985114396551424,0.19910719942417793,-0.015521835950074309,True
0.8660254037844387,-0.4999999999999998,0.23855731639108105,0.21406096693397103,0.21743738319647027,0.02968661957461527,False
0.8314696123025451,-0.5555702330196023,0.28249482849495405,0.23778327617547346,0.2589641097949433,0.05246385055209707,False
0.7933533402912352,-0.6087614290087207,0.22083401278152176,0.24517547641222825,0.25488719606105,-0.012565090945125312,True
0.7518398074789774,-0.6593458151000688,0.3619517989033319,0.2696995467230303,0.29944499068269875,0.11095509589240332,False
0.7071067811865476,-0.7071067811865475,0.4066664317406448,0.29562432485710777,0.3440755469114734,0.11452397384136415,False
0.6593458151000686,-0.7518398074789776,0.22076993834410008,0.2784597757375262,0.30466763607465847,-0.0896263866947749,True
0.6087614290087204,-0.7933533402912353,0.3951618013265958,0.2893863595420705,0.30945234081728484,0.11307211101700732,False
0.5555702330196022,-0.8314696123025453,0.5525455171160343,0.3433282839671852,0.43378440208331887,-0.23524668334694165,True
0.49999999999999994,-0.8660254037844387,0.5581675187942474,0.3998100420667119,0.5804614870763345,-0.13404032961744228,True
0.4422886902190013,-0.8968727415326883,0.3772562046352014,0.36181838697012436,0.39345361699314224,-0.03889838121428357,True
0.3826834323650899,-0.9238795325112867,0.7226885273056619,0.4308720711364631,0.5863616811936887,-0.40127443861441714,True
0.32143946530316175,-0.9469301294951056,0.45816368279831915,0.4265021873428698,0.5406947758357925,-0.4877290427684784,True
0.258819045102521,-0.9659258262890682,0.6729602648309501,0.4081604918092123,0.498127129284795,-0.2362234068071289,True
0.19509032201612816,-0.9807852804032304,0.6143577594991848,0.4698327320020541,0.5432363715067943,-0.15567087631387821,True
0.13052619222005157,-0.9914448613738104,0.5344533242398138,0.4765339438170966,0.4839178879415928,-0.10884733400554042,True
0.06540312923014312,-0.9978589232386035,0.5733978248509568,0.5038306009571776,0.49277110884788483,-0.10818345183566708,True
1.2246467991473532e-16,-1.0,0.6627221765134411,0.5520343551249651,0.5713521492760156,-0.04846721682669153,True
-0.06540312923014287,-0.9978589232386035,0.8209483748112659,0.5704329247109701,0.6097158979813384,-0.048029964064755015,True
-0.13052619222005132,-0.9914448613738105,0.8437862351423242,0.5996171454796002,0.6629927284525226,-0.1280639505192931,True
-0.19509032201612792,-0.9807852804032305,0.5539146936351279,0.5956134131882118,0.6037573280100326,-0.252014032646777,True
-0.25881904510252035,-0.9659258262890684,0.7149998932689862,0.5828053067869552,0.5522587434669957,-0.05123807306692685,True
-0.3214394653031611,-0.9469301294951058,0.5981242988460362,0.5932435208101265,0.5698696617656098,-0.06138456347264232,True
-0.3826834323650892,-0.923879532511287,0.6838741064919607,0.6013304245834368,0.5798916408700847,-0.06163321187714582,True
-0.44228869021900147,-0.8968727415326883,0.26487029827871356,0.5292540946349795,0.42434786185040546,-0.22671454103640007,True
-0.5000000000000001,-0.8660254037844386,0.5674540888097174,0.46674509641376205,0.39155213638726455,0.09128712352813528,False
-0.5555702330196023,-0.8314696123025452,0.3973368512826197,0.4649953398380098,0.37612452467618923,0.03996685457440713,False
-0.6087614290087207,-0.7933533402912352,0.7220807799781771,0.5125015244136732,0.5185383927487786,0.25214385776640746,False
-0.6593458151000688,-0.7518398074789774,0.3536985699487144,0.5424752333024154,0.5009420968017435,-0.09899859205745815,True
-0.7071067811865475,-0.7071067811865477,0.3938359052080627,0.5249367814935553,0.42408921864560917,0.15591821463436223,False
-0.7518398074789773,-0.6593458151000691,0.4608694107221518,0.5466350981601602,0.44688866940703714,0.29166320055501815,False
-0.7933533402912349,-0.6087614290087209,0.451396296743446,0.5521621289351415,0.4800983645687856,0.31060482030670566,False
-0.8314696123025448,-0.555570233019603,0.4128165863388659,0.5384761055175071,0.4145759207341038,0.26562496563376004,False
-0.8660254037844385,-0.5000000000000004,0.25826240174184245,0.5318541060864719,0.39865971821990515,0.12337151512699546,False
-0.8968727415326883,-0.44228869021900136,0.34675586233156774,0.5238675557878247,0.3588375696305108,0.3057284081107946,False
-0.9238795325112868,-0.3826834323650895,0.24637354689608845,0.5253169852953956,0.3594279085058661,0.1811031633872643,False
-0.9469301294951056,-0.3214394653031618,0.2657271392221947,0.5064129435564058,0.3136525985921524,0.23306687847568391,False
-0.9659258262890683,-0.25881904510252063,0.2775276368127322,0.4976980176172534,0.3316118150767197,0.25843757685387,False
-0.9807852804032303,-0.19509032201612866,0.1727679951814385,0.4612729607584989,0.2900320737780863,0.10698473980444342,False
-0.9914448613738104,-0.13052619222005163,0.12362368631575714,0.42653565261741755,0.2386879060705805,0.0652193665903692,False
-0.9978589232386035,-0.06540312923014362,0.0821980345787642,0.39951874125546727,0.2068636984766838,0.03550565371668145,False
-1.0,-1.8369701987210297e-16,0.07700997215771382,0.39202253507040963,0.19885096521006135,0.04247303755511693,False
-0.9978589232386036,0.06540312923014237,0.043921829086756285,0.3628358518849435,0.16707991603529354,0.007291244239192821,False
-0.9914448613738104,0.13052619222005213,0.017844541591889754,0.3293898127234187,0.13972111142782412,-0.01891816702238118,True
-0.9807852804032304,0.1950903220161283,0.0020071897905993307,0.2982943800750315,0.11795512468308006,-0.034418551860322805,True
-0.9659258262890682,0.25881904510252113,0.0,0.2829000703850788,0.10957534858859236,-0.030666401609778404,True
-0.9469301294951057,0.3214394653031615,0.0,0.2755385120944005,0.10704187088278777,-0.027076927945017815,True
-0.9238795325112866,0.38268343236509,0.0,0.26451704098481077,0.09844296212911757,-0.024279706180095673,True
-0.8968727415326884,0.442288690219001,0.0,0.2602476643069773,0.09803755260791885,-0.02210293337702751,True
-0.8660254037844386,0.5000000000000001,0.0,0.26240441791484925,0.10825241568093674,-0.02040007710456848,True
-0.8314696123025455,0.5555702330196018,0.0,0.22049357478633036,0.0846728798240825,-0.01904028095304966,True
-0.7933533402912352,0.6087614290087205,0.0,0.17478070693648107,0.06753228740265033,-0.01784200221300125,True
-0.7518398074789777,0.6593458151000684,0.0,0.19004256735002611,0.05870096817155718,-0.016527192667126656,True
-0.7071067811865477,0.7071067811865474,0.0,0.20207404396680495,0.055872067003930714,-0.015200472436845303,True
-0.6593458151000687,0.7518398074789775,0.0,0.20984449125557214,0.06320957846382985,-0.014045977964997292,True
-0.608761429008721,0.7933533402912349,0.0,0.20835947606245542,0.07265113289737818,-0.013422614894807339,True
-0.5555702330196022,0.8314696123025452,0.0,0.20236761158292316,0.07071585347183679,-0.01343839056789875,True
-0.5000000000000004,0.8660254037844384,0.0,0.20617062917361095,0.07214373605325969,-0.013205797411501408,True
-0.4422886902190014,0.8968727415326883,0.0,0.20144913936663023,0.07312291433191659,-0.012813431210815907,True
-0.38268343236508956,0.9238795325112868,0.0,0.19521532122687968,0.06788170678494537,-0.012416860088706017,True
-0.32143946530316186,0.9469301294951056,0.0,0.1892085556405163,0.063168917249323,-0.012172739021480083,True
-0.2588190451025207,0.9659258262890683,0.0,0.1815700200733732,0.056793802957451345,-0.012022837065160275,True
-0.19509032201612872,0.9807852804032303,0.0,0.17188755665231104,0.049401533529433383,-0.011864888481795788,True
-0.13052619222005168,0.9914448613738104,0.0,0.16578845327043612,0.046374616599875074,-0.011804690584540367,True
-0.06540312923014367,0.9978589232386035,0.0,0.15854301708518492,0.04107441058200556,-0.011792603880167007,True
0.0,1.0,0.0,0.15534304855400682,0.03995163841338262,-0.011828002519905567,True
0.06540312923014306,0.9978589232386035,0.0,0.15283574570369374,0.0426224865415496,-0.01192107517272234,True
0.13052619222005157,0.9914448613738104,0.0,0.14855799375847978,0.04341806356515626,-0.012091121636331081,True
0.19509032201612825,0.9807852804032304,7.108076792473943e-05,0.1551849299338397,0.055172733179795985,-0.012333719059824944,True
0.25881904510252074,0.9659258262890683,9.66621506915906e-05,0.17348421743660936,0.07079114290178007,-0.012631560675799847,True
0.3214394653031616,0.9469301294951057,0.0,0.174293987252935,0.07054975683021941,-0.013019037432968616,True
0.3826834323650898,0.9238795325112867,0.0,0.1740232563252453,0.059332523257574266,-0.013572302646934986,True
0.4422886902190013,0.8968727415326883,0.0,0.19026097176238577,0.07048825708410827,-0.014379977248609066,True
0.49999999999999994,0.8660254037844387,0.0,0.1952377158978107,0.07336299168833676,-0.01550542376935482,True
0.5555702330196022,0.8314696123025452,0.0,0.17905311692315484,0.06364147929747982,-0.01685933955013752,True
0.6087614290087207,0.7933533402912352,0.0,0.169662226178676,0.05871094595638493,-0.01852019689977169,True
0.6593458151000688,0.7518398074789774,0.0,0.16647162395667525,0.054748520740849405,-0.02025296352803707,True
0.7071067811865476,0.7071067811865476,1.2047251968005942e-06,0.17835070020017585,0.07246663224614708,-0.022017400711774826,True
0.7518398074789773,0.659345815100069,0.0,0.1702459872305806,0.06246428017541661,-0.02389156073331833,True
0.7933533402912352,0.6087614290087207,0.0,0.16509755087009292,0.05904262045826486,-0.026293087750673294,True
0.8314696123025452,0.5555702330196023,0.0,0.16587118692186342,0.055391138915474925,-0.029246628284454346,True
0.8660254037844386,0.5000000000000001,0.0,0.16911046558028775,0.05451383800158921,-0.03269018977880478,True
0.8968727415326884,0.44228869021900125,0.0,0.1741270755473081,0.06258144030992457,-0.0368659608066082,True
0.9238795325112867,0.38268343236508984,0.0,0.176479881056532,0.06963239503464863,-0.04182817041873932,True
0.9469301294951057,0.3214394653031615,0.0,0.16846428231828714,0.06564387751394679,-0.04779892414808273,True
0.9659258262890683,0.25881904510252074,0.0,0.16553655434256553,0.06855315679913015,-0.054399922490119934,True
0.9807852804032304,0.19509032201612833,0.0,0.16313394157827266,0.06780672358200085,-0.06139814853668213,True
0.9914448613738104,0.1305261922200517,0.0,0.1728714925170316,0.07261323526131375,-0.06905579566955566,True
0.9978589232386035,0.06540312923014305,0.00087692078122121,0.17469558649139838,0.0694723375146587,-0.07781960070133209,True
1.0,6.123233995736766e-17,0.011577402895061829,0.17986290860718346,0.07564632816528077,-0.077768797386113,True
0.9978589232386035,-0.06540312923014292,0.03136407988957741,0.18677847533924052,0.081115666671087,-0.06646078074361272,True
0.9914448613738105,-0.13052619222005138,0.061868812017308684,0.19890971103247268,0.09772505680501525,-0.047933447636472074,True
0.9807852804032305,-0.19509032201612797,0.10235403257189762,0.2170424578243415,0.13398250306529463,-0.02322234670056872,True
0.9659258262890683,-0.25881904510252085,0.1602037121688714,0.25210920146759386,0.17165602967455923,-0.0026990063571041556,True
0.9469301294951057,-0.3214394653031616,0.20992820844381907,0.2729469183853086,0.21016651336465703,0.004802436808028915,False
0.9238795325112867,-0.3826834323650897,0.26697479760874543,0.29922870530495604,0.2614396685581007,0.015819026619007803,False
0.8968727415326884,-0.44228869021900113,0.34102562254658836,0.3051265440165414,0.26753107892888767,0.034683006363254776,False
0.8660254037844387,-0.4999999999999998,0.2918628861283935,0.3456122329939313,0.3248906433308029,0.009347533076861647,False
0.8314696123025451,-0.5555702330196023,0.22986870271977947,0.3235344342227173,0.27080059199018075,-0.06503324174898079,True
0.7933533402912352,-0.6087614290087207,0.37017167291409053,0.3501702198732226,0.3043459223284693,0.04708131102121532,False
0.7518398074789774,-0.6593458151000688,0.3065401453521732,0.3632718839965652,0.3242020043990778,-0.04220379321900336,True
0.7071067811865476,-0.7071067811865475,0.5570963773987511,0.4003319100817355,0.4243242653423745,0.07148575543678848,False
0.6593458151000686,-0.7518398074789776,0.4223367483615224,0.4112854987354291,0.40737321553500977,-0.1332890586027779,True
0.6087614290087204,-0.7933533402912353,0.39833874258104046,0.42117275338782423,0.4209299785115133,-0.08812814946116992,True
0.5555702330196022,-0.8314696123025453,0.3586648959681091,0.4271986778552097,0.3884047374518395,-0.08645076172730232,True
0.49999999999999994,-0.8660254037844387,0.426493077237641,0.4343149677325555,0.3838270736406421,0.0035422324412388573,False
0.4422886902190013,-0.8968727415326883,0.6956517187843445,0.49737898257127067,0.531183846164021,-0.05035174103975326,True
0.3826834323650899,-0.9238795325112867,0.77118111805023,0.531503954432909,0.6036507340207247,-0.140683465455676,True
0.32143946530316175,-0.9469301294951056,0.48445546241684956,0.5203349208800745,0.4934335691389547,-0.30011354276547614,True
0.258819045102521,-0.9659258262890682,0.7026264048029157,0.5584230185354606,0.594915235582248,-0.08698431455371036,True
0.19509032201612816,-0.9807852804032304,0.7123083195616098,0.595099863282047,0.6611082578467109,-0.11362754976336265,True
0.13052619222005157,-0.9914448613738104,0.6865853861922474,0.5721582774338911,0.5796060191261991,-0.14947256336808457,True
0.06540312923014312,-0.9978589232386035,0.48529170211235895,0.5849177212629739,0.5679665532536362,-0.18430526317432389,True
1.2246467991473532e-16,-1.0,0.5329399000133,0.5509902808702385,0.4813738898734334,-0.07776810305499277,True
-0.06540312923014287,-0.9978589232386035,0.7997850148112094,0.6083962868435457,0.6275558217481376,0.03147974545331067,False
-0.13052619222005132,-0.9914448613738105,0.8385366368504757,0.5820716503796672,0.6182719019875857,-0.04525392513782134,True
-0.19509032201612792,-0.9807852804032305,0.8054038287860432,0.6119499685650505,0.7016476273723631,-0.1551782951944145,True
-0.25881904510252035,-0.9659258262890684,0.8217875003773122,0.6230681172324759,0.7056303821788572,-0.18798704141403055,True
-0.3214394653031611,-0.9469301294951058,0.807616420217886,0.6449675232496284,0.6881340980510089,-0.08653025025152272,True
-0.3826834323650892,-0.923879532511287,0.7514205727218025,0.6412002440402926,0.6566151355165899,-0.09970095212548347,True
-0.44228869021900147,-0.8968727415326883,0.6891218039681296,0.6417952332441095,0.6490522008296558,-0.05847634597754131,True
-0.5000000000000001,-0.8660254037844386,0.6889730489474482,0.6586729480466202,0.6129843990855959,0.00953885831915502,False
-0.5555702330196023,-0.8314696123025452,0.41240647242602146,0.6333427617165386,0.5263106410007956,-0.09015059549521415,True
-0.6087614290087207,-0.7933533402912352,0.31405267063212783,0.578813731867325,0.39770850485648773,0.07376361964279926,False
-0.6593458151000688,-0.7518398074789774,0.5970947660593144,0.6246180623003947,0.5170335573353588,0.3389101846361612,False
-0.7071067811865475,-0.7071067811865477,0.33616184150772016,0.5894008128336263,0.4844071640249165,0.08537468441306229,False
-0.7518398074789773,-0.6593458151000691,0.16775447551588837,0.5073894089851159,0.33260040850944367,-0.05320765130605587,True
-0.7933533402912349,-0.6087614290087209,0.39172930882340523,0.5327832415495093,0.32436296543000337,0.28167273706090035,False
-0.8314696123025448,-0.555570233019603,0.4828271203228538,0.6056734761377931,0.5040191413607982,0.38654711382679996,False
-0.8660254037844385,-0.5000000000000004,0.2978524552561035,0.5730418397838057,0.40628177214331523,0.11041680508629276,False
-0.8968727415326883,-0.44228869021900136,0.1881363248945948,0.5376526823768493,0.3408663946023957,0.03212990718933617,False
-0.9238795325112868,-0.3826834323650895,0.2856201395747161,0.5453432972975578,0.3458076762781384,0.22622258488739905,False
-0.9469301294951056,-0.3214394653031618,0.1595963784819933,0.485175079995509,0.3203618732679672,0.08723809078095662,False
-0.9659258262890683,-0.25881904510252063,0.157016322836629,0.37146807309853447,0.25164449667598604,0.09796031680323386,False
-0.9807852804032303,-0.19509032201612866,0.13069277645847788,0.3266104358146886,0.21898537549759428,0.07913250441612124,False
-0.9914448613738104,-0.13052619222005163,0.09894863774529991,0.30600619444228316,0.19706413332531786,0.06047426505998535,False
-0.9978589232386035,-0.06540312923014362,0.09539741362518023,0.29534721505101746,0.18141472784888651,0.06413134695884082,False
-1.0,-1.8369701987210297e-16,0.06251623034426274,0.2935641936651685,0.1701056673737757,0.036326695555923924,False
-0.9978589232386036,0.06540312923014237,0.037087402635127685,0.28683585052120475,0.14887292837110083,0.009671248779040492,False
-0.9914448613738104,0.13052619222005213,0.015285611664236544,0.29023075670917,0.13202358980147616,-0.014974573070515373,True
-0.9807852804032304,0.1950903220161283,0.0014910598282845678,0.2976214196526783,0.1306718745800462,-0.028987104073166847,True
-0.9659258262890682,0.25881904510252113,0.0,0.298757810969561,0.1292523770758604,-0.026244807988405228,True
-0.9469301294951057,0.3214394653031615,0.0,0.29475888371212244,0.12044651709737425,-0.024494539946317673,True
-0.9238795325112866,0.38268343236509,0.0,0.2856537728454849,0.11326183147576557,-0.023253949359059334,True
-0.8968727415326884,0.442288690219001,0.0,0.2804049047403423,0.10910547208726112,-0.0219727773219347,True
-0.8660254037844386,0.5000000000000001,0.0,0.28201791273576493,0.11763282713745221,-0.020662356168031693,True
-0.8314696123025455,0.5555702330196018,0.0,0.28046201782496283,0.12103685805489445,-0.01942869834601879,True
-0.7933533402912352,0.6087614290087205,0.0,0.25199364735528107,0.11377345377654163,-0.018268687650561333,True
-0.7518398074789777,0.6593458151000684,0.0,0.2049948354061797,0.08827184658464232,-0.017223387956619263,True
-0.7071067811865477,0.7071067811865474,0.0,0.18719398999937975,0.07537734068980811,-0.016094936057925224,True
-0.6593458151000687,0.7518398074789775,0.0,0.18439217695300703,0.07296976469216249,-0.01490102894604206,True
-0.608761429008721,0.7933533402912349,0.0,0.19464755069675888,0.06923842039247047,-0.013662340119481087,True
-0.5555702330196022,0.8314696123025452,0.0,0.17472727273059552,0.054511641937080246,-0.012814878486096859,True
-0.5000000000000004,0.8660254037844384,0.0,0.17045910085608562,0.04945796124525226,-0.012418748810887337,True
-0.4422886902190014,0.8968727415326883,0.0,0.17622257122698715,0.053849093377082546,-0.012192766182124615,True
-0.38268343236508956,0.9238795325112868,0.0,0.1752086996106701,0.055928102826528714,-0.012050764635205269,True
-0.32143946530316186,0.9469301294951056,0.0,0.17781828086071694,0.05731684196787862,-0.01177325937896967,True
-0.2588190451025207,0.9659258262890683,0.0,0.19025762732717166,0.06665856786234553,-0.011647788807749748,True
-0.19509032201612872,0.9807852804032303,0.0,0.20343654424882462,0.07868395689244662,-0.011592471040785313,True
-0.13052619222005168,0.9914448613738104,0.0,0.20614915414358936,0.08453605926682523,-0.01159755326807499,True
-0.06540312923014367,0.9978589232386035,0.0,0.19695827089702278,0.0788609474715441,-0.011737889610230923,True
0.0,1.0,0.0,0.1943331529903205,0.07722804118008891,-0.01193952839821577,True
0.06540312923014306,0.9978589232386035,0.0,0.19556686705681803,0.07844863222663784,-0.012131479568779469,True
0.13052619222005157,0.9914448613738104,0.0,0.20082804239365726,0.08426879180846719,-0.012320900335907936,True
0.19509032201612825,0.9807852804032304,0.0,0.20491006950778057,0.09044519853904592,-0.012598597444593906,True
0.25881904510252074,0.9659258262890683,0.0,0.20252957362526502,0.08874751056307334,-0.013029285706579685,True
0.3214394653031616,0.9469301294951057,0.0,0.19819883610869127,0.08924384129448631,-0.013588572852313519,True
0.3826834323650898,0.9238795325112867,0.0,0.19712180098603804,0.08924992483563626,-0.014243547804653645,True
0.4422886902190013,0.8968727415326883,0.0,0.19469993487476556,0.08749198713146694,-0.014988544397056103,True
0.49999999999999994,0.8660254037844387,0.0,0.19922728012307656,0.08768655765375682,-0.015852777287364006,True
0.5555702330196022,0.8314696123025452,0.0,0.19947042970089468,0.09007340877131081,-0.016896052286028862,True
0.6087614290087207,0.7933533402912352,0.0,0.2003747267929019,0.08980517218902812,-0.018244300037622452,True
0.6593458151000688,0.7518398074789774,0.0,0.18017648347038473,0.07916934178097762,-0.01990509033203125,True
0.7071067811865476,0.7071067811865476,0.0,0.16765382760801195,0.06810735632349935,-0.02185201086103916,True
0.7518398074789773,0.659345815100069,0.0,0.17626335537608573,0.0661067791587307,-0.023872390389442444,True
0.7933533402912352,0.6087614290087207,0.0,0.1793759791953471,0.06651279518488346,-0.026227600872516632,True
0.8314696123025452,0.5555702330196023,0.0,0.1899124448728826,0.06090082593920493,-0.02891498990356922,True
0.8660254037844386,0.5000000000000001,0.0,0.19033704943946983,0.062381312067540384,-0.03277605026960373,True
0.8968727415326884,0.44228869021900125,0.0,0.19134808480835597,0.07329177866673126,-0.03787372633814812,True
0.9238795325112867,0.38268343236508984,0.0,0.19300521609446775,0.07754933554351989,-0.04354402422904968,True
0.9469301294951057,0.3214394653031615,0.0,0.1924328772309556,0.07731250274568496,-0.05005180463194847,True
0.9659258262890683,0.25881904510252074,3.6142474264718485e-06,0.1948970693849832,0.07965550735748989,-0.05640926957130432,True
0.9807852804032304,0.19509032201612833,0.0,0.19254330938516695,0.07325282123340865,-0.0635509341955185,True
0.9914448613738104,0.1305261922200517,0.0,0.19805933591587377,0.07673047733595945,-0.07231099158525467,True
0.9978589232386035,0.06540312923014305,0.0004972676393589522,0.1893855685866077,0.0786553965523466,-0.08262007683515549,True
1.0,6.123233995736766e-17,0.009466684810489193,0.18808302557707535,0.07517259693183415,-0.08595963294329376,True
0.9978589232386035,-0.06540312923014292,0.022140824286535406,0.18935884965610517,0.08346226043980448,-0.08324144699356013,True
0.9914448613738105,-0.13052619222005138,0.05628201781632911,0.20078344582788943,0.10489734380260524,-0.059257613275235294,True
0.9807852804032305,-0.19509032201612797,0.07888639213266471,0.21489504128468329,0.13217914498642286,-0.051968829358878296,True
0.9659258262890683,-0.25881904510252085,0.13904647907319378,0.22485511148217907,0.1515155924113621,-0.020895366747830296,True
0.9469301294951057,-0.3214394653031616,0.16271520235769338,0.2531016252782352,0.19432468477222914,-0.026504622301660896,True
0.9238795325112867,-0.3826834323650897,0.1478023378756198,0.2738518860028605,0.19509501537024904,-0.062351896276112706,True
0.8968727415326884,-0.44228869021900113,0.30651312578409934,0.3109763431019126,0.24832866520713187,0.058348295763000046,False
0.8660254037844387,-0.4999999999999998,0.34990040454553467,0.3459100030532798,0.30938092998999295,0.04618017036234279,False
0.8314696123025451,-0.5555702330196023,0.4085743566705577,0.3663166834007219,0.3419876354129359,0.0392063488651514,False
0.7933533402912352,-0.6087614290087207,0.5104972790721725,0.41226145566126093,0.4115006431648171,0.021918707446617502,False
0.7518398074789774,-0.6593458151000688,0.5615922161161885,0.4496147822866794,0.4587192603639461,0.015160582984954263,False
0.7071067811865476,-0.7071067811865475,0.47967171936560654,0.45365105718677934,0.45300024567094416,-0.15700097054064838,True
0.6593458151000686,-0.7518398074789776,0.5503216961174061,0.4603168488680247,0.4476442576067448,-0.16850127432786316,True
0.6087614290087204,-0.7933533402912353,0.31268018743606746,0.45424860888211005,0.40470888304683067,-0.23422648024371429,True
0.5555702330196022,-0.8314696123025453,0.530068815352335,0.4343202359584939,0.3749649994922008,-0.12159739502885986,True
0.49999999999999994,-0.8660254037844387,0.755098897734474,0.4960899757331576,0.5444550116885645,-0.1086539847396083,True
0.4422886902190013,-0.8968727415326883,0.6973685337616983,0.5296743494191711,0.5860287867661373,-0.2289489452874261,True
0.3826834323650899,-0.9238795325112867,0.5863769651172009,0.5241743231152229,0.5311497482809981,-0.2967119054290411,True
0.32143946530316175,-0.9469301294951056,0.3756271462831772,0.5188358682598824,0.44599141463384656,-0.27932446886263795,True
0.258819045102521,-0.9659258262890682,0.3490358739184591,0.5115205683543915,0.4083165605699551,-0.16124625902538336,True
0.19509032201612816,-0.9807852804032304,0.6038262057296936,0.5188923088023403,0.44039355418859233,-0.06037047795581951,True
0.13052619222005157,-0.9914448613738104,0.5228854457594446,0.5547776162926661,0.5434811265463062,-0.26147811257769976,True
0.06540312923014312,-0.9978589232386035,0.34510279168255914,0.45996274262621006,0.38241516235634304,-0.32312115940752073,True
1.2246467991473532e-16,-1.0,0.5231403222700927,0.4911277810567678,0.4013041132582235,-0.20898221662647776,True
-0.06540312923014287,-0.9978589232386035,0.7465320582949136,0.5812269504677636,0.6079981197890327,-0.13336302806540828,True
-0.13052619222005132,-0.9914448613738105,0.5035851044523728,0.5850759930200837,0.5685857794929536,-0.25248042127848797,True
-0.19509032201612792,-0.9807852804032305,0.3488768526163918,0.5410029548176489,0.4458489083777029,-0.26363738270140047,True
-0.25881904510252035,-0.9659258262890684,0.3869038138678455,0.5572945372773515,0.4546731374399618,-0.0988878303990931,True
-0.3214394653031611,-0.9469301294951058,0.10958921071930179,0.43578957244941297,0.2930254470027834,-0.15184020951380728,True
-0.3826834323650892,-0.923879532511287,0.21708292181553626,0.2904457155403104,0.18296367055923707,0.029918648793788694,False
-0.44228869021900147,-0.8968727415326883,0.35738184212019836,0.34351244903871136,0.28359333124681013,0.17804516234162238,False
-0.5000000000000001,-0.8660254037844386,0.6409801973157606,0.41645473638640773,0.4611960372680615,0.10870061262037711,False
-0.5555702330196023,-0.8314696123025452,0.31424002330820305,0.44646018117356956,0.4397488798511236,-0.17238562178618155,True
-0.6087614290087207,-0.7933533402912352,0.37645890539342286,0.38970580465475546,0.2596324947877093,0.1121901486981089,False
-0.6593458151000688,-0.7518398074789774,0.32898653597659633,0.4274586656906789,0.3280125993239145,0.13754873390594952,False
-0.7071067811865475,-0.7071067811865477,0.2714537231213352,0.42084806324031,0.3244251216778193,0.1398056438805328,False
-0.7518398074789773,-0.6593458151000691,0.38216212075639866,0.37292304975554535,0.2523670237125984,0.28662011938024634,False
-0.7933533402912349,-0.6087614290087209,0.309821166234489,0.43918646412401485,0.34287041668456647,0.1807014833070858,False
-0.8314696123025448,-0.555570233019603,0.11134297556211022,0.3993063557551635,0.25520154722180094,-0.023848834064883834,True
-0.8660254037844385,-0.5000000000000004,0.17751870124040836,0.3277003851711109,0.18911709271524063,0.1096479920556726,False
-0.8968727415326883,-0.44228869021900136,0.2313226536368811,0.37195930414600786,0.2583504717149913,0.1910869292228632,False
-0.9238795325112868,-0.3826834323650895,0.22401415915700373,0.3851336163091037,0.2725387393097944,0.1811215979035532,False
-0.9469301294951056,-0.3214394653031618,0.24226405474013227,0.40047527083798196,0.2949706399882737,0.20234830635334622,False
-0.9659258262890683,-0.25881904510252063,0.14910020227708776,0.39529094932414943,0.26787801399074335,0.09659409276053499,False
-0.9807852804032303,-0.19509032201612866,0.055882224792627715,0.35011637994896705,0.20036173365383886,-1.0550066753545195e-07,True
-0.9914448613738104,-0.13052619222005163,0.09520413105569764,0.3074908075091307,0.1803482136004742,0.0683395754860455,False
-0.9978589232386035,-0.06540312923014362,0.07770372776473636,0.3083468513394345,0.18005482490972752,0.050551296321790826,False
-1.0,-1.8369701987210297e-16,0.05805136796580879,0.30594351070201675,0.16657409596028733,0.02920485976825314,False
-0.9978589232386036,0.06540312923014237,0.03935530775723233,0.2970608458026487,0.14600754196941607,0.009770668152052221,False
-0.9914448613738104,0.13052619222005213,0.021422442906465153,0.2891504456533025,0.1296703891493211,-0.007328814297587909,True
-0.9807852804032304,0.1950903220161283,0.005801644720623809,0.27870747959542697,0.11679824107257325,-0.024907586299485526,True
-0.9659258262890682,0.25881904510252113,1.862826800607883e-05,0.2760755936660344,0.11130177453317985,-0.02728879451751709,True
-0.9469301294951057,0.3214394653031615,0.0,0.2605555556469341,0.10502012501451735,-0.024915114045143127,True
-0.9238795325112866,0.38268343236509,0.0,0.25378122245403945,0.09679633456782682,-0.02302200347185135,True
-0.8968727415326884,0.442288690219001,0.0,0.25231188835785456,0.09018372956351789,-0.02136540226638317,True
-0.8660254037844386,0.5000000000000001,0.0,0.24566012458776765,0.08557182338191133,-0.0199236199259758,True
-0.8314696123025455,0.5555702330196018,0.0,0.24335139163868158,0.0886417105727309,-0.018590983003377914,True
-0.7933533402912352,0.6087614290087205,0.0,0.24184703361115356,0.0890085690794084,-0.017600975930690765,True
-0.7518398074789777,0.6593458151000684,0.0,0.23553605222354435,0.08702761076844973,-0.016719521954655647,True
-0.7071067811865477,0.7071067811865474,0.0,0.2236894570188812,0.0787007167104587,-0.01584208942949772,True
-0.6593458151000687,0.7518398074789775,0.0,0.21492303131483292,0.07476573963660987,-0.01506790705025196,True
-0.608761429008721,0.7933533402912349,0.0,0.2105576619100935,0.07569538985017427,-0.014399135485291481,True
-0.5555702330196022,0.8314696123025452,0.0,0.2128181148772863,0.0796031974206472,-0.013762887567281723,True
-0.5000000000000004,0.8660254037844384,0.0,0.20822725397068953,0.07847381616248322,-0.013215841725468636,True
-0.4422886902190014,0.8968727415326883,0.0,0.20061712870952886,0.07807984506494331,-0.012774043716490269,True
-0.38268343236508956,0.9238795325112868,0.0,0.19969657591044854,0.08203905769800096,-0.012423930689692497,True
-0.32143946530316186,0.9469301294951056,0.0,0.20110869854885682,0.08543302238817324,-0.012144973501563072,True
-0.2588190451025207,0.9659258262890683,0.0,0.2018444576587135,0.0870075015151785,-0.011878732591867447,True
-0.19509032201612872,0.9807852804032303,0.0,0.19389517395988398,0.08262769841897527,-0.011682753451168537,True
-0.13052619222005168,0.9914448613738104,0.0,0.17461566911027893,0.06554237332769802,-0.011616633273661137,True
-0.06540312923014367,0.9978589232386035,0.0,0.17949678086326082,0.05892987074608286,-0.011611209250986576,True
0.0,1.0,0.0,0.18040309545571853,0.05913408097403278,-0.01167314499616623,True
0.06540312923014306,0.9978589232386035,0.0,0.18232773467253294,0.06737904619720642,-0.01182042621076107,True
0.13052619222005157,0.9914448613738104,0.0,0.17718416976835605,0.06922446760570383,-0.01211492344737053,True
0.19509032201612825,0.9807852804032304,0.0,0.16768198589974093,0.058440276388947776,-0.012566084042191505,True
0.25881904510252074,0.9659258262890683,0.0,0.16369842010525315,0.055596246928406534,-0.012926153838634491,True
0.3214394653031616,0.9469301294951057,0.0,0.1612005382018662,0.057315117761645884,-0.013323317281901836,True
0.3826834323650898,0.9238795325112867,0.0,0.16386734653848056,0.062384935233149696,-0.01384637039154768,True
0.4422886902190013,0.8968727415326883,0.0,0.1726736085810825,0.06689823505702469,-0.014548617415130138,True
0.49999999999999994,0.8660254037844387,0.0,0.17242567873590642,0.06013169050396361,-0.015388596802949905,True
0.5555702330196022,0.8314696123025452,0.0,0.16520513568547268,0.06060096436721851,-0.016471056267619133,True
0.6087614290087207,0.7933533402912352,0.0,0.16410328134966168,0.06137379289411443,-0.017863230779767036,True
0.6593458151000688,0.7518398074789774,0.0,0.16880047544496057,0.06762414082793372,-0.01954044960439205,True
0.7071067811865476,0.7071067811865476,0.0,0.1513641996924615,0.06394296480953338,-0.021372418850660324,True
0.7518398074789773,0.659345815100069,0.0,0.16766069041175746,0.06184768457821377,-0.02319198101758957,True
0.7933533402912352,0.6087614290087207,0.0,0.17175414658337873,0.05687672577823627,-0.025519881397485733,True
0.8314696123025452,0.5555702330196023,0.0,0.17016302935641914,0.052695819298960944,-0.02842419408261776,True
0.8660254037844386,0.5000000000000001,0.0,0.16983763169102017,0.049401688080618344,-0.032030265778303146,True
0.8968727415326884,0.44228869021900125,0.0,0.16779305177621584,0.049581162781853816,-0.03725266456604004,True
0.9238795325112867,0.38268343236508984,0.0,0.1680328245899103,0.05432975963327469,-0.04268854856491089,True
0.9469301294951057,0.3214394653031615,0.0,0.16795228949343488,0.058832926129630314,-0.04856248199939728,True
0.9659258262890683,0.25881904510252074,0.0,0.17069146713535877,0.06542892455336474,-0.05510735884308815,True
0.9807852804032304,0.19509032201612833,0.0,0.17013412044159182,0.06296653414605302,-0.06218591332435608,True
0.9914448613738104,0.1305261922200517,0.0,0.17161338745364318,0.058588377819369875,-0.07018589973449707,True
0.9978589232386035,0.06540312923014305,0.00028182562552459987,0.16908352734255772,0.05859964225830283,-0.07956285774707794,True
1.0,6.123233995736766e-17,0.007170494381727941,0.16935366847244993,0.06190618672539561,-0.08499361842223244,True
0.9978589232386035,-0.06540312923014292,0.024820316872078883,0.18005339363404893,0.07467765017095801,-0.07655284976608305,True
0.9914448613738105,-0.13052619222005138,0.04627213935661818,0.1925029869155932,0.09444898043702593,-0.06668210564507615,True
0.9807852804032305,-0.19509032201612797,0.07370852079893123,0.20340865202465586,0.11401228386647971,-0.05239256680047323,True
0.9659258262890683,-0.25881904510252085,0.10402115762633724,0.21905981748996717,0.1363533613700187,-0.04318585860516205,True
0.9469301294951057,-0.3214394653031616,0.12488938473860912,0.23076899560537378,0.15436003951952376,-0.04316388493575893,True
0.9238795325112867,-0.3826834323650897,0.15846500963957308,0.24282791625293032,0.17748962266689633,-0.029716489487970427,True
0.8968727415326884,-0.44228869021900113,0.18197214124644975,0.2581339793615045,0.19580424825353998,-0.02630027964065712,True
0.8660254037844387,-0.4999999999999998,0.2238465383963348,0.27719875187139853,0.22346142104963934,-0.004459676432055026,True
0.8314696123025451,-0.5555702330196023,0.272437427978887,0.30541907906113175,0.26302476137307645,0.022568632757238083,False
0.7933533402912352,-0.6087614290087207,0.3034939691257075,0.3236284658514612,0.29167199699078167,0.02534757206285354,False
0.7518398074789774,-0.6593458151000688,0.30484877003056,0.3296340907251476,0.292522343236114,0.004947725838234551,False
0.7071067811865476,-0.7071067811865475,0.3223355992354668,0.33605928769475213,0.30044697518857283,0.015014676881139832,False
0.6593458151000686,-0.7518398074789776,0.25107694549261594,0.31878929288752467,0.2628213759799654,-0.06604669273153685,True
0.6087614290087204,-0.7933533402912353,0.33869790239422337,0.34205210345089165,0.30417138260644344,0.033393728974103754,False
0.5555702330196022,-0.8314696123025453,0.3859971931200585,0.35886785129486043,0.3384366336063686,0.05108859692895251,False
0.49999999999999994,-0.8660254037844387,0.4096715727497254,0.3795497201154221,0.3577840528268906,0.04072172882118541,False
0.4422886902190013,-0.8968727415326883,0.4752818813861686,0.40423838995306793,0.4057977142880204,0.07732744097065514,False
0.3826834323650899,-0.9238795325112867,0.41310341311069837,0.41478709221764465,0.41019322491564475,0.01964851071588425,False
0.32143946530316175,-0.9469301294951056,0.4309782470590386,0.423343052115859,0.41064195871575065,0.06512314724438828,False
0.258819045102521,-0.9659258262890682,0.3959116961476363,0.4104566120089468,0.38195968980234235,0.03840285896591167,False
0.19509032201612816,-0.9807852804032304,0.44872833903687764,0.41674737264002326,0.3923188878178074,0.11300336345042472,False
0.13052619222005157,-0.9914448613738104,0.699384022740248,0.47858924577566864,0.53160900028693,0.2718301082741682,False
0.06540312923014312,-0.9978589232386035,0.5596742369923344,0.49632165308524456,0.5628431977396842,-0.05134261875005908,True
1.2246467991473532e-16,-1.0,0.47380916795877825,0.46944774352150365,0.47092979702851395,-0.012141264021811371,True
-0.06540312923014287,-0.9978589232386035,0.32628774597141397,0.44141162652512866,0.40487722540267995,-0.028690766039145776,True
-0.13052619222005132,-0.9914448613738105,0.45707122648907184,0.4397094698898083,0.3859386627277119,0.2346307152302961,False
-0.19509032201612792,-0.9807852804032305,0.499720244305597,0.4847827759174128,0.46767180091824995,0.24672045746572258,False
-0.25881904510252035,-0.9659258262890684,0.5216296602435143,0.4933600355889247,0.4536932021207703,0.22792625379078113,False
-0.3214394653031611,-0.9469301294951058,0.5156198119198037,0.5099779908749551,0.48787047552184354,0.19049015295013938,False
-0.3826834323650892,-0.923879532511287,0.31010948769243285,0.48129824207971295,0.4103927900315146,0.00033273938394762226,False
-0.44228869021900147,-0.8968727415326883,0.37113496075471836,0.4531907596757665,0.3670389525598167,0.16367542243016353,False
-0.5000000000000001,-0.8660254037844386,0.40985214491465666,0.4815817475273434,0.4204879474488034,0.2170392033949372,False
-0.5555702330196023,-0.8314696123025452,0.4485056386102258,0.5201687188980089,0.4402537881608967,-0.17283565975806486,True
-0.6087614290087207,-0.7933533402912352,0.5123424260346905,0.5422989688997846,0.5199687870658156,-0.4046112298965454,True
-0.6593458151000688,-0.7518398074789774,0.40683608506353036,0.5242004584868403,0.4590143699145894,0.07595938260899432,False
-0.7071067811865475,-0.7071067811865477,0.32210254109780107,0.49823498436768987,0.38995943826588925,0.13344036906824047,False
-0.7518398074789773,-0.6593458151000691,0.32991349023418565,0.48672794682807563,0.36299922354352315,0.20279566236858232,False
-0.7933533402912349,-0.6087614290087209,0.3726104607667655,0.49299273190452575,0.39008701681102426,0.29963120504419627,False
-0.8314696123025448,-0.555570233019603,0.30165919242747014,0.5058595034931901,0.37899706378602477,0.17652582016399015,False
-0.8660254037844385,-0.5000000000000004,0.15857984760551105,0.47563389183239857,0.3089574592480074,0.038545986605736354,False
-0.8968727415326883,-0.44228869021900136,0.22261998611249234,0.4826846088488388,0.31305936788689853,0.15353664318291826,False
-0.9238795325112868,-0.3826834323650895,0.12658426162665837,0.4622381640048656,0.2851993424840827,0.05270651258303985,False
-0.9469301294951056,-0.3214394653031618,0.10667670516902389,0.4419307578002236,0.242564981900186,0.04305920171884134,False
-0.9659258262890683,-0.25881904510252063,0.07763146027026929,0.4370020314233085,0.23728068815997433,0.013621292499478091,False
-0.9807852804032303,-0.19509032201612866,0.030323234958587745,0.41059056895952195,0.1986828255182837,-0.029159993732024096,True
-0.9914448613738104,-0.13052619222005163,0.06188741347964388,0.4043820419215838,0.1988028716575853,0.019584796143320427,False
-0.9978589232386035,-0.06540312923014362,0.05041143234899585,0.39575351578269125,0.19662834714676752,0.009242942670479301,False
-1.0,-1.8369701987210297e-16,0.02460489594997788,0.3761967167954905,0.1793743264999888,-0.020300464353017557,True
-0.9978589232386036,0.06540312923014237,0.015483536313100647,0.3630981524663681,0.1609621180884961,-0.02594524690810816,True
-0.9914448613738104,0.13052619222005213,0.008745222432946839,0.3517766963574558,0.14942838309822365,-0.029037700212861284,True
-0.9807852804032304,0.1950903220161283,0.0017018316251482576,0.34129720449184764,0.1421638725952879,-0.03403940424323082,True
-0.9659258262890682,0.25881904510252113,0.0,0.2922533614726439,0.12702994541591978,-0.03067280910909176,True
-0.9469301294951057,0.3214394653031615,0.0,0.27903167995680134,0.11605531414714215,-0.0278300978243351,True
-0.9238795325112866,0.38268343236509,0.0,0.27440180435752115,0.11658720149175777,-0.025109730660915375,True
-0.8968727415326884,0.442288690219001,0.0,0.2434731510111734,0.10531434949625812,-0.022597702220082283,True
-0.8660254037844386,0.5000000000000001,0.0,0.22544677030409077,0.09674577439331494,-0.02021055668592453,True
-0.8314696123025455,0.5555702330196018,0.0,0.21732271784010737,0.0921615110110458,-0.01864984631538391,True
-0.7933533402912352,0.6087614290087205,0.0,0.20063354524190347,0.08700253183321666,-0.017174841836094856,True
-0.7518398074789777,0.6593458151000684,0.0,0.19764094322649384,0.08529258064832129,-0.015758350491523743,True
-0.7071067811865477,0.7071067811865474,0.0,0.19684368003498798,0.0900128161055615,-0.014736060984432697,True
-0.6593458151000687,0.7518398074789775,0.0,0.20387285414960044,0.09233725008496801,-0.013900673016905785,True
-0.608761429008721,0.7933533402912349,0.0,0.2068848958601135,0.08945618718603726,-0.013172748498618603,True
-0.5555702330196022,0.8314696123025452,0.0,0.1966597663475218,0.08441183801464386,-0.012728472240269184,True
-0.5000000000000004,0.8660254037844384,0.0,0.18006165420626963,0.0847271454345136,-0.012408683076500893,True
-0.4422886902190014,0.8968727415326883,0.0,0.16837837898421548,0.0738658895933238,-0.01217441912740469,True
-0.38268343236508956,0.9238795325112868,0.0,0.1674451433583013,0.07639731820077406,-0.01185227744281292,True
-0.32143946530316186,0.9469301294951056,0.0,0.14732213249777448,0.06152374950887013,-0.011439965106546879,True
-0.2588190451025207,0.9659258262890683,0.0,0.15157814120274948,0.05455997045197497,-0.01106169167906046,True
-0.19509032201612872,0.9807852804032303,0.0,0.15329301185946487,0.052216252797767204,-0.01090987864881754,True
-0.13052619222005168,0.9914448613738104,0.0,0.1594641017902263,0.054628395456738865,-0.010850311256945133,True
-0.06540312923014367,0.9978589232386035,3.3733419801156596e-05,0.16974553834744377,0.06320651892048829,-0.01091005839407444,True
0.0,1.0,2.2127571632111387e-05,0.1758298233668527,0.07737708357563139,-0.011197026818990707,True
0.06540312923014306,0.9978589232386035,0.0,0.17535546637200272,0.07983920934967131,-0.011462905444204807,True
0.13052619222005157,0.9914448613738104,0.0,0.17064689180710024,0.07755997800998643,-0.011762107722461224,True
0.19509032201612825,0.9807852804032304,0.0,0.1680439146664967,0.07538786975263884,-0.012062771245837212,True
0.25881904510252074,0.9659258262890683,0.0,0.16665903112004288,0.07438632478190604,-0.01236485131084919,True
0.3214394653031616,0.9469301294951057,0.0,0.1706919265461877,0.07591109628186493,-0.012802940793335438,True
0.3826834323650898,0.9238795325112867,0.0,0.17388504708315988,0.0751750339821678,-0.013371041044592857,True
0.4422886902190013,0.8968727415326883,0.0,0.17407024283563466,0.07414300123091427,-0.014129964634776115,True
0.49999999999999994,0.8660254037844387,0.0,0.1703495148622589,0.07216995080956529,-0.015095559880137444,True
0.5555702330196022,0.8314696123025452,0.0,0.16804385605853112,0.07363060121667836,-0.016291318461298943,True
0.6087614290087207,0.7933533402912352,0.0,0.1700278167459306,0.07251304725129709,-0.017639605328440666,True
0.6593458151000688,0.7518398074789774,0.0,0.17580305874734403,0.07221165231342613,-0.01912245713174343,True
0.7071067811865476,0.7071067811865476,0.0,0.16984817034857236,0.0684984159345105,-0.020876534283161163,True
0.7518398074789773,0.659345815100069,0.0,0.11082277693426734,0.05049265483001447,-0.023121187463402748,True
0.7933533402912352,0.6087614290087207,0.0,0.09102902247500877,0.04274885919084065,-0.025608673691749573,True
0.8314696123025452,0.5555702330196023,0.0,0.09895221220591299,0.0440086165812788,-0.027825023978948593,True
0.8660254037844386,0.5000000000000001,0.0,0.10225000625482461,0.04554804701943188,-0.029556695371866226,True
0.8968727415326884,0.44228869021900125,0.0,0.10997873418781268,0.04223856290700578,-0.0311893280595541,True
0.9238795325112867,0.38268343236508984,7.453680837852424e-05,0.11124915952789616,0.03911514149104073,-0.03500034287571907,True
0.9469301294951057,0.3214394653031615,0.0,0.09951170124139908,0.03663317213808348,-0.04042018577456474,True
0.9659258262890683,0.25881904510252074,0.0,0.09712242783919556,0.03579301561224285,-0.0465228296816349,True
0.9807852804032304,0.19509032201612833,0.0,0.09631897936463374,0.036824842129998814,-0.05346740037202835,True
0.9914448613738104,0.1305261922200517,0.0,0.0922936281071014,0.037642641060842585,-0.060479532927274704,True
0.9978589232386035,0.06540312923014305,0.00017702690688926136,0.08822734863830961,0.03543721865733784,-0.0677277147769928,True
1.0,6.123233995736766e-17,0.0035469706276394083,0.089627834570567,0.03667558584156605,-0.07540106946634746,True
0.9978589232386035,-0.06540312923014292,0.015824156079760662,0.09226619277298975,0.04099258255868282,-0.06723981740649304,True
0.9914448613738105,-0.13052619222005138,0.03327337216212365,0.09897104275628732,0.04944189047516856,-0.05658013636446476,True
0.9807852804032305,-0.19509032201612797,0.03479987257341922,0.10972712716542365,0.05324728313524185,-0.06837190571415755,True
0.9659258262890683,-0.25881904510252085,0.03749022375892649,0.1154481864805097,0.05389693335159235,-0.07994658761648829,True
0.9469301294951057,-0.3214394653031616,0.04401228889597534,0.12255392257566666,0.06383444184296821,-0.08638787867674182,True
0.9238795325112867,-0.3826834323650897,0.057752799840958616,0.13237513688985403,0.07942850153623743,-0.08544710664485747,True
0.8968727415326884,-0.44228869021900113,0.07429997446085956,0.1434625237484597,0.08760642034851102,-0.08470512288665029,True
0.8660254037844387,-0.4999999999999998,0.10426316806773922,0.15044428660247888,0.0928250113683799,-0.06786423231442446,True
0.8314696123025451,-0.5555702330196023,0.10658730944061537,0.1636744733945552,0.11541916064903407,-0.09296940157238986,True
0.7933533402912352,-0.6087614290087207,0.12036264813173786,0.16267811881696415,0.10611168337147209,-0.09099101770943371,True
0.7518398074789774,-0.6593458151000688,0.15489456431697482,0.17337276077734298,0.11246233968428226,-0.06711683383622227,True
0.7071067811865476,-0.7071067811865475,0.10768430204547896,0.16663292076709468,0.09995468405579327,-0.14529072631928105,True
0.6593458151000686,-0.7518398074789776,0.10977494137101809,0.16985677626665718,0.10103522119053127,-0.145830954035831,True
0.6087614290087204,-0.7933533402912353,0.20098597541924845,0.1830695259285009,0.12070040947063548,-0.04359327171237931,True
0.5555702330196022,-0.8314696123025453,0.3408394621170406,0.2185356130967433,0.1753309968252998,0.07487144265473528,False
0.49999999999999994,-0.8660254037844387,0.32429262455340313,0.2577709350267796,0.23980983027745878,-0.0031401857572738168,True
0.4422886902190013,-0.8968727415326883,0.2721807775033215,0.28023624103465195,0.2650064623229274,-0.08011368706924454,True
0.3826834323650899,-0.9238795325112867,0.26212646449464133,0.2865711939625706,0.25921496808181027,-0.05481641273809951,True
0.32143946530316175,-0.9469301294951056,0.28176980335902996,0.28165638143184957,0.23283588274411343,0.010221492335640625,False
0.258819045102521,-0.9659258262890682,0.28630705120336924,0.28745481113929316,0.2355167418230239,0.014184353087768387,False
0.19509032201612816,-0.9807852804032304,0.19183174033285974,0.2944231981430383,0.24540185300098522,-0.11112970101370373,True
0.13052619222005157,-0.9914448613738104,0.3657761615937565,0.31646074042590455,0.28950880483713975,0.09778961827404886,False
0.06540312923014312,-0.9978589232386035,0.4509503531601069,0.36856509967815,0.4036630554806953,0.15327921546316348,False
1.2246467991473532e-16,-1.0,0.3097761796252691,0.365070228907735,0.3631087930211501,-0.029862826039486867,True
-0.06540312923014287,-0.9978589232386035,0.4735498302262809,0.3801537778621378,0.36779296622130336,0.18163461667821013,False
-0.13052619222005132,-0.9914448613738105,0.42856838113137957,0.39813651617894874,0.37171995125136853,0.1531287724154765,False
-0.19509032201612792,-0.9807852804032305,0.46748762886893264,0.4162407363941931,0.39770626105090706,0.19243863063973699,False
-0.25881904510252035,-0.9659258262890684,0.4650362106548235,0.4270044898762304,0.42530824898546266,0.16485987283114467,False
-0.3214394653031611,-0.9469301294951058,0.4109897631918019,0.41269994993764314,0.36706368015447316,0.14840907927779556,False
-0.3826834323650892,-0.923879532511287,0.3892033451571654,0.3839785728495355,0.2703469151300822,0.15844384649306964,False
-0.44228869021900147,-0.8968727415326883,0.5269013527663865,0.42703576548155087,0.4355148966033376,-0.3338276096654691,True
-0.5000000000000001,-0.8660254037844386,0.4375236812281063,0.44419862265847954,0.47575454245086685,-0.11476817119046367,True
-0.5555702330196023,-0.8314696123025452,0.3576871221525888,0.42035006404410713,0.3820144125719553,0.1370995407213046,False
-0.6087614290087207,-0.7933533402912352,0.2818553410688954,0.351259562353611,0.20875499107341983,0.12094908905668833,False
-0.6593458151000688,-0.7518398074789774,0.29793815096975557,0.32347682586927595,0.1721280889542029,0.20735644827144684,False
-0.7071067811865475,-0.7071067811865477,0.3307789523136682,0.34459689914037517,0.19586438861849248,0.24019604663779764,False
-0.7518398074789773,-0.6593458151000691,0.34975667564371493,0.38313226241593656,0.29033867457493384,0.2356720867002564,False
-0.7933533402912349,-0.6087614290087209,0.21571319060942096,0.3705080272271255,0.261390237958166,0.07852118481277298,False
-0.8314696123025448,-0.555570233019603,0.19443576844578475,0.36398521547638696,0.24447184304382136,0.09349036994247928,False
-0.8660254037844385,-0.5000000000000004,0.17893711279177443,0.3668023741048416,0.25531129740161446,0.10556812936696006,False
-0.8968727415326883,-0.44228869021900136,0.17448841587026948,0.36766816053267104,0.25004039267717565,0.12573372676549163,False
-0.9238795325112868,-0.3826834323650895,0.1654272210060383,0.3663589953901689,0.24734289090204126,0.1209627365789406,False
-0.9469301294951056,-0.3214394653031618,0.10865853807420368,0.3572745440835765,0.22489164993369998,0.06027696917762901,False
-0.9659258262890683,-0.25881904510252063,0.029081013976721786,0.30462597527066126,0.1519911068705075,-0.028372577877215213,True
-0.9807852804032303,-0.19509032201612866,0.07816518952929012,0.2652003512588399,0.10866285236672729,0.04925517553404184,False
-0.9914448613738104,-0.13052619222005163,0.08144921348733636,0.2851361544579738,0.14860026864590553,0.056608534696468496,False
-0.9978589232386035,-0.06540312923014362,0.059593746951105656,0.28231854702312287,0.15032152038989083,0.028411228574964933,False
-1.0,-1.8369701987210297e-16,0.03778249966333336,0.2601103747688207,0.13532971855438786,0.004091603492726782,False
-0.9978589232386036,0.06540312923014237,0.020158924133504594,0.23537468180656163,0.11626073907056217,-0.011819719334408958,True
-0.9914448613738104,0.13052619222005213,0.01218929902611591,0.1995743466029012,0.09750531446805549,-0.016501575770163857,True
-0.9807852804032304,0.1950903220161283,0.00239814926388362,0.1657709654096533,0.06510240536838191,-0.02521467151378591,True
-0.9659258262890682,0.25881904510252113,0.0,0.14285491423297336,0.05034778028456177,-0.024488480761647224,True
-0.9469301294951057,0.3214394653031615,0.0,0.13872220168958305,0.047440011585384745,-0.021666914224624634,True
-0.9238795325112866,0.38268343236509,0.0,0.1400793533960334,0.046860823472662294,-0.019367782399058342,True
-0.8968727415326884,0.442288690219001,0.0,0.14585907915891272,0.04644392146587478,-0.017755532637238503,True
-0.8660254037844386,0.5000000000000001,0.0,0.14927930619380803,0.045343083394736305,-0.01648351363837719,True
-0.8314696123025455,0.5555702330196018,0.0,0.1457748406061683,0.04271694852312469,-0.01560630276799202,True
-0.7933533402912352,0.6087614290087205,0.0,0.15050848299543818,0.04555734812538331,-0.014913051389157772,True
-0.7518398074789777,0.6593458151000684,0.0,0.15395755056920146,0.05521083531422033,-0.0143289128318429,True
-0.7071067811865477,0.7071067811865474,0.0,0.15406641744958893,0.06301685816833785,-0.0137507114559412,True
-0.6593458151000687,0.7518398074789775,0.0,0.15731050133102142,0.0691498804850979,-0.013161924667656422,True
-0.608761429008721,0.7933533402912349,0.0,0.16211558090686595,0.07471341185263752,-0.01263040117919445,True
-0.5555702330196022,0.8314696123025452,0.0,0.16122748009471644,0.07384940893416386,-0.0121013717725873,True
-0.5000000000000004,0.8660254037844384,0.0,0.1549019177384121,0.06741919405886082,-0.011676170863211155,True
-0.4422886902190014,0.8968727415326883,0.0,0.1487984312369226,0.061634102376335265,-0.011383378878235817,True
-0.38268343236508956,0.9238795325112868,0.0,0.1472496178068987,0.059608320206193166,-0.011158357374370098,True
-0.32143946530316186,0.9469301294951056,0.0,0.1408675143293059,0.05587732893263975,-0.010976827703416348,True
-0.2588190451025207,0.9659258262890683,0.0,0.13925447860538287,0.05346178652167177,-0.010832092724740505,True
-0.19509032201612872,0.9807852804032303,0.0,0.13226187605052875,0.04802851827937332,-0.010741636157035828,True
-0.13052619222005168,0.9914448613738104,0.0,0.128769718072701,0.04547655307904913,-0.010705790482461452,True
-0.06540312923014367,0.9978589232386035,0.0,0.1239352249233292,0.04897010904062987,-0.010710028931498528,True
