epoch,loss,mse,rmse,mae,mape,msle,val_loss,val_mse,val_rmse,val_mae,val_mape,val_msle,lr
1,2.5383834838867188,1.2799184322357178,1.0280077457427979,0.9686875343322754,327593248.0,0.2462405413389206,1.406564474105835,0.1487056314945221,0.3856236934661865,0.27125173807144165,14479451.0,0.08435630053281784,9.999999747378752e-05
2,1.8066296577453613,0.5490738153457642,0.6895230412483215,0.6119532585144043,197251936.0,0.14742271602153778,1.3969789743423462,0.14016592502593994,0.3743874132633209,0.2616783380508423,14131479.0,0.07806680351495743,9.999999747378752e-05
3,1.5433634519577026,0.28691819310188293,0.510713517665863,0.44919073581695557,206221728.0,0.06000317260622978,1.3893216848373413,0.13376593589782715,0.36574026942253113,0.25440093874931335,13940482.0,0.07346470654010773,9.999999747378752e-05
4,1.4862266778945923,0.23110154271125793,0.46287402510643005,0.3803096115589142,230526992.0,0.027753306552767754,1.3838727474212646,0.12977533042430878,0.36024343967437744,0.25011616945266724,14267399.0,0.07065004110336304,9.999999747378752e-05
5,1.4615532159805298,0.20794230699539185,0.4417763650417328,0.36213675141334534,229414448.0,0.022603651508688927,1.380062222480774,0.12760278582572937,0.3572153151035309,0.248383566737175,15199355.0,0.06914505362510681,9.999999747378752e-05
6,1.4214731454849243,0.16955162584781647,0.4045732617378235,0.33567216992378235,197323984.0,0.02244522236287594,1.376934289932251,0.12628121674060822,0.3553606867790222,0.24801287055015564,16548056.0,0.06824789941310883,9.999999747378752e-05
7,1.3835641145706177,0.13349810242652893,0.3654853403568268,0.29972386360168457,152366624.0,0.02362753078341484,1.3736507892608643,0.12496346980333328,0.35350173711776733,0.24776040017604828,17996740.0,0.06736163049936295,9.999999747378752e-05
8,1.361168384552002,0.1131119504570961,0.3408679664134979,0.273400217294693,118151080.0,0.025339283049106598,1.3698080778121948,0.1232248842716217,0.351034015417099,0.24685682356357574,19260258.0,0.06619103252887726,9.999999747378752e-05
9,1.3475608825683594,0.10164415836334229,0.3261208236217499,0.259417861700058,100617816.0,0.02541957050561905,1.365486979484558,0.12111853808164597,0.34802088141441345,0.2452193796634674,20215706.0,0.06477390229701996,9.999999747378752e-05
10,1.3348673582077026,0.09119384735822678,0.3115425705909729,0.24750833213329315,96769608.0,0.022978289052844048,1.3610305786132812,0.11896757781505585,0.34491676092147827,0.24326074123382568,20926740.0,0.06333302706480026,9.999999747378752e-05
11,1.3235944509506226,0.08225157856941223,0.2976040244102478,0.23806129395961761,100746312.0,0.019491206854581833,1.3567311763763428,0.11705545336008072,0.34213367104530334,0.24146129190921783,21555576.0,0.0620620958507061,9.999999747378752e-05
12,1.3157728910446167,0.07684097439050674,0.2881625294685364,0.23167559504508972,105866152.0,0.01677588000893593,1.3526536226272583,0.11544224619865417,0.3397679328918457,0.2400357872247696,22240908.0,0.061002008616924286,9.999999747378752e-05
13,1.309903621673584,0.0734582394361496,0.28180718421936035,0.2271493375301361,108031856.0,0.01527442503720522,1.3486779928207397,0.11400243639945984,0.33764246106147766,0.23892998695373535,23021482.0,0.06006767973303795,9.999999747378752e-05
14,1.303847312927246,0.06995809078216553,0.2753274440765381,0.22117429971694946,104521704.0,0.014514693059027195,1.3446588516235352,0.1125858947634697,0.33553820848464966,0.23793604969978333,23839010.0,0.05915654078125954,9.999999747378752e-05
15,1.2976105213165283,0.06634332239627838,0.2686106264591217,0.21393828094005585,97921704.0,0.014136992394924164,1.3405348062515259,0.11112840473651886,0.3333592712879181,0.23686733841896057,24599764.0,0.05822315439581871,9.999999747378752e-05
16,1.2918082475662231,0.06322638690471649,0.26255470514297485,0.20720990002155304,92047520.0,0.013841979205608368,1.336322546005249,0.10964366048574448,0.33112484216690063,0.23566143214702606,25242392.0,0.05727456510066986,9.999999747378752e-05
17,1.2862529754638672,0.06041647866368294,0.256844162940979,0.20143038034439087,88486920.0,0.013412732630968094,1.332054615020752,0.10816021263599396,0.32887721061706543,0.23432859778404236,25768924.0,0.056329380720853806,9.999999747378752e-05
18,1.280735731124878,0.05769979581236839,0.25118955969810486,0.1965896636247635,86906344.0,0.012853626161813736,1.3277442455291748,0.10668641328811646,0.3266288638114929,0.2329256385564804,26228890.0,0.055394746363162994,9.999999747378752e-05
19,1.275375485420227,0.05519063398241997,0.24584615230560303,0.19230791926383972,85910056.0,0.01233932189643383,1.323395848274231,0.10522158443927765,0.32437875866889954,0.23150603473186493,26677454.0,0.05447216331958771,9.999999747378752e-05
20,1.2701810598373413,0.052893005311489105,0.24085131287574768,0.1881202608346939,84256968.0,0.011967677623033524,1.319023847579956,0.10377591103315353,0.32214269042015076,0.23010627925395966,27139160.0,0.0535687692463398,9.999999747378752e-05
21,1.265061855316162,0.05071231722831726,0.23603621125221252,0.1837448924779892,81573032.0,0.011743648909032345,1.3146474361419678,0.10236545652151108,0.3199460208415985,0.22873125970363617,27599312.0,0.05269376561045647,9.999999747378752e-05
22,1.2600047588348389,0.048632800579071045,0.23133759200572968,0.1793278306722641,78394080.0,0.011590098962187767,1.310270071029663,0.10099130123853683,0.31779128313064575,0.22734923660755157,28023948.0,0.0518459677696228,9.999999747378752e-05
23,1.255021333694458,0.04666316136717796,0.2267480194568634,0.17509156465530396,75547848.0,0.011401388794183731,1.3058751821517944,0.09963450580835342,0.3156493306159973,0.22591514885425568,28389708.0,0.05101216956973076,9.999999747378752e-05
24,1.2501108646392822,0.04480074718594551,0.2222849428653717,0.1711212396621704,73394416.0,0.011117498390376568,1.3014453649520874,0.0982755571603775,0.31348931789398193,0.22440873086452484,28700040.0,0.05018022656440735,9.999999747378752e-05
25,1.2452733516693115,0.043043822050094604,0.21798273921012878,0.16729938983917236,71725896.0,0.01077047735452652,1.2969813346862793,0.0969138815999031,0.31130993366241455,0.22285011410713196,28977186.0,0.049350764602422714,9.999999747378752e-05
26,1.2404959201812744,0.04137800633907318,0.21382932364940643,0.1635330319404602,70090256.0,0.010433921590447426,1.2925002574920654,0.09556468576192856,0.309135377407074,0.22127564251422882,29240246.0,0.04853396117687225,9.999999747378752e-05
27,1.2357627153396606,0.03978536278009415,0.20978374779224396,0.15986235439777374,68274856.0,0.010143058374524117,1.2880140542984009,0.09423896670341492,0.3069836497306824,0.2196999192237854,29490470.0,0.047736428678035736,9.999999747378752e-05
28,1.2310702800750732,0.03826173394918442,0.20583024621009827,0.1563001126050949,66333456.0,0.009887726977467537,1.28351891040802,0.09293119609355927,0.3048461973667145,0.2181454747915268,29715494.0,0.046953968703746796,9.999999747378752e-05
29,1.226422905921936,0.036809537559747696,0.2019762545824051,0.15285344421863556,64452968.0,0.009635676629841328,1.279002070426941,0.09162731468677521,0.3027000427246094,0.21660390496253967,29905038.0,0.04617742449045181,9.999999747378752e-05
30,1.221821665763855,0.035428740084171295,0.19823221862316132,0.14955700933933258,62779040.0,0.009372122585773468,1.274458646774292,0.09032092988491058,0.3005343973636627,0.21505603194236755,30061264.0,0.045402977615594864,9.999999747378752e-05
31,1.2172644138336182,0.03411553427577019,0.19459912180900574,0.14637069404125214,61269052.0,0.00909422617405653,1.2698960304260254,0.08901821821928024,0.298359215259552,0.21347211301326752,30195098.0,0.0446348711848259,9.999999747378752e-05
32,1.2127463817596436,0.03286413848400116,0.19106800854206085,0.14328418672084808,59788632.0,0.008829465135931969,1.2653247117996216,0.08772855997085571,0.296190083026886,0.21187014877796173,30315146.0,0.043879132717847824,9.999999747378752e-05
33,1.2082643508911133,0.03167019784450531,0.18763181567192078,0.14030419290065765,58284232.0,0.008584843017160892,1.260748028755188,0.08645428717136383,0.2940311133861542,0.2102525234222412,30421944.0,0.04313706234097481,9.999999747378752e-05
34,1.20381760597229,0.030531790107488632,0.18429040908813477,0.1373884081840515,56796628.0,0.008347970433533192,1.256162405014038,0.0851908028125763,0.29187464714050293,0.20860980451107025,30512096.0,0.04240565374493599,9.999999747378752e-05
35,1.1994056701660156,0.029447609558701515,0.18104729056358337,0.1346275955438614,55427112.0,0.00811428390443325,1.2515654563903809,0.08393458276987076,0.28971466422080994,0.20693637430667877,30585224.0,0.04168272763490677,9.999999747378752e-05
36,1.195027470588684,0.028415638953447342,0.17790308594703674,0.13195432722568512,54148140.0,0.007887043990194798,1.246960163116455,0.08268772065639496,0.2875547409057617,0.20523761212825775,30645758.0,0.040969688445329666,9.999999747378752e-05
37,1.1906816959381104,0.027433451265096664,0.17485550045967102,0.12937013804912567,52921260.0,0.00767122907564044,1.2423524856567383,0.08145499974489212,0.28540322184562683,0.2035229504108429,30698880.0,0.04026954993605614,9.999999747378752e-05
38,1.186367154121399,0.026498811319470406,0.1719023883342743,0.12686854600906372,51715736.0,0.007469325326383114,1.2377455234527588,0.08023876696825027,0.28326448798179626,0.20179596543312073,30746576.0,0.039583731442689896,9.999999747378752e-05
39,1.1820828914642334,0.02560991421341896,0.1690429151058197,0.12445630133152008,50539696.0,0.0072805387899279594,1.2331392765045166,0.07903840392827988,0.28113770484924316,0.20005427300930023,30788438.0,0.03891177847981453,9.999999747378752e-05
40,1.1778279542922974,0.02476501651108265,0.16627676784992218,0.12210889160633087,49402480.0,0.0071007926017045975,1.2285348176956177,0.07785367220640182,0.2790227234363556,0.19831334054470062,30824906.0,0.03825349733233452,9.999999747378752e-05
41,1.1736012697219849,0.02396237850189209,0.16360364854335785,0.11984433978796005,48331008.0,0.0069308350794017315,1.2239347696304321,0.07668685913085938,0.27692392468452454,0.1968631148338318,30858708.0,0.037610240280628204,9.999999747378752e-05
42,1.1694021224975586,0.023200180381536484,0.1610221117734909,0.11765975505113602,47313984.0,0.006771535146981478,1.2193433046340942,0.07554119825363159,0.2748475968837738,0.19561800360679626,30893236.0,0.03698393702507019,9.999999747378752e-05
43,1.165229320526123,0.022476835176348686,0.1585313081741333,0.11553937941789627,46321580.0,0.006623197812587023,1.2147631645202637,0.07441874593496323,0.27279800176620483,0.19449017941951752,30930686.0,0.03637576475739479,9.999999747378752e-05
44,1.1610819101333618,0.021790776401758194,0.1561303734779358,0.11350244283676147,45372368.0,0.0064849150367081165,1.210195779800415,0.0733204334974289,0.27077746391296387,0.19336660206317902,30971998.0,0.03578617423772812,9.999999747378752e-05
45,1.1569595336914062,0.021140482276678085,0.15381872653961182,0.11155670881271362,44458180.0,0.0063561443239450455,1.2056432962417603,0.0722474530339241,0.2687888741493225,0.19230005145072937,31018410.0,0.03521578386425972,9.999999747378752e-05
46,1.1528608798980713,0.020524445921182632,0.15159481763839722,0.109675832092762,43567684.0,0.006236018612980843,1.2011085748672485,0.07120208442211151,0.2668371796607971,0.19128333032131195,31071952.0,0.03466581553220749,9.999999747378752e-05
47,1.1487853527069092,0.019941188395023346,0.149457186460495,0.10783553123474121,42698672.0,0.006124440580606461,1.196594476699829,0.07018663734197617,0.26492759585380554,0.19027994573116302,31134760.0,0.0341375395655632,9.999999747378752e-05
48,1.1447322368621826,0.01938931830227375,0.1474042534828186,0.10610023885965347,41884704.0,0.006021352019160986,1.1921032667160034,0.06920301914215088,0.2630646526813507,0.18929237127304077,31208366.0,0.033631931990385056,9.999999747378752e-05
49,1.1407002210617065,0.018867455422878265,0.1454342156648636,0.1044919341802597,41165692.0,0.005924862343817949,1.1876373291015625,0.06825260818004608,0.2612520158290863,0.18832233548164368,31293800.0,0.03314962983131409,9.999999747378752e-05
50,1.1366890668869019,0.018374290317296982,0.14354565739631653,0.10301569104194641,40551924.0,0.005836044903844595,1.1831986904144287,0.06733712553977966,0.25949397683143616,0.18737199902534485,31392240.0,0.03269147500395775,9.999999747378752e-05
51,1.1326980590820312,0.017908498644828796,0.14173659682273865,0.10161663591861725,39974668.0,0.005754844751209021,1.1787899732589722,0.0664585530757904,0.2577955722808838,0.18644411861896515,31505178.0,0.03225843235850334,9.999999747378752e-05
52,1.1287261247634888,0.01746886596083641,0.14000478386878967,0.10027679055929184,39419636.0,0.005681006237864494,1.1744134426116943,0.06561886519193649,0.25616180896759033,0.1855413168668747,31633862.0,0.03185145556926727,9.999999747378752e-05
53,1.1247726678848267,0.017054200172424316,0.13834834098815918,0.09901285171508789,38900944.0,0.005614162422716618,1.1700712442398071,0.0648195669054985,0.25459685921669006,0.18469728529453278,31786516.0,0.03147120401263237,9.999999747378752e-05
54,1.1208373308181763,0.01666332222521305,0.1367650181055069,0.09783515334129333,38401000.0,0.005553859286010265,1.1657655239105225,0.0640621930360794,0.253105103969574,0.18404355645179749,32007322.0,0.031118258833885193,9.999999747378752e-05
55,1.1169190406799316,0.01629512570798397,0.1352524757385254,0.09674800932407379,37943480.0,0.00549958273768425,1.1614981889724731,0.06334828585386276,0.2516908645629883,0.18345680832862854,32281104.0,0.03079318068921566,9.999999747378752e-05
56,1.1130174398422241,0.01594851166009903,0.13380855321884155,0.09570948779582977,37510692.0,0.0054508778266608715,1.1572710275650024,0.06267936527729034,0.2503584623336792,0.18293721973896027,32595060.0,0.030496571213006973,9.999999747378752e-05
57,1.109131932258606,0.015622427687048912,0.13243061304092407,0.09472602605819702,37109580.0,0.0054073394276201725,1.1530858278274536,0.06205661594867706,0.24911165237426758,0.18251362442970276,32947438.0,0.030228780582547188,9.999999747378752e-05
58,1.1052618026733398,0.015315880067646503,0.13111646473407745,0.09379533678293228,36734088.0,0.0053689065389335155,1.148944616317749,0.06148131936788559,0.24795426428318024,0.18214182555675507,33317128.0,0.029990287497639656,9.999999747378752e-05
59,1.1014065742492676,0.015027886256575584,0.12986361980438232,0.09295465797185898,36401108.0,0.0053354185074567795,1.144848108291626,0.060954492539167404,0.2468896359205246,0.18183091282844543,33720172.0,0.029781417921185493,9.999999747378752e-05
60,1.097565770149231,0.01475752517580986,0.12866973876953125,0.092171810567379,36086088.0,0.0053064352832734585,1.1407980918884277,0.060476984828710556,0.24592068791389465,0.181729257106781,34178656.0,0.029602352529764175,9.999999747378752e-05
61,1.0937387943267822,0.014503891579806805,0.12753260135650635,0.0914425477385521,35794516.0,0.005281724035739899,1.1367952823638916,0.06004946306347847,0.24504992365837097,0.1816813349723816,34656380.0,0.029453173279762268,9.999999747378752e-05
62,1.0899252891540527,0.014266123063862324,0.12644949555397034,0.09074858576059341,35516104.0,0.005260910373181105,1.1328412294387817,0.059672534465789795,0.2442796230316162,0.18179728090763092,35148308.0,0.029333986341953278,9.999999747378752e-05
63,1.0861247777938843,0.014043396338820457,0.12541832029819489,0.09009270370006561,35246984.0,0.0052438536658883095,1.1289360523223877,0.059346478432416916,0.24361132085323334,0.18198396265506744,35653276.0,0.029244204983115196,9.999999747378752e-05
64,1.082336664199829,0.013834906741976738,0.12443703413009644,0.0895087793469429,35012636.0,0.005230303853750229,1.1250805854797363,0.059071529656648636,0.2430463582277298,0.18222282826900482,36176764.0,0.02918398007750511,9.999999747378752e-05
65,1.0785608291625977,0.013639886863529682,0.12350299209356308,0.08897127956151962,34807104.0,0.0052200984209775925,1.1212749481201172,0.058847472071647644,0.2425849735736847,0.1825760006904602,36742444.0,0.02915307506918907,9.999999747378752e-05
66,1.0747965574264526,0.013457626104354858,0.12261452525854111,0.08848077058792114,34619332.0,0.005213011987507343,1.1175189018249512,0.05867396295070648,0.24222709238529205,0.18307465314865112,37317272.0,0.029148781672120094,9.999999747378752e-05
67,1.0710437297821045,0.013287393376231194,0.12176934629678726,0.08800775557756424,34436288.0,0.005208764225244522,1.113812804222107,0.05855058506131172,0.24197228252887726,0.1836216151714325,37899636.0,0.029170794412493706,9.999999747378752e-05
68,1.0673019886016846,0.01312853954732418,0.12096532434225082,0.08755391836166382,34260064.0,0.005207153502851725,1.110155701637268,0.05847645923495293,0.24181906878948212,0.18429113924503326,38487608.0,0.029217198491096497,9.999999747378752e-05
69,1.0635709762573242,0.012980420142412186,0.12020067125558853,0.08714762330055237,34111744.0,0.005207966081798077,1.1065468788146973,0.0584506094455719,0.2417656034231186,0.18503668904304504,39079192.0,0.029282068833708763,9.999999747378752e-05
70,1.0598503351211548,0.012842413038015366,0.11947367340326309,0.08677976578474045,33991684.0,0.005211045034229755,1.1029857397079468,0.05847152695059776,0.24180886149406433,0.18581219017505646,39671988.0,0.029371710494160652,9.999999747378752e-05
71,1.0561397075653076,0.01271393895149231,0.11878231912851334,0.08644309639930725,33880756.0,0.005216182675212622,1.0994703769683838,0.05853772908449173,0.24194571375846863,0.18661506474018097,40263740.0,0.029479186981916428,9.999999747378752e-05
72,1.0524390935897827,0.012594427913427353,0.11812493950128555,0.08612556010484695,33784028.0,0.005223213229328394,1.0959997177124023,0.05864740535616875,0.2421722710132599,0.18744231760501862,40851984.0,0.02960360050201416,9.999999747378752e-05
73,1.0487480163574219,0.012483361177146435,0.11750002205371857,0.08582807332277298,33702300.0,0.005231994669884443,1.09257173538208,0.058798372745513916,0.24248376488685608,0.18829043209552765,41434056.0,0.029749108478426933,9.999999747378752e-05
74,1.045066475868225,0.012380222789943218,0.11690579354763031,0.08557112514972687,33640400.0,0.005242360755801201,1.0891844034194946,0.05898841843008995,0.24287530779838562,0.18916049599647522,42007160.0,0.029913702979683876,9.999999747378752e-05
75,1.0413938760757446,0.012284534052014351,0.11634097993373871,0.08533933758735657,33595692.0,0.005254166666418314,1.085835337638855,0.05921486020088196,0.24334104359149933,0.190044566988945,42568484.0,0.03009514883160591,9.999999747378752e-05
76,1.03773033618927,0.012195814400911331,0.11580391973257065,0.08513388782739639,33573092.0,0.005267272237688303,1.0825220346450806,0.059474777430295944,0.24387450516223907,0.19093720614910126,43115088.0,0.030292727053165436,9.999999747378752e-05
77,1.0340756177902222,0.012113639153540134,0.11529336869716644,0.08493978530168533,33557504.0,0.005281572695821524,1.0792415142059326,0.05976517125964165,0.24446916580200195,0.19183406233787537,43643876.0,0.03050013817846775,9.999999747378752e-05
78,1.0304296016693115,0.012037602253258228,0.11480796337127686,0.08475974947214127,33545840.0,0.005296912044286728,1.075990915298462,0.060082774609327316,0.24511787295341492,0.19273023307323456,44151780.0,0.03070926107466221,9.999999747378752e-05
79,1.0267919301986694,0.011967292986810207,0.11434640735387802,0.08460049331188202,33548478.0,0.005313164554536343,1.072766900062561,0.060423947870731354,0.24581283330917358,0.1936211735010147,44635432.0,0.030926408246159554,9.999999747378752e-05
80,1.0231627225875854,0.011902343481779099,0.11390761286020279,0.08447246998548508,33559644.0,0.005330244544893503,1.0695661306381226,0.06078531593084335,0.24654677510261536,0.19458813965320587,45091952.0,0.03114919923245907,9.999999747378752e-05
81,1.0195413827896118,0.011842383071780205,0.11349020898342133,0.0843561440706253,33570172.0,0.005348015110939741,1.0663849115371704,0.06116289272904396,0.2473113238811493,0.19553472101688385,45517776.0,0.031377241015434265,9.999999747378752e-05
82,1.0159285068511963,0.01178709976375103,0.11309342086315155,0.08427662402391434,33593716.0,0.005366386380046606,1.063219428062439,0.06155267357826233,0.24809812009334564,0.19645516574382782,45909876.0,0.03160826116800308,9.999999747378752e-05
83,1.0123234987258911,0.011736152693629265,0.11271598190069199,0.08421348035335541,33620908.0,0.005385256838053465,1.0600665807724,0.06195102259516716,0.24889962375164032,0.19734422862529755,46265156.0,0.031839750707149506,9.999999747378752e-05
84,1.0087265968322754,0.011689264327287674,0.11235686391592026,0.08416330814361572,33652316.0,0.0054045370779931545,1.0569218397140503,0.0623537115752697,0.24970725178718567,0.19819580018520355,46580332.0,0.03206314519047737,9.999999747378752e-05
85,1.005137324333191,0.011646123602986336,0.11201532185077667,0.08411726355552673,33683248.0,0.005424137227237225,1.0537816286087036,0.06275653094053268,0.2505125403404236,0.1990039199590683,46852432.0,0.03228231146931648,9.999999747378752e-05
86,1.0015560388565063,0.011606477200984955,0.11169023811817169,0.08408474177122116,33726164.0,0.00544398557394743,1.0506420135498047,0.06315559148788452,0.25130775570869446,0.19976286590099335,47078344.0,0.03248820826411247,9.999999747378752e-05
87,0.9979822635650635,0.011570067144930363,0.11138080060482025,0.08407343178987503,33788744.0,0.005464001093059778,1.0474992990493774,0.06354686617851257,0.25208503007888794,0.2004668116569519,47255184.0,0.03267504274845123,9.999999747378752e-05
88,0.9944162368774414,0.011536655947566032,0.11108621209859848,0.08406971395015717,33857480.0,0.0054840827360749245,1.0443495512008667,0.06392652541399002,0.2528369426727295,0.20111031830310822,47380372.0,0.03284282609820366,9.999999747378752e-05
89,0.9908578395843506,0.011506016366183758,0.11080555617809296,0.08407626301050186,33934996.0,0.005504250526428223,1.0411896705627441,0.06429087370634079,0.2535564601421356,0.2016940414905548,47451348.0,0.03299478068947792,9.999999747378752e-05
90,0.9873071312904358,0.011477933265268803,0.1105382889509201,0.08408868312835693,34013984.0,0.0055235899053514,1.0380162000656128,0.06463620066642761,0.25423651933670044,0.20223385095596313,47465472.0,0.03313146159052849,9.999999747378752e-05
91,0.9837639331817627,0.011452225036919117,0.11028361320495605,0.08410194516181946,34089840.0,0.005542697850614786,1.034825325012207,0.06495928019285202,0.25487110018730164,0.20276257395744324,47420656.0,0.033251211047172546,9.999999747378752e-05
92,0.9802284240722656,0.011428678408265114,0.1100408062338829,0.08411740511655807,34162576.0,0.00556178530678153,1.0316152572631836,0.06525721400976181,0.2554549276828766,0.20325149595737457,47315020.0,0.033352553844451904,9.999999747378752e-05
93,0.9767004251480103,0.011407140642404556,0.10980924218893051,0.08413559198379517,34233352.0,0.0055802082642912865,1.0283823013305664,0.0655268207192421,0.25598207116127014,0.20365287363529205,47146488.0,0.033421825617551804,9.999999747378752e-05
94,0.9731799960136414,0.011387434788048267,0.10958822071552277,0.08416193723678589,34306716.0,0.005598532035946846,1.0251249074935913,0.06576605141162872,0.2564489245414734,0.2039981633424759,46913940.0,0.03346874192357063,9.999999747378752e-05
95,0.9696671962738037,0.01136940810829401,0.10937726497650146,0.08419321477413177,34379212.0,0.005616721697151661,1.0218405723571777,0.0659724548459053,0.25685104727745056,0.20424841344356537,46615876.0,0.03349347412586212,9.999999747378752e-05
96,0.966161847114563,0.01135291252285242,0.10917575657367706,0.08423040062189102,34452148.0,0.005634731613099575,1.0185283422470093,0.06614451855421066,0.25718575716018677,0.20439991354942322,46251308.0,0.033495403826236725,9.999999747378752e-05
97,0.9626643061637878,0.011337840929627419,0.10898329317569733,0.08426618576049805,34522176.0,0.005652545019984245,1.0151867866516113,0.06628120690584183,0.2574513554573059,0.20445117354393005,45819900.0,0.03347424790263176,9.999999747378752e-05
98,0.9591742157936096,0.011324035003781319,0.10879923403263092,0.08430282026529312,34589020.0,0.005670095328241587,1.0118151903152466,0.0663812980055809,0.25764569640159607,0.20441383123397827,45320892.0,0.03342816233634949,9.999999747378752e-05
99,0.955691933631897,0.011311395093798637,0.10862316191196442,0.08433842658996582,34652920.0,0.005687347147613764,1.008413314819336,0.06644454598426819,0.2577683925628662,0.2042970359325409,44754572.0,0.03334762901067734,9.999999747378752e-05
100,0.952217161655426,0.011299805715680122,0.10845454037189484,0.08437495678663254,34713772.0,0.005704278592020273,1.004981279373169,0.06647088378667831,0.2578194737434387,0.2040855586528778,44120932.0,0.03324442729353905,9.999999747378752e-05
101,0.9487503170967102,0.011289164423942566,0.10829305648803711,0.0844094306230545,34771864.0,0.00572085240855813,1.0015196800231934,0.06646072864532471,0.25779977440834045,0.20379292964935303,43420788.0,0.033113040030002594,9.999999747378752e-05
102,0.9452911615371704,0.011279375292360783,0.10813818871974945,0.08444881439208984,34827224.0,0.005737059749662876,0.9980294704437256,0.06641488522291183,0.25771084427833557,0.20339643955230713,42654816.0,0.03295515477657318,9.999999747378752e-05
103,0.941839873790741,0.011270366609096527,0.10798978805541992,0.08448897302150726,34879812.0,0.005752882454544306,0.9945119023323059,0.06633464992046356,0.25755512714385986,0.2028978019952774,41824256.0,0.032777778804302216,9.999999747378752e-05
104,0.9383964538574219,0.011262048967182636,0.10784721374511719,0.08452901244163513,34929808.0,0.005768286995589733,0.9909690022468567,0.06622182577848434,0.2573360204696655,0.20229913294315338,40930800.0,0.03258240967988968,9.999999747378752e-05
105,0.9349609017372131,0.011254333890974522,0.10771016031503677,0.08456647396087646,34977268.0,0.005783275701105595,0.9874029755592346,0.0660785511136055,0.2570574879646301,0.20160315930843353,39976080.0,0.03237063065171242,9.999999747378752e-05
106,0.9315332174301147,0.011247172020375729,0.10757851600646973,0.08460580557584763,35022212.0,0.005797828547656536,0.9838160276412964,0.06590677052736282,0.2567231357097626,0.20082123577594757,38962240.0,0.032144077122211456,9.999999747378752e-05
107,0.9281137585639954,0.011240494437515736,0.10745177417993546,0.0846436619758606,35064924.0,0.005811912007629871,0.9802110195159912,0.06570933014154434,0.25633829832077026,0.19998601078987122,37891644.0,0.03190477192401886,9.999999747378752e-05
108,0.9247022271156311,0.011234228499233723,0.10732971131801605,0.08468051254749298,35107288.0,0.005825547501444817,0.9765907526016235,0.06548894941806793,0.2559081017971039,0.19906498491764069,36766844.0,0.03165473788976669,9.999999747378752e-05
109,0.9212988615036011,0.011228338815271854,0.10721208900213242,0.08471445739269257,35147284.0,0.005838718730956316,0.9729586243629456,0.06524889171123505,0.2554386258125305,0.198062464594841,35590808.0,0.03139624744653702,9.999999747378752e-05
110,0.9179036617279053,0.01122276484966278,0.10709855705499649,0.08474702388048172,35185164.0,0.005851442925632,0.9693183898925781,0.06499271094799042,0.25493669509887695,0.19700559973716736,34366688.0,0.03113171085715294,9.999999747378752e-05
111,0.9145165681838989,0.011217459104955196,0.10698900371789932,0.08477874845266342,35220804.0,0.0058636837638914585,0.9656728506088257,0.0647231712937355,0.25440749526023865,0.19589492678642273,33097354.0,0.030863186344504356,9.999999747378752e-05
112,0.9111380577087402,0.011212393641471863,0.10688312351703644,0.08480890840291977,35254424.0,0.005875444505363703,0.9620256423950195,0.06444390118122101,0.2538580298423767,0.1947174072265625,31786332.0,0.0305931493639946,9.999999747378752e-05
113,0.9077677130699158,0.011207520961761475,0.10678061097860336,0.08483723551034927,35285960.0,0.005886735860258341,0.9583805799484253,0.06415848433971405,0.25329524278640747,0.1934790462255478,30437564.0,0.030324021354317665,9.999999747378752e-05
114,0.9044058918952942,0.01120280846953392,0.10668160766363144,0.08486513793468475,35316040.0,0.005897569935768843,0.9547408223152161,0.06387005001306534,0.2527252435684204,0.19219176471233368,29054420.0,0.03005799651145935,9.999999747378752e-05
115,0.9010525345802307,0.011198220774531364,0.10658564418554306,0.08489514887332916,35347232.0,0.0059079257771372795,0.9511100649833679,0.06358237564563751,0.25215545296669006,0.1909162402153015,27640598.0,0.029796088114380836,9.999999747378752e-05
116,0.8977076411247253,0.011193729005753994,0.1064925342798233,0.08492543548345566,35376856.0,0.005917829927057028,0.9474917650222778,0.06329842656850815,0.2515917718410492,0.18961688876152039,26200062.0,0.0295418631285429,9.999999747378752e-05
117,0.894371509552002,0.011189320124685764,0.10640215873718262,0.08495335280895233,35404552.0,0.0059272670187056065,0.943888783454895,0.06302130967378616,0.2510404586791992,0.18832118809223175,24736628.0,0.029297685250639915,9.999999747378752e-05
118,0.8910437822341919,0.011184959672391415,0.10631433874368668,0.08498074859380722,35430408.0,0.005936250556260347,0.9403042197227478,0.06275387853384018,0.2505072355270386,0.1869923174381256,23254186.0,0.029065435752272606,9.999999747378752e-05
119,0.8877249956130981,0.011180619709193707,0.10622896999120712,0.08500820398330688,35454516.0,0.005944776814430952,0.9367409348487854,0.06249897554516792,0.24999794363975525,0.18563570082187653,21756436.0,0.02884690649807453,9.999999747378752e-05
120,0.8844149708747864,0.011176297441124916,0.10614607483148575,0.0850331112742424,35476932.0,0.005952890496701002,0.9332011938095093,0.06225880607962608,0.24951714277267456,0.18428948521614075,20261792.0,0.028643565252423286,9.999999747378752e-05
121,0.8811138272285461,0.011171978898346424,0.10606517642736435,0.08505559712648392,35497612.0,0.005960555747151375,0.9296873807907104,0.062035635113716125,0.24906954169273376,0.18295525014400482,18777324.0,0.02845669351518154,9.999999747378752e-05
122,0.8778215050697327,0.011167631484568119,0.10598651319742203,0.08507572114467621,35516720.0,0.0059677716344594955,0.9262018799781799,0.06183164566755295,0.24865970015525818,0.1816190481185913,17290472.0,0.02828761376440525,9.999999747378752e-05
123,0.8745383024215698,0.011163249611854553,0.10590968281030655,0.08509448170661926,35534404.0,0.0059746140614151955,0.9227458834648132,0.061648305505514145,0.2482907623052597,0.1804250180721283,15940990.0,0.028137022629380226,9.999999747378752e-05
124,0.8712640404701233,0.011158834211528301,0.10583476722240448,0.08511187136173248,35550428.0,0.005981022492051125,0.9193207025527954,0.06148667261004448,0.24796506762504578,0.17974281311035156,15061512.0,0.02800288237631321,9.999999747378752e-05
125,0.8679988980293274,0.011154359206557274,0.1057615727186203,0.08512713760137558,35565036.0,0.005987017881125212,0.9159282445907593,0.06134843826293945,0.24768616259098053,0.17928437888622284,14390615.0,0.02788381837308407,9.999999747378752e-05
126,0.8647428750991821,0.011149835772812366,0.10569018125534058,0.08514026552438736,35578372.0,0.005992648657411337,0.9125691056251526,0.061234213411808014,0.24745547771453857,0.1789882481098175,13886447.0,0.027776574715971947,9.999999747378752e-05
127,0.8614961504936218,0.011145232245326042,0.10562022030353546,0.08515138179063797,35590360.0,0.005997891537845135,0.9092434644699097,0.06114436313509941,0.24727386236190796,0.17883780598640442,13531368.0,0.027681879699230194,9.999999747378752e-05
128,0.8582586050033569,0.011140555143356323,0.10555180162191391,0.08516620099544525,35601024.0,0.0060027530416846275,0.9059522747993469,0.06107939034700394,0.24714244902133942,0.17888157069683075,13365646.0,0.02759740687906742,9.999999747378752e-05
129,0.8550304174423218,0.011135807260870934,0.10548485815525055,0.08518315106630325,35611432.0,0.0060072606429457664,0.9026954770088196,0.061039384454488754,0.24706150591373444,0.17903418838977814,13293695.0,0.02752252109348774,9.999999747378752e-05
130,0.8518116474151611,0.011130963452160358,0.10541917383670807,0.08519946783781052,35620936.0,0.006011390592902899,0.8994724750518799,0.0610237754881382,0.24702991545200348,0.17933741211891174,13374083.0,0.027459021657705307,9.999999747378752e-05
131,0.8486023545265198,0.011126035824418068,0.10535477101802826,0.08521370589733124,35629332.0,0.00601520761847496,0.8962838649749756,0.0610329732298851,0.2470485270023346,0.1798265427350998,13640776.0,0.02740628831088543,9.999999747378752e-05
132,0.8454024791717529,0.011121029034256935,0.1052916869521141,0.08522636443376541,35636604.0,0.006018700543791056,0.8931288719177246,0.061065975576639175,0.24711531400680542,0.1803850382566452,13976948.0,0.027363495901226997,9.999999747378752e-05
133,0.8422122001647949,0.011115925386548042,0.10522975027561188,0.0852375477552414,35642660.0,0.006021835841238499,0.8900063633918762,0.06112205237150192,0.247228741645813,0.1810353845357895,14404855.0,0.027330202981829643,9.999999747378752e-05
134,0.839031457901001,0.01111073512583971,0.1051688939332962,0.08524789661169052,35647788.0,0.006024658679962158,0.8869161605834961,0.06120069697499275,0.24738775193691254,0.18180175125598907,14947957.0,0.02730586938560009,9.999999747378752e-05
135,0.8358603715896606,0.011105441488325596,0.10510911792516708,0.08525635302066803,35652048.0,0.006027196068316698,0.8838571310043335,0.06130056828260422,0.24758951365947723,0.1826169192790985,15539259.0,0.027289733290672302,9.999999747378752e-05
136,0.8326990008354187,0.011100079864263535,0.10505037009716034,0.08526332676410675,35655388.0,0.006029430776834488,0.8808282017707825,0.06142077594995499,0.24783214926719666,0.1835104376077652,16197446.0,0.027281315997242928,9.999999747378752e-05
137,0.8295473456382751,0.011094614863395691,0.10499262809753418,0.08526881039142609,35658132.0,0.006031382363289595,0.8778281807899475,0.061560165137052536,0.248113214969635,0.1845143884420395,16954126.0,0.027280034497380257,9.999999747378752e-05
138,0.8264054656028748,0.011089053936302662,0.10493580251932144,0.08527369797229767,35659932.0,0.006033061072230339,0.8748559355735779,0.06171734631061554,0.24842976033687592,0.18566054105758667,17852192.0,0.027284855023026466,9.999999747378752e-05
139,0.8232734203338623,0.011083424091339111,0.10487993061542511,0.0852774977684021,35660920.0,0.006034476216882467,0.8719107508659363,0.06189147010445595,0.24877996742725372,0.18703143298625946,18973894.0,0.027294864878058434,9.999999747378752e-05
140,0.8201512098312378,0.011077698320150375,0.10482480376958847,0.08527978509664536,35661204.0,0.0060356417670845985,0.8689905405044556,0.062080856412649155,0.2491603046655655,0.18853577971458435,20228370.0,0.02730809897184372,9.999999747378752e-05
141,0.8170390129089355,0.011071892455220222,0.10477061569690704,0.08528062701225281,35660680.0,0.006036565639078617,0.866094708442688,0.062284525483846664,0.24956868588924408,0.19005772471427917,21499438.0,0.02732219360768795,9.999999747378752e-05
142,0.8139366507530212,0.011065996252000332,0.10471713542938232,0.0852811262011528,35660440.0,0.0060372320003807545,0.8632218837738037,0.06250105798244476,0.2500021159648895,0.19154609739780426,22736310.0,0.027339404448866844,9.999999747378752e-05
143,0.8108444213867188,0.011060038581490517,0.10466454178094864,0.08528067916631699,35659984.0,0.006037707906216383,0.8603705167770386,0.06272910535335541,0.2504577934741974,0.1930009126663208,23939312.0,0.027359450235962868,9.999999747378752e-05
144,0.8077620267868042,0.011053986847400665,0.10461264848709106,0.08527881652116776,35658620.0,0.006037947256118059,0.8575397729873657,0.06296751648187637,0.25093328952789307,0.19442346692085266,25108570.0,0.0273816529661417,9.999999747378752e-05
145,0.8046898245811462,0.011047870852053165,0.10456132888793945,0.08527583628892899,35656796.0,0.006037973798811436,0.8547283411026001,0.06321507692337036,0.251426100730896,0.1958240121603012,26243680.0,0.02740548364818096,9.999999747378752e-05
146,0.8016276359558105,0.011041691526770592,0.10451094806194305,0.08527196198701859,35654624.0,0.006037814076989889,0.8519343733787537,0.06347014009952545,0.2519327998161316,0.19718945026397705,27344688.0,0.02743123285472393,9.999999747378752e-05
147,0.7985756993293762,0.011035440489649773,0.10446107387542725,0.08526837825775146,35652768.0,0.006037459243088961,0.8491579294204712,0.06373221427202225,0.25245240330696106,0.19852127134799957,28412744.0,0.027458876371383667,9.999999747378752e-05
148,0.7955338954925537,0.011029127985239029,0.10441188514232635,0.08526494354009628,35650412.0,0.006036912091076374,0.8463972806930542,0.06399990618228912,0.2529820203781128,0.19982650876045227,29447772.0,0.027488097548484802,9.999999747378752e-05
149,0.792502224445343,0.011022750288248062,0.1043633222579956,0.08526073396205902,35647460.0,0.006036192644387484,0.8436515927314758,0.06427235156297684,0.2535199224948883,0.2011001855134964,30449836.0,0.027518803253769875,9.999999747378752e-05
150,0.7894808053970337,0.011016313917934895,0.1043153777718544,0.08525539934635162,35643980.0,0.006035314407199621,0.8409196734428406,0.06454820185899734,0.25406336784362793,0.20233963429927826,31420070.0,0.027550626546144485,9.999999747378752e-05
151,0.7864696979522705,0.011009830981492996,0.10426811873912811,0.08524908870458603,35640028.0,0.006034279242157936,0.8382008075714111,0.06482680141925812,0.254611074924469,0.20354540646076202,32358628.0,0.027583476155996323,9.999999747378752e-05
152,0.7834688425064087,0.011003301478922367,0.10422126948833466,0.08524183928966522,35635504.0,0.0060330661945044994,0.8354941606521606,0.06510722637176514,0.2551611661911011,0.20471808314323425,33266574.0,0.027617141604423523,9.999999747378752e-05
153,0.780478298664093,0.010996720753610134,0.10417511314153671,0.08523392677307129,35630760.0,0.006031740456819534,0.8327988386154175,0.06538867950439453,0.25571209192276,0.20585741102695465,34143824.0,0.02765151485800743,9.999999747378752e-05
154,0.7774981260299683,0.010990091599524021,0.10412941873073578,0.08522594720125198,35625332.0,0.006030258722603321,0.8301138877868652,0.06567015498876572,0.2562618851661682,0.20696431398391724,34991820.0,0.027686286717653275,9.999999747378752e-05
155,0.7745281457901001,0.010983430780470371,0.10408437252044678,0.08521754294633865,35619648.0,0.006028641015291214,0.8274394273757935,0.06595165282487869,0.2568105459213257,0.20803964138031006,35810672.0,0.027721576392650604,9.999999747378752e-05
156,0.771568775177002,0.010976730845868587,0.1040397435426712,0.0852082148194313,35613592.0,0.006026905961334705,0.8247743248939514,0.06623193621635437,0.257355660200119,0.20908373594284058,36601832.0,0.02775700017809868,9.999999747378752e-05
157,0.76861971616745,0.010969990864396095,0.10399562120437622,0.08519808948040009,35607036.0,0.006025031208992004,0.8221177458763123,0.06651048362255096,0.2578962743282318,0.21009692549705505,37365748.0,0.02779245935380459,9.999999747378752e-05
158,0.7656810879707336,0.010963235050439835,0.1039520725607872,0.08518730103969574,35600324.0,0.006023065652698278,0.819469690322876,0.0667869821190834,0.2584317624568939,0.2110796421766281,38102548.0,0.027827978134155273,9.999999747378752e-05
159,0.7627528309822083,0.010956441052258015,0.10390903055667877,0.08517561107873917,35593096.0,0.006020986475050449,0.8168296813964844,0.06706108152866364,0.25896155834198,0.21203355491161346,38814264.0,0.02786334790289402,9.999999747378752e-05
160,0.7598351836204529,0.010949625633656979,0.10386636108160019,0.08516331017017365,35585652.0,0.006018802057951689,0.8141971826553345,0.0673321858048439,0.2594844698905945,0.21295848488807678,39500772.0,0.027898527681827545,9.999999747378752e-05
161,0.7569278478622437,0.010942784138023853,0.1038241758942604,0.08515028655529022,35577912.0,0.00601651705801487,0.8115716576576233,0.06759978085756302,0.2599995732307434,0.21385487914085388,40162828.0,0.027933359146118164,9.999999747378752e-05
162,0.7540311217308044,0.010935930535197258,0.10378247499465942,0.08513671904802322,35569832.0,0.006014133337885141,0.808953046798706,0.06786375492811203,0.2605067193508148,0.21472400426864624,40801784.0,0.027967780828475952,9.999999747378752e-05
163,0.7511448860168457,0.010929062031209469,0.10374120622873306,0.08512253314256668,35561612.0,0.006011673249304295,0.8063409328460693,0.06812375783920288,0.2610052824020386,0.21556608378887177,41417860.0,0.02800174243748188,9.999999747378752e-05
164,0.7482690811157227,0.01092217955738306,0.10370047390460968,0.08510767668485641,35552956.0,0.006009128876030445,0.8037351369857788,0.06837942451238632,0.26149460673332214,0.21638216078281403,42012352.0,0.028035098686814308,9.999999747378752e-05
165,0.7454038858413696,0.010915280319750309,0.10366000235080719,0.08509239554405212,35544320.0,0.006006503012031317,0.8011358976364136,0.06863117963075638,0.2619755268096924,0.21717311441898346,42585276.0,0.02806807868182659,9.999999747378752e-05
166,0.7425493001937866,0.010908386670053005,0.10362012684345245,0.08507642149925232,35535324.0,0.006003828253597021,0.7985423803329468,0.06887811422348022,0.26244640350341797,0.21793915331363678,43138040.0,0.02810034155845642,9.999999747378752e-05
167,0.7397051453590393,0.01090148463845253,0.1035805344581604,0.08506087213754654,35526832.0,0.006001054309308529,0.7959549427032471,0.06912045925855637,0.2629077136516571,0.21868152916431427,43671420.0,0.028131922706961632,9.999999747378752e-05
168,0.736871600151062,0.01089457143098116,0.10354145616292953,0.08504820615053177,35518900.0,0.005998207256197929,0.7933731079101562,0.06935787200927734,0.26335883140563965,0.21939994394779205,44185340.0,0.02816280722618103,9.999999747378752e-05
169,0.7340486645698547,0.010887674987316132,0.1035027727484703,0.08503518998622894,35510828.0,0.0059953248128294945,0.7907968163490295,0.0695902556180954,0.26379963755607605,0.22009557485580444,44681020.0,0.028192926198244095,9.999999747378752e-05
170,0.7312362790107727,0.010880770161747932,0.10346443951129913,0.08502165973186493,35502484.0,0.005992255639284849,0.7882266044616699,0.06981820613145828,0.2642313539981842,0.22077037394046783,45159764.0,0.028222398832440376,9.999999747378752e-05
171,0.7284345030784607,0.010873871855437756,0.1034265011548996,0.08500770479440689,35493920.0,0.005989115219563246,0.7856618762016296,0.0700409859418869,0.2646525800228119,0.22142338752746582,45621124.0,0.028251055628061295,9.999999747378752e-05
172,0.7256432175636292,0.010866975411772728,0.10338892787694931,0.08499335497617722,35485412.0,0.00598596315830946,0.7831025123596191,0.07025856524705887,0.2650633156299591,0.2220553457736969,46066144.0,0.028278881683945656,9.999999747378752e-05
173,0.722862720489502,0.010860093869268894,0.10335168987512589,0.08497852832078934,35476544.0,0.005982761271297932,0.7805488705635071,0.07047133892774582,0.2654643952846527,0.2226678431034088,46495796.0,0.028305962681770325,9.999999747378752e-05
174,0.7200926542282104,0.010853228159248829,0.10331498086452484,0.08496345579624176,35467716.0,0.005979514680802822,0.7780007719993591,0.0706789568066597,0.2658551335334778,0.2232605516910553,46910116.0,0.028332194313406944,9.999999747378752e-05
175,0.7173333764076233,0.010846368037164211,0.10327853262424469,0.08494789153337479,35458628.0,0.0059762378223240376,0.7754585146903992,0.07088182866573334,0.26623642444610596,0.22383488714694977,47310032.0,0.02835768088698387,9.999999747378752e-05
176,0.7145845293998718,0.010839524678885937,0.10324249416589737,0.08493247628211975,35449904.0,0.005972936283797026,0.7729218602180481,0.07107973843812943,0.2666078507900238,0.2243911176919937,47696128.0,0.02838236466050148,9.999999747378752e-05
177,0.7118463516235352,0.010832699947059155,0.10320685058832169,0.08491700142621994,35441280.0,0.005969590041786432,0.7703908681869507,0.07127273827791214,0.2669695317745209,0.2249295562505722,48068460.0,0.028406236320734024,9.999999747378752e-05
178,0.7091187834739685,0.010825889185070992,0.10317142307758331,0.08490126579999924,35432692.0,0.005966233089566231,0.7678655385971069,0.07146082818508148,0.2673215866088867,0.22545096278190613,48428152.0,0.028429275378584862,9.999999747378752e-05
179,0.7064018249511719,0.010819104500114918,0.10313640534877777,0.08488521724939346,35423892.0,0.0059628416784107685,0.7653458714485168,0.07164400070905685,0.26766395568847656,0.22595591843128204,48775636.0,0.028451453894376755,9.999999747378752e-05
180,0.7036954164505005,0.01081233099102974,0.10310180485248566,0.0848693698644638,35415548.0,0.005959429312497377,0.7628327012062073,0.07182303071022034,0.26799818873405457,0.22644568979740143,49111144.0,0.028473014011979103,9.999999747378752e-05
181,0.7009996175765991,0.010805586352944374,0.10306748002767563,0.0848531424999237,35407064.0,0.005956011358648539,0.7603251338005066,0.07199710607528687,0.26832276582717896,0.2269197255373001,49435236.0,0.028493715450167656,9.999999747378752e-05
182,0.6983144879341125,0.010798866860568523,0.10303352028131485,0.08483672887086868,35398424.0,0.005952564533799887,0.7578235268592834,0.07216658443212509,0.26863840222358704,0.2273789346218109,49748568.0,0.0285135880112648,9.999999747378752e-05
183,0.6956398487091064,0.01079216692596674,0.10299986600875854,0.08482005447149277,35389744.0,0.005949090234935284,0.7553284168243408,0.0723319798707962,0.2689460515975952,0.22782419621944427,50051084.0,0.028532829135656357,9.999999747378752e-05
184,0.6929759383201599,0.010785493068397045,0.1029665619134903,0.08480307459831238,35381080.0,0.005945646204054356,0.7528390884399414,0.07249268144369125,0.26924464106559753,0.22825509309768677,50343440.0,0.028551265597343445,9.999999747378752e-05
185,0.6903225183486938,0.010778849944472313,0.10293354839086533,0.08478590101003647,35372080.0,0.005942140240222216,0.7503563761711121,0.07264930754899979,0.2695353627204895,0.22867336869239807,50626728.0,0.02856895513832569,9.999999747378752e-05
186,0.6876797676086426,0.010772236622869968,0.10290087759494781,0.08476952463388443,35364204.0,0.005938649643212557,0.7478799819946289,0.07280178368091583,0.2698180675506592,0.2290780246257782,50899548.0,0.028586044907569885,9.999999747378752e-05
187,0.6850475072860718,0.010765655897557735,0.10286861658096313,0.08475280553102493,35356220.0,0.0059351734817028046,0.7454098463058472,0.07294993102550507,0.2700924575328827,0.22947055101394653,51164384.0,0.028602277860045433,9.999999747378752e-05
188,0.682425856590271,0.010759097523987293,0.10283643007278442,0.08473596721887589,35347936.0,0.005931638181209564,0.7429463863372803,0.07309433072805405,0.2703596353530884,0.22985132038593292,51420448.0,0.02861788682639599,9.999999747378752e-05
189,0.6798146963119507,0.010752576403319836,0.1028047651052475,0.08471895009279251,35339900.0,0.005928147584199905,0.7404897212982178,0.07323490083217621,0.2706194818019867,0.23022016882896423,51667768.0,0.02863289974629879,9.999999747378752e-05
190,0.6772140860557556,0.010746084153652191,0.10277335345745087,0.08470191806554794,35331660.0,0.005924638826400042,0.7380393743515015,0.07337135821580887,0.27087149024009705,0.2305774688720703,51907240.0,0.028647148981690407,9.999999747378752e-05
191,0.6746241450309753,0.010739626362919807,0.10274219512939453,0.08468566834926605,35324280.0,0.005921125877648592,0.7355962991714478,0.0735045000910759,0.27111712098121643,0.2309248149394989,52139588.0,0.02866082452237606,9.999999747378752e-05
192,0.672044575214386,0.010733203962445259,0.10271134227514267,0.08466927707195282,35316908.0,0.0059176101349294186,0.7331594824790955,0.07363347709178925,0.27135488390922546,0.2312605232000351,52363920.0,0.028673794120550156,9.999999747378752e-05
193,0.6694755554199219,0.010726814158260822,0.10268092155456543,0.08465278893709183,35309520.0,0.005914107896387577,0.7307301759719849,0.07375951111316681,0.2715870141983032,0.23158711194992065,52581540.0,0.02868627943098545,9.999999747378752e-05
194,0.6669171452522278,0.010720459744334221,0.10265064239501953,0.08463624864816666,35302052.0,0.005910591688007116,0.7283072471618652,0.07388143241405487,0.2718113958835602,0.23190270364284515,52791976.0,0.02869800105690956,9.999999747378752e-05
195,0.6643691062927246,0.010714142583310604,0.10262070596218109,0.08461976796388626,35294540.0,0.005907089449465275,0.7258919477462769,0.07400047034025192,0.2720302641391754,0.23220975697040558,52996228.0,0.028709258884191513,9.999999747378752e-05
196,0.6618316173553467,0.010707860812544823,0.10259103775024414,0.08460317552089691,35287048.0,0.005903575103729963,0.7234835624694824,0.074116051197052,0.27224263548851013,0.2325071394443512,53193792.0,0.028719928115606308,9.999999747378752e-05
197,0.6593046188354492,0.010701618157327175,0.10256172716617584,0.08458659052848816,35279596.0,0.0059000770561397076,0.721082329750061,0.07422833889722824,0.2724487781524658,0.2327958196401596,53385664.0,0.028729964047670364,9.999999747378752e-05
198,0.6567879319190979,0.010695405304431915,0.10253254324197769,0.08457001298666,35272296.0,0.005896578077226877,0.7186883687973022,0.07433758676052094,0.27264919877052307,0.23307563364505768,53571348.0,0.02873951382935047,9.999999747378752e-05
199,0.6542818546295166,0.01068922970443964,0.10250373184680939,0.08455321937799454,35264932.0,0.005893101915717125,0.7163015604019165,0.0744435265660286,0.2728434205055237,0.23334696888923645,53751544.0,0.02874847687780857,9.999999747378752e-05
200,0.6517861485481262,0.010683106258511543,0.10247524827718735,0.08453651517629623,35257440.0,0.005889606196433306,0.7139226198196411,0.0745469257235527,0.2730328142642975,0.23361094295978546,53926384.0,0.028757013380527496,9.999999747378752e-05
201,0.6493008136749268,0.010677006095647812,0.10244695842266083,0.08451966196298599,35250224.0,0.00588615145534277,0.711550772190094,0.07464709132909775,0.273216187953949,0.23386648297309875,54095892.0,0.02876497432589531,9.999999747378752e-05
202,0.6468258500099182,0.010670953430235386,0.10241895914077759,0.08450272679328918,35242696.0,0.005882683210074902,0.709186315536499,0.0747443363070488,0.2733941078186035,0.2341143637895584,54260416.0,0.02877240814268589,9.999999747378752e-05
203,0.6443613171577454,0.010664931498467922,0.10239114612340927,0.08448579162359238,35235500.0,0.005879256408661604,0.7068299055099487,0.07483916729688644,0.27356746792793274,0.23435521125793457,54419816.0,0.028779493644833565,9.999999747378752e-05
204,0.6419072151184082,0.010658955201506615,0.10236362367868423,0.08446872234344482,35227956.0,0.005875797476619482,0.704480767250061,0.07493111491203308,0.27373549342155457,0.234589084982872,54574924.0,0.028786009177565575,9.999999747378752e-05
205,0.6394633650779724,0.010653014294803143,0.10233656316995621,0.08445174992084503,35220684.0,0.005872379522770643,0.7021394968032837,0.07502051442861557,0.273898720741272,0.23481565713882446,54725028.0,0.028792142868041992,9.999999747378752e-05
206,0.6370298266410828,0.010647115297615528,0.10230953991413116,0.08443456888198853,35213272.0,0.005868977401405573,0.6998053193092346,0.07510679215192795,0.27405619621276855,0.23503521084785461,54871172.0,0.02879759855568409,9.999999747378752e-05
207,0.634606659412384,0.010641252622008324,0.1022827997803688,0.08441751450300217,35205824.0,0.0058655464090406895,0.6974793672561646,0.07519106566905975,0.2742098867893219,0.23524855077266693,55012640.0,0.02880282886326313,9.999999747378752e-05
208,0.6321937441825867,0.010635431855916977,0.10225633531808853,0.08440033346414566,35198756.0,0.005862201564013958,0.6951609253883362,0.07527262717485428,0.2743585705757141,0.23545537889003754,55150176.0,0.028807569295167923,9.999999747378752e-05
209,0.6297910213470459,0.010629658587276936,0.10223010927438736,0.08438316732645035,35191192.0,0.005858795251697302,0.6928502917289734,0.07535186409950256,0.2745029330253601,0.23565642535686493,55284080.0,0.028811849653720856,9.999999747378752e-05
210,0.6273987293243408,0.010623916983604431,0.10220418870449066,0.0843660980463028,35184260.0,0.005855471361428499,0.6905478835105896,0.07542885839939117,0.2746431529521942,0.23585113883018494,55413656.0,0.028815846890211105,9.999999747378752e-05
211,0.625016450881958,0.010618220083415508,0.10217847675085068,0.08434999734163284,35176796.0,0.005852115340530872,0.6882526278495789,0.07550306618213654,0.27477821707725525,0.2360398769378662,55539896.0,0.02881922386586666,9.999999747378752e-05
212,0.6226445436477661,0.010612557642161846,0.1021530032157898,0.08433549851179123,35169580.0,0.005848788656294346,0.6859661340713501,0.07557577639818192,0.27491047978401184,0.23622354865074158,55662184.0,0.02882247604429722,9.999999747378752e-05
213,0.620282769203186,0.010606939904391766,0.10212771594524384,0.08432083576917648,35162436.0,0.005845481995493174,0.6836866140365601,0.0756453424692154,0.2750369906425476,0.2364005446434021,55781032.0,0.02882394939661026,9.999999747378752e-05
214,0.6179311871528625,0.010601358488202095,0.10210271179676056,0.0843062475323677,35155360.0,0.0058422028087079525,0.6814155578613281,0.07571330666542053,0.2751605212688446,0.23657305538654327,55896732.0,0.028824754059314728,9.999999747378752e-05
215,0.6155896186828613,0.010595819912850857,0.10207804292440414,0.08429159224033356,35148124.0,0.005838900338858366,0.6791523098945618,0.07577889412641525,0.2752796709537506,0.2367398589849472,56009012.0,0.02882513217628002,9.999999747378752e-05
216,0.613258421421051,0.010590323247015476,0.10205341875553131,0.0842769667506218,35141148.0,0.0058356598019599915,0.6768969893455505,0.07584245502948761,0.27539509534835815,0.2369016706943512,56118232.0,0.028825238347053528,9.999999747378752e-05
217,0.6109371781349182,0.01058486569672823,0.10202918201684952,0.08426223695278168,35133964.0,0.005832409951835871,0.6746496558189392,0.07590392231941223,0.2755066752433777,0.23705846071243286,56224260.0,0.028825031593441963,9.999999747378752e-05
218,0.6086260080337524,0.010579443536698818,0.10200504958629608,0.0842476412653923,35127096.0,0.005829187110066414,0.6724104881286621,0.07596346735954285,0.2756147086620331,0.23721039295196533,56327268.0,0.028824521228671074,9.999999747378752e-05
219,0.6063249111175537,0.010574066080152988,0.10198123753070831,0.08423297107219696,35120128.0,0.005825982429087162,0.6701790690422058,0.07602081447839737,0.27571871876716614,0.23735745251178741,56427616.0,0.028823649510741234,9.999999747378752e-05
220,0.6040337681770325,0.01056872308254242,0.10195760428905487,0.08421831578016281,35113124.0,0.0058227768167853355,0.6679556369781494,0.0760762169957161,0.27581918239593506,0.23749957978725433,56524648.0,0.028822509571909904,9.999999747378752e-05
221,0.601752758026123,0.010563426651060581,0.10193421691656113,0.08420363813638687,35106300.0,0.005819625221192837,0.6657403707504272,0.07612971216440201,0.27591612935066223,0.23763731122016907,56619348.0,0.028821032494306564,9.999999747378752e-05
222,0.5994817614555359,0.01055817399173975,0.10191100835800171,0.08418913185596466,35099504.0,0.005816462449729443,0.663533091545105,0.0761813297867775,0.2760096490383148,0.23777051270008087,56711056.0,0.028819328173995018,9.999999747378752e-05
223,0.5972205400466919,0.010552944615483284,0.1018880158662796,0.08417482674121857,35093036.0,0.005813320633023977,0.6613341569900513,0.07623140513896942,0.27610036730766296,0.23789997398853302,56800528.0,0.028817372396588326,9.999999747378752e-05
224,0.5949693918228149,0.010547760874032974,0.1018652692437172,0.0841604620218277,35086608.0,0.005810203962028027,0.6591428518295288,0.0762791559100151,0.27618682384490967,0.23802417516708374,56887164.0,0.02881503663957119,9.999999747378752e-05
225,0.5927281975746155,0.010542620904743671,0.10184268653392792,0.08414612710475922,35080108.0,0.005807109177112579,0.6569596529006958,0.07632528990507126,0.27627032995224,0.23814477026462555,56971480.0,0.028812475502490997,9.999999747378752e-05
226,0.5904967188835144,0.010537514463067055,0.10182034969329834,0.08413190394639969,35073768.0,0.005804021842777729,0.6547845602035522,0.07636965066194534,0.27635058760643005,0.23826096951961517,57053328.0,0.028809627518057823,9.999999747378752e-05
227,0.5882753133773804,0.010532451793551445,0.10179825127124786,0.08411768823862076,35067544.0,0.0058009740896523,0.6526172757148743,0.07641194015741348,0.27642709016799927,0.23837251961231232,57132364.0,0.02880651317536831,9.999999747378752e-05
228,0.5860635638237,0.010527429170906544,0.10177633911371231,0.08410344272851944,35061124.0,0.005797923542559147,0.6504583358764648,0.07645293325185776,0.27650123834609985,0.23848110437393188,57209596.0,0.028803158551454544,9.999999747378752e-05
229,0.5838617086410522,0.010522439144551754,0.10175460577011108,0.08408929407596588,35054932.0,0.005794893950223923,0.6483073234558105,0.07649201154708862,0.2765718996524811,0.23858535289764404,57284472.0,0.028799522668123245,9.999999747378752e-05
230,0.5816695690155029,0.010517493821680546,0.10173306614160538,0.08407514542341232,35048680.0,0.005791893694549799,0.6461644172668457,0.07652941346168518,0.27663949131965637,0.23868580162525177,57357188.0,0.028795629739761353,9.999999747378752e-05
231,0.5794872641563416,0.010512578301131725,0.10171172767877579,0.08406095206737518,35042616.0,0.005788929294794798,0.6440294981002808,0.07656525075435638,0.27670425176620483,0.23878274857997894,57427948.0,0.02879149280488491,9.999999747378752e-05
232,0.577314555644989,0.010507709346711636,0.10169060528278351,0.08404684066772461,35036296.0,0.005785931367427111,0.6419023275375366,0.0765991136431694,0.2767654359340668,0.23887525498867035,57496004.0,0.02878655679523945,9.999999747378752e-05
233,0.5751517415046692,0.010502871125936508,0.10166965425014496,0.08403278142213821,35030424.0,0.005783009808510542,0.639783501625061,0.07663165777921677,0.2768242359161377,0.23896470665931702,57562344.0,0.02878115326166153,9.999999747378752e-05
234,0.5729984641075134,0.010498076677322388,0.10164891183376312,0.08401869982481003,35024184.0,0.005780057515949011,0.6376723051071167,0.07666215300559998,0.27687931060791016,0.23904989659786224,57626448.0,0.028775451704859734,9.999999747378752e-05
235,0.570854902267456,0.010493313893675804,0.1016283631324768,0.0840047299861908,35018388.0,0.005777167156338692,0.6355696320533752,0.07669176906347275,0.2769327759742737,0.23913249373435974,57688676.0,0.028769701719284058,9.999999747378752e-05
236,0.5687208771705627,0.010488588362932205,0.10160796344280243,0.0839906856417656,35012464.0,0.00577427726238966,0.6334742903709412,0.0767190083861351,0.2769819498062134,0.23921062052249908,57748908.0,0.02876361459493637,9.999999747378752e-05
237,0.566596508026123,0.010483900085091591,0.10158786922693253,0.08397676050662994,35006528.0,0.0057713985443115234,0.6313875913619995,0.07674533873796463,0.27702948451042175,0.23928627371788025,57807520.0,0.02875743806362152,9.999999747378752e-05
238,0.5644816160202026,0.010479243472218513,0.10156780481338501,0.08396285027265549,35000788.0,0.005768544971942902,0.6293084621429443,0.07676974684000015,0.27707353234291077,0.2393580675125122,57864200.0,0.02875099517405033,9.999999747378752e-05
239,0.5623763203620911,0.010474628768861294,0.101547971367836,0.08394904434680939,34995000.0,0.005765705835074186,0.6272374987602234,0.0767928808927536,0.2771152853965759,0.2394268810749054,57919144.0,0.028744405135512352,9.999999747378752e-05
240,0.5602806210517883,0.010470048524439335,0.10152838379144669,0.08393513411283493,34989276.0,0.005762911401689053,0.6251747012138367,0.0768146961927414,0.2771546542644501,0.2394929826259613,57972688.0,0.02873767539858818,9.999999747378752e-05
241,0.5581942200660706,0.010465511120855808,0.10150895267724991,0.08392134308815002,34983480.0,0.005760091356933117,0.6231192946434021,0.07683455944061279,0.2771904766559601,0.23955456912517548,58023300.0,0.0287307295948267,9.999999747378752e-05
242,0.5561174154281616,0.010460997000336647,0.10148962587118149,0.0839075893163681,34977944.0,0.005757343024015427,0.6210724711418152,0.07685352116823196,0.27722468972206116,0.2396143078804016,58073212.0,0.028723686933517456,9.999999747378752e-05
243,0.5540499687194824,0.010456523858010769,0.10147060453891754,0.08389385044574738,34972236.0,0.005754560232162476,0.6190329790115356,0.07687046378850937,0.27725523710250854,0.23966994881629944,58121008.0,0.028716344386339188,9.999999747378752e-05
244,0.551991879940033,0.01045207865536213,0.10145150125026703,0.08388020098209381,34966852.0,0.0057518370449543,0.6170015335083008,0.07688619196414948,0.27728360891342163,0.23972271382808685,58167012.0,0.028708891943097115,9.999999747378752e-05
245,0.5499431490898132,0.01044768188148737,0.10143287479877472,0.08386659622192383,34961180.0,0.005749092437326908,0.6149779558181763,0.0769004225730896,0.27730926871299744,0.23977263271808624,58211780.0,0.028701208531856537,9.999999747378752e-05
246,0.5479037761688232,0.010443310253322124,0.1014142632484436,0.08385302871465683,34955956.0,0.005746421869844198,0.6129624843597412,0.07691352069377899,0.2773328721523285,0.23981964588165283,58254600.0,0.028693431988358498,9.999999747378752e-05
247,0.5458736419677734,0.010438980534672737,0.10139588266611099,0.08383943140506744,34950500.0,0.005743739660829306,0.6109544038772583,0.07692483067512512,0.2773532569408417,0.23986360430717468,58296344.0,0.028685418888926506,9.999999747378752e-05
248,0.5438528656959534,0.010434664785861969,0.10137764364480972,0.08382599800825119,34945136.0,0.005741051863878965,0.6089545488357544,0.07693497091531754,0.27737152576446533,0.23990420997142792,58335516.0,0.028677333146333694,9.999999747378752e-05
249,0.5418413281440735,0.010430406779050827,0.10135962069034576,0.08381254971027374,34939912.0,0.005738415755331516,0.6069621443748474,0.07694359868764877,0.2773870825767517,0.23994220793247223,58373816.0,0.028668999671936035,9.999999747378752e-05
250,0.5398388504981995,0.010426166467368603,0.10134159028530121,0.08379912376403809,34934668.0,0.0057357968762516975,0.6049777865409851,0.07695093750953674,0.27740031480789185,0.23997728526592255,58410488.0,0.02866053208708763,9.999999747378752e-05
251,0.5378456711769104,0.010421962477266788,0.10132388770580292,0.0837857574224472,34929348.0,0.005733167752623558,0.6030007600784302,0.07695666700601578,0.2774106562137604,0.24000900983810425,58445196.0,0.028651872649788857,9.999999747378752e-05
252,0.535861611366272,0.010417795740067959,0.10130627453327179,0.08377274125814438,34924484.0,0.005730611737817526,0.6010319590568542,0.07696142792701721,0.27741923928260803,0.24003873765468597,58479036.0,0.02864311821758747,9.999999747378752e-05
253,0.5338866114616394,0.01041365321725607,0.1012887954711914,0.08376022428274155,34919264.0,0.005728002637624741,0.5990705490112305,0.07696444541215897,0.2774246633052826,0.24006497859954834,58510964.0,0.028634129092097282,9.999999747378752e-05
254,0.5319207906723022,0.010409547947347164,0.10127143561840057,0.08374787122011185,34914408.0,0.005725461523979902,0.5971173644065857,0.0769667699933052,0.27742886543273926,0.2400893121957779,58541652.0,0.028625093400478363,9.999999747378752e-05
255,0.5299639701843262,0.010405474342405796,0.10125432163476944,0.08373546600341797,34909424.0,0.0057229166850447655,0.5951712131500244,0.07696707546710968,0.27742940187454224,0.2401099056005478,58570808.0,0.028615763410925865,9.999999747378752e-05
256,0.528016209602356,0.010401428677141666,0.10123737156391144,0.08372318744659424,34904760.0,0.005720421671867371,0.5932334065437317,0.07696674019098282,0.2774288058280945,0.24012905359268188,58599056.0,0.02860639989376068,9.999999747378752e-05
257,0.5260774493217468,0.010397423058748245,0.10122057050466537,0.08371096849441528,34899848.0,0.005717881489545107,0.5913025736808777,0.07696453481912613,0.2774248421192169,0.24014432728290558,58625120.0,0.02859681472182274,9.999999747378752e-05
258,0.5241475701332092,0.010393439792096615,0.1012037992477417,0.08369878679513931,34895256.0,0.0057154311798512936,0.5893799662590027,0.07696156203746796,0.27741947770118713,0.24015788733959198,58650508.0,0.02858711965382099,9.999999747378752e-05
259,0.5222266316413879,0.010389492847025394,0.10118742287158966,0.08368659764528275,34890400.0,0.005712945479899645,0.587464451789856,0.07695691287517548,0.2774111032485962,0.24016819894313812,58674144.0,0.028577229008078575,9.999999747378752e-05
260,0.5203145742416382,0.010385566391050816,0.10117097944021225,0.08367449045181274,34885908.0,0.0057105193845927715,0.5855571031570435,0.0769515261054039,0.2774013876914978,0.2401769757270813,58696988.0,0.028567278757691383,9.999999747378752e-05
261,0.5184114575386047,0.010381683707237244,0.10115478187799454,0.08366252481937408,34881148.0,0.005708037875592709,0.5836567878723145,0.07694429904222488,0.2773883640766144,0.24018162488937378,58717400.0,0.028557123616337776,9.999999747378752e-05
262,0.5165170431137085,0.010377824306488037,0.10113861411809921,0.08365046977996826,34876804.0,0.005705676972866058,0.5817644000053406,0.07693634182214737,0.2773739993572235,0.2401849627494812,58737420.0,0.02854684367775917,9.999999747378752e-05
263,0.5146315097808838,0.010373999364674091,0.10112271457910538,0.0836385041475296,34872128.0,0.005703250877559185,0.5798790454864502,0.07692667096853256,0.2773565649986267,0.24018506705760956,58755832.0,0.028536362573504448,9.999999747378752e-05
264,0.5127547383308411,0.010370196774601936,0.10110689699649811,0.08362666517496109,34867772.0,0.005700874608010054,0.578001856803894,0.07691630721092224,0.2773378789424896,0.24018332362174988,58773012.0,0.028525851666927338,9.999999747378752e-05
265,0.5108867287635803,0.010366433300077915,0.10109126567840576,0.08361480385065079,34863364.0,0.005698513705283403,0.5761314630508423,0.07690413296222687,0.2773159444332123,0.2401782125234604,58788632.0,0.028515081852674484,9.999999747378752e-05
266,0.509027361869812,0.010362681932747364,0.10107560455799103,0.08360299468040466,34858944.0,0.005696163047105074,0.5742691159248352,0.07689139991998672,0.27729299664497375,0.24017180502414703,58803612.0,0.0285042617470026,9.999999747378752e-05
267,0.5071766972541809,0.010358975268900394,0.10106030851602554,0.08359123021364212,34854588.0,0.0056938230991363525,0.5724136233329773,0.07687686383724213,0.2772667706012726,0.2401617169380188,58816516.0,0.028493234887719154,9.999999747378752e-05
268,0.5053346753120422,0.010355286300182343,0.10104496777057648,0.08357955515384674,34850524.0,0.005691539961844683,0.5705661177635193,0.07686172425746918,0.27723947167396545,0.2401503473520279,58828932.0,0.02848214842379093,9.999999747378752e-05
269,0.5035011768341064,0.010351624339818954,0.10102981328964233,0.08356789499521255,34846116.0,0.005689194425940514,0.5687255263328552,0.0768449455499649,0.27720922231674194,0.24013565480709076,58839512.0,0.028470858931541443,9.999999747378752e-05
270,0.5016763210296631,0.010347998701035976,0.10101492702960968,0.08355633169412613,34842108.0,0.005686946213245392,0.5668925642967224,0.07682735472917557,0.27717748284339905,0.24011941254138947,58849468.0,0.028459466993808746,9.999999747378752e-05
271,0.499860018491745,0.010344400070607662,0.10099999606609344,0.0835447609424591,34837876.0,0.005684657022356987,0.5650667548179626,0.07680832594633102,0.2771431505680084,0.24010013043880463,58857724.0,0.02844790555536747,9.999999747378752e-05
272,0.4980522096157074,0.010340819135308266,0.10098521411418915,0.08353321254253387,34833964.0,0.005682442802935839,0.5632483959197998,0.07678839564323425,0.2771071791648865,0.24007894098758698,58865000.0,0.028436284512281418,9.999999747378752e-05
273,0.4962528347969055,0.010337281040847301,0.10097062587738037,0.08352180570363998,34829668.0,0.005680163856595755,0.5614373087882996,0.07676724344491959,0.2770690321922302,0.2400553822517395,58871008.0,0.02842451073229313,9.999999747378752e-05
274,0.49446192383766174,0.010333754122257233,0.10095618665218353,0.08351040631532669,34825836.0,0.005677969194948673,0.5596334934234619,0.07674495875835419,0.27702879905700684,0.240029439330101,58875952.0,0.028412189334630966,9.999999747378752e-05
275,0.4926794469356537,0.010330266319215298,0.10094179213047028,0.08349903672933578,34821748.0,0.005675747059285641,0.5578364729881287,0.07672125101089478,0.2769860029220581,0.2400003969669342,58878932.0,0.028399329632520676,9.999999747378752e-05
276,0.4909052848815918,0.010326797142624855,0.10092756897211075,0.08348766714334488,34818016.0,0.005673601292073727,0.5560473203659058,0.07669688761234283,0.27694201469421387,0.23997056484222412,58882120.0,0.028386345133185387,9.999999747378752e-05
277,0.48913946747779846,0.010323353111743927,0.1009133830666542,0.08347644656896591,34813896.0,0.005671374965459108,0.5542649626731873,0.07667108625173569,0.2768954336643219,0.23993714153766632,58882756.0,0.028373217210173607,9.999999747378752e-05
278,0.4873819649219513,0.010319935157895088,0.10089943557977676,0.08346523344516754,34810244.0,0.005669244099408388,0.5524899363517761,0.07664439082145691,0.276847243309021,0.2399023473262787,58883312.0,0.02835989184677601,9.999999747378752e-05
279,0.4856327474117279,0.010316544212400913,0.1008855476975441,0.08345402032136917,34806292.0,0.005667084362357855,0.5507220029830933,0.07661659270524979,0.27679702639579773,0.23986516892910004,58882352.0,0.028346456587314606,9.999999747378752e-05
280,0.4838918447494507,0.010313181206583977,0.10087182372808456,0.08344291150569916,34802712.0,0.005664980970323086,0.5489614009857178,0.07658788561820984,0.27674517035484314,0.23982597887516022,58880304.0,0.028332924470305443,9.999999747378752e-05
281,0.4821590185165405,0.010309841483831406,0.1008581891655922,0.08343181014060974,34798932.0,0.005662860814481974,0.5472075939178467,0.07655780762434006,0.276690810918808,0.23978425562381744,58877200.0,0.028319163247942924,9.999999747378752e-05
282,0.48043444752693176,0.0103065250441432,0.1008445993065834,0.08342080563306808,34795244.0,0.005660751834511757,0.5454609394073486,0.07652682065963745,0.2766348123550415,0.23974032700061798,58872564.0,0.028305290266871452,9.999999747378752e-05
283,0.47871795296669006,0.010303239338099957,0.10083118826150894,0.0834098681807518,34791616.0,0.005658659618347883,0.5437213182449341,0.0764947310090065,0.27657681703567505,0.23969429731369019,58867192.0,0.02829122170805931,9.999999747378752e-05
284,0.477009654045105,0.010299974121153355,0.10081789642572403,0.08339934051036835,34788368.0,0.005656620487570763,0.5419884920120239,0.07646142691373825,0.2765165865421295,0.23964595794677734,58860688.0,0.028276991099119186,9.999999747378752e-05
285,0.4753093719482422,0.010296733118593693,0.10080476105213165,0.08338939398527145,34785288.0,0.005654545500874519,0.5402631759643555,0.07642748951911926,0.27645522356033325,0.23959606885910034,58853064.0,0.028262734413146973,9.999999747378752e-05
286,0.4736171066761017,0.010293504223227501,0.10079167038202286,0.08337937295436859,34782268.0,0.005652517080307007,0.5385444760322571,0.07639224082231522,0.27639147639274597,0.23954369127750397,58844516.0,0.02824823558330536,9.999999747378752e-05
287,0.47193288803100586,0.010290308855473995,0.10077865421772003,0.08336944133043289,34779104.0,0.0056504555977880955,0.5368326902389526,0.0763559639453888,0.2763258218765259,0.23948884010314941,58834244.0,0.02823363058269024,9.999999747378752e-05
288,0.47025662660598755,0.010287140496075153,0.10076583921909332,0.08335959166288376,34776284.0,0.005648473743349314,0.535128116607666,0.07631901651620865,0.2762589752674103,0.23943288624286652,58823800.0,0.02821892872452736,9.999999747378752e-05
289,0.46858832240104675,0.010283993557095528,0.10075310617685318,0.08334968239068985,34773252.0,0.005646465811878443,0.5334300398826599,0.07628058642148972,0.2761894166469574,0.23937377333641052,58811496.0,0.028204016387462616,9.999999747378752e-05
290,0.4669279158115387,0.01028086431324482,0.10074039548635483,0.08333990722894669,34770452.0,0.00564448582008481,0.5317392349243164,0.07624167203903198,0.2761189341545105,0.23931358754634857,58798716.0,0.02818905934691429,9.999999747378752e-05
291,0.4652753174304962,0.01027776300907135,0.1007278710603714,0.08333007991313934,34767488.0,0.005642500706017017,0.5300546288490295,0.07620101422071457,0.2760453224182129,0.239250048995018,58784432.0,0.028173815459012985,9.999999747378752e-05
292,0.46363064646720886,0.010274680331349373,0.10071545839309692,0.08332035690546036,34764624.0,0.005640546791255474,0.5283778309822083,0.07616039365530014,0.27597174048423767,0.2391861081123352,58769424.0,0.028158659115433693,9.999999747378752e-05
293,0.4619937241077423,0.010271626524627209,0.10070309787988663,0.0833105742931366,34761720.0,0.005638591479510069,0.5267066955566406,0.07611767947673798,0.27589431405067444,0.23911824822425842,58752828.0,0.0281431432813406,9.999999747378752e-05
294,0.46036460995674133,0.010268588550388813,0.10069085657596588,0.08330094069242477,34759092.0,0.005636690650135279,0.525043249130249,0.0760749876499176,0.275816947221756,0.23905052244663239,58736436.0,0.028127646073698997,9.999999747378752e-05
295,0.45874321460723877,0.010265562683343887,0.10067871958017349,0.08329122513532639,34756164.0,0.005634721834212542,0.5233855247497559,0.07603026181459427,0.27573585510253906,0.2389778196811676,58716684.0,0.028111930936574936,9.999999747378752e-05
296,0.457129567861557,0.010262580588459969,0.10066665709018707,0.08328162878751755,34753524.0,0.005632872227579355,0.5217360258102417,0.07598607242107391,0.27565571665763855,0.23890724778175354,58699128.0,0.028096197172999382,9.999999747378752e-05
297,0.4555235207080841,0.010259593836963177,0.10065467655658722,0.0832720696926117,34750772.0,0.0056309085339307785,0.5200914144515991,0.07593920081853867,0.27557069063186646,0.23882992565631866,58676884.0,0.028080185875296593,9.999999747378752e-05
298,0.45392516255378723,0.010256647132337093,0.10064287483692169,0.08326242119073868,34748108.0,0.005629097577184439,0.5184555053710938,0.07589349895715714,0.2754877507686615,0.23875625431537628,58657864.0,0.028064237907528877,9.999999747378752e-05
299,0.45233434438705444,0.010253719054162502,0.10063115507364273,0.08325298875570297,34745504.0,0.0056271604262292385,0.5168237090110779,0.07584427297115326,0.2753984034061432,0.2386738508939743,58632856.0,0.028047922998666763,9.999999747378752e-05
300,0.4507511854171753,0.010250807739794254,0.10061945021152496,0.08324343711137772,34742956.0,0.005625382997095585,0.5152013301849365,0.07579688727855682,0.2753123342990875,0.23859693109989166,58612372.0,0.028031710535287857,9.999999747378752e-05
301,0.44917550683021545,0.010247915983200073,0.10060791671276093,0.08323418349027634,34740476.0,0.005623455625027418,0.5135824680328369,0.0757455825805664,0.2752191424369812,0.23851002752780914,58584872.0,0.02801385149359703,9.999999747378752e-05
302,0.4476073682308197,0.010245046578347683,0.10059647262096405,0.083224818110466,34738040.0,0.005621705669909716,0.5119732618331909,0.07569655776023865,0.2751300632953644,0.23842966556549072,58562632.0,0.027996130287647247,9.999999747378752e-05
303,0.4460466802120209,0.010242193937301636,0.10058506578207016,0.08321564644575119,34735596.0,0.005619789939373732,0.5103672742843628,0.07564321905374527,0.2750331163406372,0.23833824694156647,58532724.0,0.027977945283055305,9.999999747378752e-05
304,0.44449344277381897,0.010239366441965103,0.10057373344898224,0.08320628851652145,34733240.0,0.005618092603981495,0.5087717175483704,0.07559294253587723,0.27494171261787415,0.23825572431087494,58509824.0,0.02795998379588127,9.999999747378752e-05
305,0.4429475963115692,0.010236546397209167,0.10056246817111969,0.08319714665412903,34730944.0,0.0056161764077842236,0.5071778893470764,0.07553702592849731,0.27483999729156494,0.2381581962108612,58476104.0,0.027941497042775154,9.999999747378752e-05
306,0.4414091110229492,0.010233765468001366,0.10055141150951385,0.08318780362606049,34728412.0,0.005614523310214281,0.5055959224700928,0.07548566907644272,0.2747465670108795,0.23807393014431,58452844.0,0.027923302724957466,9.999999747378752e-05
307,0.4398779571056366,0.010230977088212967,0.10054031759500504,0.08317887037992477,34726380.0,0.005612596869468689,0.5040140748023987,0.07542705535888672,0.27463987469673157,0.23797018826007843,58415424.0,0.027904445305466652,9.999999747378752e-05
308,0.43835413455963135,0.010228238068521023,0.10052947700023651,0.08316949754953384,34723812.0,0.00561100197955966,0.5024464726448059,0.07537545263767242,0.27454590797424316,0.23788544535636902,58392040.0,0.027886206284165382,9.999999747378752e-05
309,0.4368375539779663,0.010225488804280758,0.10051854699850082,0.08316056430339813,34721980.0,0.005609089974313974,0.5008755326271057,0.07531338930130005,0.27443283796310425,0.2377740889787674,58350536.0,0.027866840362548828,9.999999747378752e-05
310,0.4353282153606415,0.01022278517484665,0.10050785541534424,0.08315160870552063,34719060.0,0.005607515573501587,0.4993222653865814,0.07526171207427979,0.2743386924266815,0.23768965899944305,58327808.0,0.02784852311015129,9.999999747378752e-05
311,0.4338260591030121,0.010220064781606197,0.10049700736999512,0.08314348757266998,34717548.0,0.0056055751629173756,0.49776238203048706,0.0751962661743164,0.2742193639278412,0.23757006227970123,58281132.0,0.02782873995602131,9.999999747378752e-05
312,0.4323311746120453,0.01021740585565567,0.10048650205135345,0.08313479274511337,34714408.0,0.005604123696684837,0.4962238371372223,0.07514507323503494,0.2741260230541229,0.2374880611896515,58261012.0,0.0278103519231081,9.999999747378752e-05
313,0.430843323469162,0.010214717127382755,0.10047583281993866,0.08312711864709854,34713392.0,0.005602111108601093,0.4946739375591278,0.07507532089948654,0.27399876713752747,0.23735760152339935,58207064.0,0.027790071442723274,9.999999747378752e-05
314,0.42936259508132935,0.010212100110948086,0.10046559572219849,0.08311837166547775,34709788.0,0.005600751843303442,0.49315115809440613,0.0750257819890976,0.2739083468914032,0.23728062212467194,58191284.0,0.02777176909148693,9.999999747378752e-05
315,0.4278889000415802,0.010209430009126663,0.1004549041390419,0.08311088383197784,34709540.0,0.005598696880042553,0.4916093349456787,0.07495006918907166,0.2737700939178467,0.237135648727417,58128028.0,0.027750754728913307,9.999999747378752e-05
316,0.4264223277568817,0.010206867940723896,0.10044489800930023,0.08310190588235855,34704908.0,0.005597425624728203,0.49010422825813293,0.07490406185388565,0.2736860513687134,0.2370680570602417,58119004.0,0.02773277647793293,9.999999747378752e-05
317,0.42496269941329956,0.010204213671386242,0.10043434053659439,0.08309505879878998,34706240.0,0.0055953157134354115,0.4885689914226532,0.07482101023197174,0.27353429794311523,0.23690524697303772,58044572.0,0.02771085686981678,9.999999747378752e-05
318,0.4235101044178009,0.010201703757047653,0.10042458772659302,0.08308568596839905,34700280.0,0.005594164598733187,0.4870830774307251,0.07478032261133194,0.27345991134643555,0.23685131967067719,58044844.0,0.027693485841155052,9.999999747378752e-05
319,0.42206433415412903,0.010199053213000298,0.100413978099823,0.0830792784690857,34703104.0,0.005591948516666889,0.48555219173431396,0.07468777894973755,0.2732906639575958,0.23666507005691528,57955476.0,0.02767038904130459,9.999999747378752e-05
320,0.4206256568431854,0.010196604765951633,0.10040462017059326,0.08307000249624252,34695944.0,0.005590958055108786,0.48408743739128113,0.0746544823050499,0.273229718208313,0.23663033545017242,57969040.0,0.02765381895005703,9.999999747378752e-05
321,0.4191935956478119,0.010193958878517151,0.10039392858743668,0.08306418359279633,34700860.0,0.005588599480688572,0.48255836963653564,0.07455004006624222,0.2730385363101959,0.23641426861286163,57860208.0,0.027629289776086807,9.999999747378752e-05
322,0.4177686274051666,0.010191584005951881,0.10038486868143082,0.08305426687002182,34691400.0,0.005587836727499962,0.4811173379421234,0.074526846408844,0.27299606800079346,0.2364063411951065,57892760.0,0.027613742277026176,9.999999747378752e-05
323,0.41635024547576904,0.010188921354711056,0.10037410259246826,0.08304929733276367,34699184.0,0.00558526162058115,0.47958695888519287,0.07440750300884247,0.27277737855911255,0.2361515760421753,57757588.0,0.027587609365582466,9.999999747378752e-05
324,0.41493892669677734,0.010186638683080673,0.10036561638116837,0.08303844183683395,34686200.0,0.0055847615003585815,0.4781736731529236,0.07439853250980377,0.27276095747947693,0.23618155717849731,57816884.0,0.027573470026254654,9.999999747378752e-05
325,0.4135339856147766,0.010183936916291714,0.10035447031259537,0.08303465694189072,34698256.0,0.005581950303167105,0.4766371250152588,0.07425966113805771,0.2725062668323517,0.23587635159492493,57647800.0,0.027545174583792686,9.999999747378752e-05
326,0.4121361970901489,0.010181761346757412,0.10034666210412979,0.08302244544029236,34680316.0,0.005581726785749197,0.47525671124458313,0.07427021861076355,0.2725256383419037,0.23595717549324036,57742020.0,0.02753315679728985,9.999999747378752e-05
327,0.41074448823928833,0.010178999044001102,0.10033512115478516,0.08302012830972672,34698324.0,0.005578713025897741,0.47370779514312744,0.07410559058189392,0.27222341299057007,0.23558688163757324,57530264.0,0.02750181220471859,9.999999747378752e-05
328,0.4093601405620575,0.010176962241530418,0.1003280058503151,0.0830063447356224,34673408.0,0.005578712560236454,0.47236713767051697,0.07414261996746063,0.2722914218902588,0.235734760761261,57668848.0,0.027492890134453773,9.999999747378752e-05
329,0.40798160433769226,0.010174115188419819,0.10031595081090927,0.08300600945949554,34699576.0,0.0055754822678864,0.4707982540130615,0.07394490391016006,0.2719281315803528,0.23528100550174713,57402924.0,0.02745758555829525,9.999999747378752e-05
330,0.4066105782985687,0.010172249749302864,0.10030976682901382,0.08298979699611664,34665276.0,0.0055757928639650345,0.4695054292678833,0.07401669770479202,0.2720600962638855,0.23551741242408752,57599928.0,0.027452725917100906,9.999999747378752e-05
331,0.40524497628211975,0.010169273242354393,0.10029689967632294,0.08299227058887482,34702308.0,0.005572281312197447,0.4679078459739685,0.07377718389034271,0.2716195583343506,0.2349579781293869,57265436.0,0.027412379160523415,9.999999747378752e-05
332,0.40388721227645874,0.010167621076107025,0.10029204934835434,0.08297304809093475,34655708.0,0.005572895519435406,0.4666717052459717,0.07389263808727264,0.2718319892883301,0.23530566692352295,57535924.0,0.02741263061761856,9.999999747378752e-05
333,0.40253445506095886,0.010164489038288593,0.1002781018614769,0.0829789936542511,34706828.0,0.005569132976233959,0.4650362432003021,0.07360229641199112,0.271297425031662,0.23461665213108063,57116612.0,0.027366291731595993,9.999999747378752e-05
334,0.4011898338794708,0.010163086466491222,0.10027475655078888,0.08295595645904541,34644352.0,0.005570045672357082,0.4638659954071045,0.07377080619335175,0.27160781621932983,0.23510079085826874,57477680.0,0.02737266756594181,9.999999747378752e-05
335,0.3998497426509857,0.010159743949770927,0.10025946795940399,0.08296633511781693,34713520.0,0.005566057749092579,0.4621821641921997,0.07341928780078888,0.2709599435329437,0.23425506055355072,56955700.0,0.02731911838054657,9.999999747378752e-05
336,0.39851823449134827,0.0101586589589715,0.10025807470083237,0.08293859660625458,34630856.0,0.005567155312746763,0.4610893726348877,0.07365253567695618,0.27139002084732056,0.23490463197231293,57425400.0,0.02733311802148819,9.999999747378752e-05
337,0.39719057083129883,0.010155045427381992,0.10024106502532959,0.08295408636331558,34722776.0,0.005563161801546812,0.45934563875198364,0.07322841137647629,0.27060747146606445,0.23387493193149567,56784840.0,0.02727072313427925,9.999999747378752e-05
338,0.3958720564842224,0.010154337622225285,0.10024187713861465,0.08292079716920853,34615148.0,0.005564210470765829,0.45834076404571533,0.07353702187538147,0.27117711305618286,0.23471522331237793,57377460.0,0.02729395218193531,9.999999747378752e-05
339,0.39455661177635193,0.01015041209757328,0.10022298246622086,0.08294292539358139,34734800.0,0.005560409277677536,0.4565269351005554,0.07303024083375931,0.2702410817146301,0.2334776520729065,56605096.0,0.02722119353711605,9.999999747378752e-05
340,0.3932511508464813,0.010150131769478321,0.1002262681722641,0.08290262520313263,34597148.0,0.005561194382607937,0.4556191861629486,0.07342349737882614,0.2709676921367645,0.2345299869775772,57331932.0,0.027255071327090263,9.999999747378752e-05
341,0.39194777607917786,0.010145840235054493,0.10020513832569122,0.08293478190898895,34751068.0,0.005557830445468426,0.4537281394004822,0.07282710820436478,0.2698649764060974,0.2330683469772339,56419744.0,0.027170801535248756,9.999999747378752e-05
342,0.3906551003456116,0.01014604140073061,0.10021138191223145,0.08288384974002838,34577392.0,0.005558163393288851,0.4529212713241577,0.07330881804227829,0.2707560062408447,0.23434333503246307,57287044.0,0.027215883135795593,9.999999747378752e-05
343,0.3893637955188751,0.010141353122889996,0.10018777847290039,0.08292795717716217,34769256.0,0.005555436480790377,0.45095255970954895,0.07262252271175385,0.2694856524467468,0.23265475034713745,56232444.0,0.027120206505060196,9.999999747378752e-05
344,0.38808387517929077,0.010142034851014614,0.10019681602716446,0.08286476880311966,34556316.0,0.005554968491196632,0.45024386048316956,0.07319024950265884,0.27053695917129517,0.23414677381515503,57235972.0,0.02717621624469757,9.999999747378752e-05
345,0.3868042826652527,0.010136936791241169,0.10017065703868866,0.08292143791913986,34788336.0,0.005553331226110458,0.44820329546928406,0.07241983711719513,0.2691093385219574,0.2322477549314499,56052344.0,0.02706948295235634,9.999999747378752e-05
346,0.3855370581150055,0.010138080455362797,0.10018249601125717,0.08284585922956467,34535640.0,0.005551610607653856,0.44758233428001404,0.07306314259767532,0.2703019380569458,0.23392769694328308,57169860.0,0.027135612443089485,9.999999747378752e-05
347,0.38426920771598816,0.010132594034075737,0.10015396028757095,0.08291374146938324,34805240.0,0.005551459733396769,0.4454851746559143,0.07222407311201096,0.2687453627586365,0.2318609654903412,55888820.0,0.027019180357456207,9.999999747378752e-05
348,0.3830142915248871,0.01013409998267889,0.10016778856515884,0.08282820135354996,34517336.0,0.005548137240111828,0.4449307918548584,0.0729220062494278,0.27004075050354004,0.23367297649383545,57080752.0,0.02709333226084709,9.999999747378752e-05
349,0.38175809383392334,0.010128323920071125,0.10013754665851593,0.08290427178144455,34817488.0,0.005549670662730932,0.44280368089675903,0.07204113155603409,0.2684047818183899,0.23150761425495148,55748608.0,0.026970265433192253,9.999999747378752e-05
350,0.38051533699035645,0.010130046866834164,0.10015250742435455,0.08281202614307404,34504112.0,0.005544648040086031,0.44228315353393555,0.07276101410388947,0.269742488861084,0.23336972296237946,56962040.0,0.027048440650105476,9.999999747378752e-05
351,0.3792707920074463,0.01012408547103405,0.1001211553812027,0.08289173990488052,34822476.0,0.005547917447984219,0.44016343355178833,0.0718756914138794,0.2680964171886444,0.23120015859603882,55639640.0,0.02692337892949581,9.999999747378752e-05
352,0.3780398666858673,0.010125859640538692,0.1001361608505249,0.08279664814472198,34497284.0,0.005541153717786074,0.4396355152130127,0.07257647812366486,0.2694002091884613,0.23300793766975403,56807092.0,0.02700050175189972,9.999999747378752e-05
353,0.3768070638179779,0.010119901038706303,0.1001049280166626,0.08287563920021057,34817736.0,0.005546045955270529,0.4375671446323395,0.07173081487417221,0.2678260803222656,0.23094585537910461,55565920.0,0.026878906413912773,9.999999747378752e-05
354,0.3755876421928406,0.010121490806341171,0.10011863708496094,0.0827818363904953,34498380.0,0.005537839140743017,0.436985582113266,0.07236636430025101,0.2690099775791168,0.2325836569070816,56615032.0,0.026949113234877586,9.999999747378752e-05
355,0.3743667006492615,0.01011576596647501,0.10008881241083145,0.08285650610923767,34802860.0,0.005543895531445742,0.435014545917511,0.07160653173923492,0.26759397983551025,0.2307441532611847,55525932.0,0.026837078854441643,9.999999747378752e-05
356,0.37315836548805237,0.010116957128047943,0.10009989887475967,0.08276807516813278,34508172.0,0.005534817930310965,0.4343361258506775,0.0721336379647255,0.26857706904411316,0.2321041226387024,56391256.0,0.026894530281424522,9.999999747378752e-05
357,0.37194937467575073,0.010111724957823753,0.10007309913635254,0.08283379673957825,34777240.0,0.005541377700865269,0.43250080943107605,0.0714980736374855,0.26739123463630676,0.23058250546455383,55511388.0,0.02679726853966713,9.999999747378752e-05
358,0.3707519471645355,0.010112353600561619,0.10008065402507782,0.08275657892227173,34527248.0,0.005532261915504932,0.43169334530830383,0.07188478857278824,0.268113374710083,0.23158594965934753,56147172.0,0.02683752402663231,9.999999747378752e-05
359,0.36955496668815613,0.01010780967772007,0.10005803406238556,0.08280914276838303,34744180.0,0.005538435652852058,0.4300171732902527,0.07139705121517181,0.2672022581100464,0.23043867945671082,55507208.0,0.026758594438433647,9.999999747378752e-05
360,0.36836814880371094,0.010107788257300854,0.10006151348352432,0.08274809271097183,34553764.0,0.005530196242034435,0.4290669560432434,0.07162974029779434,0.26763734221458435,0.23105473816394806,55900072.0,0.026779187843203545,9.999999747378752e-05
361,0.36718323826789856,0.010104050859808922,0.10004372894763947,0.0827837586402893,34707356.0,0.005535174161195755,0.42755335569381714,0.0712934285402298,0.26700830459594727,0.23028717935085297,55497276.0,0.0267197135835886,9.999999747378752e-05
362,0.3660069704055786,0.010103359818458557,0.10004311800003052,0.08274078369140625,34581764.0,0.005528591573238373,0.4264681339263916,0.07137992233037949,0.2671702206134796,0.23053960502147675,55668512.0,0.026720989495515823,9.999999747378752e-05
363,0.3648339509963989,0.010100409388542175,0.10003006458282471,0.08275992423295975,34672688.0,0.005531700327992439,0.4250980615615845,0.07117609679698944,0.2667884826660156,0.23009850084781647,55462288.0,0.02667940780520439,9.999999747378752e-05
364,0.3636680841445923,0.0100991390645504,0.10002609342336655,0.08273331075906754,34606156.0,0.005527216475456953,0.42390596866607666,0.07114475220441818,0.2667297422885895,0.23006471991539001,55467764.0,0.02666410058736801,9.999999747378752e-05
365,0.3625067174434662,0.0100968386977911,0.10001667588949203,0.08273843675851822,34644760.0,0.0055283447727561,0.4226425886154175,0.07103662937879562,0.2665269672870636,0.22985589504241943,55395700.0,0.0266360342502594,9.999999747378752e-05
366,0.3613514304161072,0.010095137171447277,0.10001017153263092,0.08272495865821838,34623392.0,0.00552577106282115,0.42138776183128357,0.07093165069818497,0.26632997393608093,0.22964507341384888,55303328.0,0.026609960943460464,9.999999747378752e-05
367,0.3602013885974884,0.010093266144394875,0.10000312328338623,0.08272137492895126,34625500.0,0.005525271873921156,0.4201834797859192,0.0708717629313469,0.26621749997138977,0.22955220937728882,55294936.0,0.026588963344693184,9.999999747378752e-05
368,0.35905665159225464,0.010091334581375122,0.09999524056911469,0.08271520584821701,34631656.0,0.0055242059752345085,0.4189092814922333,0.07073661684989929,0.2659635543823242,0.22927458584308624,55173244.0,0.026557840406894684,9.999999747378752e-05
369,0.35791754722595215,0.010089654475450516,0.09998909384012222,0.08270695060491562,34615772.0,0.005522456020116806,0.41772744059562683,0.07068853080272675,0.26587313413619995,0.22920089960098267,55165416.0,0.026539620012044907,9.999999747378752e-05
370,0.35678350925445557,0.010087713599205017,0.09998131543397903,0.08270330727100372,34630048.0,0.005522232968360186,0.416465163230896,0.07055458426475525,0.2656211256980896,0.2289370596408844,55064812.0,0.026507288217544556,9.999999747378752e-05
371,0.35565507411956787,0.010086051188409328,0.0999750941991806,0.08269335329532623,34613336.0,0.005520321428775787,0.41527751088142395,0.0704900473356247,0.26549962162971497,0.2288220226764679,55029404.0,0.02648712508380413,9.999999747378752e-05
372,0.35453173518180847,0.010084177367389202,0.09996767342090607,0.08269134908914566,34624600.0,0.005519873462617397,0.41404882073402405,0.07037919014692307,0.265290766954422,0.2286108136177063,54959304.0,0.02645828388631344,9.999999747378752e-05
373,0.35341382026672363,0.010082488879561424,0.09996117651462555,0.08268105983734131,34613264.0,0.005518279504030943,0.4128471314907074,0.07029010355472565,0.26512280106544495,0.22843992710113525,54895024.0,0.026434151455760002,9.999999747378752e-05
374,0.3523010015487671,0.010080737993121147,0.09995441138744354,0.0826776996254921,34616932.0,0.005517678335309029,0.41164445877075195,0.0701947882771492,0.26494300365448,0.22827152907848358,54853848.0,0.026407137513160706,9.999999747378752e-05
375,0.35119345784187317,0.010078984312713146,0.09994743764400482,0.08267062157392502,34614860.0,0.005516374483704567,0.4104420244693756,0.07009460777044296,0.2647538483142853,0.2280694991350174,54769728.0,0.026381835341453552,9.999999747378752e-05
376,0.3500911593437195,0.010077345184981823,0.09994129836559296,0.08266496658325195,34609876.0,0.005515201482921839,0.40925759077072144,0.07000727206468582,0.264588862657547,0.22791706025600433,54735004.0,0.026356149464845657,9.999999747378752e-05
377,0.3489938974380493,0.010075610131025314,0.09993438422679901,0.08265825361013412,34612120.0,0.005514661781489849,0.4080553650856018,0.06989696621894836,0.2643803358078003,0.2277067005634308,54661328.0,0.02632780186831951,9.999999747378752e-05
378,0.347901850938797,0.010073975659906864,0.0999281033873558,0.08265403658151627,34608108.0,0.005513201933354139,0.406882643699646,0.0698111280798912,0.26421794295310974,0.22754764556884766,54612812.0,0.026303645223379135,9.999999747378752e-05
379,0.3468148708343506,0.010072309523820877,0.09992159903049469,0.08264845609664917,34608052.0,0.005512317642569542,0.40569907426834106,0.06970934569835663,0.2640252709388733,0.22735290229320526,54547148.0,0.02627665176987648,9.999999747378752e-05
380,0.34573301672935486,0.010070707648992538,0.09991544485092163,0.08264099806547165,34603112.0,0.00551135977730155,0.4045206308364868,0.0696077048778534,0.2638327181339264,0.22717003524303436,54496760.0,0.026248736307024956,9.999999747378752e-05
381,0.3446560502052307,0.01006905734539032,0.09990892559289932,0.08263731002807617,34605296.0,0.0055106389336287975,0.4033512473106384,0.0695100873708725,0.2636476457118988,0.2269907295703888,54442932.0,0.0262223519384861,9.999999747378752e-05
382,0.34358420968055725,0.010067443363368511,0.09990262240171432,0.08263275027275085,34603012.0,0.005509102717041969,0.4021914601325989,0.06941709667444229,0.26347124576568604,0.2268083542585373,54372592.0,0.02619781717658043,9.999999747378752e-05
383,0.3425174355506897,0.010065928101539612,0.09989698976278305,0.08262436836957932,34596520.0,0.0055083418264985085,0.4010246694087982,0.06931210309267044,0.26327192783355713,0.22662726044654846,54330296.0,0.026168497279286385,9.999999747378752e-05
384,0.34145545959472656,0.010064313188195229,0.09989062696695328,0.08261898905038834,34599336.0,0.005508033093065023,0.3998580873012543,0.06920244544744492,0.26306357979774475,0.2264338880777359,54276492.0,0.026139408349990845,9.999999747378752e-05
385,0.3403984606266022,0.010062705725431442,0.09988409280776978,0.08261843025684357,34601040.0,0.005506341345608234,0.3987226188182831,0.06911902129650116,0.26290497183799744,0.22626613080501556,54209440.0,0.026117198169231415,9.999999747378752e-05
386,0.33934643864631653,0.010061236098408699,0.09987872838973999,0.08261004835367203,34592100.0,0.005504966247826815,0.39757564663887024,0.0690191388130188,0.2627149522304535,0.22607900202274323,54149996.0,0.026089906692504883,9.999999747378752e-05
387,0.33829930424690247,0.010059775784611702,0.09987328201532364,0.08259984105825424,34588996.0,0.005505348555743694,0.3964039981365204,0.06888982653617859,0.26246872544288635,0.22587399184703827,54121196.0,0.026054538786411285,9.999999747378752e-05
388,0.3372567892074585,0.010058093816041946,0.0998661145567894,0.08260277658700943,34601652.0,0.005504487548023462,0.39527881145477295,0.068802110850811,0.26230156421661377,0.2257026731967926,54055164.0,0.026032010093331337,9.999999747378752e-05
389,0.33621931076049805,0.010056603699922562,0.09986026585102081,0.08260133862495422,34594284.0,0.005501310341060162,0.39418163895606995,0.06873764842748642,0.2621786594390869,0.225541889667511,53965164.0,0.026014719158411026,9.999999747378752e-05
390,0.33518683910369873,0.010055415332317352,0.09985710680484772,0.08258014917373657,34571932.0,0.005501623265445232,0.39300432801246643,0.06858828663825989,0.2618936598300934,0.22531339526176453,53948124.0,0.025973010808229446,9.999999747378752e-05
391,0.334158718585968,0.010053789243102074,0.09984999150037766,0.08257885277271271,34593280.0,0.00550383236259222,0.39183905720710754,0.06844614446163177,0.2616221308708191,0.22510406374931335,53934216.0,0.02593568153679371,9.999999747378752e-05
392,0.3331351578235626,0.010051978752017021,0.0998416617512703,0.08260107040405273,34616988.0,0.005499258637428284,0.3908204138278961,0.068446084856987,0.26162204146385193,0.2250024378299713,53795036.0,0.025937533006072044,9.999999747378752e-05
393,0.33211714029312134,0.010051040910184383,0.09984005987644196,0.08257386833429337,34561536.0,0.005494934506714344,0.3897167146205902,0.06835615634918213,0.2614501118659973,0.22480469942092896,53714800.0,0.025911055505275726,9.999999747378752e-05
394,0.33110395073890686,0.010050231590867043,0.09983939677476883,0.0825345367193222,34544972.0,0.005502321757376194,0.38840964436531067,0.06805822253227234,0.2608796954154968,0.2244594395160675,53822196.0,0.025828057900071144,9.999999747378752e-05
395,0.3300938010215759,0.010047879070043564,0.09982695430517197,0.08259065449237823,34652632.0,0.00550366984680295,0.3873768150806427,0.06802994757890701,0.260825514793396,0.22437448799610138,53739704.0,0.025823913514614105,9.999999747378752e-05
396,0.3290892243385315,0.010046381503343582,0.09981881082057953,0.08262314647436142,34627868.0,0.0054870955646038055,0.38659775257110596,0.06825079768896103,0.26124852895736694,0.22442680597305298,53409392.0,0.025885041803121567,9.999999747378752e-05
397,0.32809290289878845,0.010048524476587772,0.09984670579433441,0.08249025046825409,34437248.0,0.0054902867414057255,0.3851947784423828,0.06784317642450333,0.2604672312736511,0.2239159345626831,53529364.0,0.025768974795937538,9.999999747378752e-05
398,0.327097088098526,0.01004678662866354,0.0998271256685257,0.08247879147529602,34567596.0,0.005516916047781706,0.3836473822593689,0.06728649884462357,0.25939640402793884,0.22345156967639923,53918420.0,0.025591647252440453,9.999999747378752e-05
399,0.32610785961151123,0.010046890936791897,0.09985242784023285,0.0827924832701683,34910776.0,0.00550041813403368,0.3833366930484772,0.06796198338270187,0.2606951892375946,0.224016934633255,53371560.0,0.025810496881604195,9.999999747378752e-05
400,0.3251246511936188,0.010048288851976395,0.0998370572924614,0.08261273801326752,34476872.0,0.0054552750661969185,0.3828689754009247,0.068476103246212,0.26167938113212585,0.22411471605300903,52679900.0,0.025938132777810097,9.999999747378752e-05
401,0.3241696357727051,0.010073741897940636,0.10008598864078522,0.08237328380346298,34090684.0,0.005514294840395451,0.3799740970134735,0.06655825674533844,0.2579888701438904,0.22227582335472107,53836344.0,0.025372693315148354,9.999999747378752e-05
402,0.3231939673423767,0.010074087418615818,0.10002750158309937,0.08266328275203705,35055840.0,0.005588571075350046,0.378682017326355,0.06623825430870056,0.25736793875694275,0.2224443405866623,54635152.0,0.025256579741835594,9.999999747378752e-05
403,0.3222692310810089,0.010119701735675335,0.10041961818933487,0.0839233547449112,35773764.0,0.005475752055644989,0.3814748525619507,0.06999871134757996,0.26457270979881287,0.225655198097229,52034700.0,0.026322919875383377,9.999999747378752e-05
404,0.3214109539985657,0.010226898826658726,0.10130295902490616,0.08306494355201721,33780864.0,0.005451647099107504,0.3798655867576599,0.06935220211744308,0.2633480727672577,0.22393102943897247,51416092.0,0.026146579533815384,9.999999747378752e-05
405,0.3205910623073578,0.01036856696009636,0.10184607654809952,0.08330051600933075,33985208.0,0.0057626827619969845,0.37291446328163147,0.06335645914077759,0.2517070770263672,0.21812909841537476,56987168.0,0.024145230650901794,9.999999747378752e-05
406,0.32014527916908264,0.010877027176320553,0.10667866468429565,0.08756574243307114,39700976.0,0.00613068463280797,0.3761071264743805,0.0674966350197792,0.25980114936828613,0.22542698681354523,56385852.0,0.025537019595503807,9.999999747378752e-05
407,0.3192872703075409,0.010961544699966908,0.10402093082666397,0.08747213333845139,36959128.0,0.005450854077935219,0.39219099283218384,0.08451951295137405,0.29072239995002747,0.2349082976579666,46958932.0,0.029044561088085175,9.999999747378752e-05
408,0.32054948806762695,0.013158281333744526,0.12205519527196884,0.09424465894699097,34739936.0,0.006891322322189808,0.3715731203556061,0.06482608616352081,0.2546096742153168,0.22208458185195923,59845624.0,0.02411050535738468,9.999999747378752e-05
409,0.3197062313556671,0.01323781255632639,0.11326948553323746,0.08753608167171478,37514364.0,0.00790086667984724,0.37683117389678955,0.07098747044801712,0.2664347290992737,0.2246372103691101,67505344.0,0.024324040859937668,9.999999747378752e-05
410,0.32143476605415344,0.015861719846725464,0.13244584202766418,0.10791489481925964,49314684.0,0.0070373001508414745,0.402706503868103,0.0977497324347496,0.31264954805374146,0.24975615739822388,45809880.0,0.032007306814193726,9.999999747378752e-05
411,0.31830987334251404,0.013615050353109837,0.12636223435401917,0.09277239441871643,35781416.0,0.007038978859782219,0.3774277865886688,0.07333796471357346,0.2708098292350769,0.2370239645242691,72065416.0,0.02488761581480503,9.999999747378752e-05
412,0.3179938793182373,0.014166963286697865,0.11420492827892303,0.0901268795132637,37005616.0,0.008407758548855782,0.37990862131118774,0.07667479664087296,0.27690213918685913,0.24454566836357117,75662600.0,0.025846214964985847,9.999999747378752e-05
413,0.31443479657173157,0.01145830750465393,0.10756881535053253,0.08991188555955887,37982580.0,0.005620977375656366,0.38713258504867554,0.08474604785442352,0.2911117374897003,0.25123685598373413,58298028.0,0.029385577887296677,9.999999747378752e-05
414,0.31255608797073364,0.010425171814858913,0.10178066790103912,0.08339333534240723,35708016.0,0.005833519622683525,0.37887540459632874,0.07732981443405151,0.27808240056037903,0.24800609052181244,75624544.0,0.02613166905939579,9.999999747378752e-05
415,0.31182774901390076,0.010538340546190739,0.10306229442358017,0.08744516223669052,37984964.0,0.00550343981012702,0.3845836818218231,0.08388087898492813,0.2896219491958618,0.2514099180698395,64097832.0,0.02786276303231716,9.999999747378752e-05
416,0.3111416697502136,0.010692163370549679,0.10501452535390854,0.08508571237325668,36192064.0,0.005909045692533255,0.3782494068145752,0.07837973535060883,0.27996382117271423,0.2505084276199341,80942944.0,0.025496989488601685,9.999999747378752e-05
417,0.3102562725543976,0.01063985750079155,0.1035662442445755,0.0858442634344101,37672988.0,0.005905697122216225,0.38027092814445496,0.08123305439949036,0.2850141227245331,0.2505170702934265,65236040.0,0.02780883014202118,9.999999747378752e-05
418,0.30924591422080994,0.010458966717123985,0.10157507658004761,0.08368124067783356,34251752.0,0.005454184487462044,0.3798489272594452,0.0816374272108078,0.28572264313697815,0.2552812099456787,73932232.0,0.027139943093061447,9.999999747378752e-05
419,0.30820441246032715,0.010243111290037632,0.1008053570985794,0.08308684080839157,36188072.0,0.005798046011477709,0.37362292408943176,0.07623400539159775,0.2761050760746002,0.24569065868854523,70241800.0,0.0260526854544878,9.999999747378752e-05
420,0.30733728408813477,0.010197481140494347,0.10066483914852142,0.0830155462026596,33561308.0,0.005330294836312532,0.37999626994132996,0.08342717587947845,0.28883764147758484,0.25481805205345154,69448544.0,0.02761644683778286,9.999999747378752e-05
421,0.3065698444843292,0.010248147882521152,0.1009901612997055,0.08313030749559402,35867880.0,0.005809603724628687,0.3722951114177704,0.07653983682394028,0.2766583263874054,0.2478722333908081,74745232.0,0.025754425674676895,9.999999747378752e-05
422,0.30572497844696045,0.010216972790658474,0.10101910680532455,0.08449862152338028,35835216.0,0.005444605369120836,0.3763691782951355,0.08142708241939545,0.2853543162345886,0.24866504967212677,63494040.0,0.027712948620319366,9.999999747378752e-05
423,0.30493032932281494,0.01023345347493887,0.10099676996469498,0.08339975029230118,34939048.0,0.005578517913818359,0.37221771478652954,0.07808241993188858,0.2794323265552521,0.2500711679458618,74512216.0,0.026170844212174416,9.999999747378752e-05
424,0.30408477783203125,0.010194217786192894,0.10068587958812714,0.08364462852478027,36124704.0,0.005620088428258896,0.370892196893692,0.07756184786558151,0.2784992754459381,0.24347297847270966,63020464.0,0.026937726885080338,9.999999747378752e-05
425,0.30326804518699646,0.01018104050308466,0.10060384124517441,0.08284051716327667,33838260.0,0.005419208202511072,0.37196773290634155,0.07943795621395111,0.28184738755226135,0.25012829899787903,70378952.0,0.026818886399269104,9.999999747378752e-05
426,0.3024153709411621,0.010127770714461803,0.10019167512655258,0.0827699527144432,35726560.0,0.005699383560568094,0.36668434739112854,0.07495145499706268,0.27377262711524963,0.24138081073760986,65606732.0,0.02623569220304489,9.999999747378752e-05
427,0.3015929162502289,0.010101545602083206,0.10009928792715073,0.08283601701259613,34102124.0,0.005360593553632498,0.3698072135448456,0.07886873185634613,0.2808357775211334,0.24563440680503845,63815612.0,0.027168767526745796,9.999999747378752e-05
428,0.30078601837158203,0.010087424889206886,0.10011931508779526,0.08265457302331924,34989948.0,0.005604184232652187,0.3650362491607666,0.07488736510276794,0.27365556359291077,0.2422577142715454,67600592.0,0.026062674820423126,9.999999747378752e-05
429,0.29998505115509033,0.010075663216412067,0.10003916919231415,0.08312923461198807,35195904.0,0.005463726818561554,0.3658563196659088,0.07649514079093933,0.27657756209373474,0.2403361052274704,60314292.0,0.026899073272943497,9.999999747378752e-05
430,0.2992189824581146,0.010095835663378239,0.10018385946750641,0.08277324587106705,34396908.0,0.005488087888807058,0.3639310896396637,0.07535313814878464,0.27450525760650635,0.24231615662574768,66383116.0,0.02627602592110634,9.999999747378752e-05
431,0.2984122037887573,0.010071545839309692,0.09995826333761215,0.0828191339969635,35418500.0,0.005567892454564571,0.3620806932449341,0.07428343594074249,0.2725498676300049,0.23738595843315125,60234456.0,0.026470685377717018,9.999999747378752e-05
432,0.2976329028606415,0.010071853175759315,0.09995584189891815,0.08267731219530106,34217424.0,0.00541168125346303,0.36229437589645386,0.075274258852005,0.2743615508079529,0.2400812953710556,62550756.0,0.02651926316320896,9.999999747378752e-05
433,0.29683417081832886,0.010049164295196533,0.0998317077755928,0.08240832388401031,34841184.0,0.0055669331923127174,0.3594036102294922,0.07315725088119507,0.27047598361968994,0.23654234409332275,61534940.0,0.026149282231926918,9.999999747378752e-05
434,0.29605114459991455,0.01003920380026102,0.09979366511106491,0.08263958990573883,34589624.0,0.005436195991933346,0.35972169041633606,0.07424639910459518,0.27248191833496094,0.23676592111587524,59393276.0,0.026504848152399063,9.999999747378752e-05
435,0.29528382420539856,0.010041710920631886,0.0998348817229271,0.08244580030441284,34457940.0,0.005503462627530098,0.35761162638664246,0.07290367782115936,0.27000680565834045,0.23607401549816132,61357708.0,0.02610606886446476,9.999999747378752e-05
436,0.2945074737071991,0.010031950660049915,0.0997566357254982,0.08258461952209473,34867964.0,0.005492427386343479,0.3568767309188843,0.07293345779180527,0.2700619399547577,0.23425543308258057,58223952.0,0.02631192095577717,9.999999747378752e-05
437,0.293750137090683,0.010038238018751144,0.0998007208108902,0.08253645896911621,34393444.0,0.005457399412989616,0.3558063507080078,0.07262435555458069,0.269489049911499,0.23466967046260834,59651044.0,0.026159686967730522,9.999999747378752e-05
438,0.29298147559165955,0.010029912926256657,0.0997404009103775,0.08243291079998016,34695444.0,0.005510763730853796,0.3543841242790222,0.07196042686700821,0.2682543992996216,0.23284605145454407,58150556.0,0.026119673624634743,9.999999747378752e-05
439,0.29222315549850464,0.010029069148004055,0.09974278509616852,0.08254414051771164,34539048.0,0.0054587130434811115,0.3537044823169708,0.07203605771064758,0.268395334482193,0.23277506232261658,57883908.0,0.026147082448005676,9.999999747378752e-05
440,0.29146695137023926,0.010027030482888222,0.09973554313182831,0.0824097990989685,34515728.0,0.005490431096404791,0.3523099422454834,0.07139361649751663,0.26719585061073303,0.23175722360610962,57702300.0,0.02601722441613674,9.999999747378752e-05
441,0.29071250557899475,0.010023859329521656,0.09971634298563004,0.08249740302562714,34625372.0,0.005476980470120907,0.35144156217575073,0.07127437740564346,0.2669726014137268,0.2310754656791687,56873324.0,0.026045696809887886,9.999999747378752e-05
442,0.289964884519577,0.010024419054389,0.0997234508395195,0.08245562016963959,34502228.0,0.005474399775266647,0.35035398602485657,0.07093284279108047,0.26633220911026,0.23053939640522003,56796048.0,0.025970229879021645,9.999999747378752e-05
443,0.289217472076416,0.010022204369306564,0.09971024096012115,0.08244345337152481,34575900.0,0.005482247099280357,0.349296510219574,0.07061844319105148,0.2657413184642792,0.22974789142608643,56243948.0,0.025932850316166878,9.999999747378752e-05
444,0.28847476840019226,0.01002169493585825,0.0997094064950943,0.0824725553393364,34552792.0,0.0054745301604270935,0.3483361303806305,0.07039816677570343,0.26532652974128723,0.229240283370018,55939244.0,0.025900738313794136,9.999999747378752e-05
445,0.2877345681190491,0.010020650923252106,0.09970493614673615,0.08243697881698608,34537180.0,0.005476976279169321,0.34731632471084595,0.07011553645133972,0.26479339599609375,0.22859987616539001,55566012.0,0.025857625529170036,9.999999747378752e-05
446,0.28699734807014465,0.01001970749348402,0.0997009128332138,0.08245082199573517,34554332.0,0.005477123893797398,0.34631282091140747,0.06984622776508331,0.2642843723297119,0.22803540527820587,55289576.0,0.02581065706908703,9.999999747378752e-05
447,0.28626304864883423,0.010018688626587391,0.09969635307788849,0.08244302868843079,34543864.0,0.005475198850035667,0.345376580953598,0.06964126974344254,0.26389631628990173,0.22749680280685425,54903536.0,0.0257863849401474,9.999999747378752e-05
448,0.2855319678783417,0.01001798640936613,0.09969436377286911,0.08243745565414429,34537868.0,0.005475194659084082,0.3443809449672699,0.0693739652633667,0.26338937878608704,0.22696875035762787,54686052.0,0.025735169649124146,9.999999747378752e-05
449,0.2848033607006073,0.010016873478889465,0.09968893229961395,0.08243454247713089,34545136.0,0.005475838202983141,0.343438982963562,0.06915749609470367,0.26297813653945923,0.22643910348415375,54346720.0,0.025704151019454002,9.999999747378752e-05
450,0.28407806158065796,0.01001610979437828,0.09968652576208115,0.08243495970964432,34536768.0,0.005473497789353132,0.34250739216804504,0.0689484253525734,0.26258033514022827,0.22598163783550262,54109444.0,0.025667540729045868,9.999999747378752e-05
451,0.2833554148674011,0.010015194304287434,0.09968270361423492,0.08242465555667877,34535316.0,0.005474690813571215,0.34155774116516113,0.06871850043535233,0.262142151594162,0.22547638416290283,53846076.0,0.02562752366065979,9.999999747378752e-05
452,0.2826356887817383,0.01001429557800293,0.0996791273355484,0.08242656290531158,34537316.0,0.005473501048982143,0.3406442105770111,0.06852185726165771,0.26176679134368896,0.22503165900707245,53603072.0,0.025593779981136322,9.999999747378752e-05
453,0.28191882371902466,0.010013443417847157,0.09967578947544098,0.08242054283618927,34532024.0,0.00547306751832366,0.3397318720817566,0.06832355260848999,0.26138773560523987,0.22458861768245697,53368080.0,0.025558965280652046,9.999999747378752e-05
454,0.28120478987693787,0.010012572631239891,0.09967243671417236,0.08241678774356842,34532068.0,0.0054727718234062195,0.3388184905052185,0.06812137365341187,0.26100072264671326,0.22414861619472504,53149956.0,0.02552163600921631,9.999999747378752e-05
455,0.28049352765083313,0.010011713951826096,0.09966902434825897,0.08241361379623413,34529960.0,0.005472314544022083,0.33792462944984436,0.06793595105409622,0.2606452703475952,0.22373320162296295,52931896.0,0.02548828348517418,9.999999747378752e-05
456,0.2797850966453552,0.010010870173573494,0.09966589510440826,0.08240999281406403,34527928.0,0.0054716612212359905,0.33703768253326416,0.06775465607643127,0.2602972388267517,0.223333477973938,52730932.0,0.025454537943005562,9.999999747378752e-05
457,0.27907946705818176,0.010010026395320892,0.09966257214546204,0.08240565657615662,34526776.0,0.005471435375511646,0.33614984154701233,0.06756973266601562,0.25994178652763367,0.22293004393577576,52534372.0,0.02541937679052353,9.999999747378752e-05
458,0.2783765196800232,0.010009173303842545,0.09965930879116058,0.08240249752998352,34525328.0,0.0054708379320800304,0.3352774977684021,0.06739750504493713,0.25961029529571533,0.22254908084869385,52344364.0,0.025386694818735123,9.999999747378752e-05
459,0.27767640352249146,0.010008352808654308,0.09965614974498749,0.08239848911762238,34523048.0,0.005470357369631529,0.33441078662872314,0.06722822040319443,0.25928404927253723,0.22217854857444763,52165396.0,0.025353875011205673,9.999999747378752e-05
460,0.276978999376297,0.010007521137595177,0.09965293109416962,0.08239444345235825,34522056.0,0.005469972733408213,0.33354678750038147,0.06705894321203232,0.2589574158191681,0.22180941700935364,51990128.0,0.025320611894130707,9.999999747378752e-05
461,0.27628427743911743,0.010006696917116642,0.09964986145496368,0.08239099383354187,34520592.0,0.005469461437314749,0.33269304037094116,0.0668972060084343,0.2586449384689331,0.22145549952983856,51821848.0,0.025288570672273636,9.999999747378752e-05
462,0.27559226751327515,0.010005887597799301,0.09964682161808014,0.08238701522350311,34518652.0,0.005468939431011677,0.33184653520584106,0.06674005091190338,0.2583409547805786,0.22111199796199799,51660472.0,0.0252570528537035,9.999999747378752e-05
463,0.27490293979644775,0.010005067102611065,0.09964367747306824,0.08238290995359421,34517236.0,0.005468522198498249,0.33100220561027527,0.06658237427473068,0.2580356001853943,0.22077086567878723,51505320.0,0.025224853307008743,9.999999747378752e-05
464,0.2742162346839905,0.010004253126680851,0.09964057058095932,0.08237902820110321,34515776.0,0.005468049086630344,0.3301663100719452,0.06643050163984299,0.25774115324020386,0.22043980658054352,51353168.0,0.02519378624856472,9.999999747378752e-05
465,0.2735322415828705,0.010003454983234406,0.09963759779930115,0.08237536251544952,34514276.0,0.005467529874294996,0.3293378949165344,0.06628349423408508,0.2574557960033417,0.22012025117874146,51208540.0,0.025163281708955765,9.999999747378752e-05
466,0.27285081148147583,0.01000264659523964,0.09963446855545044,0.08237116783857346,34512888.0,0.005467066075652838,0.32851237058639526,0.06613672524690628,0.2571706175804138,0.2198020964860916,51066836.0,0.02513248100876808,9.999999747378752e-05
467,0.27217206358909607,0.01000185590237379,0.09963154047727585,0.08236700296401978,34511068.0,0.005466599017381668,0.32769113779067993,0.06599166989326477,0.2568884491920471,0.21948885917663574,50929444.0,0.025101814419031143,9.999999747378752e-05
468,0.27149584889411926,0.010001071728765965,0.09962858259677887,0.08236315846443176,34509532.0,0.005466107744723558,0.32687944173812866,0.06585358083248138,0.25661951303482056,0.2191884070634842,50796320.0,0.02507247030735016,9.999999747378752e-05
469,0.2708222568035126,0.01000028196722269,0.09962557256221771,0.08235926181077957,34508348.0,0.00546560063958168,0.3260713219642639,0.065716452896595,0.2563522160053253,0.21889187395572662,50668380.0,0.025042861700057983,9.999999747378752e-05
470,0.27015119791030884,0.009999495930969715,0.09962259232997894,0.08235481381416321,34506632.0,0.005465152207762003,0.32526546716690063,0.06557910144329071,0.2560841739177704,0.21859562397003174,50542112.0,0.025013037025928497,9.999999747378752e-05
471,0.2694827616214752,0.009998726658523083,0.09961974620819092,0.08235090970993042,34505104.0,0.005464672576636076,0.32446715235710144,0.06544671952724457,0.25582557916641235,0.21830923855304718,50420060.0,0.024984152987599373,9.999999747378752e-05
472,0.2688167691230774,0.009997939690947533,0.09961681813001633,0.08234681934118271,34503568.0,0.0054641421884298325,0.3236755430698395,0.0653185248374939,0.25557488203048706,0.21803057193756104,50301168.0,0.024955932050943375,9.999999747378752e-05
473,0.2681533694267273,0.009997176006436348,0.09961394965648651,0.08234259486198425,34502132.0,0.0054636746644973755,0.3228851556777954,0.06518904864788055,0.2553214728832245,0.21775202453136444,50186560.0,0.024927053600549698,9.999999747378752e-05
474,0.2674924433231354,0.009996403940021992,0.09961098432540894,0.08233816921710968,34500512.0,0.005463218316435814,0.32209914922714233,0.06506142765283585,0.2550714313983917,0.2174759805202484,50071764.0,0.024898666888475418,9.999999747378752e-05
475,0.2668340504169464,0.009995651431381702,0.0996081680059433,0.08233422785997391,34498908.0,0.005462705157697201,0.32132092118263245,0.06493917852640152,0.2548316717147827,0.2172110378742218,49962132.0,0.024871211498975754,9.999999747378752e-05
476,0.26617807149887085,0.00999488215893507,0.09960523992776871,0.08233007043600082,34497704.0,0.005462206434458494,0.3205472528934479,0.06481901556253433,0.2545957863330841,0.21695005893707275,49854968.0,0.02484394609928131,9.999999747378752e-05
477,0.26552456617355347,0.009994128718972206,0.09960240125656128,0.08232555538415909,34496160.0,0.0054617468267679214,0.31977325677871704,0.06469602137804031,0.2543541193008423,0.2166849672794342,49748752.0,0.024815965443849564,9.999999747378752e-05
478,0.26487353444099426,0.009993384592235088,0.09959959238767624,0.0823211818933487,34494268.0,0.0054612597450613976,0.31900566816329956,0.06457705050706863,0.2541201412677765,0.2164263278245926,49643148.0,0.024788957089185715,9.999999747378752e-05
479,0.26422491669654846,0.009992637671530247,0.09959675371646881,0.08231717348098755,34492640.0,0.005460727959871292,0.3182463049888611,0.06446391344070435,0.25389745831489563,0.2161797285079956,49543460.0,0.024762865155935287,9.999999747378752e-05
480,0.2635786831378937,0.009991885162889957,0.09959392249584198,0.08231277763843536,34491460.0,0.00546024926006794,0.31748834252357483,0.06434972584247589,0.2536724805831909,0.21593162417411804,49444884.0,0.024736346676945686,9.999999747378752e-05
481,0.2629348933696747,0.009991150349378586,0.09959115087985992,0.08230803906917572,34489836.0,0.005459811072796583,0.31672972440719604,0.06423253566026688,0.25344139337539673,0.21567825973033905,49345480.0,0.0247093103826046,9.999999747378752e-05
482,0.2622934579849243,0.009990415535867214,0.0995882898569107,0.08230385929346085,34488212.0,0.005459311418235302,0.31597965955734253,0.06412146240472794,0.25322216749191284,0.21543462574481964,49246940.0,0.024683689698576927,9.999999747378752e-05
483,0.26165443658828735,0.009989682585000992,0.09958554804325104,0.08229990303516388,34486492.0,0.005458729807287455,0.3152388334274292,0.06401732563972473,0.2530164420604706,0.21520540118217468,49155444.0,0.02465904876589775,9.999999747378752e-05
484,0.26101773977279663,0.009988941252231598,0.09958278387784958,0.08229481428861618,34484844.0,0.005458284169435501,0.3144949972629547,0.06390783190727234,0.25279998779296875,0.21496735513210297,49063920.0,0.024633193388581276,9.999999747378752e-05
485,0.26038336753845215,0.009988230653107166,0.09958010911941528,0.08229005336761475,34483636.0,0.005457927007228136,0.31374865770339966,0.06379347294569016,0.252573698759079,0.2147192507982254,48968328.0,0.024606695398688316,9.999999747378752e-05
486,0.2597513496875763,0.00998750701546669,0.09957729279994965,0.08228649944067001,34482264.0,0.0054573435336351395,0.3130180239677429,0.06369257718324661,0.2523738741874695,0.2144930362701416,48874912.0,0.024583088234066963,9.999999747378752e-05
487,0.2591216266155243,0.009986775927245617,0.0995744839310646,0.08228228986263275,34479932.0,0.005456665996462107,0.312296986579895,0.06359893083572388,0.2521882951259613,0.21428373456001282,48791732.0,0.02456020750105381,9.999999747378752e-05
488,0.25849419832229614,0.009986067190766335,0.09957189857959747,0.08227606117725372,34477788.0,0.005456338636577129,0.31156158447265625,0.0634886622428894,0.251969575881958,0.21404607594013214,48705052.0,0.024533981457352638,9.999999747378752e-05
489,0.25786906480789185,0.009985371492803097,0.09956923872232437,0.0822717472910881,34477588.0,0.005456101149320602,0.3108242154121399,0.06337413936853409,0.2517422139644623,0.21379594504833221,48609000.0,0.02450777404010296,9.999999747378752e-05
490,0.2572461664676666,0.009984651580452919,0.09956639260053635,0.08227058500051498,34477900.0,0.005455344915390015,0.3101208806037903,0.06329140067100525,0.25157782435417175,0.2136010080575943,48522508.0,0.0244878139346838,9.999999747378752e-05
491,0.25662553310394287,0.009983913972973824,0.09956357628107071,0.08226533234119415,34474068.0,0.005454482976347208,0.3094225227832794,0.0632113590836525,0.25141867995262146,0.21341823041439056,48449836.0,0.024467116221785545,9.999999747378752e-05
492,0.25600722432136536,0.009983247146010399,0.09956126660108566,0.08225563168525696,34469564.0,0.0054544322192668915,0.30867907404899597,0.06308402121067047,0.25116533041000366,0.21314994990825653,48359540.0,0.02443758025765419,9.999999747378752e-05
493,0.25539112091064453,0.00998259149491787,0.09955868870019913,0.08225339651107788,34471896.0,0.005454474128782749,0.30794426798820496,0.06296315789222717,0.25092461705207825,0.21288390457630157,48257024.0,0.024410953745245934,9.999999747378752e-05
494,0.2547771632671356,0.009981857612729073,0.09955562651157379,0.08225899934768677,34477332.0,0.005453260615468025,0.3072972297668457,0.06292778253555298,0.25085410475730896,0.21277372539043427,48188792.0,0.02440025471150875,9.999999747378752e-05
495,0.2541653513908386,0.009981091134250164,0.0995526984333992,0.08224859088659286,34468428.0,0.005451969802379608,0.306631863117218,0.06287194043397903,0.25074276328086853,0.2126416116952896,48136664.0,0.02438316121697426,9.999999747378752e-05
496,0.2535559833049774,0.009980535134673119,0.09955134242773056,0.08222874253988266,34456940.0,0.005452726501971483,0.30582356452941895,0.06267099827528,0.2503417730331421,0.21223583817481995,48015272.0,0.024339886382222176,9.999999747378752e-05
497,0.25294873118400574,0.009980016387999058,0.09954897314310074,0.08223603665828705,34467564.0,0.005453453864902258,0.30507028102874756,0.06252285093069077,0.25004568696022034,0.2119036465883255,47883712.0,0.024310065433382988,9.999999747378752e-05
498,0.25234347581863403,0.009979239664971828,0.09954583644866943,0.08226102590560913,34486256.0,0.00545082800090313,0.30458784103393555,0.06264346837997437,0.2502867579460144,0.21208563446998596,47888084.0,0.02432871423661709,9.999999747378752e-05
499,0.2517402768135071,0.009978387504816055,0.09954245388507843,0.08223327249288559,34463984.0,0.005448468029499054,0.3040040135383606,0.06266050785779953,0.25032082200050354,0.2121153622865677,47902684.0,0.02432256005704403,9.999999747378752e-05
500,0.25113990902900696,0.009978312999010086,0.09954589605331421,0.08217969536781311,34431732.0,0.005451991688460112,0.3029176890850067,0.06217297911643982,0.2493450939655304,0.21116217970848083,47639456.0,0.024226542562246323,9.999999747378752e-05
