timestamp,y_true_original,prediction_original,residual
2020-05-21T20:15:00.000000000,0.0,-1458.5028801651206,1458.5028801651206
2020-05-21T20:30:00.000000000,0.0,-375.70031165808905,375.70031165808905
2020-05-21T20:45:00.000000000,0.0,291.70649427443277,-291.70649427443277
2020-05-21T21:00:00.000000000,0.0,449.6921692517353,-449.6921692517353
2020-05-21T21:15:00.000000000,0.0,417.636126699741,-417.636126699741
2020-05-21T21:30:00.000000000,0.0,322.98644316464197,-322.98644316464197
2020-05-21T21:45:00.000000000,0.0,145.7839977813128,-145.7839977813128
2020-05-21T22:00:00.000000000,0.0,-127.26599835630623,127.26599835630623
2020-05-21T22:15:00.000000000,0.0,-466.65511449903715,466.65511449903715
2020-05-21T22:30:00.000000000,0.0,-836.4974875423359,836.4974875423359
2020-05-21T22:45:00.000000000,0.0,-1290.0061975510325,1290.0061975510325
2020-05-21T23:00:00.000000000,0.0,-1642.4202064068522,1642.4202064068522
2020-05-21T23:15:00.000000000,0.0,-1768.8728584737983,1768.8728584737983
2020-05-21T23:30:00.000000000,0.0,-1747.4121815653052,1747.4121815653052
2020-05-21T23:45:00.000000000,0.0,-1527.153426030418,1527.153426030418
2020-05-22T00:00:00.000000000,0.0,-1196.2338372857776,1196.2338372857776
2020-05-22T00:15:00.000000000,0.0,-820.503209469025,820.503209469025
2020-05-22T00:30:00.000000000,0.0,-343.1381210658001,343.1381210658001
2020-05-22T00:45:00.000000000,0.0,184.33560685042175,-184.33560685042175
2020-05-22T01:00:00.000000000,0.0,737.7241473820759,-737.7241473820759
2020-05-22T01:15:00.000000000,0.0,1358.2615788786206,-1358.2615788786206
2020-05-22T01:30:00.000000000,0.0,2112.3546725122724,-2112.3546725122724
2020-05-22T01:45:00.000000000,0.0,2962.0761343683116,-2962.0761343683116
2020-05-22T02:00:00.000000000,0.0,3658.0296897734515,-3658.0296897734515
2020-05-22T02:15:00.000000000,0.0,4032.2418075646274,-4032.2418075646274
2020-05-22T02:30:00.000000000,0.0,4359.862998246681,-4359.862998246681
2020-05-22T02:45:00.000000000,0.0,4706.371683013625,-4706.371683013625
2020-05-22T03:00:00.000000000,0.0,4969.804866385646,-4969.804866385646
2020-05-22T03:15:00.000000000,0.0,5050.290840593167,-5050.290840593167
2020-05-22T03:30:00.000000000,0.0,4818.129170310684,-4818.129170310684
2020-05-22T03:45:00.000000000,0.0,4623.869552445598,-4623.869552445598
2020-05-22T04:00:00.000000000,0.0,4395.040287047159,-4395.040287047159
2020-05-22T04:15:00.000000000,0.0,4226.218826107215,-4226.218826107215
2020-05-22T04:30:00.000000000,0.0,4215.842791281175,-4215.842791281175
2020-05-22T04:45:00.000000000,0.0,3924.2087262640707,-3924.2087262640707
2020-05-22T05:00:00.000000000,0.0,3584.0645894850604,-3584.0645894850604
2020-05-22T05:15:00.000000000,0.0,3227.3989370907657,-3227.3989370907657
2020-05-22T05:30:00.000000000,0.0,2755.835570599418,-2755.835570599418
2020-05-22T05:45:00.000000000,0.0,2472.3336174297146,-2472.3336174297146
2020-05-22T06:00:00.000000000,4856.428571499992,2513.8672820362262,2342.561289463766
2020-05-22T06:15:00.000000000,12535.928571499997,4302.864402059,8233.064169440997
2020-05-22T06:30:00.000000000,19705.732142900008,9191.522929215804,10514.209213684204
2020-05-22T06:45:00.000000000,26140.249998999985,17318.32444009371,8821.925558906274
2020-05-22T07:00:00.000000000,35307.44642900003,27344.09111407399,7963.355314926041
2020-05-22T07:15:00.000000000,77813.89285699988,38351.40642967075,39462.48642732913
2020-05-22T07:30:00.000000000,99356.07142800013,63652.6671815142,35703.40424648592
2020-05-22T07:45:00.000000000,96299.42857400008,95923.99558454752,375.4329894525581
2020-05-22T08:00:00.000000000,110637.53571399993,121565.06725904346,-10927.53154504353
2020-05-22T08:15:00.000000000,103632.5607139999,141390.2870555371,-37757.7263415372
2020-05-22T08:30:00.000000000,57482.214285000075,148271.81676077843,-90789.60247577835
2020-05-22T08:45:00.000000000,84887.48809599993,133072.03926631808,-48184.551170318155
2020-05-22T09:00:00.000000000,112328.17142899998,123255.89696665108,-10927.725537651102
2020-05-22T09:15:00.000000000,124451.41071399994,128225.40183487535,-3773.9911208754056
2020-05-22T09:30:00.000000000,141311.96428599994,139249.07838587463,2062.885900125315
2020-05-22T09:45:00.000000000,118421.64285799988,155870.48231691122,-37448.839458911345
2020-05-22T10:00:00.000000000,151447.30357300007,160509.43033581972,-9062.126762819651
2020-05-22T10:15:00.000000000,207550.82141699988,171373.89802074432,36176.92339625556
2020-05-22T10:30:00.000000000,125350.58928600007,187898.6361118853,-62548.046825885234
2020-05-22T10:45:00.000000000,185545.17857099997,182929.0890646577,2616.0895063422795
2020-05-22T11:00:00.000000000,177744.58928599994,194886.1953957677,-17141.606109767745
2020-05-22T11:15:00.000000000,169112.0071440001,195059.36551195383,-25947.35836795374
2020-05-22T11:30:00.000000000,279968.99404000014,191268.72160857916,88700.27243142098
2020-05-22T11:45:00.000000000,275556.55356999993,219509.18403041363,56047.3695395863
2020-05-22T12:00:00.000000000,283826.6250000004,236653.9703425169,47172.65465748351
2020-05-22T12:15:00.000000000,221449.33929300006,246436.1922876835,-24986.85299468343
2020-05-22T12:30:00.000000000,207784.17856500007,230459.54503777623,-22675.366472776164
2020-05-22T12:45:00.000000000,248848.67857400014,201052.90065950155,47795.77791449858
2020-05-22T13:00:00.000000000,235013.61905,201708.0080680549,33305.610981945094
2020-05-22T13:15:00.000000000,246269.05357999986,204461.9595552981,41807.09402470177
2020-05-22T13:30:00.000000000,240790.48216000013,210738.68453139067,30051.797628609464
2020-05-22T13:45:00.000000000,198059.98214299988,207973.29409843683,-9913.311955436948
2020-05-22T14:00:00.000000000,218127.44642899995,194177.3181937337,23950.128235266253
2020-05-22T14:15:00.000000000,184814.0892849999,192298.85097178817,-7484.761686788261
2020-05-22T14:30:00.000000000,238468.78571999993,179547.1090890169,58921.67663098301
2020-05-22T14:45:00.000000000,230378.30357299995,184588.03988152742,45790.26369147253
2020-05-22T15:00:00.000000000,210988.16071400006,189821.12134173512,21167.03937226493
2020-05-22T15:15:00.000000000,142292.60714300003,185890.71309283376,-43598.10594983373
2020-05-22T15:30:00.000000000,94029.05357100008,163002.64809590578,-68973.5945249057
2020-05-22T15:45:00.000000000,100138.92857100011,128960.75901521742,-28821.83044421731
2020-05-22T16:00:00.000000000,70111.83928700002,101351.20168980956,-31239.362402809536
2020-05-22T16:15:00.000000000,61082.53571599988,75975.90835127234,-14893.372635272463
2020-05-22T16:30:00.000000000,49037.87500100014,57071.515248686075,-8033.640247685937
2020-05-22T16:45:00.000000000,42450.03571399999,41198.484938427806,1251.5507755721846
2020-05-22T17:00:00.000000000,35424.017857000006,29875.162420723587,5548.855436276419
2020-05-22T17:15:00.000000000,26301.160714999998,21786.868230961263,4514.292484038735
2020-05-22T17:30:00.000000000,17627.35714280001,14962.6734994594,2664.6836433406097
2020-05-22T17:45:00.000000000,11269.339285800002,8593.947154005058,2675.3921317949444
2020-05-22T18:00:00.000000000,6197.732142800007,2753.441912158858,3444.290230641149
2020-05-22T18:15:00.000000000,2459.071428689986,-2159.441993767163,4618.513422457148
2020-05-22T18:30:00.000000000,0.0,-5762.279798599891,5762.279798599891
2020-05-22T18:45:00.000000000,0.0,-7944.326179313473,7944.326179313473
2020-05-22T19:00:00.000000000,0.0,-8665.620879936032,8665.620879936032
2020-05-22T19:15:00.000000000,0.0,-8465.557431208901,8465.557431208901
2020-05-22T19:30:00.000000000,0.0,-7801.786455365829,7801.786455365829
2020-05-22T19:45:00.000000000,0.0,-7042.193219694309,7042.193219694309
2020-05-22T20:00:00.000000000,0.0,-6043.023244949989,6043.023244949989
2020-05-22T20:15:00.000000000,0.0,-5028.415754976682,5028.415754976682
2020-05-22T20:30:00.000000000,0.0,-4281.340983883012,4281.340983883012
2020-05-22T20:45:00.000000000,0.0,-3825.7740044151433,3825.7740044151433
2020-05-22T21:00:00.000000000,0.0,-3663.469199493993,3663.469199493993
2020-05-22T21:15:00.000000000,0.0,-3726.2652996932156,3726.2652996932156
2020-05-22T21:30:00.000000000,0.0,-3801.327054068912,3801.327054068912
2020-05-22T21:45:00.000000000,0.0,-3841.768282488454,3841.768282488454
2020-05-22T22:00:00.000000000,0.0,-4330.859133825172,4330.859133825172
2020-05-22T22:15:00.000000000,0.0,-4903.785235854797,4903.785235854797
2020-05-22T22:30:00.000000000,0.0,-5028.786930206232,5028.786930206232
2020-05-22T22:45:00.000000000,0.0,-4313.380154833663,4313.380154833663
2020-05-22T23:00:00.000000000,0.0,-2722.7424518023618,2722.7424518023618
2020-05-22T23:15:00.000000000,0.0,-2687.9532098327763,2687.9532098327763
2020-05-22T23:30:00.000000000,0.0,-3788.4371506427415,3788.4371506427415
2020-05-22T23:45:00.000000000,0.0,-4894.995131555013,4894.995131555013
2020-05-23T00:00:00.000000000,0.0,-5059.105197819881,5059.105197819881
2020-05-23T00:15:00.000000000,0.0,-4429.929440530948,4429.929440530948
2020-05-23T00:30:00.000000000,0.0,-3870.51749117719,3870.51749117719
2020-05-23T00:45:00.000000000,0.0,-3770.317050800193,3770.317050800193
2020-05-23T01:00:00.000000000,0.0,-3769.8277743612416,3769.8277743612416
2020-05-23T01:15:00.000000000,0.0,-3835.238972768653,3835.238972768653
2020-05-23T01:30:00.000000000,0.0,-3714.6913811718114,3714.6913811718114
2020-05-23T01:45:00.000000000,0.0,-3336.396335855592,3336.396335855592
2020-05-23T02:00:00.000000000,0.0,-2702.8677054201253,2702.8677054201253
2020-05-23T02:15:00.000000000,0.0,-1924.2687426449265,1924.2687426449265
2020-05-23T02:30:00.000000000,0.0,-1289.29759029462,1289.29759029462
2020-05-23T02:45:00.000000000,0.0,-770.613884297316,770.613884297316
2020-05-23T03:00:00.000000000,0.0,-388.45524227351416,388.45524227351416
2020-05-23T03:15:00.000000000,0.0,-112.44429657634464,112.44429657634464
2020-05-23T03:30:00.000000000,0.0,-13.036821462475928,13.036821462475928
2020-05-23T03:45:00.000000000,0.0,2.6453319859865587,-2.6453319859865587
2020-05-23T04:00:00.000000000,0.0,27.100718132889597,-27.100718132889597
2020-05-23T04:15:00.000000000,0.0,75.79637750957045,-75.79637750957045
2020-05-23T04:30:00.000000000,0.0,-109.1669880154368,109.1669880154368
2020-05-23T04:45:00.000000000,0.0,-556.2728429335402,556.2728429335402
2020-05-23T05:00:00.000000000,0.0,-1149.229555943748,1149.229555943748
2020-05-23T05:15:00.000000000,0.0,-1774.0935646144208,1774.0935646144208
2020-05-23T05:30:00.000000000,0.0,-2214.511823216919,2214.511823216919
2020-05-23T05:45:00.000000000,0.0,-1512.1746074629482,1512.1746074629482
2020-05-23T06:00:00.000000000,14655.700000099987,465.7201905277325,14189.979809572254
2020-05-23T06:15:00.000000000,14655.700000099987,3522.3904507751577,11133.30954932483
2020-05-23T06:30:00.000000000,14655.700000099987,7354.0025564925745,7301.697443607412
2020-05-23T06:45:00.000000000,14655.700000099987,11672.39489501901,2983.3051050809772
2020-05-23T07:00:00.000000000,22367.535714900016,16196.025518747047,6171.510196152969
2020-05-23T07:15:00.000000000,45620.82142900013,22451.508094273508,23169.31333472662
2020-05-23T07:30:00.000000000,70359.74999999993,36334.01000646502,34025.73999353491
2020-05-23T07:45:00.000000000,82024.41071599997,58921.81955008954,23102.59116591043
2020-05-23T08:00:00.000000000,97364.94642900012,83355.63957257569,14009.306856424431
2020-05-23T08:15:00.000000000,146181.6785709999,107209.17352056503,38972.50505043488
2020-05-23T08:30:00.000000000,172697.83928599991,139105.1973696202,33592.64191637971
2020-05-23T08:45:00.000000000,168447.50000000012,171141.6266850531,-2694.1266850529937
2020-05-23T09:00:00.000000000,180673.16071400009,190521.5121282935,-9848.35141429343
2020-05-23T09:15:00.000000000,195359.42857,201145.28954845667,-5785.86097845668
2020-05-23T09:30:00.000000000,178540.51785699994,205297.37376740575,-26756.855910405808
2020-05-23T09:45:00.000000000,200807.5357080001,203152.80764907598,-2345.2719410758873
2020-05-23T10:00:00.000000000,198754.6964289999,207668.12057334185,-8913.42414434196
2020-05-23T10:15:00.000000000,193530.76785700012,207144.9322156906,-13614.164358690497
2020-05-23T10:30:00.000000000,192341.75000000012,202426.63705566525,-10084.887055665138
2020-05-23T10:45:00.000000000,216072.5714270001,197177.12265574932,18895.448771250783
2020-05-23T11:00:00.000000000,230190.660707,205192.68548107147,24997.97522592853
2020-05-23T11:15:00.000000000,275524.19641,212776.67274403572,62747.523665964254
2020-05-23T11:30:00.000000000,279175.8928500001,227175.7071671486,52000.18568285153
2020-05-23T11:45:00.000000000,282893.58929000003,232923.7605151534,49969.828774846625
2020-05-23T12:00:00.000000000,276528.2857300001,229830.80794212222,46697.4777878779
2020-05-23T12:15:00.000000000,292463.3392799989,225057.17392969131,67406.1653503076
2020-05-23T12:30:00.000000000,262909.53572000004,225025.9277240038,37883.60799599625
2020-05-23T12:45:00.000000000,197767.500001,219554.11310479045,-21786.61310379044
2020-05-23T13:00:00.000000000,236972.0357299999,199864.19511526823,37107.84061473166
2020-05-23T13:15:00.000000000,256147.3928600001,192551.8912487328,63595.501611267304
2020-05-23T13:30:00.000000000,264777.30359000014,196349.25004944205,68428.05354055809
2020-05-23T13:45:00.000000000,275449.7142800001,213241.65407705307,62208.060202947
2020-05-23T14:00:00.000000000,227347.05356,228292.28661563993,-945.2330556399247
2020-05-23T14:15:00.000000000,177404.7321429999,214660.7919524312,-37256.05980943129
2020-05-23T14:30:00.000000000,165497.94642699996,188564.5413452983,-23066.59491829833
2020-05-23T14:45:00.000000000,157248.78571500003,166071.3393062055,-8822.553591205477
2020-05-23T15:00:00.000000000,130365.80357099998,148474.05664607882,-18108.253075078843
2020-05-23T15:15:00.000000000,166923.160714,133167.38068550825,33755.78002849175
2020-05-23T15:30:00.000000000,196541.98214299997,127427.18950372934,69114.79263927063
2020-05-23T15:45:00.000000000,164185.19642799994,134752.88942173123,29432.307006268704
2020-05-23T16:00:00.000000000,142984.87499999994,135715.33835615218,7269.536643847765
2020-05-23T16:15:00.000000000,129104.75000000007,129745.67652450502,-640.9265245049464
2020-05-23T16:30:00.000000000,121328.99999999991,115475.84482447803,5853.1551755218825
2020-05-23T16:45:00.000000000,88899.26785700006,98031.3092071116,-9132.04135011154
2020-05-23T17:00:00.000000000,72905.01785699996,79949.8031526357,-7044.785295635738
2020-05-23T17:15:00.000000000,61653.14285500013,62779.232815779746,-1126.0899607796164
2020-05-23T17:30:00.000000000,44697.23214300005,48864.835141249,-4167.602998248949
2020-05-23T17:45:00.000000000,34506.71428399989,34599.70218219608,-92.98789819618833
2020-05-23T18:00:00.000000000,28668.08928600014,22640.486900918186,6027.602385081955
2020-05-23T18:15:00.000000000,12637.053571100012,14640.581976117566,-2003.5284050175542
2020-05-23T18:30:00.000000000,717.3214285599958,6701.809717071243,-5984.4882885112465
2020-05-23T18:45:00.000000000,0.0,-750.7560095164226,750.7560095164226
2020-05-23T19:00:00.000000000,0.0,-6004.809067907743,6004.809067907743
2020-05-23T19:15:00.000000000,0.0,-8985.379377154633,8985.379377154633
2020-05-23T19:30:00.000000000,0.0,-9400.521999804303,9400.521999804303
2020-05-23T19:45:00.000000000,0.0,-8334.406038167886,8334.406038167886
2020-05-23T20:00:00.000000000,0.0,-7057.951295348816,7057.951295348816
2020-05-23T20:15:00.000000000,0.0,-5985.389854761772,5985.389854761772
2020-05-23T20:30:00.000000000,0.0,-5184.866114231758,5184.866114231758
2020-05-23T20:45:00.000000000,0.0,-4521.643465432338,4521.643465432338
2020-05-23T21:00:00.000000000,0.0,-4035.504880711902,4035.504880711902
2020-05-23T21:15:00.000000000,0.0,-3632.8303714548238,3632.8303714548238
2020-05-23T21:30:00.000000000,0.0,-3438.790084407199,3438.790084407199
2020-05-23T21:45:00.000000000,0.0,-3366.2590702329762,3366.2590702329762
2020-05-23T22:00:00.000000000,0.0,-3369.6840053056367,3369.6840053056367
2020-05-23T22:15:00.000000000,0.0,-3379.857580915559,3379.857580915559
2020-05-23T22:30:00.000000000,0.0,-3308.7606528555043,3308.7606528555043
2020-05-23T22:45:00.000000000,0.0,-3224.9087941800244,3224.9087941800244
2020-05-23T23:00:00.000000000,0.0,-3008.581121758092,3008.581121758092
2020-05-23T23:15:00.000000000,0.0,-2731.060151264537,2731.060151264537
2020-05-23T23:30:00.000000000,0.0,-2361.2009066198952,2361.2009066198952
2020-05-23T23:45:00.000000000,0.0,-1840.290346959373,1840.290346959373
2020-05-24T00:00:00.000000000,0.0,-1122.0156629772391,1122.0156629772391
2020-05-24T00:15:00.000000000,0.0,-254.57910209175316,254.57910209175316
2020-05-24T00:30:00.000000000,0.0,569.6155115988804,-569.6155115988804
2020-05-24T00:45:00.000000000,0.0,1253.961339375237,-1253.961339375237
2020-05-24T01:00:00.000000000,0.0,1930.326965620974,-1930.326965620974
2020-05-24T01:15:00.000000000,0.0,2833.3120729173534,-2833.3120729173534
2020-05-24T01:30:00.000000000,0.0,3891.161477133166,-3891.161477133166
2020-05-24T01:45:00.000000000,0.0,5065.542768207379,-5065.542768207379
2020-05-24T02:00:00.000000000,0.0,6241.020976987667,-6241.020976987667
2020-05-24T02:15:00.000000000,0.0,7394.313030001707,-7394.313030001707
2020-05-24T02:30:00.000000000,0.0,8417.23821943719,-8417.23821943719
2020-05-24T02:45:00.000000000,0.0,8818.495514181443,-8818.495514181443
2020-05-24T03:00:00.000000000,0.0,8645.333833795972,-8645.333833795972
2020-05-24T03:15:00.000000000,0.0,8493.464114305563,-8493.464114305563
2020-05-24T03:30:00.000000000,0.0,8642.305381354876,-8642.305381354876
2020-05-24T03:45:00.000000000,0.0,9050.29497227259,-9050.29497227259
2020-05-24T04:00:00.000000000,0.0,9387.558283122256,-9387.558283122256
2020-05-24T04:15:00.000000000,0.0,9241.618931503966,-9241.618931503966
2020-05-24T04:30:00.000000000,0.0,8905.992165984586,-8905.992165984586
2020-05-24T04:45:00.000000000,0.0,8388.04191331286,-8388.04191331286
2020-05-24T05:00:00.000000000,0.0,7832.7848594086245,-7832.7848594086245
2020-05-24T05:15:00.000000000,0.0,7519.091175635345,-7519.091175635345
2020-05-24T05:30:00.000000000,0.0,7221.687022958882,-7221.687022958882
2020-05-24T05:45:00.000000000,0.0,7033.892391833477,-7033.892391833477
2020-05-24T06:00:00.000000000,2377.9464286099874,6997.968007436022,-4620.021578826035
2020-05-24T06:15:00.000000000,8805.839285800008,7804.53019953426,1001.3090862657482
2020-05-24T06:30:00.000000000,16364.660714400005,11366.175330640748,4998.485383759256
2020-05-24T06:45:00.000000000,26223.14285700001,18137.890946164727,8085.251910835283
2020-05-24T07:00:00.000000000,38834.142857999876,28509.028789915144,10325.114068084731
2020-05-24T07:15:00.000000000,53582.57142800003,44957.50724298507,8625.064185014962
2020-05-24T07:30:00.000000000,70595.03571299992,64838.44128501415,5756.594427985765
2020-05-24T07:45:00.000000000,88050.14285800004,87134.59145621955,915.5514017804817
2020-05-24T08:00:00.000000000,105709.05357299987,109960.62801080942,-4251.574437809555
2020-05-24T08:15:00.000000000,115020.14285600005,130589.16379785538,-15569.020941855328
2020-05-24T08:30:00.000000000,153380.41071399997,142536.65331619978,10843.75739780019
2020-05-24T08:45:00.000000000,114169.46428499995,162574.16003659368,-48404.695751593725
2020-05-24T09:00:00.000000000,165905.16071399985,164235.2198036313,1669.9409103685466
2020-05-24T09:15:00.000000000,151049.107144,176534.61718279123,-25485.510038791224
2020-05-24T09:30:00.000000000,179945.37499899988,175961.18519634008,3984.189802659792
2020-05-24T09:45:00.000000000,138602.3571430001,181688.790163517,-43086.43302051691
2020-05-24T10:00:00.000000000,159661.5892840001,185324.85645538568,-25663.26717138558
2020-05-24T10:15:00.000000000,186227.10714700012,188824.566465199,-2597.459318198875
2020-05-24T10:30:00.000000000,205638.51786099988,193624.09838569164,12014.419475308241
2020-05-24T10:45:00.000000000,257417.1964159999,202623.3093125224,54793.88710347749
2020-05-24T11:00:00.000000000,236075.23213400002,222399.28934049606,13675.942793503957
2020-05-24T11:15:00.000000000,245811.23213999992,225507.13953751326,20304.092602486664
2020-05-24T11:30:00.000000000,255182.66071000005,227233.18871292472,27949.471997075336
2020-05-24T11:45:00.000000000,255212.8750100001,227353.53384530544,27859.341164694662
2020-05-24T12:00:00.000000000,261993.64286999998,221383.97324326634,40609.66962673364
2020-05-24T12:15:00.000000000,276448.2678700001,225341.52789872885,51106.73997127125
2020-05-24T12:30:00.000000000,256224.94642999992,225758.2227087021,30466.723721297836
2020-05-24T12:45:00.000000000,265186.10715,223887.06089013815,41299.04625986185
2020-05-24T13:00:00.000000000,267671.3214299999,224622.2746618688,43049.046768131084
2020-05-24T13:15:00.000000000,261246.0,220284.1979097128,40961.80209028721
2020-05-24T13:30:00.000000000,209572.08928400002,218430.11015170813,-8858.02086770811
2020-05-24T13:45:00.000000000,257489.46428000001,210553.14753142,46936.31674858002
2020-05-24T14:00:00.000000000,196984.37499800013,207348.90987592936,-10364.534877929225
2020-05-24T14:15:00.000000000,239015.82141,205585.05144190788,33430.76996809212
2020-05-24T14:30:00.000000000,178910.83928600012,204778.47079649568,-25867.631510495557
2020-05-24T14:45:00.000000000,204194.32142400008,193446.91282838583,10747.408595614252
2020-05-24T15:00:00.000000000,192523.85714200002,180331.73978108168,12192.117360918346
2020-05-24T15:15:00.000000000,131077.62500100004,172225.5427133441,-41147.91771234406
2020-05-24T15:30:00.000000000,85289.7499989999,152355.50350788236,-67065.75350888245
2020-05-24T15:45:00.000000000,67334.62500099995,117866.98096063733,-50532.35595963738
2020-05-24T16:00:00.000000000,92390.5714299999,84763.77716387808,7626.794266121811
2020-05-24T16:15:00.000000000,88096.67857099997,66448.50241909176,21648.176151908207
2020-05-24T16:30:00.000000000,76882.85714400008,59242.19017009437,17640.66697390571
2020-05-24T16:45:00.000000000,88822.08928599994,53219.412319518626,35602.67696648132
2020-05-24T17:00:00.000000000,88017.49999799987,53176.87901253253,34840.620985467336
2020-05-24T17:15:00.000000000,57869.82142900006,51976.84418799728,5892.97724100278
2020-05-24T17:30:00.000000000,38298.66071499999,42989.42229260504,-4690.761577605052
2020-05-24T17:45:00.000000000,24003.39285669999,30668.243676111102,-6664.850819411113
2020-05-24T18:00:00.000000000,13463.58928570001,16204.191373797134,-2740.6020880971228
2020-05-24T18:15:00.000000000,8205.928571500006,2238.765277385246,5967.16329411476
2020-05-24T18:30:00.000000000,3298.7857141999916,-7300.573358464055,10599.359072664047
2020-05-24T18:45:00.000000000,0.0,-12566.8997818809,12566.8997818809
2020-05-24T19:00:00.000000000,0.0,-15140.316698951647,15140.316698951647
2020-05-24T19:15:00.000000000,0.0,-15465.407149432227,15465.407149432227
2020-05-24T19:30:00.000000000,0.0,-14425.526000646874,14425.526000646874
2020-05-24T19:45:00.000000000,0.0,-12942.799059806392,12942.799059806392
2020-05-24T20:00:00.000000000,0.0,-11152.806515304372,11152.806515304372
2020-05-24T20:15:00.000000000,0.0,-9534.904304502532,9534.904304502532
2020-05-24T20:30:00.000000000,0.0,-8077.502164515667,8077.502164515667
2020-05-24T20:45:00.000000000,0.0,-6871.840660932474,6871.840660932474
2020-05-24T21:00:00.000000000,0.0,-5962.950624975376,5962.950624975376
2020-05-24T21:15:00.000000000,0.0,-5233.287610086612,5233.287610086612
2020-05-24T21:30:00.000000000,0.0,-4724.963133218698,4724.963133218698
2020-05-24T21:45:00.000000000,0.0,-4687.508178236894,4687.508178236894
2020-05-24T22:00:00.000000000,0.0,-4624.7964360443875,4624.7964360443875
2020-05-24T22:15:00.000000000,0.0,-4202.651835218538,4202.651835218538
2020-05-24T22:30:00.000000000,0.0,-3174.6820369814523,3174.6820369814523
2020-05-24T22:45:00.000000000,0.0,-2410.2297801231034,2410.2297801231034
2020-05-24T23:00:00.000000000,0.0,-2311.1428654347546,2311.1428654347546
2020-05-24T23:15:00.000000000,0.0,-2249.3590613161214,2249.3590613161214
2020-05-24T23:30:00.000000000,0.0,-2165.861638078233,2165.861638078233
2020-05-24T23:45:00.000000000,0.0,-1827.4679299385753,1827.4679299385753
2020-05-25T00:00:00.000000000,0.0,-1559.395056197187,1559.395056197187
2020-05-25T00:15:00.000000000,0.0,-1520.9109335334506,1520.9109335334506
2020-05-25T00:30:00.000000000,0.0,-1217.0533933432307,1217.0533933432307
2020-05-25T00:45:00.000000000,0.0,-416.8838905367302,416.8838905367302
2020-05-25T01:00:00.000000000,0.0,859.3515214648796,-859.3515214648796
2020-05-25T01:15:00.000000000,0.0,1947.6541002003942,-1947.6541002003942
2020-05-25T01:30:00.000000000,0.0,2743.302079751622,-2743.302079751622
2020-05-25T01:45:00.000000000,0.0,3340.9785573328845,-3340.9785573328845
2020-05-25T02:00:00.000000000,0.0,3982.0656651700847,-3982.0656651700847
2020-05-25T02:15:00.000000000,0.0,4596.680966881104,-4596.680966881104
2020-05-25T02:30:00.000000000,0.0,5139.431946289726,-5139.431946289726
2020-05-25T02:45:00.000000000,0.0,5577.477767762728,-5577.477767762728
2020-05-25T03:00:00.000000000,0.0,5714.686065685935,-5714.686065685935
2020-05-25T03:15:00.000000000,0.0,5716.415404823609,-5716.415404823609
2020-05-25T03:30:00.000000000,0.0,5756.274562996812,-5756.274562996812
2020-05-25T03:45:00.000000000,0.0,5831.943695020862,-5831.943695020862
2020-05-25T04:00:00.000000000,0.0,5869.668595624156,-5869.668595624156
2020-05-25T04:15:00.000000000,0.0,5683.060248968191,-5683.060248968191
2020-05-25T04:30:00.000000000,0.0,5242.534302097745,-5242.534302097745
2020-05-25T04:45:00.000000000,0.0,4843.314253215678,-4843.314253215678
2020-05-25T05:00:00.000000000,0.0,4617.125129808672,-4617.125129808672
2020-05-25T05:15:00.000000000,0.0,4460.139097210951,-4460.139097210951
2020-05-25T05:30:00.000000000,0.0,4160.472304623108,-4160.472304623108
2020-05-25T05:45:00.000000000,0.0,3756.7501743701287,-3756.7501743701287
2020-05-25T06:00:00.000000000,0.0,3676.30479745334,-3676.30479745334
2020-05-25T06:15:00.000000000,9018.892857200006,5312.84037384484,3706.0524833551663
2020-05-25T06:30:00.000000000,15892.071428600002,9411.235466657206,6480.835961942796
2020-05-25T06:45:00.000000000,25885.64285600001,16060.411587150767,9825.231268849242
2020-05-25T07:00:00.000000000,37963.892855999926,25975.09141998738,11988.801436012545
2020-05-25T07:15:00.000000000,53687.178571999975,41932.6653245762,11754.513247423776
2020-05-25T07:30:00.000000000,60434.999999999956,61706.397211670876,-1271.3972116709192
2020-05-25T07:45:00.000000000,79574.125,78195.94114241004,1378.18385758996
2020-05-25T08:00:00.000000000,76654.42857100003,96740.86790677905,-20086.439335779025
2020-05-25T08:15:00.000000000,129853.62499999988,106887.04403612018,22966.580963879707
2020-05-25T08:30:00.000000000,146843.28571699988,128953.41143283248,17889.874284167396
2020-05-25T08:45:00.000000000,163322.87499999997,154348.59638935328,8974.278610646696
2020-05-25T09:00:00.000000000,181661.999998,177729.61583432555,3932.384163674462
2020-05-25T09:15:00.000000000,196268.87500000006,195693.6027496457,575.2722503543482
2020-05-25T09:30:00.000000000,209238.14285399986,206486.8385336995,2751.304320300347
2020-05-25T09:45:00.000000000,222074.8571389999,212908.8111257553,9166.046013244602
2020-05-25T10:00:00.000000000,230920.05359000014,218286.7015402913,12633.352049708832
2020-05-25T10:15:00.000000000,230873.2143,221373.3610060215,9499.853293978493
2020-05-25T10:30:00.000000000,245928.66073,223161.41331636906,22767.247413630947
2020-05-25T10:45:00.000000000,255876.85715999996,224425.13000017405,31451.72715982591
2020-05-25T11:00:00.000000000,261314.6785699999,224500.1748829484,36814.5036870515
2020-05-25T11:15:00.000000000,265383.4642799999,224633.62924957275,40749.835030427144
2020-05-25T11:30:00.000000000,270079.57142,224946.0238200426,45133.54759995738
2020-05-25T11:45:00.000000000,274643.16067999986,224618.76536878943,50024.39531121042
2020-05-25T12:00:00.000000000,274985.44642999995,225023.44759860635,49961.998831393605
2020-05-25T12:15:00.000000000,277025.8571299999,225389.10581451654,51636.75131548336
2020-05-25T12:30:00.000000000,276426.6250000001,226169.68732225895,50256.93767774117
2020-05-25T12:45:00.000000000,273846.99999,226721.01751095057,47125.98247904942
2020-05-25T13:00:00.000000000,270429.00000000006,226300.10480064154,44128.89519935852
2020-05-25T13:15:00.000000000,262416.7380899999,224667.01814863086,37749.719941369025
2020-05-25T13:30:00.000000000,250835.07143000016,222040.8015551567,28794.26987484345
2020-05-25T13:45:00.000000000,255962.4107,217186.03201186657,38776.37868813344
2020-05-25T14:00:00.000000000,250431.51786000002,214214.6730697155,36216.84479028452
2020-05-25T14:15:00.000000000,231765.10713,210885.9736111164,20879.13351888358
2020-05-25T14:30:00.000000000,222678.08928099985,204245.0245052278,18433.064775772044
2020-05-25T14:45:00.000000000,206287.8214280001,195456.42177796364,10831.399650036474
2020-05-25T15:00:00.000000000,222198.285723,189516.6732954979,32681.612427502114
2020-05-25T15:15:00.000000000,195367.892857,185716.46319416165,9651.429662838345
2020-05-25T15:30:00.000000000,173667.80357100008,176996.78095838428,-3328.9773873841914
2020-05-25T15:45:00.000000000,187186.9107129999,156114.12511190772,31072.785601092182
2020-05-25T16:00:00.000000000,168689.57142999995,145984.31443586946,22705.256994130497
2020-05-25T16:15:00.000000000,95108.87500000013,135087.83288739622,-39978.957887396085
2020-05-25T16:30:00.000000000,43466.428572,108955.62046200037,-65489.19189000037
2020-05-25T16:45:00.000000000,29195.999999999993,71431.9474479258,-42235.94744792581
2020-05-25T17:00:00.000000000,24905.142858999996,35361.23143412173,-10456.088575121732
2020-05-25T17:15:00.000000000,21416.500000000004,10253.13470053114,11163.365299468864
2020-05-25T17:30:00.000000000,15363.857142899991,-3861.837052286137,19225.69419518613
2020-05-25T17:45:00.000000000,10723.553571399994,-10501.984493492171,21225.538064892164
2020-05-25T18:00:00.000000000,9479.553571900013,-14139.012466637418,23618.56603853743
2020-05-25T18:15:00.000000000,4963.53571429999,-16935.016420228407,21898.552134528396
2020-05-25T18:30:00.000000000,745.9642857199827,-17817.638427369297,18563.60271308928
2020-05-25T18:45:00.000000000,0.0,-16717.313712297007,16717.313712297007
2020-05-25T19:00:00.000000000,0.0,-13253.126859111711,13253.126859111711
2020-05-25T19:15:00.000000000,0.0,-9856.0805434715,9856.0805434715
2020-05-25T19:30:00.000000000,0.0,-7464.683424728923,7464.683424728923
2020-05-25T19:45:00.000000000,0.0,-4778.766669902019,4778.766669902019
2020-05-25T20:00:00.000000000,0.0,-2925.589714751113,2925.589714751113
2020-05-25T20:15:00.000000000,0.0,-2042.8339210839476,2042.8339210839476
2020-05-25T20:30:00.000000000,0.0,-1587.2500700147357,1587.2500700147357
2020-05-25T20:45:00.000000000,0.0,-1054.124273267691,1054.124273267691
2020-05-25T21:00:00.000000000,0.0,-876.6518987390446,876.6518987390446
2020-05-25T21:15:00.000000000,0.0,-1399.7897074909415,1399.7897074909415
2020-05-25T21:30:00.000000000,0.0,-2348.6990500246175,2348.6990500246175
2020-05-25T21:45:00.000000000,0.0,-4092.379048839677,4092.379048839677
2020-05-25T22:00:00.000000000,0.0,-5510.336175742559,5510.336175742559
2020-05-25T22:15:00.000000000,0.0,-5970.964635613374,5970.964635613374
2020-05-25T22:30:00.000000000,0.0,-5166.492940369062,5166.492940369062
2020-05-25T22:45:00.000000000,0.0,-2926.0283763860352,2926.0283763860352
2020-05-25T23:00:00.000000000,0.0,-1479.1199770064559,1479.1199770064559
2020-05-25T23:15:00.000000000,0.0,-1384.6390094847884,1384.6390094847884
2020-05-25T23:30:00.000000000,0.0,-1855.0867413373198,1855.0867413373198
2020-05-25T23:45:00.000000000,0.0,-2275.8474754248746,2275.8474754248746
2020-05-26T00:00:00.000000000,0.0,-2561.8211181913503,2561.8211181913503
2020-05-26T00:15:00.000000000,0.0,-2630.960940495599,2630.960940495599
2020-05-26T00:30:00.000000000,0.0,-2555.139964059461,2555.139964059461
2020-05-26T00:45:00.000000000,0.0,-2281.111415043939,2281.111415043939
2020-05-26T01:00:00.000000000,0.0,-1959.7581560702529,1959.7581560702529
2020-05-26T01:15:00.000000000,0.0,-1502.554631272098,1502.554631272098
2020-05-26T01:30:00.000000000,0.0,-859.7465541932033,859.7465541932033
2020-05-26T01:45:00.000000000,0.0,-171.82389750357834,171.82389750357834
2020-05-26T02:00:00.000000000,0.0,459.3258536186768,-459.3258536186768
2020-05-26T02:15:00.000000000,0.0,832.8462357547833,-832.8462357547833
2020-05-26T02:30:00.000000000,0.0,1019.0834071811987,-1019.0834071811987
2020-05-26T02:45:00.000000000,0.0,891.4413072195603,-891.4413072195603
2020-05-26T03:00:00.000000000,0.0,254.7745424580935,-254.7745424580935
2020-05-26T03:15:00.000000000,0.0,-385.02187140018214,385.02187140018214
2020-05-26T03:30:00.000000000,0.0,-721.719983604853,721.719983604853
2020-05-26T03:45:00.000000000,0.0,-743.3325049254345,743.3325049254345
2020-05-26T04:00:00.000000000,0.0,-735.7318485203432,735.7318485203432
2020-05-26T04:15:00.000000000,0.0,-1089.541982387309,1089.541982387309
2020-05-26T04:30:00.000000000,0.0,-1875.5983906702604,1875.5983906702604
2020-05-26T04:45:00.000000000,0.0,-2100.0328675375786,2100.0328675375786
2020-05-26T05:00:00.000000000,0.0,-1652.32805429562,1652.32805429562
2020-05-26T05:15:00.000000000,0.0,-787.0109718526946,787.0109718526946
2020-05-26T05:30:00.000000000,0.0,245.05439113426837,-245.05439113426837
2020-05-26T05:45:00.000000000,0.0,1493.330346856499,-1493.330346856499
2020-05-26T06:00:00.000000000,2755.7678571999836,2774.681149299722,-18.913292099738555
2020-05-26T06:15:00.000000000,8637.285714499994,4868.094417688437,3769.1912968115575
2020-05-26T06:30:00.000000000,16522.678571399985,8511.862595570274,8010.8159758297115
2020-05-26T06:45:00.000000000,26664.30357099999,14665.433844896033,11998.869726103956
2020-05-26T07:00:00.000000000,40151.76785800006,24823.807087533176,15327.960770466882
2020-05-26T07:15:00.000000000,56277.464285000045,42054.62591278553,14222.838372214515
2020-05-26T07:30:00.000000000,73354.76785599992,63836.525457151234,9518.242398848684
2020-05-26T07:45:00.000000000,92124.33928499989,87541.62727442384,4582.712010576055
2020-05-26T08:00:00.000000000,111467.1785730001,111238.87114337087,228.3074296292325
2020-05-26T08:15:00.000000000,129811.51785600012,133689.11808544397,-3877.6002294438513
2020-05-26T08:30:00.000000000,147847.25000100015,153364.374653399,-5517.1246523988375
2020-05-26T08:45:00.000000000,164710.4464280001,170391.86959296465,-5681.423164964537
2020-05-26T09:00:00.000000000,180598.8749990001,184381.4471230805,-3782.572124080383
2020-05-26T09:15:00.000000000,194568.99999900002,195347.90363812447,-778.9036391244445
2020-05-26T09:30:00.000000000,208863.91071500012,203920.36428058147,4943.546434418648
2020-05-26T09:45:00.000000000,215653.98214600008,211210.1445593238,4443.837586676294
2020-05-26T10:00:00.000000000,234480.42857000008,216848.63372820616,17631.79484179392
2020-05-26T10:15:00.000000000,216227.10714000007,221260.253790617,-5033.146650616924
2020-05-26T10:30:00.000000000,259007.64286899997,216580.03783482313,42427.60503417684
2020-05-26T10:45:00.000000000,246529.25000999993,225186.3429095745,21342.907100425422
2020-05-26T11:00:00.000000000,268067.80356999993,224023.19784137607,44044.605728623865
2020-05-26T11:15:00.000000000,170245.30356900016,228051.81568169594,-57806.51211269578
2020-05-26T11:30:00.000000000,241034.91071000008,208640.46470195055,32394.446008049534
2020-05-26T11:45:00.000000000,215185.46427900012,201441.4536384344,13744.010640565713
2020-05-26T12:00:00.000000000,231785.23214299986,200285.242798388,31499.98934461185
2020-05-26T12:15:00.000000000,278563.46426999994,197808.25551879406,80755.20875120588
2020-05-26T12:30:00.000000000,172118.14285299994,225218.50018173456,-53100.35732873462
2020-05-26T12:45:00.000000000,268710.5892900001,204973.38840681314,63737.200883186946
2020-05-26T13:00:00.000000000,180054.48214399995,220614.49324920774,-40560.011105207785
2020-05-26T13:15:00.000000000,189248.48214699992,209820.2620406747,-20571.77989367477
2020-05-26T13:30:00.000000000,236891.48214500007,190051.55367287993,46839.92847212014
2020-05-26T13:45:00.000000000,270711.21429,201921.13013622165,68790.08415377833
2020-05-26T14:00:00.000000000,182414.7500000001,207227.94049429893,-24813.190494298848
2020-05-26T14:15:00.000000000,75814.44643000007,210742.39628368616,-134927.9498536861
2020-05-26T14:30:00.000000000,158090.49999999988,169110.74141657352,-11020.24141657364
2020-05-26T14:45:00.000000000,100082.69642900003,138047.20455679297,-37964.50812779294
2020-05-26T15:00:00.000000000,99247.66071399987,112368.55982610583,-13120.899112105966
2020-05-26T15:15:00.000000000,93425.500001,101614.4830287695,-8188.9830277695
2020-05-26T15:30:00.000000000,177462.7857149999,95863.05536049604,81599.73035450384
2020-05-26T15:45:00.000000000,166088.58928499997,106202.91747325659,59885.67181174338
2020-05-26T16:00:00.000000000,112561.12499999987,117576.08081027865,-5014.955810278785
2020-05-26T16:15:00.000000000,139076.3214290001,111384.72613698244,27691.59529201765
2020-05-26T16:30:00.000000000,117984.01785900012,105889.36719809473,12094.65066090539
2020-05-26T16:45:00.000000000,130992.98214300013,94317.59137006104,36675.39077293909
2020-05-26T17:00:00.000000000,93045.89285599986,87781.82826274633,5264.064593253526
2020-05-26T17:15:00.000000000,22259.66071439999,76072.05117152631,-53812.39045712633
2020-05-26T17:30:00.000000000,14232.500000099997,47592.632041968405,-33360.132041868404
2020-05-26T17:45:00.000000000,11071.910714200012,19789.776779972017,-8717.866065772005
2020-05-26T18:00:00.000000000,8128.0535714000125,-464.36901251703966,8592.422583917052
2020-05-26T18:15:00.000000000,1853.999999999988,-12431.901663733646,14285.901663733634
2020-05-26T18:30:00.000000000,0.0,-15471.09287908487,15471.09287908487
2020-05-26T18:45:00.000000000,0.0,-13944.15390692465,13944.15390692465
2020-05-26T19:00:00.000000000,0.0,-12471.128136856481,12471.128136856481
2020-05-26T19:15:00.000000000,0.0,-11025.62838437967,11025.62838437967
2020-05-26T19:30:00.000000000,0.0,-10179.770651040599,10179.770651040599
2020-05-26T19:45:00.000000000,0.0,-9456.788790283725,9456.788790283725
2020-05-26T20:00:00.000000000,0.0,-8444.628209742717,8444.628209742717
2020-05-26T20:15:00.000000000,0.0,-6890.939313652925,6890.939313652925
2020-05-26T20:30:00.000000000,0.0,-4792.820713820867,4792.820713820867
2020-05-26T20:45:00.000000000,0.0,-2170.838760474464,2170.838760474464
2020-05-26T21:00:00.000000000,0.0,-514.233030286734,514.233030286734
2020-05-26T21:15:00.000000000,0.0,-606.5375612351345,606.5375612351345
2020-05-26T21:30:00.000000000,0.0,-1945.9740577728953,1945.9740577728953
2020-05-26T21:45:00.000000000,0.0,-3805.7305420194753,3805.7305420194753
2020-05-26T22:00:00.000000000,0.0,-4806.503582510166,4806.503582510166
2020-05-26T22:15:00.000000000,0.0,-4912.271651330404,4912.271651330404
2020-05-26T22:30:00.000000000,0.0,-4666.654878976755,4666.654878976755
2020-05-26T22:45:00.000000000,0.0,-3818.755418256391,3818.755418256391
2020-05-26T23:00:00.000000000,0.0,-2772.8173645888455,2772.8173645888455
2020-05-26T23:15:00.000000000,0.0,-2887.44302411424,2887.44302411424
2020-05-26T23:30:00.000000000,0.0,-3566.322518960107,3566.322518960107
2020-05-26T23:45:00.000000000,0.0,-4065.8231483255513,4065.8231483255513
2020-05-27T00:00:00.000000000,0.0,-3850.5077719842084,3850.5077719842084
2020-05-27T00:15:00.000000000,0.0,-2887.4092809115537,2887.4092809115537
2020-05-27T00:30:00.000000000,0.0,-1396.1960564048495,1396.1960564048495
2020-05-27T00:45:00.000000000,0.0,-549.2753462764667,549.2753462764667
2020-05-27T01:00:00.000000000,0.0,345.93182099133264,-345.93182099133264
2020-05-27T01:15:00.000000000,0.0,1233.3442425339017,-1233.3442425339017
2020-05-27T01:30:00.000000000,0.0,2103.14277817891,-2103.14277817891
2020-05-27T01:45:00.000000000,0.0,3021.143610670697,-3021.143610670697
2020-05-27T02:00:00.000000000,0.0,3831.250420763623,-3831.250420763623
2020-05-27T02:15:00.000000000,0.0,4273.303247555625,-4273.303247555625
2020-05-27T02:30:00.000000000,0.0,4493.570175272413,-4493.570175272413
2020-05-27T02:45:00.000000000,0.0,4857.963021081872,-4857.963021081872
2020-05-27T03:00:00.000000000,0.0,6432.260578212328,-6432.260578212328
2020-05-27T03:15:00.000000000,0.0,8297.492028904147,-8297.492028904147
2020-05-27T03:30:00.000000000,0.0,9401.148358004168,-9401.148358004168
2020-05-27T03:45:00.000000000,0.0,9407.492080109194,-9407.492080109194
2020-05-27T04:00:00.000000000,0.0,8644.78550675232,-8644.78550675232
2020-05-27T04:15:00.000000000,0.0,7853.59176176507,-7853.59176176507
2020-05-27T04:30:00.000000000,0.0,7105.171744083054,-7105.171744083054
2020-05-27T04:45:00.000000000,0.0,6614.874573250301,-6614.874573250301
2020-05-27T05:00:00.000000000,0.0,6424.921431628056,-6424.921431628056
2020-05-27T05:15:00.000000000,0.0,6374.445818309672,-6374.445818309672
2020-05-27T05:30:00.000000000,0.0,6067.6104404823855,-6067.6104404823855
2020-05-27T05:45:00.000000000,0.0,5672.706358118914,-5672.706358118914
2020-05-27T06:00:00.000000000,3120.982142600001,5358.1021351106465,-2237.1199925106453
2020-05-27T06:15:00.000000000,8243.95,6240.6181675056,2003.3318324944012
2020-05-27T06:30:00.000000000,18215.482142999994,9126.577808795497,9088.904334204497
2020-05-27T06:45:00.000000000,33365.60714199991,16006.11455612816,17359.492585871754
2020-05-27T07:00:00.000000000,42938.190475999996,29533.20247785002,13404.987998149976
2020-05-27T07:15:00.000000000,43057.08928399993,48149.58890970796,-5092.499625708035
2020-05-27T07:30:00.000000000,74281.73214299996,63623.580540798604,10658.151602201353
2020-05-27T07:45:00.000000000,86378.92857099991,83455.73034754395,2923.1982234559546
2020-05-27T08:00:00.000000000,102644.12500100001,103848.23243179917,-1204.1074307991657
2020-05-27T08:15:00.000000000,127223.01190400009,122772.60151037574,4450.410393624348
2020-05-27T08:30:00.000000000,124004.57142900006,145600.01310047507,-21595.44167147501
2020-05-27T08:45:00.000000000,158182.47618999996,161405.0930363238,-3222.616846323828
2020-05-27T09:00:00.000000000,177142.10714200008,178405.18849530816,-1263.08135330808
2020-05-27T09:15:00.000000000,182864.08928500014,193637.42695075274,-10773.337665752595
2020-05-27T09:30:00.000000000,189068.67261900005,202742.91209444404,-13674.239475443988
2020-05-27T09:45:00.000000000,184712.6750000001,210857.96675288677,-26145.291752886667
2020-05-27T10:00:00.000000000,179902.30000000008,209386.8137305677,-29484.513730567618
2020-05-27T10:15:00.000000000,135950.66071400003,207447.372541368,-71496.71182736798
2020-05-27T10:30:00.000000000,186942.04166800002,192058.24506503344,-5116.203397033416
2020-05-27T10:45:00.000000000,161357.4999989999,188615.021176517,-27257.521177517105
2020-05-27T11:00:00.000000000,168393.96428599991,188178.73843738437,-19784.774151384452
2020-05-27T11:15:00.000000000,248979.09524999995,189425.87033706903,59553.22491293092
2020-05-27T11:30:00.000000000,268791.66666,210100.29687976837,58691.36978023162
2020-05-27T11:45:00.000000000,213991.24999799998,229763.40589475632,-15772.155896756332
2020-05-27T12:00:00.000000000,266222.5000000001,230620.93877622485,35601.561223775265
2020-05-27T12:15:00.000000000,173560.8214329999,237190.2848060131,-63629.46337301322
2020-05-27T12:30:00.000000000,153139.9107139999,210528.39689224958,-57388.486178249674
2020-05-27T12:45:00.000000000,171476.78571300002,191077.04334571958,-19600.257632719557
2020-05-27T13:00:00.000000000,202277.62499900002,187088.17499816418,15189.450000835845
2020-05-27T13:15:00.000000000,107412.89285599992,188142.88628453016,-80729.99342853024
2020-05-27T13:30:00.000000000,95533.1130959999,177460.1932324767,-81927.08013647681
2020-05-27T13:45:00.000000000,97894.12499899995,151060.6755912006,-53166.55059220064
2020-05-27T14:00:00.000000000,93571.26785499991,128935.67937982082,-35364.41152482091
2020-05-27T14:15:00.000000000,90297.41071500015,114905.79559409618,-24608.384879096033
2020-05-27T14:30:00.000000000,208009.12500300002,108484.62440310419,99524.50059989584
2020-05-27T14:45:00.000000000,110749.45238199999,133173.75815081596,-22424.305768815975
2020-05-27T15:00:00.000000000,110966.98214099985,131755.41324070096,-20788.431099701105
2020-05-27T15:15:00.000000000,93367.58928400006,120661.20496028662,-27293.615676286558
2020-05-27T15:30:00.000000000,184323.39285599996,102048.30251410604,82275.09034189393
2020-05-27T15:45:00.000000000,137104.74999900002,109278.47542530298,27826.27457369704
2020-05-27T16:00:00.000000000,141093.660715,113779.93676486611,27313.72395013389
2020-05-27T16:15:00.000000000,113226.33928699985,115267.1431158632,-2040.8038288633543
2020-05-27T16:30:00.000000000,108788.035715,105236.01443608105,3552.0212789189536
2020-05-27T16:45:00.000000000,67808.0178570001,92168.80735139549,-24360.789494395387
2020-05-27T17:00:00.000000000,58180.23214299992,70760.3353953585,-12580.103252358582
2020-05-27T17:15:00.000000000,39244.14285799991,51209.865408837795,-11965.722550837883
2020-05-27T17:30:00.000000000,20198.982143,33035.11423163861,-12836.13208863861
2020-05-27T17:45:00.000000000,13355.732142799987,16541.87647468038,-3186.144331880392
2020-05-27T18:00:00.000000000,6594.4047618999975,4607.799352166243,1986.6054097337546
2020-05-27T18:15:00.000000000,1318.2678570999822,-3463.852848202456,4782.120705302438
2020-05-27T18:30:00.000000000,59.37499999997828,-8925.527371389791,8984.90237138977
2020-05-27T18:45:00.000000000,0.0,-11970.851413829252,11970.851413829252
2020-05-27T19:00:00.000000000,0.0,-12275.999631522223,12275.999631522223
2020-05-27T19:15:00.000000000,0.0,-10942.620105771348,10942.620105771348
2020-05-27T19:30:00.000000000,0.0,-9153.521756140515,9153.521756140515
2020-05-27T19:45:00.000000000,0.0,-8081.095815601759,8081.095815601759
2020-05-27T20:00:00.000000000,0.0,-7173.876068177633,7173.876068177633
2020-05-27T20:15:00.000000000,0.0,-3730.7362740491517,3730.7362740491517
2020-05-27T20:30:00.000000000,0.0,1168.2282971499953,-1168.2282971499953
2020-05-27T20:45:00.000000000,0.0,6381.662645784207,-6381.662645784207
2020-05-27T21:00:00.000000000,0.0,7114.421599519439,-7114.421599519439
2020-05-27T21:15:00.000000000,0.0,6431.990632590838,-6431.990632590838
2020-05-27T21:30:00.000000000,0.0,5579.283029106446,-5579.283029106446
2020-05-27T21:45:00.000000000,0.0,4366.535716577899,-4366.535716577899
2020-05-27T22:00:00.000000000,0.0,2853.7941969479434,-2853.7941969479434
2020-05-27T22:15:00.000000000,0.0,1411.8289131431375,-1411.8289131431375
2020-05-27T22:30:00.000000000,0.0,299.4843024936272,-299.4843024936272
2020-05-27T22:45:00.000000000,0.0,-471.51413568586577,471.51413568586577
2020-05-27T23:00:00.000000000,0.0,-1046.498309460585,1046.498309460585
2020-05-27T23:15:00.000000000,0.0,-1367.4805909187999,1367.4805909187999
2020-05-27T23:30:00.000000000,0.0,-1316.1571796329226,1316.1571796329226
2020-05-27T23:45:00.000000000,0.0,-1128.3425134809222,1128.3425134809222
2020-05-28T00:00:00.000000000,0.0,-1076.344172236626,1076.344172236626
2020-05-28T00:15:00.000000000,0.0,-1203.9779023022857,1203.9779023022857
2020-05-28T00:30:00.000000000,0.0,-1237.0968557388987,1237.0968557388987
2020-05-28T00:45:00.000000000,0.0,-940.1059913906502,940.1059913906502
2020-05-28T01:00:00.000000000,0.0,-421.7091685208725,421.7091685208725
2020-05-28T01:15:00.000000000,0.0,183.55951318863663,-183.55951318863663
2020-05-28T01:30:00.000000000,0.0,648.8445515063358,-648.8445515063358
2020-05-28T01:45:00.000000000,0.0,740.0018135634018,-740.0018135634018
2020-05-28T02:00:00.000000000,0.0,810.1033171442105,-810.1033171442105
2020-05-28T02:15:00.000000000,0.0,1357.2492827980313,-1357.2492827980313
2020-05-28T02:30:00.000000000,0.0,2117.5258183239494,-2117.5258183239494
2020-05-28T02:45:00.000000000,0.0,2464.659147768747,-2464.659147768747
2020-05-28T03:00:00.000000000,0.0,2644.4682390834205,-2644.4682390834205
2020-05-28T03:15:00.000000000,0.0,2644.299523069989,-2644.299523069989
2020-05-28T03:30:00.000000000,0.0,2722.735597714316,-2722.735597714316
2020-05-28T03:45:00.000000000,0.0,2977.859517424833,-2977.859517424833
2020-05-28T04:00:00.000000000,0.0,3209.5909618730657,-3209.5909618730657
2020-05-28T04:15:00.000000000,0.0,3328.788825362455,-3328.788825362455
2020-05-28T04:30:00.000000000,0.0,3253.2335766474716,-3253.2335766474716
2020-05-28T04:45:00.000000000,0.0,2868.6833851332776,-2868.6833851332776
2020-05-28T05:00:00.000000000,0.0,2523.971262290608,-2523.971262290608
2020-05-28T05:15:00.000000000,0.0,2061.2231756916735,-2061.2231756916735
2020-05-28T05:30:00.000000000,0.0,1229.2982216367964,-1229.2982216367964
2020-05-28T05:45:00.000000000,0.0,318.8012315564556,-318.8012315564556
2020-05-28T06:00:00.000000000,3314.7857141000013,-211.91714914541808,3526.7028632454194
2020-05-28T06:15:00.000000000,9504.785714299993,696.8337125767721,8807.95200172322
2020-05-28T06:30:00.000000000,17514.7857143,4215.733125872444,13299.052588427556
2020-05-28T06:45:00.000000000,28744.696427999887,11176.192663716152,17568.503764283734
2020-05-28T07:00:00.000000000,42800.23214300004,23100.491111539304,19699.741031460733
2020-05-28T07:15:00.000000000,58807.892858000094,43409.609524056315,15398.283333943778
2020-05-28T07:30:00.000000000,75355.64285699998,67260.44823373109,8095.194623268893
2020-05-28T07:45:00.000000000,93389.00000100001,91739.59381322563,1649.4061877743807
2020-05-28T08:00:00.000000000,110366.3392859999,114602.87442778051,-4236.535141780609
2020-05-28T08:15:00.000000000,128930.464286,134315.10511007905,-5384.640824079048
2020-05-28T08:30:00.000000000,147952.39285700012,151960.96111047268,-4008.568253472564
2020-05-28T08:45:00.000000000,166723.4642870001,168528.7555282414,-1805.2912412412988
2020-05-28T09:00:00.000000000,181022.7678579999,183898.1938458085,-2875.425987808616
2020-05-28T09:15:00.000000000,194474.05357200012,196530.9065811038,-2056.853009103681
2020-05-28T09:30:00.000000000,208171.35714499993,205999.78914612532,2171.5679988746124
2020-05-28T09:45:00.000000000,212358.33333400005,213261.12390500307,-902.7905710030172
2020-05-28T10:00:00.000000000,225418.44642599992,217109.73863059282,8308.7077954071
2020-05-28T10:15:00.000000000,233272.0714199999,222326.13407707214,10945.937342927762
2020-05-28T10:30:00.000000000,216263.53571500012,225617.98595833778,-9354.450243337662
2020-05-28T10:45:00.000000000,207863.160718,224340.7045070529,-16477.5437890529
2020-05-28T11:00:00.000000000,242176.5535849999,216549.3315203786,25627.22206462131
2020-05-28T11:15:00.000000000,274505.26784999995,213271.6855274439,61233.58232255606
2020-05-28T11:30:00.000000000,283830.5357200002,221576.83251821995,62253.70320178027
2020-05-28T11:45:00.000000000,276006.1428499999,232881.04162055254,43125.10122944735
2020-05-28T12:00:00.000000000,265214.03572,237087.68859824538,28126.347121754603
2020-05-28T12:15:00.000000000,284571.6523699986,230741.73944184184,53829.91292815679
2020-05-28T12:30:00.000000000,242437.87499099987,229779.40017282963,12658.474818170245
2020-05-28T12:45:00.000000000,265731.6785699999,219168.95131772757,46562.72725227231
2020-05-28T13:00:00.000000000,282757.2857100001,217559.94044083357,65197.345269166515
2020-05-28T13:15:00.000000000,227630.35715999993,223208.67067173123,4421.686488268693
2020-05-28T13:30:00.000000000,159009.96428599994,220201.3920903206,-61191.42780432064
2020-05-28T13:45:00.000000000,218978.12499699992,200107.6691942513,18870.45580274862
2020-05-28T14:00:00.000000000,207014.45833699996,188621.49987143278,18392.95846556718
2020-05-28T14:15:00.000000000,105308.6428569999,184637.30495744944,-79328.66210044954
2020-05-28T14:30:00.000000000,179159.124998,165874.7682789564,13284.3567190436
2020-05-28T14:45:00.000000000,177523.4523819999,159014.97763204575,18508.474749954155
2020-05-28T15:00:00.000000000,220541.982138,147094.02714261413,73447.95499538587
2020-05-28T15:15:00.000000000,188854.4285709999,158791.49640065432,30062.932170345593
2020-05-28T15:30:00.000000000,176704.13690399993,166234.20087397099,10469.93603002894
2020-05-28T15:45:00.000000000,135039.91071500015,157177.89644819498,-22137.98573319483
2020-05-28T16:00:00.000000000,64711.886904999854,139415.95539475977,-74704.06848975993
2020-05-28T16:15:00.000000000,97503.3214279999,101128.42906567454,-3625.1076376746496
2020-05-28T16:30:00.000000000,95317.8749989999,79429.837270841,15888.037728158903
2020-05-28T16:45:00.000000000,81726.80952399988,67648.76501024514,14078.044513754736
2020-05-28T17:00:00.000000000,71692.44642900008,60401.21434966475,11291.232079335328
2020-05-28T17:15:00.000000000,57515.21428499994,51826.49713052809,5688.717154471851
2020-05-28T17:30:00.000000000,24810.80357299999,41445.77199931443,-16634.968426314437
2020-05-28T17:45:00.000000000,15151.089285699987,23787.823278658092,-8636.733992958105
2020-05-28T18:00:00.000000000,10506.08928580001,7386.5436575831845,3119.545628216825
2020-05-28T18:15:00.000000000,5899.321428500006,-5204.614323603921,11103.935752103927
2020-05-28T18:30:00.000000000,1316.4928571499827,-13153.246979160234,14469.739836310217
2020-05-28T18:45:00.000000000,0.0,-17329.415409026667,17329.415409026667
2020-05-28T19:00:00.000000000,0.0,-18385.42686317116,18385.42686317116
2020-05-28T19:15:00.000000000,0.0,-17436.288567734882,17436.288567734882
2020-05-28T19:30:00.000000000,0.0,-14906.518483338878,14906.518483338878
2020-05-28T19:45:00.000000000,0.0,-11565.435269353911,11565.435269353911
2020-05-28T20:00:00.000000000,0.0,-8375.555873843841,8375.555873843841
2020-05-28T20:15:00.000000000,0.0,-6861.548984113149,6861.548984113149
2020-05-28T20:30:00.000000000,0.0,-6004.016102644615,6004.016102644615
2020-05-28T20:45:00.000000000,0.0,-5390.7840086249635,5390.7840086249635
2020-05-28T21:00:00.000000000,0.0,-4826.749504121952,4826.749504121952
2020-05-28T21:15:00.000000000,0.0,-4402.732155547012,4402.732155547012
2020-05-28T21:30:00.000000000,0.0,-4358.899735257495,4358.899735257495
2020-05-28T21:45:00.000000000,0.0,-4776.961408558302,4776.961408558302
2020-05-28T22:00:00.000000000,0.0,-5287.006788763218,5287.006788763218
2020-05-28T22:15:00.000000000,0.0,-4886.289385261945,4886.289385261945
2020-05-28T22:30:00.000000000,0.0,-2895.1027311240323,2895.1027311240323
2020-05-28T22:45:00.000000000,0.0,-586.4940988394665,586.4940988394665
2020-05-28T23:00:00.000000000,0.0,-589.0754538449692,589.0754538449692
2020-05-28T23:15:00.000000000,0.0,-1938.0444051416125,1938.0444051416125
2020-05-28T23:30:00.000000000,0.0,-3124.0672329519875,3124.0672329519875
2020-05-28T23:45:00.000000000,0.0,-3979.0693742190488,3979.0693742190488
2020-05-29T00:00:00.000000000,0.0,-4536.186785790138,4536.186785790138
2020-05-29T00:15:00.000000000,0.0,-4979.235037061386,4979.235037061386
2020-05-29T00:30:00.000000000,0.0,-5293.671071293764,5293.671071293764
2020-05-29T00:45:00.000000000,0.0,-5513.136861565523,5513.136861565523
2020-05-29T01:00:00.000000000,0.0,-5798.401897075586,5798.401897075586
2020-05-29T01:15:00.000000000,0.0,-6101.21339798253,6101.21339798253
2020-05-29T01:30:00.000000000,0.0,-6313.7280885009095,6313.7280885009095
2020-05-29T01:45:00.000000000,0.0,-6266.791293564253,6266.791293564253
2020-05-29T02:00:00.000000000,0.0,-5980.733292791061,5980.733292791061
2020-05-29T02:15:00.000000000,0.0,-5558.0828075436875,5558.0828075436875
2020-05-29T02:30:00.000000000,0.0,-4962.844276356511,4962.844276356511
2020-05-29T02:45:00.000000000,0.0,-4242.654402003158,4242.654402003158
2020-05-29T03:00:00.000000000,0.0,-3397.8595795487054,3397.8595795487054
2020-05-29T03:15:00.000000000,0.0,-2493.5417475556023,2493.5417475556023
2020-05-29T03:30:00.000000000,0.0,-1620.0990778298583,1620.0990778298583
2020-05-29T03:45:00.000000000,0.0,-775.9368745210813,775.9368745210813
2020-05-29T04:00:00.000000000,0.0,46.351215265429346,-46.351215265429346
2020-05-29T04:15:00.000000000,0.0,858.5037234973861,-858.5037234973861
2020-05-29T04:30:00.000000000,0.0,1677.0336146561895,-1677.0336146561895
2020-05-29T04:45:00.000000000,0.0,2522.237705252599,-2522.237705252599
2020-05-29T05:00:00.000000000,0.0,3416.873347024899,-3416.873347024899
2020-05-29T05:15:00.000000000,0.0,4386.016089278739,-4386.016089278739
2020-05-29T05:30:00.000000000,0.0,5454.81279019732,-5454.81279019732
2020-05-29T05:45:00.000000000,0.0,6648.362592966296,-6648.362592966296
2020-05-29T06:00:00.000000000,11155.333333300016,7989.125553254969,3166.207780045046
2020-05-29T06:15:00.000000000,11155.333333300016,9496.076422961429,1659.2569103385867
2020-05-29T06:30:00.000000000,21612.428572400015,11183.87767812796,10428.550894272055
2020-05-29T06:45:00.000000000,33513.03571500007,15522.966726364568,17990.068988635503
2020-05-29T07:00:00.000000000,43164.46428599988,23867.094497568905,19297.369788430973
2020-05-29T07:15:00.000000000,43546.9285719999,35413.74851120263,8133.180060797269
2020-05-29T07:30:00.000000000,48868.946428999894,46457.15639997274,2411.7900290271573
2020-05-29T07:45:00.000000000,59633.76785699992,56749.4659043476,2884.3019526523203
2020-05-29T08:00:00.000000000,73497.73214299988,67438.03027366847,6059.701869331417
2020-05-29T08:15:00.000000000,93882.30357100003,79879.6088552475,14002.694715752528
2020-05-29T08:30:00.000000000,110597.32142799986,96985.58204846084,13611.739379539024
2020-05-29T08:45:00.000000000,122060.67857199998,117587.06422275305,4473.614349246927
2020-05-29T09:00:00.000000000,151235.57142800008,135970.41166105866,15265.159766941419
2020-05-29T09:15:00.000000000,199633.0892860001,154655.1533857584,44977.93590024169
2020-05-29T09:30:00.000000000,142957.21428499997,182645.1400140524,-39687.925729052426
2020-05-29T09:45:00.000000000,185831.96428699992,186926.47757089138,-1094.5132838914578
2020-05-29T10:00:00.000000000,192094.94642900006,191982.62654781342,112.31988118664594
2020-05-29T10:15:00.000000000,261290.32144999996,192811.42709219456,68478.8943578054
2020-05-29T10:30:00.000000000,265695.98214999994,209113.13948518038,56582.84266481956
2020-05-29T10:45:00.000000000,251875.0178499999,228028.27979782224,23846.73805217765
2020-05-29T11:00:00.000000000,256672.6071400001,226607.7753227353,30064.831817264785
2020-05-29T11:15:00.000000000,241112.16073000006,220033.14848172665,21079.012248273415
2020-05-29T11:30:00.000000000,204165.57142900012,205036.69065505266,-871.1192260525422
2020-05-29T11:45:00.000000000,277691.32143000007,196808.88308483362,80882.43834516645
2020-05-29T12:00:00.000000000,261260.41070999994,210410.43065565825,50849.98005434169
2020-05-29T12:15:00.000000000,224220.5714300001,212049.371753335,12171.1996766651
2020-05-29T12:30:00.000000000,262618.3571699999,204084.59244805574,58533.76472194417
2020-05-29T12:45:00.000000000,273016.2678599999,205958.3862364292,67057.88162357069
2020-05-29T13:00:00.000000000,275776.57140999986,204489.5614950955,71287.00991490437
2020-05-29T13:15:00.000000000,255066.875,216956.61197680235,38110.26302319765
2020-05-29T13:30:00.000000000,241203.96426000007,217808.7122026384,23395.25205736168
2020-05-29T13:45:00.000000000,195300.69642800002,206639.49278265238,-11338.796354652353
2020-05-29T14:00:00.000000000,146673.107142,187627.45886349678,-40954.35172149679
2020-05-29T14:15:00.000000000,204268.42857699987,164939.11988326907,39329.308693730796
2020-05-29T14:30:00.000000000,179871.58928699998,166884.66859215498,12986.920694845001
2020-05-29T14:45:00.000000000,193773.69642899997,166498.1064621806,27275.58996681936
2020-05-29T15:00:00.000000000,169502.4999989999,171250.53287172318,-1748.03287272327
2020-05-29T15:15:00.000000000,164529.37500000003,164088.3018991351,441.07310086491634
2020-05-29T15:30:00.000000000,153956.73214499993,148033.82595223188,5922.906192768045
2020-05-29T15:45:00.000000000,160888.78571499992,138950.96562594175,21937.820089058165
2020-05-29T16:00:00.000000000,148051.30357200003,132177.10204467177,15874.20152732826
2020-05-29T16:15:00.000000000,140480.57142900012,124439.00957503915,16041.561853960971
2020-05-29T16:30:00.000000000,91834.39285700006,114686.40572603047,-22852.012869030412
2020-05-29T16:45:00.000000000,79403.39285699988,94435.03458701074,-15031.641730010859
2020-05-29T17:00:00.000000000,70533.46428599997,73406.14413589239,-2872.679849892418
2020-05-29T17:15:00.000000000,50867.499997999985,56338.73098754883,-5471.230989548843
2020-05-29T17:30:00.000000000,27273.196429,41529.5521536842,-14256.3557246842
2020-05-29T17:45:00.000000000,20308.392857199993,26348.30811329931,-6039.915256099317
2020-05-29T18:00:00.000000000,9831.767857200011,15664.274823414162,-5832.50696621415
2020-05-29T18:15:00.000000000,2790.470238199986,6633.218221810646,-3842.7479836106604
2020-05-29T18:30:00.000000000,39.12499999999284,-728.409573537414,767.5345735374068
2020-05-29T18:45:00.000000000,0.0,-4867.460678162985,4867.460678162985
2020-05-29T19:00:00.000000000,0.0,-6209.191646578722,6209.191646578722
2020-05-29T19:15:00.000000000,0.0,-6322.045787963085,6322.045787963085
2020-05-29T19:30:00.000000000,0.0,-5315.671639445238,5315.671639445238
2020-05-29T19:45:00.000000000,0.0,-3688.0005078469403,3688.0005078469403
2020-05-29T20:00:00.000000000,0.0,-2031.0912865491118,2031.0912865491118
2020-05-29T20:15:00.000000000,0.0,-687.4875044795917,687.4875044795917
2020-05-29T20:30:00.000000000,0.0,53.80002725843224,-53.80002725843224
2020-05-29T20:45:00.000000000,0.0,451.4974305954529,-451.4974305954529
2020-05-29T21:00:00.000000000,0.0,594.3324075666023,-594.3324075666023
2020-05-29T21:15:00.000000000,0.0,11.840354718005983,-11.840354718005983
2020-05-29T21:30:00.000000000,0.0,-616.4918060275959,616.4918060275959
2020-05-29T21:45:00.000000000,0.0,-1183.8332102985587,1183.8332102985587
2020-05-29T22:00:00.000000000,0.0,-1669.7522005827632,1669.7522005827632
2020-05-29T22:15:00.000000000,0.0,-2129.351492771646,2129.351492771646
2020-05-29T22:30:00.000000000,0.0,-2643.5471550975926,2643.5471550975926
2020-05-29T22:45:00.000000000,0.0,-3903.3496273909695,3903.3496273909695
2020-05-29T23:00:00.000000000,0.0,-5318.404838862829,5318.404838862829
2020-05-29T23:15:00.000000000,0.0,-6082.620893302374,6082.620893302374
2020-05-29T23:30:00.000000000,0.0,-5643.081935110502,5643.081935110502
2020-05-29T23:45:00.000000000,0.0,-4327.923475191463,4327.923475191463
2020-05-30T00:00:00.000000000,0.0,-4164.943806216586,4164.943806216586
2020-05-30T00:15:00.000000000,0.0,-4222.8977568303235,4222.8977568303235
2020-05-30T00:30:00.000000000,0.0,-4296.7447559093125,4296.7447559093125
2020-05-30T00:45:00.000000000,0.0,-4518.454732778482,4518.454732778482
2020-05-30T01:00:00.000000000,0.0,-4623.058661106043,4623.058661106043
2020-05-30T01:15:00.000000000,0.0,-4528.1896467534825,4528.1896467534825
2020-05-30T01:30:00.000000000,0.0,-4332.3607063447125,4332.3607063447125
2020-05-30T01:45:00.000000000,0.0,-4038.1284147207625,4038.1284147207625
2020-05-30T02:00:00.000000000,0.0,-3836.6140082781203,3836.6140082781203
2020-05-30T02:15:00.000000000,0.0,-3626.0479877148755,3626.0479877148755
2020-05-30T02:30:00.000000000,0.0,-3369.54059669422,3369.54059669422
2020-05-30T02:45:00.000000000,0.0,-3206.6368499253877,3206.6368499253877
2020-05-30T03:00:00.000000000,0.0,-2958.396543562878,2958.396543562878
2020-05-30T03:15:00.000000000,0.0,-2751.027691454161,2751.027691454161
2020-05-30T03:30:00.000000000,0.0,-2737.8594066058286,2737.8594066058286
2020-05-30T03:45:00.000000000,0.0,-2903.310765177477,2903.310765177477
2020-05-30T04:00:00.000000000,0.0,-3161.610763840843,3161.610763840843
2020-05-30T04:15:00.000000000,0.0,-3320.566555895377,3320.566555895377
2020-05-30T04:30:00.000000000,0.0,-3476.5192029108293,3476.5192029108293
2020-05-30T04:45:00.000000000,0.0,-3651.0580277559347,3651.0580277559347
2020-05-30T05:00:00.000000000,0.0,-4040.5811237660237,4040.5811237660237
2020-05-30T05:15:00.000000000,0.0,-4532.406492614187,4532.406492614187
2020-05-30T05:30:00.000000000,0.0,-4802.780230988748,4802.780230988748
2020-05-30T05:45:00.000000000,0.0,-4791.755693986081,4791.755693986081
2020-05-30T06:00:00.000000000,1637.2857142999912,-4334.119570784736,5971.405285084727
2020-05-30T06:15:00.000000000,6909.946428700011,-3267.4547548671253,10177.401183567137
2020-05-30T06:30:00.000000000,15397.839285700004,-398.89876350492705,15796.73804920493
2020-05-30T06:45:00.000000000,26429.82142900001,5999.4322994546965,20430.389129545314
2020-05-30T07:00:00.000000000,37394.50000000003,16454.270684706047,20940.229315293982
2020-05-30T07:15:00.000000000,48355.30357200003,29886.814370401204,18468.48920159883
2020-05-30T07:30:00.000000000,44064.10714300006,45162.91898933798,-1098.8118463379215
2020-05-30T07:45:00.000000000,51602.964284999936,56424.40076126903,-4821.436476269097
2020-05-30T08:00:00.000000000,67760.33928800012,65952.48577540368,1807.8535125964409
2020-05-30T08:15:00.000000000,95267.696429,77483.68118430674,17784.015244693263
2020-05-30T08:30:00.000000000,78590.66071599991,96695.97257560492,-18105.311859605004
2020-05-30T08:45:00.000000000,75884.982143,108398.74795226753,-32513.765809267526
2020-05-30T09:00:00.000000000,82920.3928560001,113191.37095201015,-30270.97809601006
2020-05-30T09:15:00.000000000,119132.8392849999,115101.63270668685,4031.206578313053
2020-05-30T09:30:00.000000000,137766.16071599998,124608.40045252442,13157.76026347556
2020-05-30T09:45:00.000000000,102428.39285699996,140780.67392000556,-38352.281063005605
2020-05-30T10:00:00.000000000,102686.17857200012,144828.89656108618,-42142.71798908606
2020-05-30T10:15:00.000000000,95839.78571500014,141571.631462574,-45731.84574757387
2020-05-30T10:30:00.000000000,115928.25,133024.393864125,-17096.143864125013
2020-05-30T10:45:00.000000000,117660.57143000008,130786.71337798238,-13126.141947982294
2020-05-30T11:00:00.000000000,143787.69642899995,135014.48360055685,8773.212828443095
2020-05-30T11:15:00.000000000,224149.74999799993,145859.19464030862,78290.55535769131
2020-05-30T11:30:00.000000000,173305.142857,177715.96670883894,-4410.823851838941
2020-05-30T11:45:00.000000000,193834.21428599994,189270.38165909052,4563.832626909425
2020-05-30T12:00:00.000000000,298937.7857099995,193479.87993741035,105457.90577258915
2020-05-30T12:15:00.000000000,218205.8571479999,222853.37161904573,-4647.514471045841
2020-05-30T12:30:00.000000000,283435.66071999964,215901.07398197055,67534.58673802909
2020-05-30T12:45:00.000000000,221611.03571799997,227702.84347951412,-6091.807761514152
2020-05-30T13:00:00.000000000,193812.8571419999,204451.2460884452,-10638.38894644528
2020-05-30T13:15:00.000000000,255671.99998999995,173411.80187538266,82260.19811461729
2020-05-30T13:30:00.000000000,232814.6785880001,189426.950119555,43387.7284684451
2020-05-30T13:45:00.000000000,257948.46425999998,186445.38385859132,71503.08040140866
2020-05-30T14:00:00.000000000,253705.89287,202482.6001573205,51223.29271267951
2020-05-30T14:15:00.000000000,249435.23213999998,206029.8880829215,43405.34405707847
2020-05-30T14:30:00.000000000,232198.6071360001,197587.11943998933,34611.487696010765
2020-05-30T14:45:00.000000000,221890.33928199986,194513.7379245162,27376.601357483654
2020-05-30T15:00:00.000000000,209850.99999899993,183516.72693943977,26334.27305956016
2020-05-30T15:15:00.000000000,195171.50000099992,175045.44529023767,20126.054710762255
2020-05-30T15:30:00.000000000,180580.46428599994,167137.4726666808,13442.991619319131
2020-05-30T15:45:00.000000000,164980.57142999992,157758.7856824398,7221.7857475601195
2020-05-30T16:00:00.000000000,147957.58928499988,145901.66046088934,2055.9288241105387
2020-05-30T16:15:00.000000000,126189.3928589999,132390.86523368955,-6201.472374689649
2020-05-30T16:30:00.000000000,91882.35714399994,117644.0058772862,-25761.64873328626
2020-05-30T16:45:00.000000000,91691.17857200003,98083.99921810627,-6392.820646106236
2020-05-30T17:00:00.000000000,74672.26785900003,81546.20250752568,-6873.934648525654
2020-05-30T17:15:00.000000000,57603.160715000005,66481.6719873324,-8878.511272332398
2020-05-30T17:30:00.000000000,39197.57142900001,53022.845510169864,-13825.274081169853
2020-05-30T17:45:00.000000000,22575.250000999997,39044.179688222706,-16468.92968722271
2020-05-30T18:00:00.000000000,14558.071428599997,23834.190657049417,-9276.119228449421
2020-05-30T18:15:00.000000000,6327.357142800006,11070.972921939567,-4743.615779139561
2020-05-30T18:30:00.000000000,671.9285714299768,1588.0190459697042,-916.0904745397273
2020-05-30T18:45:00.000000000,0.0,-5032.819242927246,5032.819242927246
2020-05-30T19:00:00.000000000,0.0,-7826.300892117433,7826.300892117433
2020-05-30T19:15:00.000000000,0.0,-8119.39435065072,8119.39435065072
2020-05-30T19:30:00.000000000,0.0,-7449.254345300607,7449.254345300607
2020-05-30T19:45:00.000000000,0.0,-6169.357795807533,6169.357795807533
2020-05-30T20:00:00.000000000,0.0,-4648.484164330177,4648.484164330177
2020-05-30T20:15:00.000000000,0.0,-3132.2330880020745,3132.2330880020745
2020-05-30T20:30:00.000000000,0.0,-1646.2838031144347,1646.2838031144347
2020-05-30T20:45:00.000000000,0.0,-453.3096778366016,453.3096778366016
2020-05-30T21:00:00.000000000,0.0,-125.64632462736336,125.64632462736336
2020-05-30T21:15:00.000000000,0.0,-152.65775837775436,152.65775837775436
2020-05-30T21:30:00.000000000,0.0,-141.7924471127626,141.7924471127626
2020-05-30T21:45:00.000000000,0.0,38.902403272426454,-38.902403272426454
2020-05-30T22:00:00.000000000,0.0,464.6741512444569,-464.6741512444569
2020-05-30T22:15:00.000000000,0.0,75.8512102139357,-75.8512102139357
2020-05-30T22:30:00.000000000,0.0,-255.82760059114662,255.82760059114662
2020-05-30T22:45:00.000000000,0.0,-644.6167654666351,644.6167654666351
2020-05-30T23:00:00.000000000,0.0,-951.1400186690735,951.1400186690735
2020-05-30T23:15:00.000000000,0.0,-1293.6335918398108,1293.6335918398108
2020-05-30T23:30:00.000000000,0.0,-1592.1428344042506,1592.1428344042506
2020-05-30T23:45:00.000000000,0.0,-1709.9740981848445,1709.9740981848445
2020-05-31T00:00:00.000000000,0.0,-1771.23488266184,1771.23488266184
2020-05-31T00:15:00.000000000,0.0,-1585.5966530831065,1585.5966530831065
2020-05-31T00:30:00.000000000,0.0,-1169.0705591232982,1169.0705591232982
2020-05-31T00:45:00.000000000,0.0,-197.5024747478601,197.5024747478601
2020-05-31T01:00:00.000000000,0.0,1050.3886634734226,-1050.3886634734226
2020-05-31T01:15:00.000000000,0.0,2096.51223885105,-2096.51223885105
2020-05-31T01:30:00.000000000,0.0,2805.4401874984615,-2805.4401874984615
2020-05-31T01:45:00.000000000,0.0,3145.436697765719,-3145.436697765719
2020-05-31T02:00:00.000000000,0.0,3645.9496232117526,-3645.9496232117526
2020-05-31T02:15:00.000000000,0.0,4021.089679076802,-4021.089679076802
2020-05-31T02:30:00.000000000,0.0,4479.153391924687,-4479.153391924687
2020-05-31T02:45:00.000000000,0.0,4785.482621711679,-4785.482621711679
2020-05-31T03:00:00.000000000,0.0,4700.905284178443,-4700.905284178443
2020-05-31T03:15:00.000000000,0.0,4441.968382564373,-4441.968382564373
2020-05-31T03:30:00.000000000,0.0,4302.541732683312,-4302.541732683312
2020-05-31T03:45:00.000000000,0.0,4287.855003714096,-4287.855003714096
2020-05-31T04:00:00.000000000,0.0,3834.8103286470287,-3834.8103286470287
2020-05-31T04:15:00.000000000,0.0,3221.64572103275,-3221.64572103275
2020-05-31T04:30:00.000000000,0.0,2371.2832701350562,-2371.2832701350562
2020-05-31T04:45:00.000000000,0.0,1510.4096797911916,-1510.4096797911916
2020-05-31T05:00:00.000000000,0.0,967.5448829781963,-967.5448829781963
2020-05-31T05:15:00.000000000,0.0,158.56212684858474,-158.56212684858474
2020-05-31T05:30:00.000000000,0.0,-330.9135914176004,330.9135914176004
2020-05-31T05:45:00.000000000,0.0,-551.4190941221314,551.4190941221314
2020-05-31T06:00:00.000000000,2197.7321428599907,-533.0954805883812,2730.827623448372
2020-05-31T06:15:00.000000000,10059.160714100011,621.9470010650111,9437.213713035
2020-05-31T06:30:00.000000000,17947.875000000004,4165.881761803757,13781.993238196246
2020-05-31T06:45:00.000000000,22841.839285,11235.066116603091,11606.773168396907
2020-05-31T07:00:00.000000000,26431.642858,20495.435724049807,5936.207133950193
2020-05-31T07:15:00.000000000,29141.767858000116,29883.27133411914,-741.5034761190254
2020-05-31T07:30:00.000000000,43598.107143000096,37572.56269686669,6025.544446133405
2020-05-31T07:45:00.000000000,49989.71428600013,46889.25498197228,3100.459304027856
2020-05-31T08:00:00.000000000,59689.92857199999,57355.04672715813,2334.8818448418606
2020-05-31T08:15:00.000000000,78343.91071299986,69519.47129557282,8824.439417427042
2020-05-31T08:30:00.000000000,95956.94642800007,85581.88954880834,10375.056879191732
2020-05-31T08:45:00.000000000,152148.9464280001,105051.27883717418,47097.667590825935
2020-05-31T09:00:00.000000000,154590.48214400007,138186.53867648542,16403.943467514648
2020-05-31T09:15:00.000000000,116879.03571499998,164458.27924498916,-47579.24352998918
2020-05-31T09:30:00.000000000,183611.57142699993,166216.36759135127,17395.20383564866
2020-05-31T09:45:00.000000000,140111.9285709999,180860.833199203,-40748.904628203105
2020-05-31T10:00:00.000000000,140409.89285599987,176377.96436432004,-35968.071508320165
2020-05-31T10:15:00.000000000,229862.08928600006,173633.1404134035,56228.94887259655
2020-05-31T10:30:00.000000000,273246.25001,191499.37327054143,81746.87673945859
2020-05-31T10:45:00.000000000,205670.91071499995,222199.36086457968,-16528.45014957973
2020-05-31T11:00:00.000000000,184159.32142899997,228988.35827225447,-44829.03684325449
2020-05-31T11:15:00.000000000,229596.7142779999,205762.7094040513,23834.00487394861
2020-05-31T11:30:00.000000000,249415.00000200013,186317.48024880886,63097.51975319127
2020-05-31T11:45:00.000000000,176738.87499900008,186161.8228548169,-9422.947855816834
2020-05-31T12:00:00.000000000,196553.42856900004,188811.7440481782,7741.684520821844
2020-05-31T12:15:00.000000000,187612.12500100015,192078.89590507746,-4466.770904077304
2020-05-31T12:30:00.000000000,154411.4642849999,189060.11089155078,-34648.64660655087
2020-05-31T12:45:00.000000000,285725.9464299995,176982.89563047886,108743.05079952063
2020-05-31T13:00:00.000000000,194684.96428600015,209077.38856193423,-14392.424275934085
2020-05-31T13:15:00.000000000,139167.87499999988,206712.85050529242,-67544.97550529253
2020-05-31T13:30:00.000000000,120362.35714400008,191086.05278083682,-70723.69563683674
2020-05-31T13:45:00.000000000,123224.44642700008,166980.39805817604,-43755.951631175965
2020-05-31T14:00:00.000000000,235536.39286500012,141431.14163818955,94105.25122681056
2020-05-31T14:15:00.000000000,175693.89285700003,173824.4643726349,1869.4284843651403
2020-05-31T14:30:00.000000000,49582.73214200013,180189.93397179246,-130607.20182979232
2020-05-31T14:45:00.000000000,61008.64285799988,144605.88773453236,-83597.24487653247
2020-05-31T15:00:00.000000000,47858.553571999946,104179.41353036463,-56320.85995836469
2020-05-31T15:15:00.000000000,45011.607142000066,65891.82393277436,-20880.2167907743
2020-05-31T15:30:00.000000000,71950.83928599987,46091.45600505918,25859.38328094069
2020-05-31T15:45:00.000000000,67205.19642900013,44640.86946477741,22564.326964222724
2020-05-31T16:00:00.000000000,65927.94643000014,48960.42541655898,16967.52101344116
2020-05-31T16:15:00.000000000,47166.39285699996,52062.754382036626,-4896.361525036664
2020-05-31T16:30:00.000000000,39890.64285699987,47266.58834601194,-7375.945489012069
2020-05-31T16:45:00.000000000,39844.46428700005,39375.21737817675,469.2469088233047
2020-05-31T17:00:00.000000000,43290.982142000066,32181.177110206336,11109.80503179373
2020-05-31T17:15:00.000000000,39330.73214200005,28479.75656158477,10850.975580415281
2020-05-31T17:30:00.000000000,30843.964285999897,25387.31013659388,5456.654149406018
2020-05-31T17:45:00.000000000,22993.25000000001,21911.93741171807,1081.3125882819404
2020-05-31T18:00:00.000000000,14723.73214289999,17301.166021527722,-2577.433878627733
2020-05-31T18:15:00.000000000,5790.232142899996,11677.675706239417,-5887.443563339421
2020-05-31T18:30:00.000000000,520.0535714399931,5798.183620733209,-5278.130049293216
2020-05-31T18:45:00.000000000,0.0,936.8174790319754,-936.8174790319754
2020-05-31T19:00:00.000000000,0.0,-2085.890247711679,2085.890247711679
2020-05-31T19:15:00.000000000,0.0,-3131.9968855832703,3131.9968855832703
2020-05-31T19:30:00.000000000,0.0,-2753.777762473095,2753.777762473095
2020-05-31T19:45:00.000000000,0.0,-1590.7087482900824,1590.7087482900824
2020-05-31T20:00:00.000000000,0.0,-272.73294513698784,272.73294513698784
2020-05-31T20:15:00.000000000,0.0,888.8262090113712,-888.8262090113712
2020-05-31T20:30:00.000000000,0.0,1692.2180558650289,-1692.2180558650289
2020-05-31T20:45:00.000000000,0.0,1960.2909296064172,-1960.2909296064172
2020-05-31T21:00:00.000000000,0.0,1918.4999730794225,-1918.4999730794225
2020-05-31T21:15:00.000000000,0.0,1648.7230676023755,-1648.7230676023755
2020-05-31T21:30:00.000000000,0.0,1248.1575085131917,-1248.1575085131917
2020-05-31T21:45:00.000000000,0.0,776.5963168767048,-776.5963168767048
2020-05-31T22:00:00.000000000,0.0,244.01046080116066,-244.01046080116066
2020-05-31T22:15:00.000000000,0.0,-284.2731039795326,284.2731039795326
2020-05-31T22:30:00.000000000,0.0,-747.6516348692821,747.6516348692821
2020-05-31T22:45:00.000000000,0.0,-1151.4228641183581,1151.4228641183581
2020-05-31T23:00:00.000000000,0.0,-1516.051912346622,1516.051912346622
2020-05-31T23:15:00.000000000,0.0,-1632.364732006332,1632.364732006332
2020-05-31T23:30:00.000000000,0.0,-1550.8917691202369,1550.8917691202369
2020-05-31T23:45:00.000000000,0.0,-1512.8800512941089,1512.8800512941089
2020-06-01T00:00:00.000000000,0.0,-1713.1459592373576,1713.1459592373576
2020-06-01T00:15:00.000000000,0.0,-1857.60060993745,1857.60060993745
2020-06-01T00:30:00.000000000,0.0,-1599.4651093871798,1599.4651093871798
2020-06-01T00:45:00.000000000,0.0,-1037.4720027419971,1037.4720027419971
2020-06-01T01:00:00.000000000,0.0,-495.01627635688055,495.01627635688055
2020-06-01T01:15:00.000000000,0.0,-153.18077801939216,153.18077801939216
2020-06-01T01:30:00.000000000,0.0,92.30102152351174,-92.30102152351174
2020-06-01T01:45:00.000000000,0.0,283.77684164314996,-283.77684164314996
2020-06-01T02:00:00.000000000,0.0,395.1462821093155,-395.1462821093155
2020-06-01T02:15:00.000000000,0.0,373.58437559276354,-373.58437559276354
2020-06-01T02:30:00.000000000,0.0,334.4591320779873,-334.4591320779873
2020-06-01T02:45:00.000000000,0.0,507.51958285539877,-507.51958285539877
2020-06-01T03:00:00.000000000,0.0,749.880136149819,-749.880136149819
2020-06-01T03:15:00.000000000,0.0,716.1875482675387,-716.1875482675387
2020-06-01T03:30:00.000000000,0.0,309.9953101304127,-309.9953101304127
2020-06-01T03:45:00.000000000,0.0,-152.78429538782802,152.78429538782802
2020-06-01T04:00:00.000000000,0.0,-662.3909974816488,662.3909974816488
2020-06-01T04:15:00.000000000,0.0,-1007.2507468360709,1007.2507468360709
2020-06-01T04:30:00.000000000,0.0,-1369.4039534719195,1369.4039534719195
2020-06-01T04:45:00.000000000,0.0,-1681.3682981075253,1681.3682981075253
2020-06-01T05:00:00.000000000,0.0,-2282.066769469995,2282.066769469995
2020-06-01T05:15:00.000000000,0.0,-2997.762207396794,2997.762207396794
2020-06-01T05:30:00.000000000,0.0,-3141.6980563555844,3141.6980563555844
2020-06-01T05:45:00.000000000,0.0,-3072.653136808891,3072.653136808891
2020-06-01T06:00:00.000000000,1710.1428571499966,-2926.5218707253225,4636.664727875319
2020-06-01T06:15:00.000000000,9903.910714199987,-1992.9108527095523,11896.821566909539
2020-06-01T06:30:00.000000000,21118.41071430001,2057.8256569711957,19060.585057328815
2020-06-01T06:45:00.000000000,34080.821429000105,11025.461777316406,23055.3596516837
2020-06-01T07:00:00.000000000,46438.571428000134,24829.85133871436,21608.720089285773
2020-06-01T07:15:00.000000000,68382.64285800005,43262.04628080875,25120.596577191303
2020-06-01T07:30:00.000000000,92247.94642900009,67661.41449335217,24586.531935647916
2020-06-01T07:45:00.000000000,108556.73214099999,96712.88635595143,11843.845785048557
2020-06-01T08:00:00.000000000,135282.5535709999,124616.56630757451,10665.987263425399
2020-06-01T08:15:00.000000000,126527.23214400007,151379.734444201,-24852.502300200926
2020-06-01T08:30:00.000000000,126915.76785700009,166499.7430075109,-39583.975150510814
2020-06-01T08:45:00.000000000,148096.66071399997,169723.3998761475,-21626.73916214754
2020-06-01T09:00:00.000000000,153987.76785699994,174692.37328892946,-20704.60543192952
2020-06-01T09:15:00.000000000,129989.28571300009,180461.48239541054,-50472.196682410446
2020-06-01T09:30:00.000000000,136186.1428570001,175755.63847717643,-39569.49562017634
2020-06-01T09:45:00.000000000,161939.01785800015,170212.2039102614,-8273.18605226124
2020-06-01T10:00:00.000000000,170592.3214290001,173811.06832116842,-3218.746892168332
2020-06-01T10:15:00.000000000,192867.48214400004,182159.0691793561,10708.41296464394
2020-06-01T10:30:00.000000000,259171.3392700001,201367.2860789299,57804.05319107021
2020-06-01T10:45:00.000000000,254958.5714399999,224497.7116291523,30460.859810847614
2020-06-01T11:00:00.000000000,234969.1607270001,235282.95027416945,-313.7895471693482
2020-06-01T11:15:00.000000000,222976.5178699999,238922.89703434706,-15946.379164347163
2020-06-01T11:30:00.000000000,270574.482129,206573.79476702213,64000.68736197788
2020-06-01T11:45:00.000000000,124241.26785800005,210640.2556091547,-86398.98775115465
2020-06-01T12:00:00.000000000,115789.87499999991,184398.52118363976,-68608.64618363985
2020-06-01T12:15:00.000000000,151830.42857000002,161018.6827507615,-9188.25418076149
2020-06-01T12:30:00.000000000,164690.78571400009,169093.95417323709,-4403.168459237
2020-06-01T12:45:00.000000000,88224.73214400011,166616.78130602837,-78392.04916202826
2020-06-01T13:00:00.000000000,150720.73214400004,164028.88011920452,-13308.147975204483
2020-06-01T13:15:00.000000000,206622.7321450001,155543.73001369834,51079.002131301764
2020-06-01T13:30:00.000000000,214543.10713500003,167615.34390312433,46927.763231875695
2020-06-01T13:45:00.000000000,142658.03333099993,179480.04447367787,-36822.01114267795
2020-06-01T14:00:00.000000000,62677.00000300007,174269.4528580606,-111592.45285506053
2020-06-01T14:15:00.000000000,73282.37499999996,135477.06916618347,-62194.694166183515
2020-06-01T14:30:00.000000000,110198.14285600006,99491.82468478382,10706.318171216248
2020-06-01T14:45:00.000000000,65760.25,91499.5193619132,-25739.269361913204
2020-06-01T15:00:00.000000000,63728.42857100011,79165.21463957429,-15436.786068574176
2020-06-01T15:15:00.000000000,43867.87499999999,70970.29825617373,-27102.423256173737
2020-06-01T15:30:00.000000000,38720.85713999988,61755.11817844957,-23034.261038449695
2020-06-01T15:45:00.000000000,31866.999999999978,47461.775901950896,-15594.775901950918
2020-06-01T16:00:00.000000000,37023.428573999896,35437.895990625024,1585.532583374872
2020-06-01T16:15:00.000000000,42914.250000000015,29285.1140158996,13629.135984100416
2020-06-01T16:30:00.000000000,38237.28571600001,27899.989288829267,10337.296427170746
2020-06-01T16:45:00.000000000,35492.160713000034,27524.02674239874,7968.133970601295
2020-06-01T17:00:00.000000000,28973.910714999925,26268.836544122547,2705.0741708773785
2020-06-01T17:15:00.000000000,21542.76785679999,23137.688774600625,-1594.920917800635
2020-06-01T17:30:00.000000000,15202.874999900005,18471.687142938375,-3268.812143038371
2020-06-01T17:45:00.000000000,15365.089285700009,13730.582632372156,1634.5066533278532
2020-06-01T18:00:00.000000000,12071.6607143,11632.248919622973,439.4117946770275
2020-06-01T18:15:00.000000000,5914.99999990001,10777.93851401098,-4862.938514110971
2020-06-01T18:30:00.000000000,498.4999999999991,9108.282666089013,-8609.782666089013
2020-06-01T18:45:00.000000000,0.0,6846.188445565291,-6846.188445565291
2020-06-01T19:00:00.000000000,0.0,4933.269413677044,-4933.269413677044
2020-06-01T19:15:00.000000000,0.0,3678.7986310268752,-3678.7986310268752
2020-06-01T19:30:00.000000000,0.0,3481.3418447072618,-3481.3418447072618
2020-06-01T19:45:00.000000000,0.0,3873.0413772906177,-3873.0413772906177
2020-06-01T20:00:00.000000000,0.0,4399.030420764815,-4399.030420764815
2020-06-01T20:15:00.000000000,0.0,4800.03437787015,-4800.03437787015
2020-06-01T20:30:00.000000000,0.0,5094.10638928134,-5094.10638928134
2020-06-01T20:45:00.000000000,0.0,5136.487851855345,-5136.487851855345
2020-06-01T21:00:00.000000000,0.0,4904.385232177563,-4904.385232177563
2020-06-01T21:15:00.000000000,0.0,4338.343270733487,-4338.343270733487
2020-06-01T21:30:00.000000000,0.0,3406.5416001523845,-3406.5416001523845
2020-06-01T21:45:00.000000000,0.0,2537.02988173021,-2537.02988173021
2020-06-01T22:00:00.000000000,0.0,1734.0764987973962,-1734.0764987973962
2020-06-01T22:15:00.000000000,0.0,888.033243748243,-888.033243748243
2020-06-01T22:30:00.000000000,0.0,118.43513200405869,-118.43513200405869
2020-06-01T22:45:00.000000000,0.0,-720.083438274567,720.083438274567
2020-06-01T23:00:00.000000000,0.0,-1516.929235616466,1516.929235616466
2020-06-01T23:15:00.000000000,0.0,-2170.956861683866,2170.956861683866
2020-06-01T23:30:00.000000000,0.0,-2720.3298128102906,2720.3298128102906
2020-06-01T23:45:00.000000000,0.0,-3167.5116064106114,3167.5116064106114
2020-06-02T00:00:00.000000000,0.0,-3317.7026015673764,3317.7026015673764
2020-06-02T00:15:00.000000000,0.0,-2860.634049579967,2860.634049579967
2020-06-02T00:30:00.000000000,0.0,-2016.0418181510177,2016.0418181510177
2020-06-02T00:45:00.000000000,0.0,-1229.707094350597,1229.707094350597
2020-06-02T01:00:00.000000000,0.0,-1028.6144120368408,1028.6144120368408
2020-06-02T01:15:00.000000000,0.0,-1349.2255182655063,1349.2255182655063
2020-06-02T01:30:00.000000000,0.0,-1517.4016404540744,1517.4016404540744
2020-06-02T01:45:00.000000000,0.0,-1492.5497716756072,1492.5497716756072
2020-06-02T02:00:00.000000000,0.0,-1357.593832531711,1357.593832531711
2020-06-02T02:15:00.000000000,0.0,-1202.1388977558818,1202.1388977558818
2020-06-02T02:30:00.000000000,0.0,-955.5097634169506,955.5097634169506
2020-06-02T02:45:00.000000000,0.0,-819.845217016642,819.845217016642
2020-06-02T03:00:00.000000000,0.0,-877.7148096236633,877.7148096236633
2020-06-02T03:15:00.000000000,0.0,-1012.8563363823341,1012.8563363823341
2020-06-02T03:30:00.000000000,0.0,-1491.7989854158368,1491.7989854158368
2020-06-02T03:45:00.000000000,0.0,-1949.8882692845073,1949.8882692845073
2020-06-02T04:00:00.000000000,0.0,-2191.278705501696,2191.278705501696
2020-06-02T04:15:00.000000000,0.0,-2114.036296652397,2114.036296652397
2020-06-02T04:30:00.000000000,0.0,-2049.2029505909886,2049.2029505909886
2020-06-02T04:45:00.000000000,0.0,-2176.7522567452397,2176.7522567452397
2020-06-02T05:00:00.000000000,0.0,-2094.235363526037,2094.235363526037
2020-06-02T05:15:00.000000000,0.0,-1909.8150526692625,1909.8150526692625
2020-06-02T05:30:00.000000000,0.0,-1773.2056965937372,1773.2056965937372
2020-06-02T05:45:00.000000000,0.0,-1980.3077665062156,1980.3077665062156
2020-06-02T06:00:00.000000000,1699.6428571399872,-2005.6004058697727,3705.24326300976
2020-06-02T06:15:00.000000000,8831.85714290001,-1062.5136770355748,9894.370819935584
2020-06-02T06:30:00.000000000,10652.982142899997,2587.324125334155,8065.658017565842
2020-06-02T06:45:00.000000000,17781.839285699985,7772.456230905838,10009.383054794147
2020-06-02T07:00:00.000000000,37047.44642799999,15110.692275943235,21936.754152056754
2020-06-02T07:15:00.000000000,38318.982144000125,28111.5085548684,10207.473589131725
2020-06-02T07:30:00.000000000,46107.2321419999,40581.14882738143,5526.083314618467
2020-06-02T07:45:00.000000000,51862.91071400011,52867.49602290243,-1004.5853089023221
2020-06-02T08:00:00.000000000,92347.28571599991,64433.341483063996,27913.944232935915
2020-06-02T08:15:00.000000000,181513.4642860001,84343.54775342345,97169.91653257664
2020-06-02T08:30:00.000000000,180844.16071400003,134373.0253174901,46471.135396509926
2020-06-02T08:45:00.000000000,162367.64285700006,179492.4451006651,-17124.802243665035
2020-06-02T09:00:00.000000000,145043.089285,198122.70842462778,-53079.619139627786
2020-06-02T09:15:00.000000000,196786.96429199987,193456.73210036755,3330.232191632327
2020-06-02T09:30:00.000000000,209640.053581,190214.6851862669,19425.368394733086
2020-06-02T09:45:00.000000000,217646.0714249999,198267.7198381722,19378.351586827688
2020-06-02T10:00:00.000000000,207903.17857099988,210626.58961206675,-2723.4110410668654
2020-06-02T10:15:00.000000000,155127.44642899986,213585.46356922388,-58458.01714022402
2020-06-02T10:30:00.000000000,153095.01785700003,195235.97743481398,-42140.95957781395
2020-06-02T10:45:00.000000000,203475.16071399988,177717.18146413565,25757.979249864235
2020-06-02T11:00:00.000000000,203963.57142999995,177964.55288302898,25999.01854697097
2020-06-02T11:15:00.000000000,152586.37499899988,188259.70525223017,-35673.33025323029
2020-06-02T11:30:00.000000000,140316.33928499994,186431.43104428053,-46115.09175928059
2020-06-02T11:45:00.000000000,135540.98214399998,173941.92446118593,-38400.94231718595
2020-06-02T12:00:00.000000000,181179.44642899997,157937.08476543427,23242.36166356571
2020-06-02T12:15:00.000000000,211227.28571400009,162073.6302395463,49153.655474453786
2020-06-02T12:30:00.000000000,197603.803572,182663.49631631374,14940.30725568626
2020-06-02T12:45:00.000000000,240134.37500999996,193096.03413525224,47038.34087474772
2020-06-02T13:00:00.000000000,272950.9464300001,202707.19491440058,70243.75151559955
2020-06-02T13:15:00.000000000,264521.0714300001,208587.09982690215,55933.971603097976
2020-06-02T13:30:00.000000000,223013.05357999986,208987.24359595776,14025.809984042105
2020-06-02T13:45:00.000000000,279887.28569,198209.88398876786,81677.40170123213
2020-06-02T14:00:00.000000000,147842.25000200013,197070.072345227,-49227.82234322687
2020-06-02T14:15:00.000000000,160173.33928799993,170082.68062675,-9909.341338750062
2020-06-02T14:30:00.000000000,196330.92857100008,151970.99971327186,44359.92885772823
2020-06-02T14:45:00.000000000,196410.80357000005,152079.8215419352,44330.98202806484
2020-06-02T15:00:00.000000000,146198.96428499997,153777.89760231972,-7578.933317319752
2020-06-02T15:15:00.000000000,118655.035715,151009.0316194892,-32353.995904489188
2020-06-02T15:30:00.000000000,131311.55357200003,130649.37010724843,662.183464751608
2020-06-02T15:45:00.000000000,143383.1071420001,114806.13504496217,28576.972097037942
2020-06-02T16:00:00.000000000,151051.3392870001,109085.14374551177,41966.19554148833
2020-06-02T16:15:00.000000000,109280.87499999999,114026.04281365871,-4745.167813658729
2020-06-02T16:30:00.000000000,100150.6249990001,108018.58859500289,-7867.963596002795
2020-06-02T16:45:00.000000000,68394.08928499988,96757.09838727117,-28363.009102271288
2020-06-02T17:00:00.000000000,61327.017855999955,79504.4519277811,-18177.43407178115
2020-06-02T17:15:00.000000000,33945.92857099986,64178.2555244565,-30232.326953456643
2020-06-02T17:30:00.000000000,20496.071428700016,48443.01980026811,-27946.948371568098
2020-06-02T17:45:00.000000000,13233.160714199985,35815.05220285058,-22581.891488650595
2020-06-02T18:00:00.000000000,7549.327380999989,24835.594010021538,-17286.26662902155
2020-06-02T18:15:00.000000000,4171.85714279999,16909.015173608437,-12737.158030808449
2020-06-02T18:30:00.000000000,887.6428571399839,11641.393327550963,-10753.750470410978
2020-06-02T18:45:00.000000000,0.0,8661.336547669955,-8661.336547669955
2020-06-02T19:00:00.000000000,0.0,7014.2717739464715,-7014.2717739464715
2020-06-02T19:15:00.000000000,0.0,6378.499220532365,-6378.499220532365
2020-06-02T19:30:00.000000000,0.0,5997.066057366319,-5997.066057366319
2020-06-02T19:45:00.000000000,0.0,5808.644013565965,-5808.644013565965
2020-06-02T20:00:00.000000000,0.0,5932.608104434796,-5932.608104434796
2020-06-02T20:15:00.000000000,0.0,6035.836997252889,-6035.836997252889
2020-06-02T20:30:00.000000000,0.0,6003.2241918565705,-6003.2241918565705
2020-06-02T20:45:00.000000000,0.0,5782.906385716982,-5782.906385716982
2020-06-02T21:00:00.000000000,0.0,5252.513854292221,-5252.513854292221
2020-06-02T21:15:00.000000000,0.0,4642.251162108965,-4642.251162108965
2020-06-02T21:30:00.000000000,0.0,3894.1646221722476,-3894.1646221722476
2020-06-02T21:45:00.000000000,0.0,3069.1095732892863,-3069.1095732892863
2020-06-02T22:00:00.000000000,0.0,2256.910684629809,-2256.910684629809
2020-06-02T22:15:00.000000000,0.0,1503.7453972606454,-1503.7453972606454
2020-06-02T22:30:00.000000000,0.0,663.0504398372723,-663.0504398372723
2020-06-02T22:45:00.000000000,0.0,-153.6531828570005,153.6531828570005
2020-06-02T23:00:00.000000000,0.0,-898.4500076744007,898.4500076744007
2020-06-02T23:15:00.000000000,0.0,-1474.3621854276862,1474.3621854276862
2020-06-02T23:30:00.000000000,0.0,-1731.4516466946807,1731.4516466946807
2020-06-02T23:45:00.000000000,0.0,-1803.7464584500995,1803.7464584500995
2020-06-03T00:00:00.000000000,0.0,-1678.8459937067237,1678.8459937067237
2020-06-03T00:15:00.000000000,0.0,-1375.123426327249,1375.123426327249
2020-06-03T00:30:00.000000000,0.0,-1230.7531336338725,1230.7531336338725
2020-06-03T00:45:00.000000000,0.0,-1204.5009219439235,1204.5009219439235
2020-06-03T01:00:00.000000000,0.0,-1187.4943477900233,1187.4943477900233
2020-06-03T01:15:00.000000000,0.0,-775.4391622814583,775.4391622814583
2020-06-03T01:30:00.000000000,0.0,53.19264961007866,-53.19264961007866
2020-06-03T01:45:00.000000000,0.0,1076.1853419271065,-1076.1853419271065
2020-06-03T02:00:00.000000000,0.0,1924.3544187454972,-1924.3544187454972
2020-06-03T02:15:00.000000000,0.0,2363.97786675347,-2363.97786675347
2020-06-03T02:30:00.000000000,0.0,2497.7274864013307,-2497.7274864013307
2020-06-03T02:45:00.000000000,0.0,2384.999882027041,-2384.999882027041
2020-06-03T03:00:00.000000000,0.0,2160.6411955563817,-2160.6411955563817
2020-06-03T03:15:00.000000000,0.0,2045.7962052135263,-2045.7962052135263
2020-06-03T03:30:00.000000000,0.0,2196.6620644240174,-2196.6620644240174
2020-06-03T03:45:00.000000000,0.0,2246.3828053916804,-2246.3828053916804
2020-06-03T04:00:00.000000000,0.0,2092.0328286944423,-2092.0328286944423
2020-06-03T04:15:00.000000000,0.0,2032.0374143181834,-2032.0374143181834
2020-06-03T04:30:00.000000000,0.0,1949.8811515776906,-1949.8811515776906
2020-06-03T04:45:00.000000000,0.0,1656.7328603400383,-1656.7328603400383
2020-06-03T05:00:00.000000000,0.0,1209.6501873976085,-1209.6501873976085
2020-06-03T05:15:00.000000000,0.0,684.5923113272293,-684.5923113272293
2020-06-03T05:30:00.000000000,0.0,113.3019472954038,-113.3019472954038
2020-06-03T05:45:00.000000000,0.0,-651.6680403529899,651.6680403529899
2020-06-03T06:00:00.000000000,1264.8392857199754,-1288.7323916496243,2553.5716773695995
2020-06-03T06:15:00.000000000,7380.553571499991,-751.4941420751857,8132.047713575177
2020-06-03T06:30:00.000000000,13328.392857199997,2008.3834292350803,11320.009427964917
2020-06-03T06:45:00.000000000,19988.99999980001,7564.775254172273,12424.224745627736
2020-06-03T07:00:00.000000000,31571.660714000038,15429.160622896627,16142.500091103411
2020-06-03T07:15:00.000000000,48720.696427999865,26520.803365431726,22199.89306256814
2020-06-03T07:30:00.000000000,61366.1071410001,42410.59561162442,18955.511529375683
2020-06-03T07:45:00.000000000,72749.57142799998,60703.401601321995,12046.169826677986
2020-06-03T08:00:00.000000000,94628.41071399987,79780.80032198131,14847.610392018556
2020-06-03T08:15:00.000000000,98757.01785600002,100810.34876555204,-2053.3309095520235
2020-06-03T08:30:00.000000000,99424.75000099988,117088.03599822521,-17663.285997225335
2020-06-03T08:45:00.000000000,112502.25000100005,127022.61693932116,-14520.366938321109
2020-06-03T09:00:00.000000000,138657.10714100013,135793.96845421195,2863.138686788181
2020-06-03T09:15:00.000000000,137880.30357100008,148767.5718946457,-10887.268323645607
2020-06-03T09:30:00.000000000,126995.98214400004,158103.97864592075,-31107.996501920716
2020-06-03T09:45:00.000000000,130291.49999900007,160377.2413392961,-30085.741340296037
2020-06-03T10:00:00.000000000,129318.55357199998,159626.2188771069,-30307.66530510693
2020-06-03T10:15:00.000000000,133436.25000099986,156828.51932758093,-23392.269326581067
2020-06-03T10:30:00.000000000,193996.73214299988,156901.2696725726,37095.46247042727
2020-06-03T10:45:00.000000000,237416.71428599991,174421.48285776377,62995.23142823615
2020-06-03T11:00:00.000000000,214267.32143700006,201713.13703486323,12554.18440213683
2020-06-03T11:15:00.000000000,205570.232142,214751.86485648155,-9181.632714481559
2020-06-03T11:30:00.000000000,236707.48213999998,211243.24664115906,25464.23549884092
2020-06-03T11:45:00.000000000,286506.39286000136,207744.85261625051,78761.54024375085
2020-06-03T12:00:00.000000000,205396.60714200002,218720.31856641173,-13323.711424411711
2020-06-03T12:15:00.000000000,222223.19643300003,209987.91514322162,12235.281289778417
2020-06-03T12:30:00.000000000,247843.55358,199336.45142525434,48507.10215474566
2020-06-03T12:45:00.000000000,275618.51785,192783.26838955283,82835.24946044717
2020-06-03T13:00:00.000000000,241384.85711999994,197577.9244172573,43806.93270274263
2020-06-03T13:15:00.000000000,217896.30357799985,208482.91768860817,9413.385889391677
2020-06-03T13:30:00.000000000,226154.51786000002,197465.5595523119,28688.958307688124
2020-06-03T13:45:00.000000000,183598.0,187483.25728681684,-3885.2572868168354
2020-06-03T14:00:00.000000000,199168.58035900013,173455.43183645606,25713.14852254407
2020-06-03T14:15:00.000000000,214739.160718,170526.74117410183,44212.41954389817
2020-06-03T14:30:00.000000000,205743.0357070001,173677.61395454407,32065.421752456023
2020-06-03T14:45:00.000000000,219961.85715299993,173149.4484744966,46812.40867850333
2020-06-03T15:00:00.000000000,262008.32144000012,177844.41020986438,84163.91123013574
2020-06-03T15:15:00.000000000,241593.23213999995,185812.51322060823,55780.718919391715
2020-06-03T15:30:00.000000000,152544.21428600012,186170.44424310327,-33626.22995710315
2020-06-03T15:45:00.000000000,123982.78571399987,167448.45002263784,-43465.66430863798
2020-06-03T16:00:00.000000000,113119.78571400011,139578.06617626548,-26458.280462265364
2020-06-03T16:15:00.000000000,84684.44642799997,111987.85214179754,-27303.405713797576
2020-06-03T16:30:00.000000000,56646.03571399986,91223.41560593247,-34577.379891932615
2020-06-03T16:45:00.000000000,96084.53571500014,71270.12348364294,24814.4122313572
2020-06-03T17:00:00.000000000,120070.2500009999,65065.35166937858,55004.89833162133
2020-06-03T17:15:00.000000000,61668.17857200001,73179.52478665113,-11511.346214651123
2020-06-03T17:30:00.000000000,46231.392857999934,69619.56207054108,-23388.16921254115
2020-06-03T17:45:00.000000000,26128.464284000012,61598.1026205495,-35469.638336549484
2020-06-03T18:00:00.000000000,14761.250000099995,49149.41265900433,-34388.16265890434
2020-06-03T18:15:00.000000000,7999.553571299998,33777.937095575035,-25778.383524275036
2020-06-03T18:30:00.000000000,2083.3928571799797,21138.859548673034,-19055.466691493053
2020-06-03T18:45:00.000000000,0.0,12974.41011387296,-12974.41011387296
2020-06-03T19:00:00.000000000,0.0,7511.0813828976825,-7511.0813828976825
2020-06-03T19:15:00.000000000,0.0,5298.01656311471,-5298.01656311471
2020-06-03T19:30:00.000000000,0.0,5004.10483191628,-5004.10483191628
2020-06-03T19:45:00.000000000,0.0,5183.686156612821,-5183.686156612821
2020-06-03T20:00:00.000000000,0.0,5684.01349444408,-5684.01349444408
2020-06-03T20:15:00.000000000,0.0,6120.490256992169,-6120.490256992169
2020-06-03T20:30:00.000000000,0.0,6290.665663939901,-6290.665663939901
2020-06-03T20:45:00.000000000,0.0,6109.456229713745,-6109.456229713745
2020-06-03T21:00:00.000000000,0.0,5601.334212061949,-5601.334212061949
2020-06-03T21:15:00.000000000,0.0,4881.861644384451,-4881.861644384451
2020-06-03T21:30:00.000000000,0.0,3934.1165741528384,-3934.1165741528384
2020-06-03T21:45:00.000000000,0.0,2867.375836029183,-2867.375836029183
2020-06-03T22:00:00.000000000,0.0,1790.697592905024,-1790.697592905024
2020-06-03T22:15:00.000000000,0.0,778.7558818486286,-778.7558818486286
2020-06-03T22:30:00.000000000,0.0,58.96273726943764,-58.96273726943764
2020-06-03T22:45:00.000000000,0.0,-298.29340469569433,298.29340469569433
2020-06-03T23:00:00.000000000,0.0,-642.8958621296333,642.8958621296333
2020-06-03T23:15:00.000000000,0.0,-1171.4663265140262,1171.4663265140262
2020-06-03T23:30:00.000000000,0.0,-1707.9157628209796,1707.9157628209796
2020-06-03T23:45:00.000000000,0.0,-1898.008095154306,1898.008095154306
2020-06-04T00:00:00.000000000,0.0,-1727.790509203216,1727.790509203216
2020-06-04T00:15:00.000000000,0.0,-1449.6959042639937,1449.6959042639937
2020-06-04T00:30:00.000000000,0.0,-1146.0239516885486,1146.0239516885486
2020-06-04T00:45:00.000000000,0.0,-728.9241573783802,728.9241573783802
2020-06-04T01:00:00.000000000,0.0,-103.02150722619263,103.02150722619263
2020-06-04T01:15:00.000000000,0.0,496.3927617695881,-496.3927617695881
2020-06-04T01:30:00.000000000,0.0,902.2053888764931,-902.2053888764931
2020-06-04T01:45:00.000000000,0.0,1345.7934654860292,-1345.7934654860292
2020-06-04T02:00:00.000000000,0.0,1950.5222724287305,-1950.5222724287305
2020-06-04T02:15:00.000000000,0.0,2694.8805838967673,-2694.8805838967673
2020-06-04T02:30:00.000000000,0.0,3336.5244545782916,-3336.5244545782916
2020-06-04T02:45:00.000000000,0.0,3913.4572983081453,-3913.4572983081453
2020-06-04T03:00:00.000000000,0.0,3974.7771333898418,-3974.7771333898418
2020-06-04T03:15:00.000000000,0.0,3529.6452393527143,-3529.6452393527143
2020-06-04T03:30:00.000000000,0.0,3246.759099632036,-3246.759099632036
2020-06-04T03:45:00.000000000,0.0,2786.383713781368,-2786.383713781368
2020-06-04T04:00:00.000000000,0.0,2144.326357057551,-2144.326357057551
2020-06-04T04:15:00.000000000,0.0,1467.041228538612,-1467.041228538612
2020-06-04T04:30:00.000000000,0.0,948.6402536731912,-948.6402536731912
2020-06-04T04:45:00.000000000,0.0,762.8206543800188,-762.8206543800188
2020-06-04T05:00:00.000000000,0.0,795.3090317164315,-795.3090317164315
2020-06-04T05:15:00.000000000,0.0,1088.151525179739,-1088.151525179739
2020-06-04T05:30:00.000000000,0.0,1694.3586402854417,-1694.3586402854417
2020-06-04T05:45:00.000000000,0.0,2138.6427363550756,-2138.6427363550756
2020-06-04T06:00:00.000000000,1508.3214285599922,2276.642022400629,-768.3205938406365
2020-06-04T06:15:00.000000000,8426.17857130001,3183.629785306286,5242.548785993724
2020-06-04T06:30:00.000000000,16244.357142800009,6247.9467693390325,9996.410373460976
2020-06-04T06:45:00.000000000,26523.625000000004,12450.75778718479,14072.867212815214
2020-06-04T07:00:00.000000000,40864.49999999994,22569.9636073038,18294.536392696144
2020-06-04T07:15:00.000000000,55111.78571500003,39460.866062395275,15650.919652604753
2020-06-04T07:30:00.000000000,56590.892858000065,60182.76929127425,-3591.876433274185
2020-06-04T07:45:00.000000000,74608.78571400004,77198.70296601951,-2589.9172520194697
2020-06-04T08:00:00.000000000,108404.58928599996,93953.76372289658,14450.825563103383
2020-06-04T08:15:00.000000000,116275.26785700012,114839.16964039207,1436.0982166080503
2020-06-04T08:30:00.000000000,140712.75000000003,131979.5187213421,8733.231278657942
2020-06-04T08:45:00.000000000,106384.73214299993,154767.3157914877,-48382.583648487765
2020-06-04T09:00:00.000000000,168924.4107140001,157944.35642561316,10980.05428838695
2020-06-04T09:15:00.000000000,144483.2857139999,167285.4028672576,-22802.117153257685
2020-06-04T09:30:00.000000000,146737.26785699994,169183.4917615652,-22446.223904565268
2020-06-04T09:45:00.000000000,147830.7857139999,165485.30423355103,-17654.518519551115
2020-06-04T10:00:00.000000000,213117.50001700004,173133.94347286224,39983.5565441378
2020-06-04T10:15:00.000000000,178955.1071430001,189205.69593954086,-10250.588796540775
2020-06-04T10:30:00.000000000,214412.4999969999,195757.7148347497,18654.78516225019
2020-06-04T10:45:00.000000000,268669.44643000007,206475.93947923183,62193.506950768235
2020-06-04T11:00:00.000000000,217730.6071330001,225561.29737782478,-7830.690244824684
2020-06-04T11:15:00.000000000,216385.55357800002,222320.36398941278,-5934.810411412764
2020-06-04T11:30:00.000000000,206619.19643000007,215850.17236071825,-9230.975930718181
2020-06-04T11:45:00.000000000,234062.76785000003,198764.5041397214,35298.26371027864
2020-06-04T12:00:00.000000000,254973.62499999994,195792.30161750317,59181.323382496776
2020-06-04T12:15:00.000000000,241891.8035799999,208730.96397155523,33160.83960844466
2020-06-04T12:30:00.000000000,205627.12500400015,214172.69652557373,-8545.571521573584
2020-06-04T12:45:00.000000000,179072.89285800004,211566.7764685154,-32493.88361051536
2020-06-04T13:00:00.000000000,271756.7499900001,187654.2847096324,84102.4652803677
2020-06-04T13:15:00.000000000,273825.74999,199718.54258087277,74107.20740912721
2020-06-04T13:30:00.000000000,173753.57142800014,218096.49110674858,-44342.91967874844
2020-06-04T13:45:00.000000000,248432.49998000014,203653.42180413008,44779.07817587006
2020-06-04T14:00:00.000000000,177648.946428,198929.71086007357,-21280.76443207357
2020-06-04T14:15:00.000000000,161086.89285599985,173446.79357656837,-12359.90072056852
2020-06-04T14:30:00.000000000,154733.96428600015,158401.89738243818,-3667.933096438035
2020-06-04T14:45:00.000000000,223138.41069999986,150814.38395479321,72324.02674520665
2020-06-04T15:00:00.000000000,248848.51786000002,150891.40281492472,97957.1150450753
2020-06-04T15:15:00.000000000,183528.46428599997,171730.37808552384,11798.08620047613
2020-06-04T15:30:00.000000000,189792.87499899993,169815.67066389322,19977.20433510671
2020-06-04T15:45:00.000000000,180917.69642899992,161282.85828459263,19634.838144407287
2020-06-04T16:00:00.000000000,171303.2500000001,151651.85650226474,19651.39349773535
2020-06-04T16:15:00.000000000,148346.67857200012,141412.23700888455,6934.441563115572
2020-06-04T16:30:00.000000000,130135.94642799988,132913.7499025166,-2777.8034745167242
2020-06-04T16:45:00.000000000,84376.32142800005,119111.86893734336,-34735.547509343305
2020-06-04T17:00:00.000000000,88979.32142900015,98132.64004477859,-9153.318615778437
2020-06-04T17:15:00.000000000,84051.48214200008,83530.7499229163,520.7322190837876
2020-06-04T17:30:00.000000000,66929.33928699995,73644.91103810072,-6715.571751100768
2020-06-04T17:45:00.000000000,41641.92856999989,64871.319818131626,-23229.39124813174
2020-06-04T18:00:00.000000000,19163.85714289999,53574.4372086823,-34410.58006578231
2020-06-04T18:15:00.000000000,6454.624999999997,39520.18661271781,-33065.56161271781
2020-06-04T18:30:00.000000000,1034.7083333499875,23924.50012113899,-22889.791787789003
2020-06-04T18:45:00.000000000,0.0,11776.062449472025,-11776.062449472025
2020-06-04T19:00:00.000000000,0.0,5068.613399651833,-5068.613399651833
2020-06-04T19:15:00.000000000,0.0,2579.1835776860826,-2579.1835776860826
2020-06-04T19:30:00.000000000,0.0,2637.534010931384,-2637.534010931384
2020-06-04T19:45:00.000000000,0.0,3448.3072492773645,-3448.3072492773645
2020-06-04T20:00:00.000000000,0.0,4206.053044601809,-4206.053044601809
2020-06-04T20:15:00.000000000,0.0,4695.4304495425895,-4695.4304495425895
2020-06-04T20:30:00.000000000,0.0,4847.57855045516,-4847.57855045516
2020-06-04T20:45:00.000000000,0.0,4719.708683875389,-4719.708683875389
2020-06-04T21:00:00.000000000,0.0,4362.891450687777,-4362.891450687777
2020-06-04T21:15:00.000000000,0.0,3787.806047304999,-3787.806047304999
2020-06-04T21:30:00.000000000,0.0,3035.315755798947,-3035.315755798947
2020-06-04T21:45:00.000000000,0.0,2316.1974917496555,-2316.1974917496555
2020-06-04T22:00:00.000000000,0.0,1604.5700868873391,-1604.5700868873391
2020-06-04T22:15:00.000000000,0.0,919.6000098612858,-919.6000098612858
2020-06-04T22:30:00.000000000,0.0,144.75483009938034,-144.75483009938034
2020-06-04T22:45:00.000000000,0.0,-638.2561717602657,638.2561717602657
2020-06-04T23:00:00.000000000,0.0,-1328.9964682550635,1328.9964682550635
2020-06-04T23:15:00.000000000,0.0,-1951.3392270000186,1951.3392270000186
2020-06-04T23:30:00.000000000,0.0,-2515.812261328567,2515.812261328567
2020-06-04T23:45:00.000000000,0.0,-3006.8770900224335,3006.8770900224335
2020-06-05T00:00:00.000000000,0.0,-3191.840455547441,3191.840455547441
2020-06-05T00:15:00.000000000,0.0,-2930.2968915258534,2930.2968915258534
2020-06-05T00:30:00.000000000,0.0,-2388.381056383718,2388.381056383718
2020-06-05T00:45:00.000000000,0.0,-1743.464226851007,1743.464226851007
2020-06-05T01:00:00.000000000,0.0,-1323.4457114131656,1323.4457114131656
2020-06-05T01:15:00.000000000,0.0,-897.9776028367924,897.9776028367924
2020-06-05T01:30:00.000000000,0.0,-472.0202837261604,472.0202837261604
2020-06-05T01:45:00.000000000,0.0,-210.0380745458242,210.0380745458242
2020-06-05T02:00:00.000000000,0.0,-30.372391842567595,30.372391842567595
2020-06-05T02:15:00.000000000,0.0,271.07250935558113,-271.07250935558113
2020-06-05T02:30:00.000000000,0.0,801.3132128444267,-801.3132128444267
2020-06-05T02:45:00.000000000,0.0,1234.45776822255,-1234.45776822255
2020-06-05T03:00:00.000000000,0.0,1505.230098178843,-1505.230098178843
2020-06-05T03:15:00.000000000,0.0,1548.2273742018733,-1548.2273742018733
2020-06-05T03:30:00.000000000,0.0,1668.4881485758815,-1668.4881485758815
2020-06-05T03:45:00.000000000,0.0,1571.552363058785,-1571.552363058785
2020-06-05T04:00:00.000000000,0.0,1217.5692952780519,-1217.5692952780519
2020-06-05T04:15:00.000000000,0.0,878.7960420128657,-878.7960420128657
2020-06-05T04:30:00.000000000,0.0,451.3118429806782,-451.3118429806782
2020-06-05T04:45:00.000000000,0.0,-53.22075796153513,53.22075796153513
2020-06-05T05:00:00.000000000,0.0,-599.379784365301,599.379784365301
2020-06-05T05:15:00.000000000,0.0,-1099.042802893673,1099.042802893673
2020-06-05T05:30:00.000000000,0.0,-1299.0694108975586,1299.0694108975586
2020-06-05T05:45:00.000000000,0.0,-1129.163949571317,1129.163949571317
2020-06-05T06:00:00.000000000,2011.8035713899797,-739.2453595000552,2751.048930890035
2020-06-05T06:15:00.000000000,6623.499999999997,381.9442540582968,6241.5557459417005
2020-06-05T06:30:00.000000000,12674.535714299991,3219.1023271302693,9455.433387169722
2020-06-05T06:45:00.000000000,30194.535714000085,8175.620016601868,22018.915697398217
2020-06-05T07:00:00.000000000,31957.999998999912,19679.487121991813,12278.5128770081
2020-06-05T07:15:00.000000000,42082.910716000086,32736.39409405738,9346.516621942705
2020-06-05T07:30:00.000000000,47104.285714000056,46226.58066021651,877.7050537835457
2020-06-05T07:45:00.000000000,51633.285713999896,58439.333930678666,-6806.04821667877
2020-06-05T08:00:00.000000000,62388.37499999994,68334.8318072632,-5946.456807263254
2020-06-05T08:15:00.000000000,115911.62500100005,78540.63639365137,37370.988607348685
2020-06-05T08:30:00.000000000,152916.196429,103362.76897475123,49553.42745424877
2020-06-05T08:45:00.000000000,162986.6785719999,143290.17277538776,19696.505796612124
2020-06-05T09:00:00.000000000,160229.87499999994,179840.64120918512,-19610.76620918518
2020-06-05T09:15:00.000000000,194120.7678569999,191781.92197823524,2338.845878764667
2020-06-05T09:30:00.000000000,214914.82144599987,200903.48575800657,14011.335687993298
2020-06-05T09:45:00.000000000,126922.374999,205646.49781399965,-78724.12281499965
2020-06-05T10:00:00.000000000,233653.87499999994,189510.7344918251,44143.14050817484
2020-06-05T10:15:00.000000000,142557.41071400003,200216.0017464757,-57658.59103247567
2020-06-05T10:30:00.000000000,223672.00001899988,188471.79815271497,35200.201866284915
2020-06-05T10:45:00.000000000,221946.7678500001,195781.9930690825,26164.774780917593
2020-06-05T11:00:00.000000000,208669.7857120001,204824.17596453428,3845.6097474658163
2020-06-05T11:15:00.000000000,235069.96427999993,198587.72350084782,36482.24077915211
2020-06-05T11:30:00.000000000,272287.2500099999,214536.95439857244,57750.29561142746
2020-06-05T11:45:00.000000000,253446.92857999998,223276.07271909714,30170.85586090284
2020-06-05T12:00:00.000000000,103761.964289,224165.81348752975,-120403.84919852976
2020-06-05T12:15:00.000000000,102664.83928700014,189886.81935736537,-87221.98007036523
2020-06-05T12:30:00.000000000,79515.99999999997,148722.35600304604,-69206.35600304606
2020-06-05T12:45:00.000000000,117978.46428500013,114457.4159168005,3521.0483681996266
2020-06-05T13:00:00.000000000,185168.33928599991,103188.4684612751,81979.87082472481
2020-06-05T13:15:00.000000000,177855.69642599998,126076.406921193,51779.28950480698
2020-06-05T13:30:00.000000000,226115.64287400013,151099.63211870193,75016.0107552982
2020-06-05T13:45:00.000000000,288057.2678699997,186376.10906347632,101681.15880652337
2020-06-05T14:00:00.000000000,261629.35715000005,216745.41327118874,44883.94387881132
2020-06-05T14:15:00.000000000,136818.55357099985,219100.25015705824,-82281.69658605839
2020-06-05T14:30:00.000000000,253413.8392899999,188271.7178323865,65142.12145761339
2020-06-05T14:45:00.000000000,237612.48214100007,180593.03027108312,57019.45186991696
2020-06-05T15:00:00.000000000,194058.44642800005,177740.66673320532,16317.779694794735
2020-06-05T15:15:00.000000000,150550.83928399993,174584.12509471178,-24033.28581071185
2020-06-05T15:30:00.000000000,94967.25000000004,161046.53776457906,-66079.28776457901
2020-06-05T15:45:00.000000000,193999.78571499992,125199.87661661208,68799.90909838784
2020-06-05T16:00:00.000000000,163172.6964299999,125446.07545921206,37726.62097078783
2020-06-05T16:15:00.000000000,143349.53571600004,127474.26127147675,15875.274444523297
2020-06-05T16:30:00.000000000,133570.03571400009,125273.15841704607,8296.877296954015
2020-06-05T16:45:00.000000000,101859.83928599986,119882.92642612755,-18023.087140127696
2020-06-05T17:00:00.000000000,90269.26785500004,102827.57647274435,-12558.308617744304
2020-06-05T17:15:00.000000000,85255.1607140001,86074.38846361637,-819.2277496162715
2020-06-05T17:30:00.000000000,80975.78571599991,74465.91690266132,6509.868813338588
2020-06-05T17:45:00.000000000,49747.33928700013,66699.47592487186,-16952.13663787173
2020-06-05T18:00:00.000000000,25551.999999,55861.23092633486,-30309.23092733486
2020-06-05T18:15:00.000000000,11954.321428600004,41719.28174658865,-29764.960317988644
2020-06-05T18:30:00.000000000,2621.5297619699904,26184.737938277423,-23563.20817630743
2020-06-05T18:45:00.000000000,0.0,12402.285676525906,-12402.285676525906
2020-06-05T19:00:00.000000000,0.0,3261.209626182448,-3261.209626182448
2020-06-05T19:15:00.000000000,0.0,-239.58024849768844,239.58024849768844
2020-06-05T19:30:00.000000000,0.0,-302.96683826774824,302.96683826774824
2020-06-05T19:45:00.000000000,0.0,1228.3839917390142,-1228.3839917390142
2020-06-05T20:00:00.000000000,0.0,2769.950774073135,-2769.950774073135
2020-06-05T20:15:00.000000000,0.0,3698.251587375533,-3698.251587375533
2020-06-05T20:30:00.000000000,0.0,4156.467408254277,-4156.467408254277
2020-06-05T20:45:00.000000000,0.0,4132.796551569831,-4132.796551569831
2020-06-05T21:00:00.000000000,0.0,3867.2544180299155,-3867.2544180299155
2020-06-05T21:15:00.000000000,0.0,3407.9419430638663,-3407.9419430638663
2020-06-05T21:30:00.000000000,0.0,2829.4147330070846,-2829.4147330070846
2020-06-05T21:45:00.000000000,0.0,2231.080262973439,-2231.080262973439
2020-06-05T22:00:00.000000000,0.0,1543.5286332278047,-1543.5286332278047
2020-06-05T22:15:00.000000000,0.0,840.5565575686051,-840.5565575686051
2020-06-05T22:30:00.000000000,0.0,13.881818480527727,-13.881818480527727
2020-06-05T22:45:00.000000000,0.0,-811.5781323584961,811.5781323584961
2020-06-05T23:00:00.000000000,0.0,-1524.8588882477488,1524.8588882477488
2020-06-05T23:15:00.000000000,0.0,-2119.6165787966456,2119.6165787966456
2020-06-05T23:30:00.000000000,0.0,-2491.415925786365,2491.415925786365
2020-06-05T23:45:00.000000000,0.0,-2601.3006653343327,2601.3006653343327
2020-06-06T00:00:00.000000000,0.0,-2511.6449757968076,2511.6449757968076
2020-06-06T00:15:00.000000000,0.0,-2309.219502881635,2309.219502881635
2020-06-06T00:30:00.000000000,0.0,-2142.5619566233363,2142.5619566233363
2020-06-06T00:45:00.000000000,0.0,-1923.0118083448615,1923.0118083448615
2020-06-06T01:00:00.000000000,0.0,-1658.2795116694178,1658.2795116694178
2020-06-06T01:15:00.000000000,0.0,-1285.7882972152438,1285.7882972152438
2020-06-06T01:30:00.000000000,0.0,-781.3442227515625,781.3442227515625
2020-06-06T01:45:00.000000000,0.0,-198.43041282173363,198.43041282173363
2020-06-06T02:00:00.000000000,0.0,158.2014963698748,-158.2014963698748
2020-06-06T02:15:00.000000000,0.0,321.86448167532217,-321.86448167532217
2020-06-06T02:30:00.000000000,0.0,573.2429058876587,-573.2429058876587
2020-06-06T02:45:00.000000000,0.0,898.0634107467486,-898.0634107467486
2020-06-06T03:00:00.000000000,0.0,954.4314308342291,-954.4314308342291
2020-06-06T03:15:00.000000000,0.0,532.9113428768469,-532.9113428768469
2020-06-06T03:30:00.000000000,0.0,-11.779887162410887,11.779887162410887
2020-06-06T03:45:00.000000000,0.0,-117.85164480682579,117.85164480682579
2020-06-06T04:00:00.000000000,0.0,-7.342656009161146,7.342656009161146
2020-06-06T04:15:00.000000000,0.0,-91.44337080445257,91.44337080445257
2020-06-06T04:30:00.000000000,0.0,-626.1592335972236,626.1592335972236
2020-06-06T04:45:00.000000000,0.0,-1380.994743594667,1380.994743594667
2020-06-06T05:00:00.000000000,0.0,-2097.9576605723705,2097.9576605723705
2020-06-06T05:15:00.000000000,0.0,-2771.9421502691694,2771.9421502691694
2020-06-06T05:30:00.000000000,0.0,-3357.1926934611984,3357.1926934611984
2020-06-06T05:45:00.000000000,0.0,-4397.601079788525,4397.601079788525
2020-06-06T06:00:00.000000000,2962.892857099999,-5014.068566984497,7976.961424084497
2020-06-06T06:15:00.000000000,9305.08928559999,-4037.301706254948,13342.390991854938
2020-06-06T06:30:00.000000000,16430.66071419999,706.0603695613099,15724.600344638679
2020-06-06T06:45:00.000000000,31964.696430000004,8562.612372410484,23402.08405758952
2020-06-06T07:00:00.000000000,58156.53571499991,22381.11555556953,35775.42015943038
2020-06-06T07:15:00.000000000,73587.58928500001,49556.80278083682,24030.78650416319
2020-06-06T07:30:00.000000000,84269.46428599987,80491.50809276104,3777.9561932388315
2020-06-06T07:45:00.000000000,100269.19642800001,107692.02187940478,-7422.825451404773
2020-06-06T08:00:00.000000000,114398.05357100005,129840.28402903676,-15442.230458036705
2020-06-06T08:15:00.000000000,118549.12499999985,146304.08189612627,-27754.956896126416
2020-06-06T08:30:00.000000000,154086.16071399988,156084.92036998272,-1998.759655982838
2020-06-06T08:45:00.000000000,133829.91071399988,170763.0954373181,-36933.184723318205
2020-06-06T09:00:00.000000000,84156.33928599986,175037.8361980319,-90881.49691203205
2020-06-06T09:15:00.000000000,115874.17857199993,159360.5248991549,-43486.34632715497
2020-06-06T09:30:00.000000000,201501.2857160001,151215.87745195627,50285.40826404383
2020-06-06T09:45:00.000000000,152192.75000000006,170788.50406894088,-18595.75406894082
2020-06-06T10:00:00.000000000,230977.017861,187549.88324052095,43427.134620479046
2020-06-06T10:15:00.000000000,189796.5357180001,213220.91887900233,-23424.383161002246
2020-06-06T10:30:00.000000000,202476.91070899984,214123.36396324635,-11646.453254246502
2020-06-06T10:45:00.000000000,186613.67857200006,207222.64281147718,-20608.96423947712
2020-06-06T11:00:00.000000000,222312.41072299998,198897.3173854947,23415.09333750527
2020-06-06T11:15:00.000000000,248055.1785859999,203639.95826625824,44415.22031974167
2020-06-06T11:30:00.000000000,166092.92857199998,215530.18556964397,-49437.256997644
2020-06-06T11:45:00.000000000,115043.39285599996,197378.5695757866,-82335.17671978663
2020-06-06T12:00:00.000000000,179581.35714300006,174392.14314302802,5189.213999972038
2020-06-06T12:15:00.000000000,192486.44642700005,168576.4515452385,23909.99488176155
2020-06-06T12:30:00.000000000,222525.14284600003,182091.88646280766,40433.256383192376
2020-06-06T12:45:00.000000000,191614.67857199986,206757.00348600745,-15142.324914007593
2020-06-06T13:00:00.000000000,275518.3571399999,214895.10475188494,60623.25238811498
2020-06-06T13:15:00.000000000,89819.25000000003,220746.14235448837,-130926.89235448834
2020-06-06T13:30:00.000000000,184538.17857099988,181573.55712634325,2964.62144465663
2020-06-06T13:45:00.000000000,224238.2321540001,156421.72814759612,67816.504006404
2020-06-06T14:00:00.000000000,166435.48214200014,160654.8972826004,5780.584859399736
2020-06-06T14:15:00.000000000,263168.66071400006,152638.7270796299,110529.93363437016
2020-06-06T14:30:00.000000000,99824.62500000013,189027.37998494506,-89202.75498494493
2020-06-06T14:45:00.000000000,53143.50000099993,164899.8765385449,-111756.37653754497
2020-06-06T15:00:00.000000000,89581.69643000005,116414.43731459975,-26832.740884599698
2020-06-06T15:15:00.000000000,109195.14285600006,90804.34190016985,18390.800955830215
2020-06-06T15:30:00.000000000,94754.285714,78696.0322778225,16058.253436177503
2020-06-06T15:45:00.000000000,72790.55357199986,79256.85274226964,-6466.299170269776
2020-06-06T16:00:00.000000000,58893.499998999934,79155.51346880198,-20262.01346980204
2020-06-06T16:15:00.000000000,33936.19642899987,68842.29583246261,-34906.09940346274
2020-06-06T16:30:00.000000000,30037.75000100009,50678.95407567173,-20641.20407467164
2020-06-06T16:45:00.000000000,28280.642855999984,34922.32937888056,-6641.686522880576
2020-06-06T17:00:00.000000000,20407.303571199987,24816.467940948904,-4409.164369748916
2020-06-06T17:15:00.000000000,14156.053571399996,18202.534486711025,-4046.480915311029
2020-06-06T17:30:00.000000000,9950.017857199993,13499.070518741384,-3549.052661541391
2020-06-06T17:45:00.000000000,7256.678571500007,10925.168543132022,-3668.489971632015
2020-06-06T18:00:00.000000000,4828.232142799995,9103.364594297484,-4275.132451497489
2020-06-06T18:15:00.000000000,1074.553571419989,8039.436668460257,-6964.883097040269
2020-06-06T18:30:00.000000000,0.0,7314.628456857987,-7314.628456857987
2020-06-06T18:45:00.000000000,0.0,6683.4449790092185,-6683.4449790092185
2020-06-06T19:00:00.000000000,0.0,6514.602428567596,-6514.602428567596
2020-06-06T19:15:00.000000000,0.0,6759.325006050058,-6759.325006050058
2020-06-06T19:30:00.000000000,0.0,7288.325630364008,-7288.325630364008
2020-06-06T19:45:00.000000000,0.0,7978.424740103073,-7978.424740103073
2020-06-06T20:00:00.000000000,0.0,8508.429224696942,-8508.429224696942
2020-06-06T20:15:00.000000000,0.0,8752.519117129035,-8752.519117129035
2020-06-06T20:30:00.000000000,0.0,8850.1302939374,-8850.1302939374
2020-06-06T20:45:00.000000000,0.0,8708.10462659318,-8708.10462659318
2020-06-06T21:00:00.000000000,0.0,8329.826452878304,-8329.826452878304
2020-06-06T21:15:00.000000000,0.0,7339.303173822351,-7339.303173822351
2020-06-06T21:30:00.000000000,0.0,6125.956655827351,-6125.956655827351
2020-06-06T21:45:00.000000000,0.0,4924.833613005467,-4924.833613005467
2020-06-06T22:00:00.000000000,0.0,3739.5195242608897,-3739.5195242608897
2020-06-06T22:15:00.000000000,0.0,2425.3061376358382,-2425.3061376358382
2020-06-06T22:30:00.000000000,0.0,1153.204136153916,-1153.204136153916
2020-06-06T22:45:00.000000000,0.0,25.742554224765627,-25.742554224765627
2020-06-06T23:00:00.000000000,0.0,-967.758545992081,967.758545992081
2020-06-06T23:15:00.000000000,0.0,-1746.9903915317263,1746.9903915317263
2020-06-06T23:30:00.000000000,0.0,-2269.571239725221,2269.571239725221
2020-06-06T23:45:00.000000000,0.0,-2705.685262844432,2705.685262844432
2020-06-07T00:00:00.000000000,0.0,-2944.738982275594,2944.738982275594
2020-06-07T00:15:00.000000000,0.0,-3104.29371617781,3104.29371617781
2020-06-07T00:30:00.000000000,0.0,-3052.666616067756,3052.666616067756
2020-06-07T00:45:00.000000000,0.0,-2619.6907107983716,2619.6907107983716
2020-06-07T01:00:00.000000000,0.0,-2057.0904242189135,2057.0904242189135
2020-06-07T01:15:00.000000000,0.0,-1459.633277455112,1459.633277455112
2020-06-07T01:30:00.000000000,0.0,-1036.4934498640941,1036.4934498640941
2020-06-07T01:45:00.000000000,0.0,-656.258170393412,656.258170393412
2020-06-07T02:00:00.000000000,0.0,-232.3760747241613,232.3760747241613
2020-06-07T02:15:00.000000000,0.0,201.3759242070082,-201.3759242070082
2020-06-07T02:30:00.000000000,0.0,427.6241146948887,-427.6241146948887
2020-06-07T02:45:00.000000000,0.0,511.37474376230966,-511.37474376230966
2020-06-07T03:00:00.000000000,0.0,563.3561475005699,-563.3561475005699
2020-06-07T03:15:00.000000000,0.0,578.4562307026936,-578.4562307026936
2020-06-07T03:30:00.000000000,0.0,594.8891704109265,-594.8891704109265
2020-06-07T03:45:00.000000000,0.0,485.30811968713533,-485.30811968713533
2020-06-07T04:00:00.000000000,0.0,245.76510734084877,-245.76510734084877
2020-06-07T04:15:00.000000000,0.0,94.39310009006294,-94.39310009006294
2020-06-07T04:30:00.000000000,0.0,14.396402321493952,-14.396402321493952
2020-06-07T04:45:00.000000000,0.0,-65.88289476957289,65.88289476957289
2020-06-07T05:00:00.000000000,0.0,-305.6705123829888,305.6705123829888
2020-06-07T05:15:00.000000000,0.0,-600.9129911373602,600.9129911373602
2020-06-07T05:30:00.000000000,0.0,-623.8288436617004,623.8288436617004
2020-06-07T05:45:00.000000000,0.0,-347.9328192725079,347.9328192725079
2020-06-07T06:00:00.000000000,1328.5892857099975,21.25470826748642,1307.334577442511
2020-06-07T06:15:00.000000000,8796.535714299998,805.9444674131228,7990.5912468868755
2020-06-07T06:30:00.000000000,17416.23214290001,3844.667561731767,13571.564581168244
2020-06-07T06:45:00.000000000,32486.51785700005,10179.161164442077,22307.356692557973
2020-06-07T07:00:00.000000000,38716.28571099998,22099.785821072757,16616.499889927225
2020-06-07T07:15:00.000000000,40661.82142800001,36362.18558070809,4299.635847291924
2020-06-07T07:30:00.000000000,45322.857142000066,47911.674023367465,-2588.8168813673983
2020-06-07T07:45:00.000000000,55007.83928499987,56606.35254595429,-1598.5132609544162
2020-06-07T08:00:00.000000000,74230.94643000008,64615.51259856671,9615.433831433373
2020-06-07T08:15:00.000000000,77860.82142799986,76117.73946796358,1743.0819600362884
2020-06-07T08:30:00.000000000,79503.2500009999,88654.4274842143,-9151.1774832144
2020-06-07T08:45:00.000000000,110159.51785700003,98721.52641806006,11437.991438939964
2020-06-07T09:00:00.000000000,202221.67857300004,114292.25981125236,87929.41876174769
2020-06-07T09:15:00.000000000,184292.87499900002,152337.737711668,31955.137287332007
2020-06-07T09:30:00.000000000,152519.16071399997,181287.22917994857,-28768.0684659486
2020-06-07T09:45:00.000000000,136199.85714199994,187692.46514347196,-51492.60800147202
2020-06-07T10:00:00.000000000,147079.48214499984,177119.92677658796,-30040.44463158812
2020-06-07T10:15:00.000000000,171416.05357199992,164700.94348710775,6715.110084892163
2020-06-07T10:30:00.000000000,211331.089285,167430.90355724096,43900.18572775903
2020-06-07T10:45:00.000000000,287642.82143000065,183611.91651421785,104030.9049157828
2020-06-07T11:00:00.000000000,251659.67856999987,222184.48011219501,29475.198457804858
2020-06-07T11:15:00.000000000,297395.2857099996,231161.2180660367,66234.06764396292
2020-06-07T11:30:00.000000000,255639.39286000014,236937.6494475007,18701.743412499432
2020-06-07T11:45:00.000000000,244257.14283999987,217153.57105088234,27103.57178911753
2020-06-07T12:00:00.000000000,288753.03572000033,194743.47852000594,94009.5571999944
2020-06-07T12:15:00.000000000,254458.17857699987,202263.9779471159,52194.20062988397
2020-06-07T12:30:00.000000000,236053.6428600001,203394.40898030996,32659.233879690146
2020-06-07T12:45:00.000000000,216342.74998599998,214341.4631538093,2001.2868321906717
2020-06-07T13:00:00.000000000,202254.80357,213112.62006998062,-10857.816499980632
2020-06-07T13:15:00.000000000,203338.85713000005,204303.73767790198,-964.8805479019356
2020-06-07T13:30:00.000000000,178954.12500100012,204051.05170458555,-25096.92670358543
2020-06-07T13:45:00.000000000,126293.80357099998,198763.81240406632,-72470.00883306634
2020-06-07T14:00:00.000000000,209657.92856800003,180468.29852235317,29189.63004564686
2020-06-07T14:15:00.000000000,187727.64285900013,177779.57264590263,9948.070213097497
2020-06-07T14:30:00.000000000,154606.3214269999,173536.22993528843,-18929.90850828853
2020-06-07T14:45:00.000000000,99299.39285640011,163514.39750784636,-64215.004651446245
2020-06-07T15:00:00.000000000,201447.8571440001,139635.76705285907,61812.09009114103
2020-06-07T15:15:00.000000000,153825.82142800002,137045.39417643845,16780.427251561574
2020-06-07T15:30:00.000000000,172906.94642799994,134818.64648796618,38088.29994003376
2020-06-07T15:45:00.000000000,139874.91071400003,138385.63200813532,1489.2787058647082
2020-06-07T16:00:00.000000000,160844.85714300003,132462.60328260064,28382.25386039939
2020-06-07T16:15:00.000000000,134304.0714289999,124806.28746467829,9497.7839643216
2020-06-07T16:30:00.000000000,76102.91071399988,117845.84927995503,-41742.93856595515
2020-06-07T16:45:00.000000000,111607.92857100005,96818.81470498443,14789.113866015628
2020-06-07T17:00:00.000000000,73527.85714200007,84484.9570800811,-10957.099938081039
2020-06-07T17:15:00.000000000,74857.76785700003,69694.57321011275,5163.1946468872775
2020-06-07T17:30:00.000000000,47777.892856999904,59742.00292408466,-11964.110067084759
2020-06-07T17:45:00.000000000,25891.142859000003,48626.886511705816,-22735.743652705813
2020-06-07T18:00:00.000000000,14620.607142899995,34966.094312764704,-20345.48716986471
2020-06-07T18:15:00.000000000,6636.178571500005,20694.67668221146,-14058.498110711455
2020-06-07T18:30:00.000000000,1331.1964285599822,10355.212106557563,-9024.01567799758
2020-06-07T18:45:00.000000000,0.0,3466.0139948870055,-3466.0139948870055
2020-06-07T19:00:00.000000000,0.0,704.5967581447912,-704.5967581447912
2020-06-07T19:15:00.000000000,0.0,316.4233902421547,-316.4233902421547
2020-06-07T19:30:00.000000000,0.0,970.8559347417904,-970.8559347417904
2020-06-07T19:45:00.000000000,0.0,2073.3644018082414,-2073.3644018082414
2020-06-07T20:00:00.000000000,0.0,2896.285324930679,-2896.285324930679
2020-06-07T20:15:00.000000000,0.0,3683.37083499087,-3683.37083499087
2020-06-07T20:30:00.000000000,0.0,4157.682163550984,-4157.682163550984
2020-06-07T20:45:00.000000000,0.0,4328.237181528937,-4328.237181528937
2020-06-07T21:00:00.000000000,0.0,4153.700465634,-4153.700465634
2020-06-07T21:15:00.000000000,0.0,3696.4800692345016,-3696.4800692345016
2020-06-07T21:30:00.000000000,0.0,2983.0812780405395,-2983.0812780405395
2020-06-07T21:45:00.000000000,0.0,2129.4624762742314,-2129.4624762742314
2020-06-07T22:00:00.000000000,0.0,1262.3296536414418,-1262.3296536414418
2020-06-07T22:15:00.000000000,0.0,433.22548634081613,-433.22548634081613
2020-06-07T22:30:00.000000000,0.0,-237.80873035665718,237.80873035665718
2020-06-07T22:45:00.000000000,0.0,-830.0187926265644,830.0187926265644
2020-06-07T23:00:00.000000000,0.0,-1328.3384758026805,1328.3384758026805
2020-06-07T23:15:00.000000000,0.0,-1683.5362988801207,1683.5362988801207
2020-06-07T23:30:00.000000000,0.0,-1791.7338782937732,1791.7338782937732
2020-06-07T23:45:00.000000000,0.0,-1670.4608078391757,1670.4608078391757
2020-06-08T00:00:00.000000000,0.0,-1487.1339876444545,1487.1339876444545
2020-06-08T00:15:00.000000000,0.0,-1249.3793815167155,1249.3793815167155
2020-06-08T00:30:00.000000000,0.0,-1009.4145297083305,1009.4145297083305
2020-06-08T00:45:00.000000000,0.0,-858.7511297139572,858.7511297139572
2020-06-08T01:00:00.000000000,0.0,-763.4940685305046,763.4940685305046
2020-06-08T01:15:00.000000000,0.0,-646.9450464519905,646.9450464519905
2020-06-08T01:30:00.000000000,0.0,-387.56104740232695,387.56104740232695
2020-06-08T01:45:00.000000000,0.0,135.3742197525862,-135.3742197525862
2020-06-08T02:00:00.000000000,0.0,809.8839863267494,-809.8839863267494
2020-06-08T02:15:00.000000000,0.0,1396.1889386980329,-1396.1889386980329
2020-06-08T02:30:00.000000000,0.0,1671.870904645184,-1671.870904645184
2020-06-08T02:45:00.000000000,0.0,1667.4505450932775,-1667.4505450932775
2020-06-08T03:00:00.000000000,0.0,1563.9095276503358,-1563.9095276503358
2020-06-08T03:15:00.000000000,0.0,1364.284740558127,-1364.284740558127
2020-06-08T03:30:00.000000000,0.0,1053.7292405393673,-1053.7292405393673
2020-06-08T03:45:00.000000000,0.0,711.8262393203331,-711.8262393203331
2020-06-08T04:00:00.000000000,0.0,382.11297007172834,-382.11297007172834
2020-06-08T04:15:00.000000000,0.0,128.70993722204003,-128.70993722204003
2020-06-08T04:30:00.000000000,0.0,-28.626181103551062,28.626181103551062
2020-06-08T04:45:00.000000000,0.0,-371.51193662465084,371.51193662465084
2020-06-08T05:00:00.000000000,0.0,-971.5673099952983,971.5673099952983
2020-06-08T05:15:00.000000000,0.0,-1743.2406781332102,1743.2406781332102
2020-06-08T05:30:00.000000000,0.0,-2442.025367329363,2442.025367329363
2020-06-08T05:45:00.000000000,0.0,-2836.6985196494497,2836.6985196494497
2020-06-08T06:00:00.000000000,2240.1607143599917,-2759.748200398404,4999.908914758396
2020-06-08T06:15:00.000000000,9909.267857100001,-1674.687143975636,11583.955001075637
2020-06-08T06:30:00.000000000,18557.178571499986,1847.0276518894825,16710.150919610503
2020-06-08T06:45:00.000000000,24334.107142999997,8917.047282764688,15417.05986023531
2020-06-08T07:00:00.000000000,34055.642858000116,18474.25584424287,15581.387013757245
2020-06-08T07:15:00.000000000,42460.23214300012,31537.81022723764,10922.421915762476
2020-06-08T07:30:00.000000000,54023.42857199993,46008.64174986631,8014.786822133625
2020-06-08T07:45:00.000000000,85853.48214300006,61445.59178020805,24407.890362792008
2020-06-08T08:00:00.000000000,90897.69642900008,84176.84789635241,6720.848532647666
2020-06-08T08:15:00.000000000,73041.33928499998,104905.61786697805,-31864.27858197807
2020-06-08T08:30:00.000000000,119955.69643000007,112978.4344714582,6977.261958541872
2020-06-08T08:45:00.000000000,159208.44642900003,128053.91887882352,31154.527550176514
2020-06-08T09:00:00.000000000,149134.76785800006,150933.64930468798,-1798.881446687912
2020-06-08T09:15:00.000000000,205203.45000000004,167416.8832565248,37786.56674347524
2020-06-08T09:30:00.000000000,246240.71427699996,191178.22233897448,55062.49193802549
2020-06-08T09:45:00.000000000,250850.29166999995,216738.78273186088,34111.50893813907
2020-06-08T10:00:00.000000000,267452.32142999995,230445.01858901978,37007.30284098018
2020-06-08T10:15:00.000000000,237521.82144,238022.24033984542,-500.4188998454192
2020-06-08T10:30:00.000000000,252739.46427099995,226119.8992266953,26619.565044304647
2020-06-08T10:45:00.000000000,252120.60713999992,217049.92880383134,35070.67833616858
2020-06-08T11:00:00.000000000,261569.80357000005,213269.4584760666,48300.34509393346
2020-06-08T11:15:00.000000000,246354.33928999997,213204.53655409813,33149.802735901845
2020-06-08T11:30:00.000000000,225426.58927900007,212869.73649704456,12556.852781955502
2020-06-08T11:45:00.000000000,227722.48214800007,204948.3509504199,22774.131197580165
2020-06-08T12:00:00.000000000,224724.660709,201546.698687613,23177.96202138698
2020-06-08T12:15:00.000000000,193844.8035740001,198709.57020574808,-4864.766631747974
2020-06-08T12:30:00.000000000,258515.17856999996,192065.83728563786,66449.3412843621
2020-06-08T12:45:00.000000000,169242.73214200008,202967.32126390934,-33724.58912190926
2020-06-08T13:00:00.000000000,213213.9285749999,193017.0412977636,20196.887277236325
2020-06-08T13:15:00.000000000,195440.51785799998,193926.67368417978,1513.8441738201946
2020-06-08T13:30:00.000000000,177761.60714299997,193715.77866739035,-15954.171524390375
2020-06-08T13:45:00.000000000,219581.2857060001,185274.5453401804,34306.740365819714
2020-06-08T14:00:00.000000000,218756.92857199998,197083.38403868675,21673.544533313223
2020-06-08T14:15:00.000000000,230892.7321459999,194978.68551433086,35914.04663166904
2020-06-08T14:30:00.000000000,243628.46428999995,196816.66089305282,46811.80339694713
2020-06-08T14:45:00.000000000,211796.2321419999,196107.53061699867,15688.701525001234
2020-06-08T15:00:00.000000000,218279.42857900003,181926.83158686757,36352.59699213246
2020-06-08T15:15:00.000000000,204789.53571400009,178565.85675489902,26223.67895910106
2020-06-08T15:30:00.000000000,151651.9464270001,173712.90934455395,-22060.962917553843
2020-06-08T15:45:00.000000000,157131.32142900003,152809.34958401322,4321.971844986809
2020-06-08T16:00:00.000000000,105533.85714300009,134376.39120195806,-28842.534058957972
2020-06-08T16:15:00.000000000,74117.94642799992,109569.89015950263,-35451.9437315027
2020-06-08T16:30:00.000000000,120259.07142799998,85725.74525766075,34533.326170339235
2020-06-08T16:45:00.000000000,119533.42857100014,79155.54721200466,40377.88135899548
2020-06-08T17:00:00.000000000,72443.94642899997,79508.846979931,-7064.900550931023
2020-06-08T17:15:00.000000000,51089.14285700004,73672.33582608402,-22583.192969083975
2020-06-08T17:30:00.000000000,42752.99999799998,62646.09057378024,-19893.09057578026
2020-06-08T17:45:00.000000000,27943.053572,50446.336872152984,-22503.283300152983
2020-06-08T18:00:00.000000000,17814.89285710001,34301.812970981,-16486.92011388099
2020-06-08T18:15:00.000000000,9856.696428500003,21267.84715884179,-11411.150730341786
2020-06-08T18:30:00.000000000,2645.392857199989,12096.158905955032,-9450.766048755042
2020-06-08T18:45:00.000000000,0.0,4867.394246232696,-4867.394246232696
2020-06-08T19:00:00.000000000,0.0,-121.13317126806942,121.13317126806942
2020-06-08T19:15:00.000000000,0.0,-2050.434577489039,2050.434577489039
2020-06-08T19:30:00.000000000,0.0,-2035.401980692288,2035.401980692288
2020-06-08T19:45:00.000000000,0.0,-1083.4639880034374,1083.4639880034374
2020-06-08T20:00:00.000000000,0.0,255.702480531967,-255.702480531967
2020-06-08T20:15:00.000000000,0.0,1546.3799338547979,-1546.3799338547979
2020-06-08T20:30:00.000000000,0.0,2337.691911860835,-2337.691911860835
2020-06-08T20:45:00.000000000,0.0,2713.6249329890124,-2713.6249329890124
2020-06-08T21:00:00.000000000,0.0,2788.602329357993,-2788.602329357993
2020-06-08T21:15:00.000000000,0.0,2642.9497949625365,-2642.9497949625365
2020-06-08T21:30:00.000000000,0.0,2449.550628765952,-2449.550628765952
2020-06-08T21:45:00.000000000,0.0,2111.662936857203,-2111.662936857203
2020-06-08T22:00:00.000000000,0.0,1296.3934167532716,-1296.3934167532716
2020-06-08T22:15:00.000000000,0.0,458.33042913943063,-458.33042913943063
2020-06-08T22:30:00.000000000,0.0,-172.19507273312774,172.19507273312774
2020-06-08T22:45:00.000000000,0.0,-498.3231102201389,498.3231102201389
2020-06-08T23:00:00.000000000,0.0,-877.2930195900844,877.2930195900844
2020-06-08T23:15:00.000000000,0.0,-1425.0802379043307,1425.0802379043307
2020-06-08T23:30:00.000000000,0.0,-1897.2151298911776,1897.2151298911776
2020-06-08T23:45:00.000000000,0.0,-2435.0479056988843,2435.0479056988843
2020-06-09T00:00:00.000000000,0.0,-2870.6051659737714,2870.6051659737714
2020-06-09T00:15:00.000000000,0.0,-2979.5619674478658,2979.5619674478658
2020-06-09T00:30:00.000000000,0.0,-2763.4367542420514,2763.4367542420514
2020-06-09T00:45:00.000000000,0.0,-2475.6747217332013,2475.6747217332013
2020-06-09T01:00:00.000000000,0.0,-2069.659767219564,2069.659767219564
2020-06-09T01:15:00.000000000,0.0,-1719.9283429773059,1719.9283429773059
2020-06-09T01:30:00.000000000,0.0,-1354.9112479181495,1354.9112479181495
2020-06-09T01:45:00.000000000,0.0,-1134.2475739510264,1134.2475739510264
2020-06-09T02:00:00.000000000,0.0,-1158.5595514865126,1158.5595514865126
2020-06-09T02:15:00.000000000,0.0,-1202.1642051578965,1202.1642051578965
2020-06-09T02:30:00.000000000,0.0,-1322.0875475050416,1322.0875475050416
2020-06-09T02:45:00.000000000,0.0,-1290.1664777637925,1290.1664777637925
2020-06-09T03:00:00.000000000,0.0,-1054.006172058289,1054.006172058289
2020-06-09T03:15:00.000000000,0.0,-955.9737324538874,955.9737324538874
2020-06-09T03:30:00.000000000,0.0,-1073.7206382277654,1073.7206382277654
2020-06-09T03:45:00.000000000,0.0,-1314.4362762959208,1314.4362762959208
2020-06-09T04:00:00.000000000,0.0,-1615.2991072477307,1615.2991072477307
2020-06-09T04:15:00.000000000,0.0,-2036.7517087997403,2036.7517087997403
2020-06-09T04:30:00.000000000,0.0,-2400.174305722583,2400.174305722583
2020-06-09T04:45:00.000000000,0.0,-2433.13930579694,2433.13930579694
2020-06-09T05:00:00.000000000,0.0,-2478.916178141255,2478.916178141255
2020-06-09T05:15:00.000000000,0.0,-2803.154612754006,2803.154612754006
2020-06-09T05:30:00.000000000,0.0,-3296.2598507353105,3296.2598507353105
2020-06-09T05:45:00.000000000,0.0,-3677.8733291407116,3677.8733291407116
2020-06-09T06:00:00.000000000,3535.7142856999953,-3663.6969661121257,7199.411251812121
2020-06-09T06:15:00.000000000,10691.339285500007,-1806.5977590770926,12497.9370445771
2020-06-09T06:30:00.000000000,18583.10714289999,3299.141203902196,15283.965938997793
2020-06-09T06:45:00.000000000,31469.142854999995,11391.942483792081,20077.200371207913
2020-06-09T07:00:00.000000000,49069.5178569999,23611.143869392574,25458.373987607323
2020-06-09T07:15:00.000000000,58874.74999999987,45789.05364048481,13085.69635951506
2020-06-09T07:30:00.000000000,60386.16071400007,70418.57580275089,-10032.415088750815
2020-06-09T07:45:00.000000000,55292.196427999974,89810.73955386877,-34518.5431258688
2020-06-09T08:00:00.000000000,115604.6428569999,97962.8948636651,17641.747993334793
2020-06-09T08:15:00.000000000,137029.14285699994,118050.58616225421,18978.556694745726
2020-06-09T08:30:00.000000000,151945.4285720001,143122.77274686098,8822.65582513911
2020-06-09T08:45:00.000000000,167744.4464290001,169471.8611717224,-1727.4147427223215
2020-06-09T09:00:00.000000000,189591.57143000016,189598.60179162025,-7.03036162009812
2020-06-09T09:15:00.000000000,178563.08928600012,201581.9603344202,-23018.871048420086
2020-06-09T09:30:00.000000000,194360.8571459999,202287.31137177348,-7926.454225773574
2020-06-09T09:45:00.000000000,212101.30357999998,206842.82932204008,5258.474257959897
2020-06-09T10:00:00.000000000,124785.10714200014,211563.46963465214,-86778.362492652
2020-06-09T10:15:00.000000000,217012.35714900005,192204.58933508396,24807.767813916085
2020-06-09T10:30:00.000000000,272063.55357,197760.05335375667,74303.50021624332
2020-06-09T10:45:00.000000000,261122.69642999992,215006.4741923511,46116.22223764882
2020-06-09T11:00:00.000000000,254276.446447,233093.21887904406,21183.22756795594
2020-06-09T11:15:00.000000000,256626.21429399995,245321.38435733318,11304.829936666763
2020-06-09T11:30:00.000000000,189619.23214099993,231185.3444559574,-41566.112314957485
2020-06-09T11:45:00.000000000,264261.5893000001,205099.7229576707,59161.86634232942
2020-06-09T12:00:00.000000000,202514.60714900005,205061.42442262173,-2546.81727362168
2020-06-09T12:15:00.000000000,178488.78571499995,199493.69474977255,-21004.9090347726
2020-06-09T12:30:00.000000000,231006.50001099988,193750.21360573173,37256.286405268154
2020-06-09T12:45:00.000000000,218935.75,201767.7841516137,17167.965848386288
2020-06-09T13:00:00.000000000,231780.51786900012,198870.52528256178,32909.99258643834
2020-06-09T13:15:00.000000000,231578.00000999993,211287.1296762526,20290.870333747327
2020-06-09T13:30:00.000000000,206502.089283,214542.04962217808,-8039.960339178069
2020-06-09T13:45:00.000000000,198741.80357400002,199447.78712251782,-705.9835485178046
2020-06-09T14:00:00.000000000,134033.98214300003,188056.70614486933,-54022.7240018693
2020-06-09T14:15:00.000000000,143309.9107139999,164586.82397562265,-21276.913261622743
2020-06-09T14:30:00.000000000,191380.80357099994,147981.97952130437,43398.82404969557
2020-06-09T14:45:00.000000000,171476.62500200004,149859.7043927908,21616.92060920925
2020-06-09T15:00:00.000000000,181534.7142860001,148148.51909816265,33386.19518783744
2020-06-09T15:15:00.000000000,180087.28571400003,151336.98180639744,28750.30390760259
2020-06-09T15:30:00.000000000,185542.05357299998,150360.0486022234,35182.00497077659
2020-06-09T15:45:00.000000000,165202.80357200012,147199.0697325766,18003.733839423512
2020-06-09T16:00:00.000000000,140947.62500000015,141048.73835794628,-101.11335794613115
2020-06-09T16:15:00.000000000,122571.64285600012,128302.30259379745,-5730.659737797323
2020-06-09T16:30:00.000000000,113117.55357100003,113620.35672356188,-502.80315256185713
2020-06-09T16:45:00.000000000,92526.14285499995,99547.66124942899,-7021.518394429033
2020-06-09T17:00:00.000000000,70844.08928500001,85172.62667922676,-14328.537394226747
2020-06-09T17:15:00.000000000,59516.80357199996,69470.02484993637,-9953.221277936405
2020-06-09T17:30:00.000000000,46194.9821419999,55173.70051790029,-8978.71837590039
2020-06-09T17:45:00.000000000,31438.464285000024,42080.49851344526,-10642.034228445234
2020-06-09T18:00:00.000000000,18738.089285800004,30461.908209584653,-11723.818923784649
2020-06-09T18:15:00.000000000,9341.267857200008,20647.486813254654,-11306.218956054647
2020-06-09T18:30:00.000000000,2046.3928571199783,12539.190285624936,-10492.797428504959
2020-06-09T18:45:00.000000000,0.0,5517.313637373038,-5517.313637373038
2020-06-09T19:00:00.000000000,0.0,792.1941123184515,-792.1941123184515
2020-06-09T19:15:00.000000000,0.0,-1277.7489791752305,1277.7489791752305
2020-06-09T19:30:00.000000000,0.0,-1338.7229464293923,1338.7229464293923
2020-06-09T19:45:00.000000000,0.0,-152.36250535424915,152.36250535424915
2020-06-09T20:00:00.000000000,0.0,1301.8682513891254,-1301.8682513891254
2020-06-09T20:15:00.000000000,0.0,2209.99062948511,-2209.99062948511
2020-06-09T20:30:00.000000000,0.0,2696.044724389445,-2696.044724389445
2020-06-09T20:45:00.000000000,0.0,2695.6735491598956,-2695.6735491598956
2020-06-09T21:00:00.000000000,0.0,2408.603252306115,-2408.603252306115
2020-06-09T21:15:00.000000000,0.0,2147.143914481858,-2147.143914481858
2020-06-09T21:30:00.000000000,0.0,1904.1928551404271,-1904.1928551404271
2020-06-09T21:45:00.000000000,0.0,1446.415695896605,-1446.415695896605
2020-06-09T22:00:00.000000000,0.0,816.2783232358051,-816.2783232358051
2020-06-09T22:15:00.000000000,0.0,193.98616281870636,-193.98616281870636
2020-06-09T22:30:00.000000000,0.0,-423.9193482968258,423.9193482968258
2020-06-09T22:45:00.000000000,0.0,-1007.9804435941624,1007.9804435941624
2020-06-09T23:00:00.000000000,0.0,-1550.8411543162074,1550.8411543162074
2020-06-09T23:15:00.000000000,0.0,-1969.577428051969,1969.577428051969
2020-06-09T23:30:00.000000000,0.0,-2133.029501864454,2133.029501864454
2020-06-09T23:45:00.000000000,0.0,-2195.9605748744216,2195.9605748744216
2020-06-10T00:00:00.000000000,0.0,-2119.886524418136,2119.886524418136
2020-06-10T00:15:00.000000000,0.0,-1943.426445970079,1943.426445970079
2020-06-10T00:30:00.000000000,0.0,-1711.8468459339347,1711.8468459339347
2020-06-10T00:45:00.000000000,0.0,-1398.6761818022933,1398.6761818022933
2020-06-10T01:00:00.000000000,0.0,-989.4048105153488,989.4048105153488
2020-06-10T01:15:00.000000000,0.0,-569.7237271043705,569.7237271043705
2020-06-10T01:30:00.000000000,0.0,-98.43243166085449,98.43243166085449
2020-06-10T01:45:00.000000000,0.0,340.12799012928735,-340.12799012928735
2020-06-10T02:00:00.000000000,0.0,570.880881699617,-570.880881699617
2020-06-10T02:15:00.000000000,0.0,789.6718079176499,-789.6718079176499
2020-06-10T02:30:00.000000000,0.0,1102.7918572452618,-1102.7918572452618
2020-06-10T02:45:00.000000000,0.0,1625.3052849380765,-1625.3052849380765
2020-06-10T03:00:00.000000000,0.0,2123.7767466215882,-2123.7767466215882
2020-06-10T03:15:00.000000000,0.0,2327.788281872403,-2327.788281872403
2020-06-10T03:30:00.000000000,0.0,2255.518777518999,-2255.518777518999
2020-06-10T03:45:00.000000000,0.0,1908.6722652970348,-1908.6722652970348
2020-06-10T04:00:00.000000000,0.0,1549.2565418838058,-1549.2565418838058
2020-06-10T04:15:00.000000000,0.0,1172.7330147086177,-1172.7330147086177
2020-06-10T04:30:00.000000000,0.0,709.0002460953547,-709.0002460953547
2020-06-10T04:45:00.000000000,0.0,365.030473711784,-365.030473711784
2020-06-10T05:00:00.000000000,0.0,164.95857270780834,-164.95857270780834
2020-06-10T05:15:00.000000000,0.0,186.37074376243982,-186.37074376243982
2020-06-10T05:30:00.000000000,0.0,263.63740553866955,-263.63740553866955
2020-06-10T05:45:00.000000000,0.0,167.20038673628005,-167.20038673628005
2020-06-10T06:00:00.000000000,2128.000000039999,175.03091870967182,1952.9690813303273
2020-06-10T06:15:00.000000000,9459.892857000003,1290.9649790211115,8168.927877978891
2020-06-10T06:30:00.000000000,19100.107142699995,5167.080282990821,13933.026859709174
2020-06-10T06:45:00.000000000,29365.928571000142,13057.852836215869,16308.075734784274
2020-06-10T07:00:00.000000000,44351.410713000114,24782.75848146528,19568.652231534834
2020-06-10T07:15:00.000000000,56348.46428500011,44069.31022607535,12279.15405892476
2020-06-10T07:30:00.000000000,73655.55357100005,66865.47561048716,6790.077960512892
2020-06-10T07:45:00.000000000,91334.91071499995,90413.54499825835,921.365716741595
2020-06-10T08:00:00.000000000,94401.19642900012,113361.89222678542,-18960.6957977853
2020-06-10T08:15:00.000000000,64861.92857199999,125806.16604667902,-60944.23747467903
2020-06-10T08:30:00.000000000,78516.35714500002,121502.49892546237,-42986.14178046235
2020-06-10T08:45:00.000000000,144351.14285800006,116511.58399513364,27839.558862866426
2020-06-10T09:00:00.000000000,151578.3928570001,133098.96634206176,18479.42651493833
2020-06-10T09:15:00.000000000,169201.85714199996,153447.5347764194,15754.322365580563
2020-06-10T09:30:00.000000000,179210.55357199992,179077.79175445437,132.76181754554273
2020-06-10T09:45:00.000000000,130040.69642799995,193322.16420805454,-63281.46778005459
2020-06-10T10:00:00.000000000,105182.83928599989,185537.33740270138,-80354.49811670149
2020-06-10T10:15:00.000000000,152638.96428600003,166148.29067993164,-13509.32639393161
2020-06-10T10:30:00.000000000,150427.089286,161577.2002416253,-11150.110955625307
2020-06-10T10:45:00.000000000,129342.74999999997,166705.08726745844,-37362.33726745847
2020-06-10T11:00:00.000000000,106168.53571400011,169484.2111839056,-63315.67546990549
2020-06-10T11:15:00.000000000,168623.62500000003,161284.51170152426,7339.113298475771
2020-06-10T11:30:00.000000000,194893.98215200004,168949.75259655714,25944.2295554429
2020-06-10T11:45:00.000000000,201123.803575,186483.2606036067,14640.542971393297
2020-06-10T12:00:00.000000000,291503.857129999,201755.7715714574,89748.08555854164
2020-06-10T12:15:00.000000000,228835.071432,230970.01220801473,-2134.9407760147296
2020-06-10T12:30:00.000000000,267808.94644,230361.74036478996,37447.206075210066
2020-06-10T12:45:00.000000000,253846.48212000006,224380.1503109932,29466.331809006864
2020-06-10T13:00:00.000000000,211440.03571100003,217686.40996450186,-6246.374253501825
2020-06-10T13:15:00.000000000,172381.12500000006,197410.65936154127,-25029.534361541213
2020-06-10T13:30:00.000000000,252923.58929999993,185407.88160559535,67515.70769440458
2020-06-10T13:45:00.000000000,207197.01786199998,191970.17530602217,15226.842555977812
2020-06-10T14:00:00.000000000,158553.19642900003,188430.8339046538,-29877.637475653755
2020-06-10T14:15:00.000000000,204807.26785700003,178538.25481510162,26269.013041898404
2020-06-10T14:30:00.000000000,130074.25000100001,176293.6232292056,-46219.3732282056
2020-06-10T14:45:00.000000000,21468.732142700006,154421.0093023181,-132952.2771596181
2020-06-10T15:00:00.000000000,46592.62499999987,107246.87311376631,-60654.24811376644
2020-06-10T15:15:00.000000000,76069.89285899987,64721.7699438259,11348.122915173968
2020-06-10T15:30:00.000000000,102774.01785600006,44400.15389261395,58373.86396338612
2020-06-10T15:45:00.000000000,83870.89285700004,50894.60688403994,32976.285972960104
2020-06-10T16:00:00.000000000,91614.89285699987,65693.22831336409,25921.66454363578
2020-06-10T16:15:00.000000000,116815.964286,75996.19645188749,40819.767834112514
2020-06-10T16:30:00.000000000,76904.48214200004,83103.73812872171,-6199.255986721677
2020-06-10T16:45:00.000000000,61062.9464280001,79356.13368037343,-18293.187252373333
2020-06-10T17:00:00.000000000,53525.48214200012,70095.38340742141,-16569.901265421293
2020-06-10T17:15:00.000000000,53977.41071499988,58420.29854646325,-4442.887831463369
2020-06-10T17:30:00.000000000,32748.449999999983,48732.03876707703,-15983.588767077046
2020-06-10T17:45:00.000000000,26049.571428999992,38115.35585527867,-12065.784426278678
2020-06-10T18:00:00.000000000,12324.714285699993,30513.03127060458,-18188.316984904588
2020-06-10T18:15:00.000000000,2560.624999999988,22384.844179466367,-19824.219179466378
2020-06-10T18:30:00.000000000,0.0,14096.004645863548,-14096.004645863548
2020-06-10T18:45:00.000000000,0.0,7852.081753444858,-7852.081753444858
2020-06-10T19:00:00.000000000,0.0,4809.862085652538,-4809.862085652538
2020-06-10T19:15:00.000000000,0.0,3419.507425784599,-3419.507425784599
2020-06-10T19:30:00.000000000,0.0,3413.340855493676,-3413.340855493676
2020-06-10T19:45:00.000000000,0.0,3967.404243602883,-3967.404243602883
2020-06-10T20:00:00.000000000,0.0,4411.4985341574065,-4411.4985341574065
2020-06-10T20:15:00.000000000,0.0,4587.14007632155,-4587.14007632155
2020-06-10T20:30:00.000000000,0.0,4578.543995437212,-4578.543995437212
2020-06-10T20:45:00.000000000,0.0,4579.100758281536,-4579.100758281536
2020-06-10T21:00:00.000000000,0.0,4686.488500830717,-4686.488500830717
2020-06-10T21:15:00.000000000,0.0,4896.388093140908,-4896.388093140908
2020-06-10T21:30:00.000000000,0.0,5012.582811591215,-5012.582811591215
2020-06-10T21:45:00.000000000,0.0,4483.793082294054,-4483.793082294054
2020-06-10T22:00:00.000000000,0.0,3560.511834010016,-3560.511834010016
2020-06-10T22:15:00.000000000,0.0,2321.1914857472293,-2321.1914857472293
2020-06-10T22:30:00.000000000,0.0,905.0398179021431,-905.0398179021431
2020-06-10T22:45:00.000000000,0.0,-388.1852966520237,388.1852966520237
2020-06-10T23:00:00.000000000,0.0,-1327.8323277623858,1327.8323277623858
2020-06-10T23:15:00.000000000,0.0,-1844.8119361193385,1844.8119361193385
2020-06-10T23:30:00.000000000,0.0,-2170.0289236099925,2170.0289236099925
2020-06-10T23:45:00.000000000,0.0,-2334.6450061057694,2334.6450061057694
2020-06-11T00:00:00.000000000,0.0,-2206.7583997340407,2206.7583997340407
2020-06-11T00:15:00.000000000,0.0,-1927.4827827007975,1927.4827827007975
2020-06-11T00:30:00.000000000,0.0,-1635.418491849443,1635.418491849443
2020-06-11T00:45:00.000000000,0.0,-1777.7473207802977,1777.7473207802977
2020-06-11T01:00:00.000000000,0.0,-2114.116436758777,2114.116436758777
2020-06-11T01:15:00.000000000,0.0,-2012.6337546797004,2012.6337546797004
2020-06-11T01:30:00.000000000,0.0,-1591.7716591747012,1591.7716591747012
2020-06-11T01:45:00.000000000,0.0,-907.9318476292538,907.9318476292538
2020-06-11T02:00:00.000000000,0.0,-495.3368367824005,495.3368367824005
2020-06-11T02:15:00.000000000,0.0,-291.0386161181377,291.0386161181377
2020-06-11T02:30:00.000000000,0.0,-62.040387563669356,62.040387563669356
2020-06-11T02:45:00.000000000,0.0,-95.82576925333706,95.82576925333706
2020-06-11T03:00:00.000000000,0.0,-376.4342263165163,376.4342263165163
2020-06-11T03:15:00.000000000,0.0,-711.7826104137348,711.7826104137348
2020-06-11T03:30:00.000000000,0.0,-1058.0637921813177,1058.0637921813177
2020-06-11T03:45:00.000000000,0.0,-1418.7702590019908,1418.7702590019908
2020-06-11T04:00:00.000000000,0.0,-1964.7015352637973,1964.7015352637973
2020-06-11T04:15:00.000000000,0.0,-2596.960445888806,2596.960445888806
2020-06-11T04:30:00.000000000,0.0,-3156.536629736889,3156.536629736889
2020-06-11T04:45:00.000000000,0.0,-3631.248658828903,3631.248658828903
2020-06-11T05:00:00.000000000,0.0,-3925.919612087775,3925.919612087775
2020-06-11T05:15:00.000000000,0.0,-3133.2264035311528,3133.2264035311528
2020-06-11T05:30:00.000000000,0.0,-1908.6372040004935,1908.6372040004935
2020-06-11T05:45:00.000000000,0.0,-1068.7097726288484,1068.7097726288484
2020-06-11T06:00:00.000000000,0.0,-725.9231212894665,725.9231212894665
2020-06-11T06:15:00.000000000,3295.196428499988,-633.1061154502677,3928.3025439502558
2020-06-11T06:30:00.000000000,8000.803571299996,839.8057713088347,7160.997799991162
2020-06-11T06:45:00.000000000,11662.21428580001,4236.906985558104,7425.307300241906
2020-06-11T07:00:00.000000000,17283.30357150001,8641.976385128684,8641.327186371327
2020-06-11T07:15:00.000000000,26441.785714999987,14860.688887240365,11581.096827759622
2020-06-11T07:30:00.000000000,32344.92857199989,23072.948222346604,9271.980349653288
2020-06-11T07:45:00.000000000,44391.19642800002,32275.377587355673,12115.818840644344
2020-06-11T08:00:00.000000000,56867.48214300013,43743.47742513567,13124.00471786446
2020-06-11T08:15:00.000000000,63561.00000199994,57658.78616613895,5902.2138358609955
2020-06-11T08:30:00.000000000,66370.74999999999,71480.12430556118,-5109.374305561199
2020-06-11T08:45:00.000000000,74854.57142999997,82768.6259470433,-7914.054517043332
2020-06-11T09:00:00.000000000,83335.87499999999,93031.82350330055,-9695.948503300562
2020-06-11T09:15:00.000000000,92008.42856999995,101978.09978091717,-9969.671210917222
2020-06-11T09:30:00.000000000,97882.66071499989,110132.78583091497,-12250.125115915085
2020-06-11T09:45:00.000000000,104898.62500099996,117432.36851003766,-12533.743509037697
2020-06-11T10:00:00.000000000,113149.07142799991,124318.3438822329,-11169.272454232996
2020-06-11T10:15:00.000000000,123134.19642799997,131375.75159567595,-8241.555167675979
2020-06-11T10:30:00.000000000,125721.19642799991,139113.60786288977,-13392.411434889858
2020-06-11T10:45:00.000000000,130335.696428,145317.34629157186,-14981.64986357186
2020-06-11T11:00:00.000000000,158339.37499800007,149879.08986273408,8460.285135265993
2020-06-11T11:15:00.000000000,171464.625001,160298.5015758276,11166.123425172409
2020-06-11T11:30:00.000000000,161230.392858,171065.29956057668,-9834.90670257667
2020-06-11T11:45:00.000000000,181510.26785699994,174327.79485550523,7182.473001494713
2020-06-11T12:00:00.000000000,204194.19642900012,178040.07017064095,26154.126258359174
2020-06-11T12:15:00.000000000,196331.82142800005,183176.59545636177,13155.225971638283
2020-06-11T12:30:00.000000000,174191.74999900002,185968.08625659347,-11776.336257593444
2020-06-11T12:45:00.000000000,127862.37499999991,182137.67598885298,-54275.300988853065
2020-06-11T13:00:00.000000000,148878.142859,162773.8354384899,-13895.6925794899
2020-06-11T13:15:00.000000000,160402.62499999988,152380.57470747828,8022.050292521599
2020-06-11T13:30:00.000000000,106145.14285800011,152274.11490300298,-46128.97204500287
2020-06-11T13:45:00.000000000,140998.01785700006,142341.06084182858,-1343.0429848285276
2020-06-11T14:00:00.000000000,148474.2857150001,139349.2535188496,9125.032196150481
2020-06-11T14:15:00.000000000,206915.0000030001,137876.78451162577,69038.21549137434
2020-06-11T14:30:00.000000000,227661.51785100007,153494.74151697755,74166.77633402252
2020-06-11T14:45:00.000000000,135841.67857099997,171956.1369830966,-36114.45841209663
2020-06-11T15:00:00.000000000,162871.76785799992,159142.5269382,3729.2409197999223
2020-06-11T15:15:00.000000000,138751.6071440001,147639.95841887593,-8888.351274875837
2020-06-11T15:30:00.000000000,157548.92856900016,130808.05595368147,26740.872615318687
2020-06-11T15:45:00.000000000,139426.3035710001,126522.39083109796,12903.912739902153
2020-06-11T16:00:00.000000000,105724.33928599999,121817.01088190079,-16092.6715959008
2020-06-11T16:15:00.000000000,97948.6249979999,107600.68746553361,-9652.062467533717
2020-06-11T16:30:00.000000000,79283.05357099995,92885.7238714695,-13602.670300469545
2020-06-11T16:45:00.000000000,69329.98214600011,77435.5211982727,-8105.539052272594
2020-06-11T17:00:00.000000000,52606.64285800004,64689.9374499917,-12083.29459199166
2020-06-11T17:15:00.000000000,41500.85714400003,53398.57607208192,-11897.718928081893
2020-06-11T17:30:00.000000000,31293.999999999927,42816.416674531996,-11522.416674532069
2020-06-11T17:45:00.000000000,21670.8571439,32806.92793242261,-11136.070788522607
2020-06-11T18:00:00.000000000,13898.035714299995,24608.597158700228,-10710.561444400233
2020-06-11T18:15:00.000000000,6553.392857199993,17738.308157853782,-11184.915300653789
2020-06-11T18:30:00.000000000,1289.9821428600007,12097.103715630248,-10807.121572770247
2020-06-11T18:45:00.000000000,0.0,7595.844308045693,-7595.844308045693
2020-06-11T19:00:00.000000000,0.0,4687.399567303248,-4687.399567303248
2020-06-11T19:15:00.000000000,0.0,3350.3254244769923,-3350.3254244769923
2020-06-11T19:30:00.000000000,0.0,3233.8270172025077,-3233.8270172025077
2020-06-11T19:45:00.000000000,0.0,3711.8754054601304,-3711.8754054601304
2020-06-11T20:00:00.000000000,0.0,4310.412334709894,-4310.412334709894
2020-06-11T20:15:00.000000000,0.0,4783.255570334382,-4783.255570334382
2020-06-11T20:30:00.000000000,0.0,5004.619415757246,-5004.619415757246
2020-06-11T20:45:00.000000000,0.0,4952.131863978691,-4952.131863978691
2020-06-11T21:00:00.000000000,0.0,4579.623777923174,-4579.623777923174
2020-06-11T21:15:00.000000000,0.0,3886.3193275476806,-3886.3193275476806
2020-06-11T21:30:00.000000000,0.0,3031.300314679276,-3031.300314679276
2020-06-11T21:45:00.000000000,0.0,2191.178793987492,-2191.178793987492
2020-06-11T22:00:00.000000000,0.0,1421.4963407127652,-1421.4963407127652
2020-06-11T22:15:00.000000000,0.0,714.4582091298653,-714.4582091298653
2020-06-11T22:30:00.000000000,0.0,-11.07127990599838,11.07127990599838
2020-06-11T22:45:00.000000000,0.0,-705.0002266737865,705.0002266737865
2020-06-11T23:00:00.000000000,0.0,-1296.8898108990397,1296.8898108990397
2020-06-11T23:15:00.000000000,0.0,-1697.505984792253,1697.505984792253
2020-06-11T23:30:00.000000000,0.0,-1978.6712211759295,1978.6712211759295
2020-06-11T23:45:00.000000000,0.0,-2174.213080743095,2174.213080743095
2020-06-12T00:00:00.000000000,0.0,-2292.870921180118,2292.870921180118
2020-06-12T00:15:00.000000000,0.0,-2251.4680114840157,2251.4680114840157
2020-06-12T00:30:00.000000000,0.0,-2059.9417248459067,2059.9417248459067
2020-06-12T00:45:00.000000000,0.0,-1607.8334236533847,1607.8334236533847
2020-06-12T01:00:00.000000000,0.0,-1050.7836962017464,1050.7836962017464
2020-06-12T01:15:00.000000000,0.0,-556.5132632526802,556.5132632526802
2020-06-12T01:30:00.000000000,0.0,-136.54537909504143,136.54537909504143
2020-06-12T01:45:00.000000000,0.0,187.87864313248429,-187.87864313248429
2020-06-12T02:00:00.000000000,0.0,631.7030045416905,-631.7030045416905
2020-06-12T02:15:00.000000000,0.0,1055.8213191059185,-1055.8213191059185
2020-06-12T02:30:00.000000000,0.0,1387.0192233680282,-1387.0192233680282
2020-06-12T02:45:00.000000000,0.0,1385.0115028081927,-1385.0115028081927
2020-06-12T03:00:00.000000000,0.0,1095.4105316576315,-1095.4105316576315
2020-06-12T03:15:00.000000000,0.0,710.3752816048218,-710.3752816048218
2020-06-12T03:30:00.000000000,0.0,629.4675173637224,-629.4675173637224
2020-06-12T03:45:00.000000000,0.0,1058.2845729020191,-1058.2845729020191
2020-06-12T04:00:00.000000000,0.0,1319.1869501678739,-1319.1869501678739
2020-06-12T04:15:00.000000000,0.0,-126.24526647504536,126.24526647504536
2020-06-12T04:30:00.000000000,0.0,-2356.3292317320593,2356.3292317320593
2020-06-12T04:45:00.000000000,0.0,-4178.858659424353,4178.858659424353
2020-06-12T05:00:00.000000000,0.0,-5010.234495579265,5010.234495579265
2020-06-12T05:15:00.000000000,0.0,-4457.908882408403,4457.908882408403
2020-06-12T05:30:00.000000000,0.0,-4402.793315101881,4402.793315101881
2020-06-12T05:45:00.000000000,0.0,-5122.858761395328,5122.858761395328
2020-06-12T06:00:00.000000000,0.0,-6051.469590372406,6051.469590372406
2020-06-12T06:15:00.000000000,3507.0535715000137,-5822.743399913423,9329.796971413436
2020-06-12T06:30:00.000000000,8024.321428600011,-3557.8361034845,11582.157532084511
2020-06-12T06:45:00.000000000,15296.607142799996,844.6732282963349,14451.933914503661
2020-06-12T07:00:00.000000000,20510.89285719999,7638.149848413654,12872.743008786336
2020-06-12T07:15:00.000000000,23371.428571000004,15676.667014600709,7694.761556399295
2020-06-12T07:30:00.000000000,20556.499999800002,23538.638162620366,-2982.1381628203635
2020-06-12T07:45:00.000000000,28652.303572000004,28837.24048664421,-184.93691464420408
2020-06-12T08:00:00.000000000,39434.57142799991,34637.88261603564,4796.688811964268
2020-06-12T08:15:00.000000000,61462.25000000009,43288.00323947519,18174.246760524897
2020-06-12T08:30:00.000000000,69459.48214399989,58594.02120759338,10865.46093640651
2020-06-12T08:45:00.000000000,89941.94642899997,75428.06214825809,14513.884280741884
2020-06-12T09:00:00.000000000,109498.10714299991,94829.98190285265,14668.12524014726
2020-06-12T09:15:00.000000000,130918.58928599991,115635.66950400174,15282.919781998178
2020-06-12T09:30:00.000000000,116940.2499990001,136649.97445575893,-19709.724456758835
2020-06-12T09:45:00.000000000,142755.55357099997,147227.66709685326,-4472.113525853289
2020-06-12T10:00:00.000000000,127271.83928599994,156782.0211942792,-29510.18190827925
2020-06-12T10:15:00.000000000,169544.92857100014,157350.0036534965,12194.924917503638
2020-06-12T10:30:00.000000000,180048.44643000007,164956.2108154297,15092.235614570382
2020-06-12T10:45:00.000000000,147060.2142839999,176225.52944618464,-29165.315162184736
2020-06-12T11:00:00.000000000,133632.48214299988,173313.06926432252,-39680.587121322635
2020-06-12T11:15:00.000000000,182849.42857100014,163936.4912302494,18912.937340750737
2020-06-12T11:30:00.000000000,218689.39286200004,164766.81021875143,53922.58264324861
2020-06-12T11:45:00.000000000,205136.73214199996,179652.59034061432,25484.141801385646
2020-06-12T12:00:00.000000000,223680.66070999997,192883.51944473386,30797.14126526611
2020-06-12T12:15:00.000000000,160811.571426,201746.08727228642,-40934.515846286406
2020-06-12T12:30:00.000000000,155824.89285600014,185361.43408709764,-29536.541231097508
2020-06-12T12:45:00.000000000,172727.1249989999,168614.0583446324,4113.066654367518
2020-06-12T13:00:00.000000000,176964.4999989999,163495.72064515948,13468.779353840422
2020-06-12T13:15:00.000000000,172236.14285599993,163767.6402440071,8468.502611992822
2020-06-12T13:30:00.000000000,183226.33928800013,167311.94189617038,15914.397391829756
2020-06-12T13:45:00.000000000,210055.35714299988,168075.97236299515,41979.38478000474
2020-06-12T14:00:00.000000000,192543.24999899993,173543.2991362512,18999.950862748723
2020-06-12T14:15:00.000000000,162032.24999899985,174936.5053603649,-12904.255361365067
2020-06-12T14:30:00.000000000,140525.10714299988,166448.03154939413,-25922.924406394246
2020-06-12T14:45:00.000000000,131110.0178569999,150218.36089414358,-19108.34303714367
2020-06-12T15:00:00.000000000,126128.21428799989,133628.27909100056,-7500.0648030006705
2020-06-12T15:15:00.000000000,107717.66071600003,122147.9979570508,-14430.337241050773
2020-06-12T15:30:00.000000000,127943.19642900003,110089.23179204762,17853.964636952413
2020-06-12T15:45:00.000000000,100876.75000100008,105326.10035145283,-4449.350350452747
2020-06-12T16:00:00.000000000,63434.357142999965,96614.76955834031,-33180.412415340346
2020-06-12T16:15:00.000000000,59864.678571999866,80226.70830968022,-20362.029737680357
2020-06-12T16:30:00.000000000,60263.26785899996,64532.137362629175,-4268.869503629212
2020-06-12T16:45:00.000000000,57484.05357199993,52911.269392587245,4572.784179412687
2020-06-12T17:00:00.000000000,42347.76785600013,45339.12599376589,-2991.358137765761
2020-06-12T17:15:00.000000000,39597.0178570001,39188.57950621843,408.4383507816674
2020-06-12T17:30:00.000000000,47835.51785699996,34664.29510793835,13171.222749061613
2020-06-12T17:45:00.000000000,34379.03571299989,33832.982803907245,546.052909092643
2020-06-12T18:00:00.000000000,18212.25000010001,31525.747032277286,-13313.497032177274
2020-06-12T18:15:00.000000000,8186.125000000006,25912.278448186815,-17726.153448186808
2020-06-12T18:30:00.000000000,1783.4821428699997,18796.88304092735,-17013.40089805735
2020-06-12T18:45:00.000000000,0.0,11262.254702167585,-11262.254702167585
2020-06-12T19:00:00.000000000,0.0,5261.64982641954,-5261.64982641954
2020-06-12T19:15:00.000000000,0.0,2484.306127532851,-2484.306127532851
2020-06-12T19:30:00.000000000,0.0,2041.510818472365,-2041.510818472365
2020-06-12T19:45:00.000000000,0.0,2740.8135185535066,-2740.8135185535066
2020-06-12T20:00:00.000000000,0.0,3835.4345778967254,-3835.4345778967254
2020-06-12T20:15:00.000000000,0.0,5050.476428207941,-5050.476428207941
2020-06-12T20:30:00.000000000,0.0,5885.435107079335,-5885.435107079335
2020-06-12T20:45:00.000000000,0.0,6181.531710651703,-6181.531710651703
2020-06-12T21:00:00.000000000,0.0,6184.610777896829,-6184.610777896829
2020-06-12T21:15:00.000000000,0.0,5830.11312627513,-5830.11312627513
2020-06-12T21:30:00.000000000,0.0,5147.8593111606315,-5147.8593111606315
2020-06-12T21:45:00.000000000,0.0,4194.479126080405,-4194.479126080405
2020-06-12T22:00:00.000000000,0.0,2998.8899684990756,-2998.8899684990756
2020-06-12T22:15:00.000000000,0.0,1916.492252519587,-1916.492252519587
2020-06-12T22:30:00.000000000,0.0,972.1719196465565,-972.1719196465565
2020-06-12T22:45:00.000000000,0.0,56.38138226393494,-56.38138226393494
2020-06-12T23:00:00.000000000,0.0,-761.0139431330608,761.0139431330608
2020-06-12T23:15:00.000000000,0.0,-1488.1462837250438,1488.1462837250438
2020-06-12T23:30:00.000000000,0.0,-2150.255406835815,2150.255406835815
2020-06-12T23:45:00.000000000,0.0,-2796.302633658517,2796.302633658517
2020-06-13T00:00:00.000000000,0.0,-3422.3571446989663,3422.3571446989663
2020-06-13T00:15:00.000000000,0.0,-3837.820327774156,3837.820327774156
2020-06-13T00:30:00.000000000,0.0,-3943.8583422158845,3943.8583422158845
2020-06-13T00:45:00.000000000,0.0,-3682.1291905795224,3682.1291905795224
2020-06-13T01:00:00.000000000,0.0,-3332.0097195063718,3332.0097195063718
2020-06-13T01:15:00.000000000,0.0,-3090.6277190898545,3090.6277190898545
2020-06-13T01:30:00.000000000,0.0,-2759.6406439398415,2759.6406439398415
2020-06-13T01:45:00.000000000,0.0,-2217.9947544191964,2217.9947544191964
2020-06-13T02:00:00.000000000,0.0,-1436.173315787455,1436.173315787455
2020-06-13T02:15:00.000000000,0.0,-658.4852217707084,658.4852217707084
2020-06-13T02:30:00.000000000,0.0,-18.849088125192793,18.849088125192793
2020-06-13T02:45:00.000000000,0.0,355.98729539185297,-355.98729539185297
2020-06-13T03:00:00.000000000,0.0,414.35460023849737,-414.35460023849737
2020-06-13T03:15:00.000000000,0.0,409.9258048859192,-409.9258048859192
2020-06-13T03:30:00.000000000,0.0,569.5395893928362,-569.5395893928362
2020-06-13T03:45:00.000000000,0.0,465.43337330489885,-465.43337330489885
2020-06-13T04:00:00.000000000,0.0,273.13084471944603,-273.13084471944603
2020-06-13T04:15:00.000000000,0.0,-83.84271439936128,83.84271439936128
2020-06-13T04:30:00.000000000,0.0,-403.19258604675997,403.19258604675997
2020-06-13T04:45:00.000000000,0.0,-674.724138063495,674.724138063495
2020-06-13T05:00:00.000000000,0.0,-828.0384884189116,828.0384884189116
2020-06-13T05:15:00.000000000,0.0,-843.4907662990736,843.4907662990736
2020-06-13T05:30:00.000000000,0.0,-881.5900055571692,881.5900055571692
2020-06-13T05:45:00.000000000,0.0,-1030.1043853304582,1030.1043853304582
2020-06-13T06:00:00.000000000,2059.85714284999,-1234.477539630374,3294.334682480364
2020-06-13T06:15:00.000000000,7950.678571399986,-413.79216959059704,8364.470740990582
2020-06-13T06:30:00.000000000,13108.089285799999,2706.0580197866075,10402.031266013391
2020-06-13T06:45:00.000000000,23782.035714100006,8086.036031370051,15695.999682729955
2020-06-13T07:00:00.000000000,39451.1964279999,17055.557684974745,22395.638743025156
2020-06-13T07:15:00.000000000,57982.464284999995,35318.33116980642,22664.133115193574
2020-06-13T07:30:00.000000000,74035.76785700004,60167.31490444392,13868.452952556123
2020-06-13T07:45:00.000000000,94234.08928600003,86798.92251169682,7435.166774303216
2020-06-13T08:00:00.000000000,114529.49999899995,112735.87989474833,1793.6201042516186
2020-06-13T08:15:00.000000000,137764.6250019999,135634.23656849563,2130.3884335042676
2020-06-13T08:30:00.000000000,151587.03571300008,156014.78512319922,-4427.749410199147
2020-06-13T08:45:00.000000000,163322.285716,172091.81840109825,-8769.532685098238
2020-06-13T09:00:00.000000000,174252.55357100003,181747.26713377237,-7494.713562772347
2020-06-13T09:15:00.000000000,184518.8392870001,190284.41551461816,-5765.576227618061
2020-06-13T09:30:00.000000000,177820.2321419999,195153.88022267818,-17333.64808067828
2020-06-13T09:45:00.000000000,191531.946432,198268.5802898407,-6736.633857840701
2020-06-13T10:00:00.000000000,196918.499991,202708.44341289997,-5789.943421899981
2020-06-13T10:15:00.000000000,226994.14285299994,201060.20606288314,25933.9367901168
2020-06-13T10:30:00.000000000,254751.26785000003,207695.52005392313,47055.7477960769
2020-06-13T10:45:00.000000000,239880.46427800006,218191.95062714815,21688.513650851906
2020-06-13T11:00:00.000000000,242519.87500500007,217110.76779827476,25409.10720672531
2020-06-13T11:15:00.000000000,280880.6964299999,217363.8924332261,63516.803996773786
2020-06-13T11:30:00.000000000,275000.37501000013,221440.77992498875,53559.59508501139
2020-06-13T11:45:00.000000000,279940.4821440001,218836.41205525398,61104.07008874614
2020-06-13T12:00:00.000000000,285532.6071299992,227424.5126721561,58108.09445784311
2020-06-13T12:15:00.000000000,239571.55356300008,223987.29507371783,15584.258489282249
2020-06-13T12:30:00.000000000,260659.98213999992,214884.98179107904,45775.000348920876
2020-06-13T12:45:00.000000000,269511.98213,210441.40691572428,59070.57521427574
2020-06-13T13:00:00.000000000,215943.964286,205017.91256275773,10926.051723242272
2020-06-13T13:15:00.000000000,195601.35714500005,197442.68166089058,-1841.3245158905338
2020-06-13T13:30:00.000000000,170580.41071400009,180176.87535235286,-9596.464638352772
2020-06-13T13:45:00.000000000,184119.39285799998,161222.45795178413,22896.934906215844
2020-06-13T14:00:00.000000000,268892.30357999995,152660.84574899077,116231.45783100917
2020-06-13T14:15:00.000000000,245403.48213999992,176224.60150811076,69178.88063188916
2020-06-13T14:30:00.000000000,193012.94642800005,193643.7031864524,-630.7567584523349
2020-06-13T14:45:00.000000000,231994.98214400013,184861.56228250265,47133.419861497474
2020-06-13T15:00:00.000000000,228325.98214700006,179879.8001959026,48446.181951097475
2020-06-13T15:15:00.000000000,218391.7857180001,172045.1178085804,46346.66790941969
2020-06-13T15:30:00.000000000,167310.1250009999,176397.24860465527,-9087.123603655375
2020-06-13T15:45:00.000000000,127464.23214400004,167175.8218165338,-39711.589672533766
2020-06-13T16:00:00.000000000,148466.0892850001,140841.90939708054,7624.17988791957
2020-06-13T16:15:00.000000000,65477.500001000124,124235.90923807025,-58758.409237070126
2020-06-13T16:30:00.000000000,82483.19643000001,97611.73778910935,-15128.541359109338
2020-06-13T16:45:00.000000000,46147.91071400006,79825.34134952724,-33677.43063552718
2020-06-13T17:00:00.000000000,36114.89285800003,60966.37081565708,-24851.47795765705
2020-06-13T17:15:00.000000000,38961.30357199996,44057.20485211164,-5095.901280111677
2020-06-13T17:30:00.000000000,27298.125000999997,33876.711885638535,-6578.586884638538
2020-06-13T17:45:00.000000000,20738.803571400007,28024.128422562033,-7285.324851162026
2020-06-13T18:00:00.000000000,13119.499999999996,22024.108253248036,-8904.60825324804
2020-06-13T18:15:00.000000000,6314.6250000999935,17647.556868704036,-11332.931868604042
2020-06-13T18:30:00.000000000,1520.232142859999,13322.690580399707,-11802.458437539708
2020-06-13T18:45:00.000000000,0.0,8982.631415085867,-8982.631415085867
2020-06-13T19:00:00.000000000,0.0,6335.3501000972465,-6335.3501000972465
2020-06-13T19:15:00.000000000,0.0,4922.809020844288,-4922.809020844288
2020-06-13T19:30:00.000000000,0.0,4868.102853489108,-4868.102853489108
2020-06-13T19:45:00.000000000,0.0,5681.7020850600675,-5681.7020850600675
2020-06-13T20:00:00.000000000,0.0,6440.3420752556995,-6440.3420752556995
2020-06-13T20:15:00.000000000,0.0,6690.5732305767015,-6690.5732305767015
2020-06-13T20:30:00.000000000,0.0,6451.004927304573,-6451.004927304573
2020-06-13T20:45:00.000000000,0.0,5919.7350726099685,-5919.7350726099685
2020-06-13T21:00:00.000000000,0.0,5329.465228018351,-5329.465228018351
2020-06-13T21:15:00.000000000,0.0,4587.89086258132,-4587.89086258132
2020-06-13T21:30:00.000000000,0.0,3703.4142973865382,-3703.4142973865382
2020-06-13T21:45:00.000000000,0.0,2813.5216845418327,-2813.5216845418327
2020-06-13T22:00:00.000000000,0.0,2092.9017161636148,-2092.9017161636148
2020-06-13T22:15:00.000000000,0.0,1328.7025333254132,-1328.7025333254132
2020-06-13T22:30:00.000000000,0.0,416.8600330379559,-416.8600330379559
2020-06-13T22:45:00.000000000,0.0,-474.1123622927116,474.1123622927116
2020-06-13T23:00:00.000000000,0.0,-1402.1011168749537,1402.1011168749537
2020-06-13T23:15:00.000000000,0.0,-2072.173635819694,2072.173635819694
2020-06-13T23:30:00.000000000,0.0,-2484.3129816208966,2484.3129816208966
2020-06-13T23:45:00.000000000,0.0,-2684.1402279292233,2684.1402279292233
2020-06-14T00:00:00.000000000,0.0,-2795.72899921285,2795.72899921285
2020-06-14T00:15:00.000000000,0.0,-2848.9420298491605,2848.9420298491605
2020-06-14T00:30:00.000000000,0.0,-2725.8805696521886,2725.8805696521886
2020-06-14T00:45:00.000000000,0.0,-2199.284280339023,2199.284280339023
2020-06-14T01:00:00.000000000,0.0,-1664.623233774444,1664.623233774444
2020-06-14T01:15:00.000000000,0.0,-1257.2078045399394,1257.2078045399394
2020-06-14T01:30:00.000000000,0.0,-742.5901544663357,742.5901544663357
2020-06-14T01:45:00.000000000,0.0,-72.65262480851379,72.65262480851379
2020-06-14T02:00:00.000000000,0.0,1052.8013024654938,-1052.8013024654938
2020-06-14T02:15:00.000000000,0.0,2121.1110336093698,-2121.1110336093698
2020-06-14T02:30:00.000000000,0.0,2477.355027779471,-2477.355027779471
2020-06-14T02:45:00.000000000,0.0,2151.530530831078,-2151.530530831078
2020-06-14T03:00:00.000000000,0.0,1793.3295627145562,-1793.3295627145562
2020-06-14T03:15:00.000000000,0.0,1534.9241165427957,-1534.9241165427957
2020-06-14T03:30:00.000000000,0.0,1414.2499879358802,-1414.2499879358802
2020-06-14T03:45:00.000000000,0.0,1494.7190905420575,-1494.7190905420575
2020-06-14T04:00:00.000000000,0.0,1432.3953951804433,-1432.3953951804433
2020-06-14T04:15:00.000000000,0.0,1401.157625293592,-1401.157625293592
2020-06-14T04:30:00.000000000,0.0,1620.522185957292,-1620.522185957292
2020-06-14T04:45:00.000000000,0.0,1513.71651365445,-1513.71651365445
2020-06-14T05:00:00.000000000,0.0,1098.5275600057794,-1098.5275600057794
2020-06-14T05:15:00.000000000,0.0,781.983630080591,-781.983630080591
2020-06-14T05:30:00.000000000,0.0,872.4386117317481,-872.4386117317481
2020-06-14T05:45:00.000000000,0.0,1085.3308043301804,-1085.3308043301804
2020-06-14T06:00:00.000000000,1066.1607142999837,1284.528463108698,-218.36774880871417
2020-06-14T06:15:00.000000000,7055.732142900012,2016.3805682717357,5039.3515746282765
2020-06-14T06:30:00.000000000,14613.624999999985,4817.880314190872,9795.744685809113
2020-06-14T06:45:00.000000000,23775.874999,10714.273526342586,13061.601472657414
2020-06-14T07:00:00.000000000,43265.892857000115,19726.128663904965,23539.76419309515
2020-06-14T07:15:00.000000000,70420.74999899986,35641.34641332179,34779.40358567807
2020-06-14T07:30:00.000000000,70400.67857199993,58638.06452289969,11762.614049100244
2020-06-14T07:45:00.000000000,94476.41071499996,77788.14610214531,16688.264612854648
2020-06-14T08:00:00.000000000,92975.28571400013,98642.61793857813,-5667.332224578
2020-06-14T08:15:00.000000000,78654.07142799991,113472.9917216301,-34818.92029363019
2020-06-14T08:30:00.000000000,106708.26785799998,116589.86822536588,-9881.6003673659
2020-06-14T08:45:00.000000000,119097.01785599992,123797.55972777307,-4700.541871773152
2020-06-14T09:00:00.000000000,132657.33928600012,134314.2277868092,-1656.8885008090874
2020-06-14T09:15:00.000000000,178531.55357099997,147683.72335276008,30847.83021823989
2020-06-14T09:30:00.000000000,176766.32142900012,171074.74765732884,5691.573771671276
2020-06-14T09:45:00.000000000,180728.482143,185931.10370644927,-5202.621563449269
2020-06-14T10:00:00.000000000,186527.517857,192694.06823325157,-6166.550376251573
2020-06-14T10:15:00.000000000,170646.78571499992,194018.87698552012,-23372.091270520206
2020-06-14T10:30:00.000000000,232813.39285099992,186556.31463742256,46257.07821357736
2020-06-14T10:45:00.000000000,251087.73214000012,194122.75543498993,56964.976705010195
2020-06-14T11:00:00.000000000,200341.928574,209187.509503901,-8845.580929901014
2020-06-14T11:15:00.000000000,190305.48214599988,207368.91959512234,-17063.43744912246
2020-06-14T11:30:00.000000000,193259.0892870001,201510.27290031314,-8251.183613313042
2020-06-14T11:45:00.000000000,126677.28571499995,190566.79550629854,-63889.509791298595
2020-06-14T12:00:00.000000000,148617.83928499994,168851.55987673998,-20233.720591740042
2020-06-14T12:15:00.000000000,142175.21428500008,159716.78563311696,-17541.57134811688
2020-06-14T12:30:00.000000000,138934.96428500002,151845.2050536573,-12910.24076865727
2020-06-14T12:45:00.000000000,157338.0892870001,148534.92938372493,8803.15990327517
2020-06-14T13:00:00.000000000,175030.285714,157276.426600039,17753.859113960993
2020-06-14T13:15:00.000000000,217680.1071500001,163874.53871011734,53805.56843988277
2020-06-14T13:30:00.000000000,206429.62500300014,180852.7010873556,25576.923915644526
2020-06-14T13:45:00.000000000,236500.12500000006,191492.6415016055,45007.48349839455
2020-06-14T14:00:00.000000000,286103.07143000077,204864.39786213636,81238.6735678644
2020-06-14T14:15:00.000000000,243677.69644000015,229915.35153645277,13762.344903547375
2020-06-14T14:30:00.000000000,173954.49999899996,220731.31221690774,-46776.812217907776
2020-06-14T14:45:00.000000000,141626.12500000006,187323.70255291462,-45697.57755291456
2020-06-14T15:00:00.000000000,189159.66071600004,147662.51574987173,41497.14496612831
2020-06-14T15:15:00.000000000,218817.5357259999,132057.7185935676,86759.81713243228
2020-06-14T15:30:00.000000000,145912.0892860001,148485.5462065935,-2573.456920593424
2020-06-14T15:45:00.000000000,129400.78571299992,146669.38580840826,-17268.600095408343
2020-06-14T16:00:00.000000000,127905.76785699985,133004.8396781683,-5099.071821168443
2020-06-14T16:15:00.000000000,90956.73214300003,117084.07960771024,-26127.347464710212
2020-06-14T16:30:00.000000000,63102.78571300006,97553.10053864121,-34450.31482564115
2020-06-14T16:45:00.000000000,48307.875000000044,78452.76065805554,-30144.8856580555
2020-06-14T17:00:00.000000000,38770.428571000004,60559.96346460283,-21789.534893602824
2020-06-14T17:15:00.000000000,36605.964287000046,45356.288630232215,-8750.324343232169
2020-06-14T17:30:00.000000000,22432.482142700002,34938.45441186428,-12505.972269164278
2020-06-14T17:45:00.000000000,12707.714285800002,26833.22113435343,-14125.506848553427
2020-06-14T18:00:00.000000000,8600.374999999989,19884.33366969973,-11283.95866969974
2020-06-14T18:15:00.000000000,5503.071428399995,14065.386907326058,-8562.315478926062
2020-06-14T18:30:00.000000000,1390.9999999999957,9923.923361422494,-8532.923361422498
2020-06-14T18:45:00.000000000,0.0,6758.203044560738,-6758.203044560738
2020-06-14T19:00:00.000000000,0.0,4923.171760273166,-4923.171760273166
2020-06-14T19:15:00.000000000,0.0,4215.880752384197,-4215.880752384197
2020-06-14T19:30:00.000000000,0.0,4023.6372908796184,-4023.6372908796184
2020-06-14T19:45:00.000000000,0.0,4195.634830772411,-4195.634830772411
2020-06-14T20:00:00.000000000,0.0,4638.218849387951,-4638.218849387951
2020-06-14T20:15:00.000000000,0.0,4964.1275725336745,-4964.1275725336745
2020-06-14T20:30:00.000000000,0.0,5013.611979273148,-5013.611979273148
2020-06-14T20:45:00.000000000,0.0,4858.342632112093,-4858.342632112093
2020-06-14T21:00:00.000000000,0.0,4519.999538776465,-4519.999538776465
2020-06-14T21:15:00.000000000,0.0,3984.6470201755874,-3984.6470201755874
2020-06-14T21:30:00.000000000,0.0,3274.825008466374,-3274.825008466374
2020-06-14T21:45:00.000000000,0.0,2460.365325226914,-2460.365325226914
2020-06-14T22:00:00.000000000,0.0,1582.991308769444,-1582.991308769444
2020-06-14T22:15:00.000000000,0.0,648.2709170606686,-648.2709170606686
2020-06-14T22:30:00.000000000,0.0,-224.1427332687017,224.1427332687017
2020-06-14T22:45:00.000000000,0.0,-808.6087305221008,808.6087305221008
2020-06-14T23:00:00.000000000,0.0,-1209.5961455495562,1209.5961455495562
2020-06-14T23:15:00.000000000,0.0,-1554.5529066117015,1554.5529066117015
2020-06-14T23:30:00.000000000,0.0,-1920.244865724584,1920.244865724584
2020-06-14T23:45:00.000000000,0.0,-1981.6068798096385,1981.6068798096385
2020-06-15T00:00:00.000000000,0.0,-1708.8943156988826,1708.8943156988826
2020-06-15T00:15:00.000000000,0.0,-1324.4580074937548,1324.4580074937548
2020-06-15T00:30:00.000000000,0.0,-1133.218406269094,1133.218406269094
2020-06-15T00:45:00.000000000,0.0,-1041.5549302670406,1041.5549302670406
2020-06-15T01:00:00.000000000,0.0,-724.1326225969242,724.1326225969242
2020-06-15T01:15:00.000000000,0.0,-296.7412173721241,296.7412173721241
2020-06-15T01:30:00.000000000,0.0,315.7147829857422,-315.7147829857422
2020-06-15T01:45:00.000000000,0.0,456.5757825997425,-456.5757825997425
2020-06-15T02:00:00.000000000,0.0,-19.338364564144285,19.338364564144285
2020-06-15T02:15:00.000000000,0.0,-645.8483923646854,645.8483923646854
2020-06-15T02:30:00.000000000,0.0,-842.3603690090822,842.3603690090822
2020-06-15T02:45:00.000000000,0.0,-338.7177615138935,338.7177615138935
2020-06-15T03:00:00.000000000,0.0,181.19748900059494,-181.19748900059494
2020-06-15T03:15:00.000000000,0.0,562.2004428085638,-562.2004428085638
2020-06-15T03:30:00.000000000,0.0,725.542851212318,-725.542851212318
2020-06-15T03:45:00.000000000,0.0,628.497400286491,-628.497400286491
2020-06-15T04:00:00.000000000,0.0,352.5792319205357,-352.5792319205357
2020-06-15T04:15:00.000000000,0.0,29.44165281925234,-29.44165281925234
2020-06-15T04:30:00.000000000,0.0,-1204.3575133325066,1204.3575133325066
2020-06-15T04:45:00.000000000,0.0,-2588.520427316893,2588.520427316893
2020-06-15T05:00:00.000000000,0.0,-3439.6189018231817,3439.6189018231817
2020-06-15T05:15:00.000000000,0.0,-3696.9561647349037,3696.9561647349037
2020-06-15T05:30:00.000000000,0.0,-3436.7275311429985,3436.7275311429985
2020-06-15T05:45:00.000000000,0.0,-3282.812129989732,3282.812129989732
2020-06-15T06:00:00.000000000,2100.142857139992,-2946.198375791777,5046.341232931769
2020-06-15T06:15:00.000000000,10068.48214300001,-1495.3124963955488,11563.794639395559
2020-06-15T06:30:00.000000000,21240.196428399995,2818.5578575427644,18421.63857085723
2020-06-15T06:45:00.000000000,32245.125000000022,11280.206085996702,20964.91891400332
2020-06-15T07:00:00.000000000,46013.94643000009,23634.451986648142,22379.49444335195
2020-06-15T07:15:00.000000000,47421.3214299999,40732.402733422816,6688.918696577086
2020-06-15T07:30:00.000000000,42270.21428700006,56432.44851510972,-14162.234228109657
2020-06-15T07:45:00.000000000,81042.07142799985,64650.12468872219,16391.946739277657
2020-06-15T08:00:00.000000000,137645.78571400009,80686.65346969664,56959.132244303444
2020-06-15T08:15:00.000000000,166126.3749989999,114017.36237476766,52109.012624232244
2020-06-15T08:30:00.000000000,166443.21428499997,151011.17431285977,15432.039972140192
2020-06-15T08:45:00.000000000,162066.83928399993,181868.99573746324,-19802.156453463307
2020-06-15T09:00:00.000000000,175868.66071399985,193070.03499758244,-17201.374283582583
2020-06-15T09:15:00.000000000,195633.6964300001,193946.00853931904,1687.6878906810598
2020-06-15T09:30:00.000000000,195854.19642800014,198134.88972079754,-2280.6932927973976
2020-06-15T09:45:00.000000000,192219.48214400015,201014.6021244526,-8795.119980452437
2020-06-15T10:00:00.000000000,191760.37499900005,203147.5774526596,-11387.202453659556
2020-06-15T10:15:00.000000000,260292.07146000006,200021.86022982,60270.21123018005
2020-06-15T10:30:00.000000000,214895.714286,213233.1845331788,1662.5297528211959
2020-06-15T10:45:00.000000000,236207.33927299987,213322.4353042841,22884.90396871578
2020-06-15T11:00:00.000000000,226633.2857139999,218473.47016716003,8159.815546839876
2020-06-15T11:15:00.000000000,171682.92857000013,211750.6431799531,-40067.714609952964
2020-06-15T11:30:00.000000000,181471.60714199994,192037.0374621451,-10565.430320145155
2020-06-15T11:45:00.000000000,194441.142851,188802.19472181797,5638.948129182041
2020-06-15T12:00:00.000000000,210791.67857899994,185817.861518234,24973.817060765927
2020-06-15T12:15:00.000000000,135820.98214200008,195753.15950238705,-59932.177360386966
2020-06-15T12:30:00.000000000,126140.10714200005,183449.27427726984,-57309.16713526979
2020-06-15T12:45:00.000000000,144113.28571399997,162327.49722495675,-18214.211510956782
2020-06-15T13:00:00.000000000,222590.12501,152347.84380087256,70242.28120912742
2020-06-15T13:15:00.000000000,129372.85714299996,170075.4933245778,-40702.63618157785
2020-06-15T13:30:00.000000000,78181.6964279999,170462.66283220053,-92280.96640420063
2020-06-15T13:45:00.000000000,74783.91071500002,145214.21019256115,-70430.29947756113
2020-06-15T14:00:00.000000000,88812.16071599998,115600.34037078917,-26788.179654789186
2020-06-15T14:15:00.000000000,135778.19642999987,95928.58466011286,39849.61176988701
2020-06-15T14:30:00.000000000,221139.76785800006,102839.67341090739,118300.09444709268
2020-06-15T14:45:00.000000000,152447.1250000001,133183.41714258492,19263.707857415167
2020-06-15T15:00:00.000000000,141923.4642840001,144317.31586515903,-2393.8515811589314
2020-06-15T15:15:00.000000000,138783.4642860001,140206.39835348725,-1422.9340674871637
2020-06-15T15:30:00.000000000,117364.48214300002,131500.12904077768,-14135.646897777668
2020-06-15T15:45:00.000000000,138289.28571399994,117021.67999014258,21267.605723857356
2020-06-15T16:00:00.000000000,39692.285712999925,114557.92004600167,-74865.63433300174
2020-06-15T16:15:00.000000000,54300.517858000014,88473.01559077203,-34172.49773277202
2020-06-15T16:30:00.000000000,76751.4285730001,65413.843030922115,11337.585542077984
2020-06-15T16:45:00.000000000,89339.82142799991,55339.99967443943,33999.82175356048
2020-06-15T17:00:00.000000000,61398.10714399987,54390.14960832149,7007.957535678383
2020-06-15T17:15:00.000000000,49971.23214200004,52030.84174809605,-2059.6096060960117
2020-06-15T17:30:00.000000000,31657.55357200004,48429.29475257546,-16771.741180575416
2020-06-15T17:45:00.000000000,27116.58928700001,38997.19227848202,-11880.60299148201
2020-06-15T18:00:00.000000000,11750.660714200001,29309.244623720646,-17558.583909520647
2020-06-15T18:15:00.000000000,5194.21428549999,18970.133297219872,-13775.919011719881
2020-06-15T18:30:00.000000000,386.69642856997905,11375.016049744561,-10988.319621174582
2020-06-15T18:45:00.000000000,0.0,5361.091044736095,-5361.091044736095
2020-06-15T19:00:00.000000000,0.0,1537.7079307644162,-1537.7079307644162
2020-06-15T19:15:00.000000000,0.0,-177.50119135554996,177.50119135554996
2020-06-15T19:30:00.000000000,0.0,401.70933503180277,-401.70933503180277
2020-06-15T19:45:00.000000000,0.0,2877.9543300713412,-2877.9543300713412
2020-06-15T20:00:00.000000000,0.0,6352.255444643088,-6352.255444643088
2020-06-15T20:15:00.000000000,0.0,9435.92072837241,-9435.92072837241
2020-06-15T20:30:00.000000000,0.0,9229.437635334209,-9229.437635334209
2020-06-15T20:45:00.000000000,0.0,7965.728860092349,-7965.728860092349
2020-06-15T21:00:00.000000000,0.0,6686.701198068447,-6686.701198068447
2020-06-15T21:15:00.000000000,0.0,5471.996516165324,-5471.996516165324
2020-06-15T21:30:00.000000000,0.0,4378.632654740941,-4378.632654740941
2020-06-15T21:45:00.000000000,0.0,3322.301694646012,-3322.301694646012
2020-06-15T22:00:00.000000000,0.0,2374.7082052077167,-2374.7082052077167
2020-06-15T22:15:00.000000000,0.0,1513.9527160732541,-1513.9527160732541
2020-06-15T22:30:00.000000000,0.0,699.391869130428,-699.391869130428
2020-06-15T22:45:00.000000000,0.0,75.41254857901367,-75.41254857901367
2020-06-15T23:00:00.000000000,0.0,-300.9591177079128,300.9591177079128
2020-06-15T23:15:00.000000000,0.0,-655.9376099678921,655.9376099678921
2020-06-15T23:30:00.000000000,0.0,-1123.0110874564853,1123.0110874564853
2020-06-15T23:45:00.000000000,0.0,-1501.2723895700183,1501.2723895700183
2020-06-16T00:00:00.000000000,0.0,-1449.3584722371306,1449.3584722371306
2020-06-16T00:15:00.000000000,0.0,-1535.336152681848,1535.336152681848
2020-06-16T00:30:00.000000000,0.0,-1818.3235220105853,1818.3235220105853
2020-06-16T00:45:00.000000000,0.0,-2040.471896895906,2040.471896895906
2020-06-16T01:00:00.000000000,0.0,-1850.413307765266,1850.413307765266
2020-06-16T01:15:00.000000000,0.0,-1077.3058535131859,1077.3058535131859
2020-06-16T01:30:00.000000000,0.0,-312.7861102494644,312.7861102494644
2020-06-16T01:45:00.000000000,0.0,544.7973860230995,-544.7973860230995
2020-06-16T02:00:00.000000000,0.0,1337.2564352063928,-1337.2564352063928
2020-06-16T02:15:00.000000000,0.0,1819.4214941917453,-1819.4214941917453
2020-06-16T02:30:00.000000000,0.0,1915.4209058342967,-1915.4209058342967
2020-06-16T02:45:00.000000000,0.0,1822.264359018067,-1822.264359018067
2020-06-16T03:00:00.000000000,0.0,1830.227754852036,-1830.227754852036
2020-06-16T03:15:00.000000000,0.0,1808.8936149536166,-1808.8936149536166
2020-06-16T03:30:00.000000000,0.0,1696.2588043867145,-1696.2588043867145
2020-06-16T03:45:00.000000000,0.0,1566.0522210209165,-1566.0522210209165
2020-06-16T04:00:00.000000000,0.0,1572.2187913118396,-1572.2187913118396
2020-06-16T04:15:00.000000000,0.0,1701.197965679923,-1701.197965679923
2020-06-16T04:30:00.000000000,0.0,1771.3205587624107,-1771.3205587624107
2020-06-16T04:45:00.000000000,0.0,1653.8267270086799,-1653.8267270086799
2020-06-16T05:00:00.000000000,0.0,1301.5434730632696,-1301.5434730632696
2020-06-16T05:15:00.000000000,0.0,894.1302186836256,-894.1302186836256
2020-06-16T05:30:00.000000000,0.0,705.2979840756161,-705.2979840756161
2020-06-16T05:45:00.000000000,0.0,391.203599770437,-391.203599770437
2020-06-16T06:00:00.000000000,84.32142856997737,58.68646479744348,25.634963772533894
2020-06-16T06:15:00.000000000,4157.714285899992,528.4952012252761,3629.219084674716
2020-06-16T06:30:00.000000000,15183.178571399985,2784.4814407299273,12398.697130670058
2020-06-16T06:45:00.000000000,22121.5357151,8856.153455616906,13265.382259483093
2020-06-16T07:00:00.000000000,31694.285713999885,17869.45533299446,13824.830381005424
2020-06-16T07:15:00.000000000,51696.232140000095,29484.09346424043,22212.138675759663
2020-06-16T07:30:00.000000000,62238.23214199998,46164.86434250325,16073.36779949673
2020-06-16T07:45:00.000000000,78174.17857100003,65002.98579501361,13171.19277598642
2020-06-16T08:00:00.000000000,107606.53571400011,84554.27405419946,23052.261659800657
2020-06-16T08:15:00.000000000,101425.8392860001,109082.80702872574,-7656.967742725639
2020-06-16T08:30:00.000000000,127888.55357000009,125257.83056722581,2630.723002774277
2020-06-16T08:45:00.000000000,128303.50000000012,140177.73350280523,-11874.233502805117
2020-06-16T09:00:00.000000000,127951.55356999996,151604.2617148757,-23652.708144875738
2020-06-16T09:15:00.000000000,143803.607143,156937.7460746765,-13134.138931676513
2020-06-16T09:30:00.000000000,165579.46428500008,163640.15842425823,1939.3058607418498
2020-06-16T09:45:00.000000000,194379.19642899992,175044.38237935305,19334.81404964687
2020-06-16T10:00:00.000000000,246690.6964199999,189523.21947681904,57167.47694318087
2020-06-16T10:15:00.000000000,229013.80357999998,212985.77937108278,16028.024208917195
2020-06-16T10:30:00.000000000,186010.6428599999,218650.18331962824,-32639.540459628333
2020-06-16T10:45:00.000000000,206756.625001,206361.66812333465,394.9568776653614
2020-06-16T11:00:00.000000000,255906.6785699999,196988.3969231248,58918.28164687511
2020-06-16T11:15:00.000000000,184650.82142800014,205717.79720127583,-21066.975773275684
2020-06-16T11:30:00.000000000,130431.41071500006,201205.3187060356,-70773.90799103555
2020-06-16T11:45:00.000000000,165610.24999999988,182347.99737119675,-16737.747371196863
2020-06-16T12:00:00.000000000,73977.98214399995,168193.7530119717,-94215.77086797176
2020-06-16T12:15:00.000000000,135744.00000100004,140429.01913321018,-4685.0191322101455
2020-06-16T12:30:00.000000000,144775.41071299996,142546.27012896538,2229.1405840345833
2020-06-16T12:45:00.000000000,158718.875001,150476.02398985624,8242.851011143764
2020-06-16T13:00:00.000000000,105073.96428500005,158331.8464936614,-53257.88220866135
2020-06-16T13:15:00.000000000,160651.94642499986,152904.3366995752,7747.609725424671
2020-06-16T13:30:00.000000000,178077.5714310001,150810.77343210578,27266.797998894326
2020-06-16T13:45:00.000000000,131667.4821419999,157814.86688530445,-26147.384743304545
2020-06-16T14:00:00.000000000,144565.285713,152550.38737499714,-7985.101661997149
2020-06-16T14:15:00.000000000,96858.53571400006,148161.74643361568,-51303.21071961563
2020-06-16T14:30:00.000000000,216497.55356400006,127901.18027186394,88596.37329213612
2020-06-16T14:45:00.000000000,159807.41071300002,144230.56209105253,15576.848621947487
2020-06-16T15:00:00.000000000,90072.375,151455.4204478264,-61383.045447826385
2020-06-16T15:15:00.000000000,102844.35714200007,131511.71139509976,-28667.354253099693
2020-06-16T15:30:00.000000000,142355.32142899992,112403.01163604856,29952.30979295136
2020-06-16T15:45:00.000000000,110951.62103299992,101790.97685042024,9160.64418257968
2020-06-16T16:00:00.000000000,109251.25000100008,97774.54030627012,11476.709694729958
2020-06-16T16:15:00.000000000,76906.21428599991,95945.92866629362,-19039.714380293706
2020-06-16T16:30:00.000000000,58193.1607150001,84966.05079238117,-26772.890077381067
2020-06-16T16:45:00.000000000,48574.410713999896,68745.49501975626,-20171.08430575636
2020-06-16T17:00:00.000000000,42188.78571499996,53347.87691004574,-11159.091195045781
2020-06-16T17:15:00.000000000,38168.58928700008,41406.06046765298,-3237.471180652894
2020-06-16T17:30:00.000000000,31866.214285999988,32674.222243107855,-808.0079571078677
2020-06-16T17:45:00.000000000,22846.76785799999,26812.0451657176,-3965.2773077176134
2020-06-16T18:00:00.000000000,15284.071428500003,21719.980767436326,-6435.9093389363225
2020-06-16T18:15:00.000000000,7573.607142899994,16946.474346490577,-9372.867203590584
2020-06-16T18:30:00.000000000,1649.6428571599924,12396.043184028938,-10746.400326868947
2020-06-16T18:45:00.000000000,0.0,8250.917973396368,-8250.917973396368
2020-06-16T19:00:00.000000000,0.0,5053.14214122016,-5053.14214122016
2020-06-16T19:15:00.000000000,0.0,3458.396466880571,-3458.396466880571
2020-06-16T19:30:00.000000000,0.0,2976.2482794965617,-2976.2482794965617
2020-06-16T19:45:00.000000000,0.0,3136.6887724692933,-3136.6887724692933
2020-06-16T20:00:00.000000000,0.0,3690.777467980515,-3690.777467980515
2020-06-16T20:15:00.000000000,0.0,4291.802958428394,-4291.802958428394
2020-06-16T20:30:00.000000000,0.0,4768.889401790686,-4768.889401790686
2020-06-16T20:45:00.000000000,0.0,5207.230476287194,-5207.230476287194
2020-06-16T21:00:00.000000000,0.0,5056.314002272673,-5056.314002272673
2020-06-16T21:15:00.000000000,0.0,4443.672414300032,-4443.672414300032
2020-06-16T21:30:00.000000000,0.0,3548.279923036229,-3548.279923036229
2020-06-16T21:45:00.000000000,0.0,2715.43019433273,-2715.43019433273
2020-06-16T22:00:00.000000000,0.0,1850.5242912678514,-1850.5242912678514
2020-06-16T22:15:00.000000000,0.0,920.9497379687382,-920.9497379687382
2020-06-16T22:30:00.000000000,0.0,-23.910568528139265,23.910568528139265
2020-06-16T22:45:00.000000000,0.0,-838.1340328726219,838.1340328726219
2020-06-16T23:00:00.000000000,0.0,-1347.8083037526812,1347.8083037526812
2020-06-16T23:15:00.000000000,0.0,-1659.932928601047,1659.932928601047
2020-06-16T23:30:00.000000000,0.0,-1809.027269670507,1809.027269670507
2020-06-16T23:45:00.000000000,0.0,-1904.9254517049994,1904.9254517049994
2020-06-17T00:00:00.000000000,0.0,-1987.866243907949,1987.866243907949
2020-06-17T00:15:00.000000000,0.0,-1977.1190338523593,1977.1190338523593
2020-06-17T00:30:00.000000000,0.0,-1697.9277748258319,1697.9277748258319
2020-06-17T00:45:00.000000000,0.0,-1306.1354484350886,1306.1354484350886
2020-06-17T01:00:00.000000000,0.0,-885.2226722213672,885.2226722213672
2020-06-17T01:15:00.000000000,0.0,-444.53644513816107,444.53644513816107
2020-06-17T01:30:00.000000000,0.0,96.6538946700457,-96.6538946700457
2020-06-17T01:45:00.000000000,0.0,615.6074968603207,-615.6074968603207
2020-06-17T02:00:00.000000000,0.0,992.5865572717739,-992.5865572717739
2020-06-17T02:15:00.000000000,0.0,1393.430431878427,-1393.430431878427
2020-06-17T02:30:00.000000000,0.0,1818.8731671480928,-1818.8731671480928
2020-06-17T02:45:00.000000000,0.0,2218.3928187633865,-2218.3928187633865
2020-06-17T03:00:00.000000000,0.0,2634.0837684567086,-2634.0837684567086
2020-06-17T03:15:00.000000000,0.0,2868.818357944023,-2868.818357944023
2020-06-17T03:30:00.000000000,0.0,2834.1640887851827,-2834.1640887851827
2020-06-17T03:45:00.000000000,0.0,2422.471708610188,-2422.471708610188
2020-06-17T04:00:00.000000000,0.0,1952.1925609617028,-1952.1925609617028
2020-06-17T04:15:00.000000000,0.0,1625.8578298820648,-1625.8578298820648
2020-06-17T04:30:00.000000000,0.0,1431.3282663954888,-1431.3282663954888
2020-06-17T04:45:00.000000000,0.0,964.955092172022,-964.955092172022
2020-06-17T05:00:00.000000000,0.0,274.80324220258626,-274.80324220258626
2020-06-17T05:15:00.000000000,0.0,-349.16971854597796,349.16971854597796
2020-06-17T05:30:00.000000000,0.0,-683.3128376222448,683.3128376222448
2020-06-17T05:45:00.000000000,0.0,-1022.2791257324861,1022.2791257324861
2020-06-17T06:00:00.000000000,62.17857142998126,-1913.3254002237227,1975.503971653704
2020-06-17T06:15:00.000000000,3052.9523809533457,-2383.804634519387,5436.757015472733
2020-06-17T06:30:00.000000000,6043.726190476654,207.9263234284881,5835.799867048166
2020-06-17T06:45:00.000000000,9034.499999999989,5890.804494206794,3143.6955057931955
2020-06-17T07:00:00.000000000,30183.83928600004,12868.933080175892,17314.906205824147
2020-06-17T07:15:00.000000000,45510.428572999954,23216.14593874663,22294.282634253323
2020-06-17T07:30:00.000000000,71874.96428599997,37862.31557833403,34012.64870766594
2020-06-17T07:45:00.000000000,83619.44642800004,59255.13490622491,24364.311521775133
2020-06-17T08:00:00.000000000,75328.89285900006,82524.15644358099,-7195.263584580927
2020-06-17T08:15:00.000000000,83278.58928500004,97610.53990541399,-14331.950620413947
2020-06-17T08:30:00.000000000,89576.00000100002,107433.65017643571,-17857.650175435687
2020-06-17T08:45:00.000000000,86027.00000000007,113570.09622316062,-27543.09622316055
2020-06-17T09:00:00.000000000,111291.85714300009,115796.89452643692,-4505.0373834368365
2020-06-17T09:15:00.000000000,118653.25000000001,124001.79889783263,-5348.5488978326175
2020-06-17T09:30:00.000000000,151664.99999899993,134722.7736133337,16942.226385666232
2020-06-17T09:45:00.000000000,125579.87500000012,151500.2651641965,-25920.390164196375
2020-06-17T10:00:00.000000000,137429.4285709999,157611.69906193018,-20182.27049093027
2020-06-17T10:15:00.000000000,147871.2500000001,160347.42921972275,-12476.17921972266
2020-06-17T10:30:00.000000000,159709.14285800012,163103.27032631636,-3394.1274683162337
2020-06-17T10:45:00.000000000,145370.46428600003,167707.8340216875,-22337.369735687476
2020-06-17T11:00:00.000000000,148259.39285799995,170746.93244323134,-22487.539585231396
2020-06-17T11:15:00.000000000,175713.48214199996,167978.960655272,7734.521486727957
2020-06-17T11:30:00.000000000,169041.37500000012,173056.09790426493,-4014.7229042648105
2020-06-17T11:45:00.000000000,253784.30358000007,176475.81965211034,77308.48392788973
2020-06-17T12:00:00.000000000,253799.64286400002,204375.10455158353,49424.538312416495
2020-06-17T12:15:00.000000000,297928.39287000004,224389.2609757185,73539.13189428154
2020-06-17T12:30:00.000000000,210966.42856899992,234932.02096623182,-23965.5923972319
2020-06-17T12:45:00.000000000,221577.01786300002,218159.15223413706,3417.8656288629572
2020-06-17T13:00:00.000000000,154807.55357100008,192245.3848671317,-37437.831296131626
2020-06-17T13:15:00.000000000,194384.1428589999,168933.62334567308,25450.519513326813
2020-06-17T13:30:00.000000000,215289.75000000012,161311.87743890285,53977.87256109726
2020-06-17T13:45:00.000000000,181489.99999999997,171825.31458628178,9664.685413718194
2020-06-17T14:00:00.000000000,138150.87499999997,173069.29149651527,-34918.4164965153
2020-06-17T14:15:00.000000000,133169.42857199998,162028.5493207574,-28859.120748757414
2020-06-17T14:30:00.000000000,183476.00000000003,142079.93906784058,41396.06093215945
2020-06-17T14:45:00.000000000,172201.99999799993,141992.78037530184,30209.21962269809
2020-06-17T15:00:00.000000000,104550.30357100014,145191.61911836267,-40641.31554736252
2020-06-17T15:15:00.000000000,34177.89285600009,131062.37847232819,-96884.4856163281
2020-06-17T15:30:00.000000000,19862.5,95572.76258778572,-75710.26258778572
2020-06-17T15:45:00.000000000,31009.214285999937,55574.582419514656,-24565.36813351472
2020-06-17T16:00:00.000000000,70458.73214200012,28600.810301221907,41857.92184077822
2020-06-17T16:15:00.000000000,80255.71428600009,25147.41283709556,55108.30144890453
2020-06-17T16:30:00.000000000,40381.37500100005,36631.23700732738,3750.1379936726735
2020-06-17T16:45:00.000000000,24905.910712999994,43934.16026351601,-19028.249550516015
2020-06-17T17:00:00.000000000,28956.37500100001,41554.724582888186,-12598.349581888175
2020-06-17T17:15:00.000000000,34329.2857149999,34463.35855384171,-134.07283884180652
2020-06-17T17:30:00.000000000,29491.999999999996,28475.142178617418,1016.8578213825785
2020-06-17T17:45:00.000000000,20813.42857150001,25362.5510616228,-4549.122490122787
2020-06-17T18:00:00.000000000,13312.000000199987,24207.28503125161,-10895.285031051622
2020-06-17T18:15:00.000000000,7450.625000000014,21910.511761404574,-14459.88676140456
2020-06-17T18:30:00.000000000,1718.5714285799768,18014.960240878165,-16296.388812298188
2020-06-17T18:45:00.000000000,0.0,13664.028382973745,-13664.028382973745
2020-06-17T19:00:00.000000000,0.0,10401.50778064318,-10401.50778064318
2020-06-17T19:15:00.000000000,0.0,8494.231772166677,-8494.231772166677
2020-06-17T19:30:00.000000000,0.0,7838.1542465360835,-7838.1542465360835
2020-06-17T19:45:00.000000000,0.0,7934.423603800125,-7934.423603800125
2020-06-17T20:00:00.000000000,0.0,8200.893675413914,-8200.893675413914
2020-06-17T20:15:00.000000000,0.0,8206.781864282675,-8206.781864282675
2020-06-17T20:30:00.000000000,0.0,7981.72313816566,-7981.72313816566
2020-06-17T20:45:00.000000000,0.0,7697.11609510798,-7697.11609510798
2020-06-17T21:00:00.000000000,0.0,7332.917272713967,-7332.917272713967
2020-06-17T21:15:00.000000000,0.0,6345.000656065531,-6345.000656065531
2020-06-17T21:30:00.000000000,0.0,5275.678562936373,-5275.678562936373
2020-06-17T21:45:00.000000000,0.0,4093.2495180214755,-4093.2495180214755
2020-06-17T22:00:00.000000000,0.0,2999.379244938027,-2999.379244938027
2020-06-17T22:15:00.000000000,0.0,1728.930660387734,-1728.930660387734
2020-06-17T22:30:00.000000000,0.0,288.1803295937134,-288.1803295937134
2020-06-17T22:45:00.000000000,0.0,-1101.8877766701626,1101.8877766701626
2020-06-17T23:00:00.000000000,0.0,-2002.7301246912684,2002.7301246912684
2020-06-17T23:15:00.000000000,0.0,-2146.982316175243,2146.982316175243
2020-06-17T23:30:00.000000000,0.0,-2479.993851677049,2479.993851677049
2020-06-17T23:45:00.000000000,0.0,-3022.04465962993,3022.04465962993
