epoch,loss,mse,rmse,mae,mape,msle,val_loss,val_mse,val_rmse,val_mae,val_mape,val_msle,lr
1,0.0989961326122284,0.00842689536511898,0.09372784942388535,0.06336618959903717,17032092.0,0.003728476818650961,0.1140633374452591,0.02349519357085228,0.15328142046928406,0.10561466962099075,21234418.0,0.009342062287032604,3.000000106112566e-06
2,0.09876199066638947,0.00819414108991623,0.09085667133331299,0.06173353269696236,16196941.0,0.003639634232968092,0.11287092417478561,0.022303780540823936,0.14934450387954712,0.1030237227678299,21124962.0,0.008926723152399063,3.000000106112566e-06
3,0.09879671037197113,0.008229875937104225,0.08913766592741013,0.0610901415348053,15405368.0,0.003605510341003537,0.11166302859783173,0.02109691873192787,0.14524778723716736,0.10054968297481537,21065774.0,0.008509181439876556,3.000000106112566e-06
4,0.09890463203191757,0.008338836021721363,0.08804948627948761,0.06095069646835327,14965644.0,0.003608421655371785,0.11073421686887741,0.020169174298644066,0.14201821386814117,0.0989195853471756,21369942.0,0.008201449178159237,3.000000106112566e-06
5,0.09903055429458618,0.008465859107673168,0.08744663000106812,0.061100658029317856,14763961.0,0.0036313910968601704,0.11012010276317596,0.019556205719709396,0.13984350860118866,0.09805359691381454,21862110.0,0.008012843318283558,3.000000106112566e-06
6,0.09912990033626556,0.00856636743992567,0.08712407201528549,0.061243873089551926,14617939.0,0.0036558976862579584,0.10976961255073547,0.019206928089261055,0.1385890692472458,0.09770093858242035,22380578.0,0.007920998148620129,3.000000106112566e-06
7,0.09918202459812164,0.00861971266567707,0.08692371845245361,0.06123635545372963,14455148.0,0.0036723448429256678,0.1096033900976181,0.01904195360839367,0.13799259066581726,0.09765990078449249,22847928.0,0.007894138805568218,3.000000106112566e-06
8,0.09918840229511261,0.008627373725175858,0.08676038682460785,0.06112968921661377,14321415.0,0.003678077133372426,0.10954086482524872,0.01898074708878994,0.1377706378698349,0.0978253036737442,23290240.0,0.00790086667984724,3.000000106112566e-06
9,0.09916248917579651,0.008602784015238285,0.08660108596086502,0.06103206425905228,14292992.0,0.0036749374121427536,0.10951491445302963,0.018956147134304047,0.13768132030963898,0.0980570986866951,23692154.0,0.007915517315268517,3.000000106112566e-06
10,0.09911984950304031,0.008561509661376476,0.0864364504814148,0.060966987162828445,14351832.0,0.003666255157440901,0.1094801053404808,0.018922729417681694,0.1375599056482315,0.0981954038143158,23985500.0,0.007921147160232067,3.000000106112566e-06
11,0.09907270967960358,0.008515769615769386,0.08626403659582138,0.06092751398682594,14454278.0,0.0036547102499753237,0.10941510647535324,0.018859149888157845,0.1373286247253418,0.0982043519616127,24183788.0,0.00791054219007492,3.000000106112566e-06
12,0.09902860969305038,0.008473088964819908,0.08608435094356537,0.060909636318683624,14570129.0,0.003641934599727392,0.10931918770074844,0.018764665350317955,0.136984184384346,0.09809643030166626,24310858.0,0.007884864695370197,3.000000106112566e-06
13,0.09899090230464935,0.008436821401119232,0.08590016514062881,0.06090322509407997,14673114.0,0.0036289759445935488,0.10920441150665283,0.01865134760737419,0.13656993210315704,0.09790951758623123,24390660.0,0.007850328460335732,3.000000106112566e-06
14,0.0989600196480751,0.008407406508922577,0.08571530878543854,0.06089064106345177,14747871.0,0.0036163330078125,0.1090867668390274,0.01853516697883606,0.13614392280578613,0.09770005941390991,24455794.0,0.007814393378794193,3.000000106112566e-06
15,0.09893471747636795,0.008383577689528465,0.08553332835435867,0.06087636575102806,14798707.0,0.0036040558479726315,0.1089794933795929,0.018429381772875786,0.13575485348701477,0.09751293808221817,24529060.0,0.00778301851823926,3.000000106112566e-06
16,0.09891311079263687,0.008363461121916771,0.08535616844892502,0.06085461750626564,14825965.0,0.003592483466491103,0.1088898777961731,0.01834125816822052,0.13542990386486053,0.09737211465835571,24620872.0,0.00775933638215065,3.000000106112566e-06
17,0.09889349341392517,0.008345340378582478,0.08518517762422562,0.06082642078399658,14835537.0,0.0035815155133605003,0.10881897807121277,0.018271882086992264,0.13517352938652039,0.09728087484836578,24730512.0,0.007743667811155319,3.000000106112566e-06
18,0.09887461364269257,0.008327982388436794,0.08502060174942017,0.06078954413533211,14834712.0,0.0035709762014448643,0.10876350849866867,0.018217945471405983,0.13497386872768402,0.09722831845283508,24850824.0,0.007734422571957111,3.000000106112566e-06
19,0.09885580837726593,0.008310710079967976,0.08486200124025345,0.06074703857302666,14828042.0,0.0035607079043984413,0.10871832072734833,0.018174299970269203,0.13481208682060242,0.09719786047935486,24972444.0,0.007729239761829376,3.000000106112566e-06
20,0.09883680194616318,0.008293257094919682,0.08470892161130905,0.060699768364429474,14818102.0,0.0035505916457623243,0.10867834091186523,0.018135877326130867,0.13466951251029968,0.09717363864183426,25087220.0,0.007725839037448168,3.000000106112566e-06
21,0.09881754964590073,0.00827556662261486,0.08456061780452728,0.06064889580011368,14805762.0,0.003540552221238613,0.10864003002643585,0.018099144101142883,0.13453306257724762,0.0971452072262764,25190410.0,0.007722696755081415,3.000000106112566e-06
22,0.09879811108112335,0.008257699199020863,0.08441644161939621,0.060596246272325516,14791749.0,0.003530572634190321,0.1086016595363617,0.018062353134155273,0.1343962550163269,0.09710808843374252,25280750.0,0.007719104178249836,3.000000106112566e-06
23,0.09877856075763702,0.00823974795639515,0.08427585661411285,0.06054477021098137,14776235.0,0.003520674305036664,0.10856310278177261,0.018025392666459084,0.1342586725950241,0.09706307202577591,25359662.0,0.007715096231549978,3.000000106112566e-06
24,0.09875903278589249,0.00822181161493063,0.0841386541724205,0.060496896505355835,14758940.0,0.0035109147429466248,0.10852498561143875,0.01798888109624386,0.13412263989448547,0.09701330959796906,25429996.0,0.007711046375334263,3.000000106112566e-06
25,0.09873954951763153,0.008203946053981781,0.08400443196296692,0.06044944003224373,14739970.0,0.0035013456363230944,0.10848832875490189,0.017953841015696526,0.13399194180965424,0.09696312993764877,25494882.0,0.007707488257437944,3.000000106112566e-06
26,0.09872019290924072,0.008186215534806252,0.0838727280497551,0.06040092557668686,14719126.0,0.003492017975077033,0.10845375061035156,0.01792089454829693,0.13386894762516022,0.09691525995731354,25556634.0,0.007704767864197493,3.000000106112566e-06
27,0.09870102256536484,0.008168675005435944,0.08374352753162384,0.06034984067082405,14695788.0,0.003482957137748599,0.10842154920101166,0.017890332266688347,0.13375474512577057,0.09687124192714691,25616592.0,0.007703054696321487,3.000000106112566e-06
28,0.09868207573890686,0.008151366375386715,0.08361655473709106,0.060297079384326935,14670288.0,0.0034741777926683426,0.10839163511991501,0.017862075939774513,0.133649080991745,0.09683118015527725,25675300.0,0.007702334318310022,3.000000106112566e-06
29,0.09866335988044739,0.008134313859045506,0.08349156379699707,0.060242414474487305,14642575.0,0.003465673653408885,0.10836360603570938,0.017835700884461403,0.13355037569999695,0.09679405391216278,25732566.0,0.007702427916228771,3.000000106112566e-06
30,0.09864494204521179,0.008117541670799255,0.08336858451366425,0.060186102986335754,14612631.0,0.003457430051639676,0.10833713412284851,0.01781087927520275,0.13345740735530853,0.09675884991884232,25788004.0,0.007703186012804508,3.000000106112566e-06
31,0.09862678498029709,0.00810104887932539,0.08324744552373886,0.06012771651148796,14580638.0,0.00344943068921566,0.10831182450056076,0.017787253484129906,0.1333688646554947,0.09672462940216064,25841308.0,0.0077044363133609295,3.000000106112566e-06
32,0.09860888868570328,0.008084825240075588,0.08312823623418808,0.06007014214992523,14547125.0,0.0034416557755321264,0.10828749090433121,0.017764603719115257,0.13328392803668976,0.09669075161218643,25892212.0,0.007706072181463242,3.000000106112566e-06
33,0.09859122335910797,0.008068847469985485,0.08301083743572235,0.06001514941453934,14512639.0,0.003434090642258525,0.10826404392719269,0.017742838710546494,0.13320225477218628,0.09665697813034058,25940644.0,0.007708039600402117,3.000000106112566e-06
34,0.09857378900051117,0.008053098805248737,0.08289541304111481,0.05995876342058182,14476712.0,0.0034267210867255926,0.10824140906333923,0.017721906304359436,0.13312365114688873,0.09662330895662308,25986700.0,0.0077103120274841785,3.000000106112566e-06
35,0.0985565260052681,0.008037545718252659,0.08278176933526993,0.059900980442762375,14439517.0,0.0034195329062640667,0.10821964591741562,0.01770184189081192,0.13304826617240906,0.09658997505903244,26030596.0,0.007712891325354576,3.000000106112566e-06
36,0.09853946417570114,0.008022177033126354,0.0826699510216713,0.05984202027320862,14401140.0,0.0034125170204788446,0.10819873213768005,0.017682645469903946,0.13297611474990845,0.09655708074569702,26072484.0,0.007715775165706873,3.000000106112566e-06
37,0.09852254390716553,0.008006978780031204,0.082559734582901,0.059782251715660095,14361745.0,0.003405665745958686,0.10817867517471313,0.01766430027782917,0.13290710747241974,0.09652470052242279,26112542.0,0.007718964014202356,3.000000106112566e-06
38,0.09850579500198364,0.007991950958967209,0.0824512243270874,0.059721484780311584,14321537.0,0.0033989709336310625,0.10815942287445068,0.017646776512265205,0.13284116983413696,0.09649281203746796,26150860.0,0.007722434122115374,3.000000106112566e-06
39,0.09848921746015549,0.007977092638611794,0.08234433829784393,0.059659648686647415,14280422.0,0.003392426762729883,0.10814090073108673,0.017629975453019142,0.13277791440486908,0.09646128118038177,26187562.0,0.007726144976913929,3.000000106112566e-06
40,0.09847279638051987,0.007962401024997234,0.08223898708820343,0.05959723889827728,14238476.0,0.003386026481166482,0.10812307149171829,0.017613882198929787,0.1327172964811325,0.09643013775348663,26222690.0,0.00773009005934,3.000000106112566e-06
41,0.09845653921365738,0.007947880774736404,0.08213500678539276,0.05953465402126312,14196255.0,0.0033797628711909056,0.10810582339763641,0.01759837567806244,0.13265886902809143,0.09639911353588104,26256316.0,0.007734219077974558,3.000000106112566e-06
42,0.09844044595956802,0.007933533750474453,0.08203260600566864,0.059471648186445236,14153770.0,0.003373632440343499,0.10808916389942169,0.017583459615707397,0.13260263204574585,0.09636829793453217,26288574.0,0.007738529238849878,3.000000106112566e-06
43,0.0984245240688324,0.007919360883533955,0.08193156868219376,0.059408072382211685,14110666.0,0.003367630997672677,0.10807298868894577,0.017569048330187798,0.1325482875108719,0.09633750468492508,26319422.0,0.0077429828234016895,3.000000106112566e-06
44,0.0984087660908699,0.007905354723334312,0.08183180540800095,0.059343889355659485,14066966.0,0.0033617508597671986,0.10805732756853104,0.01755513995885849,0.13249580562114716,0.09630677103996277,26348960.0,0.007747579365968704,3.000000106112566e-06
45,0.09839317202568054,0.007891514338552952,0.08173350244760513,0.05928054079413414,14022719.0,0.0033559880685061216,0.10804210603237152,0.017541684210300446,0.13244502246379852,0.09627606719732285,26377298.0,0.007752297446131706,3.000000106112566e-06
46,0.09837771952152252,0.007877840660512447,0.08163648843765259,0.059217508882284164,13978483.0,0.0033503405284136534,0.10802732408046722,0.017528658732771873,0.13239583373069763,0.09624536335468292,26404442.0,0.007757121697068214,3.000000106112566e-06
47,0.09836244583129883,0.007864325307309628,0.08154074847698212,0.059154149144887924,13934060.0,0.003344801254570484,0.10801288485527039,0.0175160001963377,0.13234803080558777,0.09621449559926987,26430418.0,0.007762026973068714,3.000000106112566e-06
48,0.09834730625152588,0.007850967347621918,0.08144623041152954,0.05909106135368347,13889270.0,0.003339366987347603,0.10799878090620041,0.01750367321074009,0.1323014497756958,0.09618349373340607,26455304.0,0.0077669997699558735,3.000000106112566e-06
49,0.09833233058452606,0.007837772369384766,0.08135297894477844,0.059028368443250656,13844155.0,0.003334035398438573,0.1079850047826767,0.01749168522655964,0.1322561353445053,0.0961524099111557,26479170.0,0.007772039622068405,3.000000106112566e-06
50,0.09831750392913818,0.007824729196727276,0.08126094192266464,0.05896527320146561,13798767.0,0.003328803926706314,0.10797154903411865,0.017480015754699707,0.13221201300621033,0.0961211770772934,26502040.0,0.007777140010148287,3.000000106112566e-06
51,0.09830283373594284,0.007811842020601034,0.08117007464170456,0.05890197679400444,13753135.0,0.003323666052892804,0.10795839130878448,0.0174686498939991,0.13216902315616608,0.09608984738588333,26524002.0,0.0077822888270020485,3.000000106112566e-06
52,0.09828829765319824,0.007799104321748018,0.08108038455247879,0.058839116245508194,13707494.0,0.0033186236396431923,0.10794549435377121,0.01745755225419998,0.13212703168392181,0.09605840593576431,26545106.0,0.007787478622049093,3.000000106112566e-06
53,0.09827389568090439,0.007786506786942482,0.08099178969860077,0.05877601355314255,13661727.0,0.0033136678393930197,0.10793282836675644,0.017446687445044518,0.1320859044790268,0.09602672606706619,26565348.0,0.007792691234499216,3.000000106112566e-06
54,0.09825965762138367,0.007774068508297205,0.08090434968471527,0.05871270224452019,13615799.0,0.0033088037744164467,0.10792039334774017,0.017436059191823006,0.1320456713438034,0.09599489718675613,26584808.0,0.007797925733029842,3.000000106112566e-06
55,0.0982455462217331,0.00776176480576396,0.08081798255443573,0.05864913761615753,13569724.0,0.0033040198031812906,0.10790813714265823,0.017425620928406715,0.13200613856315613,0.09596280753612518,26603474.0,0.007803164888173342,3.000000106112566e-06
56,0.09823158383369446,0.007749615702778101,0.08073268085718155,0.05858606845140457,13524192.0,0.003299321746453643,0.10789603739976883,0.017415324226021767,0.13196712732315063,0.095930315554142,26621302.0,0.007808385882526636,3.000000106112566e-06
57,0.09821775555610657,0.007737607695162296,0.08064840734004974,0.05852425470948219,13479420.0,0.0032947007566690445,0.10788405686616898,0.017405176535248756,0.1319286823272705,0.09589749574661255,26638420.0,0.007813592441380024,3.000000106112566e-06
58,0.09820407629013062,0.007725741248577833,0.0805651992559433,0.058462608605623245,13434598.0,0.003290157299488783,0.10787225514650345,0.01739519275724888,0.13189083337783813,0.09586447477340698,26654838.0,0.007818792015314102,3.000000106112566e-06
59,0.09819052368402481,0.007714012637734413,0.08048298209905624,0.05840188264846802,13390455.0,0.0032856694888323545,0.10786058008670807,0.017385350540280342,0.13185352087020874,0.09583113342523575,26670586.0,0.00782396923750639,3.000000106112566e-06
60,0.09817709028720856,0.007702418603003025,0.08040180057287216,0.05834173411130905,13346338.0,0.003281255252659321,0.10784902423620224,0.017375625669956207,0.13181664049625397,0.09579918533563614,26685744.0,0.00782912690192461,3.000000106112566e-06
61,0.09816379100084305,0.007690961007028818,0.0803215354681015,0.05828153342008591,13302209.0,0.003276904346421361,0.10783755779266357,0.01736600138247013,0.13178011775016785,0.0957731232047081,26700298.0,0.00783424824476242,3.000000106112566e-06
62,0.09815063327550888,0.0076796370558440685,0.08024220913648605,0.05822128802537918,13258072.0,0.00327258906327188,0.10782617330551147,0.017356453463435173,0.1317438930273056,0.09574659168720245,26714214.0,0.00783932488411665,3.000000106112566e-06
63,0.09813758730888367,0.007668445818126202,0.0801638588309288,0.058161038905382156,13213961.0,0.003268343163654208,0.10781490802764893,0.01734704151749611,0.13170817494392395,0.0957198441028595,26727602.0,0.007844380103051662,3.000000106112566e-06
64,0.09812469035387039,0.007657384034246206,0.08008646965026855,0.05810078978538513,13169892.0,0.003264158731326461,0.10780370235443115,0.017337681725621223,0.13167263567447662,0.09569583088159561,26740402.0,0.007849384099245071,3.000000106112566e-06
65,0.09811190515756607,0.007646448910236359,0.08000992238521576,0.05804057791829109,13125880.0,0.0032600387930870056,0.10779255628585815,0.01732839271426201,0.1316373497247696,0.09567241370677948,26752744.0,0.007854337804019451,3.000000106112566e-06
66,0.0980992317199707,0.0076356315985322,0.07993429154157639,0.0579804964363575,13082064.0,0.003255965420976281,0.10778145492076874,0.017319148406386375,0.1316022425889969,0.09564851969480515,26764484.0,0.007859235629439354,3.000000106112566e-06
67,0.09808668494224548,0.007624944671988487,0.07985956221818924,0.05792125314474106,13039066.0,0.003251953748986125,0.1077704057097435,0.01730995811522007,0.1315673142671585,0.09562423825263977,26775772.0,0.007864080369472504,3.000000106112566e-06
68,0.09807425737380981,0.007614381145685911,0.07978565990924835,0.05786220729351044,12996306.0,0.003248002612963319,0.10775937885046005,0.017300790175795555,0.1315324753522873,0.09559949487447739,26786518.0,0.007868857122957706,3.000000106112566e-06
69,0.0980619490146637,0.007603933569043875,0.07971257716417313,0.057803377509117126,12953772.0,0.003244111081585288,0.1077483743429184,0.017291665077209473,0.13149777054786682,0.09557436406612396,26796856.0,0.007873576134443283,3.000000106112566e-06
70,0.09804973751306534,0.00759360333904624,0.07964041829109192,0.05774569511413574,12912417.0,0.0032402786891907454,0.10773740708827972,0.017282575368881226,0.1314632147550583,0.09554882347583771,26806696.0,0.007878233678638935,3.000000106112566e-06
71,0.09803764522075653,0.0075833918526768684,0.0795690193772316,0.05768904834985733,12872096.0,0.0032365049701184034,0.10772646218538284,0.01727350614964962,0.13142871856689453,0.0955229103565216,26816150.0,0.007882826030254364,3.000000106112566e-06
72,0.09802567213773727,0.007573287468403578,0.07949843257665634,0.05763467028737068,12834100.0,0.003232784103602171,0.10771552473306656,0.017264463007450104,0.13139429688453674,0.09549657255411148,26825122.0,0.007887355051934719,3.000000106112566e-06
73,0.09801378846168518,0.007563299965113401,0.07942862808704376,0.05758121237158775,12797022.0,0.0032291202805936337,0.10770457983016968,0.01725539192557335,0.1313597857952118,0.09546975046396255,26833714.0,0.007891794666647911,3.000000106112566e-06
74,0.09800203144550323,0.007553427945822477,0.07935967296361923,0.05752784386277199,12760014.0,0.0032255121041089296,0.1076936423778534,0.017246348783373833,0.1313253492116928,0.09544254839420319,26841892.0,0.007896172814071178,3.000000106112566e-06
75,0.09799037128686905,0.007543656043708324,0.07929138094186783,0.05747450515627861,12723077.0,0.0032219511922448874,0.10768267512321472,0.017237281426787376,0.13129082322120667,0.09541485458612442,26849668.0,0.00790046900510788,3.000000106112566e-06
76,0.09797881543636322,0.0075340005569159985,0.07922385632991791,0.057421281933784485,12686232.0,0.0032184466253966093,0.10767173767089844,0.01722823642194271,0.1312563717365265,0.09538684785366058,26857098.0,0.007904701866209507,3.000000106112566e-06
77,0.09796735644340515,0.007524445187300444,0.07915709167718887,0.057368431240320206,12649807.0,0.0032149902544915676,0.10766076296567917,0.017219165340065956,0.13122181594371796,0.09535837173461914,26864144.0,0.00790884904563427,3.000000106112566e-06
78,0.09795601665973663,0.00751499691978097,0.07909102737903595,0.05731611326336861,12613902.0,0.0032115818466991186,0.1076497733592987,0.01721007749438286,0.13118718564510345,0.09532945603132248,26870812.0,0.007912912406027317,3.000000106112566e-06
79,0.09794475138187408,0.007505651097744703,0.07902567088603973,0.05726388841867447,12578085.0,0.0032082221005111933,0.10763870924711227,0.01720094121992588,0.13115236163139343,0.09530006349086761,26877084.0,0.007916884496808052,3.000000106112566e-06
80,0.09793359041213989,0.007496402598917484,0.07896106690168381,0.05721187964081764,12542396.0,0.003204907989129424,0.10762766748666763,0.017191806808114052,0.1311175376176834,0.09527033567428589,26883074.0,0.007920787669718266,3.000000106112566e-06
81,0.09792253375053406,0.007487259339541197,0.07889716327190399,0.05716085806488991,12506816.0,0.003201643005013466,0.1076165959239006,0.01718265563249588,0.13108262419700623,0.09524015337228775,26888690.0,0.007924609817564487,3.000000106112566e-06
82,0.09791155904531479,0.007478202693164349,0.07883389294147491,0.05711060017347336,12471365.0,0.0031984189990907907,0.10760552436113358,0.017173506319522858,0.13104772567749023,0.09520968049764633,26894040.0,0.007928361184895039,3.000000106112566e-06
83,0.09790068119764328,0.0074692461639642715,0.07877128571271896,0.05706102401018143,12436041.0,0.00319524179212749,0.10759442299604416,0.017164336517453194,0.13101273775100708,0.09518098086118698,26899104.0,0.007932033389806747,3.000000106112566e-06
84,0.09788988530635834,0.007460377644747496,0.07870937883853912,0.05701151117682457,12400818.0,0.0031921041663736105,0.10758329182863235,0.017155129462480545,0.1309775859117508,0.09515299648046494,26903810.0,0.007935617119073868,3.000000106112566e-06
85,0.09787917137145996,0.007451604586094618,0.07864809036254883,0.05696213245391846,12365726.0,0.0031890098471194506,0.10757210850715637,0.01714588887989521,0.13094231486320496,0.09512457996606827,26908200.0,0.007939114235341549,3.000000106112566e-06
86,0.09786854684352875,0.00744292140007019,0.07858746498823166,0.05691283941268921,12330752.0,0.0031859560403972864,0.1075608879327774,0.017136601731181145,0.1309068500995636,0.09509573876857758,26912314.0,0.00794252473860979,3.000000106112566e-06
87,0.0978580191731453,0.007434325758367777,0.07852740585803986,0.056863974779844284,12296194.0,0.0031829415820538998,0.10754960775375366,0.01712726056575775,0.13087116181850433,0.09506643563508987,26916074.0,0.007945840246975422,3.000000106112566e-06
88,0.09784757345914841,0.00742582231760025,0.07846798002719879,0.056815534830093384,12262079.0,0.003179966937750578,0.10753827542066574,0.017117878422141075,0.13083530962467194,0.09503664821386337,26919552.0,0.007949072867631912,3.000000106112566e-06
89,0.09783720970153809,0.007417403627187014,0.07840915024280548,0.05676770582795143,12228594.0,0.0031770288478583097,0.10752691328525543,0.017108459025621414,0.1307993084192276,0.09500646591186523,26922730.0,0.007952215149998665,3.000000106112566e-06
90,0.09782692790031433,0.007409068290144205,0.07835095375776291,0.056720148772001266,12195376.0,0.003174128010869026,0.10751546919345856,0.017098966985940933,0.13076302409172058,0.0949757993221283,26925604.0,0.007955258712172508,3.000000106112566e-06
91,0.09781672060489655,0.007400817237794399,0.0782933235168457,0.05667303502559662,12162504.0,0.0031712630297988653,0.10750400274991989,0.01708945445716381,0.1307266354560852,0.0949447974562645,26928256.0,0.007958228699862957,3.000000106112566e-06
92,0.09780658781528473,0.007392650004476309,0.07823625952005386,0.05662667006254196,12130151.0,0.003168435301631689,0.10749249905347824,0.01707991398870945,0.13069014251232147,0.09491346776485443,26930680.0,0.007961119525134563,3.000000106112566e-06
93,0.09779653698205948,0.007384559605270624,0.0781797543168068,0.056580472737550735,12098008.0,0.0031656413339078426,0.1074809655547142,0.017070347443223,0.13065354526042938,0.09488178789615631,26932846.0,0.007963932119309902,3.000000106112566e-06
94,0.0977865681052208,0.0073765479028224945,0.07812387496232986,0.05653437599539757,12065991.0,0.0031628813594579697,0.10746939480304718,0.017060745507478714,0.13061678409576416,0.09484972059726715,26934754.0,0.007966659963130951,3.000000106112566e-06
95,0.09777666628360748,0.007368612568825483,0.07806842774152756,0.05648835375905037,12034088.0,0.003160154679790139,0.1074577271938324,0.017051054164767265,0.13057968020439148,0.094817154109478,26936386.0,0.007969284430146217,3.000000106112566e-06
96,0.09776682406663895,0.0073607550002634525,0.07801354676485062,0.056442420929670334,12002279.0,0.003157460130751133,0.10744599997997284,0.017041295766830444,0.1305423080921173,0.09478412568569183,26937702.0,0.007971816696226597,3.000000106112566e-06
97,0.09775707125663757,0.007352976594120264,0.07795925438404083,0.05639660730957985,11970609.0,0.0031547986436635256,0.1074342280626297,0.017031503841280937,0.1305048018693924,0.0947507843375206,26938832.0,0.007974266074597836,3.000000106112566e-06
98,0.09774738550186157,0.007345265708863735,0.07790537178516388,0.05635087937116623,11939040.0,0.0031521667260676622,0.1074223741889,0.017021631821990013,0.1304669827222824,0.09471698105335236,26939670.0,0.007976618595421314,3.000000106112566e-06
99,0.09773777425289154,0.007337634451687336,0.07785210013389587,0.05630525201559067,11907596.0,0.0031495674047619104,0.10741053521633148,0.017011774703860283,0.1304291933774948,0.094682976603508,26940320.0,0.007978908717632294,3.000000106112566e-06
100,0.09772821515798569,0.007330063730478287,0.07779929786920547,0.0562615841627121,11877112.0,0.0031469964887946844,0.1073986291885376,0.017001865431666374,0.1303911954164505,0.09464865922927856,26940796.0,0.007981115020811558,3.000000106112566e-06
101,0.09771871566772461,0.007322569377720356,0.07774701714515686,0.05621863901615143,11847040.0,0.0031444579362869263,0.10738667100667953,0.01699189655482769,0.13035297393798828,0.0946139246225357,26941014.0,0.007983231917023659,3.000000106112566e-06
102,0.0977092906832695,0.007315135095268488,0.07769523561000824,0.05617640167474747,11817072.0,0.003141944296658039,0.10737462341785431,0.016981855034828186,0.130314439535141,0.09457873553037643,26940958.0,0.007985253818333149,3.000000106112566e-06
103,0.09769993275403976,0.007307775784283876,0.07764382660388947,0.05613423511385918,11787202.0,0.0031394599936902523,0.1073625385761261,0.0169717688113451,0.13027574121952057,0.0945432260632515,26940710.0,0.00798719096928835,3.000000106112566e-06
104,0.0976906418800354,0.007300481200218201,0.07759295403957367,0.05609215050935745,11757442.0,0.003137002931907773,0.10735036432743073,0.01696159690618515,0.1302367001771927,0.09450758248567581,26940196.0,0.007989034056663513,3.000000106112566e-06
105,0.09768140316009521,0.007293253671377897,0.07754257321357727,0.05605053901672363,11728180.0,0.0031345707830041647,0.10733818262815475,0.0169514250010252,0.1301976442337036,0.09447241574525833,26939550.0,0.007990816608071327,3.000000106112566e-06
106,0.097672238945961,0.007286095526069403,0.07749257981777191,0.056009452790021896,11699474.0,0.003132169134914875,0.10732586681842804,0.016941126435995102,0.13015808165073395,0.09443671256303787,26938600.0,0.00799247995018959,3.000000106112566e-06
107,0.09766312688589096,0.00727899931371212,0.07744312286376953,0.05596916750073433,11671599.0,0.0031297917012125254,0.10731355100870132,0.016930827870965004,0.13011851906776428,0.09440110623836517,26937832.0,0.007994081825017929,3.000000106112566e-06
108,0.0976540669798851,0.007271958980709314,0.07739406824111938,0.05592898279428482,11643877.0,0.0031274380162358284,0.10730121284723282,0.01692049764096737,0.13007880747318268,0.0943654254078865,26937070.0,0.007995609194040298,3.000000106112566e-06
109,0.09764507412910461,0.007264982908964157,0.07734549045562744,0.055888913571834564,11616296.0,0.0031251111067831516,0.10728879272937775,0.01691010594367981,0.13003885746002197,0.09432942420244217,26936120.0,0.007997049018740654,3.000000106112566e-06
110,0.0976361334323883,0.0072580622509121895,0.07729726284742355,0.0558488704264164,11588770.0,0.003122806316241622,0.1072763055562973,0.016899649053812027,0.12999865412712097,0.0942930206656456,26934960.0,0.00799840409308672,3.000000106112566e-06
111,0.09762723743915558,0.007251198403537273,0.07724946737289429,0.055808909237384796,11561369.0,0.003120524575933814,0.10726377367973328,0.016889140009880066,0.12995822727680206,0.09425628930330276,26933584.0,0.007999677211046219,3.000000106112566e-06
112,0.09761840850114822,0.007244399283081293,0.07720212638378143,0.05576904118061066,11534067.0,0.003118268446996808,0.10725115239620209,0.016878563910722733,0.12991753220558167,0.0942191481590271,26931992.0,0.00800085999071598,3.000000106112566e-06
113,0.09760963171720505,0.007237652782350779,0.07715518772602081,0.0557292178273201,11506847.0,0.003116033738479018,0.10723850876092911,0.01686795987188816,0.12987670302391052,0.09418178349733353,26930256.0,0.008001974783837795,3.000000106112566e-06
114,0.09760089963674545,0.007230962160974741,0.07710865885019302,0.05568947270512581,11479744.0,0.003113820217549801,0.10722580552101135,0.016857288777828217,0.12983562052249908,0.0941440761089325,26928318.0,0.008003001101315022,3.000000106112566e-06
115,0.09759221971035004,0.007224328350275755,0.0770624503493309,0.055649787187576294,11452725.0,0.0031116297468543053,0.10721305012702942,0.01684657856822014,0.12979437410831451,0.09410605579614639,26926194.0,0.008003952912986279,3.000000106112566e-06
116,0.0975835919380188,0.007217747159302235,0.0770166665315628,0.05561017617583275,11425806.0,0.003109459299594164,0.1072002649307251,0.016835834830999374,0.129752978682518,0.09406778961420059,26923950.0,0.008004824630916119,3.000000106112566e-06
117,0.09757501631975174,0.007211221847683191,0.07697132229804993,0.05557063966989517,11398989.0,0.0031073109712451696,0.10718736797571182,0.016824990510940552,0.12971118092536926,0.09402909874916077,26921446.0,0.00800559762865305,3.000000106112566e-06
118,0.09756648540496826,0.007204744499176741,0.07692628353834152,0.05553118884563446,11372285.0,0.0031051812693476677,0.10717442631721497,0.016814108937978745,0.12966923415660858,0.09399015456438065,26918798.0,0.008006296120584011,3.000000106112566e-06
119,0.09755801409482956,0.00719832256436348,0.07688166946172714,0.05549181252717972,11345673.0,0.003103074850514531,0.10716143250465393,0.01680317521095276,0.12962706387043,0.09395090490579605,26915964.0,0.008006918244063854,3.000000106112566e-06
120,0.09754958003759384,0.007191949989646673,0.07683733850717545,0.055453334003686905,11319434.0,0.003100984962657094,0.10714839398860931,0.016792189329862595,0.1295846849679947,0.09391132742166519,26912958.0,0.008007464930415154,3.000000106112566e-06
121,0.0975411981344223,0.0071856253780424595,0.07679338753223419,0.05541526526212692,11293570.0,0.003098915098235011,0.10713531076908112,0.016781175509095192,0.12954217195510864,0.09387153387069702,26909776.0,0.008007940836250782,3.000000106112566e-06
122,0.09753286093473434,0.007179350592195988,0.07674981653690338,0.055377230048179626,11267774.0,0.003096862928941846,0.10712213814258575,0.01677008345723152,0.12949936091899872,0.0938313752412796,26906424.0,0.008008330129086971,3.000000106112566e-06
123,0.09752456098794937,0.007173127960413694,0.07670668512582779,0.055339280515909195,11242079.0,0.003094830783084035,0.1071089655160904,0.01675897277891636,0.12945644557476044,0.09379105269908905,26902940.0,0.008008657954633236,3.000000106112566e-06
124,0.09751630574464798,0.007166944909840822,0.07666380703449249,0.05530140548944473,11216505.0,0.0030928137712180614,0.10709571838378906,0.016747795045375824,0.12941327691078186,0.09375035762786865,26899248.0,0.008008901961147785,3.000000106112566e-06
125,0.09750808775424957,0.007160806562751532,0.07662121951580048,0.05526413768529892,11191574.0,0.0030908139888197184,0.10708241164684296,0.016736570745706558,0.12936989963054657,0.09370945394039154,26895428.0,0.008009075187146664,3.000000106112566e-06
126,0.09749993681907654,0.007154723163694143,0.0765790119767189,0.05522707849740982,11166852.0,0.003088833997026086,0.10706906020641327,0.01672530360519886,0.12932634353637695,0.09366828948259354,26891468.0,0.008009180426597595,3.000000106112566e-06
127,0.0974917858839035,0.007148676551878452,0.0765371322631836,0.05519005283713341,11142206.0,0.003086867742240429,0.1070556491613388,0.016713980585336685,0.12928256392478943,0.09362683445215225,26887354.0,0.008009208366274834,3.000000106112566e-06
128,0.09748372435569763,0.007142683491110802,0.07649557292461395,0.05515343323349953,11117969.0,0.003084922442212701,0.10704222321510315,0.01670263148844242,0.12923866510391235,0.09358515590429306,26883108.0,0.008009174838662148,3.000000106112566e-06
129,0.09747567027807236,0.007136723957955837,0.07645431905984879,0.0551169291138649,11093905.0,0.0030829901807010174,0.10702869296073914,0.016691196709871292,0.12919440865516663,0.09354311972856522,26878654.0,0.008009051904082298,3.000000106112566e-06
130,0.09746767580509186,0.007130811922252178,0.07641337066888809,0.055080585181713104,11069906.0,0.0030810735188424587,0.10701514035463333,0.01667974144220352,0.12915007770061493,0.09350094199180603,26874080.0,0.008008868433535099,3.000000106112566e-06
131,0.09745971113443375,0.0071249427273869514,0.07637274265289307,0.05504455044865608,11046152.0,0.0030791733879595995,0.10700151324272156,0.01666821725666523,0.12910544872283936,0.09345846623182297,26869384.0,0.008008608594536781,3.000000106112566e-06
132,0.09745176136493683,0.007119114510715008,0.07633242756128311,0.05500878766179085,11022685.0,0.003077287692576647,0.106987863779068,0.016656670719385147,0.12906073033809662,0.09341581165790558,26864544.0,0.008008289150893688,3.000000106112566e-06
133,0.09744388610124588,0.007113324478268623,0.07629235833883286,0.054973054677248,10999289.0,0.0030754150357097387,0.10697415471076965,0.016645055264234543,0.12901571393013,0.09337280690670013,26859516.0,0.008007887750864029,3.000000106112566e-06
134,0.09743602573871613,0.007107579614967108,0.07625262439250946,0.05493741109967232,10975982.0,0.0030735593754798174,0.10696042329072952,0.016633428633213043,0.1289706528186798,0.09332971274852753,26854398.0,0.008007435128092766,3.000000106112566e-06
135,0.09742821753025055,0.007101870141923428,0.07621319591999054,0.05490205064415932,10952991.0,0.003071717917919159,0.10694661736488342,0.01662173494696617,0.12892530858516693,0.09328632056713104,26849138.0,0.008006906136870384,3.000000106112566e-06
136,0.09742043167352676,0.0070962016470730305,0.07617400586605072,0.054867152124643326,10930500.0,0.003069889033213258,0.10693275183439255,0.01660999096930027,0.12887975573539734,0.09324266016483307,26843714.0,0.008006302639842033,3.000000106112566e-06
137,0.09741268306970596,0.0070905727334320545,0.07613515853881836,0.05483230575919151,10908079.0,0.003068074584007263,0.10691886395215988,0.01659821905195713,0.128834068775177,0.09319885075092316,26838194.0,0.008005645126104355,3.000000106112566e-06
138,0.09740497171878815,0.007084979675710201,0.07609651237726212,0.054797518998384476,10885733.0,0.003066272707656026,0.10690490901470184,0.016586385667324066,0.12878814339637756,0.09315475076436996,26832528.0,0.008004913106560707,3.000000106112566e-06
139,0.09739730507135391,0.007079424802213907,0.07605816423892975,0.05476278439164162,10863460.0,0.003064483869820833,0.10689092427492142,0.016574513167142868,0.1287420392036438,0.09311231225728989,26826698.0,0.008004114031791687,3.000000106112566e-06
140,0.09738966822624207,0.007073904853314161,0.07602007687091827,0.05472808703780174,10841256.0,0.0030627064406871796,0.10687688738107681,0.016562610864639282,0.1286958009004593,0.09307029098272324,26820758.0,0.008003255352377892,3.000000106112566e-06
141,0.09738205373287201,0.007068422622978687,0.07598228007555008,0.054693445563316345,10819116.0,0.003060943679884076,0.10686280578374863,0.016550660133361816,0.12864936888217926,0.09302801638841629,26814736.0,0.008002333343029022,3.000000106112566e-06
142,0.09737446159124374,0.007062971126288176,0.07594470679759979,0.05465887114405632,10797062.0,0.00305919093079865,0.10684871673583984,0.016538705676794052,0.12860289216041565,0.0929868146777153,26809762.0,0.008001361973583698,3.000000106112566e-06
143,0.09736692160367966,0.0070575629360973835,0.07590740919113159,0.05462443456053734,10775085.0,0.0030574542470276356,0.10683456063270569,0.016526687890291214,0.12855616211891174,0.09294678270816803,26806102.0,0.00800031516700983,3.000000106112566e-06
144,0.09735939651727676,0.007052183151245117,0.07587038725614548,0.054590098559856415,10753246.0,0.003055727342143655,0.10682038217782974,0.016514651477336884,0.12850934267044067,0.09290657937526703,26802344.0,0.007999217137694359,3.000000106112566e-06
145,0.09735191613435745,0.007046833634376526,0.07583354413509369,0.054556116461753845,10731794.0,0.0030540088191628456,0.10680615901947021,0.016502562910318375,0.1284622997045517,0.09286610037088394,26798460.0,0.007998053915798664,3.000000106112566e-06
146,0.09734447300434113,0.007041525095701218,0.07579699903726578,0.05452242121100426,10710633.0,0.003052304731681943,0.10679186135530472,0.016490409150719643,0.12841498851776123,0.09282907843589783,26798148.0,0.007996816188097,3.000000106112566e-06
147,0.09733704477548599,0.007036247290670872,0.07576070725917816,0.054488781839609146,10689548.0,0.0030506104230880737,0.10677753388881683,0.01647822931408882,0.1283675581216812,0.09279416501522064,26800000.0,0.007995526306331158,3.000000106112566e-06
148,0.09732963889837265,0.007031002081930637,0.07572457939386368,0.05445518344640732,10668516.0,0.0030489249620586634,0.10676313191652298,0.01646597683429718,0.12831982970237732,0.09275973588228226,26802466.0,0.007994151674211025,3.000000106112566e-06
149,0.09732227772474289,0.007025789003819227,0.07568876445293427,0.05442193150520325,10647846.0,0.003047253005206585,0.10674871504306793,0.016453729942440987,0.12827208638191223,0.09272574633359909,26805410.0,0.007992744445800781,3.000000106112566e-06
150,0.09731493145227432,0.007020601537078619,0.0756530910730362,0.054389141499996185,10627685.0,0.0030455882661044598,0.10673429071903229,0.016441458836197853,0.12822425365447998,0.09269154071807861,26808178.0,0.00799128133803606,3.000000106112566e-06
151,0.09730763733386993,0.007015455048531294,0.075617715716362,0.054357029497623444,10608136.0,0.0030439384281635284,0.10671980679035187,0.01642913557589054,0.12817618250846863,0.09265697747468948,26810740.0,0.007989753037691116,3.000000106112566e-06
152,0.09730035066604614,0.007010333240032196,0.0755825862288475,0.054325275123119354,10588773.0,0.0030422948766499758,0.10670530796051025,0.016416801139712334,0.1281280666589737,0.09262266755104065,26813534.0,0.007988174445927143,3.000000106112566e-06
153,0.09729308634996414,0.007005241699516773,0.07554763555526733,0.05429375544190407,10569642.0,0.0030406625010073185,0.10669077932834625,0.01640443317592144,0.12807978689670563,0.09258848428726196,26816568.0,0.007986541837453842,3.000000106112566e-06
154,0.09728585183620453,0.007000177167356014,0.07551295310258865,0.05426226183772087,10550567.0,0.0030390387400984764,0.10667620599269867,0.01639203540980816,0.128031387925148,0.09255407005548477,26819408.0,0.007984855212271214,3.000000106112566e-06
155,0.0972786396741867,0.006995139177888632,0.0754784345626831,0.05423097312450409,10531715.0,0.003037423361092806,0.1066615879535675,0.016379592940211296,0.12798278033733368,0.09251944720745087,26822114.0,0.007983103394508362,3.000000106112566e-06
156,0.09727145731449127,0.006990133784711361,0.07544412463903427,0.054200418293476105,10513591.0,0.003035818925127387,0.10664691776037216,0.016367100179195404,0.12793396413326263,0.0924856886267662,26825776.0,0.007981291972100735,3.000000106112566e-06
157,0.09726431220769882,0.00698515772819519,0.07541002333164215,0.05416988581418991,10495488.0,0.0030342224054038525,0.10663224011659622,0.016354592517018318,0.12788507342338562,0.09245167672634125,26829300.0,0.007979435846209526,3.000000106112566e-06
158,0.09725718945264816,0.006980212405323982,0.07537614554166794,0.05414024740457535,10477427.0,0.0030326356645673513,0.10661749541759491,0.01634204015135765,0.12783598899841309,0.0924174040555954,26832614.0,0.007977516390383244,3.000000106112566e-06
159,0.0972500815987587,0.006975294556468725,0.07534243911504745,0.05411064252257347,10459404.0,0.003031056607142091,0.1066027283668518,0.01632944867014885,0.12778672575950623,0.09238286316394806,26835780.0,0.007975543849170208,3.000000106112566e-06
160,0.09724301099777222,0.006970405112951994,0.07530897110700607,0.05408117547631264,10441511.0,0.0030294854659587145,0.10658794641494751,0.01631684973835945,0.12773741781711578,0.09234805405139923,26838694.0,0.007973523810505867,3.000000106112566e-06
161,0.09723596274852753,0.006965539883822203,0.0752757340669632,0.05405191332101822,10423866.0,0.0030279243364930153,0.10657311975955963,0.016304222866892815,0.1276879906654358,0.09231308102607727,26841418.0,0.007971457205712795,3.000000106112566e-06
162,0.09722892940044403,0.006960695143789053,0.07524260878562927,0.05402267351746559,10406246.0,0.00302636856213212,0.10655826330184937,0.016291555017232895,0.12763836979866028,0.09227777272462845,26843946.0,0.007969330996274948,3.000000106112566e-06
163,0.09722191095352173,0.0069558811374008656,0.07520969212055206,0.05399346351623535,10388669.0,0.003024822333827615,0.10654336214065552,0.016278862953186035,0.1275886446237564,0.09224221855401993,26846264.0,0.007967153564095497,3.000000106112566e-06
164,0.09721492230892181,0.006951090879738331,0.07517697662115097,0.05396440252661705,10371260.0,0.0030232828576117754,0.10652846097946167,0.016266150400042534,0.12753881514072418,0.09220648556947708,26848456.0,0.00796493049710989,3.000000106112566e-06
165,0.09720795601606369,0.006946328561753035,0.0751444399356842,0.053935542702674866,10354059.0,0.0030217524617910385,0.10651353001594543,0.01625342294573784,0.127488911151886,0.09217054396867752,26850514.0,0.007962669245898724,3.000000106112566e-06
166,0.09720101207494736,0.006941589061170816,0.07511211931705475,0.05390668287873268,10336903.0,0.0030202274210751057,0.10649856925010681,0.016240667551755905,0.12743887305259705,0.09213439375162125,26852388.0,0.007960353046655655,3.000000106112566e-06
167,0.09719410538673401,0.0069368802942335606,0.07507992535829544,0.053877875208854675,10319771.0,0.0030187112279236317,0.10648354887962341,0.016227860003709793,0.1273886114358902,0.09209791570901871,26854040.0,0.00795798096805811,3.000000106112566e-06
168,0.09718721359968185,0.00693218968808651,0.07504791766405106,0.053849052637815475,10302661.0,0.0030172003898769617,0.10646851360797882,0.01621503196656704,0.1273382604122162,0.09206122159957886,26855472.0,0.007955558598041534,3.000000106112566e-06
169,0.0971803367137909,0.006927527487277985,0.07501610368490219,0.05382029712200165,10285608.0,0.0030156986322253942,0.10645344853401184,0.016202177852392197,0.12728777527809143,0.0920243114233017,26856766.0,0.007953091524541378,3.000000106112566e-06
170,0.09717346727848053,0.0069228834472596645,0.07498449832201004,0.05379151552915573,10268563.0,0.003014202229678631,0.10643838346004486,0.016189327463507652,0.12723729014396667,0.0919872298836708,26857904.0,0.007950590923428535,3.000000106112566e-06
171,0.09716664254665375,0.006918264552950859,0.07495300471782684,0.053762998431921005,10251786.0,0.003012712812051177,0.1064232885837555,0.01617644727230072,0.12718665599822998,0.0919499471783638,26858854.0,0.00794803723692894,3.000000106112566e-06
172,0.09715984016656876,0.006913674995303154,0.07492174953222275,0.05373464152216911,10235156.0,0.0030112327076494694,0.10640814155340195,0.016163522377610207,0.12713584303855896,0.0919124186038971,26859658.0,0.007945435121655464,3.000000106112566e-06
173,0.09715305268764496,0.0069091045297682285,0.0748906135559082,0.05370635539293289,10218643.0,0.0030097560957074165,0.10639297962188721,0.01615058444440365,0.12708495557308197,0.09187466651201248,26860286.0,0.007942788302898407,3.000000106112566e-06
174,0.09714625775814056,0.006904552225023508,0.07485964894294739,0.05367809906601906,10202162.0,0.003008285304531455,0.10637781023979187,0.01613764278590679,0.1270340234041214,0.09183726459741592,26861236.0,0.007940107025206089,3.000000106112566e-06
175,0.09713950753211975,0.006900023203343153,0.07482883334159851,0.053649842739105225,10185708.0,0.0030068205669522285,0.10636259615421295,0.0161246620118618,0.1269829273223877,0.09180005639791489,26862504.0,0.007937375456094742,3.000000106112566e-06
176,0.09713277220726013,0.006895518861711025,0.07479818165302277,0.053621623665094376,10169294.0,0.0030053630471229553,0.10634736716747284,0.016111673787236214,0.12693177163600922,0.09176268428564072,26863592.0,0.007934607565402985,3.000000106112566e-06
177,0.0971260592341423,0.006891036871820688,0.07476772367954254,0.053593553602695465,10152886.0,0.0030039113480597734,0.10633212327957153,0.01609865017235279,0.1268804520368576,0.09172508865594864,26864530.0,0.007931789383292198,3.000000106112566e-06
178,0.09711936116218567,0.00688657583668828,0.07473740726709366,0.05356575548648834,10136519.0,0.0030024659354239702,0.10631684213876724,0.016085617244243622,0.1268290877342224,0.09168729186058044,26865274.0,0.007928931154310703,3.000000106112566e-06
179,0.09711268544197083,0.0068821352906525135,0.07470717281103134,0.05353797599673271,10120182.0,0.0030010254122316837,0.10630155354738235,0.016072561964392662,0.12677760422229767,0.09164932370185852,26865858.0,0.007926033809781075,3.000000106112566e-06
180,0.09710602462291718,0.00687771663069725,0.07467719912528992,0.05351020768284798,10103875.0,0.0029995902441442013,0.10628623515367508,0.01605948619544506,0.12672603130340576,0.09161113947629929,26866296.0,0.007923094555735588,3.000000106112566e-06
181,0.09709938615560532,0.006873318925499916,0.07464732229709625,0.05348324775695801,10087843.0,0.0029981627594679594,0.10627089440822601,0.01604638807475567,0.1266743391752243,0.09157269448041916,26866516.0,0.007920111529529095,3.000000106112566e-06
182,0.09709276258945465,0.006868942640721798,0.07461763173341751,0.053457316011190414,10072656.0,0.002996740397065878,0.10625553876161575,0.01603328250348568,0.12662260234355927,0.09153416007757187,26866612.0,0.007917097769677639,3.000000106112566e-06
183,0.09708613902330399,0.006864577066153288,0.07458803057670593,0.05343147739768028,10057600.0,0.0029953205958008766,0.10624019801616669,0.016020191833376884,0.1265708953142166,0.09149543195962906,26866488.0,0.007914054207503796,3.000000106112566e-06
184,0.0970795527100563,0.006860235705971718,0.07455864548683167,0.05340563878417015,10042566.0,0.002993909874930978,0.10622483491897583,0.016007082536816597,0.1265190988779068,0.09145661443471909,26866282.0,0.007910974323749542,3.000000106112566e-06
185,0.09707298129796982,0.006855914369225502,0.07452934980392456,0.05337982252240181,10027549.0,0.00299250241369009,0.10620942711830139,0.015993941575288773,0.12646715342998505,0.09141752868890762,26865890.0,0.007907847873866558,3.000000106112566e-06
186,0.09706640988588333,0.006851615849882364,0.07450021058320999,0.05335429683327675,10012840.0,0.002991101937368512,0.10619398206472397,0.01598075032234192,0.12641499936580658,0.09137816727161407,26865326.0,0.007904671132564545,3.000000106112566e-06
187,0.09705987572669983,0.006847335025668144,0.07447123527526855,0.053328871726989746,9998249.0,0.002989704953506589,0.10617854446172714,0.01596757210791111,0.1263628602027893,0.09133869409561157,26864604.0,0.007901469245553017,3.000000106112566e-06
188,0.09705334156751633,0.0068430714309215546,0.07444234192371368,0.05330382660031319,9983690.0,0.002988312626257539,0.10616305470466614,0.01595434918999672,0.1263105273246765,0.09129898995161057,26863710.0,0.00789821706712246,3.000000106112566e-06
189,0.09704684466123581,0.0068388283252716064,0.07441359013319016,0.053278908133506775,9969151.0,0.00298692611977458,0.10614757984876633,0.015941135585308075,0.12625820934772491,0.0912591814994812,26862692.0,0.007894939742982388,3.000000106112566e-06
190,0.09704035520553589,0.0068346052430570126,0.07438506931066513,0.05325399711728096,9954615.0,0.0029855447355657816,0.1061321347951889,0.015927959233522415,0.12620602548122406,0.09121931344270706,26861542.0,0.007891649380326271,3.000000106112566e-06
191,0.09703388065099716,0.0068303984589874744,0.07435660064220428,0.05322926491498947,9940306.0,0.0029841680079698563,0.10611666738986969,0.015914766117930412,0.12615373730659485,0.09117992967367172,26860914.0,0.007888324558734894,3.000000106112566e-06
192,0.09702739864587784,0.0068262056447565556,0.0743282288312912,0.05320451781153679,9926005.0,0.0029827929101884365,0.10610116273164749,0.01590154320001602,0.1261013150215149,0.09114038199186325,26860170.0,0.007884953171014786,3.000000106112566e-06
193,0.0970209538936615,0.006822030991315842,0.07430004328489304,0.0531797781586647,9911714.0,0.0029814180452376604,0.1060856282711029,0.0158882774412632,0.1260487139225006,0.09110059589147568,26859244.0,0.00788153801113367,3.000000106112566e-06
194,0.09701453149318695,0.006817883811891079,0.074272021651268,0.05315506085753441,9897446.0,0.0029800296761095524,0.10607010126113892,0.01587502472102642,0.12599612772464752,0.09106075018644333,26858208.0,0.00787809956818819,3.000000106112566e-06
195,0.0970081239938736,0.006813746877014637,0.07424406707286835,0.053130775690078735,9883178.0,0.0029786445666104555,0.10605455189943314,0.015861762687563896,0.12594349682331085,0.09102073311805725,26857032.0,0.007874627597630024,3.000000106112566e-06
196,0.09700171649456024,0.0068096281029284,0.07421626895666122,0.05310678482055664,9868933.0,0.0029772643465548754,0.10603898763656616,0.015848476439714432,0.12589073181152344,0.09098052233457565,26855704.0,0.007871120236814022,3.000000106112566e-06
197,0.09699533134698868,0.006805524695664644,0.07418856024742126,0.05308278277516365,9854690.0,0.002975886920467019,0.106023408472538,0.015835188329219818,0.12583795189857483,0.09094016999006271,26854232.0,0.007867584004998207,3.000000106112566e-06
198,0.09698896110057831,0.00680144177749753,0.07416102290153503,0.05305886268615723,9840550.0,0.002974514616653323,0.10600782185792923,0.01582189090549946,0.12578509747982025,0.09089971333742142,26852634.0,0.007864014245569706,3.000000106112566e-06
199,0.09698260575532913,0.006797377951443195,0.07413358241319656,0.05303520709276199,9826669.0,0.0029731481336057186,0.10599222779273987,0.0158085860311985,0.1257321983575821,0.0908590704202652,26850848.0,0.007860417477786541,3.000000106112566e-06
200,0.09697626531124115,0.006793323438614607,0.07410623133182526,0.05301157385110855,9812855.0,0.0029717828147113323,0.10597662627696991,0.015795277431607246,0.12567926943302155,0.09081827849149704,26848952.0,0.007856791839003563,3.000000106112566e-06
201,0.09696993976831436,0.006789288017898798,0.07407905906438828,0.05298855900764465,9799322.0,0.0029704240150749683,0.10596102476119995,0.015781976282596588,0.125626340508461,0.09077738225460052,26846876.0,0.00785314105451107,3.000000106112566e-06
202,0.09696361422538757,0.006785266101360321,0.07405198365449905,0.05296572670340538,9785789.0,0.0029690591618418694,0.10594537854194641,0.0157686285674572,0.12557320296764374,0.0907362774014473,26844692.0,0.007849447429180145,3.000000106112566e-06
203,0.09695731103420258,0.006781263276934624,0.07402496039867401,0.05294305086135864,9772432.0,0.002967698033899069,0.10592976212501526,0.0157553069293499,0.12552013993263245,0.09069511294364929,26842392.0,0.007845737040042877,3.000000106112566e-06
204,0.09695102274417877,0.006777280010282993,0.0739981085062027,0.05292041227221489,9759124.0,0.0029663422610610723,0.10591410100460052,0.015741955488920212,0.1254669427871704,0.09065378457307816,26839978.0,0.007841991260647774,3.000000106112566e-06
205,0.09694475680589676,0.006773307453840971,0.07397139072418213,0.052897728979587555,9745809.0,0.002964987186715007,0.10589845478534698,0.015728618949651718,0.12541379034519196,0.09061234444379807,26837422.0,0.007838225923478603,3.000000106112566e-06
206,0.09693848341703415,0.0067693511955440044,0.07394470274448395,0.05287502706050873,9732503.0,0.0029636374674737453,0.10588284581899643,0.015715308487415314,0.12536071240901947,0.09057087451219559,26834764.0,0.00783444568514824,3.000000106112566e-06
207,0.09693224728107452,0.0067654140293598175,0.07391823828220367,0.05285235121846199,9719212.0,0.0029622919391840696,0.10586720705032349,0.01570197567343712,0.12530753016471863,0.09052924066781998,26831962.0,0.007830632850527763,3.000000106112566e-06
208,0.0969260036945343,0.006761487573385239,0.07389182597398758,0.052829619497060776,9705899.0,0.002960948972031474,0.10585152357816696,0.015688618645071983,0.12525421380996704,0.09048739075660706,26828982.0,0.007826782763004303,3.000000106112566e-06
209,0.09691978245973587,0.006757579278200865,0.07386547327041626,0.05280691012740135,9692622.0,0.0029596106614917517,0.10583584755659103,0.015675252303481102,0.12520085275173187,0.09044545143842697,26825924.0,0.007822908461093903,3.000000106112566e-06
210,0.09691357612609863,0.006753680761903524,0.07383932173252106,0.05278415232896805,9679328.0,0.002958273747935891,0.1058201715350151,0.015661897137761116,0.1251475065946579,0.09040341526269913,26822710.0,0.007819011807441711,3.000000106112566e-06
211,0.0969073697924614,0.006749801803380251,0.07381324470043182,0.05276141315698624,9666056.0,0.002956941956654191,0.10580449551343918,0.015648536384105682,0.12509411573410034,0.09036125987768173,26819370.0,0.00781509093940258,3.000000106112566e-06
212,0.09690119326114655,0.006745938211679459,0.07378730922937393,0.052738651633262634,9652772.0,0.0029556145891547203,0.10578882694244385,0.015635192394256592,0.12504076957702637,0.09031900763511658,26815882.0,0.007811150513589382,3.000000106112566e-06
213,0.0968950092792511,0.006742086727172136,0.07376139611005783,0.052715931087732315,9639559.0,0.0029542893171310425,0.10577315837144852,0.015621849335730076,0.12498739361763,0.09027666598558426,26812330.0,0.007807189133018255,3.000000106112566e-06
214,0.09688884764909744,0.006738248281180859,0.07373564690351486,0.052693434059619904,9626592.0,0.0029529668390750885,0.1057574674487114,0.015608483925461769,0.12493392080068588,0.09023417532444,26808658.0,0.0078031993471086025,3.000000106112566e-06
215,0.09688269346952438,0.0067344242706894875,0.07370995730161667,0.052670907229185104,9613637.0,0.0029516469221562147,0.10574177652597427,0.015595114789903164,0.12488040328025818,0.09019158035516739,26804880.0,0.007799182087182999,3.000000106112566e-06
216,0.09687655419111252,0.00673061516135931,0.07368435710668564,0.0526483952999115,9600680.0,0.0029503300320357084,0.10572608560323715,0.015581763349473476,0.12482693046331406,0.0901489406824112,26800988.0,0.0077951508574187756,3.000000106112566e-06
217,0.09687043726444244,0.006726823281496763,0.07365889847278595,0.0526258759200573,9587731.0,0.0029490175656974316,0.10571037232875824,0.015568383038043976,0.12477332353591919,0.09010609239339828,26796906.0,0.0077910833060741425,3.000000106112566e-06
218,0.09686431288719177,0.006723040249198675,0.07363355159759521,0.0526033379137516,9574785.0,0.0029477071948349476,0.10569469630718231,0.01555503997951746,0.12471984326839447,0.09006322920322418,26792732.0,0.007787009235471487,3.000000106112566e-06
219,0.09685821831226349,0.00671927398070693,0.07360835373401642,0.052581194788217545,9562033.0,0.002946401946246624,0.10567903518676758,0.015541714616119862,0.12466641515493393,0.0900203287601471,26788454.0,0.007782924920320511,3.000000106112566e-06
220,0.09685210138559341,0.006715511437505484,0.07358317077159882,0.05255939066410065,9549339.0,0.0029450971633195877,0.10566332191228867,0.01552834827452898,0.12461279332637787,0.08997723460197449,26784054.0,0.007778796833008528,3.000000106112566e-06
221,0.09684602916240692,0.00671177264302969,0.07355808466672897,0.05253762751817703,9536657.0,0.0029437970370054245,0.10564761608839035,0.015514994971454144,0.1245592013001442,0.08993447571992874,26779972.0,0.007774656638503075,3.000000106112566e-06
222,0.09683995693922043,0.00670804874971509,0.07353310286998749,0.05251586437225342,9523989.0,0.0029424994718283415,0.10563191026449203,0.015501623973250389,0.12450551986694336,0.08989159762859344,26775802.0,0.007770488504320383,3.000000106112566e-06
223,0.09683390706777573,0.006704337894916534,0.07350818812847137,0.052494097501039505,9511343.0,0.0029412044677883387,0.10561619699001312,0.01548826415091753,0.12445185333490372,0.08984865248203278,26771522.0,0.007766305468976498,3.000000106112566e-06
224,0.09682784974575043,0.0067006382159888744,0.07348339259624481,0.05247248336672783,9498887.0,0.0029399110935628414,0.105600506067276,0.015474933199584484,0.12439828366041183,0.08980566263198853,26767166.0,0.007762113586068153,3.000000106112566e-06
225,0.09682182222604752,0.00669694971293211,0.07345869392156601,0.05245085060596466,9486419.0,0.0029386209789663553,0.10558483004570007,0.015461597591638565,0.12434466928243637,0.0897626280784607,26762716.0,0.007757897954434156,3.000000106112566e-06
226,0.09681578725576401,0.006693278439342976,0.07343409955501556,0.05242927744984627,9473963.0,0.0029373348224908113,0.10556914657354355,0.01544826291501522,0.12429104000329971,0.08971943706274033,26758096.0,0.007753665093332529,3.000000106112566e-06
227,0.09680977463722229,0.006689618807286024,0.07340960204601288,0.05240797996520996,9461521.0,0.0029360514599829912,0.10555344074964523,0.015434925444424152,0.12423737347126007,0.08967612683773041,26753340.0,0.007749408017843962,3.000000106112566e-06
228,0.09680376946926117,0.0066859666258096695,0.07338515669107437,0.05238688737154007,9449298.0,0.002934768795967102,0.10553775727748871,0.01542159728705883,0.12418372184038162,0.0896327793598175,26748522.0,0.00774513790383935,3.000000106112566e-06
229,0.09679776430130005,0.006682330276817083,0.07336081564426422,0.052365776151418686,9437082.0,0.002933490090072155,0.10552206635475159,0.015408267267048359,0.12413004040718079,0.08958934992551804,26743596.0,0.00774084497243166,3.000000106112566e-06
230,0.09679178893566132,0.00667871069163084,0.073336660861969,0.0523446761071682,9424876.0,0.0029322162736207247,0.10550639033317566,0.015394954942166805,0.12407641112804413,0.0895458459854126,26738532.0,0.007736541796475649,3.000000106112566e-06
231,0.09678582102060318,0.006675096228718758,0.07331246137619019,0.05232369527220726,9412659.0,0.002930941991508007,0.10549069941043854,0.015381631441414356,0.1240227073431015,0.0895022302865982,26733382.0,0.0077322134748101234,3.000000106112566e-06
232,0.09677983820438385,0.006671498995274305,0.07328839600086212,0.05230296775698662,9400566.0,0.0029296716675162315,0.1054750382900238,0.01536833681166172,0.12396909296512604,0.08945859968662262,26728142.0,0.007727880030870438,3.000000106112566e-06
233,0.09677387773990631,0.0066679115407168865,0.07326440513134003,0.0522824302315712,9388696.0,0.002928403904661536,0.10545934736728668,0.015355024486780167,0.12391538918018341,0.08941484242677689,26722778.0,0.007723521441221237,3.000000106112566e-06
234,0.09676794707775116,0.006664336659014225,0.07324047386646271,0.05226186290383339,9376800.0,0.00292713800445199,0.10544369369745255,0.015341735444962978,0.12386175990104675,0.08937107026576996,26717394.0,0.007719153538346291,3.000000106112566e-06
235,0.09676200896501541,0.006660775281488895,0.07321669906377792,0.05224130302667618,9364934.0,0.0029258746653795242,0.10542802512645721,0.015328442677855492,0.12380808591842651,0.08932720869779587,26711876.0,0.007714766543358564,3.000000106112566e-06
236,0.09675607830286026,0.006657224148511887,0.07319298386573792,0.05222080647945404,9353152.0,0.0029246134217828512,0.10541237890720367,0.015315171331167221,0.12375447899103165,0.08928332477807999,26706264.0,0.0077103725634515285,3.000000106112566e-06
237,0.0967501550912857,0.006653684191405773,0.07316932082176208,0.05220036581158638,9341458.0,0.002923353808000684,0.10539671033620834,0.015301882289350033,0.12370077520608902,0.08923928439617157,26700544.0,0.00770594971254468,3.000000106112566e-06
238,0.09674426168203354,0.006650158204138279,0.07314573228359222,0.05218014866113663,9329904.0,0.0029220974538475275,0.1053810641169548,0.015288612805306911,0.12364713102579117,0.08919525891542435,26694766.0,0.007701519876718521,3.000000106112566e-06
239,0.09673835337162018,0.006646639201790094,0.07312221080064774,0.05216024070978165,9318362.0,0.0029208422638475895,0.10536543279886246,0.015275366604328156,0.12359355390071869,0.08915118128061295,26688890.0,0.0076970807276666164,3.000000106112566e-06
240,0.0967324748635292,0.006643138360232115,0.07309889793395996,0.052140336483716965,9306802.0,0.0029195924289524555,0.10534980893135071,0.015262126922607422,0.1235399842262268,0.08910705149173737,26682910.0,0.007692628540098667,3.000000106112566e-06
241,0.09672659635543823,0.006639641709625721,0.07307551801204681,0.052120380103588104,9295243.0,0.002918340265750885,0.10533415526151657,0.015248860232532024,0.12348627299070358,0.08906276524066925,26676852.0,0.007688149344176054,3.000000106112566e-06
242,0.09672073274850845,0.0066361622884869576,0.07305227220058441,0.052100569009780884,9283832.0,0.002917093690484762,0.10531855374574661,0.015235654078423977,0.12343279272317886,0.08901859074831009,26670716.0,0.007683676667511463,3.000000106112566e-06
243,0.09671486169099808,0.006632689852267504,0.07302914559841156,0.05208083614706993,9272508.0,0.002915846649557352,0.10530295222997665,0.015222438611090183,0.12337924540042877,0.08897428959608078,26664474.0,0.007679185830056667,3.000000106112566e-06
244,0.09670902043581009,0.00662923464551568,0.07300610840320587,0.052061066031455994,9261158.0,0.002914607059210539,0.1052873283624649,0.015209215693175793,0.1233256459236145,0.08892988413572311,26658118.0,0.007674674037843943,3.000000106112566e-06
245,0.0967031717300415,0.006625781301409006,0.07298307120800018,0.052041247487068176,9249790.0,0.002913365140557289,0.10527174919843674,0.015196025371551514,0.12327215820550919,0.08888547122478485,26651680.0,0.007670157123357058,3.000000106112566e-06
246,0.09669733047485352,0.006622343324124813,0.07296006381511688,0.052021466195583344,9238472.0,0.002912126714363694,0.10525617748498917,0.01518284436315298,0.12321868538856506,0.0888410434126854,26645186.0,0.007665631361305714,3.000000106112566e-06
247,0.09669151157140732,0.006618919782340527,0.0729372650384903,0.05200185626745224,9227352.0,0.0029108922462910414,0.1052406057715416,0.015169681049883366,0.12316525727510452,0.08879658579826355,26638658.0,0.007661100476980209,3.000000106112566e-06
248,0.09668569266796112,0.006615502294152975,0.0729144737124443,0.05198223143815994,9216235.0,0.002909657545387745,0.10522504150867462,0.0151565195992589,0.12311181426048279,0.08875209093093872,26632026.0,0.007656550966203213,3.000000106112566e-06
249,0.09667988121509552,0.006612102035433054,0.07289180159568787,0.05196261778473854,9205120.0,0.0029084268026053905,0.10520947724580765,0.015143358148634434,0.12305834889411926,0.08870748430490494,26625286.0,0.007651986554265022,3.000000106112566e-06
250,0.09667409956455231,0.00660870922729373,0.07286916673183441,0.05194297060370445,9193991.0,0.0029071972239762545,0.10519392043352127,0.015130216255784035,0.12300494313240051,0.08866287022829056,26618462.0,0.007647414226084948,3.000000106112566e-06
251,0.0966683030128479,0.006605327595025301,0.07284664362668991,0.051923297345638275,9182847.0,0.002905971137806773,0.1051783636212349,0.015117068774998188,0.12295149266719818,0.08861814439296722,26611528.0,0.00764282513409853,3.000000106112566e-06
252,0.09666251391172409,0.00660195155069232,0.07282411307096481,0.05190359055995941,9171712.0,0.0029047445859760046,0.1051628366112709,0.015103940851986408,0.12289809435606003,0.08857341855764389,26604540.0,0.007638228591531515,3.000000106112566e-06
253,0.09665675461292267,0.0065985932014882565,0.07280170917510986,0.05188388749957085,9160565.0,0.00290352338925004,0.10514732450246811,0.015090842731297016,0.12284479290246964,0.08852870017290115,26597478.0,0.007633630186319351,3.000000106112566e-06
254,0.09665098041296005,0.00659524230286479,0.07277940958738327,0.051864150911569595,9149410.0,0.0029023033566772938,0.10513178259134293,0.015077727846801281,0.12279140204191208,0.08848387748003006,26590306.0,0.007629011292010546,3.000000106112566e-06
255,0.09664522111415863,0.0065918974578380585,0.07275715470314026,0.051844384521245956,9138235.0,0.0029010840225964785,0.10511632263660431,0.01506467629224062,0.12273824214935303,0.08843917399644852,26583110.0,0.007624402176588774,3.000000106112566e-06
256,0.09663946181535721,0.006588566582649946,0.0727350264787674,0.05182470381259918,9127160.0,0.002899861428886652,0.10510082542896271,0.015051606111228466,0.12268498539924622,0.08839431405067444,26575810.0,0.007619776297360659,3.000000106112566e-06
257,0.09663372486829758,0.00658524502068758,0.07271286100149155,0.0518050454556942,9116123.0,0.0028986395336687565,0.1050853505730629,0.015038548037409782,0.12263175845146179,0.08834943920373917,26568464.0,0.007615135982632637,3.000000106112566e-06
258,0.09662799537181854,0.006581936497241259,0.07269083708524704,0.05178537964820862,9105091.0,0.002897419733926654,0.10506986826658249,0.01502550020813942,0.12257854640483856,0.08830458670854568,26561100.0,0.007610490079969168,3.000000106112566e-06
259,0.09662226587533951,0.006578640080988407,0.07266882061958313,0.05176570266485214,9094056.0,0.002896202728152275,0.10505440831184387,0.015012460760772228,0.12252534925937653,0.08825968205928802,26553658.0,0.007605831604450941,3.000000106112566e-06
260,0.09661655128002167,0.006575347390025854,0.07264690101146698,0.051746007055044174,9083020.0,0.002894985256716609,0.10503896325826645,0.014999442733824253,0.12247221171855927,0.08821571618318558,26546154.0,0.007601168472319841,3.000000106112566e-06
261,0.09661084413528442,0.006572067737579346,0.0726250559091568,0.05172628536820412,9071974.0,0.0028937715105712414,0.10502354800701141,0.014986456371843815,0.12241918593645096,0.08817177265882492,26538562.0,0.007596510462462902,3.000000106112566e-06
262,0.09660515189170837,0.006568800192326307,0.0726032704114914,0.05170663446187973,9061015.0,0.0028925605583935976,0.10500814020633698,0.014973479323089123,0.12236616760492325,0.08812779933214188,26530888.0,0.007591837085783482,3.000000106112566e-06
263,0.09659945219755173,0.0065655396319925785,0.07258161157369614,0.051687099039554596,9050179.0,0.0028913505375385284,0.10499276220798492,0.014960524626076221,0.12231322377920151,0.08808380365371704,26523140.0,0.007587161846458912,3.000000106112566e-06
264,0.09659377485513687,0.006562289781868458,0.07255998253822327,0.05166775360703468,9039530.0,0.0028901430778205395,0.10497735440731049,0.014947561547160149,0.12226022034883499,0.08803976327180862,26515338.0,0.007582470308989286,3.000000106112566e-06
265,0.09658809006214142,0.006559048313647509,0.07253841310739517,0.05164862051606178,9029120.0,0.002888937247917056,0.10496198385953903,0.014934624545276165,0.12220729887485504,0.08799572288990021,26507446.0,0.0075777736492455006,3.000000106112566e-06
266,0.09658242017030716,0.006555818021297455,0.07251693308353424,0.051629453897476196,9018685.0,0.002887733979150653,0.10494662821292877,0.014921712689101696,0.12215445935726166,0.08795166015625,26499498.0,0.00757307605817914,3.000000106112566e-06
267,0.0965767651796341,0.006552594713866711,0.0724954605102539,0.051610954105854034,9008457.0,0.002886531176045537,0.10493126511573792,0.014908800832927227,0.12210159748792648,0.0879075676202774,26491518.0,0.00756836449727416,3.000000106112566e-06
268,0.09657111018896103,0.006549384910613298,0.07247410714626312,0.05159250274300575,8998253.0,0.0028853316325694323,0.10491590201854706,0.014895881526172161,0.12204868346452713,0.08786340057849884,26483442.0,0.007563597522675991,3.000000106112566e-06
269,0.09656546264886856,0.0065461802296340466,0.07245281338691711,0.05157403275370598,8988047.0,0.0028841320890933275,0.10490056872367859,0.014882982708513737,0.12199582904577255,0.08781921863555908,26475342.0,0.007558825425803661,3.000000106112566e-06
270,0.09655983000993729,0.0065429918467998505,0.07243161648511887,0.051555536687374115,8977824.0,0.002882937667891383,0.10488525778055191,0.014870130456984043,0.1219431459903717,0.0877750962972641,26467152.0,0.007554059848189354,3.000000106112566e-06
271,0.09655419737100601,0.0065398067235946655,0.07241038233041763,0.05153699591755867,8967581.0,0.0028817420825362206,0.10486998409032822,0.014857296831905842,0.12189051508903503,0.08773098140954971,26458938.0,0.007549292873591185,3.000000106112566e-06
272,0.09654856473207474,0.006536632776260376,0.07238931953907013,0.051518432796001434,8957316.0,0.0028805495239794254,0.10485471040010452,0.014844479970633984,0.12183792144060135,0.08768682926893234,26450600.0,0.007544517982751131,3.000000106112566e-06
273,0.09654293954372406,0.006533464882522821,0.07236825674772263,0.05149984359741211,8947055.0,0.002879359060898423,0.10483945906162262,0.014831675216555595,0.12178536504507065,0.08764266222715378,26442250.0,0.007539740297943354,3.000000106112566e-06
274,0.09653732925653458,0.00653031375259161,0.07234729826450348,0.051481474190950394,8936987.0,0.0028781723231077194,0.10482418537139893,0.01481886487454176,0.12173275649547577,0.08759844303131104,26433852.0,0.007534947711974382,3.000000106112566e-06
275,0.09653173387050629,0.006527164950966835,0.07232635468244553,0.0514630563557148,8926915.0,0.0028769841883331537,0.10480894148349762,0.01480607409030199,0.12168021500110626,0.08755423128604889,26425372.0,0.007530147209763527,3.000000106112566e-06
276,0.0965261459350586,0.00652402825653553,0.07230553030967712,0.05144476145505905,8916966.0,0.002875799546018243,0.1047937348484993,0.014793328940868378,0.12162782996892929,0.08751006424427032,26416840.0,0.0075253588147461414,3.000000106112566e-06
277,0.0965205579996109,0.006520902272313833,0.0722847655415535,0.05142655223608017,8907110.0,0.0028746179305016994,0.10477853566408157,0.014780588448047638,0.12157544493675232,0.08746587485074997,26408252.0,0.007520562503486872,3.000000106112566e-06
278,0.0965149775147438,0.0065177809447050095,0.07226398587226868,0.051408298313617706,8897224.0,0.0028734358493238688,0.10476335883140564,0.014767869375646114,0.12152311950922012,0.08742167800664902,26399640.0,0.007515763398259878,3.000000106112566e-06
279,0.0965094044804573,0.006514673121273518,0.0722433477640152,0.05139002203941345,8887329.0,0.002872257959097624,0.1047481894493103,0.014755170792341232,0.1214708611369133,0.08737745881080627,26390952.0,0.007510964293032885,3.000000106112566e-06
280,0.0965038314461708,0.006511572282761335,0.07222270220518112,0.05137181654572487,8877508.0,0.0028710803017020226,0.10473303496837616,0.014742479659616947,0.12141861021518707,0.08733324706554413,26382250.0,0.007506158202886581,3.000000106112566e-06
281,0.0964982807636261,0.006508479826152325,0.0722021758556366,0.05135379731655121,8867887.0,0.002869904972612858,0.1047179102897644,0.014729829505085945,0.12136650830507278,0.08728910237550735,26373500.0,0.007501357235014439,3.000000106112566e-06
282,0.09649273008108139,0.006505398545414209,0.07218169420957565,0.05133585259318352,8858353.0,0.0028687308076769114,0.10470278561115265,0.014717177487909794,0.12131437659263611,0.0872448980808258,26364720.0,0.007496547885239124,3.000000106112566e-06
283,0.09648718684911728,0.006502328906208277,0.0721612423658371,0.0513179749250412,8848882.0,0.002867560600861907,0.1046876609325409,0.014704525470733643,0.12126221507787704,0.08720068633556366,26355866.0,0.007491724099963903,3.000000106112566e-06
284,0.09648163616657257,0.006499262992292643,0.07214086502790451,0.0513000451028347,8839364.0,0.0028663896955549717,0.10467255860567093,0.014691897667944431,0.12121013551950455,0.08715647459030151,26346958.0,0.007486902642995119,3.000000106112566e-06
285,0.09647610038518906,0.006496205925941467,0.0721205621957779,0.05128232017159462,8829936.0,0.0028652206528931856,0.10465746372938156,0.01467928383499384,0.12115809321403503,0.08711215108633041,26337928.0,0.0074820732697844505,3.000000106112566e-06
286,0.09647057950496674,0.006493157707154751,0.07210030406713486,0.051264841109514236,8820603.0,0.002864054637029767,0.10464242100715637,0.014666721224784851,0.12110623717308044,0.08706799894571304,26328930.0,0.007477258797734976,3.000000106112566e-06
287,0.09646505862474442,0.0064901188015937805,0.07208012044429779,0.05124734342098236,8811276.0,0.0028628914151340723,0.10462740063667297,0.01465417630970478,0.12105443328619003,0.08702386915683746,26319908.0,0.007472442928701639,3.000000106112566e-06
288,0.09645955264568329,0.0064870864152908325,0.0720599889755249,0.05122978612780571,8801905.0,0.002861728658899665,0.10461237281560898,0.014641635119915009,0.12100262194871902,0.08697964996099472,26310772.0,0.007467617746442556,3.000000106112566e-06
289,0.09645405411720276,0.006484065670520067,0.07203991711139679,0.05121222883462906,8792541.0,0.0028605677653104067,0.10459735989570618,0.014629109762609005,0.1209508553147316,0.08693548291921616,26301640.0,0.007462792098522186,3.000000106112566e-06
290,0.09644854813814163,0.0064810533076524734,0.07201990485191345,0.051194678992033005,8783171.0,0.0028594094328582287,0.10458236932754517,0.014616609551012516,0.12089917063713074,0.08689132332801819,26292436.0,0.00745796412229538,3.000000106112566e-06
291,0.0964430496096611,0.006478046532720327,0.0719999149441719,0.051177095621824265,8773791.0,0.002858251566067338,0.10456740111112595,0.014604120515286922,0.12084750831127167,0.08684714883565903,26283192.0,0.007453131955116987,3.000000106112566e-06
292,0.09643757343292236,0.006475051399320364,0.07197997719049454,0.05115979164838791,8764705.0,0.002857096027582884,0.10455244034528732,0.014591655693948269,0.12079592794179916,0.08680300414562225,26273942.0,0.007448302581906319,3.000000106112566e-06
293,0.09643208980560303,0.006472064182162285,0.07196012139320374,0.051142457872629166,8755594.0,0.0028559421189129353,0.10453750193119049,0.01457921788096428,0.12074442952871323,0.08675887435674667,26264638.0,0.007443474140018225,3.000000106112566e-06
294,0.09642660617828369,0.006469083949923515,0.0719403475522995,0.051125165075063705,8746524.0,0.0028547903057187796,0.10452258586883545,0.014566797763109207,0.12069299072027206,0.08671478927135468,26255308.0,0.007438644301146269,3.000000106112566e-06
295,0.09642114490270615,0.006466115824878216,0.07192064821720123,0.051108282059431076,8737869.0,0.002853641053661704,0.1045076996088028,0.014554399996995926,0.12064161896705627,0.08667068928480148,26245874.0,0.007433814462274313,3.000000106112566e-06
296,0.0964156836271286,0.006463151425123215,0.07190091907978058,0.05109141394495964,8729260.0,0.002852492267265916,0.10449279844760895,0.014542004093527794,0.12059023231267929,0.08662652969360352,26236406.0,0.0074289762414991856,3.000000106112566e-06
297,0.09641022235155106,0.006460193078964949,0.0718812495470047,0.05107460916042328,8720710.0,0.002851345343515277,0.10447794198989868,0.014529646374285221,0.12053897976875305,0.0865824818611145,26226910.0,0.007424145005643368,3.000000106112566e-06
298,0.0964047834277153,0.006457250099629164,0.07186174392700195,0.051057957112789154,8712305.0,0.0028502019122242928,0.10446309298276901,0.014517304487526417,0.12048777937889099,0.08653837442398071,26217358.0,0.007419312372803688,3.000000106112566e-06
299,0.09639932960271835,0.006454309914261103,0.0718422532081604,0.05104127898812294,8703893.0,0.0028490594122558832,0.10444825887680054,0.014504984952509403,0.1204366460442543,0.08649436384439468,26207782.0,0.0074144829995930195,3.000000106112566e-06
300,0.0963938906788826,0.006451376713812351,0.07182273268699646,0.05102456361055374,8695455.0,0.0028479176107794046,0.10443345457315445,0.014492684975266457,0.1203855648636818,0.08645031601190567,26198164.0,0.0074096485041081905,3.000000106112566e-06
301,0.09638845920562744,0.006448457017540932,0.07180330157279968,0.051007866859436035,8686987.0,0.0028467795345932245,0.10441867262125015,0.0144804073497653,0.12033456563949585,0.08640628308057785,26188530.0,0.0074048214592039585,3.000000106112566e-06
302,0.09638303518295288,0.00644554290920496,0.07178392261266708,0.0509912446141243,8678542.0,0.0028456419240683317,0.10440390557050705,0.014468155801296234,0.12028364837169647,0.0863623395562172,26178906.0,0.007399996276944876,3.000000106112566e-06
303,0.09637761861085892,0.006442633457481861,0.07176466286182404,0.05097459629178047,8670091.0,0.00284450501203537,0.10438916832208633,0.014455932192504406,0.12023282796144485,0.08631840348243713,26169230.0,0.007395176216959953,3.000000106112566e-06
304,0.09637220203876495,0.006439738441258669,0.07174541056156158,0.050957974046468735,8661668.0,0.0028433732222765684,0.104374460875988,0.014443734660744667,0.1201820895075798,0.08627451211214066,26159524.0,0.0073903570882976055,3.000000106112566e-06
305,0.09636680781841278,0.006436849944293499,0.07172620296478271,0.050941336899995804,8653228.0,0.0028422409668564796,0.10435974597930908,0.014431538991630077,0.12013134360313416,0.08623062074184418,26149782.0,0.007385530509054661,3.000000106112566e-06
306,0.09636141359806061,0.006433967966586351,0.0717071145772934,0.050924669951200485,8644757.0,0.002841111272573471,0.10434505343437195,0.014419365674257278,0.12008066475391388,0.08618670701980591,26139966.0,0.007380706258118153,3.000000106112566e-06
307,0.09635601937770844,0.006431092508137226,0.0716879740357399,0.050908006727695465,8636310.0,0.002839981811121106,0.1043303832411766,0.014407209120690823,0.12003003060817719,0.08614280819892883,26130128.0,0.007375878747552633,3.000000106112566e-06
308,0.09635063260793686,0.006428224500268698,0.07166890799999237,0.050891511142253876,8628032.0,0.0028388553764671087,0.10431572794914246,0.01439507957547903,0.11997949331998825,0.08609895408153534,26120272.0,0.007371058687567711,3.000000106112566e-06
309,0.09634523838758469,0.006425368133932352,0.071649931371212,0.050874996930360794,8619727.0,0.0028377301059663296,0.1043010950088501,0.014382975175976753,0.11992904543876648,0.08605515211820602,26110410.0,0.0073662418872118,3.000000106112566e-06
310,0.09633985906839371,0.006422518752515316,0.07163098454475403,0.050858452916145325,8611418.0,0.0028366069309413433,0.10428650677204132,0.014370911754667759,0.11987873911857605,0.08601142466068268,26100536.0,0.0073614357970654964,3.000000106112566e-06
311,0.09633449465036392,0.006419675424695015,0.07161207497119904,0.05084189772605896,8603091.0,0.0028354849200695753,0.10427193343639374,0.01435886137187481,0.1198284700512886,0.08596769720315933,26090614.0,0.0073566255159676075,3.000000106112566e-06
312,0.09632913768291473,0.00641684141010046,0.0715932697057724,0.05082530528306961,8594740.0,0.002834365237504244,0.10425735265016556,0.014346815645694733,0.11977819353342056,0.08592395484447479,26080656.0,0.007351811975240707,3.000000106112566e-06
313,0.09632378816604614,0.006414016243070364,0.07157447189092636,0.05080871284008026,8586384.0,0.0028332488145679235,0.10424279421567917,0.014334788545966148,0.1197279766201973,0.08588020503520966,26070600.0,0.007346995174884796,3.000000106112566e-06
314,0.09631842374801636,0.006411196198314428,0.07155574858188629,0.05079209432005882,8577999.0,0.002832131227478385,0.10422824323177338,0.01432277075946331,0.11967778205871582,0.0858364850282669,26060560.0,0.00734217744320631,3.000000106112566e-06
315,0.09631308168172836,0.006408384069800377,0.07153703272342682,0.05077545717358589,8569609.0,0.002831017132848501,0.10421373695135117,0.014310801401734352,0.11962775886058807,0.08579286187887192,26050466.0,0.007337369490414858,3.000000106112566e-06
316,0.09630773961544037,0.006405579391866922,0.0715184286236763,0.05075879395008087,8561202.0,0.0028299042023718357,0.10419926047325134,0.014298861846327782,0.11957784742116928,0.08574928343296051,26040402.0,0.007332570850849152,3.000000106112566e-06
317,0.09630241245031357,0.006402782164514065,0.07149982452392578,0.05074210837483406,8552773.0,0.002828791970387101,0.1041848212480545,0.014286957681179047,0.11952806264162064,0.08570578694343567,26030344.0,0.007327782455831766,3.000000106112566e-06
318,0.09629707783460617,0.006399994250386953,0.07148129492998123,0.05072540417313576,8544338.0,0.002827682998031378,0.10417038947343826,0.01427506934851408,0.11947832256555557,0.08566232025623322,26020238.0,0.007322990335524082,3.000000106112566e-06
319,0.09629174321889877,0.006397212389856577,0.07146278023719788,0.05070869252085686,8535895.0,0.0028265747241675854,0.10415597259998322,0.014263196848332882,0.11942862719297409,0.08561880886554718,26010090.0,0.007318197749555111,3.000000106112566e-06
320,0.09628643095493317,0.006394436117261648,0.07144436240196228,0.050691958516836166,8527431.0,0.0028254673816263676,0.10414156317710876,0.01425133366137743,0.1193789467215538,0.08557531237602234,25999880.0,0.007313406094908714,3.000000106112566e-06
321,0.09628111869096756,0.0063916705548763275,0.07142601162195206,0.05067521333694458,8518952.0,0.002824364695698023,0.10412715375423431,0.014239476062357426,0.11932927370071411,0.08553183823823929,25989642.0,0.007308604661375284,3.000000106112566e-06
322,0.09627581387758255,0.006388912908732891,0.07140762358903885,0.05065852776169777,8510523.0,0.002823262708261609,0.10411277413368225,0.014227647334337234,0.11927970498800278,0.08548839390277863,25979350.0,0.007303810212761164,3.000000106112566e-06
323,0.09627050906419754,0.006386159919202328,0.0713893249630928,0.050641823559999466,8502093.0,0.0028221611864864826,0.10409842431545258,0.014215841889381409,0.11923020333051682,0.08544498682022095,25969076.0,0.0072990222834050655,3.000000106112566e-06
324,0.09626521915197372,0.0063834162428975105,0.07137106359004974,0.050625115633010864,8493666.0,0.0028210622258484364,0.10408409684896469,0.014204072766005993,0.1191808432340622,0.08540167659521103,25958818.0,0.007294241338968277,3.000000106112566e-06
325,0.09625992178916931,0.006380678154528141,0.07135286927223206,0.05060839653015137,8485245.0,0.0028199641965329647,0.10406981408596039,0.014192339032888412,0.11913160234689713,0.08535841107368469,25948526.0,0.007289469242095947,3.000000106112566e-06
326,0.09625463932752609,0.00637794891372323,0.07133473455905914,0.05059164762496948,8476779.0,0.002818867564201355,0.10405552387237549,0.014180613681674004,0.11908238381147385,0.08531519025564194,25938232.0,0.007284698076546192,3.000000106112566e-06
327,0.09624935686588287,0.006375227589160204,0.07131665199995041,0.0505748987197876,8468314.0,0.0028177739586681128,0.10404127836227417,0.014168920926749706,0.11903327703475952,0.08527197688817978,25927906.0,0.007279934361577034,3.000000106112566e-06
328,0.09624408930540085,0.006372513715177774,0.07129854708909988,0.050558146089315414,8459858.0,0.0028166829142719507,0.10402704775333405,0.014157252386212349,0.11898425221443176,0.0852288156747818,25917510.0,0.007275170646607876,3.000000106112566e-06
329,0.09623882174491882,0.006369805429130793,0.07128060609102249,0.05054141581058502,8451423.0,0.0028155928011983633,0.10401282459497452,0.014145593158900738,0.1189352497458458,0.08518565446138382,25907098.0,0.007270406931638718,3.000000106112566e-06
330,0.0962335541844368,0.006367105059325695,0.07126262038946152,0.050524696707725525,8442987.0,0.002814504550769925,0.10399863123893738,0.014133957214653492,0.1188863217830658,0.08514255285263062,25896706.0,0.007265646941959858,3.000000106112566e-06
331,0.09622829407453537,0.006364410277456045,0.07124467194080353,0.050507985055446625,8434579.0,0.002813416300341487,0.10398445278406143,0.014122352935373783,0.11883750557899475,0.0850994661450386,25886234.0,0.0072608948685228825,3.000000106112566e-06
332,0.09622304141521454,0.006361722480505705,0.07122679799795151,0.050491392612457275,8426288.0,0.0028123310767114162,0.10397031158208847,0.014110780321061611,0.11878880858421326,0.08505648374557495,25875814.0,0.007256149314343929,3.000000106112566e-06
333,0.09621778875589371,0.006359042599797249,0.07120896130800247,0.05047479271888733,8417990.0,0.00281124678440392,0.1039561852812767,0.01409921795129776,0.11874012649059296,0.0850135087966919,25865364.0,0.007251404691487551,3.000000106112566e-06
334,0.09621254354715347,0.006356372963637114,0.0711912214756012,0.0504581555724144,8409654.0,0.0028101650532335043,0.10394208133220673,0.01408768817782402,0.1186915710568428,0.08497060835361481,25854890.0,0.007246668450534344,3.000000106112566e-06
335,0.09620730578899384,0.0063537065871059895,0.07117345929145813,0.050441522151231766,8401325.0,0.0028090851847082376,0.10392798483371735,0.01407616212964058,0.11864300072193146,0.08492770045995712,25844370.0,0.007241925690323114,3.000000106112566e-06
336,0.09620208293199539,0.006351050920784473,0.07115579396486282,0.05042486637830734,8392970.0,0.0028080071788281202,0.10391391813755035,0.014064677059650421,0.11859459429979324,0.08488485217094421,25833830.0,0.007237195037305355,3.000000106112566e-06
337,0.09619685262441635,0.0063483999110758305,0.07113814353942871,0.050408173352479935,8384590.5,0.00280692963860929,0.10389987379312515,0.01405321341007948,0.1185462474822998,0.08484248071908951,25823318.0,0.007232468109577894,3.000000106112566e-06
338,0.0961916446685791,0.006345755886286497,0.07112056016921997,0.05039149895310402,8376223.0,0.0028058544266968966,0.10388585925102234,0.014041781425476074,0.11849801987409592,0.08480013906955719,25812730.0,0.007227747235447168,3.000000106112566e-06
339,0.09618641436100006,0.0063431174494326115,0.07110299170017242,0.05037480965256691,8367845.0,0.002804781775921583,0.10387185961008072,0.014030353166162968,0.11844979226589203,0.08475779742002487,25802156.0,0.007223027292639017,3.000000106112566e-06
340,0.09618120640516281,0.006340485066175461,0.07108545303344727,0.050358060747385025,8359416.0,0.00280370912514627,0.1038578674197197,0.014018947258591652,0.11840163171291351,0.08471545577049255,25791522.0,0.007218309678137302,3.000000106112566e-06
341,0.09617599844932556,0.0063378652557730675,0.07106808573007584,0.05034136772155762,8351009.5,0.0028026418294757605,0.10384393483400345,0.014007599093019962,0.1183537021279335,0.08467327803373337,25780920.0,0.007213612552732229,3.000000106112566e-06
342,0.09617079794406891,0.006335247773677111,0.07105066627264023,0.05032460391521454,8342562.5,0.002801573369652033,0.1038300171494484,0.013996266759932041,0.11830581724643707,0.08463113009929657,25770282.0,0.0072089144960045815,3.000000106112566e-06
343,0.09616558998823166,0.006332638207823038,0.07103327661752701,0.05030786246061325,8334142.5,0.0028005074709653854,0.10381609946489334,0.013984939083456993,0.11825793236494064,0.08458897471427917,25759672.0,0.007204216439276934,3.000000106112566e-06
344,0.0961604043841362,0.006330032832920551,0.07101590931415558,0.05029107630252838,8325679.5,0.0027994411066174507,0.10380221158266068,0.013973644934594631,0.11821017414331436,0.08454688638448715,25749000.0,0.007199522573500872,3.000000106112566e-06
345,0.09615521878004074,0.006327440496534109,0.0709986686706543,0.050274308770895004,8317222.0,0.002798379398882389,0.1037883386015892,0.01396236289292574,0.11816244572401047,0.08450480550527573,25738334.0,0.007194835226982832,3.000000106112566e-06
346,0.09615003317594528,0.006324850022792816,0.07098142802715302,0.05025750398635864,8308735.5,0.0027973174583166838,0.10377451777458191,0.013951137661933899,0.11811493337154388,0.08446290343999863,25727658.0,0.0071901604533195496,3.000000106112566e-06
347,0.09614485502243042,0.006322266533970833,0.07096420228481293,0.05024075508117676,8300258.5,0.002796257846057415,0.1037607192993164,0.013939928263425827,0.11806747317314148,0.08442100882530212,25716976.0,0.007185489404946566,3.000000106112566e-06
348,0.09613967686891556,0.006319690030068159,0.07094703614711761,0.05022433027625084,8291758.5,0.00279520102776587,0.1037469282746315,0.013928738422691822,0.11802008002996445,0.08437914401292801,25706272.0,0.007180825341492891,3.000000106112566e-06
349,0.09613451361656189,0.006317120511084795,0.07092996686697006,0.05020803585648537,8283260.0,0.0027941439766436815,0.103733129799366,0.013917543925344944,0.11797264218330383,0.0843372493982315,25695548.0,0.0071761514991521835,3.000000106112566e-06
350,0.09612935036420822,0.006314560305327177,0.07091286033391953,0.05019192397594452,8274933.0,0.002793089719489217,0.10371936857700348,0.013906393200159073,0.11792536824941635,0.08429545909166336,25684814.0,0.007171491626650095,3.000000106112566e-06
351,0.09612418711185455,0.006312004756182432,0.07089583575725555,0.05017581582069397,8266626.0,0.0027920380234718323,0.10370565205812454,0.013895265758037567,0.11787818372249603,0.08425368368625641,25674032.0,0.007166836876422167,3.000000106112566e-06
352,0.09611904621124268,0.006309455260634422,0.07087890058755875,0.050159696489572525,8258300.0,0.0027909865602850914,0.1036919429898262,0.013884165324270725,0.11783108860254288,0.08421199023723602,25663260.0,0.007162189111113548,3.000000106112566e-06
353,0.0961138978600502,0.006306912750005722,0.07086197286844254,0.05014357343316078,8249971.0,0.002789938123896718,0.10367825627326965,0.013873089104890823,0.11778407543897629,0.08417035639286041,25652496.0,0.007157551124691963,3.000000106112566e-06
354,0.09610874205827713,0.006304374895989895,0.07084506750106812,0.05012741684913635,8241625.5,0.0027888899203389883,0.1036645844578743,0.013862023130059242,0.11773709207773209,0.0841287225484848,25641700.0,0.007152908481657505,3.000000106112566e-06
355,0.09610360860824585,0.006301849614828825,0.07082816958427429,0.050111327320337296,8233323.0,0.0027878452092409134,0.10365092754364014,0.013850986026227474,0.11769021302461624,0.08408717811107635,25630936.0,0.007148274686187506,3.000000106112566e-06
356,0.09609846770763397,0.006299328524619341,0.07081139087677002,0.05009543150663376,8225033.0,0.0027868016622960567,0.10363732278347015,0.013839987106621265,0.11764347553253174,0.08404571563005447,25620150.0,0.007143653463572264,3.000000106112566e-06
357,0.09609334915876389,0.006296813488006592,0.07079456746578217,0.05007963627576828,8216787.0,0.0027857578825205564,0.10362371802330017,0.013829011470079422,0.1175968199968338,0.08400431275367737,25609398.0,0.007139038294553757,3.000000106112566e-06
358,0.0960882157087326,0.006294306833297014,0.07077784836292267,0.05006393417716026,8208633.5,0.002784717595204711,0.10361017286777496,0.013818073086440563,0.11755029857158661,0.08396299928426743,25598640.0,0.007134436629712582,3.000000106112566e-06
359,0.09608309715986252,0.006291800644248724,0.07076115906238556,0.05004819482564926,8200454.0,0.002783677075058222,0.10359663516283035,0.013807157054543495,0.11750385910272598,0.08392175287008286,25587872.0,0.007129836827516556,3.000000106112566e-06
360,0.09607797861099243,0.006289304234087467,0.07074450701475143,0.050032734870910645,8192283.0,0.0027826393488794565,0.10358309000730515,0.013796237297356129,0.11745738238096237,0.08388044685125351,25577034.0,0.007125230971723795,3.000000106112566e-06
361,0.09607287496328354,0.006286815274506807,0.07072790712118149,0.050017353147268295,8184103.5,0.002781603252515197,0.10356960445642471,0.013785368762910366,0.11741110682487488,0.08383931964635849,25566224.0,0.00712064141407609,3.000000106112566e-06
362,0.09606777131557465,0.006284335162490606,0.07071131467819214,0.050001997500658035,8175945.0,0.0027805708814412355,0.10355609655380249,0.01377449557185173,0.1173647940158844,0.08379808813333511,25555348.0,0.007116047199815512,3.000000106112566e-06
363,0.09606266021728516,0.006281856447458267,0.07069484889507294,0.04998660832643509,8167764.5,0.002779537346214056,0.10354263335466385,0.013763661496341228,0.11731863021850586,0.08375702798366547,25544530.0,0.0071114664897322655,3.000000106112566e-06
364,0.09605756402015686,0.006279385648667812,0.07067827135324478,0.04997121915221214,8159578.5,0.0027785063721239567,0.1035291850566864,0.013752833008766174,0.11727247387170792,0.08371591567993164,25533682.0,0.007106884848326445,3.000000106112566e-06
365,0.09605246782302856,0.006276923697441816,0.07066185772418976,0.049955815076828,8151388.5,0.0027774772606790066,0.10351575911045074,0.013742043636739254,0.11722646653652191,0.08367491513490677,25522850.0,0.007102319970726967,3.000000106112566e-06
366,0.09604738652706146,0.006274468265473843,0.07064544409513474,0.04994041472673416,8143180.0,0.0027764514088630676,0.10350237786769867,0.013731289654970169,0.11718058586120605,0.08363399654626846,25511990.0,0.0070977602154016495,3.000000106112566e-06
367,0.09604229778051376,0.006272017490118742,0.07062909007072449,0.04992527514696121,8134956.5,0.0027754262555390596,0.10348902642726898,0.013720568269491196,0.11713483184576035,0.08359315246343613,25501148.0,0.007093213032931089,3.000000106112566e-06
368,0.09603722393512726,0.006269571837037802,0.07061280310153961,0.04991022124886513,8126725.0,0.0027744031976908445,0.10347568243741989,0.013709863647818565,0.11708912998437881,0.08355233073234558,25490274.0,0.007088668644428253,3.000000106112566e-06
369,0.09603215008974075,0.006267134100198746,0.07059650123119354,0.04989514499902725,8118485.5,0.0027733815368264914,0.10346236079931259,0.013699172995984554,0.11704346537590027,0.08351157605648041,25479372.0,0.00708412379026413,3.000000106112566e-06
370,0.09602709114551544,0.006264703813940287,0.07058028876781464,0.04988006129860878,8110225.5,0.0027723615057766438,0.10344904661178589,0.013688502833247185,0.11699787527322769,0.08347086608409882,25468484.0,0.007079585921019316,3.000000106112566e-06
371,0.09602201730012894,0.006262276787310839,0.07056407630443573,0.049864981323480606,8101981.5,0.0027713426388800144,0.10343576222658157,0.013677849434316158,0.1169523373246193,0.08343015611171722,25457560.0,0.007075049448758364,3.000000106112566e-06
372,0.09601695090532303,0.006259853485971689,0.07054790109395981,0.04984985664486885,8093715.0,0.0027703249361366034,0.10342250019311905,0.013667240738868713,0.11690697818994522,0.08338956534862518,25446622.0,0.00707052880898118,3.000000106112566e-06
373,0.09601188451051712,0.006257440894842148,0.07053180038928986,0.04983473941683769,8085426.5,0.00276931026019156,0.10340927541255951,0.013656657189130783,0.11686170101165771,0.08334903419017792,25435690.0,0.0070660170167684555,3.000000106112566e-06
374,0.096006840467453,0.0062550329603254795,0.07051572948694229,0.04981961473822594,8077142.5,0.0027682981453835964,0.10339605808258057,0.013646099716424942,0.11681652069091797,0.08330858498811722,25424790.0,0.007061513606458902,3.000000106112566e-06
375,0.09600178152322769,0.006252630148082972,0.07049963623285294,0.049804456532001495,8068851.5,0.002767286030575633,0.103382907807827,0.013635581359267235,0.11677148938179016,0.0832681953907013,25413906.0,0.007057023234665394,3.000000106112566e-06
376,0.09599675238132477,0.0062502347864210606,0.07048366218805313,0.04978931322693825,8060549.0,0.0027662760112434626,0.10336974263191223,0.0136250676587224,0.11672646552324295,0.08322785049676895,25402994.0,0.007052531465888023,3.000000106112566e-06
377,0.09599170088768005,0.006247846409678459,0.07046766579151154,0.04977418854832649,8052280.5,0.002765268087387085,0.10335657000541687,0.013614561408758163,0.11668144911527634,0.0831875428557396,25392088.0,0.007048036903142929,3.000000106112566e-06
378,0.09598667174577713,0.006245466880500317,0.07045171409845352,0.04975920915603638,8044146.5,0.0027642622590065002,0.1033434271812439,0.013604073785245419,0.1166364997625351,0.08314726501703262,25381222.0,0.007043550722301006,3.000000106112566e-06
379,0.09598163515329361,0.006243087816983461,0.0704357773065567,0.04974418133497238,8035989.0,0.0027632559649646282,0.10333032160997391,0.013593623414635658,0.1165916919708252,0.08310704678297043,25370282.0,0.00703907385468483,3.000000106112566e-06
380,0.09597659856081009,0.0062407199293375015,0.07041995972394943,0.049729183316230774,8027843.5,0.002762253163382411,0.1033172607421875,0.013583218678832054,0.11654706299304962,0.08306694030761719,25359344.0,0.007034613750874996,3.000000106112566e-06
381,0.09597158432006836,0.006238355301320553,0.07040414214134216,0.049714162945747375,8019668.5,0.0027612524572759867,0.10330422967672348,0.013572847470641136,0.1165025606751442,0.08302692323923111,25348380.0,0.007030163891613483,3.000000106112566e-06
382,0.09596656262874603,0.006235995329916477,0.07038839161396027,0.04969925805926323,8011620.5,0.002760254545137286,0.10329120606184006,0.013562488369643688,0.11645809561014175,0.08298692852258682,25337440.0,0.007025718688964844,3.000000106112566e-06
383,0.0959615409374237,0.006233641412109137,0.07037264853715897,0.04968439042568207,8003604.0,0.0027592566329985857,0.10327820479869843,0.013552146963775158,0.11641369014978409,0.08294699341058731,25326482.0,0.007021274883300066,3.000000106112566e-06
384,0.09595653414726257,0.006231291685253382,0.07035694271326065,0.04966950789093971,7995578.5,0.002758259419351816,0.1032652035355568,0.013541809283196926,0.11636927723884583,0.08290708065032959,25315542.0,0.007016830146312714,3.000000106112566e-06
385,0.09595152735710144,0.006228956393897533,0.07034125924110413,0.04965464398264885,7987570.0,0.0027572668623179197,0.10325221717357635,0.013531497679650784,0.11632496863603592,0.08286719769239426,25304616.0,0.007012396119534969,3.000000106112566e-06
386,0.0959465280175209,0.006226626690477133,0.07032562792301178,0.04963976517319679,7979544.5,0.0027562754694372416,0.1032392755150795,0.013521222397685051,0.11628079414367676,0.08282743394374847,25293698.0,0.007007973734289408,3.000000106112566e-06
387,0.09594152867794037,0.006224296987056732,0.07031004130840302,0.049624864012002945,7971510.0,0.0027552840765565634,0.10322635620832443,0.01351098157465458,0.11623674631118774,0.08278773725032806,25282792.0,0.007003563456237316,3.000000106112566e-06
388,0.09593654423952103,0.00622197799384594,0.07029449194669724,0.0496099628508091,7963464.5,0.0027542964089661837,0.10321347415447235,0.013500761240720749,0.1161927729845047,0.08274814486503601,25271858.0,0.006999157834798098,3.000000106112566e-06
389,0.09593154489994049,0.0062196580693125725,0.07027897983789444,0.049595046788454056,7955424.5,0.0027533075772225857,0.10320060700178146,0.013490580953657627,0.11614896357059479,0.08270857483148575,25260910.0,0.006994765717536211,3.000000106112566e-06
390,0.09592655301094055,0.0062173460610210896,0.07026349008083344,0.04958019778132439,7947368.5,0.0027523215394467115,0.10318776965141296,0.01348041370511055,0.11610518395900726,0.08266908675432205,25249970.0,0.006990376859903336,3.000000106112566e-06
391,0.0959215834736824,0.006215042434632778,0.0702480673789978,0.04956545680761337,7939291.5,0.002751338528469205,0.10317494720220566,0.013470270670950413,0.1160614937543869,0.08262963593006134,25239012.0,0.006985992193222046,3.000000106112566e-06
392,0.09591659903526306,0.006212741136550903,0.07023265212774277,0.04955071210861206,7931217.5,0.0027503552846610546,0.10316215455532074,0.013460156507790089,0.1160179153084755,0.08259027451276779,25228056.0,0.006981618702411652,3.000000106112566e-06
393,0.09591161459684372,0.006210447289049625,0.0702173262834549,0.04953595623373985,7923128.5,0.002749375533312559,0.10314936190843582,0.013450050726532936,0.11597435176372528,0.08255094289779663,25217098.0,0.006977242883294821,3.000000106112566e-06
394,0.09590665251016617,0.006208158563822508,0.07020191103219986,0.04952153190970421,7915041.0,0.0027483960147947073,0.10313660651445389,0.013439977541565895,0.11593091487884521,0.08251167833805084,25206140.0,0.006972883362323046,3.000000106112566e-06
395,0.09590169042348862,0.006205881480127573,0.07018671184778214,0.049507152289152145,7906985.0,0.002747420221567154,0.10312385857105255,0.01342992577701807,0.11588755995035172,0.08247245103120804,25195204.0,0.006968527566641569,3.000000106112566e-06
396,0.09589672833681107,0.006203603930771351,0.07017140090465546,0.04949274659156799,7898906.5,0.0027464444283396006,0.1031111478805542,0.013419900089502335,0.11584429442882538,0.08243335038423538,25184276.0,0.006964180152863264,3.000000106112566e-06
397,0.09589175879955292,0.006201332900673151,0.07015615701675415,0.04947837442159653,7890872.5,0.002745470032095909,0.10309848189353943,0.013409920036792755,0.11580120772123337,0.0823943018913269,25173316.0,0.006959852296859026,3.000000106112566e-06
398,0.09588680416345596,0.006199070252478123,0.07014100253582001,0.04946398735046387,7882813.5,0.0027444991283118725,0.10308581590652466,0.013399947434663773,0.11575814336538315,0.0823553055524826,25162390.0,0.006955522578209639,3.000000106112566e-06
399,0.0958818569779396,0.006196809932589531,0.07012581080198288,0.049449604004621506,7874762.0,0.002743528923019767,0.10307316482067108,0.013389993458986282,0.1157151386141777,0.08231634646654129,25151428.0,0.006951197516173124,3.000000106112566e-06
400,0.09587691724300385,0.006194558460265398,0.0701107531785965,0.04943526163697243,7866750.5,0.0027425619773566723,0.10306054353713989,0.013380064629018307,0.11567223072052002,0.08227746933698654,25140476.0,0.006946880370378494,3.000000106112566e-06
401,0.0958719551563263,0.006192306987941265,0.07009561359882355,0.04942090064287186,7858729.5,0.002741593401879072,0.10304795205593109,0.01337017398327589,0.11562947183847427,0.08223868161439896,25129522.0,0.0069425757974386215,3.000000106112566e-06
402,0.09586701542139053,0.006190066691488028,0.07008059322834015,0.04940655827522278,7850728.0,0.002740629483014345,0.10303538292646408,0.013360299170017242,0.11558675765991211,0.08219993114471436,25118558.0,0.0069382768124341965,3.000000106112566e-06
403,0.09586208313703537,0.006187829654663801,0.07006554305553436,0.04939219355583191,7842712.0,0.002739665796980262,0.10302282869815826,0.013350442051887512,0.11554411053657532,0.08216127008199692,25107650.0,0.0069339824840426445,3.000000106112566e-06
404,0.0958571657538414,0.006185600534081459,0.07005061209201813,0.04937783628702164,7834692.5,0.0027387039735913277,0.10301028937101364,0.013340609148144722,0.11550155282020569,0.08212263882160187,25096756.0,0.006929697468876839,3.000000106112566e-06
405,0.09585223346948624,0.006183376535773277,0.0700356736779213,0.04936346411705017,7826671.0,0.0027377435471862555,0.1029977947473526,0.013330814428627491,0.115459144115448,0.08208413422107697,25085874.0,0.006925425957888365,3.000000106112566e-06
406,0.09584730118513107,0.006181156728416681,0.07002075761556625,0.04934907332062721,7818633.0,0.0027367849834263325,0.10298531502485275,0.013321044854819775,0.11541683226823807,0.08204568922519684,25074962.0,0.00692116329446435,3.000000106112566e-06
407,0.0958423912525177,0.0061789462342858315,0.07000590860843658,0.049334701150655746,7810598.5,0.0027358289808034897,0.1029728427529335,0.013311284594237804,0.11537454277276993,0.08200724422931671,25064052.0,0.006916902493685484,3.000000106112566e-06
408,0.09583746641874313,0.006176738999783993,0.06999105215072632,0.04932029917836189,7802552.0,0.0027348739095032215,0.10296041518449783,0.013301560655236244,0.11533239483833313,0.08196891844272614,25053134.0,0.006912653334438801,3.000000106112566e-06
409,0.09583255648612976,0.0061745354905724525,0.06997628509998322,0.04930590093135834,7794502.5,0.0027339213993400335,0.10294799506664276,0.0132918581366539,0.1152903214097023,0.08193062990903854,25042224.0,0.006908410228788853,3.000000106112566e-06
410,0.09582763910293579,0.006172338034957647,0.06996150314807892,0.049291498959064484,7786452.5,0.002732970053330064,0.10293560475111008,0.013282177969813347,0.11524832993745804,0.08189243078231812,25031320.0,0.006904175505042076,3.000000106112566e-06
411,0.09582273662090302,0.006170146632939577,0.0699467882514,0.04927706718444824,7778383.5,0.002732020104303956,0.10292322188615799,0.013272515498101711,0.11520640552043915,0.08185426145792007,25020422.0,0.0068999468348920345,3.000000106112566e-06
412,0.09581784158945084,0.0061679622158408165,0.06993205845355988,0.04926266893744469,7770324.0,0.0027310720179229975,0.10291086882352829,0.013262885622680187,0.11516460031270981,0.08181619644165039,25009552.0,0.006895728409290314,3.000000106112566e-06
413,0.09581294655799866,0.006165786646306515,0.06991741806268692,0.04924824461340904,7762253.0,0.00273012719117105,0.10289853811264038,0.01325327530503273,0.11512286961078644,0.08177819848060608,24998700.0,0.006891515571624041,3.000000106112566e-06
414,0.09580804407596588,0.006163607817143202,0.06990274786949158,0.0492338091135025,7754184.5,0.00272918026894331,0.10288625955581665,0.013243712484836578,0.11508133262395859,0.08174028247594833,24987816.0,0.006887323223054409,3.000000106112566e-06
415,0.0958031564950943,0.006161441560834646,0.0698881596326828,0.04921936243772507,7746086.0,0.0027282394003123045,0.10287398099899292,0.013234150595963001,0.11503978073596954,0.08170238882303238,24976920.0,0.006883127149194479,3.000000106112566e-06
416,0.09579826891422272,0.006159276235848665,0.06987360864877701,0.04920492693781853,7738009.5,0.0027272976003587246,0.10286170989274979,0.01322461012750864,0.11499830335378647,0.0816645696759224,24966064.0,0.006878938991576433,3.000000106112566e-06
417,0.09579338133335114,0.006157116964459419,0.0698590874671936,0.049190472811460495,7729917.0,0.0027263578958809376,0.10284946858882904,0.013215100392699242,0.11495695263147354,0.08162683248519897,24955176.0,0.0068747601471841335,3.000000106112566e-06
418,0.09578850120306015,0.006154967937618494,0.06984461098909378,0.04917602613568306,7721811.0,0.002725421916693449,0.10283726453781128,0.01320562232285738,0.11491572111845016,0.08158916980028152,24944316.0,0.006870593409985304,3.000000106112566e-06
419,0.09578362852334976,0.0061528184451162815,0.06983013451099396,0.04916156083345413,7713715.5,0.002724485006183386,0.10282504558563232,0.013196137733757496,0.1148744449019432,0.08155146986246109,24933422.0,0.006866422947496176,3.000000106112566e-06
420,0.09577874839305878,0.006150675937533379,0.06981576234102249,0.0491471067070961,7705620.0,0.002723551355302334,0.10281286388635635,0.013186694122850895,0.11483333259820938,0.0815138965845108,24922550.0,0.006862265523523092,3.000000106112566e-06
421,0.09577387571334839,0.006148541811853647,0.06980136036872864,0.04913264885544777,7697511.0,0.0027226207312196493,0.10280072689056396,0.013177294284105301,0.11479239910840988,0.08147643506526947,24911686.0,0.006858127657324076,3.000000106112566e-06
422,0.0957690104842186,0.0061464072205126286,0.06978701055049896,0.049118150025606155,7689377.0,0.0027216889429837465,0.10278860479593277,0.013167894445359707,0.11475144326686859,0.08143897354602814,24900822.0,0.0068539842031896114,3.000000106112566e-06
423,0.0957641527056694,0.006144281942397356,0.0697726234793663,0.04910367354750633,7681263.0,0.002720759715884924,0.10277649760246277,0.013158532790839672,0.11471065133810043,0.08140169084072113,24890032.0,0.006849858444184065,3.000000106112566e-06
424,0.09575928747653961,0.006142161786556244,0.0697583332657814,0.04908919334411621,7673149.5,0.002719832118600607,0.10276442021131516,0.013149193488061428,0.11466993391513824,0.08136441558599472,24879200.0,0.006845738273113966,3.000000106112566e-06
425,0.09575442969799042,0.006140048149973154,0.06974413245916367,0.04907471686601639,7665034.0,0.0027189068496227264,0.10275234282016754,0.01313986536115408,0.11462925374507904,0.08132721483707428,24868414.0,0.006841623689979315,3.000000106112566e-06
426,0.09574957937002182,0.006137939635664225,0.06972987949848175,0.04906024783849716,7656924.0,0.002717982279136777,0.10274029523134232,0.013130567036569118,0.11458868533372879,0.08129004389047623,24857584.0,0.00683751842007041,3.000000106112566e-06
427,0.09574472159147263,0.006135834846645594,0.06971564143896103,0.049045756459236145,7648800.0,0.0027170602697879076,0.10272827744483948,0.013121292926371098,0.1145482137799263,0.08125296980142593,24846786.0,0.006833420135080814,3.000000106112566e-06
428,0.09573987871408463,0.006133736111223698,0.06970153748989105,0.04903125762939453,7640658.5,0.002716139890253544,0.10271628946065903,0.013112046755850315,0.11450784653425217,0.08121594041585922,24835996.0,0.006829335354268551,3.000000106112566e-06
429,0.09573504328727722,0.0061316401697695255,0.06968734413385391,0.04901675879955292,7632533.0,0.002715220209211111,0.10270431637763977,0.013102825731039047,0.1144675761461258,0.08117903023958206,24825222.0,0.00682525709271431,3.000000106112566e-06
430,0.09573019295930862,0.006129549816250801,0.06967327743768692,0.0490022636950016,7624392.5,0.0027142963372170925,0.10269235819578171,0.01309362892061472,0.11442739516496658,0.0811421275138855,24814388.0,0.006821185816079378,3.000000106112566e-06
431,0.09572535753250122,0.006127467844635248,0.06965919584035873,0.04898775368928909,7616245.5,0.0027133740950375795,0.10268045216798782,0.013084464706480503,0.11438734829425812,0.08110534399747849,24803594.0,0.006817127112299204,3.000000106112566e-06
432,0.09572052955627441,0.006125387270003557,0.06964518129825592,0.048973243683576584,7608103.5,0.0027124511543661356,0.10266853868961334,0.013075318187475204,0.11434736102819443,0.08106864243745804,24792836.0,0.0068130758590996265,3.000000106112566e-06
433,0.09571570158004761,0.0061233132146298885,0.06963108479976654,0.048958733677864075,7599958.5,0.0027115303091704845,0.10265664011240005,0.013066167943179607,0.11430733650922775,0.0810319110751152,24782070.0,0.0068090190179646015,3.000000106112566e-06
434,0.0957108736038208,0.006121248006820679,0.06961721181869507,0.048944249749183655,7591832.0,0.002710612490773201,0.10264478623867035,0.013057068921625614,0.11426753550767899,0.08099529892206192,24771296.0,0.006804985459893942,3.000000106112566e-06
435,0.09570606052875519,0.006119185127317905,0.06960321962833405,0.04892975464463234,7583681.5,0.002709695603698492,0.10263292491436005,0.013047974556684494,0.11422773450613022,0.08095870167016983,24760524.0,0.006800951436161995,3.000000106112566e-06
436,0.09570124000310898,0.006117129698395729,0.06958934664726257,0.04891524091362953,7575531.0,0.0027087812777608633,0.10262110829353333,0.013038914650678635,0.1141880676150322,0.08092225342988968,24749782.0,0.006796928588300943,3.000000106112566e-06
437,0.09569641202688217,0.006115073338150978,0.0695754885673523,0.04890075698494911,7567401.5,0.0027078664861619473,0.1026092916727066,0.01302986778318882,0.11414844542741776,0.08088582009077072,24739052.0,0.00679290946573019,3.000000106112566e-06
438,0.09569160640239716,0.006113029085099697,0.06956162303686142,0.0488862544298172,7559252.5,0.0027069556526839733,0.10259749740362167,0.013020845130085945,0.11410892009735107,0.08084945380687714,24728270.0,0.006788897328078747,3.000000106112566e-06
439,0.09568680077791214,0.006110986229032278,0.06954781711101532,0.04887174442410469,7551107.0,0.0027060452848672867,0.10258574783802032,0.013011857867240906,0.11406952887773514,0.08081318438053131,24717550.0,0.00678489962592721,3.000000106112566e-06
440,0.09568199515342712,0.006108948495239019,0.06953401863574982,0.048857253044843674,7542970.0,0.0027051365468651056,0.10257402807474136,0.013002906925976276,0.11403028666973114,0.0807771161198616,24706932.0,0.006780918687582016,3.000000106112566e-06
441,0.0956771969795227,0.006106916815042496,0.06952028721570969,0.048842739313840866,7534814.0,0.002704230137169361,0.10256233811378479,0.012993992306292057,0.11399119347333908,0.08074136078357697,24696500.0,0.006776949856430292,3.000000106112566e-06
442,0.09567238390445709,0.006104886531829834,0.06950658559799194,0.04882824420928955,7526667.0,0.002703324658796191,0.10255064815282822,0.01298507396131754,0.11395207047462463,0.08070553839206696,24686018.0,0.006772975903004408,3.000000106112566e-06
443,0.09566757827997208,0.0061028627678751945,0.0694928765296936,0.048813704401254654,7518495.5,0.002702420810237527,0.10253895819187164,0.012976163066923618,0.11391296237707138,0.08066970854997635,24675522.0,0.0067690033465623856,3.000000106112566e-06
444,0.09566278010606766,0.00610084505751729,0.06947928667068481,0.04879920557141304,7510344.5,0.0027015195228159428,0.10252729803323746,0.012967279180884361,0.11387395858764648,0.08063403517007828,24665090.0,0.0067650447599589825,3.000000106112566e-06
445,0.09565799683332443,0.00609883526340127,0.06946565955877304,0.048784688115119934,7502174.5,0.002700620098039508,0.10251566767692566,0.012958434410393238,0.11383511871099472,0.08059843629598618,24654642.0,0.006761097814887762,3.000000106112566e-06
446,0.09565320611000061,0.006096825934946537,0.06945201754570007,0.048770174384117126,7494020.0,0.0026997211389243603,0.10250405222177505,0.012949601747095585,0.11379631608724594,0.08056286722421646,24644222.0,0.006757157389074564,3.000000106112566e-06
447,0.09564842283725739,0.006094825454056263,0.06943845003843307,0.048755668103694916,7485856.0,0.0026988256722688675,0.10249246656894684,0.012940800748765469,0.11375764012336731,0.08052737265825272,24633798.0,0.006753226742148399,3.000000106112566e-06
448,0.09564364701509476,0.006092826835811138,0.06942493468523026,0.048741161823272705,7477699.0,0.002697930671274662,0.10248091071844101,0.012932022102177143,0.11371904611587524,0.08049222826957703,24623656.0,0.006749305408447981,3.000000106112566e-06
449,0.09563884884119034,0.006090836133807898,0.06941144913434982,0.04872666299343109,7469546.0,0.0026970384642481804,0.10246937721967697,0.012923275120556355,0.11368058621883392,0.08045722544193268,24613574.0,0.006745398975908756,3.000000106112566e-06
450,0.0956340804696083,0.006088847294449806,0.06939788162708282,0.048712149262428284,7461392.0,0.0026961462572216988,0.10245785117149353,0.012914551421999931,0.11364220827817917,0.08042225241661072,24603494.0,0.006741499528288841,3.000000106112566e-06
451,0.09562931209802628,0.00608686450868845,0.06938451528549194,0.048697635531425476,7453228.5,0.0026952559128403664,0.10244637727737427,0.012905868701636791,0.11360400170087814,0.0803874209523201,24593426.0,0.006737617310136557,3.000000106112566e-06
452,0.09562453627586365,0.006084884982556105,0.06937108933925629,0.04868311062455177,7445051.5,0.002694368129596114,0.10243488848209381,0.012897167354822159,0.11356569826602936,0.08035248517990112,24583266.0,0.006733720190823078,3.000000106112566e-06
453,0.09561977535486221,0.006082914303988218,0.0693577229976654,0.04866863042116165,7436901.0,0.002693483140319586,0.10242341458797455,0.012888487428426743,0.11352747678756714,0.08031763881444931,24573128.0,0.0067298319190740585,3.000000106112566e-06
454,0.09561499953269958,0.006080945022404194,0.0693444237112999,0.048654116690158844,7428728.0,0.0026925988495349884,0.10241197794675827,0.012879859656095505,0.11348947137594223,0.08028294891119003,24563022.0,0.006725963670760393,3.000000106112566e-06
455,0.09561023861169815,0.006078983657062054,0.0693310797214508,0.04863962531089783,7420571.0,0.002691717119887471,0.10240055620670319,0.01287123467773199,0.11345146596431732,0.08024827390909195,24552918.0,0.006722099147737026,3.000000106112566e-06
456,0.09560549259185791,0.006077023223042488,0.0693177655339241,0.04862511157989502,7412402.5,0.0026908351574093103,0.10238915681838989,0.01286263670772314,0.11341356486082077,0.08021368086338043,24542866.0,0.0067182439379394054,3.000000106112566e-06
457,0.09560073167085648,0.006075072102248669,0.06930448114871979,0.04861078038811684,7404254.5,0.0026899436488747597,0.10237780213356018,0.012854082509875298,0.11337584257125854,0.08017920702695847,24532842.0,0.006714407354593277,3.000000106112566e-06
458,0.09559597820043564,0.006073121912777424,0.06929130852222443,0.0485965870320797,7396099.0,0.0026890519075095654,0.10236643999814987,0.012845526449382305,0.11333810538053513,0.0801447331905365,24522796.0,0.00671056704595685,3.000000106112566e-06
459,0.0955912321805954,0.006071180570870638,0.06927809864282608,0.04858238250017166,7387952.5,0.0026881631929427385,0.10235511511564255,0.0128370001912117,0.11330048739910126,0.0801103487610817,24512740.0,0.006706736516207457,3.000000106112566e-06
460,0.09558649361133575,0.0060692415572702885,0.06926490366458893,0.04856817424297333,7379789.5,0.002687276341021061,0.10234380513429642,0.012828506529331207,0.11326299607753754,0.08007608354091644,24502752.0,0.006702921353280544,3.000000106112566e-06
461,0.09558174759149551,0.006067308131605387,0.06925179064273834,0.04855396971106529,7371636.0,0.0026863899547606707,0.10233252495527267,0.012820042669773102,0.11322562396526337,0.08004187047481537,24492726.0,0.006699120160192251,3.000000106112566e-06
462,0.09557698667049408,0.006065376568585634,0.06923864781856537,0.04853976145386696,7363476.0,0.002685505896806717,0.10232125967741013,0.012811592780053616,0.11318830400705338,0.08000771701335907,24482684.0,0.006695316638797522,3.000000106112566e-06
463,0.09557225555181503,0.006063451059162617,0.06922557950019836,0.04852557182312012,7355326.0,0.0026846237014979124,0.10230999439954758,0.012803141959011555,0.11315096914768219,0.07997351139783859,24472646.0,0.006691516377031803,3.000000106112566e-06
464,0.09556751698255539,0.006061531603336334,0.06921252608299255,0.04851139336824417,7347191.0,0.0026837438344955444,0.10229876637458801,0.012794721871614456,0.11311375349760056,0.07993946969509125,24462646.0,0.006687725894153118,3.000000106112566e-06
465,0.09556279331445694,0.006059616804122925,0.06919945776462555,0.04849721118807793,7339050.0,0.0026828651316463947,0.10228754580020905,0.012786327861249447,0.11307664960622787,0.07990546524524689,24452642.0,0.006683945655822754,3.000000106112566e-06
466,0.0955580621957779,0.00605770805850625,0.0691864937543869,0.04848305135965347,7330909.5,0.0026819887571036816,0.10227636992931366,0.012777966447174549,0.11303966492414474,0.07987160235643387,24442680.0,0.0066801803186535835,3.000000106112566e-06
467,0.09555334597826004,0.0060558016411960125,0.06917352974414825,0.04846889153122902,7322795.5,0.002681114012375474,0.10226520895957947,0.01276963297277689,0.11300279945135117,0.07983779907226562,24432722.0,0.006676423829048872,3.000000106112566e-06
468,0.095548614859581,0.006053899880498648,0.0691605880856514,0.048454709351062775,7314656.0,0.0026802399661391973,0.10225406289100647,0.01276131346821785,0.11296598613262177,0.07980404049158096,24422764.0,0.006672675255686045,3.000000106112566e-06
469,0.09554389864206314,0.00605200557038188,0.06914770603179932,0.048440564423799515,7306542.0,0.0026793682482093573,0.10224293917417526,0.012753008864820004,0.11292921751737595,0.07977031171321869,24412818.0,0.006668925751000643,3.000000106112566e-06
470,0.0955391675233841,0.006050112657248974,0.06913482397794724,0.04842638969421387,7298398.5,0.0026784976944327354,0.10223182290792465,0.01274472288787365,0.1128925308585167,0.07973664253950119,24402846.0,0.006665186025202274,3.000000106112566e-06
471,0.09553445875644684,0.006048225797712803,0.06912198662757874,0.048412248492240906,7290284.5,0.00267762946896255,0.10222073644399643,0.012736462987959385,0.1128559410572052,0.07970310747623444,24392942.0,0.006661457009613514,3.000000106112566e-06
472,0.09552974998950958,0.006046342197805643,0.06910912692546844,0.04839812219142914,7282186.0,0.0026767628733068705,0.1022096797823906,0.01272824127227068,0.11281950771808624,0.0796697810292244,24383160.0,0.006657742895185947,3.000000106112566e-06
473,0.09552504122257233,0.006044463254511356,0.06909629702568054,0.048383988440036774,7274093.0,0.0026758976746350527,0.10219864547252655,0.012720034457743168,0.11278312653303146,0.0796365886926651,24373482.0,0.006654035300016403,3.000000106112566e-06
474,0.09552033245563507,0.006042589899152517,0.0690835565328598,0.0483698733150959,7266002.5,0.002675034571439028,0.1021876186132431,0.01271185465157032,0.11274686455726624,0.07960346341133118,24363782.0,0.0066503360867500305,3.000000106112566e-06
475,0.09551563113927841,0.006040720734745264,0.06907080113887787,0.048355765640735626,7257920.5,0.002674172865226865,0.10217663645744324,0.012703701853752136,0.11271069943904877,0.07957044243812561,24354114.0,0.006646646186709404,3.000000106112566e-06
476,0.09551092982292175,0.006038859020918608,0.06905815750360489,0.048341650515794754,7249822.0,0.0026733139529824257,0.10216566920280457,0.012695570476353168,0.11267462372779846,0.07953747361898422,24344472.0,0.006642969325184822,3.000000106112566e-06
477,0.0955062210559845,0.006036997772753239,0.06904546171426773,0.04832753911614418,7241743.0,0.002672454807907343,0.10215470939874649,0.012687452137470245,0.11263859272003174,0.07950455695390701,24334796.0,0.0066392915323376656,3.000000106112566e-06
478,0.09550152719020844,0.006035143975168467,0.06903281062841415,0.048313453793525696,7233661.0,0.0026715989224612713,0.10214374959468842,0.01267934124916792,0.1126025840640068,0.0794716402888298,24325136.0,0.006635616067796946,3.000000106112566e-06
479,0.09549682587385178,0.0060332887805998325,0.06902017444372177,0.048299334943294525,7225557.5,0.0026707432698458433,0.10213281959295273,0.012671256437897682,0.11256667226552963,0.07943885028362274,24315494.0,0.006631953176110983,3.000000106112566e-06
480,0.09549213945865631,0.006031444296240807,0.06900756806135178,0.048285260796546936,7217503.5,0.002669890644028783,0.10212192684412003,0.01266320701688528,0.112530916929245,0.07940613478422165,24305860.0,0.006628303322941065,3.000000106112566e-06
481,0.09548745304346085,0.006029603537172079,0.06899497658014297,0.04827117174863815,7209410.5,0.0026690405793488026,0.10211104154586792,0.012655166909098625,0.11249518394470215,0.07937342673540115,24296232.0,0.00662465812638402,3.000000106112566e-06
482,0.09548276662826538,0.0060277655720710754,0.06898245960474014,0.04825710132718086,7201359.0,0.0026681902818381786,0.10210017114877701,0.012647157534956932,0.11245958507061005,0.0793408676981926,24286648.0,0.0066210259683430195,3.000000106112566e-06
483,0.09547808021306992,0.0060259331949055195,0.06896992027759552,0.04824313893914223,7193402.5,0.002667341846972704,0.10208933055400848,0.01263916864991188,0.11242406070232391,0.07930834591388702,24277064.0,0.006617399398237467,3.000000106112566e-06
484,0.09547340869903564,0.006024107802659273,0.06895744800567627,0.048229195177555084,7185447.0,0.002666496206074953,0.10207851231098175,0.012631208635866642,0.11238864809274673,0.0792759358882904,24267524.0,0.0066137854009866714,3.000000106112566e-06
485,0.09546872973442078,0.006022285204380751,0.06894495338201523,0.04821522906422615,7177496.0,0.002665651962161064,0.10206771641969681,0.012623257003724575,0.11235326528549194,0.07924347370862961,24257936.0,0.006610173732042313,3.000000106112566e-06
486,0.09546405076980591,0.006020464934408665,0.06893253326416016,0.04820127785205841,7169554.0,0.002664808416739106,0.10205695778131485,0.012615353800356388,0.11231809109449387,0.07921121269464493,24248364.0,0.0066065797582268715,3.000000106112566e-06
487,0.09545937925577164,0.006018646061420441,0.06892014294862747,0.048187315464019775,7161596.5,0.002663965569809079,0.1020461916923523,0.012607456184923649,0.11228293180465698,0.07917895913124084,24238834.0,0.0066029904410243034,3.000000106112566e-06
488,0.09545470029115677,0.006016836501657963,0.06890776008367538,0.04817337542772293,7153650.0,0.0026631271466612816,0.10203544050455093,0.012599566020071507,0.11224778741598129,0.07914675772190094,24229294.0,0.00659940205514431,3.000000106112566e-06
489,0.0954500287771225,0.006015034858137369,0.06889541447162628,0.04815947264432907,7145712.0,0.002662291284650564,0.10202472656965256,0.0125917112454772,0.11221279203891754,0.0791146382689476,24219732.0,0.0065958257764577866,3.000000106112566e-06
490,0.09544537216424942,0.006013232748955488,0.06888309121131897,0.04814552143216133,7137746.0,0.002661454724147916,0.10201400518417358,0.012583859264850616,0.11217780411243439,0.07908251136541367,24210180.0,0.006592250894755125,3.000000106112566e-06
491,0.09544070065021515,0.006011432036757469,0.06887079030275345,0.04813162237405777,7129840.5,0.0026606195606291294,0.1020033210515976,0.012576043605804443,0.11214295774698257,0.07905056327581406,24200678.0,0.006588693708181381,3.000000106112566e-06
492,0.09543603658676147,0.006009641103446484,0.06885857880115509,0.048117779195308685,7121964.5,0.002659787656739354,0.1019926518201828,0.01256825216114521,0.11210821568965912,0.07901861518621445,24191156.0,0.00658514304086566,3.000000106112566e-06
493,0.0954313799738884,0.006007850635796785,0.06884630769491196,0.04810392111539841,7114104.5,0.002658955520018935,0.1019820049405098,0.012560470961034298,0.11207350343465805,0.0789867490530014,24181682.0,0.006581596564501524,3.000000106112566e-06
494,0.09542673081159592,0.006006067153066397,0.06883406639099121,0.04809010401368141,7106261.5,0.002658126875758171,0.10197138041257858,0.012552721425890923,0.11203892529010773,0.07895497977733612,24172208.0,0.0065780640579760075,3.000000106112566e-06
495,0.09542206674814224,0.00600429018959403,0.06882190704345703,0.04807627946138382,7098412.5,0.0026572998613119125,0.10196079313755035,0.01254500076174736,0.11200446635484695,0.0789233073592186,24162760.0,0.006574541795998812,3.000000106112566e-06
496,0.09541741758584976,0.006002513226121664,0.06880975514650345,0.04806245490908623,7090566.0,0.0026564733125269413,0.10195020586252213,0.012537291273474693,0.11197004467248917,0.07889162003993988,24153290.0,0.006571024656295776,3.000000106112566e-06
497,0.09541276097297668,0.006000740919262171,0.06879759579896927,0.04804864153265953,7082715.5,0.002655649557709694,0.10193964838981628,0.012529607862234116,0.11193572729825974,0.07886005938053131,24143840.0,0.0065675158984959126,3.000000106112566e-06
498,0.0954081267118454,0.0059989760629832745,0.06878548860549927,0.048034824430942535,7074869.5,0.002654828131198883,0.10192909091711044,0.012521947734057903,0.11190150678157806,0.0788285955786705,24134398.0,0.0065640173852443695,3.000000106112566e-06
499,0.09540349245071411,0.005997213535010815,0.06877341121435165,0.04802100360393524,7067021.5,0.0026540071703493595,0.10191857069730759,0.012514302507042885,0.11186734586954117,0.07879713177680969,24124956.0,0.006560523062944412,3.000000106112566e-06
500,0.09539883583784103,0.005995451472699642,0.06876132637262344,0.048007190227508545,7059176.0,0.0026531866751611233,0.10190804302692413,0.012506658211350441,0.11183317005634308,0.07876571267843246,24115550.0,0.006557029206305742,3.000000106112566e-06
