DATE_TIME,TIME_SIN,TIME_COS,IRRADIATION,AMBIENT_TEMPERATURE,MODULE_TEMPERATURE,DC_POWER
2020-05-15 00:00:00,0.0,1.0,0.0,0.3323808783908717,0.10341988407648312,0.0
2020-05-15 00:15:00,0.06540312923014306,0.9978589232386035,0.0,0.32558497141668363,0.08964139292282564,0.0
2020-05-15 00:30:00,0.13052619222005157,0.9914448613738104,0.0,0.3146878097562944,0.0897583086012334,0.0
2020-05-15 00:45:00,0.19509032201612825,0.9807852804032304,0.0,0.30473858404910215,0.08961570364054844,0.0
2020-05-15 01:00:00,0.25881904510252074,0.9659258262890683,0.0,0.30997778436064993,0.10401123674316243,0.0
2020-05-15 01:15:00,0.3214394653031616,0.9469301294951057,0.0,0.30540479188849834,0.10896605973018397,0.0
2020-05-15 01:30:00,0.3826834323650898,0.9238795325112867,0.0,0.30439592016186157,0.10679277247162494,0.0
2020-05-15 01:45:00,0.4422886902190013,0.8968727415326883,0.0,0.30034264233463315,0.10351204137393571,0.0
2020-05-15 02:00:00,0.49999999999999994,0.8660254037844387,0.0,0.2993303161410539,0.09545540434202332,0.0
2020-05-15 02:15:00,0.5555702330196022,0.8314696123025452,0.0,0.2896880393199157,0.09260903358595612,0.0
2020-05-15 02:30:00,0.6087614290087207,0.7933533402912352,0.0,0.29156974977721584,0.09094690762690077,0.0
2020-05-15 02:45:00,0.6593458151000688,0.7518398074789774,0.0,0.29362174719180323,0.09108258703373423,0.0
2020-05-15 03:00:00,0.7071067811865476,0.7071067811865476,0.0,0.2952897433234578,0.0914619509745433,0.0
2020-05-15 03:15:00,0.7518398074789773,0.659345815100069,0.0,0.28599444103695815,0.09337927299010157,0.0
2020-05-15 03:30:00,0.7933533402912352,0.6087614290087207,0.0,0.28159676093459907,0.09782424269870499,0.0
2020-05-15 03:45:00,0.8314696123025452,0.5555702330196023,0.0,0.27736438541921515,0.09365142716605618,0.0
2020-05-15 04:00:00,0.8660254037844386,0.5000000000000001,0.0,0.26069191722563057,0.09404739919948829,0.0
2020-05-15 04:15:00,0.8968727415326884,0.44228869021900125,0.0,0.25688100533099867,0.09721676386147754,0.0
2020-05-15 04:30:00,0.9238795325112867,0.38268343236508984,0.0,0.24889511752743476,0.09772453310330625,0.0
2020-05-15 04:45:00,0.9469301294951057,0.3214394653031615,0.0,0.235127333503653,0.08996563647484684,0.0
2020-05-15 05:00:00,0.9659258262890683,0.25881904510252074,0.0,0.22891364209561305,0.08279896197812403,0.0
2020-05-15 05:15:00,0.9807852804032304,0.19509032201612833,0.0,0.2275025919829794,0.07832745187746265,0.0
2020-05-15 05:30:00,0.9914448613738104,0.1305261922200517,0.0,0.21791369750282796,0.07708182633999133,0.0
2020-05-15 05:45:00,0.9978589232386035,0.06540312923014305,0.0025829470449353228,0.20828095500036792,0.07594297437856928,0.0
2020-05-15 06:00:00,1.0,6.123233995736766e-17,0.01179684995177664,0.20836389516610154,0.08220915583958704,0.012466654783886949
2020-05-15 06:15:00,0.9978589232386035,-0.06540312923014292,0.019146631668844658,0.20952207471901718,0.08822499848914761,0.02204913076417336
2020-05-15 06:30:00,0.9914448613738105,-0.13052619222005138,0.03862095962378331,0.21075085330157628,0.0923805560457795,0.04822310481584457
2020-05-15 06:45:00,0.9807852804032305,-0.19509032201612797,0.09419282563558733,0.22511121134081558,0.11821093061566151,0.12958435924828351
2020-05-15 07:00:00,0.9659258262890683,-0.25881904510252085,0.181522249304982,0.2593756297658316,0.18135504627910287,0.2528398508377359
2020-05-15 07:15:00,0.9469301294951057,-0.3214394653031616,0.2891107053737624,0.28150457879680335,0.22558108043519792,0.31466318327652293
2020-05-15 07:30:00,0.9238795325112867,-0.3826834323650897,0.3484939907058194,0.30055256648942796,0.25752570263725955,0.37961472184854084
2020-05-15 07:45:00,0.8968727415326884,-0.44228869021900113,0.40799100570725927,0.33871468039698294,0.30895369424729296,0.4525723667006747
2020-05-15 08:00:00,0.8660254037844387,-0.4999999999999998,0.414125989828838,0.3693454715497395,0.3329837615811693,0.4648640520831962
2020-05-15 08:15:00,0.8314696123025451,-0.5555702330196023,0.46353385785531503,0.38439663985507866,0.35629672306798615,0.5283894961567885
2020-05-15 08:30:00,0.7933533402912352,-0.6087614290087207,0.5195934864519867,0.4157971759318073,0.3957795566010189,0.6028054041279974
2020-05-15 08:45:00,0.7518398074789774,-0.6593458151000688,0.5691839359820678,0.4592642417976214,0.44150413024854235,0.6675475158600775
2020-05-15 09:00:00,0.7071067811865476,-0.7071067811865475,0.5954002665747745,0.4731366385467093,0.45732157710881244,0.7021020503803156
2020-05-15 09:15:00,0.6593458151000686,-0.7518398074789776,0.6392965504547834,0.501611686984476,0.5003199357506902,0.7583503409194295
2020-05-15 09:30:00,0.6087614290087204,-0.7933533402912353,0.6886658422605698,0.531615719823815,0.5149805061640931,0.7509202478560927
2020-05-15 09:45:00,0.5555702330196022,-0.8314696123025453,0.7278583086624556,0.571993560628095,0.5489313238816831,0.7156891351815919
2020-05-15 10:00:00,0.49999999999999994,-0.8660254037844387,0.7536599287334844,0.6003375832698119,0.5578086698932825,0.6973476212315327
2020-05-15 10:15:00,0.4422886902190013,-0.8968727415326883,0.7961966570646373,0.6302393576865404,0.5796399457759287,0.6558363140418407
2020-05-15 10:30:00,0.3826834323650899,-0.9238795325112867,0.8264325956812113,0.6651451405383759,0.6127810720922595,0.678695310841501
2020-05-15 10:45:00,0.32143946530316175,-0.9469301294951056,0.8585564815193256,0.6716330617696686,0.6466228295703209,0.7016080054553975
2020-05-15 11:00:00,0.258819045102521,-0.9659258262890682,0.8717962400140611,0.6864136321810996,0.6759824759262554,0.6750842892962857
2020-05-15 11:15:00,0.19509032201612816,-0.9807852804032304,0.8832160039205057,0.729712472640581,0.7467879927822729,0.6668050090208036
2020-05-15 11:30:00,0.13052619222005157,-0.9914448613738104,0.8991286315142727,0.7516245265088435,0.7724431523889383,0.6762792847100668
2020-05-15 11:45:00,0.06540312923014312,-0.9978589232386035,0.8676501456072576,0.7790418389859812,0.7618727644801659,0.6406074136529133
2020-05-15 12:00:00,1.2246467991473532e-16,-1.0,0.8618032928662391,0.7798411627201327,0.8027270092029117,0.6372034943669329
2020-05-15 12:15:00,-0.06540312923014287,-0.9978589232386035,0.8893500388686493,0.8462619713017074,0.8048908937260313,0.6762442014228435
2020-05-15 12:30:00,-0.13052619222005132,-0.9914448613738105,0.8702831165638232,0.8237164537385384,0.8329165121591702,0.6632111357286193
2020-05-15 12:45:00,-0.19509032201612792,-0.9807852804032305,0.8910817935308332,0.8251742400488293,0.8079295370625146,0.6603827289804975
2020-05-15 13:00:00,-0.25881904510252035,-0.9659258262890684,0.843162398031076,0.8507035173868791,0.8652908303059585,0.6698383007357978
2020-05-15 13:15:00,-0.3214394653031611,-0.9469301294951058,0.8229657436101567,0.8770742584688092,0.7891681302508939,0.6672327318701301
2020-05-15 13:30:00,-0.3826834323650892,-0.923879532511287,0.8149814162409096,0.8744003211978699,0.7954041463943198,0.7016797634735558
2020-05-15 13:45:00,-0.44228869021900147,-0.8968727415326883,0.7881814945932133,0.8592453484800069,0.7055187140275161,0.6663905720442634
2020-05-15 14:00:00,-0.5000000000000001,-0.8660254037844386,0.7626231188095485,0.8717671333523829,0.7449701042397521,0.6850389127657103
2020-05-15 14:15:00,-0.5555702330196023,-0.8314696123025452,0.7518694128982607,0.8997322660820231,0.7175593741523563,0.7049929704679545
2020-05-15 14:30:00,-0.6087614290087207,-0.7933533402912352,0.6198462591083227,0.8951068939062365,0.6705467346419114,0.6390991362859465
2020-05-15 14:45:00,-0.6593458151000688,-0.7518398074789774,0.624925154990307,0.8922631633083278,0.6275659360139312,0.6861470761495444
2020-05-15 15:00:00,-0.7071067811865475,-0.7071067811865477,0.5950376159679508,0.8867246646559479,0.6453393285817586,0.7539368204714163
2020-05-15 15:15:00,-0.7518398074789773,-0.6593458151000691,0.55074318280889,0.8851367711822087,0.6042438618075312,0.7184704959925658
2020-05-15 15:30:00,-0.7933533402912349,-0.6087614290087209,0.40830947711007065,0.8598914696049593,0.5414304286925911,0.5273015208622892
2020-05-15 15:45:00,-0.8314696123025448,-0.555570233019603,0.4601656725271153,0.866995499578118,0.5328795522906149,0.5953964826304469
2020-05-15 16:00:00,-0.8660254037844385,-0.5000000000000004,0.4099722517377948,0.8669364247021234,0.5342284063940816,0.5327200827178796
2020-05-15 16:15:00,-0.8968727415326883,-0.44228869021900136,0.297737007149087,0.8584325081734436,0.46757815943367004,0.39083066280733814
2020-05-15 16:30:00,-0.9238795325112868,-0.3826834323650895,0.2656419642201475,0.8396724069054076,0.43776925781920567,0.34960406310957653
2020-05-15 16:45:00,-0.9469301294951056,-0.3214394653031618,0.2732647387971481,0.8413485025319063,0.44024353535676003,0.3655131358121612
2020-05-15 17:00:00,-0.9659258262890683,-0.25881904510252063,0.1854818186412164,0.8257165027537039,0.408763951200045,0.23992237044861403
2020-05-15 17:15:00,-0.9807852804032303,-0.19509032201612866,0.12195367559790954,0.8051290707761023,0.3637878354025657,0.1603142432567132
2020-05-15 17:30:00,-0.9914448613738104,-0.13052619222005163,0.06080620874515145,0.7822244547697939,0.3324035829031787,0.07852072410188214
2020-05-15 17:45:00,-0.9978589232386035,-0.06540312923014362,0.025624334801207932,0.756021465630061,0.29631769968679794,0.031834667809549744
2020-05-15 18:00:00,-1.0,-1.8369701987210297e-16,0.01628666055894156,0.7360705452136667,0.27782308584776466,0.020474263100764636
2020-05-15 18:15:00,-0.9978589232386036,0.06540312923014237,0.009530513343010822,0.7151005160865596,0.2632798154457478,0.0125411844174987
2020-05-15 18:30:00,-0.9914448613738104,0.13052619222005213,0.0024435752892767587,0.6910077329738593,0.2466743958271886,0.0019425805678213942
2020-05-15 18:45:00,-0.9807852804032304,0.1950903220161283,0.0,0.6662109136677428,0.23282505409738258,0.0
2020-05-15 19:00:00,-0.9659258262890682,0.25881904510252113,0.0,0.6380526603803351,0.2178890514860719,0.0
2020-05-15 19:15:00,-0.9469301294951057,0.3214394653031615,0.0,0.612091174186655,0.2006681011986175,0.0
2020-05-15 19:30:00,-0.9238795325112866,0.38268343236509,0.0,0.5944774328203026,0.1964540788250499,0.0
2020-05-15 19:45:00,-0.8968727415326884,0.442288690219001,0.0,0.5791333664790999,0.1867835578895492,0.0
2020-05-15 20:00:00,-0.8660254037844386,0.5000000000000001,0.0,0.575951807529252,0.1752279903569171,0.0
2020-05-15 20:15:00,-0.8314696123025455,0.5555702330196018,0.0,0.5403342925648691,0.15496861523637856,0.0
2020-05-15 20:30:00,-0.7933533402912352,0.6087614290087205,0.0,0.5267948213908094,0.15548394986404873,0.0
2020-05-15 20:45:00,-0.7518398074789777,0.6593458151000684,0.00010960132805730362,0.5540262980912773,0.19636410527262943,0.0
2020-05-15 21:00:00,-0.7071067811865477,0.7071067811865474,0.0,0.4970210914522286,0.19201915925651175,0.0
2020-05-15 21:15:00,-0.6593458151000687,0.7518398074789775,0.0,0.4406539547791053,0.16986459412273652,0.0
2020-05-15 21:30:00,-0.608761429008721,0.7933533402912349,0.0,0.4103635520120501,0.15416598693580724,0.0
2020-05-15 21:45:00,-0.5555702330196022,0.8314696123025452,0.0,0.403424838725577,0.14589564336701405,0.0
2020-05-15 22:00:00,-0.5000000000000004,0.8660254037844384,0.0,0.40503157699205805,0.14368190333354952,0.0
2020-05-15 22:15:00,-0.4422886902190014,0.8968727415326883,0.0,0.40471943852817494,0.14257970600519082,0.0
2020-05-15 22:30:00,-0.38268343236508956,0.9238795325112868,0.0,0.39949536127749674,0.14197416727488882,0.0
2020-05-15 22:45:00,-0.32143946530316186,0.9469301294951056,0.0,0.39492527418496914,0.14070724788091932,0.0
2020-05-15 23:00:00,-0.2588190451025207,0.9659258262890683,0.0,0.37101901583464203,0.1350994127457567,0.0
2020-05-15 23:15:00,-0.19509032201612872,0.9807852804032303,0.0,0.35024716679451795,0.11947970401891045,0.0
2020-05-15 23:30:00,-0.13052619222005168,0.9914448613738104,0.0,0.3294753177543934,0.1038599952920643,0.0
2020-05-15 23:45:00,-0.06540312923014367,0.9978589232386035,0.0,0.31873274250239647,0.09810824434461402,0.0
2020-05-16 00:00:00,0.0,1.0,0.0,0.30623083631769377,0.08988713433848722,0.0
2020-05-16 00:15:00,0.06540312923014306,0.9978589232386035,0.0,0.3149760494041609,0.09195477045672223,0.0
2020-05-16 00:30:00,0.13052619222005157,0.9914448613738104,0.0,0.31199978785680904,0.09539031744680221,0.0
2020-05-16 00:45:00,0.19509032201612825,0.9807852804032304,0.0,0.31438738015568224,0.09953061717010386,0.0
2020-05-16 01:00:00,0.25881904510252074,0.9659258262890683,0.0,0.3014416853786619,0.0924867145651252,0.0
2020-05-16 01:15:00,0.3214394653031616,0.9469301294951057,0.0,0.2878767695877309,0.08307160105067452,0.0
2020-05-16 01:30:00,0.3826834323650898,0.9238795325112867,0.0,0.2774782134324032,0.0791396048440714,0.0
2020-05-16 01:45:00,0.4422886902190013,0.8968727415326883,0.0,0.27480280944985314,0.07998723096376409,0.0
2020-05-16 02:00:00,0.49999999999999994,0.8660254037844387,0.0,0.26263813198827846,0.07582579146418361,0.0
2020-05-16 02:15:00,0.5555702330196022,0.8314696123025452,0.0,0.24525062146642407,0.06614626518932915,0.0
2020-05-16 02:30:00,0.6087614290087207,0.7933533402912352,0.0,0.23303517280629027,0.05813443459086165,0.0
2020-05-16 02:45:00,0.6593458151000688,0.7518398074789774,0.0,0.21647057402332592,0.052393308766764346,0.0
2020-05-16 03:00:00,0.7071067811865476,0.7071067811865476,0.0,0.20815123843065297,0.04525498490636898,0.0
2020-05-16 03:15:00,0.7518398074789773,0.659345815100069,0.0,0.18890616689534223,0.039743763227795104,0.0
2020-05-16 03:30:00,0.7933533402912352,0.6087614290087207,0.0,0.1860776827501287,0.03616365163741264,0.0
2020-05-16 03:45:00,0.8314696123025452,0.5555702330196023,0.0,0.19196732523221627,0.03485679601900066,0.0
2020-05-16 04:00:00,0.8660254037844386,0.5000000000000001,0.0,0.17559481556984058,0.03407008116110827,0.0
2020-05-16 04:15:00,0.8968727415326884,0.44228869021900125,0.0,0.15814563988895824,0.03280636160874939,0.0
2020-05-16 04:30:00,0.9238795325112867,0.38268343236508984,0.0,0.16362101744700452,0.035277180546101294,0.0
2020-05-16 04:45:00,0.9469301294951057,0.3214394653031615,0.0,0.15944839224866647,0.031956788515943524,0.0
2020-05-16 05:00:00,0.9659258262890683,0.25881904510252074,0.0,0.14329316002418402,0.025971076803463222,0.0
2020-05-16 05:15:00,0.9807852804032304,0.19509032201612833,0.0,0.14615663810354507,0.022103740747382195,0.0
2020-05-16 05:30:00,0.9914448613738104,0.1305261922200517,0.0,0.14889550493419157,0.01886274727524323,0.0
2020-05-16 05:45:00,0.9978589232386035,0.06540312923014305,0.0013393525080021068,0.15408583527698916,0.027021238123630387,0.0
2020-05-16 06:00:00,1.0,6.123233995736766e-17,0.011866663336640597,0.17008480555645566,0.042131657857101656,0.011774376769184726
2020-05-16 06:15:00,0.9978589232386035,-0.06540312923014292,0.03201795517872737,0.16585058527657193,0.05214045455111671,0.03878409122770476
2020-05-16 06:30:00,0.9914448613738105,-0.13052619222005138,0.05544909995167198,0.1998306198907016,0.07872129358331287,0.07104812697446308
2020-05-16 06:45:00,0.9807852804032305,-0.19509032201612797,0.07968658604272806,0.24188496619912536,0.11200862475030665,0.10478834299309862
2020-05-16 07:00:00,0.9659258262890683,-0.25881904510252085,0.11568956099250256,0.2757298613051753,0.15433914766961981,0.1389750215578038
2020-05-16 07:15:00,0.9469301294951057,-0.3214394653031616,0.18000817353253087,0.30835244367372616,0.1696635835628833,0.20792407003897284
2020-05-16 07:30:00,0.9238795325112867,-0.3826834323650897,0.28683422724906626,0.3435790416782234,0.18741646323485867,0.3213337285358946
2020-05-16 07:45:00,0.8968727415326884,-0.44228869021900113,0.2783898050823467,0.3740898873435221,0.302220773810327,0.3182964850337056
2020-05-16 08:00:00,0.8660254037844387,-0.4999999999999998,0.4008680479269395,0.3965598030884776,0.3741474389940513,0.4490141131374143
2020-05-16 08:15:00,0.8314696123025451,-0.5555702330196023,0.4459176360501819,0.4479791432978826,0.4751951398147391,0.5143682154429978
2020-05-16 08:30:00,0.7933533402912352,-0.6087614290087207,0.5005332769020467,0.47407949892402423,0.5428198033900562,0.5825699469909769
2020-05-16 08:45:00,0.7518398074789774,-0.6593458151000688,0.5269192064306101,0.5093874093052679,0.5852379720755494,0.6208033092873937
2020-05-16 09:00:00,0.7071067811865476,-0.7071067811865475,0.5974913860156996,0.520796224242424,0.6159210892317954,0.7000640010711667
2020-05-16 09:15:00,0.6593458151000686,-0.7518398074789776,0.6421479597109652,0.558625679461763,0.6642663330342107,0.749681747020388
2020-05-16 09:30:00,0.6087614290087204,-0.7933533402912353,0.685005624404426,0.5918432350272238,0.7339842351787971,0.7958852203588064
2020-05-16 09:45:00,0.5555702330196022,-0.8314696123025453,0.7197492146869207,0.61257310370881,0.7763413127182963,0.7935547566786276
2020-05-16 10:00:00,0.49999999999999994,-0.8660254037844387,0.7472517629169445,0.6294412368021143,0.7897326439083348,0.6692387377283596
2020-05-16 10:15:00,0.4422886902190013,-0.8968727415326883,0.7743471567923372,0.6596722857066544,0.8287453552445527,0.6991151072282585
2020-05-16 10:30:00,0.3826834323650899,-0.9238795325112867,0.8140385040716259,0.7022950172356288,0.8460784001553818,0.6232098761635062
2020-05-16 10:45:00,0.32143946530316175,-0.9469301294951056,0.8047567184932456,0.7089673361427509,0.8549070341866774,0.6399379344104891
2020-05-16 11:00:00,0.258819045102521,-0.9659258262890682,0.8371725435257641,0.7241913215049613,0.8921474701784402,0.6598015122792219
2020-05-16 11:15:00,0.19509032201612816,-0.9807852804032304,0.8466971304285622,0.7618693027980188,0.9182662049111543,0.6677677967037589
2020-05-16 11:30:00,0.13052619222005157,-0.9914448613738104,0.8928549179026608,0.761463279540403,0.9235757942804976,0.686885917303864
2020-05-16 11:45:00,0.06540312923014312,-0.9978589232386035,0.9006642007497744,0.7969528448707113,0.9394281100693647,0.6565812348687677
2020-05-16 12:00:00,1.2246467991473532e-16,-1.0,0.8917224428140522,0.8382425185540419,0.9866365571808449,0.605314324080596
2020-05-16 12:15:00,-0.06540312923014287,-0.9978589232386035,0.5494704757820333,0.845241364873879,0.9036745042408167,0.5129507755373428
2020-05-16 12:30:00,-0.13052619222005132,-0.9914448613738105,0.666167459728616,0.8110256470847064,0.7705063881070024,0.5988403310603463
2020-05-16 12:45:00,-0.19509032201612792,-0.9807852804032305,0.4432688059238273,0.8076930634102757,0.726930941017623,0.41520668097368596
2020-05-16 13:00:00,-0.25881904510252035,-0.9659258262890684,0.6390508372431829,0.7992320683308685,0.721216809968545,0.6145331998761749
2020-05-16 13:15:00,-0.3214394653031611,-0.9469301294951058,0.621240442247753,0.8233137103213353,0.7421783134514732,0.6214492745019388
2020-05-16 13:30:00,-0.3826834323650892,-0.923879532511287,0.7658004188886675,0.8344977176422743,0.7994408376804301,0.673246189690363
2020-05-16 13:45:00,-0.44228869021900147,-0.8968727415326883,0.4078074142096415,0.8202459241797535,0.7039875970054175,0.3959896762867591
2020-05-16 14:00:00,-0.5000000000000001,-0.8660254037844386,0.5771672790287321,0.7800761032125132,0.606895769768566,0.5248409343069201
2020-05-16 14:15:00,-0.5555702330196023,-0.8314696123025452,0.6496573372069293,0.7745793043169036,0.5954537514747342,0.7102755979965976
2020-05-16 14:30:00,-0.6087614290087207,-0.7933533402912352,0.7258455094933349,0.7904444138762945,0.6726758090823868,0.7155419176975407
2020-05-16 14:45:00,-0.6593458151000688,-0.7518398074789774,0.4223638997284379,0.7725522183757567,0.5846646806296576,0.5177790548269167
2020-05-16 15:00:00,-0.7071067811865475,-0.7071067811865477,0.4034887596349988,0.7490928347412771,0.5279114706710173,0.5223976390557024
2020-05-16 15:15:00,-0.7518398074789773,-0.6593458151000691,0.2767796657798501,0.7250366837498998,0.44652477684542174,0.36673003592871933
2020-05-16 15:30:00,-0.7933533402912349,-0.6087614290087209,0.3580489319625148,0.745363317967755,0.47634290735932555,0.47312648808927754
2020-05-16 15:45:00,-0.8314696123025448,-0.555570233019603,0.28366403993468375,0.7343013875106323,0.45186748091924883,0.3783409410303228
2020-05-16 16:00:00,-0.8660254037844385,-0.5000000000000004,0.2023049177078651,0.7246767068804845,0.41891615758677586,0.27211829598077847
2020-05-16 16:15:00,-0.8968727415326883,-0.44228869021900136,0.19953859958953843,0.708913791148905,0.39144848509217495,0.26305126894926656
2020-05-16 16:30:00,-0.9238795325112868,-0.3826834323650895,0.10629004966955104,0.6753574100138127,0.36805367178586285,0.1366180040134422
2020-05-16 16:45:00,-0.9469301294951056,-0.3214394653031618,0.060946099277429104,0.5834341717101392,0.2869048628216038,0.08252758597801475
2020-05-16 17:00:00,-0.9659258262890683,-0.25881904510252063,0.08106938884017566,0.5822281809130174,0.2921146025079749,0.10570367346693543
2020-05-16 17:15:00,-0.9807852804032303,-0.19509032201612866,0.028031393368030674,0.5974089143526511,0.26842684968846503,0.037153612441327574
2020-05-16 17:30:00,-0.9914448613738104,-0.13052619222005163,0.005024796782646299,0.5637202338641101,0.1887289974380923,0.01318237530090803
2020-05-16 17:45:00,-0.9978589232386035,-0.06540312923014362,0.002461787095333579,0.5254556426048334,0.1458801870835173,0.006386409971921925
2020-05-16 18:00:00,-1.0,-1.8369701987210297e-16,0.0,0.47516604618255665,0.13398309611053855,0.000648987169458929
2020-05-16 18:15:00,-0.9978589232386036,0.06540312923014237,0.0003890243732303891,0.44266258538689884,0.12906578759162407,0.0
2020-05-16 18:30:00,-0.9914448613738104,0.13052619222005213,0.001049001121642561,0.45227638069022524,0.12958415965202558,0.0
2020-05-16 18:45:00,-0.9807852804032304,0.1950903220161283,0.0006065811294777013,0.47232782870365697,0.11923887642381331,0.0
2020-05-16 19:00:00,-0.9659258262890682,0.25881904510252113,0.00129835417638337,0.5093523061586416,0.16093171032260595,0.0
2020-05-16 19:15:00,-0.9469301294951057,0.3214394653031615,7.916989758832889e-05,0.49470362263922407,0.1909450659022774,0.0
2020-05-16 19:30:00,-0.9238795325112866,0.38268343236509,0.0,0.48694263725993947,0.18320206805458378,0.0
2020-05-16 19:45:00,-0.8968727415326884,0.442288690219001,0.0,0.4648070473792616,0.17553384140080813,0.0
2020-05-16 20:00:00,-0.8660254037844386,0.5000000000000001,0.0,0.42878689045877705,0.16325365088449445,0.0
2020-05-16 20:15:00,-0.8314696123025455,0.5555702330196018,0.0,0.39823779881043775,0.1474425986507581,0.0
2020-05-16 20:30:00,-0.7933533402912352,0.6087614290087205,0.0,0.3982071798664124,0.13966372482539285,0.0
2020-05-16 20:45:00,-0.7518398074789777,0.6593458151000684,0.0,0.40671393944861056,0.1389998784320458,0.0
2020-05-16 21:00:00,-0.7071067811865477,0.7071067811865474,0.0,0.4186793907257791,0.14317398622081573,0.0
2020-05-16 21:15:00,-0.6593458151000687,0.7518398074789775,0.0,0.4204174592976546,0.14772131035787944,0.0
2020-05-16 21:30:00,-0.608761429008721,0.7933533402912349,0.0,0.4092934690545349,0.1409047622128729,0.0
2020-05-16 21:45:00,-0.5555702330196022,0.8314696123025452,0.0,0.4018042460401199,0.13744054916323717,0.0
2020-05-16 22:00:00,-0.5000000000000004,0.8660254037844384,0.0,0.4011172549337576,0.1394022620467848,0.0
2020-05-16 22:15:00,-0.4422886902190014,0.8968727415326883,0.0,0.39440600262887204,0.14148531612676302,0.0
2020-05-16 22:30:00,-0.38268343236508956,0.9238795325112868,0.0,0.4041303774255762,0.1608310896932103,0.0
2020-05-16 22:45:00,-0.32143946530316186,0.9469301294951056,0.0,0.3983760683620101,0.16224419995759104,0.0
2020-05-16 23:00:00,-0.2588190451025207,0.9659258262890683,0.0,0.36109683569158024,0.14925375562781068,0.0
2020-05-16 23:15:00,-0.19509032201612872,0.9807852804032303,0.0,0.3394042215800539,0.13872647540319766,0.0
2020-05-16 23:30:00,-0.13052619222005168,0.9914448613738104,0.0,0.3251589835760633,0.12945953101432323,0.0
2020-05-16 23:45:00,-0.06540312923014367,0.9978589232386035,0.0,0.3061200719256367,0.1144854932696871,0.0
2020-05-17 00:00:00,0.0,1.0,0.0,0.2931951928075125,0.11118710689904604,0.0
2020-05-17 00:15:00,0.06540312923014306,0.9978589232386035,0.0,0.2854547254468842,0.10372377525766757,0.0
2020-05-17 00:30:00,0.13052619222005157,0.9914448613738104,0.0,0.27090837364154474,0.09619675690274782,0.0
2020-05-17 00:45:00,0.19509032201612825,0.9807852804032304,0.0,0.2721483732548333,0.09338559377413674,0.0
2020-05-17 01:00:00,0.25881904510252074,0.9659258262890683,0.0,0.26428783090204844,0.08805271047997226,0.0
2020-05-17 01:15:00,0.3214394653031616,0.9469301294951057,0.0,0.2507789893222785,0.07771787972065963,0.0
2020-05-17 01:30:00,0.3826834323650898,0.9238795325112867,0.0,0.2426168787358418,0.06560493780381554,0.0
2020-05-17 01:45:00,0.4422886902190013,0.8968727415326883,0.0,0.2131741268863001,0.05228526670597905,0.0
2020-05-17 02:00:00,0.49999999999999994,0.8660254037844387,0.0,0.20766623867033718,0.04629150291395434,0.0
2020-05-17 02:15:00,0.5555702330196022,0.8314696123025452,0.0,0.19329417743956512,0.04112615652476548,0.0
2020-05-17 02:30:00,0.6087614290087207,0.7933533402912352,0.0,0.18160170448501,0.033764867011867206,0.0
2020-05-17 02:45:00,0.6593458151000688,0.7518398074789774,0.0,0.18345563363214246,0.03950191826191479,0.0
2020-05-17 03:00:00,0.7071067811865476,0.7071067811865476,0.0,0.17750848312336753,0.037877042732599286,0.0
2020-05-17 03:15:00,0.7518398074789773,0.659345815100069,0.0,0.16502180763652996,0.0313377405744083,0.0
2020-05-17 03:30:00,0.7933533402912352,0.6087614290087207,0.0,0.1741263212060702,0.03784586005425716,0.0
2020-05-17 03:45:00,0.8314696123025452,0.5555702330196023,0.0,0.18512196561266325,0.049712170628152696,0.0
2020-05-17 04:00:00,0.8660254037844386,0.5000000000000001,0.0,0.1877224277783187,0.05254404135984225,0.0
2020-05-17 04:15:00,0.8968727415326884,0.44228869021900125,4.076231123121864e-05,0.20261194724732756,0.06161730086544548,0.0
2020-05-17 04:30:00,0.9238795325112867,0.38268343236508984,0.0,0.20753859209616454,0.06554003483317988,0.0
2020-05-17 04:45:00,0.9469301294951057,0.3214394653031615,0.0,0.2168803313015799,0.07014844647244872,0.0
2020-05-17 05:00:00,0.9659258262890683,0.25881904510252074,0.0,0.20802035713789957,0.06535489614706586,0.0
2020-05-17 05:15:00,0.9807852804032304,0.19509032201612833,0.0,0.21462527367029027,0.06335811724807755,0.0
2020-05-17 05:30:00,0.9914448613738104,0.1305261922200517,0.0,0.20509159740990146,0.06189700113003277,0.0
2020-05-17 05:45:00,0.9978589232386035,0.06540312923014305,8.553873314500073e-05,0.193574401030165,0.05416639600689044,0.0
2020-05-17 06:00:00,1.0,6.123233995736766e-17,0.00504196449368322,0.18513971840665944,0.060202971939565586,0.003208851202230224
2020-05-17 06:15:00,0.9978589232386035,-0.06540312923014292,0.016719178885143703,0.22556185826250674,0.08063258351694497,0.019911535756771896
2020-05-17 06:30:00,0.9914448613738105,-0.13052619222005138,0.023928211915634223,0.23842957274620868,0.09828191763807331,0.029667300287761628
2020-05-17 06:45:00,0.9807852804032305,-0.19509032201612797,0.02837800070146774,0.2511782763189401,0.10977008531227633,0.03540642182227672
2020-05-17 07:00:00,0.9659258262890683,-0.25881904510252085,0.04338223071620061,0.2621275699540251,0.12251901469934762,0.05625084757788704
2020-05-17 07:15:00,0.9469301294951057,-0.3214394653031616,0.06319531237688483,0.28473434090799654,0.14527521326444243,0.08439293682233108
2020-05-17 07:30:00,0.9238795325112867,-0.3826834323650897,0.11563667830619587,0.31428553753453237,0.18661134285530395,0.1529850548772707
2020-05-17 07:45:00,0.8968727415326884,-0.44228869021900113,0.21452997515307387,0.36529933179463714,0.2637452872754947,0.27322443876754016
2020-05-17 08:00:00,0.8660254037844387,-0.4999999999999998,0.3919548813015394,0.4167726393533595,0.3801198098780087,0.46299217453152186
2020-05-17 08:15:00,0.8314696123025451,-0.5555702330196023,0.42025642773248917,0.45341714561080626,0.49684986557057415,0.5022536988728143
2020-05-17 08:30:00,0.7933533402912352,-0.6087614290087207,0.4660464407746408,0.4795559841726249,0.5272297764788085,0.5480401424331393
2020-05-17 08:45:00,0.7518398074789774,-0.6593458151000688,0.42858213248211663,0.49594641110941695,0.5348941039809458,0.5234433248627997
2020-05-17 09:00:00,0.7071067811865476,-0.7071067811865475,0.48767203093518147,0.49921570681435945,0.5196074577981884,0.5957325454745205
2020-05-17 09:15:00,0.6593458151000686,-0.7518398074789776,0.6486243699614441,0.5352781589611519,0.6058859657907363,0.767320432935632
2020-05-17 09:30:00,0.6087614290087204,-0.7933533402912353,0.6282894653656065,0.5865068615109037,0.6702178705671893,0.6496576679405844
2020-05-17 09:45:00,0.5555702330196022,-0.8314696123025453,0.6501391445219606,0.5951871432731235,0.6535853130991209,0.6653044027701562
2020-05-17 10:00:00,0.49999999999999994,-0.8660254037844387,0.614902848240843,0.6266599185832891,0.6861851831705801,0.5995167840448791
2020-05-17 10:15:00,0.4422886902190013,-0.8968727415326883,0.5208275793368254,0.6230133200447774,0.6270838648416126,0.5040824286303656
2020-05-17 10:30:00,0.3826834323650899,-0.9238795325112867,0.6104669894199053,0.6304918332411718,0.606139658276146,0.6492369009519765
2020-05-17 10:45:00,0.32143946530316175,-0.9469301294951056,0.6814356957952171,0.6601587301848386,0.6585112904398456,0.6304168810049283
2020-05-17 11:00:00,0.258819045102521,-0.9659258262890682,0.6772164399444245,0.6934288424751989,0.6713836962341027,0.5680570353399209
2020-05-17 11:15:00,0.19509032201612816,-0.9807852804032304,0.6206355848601558,0.7050580287836716,0.6651564249363013,0.5181141520759291
2020-05-17 11:30:00,0.13052619222005157,-0.9914448613738104,0.4533315338894681,0.7144398965482186,0.5980855825799958,0.45419113317658744
2020-05-17 11:45:00,0.06540312923014312,-0.9978589232386035,0.4144331556129882,0.698333305280284,0.5300074104529262,0.5357655695408687
2020-05-17 12:00:00,1.2246467991473532e-16,-1.0,0.4781453717704601,0.7033348460049325,0.5681770617584079,0.6169246569777189
2020-05-17 12:15:00,-0.06540312923014287,-0.9978589232386035,0.5262766216951549,0.7233883725215151,0.6165270587719753,0.6743671919122329
2020-05-17 12:30:00,-0.13052619222005132,-0.9914448613738105,0.55519845039276,0.7335463519257077,0.6456373269877786,0.7011293385258981
2020-05-17 12:45:00,-0.19509032201612792,-0.9807852804032305,0.6512902599566484,0.7513683447881119,0.6686423072270611,0.6944082068141542
2020-05-17 13:00:00,-0.25881904510252035,-0.9659258262890684,0.6868964375995745,0.7724310931666629,0.7223403532323172,0.694790636102555
2020-05-17 13:15:00,-0.3214394653031611,-0.9469301294951058,0.7279334372661405,0.7994690310501482,0.7823182428002349,0.5569939266216417
2020-05-17 13:30:00,-0.3826834323650892,-0.923879532511287,0.6268377790160168,0.8312310981156961,0.8374964855624503,0.36915006749151846
2020-05-17 13:45:00,-0.44228869021900147,-0.8968727415326883,0.6928530720075233,0.8373302912370799,0.7555775048148372,0.6740844692545949
2020-05-17 14:00:00,-0.5000000000000001,-0.8660254037844386,0.7089673320160301,0.8528664377501285,0.7402163204919294,0.6066301082839759
2020-05-17 14:15:00,-0.5555702330196023,-0.8314696123025452,0.6664602863971489,0.8586198495446433,0.7026229855225052,0.6455657085293371
2020-05-17 14:30:00,-0.6087614290087207,-0.7933533402912352,0.5329437016237382,0.8711353092310776,0.6656595893336363,0.5562555325020727
2020-05-17 14:45:00,-0.6593458151000688,-0.7518398074789774,0.4483980570183984,0.854793821143151,0.6275550137689205,0.545312944352542
2020-05-17 15:00:00,-0.7071067811865475,-0.7071067811865477,0.274286504113957,0.8315661127181013,0.5480151199186449,0.35256872604966616
2020-05-17 15:15:00,-0.7518398074789773,-0.6593458151000691,0.22311106062577693,0.793725413718058,0.43912928955515046,0.29990467073351457
2020-05-17 15:30:00,-0.7933533402912349,-0.6087614290087209,0.25764473946753025,0.8043056880308277,0.4465032586852075,0.34914057748020605
2020-05-17 15:45:00,-0.8314696123025448,-0.555570233019603,0.2535221879492161,0.7988069141728082,0.4531589631689537,0.34045540753261416
2020-05-17 16:00:00,-0.8660254037844385,-0.5000000000000004,0.2544466488873867,0.7891179041159193,0.4329726618811573,0.3421812298905887
2020-05-17 16:15:00,-0.8968727415326883,-0.44228869021900136,0.38949469014035465,0.8157584720854123,0.4852963535755845,0.5258846930503696
2020-05-17 16:30:00,-0.9238795325112868,-0.3826834323650895,0.3681658384683324,0.8298205396167633,0.5241387554855403,0.4926553799809684
2020-05-17 16:45:00,-0.9469301294951056,-0.3214394653031618,0.27669614577750196,0.8498900786488723,0.5026240164421163,0.37331668170610766
2020-05-17 17:00:00,-0.9659258262890683,-0.25881904510252063,0.08539178522986166,0.7985400721042206,0.402488500832272,0.11117325092825871
2020-05-17 17:15:00,-0.9807852804032303,-0.19509032201612866,0.10232753512034858,0.7759633412618383,0.34149810352075444,0.1308386493513776
2020-05-17 17:30:00,-0.9914448613738104,-0.13052619222005163,0.14293252878935012,0.7872730290802625,0.3669732981754495,0.18603299288120403
2020-05-17 17:45:00,-0.9978589232386035,-0.06540312923014362,0.0741903816128479,0.7743178754817062,0.3501033984731476,0.09598914342133646
2020-05-17 18:00:00,-1.0,-1.8369701987210297e-16,0.062353907253679904,0.7474136358544949,0.32274549534402425,0.08461486275389427
2020-05-17 18:15:00,-0.9978589232386036,0.06540312923014237,0.022992852295964483,0.730310434591672,0.29238565653232856,0.031766575476345926
2020-05-17 18:30:00,-0.9914448613738104,0.13052619222005213,0.004417899908973491,0.706172284943176,0.25023144669524305,0.005899195737992145
2020-05-17 18:45:00,-0.9807852804032304,0.1950903220161283,0.0,0.6339776025095847,0.2287376739887011,0.0
2020-05-17 19:00:00,-0.9659258262890682,0.25881904510252113,0.0,0.5791478101287006,0.2170212753373741,0.0
2020-05-17 19:15:00,-0.9469301294951057,0.3214394653031615,0.0,0.5599643929130946,0.20962516728923258,0.0
2020-05-17 19:30:00,-0.9238795325112866,0.38268343236509,0.0,0.5406114773009296,0.20508315311940145,0.0
2020-05-17 19:45:00,-0.8968727415326884,0.442288690219001,0.0,0.5266271412906369,0.20182120010220456,0.0
2020-05-17 20:00:00,-0.8660254037844386,0.5000000000000001,0.0,0.5130793492978876,0.1960034356051666,0.0
2020-05-17 20:15:00,-0.8314696123025455,0.5555702330196018,0.0,0.48627178792172376,0.1886854966709039,0.0
2020-05-17 20:30:00,-0.7933533402912352,0.6087614290087205,0.0,0.45244207826566885,0.1772054684528171,0.0
2020-05-17 20:45:00,-0.7518398074789777,0.6593458151000684,0.0,0.4312559249541912,0.16810183925520034,0.0
2020-05-17 21:00:00,-0.7071067811865477,0.7071067811865474,0.0,0.4141845611769295,0.16264082789782325,0.0
2020-05-17 21:15:00,-0.6593458151000687,0.7518398074789775,0.0,0.3990760434645271,0.15916622169620648,0.0
2020-05-17 21:30:00,-0.608761429008721,0.7933533402912349,0.0,0.3819494891960036,0.1573874548549637,0.0
2020-05-17 21:45:00,-0.5555702330196022,0.8314696123025452,0.0,0.37357985000811156,0.15509278381473984,0.0
2020-05-17 22:00:00,-0.5000000000000004,0.8660254037844384,0.0,0.3051166317079923,0.1068750183904445,0.0
2020-05-17 22:15:00,-0.4422886902190014,0.8968727415326883,0.0015007500108863941,0.29499007991171533,0.09013305115177234,0.0
2020-05-17 22:30:00,-0.38268343236508956,0.9238795325112868,0.0017633108219216695,0.31143566129272005,0.10161824675835646,0.0
2020-05-17 22:45:00,-0.32143946530316186,0.9469301294951056,0.0009454479026974068,0.2926328360779542,0.1195823933885361,0.0
2020-05-17 23:00:00,-0.2588190451025207,0.9659258262890683,0.0006788547969615274,0.2798918464478779,0.11467525309819476,0.0
2020-05-17 23:15:00,-0.19509032201612872,0.9807852804032303,0.00013009595893616557,0.25090347301989313,0.11077909881099074,0.0
2020-05-17 23:30:00,-0.13052619222005168,0.9914448613738104,0.0,0.1935811698721066,0.09610770810430486,0.0
2020-05-17 23:45:00,-0.06540312923014367,0.9978589232386035,0.0,0.13638379697682357,0.07676699330674114,0.0
2020-05-18 00:00:00,0.0,1.0,0.0,0.13702397241816922,0.07311674574423649,0.0
2020-05-18 00:15:00,0.06540312923014306,0.9978589232386035,0.0,0.16116008578645857,0.07190811822355986,0.0
2020-05-18 00:30:00,0.13052619222005157,0.9914448613738104,0.0,0.19591225400879453,0.07428484503630967,0.0
2020-05-18 00:45:00,0.19509032201612825,0.9807852804032304,0.0,0.22429782623224725,0.08013713123612326,0.0
2020-05-18 01:00:00,0.25881904510252074,0.9659258262890683,0.0,0.24361289540384834,0.08772056201286299,0.0
2020-05-18 01:15:00,0.3214394653031616,0.9469301294951057,0.0,0.24974367279917287,0.08975682540561342,0.0
2020-05-18 01:30:00,0.3826834323650898,0.9238795325112867,0.0,0.2517839593968907,0.0935776032581172,0.0
2020-05-18 01:45:00,0.4422886902190013,0.8968727415326883,0.0,0.24957970044058286,0.10201019109124182,0.0
2020-05-18 02:00:00,0.49999999999999994,0.8660254037844387,0.0,0.21836093104617094,0.09931547976439475,0.0
2020-05-18 02:15:00,0.5555702330196022,0.8314696123025452,0.0,0.20572278686365442,0.09556512802380751,0.0
2020-05-18 02:30:00,0.6087614290087207,0.7933533402912352,0.0,0.21412956075193068,0.09763415839946671,0.0
2020-05-18 02:45:00,0.6593458151000688,0.7518398074789774,0.0,0.21919385806717684,0.09999237325225657,0.0
2020-05-18 03:00:00,0.7071067811865476,0.7071067811865476,0.0,0.22424160499701729,0.10156045289434273,0.0
2020-05-18 03:15:00,0.7518398074789773,0.659345815100069,0.0,0.2221796437240786,0.0961583189448349,0.0
2020-05-18 03:30:00,0.7933533402912352,0.6087614290087207,2.7707676237936644e-05,0.20592299167505135,0.08279070368986957,0.0
2020-05-18 03:45:00,0.8314696123025452,0.5555702330196023,8.850376648712945e-05,0.1877324636047326,0.07684109072194117,0.0
2020-05-18 04:00:00,0.8660254037844386,0.5000000000000001,0.0,0.16528944047152083,0.06958654278419757,0.0
2020-05-18 04:15:00,0.8968727415326884,0.44228869021900125,0.0002806559073292992,0.12620528921880747,0.055656531235416695,0.0
2020-05-18 04:30:00,0.9238795325112867,0.38268343236508984,0.0,0.0,0.011238196538402911,0.0
2020-05-18 04:45:00,0.9469301294951057,0.3214394653031615,0.0,0.0007756117073940416,0.014549855298782333,0.0
2020-05-18 05:00:00,0.9659258262890683,0.25881904510252074,0.0,0.0011546616885385053,0.01607261798036691,0.0
2020-05-18 05:15:00,0.9807852804032304,0.19509032201612833,2.530088804703863e-05,0.015596541580737755,0.0182480594122556,0.0
2020-05-18 05:30:00,0.9914448613738104,0.1305261922200517,0.0,0.033021467491021195,0.022275729618835283,0.0
2020-05-18 05:45:00,0.9978589232386035,0.06540312923014305,0.0,0.04147321385529845,0.02237857975131996,0.0
2020-05-18 06:00:00,1.0,6.123233995736766e-17,0.00024224810394090967,0.03426406955007111,0.01653654900792545,0.0
2020-05-18 06:15:00,0.9978589232386035,-0.06540312923014292,0.0007675072274895058,0.045347123956592794,0.019873504612032633,0.0
2020-05-18 06:30:00,0.9914448613738105,-0.13052619222005138,0.0014036093133021003,0.05867518119917747,0.022863985238413043,0.0
2020-05-18 06:45:00,0.9807852804032305,-0.19509032201612797,0.003144566829249625,0.06441995367536912,0.023594323666196793,0.0
2020-05-18 07:00:00,0.9659258262890683,-0.25881904510252085,0.00605539957050867,0.07260377643352167,0.02726299110243019,0.0031072133813451037
2020-05-18 07:15:00,0.9469301294951057,-0.3214394653031616,0.0101872317891607,0.09592923204329318,0.03176108502316438,0.011948934898579615
2020-05-18 07:30:00,0.9238795325112867,-0.3826834323650897,0.018105716940644702,0.10954580395004831,0.03867593362114419,0.022278477472595693
2020-05-18 07:45:00,0.8968727415326884,-0.44228869021900113,0.03638420408411461,0.12136684425403388,0.05248839624065649,0.049666401211471325
2020-05-18 08:00:00,0.8660254037844387,-0.4999999999999998,0.10084742109331744,0.1365917854932619,0.08615285279786672,0.14057749808740652
2020-05-18 08:15:00,0.8314696123025451,-0.5555702330196023,0.1952715746874477,0.17796777465700409,0.14435931567712873,0.26746419931140913
2020-05-18 08:30:00,0.7933533402912352,-0.6087614290087207,0.2603657427400897,0.22740704165168757,0.19727554568805278,0.35133684132826964
2020-05-18 08:45:00,0.7518398074789774,-0.6593458151000688,0.3597855455131227,0.30004799538665305,0.3000356342730041,0.46210266478487677
2020-05-18 09:00:00,0.7071067811865476,-0.7071067811865475,0.38490541568102626,0.3075178775832741,0.31721469402575003,0.4945056746948862
2020-05-18 09:15:00,0.6593458151000686,-0.7518398074789776,0.43067570009254325,0.33360118604272526,0.3560374889744737,0.5424887754938553
2020-05-18 09:30:00,0.6087614290087204,-0.7933533402912353,0.534920838028509,0.3499323906383187,0.3777600467867262,0.6509321997771835
2020-05-18 09:45:00,0.5555702330196022,-0.8314696123025453,0.6313056708241682,0.37060293053907833,0.425998702375363,0.6525806314791427
2020-05-18 10:00:00,0.49999999999999994,-0.8660254037844387,0.602481055860153,0.37905979482822083,0.42645516150381496,0.5895691700803432
2020-05-18 10:15:00,0.4422886902190013,-0.8968727415326883,0.6254128469002818,0.4052606358284574,0.46312508217069454,0.5904990023614878
2020-05-18 10:30:00,0.3826834323650899,-0.9238795325112867,0.4165044212358237,0.40217329441434146,0.4028245714539867,0.40780337423260227
2020-05-18 10:45:00,0.32143946530316175,-0.9469301294951056,0.4123761623642342,0.3941173193880254,0.3625550497346048,0.5097983580020221
2020-05-18 11:00:00,0.258819045102521,-0.9659258262890682,0.6088339879612022,0.43902635056431305,0.4605045390526617,0.6572183487952519
2020-05-18 11:15:00,0.19509032201612816,-0.9807852804032304,0.667128077328963,0.4565781760177716,0.5217943347783649,0.6390710267408319
2020-05-18 11:30:00,0.13052619222005157,-0.9914448613738104,0.7032854892909105,0.46508118727394665,0.5458851676224832,0.6425765838476973
2020-05-18 11:45:00,0.06540312923014312,-0.9978589232386035,0.7595883184686556,0.48584033750358824,0.5895044100062643,0.6594520026298516
2020-05-18 12:00:00,1.2246467991473532e-16,-1.0,0.7996749981785053,0.5088939616162986,0.6332841206418929,0.65022264833972
2020-05-18 12:15:00,-0.06540312923014287,-0.9978589232386035,0.7398333532242989,0.5074744015009824,0.615055461703987,0.6001343178492892
2020-05-18 12:30:00,-0.13052619222005132,-0.9914448613738105,0.7979587112543253,0.5298506395336844,0.6284294550273157,0.6718720406299512
2020-05-18 12:45:00,-0.19509032201612792,-0.9807852804032305,0.6779908920939169,0.527050817204552,0.6056404160582041,0.5580654868001008
2020-05-18 13:00:00,-0.25881904510252035,-0.9659258262890684,0.6915201155550649,0.5344835723261259,0.5615407381171686,0.5651430840219337
2020-05-18 13:15:00,-0.3214394653031611,-0.9469301294951058,0.7634250921138171,0.5742274316687828,0.6221532823465477,0.5807452405461805
2020-05-18 13:30:00,-0.3826834323650892,-0.923879532511287,0.7566396819631998,0.6091809023099795,0.643766947112173,0.6299277355808762
2020-05-18 13:45:00,-0.44228869021900147,-0.8968727415326883,0.7238874050965723,0.6228648910859087,0.6590484205027187,0.614702339944393
2020-05-18 14:00:00,-0.5000000000000001,-0.8660254037844386,0.6903867507955066,0.6298221086717466,0.6484896891491894,0.6353442947207841
2020-05-18 14:15:00,-0.5555702330196023,-0.8314696123025452,0.6792420950606731,0.6703358008503233,0.6576061660987986,0.638629982255939
2020-05-18 14:30:00,-0.6087614290087207,-0.7933533402912352,0.6470666254217364,0.6809459885428324,0.6483073658477689,0.6373932516778466
2020-05-18 14:45:00,-0.6593458151000688,-0.7518398074789774,0.6075709046349196,0.68755253847293,0.6276454643106668,0.6542389337083943
2020-05-18 15:00:00,-0.7071067811865475,-0.7071067811865477,0.5664158873122053,0.7098333406804409,0.6239825618195325,0.644542821494518
2020-05-18 15:15:00,-0.7518398074789773,-0.6593458151000691,0.43798752415909964,0.7010591460808908,0.5609806956614445,0.5538011150262613
2020-05-18 15:30:00,-0.7933533402912349,-0.6087614290087209,0.3214800264104585,0.6947097961376676,0.4934831872576882,0.4314506184672129
2020-05-18 15:45:00,-0.8314696123025448,-0.555570233019603,0.3092514693864142,0.6832755077207928,0.4396240629757798,0.4086578185734141
2020-05-18 16:00:00,-0.8660254037844385,-0.5000000000000004,0.37936985234681503,0.7200843751660229,0.47721220098500455,0.506625376868176
2020-05-18 16:15:00,-0.8968727415326883,-0.44228869021900136,0.3436805473049644,0.7273052790020522,0.48071997233403413,0.46149636049340037
2020-05-18 16:30:00,-0.9238795325112868,-0.3826834323650895,0.23960244424777755,0.6801057331313585,0.42937320001147766,0.31891140815517266
2020-05-18 16:45:00,-0.9469301294951056,-0.3214394653031618,0.16384942756001195,0.6381781923412877,0.3558528342678115,0.2201536175911679
2020-05-18 17:00:00,-0.9659258262890683,-0.25881904510252063,0.1528855768113671,0.6148770328843332,0.32111912303544005,0.20582409747617766
2020-05-18 17:15:00,-0.9807852804032303,-0.19509032201612866,0.11867698900299233,0.6043324682791271,0.3035965310239727,0.159544789162676
2020-05-18 17:30:00,-0.9914448613738104,-0.13052619222005163,0.07693837950072478,0.5814712404431621,0.26951473979102053,0.10330992754746865
2020-05-18 17:45:00,-0.9978589232386035,-0.06540312923014362,0.05139393246115047,0.561943914771802,0.24155048006209362,0.06534312313210999
2020-05-18 18:00:00,-1.0,-1.8369701987210297e-16,0.03339403347247742,0.5403458902620628,0.2199893107938839,0.043206606014899056
2020-05-18 18:15:00,-0.9978589232386036,0.06540312923014237,0.0173289557421851,0.5263109767115761,0.2015289203131096,0.021744235182908023
2020-05-18 18:30:00,-0.9914448613738104,0.13052619222005213,0.0056711161296093835,0.515393146857495,0.18905954935552088,0.005030732387403032
2020-05-18 18:45:00,-0.9807852804032304,0.1950903220161283,4.0749194911550244e-05,0.49986443889268184,0.17972966525462925,0.0
2020-05-18 19:00:00,-0.9659258262890682,0.25881904510252113,0.0,0.46007561324991797,0.17229831068716145,0.0
2020-05-18 19:15:00,-0.9469301294951057,0.3214394653031615,0.0,0.4223490750050638,0.16271418435969304,0.0
2020-05-18 19:30:00,-0.9238795325112866,0.38268343236509,0.0,0.4052560757505972,0.15585547207356604,0.0
2020-05-18 19:45:00,-0.8968727415326884,0.442288690219001,0.0,0.38861272260802915,0.14833873530127956,0.0
2020-05-18 20:00:00,-0.8660254037844386,0.5000000000000001,0.0,0.37737779977429264,0.14244542402860477,0.0
2020-05-18 20:15:00,-0.8314696123025455,0.5555702330196018,0.0,0.3643606301251461,0.13359936899272157,0.0
2020-05-18 20:30:00,-0.7933533402912352,0.6087614290087205,0.0,0.3484625000815551,0.12462778510496236,0.0
2020-05-18 20:45:00,-0.7518398074789777,0.6593458151000684,0.0,0.33585422787508534,0.11249452581748581,0.0
2020-05-18 21:00:00,-0.7071067811865477,0.7071067811865474,0.0,0.32665352401307746,0.09987685844958366,0.0
2020-05-18 21:15:00,-0.6593458151000687,0.7518398074789775,0.0,0.32020062992711384,0.09994961837114685,0.0
2020-05-18 21:30:00,-0.608761429008721,0.7933533402912349,0.0,0.293814115740048,0.09279071885249363,0.0
2020-05-18 21:45:00,-0.5555702330196022,0.8314696123025452,0.0,0.3072944873345418,0.09871739830846776,0.0
2020-05-18 22:00:00,-0.5000000000000004,0.8660254037844384,0.0,0.29405783595779167,0.10139524342858025,0.0
2020-05-18 22:15:00,-0.4422886902190014,0.8968727415326883,0.0,0.27815187229786087,0.09539896678549603,0.0
2020-05-18 22:30:00,-0.38268343236508956,0.9238795325112868,0.0,0.27853556283253456,0.09504491136341214,0.0
2020-05-18 22:45:00,-0.32143946530316186,0.9469301294951056,0.0,0.2746688897436953,0.09464770971232633,0.0
2020-05-18 23:00:00,-0.2588190451025207,0.9659258262890683,0.0,0.27483154052416525,0.09615696176977989,0.0
2020-05-18 23:15:00,-0.19509032201612872,0.9807852804032303,0.0,0.2686233659532733,0.09354591151519115,0.0
2020-05-18 23:30:00,-0.13052619222005168,0.9914448613738104,0.0,0.26318266427087633,0.09126978126299928,0.0
2020-05-18 23:45:00,-0.06540312923014367,0.9978589232386035,0.0,0.2644281959719881,0.09130345145939162,0.0
2020-05-19 00:00:00,0.0,1.0,0.0,0.267782134246523,0.09479751108184237,0.0
2020-05-19 00:15:00,0.06540312923014306,0.9978589232386035,0.0,0.26425970588451886,0.093124339732582,0.0
2020-05-19 00:30:00,0.13052619222005157,0.9914448613738104,0.0,0.25872620623955034,0.08860156248798762,0.0
2020-05-19 00:45:00,0.19509032201612825,0.9807852804032304,0.0,0.25450502137958453,0.08594161962527086,0.0
2020-05-19 01:00:00,0.25881904510252074,0.9659258262890683,0.0,0.25197585851423465,0.08460835308085374,0.0
2020-05-19 01:15:00,0.3214394653031616,0.9469301294951057,0.0,0.24909908310666995,0.08247718465153603,0.0
2020-05-19 01:30:00,0.3826834323650898,0.9238795325112867,0.0,0.24301748176492377,0.07772656909145653,0.0
2020-05-19 01:45:00,0.4422886902190013,0.8968727415326883,0.0,0.2419039822153537,0.0782565948317297,0.0
2020-05-19 02:00:00,0.49999999999999994,0.8660254037844387,0.0,0.2403297168582179,0.0771866038633216,0.0
2020-05-19 02:15:00,0.5555702330196022,0.8314696123025452,0.0,0.23503813999400025,0.07534167394494301,0.0
2020-05-19 02:30:00,0.6087614290087207,0.7933533402912352,0.0,0.23045270920997063,0.07468216004145606,0.0
2020-05-19 02:45:00,0.6593458151000688,0.7518398074789774,0.0,0.2300210650074319,0.0745682933468384,0.0
2020-05-19 03:00:00,0.7071067811865476,0.7071067811865476,0.0,0.23029770097126945,0.07767097810856377,0.0
2020-05-19 03:15:00,0.7518398074789773,0.659345815100069,0.0,0.23134105094497381,0.07822570390438105,0.0
2020-05-19 03:30:00,0.7933533402912352,0.6087614290087207,0.0,0.2297439319472132,0.0775396814857931,0.0
2020-05-19 03:45:00,0.8314696123025452,0.5555702330196023,0.0,0.2263883167286218,0.0759008141043272,0.0
2020-05-19 04:00:00,0.8660254037844386,0.5000000000000001,0.0,0.2270880355315723,0.07850391985790278,0.0
2020-05-19 04:15:00,0.8968727415326884,0.44228869021900125,0.0,0.22905196281887186,0.08147504705695036,0.0
2020-05-19 04:30:00,0.9238795325112867,0.38268343236508984,0.0,0.22839031001578958,0.08030872271149087,0.0
2020-05-19 04:45:00,0.9469301294951057,0.3214394653031615,0.0,0.22786227411104298,0.07866574501214069,0.0
2020-05-19 05:00:00,0.9659258262890683,0.25881904510252074,0.0,0.22310246490351626,0.076188099349417,0.0
2020-05-19 05:15:00,0.9807852804032304,0.19509032201612833,0.0,0.22048844142173274,0.07393607980088984,0.0
2020-05-19 05:30:00,0.9914448613738104,0.1305261922200517,0.0,0.21564346412651858,0.07201255013226787,0.0
2020-05-19 05:45:00,0.9978589232386035,0.06540312923014305,0.000322857271583675,0.2145237182281734,0.07166728756954449,0.0
2020-05-19 06:00:00,1.0,6.123233995736766e-17,0.008027204525711939,0.21259007884442038,0.0761642571706897,0.006861786725657133
2020-05-19 06:15:00,0.9978589232386035,-0.06540312923014292,0.03235526196354224,0.21298843151667168,0.08775986957216558,0.04063696086178572
2020-05-19 06:30:00,0.9914448613738105,-0.13052619222005138,0.05268585681047982,0.21795351121744577,0.09780715293188474,0.06800621642947836
2020-05-19 06:45:00,0.9807852804032305,-0.19509032201612797,0.07612979745061721,0.2237726146642811,0.11362585917981233,0.09852114824845347
2020-05-19 07:00:00,0.9659258262890683,-0.25881904510252085,0.09335221629431077,0.23182932714265814,0.12904667331582792,0.12140151330919009
2020-05-19 07:15:00,0.9469301294951057,-0.3214394653031616,0.21728480576636258,0.25655118478079486,0.17832367934129384,0.27073259554241264
2020-05-19 07:30:00,0.9238795325112867,-0.3826834323650897,0.32122003371125857,0.2986075497240177,0.2628600026216987,0.3848056714905411
2020-05-19 07:45:00,0.8968727415326884,-0.44228869021900113,0.3136474032741225,0.30611935148879166,0.26280838936739,0.36806910170190776
2020-05-19 08:00:00,0.8660254037844387,-0.4999999999999998,0.28456872909036457,0.31319088668490025,0.2613443277045437,0.3600728838304741
2020-05-19 08:15:00,0.8314696123025451,-0.5555702330196023,0.3200671578482594,0.30617713346045483,0.24821829962358694,0.3803106655481976
2020-05-19 08:30:00,0.7933533402912352,-0.6087614290087207,0.3306862774229619,0.3253043787849572,0.29618997524137886,0.41234676721634533
2020-05-19 08:45:00,0.7518398074789774,-0.6593458151000688,0.20846844856520722,0.31828629348654447,0.25376021824112555,0.2707000156497925
2020-05-19 09:00:00,0.7071067811865476,-0.7071067811865475,0.44799938343123036,0.35600943562034404,0.33589855451395195,0.5256828259119366
2020-05-19 09:15:00,0.6593458151000686,-0.7518398074789776,0.25059023499705035,0.3532998020649556,0.3079707792010901,0.3456314619767262
2020-05-19 09:30:00,0.6087614290087204,-0.7933533402912353,0.21592072466016424,0.34854242111779454,0.2659156545949259,0.2805208863218524
2020-05-19 09:45:00,0.5555702330196022,-0.8314696123025453,0.2044015265041239,0.3473896121972091,0.2505282830300373,0.27135878393959345
2020-05-19 10:00:00,0.49999999999999994,-0.8660254037844387,0.23987774731931888,0.36314120795773075,0.2561404438349068,0.309604913548486
2020-05-19 10:15:00,0.4422886902190013,-0.8968727415326883,0.7060471762475368,0.4383228194707314,0.45844596858220593,0.1289509110067537
2020-05-19 10:30:00,0.3826834323650899,-0.9238795325112867,0.7119927748065309,0.4911085557533843,0.5901294690345613,0.6309215295941296
2020-05-19 10:45:00,0.32143946530316175,-0.9469301294951056,0.8041964895701625,0.5208929938084637,0.607105572320211,0.5872115445687208
2020-05-19 11:00:00,0.258819045102521,-0.9659258262890682,0.867142624556824,0.5322355954824023,0.6284854952373331,0.5995174814190899
2020-05-19 11:15:00,0.19509032201612816,-0.9807852804032304,0.8684525740092972,0.5497012587814498,0.6469660229318812,0.6239948155413025
2020-05-19 11:30:00,0.13052619222005157,-0.9914448613738104,0.8477990774155973,0.576378105803034,0.6628666139421309,0.5815542482749465
2020-05-19 11:45:00,0.06540312923014312,-0.9978589232386035,0.8621373121073582,0.5935028570888656,0.6617559811431817,0.6056567705809076
2020-05-19 12:00:00,1.2246467991473532e-16,-1.0,0.8804999925800779,0.6096066293766615,0.6780676083788382,0.6074451956853493
2020-05-19 12:15:00,-0.06540312923014287,-0.9978589232386035,0.8398841195563781,0.6370045838317322,0.6964105720592426,0.6235759260986469
2020-05-19 12:30:00,-0.13052619222005132,-0.9914448613738105,0.7593678944409692,0.6438990425582762,0.6915052402284583,0.5711962921721855
2020-05-19 12:45:00,-0.19509032201612792,-0.9807852804032305,0.7679711372876286,0.6483586124205121,0.6535785996038719,0.6041663030784028
2020-05-19 13:00:00,-0.25881904510252035,-0.9659258262890684,0.7003998547554376,0.6625258886588639,0.6414756073378387,0.6089530260175654
2020-05-19 13:15:00,-0.3214394653031611,-0.9469301294951058,0.8247069022593594,0.686620204968555,0.6761595779259739,0.6490048362722708
2020-05-19 13:30:00,-0.3826834323650892,-0.923879532511287,0.7640606439337744,0.7133188755169899,0.7145479986767633,0.6299117496181965
2020-05-19 13:45:00,-0.44228869021900147,-0.8968727415326883,0.626949841998609,0.6898331600166596,0.6492469180702227,0.5689582573970303
2020-05-19 14:00:00,-0.5000000000000001,-0.8660254037844386,0.5925720563312564,0.7146196244925744,0.6383665146633828,0.6012653515309616
2020-05-19 14:15:00,-0.5555702330196023,-0.8314696123025452,0.638727063737936,0.7379656758238218,0.6465821616383529,0.6842239326526769
2020-05-19 14:30:00,-0.6087614290087207,-0.7933533402912352,0.5542251646421582,0.7439156197899124,0.6344035189346047,0.5894502051925267
2020-05-19 14:45:00,-0.6593458151000688,-0.7518398074789774,0.45345020494316113,0.7398996052854956,0.5750447672379253,0.5518092533475392
2020-05-19 15:00:00,-0.7071067811865475,-0.7071067811865477,0.3360782708947843,0.7048329044323614,0.4752379217392078,0.44884838841469027
2020-05-19 15:15:00,-0.7518398074789773,-0.6593458151000691,0.2124232646173757,0.6739289550998586,0.42651358685876456,0.28744946003924177
2020-05-19 15:30:00,-0.7933533402912349,-0.6087614290087209,0.08842307955000087,0.3351519439968291,0.19934000231536259,0.13558234966614727
2020-05-19 15:45:00,-0.8314696123025448,-0.555570233019603,0.0401532439329829,0.19794441913142946,0.09189366066331034,0.0681121677918334
2020-05-19 16:00:00,-0.8660254037844385,-0.5000000000000004,0.0305442512617186,0.15355033519765104,0.05518299438961227,0.04777108769106292
2020-05-19 16:15:00,-0.8968727415326883,-0.44228869021900136,0.020935258590454302,0.1091562512638724,0.018472328115914094,0.027430007590292436
2020-05-19 16:30:00,-0.9238795325112868,-0.3826834323650895,0.04980601860270009,0.1340338425245715,0.033538099871185334,0.06735669281831877
2020-05-19 16:45:00,-0.9469301294951056,-0.3214394653031618,0.02509475752162822,0.18453751916265415,0.044880846679468234,0.030567950140390366
2020-05-19 17:00:00,-0.9659258262890683,-0.25881904510252063,0.01454488179665904,0.15126650909908768,0.03672705324516584,0.017801889361974837
2020-05-19 17:15:00,-0.9807852804032303,-0.19509032201612866,0.007125191921746121,0.1471690260560563,0.036776575757818064,0.005478929428304781
2020-05-19 17:30:00,-0.9914448613738104,-0.13052619222005163,0.003993934470426309,0.13084602102998377,0.036595840404753444,0.0
2020-05-19 17:45:00,-0.9978589232386035,-0.06540312923014362,0.004187929378179784,0.10764960825039749,0.03677682219693251,0.0
2020-05-19 18:00:00,-1.0,-1.8369701987210297e-16,0.0024574202998903544,0.09038330681634799,0.03204708234997716,0.0
2020-05-19 18:15:00,-0.9978589232386036,0.06540312923014237,0.005208334383335626,0.1008135896062552,0.024740832517180955,0.0013748643160125128
2020-05-19 18:30:00,-0.9914448613738104,0.13052619222005213,0.005801183578245756,0.1549872547178719,0.02576733545926807,0.0006421207156904761
2020-05-19 18:45:00,-0.9807852804032304,0.1950903220161283,0.0020532856654236465,0.13480248341310874,0.03377403585075811,0.0
2020-05-19 19:00:00,-0.9659258262890682,0.25881904510252113,0.0021156548953089583,0.20429348793197177,0.053387412674264445,0.0
2020-05-19 19:15:00,-0.9469301294951057,0.3214394653031615,5.823271816130288e-06,0.03871926114517943,0.0006580860835438962,0.0
2020-05-19 19:30:00,-0.9238795325112866,0.38268343236509,4.939740919889832e-05,0.052159474624480895,0.005531250074432781,0.0
2020-05-19 19:45:00,-0.8968727415326884,0.442288690219001,0.00022827225276534244,0.08349202495665087,0.013713981439564815,0.0
2020-05-19 20:00:00,-0.8660254037844386,0.5000000000000001,0.002313244493817078,0.14901636779386362,0.02174526617770889,0.0
2020-05-19 20:15:00,-0.8314696123025455,0.5555702330196018,0.0026111551199706875,0.18917491120204666,0.053858106078377266,0.0
2020-05-19 20:30:00,-0.7933533402912352,0.6087614290087205,0.0015915604098890434,0.18298385841271814,0.06030747580690882,0.0
2020-05-19 20:45:00,-0.7518398074789777,0.6593458151000684,0.0007977882421468962,0.1601418088047062,0.05802418134508258,0.0
2020-05-19 21:00:00,-0.7071067811865477,0.7071067811865474,0.00032409519223157863,0.1735685737724595,0.06079101478169824,0.0
2020-05-19 21:15:00,-0.6593458151000687,0.7518398074789775,3.4939630896781733e-06,0.17021883151318362,0.060509727411536485,0.0
2020-05-19 21:30:00,-0.608761429008721,0.7933533402912349,2.329302841062132e-06,0.18518108170329128,0.06404944770045945,0.0
2020-05-19 21:45:00,-0.5555702330196022,0.8314696123025452,0.0,0.18659453070928889,0.06534071437171135,0.0
2020-05-19 22:00:00,-0.5000000000000004,0.8660254037844384,0.0,0.18340597128099256,0.06389831142938945,0.0
2020-05-19 22:15:00,-0.4422886902190014,0.8968727415326883,0.0,0.17902517352730074,0.06154826033526539,0.0
2020-05-19 22:30:00,-0.38268343236508956,0.9238795325112868,0.0,0.17712137353860702,0.05889487996125109,0.0
2020-05-19 22:45:00,-0.32143946530316186,0.9469301294951056,0.0,0.16674273337838996,0.056254405664640295,0.0
2020-05-19 23:00:00,-0.2588190451025207,0.9659258262890683,0.0,0.1547075434743288,0.04817473683762313,0.0
2020-05-19 23:15:00,-0.19509032201612872,0.9807852804032303,0.0,0.1393950892616047,0.03231021975945786,0.0
2020-05-19 23:30:00,-0.13052619222005168,0.9914448613738104,0.0,0.1138341685374944,0.012237203895183735,0.0
2020-05-19 23:45:00,-0.06540312923014367,0.9978589232386035,0.0,0.11075560357173853,0.011962605257378744,0.0
2020-05-20 00:00:00,0.0,1.0,0.0,0.10563837418853339,0.013291271010087369,0.0
2020-05-20 00:15:00,0.06540312923014306,0.9978589232386035,2.5301108451022936e-05,0.1404662955384659,0.024240971598746552,0.0
2020-05-20 00:30:00,0.13052619222005157,0.9914448613738104,0.00012927663310454928,0.20560158357362557,0.0503325132054262,0.0
2020-05-20 00:45:00,0.19509032201612825,0.9807852804032304,0.0,0.21006585448793724,0.06060140358012017,0.0
2020-05-20 01:00:00,0.25881904510252074,0.9659258262890683,0.0,0.20150821997738233,0.05655818725949169,0.0
2020-05-20 01:15:00,0.3214394653031616,0.9469301294951057,0.0,0.19233298644412677,0.052990921537238056,0.0
2020-05-20 01:30:00,0.3826834323650898,0.9238795325112867,0.0,0.18514778903865547,0.04948904041024238,0.0
2020-05-20 01:45:00,0.4422886902190013,0.8968727415326883,0.0,0.18943598857850708,0.05024819776320416,0.0
2020-05-20 02:00:00,0.49999999999999994,0.8660254037844387,0.0,0.1943404206301651,0.05253730302733772,0.0
2020-05-20 02:15:00,0.5555702330196022,0.8314696123025452,0.0,0.18949299711407885,0.05317276970840834,0.0
2020-05-20 02:30:00,0.6087614290087207,0.7933533402912352,0.0,0.18127024536951541,0.04606567847353016,0.0
2020-05-20 02:45:00,0.6593458151000688,0.7518398074789774,0.0,0.1724547034172217,0.0425352175976807,0.0
2020-05-20 03:00:00,0.7071067811865476,0.7071067811865476,0.0,0.16640049247681343,0.041786913778280754,0.0
2020-05-20 03:15:00,0.7518398074789773,0.659345815100069,0.0,0.16125490811858678,0.040437896200064494,0.0
2020-05-20 03:30:00,0.7933533402912352,0.6087614290087207,0.0,0.1595324159055358,0.045749496346008944,0.0
2020-05-20 03:45:00,0.8314696123025452,0.5555702330196023,0.0,0.16792517763748305,0.0470966901458818,0.0
2020-05-20 04:00:00,0.8660254037844386,0.5000000000000001,0.0,0.16741346625690579,0.04813303059931551,0.0
2020-05-20 04:15:00,0.8968727415326884,0.44228869021900125,3.0119707897052416e-05,0.17813001474057777,0.06517195711967433,0.0
2020-05-20 04:30:00,0.9238795325112867,0.38268343236508984,0.0,0.17648210519732688,0.05704608440417769,0.0
2020-05-20 04:45:00,0.9469301294951057,0.3214394653031615,0.0,0.16773754814196185,0.04468166093904069,0.0
2020-05-20 05:00:00,0.9659258262890683,0.25881904510252074,0.0,0.16318832611547562,0.04121448068017142,0.0
2020-05-20 05:15:00,0.9807852804032304,0.19509032201612833,0.0,0.16181854596786405,0.041425234582975035,0.0
2020-05-20 05:30:00,0.9914448613738104,0.1305261922200517,0.0,0.16047713094138372,0.04014830708884537,0.0
2020-05-20 05:45:00,0.9978589232386035,0.06540312923014305,0.0004309123948844426,0.15043251131684698,0.037142403444035244,0.0
2020-05-20 06:00:00,1.0,6.123233995736766e-17,0.012011763687790193,0.14801090654668636,0.039317166263608705,0.006855045441618835
2020-05-20 06:15:00,0.9978589232386035,-0.06540312923014292,0.030001036553588288,0.14895872288921774,0.050458672978121566,0.018808808315504393
2020-05-20 06:30:00,0.9914448613738105,-0.13052619222005138,0.048472231783016954,0.15289230869268589,0.06125866807601066,0.03223483543685236
2020-05-20 06:45:00,0.9807852804032305,-0.19509032201612797,0.07419667017401387,0.16815687490367415,0.08306804139110163,0.050074400887603586
2020-05-20 07:00:00,0.9659258262890683,-0.25881904510252085,0.09724806283419095,0.17832097984860806,0.10417242254877018,0.06604055098713855
2020-05-20 07:15:00,0.9469301294951057,-0.3214394653031616,0.15856450374732994,0.19154674123510662,0.13575965992193412,0.10638951418122973
2020-05-20 07:30:00,0.9238795325112867,-0.3826834323650897,0.2691967971074186,0.21673231171620144,0.1915894077625941,0.16937864172389186
2020-05-20 07:45:00,0.8968727415326884,-0.44228869021900113,0.3175630608641577,0.24755890168472838,0.24956184385897134,0.2075516900917644
2020-05-20 08:00:00,0.8660254037844387,-0.4999999999999998,0.3499125137929622,0.26058957385297865,0.26889338005129854,0.22771603294066753
2020-05-20 08:15:00,0.8314696123025451,-0.5555702330196023,0.3610402945790293,0.2868434688635546,0.2999969102156889,0.24307886494085976
2020-05-20 08:30:00,0.7933533402912352,-0.6087614290087207,0.45414719747283055,0.3042800389162694,0.33572010012320014,0.30478165892950837
2020-05-20 08:45:00,0.7518398074789774,-0.6593458151000688,0.4561839547088222,0.3198795970427082,0.35360255590507833,0.3140103516082093
2020-05-20 09:00:00,0.7071067811865476,-0.7071067811865475,0.5185362619220518,0.34630187103769505,0.3905660196403748,0.34668767992254634
2020-05-20 09:15:00,0.6593458151000686,-0.7518398074789776,0.5830463577634436,0.3737018250327102,0.4400407138337941,0.3440365135123227
2020-05-20 09:30:00,0.6087614290087204,-0.7933533402912353,0.5889083640341941,0.40093568745550545,0.47693879691507396,0.3333092172986569
2020-05-20 09:45:00,0.5555702330196022,-0.8314696123025453,0.6246054451344846,0.41295104026464236,0.5022956577138258,0.32306271589990304
2020-05-20 10:00:00,0.49999999999999994,-0.8660254037844387,0.6803175648330717,0.4199709257098774,0.5154506527271978,0.29902438778412094
2020-05-20 10:15:00,0.4422886902190013,-0.8968727415326883,0.7864407924540239,0.4363001670016342,0.5410064970980593,0.20580381997989275
2020-05-20 10:30:00,0.3826834323650899,-0.9238795325112867,0.7728870215187384,0.4679666924955752,0.5745910789754933,0.13463256175373806
2020-05-20 10:45:00,0.32143946530316175,-0.9469301294951056,0.8301766660234395,0.49930208172198864,0.6177321966086999,0.14132463620669625
2020-05-20 11:00:00,0.258819045102521,-0.9659258262890682,0.7992729385568014,0.505969546377073,0.6173336388980051,0.13697539935581218
2020-05-20 11:15:00,0.19509032201612816,-0.9807852804032304,0.8193590322864269,0.525646778306158,0.6222461469108735,0.1417344597846108
2020-05-20 11:30:00,0.13052619222005157,-0.9914448613738104,0.8231287055082493,0.5539449541418535,0.667393981047067,0.14255780838817436
2020-05-20 11:45:00,0.06540312923014312,-0.9978589232386035,0.8122793558481629,0.5702395067020196,0.6925747410452823,0.14800819911800397
2020-05-20 12:00:00,1.2246467991473532e-16,-1.0,0.8088583619491907,0.5819949117559744,0.67563705985343,0.1974860410716932
2020-05-20 12:15:00,-0.06540312923014287,-0.9978589232386035,0.8404502704099127,0.601699267325623,0.695405076428073,0.21456031879228232
2020-05-20 12:30:00,-0.13052619222005132,-0.9914448613738105,0.8212706384409479,0.6070437673090554,0.6881667070868207,0.19359581950267418
2020-05-20 12:45:00,-0.19509032201612792,-0.9807852804032305,0.8196248853004601,0.6265214352071695,0.6867459631589339,0.19363481881431222
2020-05-20 13:00:00,-0.25881904510252035,-0.9659258262890684,0.8102063249117029,0.6533377198433883,0.7088616561537937,0.19156025570673835
2020-05-20 13:15:00,-0.3214394653031611,-0.9469301294951058,0.8051946897373552,0.6639698376914334,0.7069034632943192,0.18988673641457815
2020-05-20 13:30:00,-0.3826834323650892,-0.923879532511287,0.7672408007389292,0.676227504127134,0.6937348489628394,0.18084072001634213
2020-05-20 13:45:00,-0.44228869021900147,-0.8968727415326883,0.753289978558851,0.6949921778248167,0.6939216077221422,0.1773805279959625
2020-05-20 14:00:00,-0.5000000000000001,-0.8660254037844386,0.7539707125156212,0.6908363918924385,0.684538605630828,0.17747252774762576
2020-05-20 14:15:00,-0.5555702330196023,-0.8314696123025452,0.7091666249725596,0.7336544314007205,0.7047007433758881,0.5868917627302622
2020-05-20 14:30:00,-0.6087614290087207,-0.7933533402912352,0.6735796591213463,0.7249824028794749,0.6705897545033201,0.628553067960154
2020-05-20 14:45:00,-0.6593458151000688,-0.7518398074789774,0.6358524970622483,0.7535613074056056,0.653815673437107,0.632906471174913
2020-05-20 15:00:00,-0.7071067811865475,-0.7071067811865477,0.5925053377364528,0.7540808643131758,0.6384728961974853,0.737047686663115
2020-05-20 15:15:00,-0.7518398074789773,-0.6593458151000691,0.5389026432907672,0.7565081802090414,0.6224821194274865,0.716585189516985
2020-05-20 15:30:00,-0.7933533402912349,-0.6087614290087209,0.5234735432803501,0.766219343887969,0.6085983606484904,0.7036759345672732
2020-05-20 15:45:00,-0.8314696123025448,-0.555570233019603,0.47529193066341346,0.7771914853028825,0.5861737486881624,0.6431074644360609
2020-05-20 16:00:00,-0.8660254037844385,-0.5000000000000004,0.3677099200590826,0.7643485710005054,0.5399717437006248,0.499665403429908
2020-05-20 16:15:00,-0.8968727415326883,-0.44228869021900136,0.26955907119992256,0.7401502394156516,0.4565022376980204,0.3709445007430075
2020-05-20 16:30:00,-0.9238795325112868,-0.3826834323650895,0.2221368684037694,0.7159900682336064,0.4124863890880141,0.3013781687968885
2020-05-20 16:45:00,-0.9469301294951056,-0.3214394653031618,0.21446658404227706,0.7007665049747884,0.38189873144394987,0.29571273647065416
2020-05-20 17:00:00,-0.9659258262890683,-0.25881904510252063,0.1877326211192143,0.6955888928126608,0.3732167704034421,0.25493290330259255
2020-05-20 17:15:00,-0.9807852804032303,-0.19509032201612866,0.16576422789330597,0.6818178765640632,0.3478157341664276,0.22619872547173966
2020-05-20 17:30:00,-0.9914448613738104,-0.13052619222005163,0.14469070155074432,0.6762421264365013,0.33514329162775675,0.19486602404288786
2020-05-20 17:45:00,-0.9978589232386035,-0.06540312923014362,0.10149864656356195,0.643107558553339,0.3027608669428909,0.13649633903573244
2020-05-20 18:00:00,-1.0,-1.8369701987210297e-16,0.0652686215251233,0.6133203741793947,0.2693084218914286,0.08644847413092152
2020-05-20 18:15:00,-0.9978589232386036,0.06540312923014237,0.03283565955506496,0.5835241169142187,0.23764461346611493,0.0433667517439362
2020-05-20 18:30:00,-0.9914448613738104,0.13052619222005213,0.010062656383774371,0.5531242874661719,0.20864052107145853,0.012708607872274803
2020-05-20 18:45:00,-0.9807852804032304,0.1950903220161283,0.00033181240766152483,0.5267612842112195,0.18468243768082343,0.0
2020-05-20 19:00:00,-0.9659258262890682,0.25881904510252113,0.0,0.5041308298412612,0.17255867651177897,0.0
2020-05-20 19:15:00,-0.9469301294951057,0.3214394653031615,0.0,0.48465437884618057,0.1646121836102788,0.0
2020-05-20 19:30:00,-0.9238795325112866,0.38268343236509,0.0,0.4631359921008462,0.16046780373569974,0.0
2020-05-20 19:45:00,-0.8968727415326884,0.442288690219001,0.0,0.4420652095154647,0.15294261081989785,0.0
2020-05-20 20:00:00,-0.8660254037844386,0.5000000000000001,0.0,0.4209589924909025,0.14297224948108928,0.0
2020-05-20 20:15:00,-0.8314696123025455,0.5555702330196018,0.0,0.4079664190925656,0.1364689872214982,0.0
2020-05-20 20:30:00,-0.7933533402912352,0.6087614290087205,0.0,0.39179290906014774,0.14325179122846304,0.0
2020-05-20 20:45:00,-0.7518398074789777,0.6593458151000684,0.0,0.3555120742426603,0.14174536179370562,0.0
2020-05-20 21:00:00,-0.7071067811865477,0.7071067811865474,0.0,0.35557032381766396,0.12910924312129662,0.0
2020-05-20 21:15:00,-0.6593458151000687,0.7518398074789775,0.0,0.36211176338563145,0.12025690148358897,0.0
2020-05-20 21:30:00,-0.608761429008721,0.7933533402912349,0.0,0.3576737920712807,0.12381701965352904,0.0
2020-05-20 21:45:00,-0.5555702330196022,0.8314696123025452,0.0,0.3414194576206966,0.11978086011272998,0.0
2020-05-20 22:00:00,-0.5000000000000004,0.8660254037844384,0.0,0.3217155786661512,0.11221186607742101,0.0
2020-05-20 22:15:00,-0.4422886902190014,0.8968727415326883,0.0,0.3056470300179186,0.10208519385166587,0.0
2020-05-20 22:30:00,-0.38268343236508956,0.9238795325112868,0.0,0.29621774166591863,0.09465348425025749,0.0
2020-05-20 22:45:00,-0.32143946530316186,0.9469301294951056,0.0,0.2811735213034232,0.08694357309696937,0.0
2020-05-20 23:00:00,-0.2588190451025207,0.9659258262890683,0.0,0.26589485143205494,0.0753548553638958,0.0
2020-05-20 23:15:00,-0.19509032201612872,0.9807852804032303,0.0,0.26083268687959227,0.06834478023313922,0.0
2020-05-20 23:30:00,-0.13052619222005168,0.9914448613738104,0.0,0.26109084009667205,0.07011603514317272,0.0
2020-05-20 23:45:00,-0.06540312923014367,0.9978589232386035,0.0,0.2506377682609404,0.06872504659422646,0.0
2020-05-21 00:00:00,0.0,1.0,0.0,0.23990291342158243,0.06686780500701034,0.0
2020-05-21 00:15:00,0.06540312923014306,0.9978589232386035,0.0,0.2300243700555713,0.06161683939320706,0.0
2020-05-21 00:30:00,0.13052619222005157,0.9914448613738104,0.0,0.21677185098168983,0.05663671569557971,0.0
2020-05-21 00:45:00,0.19509032201612825,0.9807852804032304,0.0,0.2123069872446519,0.05658444410527802,0.0
2020-05-21 01:00:00,0.25881904510252074,0.9659258262890683,0.0,0.20732200490886332,0.05137159820036419,0.0
2020-05-21 01:15:00,0.3214394653031616,0.9469301294951057,0.0,0.19892542931080204,0.04792638272612737,0.0
2020-05-21 01:30:00,0.3826834323650898,0.9238795325112867,0.0,0.19154598878444795,0.04570032081130104,0.0
2020-05-21 01:45:00,0.4422886902190013,0.8968727415326883,0.0,0.18590836477787764,0.04355192861296475,0.0
2020-05-21 02:00:00,0.49999999999999994,0.8660254037844387,0.0,0.17056279240101024,0.03778038488481644,0.0
2020-05-21 02:15:00,0.5555702330196022,0.8314696123025452,0.0,0.16171804660348,0.031994608987960194,0.0
2020-05-21 02:30:00,0.6087614290087207,0.7933533402912352,0.0,0.16757587056882195,0.04611696862043041,0.0
2020-05-21 02:45:00,0.6593458151000688,0.7518398074789774,0.0,0.16083818436980968,0.04550417713890065,0.0
2020-05-21 03:00:00,0.7071067811865476,0.7071067811865476,0.0,0.15481672412790215,0.04341304101107313,0.0
2020-05-21 03:15:00,0.7518398074789773,0.659345815100069,0.0,0.15125705897421682,0.04062793952526805,0.0
2020-05-21 03:30:00,0.7933533402912352,0.6087614290087207,0.0,0.1461895581349526,0.0374106808516268,0.0
2020-05-21 03:45:00,0.8314696123025452,0.5555702330196023,0.0,0.13630256312214817,0.03265534189997377,0.0
2020-05-21 04:00:00,0.8660254037844386,0.5000000000000001,0.0,0.1358320010876175,0.03434981260859704,0.0
2020-05-21 04:15:00,0.8968727415326884,0.44228869021900125,0.0,0.1427967124896321,0.03839445493966798,0.0
2020-05-21 04:30:00,0.9238795325112867,0.38268343236508984,0.0,0.14933395572724373,0.04132205908740255,0.0
2020-05-21 04:45:00,0.9469301294951057,0.3214394653031615,0.0,0.15359765228487654,0.03779475182414049,0.0
2020-05-21 05:00:00,0.9659258262890683,0.25881904510252074,0.0,0.15623737258684178,0.03941862251048445,0.0
2020-05-21 05:15:00,0.9807852804032304,0.19509032201612833,0.0,0.1548168700176229,0.037218990038060173,0.0
2020-05-21 05:30:00,0.9914448613738104,0.1305261922200517,0.0,0.14984103972532936,0.03357438303607635,0.0
2020-05-21 05:45:00,0.9978589232386035,0.06540312923014305,0.00037967659177386886,0.15109704511107624,0.0342343482240654,0.0
2020-05-21 06:00:00,1.0,6.123233995736766e-17,0.009024057785630197,0.1473487839976073,0.030892297859362927,0.008332227071337303
2020-05-21 06:15:00,0.9978589232386035,-0.06540312923014292,0.02905929060790972,0.15383106972637517,0.0415839701512033,0.030283475106530164
2020-05-21 06:30:00,0.9914448613738105,-0.13052619222005138,0.05600456372262154,0.17061218190101957,0.05632795928771683,0.05854520873161149
2020-05-21 06:45:00,0.9807852804032305,-0.19509032201612797,0.0830882041823532,0.18623903804247544,0.06909437935754498,0.08792222253375577
2020-05-21 07:00:00,0.9659258262890683,-0.25881904510252085,0.12046799488323559,0.2074385137008261,0.11497798795889508,0.12127991985704042
2020-05-21 07:15:00,0.9469301294951057,-0.3214394653031616,0.17445668486235308,0.22963716802147194,0.15932095184801226,0.16082863720347648
2020-05-21 07:30:00,0.9238795325112867,-0.3826834323650897,0.25525523108917975,0.2569715455634798,0.21457311268656326,0.22787274544282043
2020-05-21 07:45:00,0.8968727415326884,-0.44228869021900113,0.3011347541969875,0.28358607662553825,0.2559863673094345,0.2687819683490813
2020-05-21 08:00:00,0.8660254037844387,-0.4999999999999998,0.33184268556605695,0.30080778527497776,0.28603415091923884,0.3055763615462567
2020-05-21 08:15:00,0.8314696123025451,-0.5555702330196023,0.41169032118403626,0.332560304598732,0.34364850642132855,0.3831647499723911
2020-05-21 08:30:00,0.7933533402912352,-0.6087614290087207,0.4630572201325255,0.36331582402707685,0.38437043024479084,0.436068702017078
2020-05-21 08:45:00,0.7518398074789774,-0.6593458151000688,0.47994275955691623,0.3822540137288881,0.4047820858498726,0.45443773542638094
2020-05-21 09:00:00,0.7071067811865476,-0.7071067811865475,0.519872810136169,0.4142323999605777,0.4467926741587284,0.492674566712462
2020-05-21 09:15:00,0.6593458151000686,-0.7518398074789776,0.5579043737186538,0.4357745590421569,0.48244440554745144,0.5213234145501299
2020-05-21 09:30:00,0.6087614290087204,-0.7933533402912353,0.6177819613018353,0.4565296597764539,0.5184407013043157,0.5067941593085938
2020-05-21 09:45:00,0.5555702330196022,-0.8314696123025453,0.727207157337036,0.48893111668452716,0.603216056768614,0.3192554103364162
2020-05-21 10:00:00,0.49999999999999994,-0.8660254037844387,0.7537566438931553,0.5256612793663573,0.7009158807069034,0.0920366588522608
2020-05-21 10:15:00,0.4422886902190013,-0.8968727415326883,0.7915229371947194,0.5316396583420022,0.6851898641957943,0.3734616282536261
2020-05-21 10:30:00,0.3826834323650899,-0.9238795325112867,0.8117855936176601,0.5412408285441912,0.6757038631467647,0.3495139409038656
2020-05-21 10:45:00,0.32143946530316175,-0.9469301294951056,0.7072816252685585,0.5490458189269047,0.649380776648447,0.30545444622908663
2020-05-21 11:00:00,0.258819045102521,-0.9659258262890682,0.7851502312503522,0.5614622650554197,0.6530926981153025,0.35429885782263604
2020-05-21 11:15:00,0.19509032201612816,-0.9807852804032304,0.8809164611867908,0.5914120020887552,0.7199173924884197,0.46176114811684643
2020-05-21 11:30:00,0.13052619222005157,-0.9914448613738104,0.8365053945261772,0.6111777329915873,0.7446486299425523,0.47411064403330916
2020-05-21 11:45:00,0.06540312923014312,-0.9978589232386035,0.8272144236073053,0.6321027223380618,0.7283258853084809,0.4775022430415643
2020-05-21 12:00:00,1.2246467991473532e-16,-1.0,0.8424773977314636,0.654150947592719,0.7428110264195982,0.46264159199875027
2020-05-21 12:15:00,-0.06540312923014287,-0.9978589232386035,0.853082990690291,0.6865276524032073,0.8114654319679349,0.4398623461985881
2020-05-21 12:30:00,-0.13052619222005132,-0.9914448613738105,0.8401647294901349,0.707220522317078,0.8116459639876608,0.43687840712005466
2020-05-21 12:45:00,-0.19509032201612792,-0.9807852804032305,0.8326630027919291,0.724064286848368,0.7995618308082579,0.4360350134782765
2020-05-21 13:00:00,-0.25881904510252035,-0.9659258262890684,0.8232048054209636,0.7179174534541888,0.7948987832306185,0.4561300122966742
2020-05-21 13:15:00,-0.3214394653031611,-0.9469301294951058,0.7922205254919767,0.727066618353285,0.7602709950842081,0.4529817432438386
2020-05-21 13:30:00,-0.3826834323650892,-0.923879532511287,0.7993550615374546,0.7345727178150572,0.7578224684758919,0.7244586158831375
2020-05-21 13:45:00,-0.44228869021900147,-0.8968727415326883,0.7495223970355934,0.7675171930926479,0.7999246914339677,0.7619714118058372
2020-05-21 14:00:00,-0.5000000000000001,-0.8660254037844386,0.7211997252243016,0.7668117026024279,0.7606853064561969,0.7410033004754445
2020-05-21 14:15:00,-0.5555702330196023,-0.8314696123025452,0.7064478702830188,0.7844068833301452,0.7743724514892292,0.7255057858456065
2020-05-21 14:30:00,-0.6087614290087207,-0.7933533402912352,0.6930265369416162,0.7969274161977282,0.7621069596457608,0.7142823347030001
2020-05-21 14:45:00,-0.6593458151000688,-0.7518398074789774,0.6348781438655146,0.8048982688253636,0.703846556370429,0.6646192415486828
2020-05-21 15:00:00,-0.7071067811865475,-0.7071067811865477,0.603814919735973,0.8013940994915385,0.6708202298561416,0.6420798030701058
2020-05-21 15:15:00,-0.7518398074789773,-0.6593458151000691,0.5506779149219193,0.8150569066553912,0.6697137239580344,0.5881643007918737
2020-05-21 15:30:00,-0.7933533402912349,-0.6087614290087209,0.4036771069796412,0.8044021850383165,0.6041203155486636,0.4395773168416372
2020-05-21 15:45:00,-0.8314696123025448,-0.555570233019603,0.4006967435356198,0.7998296250677455,0.5630162621981476,0.4414335481770423
2020-05-21 16:00:00,-0.8660254037844385,-0.5000000000000004,0.3933370219350781,0.8059128444935033,0.5545997157369182,0.4311649096174412
2020-05-21 16:15:00,-0.8968727415326883,-0.44228869021900136,0.3280944624043652,0.8143078228039273,0.533447274143114,0.3611185875189614
2020-05-21 16:30:00,-0.9238795325112868,-0.3826834323650895,0.3199165319723616,0.8217309908596528,0.5096703612036906,0.35512730262235587
2020-05-21 16:45:00,-0.9469301294951056,-0.3214394653031618,0.2534261695900097,0.8176648901136472,0.4838709884612374,0.2811159432190049
2020-05-21 17:00:00,-0.9659258262890683,-0.25881904510252063,0.2167066683945067,0.8123191243872101,0.4473552781485149,0.2398394365616919
2020-05-21 17:15:00,-0.9807852804032303,-0.19509032201612866,0.17072977253460006,0.7769711018318566,0.40567846546923353,0.1862701001128959
2020-05-21 17:30:00,-0.9914448613738104,-0.13052619222005163,0.12361177668619602,0.7621095439082666,0.36325108149273705,0.13271531911557785
2020-05-21 17:45:00,-0.9978589232386035,-0.06540312923014362,0.08069778796742916,0.7413533127334409,0.3200448089964905,0.08506685064948069
2020-05-21 18:00:00,-1.0,-1.8369701987210297e-16,0.04822863279158835,0.7054259312776316,0.280141626779342,0.050115957238014736
2020-05-21 18:15:00,-0.9978589232386036,0.06540312923014237,0.025069804810250323,0.6674631447004886,0.24923675095709547,0.02598260741565563
2020-05-21 18:30:00,-0.9914448613738104,0.13052619222005213,0.007536636720235365,0.6327078928798968,0.22431862302192868,0.006946616039921562
2020-05-21 18:45:00,-0.9807852804032304,0.1950903220161283,0.0002514619965255658,0.6094052974647597,0.20980799127700117,0.0
2020-05-21 19:00:00,-0.9659258262890682,0.25881904510252113,0.0,0.5830471194729578,0.19807982717815348,0.0
2020-05-21 19:15:00,-0.9469301294951057,0.3214394653031615,0.0,0.5654581668814325,0.18931784104622723,0.0
2020-05-21 19:30:00,-0.9238795325112866,0.38268343236509,0.0,0.5501718034226488,0.1839670793156281,0.0
2020-05-21 19:45:00,-0.8968727415326884,0.442288690219001,0.0,0.5267708789024057,0.1766359969371381,0.0
2020-05-21 20:00:00,-0.8660254037844386,0.5000000000000001,0.0,0.49678980274027684,0.1694353285664973,0.0
2020-05-21 20:15:00,-0.8314696123025455,0.5555702330196018,0.0,0.46997552526934117,0.15980684664390848,0.0
2020-05-21 20:30:00,-0.7933533402912352,0.6087614290087205,0.0,0.44456892505411316,0.1515748250514733,0.0
2020-05-21 20:45:00,-0.7518398074789777,0.6593458151000684,0.0,0.4285507892135765,0.14476069985261036,0.0
2020-05-21 21:00:00,-0.7071067811865477,0.7071067811865474,0.0,0.4054198235713564,0.1372762828191228,0.0
2020-05-21 21:15:00,-0.6593458151000687,0.7518398074789775,0.0,0.3916266307616876,0.1317094425937561,0.0
2020-05-21 21:30:00,-0.608761429008721,0.7933533402912349,0.0,0.3841556445296319,0.12898374508050664,0.0
2020-05-21 21:45:00,-0.5555702330196022,0.8314696123025452,0.0,0.36678538315138254,0.12105061382918053,0.0
2020-05-21 22:00:00,-0.5000000000000004,0.8660254037844384,0.0,0.36030093447357725,0.11787009277775534,0.0
2020-05-21 22:15:00,-0.4422886902190014,0.8968727415326883,0.0,0.3480287055968616,0.11249876418852484,0.0
2020-05-21 22:30:00,-0.38268343236508956,0.9238795325112868,0.0,0.3310924118803915,0.10228980365701706,0.0
2020-05-21 22:45:00,-0.32143946530316186,0.9469301294951056,0.0,0.3195957202222357,0.0949999399183819,0.0
2020-05-21 23:00:00,-0.2588190451025207,0.9659258262890683,0.0,0.30881512526856225,0.09284867864523699,0.0
2020-05-21 23:15:00,-0.19509032201612872,0.9807852804032303,0.0,0.29935908376657006,0.08867641270502918,0.0
2020-05-21 23:30:00,-0.13052619222005168,0.9914448613738104,0.0,0.29354860274888095,0.08535332915421462,0.0
2020-05-21 23:45:00,-0.06540312923014367,0.9978589232386035,0.0,0.2886165988632683,0.08809349523627635,0.0
2020-05-22 00:00:00,0.0,1.0,0.0,0.2770106523147835,0.08413993776368295,0.0
2020-05-22 00:15:00,0.06540312923014306,0.9978589232386035,0.0,0.2684263805467615,0.08042606647313183,0.0
2020-05-22 00:30:00,0.13052619222005157,0.9914448613738104,0.0,0.25923312758477546,0.08086009867544602,0.0
2020-05-22 00:45:00,0.19509032201612825,0.9807852804032304,0.0,0.24696156551546555,0.07829859604342909,0.0
2020-05-22 01:00:00,0.25881904510252074,0.9659258262890683,0.0,0.23495682635686888,0.07312106742666796,0.0
2020-05-22 01:15:00,0.3214394653031616,0.9469301294951057,0.0,0.22590045765580413,0.06538951429870415,0.0
2020-05-22 01:30:00,0.3826834323650898,0.9238795325112867,0.0,0.21580687725167969,0.058361754967773294,0.0
2020-05-22 01:45:00,0.4422886902190013,0.8968727415326883,0.0,0.21270044886158468,0.057595571373403764,0.0
2020-05-22 02:00:00,0.49999999999999994,0.8660254037844387,0.0,0.20983574833349006,0.05762348168138387,0.0
2020-05-22 02:15:00,0.5555702330196022,0.8314696123025452,0.0,0.20029035545845342,0.052791512410238384,0.0
2020-05-22 02:30:00,0.6087614290087207,0.7933533402912352,0.0,0.19854125970327097,0.05333934891657971,0.0
2020-05-22 02:45:00,0.6593458151000688,0.7518398074789774,0.0,0.19008039639725816,0.05050734254670508,0.0
2020-05-22 03:00:00,0.7071067811865476,0.7071067811865476,0.0,0.18306222482539902,0.04687983830028619,0.0
2020-05-22 03:15:00,0.7518398074789773,0.659345815100069,0.0,0.17544005090080383,0.041781350679259976,0.0
2020-05-22 03:30:00,0.7933533402912352,0.6087614290087207,0.0,0.17035040488408892,0.042148110729272215,0.0
2020-05-22 03:45:00,0.8314696123025452,0.5555702330196023,0.0,0.16569113877635244,0.046291786856828554,0.0
2020-05-22 04:00:00,0.8660254037844386,0.5000000000000001,0.0,0.15598145567328525,0.04177553920768584,0.0
2020-05-22 04:15:00,0.8968727415326884,0.44228869021900125,0.0,0.1465562487674248,0.03652373001955683,0.0
2020-05-22 04:30:00,0.9238795325112867,0.38268343236508984,0.0,0.1397336959651434,0.031560181422150224,0.0
2020-05-22 04:45:00,0.9469301294951057,0.3214394653031615,0.0,0.14031599446471277,0.03036882072669206,0.0
2020-05-22 05:00:00,0.9659258262890683,0.25881904510252074,0.0,0.13699364040109918,0.028891287331584914,0.0
2020-05-22 05:15:00,0.9807852804032304,0.19509032201612833,0.0,0.1317160260339889,0.023421678293039094,0.0
2020-05-22 05:30:00,0.9914448613738104,0.1305261922200517,0.0,0.12469340529826889,0.019988216095572442,0.0
2020-05-22 05:45:00,0.9978589232386035,0.06540312923014305,0.001684088473641485,0.12419239245525393,0.019171753096742183,0.00013718602424888146
2020-05-22 06:00:00,1.0,6.123233995736766e-17,0.01369392404424774,0.12511238293295923,0.020809781365664803,0.013827249750661897
2020-05-22 06:15:00,0.9978589232386035,-0.06540312923014292,0.03316819185543834,0.13543210166922193,0.029710691834824665,0.034470170122114153
2020-05-22 06:30:00,0.9914448613738105,-0.13052619222005138,0.06207326594617036,0.15291142295603088,0.04458410183600103,0.07063853585461886
2020-05-22 06:45:00,0.9807852804032305,-0.19509032201612797,0.09495188833761763,0.18368174581126384,0.07611891257192488,0.11189801942863092
2020-05-22 07:00:00,0.9659258262890683,-0.25881904510252085,0.13855000456291366,0.21353163056257496,0.13880615336794527,0.13123053789510003
2020-05-22 07:15:00,0.9469301294951057,-0.3214394653031616,0.20342497271969534,0.2313243665804976,0.16739529221618749,0.18547400274772588
2020-05-22 07:30:00,0.9238795325112867,-0.3826834323650897,0.3017666848283358,0.26977596067119647,0.23642856089504688,0.2679249490881063
2020-05-22 07:45:00,0.8968727415326884,-0.44228869021900113,0.352132512865782,0.30758814664376777,0.29925483749849774,0.31810923111739514
2020-05-22 08:00:00,0.8660254037844387,-0.4999999999999998,0.3862744077298621,0.34099201686969693,0.33787223424492013,0.36304716695839556
2020-05-22 08:15:00,0.8314696123025451,-0.5555702330196023,0.42546008993831197,0.36183122375315135,0.35662065228743706,0.41373645520468605
2020-05-22 08:30:00,0.7933533402912352,-0.6087614290087207,0.4778470141429745,0.37745754618400196,0.38911046724104276,0.47555034626954146
2020-05-22 08:45:00,0.7518398074789774,-0.6593458151000688,0.5368204494946245,0.39692268464430347,0.43991328386601275,0.5180578078159698
2020-05-22 09:00:00,0.7071067811865476,-0.7071067811865475,0.5917099309101266,0.43353191615352094,0.5043968913509749,0.48760310051858885
2020-05-22 09:15:00,0.6593458151000686,-0.7518398074789776,0.6497382425102284,0.45502674552150446,0.5874993348195086,0.4826915297142925
2020-05-22 09:30:00,0.6087614290087204,-0.7933533402912353,0.6924070383649551,0.48473085310383457,0.6305630398836177,0.46925491681005155
2020-05-22 09:45:00,0.5555702330196022,-0.8314696123025453,0.7307871526097642,0.50456140933242,0.6743848569050725,0.4793234268525263
2020-05-22 10:00:00,0.49999999999999994,-0.8660254037844387,0.7676342769806744,0.531258623000259,0.7306904295466312,0.47162852828435353
2020-05-22 10:15:00,0.4422886902190013,-0.8968727415326883,0.7997241803092189,0.5519806948057666,0.7600477534456762,0.47926570572553523
2020-05-22 10:30:00,0.3826834323650899,-0.9238795325112867,0.8231482932389237,0.5761216865624923,0.7837565672414304,0.46779357809189254
2020-05-22 10:45:00,0.32143946530316175,-0.9469301294951056,0.8473523490124703,0.590480250567784,0.781322942589723,0.46403035015480976
2020-05-22 11:00:00,0.258819045102521,-0.9659258262890682,0.854537080268687,0.5902817657426358,0.7848071242473336,0.4694984255793713
2020-05-22 11:15:00,0.19509032201612816,-0.9807852804032304,0.8633502014886903,0.619540197178031,0.8077204249964831,0.47508872030473315
2020-05-22 11:30:00,0.13052619222005157,-0.9914448613738104,0.8693842049446413,0.6489776061867614,0.8425962016856847,0.48311860883357827
2020-05-22 11:45:00,0.06540312923014312,-0.9978589232386035,0.8671556943488546,0.6720723449218742,0.8765876802955423,0.48525799197998193
2020-05-22 12:00:00,1.2246467991473532e-16,-1.0,0.8592348735595381,0.6929016184483272,0.8974567714653661,0.48343532401364814
2020-05-22 12:15:00,-0.06540312923014287,-0.9978589232386035,0.8535283835827313,0.7166391829022096,0.9153220695373927,0.4838532299798526
2020-05-22 12:30:00,-0.13052619222005132,-0.9914448613738105,0.8457857653513733,0.7132111751872003,0.8729713529379703,0.4815962945754443
2020-05-22 12:45:00,-0.19509032201612792,-0.9807852804032305,0.8370195026732945,0.737937488102071,0.8950502570744792,0.4807238615562702
2020-05-22 13:00:00,-0.25881904510252035,-0.9659258262890684,0.8256701034475749,0.7694248068214171,0.9389402885023153,0.5097220044666281
2020-05-22 13:15:00,-0.3214394653031611,-0.9469301294951058,0.8135068075108154,0.76143409844514,0.89905266923005,0.49975103740672344
2020-05-22 13:30:00,-0.3826834323650892,-0.923879532511287,0.7969940105888343,0.7687981081242747,0.9211961028860081,0.442943381224941
2020-05-22 13:45:00,-0.44228869021900147,-0.8968727415326883,0.7802797690908311,0.7868353965300368,0.9308433265751381,0.4579751750516557
2020-05-22 14:00:00,-0.5000000000000001,-0.8660254037844386,0.7571474785473817,0.7871893236709488,0.8638552443828613,0.46466783959048463
2020-05-22 14:15:00,-0.5555702330196023,-0.8314696123025452,0.7270806123198822,0.8242960882224728,0.9128563326197681,0.4800834038098518
2020-05-22 14:30:00,-0.6087614290087207,-0.7933533402912352,0.6898310772960804,0.8231237108583167,0.8638685702396254,0.5160443454181012
2020-05-22 14:45:00,-0.6593458151000688,-0.7518398074789774,0.6488117814077309,0.8340689701857122,0.8448323531529878,0.5681466568667112
2020-05-22 15:00:00,-0.7071067811865475,-0.7071067811865477,0.6042265781923208,0.8367225931164326,0.7944154398554117,0.5960106726149229
2020-05-22 15:15:00,-0.7518398074789773,-0.6593458151000691,0.5584465819981409,0.8549485982269924,0.7473435099743491,0.5578716346508722
2020-05-22 15:30:00,-0.7933533402912349,-0.6087614290087209,0.5153379105373268,0.8520368752674978,0.713669636403996,0.5229531065553461
2020-05-22 15:45:00,-0.8314696123025448,-0.555570233019603,0.4675820389245012,0.853864626883089,0.6590470329875435,0.48001756453179073
2020-05-22 16:00:00,-0.8660254037844385,-0.5000000000000004,0.42039710584522755,0.8527265069463092,0.611839232140456,0.4342107898310108
2020-05-22 16:15:00,-0.8968727415326883,-0.44228869021900136,0.3705990062408334,0.875275977144131,0.5983428147461083,0.38450392303391967
2020-05-22 16:30:00,-0.9238795325112868,-0.3826834323650895,0.3194760004580763,0.8729371464207814,0.5604551396852036,0.33435506403826437
2020-05-22 16:45:00,-0.9469301294951056,-0.3214394653031618,0.2654457098969522,0.8752355225230473,0.5240402296877686,0.280643230792383
2020-05-22 17:00:00,-0.9659258262890683,-0.25881904510252063,0.21624193832413877,0.8743104318289057,0.4911068010524488,0.22588043672934782
2020-05-22 17:15:00,-0.9807852804032303,-0.19509032201612866,0.16879869963151467,0.8572675975271575,0.43509525060037474,0.17517904278201238
2020-05-22 17:30:00,-0.9914448613738104,-0.13052619222005163,0.1237730598045175,0.8546732920337867,0.3945811396958481,0.1259318171154371
2020-05-22 17:45:00,-0.9978589232386035,-0.06540312923014362,0.08315308159681732,0.8262513784601446,0.35339638462461304,0.08328954776963277
2020-05-22 18:00:00,-1.0,-1.8369701987210297e-16,0.027714752451744498,0.7550441399876575,0.29719444885171437,0.02923880853866414
2020-05-22 18:15:00,-0.9978589232386036,0.06540312923014237,0.00766893595190537,0.6920596675021,0.23983269019479087,0.008854488829710228
2020-05-22 18:30:00,-0.9914448613738104,0.13052619222005213,0.002225422646419732,0.663851617861964,0.21242716514837873,0.0005294679585517963
2020-05-22 18:45:00,-0.9807852804032304,0.1950903220161283,5.587740359538776e-05,0.6528219549342287,0.20743601876606127,0.0
2020-05-22 19:00:00,-0.9659258262890682,0.25881904510252113,0.0,0.6379021242445257,0.2000566726924599,0.0
2020-05-22 19:15:00,-0.9469301294951057,0.3214394653031615,0.0,0.619770434160583,0.19449270731743112,0.0
2020-05-22 19:30:00,-0.9238795325112866,0.38268343236509,0.0,0.586915823800459,0.1981228305061798,0.0
2020-05-22 19:45:00,-0.8968727415326884,0.442288690219001,0.0,0.5470320339690815,0.19372595353205874,0.0
2020-05-22 20:00:00,-0.8660254037844386,0.5000000000000001,0.0,0.5191955783055042,0.18113134963791727,0.0
2020-05-22 20:15:00,-0.8314696123025455,0.5555702330196018,0.0,0.5056037857836977,0.17019692589473906,0.0
2020-05-22 20:30:00,-0.7933533402912352,0.6087614290087205,0.0,0.4957035809765227,0.16503300449969788,0.0
2020-05-22 20:45:00,-0.7518398074789777,0.6593458151000684,0.0,0.496465756209058,0.1695139059830409,0.0
2020-05-22 21:00:00,-0.7071067811865477,0.7071067811865474,0.0,0.4794911136620197,0.1623615862548911,0.0
2020-05-22 21:15:00,-0.6593458151000687,0.7518398074789775,0.0,0.4708829202649891,0.15798528456721267,0.0
2020-05-22 21:30:00,-0.608761429008721,0.7933533402912349,0.0,0.4565541417732404,0.15265444702506598,0.0
2020-05-22 21:45:00,-0.5555702330196022,0.8314696123025452,0.0,0.43902352792905375,0.14284017023689793,0.0
2020-05-22 22:00:00,-0.5000000000000004,0.8660254037844384,0.0,0.4220760594380337,0.13342733508205412,0.0
2020-05-22 22:15:00,-0.4422886902190014,0.8968727415326883,0.0,0.40484046139389607,0.12304375478910207,0.0
2020-05-22 22:30:00,-0.38268343236508956,0.9238795325112868,0.0,0.39186081867737044,0.11616335992607946,0.0
2020-05-22 22:45:00,-0.32143946530316186,0.9469301294951056,0.0,0.38552034450095074,0.11966711403496294,0.0
2020-05-22 23:00:00,-0.2588190451025207,0.9659258262890683,0.0,0.36824483336073,0.11426996835817688,0.0
2020-05-22 23:15:00,-0.19509032201612872,0.9807852804032303,0.0,0.35498350544655866,0.10832336114432445,0.0
2020-05-22 23:30:00,-0.13052619222005168,0.9914448613738104,0.0,0.3534332518990775,0.11357599162265458,0.0
2020-05-22 23:45:00,-0.06540312923014367,0.9978589232386035,0.0,0.3328977717239401,0.10875971022629988,0.0
2020-05-23 00:00:00,0.0,1.0,0.0,0.31677887246807757,0.10077044762065718,0.0
2020-05-23 00:15:00,0.06540312923014306,0.9978589232386035,0.0,0.3022768330113812,0.092411485691484,0.0
2020-05-23 00:30:00,0.13052619222005157,0.9914448613738104,0.0,0.28889535901926244,0.08473821147285593,0.0
2020-05-23 00:45:00,0.19509032201612825,0.9807852804032304,0.0,0.2832130625086462,0.0826844496140175,0.0
2020-05-23 01:00:00,0.25881904510252074,0.9659258262890683,0.0,0.27023374894201857,0.07744705966721738,0.0
2020-05-23 01:15:00,0.3214394653031616,0.9469301294951057,0.0,0.26710306246277393,0.0754828582493246,0.0
2020-05-23 01:30:00,0.3826834323650898,0.9238795325112867,0.0,0.2683978230906716,0.08556616140483492,0.0
2020-05-23 01:45:00,0.4422886902190013,0.8968727415326883,0.0,0.26725674975354785,0.0923858842319571,0.0
2020-05-23 02:00:00,0.49999999999999994,0.8660254037844387,0.0,0.26088728524134175,0.0883651430247166,0.0
2020-05-23 02:15:00,0.5555702330196022,0.8314696123025452,0.0,0.2548597558609813,0.08347970100187213,0.0
2020-05-23 02:30:00,0.6087614290087207,0.7933533402912352,0.0,0.2470459193935619,0.075962318287433,0.0
2020-05-23 02:45:00,0.6593458151000688,0.7518398074789774,0.0,0.24521928429122974,0.07155702309494644,0.0
2020-05-23 03:00:00,0.7071067811865476,0.7071067811865476,0.0,0.2348719180978307,0.06397238833101387,0.0
2020-05-23 03:15:00,0.7518398074789773,0.659345815100069,0.0,0.22167634277566095,0.05346075713889703,0.0
2020-05-23 03:30:00,0.7933533402912352,0.6087614290087207,0.0,0.21102614235352757,0.04838785387389882,0.0
2020-05-23 03:45:00,0.8314696123025452,0.5555702330196023,0.0,0.20337369829683327,0.042725727823624604,0.0
2020-05-23 04:00:00,0.8660254037844386,0.5000000000000001,0.0,0.19352306442228384,0.036534915212276864,0.0
2020-05-23 04:15:00,0.8968727415326884,0.44228869021900125,0.0,0.1795830839288679,0.03612628465600143,0.0
2020-05-23 04:30:00,0.9238795325112867,0.38268343236508984,0.0,0.18495794208238703,0.0363393447054009,0.0
2020-05-23 04:45:00,0.9469301294951057,0.3214394653031615,0.0,0.18498488032011662,0.03507588301927672,0.0
2020-05-23 05:00:00,0.9659258262890683,0.25881904510252074,0.0,0.16917058663998197,0.030180618283330907,0.0
2020-05-23 05:15:00,0.9807852804032304,0.19509032201612833,0.0,0.15738924541847554,0.03332934177322411,0.0
2020-05-23 05:30:00,0.9914448613738104,0.1305261922200517,0.0,0.1590882185699214,0.03590665118653247,0.0
2020-05-23 05:45:00,0.9978589232386035,0.06540312923014305,0.001309066791706883,0.15160441420855708,0.032923962641721094,0.0
2020-05-23 06:00:00,1.0,6.123233995736766e-17,0.012886805064430316,0.1586811130185357,0.03275772091781293,0.01173423304858531
2020-05-23 06:15:00,0.9978589232386035,-0.06540312923014292,0.032068328332024956,0.1657364056155881,0.045995814248743994,0.03119329811224019
2020-05-23 06:30:00,0.9914448613738105,-0.13052619222005138,0.05343529166203606,0.19730629501840524,0.06556198551362208,0.05779644340582973
2020-05-23 06:45:00,0.9807852804032305,-0.19509032201612797,0.07956670371698543,0.2209353438615791,0.08235446702002319,0.09157033008187673
2020-05-23 07:00:00,0.9659258262890683,-0.25881904510252085,0.1497852917781224,0.24270130521219313,0.10194363116334909,0.13264465186221086
2020-05-23 07:15:00,0.9469301294951057,-0.3214394653031616,0.22008771758885406,0.2775253533318134,0.16124249837829646,0.18060897720165686
2020-05-23 07:30:00,0.9238795325112867,-0.3826834323650897,0.2865551420455726,0.3276074669676792,0.2649689860278473,0.23397802420081626
2020-05-23 07:45:00,0.8968727415326884,-0.44228869021900113,0.3452579144838897,0.3556787550455054,0.33091462744428163,0.28712451941976175
2020-05-23 08:00:00,0.8660254037844387,-0.4999999999999998,0.39510413424399726,0.38633741012675604,0.38905869599006176,0.34245086337073066
2020-05-23 08:15:00,0.8314696123025451,-0.5555702330196023,0.4401663541862478,0.4237160517383083,0.44330164101285435,0.3962729890302678
2020-05-23 08:30:00,0.7933533402912352,-0.6087614290087207,0.4857883600572523,0.4559473314687468,0.4919676029890792,0.44698716817146905
2020-05-23 08:45:00,0.7518398074789774,-0.6593458151000688,0.5359834883942473,0.48707117965371993,0.5458868720233592,0.49627534222119474
2020-05-23 09:00:00,0.7071067811865476,-0.7071067811865475,0.5871268278751057,0.5199693923868487,0.5943809764780477,0.5396175428166308
2020-05-23 09:15:00,0.6593458151000686,-0.7518398074789776,0.6387550703066229,0.5600326011158459,0.6343510894219933,0.5729008535574238
2020-05-23 09:30:00,0.6087614290087204,-0.7933533402912353,0.6843831555888127,0.5871684410855378,0.6691894042921207,0.4954854318169723
2020-05-23 09:45:00,0.5555702330196022,-0.8314696123025453,0.7205203707564962,0.6040393302657001,0.6892742429873948,0.466544634524415
2020-05-23 10:00:00,0.49999999999999994,-0.8660254037844387,0.7552151221564399,0.6369599633816425,0.7145211104887677,0.48796417942730336
2020-05-23 10:15:00,0.4422886902190013,-0.8968727415326883,0.7806562168364328,0.655835121098435,0.7509810398210301,0.48684376729130413
2020-05-23 10:30:00,0.3826834323650899,-0.9238795325112867,0.8154661413222367,0.6967425749289189,0.7909134681542338,0.47707140883037397
2020-05-23 10:45:00,0.32143946530316175,-0.9469301294951056,0.8397958054718464,0.690133080232123,0.7660065292786646,0.4585823376498532
2020-05-23 11:00:00,0.258819045102521,-0.9659258262890682,0.8537414525990119,0.7036456737930377,0.7966963234922702,0.46893054839505216
2020-05-23 11:15:00,0.19509032201612816,-0.9807852804032304,0.8636884409498559,0.7244854720497731,0.7826059504273919,0.47811907947176374
2020-05-23 11:30:00,0.13052619222005157,-0.9914448613738104,0.8675804978540684,0.7239612737064034,0.7914719881010763,0.4824320707450731
2020-05-23 11:45:00,0.06540312923014312,-0.9978589232386035,0.8643827392346083,0.7304150384672659,0.8112745933548067,0.48359250143194166
2020-05-23 12:00:00,1.2246467991473532e-16,-1.0,0.855040806550213,0.7626484520318162,0.8335313778737614,0.4811465597350006
2020-05-23 12:15:00,-0.06540312923014287,-0.9978589232386035,0.8416196485570275,0.7801141746320424,0.8315018045271154,0.47793577734264797
2020-05-23 12:30:00,-0.13052619222005132,-0.9914448613738105,0.8304677188525873,0.7881088108133609,0.8539028111549982,0.5019711729104666
2020-05-23 12:45:00,-0.19509032201612792,-0.9807852804032305,0.8177808187871668,0.790140937606747,0.8160450780003259,0.5016842302447834
2020-05-23 13:00:00,-0.25881904510252035,-0.9659258262890684,0.8079560230789129,0.8235198420996033,0.8288373296832896,0.4604501203632125
2020-05-23 13:15:00,-0.3214394653031611,-0.9469301294951058,0.7855030348026006,0.841612345637182,0.8030279512698688,0.5136587712938745
2020-05-23 13:30:00,-0.3826834323650892,-0.923879532511287,0.7729649817000809,0.8497382705311456,0.7669740417066988,0.5305122317290817
2020-05-23 13:45:00,-0.44228869021900147,-0.8968727415326883,0.7691482934703224,0.8674892736441351,0.7740816876402796,0.5177242841292793
2020-05-23 14:00:00,-0.5000000000000001,-0.8660254037844386,0.7419167321325292,0.8991652033848825,0.8214299719448848,0.47959833534272467
2020-05-23 14:15:00,-0.5555702330196023,-0.8314696123025452,0.7190148636348372,0.9076408820914537,0.8210880807297296,0.49922333970578386
2020-05-23 14:30:00,-0.6087614290087207,-0.7933533402912352,0.6782377711588014,0.9153492196199042,0.780907325576266,0.5397724850611715
2020-05-23 14:45:00,-0.6593458151000688,-0.7518398074789774,0.6401808269627747,0.909544954134544,0.7432883609885099,0.5638173935284817
2020-05-23 15:00:00,-0.7071067811865475,-0.7071067811865477,0.5910799376767706,0.915367992633642,0.756414880237346,0.5824437937843715
2020-05-23 15:15:00,-0.7518398074789773,-0.6593458151000691,0.5495222123038094,0.9348802132046383,0.7599962548343873,0.5453747781992381
2020-05-23 15:30:00,-0.7933533402912349,-0.6087614290087209,0.5048686201349746,0.9347377741059197,0.7137231712736203,0.5085012777326053
2020-05-23 15:45:00,-0.8314696123025448,-0.555570233019603,0.46207021445619834,0.9248631618849743,0.6508359256530751,0.46770978589824935
2020-05-23 16:00:00,-0.8660254037844385,-0.5000000000000004,0.40219565511852295,0.9271928442829684,0.6274889578737126,0.4120307672918763
2020-05-23 16:15:00,-0.8968727415326883,-0.44228869021900136,0.3570406158497687,0.9340877701717185,0.611510911808282,0.36773429055513557
2020-05-23 16:30:00,-0.9238795325112868,-0.3826834323650895,0.3063260051342414,0.9361442360970968,0.5742772200237038,0.32146966286284195
2020-05-23 16:45:00,-0.9469301294951056,-0.3214394653031618,0.25297586566078206,0.9501051550740589,0.5406019603014978,0.2796111527230925
2020-05-23 17:00:00,-0.9659258262890683,-0.25881904510252063,0.20395266216262692,0.9728248129737416,0.5207253700199086,0.2256316708313616
2020-05-23 17:15:00,-0.9807852804032303,-0.19509032201612866,0.15854789777322972,0.9469240580558147,0.4829310893847773,0.17363078262695641
2020-05-23 17:30:00,-0.9914448613738104,-0.13052619222005163,0.1169624171689078,0.8918298973036378,0.4201080787812543,0.12527446145544785
2020-05-23 17:45:00,-0.9978589232386035,-0.06540312923014362,0.08000087843159179,0.8706031272223702,0.37533225264353104,0.08444302259578274
2020-05-23 18:00:00,-1.0,-1.8369701987210297e-16,0.0492607746398961,0.8286041455275854,0.33064424335655523,0.05115061022746844
2020-05-23 18:15:00,-0.9978589232386036,0.06540312923014237,0.021156757866651,0.7884615066198157,0.291484149730087,0.022562326657805123
2020-05-23 18:30:00,-0.9914448613738104,0.13052619222005213,0.0034770785125558435,0.7434099484958803,0.2553178167597539,0.0021416362015464394
2020-05-23 18:45:00,-0.9807852804032304,0.1950903220161283,0.00015654821527208703,0.728368465314448,0.23790855687179785,0.0
2020-05-23 19:00:00,-0.9659258262890682,0.25881904510252113,0.0,0.7059530380255521,0.225848201001764,0.0
2020-05-23 19:15:00,-0.9469301294951057,0.3214394653031615,0.0,0.6953228768012956,0.22512106930656578,0.0
2020-05-23 19:30:00,-0.9238795325112866,0.38268343236509,0.0,0.6853555044293698,0.2375548706374198,0.0
2020-05-23 19:45:00,-0.8968727415326884,0.442288690219001,0.0,0.6642575256051699,0.23355303546467593,0.0
2020-05-23 20:00:00,-0.8660254037844386,0.5000000000000001,0.0,0.6242852042820768,0.2222308864252613,0.0
2020-05-23 20:15:00,-0.8314696123025455,0.5555702330196018,0.0,0.5835149754579683,0.21500113320721187,0.0
2020-05-23 20:30:00,-0.7933533402912352,0.6087614290087205,0.0,0.5465495982757627,0.20193139294040768,0.0
2020-05-23 20:45:00,-0.7518398074789777,0.6593458151000684,0.0,0.5159476987705407,0.19084520169372426,0.0
2020-05-23 21:00:00,-0.7071067811865477,0.7071067811865474,0.0,0.4854737417151902,0.17844299788782464,0.0
2020-05-23 21:15:00,-0.6593458151000687,0.7518398074789775,0.0,0.4623602462883436,0.17031455687122848,0.0
2020-05-23 21:30:00,-0.608761429008721,0.7933533402912349,0.0,0.4406877555054838,0.16164169114935284,0.0
2020-05-23 21:45:00,-0.5555702330196022,0.8314696123025452,0.0,0.4159651622428473,0.15183513453369407,0.0
2020-05-23 22:00:00,-0.5000000000000004,0.8660254037844384,0.0,0.40093748539665164,0.1447756602089933,0.0
2020-05-23 22:15:00,-0.4422886902190014,0.8968727415326883,0.0,0.38402903890855633,0.13618204749187962,0.0
2020-05-23 22:30:00,-0.38268343236508956,0.9238795325112868,0.0,0.3638180602641148,0.1219155106161825,0.0
2020-05-23 22:45:00,-0.32143946530316186,0.9469301294951056,0.0,0.352930343876108,0.11219787308503731,0.0
2020-05-23 23:00:00,-0.2588190451025207,0.9659258262890683,0.0,0.35539562576018513,0.12078765109848094,0.0
2020-05-23 23:15:00,-0.19509032201612872,0.9807852804032303,0.0,0.34237537175655053,0.1195233103668612,0.0
2020-05-23 23:30:00,-0.13052619222005168,0.9914448613738104,0.0,0.32912129679872293,0.11338071080939455,0.0
2020-05-23 23:45:00,-0.06540312923014367,0.9978589232386035,0.0,0.318886233992149,0.10880134986011142,0.0
2020-05-24 00:00:00,0.0,1.0,0.0,0.29938470920687155,0.09928847108624089,0.0
2020-05-24 00:15:00,0.06540312923014306,0.9978589232386035,0.0,0.2846066549467501,0.08858043002407406,0.0
2020-05-24 00:30:00,0.13052619222005157,0.9914448613738104,0.0,0.2765278599951433,0.07949776664279823,0.0
2020-05-24 00:45:00,0.19509032201612825,0.9807852804032304,0.0,0.27630825285909766,0.07778152008123956,0.0
2020-05-24 01:00:00,0.25881904510252074,0.9659258262890683,0.0,0.2713581892123911,0.078340965401752,0.0
2020-05-24 01:15:00,0.3214394653031616,0.9469301294951057,0.0,0.26606406630470225,0.08270194470898123,0.0
2020-05-24 01:30:00,0.3826834323650898,0.9238795325112867,0.0,0.2576895025982333,0.08921896931159362,0.0
2020-05-24 01:45:00,0.4422886902190013,0.8968727415326883,0.0,0.26195460965424444,0.10578299828858712,0.0
2020-05-24 02:00:00,0.49999999999999994,0.8660254037844387,0.0,0.26859871336319263,0.1117183248275761,0.0
2020-05-24 02:15:00,0.5555702330196022,0.8314696123025452,0.0,0.2676932529345728,0.10666244269231223,0.0
2020-05-24 02:30:00,0.6087614290087207,0.7933533402912352,0.0,0.26743133343096437,0.11223810388626893,0.0
2020-05-24 02:45:00,0.6593458151000688,0.7518398074789774,0.0,0.26746735735284766,0.11454127375439344,0.0
2020-05-24 03:00:00,0.7071067811865476,0.7071067811865476,0.0,0.2673438090509721,0.11445666197545684,0.0
2020-05-24 03:15:00,0.7518398074789773,0.659345815100069,0.0,0.2665110809819533,0.10987882680702793,0.0
2020-05-24 03:30:00,0.7933533402912352,0.6087614290087207,0.0,0.2567925689354347,0.08915309097053786,0.0
2020-05-24 03:45:00,0.8314696123025452,0.5555702330196023,0.0,0.24770908932370816,0.07733241193759083,0.0
2020-05-24 04:00:00,0.8660254037844386,0.5000000000000001,0.0,0.238680103839779,0.07003375799187622,0.0
2020-05-24 04:15:00,0.8968727415326884,0.44228869021900125,0.0,0.23920920061172812,0.06688343958828918,0.0
2020-05-24 04:30:00,0.9238795325112867,0.38268343236508984,0.0,0.2398470321125541,0.06807488785862087,0.0
2020-05-24 04:45:00,0.9469301294951057,0.3214394653031615,0.0,0.23437244021634718,0.06381588204278582,0.0
2020-05-24 05:00:00,0.9659258262890683,0.25881904510252074,0.0,0.23495475951229183,0.06445236159803663,0.0
2020-05-24 05:15:00,0.9807852804032304,0.19509032201612833,0.0,0.2335407047646083,0.06610655847401564,0.0
2020-05-24 05:30:00,0.9914448613738104,0.1305261922200517,0.0,0.22448157840120175,0.06399951001895515,0.0
2020-05-24 05:45:00,0.9978589232386035,0.06540312923014305,0.0012146243054116785,0.21481830240891253,0.05996969250523304,0.0
2020-05-24 06:00:00,1.0,6.123233995736766e-17,0.011079770204577762,0.2250460165958188,0.06738892572367056,0.009472523313041053
2020-05-24 06:15:00,0.9978589232386035,-0.06540312923014292,0.03193579536469645,0.237885609654092,0.08143626420325784,0.03127140402385634
2020-05-24 06:30:00,0.9914448613738105,-0.13052619222005138,0.05946490182291083,0.24862553855686986,0.10161216068886308,0.06232608560064589
2020-05-24 06:45:00,0.9807852804032305,-0.19509032201612797,0.08847436163096013,0.26913561526675034,0.128168764831118,0.09706662233989288
2020-05-24 07:00:00,0.9659258262890683,-0.25881904510252085,0.14021724617234463,0.29419553896569495,0.16444510802881546,0.1312766539999668
2020-05-24 07:15:00,0.9469301294951057,-0.3214394653031616,0.19105224278477964,0.31716595684511084,0.20645611049022888,0.1717283815425145
2020-05-24 07:30:00,0.9238795325112867,-0.3826834323650897,0.2523376843079989,0.3472047749616356,0.25422292369142224,0.22505642651435345
2020-05-24 07:45:00,0.8968727415326884,-0.44228869021900113,0.31406731128767806,0.3700185948770307,0.2951531258472994,0.28525906128710526
2020-05-24 08:00:00,0.8660254037844387,-0.4999999999999998,0.3682031339628855,0.39240852146186334,0.34410486602724594,0.34545955029305453
2020-05-24 08:15:00,0.8314696123025451,-0.5555702330196023,0.41484698013554655,0.4252624710014168,0.3893922490758455,0.4007045696822033
2020-05-24 08:30:00,0.7933533402912352,-0.6087614290087207,0.4591390316888036,0.447330934847074,0.43920504732351934,0.4510305080832466
2020-05-24 08:45:00,0.7518398074789774,-0.6593458151000688,0.5068670171606166,0.48348923609974626,0.5012795864685622,0.4985022190089761
2020-05-24 09:00:00,0.7071067811865476,-0.7071067811865475,0.5585889212951546,0.5088744640694607,0.5458679897602481,0.5457255037831299
2020-05-24 09:15:00,0.6593458151000686,-0.7518398074789776,0.6110071493409815,0.5377841972658277,0.6152187245436649,0.5920808616483951
2020-05-24 09:30:00,0.6087614290087204,-0.7933533402912353,0.6557301531988209,0.557979772161356,0.6527303084059373,0.551549132766889
2020-05-24 09:45:00,0.5555702330196022,-0.8314696123025453,0.70468056585681,0.5762797843232654,0.6830968253904381,0.537188946068011
2020-05-24 10:00:00,0.49999999999999994,-0.8660254037844387,0.7377417047363999,0.607181635490591,0.7383284396714678,0.5114525296301785
2020-05-24 10:15:00,0.4422886902190013,-0.8968727415326883,0.7685344930098241,0.6254466175452635,0.7313982143832318,0.5000525712866647
2020-05-24 10:30:00,0.3826834323650899,-0.9238795325112867,0.7972324632314408,0.6532956293038248,0.7700583643499901,0.4297539964191443
2020-05-24 10:45:00,0.32143946530316175,-0.9469301294951056,0.8169358912685178,0.672019303641437,0.7735533122389531,0.44353498701381927
2020-05-24 11:00:00,0.258819045102521,-0.9659258262890682,0.8327557118065992,0.6840124178154754,0.7574810789138045,0.4794339159614723
2020-05-24 11:15:00,0.19509032201612816,-0.9807852804032304,0.8416626680274734,0.6840192486684264,0.7531502476471541,0.3844380479930786
2020-05-24 11:30:00,0.13052619222005157,-0.9914448613738104,0.8449530421606876,0.7136164149256334,0.818292752491639,0.3695570479284195
2020-05-24 11:45:00,0.06540312923014312,-0.9978589232386035,0.8430157364768779,0.7292213429281709,0.8136486943094643,0.37375180745090336
2020-05-24 12:00:00,1.2246467991473532e-16,-1.0,0.8308345591645574,0.7430157857890347,0.7886052699317085,0.37446602593116257
2020-05-24 12:15:00,-0.06540312923014287,-0.9978589232386035,0.8246778301484522,0.766543484191933,0.7933897713657843,0.4068354188279306
2020-05-24 12:30:00,-0.13052619222005132,-0.9914448613738105,0.8166410999718645,0.7718855847148276,0.7909079201261222,0.41089908988016316
2020-05-24 12:45:00,-0.19509032201612792,-0.9807852804032305,0.8115153468869706,0.8035459958854649,0.8504774770113146,0.4063632786057894
2020-05-24 13:00:00,-0.25881904510252035,-0.9659258262890684,0.8029575024280704,0.8090838643446641,0.806493236114,0.4153274340005047
2020-05-24 13:15:00,-0.3214394653031611,-0.9469301294951058,0.7902257617479245,0.8067270664355974,0.7913635341434127,0.43652187008440585
2020-05-24 13:30:00,-0.3826834323650892,-0.923879532511287,0.7747348999047654,0.8338281987048834,0.8319811967461306,0.44485198715172053
2020-05-24 13:45:00,-0.44228869021900147,-0.8968727415326883,0.7514900030419472,0.8486430575491957,0.7862218635084677,0.45586231000665467
2020-05-24 14:00:00,-0.5000000000000001,-0.8660254037844386,0.7291601983735785,0.8669449720122417,0.7954429066416477,0.4676811756742142
2020-05-24 14:15:00,-0.5555702330196023,-0.8314696123025452,0.7011175098892634,0.8842997846457863,0.8013874306988735,0.4783218544346133
2020-05-24 14:30:00,-0.6087614290087207,-0.7933533402912352,0.664213438355153,0.8946998615202795,0.7809184460731413,0.5192287348787813
2020-05-24 14:45:00,-0.6593458151000688,-0.7518398074789774,0.6252030140220689,0.8989398735275775,0.7617793362439973,0.530475968270117
2020-05-24 15:00:00,-0.7071067811865475,-0.7071067811865477,0.582954977982826,0.8978089252522203,0.694988221691391,0.605602733020261
2020-05-24 15:15:00,-0.7518398074789773,-0.6593458151000691,0.5375716288705488,0.9273128708132699,0.7063614139924133,0.5639847633390876
2020-05-24 15:30:00,-0.7933533402912349,-0.6087614290087209,0.49225399883057813,0.9149105229254737,0.6947612147546929,0.5221127348684816
2020-05-24 15:45:00,-0.8314696123025448,-0.555570233019603,0.4446553251682579,0.9283722145857618,0.68052392870471,0.47506742356921694
2020-05-24 16:00:00,-0.8660254037844385,-0.5000000000000004,0.3990312055781662,0.9296845347904259,0.6312857715921039,0.42861319949851995
2020-05-24 16:15:00,-0.8968727415326883,-0.44228869021900136,0.35068603575583557,0.9777153373550991,0.6410545903530833,0.3798189809667623
2020-05-24 16:30:00,-0.9238795325112868,-0.3826834323650895,0.3016803012898049,0.9893378985056758,0.5961510712255063,0.3301954950913438
2020-05-24 16:45:00,-0.9469301294951056,-0.3214394653031618,0.2491916041932991,0.9888752881856873,0.5518453771253069,0.2730372921395698
2020-05-24 17:00:00,-0.9659258262890683,-0.25881904510252063,0.2010823186465422,0.9661841085268132,0.5012116457677436,0.2094089049036207
2020-05-24 17:15:00,-0.9807852804032303,-0.19509032201612866,0.155600663614146,0.9610116155499362,0.467736512751085,0.15895316549240768
2020-05-24 17:30:00,-0.9914448613738104,-0.13052619222005163,0.11365330209400965,0.9999999999999998,0.4351316204477827,0.11587859566143116
2020-05-24 17:45:00,-0.9978589232386035,-0.06540312923014362,0.0777066595802303,0.9332694819711411,0.38832713887599085,0.07876330303892076
2020-05-24 18:00:00,-1.0,-1.8369701987210297e-16,0.04682386725858855,0.8958901240820192,0.3449872783838352,0.04746786642687483
2020-05-24 18:15:00,-0.9978589232386036,0.06540312923014237,0.024171433362329103,0.8057659470301037,0.29983158789161907,0.025335944826899555
2020-05-24 18:30:00,-0.9914448613738104,0.13052619222005213,0.008590761833184964,0.7672301048707437,0.2699202214939434,0.009163908402651137
2020-05-24 18:45:00,-0.9807852804032304,0.1950903220161283,0.0006041496066957308,0.7473786088352048,0.2550616981305898,0.0
2020-05-24 19:00:00,-0.9659258262890682,0.25881904510252113,0.0,0.7311489690085871,0.24924587753299215,0.0
2020-05-24 19:15:00,-0.9469301294951057,0.3214394653031615,0.0,0.6969738983645148,0.2470596789916169,0.0
2020-05-24 19:30:00,-0.9238795325112866,0.38268343236509,0.0,0.6384072235122056,0.23497369727097867,0.0
2020-05-24 19:45:00,-0.8968727415326884,0.442288690219001,0.0,0.6136263342293278,0.2277154558449776,0.0
2020-05-24 20:00:00,-0.8660254037844386,0.5000000000000001,0.0,0.5812309162734537,0.21504902035267642,0.0
2020-05-24 20:15:00,-0.8314696123025455,0.5555702330196018,0.0,0.5565751812137354,0.20572922292889056,0.0
2020-05-24 20:30:00,-0.7933533402912352,0.6087614290087205,0.0,0.5321649320470163,0.19557579247694606,0.0
2020-05-24 20:45:00,-0.7518398074789777,0.6593458151000684,0.0,0.514351753696638,0.18960914630768327,0.0
2020-05-24 21:00:00,-0.7071067811865477,0.7071067811865474,0.0,0.48947605544172657,0.18022068943950925,0.0
2020-05-24 21:15:00,-0.6593458151000687,0.7518398074789775,0.0,0.46883121620532786,0.17238344417239865,0.0
2020-05-24 21:30:00,-0.608761429008721,0.7933533402912349,0.0,0.4488653126309503,0.1662056897108713,0.0
2020-05-24 21:45:00,-0.5555702330196022,0.8314696123025452,0.0,0.43154250089205903,0.15997133025203775,0.0
2020-05-24 22:00:00,-0.5000000000000004,0.8660254037844384,0.0,0.4132778719976453,0.15271872162801375,0.0
2020-05-24 22:15:00,-0.4422886902190014,0.8968727415326883,0.0,0.3953291454589096,0.14577248188730324,0.0
2020-05-24 22:30:00,-0.38268343236508956,0.9238795325112868,0.0,0.37669442017901367,0.13414727619352657,0.0
2020-05-24 22:45:00,-0.32143946530316186,0.9469301294951056,0.0,0.3638065184650565,0.12517005417443866,0.0
2020-05-24 23:00:00,-0.2588190451025207,0.9659258262890683,0.0,0.3469665288539425,0.1219144442501891,0.0
2020-05-24 23:15:00,-0.19509032201612872,0.9807852804032303,0.0,0.3372188762335826,0.11687679662638323,0.0
2020-05-24 23:30:00,-0.13052619222005168,0.9914448613738104,0.0,0.32919900598293506,0.11378214384139346,0.0
2020-05-24 23:45:00,-0.06540312923014367,0.9978589232386035,0.0,0.32015494640414666,0.1084873866761275,0.0
2020-05-25 00:00:00,0.0,1.0,0.0,0.31013131404010896,0.10414300462930531,0.0
2020-05-25 00:15:00,0.06540312923014306,0.9978589232386035,0.0,0.3045173368983207,0.10329601897368795,0.0
2020-05-25 00:30:00,0.13052619222005157,0.9914448613738104,0.0,0.2979005755699897,0.10093591802632723,0.0
2020-05-25 00:45:00,0.19509032201612825,0.9807852804032304,0.0,0.2900902849475251,0.09759322030657408,0.0
2020-05-25 01:00:00,0.25881904510252074,0.9659258262890683,0.0,0.2819324547592148,0.09205351416298851,0.0
2020-05-25 01:15:00,0.3214394653031616,0.9469301294951057,0.0,0.27392813364304636,0.08795814218403758,0.0
2020-05-25 01:30:00,0.3826834323650898,0.9238795325112867,0.0,0.26347558499369406,0.08186138877925281,0.0
2020-05-25 01:45:00,0.4422886902190013,0.8968727415326883,0.0,0.25912002170995363,0.07937617152137394,0.0
2020-05-25 02:00:00,0.49999999999999994,0.8660254037844387,0.0,0.2565670827272002,0.08130867378482426,0.0
2020-05-25 02:15:00,0.5555702330196022,0.8314696123025452,0.0,0.24967339201708638,0.07875303973519648,0.0
2020-05-25 02:30:00,0.6087614290087207,0.7933533402912352,0.0,0.24859431651797004,0.07738833849609522,0.0
2020-05-25 02:45:00,0.6593458151000688,0.7518398074789774,0.0,0.254774600692254,0.08292078209731951,0.0
2020-05-25 03:00:00,0.7071067811865476,0.7071067811865476,0.0,0.24941341464282396,0.08266021217094494,0.0
2020-05-25 03:15:00,0.7518398074789773,0.659345815100069,0.0,0.24904122078537627,0.08308768012463114,0.0
2020-05-25 03:30:00,0.7933533402912352,0.6087614290087207,0.0,0.2508009960462867,0.08589975025924085,0.0
2020-05-25 03:45:00,0.8314696123025452,0.5555702330196023,0.0,0.25002002914629595,0.08243743584674207,0.0
2020-05-25 04:00:00,0.8660254037844386,0.5000000000000001,0.0,0.24357482549678244,0.07805929047621335,0.0
2020-05-25 04:15:00,0.8968727415326884,0.44228869021900125,0.0,0.23636191597635414,0.07221704831869619,0.0
2020-05-25 04:30:00,0.9238795325112867,0.38268343236508984,0.0,0.23478844592301362,0.07112700419153689,0.0
2020-05-25 04:45:00,0.9469301294951057,0.3214394653031615,0.0,0.23386536031451755,0.07174585658306482,0.0
2020-05-25 05:00:00,0.9659258262890683,0.25881904510252074,0.0,0.22902457317376612,0.07156737586779688,0.0
2020-05-25 05:15:00,0.9807852804032304,0.19509032201612833,0.0,0.23650965676426905,0.08081769486224782,0.0
2020-05-25 05:30:00,0.9914448613738104,0.1305261922200517,0.0,0.23538563771501897,0.083077232662843,0.0
2020-05-25 05:45:00,0.9978589232386035,0.06540312923014305,0.0016979649769768537,0.22775284528739537,0.07762506346752246,0.0
2020-05-25 06:00:00,1.0,6.123233995736766e-17,0.01232348989796937,0.2265655488559022,0.07552329099578498,0.01093811780202526
2020-05-25 06:15:00,0.9978589232386035,-0.06540312923014292,0.037275420916799244,0.24059136172363815,0.08967740681914921,0.03555524863142993
2020-05-25 06:30:00,0.9914448613738105,-0.13052619222005138,0.0752935405979303,0.26098589856357246,0.12152641654425661,0.07588559729850819
2020-05-25 06:45:00,0.9807852804032305,-0.19509032201612797,0.0979836878305096,0.2869021418023372,0.15634792866410968,0.09852284698050555
2020-05-25 07:00:00,0.9659258262890683,-0.25881904510252085,0.14310660454449026,0.3133401899737889,0.18779394192387827,0.13290847389059562
2020-05-25 07:15:00,0.9469301294951057,-0.3214394653031616,0.19656846267489095,0.3457464275903548,0.23287446878362678,0.1782677310432947
2020-05-25 07:30:00,0.9238795325112867,-0.3826834323650897,0.2526088000072091,0.3675096720521258,0.27111128761261255,0.2272024615378453
2020-05-25 07:45:00,0.8968727415326884,-0.44228869021900113,0.3126239360795313,0.389601957200038,0.3039550465676812,0.282873844790679
2020-05-25 08:00:00,0.8660254037844387,-0.4999999999999998,0.3506057647691148,0.397863607240605,0.320454845609126,0.3258999202919158
2020-05-25 08:15:00,0.8314696123025451,-0.5555702330196023,0.39054027399679747,0.4103805347729972,0.3483579311781186,0.37771092601567724
2020-05-25 08:30:00,0.7933533402912352,-0.6087614290087207,0.43361062454944854,0.4337023323634288,0.38610239060905366,0.42628404115981267
2020-05-25 08:45:00,0.7518398074789774,-0.6593458151000688,0.4719522981279282,0.47211771448259876,0.44214797727240357,0.4655289536897747
2020-05-25 09:00:00,0.7071067811865476,-0.7071067811865475,0.5397175078377668,0.4762369398205799,0.46827791184735684,0.5293952707013566
2020-05-25 09:15:00,0.6593458151000686,-0.7518398074789776,0.5836009155808095,0.4996624469794604,0.5207515800169795,0.5735777714580971
2020-05-25 09:30:00,0.6087614290087204,-0.7933533402912353,0.6470767341596223,0.5222441913236979,0.5575444053384175,0.5963356311157929
2020-05-25 09:45:00,0.5555702330196022,-0.8314696123025453,0.6796295305866783,0.5317076435824069,0.5926406215924416,0.5892525264258334
2020-05-25 10:00:00,0.49999999999999994,-0.8660254037844387,0.6875949255685515,0.5648735398180575,0.6270986505687899,0.577182731212095
2020-05-25 10:15:00,0.4422886902190013,-0.8968727415326883,0.740852639668407,0.5814883610273585,0.6488900442889236,0.6479374961018569
2020-05-25 10:30:00,0.3826834323650899,-0.9238795325112867,0.7696220349347465,0.6050416549153759,0.6817739381416899,0.6657583576186451
2020-05-25 10:45:00,0.32143946530316175,-0.9469301294951056,0.7406704674326885,0.6182819073420023,0.6883359828723357,0.670570543657199
2020-05-25 11:00:00,0.258819045102521,-0.9659258262890682,0.8203615392389026,0.6320168229111864,0.6876777335619189,0.6793619648243017
2020-05-25 11:15:00,0.19509032201612816,-0.9807852804032304,0.8283274405044926,0.6663893030817818,0.7274448401907445,0.6348165433756746
2020-05-25 11:30:00,0.13052619222005157,-0.9914448613738104,0.755982888216278,0.6807298266729096,0.7081869949452413,0.62640538784878
2020-05-25 11:45:00,0.06540312923014312,-0.9978589232386035,0.8348256937428183,0.7071736903930761,0.7601066593841652,0.6520828672250999
2020-05-25 12:00:00,1.2246467991473532e-16,-1.0,0.8254364843253323,0.7078409899791407,0.758457853779009,0.6581960137947056
2020-05-25 12:15:00,-0.06540312923014287,-0.9978589232386035,0.8261986518477967,0.7176059782686286,0.756223619985781,0.6636391446801864
2020-05-25 12:30:00,-0.13052619222005132,-0.9914448613738105,0.8192025087601882,0.7492292621121417,0.7928724288616718,0.6600132279370826
2020-05-25 12:45:00,-0.19509032201612792,-0.9807852804032305,0.8171825036706293,0.7622332888304146,0.7931638671090306,0.6584381993411637
2020-05-25 13:00:00,-0.25881904510252035,-0.9659258262890684,0.8045675338561595,0.773012449968562,0.7953105538158323,0.6465596455937107
2020-05-25 13:15:00,-0.3214394653031611,-0.9469301294951058,0.7870468193039692,0.7932947045331424,0.7759634785739455,0.6509316096913128
2020-05-25 13:30:00,-0.3826834323650892,-0.923879532511287,0.7769973020826247,0.8069788345983826,0.7947737530572887,0.662166934076894
2020-05-25 13:45:00,-0.44228869021900147,-0.8968727415326883,0.7539011329475936,0.8404382277424776,0.82221168608664,0.6684963381774256
2020-05-25 14:00:00,-0.5000000000000001,-0.8660254037844386,0.7265906262271467,0.8333448947313999,0.8030320080959397,0.654343539840023
2020-05-25 14:15:00,-0.5555702330196023,-0.8314696123025452,0.6969344255762686,0.8492355233334756,0.7767924520388068,0.6820980141929599
2020-05-25 14:30:00,-0.6087614290087207,-0.7933533402912352,0.6663595958689033,0.8631219875068352,0.7476558840201686,0.680960131938909
2020-05-25 14:45:00,-0.6593458151000688,-0.7518398074789774,0.6266461959622099,0.8900931334207052,0.783395331943898,0.6423184838641197
2020-05-25 15:00:00,-0.7071067811865475,-0.7071067811865477,0.586705414536545,0.8821282574821827,0.7243044019085259,0.6108215776306958
2020-05-25 15:15:00,-0.7518398074789773,-0.6593458151000691,0.540967515524289,0.8935756652607061,0.7042097553479707,0.5703797742596103
2020-05-25 15:30:00,-0.7933533402912349,-0.6087614290087209,0.49340379236441284,0.9022491439614948,0.6788846752551281,0.5260254691075383
2020-05-25 15:45:00,-0.8314696123025448,-0.555570233019603,0.4504869782044439,0.9095915770234664,0.6591317537826964,0.48173548331537563
2020-05-25 16:00:00,-0.8660254037844385,-0.5000000000000004,0.43213546819354487,0.9282211997552128,0.6484588716181612,0.46211462743480153
2020-05-25 16:15:00,-0.8968727415326883,-0.44228869021900136,0.4031439231077636,0.9372280286551937,0.6560978831156941,0.4249401116485382
2020-05-25 16:30:00,-0.9238795325112868,-0.3826834323650895,0.1987634106783481,0.9019757095680763,0.5558108126062762,0.21261627195047908
2020-05-25 16:45:00,-0.9469301294951056,-0.3214394653031618,0.23343471945902244,0.8875672189491282,0.48619827815489286,0.25454378637432357
2020-05-25 17:00:00,-0.9659258262890683,-0.25881904510252063,0.17406173844475,0.8794026597470854,0.46335236774570315,0.19274386067507537
2020-05-25 17:15:00,-0.9807852804032303,-0.19509032201612866,0.0706257406509875,0.8636390422323779,0.4055289474972629,0.08106242064239107
2020-05-25 17:30:00,-0.9914448613738104,-0.13052619222005163,0.02694424038359325,0.825769264417427,0.3385340317630022,0.03220574241528655
2020-05-25 17:45:00,-0.9978589232386035,-0.06540312923014362,0.013440324660611146,0.7996959670808161,0.30109799323868075,0.01699933681500686
2020-05-25 18:00:00,-1.0,-1.8369701987210297e-16,0.007658871185393753,0.7859297874388467,0.28369615758312244,0.009090004617690158
2020-05-25 18:15:00,-0.9978589232386036,0.06540312923014237,0.0032245405268873212,0.7608773926578389,0.2685161759601979,0.0005051850309019029
2020-05-25 18:30:00,-0.9914448613738104,0.13052619222005213,0.002628896391029377,0.7393202920110264,0.2549673780089072,0.0
2020-05-25 18:45:00,-0.9807852804032304,0.1950903220161283,0.0006298020554902378,0.7248738092508504,0.244702534768301,0.0
2020-05-25 19:00:00,-0.9659258262890682,0.25881904510252113,0.0,0.7126554853973466,0.23743111717833537,0.0
2020-05-25 19:15:00,-0.9469301294951057,0.3214394653031615,0.0,0.7148301518682825,0.2398604944610761,0.0
2020-05-25 19:30:00,-0.9238795325112866,0.38268343236509,0.0,0.7116070616123007,0.2443567117561331,0.0
2020-05-25 19:45:00,-0.8968727415326884,0.442288690219001,0.0,0.7064761442441387,0.24448170987899315,0.0
2020-05-25 20:00:00,-0.8660254037844386,0.5000000000000001,0.0,0.7059907604440991,0.2480822974811599,0.0
2020-05-25 20:15:00,-0.8314696123025455,0.5555702330196018,0.0,0.7067265181675295,0.24341731299420594,0.0
2020-05-25 20:30:00,-0.7933533402912352,0.6087614290087205,0.0,0.6843169107756824,0.22903718600482464,0.0
2020-05-25 20:45:00,-0.7518398074789777,0.6593458151000684,0.0,0.6675344379509405,0.23017618121424904,0.0
2020-05-25 21:00:00,-0.7071067811865477,0.7071067811865474,0.0,0.6230399750106725,0.22969809833006588,0.0
2020-05-25 21:15:00,-0.6593458151000687,0.7518398074789775,0.0,0.5768842593208872,0.21777951633938214,0.0
2020-05-25 21:30:00,-0.608761429008721,0.7933533402912349,0.0,0.5483747022607415,0.21162796015035318,0.0
2020-05-25 21:45:00,-0.5555702330196022,0.8314696123025452,0.0,0.5255197896536663,0.20358811982052077,0.0
2020-05-25 22:00:00,-0.5000000000000004,0.8660254037844384,0.0,0.506203205623696,0.19107166317752416,0.0
2020-05-25 22:15:00,-0.4422886902190014,0.8968727415326883,0.0,0.4881252867099326,0.18220748879374443,0.0
2020-05-25 22:30:00,-0.38268343236508956,0.9238795325112868,0.0,0.4705988285486422,0.17542742561013153,0.0
2020-05-25 22:45:00,-0.32143946530316186,0.9469301294951056,0.0,0.43349123088173314,0.1617764317475941,0.0
2020-05-25 23:00:00,-0.2588190451025207,0.9659258262890683,0.0,0.407010018447576,0.14684267695746828,0.0
2020-05-25 23:15:00,-0.19509032201612872,0.9807852804032303,0.0,0.39665343214981763,0.13944317436048997,0.0
2020-05-25 23:30:00,-0.13052619222005168,0.9914448613738104,0.0,0.39019327162137607,0.13766709747827993,0.0
2020-05-25 23:45:00,-0.06540312923014367,0.9978589232386035,0.0,0.3982042424099552,0.149493493145138,0.0
2020-05-26 00:00:00,0.0,1.0,0.0,0.4057102484770989,0.15580344107248628,0.0
2020-05-26 00:15:00,0.06540312923014306,0.9978589232386035,0.0,0.40508140510652146,0.1660686236564312,0.0
2020-05-26 00:30:00,0.13052619222005157,0.9914448613738104,0.0,0.32974337945685117,0.14859029899594406,0.0
2020-05-26 00:45:00,0.19509032201612825,0.9807852804032304,0.0,0.24706090028284966,0.11368873203945656,0.0
2020-05-26 01:00:00,0.25881904510252074,0.9659258262890683,0.0,0.20355890703128732,0.09909417406845827,0.0
2020-05-26 01:15:00,0.3214394653031616,0.9469301294951057,0.0,0.19104731792835294,0.08413972513496398,0.0
2020-05-26 01:30:00,0.3826834323650898,0.9238795325112867,0.0,0.1826065555791494,0.07957737703633022,0.0
2020-05-26 01:45:00,0.4422886902190013,0.8968727415326883,0.0,0.16309323740068904,0.06786805308632554,0.0
2020-05-26 02:00:00,0.49999999999999994,0.8660254037844387,0.0,0.16294962481924724,0.062025707043641576,0.0
2020-05-26 02:15:00,0.5555702330196022,0.8314696123025452,0.0,0.1849446648573454,0.06892050424279522,0.0
2020-05-26 02:30:00,0.6087614290087207,0.7933533402912352,0.0,0.2087697658539478,0.07584784902910219,0.0
2020-05-26 02:45:00,0.6593458151000688,0.7518398074789774,0.0,0.23194331661134004,0.08540127901250966,0.0
2020-05-26 03:00:00,0.7071067811865476,0.7071067811865476,0.0,0.2473053182504834,0.09230277981662843,0.0
2020-05-26 03:15:00,0.7518398074789773,0.659345815100069,0.0,0.2410301982579368,0.09153346819055769,0.0
2020-05-26 03:30:00,0.7933533402912352,0.6087614290087207,0.0,0.2151770305505385,0.07424682328833171,0.0
2020-05-26 03:45:00,0.8314696123025452,0.5555702330196023,0.0,0.20510233079714668,0.05786246961926811,0.0
2020-05-26 04:00:00,0.8660254037844386,0.5000000000000001,0.0,0.19807751995106382,0.05245539161825963,0.0
2020-05-26 04:15:00,0.8968727415326884,0.44228869021900125,0.0,0.18555963502919015,0.04600636933863833,0.0
2020-05-26 04:30:00,0.9238795325112867,0.38268343236508984,0.0,0.18230036613889844,0.04077158370943673,0.0
2020-05-26 04:45:00,0.9469301294951057,0.3214394653031615,0.0,0.1802673479372574,0.03566823673641245,0.0
2020-05-26 05:00:00,0.9659258262890683,0.25881904510252074,0.0,0.17318392023958462,0.03045296845547152,0.0
2020-05-26 05:15:00,0.9807852804032304,0.19509032201612833,0.0,0.16504361591270578,0.024398717295761763,0.0
2020-05-26 05:30:00,0.9914448613738104,0.1305261922200517,0.0,0.1460117290256715,0.02325051844554349,0.0
2020-05-26 05:45:00,0.9978589232386035,0.06540312923014305,0.001293966879258341,0.14580473255933923,0.02017587363136436,0.0
2020-05-26 06:00:00,1.0,6.123233995736766e-17,0.011891110066521689,0.126422907780269,0.02466299622748136,0.011603484324744352
2020-05-26 06:15:00,0.9978589232386035,-0.06540312923014292,0.03141795483840821,0.1327640763665554,0.0358090244131265,0.03322787843172484
2020-05-26 06:30:00,0.9914448613738105,-0.13052619222005138,0.054277551157450525,0.15779088467420577,0.060701021523072385,0.06103281406730383
2020-05-26 06:45:00,0.9807852804032305,-0.19509032201612797,0.08694114851499192,0.20474257909575577,0.1013148451834272,0.09421264520403952
2020-05-26 07:00:00,0.9659258262890683,-0.25881904510252085,0.1465208905320457,0.26148577460110745,0.15205498754764496,0.13434463561160362
2020-05-26 07:15:00,0.9469301294951057,-0.3214394653031616,0.20924599314924414,0.3067394408458868,0.2141202166135962,0.18238431312860237
2020-05-26 07:30:00,0.9238795325112867,-0.3826834323650897,0.26765780830969693,0.3356666672596784,0.29253779587582157,0.23484344771510166
2020-05-26 07:45:00,0.8968727415326884,-0.44228869021900113,0.3268758156554499,0.3729888864783373,0.36193012741036307,0.2917598942737781
2020-05-26 08:00:00,0.8660254037844387,-0.4999999999999998,0.3771981074044502,0.4073828624123095,0.4211856230267222,0.34858589676172314
2020-05-26 08:15:00,0.8314696123025451,-0.5555702330196023,0.4250858055285851,0.44804896889143464,0.4777474685263902,0.4058374226880221
2020-05-26 08:30:00,0.7933533402912352,-0.6087614290087207,0.4686060686623668,0.46808441478752827,0.4987443748397546,0.45621062160289344
2020-05-26 08:45:00,0.7518398074789774,-0.6593458151000688,0.5174689354643783,0.4555295218971185,0.46211448250833725,0.5091138583919794
2020-05-26 09:00:00,0.7071067811865476,-0.7071067811865475,0.5697187626058404,0.46555161369090414,0.489723476655855,0.5599796180763973
2020-05-26 09:15:00,0.6593458151000686,-0.7518398074789776,0.6197690838723012,0.49723725502367344,0.541908380226858,0.6019726320318923
2020-05-26 09:30:00,0.6087614290087204,-0.7933533402912353,0.6640969913637641,0.5579347063537456,0.6176388911459103,0.638380679916252
2020-05-26 09:45:00,0.5555702330196022,-0.8314696123025453,0.7038515707039573,0.5662435255977043,0.6189056855356094,0.6098452000913238
2020-05-26 10:00:00,0.49999999999999994,-0.8660254037844387,0.737169032021325,0.5749847576908256,0.6318842404546812,0.5949890551587952
2020-05-26 10:15:00,0.4422886902190013,-0.8968727415326883,0.7653483011065165,0.6055163041308034,0.6786601219269341,0.6129097484760764
2020-05-26 10:30:00,0.3826834323650899,-0.9238795325112867,0.7925526834392848,0.6052289943329756,0.6646689546602529,0.6398126395106049
2020-05-26 10:45:00,0.32143946530316175,-0.9469301294951056,0.8119547602085421,0.6456909008280112,0.6937502947363594,0.6875460624606966
2020-05-26 11:00:00,0.258819045102521,-0.9659258262890682,0.8300503619557834,0.6543437912436041,0.6982248265543622,0.6740080799564209
2020-05-26 11:15:00,0.19509032201612816,-0.9807852804032304,0.8394292526296893,0.6769612476271185,0.7085455177517401,0.664280728954176
2020-05-26 11:30:00,0.13052619222005157,-0.9914448613738104,0.84450223677029,0.6770972072055852,0.7162859819019356,0.5986495187474214
2020-05-26 11:45:00,0.06540312923014312,-0.9978589232386035,0.837866181937579,0.7043036630940978,0.7277269580225496,0.6018055125607465
2020-05-26 12:00:00,1.2246467991473532e-16,-1.0,0.8361743006251584,0.7231588637271855,0.7272231171198522,0.6073362980201151
2020-05-26 12:15:00,-0.06540312923014287,-0.9978589232386035,0.804664103220096,0.7273689863651036,0.7223003417276908,0.6078018578907284
2020-05-26 12:30:00,-0.13052619222005132,-0.9914448613738105,0.8239125290271884,0.770285910283717,0.7569538723507396,0.6107145038672439
2020-05-26 12:45:00,-0.19509032201612792,-0.9807852804032305,0.8169210962077842,0.7736087368661777,0.7724836340910666,0.6048855819920382
2020-05-26 13:00:00,-0.25881904510252035,-0.9659258262890684,0.8009912273086162,0.7807162972445567,0.7710363577775432,0.597667186705172
2020-05-26 13:15:00,-0.3214394653031611,-0.9469301294951058,0.6704940795080482,0.7769864822006025,0.7328451547989039,0.5878305982912829
2020-05-26 13:30:00,-0.3826834323650892,-0.923879532511287,0.6740626424368859,0.7624398104461856,0.6378901455002435,0.5949356970909695
2020-05-26 13:45:00,-0.44228869021900147,-0.8968727415326883,0.7785240834454494,0.7858913481755563,0.7045547193183008,0.6564474999527931
2020-05-26 14:00:00,-0.5000000000000001,-0.8660254037844386,0.7467690550619261,0.8030513877587713,0.7215989338192199,0.6354419807544744
2020-05-26 14:15:00,-0.5555702330196023,-0.8314696123025452,0.5970163700808493,0.8174187982268848,0.6997024841109587,0.5966197664032427
2020-05-26 14:30:00,-0.6087614290087207,-0.7933533402912352,0.6857849877685434,0.8001672674496778,0.6799911325445951,0.6655627530931943
2020-05-26 14:45:00,-0.6593458151000688,-0.7518398074789774,0.6592076963538148,0.7993774544019618,0.6925027856078732,0.6436210179574932
2020-05-26 15:00:00,-0.7071067811865475,-0.7071067811865477,0.600924675337509,0.8087828199275842,0.666875863035598,0.5973618262077661
2020-05-26 15:15:00,-0.7518398074789773,-0.6593458151000691,0.5536053836274517,0.807903748397298,0.6400047823812942,0.5563914668290201
2020-05-26 15:30:00,-0.7933533402912349,-0.6087614290087209,0.4947312300450483,0.8098962351573069,0.6082968356248748,0.4936716687828695
2020-05-26 15:45:00,-0.8314696123025448,-0.555570233019603,0.4563907727735245,0.8200364053652123,0.5812849761678467,0.4674581410964696
2020-05-26 16:00:00,-0.8660254037844385,-0.5000000000000004,0.4117005902376018,0.8218515776947104,0.5600270412568766,0.4206206115492608
2020-05-26 16:15:00,-0.8968727415326883,-0.44228869021900136,0.3654192528616922,0.8177402276288404,0.5353924589486703,0.3752753555249489
2020-05-26 16:30:00,-0.9238795325112868,-0.3826834323650895,0.335606130348493,0.8326738143643637,0.5225584724967784,0.34435780632823815
2020-05-26 16:45:00,-0.9469301294951056,-0.3214394653031618,0.28514499716570146,0.8430661942483988,0.5158504280583092,0.29048164310805447
2020-05-26 17:00:00,-0.9659258262890683,-0.25881904510252063,0.14054865736660013,0.8061032689588032,0.4406675950044466,0.1394705327567038
2020-05-26 17:15:00,-0.9807852804032303,-0.19509032201612866,0.10494075092436463,0.7720348388486482,0.3720015596219865,0.10690431939996348
2020-05-26 17:30:00,-0.9914448613738104,-0.13052619222005163,0.08243178652398628,0.7500574301663194,0.34206288243115884,0.08561051643170996
2020-05-26 17:45:00,-0.9978589232386035,-0.06540312923014362,0.047584666266781914,0.7248824181308431,0.31100793753245254,0.04980778936237537
2020-05-26 18:00:00,-1.0,-1.8369701987210297e-16,0.028506299334693414,0.7084442950231207,0.2843813467638478,0.029228383688281307
2020-05-26 18:15:00,-0.9978589232386036,0.06540312923014237,0.024735378377765384,0.7020639386931034,0.27262648628407177,0.02363411929433454
2020-05-26 18:30:00,-0.9914448613738104,0.13052619222005213,0.016477324130404453,0.6846528327302301,0.26561308001136424,0.015273961491782857
2020-05-26 18:45:00,-0.9807852804032304,0.1950903220161283,0.0025391191036243867,0.6560979114660019,0.24713927069523817,0.0008650837678749527
2020-05-26 19:00:00,-0.9659258262890682,0.25881904510252113,0.0,0.6376705577434199,0.23326453944056907,0.0
2020-05-26 19:15:00,-0.9469301294951057,0.3214394653031615,0.0,0.6184248444193727,0.22339848133762202,0.0
2020-05-26 19:30:00,-0.9238795325112866,0.38268343236509,0.0,0.6106354538386707,0.21908413325847514,0.0
2020-05-26 19:45:00,-0.8968727415326884,0.442288690219001,0.0,0.5955633156661637,0.21209104718219557,0.0
2020-05-26 20:00:00,-0.8660254037844386,0.5000000000000001,0.0,0.5763688732208498,0.21110571947673556,0.0
2020-05-26 20:15:00,-0.8314696123025455,0.5555702330196018,0.0,0.5583406184452839,0.20468318828647608,0.0
2020-05-26 20:30:00,-0.7933533402912352,0.6087614290087205,0.0,0.5436596624809722,0.1985022709665571,0.0
2020-05-26 20:45:00,-0.7518398074789777,0.6593458151000684,0.0,0.5337955032113073,0.19498429490148977,0.0
2020-05-26 21:00:00,-0.7071067811865477,0.7071067811865474,0.0,0.5232480500526349,0.19037206199347306,0.0
2020-05-26 21:15:00,-0.6593458151000687,0.7518398074789775,0.0,0.5109841182993446,0.1852700878365297,0.0
2020-05-26 21:30:00,-0.608761429008721,0.7933533402912349,0.0,0.4968431693264337,0.18029488050256443,0.0
2020-05-26 21:45:00,-0.5555702330196022,0.8314696123025452,0.0,0.4821606753126437,0.17708141280712603,0.0
2020-05-26 22:00:00,-0.5000000000000004,0.8660254037844384,0.0,0.46421317802872797,0.16911300164746884,0.0
2020-05-26 22:15:00,-0.4422886902190014,0.8968727415326883,0.0,0.4523617222700953,0.16494980103280016,0.0
2020-05-26 22:30:00,-0.38268343236508956,0.9238795325112868,0.0,0.4368089200663603,0.15929714526439326,0.0
2020-05-26 22:45:00,-0.32143946530316186,0.9469301294951056,0.0,0.42695856933760745,0.15459287111484193,0.0
2020-05-26 23:00:00,-0.2588190451025207,0.9659258262890683,0.0,0.4085883034919182,0.1490980758599843,0.0
2020-05-26 23:15:00,-0.19509032201612872,0.9807852804032303,0.0,0.39174843216806443,0.14311111264232884,0.0
2020-05-26 23:30:00,-0.13052619222005168,0.9914448613738104,0.0,0.3825111806936392,0.14018076682846098,0.0
2020-05-26 23:45:00,-0.06540312923014367,0.9978589232386035,0.0,0.37319179941889313,0.13535180616197434,0.0
2020-05-27 00:00:00,0.0,1.0,0.0,0.36200964114776757,0.12993469611590663,0.0
2020-05-27 00:15:00,0.06540312923014306,0.9978589232386035,0.0,0.3490537910597069,0.12229817240908852,0.0
2020-05-27 00:30:00,0.13052619222005157,0.9914448613738104,0.0,0.3454689984653796,0.11975649062568633,0.0
2020-05-27 00:45:00,0.19509032201612825,0.9807852804032304,0.0,0.3341764910364844,0.1190911973754582,0.0
2020-05-27 01:00:00,0.25881904510252074,0.9659258262890683,0.0,0.3168240020512385,0.1154747871774599,0.0
2020-05-27 01:15:00,0.3214394653031616,0.9469301294951057,0.0,0.3014456641033123,0.11366058575276289,0.0
2020-05-27 01:30:00,0.3826834323650898,0.9238795325112867,0.0,0.29575950129450845,0.11093595872026157,0.0
2020-05-27 01:45:00,0.4422886902190013,0.8968727415326883,0.0,0.2938756976505561,0.11164055360553665,0.0
2020-05-27 02:00:00,0.49999999999999994,0.8660254037844387,0.0,0.2935052000210756,0.11251148906798775,0.0
2020-05-27 02:15:00,0.5555702330196022,0.8314696123025452,0.0,0.2949329588236418,0.11626620624126166,0.0
2020-05-27 02:30:00,0.6087614290087207,0.7933533402912352,0.0,0.29692900434756453,0.12145818974403538,0.0
2020-05-27 02:45:00,0.6593458151000688,0.7518398074789774,0.0,0.2962909337514452,0.12215073057883102,0.0
2020-05-27 03:00:00,0.7071067811865476,0.7071067811865476,0.0,0.2954159526160416,0.1197565797621834,0.0
2020-05-27 03:15:00,0.7518398074789773,0.659345815100069,0.0,0.2933918565634239,0.11477851269836509,0.0
2020-05-27 03:30:00,0.7933533402912352,0.6087614290087207,0.0,0.2849549620878902,0.10785878638071639,0.0
2020-05-27 03:45:00,0.8314696123025452,0.5555702330196023,0.0,0.2767817848680534,0.10185989904960019,0.0
2020-05-27 04:00:00,0.8660254037844386,0.5000000000000001,0.0,0.26923941564603715,0.09424276205996879,0.0
2020-05-27 04:15:00,0.8968727415326884,0.44228869021900125,0.0,0.262488862162648,0.09115294017072068,0.0
2020-05-27 04:30:00,0.9238795325112867,0.38268343236508984,0.0,0.2576325649593947,0.08925481727918722,0.0
2020-05-27 04:45:00,0.9469301294951057,0.3214394653031615,0.0,0.25714202441459033,0.08964390850053,0.0
2020-05-27 05:00:00,0.9659258262890683,0.25881904510252074,0.0,0.2588104183872004,0.09242254364904273,0.0
2020-05-27 05:15:00,0.9807852804032304,0.19509032201612833,0.0,0.25836031576336005,0.09234442163175566,0.0
2020-05-27 05:30:00,0.9914448613738104,0.1305261922200517,8.151884853081847e-06,0.25962543897311274,0.09607609915222998,0.0
2020-05-27 05:45:00,0.9978589232386035,0.06540312923014305,0.0009956928708255094,0.269187182903452,0.10704937416309707,0.0
2020-05-27 06:00:00,1.0,6.123233995736766e-17,0.01236628794353676,0.26996851953778256,0.11283554249850297,0.009518478485397627
2020-05-27 06:15:00,0.9978589232386035,-0.06540312923014292,0.028349471378131787,0.2703427876130673,0.1134020748150269,0.02653762788054888
2020-05-27 06:30:00,0.9914448613738105,-0.13052619222005138,0.051453175282120546,0.26955980648962985,0.1203728285301679,0.052087094385701284
2020-05-27 06:45:00,0.9807852804032305,-0.19509032201612797,0.0841248718819591,0.27814242538697487,0.14012456267272794,0.08171380391811295
2020-05-27 07:00:00,0.9659258262890683,-0.25881904510252085,0.13175016349463786,0.2962556635406064,0.1694253028670844,0.11788785593264466
2020-05-27 07:15:00,0.9469301294951057,-0.3214394653031616,0.18500814414847133,0.31494883451162425,0.2041469678075209,0.15684198129806873
2020-05-27 07:30:00,0.9238795325112867,-0.3826834323650897,0.24735895169612707,0.33908107238090635,0.24497833099807725,0.20784025996393968
2020-05-27 07:45:00,0.8968727415326884,-0.44228869021900113,0.3083810392155461,0.365081652923688,0.29277627814503376,0.26181902660006967
2020-05-27 08:00:00,0.8660254037844387,-0.4999999999999998,0.3622982005300451,0.3839995204708839,0.3295733018054073,0.3184580791553346
2020-05-27 08:15:00,0.8314696123025451,-0.5555702330196023,0.4048654075656655,0.4060581483243859,0.36031290381307374,0.36818851362447474
2020-05-27 08:30:00,0.7933533402912352,-0.6087614290087207,0.4539340869366197,0.42359205807891165,0.40297512661685114,0.4222037582962497
2020-05-27 08:45:00,0.7518398074789774,-0.6593458151000688,0.5031700202513214,0.44806899712395043,0.43892085967085986,0.46965826732477806
2020-05-27 09:00:00,0.7071067811865476,-0.7071067811865475,0.5554923783803237,0.4697315932436692,0.4757002113265976,0.5158938019955058
2020-05-27 09:15:00,0.6593458151000686,-0.7518398074789776,0.6092264181182915,0.5020082310022973,0.528374637568765,0.5311374724125913
2020-05-27 09:30:00,0.6087614290087204,-0.7933533402912353,0.6540503615716536,0.5284750111933498,0.5683255811339023,0.46663375537228474
2020-05-27 09:45:00,0.5555702330196022,-0.8314696123025453,0.6953229812570632,0.5478730855666201,0.6005660130889909,0.4107200792846529
2020-05-27 10:00:00,0.49999999999999994,-0.8660254037844387,0.7263202614957479,0.5685866338202923,0.6295219579436047,0.3991685761607024
2020-05-27 10:15:00,0.4422886902190013,-0.8968727415326883,0.7613757075779936,0.6020035181656098,0.6750471304209726,0.40754062508761874
2020-05-27 10:30:00,0.3826834323650899,-0.9238795325112867,0.7889307702662062,0.610037574821001,0.6754973735429131,0.4136992261506603
2020-05-27 10:45:00,0.32143946530316175,-0.9469301294951056,0.806810138590559,0.6232661403150794,0.7332440597106329,0.3903042525664801
2020-05-27 11:00:00,0.258819045102521,-0.9659258262890682,0.8266741411872657,0.6530698031693878,0.7921426848920294,0.38480302504481784
2020-05-27 11:15:00,0.19509032201612816,-0.9807852804032304,0.8394457113958126,0.6714818145238739,0.8000322432440183,0.35944365559698954
2020-05-27 11:30:00,0.13052619222005157,-0.9914448613738104,0.8463013242272454,0.6819935813551496,0.8099552710701945,0.36419059244335317
2020-05-27 11:45:00,0.06540312923014312,-0.9978589232386035,0.842808701198813,0.6972481932237033,0.8468590834766772,0.36512886474058825
2020-05-27 12:00:00,1.2246467991473532e-16,-1.0,0.8368595473767835,0.7149344702663643,0.8538511154568658,0.36890596863632796
2020-05-27 12:15:00,-0.06540312923014287,-0.9978589232386035,0.8275429852319337,0.7215882415798498,0.8523552197698105,0.37377905868929695
2020-05-27 12:30:00,-0.13052619222005132,-0.9914448613738105,0.8194415050429418,0.7380138722421001,0.8788825677074243,0.4152588409883802
2020-05-27 12:45:00,-0.19509032201612792,-0.9807852804032305,0.8140271347765179,0.7822327837179754,0.9044764015031295,0.4123323726973776
2020-05-27 13:00:00,-0.25881904510252035,-0.9659258262890684,0.8021306855285579,0.7636659717734424,0.8361075002794383,0.4064511477563576
2020-05-27 13:15:00,-0.3214394653031611,-0.9469301294951058,0.7932991992346966,0.7649356559433251,0.8258889072802733,0.4038083140738841
2020-05-27 13:30:00,-0.3826834323650892,-0.923879532511287,0.7787723869295334,0.7757056735455852,0.837150110479074,0.389608827427134
2020-05-27 13:45:00,-0.44228869021900147,-0.8968727415326883,0.7568052542085419,0.7991628838328406,0.8228414950293277,0.42159843748122444
2020-05-27 14:00:00,-0.5000000000000001,-0.8660254037844386,0.7317388724021987,0.7968344536917165,0.7901131287976084,0.44871901655788105
2020-05-27 14:15:00,-0.5555702330196023,-0.8314696123025452,0.7014371141721107,0.8067788795955628,0.7956656424875694,0.4357724073844132
2020-05-27 14:30:00,-0.6087614290087207,-0.7933533402912352,0.6620395307987259,0.8207538013389772,0.7872773577740473,0.4724918775573963
2020-05-27 14:45:00,-0.6593458151000688,-0.7518398074789774,0.6328100967015625,0.8384985767569106,0.7985568634025488,0.5014408191353629
2020-05-27 15:00:00,-0.7071067811865475,-0.7071067811865477,0.5876540061385463,0.8536886422862311,0.7551093121406085,0.47367535735600325
2020-05-27 15:15:00,-0.7518398074789773,-0.6593458151000691,0.5484539096622543,0.8568227035760005,0.6922184531207993,0.5557956767948767
2020-05-27 15:30:00,-0.7933533402912349,-0.6087614290087209,0.49766206912491623,0.8506550533255581,0.6422171121444935,0.5321568546949663
2020-05-27 15:45:00,-0.8314696123025448,-0.555570233019603,0.44831859386578854,0.8698572888027718,0.6415943606509027,0.48132472990517994
2020-05-27 16:00:00,-0.8660254037844385,-0.5000000000000004,0.4015465208729575,0.8647724279059015,0.6056491789988354,0.43235464790255584
2020-05-27 16:15:00,-0.8968727415326883,-0.44228869021900136,0.3488967631334035,0.8784376202249076,0.5696164774524273,0.3705729612211301
2020-05-27 16:30:00,-0.9238795325112868,-0.3826834323650895,0.30162833390298904,0.8571676981066829,0.528914295652757,0.32721820788989864
2020-05-27 16:45:00,-0.9469301294951056,-0.3214394653031618,0.2524590507573248,0.8543617073206524,0.49003163230950547,0.2723357873276162
2020-05-27 17:00:00,-0.9659258262890683,-0.25881904510252063,0.20455472155255586,0.8467949559244503,0.4548298188779368,0.22061139905712146
2020-05-27 17:15:00,-0.9807852804032303,-0.19509032201612866,0.16270963541270864,0.8335112426662068,0.4210040657389766,0.17356809047353924
2020-05-27 17:30:00,-0.9914448613738104,-0.13052619222005163,0.11944586879913434,0.8069480933968811,0.3815977964910568,0.12566039549629296
2020-05-27 17:45:00,-0.9978589232386035,-0.06540312923014362,0.08960118407761467,0.785967786197102,0.3490606026881517,0.09093096310024965
2020-05-27 18:00:00,-1.0,-1.8369701987210297e-16,0.06262953914863384,0.7641167705716898,0.32127880891374366,0.06318768249746655
2020-05-27 18:15:00,-0.9978589232386036,0.06540312923014237,0.03864118541609425,0.7327615331589532,0.2959209847665964,0.038955573758015866
2020-05-27 18:30:00,-0.9914448613738104,0.13052619222005213,0.01554079824528527,0.6782828313564524,0.2677052178589157,0.015964004332732325
2020-05-27 18:45:00,-0.9807852804032304,0.1950903220161283,0.0025273553970461098,0.646802072065854,0.24463432953336145,0.0006612001588439637
2020-05-27 19:00:00,-0.9659258262890682,0.25881904510252113,0.00013608866449761113,0.6223865368387294,0.23006789045867032,0.0
2020-05-27 19:15:00,-0.9469301294951057,0.3214394653031615,0.0,0.604979094629954,0.22045466800539854,0.0
2020-05-27 19:30:00,-0.9238795325112866,0.38268343236509,0.0,0.5909127886993502,0.21272130071671141,0.0
2020-05-27 19:45:00,-0.8968727415326884,0.442288690219001,0.0,0.5779074724167714,0.20768533714309662,0.0
2020-05-27 20:00:00,-0.8660254037844386,0.5000000000000001,0.0,0.560747544503787,0.20276581981880565,0.0
2020-05-27 20:15:00,-0.8314696123025455,0.5555702330196018,0.0,0.5384439581029399,0.1982565026066872,0.0
2020-05-27 20:30:00,-0.7933533402912352,0.6087614290087205,0.0,0.5231536382913633,0.19182865515312492,0.0
2020-05-27 20:45:00,-0.7518398074789777,0.6593458151000684,0.0,0.5112482057935364,0.18695058471364595,0.0
2020-05-27 21:00:00,-0.7071067811865477,0.7071067811865474,0.0,0.4876573490518863,0.18094731725074892,0.0
2020-05-27 21:15:00,-0.6593458151000687,0.7518398074789775,0.0,0.4653898673006691,0.1727396860909472,0.0
2020-05-27 21:30:00,-0.608761429008721,0.7933533402912349,0.0,0.44326314121312516,0.16597359061628453,0.0
2020-05-27 21:45:00,-0.5555702330196022,0.8314696123025452,0.0,0.42281667273690804,0.15775904694095083,0.0
2020-05-27 22:00:00,-0.5000000000000004,0.8660254037844384,0.0,0.39870366735521157,0.14798481058463225,0.0
2020-05-27 22:15:00,-0.4422886902190014,0.8968727415326883,0.0,0.380465270882165,0.14170743061991015,0.0
2020-05-27 22:30:00,-0.38268343236508956,0.9238795325112868,0.0,0.36805198473131884,0.13570383881022036,0.0
2020-05-27 22:45:00,-0.32143946530316186,0.9469301294951056,0.0,0.36204499914451627,0.13349820179498234,0.0
2020-05-27 23:00:00,-0.2588190451025207,0.9659258262890683,0.0,0.35589411839764873,0.1312443096611699,0.0
2020-05-27 23:15:00,-0.19509032201612872,0.9807852804032303,0.0,0.3473392212572157,0.1269572905445447,0.0
2020-05-27 23:30:00,-0.13052619222005168,0.9914448613738104,0.0,0.34041215992757,0.1263580947088881,0.0
2020-05-27 23:45:00,-0.06540312923014367,0.9978589232386035,0.0,0.3338470879262436,0.12417453464253442,0.0
2020-05-28 00:00:00,0.0,1.0,0.0,0.3296184026960909,0.1222735470883996,0.0
2020-05-28 00:15:00,0.06540312923014306,0.9978589232386035,0.0,0.3197483252192401,0.1187588454758593,0.0
2020-05-28 00:30:00,0.13052619222005157,0.9914448613738104,0.0,0.31326549575979534,0.116339926784575,0.0
2020-05-28 00:45:00,0.19509032201612825,0.9807852804032304,0.0,0.30745192849703873,0.1127326471037145,0.0
2020-05-28 01:00:00,0.25881904510252074,0.9659258262890683,0.0,0.30611404973657663,0.11214302538551696,0.0
2020-05-28 01:15:00,0.3214394653031616,0.9469301294951057,0.0,0.3030635058064748,0.10936956300442796,0.0
2020-05-28 01:30:00,0.3826834323650898,0.9238795325112867,0.0,0.2955025241439435,0.10630370351415513,0.0
2020-05-28 01:45:00,0.4422886902190013,0.8968727415326883,0.0,0.29014587384691715,0.10297925074147324,0.0
2020-05-28 02:00:00,0.49999999999999994,0.8660254037844387,0.0,0.2844250931402361,0.09968187409697654,0.0
2020-05-28 02:15:00,0.5555702330196022,0.8314696123025452,0.0,0.28014991074469986,0.09616687676741403,0.0
2020-05-28 02:30:00,0.6087614290087207,0.7933533402912352,0.0,0.27697995308414725,0.09395793302608962,0.0
2020-05-28 02:45:00,0.6593458151000688,0.7518398074789774,0.0,0.26752737991334774,0.09340000225761241,0.0
2020-05-28 03:00:00,0.7071067811865476,0.7071067811865476,0.0,0.2578298318101808,0.08847575207285424,0.0
2020-05-28 03:15:00,0.7518398074789773,0.659345815100069,0.0,0.24785590984051997,0.08371756015838488,0.0
2020-05-28 03:30:00,0.7933533402912352,0.6087614290087207,0.0,0.24421531956379994,0.08403938763044944,0.0
2020-05-28 03:45:00,0.8314696123025452,0.5555702330196023,0.0,0.24015032852496754,0.08310272765928445,0.0
2020-05-28 04:00:00,0.8660254037844386,0.5000000000000001,0.0,0.23495481812025765,0.08131002104480717,0.0
2020-05-28 04:15:00,0.8968727415326884,0.44228869021900125,0.0,0.23273612868538707,0.08021968097753646,0.0
2020-05-28 04:30:00,0.9238795325112867,0.38268343236508984,0.0,0.22773309352062854,0.07690894342649596,0.0
2020-05-28 04:45:00,0.9469301294951057,0.3214394653031615,0.0,0.22609287781687093,0.07425988034749403,0.0
2020-05-28 05:00:00,0.9659258262890683,0.25881904510252074,0.0,0.22015798929192254,0.07233215695044476,0.0
2020-05-28 05:15:00,0.9807852804032304,0.19509032201612833,0.0,0.21284632610524246,0.06748781701578371,0.0
2020-05-28 05:30:00,0.9914448613738104,0.1305261922200517,0.0,0.20787108624094075,0.06760426224881272,0.0
2020-05-28 05:45:00,0.9978589232386035,0.06540312923014305,0.0006843094907273546,0.2019576542183339,0.06610220156829111,0.0
2020-05-28 06:00:00,1.0,6.123233995736766e-17,0.010374336330561989,0.19701315984084844,0.0637292765907474,0.009479711631829903
2020-05-28 06:15:00,0.9978589232386035,-0.06540312923014292,0.025038923949323087,0.1920237851846236,0.06463879737386907,0.02460743911601274
2020-05-28 06:30:00,0.9914448613738105,-0.13052619222005138,0.04570625402560124,0.19696006033056124,0.07557443546548986,0.04598485546400919
2020-05-28 06:45:00,0.9807852804032305,-0.19509032201612797,0.07691057840495727,0.21427279030195678,0.10109169699444892,0.07905502003573987
2020-05-28 07:00:00,0.9659258262890683,-0.25881904510252085,0.11252369047044902,0.23254919933449014,0.13306499544380251,0.1055894292660848
2020-05-28 07:15:00,0.9469301294951057,-0.3214394653031616,0.17597444774794058,0.24868683492684673,0.16120549379276655,0.15575445303831995
2020-05-28 07:30:00,0.9238795325112867,-0.3826834323650897,0.2849500433086559,0.2805675850138525,0.22913176312517297,0.2444302688731634
2020-05-28 07:45:00,0.8968727415326884,-0.44228869021900113,0.3400869872858121,0.3108120195996813,0.28023060642015757,0.2952315661465518
2020-05-28 08:00:00,0.8660254037844387,-0.4999999999999998,0.383733218289839,0.34405639492655404,0.32667003730034955,0.34116787363665124
2020-05-28 08:15:00,0.8314696123025451,-0.5555702330196023,0.4214210731515126,0.3701897651760995,0.3607012494457897,0.3993998361778572
2020-05-28 08:30:00,0.7933533402912352,-0.6087614290087207,0.46821881121491443,0.3796133957167358,0.3912977070384917,0.45115726925711264
2020-05-28 08:45:00,0.7518398074789774,-0.6593458151000688,0.5248896342452507,0.40634905753358797,0.4277657404548511,0.5152865857531383
2020-05-28 09:00:00,0.7071067811865476,-0.7071067811865475,0.5781950193867728,0.4317827500687792,0.47639930049633045,0.5631196795712128
2020-05-28 09:15:00,0.6593458151000686,-0.7518398074789776,0.6271514205493728,0.4493609140681367,0.5066407010959504,0.6008700297603549
2020-05-28 09:30:00,0.6087614290087204,-0.7933533402912353,0.6647079746724005,0.4863067635172502,0.5426089804535641,0.6401455373486447
2020-05-28 09:45:00,0.5555702330196022,-0.8314696123025453,0.7239671757937611,0.4901934470671576,0.5784695567714919,0.5856465116698242
2020-05-28 10:00:00,0.49999999999999994,-0.8660254037844387,0.7454358074155191,0.5113025410496321,0.6094850633063083,0.5203769168134847
2020-05-28 10:15:00,0.4422886902190013,-0.8968727415326883,0.7738448156487464,0.5468258961409587,0.6466433746901568,0.5149044068041979
2020-05-28 10:30:00,0.3826834323650899,-0.9238795325112867,0.8125979781203206,0.5749031077826121,0.6752728056395632,0.523487581303104
2020-05-28 10:45:00,0.32143946530316175,-0.9469301294951056,0.8599889771771522,0.5989982850622282,0.7269491391407665,0.5173302498187542
2020-05-28 11:00:00,0.258819045102521,-0.9659258262890682,0.8646896185636679,0.6199605963394812,0.7484749614499706,0.5094087940390026
2020-05-28 11:15:00,0.19509032201612816,-0.9807852804032304,0.8459841166664277,0.6418966541399831,0.7542412545278045,0.5032860988071253
2020-05-28 11:30:00,0.13052619222005157,-0.9914448613738104,0.8551074807378346,0.6743803835241136,0.7561402415922256,0.5168140498515987
2020-05-28 11:45:00,0.06540312923014312,-0.9978589232386035,0.8531575988564505,0.6777812940036523,0.7693507528288477,0.5172023263545367
2020-05-28 12:00:00,1.2246467991473532e-16,-1.0,0.8487652236002377,0.7060849566793006,0.7968751982820743,0.5244920505062006
2020-05-28 12:15:00,-0.06540312923014287,-0.9978589232386035,0.8381015350425842,0.7116073521943767,0.7301056833419992,0.5267814763962789
2020-05-28 12:30:00,-0.13052619222005132,-0.9914448613738105,0.8340554852252152,0.7453776143412092,0.7715394145963468,0.5190260493228818
2020-05-28 12:45:00,-0.19509032201612792,-0.9807852804032305,0.829326256576806,0.7612157435029459,0.7846675796231954,0.518724873070741
2020-05-28 13:00:00,-0.25881904510252035,-0.9659258262890684,0.826395976117317,0.7599594712934068,0.7500011601501806,0.5172156479901031
2020-05-28 13:15:00,-0.3214394653031611,-0.9469301294951058,0.7883352222872225,0.7949564540009262,0.7909370901687871,0.5142399343509798
2020-05-28 13:30:00,-0.3826834323650892,-0.923879532511287,0.7946800044830815,0.7938540739579631,0.7958937054042232,0.07315720116477943
2020-05-28 13:45:00,-0.44228869021900147,-0.8968727415326883,0.7730833487973368,0.804754881601004,0.8199953545260199,0.23176024904055612
2020-05-28 14:00:00,-0.5000000000000001,-0.8660254037844386,0.7514466495604513,0.820831606060475,0.7531581922968935,0.4157763999411774
2020-05-28 14:15:00,-0.5555702330196023,-0.8314696123025452,0.721649874779729,0.8222563190133578,0.7327642332858266,0.42042960254104556
2020-05-28 14:30:00,-0.6087614290087207,-0.7933533402912352,0.6881915537875386,0.8333520997300421,0.7139750463263335,0.4512045297709408
2020-05-28 14:45:00,-0.6593458151000688,-0.7518398074789774,0.652224735137988,0.8450307001790771,0.6880028639675546,0.4806476662024034
2020-05-28 15:00:00,-0.7071067811865475,-0.7071067811865477,0.6176570987048999,0.8506695833746434,0.6904981802468042,0.6240396084233077
2020-05-28 15:15:00,-0.7518398074789773,-0.6593458151000691,0.5770204125319902,0.8589816443323273,0.6917318591388137,0.5984477451424131
2020-05-28 15:30:00,-0.7933533402912349,-0.6087614290087209,0.5248833790464837,0.847299265307996,0.6340876170318055,0.544949952135095
2020-05-28 15:45:00,-0.8314696123025448,-0.555570233019603,0.4715813054672415,0.857956746604031,0.619729161762316,0.4946153770226712
2020-05-28 16:00:00,-0.8660254037844385,-0.5000000000000004,0.411029067889034,0.8468399829751803,0.5746794894416014,0.43641467115122384
2020-05-28 16:15:00,-0.8968727415326883,-0.44228869021900136,0.35434762594558245,0.849995468879517,0.5352549665957096,0.37729559496963594
2020-05-28 16:30:00,-0.9238795325112868,-0.3826834323650895,0.30137622833771943,0.841791927187661,0.5022599233233824,0.3213488204290732
2020-05-28 16:45:00,-0.9469301294951056,-0.3214394653031618,0.22393736482894536,0.8299269511384779,0.4633418963638039,0.23611917760483211
2020-05-28 17:00:00,-0.9659258262890683,-0.25881904510252063,0.204715854031674,0.8320292593324854,0.4342170162816111,0.21649133010075944
2020-05-28 17:15:00,-0.9807852804032303,-0.19509032201612866,0.16530010025870184,0.8215755650999634,0.41137249787947844,0.17341839572922418
2020-05-28 17:30:00,-0.9914448613738104,-0.13052619222005163,0.12556827831321896,0.8044891625366664,0.38189830534373076,0.13237854101590327
2020-05-28 17:45:00,-0.9978589232386035,-0.06540312923014362,0.09164845974305025,0.7900917415130253,0.3504659532684616,0.09366275669808259
2020-05-28 18:00:00,-1.0,-1.8369701987210297e-16,0.061140432003010885,0.7631081291176414,0.3180419787555488,0.06218957906921785
2020-05-28 18:15:00,-0.9978589232386036,0.06540312923014237,0.037104260793899745,0.7374627654691381,0.29123870926164847,0.037433563483512206
2020-05-28 18:30:00,-0.9914448613738104,0.13052619222005213,0.016081854848625128,0.7084193433433563,0.26826330362475587,0.016299584379275436
2020-05-28 18:45:00,-0.9807852804032304,0.1950903220161283,0.0028095053202950747,0.6777434110749037,0.24754860732857825,0.0008897064419352642
2020-05-28 19:00:00,-0.9659258262890682,0.25881904510252113,4.423703021812106e-05,0.6531914839567898,0.23463279114301422,0.0
2020-05-28 19:15:00,-0.9469301294951057,0.3214394653031615,0.0,0.6335844273154536,0.2254302097747421,0.0
2020-05-28 19:30:00,-0.9238795325112866,0.38268343236509,0.0,0.6176585358127802,0.21640606817249092,0.0
2020-05-28 19:45:00,-0.8968727415326884,0.442288690219001,0.0,0.6057750427973483,0.2116762469723698,0.0
2020-05-28 20:00:00,-0.8660254037844386,0.5000000000000001,0.0,0.5966562540288451,0.21153098789563712,0.0
2020-05-28 20:15:00,-0.8314696123025455,0.5555702330196018,0.0,0.5802798703799252,0.20947564081508768,0.0
2020-05-28 20:30:00,-0.7933533402912352,0.6087614290087205,0.0,0.5457039185395003,0.20174810458024212,0.0
2020-05-28 20:45:00,-0.7518398074789777,0.6593458151000684,0.0,0.5225566033544411,0.19628946708940248,0.0
2020-05-28 21:00:00,-0.7071067811865477,0.7071067811865474,0.0,0.5029569266533744,0.18736861993879966,0.0
2020-05-28 21:15:00,-0.6593458151000687,0.7518398074789775,0.0,0.48092056552314255,0.17925184203046268,0.0
2020-05-28 21:30:00,-0.608761429008721,0.7933533402912349,0.0,0.45566434290556357,0.17078241394505805,0.0
2020-05-28 21:45:00,-0.5555702330196022,0.8314696123025452,0.0,0.43775478835572956,0.1622496055804808,0.0
2020-05-28 22:00:00,-0.5000000000000004,0.8660254037844384,0.0,0.4220489018930773,0.15556785690445535,0.0
2020-05-28 22:15:00,-0.4422886902190014,0.8968727415326883,0.0,0.404990544294769,0.1478078325728886,0.0
2020-05-28 22:30:00,-0.38268343236508956,0.9238795325112868,0.0,0.3914027047857316,0.1416037887689265,0.0
2020-05-28 22:45:00,-0.32143946530316186,0.9469301294951056,0.0,0.37450054012628686,0.1352055111585196,0.0
2020-05-28 23:00:00,-0.2588190451025207,0.9659258262890683,0.0,0.36451461026669096,0.13052300051763893,0.0
2020-05-28 23:15:00,-0.19509032201612872,0.9807852804032303,0.0,0.35630448608101783,0.12603640126380972,0.0
2020-05-28 23:30:00,-0.13052619222005168,0.9914448613738104,0.0,0.3491245739797204,0.12316822312487746,0.0
2020-05-28 23:45:00,-0.06540312923014367,0.9978589232386035,0.0,0.33971893545441123,0.12046276690887042,0.0
2020-05-29 00:00:00,0.0,1.0,0.0,0.33161327202746005,0.11768049225966709,0.0
2020-05-29 00:15:00,0.06540312923014306,0.9978589232386035,0.0,0.321297048972774,0.11017834658169506,0.0
2020-05-29 00:30:00,0.13052619222005157,0.9914448613738104,0.0,0.3146475717326067,0.1090807460542283,0.0
2020-05-29 00:45:00,0.19509032201612825,0.9807852804032304,0.0,0.30453858682333834,0.10666281505284109,0.0
2020-05-29 01:00:00,0.25881904510252074,0.9659258262890683,0.0,0.29827095472315257,0.10150736477307426,0.0
2020-05-29 01:15:00,0.3214394653031616,0.9469301294951057,0.0,0.29393308304165,0.09867010348940414,0.0
2020-05-29 01:30:00,0.3826834323650898,0.9238795325112867,0.0,0.2896326967630387,0.10092562923047871,0.0
2020-05-29 01:45:00,0.4422886902190013,0.8968727415326883,0.0,0.282635824082206,0.09785439123503786,0.0
2020-05-29 02:00:00,0.49999999999999994,0.8660254037844387,0.0,0.274833543530173,0.09203539508775643,0.0
2020-05-29 02:15:00,0.5555702330196022,0.8314696123025452,0.0,0.2681902744490736,0.08841208697416986,0.0
2020-05-29 02:30:00,0.6087614290087207,0.7933533402912352,0.0,0.25976469357964715,0.08459800102684595,0.0
2020-05-29 02:45:00,0.6593458151000688,0.7518398074789774,0.0,0.2536829002810588,0.0813036699206518,0.0
2020-05-29 03:00:00,0.7071067811865476,0.7071067811865476,0.0,0.24799865615841488,0.08204021776142462,0.0
2020-05-29 03:15:00,0.7518398074789773,0.659345815100069,0.0,0.24307325159277782,0.08435155658300447,0.0
2020-05-29 03:30:00,0.7933533402912352,0.6087614290087207,0.0,0.2400705429802621,0.08441094345206074,0.0
2020-05-29 03:45:00,0.8314696123025452,0.5555702330196023,0.0,0.2408179764818219,0.08598200329212463,0.0
2020-05-29 04:00:00,0.8660254037844386,0.5000000000000001,0.0,0.2409291341774431,0.08600220636676442,0.0
2020-05-29 04:15:00,0.8968727415326884,0.44228869021900125,0.0,0.23802886453788408,0.08583720573720593,0.0
2020-05-29 04:30:00,0.9238795325112867,0.38268343236508984,0.0,0.2354264837490876,0.08827379752378378,0.0
2020-05-29 04:45:00,0.9469301294951057,0.3214394653031615,0.0,0.23733784258989488,0.09462193250814804,0.0
2020-05-29 05:00:00,0.9659258262890683,0.25881904510252074,0.0,0.23489960361863504,0.09113170771330609,0.0
2020-05-29 05:15:00,0.9807852804032304,0.19509032201612833,0.0,0.22052290738003366,0.07467648780228014,0.0
2020-05-29 05:30:00,0.9914448613738104,0.1305261922200517,0.0,0.20969595510084305,0.06422505981188492,0.0
2020-05-29 05:45:00,0.9978589232386035,0.06540312923014305,0.0008548001044144152,0.2016290707373447,0.059083559269999864,0.0
2020-05-29 06:00:00,1.0,6.123233995736766e-17,0.014706471424961069,0.19410738187174847,0.05985239779841062,0.014005205344160967
2020-05-29 06:15:00,0.9978589232386035,-0.06540312923014292,0.04044507405829018,0.19821672338591223,0.07303704549536466,0.04142917796532097
2020-05-29 06:30:00,0.9914448613738105,-0.13052619222005138,0.06416594356344635,0.21655445172745447,0.09833068608471246,0.0684751022386356
2020-05-29 06:45:00,0.9807852804032305,-0.19509032201612797,0.07995543333521904,0.23220533316469827,0.11827946359330604,0.08409276192803156
2020-05-29 07:00:00,0.9659258262890683,-0.25881904510252085,0.09045977451341967,0.2429620427254704,0.13387672464023398,0.08884947989473725
2020-05-29 07:15:00,0.9469301294951057,-0.3214394653031616,0.10202333076380302,0.24756472466972368,0.14092528998133275,0.09942474853043584
2020-05-29 07:30:00,0.9238795325112867,-0.3826834323650897,0.13587417226522125,0.25836819998421334,0.15716307313187822,0.12582411750333453
2020-05-29 07:45:00,0.8968727415326884,-0.44228869021900113,0.16205312222084206,0.27192515971226827,0.1812165860416019,0.1504757951782617
2020-05-29 08:00:00,0.8660254037844387,-0.4999999999999998,0.19920447424193055,0.28680141122007585,0.195682784308518,0.18854200224075274
2020-05-29 08:15:00,0.8314696123025451,-0.5555702330196023,0.3429572776492722,0.3241135171615792,0.25928319096557845,0.32623614406849966
2020-05-29 08:30:00,0.7933533402912352,-0.6087614290087207,0.47108336673344453,0.3745458270686852,0.354522957810449,0.4492411710279138
2020-05-29 08:45:00,0.7518398074789774,-0.6593458151000688,0.5623946398944414,0.40182554625455325,0.4204047579373695,0.5391430780137867
2020-05-29 09:00:00,0.7071067811865476,-0.7071067811865475,0.6429275663260131,0.412385496585147,0.4595668984560885,0.6118327344736605
2020-05-29 09:15:00,0.6593458151000686,-0.7518398074789776,0.7199686818836788,0.4462620152261727,0.5248260093808579,0.57828350958185
2020-05-29 09:30:00,0.6087614290087204,-0.7933533402912353,0.7154284329298121,0.4441874304275786,0.5456015425262213,0.5406775337357456
2020-05-29 09:45:00,0.5555702330196022,-0.8314696123025453,0.7053452157729367,0.4760904151794674,0.5741445266895286,0.5087481124404692
2020-05-29 10:00:00,0.49999999999999994,-0.8660254037844387,0.6803530506905069,0.4892398464334924,0.5739336287455166,0.476771752496385
2020-05-29 10:15:00,0.4422886902190013,-0.8968727415326883,0.6493863714251097,0.49209709045284566,0.5481807636645613,0.4951108345774012
2020-05-29 10:30:00,0.3826834323650899,-0.9238795325112867,0.6439111752242997,0.5208864621082163,0.5822348599696847,0.44522792549554335
2020-05-29 10:45:00,0.32143946530316175,-0.9469301294951056,0.6432146808814899,0.5400998902574661,0.5841504486075693,0.44976668719927076
2020-05-29 11:00:00,0.258819045102521,-0.9659258262890682,0.649255931463978,0.5597621587536141,0.5897358263242061,0.39739887287161385
2020-05-29 11:15:00,0.19509032201612816,-0.9807852804032304,0.7038246800370129,0.5827172076707812,0.6069965904345385,0.41483126119017383
2020-05-29 11:30:00,0.13052619222005157,-0.9914448613738104,0.6812023039812551,0.6040834969136804,0.6292844659669952,0.4052125396323128
2020-05-29 11:45:00,0.06540312923014312,-0.9978589232386035,0.7459330106220231,0.6364520005791652,0.685408143935696,0.4447518692489873
2020-05-29 12:00:00,1.2246467991473532e-16,-1.0,0.6983700982044312,0.6741450102150564,0.7089998011911562,0.41073754940270435
2020-05-29 12:15:00,-0.06540312923014287,-0.9978589232386035,0.6969950799807227,0.6803237519285106,0.6997261852229992,0.4387692210637624
2020-05-29 12:30:00,-0.13052619222005132,-0.9914448613738105,0.6212489125646211,0.6854678464470361,0.669911409919884,0.469969331985601
2020-05-29 12:45:00,-0.19509032201612792,-0.9807852804032305,0.5846339004531734,0.6904505098609757,0.6356937194133763,0.49252774261899124
2020-05-29 13:00:00,-0.25881904510252035,-0.9659258262890684,0.573095575742103,0.7190235631694561,0.6519824527230043,0.5286795859471156
2020-05-29 13:15:00,-0.3214394653031611,-0.9469301294951058,0.5537252756955756,0.73754542286719,0.6470326287417694,0.5479648438997565
2020-05-29 13:30:00,-0.3826834323650892,-0.923879532511287,0.5164477246881367,0.7281176080959075,0.6173171430192097,0.5339313501965808
2020-05-29 13:45:00,-0.44228869021900147,-0.8968727415326883,0.5192079676424666,0.7505316052874171,0.5883849943373896,0.5393647893686696
2020-05-29 14:00:00,-0.5000000000000001,-0.8660254037844386,0.5417754918949581,0.766036037769749,0.5985492233686089,0.5671377709602792
2020-05-29 14:15:00,-0.5555702330196023,-0.8314696123025452,0.5153140174963782,0.778081851848577,0.6019345889895029,0.5399412853829793
2020-05-29 14:30:00,-0.6087614290087207,-0.7933533402912352,0.5128067572040793,0.7984335579240371,0.6366366318785186,0.5321814058434665
2020-05-29 14:45:00,-0.6593458151000688,-0.7518398074789774,0.4723912475853642,0.8042083963497371,0.6082413065120313,0.5019966896540279
2020-05-29 15:00:00,-0.7071067811865475,-0.7071067811865477,0.4674035436348188,0.8055726313645273,0.5760022448694677,0.49660532539266095
2020-05-29 15:15:00,-0.7518398074789773,-0.6593458151000691,0.5409040658629627,0.831255753730703,0.618285109185726,0.5531098383694002
2020-05-29 15:30:00,-0.7933533402912349,-0.6087614290087209,0.518569953635193,0.8557777553693688,0.6706585368698137,0.5480993655968921
2020-05-29 15:45:00,-0.8314696123025448,-0.555570233019603,0.4941884016760185,0.8648241973934792,0.6576699477243666,0.5194675298385929
2020-05-29 16:00:00,-0.8660254037844385,-0.5000000000000004,0.45063420143222277,0.8788495347002534,0.6398868344481208,0.5267989735239825
2020-05-29 16:15:00,-0.8968727415326883,-0.44228869021900136,0.40708000118842697,0.8928748720070276,0.622103721171875,0.5341304172093723
2020-05-29 16:30:00,-0.9238795325112868,-0.3826834323650895,0.3636144943617858,0.9026893729706476,0.6133226326802665,0.4778296870556475
2020-05-29 16:45:00,-0.9469301294951056,-0.3214394653031618,0.31483768213994506,0.9022394027503944,0.5775735947997509,0.4165193359338119
2020-05-29 17:00:00,-0.9659258262890683,-0.25881904510252063,0.24993833694054704,0.894357167320748,0.5249238113287986,0.33357278898758136
2020-05-29 17:15:00,-0.9807852804032303,-0.19509032201612866,0.19866578055289397,0.8859211503892179,0.47839032238227736,0.26303317298256434
2020-05-29 17:30:00,-0.9914448613738104,-0.13052619222005163,0.14708849760638978,0.8709925137581143,0.433262063225701,0.19239739086200885
2020-05-29 17:45:00,-0.9978589232386035,-0.06540312923014362,0.1009379032002769,0.8533844578686056,0.3876131952924186,0.12796627226519158
2020-05-29 18:00:00,-1.0,-1.8369701987210297e-16,0.059819540527838236,0.8239240755455643,0.34326067927251463,0.07525622601390342
2020-05-29 18:15:00,-0.9978589232386036,0.06540312923014237,0.022439196545899768,0.7882336703581887,0.3036258969884606,0.029240292694035965
2020-05-29 18:30:00,-0.9914448613738104,0.13052619222005213,0.009682768195685358,0.7631706115742056,0.2768789714775955,0.012699059210003047
2020-05-29 18:45:00,-0.9807852804032304,0.1950903220161283,0.0003480208912572763,0.7288193987849789,0.2539503481744831,0.0
2020-05-29 19:00:00,-0.9659258262890682,0.25881904510252113,0.0,0.7107259400005763,0.24354529718972412,0.0
2020-05-29 19:15:00,-0.9469301294951057,0.3214394653031615,0.0,0.6967625240721904,0.23994997625071307,0.0
2020-05-29 19:30:00,-0.9238795325112866,0.38268343236509,0.0,0.6804358983342145,0.23548035918517302,0.0
2020-05-29 19:45:00,-0.8968727415326884,0.442288690219001,0.0,0.6569385454975389,0.2296858228264536,0.0
2020-05-29 20:00:00,-0.8660254037844386,0.5000000000000001,0.0,0.6400064373981398,0.22925059932823882,0.0
2020-05-29 20:15:00,-0.8314696123025455,0.5555702330196018,0.0,0.620294075539219,0.22173116679660249,0.0
2020-05-29 20:30:00,-0.7933533402912352,0.6087614290087205,0.0,0.6002139963370945,0.21595913346219914,0.0
2020-05-29 20:45:00,-0.7518398074789777,0.6593458151000684,0.0,0.5642720492262856,0.20852123693022745,0.0
2020-05-29 21:00:00,-0.7071067811865477,0.7071067811865474,0.0,0.5287174178994454,0.19864664829593687,0.0
2020-05-29 21:15:00,-0.6593458151000687,0.7518398074789775,0.0,0.4996177018141401,0.18744123311729727,0.0
2020-05-29 21:30:00,-0.608761429008721,0.7933533402912349,0.0,0.47857625371304224,0.17896640581329298,0.0
2020-05-29 21:45:00,-0.5555702330196022,0.8314696123025452,0.0,0.4581699919399109,0.17186102738231473,0.0
2020-05-29 22:00:00,-0.5000000000000004,0.8660254037844384,0.0,0.43514617804431643,0.1619555048140509,0.0
2020-05-29 22:15:00,-0.4422886902190014,0.8968727415326883,0.0,0.4196099511816376,0.15540420591449694,0.0
2020-05-29 22:30:00,-0.38268343236508956,0.9238795325112868,0.0,0.39857188961265777,0.14824484653480424,0.0
2020-05-29 22:45:00,-0.32143946530316186,0.9469301294951056,0.0,0.3831677789062711,0.14036028109083348,0.0
2020-05-29 23:00:00,-0.2588190451025207,0.9659258262890683,0.0,0.37325508524572504,0.13664644145414967,0.0
2020-05-29 23:15:00,-0.19509032201612872,0.9807852804032303,0.0,0.36527987376091176,0.13111130434925428,0.0
2020-05-29 23:30:00,-0.13052619222005168,0.9914448613738104,0.0,0.3554475514726525,0.12487739347306565,0.0
2020-05-29 23:45:00,-0.06540312923014367,0.9978589232386035,0.0,0.34523582005615405,0.12167153004294468,0.0
2020-05-30 00:00:00,0.0,1.0,0.0,0.3375525109019786,0.11768427669392262,0.0
2020-05-30 00:15:00,0.06540312923014306,0.9978589232386035,0.0,0.33210463718004246,0.11571414544328323,0.0
2020-05-30 00:30:00,0.13052619222005157,0.9914448613738104,0.0,0.3296683605043109,0.11795925012144909,0.0
2020-05-30 00:45:00,0.19509032201612825,0.9807852804032304,0.0,0.33613676931620584,0.1289299806026019,0.0
2020-05-30 01:00:00,0.25881904510252074,0.9659258262890683,0.0,0.3282804326836555,0.13223159628740472,0.0
2020-05-30 01:15:00,0.3214394653031616,0.9469301294951057,0.0,0.2816787144068682,0.11840160339921063,0.0
2020-05-30 01:30:00,0.3826834323650898,0.9238795325112867,0.0,0.2065563613451351,0.08709666237872277,0.0
2020-05-30 01:45:00,0.4422886902190013,0.8968727415326883,0.0,0.19532876337278382,0.07579507392665658,0.0
2020-05-30 02:00:00,0.49999999999999994,0.8660254037844387,0.0,0.1695185515862252,0.06803798304350311,0.0
2020-05-30 02:15:00,0.5555702330196022,0.8314696123025452,0.0,0.14357112468732458,0.059296504205413436,0.0
2020-05-30 02:30:00,0.6087614290087207,0.7933533402912352,0.0,0.13726107314975522,0.055227924684437824,0.0
2020-05-30 02:45:00,0.6593458151000688,0.7518398074789774,0.0,0.1451695709979648,0.06094173966580796,0.0
2020-05-30 03:00:00,0.7071067811865476,0.7071067811865476,0.0,0.15160449934765574,0.06451518275058027,0.0
2020-05-30 03:15:00,0.7518398074789773,0.659345815100069,0.0,0.14618284897230516,0.058145079907911346,0.0
2020-05-30 03:30:00,0.7933533402912352,0.6087614290087207,0.0,0.1492808541373194,0.05585572111538695,0.0
2020-05-30 03:45:00,0.8314696123025452,0.5555702330196023,0.0,0.16003251767826865,0.05872558134628314,0.0
2020-05-30 04:00:00,0.8660254037844386,0.5000000000000001,0.0,0.1677097868719366,0.05649423028587536,0.0
2020-05-30 04:15:00,0.8968727415326884,0.44228869021900125,0.0,0.1607173733120173,0.057233777832529975,0.0
2020-05-30 04:30:00,0.9238795325112867,0.38268343236508984,0.0,0.15523304140207683,0.050186608062602445,0.0
2020-05-30 04:45:00,0.9469301294951057,0.3214394653031615,0.0,0.15876080378218704,0.04879380592304955,0.0
2020-05-30 05:00:00,0.9659258262890683,0.25881904510252074,0.0,0.16659562108213533,0.055090055608316923,0.0
2020-05-30 05:15:00,0.9807852804032304,0.19509032201612833,0.0,0.1585754270382307,0.04427862109526154,0.0
2020-05-30 05:30:00,0.9914448613738104,0.1305261922200517,0.0,0.14479521538884632,0.037003563285762764,0.0
2020-05-30 05:45:00,0.9978589232386035,0.06540312923014305,0.00040963666713567137,0.14969701424131499,0.04647667392320309,0.0
2020-05-30 06:00:00,1.0,6.123233995736766e-17,0.006666480621915415,0.16758879872986032,0.056828707803396494,0.0052866687227881
2020-05-30 06:15:00,0.9978589232386035,-0.06540312923014292,0.013731275066084838,0.18504937328198712,0.07044938234248627,0.016614332606442905
2020-05-30 06:30:00,0.9914448613738105,-0.13052619222005138,0.016208494495129504,0.18789047263430492,0.07936021896373596,0.021056642092391564
2020-05-30 06:45:00,0.9807852804032305,-0.19509032201612797,0.03250650349663329,0.19186483313397384,0.09039491980385256,0.04307310355699471
2020-05-30 07:00:00,0.9659258262890683,-0.25881904510252085,0.08965324175380301,0.22443397171770285,0.12321459425583398,0.11571589289362089
2020-05-30 07:15:00,0.9469301294951057,-0.3214394653031616,0.101432824817039,0.2591531005500425,0.15156914188093068,0.129574202618751
2020-05-30 07:30:00,0.9238795325112867,-0.3826834323650897,0.09462041670879674,0.27806897038485356,0.16319085204086242,0.12080547293558636
2020-05-30 07:45:00,0.8968727415326884,-0.44228869021900113,0.1267012733633744,0.2888778924590092,0.1566099459431191,0.16887066719614652
2020-05-30 08:00:00,0.8660254037844387,-0.4999999999999998,0.24299073394681386,0.3385769526855076,0.22924840254488726,0.2866945613966824
2020-05-30 08:15:00,0.8314696123025451,-0.5555702330196023,0.18921880896181217,0.3201271394451153,0.21081384040527534,0.2398390252897214
2020-05-30 08:30:00,0.7933533402912352,-0.6087614290087207,0.1349488591171411,0.28330273357869085,0.17129252055356553,0.18035380976604273
2020-05-30 08:45:00,0.7518398074789774,-0.6593458151000688,0.19608303920301853,0.2656900794216144,0.18134237781639978,0.2658087044603911
2020-05-30 09:00:00,0.7071067811865476,-0.7071067811865475,0.29459061698961586,0.2831328600281313,0.23323195933197965,0.3823616073395524
2020-05-30 09:15:00,0.6593458151000686,-0.7518398074789776,0.28942222096951786,0.3057976071162838,0.24134380583960174,0.3755636571762738
2020-05-30 09:30:00,0.6087614290087204,-0.7933533402912353,0.35146528717619524,0.3288763415914022,0.2714332267779633,0.45398599787025484
2020-05-30 09:45:00,0.5555702330196022,-0.8314696123025453,0.5408142390365378,0.36216874671347576,0.3365631907419338,0.6550464930445684
2020-05-30 10:00:00,0.49999999999999994,-0.8660254037844387,0.5180192050962188,0.38203958501625235,0.381188825426421,0.6325782940238391
2020-05-30 10:15:00,0.4422886902190013,-0.8968727415326883,0.46232653744841246,0.41308695043596355,0.3828720307541796,0.5463511736200001
2020-05-30 10:30:00,0.3826834323650899,-0.9238795325112867,0.6440146262054849,0.46502787671196333,0.449462690263629,0.7854260734699108
2020-05-30 10:45:00,0.32143946530316175,-0.9469301294951056,0.8527351898555223,0.5466975648618944,0.6309117483304632,0.7388644180079617
2020-05-30 11:00:00,0.258819045102521,-0.9659258262890682,0.693975254222742,0.5666741779391951,0.5842310984228858,0.5651304955233581
2020-05-30 11:15:00,0.19509032201612816,-0.9807852804032304,0.8983483919635057,0.6010884549793307,0.66384708393158,0.7841144913931862
2020-05-30 11:30:00,0.13052619222005157,-0.9914448613738104,0.7579458599330756,0.6282055904372836,0.6766121224848514,0.7299440541374103
2020-05-30 11:45:00,0.06540312923014312,-0.9978589232386035,0.9428494483501051,0.6590518409836243,0.7425695545083022,0.691831319698082
2020-05-30 12:00:00,1.2246467991473532e-16,-1.0,0.5622508258396275,0.6700733266506775,0.6561586907402046,0.5333793159238212
2020-05-30 12:15:00,-0.06540312923014287,-0.9978589232386035,0.6339228541750277,0.6691358613571876,0.5900693010561329,0.7206830676683296
2020-05-30 12:30:00,-0.13052619222005132,-0.9914448613738105,0.9065091220451413,0.7299161958205098,0.7876052192119016,0.7484814229523805
2020-05-30 12:45:00,-0.19509032201612792,-0.9807852804032305,0.8049582905058497,0.7429248756331557,0.7938601812979891,0.6603489331533559
2020-05-30 13:00:00,-0.25881904510252035,-0.9659258262890684,0.7679578690493695,0.7715602542280209,0.7458689600491937,0.7152763611743237
2020-05-30 13:15:00,-0.3214394653031611,-0.9469301294951058,0.8563604511418096,0.8021162800179737,0.8064221821053617,0.7800044717780166
2020-05-30 13:30:00,-0.3826834323650892,-0.923879532511287,0.7432932308048521,0.8181401837016025,0.775828165504235,0.7140011319635139
2020-05-30 13:45:00,-0.44228869021900147,-0.8968727415326883,0.7736751342797702,0.8349269638337196,0.758750141450586,0.7200097618084407
2020-05-30 14:00:00,-0.5000000000000001,-0.8660254037844386,0.7501690126982906,0.8189326083328818,0.6997466679274573,0.7287006180380595
2020-05-30 14:15:00,-0.5555702330196023,-0.8314696123025452,0.7221116390989382,0.8225232079683173,0.6703519834174343,0.7488629224085
2020-05-30 14:30:00,-0.6087614290087207,-0.7933533402912352,0.6830277678082697,0.8269672063872364,0.6558751338844255,0.7541876784920352
2020-05-30 14:45:00,-0.6593458151000688,-0.7518398074789774,0.6613691672003852,0.8509040700649135,0.6342070046368127,0.733618822838054
2020-05-30 15:00:00,-0.7071067811865475,-0.7071067811865477,0.6196368505619156,0.8824871537593488,0.6340112385551415,0.7697860978057673
2020-05-30 15:15:00,-0.7518398074789773,-0.6593458151000691,0.5681922775001155,0.9038602750525657,0.6209464367378223,0.716586924011817
2020-05-30 15:30:00,-0.7933533402912349,-0.6087614290087209,0.5238020093641559,0.873324513376436,0.6145254444411006,0.6571018873020387
2020-05-30 15:45:00,-0.8314696123025448,-0.555570233019603,0.47654250037015766,0.8594568300942298,0.5752871746362649,0.6233745458842189
2020-05-30 16:00:00,-0.8660254037844385,-0.5000000000000004,0.4271025844808455,0.8558500378970766,0.5541013413604408,0.5606671217599636
2020-05-30 16:15:00,-0.8968727415326883,-0.44228869021900136,0.3775711627970384,0.8489427920467281,0.510084967697797,0.4962203927096571
2020-05-30 16:30:00,-0.9238795325112868,-0.3826834323650895,0.32903415899155586,0.8414320434608,0.48542834852238465,0.4372022390933534
2020-05-30 16:45:00,-0.9469301294951056,-0.3214394653031618,0.28453160633922564,0.8464862111768876,0.46261636265597167,0.3786588185007441
2020-05-30 17:00:00,-0.9659258262890683,-0.25881904510252063,0.2298624854423398,0.8209362357109689,0.4361033829466407,0.30839500505542655
2020-05-30 17:15:00,-0.9807852804032303,-0.19509032201612866,0.18306126802132322,0.7956748194008612,0.39584214499724785,0.2441931258786915
2020-05-30 17:30:00,-0.9914448613738104,-0.13052619222005163,0.13908548644555122,0.7797515210215915,0.36928531692840333,0.18111065748011443
2020-05-30 17:45:00,-0.9978589232386035,-0.06540312923014362,0.08991794901024026,0.7601310845552622,0.338405003708704,0.11293474665932718
2020-05-30 18:00:00,-1.0,-1.8369701987210297e-16,0.04454935278704241,0.7223012477539512,0.3012555053365998,0.055894328423628147
2020-05-30 18:15:00,-0.9978589232386036,0.06540312923014237,0.02508428647867472,0.7033097466078866,0.2806017374800847,0.030484086421187124
2020-05-30 18:30:00,-0.9914448613738104,0.13052619222005213,0.009465570420578346,0.6822187271960467,0.2613044021883791,0.011133346818285594
2020-05-30 18:45:00,-0.9807852804032304,0.1950903220161283,0.0005094214790023673,0.6608345799799096,0.24705601688456263,0.0
2020-05-30 19:00:00,-0.9659258262890682,0.25881904510252113,0.0,0.6514120068404119,0.24366864700622753,0.0
2020-05-30 19:15:00,-0.9469301294951057,0.3214394653031615,0.0,0.6417422542897795,0.23867859879249692,0.0
2020-05-30 19:30:00,-0.9238795325112866,0.38268343236509,0.0,0.6171914240859173,0.21802839699077642,0.0
2020-05-30 19:45:00,-0.8968727415326884,0.442288690219001,0.0,0.5921634108489036,0.19534413809812606,0.0
2020-05-30 20:00:00,-0.8660254037844386,0.5000000000000001,0.0,0.5453716297116631,0.17072061503643715,0.0
2020-05-30 20:15:00,-0.8314696123025455,0.5555702330196018,0.0,0.4965997137898268,0.1576911727950528,0.0
2020-05-30 20:30:00,-0.7933533402912352,0.6087614290087205,0.0,0.5360498846453123,0.16074238871549323,0.0
2020-05-30 20:45:00,-0.7518398074789777,0.6593458151000684,0.0,0.504562173315614,0.15410092822417826,0.0
2020-05-30 21:00:00,-0.7071067811865477,0.7071067811865474,0.0,0.5013409942464933,0.14657182656390594,0.0
2020-05-30 21:15:00,-0.6593458151000687,0.7518398074789775,0.0,0.4780894352782252,0.13814838208793717,0.0
2020-05-30 21:30:00,-0.608761429008721,0.7933533402912349,0.0,0.48486790203423435,0.1275343135029952,0.0
2020-05-30 21:45:00,-0.5555702330196022,0.8314696123025452,0.0,0.4790312666130936,0.11716294706669522,0.0
2020-05-30 22:00:00,-0.5000000000000004,0.8660254037844384,0.0,0.44697957933547694,0.10644271907005104,0.0
2020-05-30 22:15:00,-0.4422886902190014,0.8968727415326883,0.0,0.4179879435864502,0.10186333915819273,0.0
2020-05-30 22:30:00,-0.38268343236508956,0.9238795325112868,0.0,0.4243456169321558,0.11551310669983789,0.0
2020-05-30 22:45:00,-0.32143946530316186,0.9469301294951056,0.0,0.41525766502847894,0.12007268665909615,0.0
2020-05-30 23:00:00,-0.2588190451025207,0.9659258262890683,0.0,0.39591052148170025,0.11608562610864886,0.0
2020-05-30 23:15:00,-0.19509032201612872,0.9807852804032303,0.0,0.38144468391344244,0.10778097066479125,0.0
2020-05-30 23:30:00,-0.13052619222005168,0.9914448613738104,0.0,0.3759201212900547,0.10298973937559769,0.0
2020-05-30 23:45:00,-0.06540312923014367,0.9978589232386035,0.0,0.3722240086623432,0.09983977776587644,0.0
2020-05-31 00:00:00,0.0,1.0,0.0,0.345283022596766,0.08757802293783151,0.0
2020-05-31 00:15:00,0.06540312923014306,0.9978589232386035,0.0,0.34203117675195704,0.08481379761132873,0.0
2020-05-31 00:30:00,0.13052619222005157,0.9914448613738104,0.0,0.3666977777915661,0.08818331056893519,0.0
2020-05-31 00:45:00,0.19509032201612825,0.9807852804032304,0.0,0.36130433814001783,0.08310705149824421,0.0
2020-05-31 01:00:00,0.25881904510252074,0.9659258262890683,0.0,0.3455276156320659,0.08482803501023722,0.0
2020-05-31 01:15:00,0.3214394653031616,0.9469301294951057,0.0,0.3326242483472446,0.08484264990072415,0.0
2020-05-31 01:30:00,0.3826834323650898,0.9238795325112867,0.0,0.34293687539359974,0.09034784207529029,0.0
2020-05-31 01:45:00,0.4422886902190013,0.8968727415326883,0.0,0.3353308776456996,0.08804490236077439,0.0
2020-05-31 02:00:00,0.49999999999999994,0.8660254037844387,0.0,0.3210761537218656,0.08260867855945192,0.0
2020-05-31 02:15:00,0.5555702330196022,0.8314696123025452,0.0,0.30615925040552816,0.08021368377187604,0.0
2020-05-31 02:30:00,0.6087614290087207,0.7933533402912352,0.0,0.2819648078058168,0.07181478571741112,0.0
2020-05-31 02:45:00,0.6593458151000688,0.7518398074789774,0.0,0.2780265251725682,0.06974813302559207,0.0
2020-05-31 03:00:00,0.7071067811865476,0.7071067811865476,0.0,0.27692375938835934,0.07376649000504493,0.0
2020-05-31 03:15:00,0.7518398074789773,0.659345815100069,0.0,0.28187858899703855,0.07829165351001705,0.0
2020-05-31 03:30:00,0.7933533402912352,0.6087614290087207,0.0,0.2780345164632425,0.08131540195438008,0.0
2020-05-31 03:45:00,0.8314696123025452,0.5555702330196023,0.0,0.27099142711601165,0.07804948402382988,0.0
2020-05-31 04:00:00,0.8660254037844386,0.5000000000000001,0.0,0.255452457400531,0.07120696897452988,0.0
2020-05-31 04:15:00,0.8968727415326884,0.44228869021900125,0.0,0.23988569345592103,0.06359964359311937,0.0
2020-05-31 04:30:00,0.9238795325112867,0.38268343236508984,0.0,0.2317678068650435,0.06073842290978343,0.0
2020-05-31 04:45:00,0.9469301294951057,0.3214394653031615,0.0,0.2565979988073104,0.07098404739452219,0.0
2020-05-31 05:00:00,0.9659258262890683,0.25881904510252074,0.0,0.26910285013682644,0.08204701655108065,0.0
2020-05-31 05:15:00,0.9807852804032304,0.19509032201612833,0.0,0.27434902826237484,0.0950914644607273,0.0
2020-05-31 05:30:00,0.9914448613738104,0.1305261922200517,0.0001542066348379797,0.28895328448591306,0.10609332452501158,0.0
2020-05-31 05:45:00,0.9978589232386035,0.06540312923014305,0.001980927748582232,0.29102713618077836,0.10913067615070288,0.0
2020-05-31 06:00:00,1.0,6.123233995736766e-17,0.01403837173926992,0.29339963075254794,0.10976093940198933,0.014993205787047234
2020-05-31 06:15:00,0.9978589232386035,-0.06540312923014292,0.03735195392873033,0.3033373552451222,0.12342741840088273,0.04566747867250849
2020-05-31 06:30:00,0.9914448613738105,-0.13052619222005138,0.06478057470290892,0.31146353599751797,0.1488101823252274,0.08239950158128707
2020-05-31 06:45:00,0.9807852804032305,-0.19509032201612797,0.0867639202495562,0.32535614077323616,0.17947381115958566,0.10915826861223818
2020-05-31 07:00:00,0.9659258262890683,-0.25881904510252085,0.08587219126031809,0.3379466582321109,0.19900471106788226,0.10922816696583423
2020-05-31 07:15:00,0.9469301294951057,-0.3214394653031616,0.07635384813804445,0.3401708161052934,0.20008207359486835,0.09944241534377758
2020-05-31 07:30:00,0.9238795325112867,-0.3826834323650897,0.08219103739614053,0.34921174311981584,0.2005222053015983,0.10895540424243845
2020-05-31 07:45:00,0.8968727415326884,-0.44228869021900113,0.10104485692581276,0.3531714997747777,0.20301620342160104,0.1386621329951986
2020-05-31 08:00:00,0.8660254037844387,-0.4999999999999998,0.16272140710278807,0.37291263518303097,0.236685228720049,0.21726196436653814
2020-05-31 08:15:00,0.8314696123025451,-0.5555702330196023,0.2742414773342829,0.3952477750413719,0.28704526071205033,0.3588869006372641
2020-05-31 08:30:00,0.7933533402912352,-0.6087614290087207,0.34833746883242717,0.4340444257998013,0.3931102201743046,0.4032212501580715
2020-05-31 08:45:00,0.7518398074789774,-0.6593458151000688,0.26332010748954915,0.4367726737493032,0.37022114648218957,0.33379879187606964
2020-05-31 09:00:00,0.7071067811865476,-0.7071067811865475,0.26715825073797844,0.4543854641541447,0.37195392414583667,0.33191436158859977
2020-05-31 09:15:00,0.6593458151000686,-0.7518398074789776,0.40202990099726466,0.4724515271175489,0.41280658391953623,0.49061661541621865
2020-05-31 09:30:00,0.6087614290087204,-0.7933533402912353,0.6899773410581712,0.527751360111125,0.5899848767959956,0.7715363997866821
2020-05-31 09:45:00,0.5555702330196022,-0.8314696123025453,0.5497079257847487,0.560025851935932,0.6722125024069112,0.6404030830091317
2020-05-31 10:00:00,0.49999999999999994,-0.8660254037844387,0.4111373032445426,0.5542998279589633,0.5341138807189916,0.5624786317389237
2020-05-31 10:15:00,0.4422886902190013,-0.8968727415326883,0.5575945603877395,0.5910466530745471,0.585701052588232,0.6486355319241462
2020-05-31 10:30:00,0.3826834323650899,-0.9238795325112867,0.6515206404510924,0.6211426568109271,0.6455414829691049,0.7319676910462014
2020-05-31 10:45:00,0.32143946530316175,-0.9469301294951056,0.6787578951348073,0.6782996101238672,0.7957884002999116,0.8346202450522908
2020-05-31 11:00:00,0.258819045102521,-0.9659258262890682,0.4376034172155121,0.6589427922294844,0.676308334519566,0.5559620988918115
2020-05-31 11:15:00,0.19509032201612816,-0.9807852804032304,0.6398313152746383,0.6659475370314605,0.6799496960210332,0.7283989589883882
2020-05-31 11:30:00,0.13052619222005157,-0.9914448613738104,0.6669699684506423,0.6903055221980128,0.7330089151273189,0.783259832475694
2020-05-31 11:45:00,0.06540312923014312,-0.9978589232386035,0.4100105520690611,0.6908666969372403,0.6578794016372931,0.5786581247028112
2020-05-31 12:00:00,1.2246467991473532e-16,-1.0,0.7400612895244418,0.6980962232024166,0.7501277433212379,0.8768185373652386
2020-05-31 12:15:00,-0.06540312923014287,-0.9978589232386035,0.8189274963176987,0.7564199202675683,0.8748598289602041,0.8972377794289054
2020-05-31 12:30:00,-0.13052619222005132,-0.9914448613738105,0.2907437438646026,0.7201034565332836,0.6922025736868176,0.41495192481004234
2020-05-31 12:45:00,-0.19509032201612792,-0.9807852804032305,0.7828511420870938,0.7569497135290206,0.7373386946031315,0.9326307365644956
2020-05-31 13:00:00,-0.25881904510252035,-0.9659258262890684,0.7856777308251213,0.7856828153612669,0.8802276619412268,0.8555554903878229
2020-05-31 13:15:00,-0.3214394653031611,-0.9469301294951058,0.87406595067255,0.824870945463976,0.946232748576916,0.9784771721883444
2020-05-31 13:30:00,-0.3826834323650892,-0.923879532511287,0.7621237592656159,0.8160015063658861,0.9221618472584034,0.8695922027412027
2020-05-31 13:45:00,-0.44228869021900147,-0.8968727415326883,0.8182596441050196,0.8296390080595222,0.9030754839762976,0.9321968267542216
2020-05-31 14:00:00,-0.5000000000000001,-0.8660254037844386,0.8361934224413305,0.8673036024739245,0.916235275108296,0.9470154207677037
2020-05-31 14:15:00,-0.5555702330196023,-0.8314696123025452,0.6057372589441892,0.8589365375621594,0.8956800540199295,0.64084849055319
2020-05-31 14:30:00,-0.6087614290087207,-0.7933533402912352,0.2735002446231068,0.5818203775487225,0.4272922955438961,0.33155891531774223
2020-05-31 14:45:00,-0.6593458151000688,-0.7518398074789774,0.24554375452709637,0.4471319891616532,0.26301080119958103,0.3344556647385283
2020-05-31 15:00:00,-0.7071067811865475,-0.7071067811865477,0.3726633227412277,0.4010925831227845,0.22204622388569234,0.5003152667874781
2020-05-31 15:15:00,-0.7518398074789773,-0.6593458151000691,0.2606974047915091,0.4207679155866013,0.30191366479167686,0.34655317610680075
2020-05-31 15:30:00,-0.7933533402912349,-0.6087614290087209,0.16609320288655366,0.4039453955606678,0.24580672673648102,0.2218926364149787
2020-05-31 15:45:00,-0.8314696123025448,-0.555570233019603,0.16915602592708148,0.39201166846032587,0.2548498530245375,0.22261388228151657
2020-05-31 16:00:00,-0.8660254037844385,-0.5000000000000004,0.13708634762719085,0.3903975290160653,0.2439225465183406,0.18057187331736116
2020-05-31 16:15:00,-0.8968727415326883,-0.44228869021900136,0.13085135777900003,0.46236710279015614,0.2566955061482678,0.17174799742736863
2020-05-31 16:30:00,-0.9238795325112868,-0.3826834323650895,0.11457793814188541,0.46437440356429804,0.2506829172535215,0.1500221800761833
2020-05-31 16:45:00,-0.9469301294951056,-0.3214394653031618,0.08637435800450967,0.4766603142500774,0.24537142295097064,0.11083203824385865
2020-05-31 17:00:00,-0.9659258262890683,-0.25881904510252063,0.0601493294780526,0.4816448696299864,0.23380860777337337,0.07733483031562226
2020-05-31 17:15:00,-0.9807852804032303,-0.19509032201612866,0.036404502026327314,0.4764773493184453,0.21913293110330295,0.04674123826194032
2020-05-31 17:30:00,-0.9914448613738104,-0.13052619222005163,0.04981416534760541,0.47628446369669497,0.21447085946620043,0.06750711107118394
2020-05-31 17:45:00,-0.9978589232386035,-0.06540312923014362,0.04420546799933965,0.45638919110275533,0.20855260685470417,0.05879272293229619
2020-05-31 18:00:00,-1.0,-1.8369701987210297e-16,0.0313314869942289,0.4569587215733746,0.19906806483330636,0.04134030745691157
2020-05-31 18:15:00,-0.9978589232386036,0.06540312923014237,0.01688647353756709,0.46149203588546084,0.19066233715331143,0.02139463612658765
2020-05-31 18:30:00,-0.9914448613738104,0.13052619222005213,0.0017138757226999699,0.442690853332242,0.1781800687196438,0.001014733120969177
2020-05-31 18:45:00,-0.9807852804032304,0.1950903220161283,0.0,0.4155498802500299,0.1478475824187651,0.0
2020-05-31 19:00:00,-0.9659258262890682,0.25881904510252113,7.226461255082548e-06,0.2593810755802086,0.08480325236214331,0.0
2020-05-31 19:15:00,-0.9469301294951057,0.3214394653031615,0.0006252121963811294,0.2390387168451107,0.07709543237190225,0.0
2020-05-31 19:30:00,-0.9238795325112866,0.38268343236509,0.0006112687452178416,0.25092332089112057,0.07756469146170014,0.0
2020-05-31 19:45:00,-0.8968727415326884,0.442288690219001,0.0011178407391915543,0.2732500287016755,0.07445971416181502,0.0
2020-05-31 20:00:00,-0.8660254037844386,0.5000000000000001,0.0011644802570082628,0.2700679335204501,0.07099586427647914,0.0
2020-05-31 20:15:00,-0.8314696123025455,0.5555702330196018,0.0008059230644928334,0.26986022336033955,0.0884205546935321,0.0
2020-05-31 20:30:00,-0.7933533402912352,0.6087614290087205,0.00022475268598426174,0.281199275723262,0.09632746335564563,0.0
2020-05-31 20:45:00,-0.7518398074789777,0.6593458151000684,0.0,0.27680519169225315,0.09504673434854943,0.0
2020-05-31 21:00:00,-0.7071067811865477,0.7071067811865474,0.0,0.2721829488667473,0.08908804648703711,0.0
2020-05-31 21:15:00,-0.6593458151000687,0.7518398074789775,0.0,0.253353529877844,0.08420742965876787,0.0
2020-05-31 21:30:00,-0.608761429008721,0.7933533402912349,0.0,0.2406834570838332,0.08182271102532362,0.0
2020-05-31 21:45:00,-0.5555702330196022,0.8314696123025452,3.493589943818375e-06,0.23789844902091128,0.0912787757453491,0.0
2020-05-31 22:00:00,-0.5000000000000004,0.8660254037844384,4.939233940512868e-05,0.2377406816074037,0.10300106689917626,0.0
2020-05-31 22:15:00,-0.4422886902190014,0.8968727415326883,0.0,0.2319336707484676,0.10322435670017022,0.0
2020-05-31 22:30:00,-0.38268343236508956,0.9238795325112868,0.0,0.23154263398885888,0.10179219008880164,0.0
2020-05-31 22:45:00,-0.32143946530316186,0.9469301294951056,0.0,0.22783516408265148,0.09712792419669075,0.0
2020-05-31 23:00:00,-0.2588190451025207,0.9659258262890683,0.0,0.22005012422963532,0.09221933630583784,0.0
2020-05-31 23:15:00,-0.19509032201612872,0.9807852804032303,0.0,0.21102692637686427,0.08705318245797306,0.0
2020-05-31 23:30:00,-0.13052619222005168,0.9914448613738104,0.0,0.20677326533054852,0.0856996929096216,0.0
2020-05-31 23:45:00,-0.06540312923014367,0.9978589232386035,0.0,0.21606703234041968,0.09156039797228005,0.0
2020-06-01 00:00:00,0.0,1.0,0.0,0.23040929728134496,0.08860891409248312,0.0
2020-06-01 00:15:00,0.06540312923014306,0.9978589232386035,0.0,0.22276079558715445,0.07837657312715113,0.0
2020-06-01 00:30:00,0.13052619222005157,0.9914448613738104,0.0,0.20987706386147842,0.07144031538517387,0.0
2020-06-01 00:45:00,0.19509032201612825,0.9807852804032304,0.0,0.20051608542541044,0.06857458450910009,0.0
2020-06-01 01:00:00,0.25881904510252074,0.9659258262890683,0.0,0.19810429370837346,0.0676244638857672,0.0
2020-06-01 01:15:00,0.3214394653031616,0.9469301294951057,0.0,0.20327502813117793,0.06656361880285849,0.0
2020-06-01 01:30:00,0.3826834323650898,0.9238795325112867,0.0,0.21719890151707122,0.07141579474285736,0.0
2020-06-01 01:45:00,0.4422886902190013,0.8968727415326883,0.0,0.2045347653949059,0.06809552942731972,0.0
2020-06-01 02:00:00,0.49999999999999994,0.8660254037844387,0.0,0.19171388359143782,0.0654087290389675,0.0
2020-06-01 02:15:00,0.5555702330196022,0.8314696123025452,0.0,0.18214158587891016,0.06113404231367969,0.0
2020-06-01 02:30:00,0.6087614290087207,0.7933533402912352,0.0,0.17002748047484917,0.0539265729720671,0.0
2020-06-01 02:45:00,0.6593458151000688,0.7518398074789774,0.0,0.16322714336863542,0.055739938010865686,0.0
2020-06-01 03:00:00,0.7071067811865476,0.7071067811865476,0.0,0.15739175465866562,0.05798818385820326,0.0
2020-06-01 03:15:00,0.7518398074789773,0.659345815100069,0.0,0.15041522272314856,0.059162025464223555,0.0
2020-06-01 03:30:00,0.7933533402912352,0.6087614290087207,0.0,0.1560229230148107,0.06576141548706066,0.0
2020-06-01 03:45:00,0.8314696123025452,0.5555702330196023,0.0,0.15562074633033562,0.061310268837329096,0.0
2020-06-01 04:00:00,0.8660254037844386,0.5000000000000001,0.0,0.1550570629180923,0.05747296340258695,0.0
2020-06-01 04:15:00,0.8968727415326884,0.44228869021900125,0.0,0.15232677383589466,0.05625349057785817,0.0
2020-06-01 04:30:00,0.9238795325112867,0.38268343236508984,0.0,0.1439560974130456,0.04797518808162199,0.0
2020-06-01 04:45:00,0.9469301294951057,0.3214394653031615,0.0,0.13457644528168666,0.042483051181505305,0.0
2020-06-01 05:00:00,0.9659258262890683,0.25881904510252074,0.0,0.13009609429514013,0.04451129967623124,0.0
2020-06-01 05:15:00,0.9807852804032304,0.19509032201612833,0.0,0.13027964467623732,0.04521483969699652,0.0
2020-06-01 05:30:00,0.9914448613738104,0.1305261922200517,0.0,0.12853118673957398,0.04505020243003871,0.0
2020-06-01 05:45:00,0.9978589232386035,0.06540312923014305,0.0006927624590745123,0.13366251568690224,0.05368481278005216,0.0
2020-06-01 06:00:00,1.0,6.123233995736766e-17,0.005817377616263675,0.13858957198886723,0.055304102777496755,0.003888183090556509
2020-06-01 06:15:00,0.9978589232386035,-0.06540312923014292,0.01902258831903202,0.14972873816606502,0.06627882866084894,0.025492818261562675
2020-06-01 06:30:00,0.9914448613738105,-0.13052619222005138,0.0426597950001839,0.16649984879680435,0.07809125453659188,0.05879908870714402
2020-06-01 06:45:00,0.9807852804032305,-0.19509032201612797,0.0634408643062039,0.17913593464235267,0.10560205910642956,0.08958463748271225
2020-06-01 07:00:00,0.9659258262890683,-0.25881904510252085,0.05881527646948236,0.19873991430246174,0.13633428841528522,0.08075650582189448
2020-06-01 07:15:00,0.9469301294951057,-0.3214394653031616,0.13691458914026933,0.21345332874469536,0.1633974939650073,0.19506499026966279
2020-06-01 07:30:00,0.9238795325112867,-0.3826834323650897,0.1482299774672059,0.24229328222557367,0.21442373989603442,0.2037340133220647
2020-06-01 07:45:00,0.8968727415326884,-0.44228869021900113,0.1201989030520586,0.2504946520196487,0.20336528217159738,0.16465411025922577
2020-06-01 08:00:00,0.8660254037844387,-0.4999999999999998,0.1466250672385145,0.2602481947405777,0.20145478224611463,0.19383687852156092
2020-06-01 08:15:00,0.8314696123025451,-0.5555702330196023,0.19801678084696697,0.2684319018582817,0.20343040927243577,0.2501091122419143
2020-06-01 08:30:00,0.7933533402912352,-0.6087614290087207,0.25630967303058155,0.28310385116466485,0.23132900725505473,0.328522244020034
2020-06-01 08:45:00,0.7518398074789774,-0.6593458151000688,0.49803017650088516,0.3203546385533911,0.32602321920037686,0.6117978478817275
2020-06-01 09:00:00,0.7071067811865476,-0.7071067811865475,0.600966104298573,0.3604065601443953,0.42021269538296674,0.7260632381795429
2020-06-01 09:15:00,0.6593458151000686,-0.7518398074789776,0.6359283523850175,0.4004213038037612,0.46480996512863454,0.7385099194507752
2020-06-01 09:30:00,0.6087614290087204,-0.7933533402912353,0.7406429264751334,0.44501028815891375,0.5627581228029472,0.7901278240436888
2020-06-01 09:45:00,0.5555702330196022,-0.8314696123025453,0.7174815470203214,0.46341312333350504,0.6272365491918255,0.7184597313957726
2020-06-01 10:00:00,0.49999999999999994,-0.8660254037844387,0.5692533260899142,0.45831415272640164,0.588609649121558,0.7645354779652637
2020-06-01 10:15:00,0.4422886902190013,-0.8968727415326883,0.8358904980817866,0.4868750783452227,0.6518002919791888,0.9435026038164893
2020-06-01 10:30:00,0.3826834323650899,-0.9238795325112867,0.626508465910985,0.5054024412049123,0.6368289383436931,0.7405205565890203
2020-06-01 10:45:00,0.32143946530316175,-0.9469301294951056,0.2912355333282835,0.5020569793437628,0.5104033438572377,0.3867208756502388
2020-06-01 11:00:00,0.258819045102521,-0.9659258262890682,0.28828213815131837,0.5056704953870645,0.45224737415138877,0.4106791309015024
2020-06-01 11:15:00,0.19509032201612816,-0.9807852804032304,0.4135018855003806,0.5293673613351018,0.49467302779909555,0.531811404121131
2020-06-01 11:30:00,0.13052619222005157,-0.9914448613738104,0.3209284079196244,0.549405780671683,0.49391013382731314,0.42229895881672685
2020-06-01 11:45:00,0.06540312923014312,-0.9978589232386035,0.44223267245151043,0.5350992109438775,0.41866158082567023,0.38144289728300146
2020-06-01 12:00:00,1.2246467991473532e-16,-1.0,0.9827193633305045,0.6115858253624751,0.7162432644254344,0.32718682605041005
2020-06-01 12:15:00,-0.06540312923014287,-0.9978589232386035,0.6845294397499623,0.6240482314797056,0.7725029060165074,0.7523932452405462
2020-06-01 12:30:00,-0.13052619222005132,-0.9914448613738105,0.8345860068525452,0.6453793401882566,0.6265102283512145,0.9999999999999999
2020-06-01 12:45:00,-0.19509032201612792,-0.9807852804032305,0.4733384085229156,0.6563690386591639,0.6092648706267787,0.6611177971615223
2020-06-01 13:00:00,-0.25881904510252035,-0.9659258262890684,0.26528103327490093,0.6258243744960386,0.46767700462069833,0.34927120103431675
2020-06-01 13:15:00,-0.3214394653031611,-0.9469301294951058,0.06347467729750286,0.48512633713672404,0.31870353618016206,0.08489350845460729
2020-06-01 13:30:00,-0.3826834323650892,-0.923879532511287,0.027624360464165408,0.21248304321088862,0.11899483938424033,0.0370909202879104
2020-06-01 13:45:00,-0.44228869021900147,-0.8968727415326883,0.060581605972366885,0.23469737676939584,0.11214298225495373,0.08557328737768413
2020-06-01 14:00:00,-0.5000000000000001,-0.8660254037844386,0.050038608827801395,0.24548964535854134,0.11820795683769275,0.07164259378574489
2020-06-01 14:15:00,-0.5555702330196023,-0.8314696123025452,0.03996455514781126,0.26266074899136416,0.11446429608514114,0.05699253187322008
2020-06-01 14:30:00,-0.6087614290087207,-0.7933533402912352,0.03355898611890058,0.26519132664040557,0.10835262666913276,0.04695091544133845
2020-06-01 14:45:00,-0.6593458151000688,-0.7518398074789774,0.03297364847766843,0.26731981192481946,0.12052828446524394,0.045825389227792876
2020-06-01 15:00:00,-0.7071067811865475,-0.7071067811865477,0.034168705058306575,0.2683713326051964,0.1258927556419553,0.04784437697517834
2020-06-01 15:15:00,-0.7518398074789773,-0.6593458151000691,0.03616750469441809,0.2647279937409166,0.1280477226236834,0.05078186020243449
2020-06-01 15:30:00,-0.7933533402912349,-0.6087614290087209,0.0399385104120506,0.2608027295123687,0.12996950751229835,0.05694552169885222
2020-06-01 15:45:00,-0.8314696123025448,-0.555570233019603,0.04651129016171891,0.263247202795714,0.13576798258379336,0.06701850208883245
2020-06-01 16:00:00,-0.8660254037844385,-0.5000000000000004,0.057035731687434005,0.26647065434144657,0.1443067343151901,0.08303008880041335
2020-06-01 16:15:00,-0.8968727415326883,-0.44228869021900136,0.07628270145992391,0.2704294523465407,0.15214881521248896,0.11107436684143698
2020-06-01 16:30:00,-0.9238795325112868,-0.3826834323650895,0.08488939507622448,0.26276696931246746,0.15724964224517785,0.11858304861392047
2020-06-01 16:45:00,-0.9469301294951056,-0.3214394653031618,0.04372542907243709,0.23853710638990222,0.13740078062745004,0.05803955878456901
2020-06-01 17:00:00,-0.9659258262890683,-0.25881904510252063,0.047945567858306,0.22168643216849393,0.1097614398652485,0.06512563178527225
2020-06-01 17:15:00,-0.9807852804032303,-0.19509032201612866,0.02140078885783927,0.2029974509738235,0.08443603569827768,0.02614725925497832
2020-06-01 17:30:00,-0.9914448613738104,-0.13052619222005163,0.007388664985340688,0.20014011932368447,0.0755717796467194,0.006715331951664919
2020-06-01 17:45:00,-0.9978589232386035,-0.06540312923014362,0.00413613279236672,0.17616207121516614,0.07166883315647027,0.0033576659758324597
2020-06-01 18:00:00,-1.0,-1.8369701987210297e-16,0.0008836005993927529,0.15218402310664803,0.06776588666622113,0.0
2020-06-01 18:15:00,-0.9978589232386036,0.06540312923014237,0.00035752365089519863,0.13728638996344844,0.06488793891559513,0.0
2020-06-01 18:30:00,-0.9914448613738104,0.13052619222005213,5.0599209013754324e-05,0.14505710287864182,0.06609158252618214,0.0
2020-06-01 18:45:00,-0.9807852804032304,0.1950903220161283,0.0,0.14564832598498767,0.06650788189489393,0.0
2020-06-01 19:00:00,-0.9659258262890682,0.25881904510252113,0.0,0.15243658121658665,0.06808130471970347,0.0
2020-06-01 19:15:00,-0.9469301294951057,0.3214394653031615,0.0,0.14492885573036718,0.06665505631565921,0.0
2020-06-01 19:30:00,-0.9238795325112866,0.38268343236509,0.0,0.13742614154032573,0.06391595347634355,0.0
2020-06-01 19:45:00,-0.8968727415326884,0.442288690219001,0.0,0.12891010211145493,0.062045650616059767,0.0
2020-06-01 20:00:00,-0.8660254037844386,0.5000000000000001,0.0,0.1202208770257216,0.058045563321782734,0.0
2020-06-01 20:15:00,-0.8314696123025455,0.5555702330196018,0.0,0.12495787336612207,0.0580288078168269,0.0
2020-06-01 20:30:00,-0.7933533402912352,0.6087614290087205,0.0,0.12771214344152693,0.055819392688191916,0.0
2020-06-01 20:45:00,-0.7518398074789777,0.6593458151000684,0.0,0.13309053830219875,0.05918534452375218,0.0
2020-06-01 21:00:00,-0.7071067811865477,0.7071067811865474,0.0,0.1310556881919993,0.05914205750072815,0.0
2020-06-01 21:15:00,-0.6593458151000687,0.7518398074789775,0.0,0.13401888407016083,0.059725312577682876,0.0
2020-06-01 21:30:00,-0.608761429008721,0.7933533402912349,0.0,0.13938773333169596,0.06024465631513959,0.0
2020-06-01 21:45:00,-0.5555702330196022,0.8314696123025452,0.0,0.14571944473494747,0.06050593216985273,0.0
2020-06-01 22:00:00,-0.5000000000000004,0.8660254037844384,0.0,0.14890529233845284,0.0639837957948603,0.0
2020-06-01 22:15:00,-0.4422886902190014,0.8968727415326883,0.0,0.1494202523018604,0.06400561299364621,0.0
2020-06-01 22:30:00,-0.38268343236508956,0.9238795325112868,0.0,0.14823741045388972,0.0642581169593755,0.0
2020-06-01 22:45:00,-0.32143946530316186,0.9469301294951056,0.0,0.14908867300852613,0.0664592006761004,0.0
2020-06-01 23:00:00,-0.2588190451025207,0.9659258262890683,0.0,0.14524826574129257,0.06454755969934439,0.0
2020-06-01 23:15:00,-0.19509032201612872,0.9807852804032303,0.0,0.1452747068826412,0.06408959722288826,0.0
2020-06-01 23:30:00,-0.13052619222005168,0.9914448613738104,0.0,0.1503598930222123,0.06788128004024668,0.0
2020-06-01 23:45:00,-0.06540312923014367,0.9978589232386035,0.0,0.14807756838140973,0.06104302388618449,0.0
2020-06-02 00:00:00,0.0,1.0,0.0,0.14246527146068177,0.05401811833606357,0.0
2020-06-02 00:15:00,0.06540312923014306,0.9978589232386035,0.0,0.13768466468080298,0.048674357265986234,0.0
2020-06-02 00:30:00,0.13052619222005157,0.9914448613738104,0.0,0.13436373189187045,0.04766041307633084,0.0
2020-06-02 00:45:00,0.19509032201612825,0.9807852804032304,0.0,0.13607865932899244,0.0444376125962857,0.0
2020-06-02 01:00:00,0.25881904510252074,0.9659258262890683,0.0,0.13505375466857128,0.043618748637983484,0.0
2020-06-02 01:15:00,0.3214394653031616,0.9469301294951057,0.0,0.1333045646995079,0.043773797534566394,0.0
2020-06-02 01:30:00,0.3826834323650898,0.9238795325112867,0.0,0.12824059918097186,0.03709096090247832,0.0
2020-06-02 01:45:00,0.4422886902190013,0.8968727415326883,0.0,0.12155827677634679,0.03329239397626932,0.0
2020-06-02 02:00:00,0.49999999999999994,0.8660254037844387,0.0,0.12316084253377402,0.033202436560628434,0.0
2020-06-02 02:15:00,0.5555702330196022,0.8314696123025452,0.0,0.12062696865929756,0.03307318217002447,0.0
2020-06-02 02:30:00,0.6087614290087207,0.7933533402912352,0.0,0.11536665334709295,0.03340432001863286,0.0
2020-06-02 02:45:00,0.6593458151000688,0.7518398074789774,0.0,0.11527610990062653,0.035867185804071666,0.0
2020-06-02 03:00:00,0.7071067811865476,0.7071067811865476,0.0,0.11580319194497424,0.04177560985257367,0.0
2020-06-02 03:15:00,0.7518398074789773,0.659345815100069,0.0,0.11648643359096633,0.04297124530738505,0.0
2020-06-02 03:30:00,0.7933533402912352,0.6087614290087207,0.0,0.1158297867274205,0.031992355515184534,0.0
2020-06-02 03:45:00,0.8314696123025452,0.5555702330196023,0.0,0.114012649896718,0.024869777805415494,0.0
2020-06-02 04:00:00,0.8660254037844386,0.5000000000000001,0.0,0.11793473341424088,0.04140499635940503,0.0
2020-06-02 04:15:00,0.8968727415326884,0.44228869021900125,0.0,0.11301788145234548,0.042308979103850064,0.0
2020-06-02 04:30:00,0.9238795325112867,0.38268343236508984,0.0,0.12155822005896066,0.042057556575023414,0.0
2020-06-02 04:45:00,0.9469301294951057,0.3214394653031615,0.0,0.11930639739832904,0.04455661123301857,0.0
2020-06-02 05:00:00,0.9659258262890683,0.25881904510252074,0.0,0.11538052024389356,0.03905604183683259,0.0
2020-06-02 05:15:00,0.9807852804032304,0.19509032201612833,0.0,0.11582954662381884,0.036045922749587456,0.0
2020-06-02 05:30:00,0.9914448613738104,0.1305261922200517,0.0,0.11056510373533412,0.04152772430259272,0.0
2020-06-02 05:45:00,0.9978589232386035,0.06540312923014305,0.0020493745530577112,0.10878321865080953,0.04071247195884092,0.00020148750276803912
2020-06-02 06:00:00,1.0,6.123233995736766e-17,0.01795302526043335,0.10822800144282207,0.04274544458877083,0.021799542322246103
2020-06-02 06:15:00,0.9978589232386035,-0.06540312923014292,0.043536948881801256,0.11459189876544484,0.05152630034209149,0.05472833662446277
2020-06-02 06:30:00,0.9914448613738105,-0.13052619222005138,0.06970809231847999,0.13161245630540597,0.06724646879501034,0.09179527796835366
2020-06-02 06:45:00,0.9807852804032305,-0.19509032201612797,0.1344687663168474,0.15979590830830626,0.09114614135627691,0.1993739761116073
2020-06-02 07:00:00,0.9659258262890683,-0.25881904510252085,0.1655105998050553,0.17977891015804137,0.10252683520247025,0.1999644374915242
2020-06-02 07:15:00,0.9469301294951057,-0.3214394653031616,0.22366511639615383,0.20207395920582183,0.150410694490056,0.269144799634018
2020-06-02 07:30:00,0.9238795325112867,-0.3826834323650897,0.23914490464686872,0.22079688802490183,0.17044341017238224,0.29933021319766745
2020-06-02 07:45:00,0.8968727415326884,-0.44228869021900113,0.25174336973979716,0.23692778061323794,0.19377254532294225,0.3170721641402885
2020-06-02 08:00:00,0.8660254037844387,-0.4999999999999998,0.3272708721547429,0.26245836018247726,0.26076022746685207,0.407224070840059
2020-06-02 08:15:00,0.8314696123025451,-0.5555702330196023,0.33573338815060466,0.2822604419514154,0.28688053019384024,0.4205467614084698
2020-06-02 08:30:00,0.7933533402912352,-0.6087614290087207,0.34341520767770517,0.30179373025858003,0.3052151440698763,0.4484929063810526
2020-06-02 08:45:00,0.7518398074789774,-0.6593458151000688,0.403370490850745,0.32163271948024175,0.3187509072709171,0.5305597962265403
2020-06-02 09:00:00,0.7071067811865476,-0.7071067811865475,0.4511881329266834,0.34577319038230336,0.32934817355176343,0.5746617770840116
2020-06-02 09:15:00,0.6593458151000686,-0.7518398074789776,0.35937469718185683,0.3554483020327319,0.3069080964091619,0.48004987620356054
2020-06-02 09:30:00,0.6087614290087204,-0.7933533402912353,0.36922201022899653,0.3500774529161548,0.29172425901303894,0.49744069029031934
2020-06-02 09:45:00,0.5555702330196022,-0.8314696123025453,0.394221137646181,0.3734786608342715,0.34682842054640944,0.5110715129715894
2020-06-02 10:00:00,0.49999999999999994,-0.8660254037844387,0.42698334930425863,0.386881418151646,0.38553092502366976,0.5491346265536067
2020-06-02 10:15:00,0.4422886902190013,-0.8968727415326883,0.4883727326414001,0.41294468653094984,0.43728110964968486,0.6019249781274837
2020-06-02 10:30:00,0.3826834323650899,-0.9238795325112867,0.4007196408723567,0.4162986243643494,0.4281668891969484,0.5380189823114429
2020-06-02 10:45:00,0.32143946530316175,-0.9469301294951056,0.4934097086145115,0.4358272201900668,0.44971830503362203,0.5516398450584706
2020-06-02 11:00:00,0.258819045102521,-0.9659258262890682,0.41092871182166385,0.4386140586490832,0.43580381052294165,0.5124058938205921
2020-06-02 11:15:00,0.19509032201612816,-0.9807852804032304,0.6267439352592425,0.45553634058734005,0.4926957238118603,0.206480702117786
2020-06-02 11:30:00,0.13052619222005157,-0.9914448613738104,0.8419069125382256,0.5172495461728401,0.7181588782723891,0.5775015206334074
2020-06-02 11:45:00,0.06540312923014312,-0.9978589232386035,0.8207801518599206,0.5555476330819766,0.8295475098277714,0.47854724935584075
2020-06-02 12:00:00,1.2246467991473532e-16,-1.0,0.6937656942002468,0.5575684841438646,0.7696497478731168,0.39990770341726234
2020-06-02 12:15:00,-0.06540312923014287,-0.9978589232386035,0.6256786077733353,0.5551157824281512,0.7508787219048227,0.3401161975638966
2020-06-02 12:30:00,-0.13052619222005132,-0.9914448613738105,0.9858573210002852,0.6029417798342214,0.9121937846298867,0.0
2020-06-02 12:45:00,-0.19509032201612792,-0.9807852804032305,0.9612634179147838,0.6714947129397928,1.0000000000000002,0.4730889908144014
2020-06-02 13:00:00,-0.25881904510252035,-0.9659258262890684,0.5152693044856111,0.6210868650523502,0.7491715207642957,0.4104548267450662
2020-06-02 13:15:00,-0.3214394653031611,-0.9469301294951058,0.8113879732809711,0.6549195332133149,0.7431269337508997,0.5951473412232701
2020-06-02 13:30:00,-0.3826834323650892,-0.923879532511287,0.8510033283022707,0.6709456832835567,0.7946860158493567,0.6332018717380768
2020-06-02 13:45:00,-0.44228869021900147,-0.8968727415326883,0.7912643780576821,0.7038532277282583,0.8344552045193634,0.5905381626056361
2020-06-02 14:00:00,-0.5000000000000001,-0.8660254037844386,0.8799746686433854,0.6929516868554508,0.8545370612567347,0.7110943332015355
2020-06-02 14:15:00,-0.5555702330196023,-0.8314696123025452,0.6566071522327521,0.6600288565709818,0.750552409746543,0.6088986665918986
2020-06-02 14:30:00,-0.6087614290087207,-0.7933533402912352,0.5481273348327236,0.6466376921613328,0.6569897843449111,0.48928797449341305
2020-06-02 14:45:00,-0.6593458151000688,-0.7518398074789774,0.6104034337985452,0.6468318418875862,0.6748443818233612,0.5924905779379696
2020-06-02 15:00:00,-0.7071067811865475,-0.7071067811865477,0.43621354566298937,0.6406621075252739,0.6218096453598785,0.5913352434472573
2020-06-02 15:15:00,-0.7518398074789773,-0.6593458151000691,0.3646651943385513,0.6028567800081144,0.47505244737833147,0.4944634924958243
2020-06-02 15:30:00,-0.7933533402912349,-0.6087614290087209,0.5096678351400267,0.6523556388892771,0.6055457593446154,0.6903574818882976
2020-06-02 15:45:00,-0.8314696123025448,-0.555570233019603,0.3052339379553471,0.6024977174229669,0.49357480735653986,0.4600730554918183
2020-06-02 16:00:00,-0.8660254037844385,-0.5000000000000004,0.35176152710939224,0.574650851535208,0.4159732290260027,0.2738842262965724
2020-06-02 16:15:00,-0.8968727415326883,-0.44228869021900136,0.34408323584534234,0.5867988745664823,0.48717144266971885,0.0
2020-06-02 16:30:00,-0.9238795325112868,-0.3826834323650895,0.38008321257911737,0.6115135417004196,0.48522639300659426,0.0
2020-06-02 16:45:00,-0.9469301294951056,-0.3214394653031618,0.33168071310600344,0.6185864511587986,0.4715319584374174,0.41141441365920756
2020-06-02 17:00:00,-0.9659258262890683,-0.25881904510252063,0.2942131405142494,0.5803855124987847,0.4136273491920441,0.4117342580825313
2020-06-02 17:15:00,-0.9807852804032303,-0.19509032201612866,0.2369320028250399,0.5362915559789851,0.35046217272587193,0.33375069093691045
2020-06-02 17:30:00,-0.9914448613738104,-0.13052619222005163,0.20158378087314827,0.5054385359605098,0.3162240075461153,0.27702046117392326
2020-06-02 17:45:00,-0.9978589232386035,-0.06540312923014362,0.12530687972134918,0.47341074611248457,0.27394662762799465,0.16748460912998023
2020-06-02 18:00:00,-1.0,-1.8369701987210297e-16,0.09281725023094127,0.450540280715809,0.2317548978447243,0.12431759251258992
2020-06-02 18:15:00,-0.9978589232386036,0.06540312923014237,0.050355401816978514,0.4295687207234262,0.20496918804248182,0.06700535926716628
2020-06-02 18:30:00,-0.9914448613738104,0.13052619222005213,0.015807073562411386,0.40139358960223515,0.1703366459165006,0.020322235522797483
2020-06-02 18:45:00,-0.9807852804032304,0.1950903220161283,0.0014704598923802276,0.38468576171038005,0.14575827036673278,0.000899523325057349
2020-06-02 19:00:00,-0.9659258262890682,0.25881904510252113,0.0,0.36773007770595156,0.1309604678710093,0.0
2020-06-02 19:15:00,-0.9469301294951057,0.3214394653031615,0.0,0.35006630479877665,0.12219150995620848,0.0
2020-06-02 19:30:00,-0.9238795325112866,0.38268343236509,0.0,0.33803386757853127,0.11674438884628152,0.0
2020-06-02 19:45:00,-0.8968727415326884,0.442288690219001,0.0,0.3248047073711482,0.10954773072566054,0.0
2020-06-02 20:00:00,-0.8660254037844386,0.5000000000000001,0.0,0.3239642709051733,0.10908559680490143,0.0
2020-06-02 20:15:00,-0.8314696123025455,0.5555702330196018,0.0,0.3179862849810162,0.11361248679657271,0.0
2020-06-02 20:30:00,-0.7933533402912352,0.6087614290087205,0.0,0.30890089998020587,0.11658858382630805,0.0
2020-06-02 20:45:00,-0.7518398074789777,0.6593458151000684,0.0,0.29534692768292725,0.11159972990778727,0.0
2020-06-02 21:00:00,-0.7071067811865477,0.7071067811865474,0.0,0.2894643930867127,0.108402687594982,0.0
2020-06-02 21:15:00,-0.6593458151000687,0.7518398074789775,0.0,0.28222035920732846,0.10458745358147176,0.0
2020-06-02 21:30:00,-0.608761429008721,0.7933533402912349,0.0,0.2716640895830298,0.10133523218265256,0.0
2020-06-02 21:45:00,-0.5555702330196022,0.8314696123025452,0.0,0.25856039718293267,0.08714547179939697,0.0
2020-06-02 22:00:00,-0.5000000000000004,0.8660254037844384,0.0,0.25302881149767464,0.08465553985042013,0.0
2020-06-02 22:15:00,-0.4422886902190014,0.8968727415326883,0.0,0.24599992846929264,0.08060253373472942,0.0
2020-06-02 22:30:00,-0.38268343236508956,0.9238795325112868,0.0,0.23808673328714858,0.0824204962188993,0.0
2020-06-02 22:45:00,-0.32143946530316186,0.9469301294951056,0.0,0.23049223196439783,0.0815696819821688,0.0
2020-06-02 23:00:00,-0.2588190451025207,0.9659258262890683,0.0,0.22824900230289047,0.0870733639673314,0.0
2020-06-02 23:15:00,-0.19509032201612872,0.9807852804032303,0.0,0.2237016954334825,0.08537922310836582,0.0
2020-06-02 23:30:00,-0.13052619222005168,0.9914448613738104,0.0,0.22175748279457141,0.09104726813438252,0.0
2020-06-02 23:45:00,-0.06540312923014367,0.9978589232386035,0.0,0.22310136836738081,0.09364164916992951,0.0
2020-06-03 00:00:00,0.0,1.0,0.0,0.22299976685814227,0.09408258798830765,0.0
2020-06-03 00:15:00,0.06540312923014306,0.9978589232386035,0.0,0.22888542456572436,0.09496486319466341,0.0
2020-06-03 00:30:00,0.13052619222005157,0.9914448613738104,0.0,0.22447482903222915,0.09505156720251767,0.0
2020-06-03 00:45:00,0.19509032201612825,0.9807852804032304,0.0,0.21597127543180328,0.08994307755431269,0.0
2020-06-03 01:00:00,0.25881904510252074,0.9659258262890683,0.0,0.21421071955059756,0.09206426482767843,0.0
2020-06-03 01:15:00,0.3214394653031616,0.9469301294951057,0.0,0.20655970395278844,0.08928543710367959,0.0
2020-06-03 01:30:00,0.3826834323650898,0.9238795325112867,0.0,0.1621181178125366,0.052480311738826724,0.0
2020-06-03 01:45:00,0.4422886902190013,0.8968727415326883,0.0,0.15470714267146546,0.046050937339388975,0.0
2020-06-03 02:00:00,0.49999999999999994,0.8660254037844387,0.0,0.16771001166184463,0.04887413875351504,0.0
2020-06-03 02:15:00,0.5555702330196022,0.8314696123025452,0.0,0.1746288561546765,0.05855170345531319,0.0
2020-06-03 02:30:00,0.6087614290087207,0.7933533402912352,0.0,0.17731802393442297,0.07346897148850956,0.0
2020-06-03 02:45:00,0.6593458151000688,0.7518398074789774,0.0,0.1668737234424862,0.07554436751390475,0.0
2020-06-03 03:00:00,0.7071067811865476,0.7071067811865476,0.0,0.15937603365664144,0.06510494459353283,0.0
2020-06-03 03:15:00,0.7518398074789773,0.659345815100069,0.0,0.15337088640636742,0.05805399390920041,0.0
2020-06-03 03:30:00,0.7933533402912352,0.6087614290087207,0.0,0.15174324898039426,0.05502204837736496,0.0
2020-06-03 03:45:00,0.8314696123025452,0.5555702330196023,0.0,0.15545916637412005,0.0574419654668239,0.0
2020-06-03 04:00:00,0.8660254037844386,0.5000000000000001,0.0,0.15711756920101427,0.06476177282204182,0.0
2020-06-03 04:15:00,0.8968727415326884,0.44228869021900125,0.0,0.15991206803626556,0.06400897541764955,0.0
2020-06-03 04:30:00,0.9238795325112867,0.38268343236508984,0.0,0.16523201726883552,0.06823819239117607,0.0
2020-06-03 04:45:00,0.9469301294951057,0.3214394653031615,0.0,0.16431148337555013,0.0671053359250649,0.0
2020-06-03 05:00:00,0.9659258262890683,0.25881904510252074,0.0,0.1662281289699752,0.07015421590411791,0.0
2020-06-03 05:15:00,0.9807852804032304,0.19509032201612833,0.0,0.16225508299026292,0.06481714428524049,0.0
2020-06-03 05:30:00,0.9914448613738104,0.1305261922200517,0.0,0.15187394827335665,0.05050754997001139,0.0
2020-06-03 05:45:00,0.9978589232386035,0.06540312923014305,0.0004239288033857295,0.14898543816460075,0.04565051589261099,0.0
2020-06-03 06:00:00,1.0,6.123233995736766e-17,0.005015602395852005,0.15204742243265779,0.05085049153831839,0.002394049903097171
2020-06-03 06:15:00,0.9978589232386035,-0.06540312923014292,0.017504586135224348,0.15631684221570574,0.05818774681754496,0.023097069626413416
2020-06-03 06:30:00,0.9914448613738105,-0.13052619222005138,0.03736822508523312,0.15906097342811187,0.08096323644416942,0.04918569580350955
2020-06-03 06:45:00,0.9807852804032305,-0.19509032201612797,0.06638926779268806,0.17224281973974853,0.10462540703939155,0.08732362512137885
2020-06-03 07:00:00,0.9659258262890683,-0.25881904510252085,0.09727225542747184,0.190888638184177,0.12956666948980972,0.12333311470353797
2020-06-03 07:15:00,0.9469301294951057,-0.3214394653031616,0.11376251071685735,0.2079114238351505,0.14805602360623765,0.14305485738661622
2020-06-03 07:30:00,0.9238795325112867,-0.3826834323650897,0.12881264033468406,0.21512176878442713,0.152255626614538,0.1591848546629229
2020-06-03 07:45:00,0.8968727415326884,-0.44228869021900113,0.25563008388991154,0.23322925970228336,0.1763980112643065,0.3025676925053229
2020-06-03 08:00:00,0.8660254037844387,-0.4999999999999998,0.3110223427796413,0.2791366291152384,0.2777634815659675,0.3596933692086469
2020-06-03 08:15:00,0.8314696123025451,-0.5555702330196023,0.2982257241379181,0.2773801282750783,0.2668174385234295,0.36554086984808537
2020-06-03 08:30:00,0.7933533402912352,-0.6087614290087207,0.3172462415863473,0.30399412739107246,0.2892595335071208,0.4181263543364802
2020-06-03 08:45:00,0.7518398074789774,-0.6593458151000688,0.327447336472289,0.32335071324832554,0.30950703406477137,0.43018883606169955
2020-06-03 09:00:00,0.7071067811865476,-0.7071067811865475,0.4510245785980797,0.3531319110391251,0.3570575586460341,0.5686639654800479
2020-06-03 09:15:00,0.6593458151000686,-0.7518398074789776,0.2665511019502613,0.3524012761560651,0.34235376932615164,0.34734929135336085
2020-06-03 09:30:00,0.6087614290087204,-0.7933533402912353,0.30888869597725654,0.34725253194620787,0.30013045485794615,0.4183456517037102
2020-06-03 09:45:00,0.5555702330196022,-0.8314696123025453,0.39228294646538237,0.35971697963726923,0.3396774761874714,0.5426214017636486
2020-06-03 10:00:00,0.49999999999999994,-0.8660254037844387,0.3432556556235116,0.3854240230022632,0.39468650691808543,0.47249395179863884
2020-06-03 10:15:00,0.4422886902190013,-0.8968727415326883,0.2678592069303012,0.38353260410390755,0.35383118958285126,0.34882699154339
2020-06-03 10:30:00,0.3826834323650899,-0.9238795325112867,0.2625427339646964,0.3723164459653574,0.293340678002236,0.38251336669666924
2020-06-03 10:45:00,0.32143946530316175,-0.9469301294951056,0.7652922461039973,0.4542449810490232,0.5252619709570323,0.12763196179734004
2020-06-03 11:00:00,0.258819045102521,-0.9659258262890682,0.5578434432469372,0.47905212273039166,0.6187472819239919,0.29650631255983106
2020-06-03 11:15:00,0.19509032201612816,-0.9807852804032304,0.5337922525696622,0.46126887521610405,0.47253365386936735,0.5051731397775383
2020-06-03 11:30:00,0.13052619222005157,-0.9914448613738104,0.6308011204625117,0.4941965898128249,0.5379828338489518,0.4888803503264712
2020-06-03 11:45:00,0.06540312923014312,-0.9978589232386035,0.5467768933845699,0.47992162225644597,0.4733685366427755,0.3974131601022415
2020-06-03 12:00:00,1.2246467991473532e-16,-1.0,0.7465656596245327,0.527922075536756,0.6113198237071544,0.5147159369533658
2020-06-03 12:15:00,-0.06540312923014287,-0.9978589232386035,0.5660729327916714,0.5350003661516913,0.5551795795617975,0.4236164238707687
2020-06-03 12:30:00,-0.13052619222005132,-0.9914448613738105,0.45918058206088086,0.5032583425063151,0.4562892374117173,0.35571656594914125
2020-06-03 12:45:00,-0.19509032201612792,-0.9807852804032305,0.24966292958274053,0.49596236022750895,0.3959565971520795,0.22955402525825017
2020-06-03 13:00:00,-0.25881904510252035,-0.9659258262890684,0.05965103764491699,0.38766130080426886,0.24184774705803985,0.09092128926824772
2020-06-03 13:15:00,-0.3214394653031611,-0.9469301294951058,0.35230961887495105,0.3371763306315232,0.22350213917665945,0.5073214099747829
2020-06-03 13:30:00,-0.3826834323650892,-0.923879532511287,0.37029838434920664,0.41976434561218,0.37565050588086674,0.4716698342953044
2020-06-03 13:45:00,-0.44228869021900147,-0.8968727415326883,0.3171819791951364,0.42782636529394447,0.3468564926559708,0.4485328355249718
2020-06-03 14:00:00,-0.5000000000000001,-0.8660254037844386,0.5046743700716095,0.4745610468379502,0.446912958720396,0.5141236606123617
2020-06-03 14:15:00,-0.5555702330196023,-0.8314696123025452,0.6921667609480826,0.5212957283819564,0.5469694247848211,0.5797144856997516
2020-06-03 14:30:00,-0.6087614290087207,-0.7933533402912352,0.39794291023754536,0.47675411743379326,0.4341150488879863,0.38075494656468456
2020-06-03 14:45:00,-0.6593458151000688,-0.7518398074789774,0.4873745596206471,0.47141954425335375,0.3923705615044801,0.5594423717131859
2020-06-03 15:00:00,-0.7071067811865475,-0.7071067811865477,0.6881687979365816,0.5261604390633037,0.5856361347449883,0.5366173495545673
2020-06-03 15:15:00,-0.7518398074789773,-0.6593458151000691,0.43748668361211673,0.5119239707646053,0.5284806572523149,0.43108730438474563
2020-06-03 15:30:00,-0.7933533402912349,-0.6087614290087209,0.2691259706861521,0.4763589221554194,0.37585044120073724,0.3544177511848924
2020-06-03 15:45:00,-0.8314696123025448,-0.555570233019603,0.4111629218889478,0.4755115788982158,0.378081112929987,0.5697911367814756
2020-06-03 16:00:00,-0.8660254037844385,-0.5000000000000004,0.28711976756210245,0.48792004255876065,0.3810328091162635,0.381301276674027
2020-06-03 16:15:00,-0.8968727415326883,-0.44228869021900136,0.1853357928890668,0.4628273555574527,0.3081605685517244,0.2491379739498188
2020-06-03 16:30:00,-0.9238795325112868,-0.3826834323650895,0.15449620964555336,0.4255785932314955,0.2602961692041325,0.2083891649934454
2020-06-03 16:45:00,-0.9469301294951056,-0.3214394653031618,0.1759247540935675,0.4059557501249276,0.25155865607260147,0.2385737560131538
2020-06-03 17:00:00,-0.9659258262890683,-0.25881904510252063,0.15182433744329404,0.38870750025946155,0.24938941902180284,0.20853756264923806
2020-06-03 17:15:00,-0.9807852804032303,-0.19509032201612866,0.10796794744496294,0.3571696147132051,0.208340690955038,0.1462200422344127
2020-06-03 17:30:00,-0.9914448613738104,-0.13052619222005163,0.09232526814156343,0.34059459140067316,0.18454944453965844,0.12450908431833564
2020-06-03 17:45:00,-0.9978589232386035,-0.06540312923014362,0.0755839667857763,0.3264829632368529,0.16964296269189688,0.10138465616518856
2020-06-03 18:00:00,-1.0,-1.8369701987210297e-16,0.048821048411408455,0.3223465986609573,0.15461930799354778,0.06435694659100596
2020-06-03 18:15:00,-0.9978589232386036,0.06540312923014237,0.0243519701542463,0.3126564538782268,0.14235000700250716,0.030955618676067602
2020-06-03 18:30:00,-0.9914448613738104,0.13052619222005213,0.009193022272785137,0.2995901513437349,0.1298844130676569,0.010467569023595994
2020-06-03 18:45:00,-0.9807852804032304,0.1950903220161283,0.0008515186273568565,0.27997287095237877,0.11044000334868681,0.0
2020-06-03 19:00:00,-0.9659258262890682,0.25881904510252113,0.0,0.2678930180601877,0.10015016973922825,0.0
2020-06-03 19:15:00,-0.9469301294951057,0.3214394653031615,0.0,0.2516164748456622,0.08945983989856116,0.0
2020-06-03 19:30:00,-0.9238795325112866,0.38268343236509,0.0,0.23376720526876782,0.07909304525238386,0.0
2020-06-03 19:45:00,-0.8968727415326884,0.442288690219001,0.0,0.22159256678471118,0.07667440537292408,0.0
2020-06-03 20:00:00,-0.8660254037844386,0.5000000000000001,0.0,0.21322297757113917,0.08015869508003176,0.0
2020-06-03 20:15:00,-0.8314696123025455,0.5555702330196018,0.0,0.20707448563454522,0.08087508367078283,0.0
2020-06-03 20:30:00,-0.7933533402912352,0.6087614290087205,0.0,0.20371266219386674,0.08072551788337762,0.0
2020-06-03 20:45:00,-0.7518398074789777,0.6593458151000684,0.0,0.19622146988877964,0.07630222177852947,0.0
2020-06-03 21:00:00,-0.7071067811865477,0.7071067811865474,0.0,0.1930376560447098,0.07469250914573006,0.0
2020-06-03 21:15:00,-0.6593458151000687,0.7518398074789775,0.0,0.17989461520162053,0.07047145269784766,0.0
2020-06-03 21:30:00,-0.608761429008721,0.7933533402912349,0.0,0.16131012602325323,0.06234074992939054,0.0
2020-06-03 21:45:00,-0.5555702330196022,0.8314696123025452,0.0,0.15708990813170542,0.05774505037914146,0.0
2020-06-03 22:00:00,-0.5000000000000004,0.8660254037844384,0.0,0.1554067501192804,0.05791653392895019,0.0
2020-06-03 22:15:00,-0.4422886902190014,0.8968727415326883,0.0,0.14900570492523535,0.053061572423836856,0.0
2020-06-03 22:30:00,-0.38268343236508956,0.9238795325112868,0.0,0.1545496335111236,0.053670345078809245,0.0
2020-06-03 22:45:00,-0.32143946530316186,0.9469301294951056,0.0,0.15950570390715857,0.057565793809489674,0.0
2020-06-03 23:00:00,-0.2588190451025207,0.9659258262890683,0.0,0.15950910562693177,0.05796265415900964,0.0
2020-06-03 23:15:00,-0.19509032201612872,0.9807852804032303,0.0,0.1591989290174416,0.05649484928382015,0.0
2020-06-03 23:30:00,-0.13052619222005168,0.9914448613738104,0.0,0.15671952318076499,0.055035000411127244,0.0
2020-06-03 23:45:00,-0.06540312923014367,0.9978589232386035,0.0,0.1522513632182927,0.054687648420494284,0.0
2020-06-04 00:00:00,0.0,1.0,0.0,0.1405642029813139,0.053072495610779036,0.0
2020-06-04 00:15:00,0.06540312923014306,0.9978589232386035,0.0,0.14186308141749793,0.0525167750357885,0.0
2020-06-04 00:30:00,0.13052619222005157,0.9914448613738104,0.0,0.14116919977888975,0.051793325649603816,0.0
2020-06-04 00:45:00,0.19509032201612825,0.9807852804032304,0.0,0.13912136460120728,0.050977910326856,0.0
2020-06-04 01:00:00,0.25881904510252074,0.9659258262890683,0.0,0.13880200641466844,0.049888581820017985,0.0
2020-06-04 01:15:00,0.3214394653031616,0.9469301294951057,0.0,0.13757824950396835,0.04750136984341857,0.0
2020-06-04 01:30:00,0.3826834323650898,0.9238795325112867,0.0,0.14202439284839863,0.047306655478221826,0.0
2020-06-04 01:45:00,0.4422886902190013,0.8968727415326883,0.0,0.14663041481651362,0.050724681916390846,0.0
2020-06-04 02:00:00,0.49999999999999994,0.8660254037844387,0.0,0.14426164456040658,0.05017476892130879,0.0
2020-06-04 02:15:00,0.5555702330196022,0.8314696123025452,0.0,0.13927072328407664,0.048823685240389714,0.0
2020-06-04 02:30:00,0.6087614290087207,0.7933533402912352,0.0,0.13362121975792163,0.045316894516768735,0.0
2020-06-04 02:45:00,0.6593458151000688,0.7518398074789774,0.0,0.1396278008237215,0.04439552014113607,0.0
2020-06-04 03:00:00,0.7071067811865476,0.7071067811865476,0.0,0.13877590637438164,0.04437845900408588,0.0
2020-06-04 03:15:00,0.7518398074789773,0.659345815100069,0.0,0.13388170191692272,0.04228088663120999,0.0
2020-06-04 03:30:00,0.7933533402912352,0.6087614290087207,0.0,0.1321083215414578,0.037117176377626515,0.0
2020-06-04 03:45:00,0.8314696123025452,0.5555702330196023,0.0,0.13054674991349713,0.033382233501703995,0.0
2020-06-04 04:00:00,0.8660254037844386,0.5000000000000001,0.0,0.12464798475491623,0.026780496928352493,0.0
2020-06-04 04:15:00,0.8968727415326884,0.44228869021900125,0.0,0.11316952326209129,0.020367816089458146,0.0
2020-06-04 04:30:00,0.9238795325112867,0.38268343236508984,0.0,0.11297355019790634,0.022919940451475496,0.0
2020-06-04 04:45:00,0.9469301294951057,0.3214394653031615,0.0,0.12133909212181027,0.032882367526582745,0.0
2020-06-04 05:00:00,0.9659258262890683,0.25881904510252074,0.0,0.1287961007321221,0.03853858362382989,0.0
2020-06-04 05:15:00,0.9807852804032304,0.19509032201612833,0.0,0.12708222502440103,0.04008977594007801,0.0
2020-06-04 05:30:00,0.9914448613738104,0.1305261922200517,0.0,0.12273842209071506,0.0366382179430107,0.0
2020-06-04 05:45:00,0.9978589232386035,0.06540312923014305,0.00032409360323908067,0.12472778422689124,0.03968541798662767,0.0
2020-06-04 06:00:00,1.0,6.123233995736766e-17,0.006212250697681235,0.13086274969704093,0.04431624388553029,0.004853009251974248
2020-06-04 06:15:00,0.9978589232386035,-0.06540312923014292,0.018498714363129054,0.1362736555937456,0.051642053379157005,0.024020822234950587
2020-06-04 06:30:00,0.9914448613738105,-0.13052619222005138,0.039625034306692404,0.1505912952319557,0.07025885640115331,0.05234592750626992
2020-06-04 06:45:00,0.9807852804032305,-0.19509032201612797,0.0648782361738706,0.16679906243967313,0.09958855158026308,0.0844702917155663
2020-06-04 07:00:00,0.9659258262890683,-0.25881904510252085,0.10246341001526359,0.1857564349068288,0.13544877779699843,0.13791579953845984
2020-06-04 07:15:00,0.9469301294951057,-0.3214394653031616,0.1346499380969431,0.20653890266229613,0.1711025447995777,0.17551122536445132
2020-06-04 07:30:00,0.9238795325112867,-0.3826834323650897,0.15254956383947055,0.2172574149539599,0.18021665227006883,0.19967050320234236
2020-06-04 07:45:00,0.8968727415326884,-0.44228869021900113,0.21440081359572563,0.22917526465219473,0.2136211413654669,0.2785719220977932
2020-06-04 08:00:00,0.8660254037844387,-0.4999999999999998,0.23784191947490624,0.2473677451870282,0.2478708186626551,0.3170882931540883
2020-06-04 08:15:00,0.8314696123025451,-0.5555702330196023,0.36890189719362326,0.27771408913146467,0.3040884896548132,0.4698805330027517
2020-06-04 08:30:00,0.7933533402912352,-0.6087614290087207,0.3324483504007059,0.3019773905453682,0.3349015801931084,0.4129705416258732
2020-06-04 08:45:00,0.7518398074789774,-0.6593458151000688,0.32336665127085895,0.30086148995977724,0.32067210781476346,0.4255495451832685
2020-06-04 09:00:00,0.7071067811865476,-0.7071067811865475,0.36523945844487543,0.3131521285438612,0.3432639284416085,0.4763134882329009
2020-06-04 09:15:00,0.6593458151000686,-0.7518398074789776,0.42516679069158414,0.33364332932945784,0.3856493421662179,0.5611005487727072
2020-06-04 09:30:00,0.6087614290087204,-0.7933533402912353,0.46231381863526444,0.3593371248994317,0.41708699974693736,0.5961369867540384
2020-06-04 09:45:00,0.5555702330196022,-0.8314696123025453,0.46553625435180424,0.3676934382743875,0.4135465012735888,0.5433557725704626
2020-06-04 10:00:00,0.49999999999999994,-0.8660254037844387,0.6802464198726567,0.42819416270319133,0.5382336287289338,0.5436211145169992
2020-06-04 10:15:00,0.4422886902190013,-0.8968727415326883,0.6233980688969273,0.43194596569139687,0.5218051414384237,0.4880787454931744
2020-06-04 10:30:00,0.3826834323650899,-0.9238795325112867,0.4555766030916944,0.42968725382192674,0.5021533096030806,0.40359409502142046
2020-06-04 10:45:00,0.32143946530316175,-0.9469301294951056,0.27254107120289395,0.3755412339617703,0.32652665475014314,0.2888613567139899
2020-06-04 11:00:00,0.258819045102521,-0.9659258262890682,0.594687502612191,0.4222954178368308,0.4188832489670637,0.5333911176412357
2020-06-04 11:15:00,0.19509032201612816,-0.9807852804032304,0.7063995539615873,0.4774094549449659,0.6355624709530685,0.5201974949460039
2020-06-04 11:30:00,0.13052619222005157,-0.9914448613738104,0.7968023035505942,0.5075916056481018,0.655447835825498,0.6067784880583785
2020-06-04 11:45:00,0.06540312923014312,-0.9978589232386035,0.8734844568500238,0.5569713957035412,0.7743815585076463,0.6251627921747603
2020-06-04 12:00:00,1.2246467991473532e-16,-1.0,0.686100069988041,0.5924753734888888,0.740139363669116,0.490053977479176
2020-06-04 12:15:00,-0.06540312923014287,-0.9978589232386035,0.5704703347944095,0.5736541860203015,0.6441891335053072,0.4945560108077981
2020-06-04 12:30:00,-0.13052619222005132,-0.9914448613738105,1.0,0.6130566099743056,0.73634852328585,0.6948497877407478
2020-06-04 12:45:00,-0.19509032201612792,-0.9807852804032305,0.9788504957415566,0.6607937726397028,0.8890118293533824,0.6193496416855541
2020-06-04 13:00:00,-0.25881904510252035,-0.9659258262890684,0.6852610982622811,0.6541296455507255,0.8222048225763512,0.4791254441022025
2020-06-04 13:15:00,-0.3214394653031611,-0.9469301294951058,0.8580354835953364,0.6464846085956271,0.7577129034600474,0.5771553726853612
2020-06-04 13:30:00,-0.3826834323650892,-0.923879532511287,0.7283096428383008,0.6434242290514864,0.7550870090537196,0.4795590678102364
2020-06-04 13:45:00,-0.44228869021900147,-0.8968727415326883,0.23808593113301735,0.547565450463211,0.44904487334357285,0.18247831559594807
2020-06-04 14:00:00,-0.5000000000000001,-0.8660254037844386,0.22678233565050715,0.4908391898871445,0.34159160051794774,0.19159394424553977
2020-06-04 14:15:00,-0.5555702330196023,-0.8314696123025452,0.3798932884813809,0.47424192428439294,0.38052567219575767,0.4074707803781928
2020-06-04 14:30:00,-0.6087614290087207,-0.7933533402912352,0.3441896706962347,0.494267195774593,0.4202656963755395,0.42331887754080244
2020-06-04 14:45:00,-0.6593458151000688,-0.7518398074789774,0.3416751283897773,0.4428656052712372,0.35142704581131573,0.4699907538908474
2020-06-04 15:00:00,-0.7071067811865475,-0.7071067811865477,0.36426576375068087,0.4391199866207971,0.3645675182187333,0.4959742732573941
2020-06-04 15:15:00,-0.7518398074789773,-0.6593458151000691,0.29501083404368134,0.4249393172018592,0.3402211454634156,0.398683275235505
2020-06-04 15:30:00,-0.7933533402912349,-0.6087614290087209,0.28316631508763335,0.41413057139273524,0.3270489874604163,0.37857209375913736
2020-06-04 15:45:00,-0.8314696123025448,-0.555570233019603,0.23560757925702436,0.39645140620616415,0.2952846891607192,0.3233463505084323
2020-06-04 16:00:00,-0.8660254037844385,-0.5000000000000004,0.1686607865955021,0.37741588537316884,0.25825908548789994,0.2291606525591559
2020-06-04 16:15:00,-0.8968727415326883,-0.44228869021900136,0.20261629670315415,0.3651733964470292,0.24815231129959509,0.27946727905897534
2020-06-04 16:30:00,-0.9238795325112868,-0.3826834323650895,0.22399161823889838,0.383387534200734,0.27703153074917525,0.3112585666163317
2020-06-04 16:45:00,-0.9469301294951056,-0.3214394653031618,0.27704134695621985,0.4189478300820033,0.32402982000240516,0.38421224179988056
2020-06-04 17:00:00,-0.9659258262890683,-0.25881904510252063,0.18486860799596544,0.41472938983938,0.29912480108137757,0.24787038009254833
2020-06-04 17:15:00,-0.9807852804032303,-0.19509032201612866,0.11858719161397814,0.38975739667993325,0.23546261670916296,0.16244279028076353
2020-06-04 17:30:00,-0.9914448613738104,-0.13052619222005163,0.08794482955674084,0.37653245725440154,0.20600620443116086,0.1205553122891784
2020-06-04 17:45:00,-0.9978589232386035,-0.06540312923014362,0.07260927395998679,0.37133125280222123,0.1886218345219533,0.09850181846583966
2020-06-04 18:00:00,-1.0,-1.8369701987210297e-16,0.05215698382775731,0.3637204950161641,0.1734873972617062,0.06930647958631904
2020-06-04 18:15:00,-0.9978589232386036,0.06540312923014237,0.030416375835978015,0.35747873190493795,0.15571646110339082,0.03894262763163993
2020-06-04 18:30:00,-0.9914448613738104,0.13052619222005213,0.014992221357365566,0.3594542897855153,0.14085374019430702,0.018242647744627426
2020-06-04 18:45:00,-0.9807852804032304,0.1950903220161283,0.001264636077059941,0.3413167058198445,0.1278461013697582,9.613035275834028e-05
2020-06-04 19:00:00,-0.9659258262890682,0.25881904510252113,0.0,0.3354783809768229,0.11971590476572652,0.0
2020-06-04 19:15:00,-0.9469301294951057,0.3214394653031615,0.0,0.32360078442691265,0.11343728821801263,0.0
2020-06-04 19:30:00,-0.9238795325112866,0.38268343236509,0.0,0.3112823370562381,0.10651833126037585,0.0
2020-06-04 19:45:00,-0.8968727415326884,0.442288690219001,0.0,0.27104707815245144,0.10207026100960775,0.0
2020-06-04 20:00:00,-0.8660254037844386,0.5000000000000001,0.0,0.24521983804197833,0.09721816124214938,0.0
2020-06-04 20:15:00,-0.8314696123025455,0.5555702330196018,0.0,0.23634685404422373,0.08421510442024766,0.0
2020-06-04 20:30:00,-0.7933533402912352,0.6087614290087205,0.0,0.22635987295938187,0.07153527904460438,0.0
2020-06-04 20:45:00,-0.7518398074789777,0.6593458151000684,0.0,0.22559593860559946,0.06886682250616621,0.0
2020-06-04 21:00:00,-0.7071067811865477,0.7071067811865474,0.0,0.20936287846851043,0.06242165495866081,0.0
2020-06-04 21:15:00,-0.6593458151000687,0.7518398074789775,0.0,0.1910730353558523,0.05373166020627956,0.0
2020-06-04 21:30:00,-0.608761429008721,0.7933533402912349,0.0,0.193632264800903,0.04938106879604365,0.0
2020-06-04 21:45:00,-0.5555702330196022,0.8314696123025452,0.0,0.20040345603965304,0.054060395211552426,0.0
2020-06-04 22:00:00,-0.5000000000000004,0.8660254037844384,0.0,0.18504528118558383,0.04877410747599886,0.0
2020-06-04 22:15:00,-0.4422886902190014,0.8968727415326883,0.0,0.1729265972390024,0.04589189933667709,0.0
2020-06-04 22:30:00,-0.38268343236508956,0.9238795325112868,0.00017118976982241868,0.18683491039901723,0.06976066029767009,0.0
2020-06-04 22:45:00,-0.32143946530316186,0.9469301294951056,8.151932846313567e-06,0.1949124780494027,0.08138407176001833,0.0
2020-06-04 23:00:00,-0.2588190451025207,0.9659258262890683,0.0,0.19157281421759875,0.0771932080449022,0.0
2020-06-04 23:15:00,-0.19509032201612872,0.9807852804032303,0.0,0.17929538196182349,0.06106232625089658,0.0
2020-06-04 23:30:00,-0.13052619222005168,0.9914448613738104,0.0,0.1802269094491189,0.06705420761692721,0.0
2020-06-04 23:45:00,-0.06540312923014367,0.9978589232386035,0.0,0.18726581803176523,0.0762512378586277,0.0
2020-06-05 00:00:00,0.0,1.0,0.0,0.18406917773983666,0.07070309639317757,0.0
2020-06-05 00:15:00,0.06540312923014306,0.9978589232386035,0.0,0.17073032175897418,0.05224639241053497,0.0
2020-06-05 00:30:00,0.13052619222005157,0.9914448613738104,0.0,0.15460815198955769,0.039827821572200384,0.0
2020-06-05 00:45:00,0.19509032201612825,0.9807852804032304,0.0,0.14616093854181456,0.03361321546512874,0.0
2020-06-05 01:00:00,0.25881904510252074,0.9659258262890683,0.0,0.14122694059893792,0.03266054128936624,0.0
2020-06-05 01:15:00,0.3214394653031616,0.9469301294951057,0.0,0.1314123649287815,0.02894508157949338,0.0
2020-06-05 01:30:00,0.3826834323650898,0.9238795325112867,0.0,0.12458894195575532,0.027291768830483953,0.0
2020-06-05 01:45:00,0.4422886902190013,0.8968727415326883,0.0,0.11830523980340613,0.02474120200233887,0.0
2020-06-05 02:00:00,0.49999999999999994,0.8660254037844387,0.0,0.11490319856824183,0.023755073828328865,0.0
2020-06-05 02:15:00,0.5555702330196022,0.8314696123025452,0.0,0.11682910478844688,0.025923759378035482,0.0
2020-06-05 02:30:00,0.6087614290087207,0.7933533402912352,0.0,0.11351572303723301,0.025413784565622488,0.0
2020-06-05 02:45:00,0.6593458151000688,0.7518398074789774,0.0,0.1138267449878565,0.02974421290853424,0.0
2020-06-05 03:00:00,0.7071067811865476,0.7071067811865476,0.0,0.11735613099767961,0.03465898958902652,0.0
2020-06-05 03:15:00,0.7518398074789773,0.659345815100069,0.0,0.12102169059957313,0.03845146779346048,0.0
2020-06-05 03:30:00,0.7933533402912352,0.6087614290087207,0.0,0.12404438698620268,0.03904660526621012,0.0
2020-06-05 03:45:00,0.8314696123025452,0.5555702330196023,0.0,0.12914154616602613,0.03665357529887614,0.0
2020-06-05 04:00:00,0.8660254037844386,0.5000000000000001,0.0,0.1342313781527491,0.03583423692916693,0.0
2020-06-05 04:15:00,0.8968727415326884,0.44228869021900125,0.0,0.13915989183946498,0.044602005481506446,0.0
2020-06-05 04:30:00,0.9238795325112867,0.38268343236508984,0.0,0.14247613832284345,0.0509778628832363,0.0
2020-06-05 04:45:00,0.9469301294951057,0.3214394653031615,0.0,0.14298904328930617,0.051623603908938165,0.0
2020-06-05 05:00:00,0.9659258262890683,0.25881904510252074,0.0,0.13912125129247355,0.046804395038000934,0.0
2020-06-05 05:15:00,0.9807852804032304,0.19509032201612833,0.0,0.14071761235689517,0.05119776477849208,0.0
2020-06-05 05:30:00,0.9914448613738104,0.1305261922200517,0.0,0.14130755238992343,0.05281877114926248,0.0
2020-06-05 05:45:00,0.9978589232386035,0.06540312923014305,0.0008618437679673146,0.13925426660839668,0.05236331792965182,0.0
2020-06-05 06:00:00,1.0,6.123233995736766e-17,0.005632488697291032,0.13940764283581641,0.05599840237255099,0.003403311318719612
2020-06-05 06:15:00,0.9978589232386035,-0.06540312923014292,0.020041144273891656,0.14295573581513077,0.06326003259664698,0.02548993935776913
2020-06-05 06:30:00,0.9914448613738105,-0.13052619222005138,0.04018184462160409,0.14631597576940214,0.07201491800018683,0.050170298782291636
2020-06-05 06:45:00,0.9807852804032305,-0.19509032201612797,0.0798734323513982,0.16145658348577396,0.09981697091896718,0.10412390630266068
2020-06-05 07:00:00,0.9659258262890683,-0.25881904510252085,0.11134191325758702,0.18439602944996358,0.13937281348974723,0.13764700648364897
2020-06-05 07:15:00,0.9469301294951057,-0.3214394653031616,0.12765452800714389,0.19993452765490605,0.16979193853251845,0.16586371476865483
2020-06-05 07:30:00,0.9238795325112867,-0.3826834323650897,0.14099350269076738,0.2163492769605524,0.18862466182952092,0.18016324779257814
2020-06-05 07:45:00,0.8968727415326884,-0.44228869021900113,0.1827930906653058,0.22226446627684449,0.19950102020922617,0.22974213748128172
2020-06-05 08:00:00,0.8660254037844387,-0.4999999999999998,0.19666207903969574,0.2435355328889064,0.23371914397959187,0.25780908912485323
2020-06-05 08:15:00,0.8314696123025451,-0.5555702330196023,0.35387453102671096,0.27348550952168926,0.2979337935112086,0.42284278553146637
2020-06-05 08:30:00,0.7933533402912352,-0.6087614290087207,0.5187113451605524,0.32738533899588873,0.4415840406969403,0.6277637476418021
2020-06-05 08:45:00,0.7518398074789774,-0.6593458151000688,0.46472403994591077,0.36244450179328425,0.4923617696118385,0.5690731274465318
2020-06-05 09:00:00,0.7071067811865476,-0.7071067811865475,0.47472436658400863,0.3581411292812633,0.43576933817243674,0.5899461097820071
2020-06-05 09:15:00,0.6593458151000686,-0.7518398074789776,0.7549389496560915,0.4075270985068853,0.5383866589416457,0.7507244823981317
2020-06-05 09:30:00,0.6087614290087204,-0.7933533402912353,0.6708161044792039,0.4374724520424895,0.5988894710366426,0.6130308233679155
2020-06-05 09:45:00,0.5555702330196022,-0.8314696123025453,0.6911834558074725,0.4612429723857714,0.5962320198563056,0.6175892009564969
2020-06-05 10:00:00,0.49999999999999994,-0.8660254037844387,0.7387553287679283,0.4889763303354584,0.6735904563295458,0.531073796782723
2020-06-05 10:15:00,0.4422886902190013,-0.8968727415326883,0.7709203342859918,0.5051395201983002,0.6544002405507516,0.5009810445821676
2020-06-05 10:30:00,0.3826834323650899,-0.9238795325112867,0.8381614477058784,0.5442186365856103,0.797757584066271,0.6089852840451652
2020-06-05 10:45:00,0.32143946530316175,-0.9469301294951056,0.8128067102443998,0.5566817626355314,0.8008385817397432,0.5713187081682761
2020-06-05 11:00:00,0.258819045102521,-0.9659258262890682,0.8340979165227997,0.5757915062350012,0.8165013223187432,0.5978960327346738
2020-06-05 11:15:00,0.19509032201612816,-0.9807852804032304,0.8556082998187312,0.5953047108526504,0.7750908355873709,0.5254761528060621
2020-06-05 11:30:00,0.13052619222005157,-0.9914448613738104,0.7797282009595192,0.6136824371772975,0.8093333527896789,0.5730011323926673
2020-06-05 11:45:00,0.06540312923014312,-0.9978589232386035,0.34310714419897503,0.5593397454317379,0.5371862669541327,0.2808207929953016
2020-06-05 12:00:00,1.2246467991473532e-16,-1.0,0.8980581103233904,0.5983030006766177,0.6719547584743577,0.6601748220587116
2020-06-05 12:15:00,-0.06540312923014287,-0.9978589232386035,0.8792293006873191,0.6599113400371033,0.8416076952825056,0.6993092454797276
2020-06-05 12:30:00,-0.13052619222005132,-0.9914448613738105,0.9008120311281962,0.6663037058955577,0.848711423275387,0.6771070321355758
2020-06-05 12:45:00,-0.19509032201612792,-0.9807852804032305,0.6965546240161824,0.6737355525936606,0.8358968510302198,0.5841340858203724
2020-06-05 13:00:00,-0.25881904510252035,-0.9659258262890684,0.6679620625728013,0.6678761734375858,0.7012011541590972,0.5420991042424956
2020-06-05 13:15:00,-0.3214394653031611,-0.9469301294951058,0.9474411835868324,0.6989379345491968,0.8176080421593164,0.7009782228988222
2020-06-05 13:30:00,-0.3826834323650892,-0.923879532511287,0.31585182918241866,0.6508435661628618,0.6367281319306359,0.24589480836013627
2020-06-05 13:45:00,-0.44228869021900147,-0.8968727415326883,0.18767163452393357,0.5478240675024721,0.3596916159576233,0.19688043415442769
2020-06-05 14:00:00,-0.5000000000000001,-0.8660254037844386,0.2188906481169685,0.469093827030856,0.28960487296122767,0.31307215083653434
2020-06-05 14:15:00,-0.5555702330196023,-0.8314696123025452,0.2592681238788912,0.47675579696164117,0.3020050340144192,0.3727152947968874
2020-06-05 14:30:00,-0.6087614290087207,-0.7933533402912352,0.31697635035371646,0.5064883938761782,0.35238091316684245,0.4367402555007447
2020-06-05 14:45:00,-0.6593458151000688,-0.7518398074789774,0.2327320526434748,0.5174224185606724,0.3360031741645482,0.32448915014473906
2020-06-05 15:00:00,-0.7071067811865475,-0.7071067811865477,0.2862682870288895,0.4698127652763928,0.32206072586829676,0.40612770917363944
2020-06-05 15:15:00,-0.7518398074789773,-0.6593458151000691,0.349818773788939,0.47112001425350725,0.3581321384337007,0.4798582771094747
2020-06-05 15:30:00,-0.7933533402912349,-0.6087614290087209,0.3071710597651793,0.4545538864328278,0.35569904034667926,0.4237727787451212
2020-06-05 15:45:00,-0.8314696123025448,-0.555570233019603,0.23234130704065972,0.445699881458961,0.3165913031091661,0.32224603705481775
2020-06-05 16:00:00,-0.8660254037844385,-0.5000000000000004,0.2095861757619823,0.4579789870036717,0.30607583121476084,0.287890790626375
2020-06-05 16:15:00,-0.8968727415326883,-0.44228869021900136,0.2045385357572221,0.46529689748441605,0.2964203794287705,0.2866729785589259
2020-06-05 16:30:00,-0.9238795325112868,-0.3826834323650895,0.3080241676725354,0.5046186193407525,0.32630636973650534,0.4227678625072741
2020-06-05 16:45:00,-0.9469301294951056,-0.3214394653031618,0.3634895187436039,0.5973942984712535,0.45123890947669704,0.515424415507428
2020-06-05 17:00:00,-0.9659258262890683,-0.25881904510252063,0.26277980272469453,0.5522294118882645,0.36981951006727615,0.3717451578626331
2020-06-05 17:15:00,-0.9807852804032303,-0.19509032201612866,0.1851404309828488,0.5396870420076965,0.3284211475107293,0.2538016192814599
2020-06-05 17:30:00,-0.9914448613738104,-0.13052619222005163,0.11758860475385832,0.5086311634973566,0.2659582278814921,0.1579972263818309
2020-06-05 17:45:00,-0.9978589232386035,-0.06540312923014362,0.11131319907693425,0.49864201309852674,0.2525520427981563,0.15016026016993325
2020-06-05 18:00:00,-1.0,-1.8369701987210297e-16,0.04807494882583842,0.45639506891455794,0.2088537756793582,0.0617107512072084
2020-06-05 18:15:00,-0.9978589232386036,0.06540312923014237,0.025582280080709303,0.40813600754373036,0.1725790125227465,0.033057111157014624
2020-06-05 18:30:00,-0.9914448613738104,0.13052619222005213,0.012701699112862407,0.38951496111099027,0.1518133210530605,0.016010460184009513
2020-06-05 18:45:00,-0.9807852804032304,0.1950903220161283,0.0020491030780317235,0.3848888840641298,0.14466083331401564,0.00016998049354925279
2020-06-05 19:00:00,-0.9659258262890682,0.25881904510252113,0.0,0.3765947669750147,0.14472513870326204,0.0
2020-06-05 19:15:00,-0.9469301294951057,0.3214394653031615,0.0,0.36684173048826807,0.14314070236520365,0.0
2020-06-05 19:30:00,-0.9238795325112866,0.38268343236509,0.0,0.3601266280811608,0.13724510477607704,0.0
2020-06-05 19:45:00,-0.8968727415326884,0.442288690219001,0.0,0.3570082941445025,0.13549201311292164,0.0
2020-06-05 20:00:00,-0.8660254037844386,0.5000000000000001,0.0,0.34614759168042686,0.13093681102976534,0.0
2020-06-05 20:15:00,-0.8314696123025455,0.5555702330196018,0.0,0.32872400165364946,0.11560525043842934,0.0
2020-06-05 20:30:00,-0.7933533402912352,0.6087614290087205,0.0,0.31634624510115605,0.10671263516637924,0.0
2020-06-05 20:45:00,-0.7518398074789777,0.6593458151000684,0.0,0.30573305138717255,0.10253101291805661,0.0
2020-06-05 21:00:00,-0.7071067811865477,0.7071067811865474,0.0,0.2939076434033052,0.0968572655358329,0.0
2020-06-05 21:15:00,-0.6593458151000687,0.7518398074789775,0.0,0.2843669880685291,0.09212635796606078,0.0
2020-06-05 21:30:00,-0.608761429008721,0.7933533402912349,0.0,0.27415774648227087,0.08741881246244237,0.0
2020-06-05 21:45:00,-0.5555702330196022,0.8314696123025452,0.0,0.26591941050146795,0.08383808777358276,0.0
2020-06-05 22:00:00,-0.5000000000000004,0.8660254037844384,0.0,0.25307157773036715,0.07935021986150376,0.0
2020-06-05 22:15:00,-0.4422886902190014,0.8968727415326883,0.0,0.24187727242265122,0.07263017332753269,0.0
2020-06-05 22:30:00,-0.38268343236508956,0.9238795325112868,0.0,0.2359024200710691,0.06980682990478798,0.0
2020-06-05 22:45:00,-0.32143946530316186,0.9469301294951056,0.0,0.2275039297570649,0.06773569185748679,0.0
2020-06-05 23:00:00,-0.2588190451025207,0.9659258262890683,0.0,0.21544096881498453,0.06093548283398709,0.0
2020-06-05 23:15:00,-0.19509032201612872,0.9807852804032303,0.0,0.19868187035949325,0.0516150795745145,0.0
2020-06-05 23:30:00,-0.13052619222005168,0.9914448613738104,0.0,0.18314342880891754,0.04073394294810018,0.0
2020-06-05 23:45:00,-0.06540312923014367,0.9978589232386035,0.0,0.18291802276125568,0.038705090030585254,0.0
2020-06-06 00:00:00,0.0,1.0,0.0,0.18176855417962723,0.04248842197770453,0.0
2020-06-06 00:15:00,0.06540312923014306,0.9978589232386035,0.0,0.17599464554094757,0.04173841135302331,0.0
2020-06-06 00:30:00,0.13052619222005157,0.9914448613738104,0.0,0.16851937960397834,0.03756495932232767,0.0
2020-06-06 00:45:00,0.19509032201612825,0.9807852804032304,0.0,0.148523476691512,0.02805146167169681,0.0
2020-06-06 01:00:00,0.25881904510252074,0.9659258262890683,0.0,0.1324276273814502,0.016082007503972873,0.0
2020-06-06 01:15:00,0.3214394653031616,0.9469301294951057,0.0,0.12300660817229958,0.012734825271518535,0.0
2020-06-06 01:30:00,0.3826834323650898,0.9238795325112867,0.0,0.13001517295326392,0.01974850361380187,0.0
2020-06-06 01:45:00,0.4422886902190013,0.8968727415326883,0.0,0.13439117270866308,0.023209866452053363,0.0
2020-06-06 02:00:00,0.49999999999999994,0.8660254037844387,0.0,0.13803154292192388,0.024399669018735137,0.0
2020-06-06 02:15:00,0.5555702330196022,0.8314696123025452,0.0,0.14500927934566898,0.02643630286336307,0.0
2020-06-06 02:30:00,0.6087614290087207,0.7933533402912352,0.0,0.14522337934954166,0.029025189907941007,0.0
2020-06-06 02:45:00,0.6593458151000688,0.7518398074789774,0.0,0.1483442715554193,0.03202523600087981,0.0
2020-06-06 03:00:00,0.7071067811865476,0.7071067811865476,0.0,0.1448751985621346,0.029734556694279157,0.0
2020-06-06 03:15:00,0.7518398074789773,0.659345815100069,0.0,0.1399054399920845,0.026796293868935228,0.0
2020-06-06 03:30:00,0.7933533402912352,0.6087614290087207,0.0,0.1271587858705978,0.019867188859896634,0.0
2020-06-06 03:45:00,0.8314696123025452,0.5555702330196023,0.0,0.1191302962157319,0.017763706905808585,0.0
2020-06-06 04:00:00,0.8660254037844386,0.5000000000000001,0.0,0.11054063087634858,0.014460948880773317,0.0
2020-06-06 04:15:00,0.8968727415326884,0.44228869021900125,0.0,0.10983074800267278,0.015253370903682728,0.0
2020-06-06 04:30:00,0.9238795325112867,0.38268343236508984,0.0,0.10349359072202513,0.008654890390399794,0.0
2020-06-06 04:45:00,0.9469301294951057,0.3214394653031615,0.0,0.09479736003077144,0.0031258609202792775,0.0
2020-06-06 05:00:00,0.9659258262890683,0.25881904510252074,0.0,0.0850584890893753,0.0,0.0
2020-06-06 05:15:00,0.9807852804032304,0.19509032201612833,0.0,0.08105492770637768,0.008680569237063895,0.0
2020-06-06 05:30:00,0.9914448613738104,0.1305261922200517,0.00015489902970232446,0.09926940355872382,0.029029668149359422,0.0
2020-06-06 05:45:00,0.9978589232386035,0.06540312923014305,0.0020192697191814385,0.11248631570955103,0.041169684186586786,0.0
2020-06-06 06:00:00,1.0,6.123233995736766e-17,0.010209360185050777,0.12940630298839495,0.04861297384845753,0.01055833495934773
2020-06-06 06:15:00,0.9978589232386035,-0.06540312923014292,0.036381733412881735,0.1367936197951678,0.05031659986189857,0.046066251551389395
2020-06-06 06:30:00,0.9914448613738105,-0.13052619222005138,0.060954085569614805,0.14104011094460178,0.054307208099469206,0.08145761724326757
2020-06-06 06:45:00,0.9807852804032305,-0.19509032201612797,0.0901296806757345,0.15465951922482768,0.0700973748537354,0.12237427880777763
2020-06-06 07:00:00,0.9659258262890683,-0.25881904510252085,0.0942494535482873,0.16698610894348276,0.0793341831744801,0.11772438426506342
2020-06-06 07:15:00,0.9469301294951057,-0.3214394653031616,0.1150935857128653,0.19268948678983744,0.11319628308351809,0.14830783757060287
2020-06-06 07:30:00,0.9238795325112867,-0.3826834323650897,0.08436146097012029,0.2107744702321821,0.15950240658912568,0.11221040731231548
2020-06-06 07:45:00,0.8968727415326884,-0.44228869021900113,0.08962323261370025,0.2241625282936024,0.16223393344586684,0.1200466403872222
2020-06-06 08:00:00,0.8660254037844387,-0.4999999999999998,0.27928257478448876,0.24955818457404266,0.20863965548567304,0.34063161074989107
2020-06-06 08:15:00,0.8314696123025451,-0.5555702330196023,0.3985839373845607,0.29893872821448886,0.3152790025298165,0.4535540192501031
2020-06-06 08:30:00,0.7933533402912352,-0.6087614290087207,0.4767689640570172,0.3184621495239939,0.35282725277451293,0.5512286982576945
2020-06-06 08:45:00,0.7518398074789774,-0.6593458151000688,0.5524466568227251,0.362270485163692,0.43762287053121834,0.6680378593372612
2020-06-06 09:00:00,0.7071067811865476,-0.7071067811865475,0.6243643180183562,0.3895595504295366,0.4981033948333245,0.5519758184955943
2020-06-06 09:15:00,0.6593458151000686,-0.7518398074789776,0.577331314021927,0.42974993913767556,0.5340851011318615,0.5122289217035442
2020-06-06 09:30:00,0.6087614290087204,-0.7933533402912353,0.7222468487679933,0.45165155001171087,0.5755680480521708,0.5914283697264919
2020-06-06 09:45:00,0.5555702330196022,-0.8314696123025453,0.7074925291287404,0.48155275145679877,0.611383198319017,0.5912399535198299
2020-06-06 10:00:00,0.49999999999999994,-0.8660254037844387,0.7458418327920875,0.4988807206966863,0.61192051086879,0.595014840123207
2020-06-06 10:15:00,0.4422886902190013,-0.8968727415326883,0.8468091809729592,0.5221361551009429,0.6472505545383884,0.6479602233485748
2020-06-06 10:30:00,0.3826834323650899,-0.9238795325112867,0.8234457706208707,0.54675770980591,0.6892283012038436,0.6079826745066309
2020-06-06 10:45:00,0.32143946530316175,-0.9469301294951056,0.7081619588686313,0.5639053492669539,0.6722683061672492,0.5704600438194191
2020-06-06 11:00:00,0.258819045102521,-0.9659258262890682,0.817858489249569,0.5717577596699459,0.6718874999552797,0.5631392954560669
2020-06-06 11:15:00,0.19509032201612816,-0.9807852804032304,0.8796295063693342,0.5905654060516068,0.6621447064735801,0.5928243698455105
2020-06-06 11:30:00,0.13052619222005157,-0.9914448613738104,0.8369870563593056,0.5978633390303874,0.6714707782045006,0.5343031400579185
2020-06-06 11:45:00,0.06540312923014312,-0.9978589232386035,0.6234429279963383,0.604819411618233,0.6595626313561285,0.40458411606137923
2020-06-06 12:00:00,1.2246467991473532e-16,-1.0,0.6988735814860927,0.6042169654645393,0.5960939908996488,0.4529442996131325
2020-06-06 12:15:00,-0.06540312923014287,-0.9978589232386035,0.9621496123422816,0.6445400454432675,0.729411984278068,0.6549553694810163
2020-06-06 12:30:00,-0.13052619222005132,-0.9914448613738105,0.8494723906259893,0.6723466964354303,0.7395986577603153,0.633275972218328
2020-06-06 12:45:00,-0.19509032201612792,-0.9807852804032305,0.6676076986913168,0.6573497353939519,0.6812822941160837,0.4559823656592625
2020-06-06 13:00:00,-0.25881904510252035,-0.9659258262890684,0.6681566448845289,0.6456178043427896,0.617665472883818,0.45645945902643986
2020-06-06 13:15:00,-0.3214394653031611,-0.9469301294951058,0.6187123100987989,0.6670044363476213,0.6614837158688454,0.403313571774755
2020-06-06 13:30:00,-0.3826834323650892,-0.923879532511287,0.4506532237756419,0.6494350810625142,0.5143697684657893,0.32262723252730696
2020-06-06 13:45:00,-0.44228869021900147,-0.8968727415326883,0.8751239623760105,0.6831114428498439,0.6460840597032658,0.6093871504045199
2020-06-06 14:00:00,-0.5000000000000001,-0.8660254037844386,0.6665951100637065,0.697969715828457,0.6619875527311507,0.5425350167684523
2020-06-06 14:15:00,-0.5555702330196023,-0.8314696123025452,0.53716014627501,0.6998040600839766,0.6134592197375781,0.39713326270422683
2020-06-06 14:30:00,-0.6087614290087207,-0.7933533402912352,0.5492041072785546,0.6817741311372052,0.5754307361535205,0.0
2020-06-06 14:45:00,-0.6593458151000688,-0.7518398074789774,0.7107382129202954,0.7109107611662246,0.6471885404479174,0.31563475072197894
2020-06-06 15:00:00,-0.7071067811865475,-0.7071067811865477,0.6541697427636572,0.7227556322253623,0.6570879315356581,0.3302351560144126
2020-06-06 15:15:00,-0.7518398074789773,-0.6593458151000691,0.4504345299751992,0.7019720964815102,0.5386723564118934,0.5048197677479233
2020-06-06 15:30:00,-0.7933533402912349,-0.6087614290087209,0.4209654686471636,0.6916998167343402,0.504033899325774,0.5386163637892982
2020-06-06 15:45:00,-0.8314696123025448,-0.555570233019603,0.39269862640263875,0.7010230097325445,0.5087933237828435,0.5614500047779073
2020-06-06 16:00:00,-0.8660254037844385,-0.5000000000000004,0.4195619173707528,0.694166433178518,0.5011530788751415,0.5699056670845666
2020-06-06 16:15:00,-0.8968727415326883,-0.44228869021900136,0.3938943098160161,0.7002784415933405,0.4770672844492219,0.5323902604789237
2020-06-06 16:30:00,-0.9238795325112868,-0.3826834323650895,0.35194182874096,0.6940309655918677,0.4517026812681995,0.48928697313557173
2020-06-06 16:45:00,-0.9469301294951056,-0.3214394653031618,0.3007798083774306,0.6971508262975459,0.42819837666460364,0.4201845202094039
2020-06-06 17:00:00,-0.9659258262890683,-0.25881904510252063,0.24179672987810463,0.6809288693450612,0.39774254528166847,0.3381034504216288
2020-06-06 17:15:00,-0.9807852804032303,-0.19509032201612866,0.18949572256519667,0.6650658390450528,0.3621198379113875,0.260686115372445
2020-06-06 17:30:00,-0.9914448613738104,-0.13052619222005163,0.13242485423129166,0.6295863458402831,0.3177291397672157,0.17716174918904315
2020-06-06 17:45:00,-0.9978589232386035,-0.06540312923014362,0.10442375261244707,0.6052605224567038,0.2863782997467123,0.13712394006272505
2020-06-06 18:00:00,-1.0,-1.8369701987210297e-16,0.06513633970891432,0.5801998488278737,0.25500762103046476,0.08511716888100264
2020-06-06 18:15:00,-0.9978589232386036,0.06540312923014237,0.035484633177813904,0.5392840673726145,0.22200614570220661,0.046365371443677625
2020-06-06 18:30:00,-0.9914448613738104,0.13052619222005213,0.016416732121963457,0.5120187122429485,0.20032083876587276,0.021653111619355844
2020-06-06 18:45:00,-0.9807852804032304,0.1950903220161283,0.001965563116146178,0.48243178630984107,0.18093786072604395,0.0010420737663128343
2020-06-06 19:00:00,-0.9659258262890682,0.25881904510252113,0.0,0.45923624723008083,0.1644932381431194,0.0
2020-06-06 19:15:00,-0.9469301294951057,0.3214394653031615,0.0,0.441584996639536,0.15676844496251724,0.0
2020-06-06 19:30:00,-0.9238795325112866,0.38268343236509,0.0,0.4230162806923434,0.14913890141680958,0.0
2020-06-06 19:45:00,-0.8968727415326884,0.442288690219001,0.0,0.403640010246916,0.14043666829276064,0.0
2020-06-06 20:00:00,-0.8660254037844386,0.5000000000000001,0.0,0.3839851975662967,0.13652240658053444,0.0
2020-06-06 20:15:00,-0.8314696123025455,0.5555702330196018,0.0,0.3479138963728896,0.12570569214291444,0.0
2020-06-06 20:30:00,-0.7933533402912352,0.6087614290087205,0.0,0.32664126284850226,0.11597644540099533,0.0
2020-06-06 20:45:00,-0.7518398074789777,0.6593458151000684,0.0,0.30517040168080456,0.10474011872123273,0.0
2020-06-06 21:00:00,-0.7071067811865477,0.7071067811865474,0.0,0.28776187453144764,0.09875971370401132,0.0
2020-06-06 21:15:00,-0.6593458151000687,0.7518398074789775,0.0,0.2735071569725651,0.0924820386667467,0.0
2020-06-06 21:30:00,-0.608761429008721,0.7933533402912349,0.0,0.25712020523607215,0.08621081308636397,0.0
2020-06-06 21:45:00,-0.5555702330196022,0.8314696123025452,0.0,0.24260120375178373,0.08118753728505507,0.0
2020-06-06 22:00:00,-0.5000000000000004,0.8660254037844384,0.0,0.23220181101500836,0.07459774088758092,0.0
2020-06-06 22:15:00,-0.4422886902190014,0.8968727415326883,0.0,0.22507039259411177,0.07049889523751857,0.0
2020-06-06 22:30:00,-0.38268343236508956,0.9238795325112868,0.0,0.21817010168175166,0.07028339660094912,0.0
2020-06-06 22:45:00,-0.32143946530316186,0.9469301294951056,0.0,0.21198572295331042,0.0661830541220429,0.0
2020-06-06 23:00:00,-0.2588190451025207,0.9659258262890683,0.0,0.21165615901776946,0.06632000731817572,0.0
2020-06-06 23:15:00,-0.19509032201612872,0.9807852804032303,0.0,0.2078218784256256,0.06488270645943789,0.0
2020-06-06 23:30:00,-0.13052619222005168,0.9914448613738104,0.0,0.19938823700729413,0.05801255550177514,0.0
2020-06-06 23:45:00,-0.06540312923014367,0.9978589232386035,0.0,0.19681748605540506,0.05465751406271446,0.0
2020-06-07 00:00:00,0.0,1.0,0.0,0.18878690554560174,0.05076283617930627,0.0
2020-06-07 00:15:00,0.06540312923014306,0.9978589232386035,0.0,0.18914095513304963,0.0522710034287327,0.0
2020-06-07 00:30:00,0.13052619222005157,0.9914448613738104,0.0,0.18732461581181736,0.05326270957437179,0.0
2020-06-07 00:45:00,0.19509032201612825,0.9807852804032304,0.0,0.18911462547287416,0.058084727310842466,0.0
2020-06-07 01:00:00,0.25881904510252074,0.9659258262890683,0.0,0.18420724298277968,0.05526494186210895,0.0
2020-06-07 01:15:00,0.3214394653031616,0.9469301294951057,0.0,0.18642370386550366,0.055366454476169114,0.0
2020-06-07 01:30:00,0.3826834323650898,0.9238795325112867,0.0,0.1844421552425053,0.05796780251056877,0.0
2020-06-07 01:45:00,0.4422886902190013,0.8968727415326883,0.0,0.1783224833004804,0.05600371040634472,0.0
2020-06-07 02:00:00,0.49999999999999994,0.8660254037844387,0.0,0.1668217113935535,0.04830480166142459,0.0
2020-06-07 02:15:00,0.5555702330196022,0.8314696123025452,0.0,0.15806099864277123,0.040999116194526286,0.0
2020-06-07 02:30:00,0.6087614290087207,0.7933533402912352,0.0,0.14923344722505916,0.03376146401043162,0.0
2020-06-07 02:45:00,0.6593458151000688,0.7518398074789774,0.0,0.13015260913737325,0.020552750599451997,0.0
2020-06-07 03:00:00,0.7071067811865476,0.7071067811865476,0.0,0.1205228384999193,0.01665915623511177,0.0
2020-06-07 03:15:00,0.7518398074789773,0.659345815100069,0.0,0.1159103098502261,0.01804156197549739,0.0
2020-06-07 03:30:00,0.7933533402912352,0.6087614290087207,0.0,0.13523062853102763,0.027020757217850744,0.0
2020-06-07 03:45:00,0.8314696123025452,0.5555702330196023,6.987880673763687e-06,0.14824019748323347,0.0401963003503682,0.0
2020-06-07 04:00:00,0.8660254037844386,0.5000000000000001,8.269009653307247e-05,0.16069266835288332,0.060042243144413865,0.0
2020-06-07 04:15:00,0.8968727415326884,0.44228869021900125,0.0,0.16356097056104812,0.06420513944073519,0.0
2020-06-07 04:30:00,0.9238795325112867,0.38268343236508984,0.0,0.16741340777497848,0.06708634397646934,0.0
2020-06-07 04:45:00,0.9469301294951057,0.3214394653031615,0.0,0.16394148744286108,0.05967327914741022,0.0
2020-06-07 05:00:00,0.9659258262890683,0.25881904510252074,0.0,0.15484895693364487,0.05054260773115454,0.0
2020-06-07 05:15:00,0.9807852804032304,0.19509032201612833,0.0,0.13410103107475568,0.040694211073291575,0.0
2020-06-07 05:30:00,0.9914448613738104,0.1305261922200517,0.0,0.13001381627338304,0.041845212914363494,0.0
2020-06-07 05:45:00,0.9978589232386035,0.06540312923014305,0.001824953238489568,0.1294848935607913,0.04340301603050273,0.0
2020-06-07 06:00:00,1.0,6.123233995736766e-17,0.010737899237377925,0.13078332758474254,0.04655806057709555,0.011856631163285985
2020-06-07 06:15:00,0.9978589232386035,-0.06540312923014292,0.02760926989168224,0.137730825449067,0.05560021506415819,0.034775405449789916
2020-06-07 06:30:00,0.9914448613738105,-0.13052619222005138,0.04501348189172374,0.1500310493344581,0.07362599764875016,0.05587741262866732
2020-06-07 06:45:00,0.9807852804032305,-0.19509032201612797,0.04969515925872508,0.16005987436427138,0.09184200931741965,0.062025159687965445
2020-06-07 07:00:00,0.9659258262890683,-0.25881904510252085,0.06400804895579282,0.1692471597749463,0.10905448888620256,0.08156224125628637
2020-06-07 07:15:00,0.9469301294951057,-0.3214394653031616,0.08275363808535859,0.18656625356312562,0.1299722261754645,0.10525978584102899
2020-06-07 07:30:00,0.9238795325112867,-0.3826834323650897,0.13359494829121984,0.20406553319402643,0.1624323847273363,0.17432838929588518
2020-06-07 07:45:00,0.8968727415326884,-0.44228869021900113,0.2061184301703089,0.2356092013929152,0.2257478189290008,0.2736975624661326
2020-06-07 08:00:00,0.8660254037844387,-0.4999999999999998,0.20022321240118307,0.2651364874818416,0.26892947750689106,0.25204715093667013
2020-06-07 08:15:00,0.8314696123025451,-0.5555702330196023,0.29228106527464287,0.2719529394469531,0.28883977967775015,0.3919948664675013
2020-06-07 08:30:00,0.7933533402912352,-0.6087614290087207,0.3131350525529937,0.30455230127640887,0.3580323993533567,0.4196913693539868
2020-06-07 08:45:00,0.7518398074789774,-0.6593458151000688,0.4676395608181065,0.33455295382254224,0.40431948611903096,0.6002399253387593
2020-06-07 09:00:00,0.7071067811865476,-0.7071067811865475,0.4890097655794793,0.36874028046360596,0.44697232440631357,0.6525997824478563
2020-06-07 09:15:00,0.6593458151000686,-0.7518398074789776,0.6469913394000841,0.41406577562304125,0.49051561034847097,0.5057176281037086
2020-06-07 09:30:00,0.6087614290087204,-0.7933533402912353,0.7395196576909727,0.4494524401118105,0.6233619768683236,0.11990046002379225
2020-06-07 09:45:00,0.5555702330196022,-0.8314696123025453,0.7706121917530631,0.5077749975356141,0.7161554249435353,0.5587935454762372
2020-06-07 10:00:00,0.49999999999999994,-0.8660254037844387,0.7942178827514405,0.5160367952934624,0.7302939540010556,0.5499304556979263
2020-06-07 10:15:00,0.4422886902190013,-0.8968727415326883,0.8532916545455197,0.5465260060487291,0.7653531057081522,0.5444718931728567
2020-06-07 10:30:00,0.3826834323650899,-0.9238795325112867,0.7274341076512885,0.5593696298856103,0.7249736940808045,0.5105994979191784
2020-06-07 10:45:00,0.32143946530316175,-0.9469301294951056,0.5344189719319222,0.5326000668265676,0.5913917667903836,0.4028454012211987
2020-06-07 11:00:00,0.258819045102521,-0.9659258262890682,0.6013821559276021,0.5406098684177374,0.6004327314688063,0.42671337333424114
2020-06-07 11:15:00,0.19509032201612816,-0.9807852804032304,0.7205346874226877,0.5667691087275708,0.6317822948990026,0.45750838136513106
2020-06-07 11:30:00,0.13052619222005157,-0.9914448613738104,0.8141529778254454,0.5881187635803125,0.7181212766012235,0.4960987098505573
2020-06-07 11:45:00,0.06540312923014312,-0.9978589232386035,0.746948777276536,0.5905848885368279,0.6374288979125575,0.5026126677775062
2020-06-07 12:00:00,1.2246467991473532e-16,-1.0,0.85559723368502,0.6398874634164899,0.7799361856695664,0.5408236962177856
2020-06-07 12:15:00,-0.06540312923014287,-0.9978589232386035,0.938659502463245,0.652498670495625,0.7740165409571746,0.6038878719543701
2020-06-07 12:30:00,-0.13052619222005132,-0.9914448613738105,0.9654663601884459,0.6826953622132079,0.8594963456791274,0.5752419209018858
2020-06-07 12:45:00,-0.19509032201612792,-0.9807852804032305,0.7250451753318969,0.6569181934087462,0.7676516055525782,0.44182425654902324
2020-06-07 13:00:00,-0.25881904510252035,-0.9659258262890684,0.6242939581392555,0.6460155669021459,0.6609856498758946,0.3936384523127646
2020-06-07 13:15:00,-0.3214394653031611,-0.9469301294951058,0.7256415041554675,0.6627435756593059,0.6286116030550508,0.4991414787022631
2020-06-07 13:30:00,-0.3826834323650892,-0.923879532511287,0.6467768516972624,0.6940426105535509,0.7133436937060864,0.47762240598251227
2020-06-07 13:45:00,-0.44228869021900147,-0.8968727415326883,0.7263003328706489,0.7037475840339151,0.7309810793722524,0.5309852839021141
2020-06-07 14:00:00,-0.5000000000000001,-0.8660254037844386,0.7224136370064598,0.6860264927882003,0.7269739149226728,0.5268314727627805
2020-06-07 14:15:00,-0.5555702330196023,-0.8314696123025452,0.673459295918653,0.6510299681681055,0.6413640162018199,0.6027578038677589
2020-06-07 14:30:00,-0.6087614290087207,-0.7933533402912352,0.6744567366445792,0.6822000137355646,0.6967860214552644,0.5820467554003227
2020-06-07 14:45:00,-0.6593458151000688,-0.7518398074789774,0.6682654723253336,0.6996205016364068,0.6989411083350006,0.5738732793096009
2020-06-07 15:00:00,-0.7071067811865475,-0.7071067811865477,0.4966327888785423,0.694333352446463,0.6099049869312871,0.46294307223452136
2020-06-07 15:15:00,-0.7518398074789773,-0.6593458151000691,0.5357372195018243,0.7121535752222603,0.6326606667893899,0.015363082339652567
2020-06-07 15:30:00,-0.7933533402912349,-0.6087614290087209,0.5182147994314047,0.7178416957261817,0.6249284634062169,0.14864137913868347
2020-06-07 15:45:00,-0.8314696123025448,-0.555570233019603,0.3990393699196134,0.7006957869016539,0.5562449519161556,0.5344719940238963
2020-06-07 16:00:00,-0.8660254037844385,-0.5000000000000004,0.15828366724384227,0.607921618281188,0.3727886923753761,0.20447841558868107
2020-06-07 16:15:00,-0.8968727415326883,-0.44228869021900136,0.31615129068143255,0.5396820589441726,0.26485920982096983,0.4253432654679745
2020-06-07 16:30:00,-0.9238795325112868,-0.3826834323650895,0.20830451580791046,0.5659525420257068,0.34232314159438954,0.28945006571768456
2020-06-07 16:45:00,-0.9469301294951056,-0.3214394653031618,0.12011962675901151,0.5730250533280343,0.29114527953821884,0.1564836382420276
2020-06-07 17:00:00,-0.9659258262890683,-0.25881904510252063,0.20298636547477727,0.5809528895362841,0.3037205859508217,0.2710745771265836
2020-06-07 17:15:00,-0.9807852804032303,-0.19509032201612866,0.17675427991067372,0.5997362373703938,0.33032443097414793,0.2398146529551214
2020-06-07 17:30:00,-0.9914448613738104,-0.13052619222005163,0.14706331559599178,0.5900589443692881,0.3033853660174964,0.19634699652729098
2020-06-07 17:45:00,-0.9978589232386035,-0.06540312923014362,0.10433637507904113,0.578435034227188,0.27734336400218046,0.1363154866570498
2020-06-07 18:00:00,-1.0,-1.8369701987210297e-16,0.06198133335106023,0.5598937343932151,0.2436283031235999,0.07850919060531794
2020-06-07 18:15:00,-0.9978589232386036,0.06540312923014237,0.038441642257262716,0.5246759374776298,0.21498208818819337,0.04800033845895033
2020-06-07 18:30:00,-0.9914448613738104,0.13052619222005213,0.017519350984951852,0.4844638927479876,0.1899628909170477,0.02267006203268775
2020-06-07 18:45:00,-0.9807852804032304,0.1950903220161283,0.003396155710839424,0.4581634675499049,0.17209320998659544,0.0023302669848886516
2020-06-07 19:00:00,-0.9659258262890682,0.25881904510252113,2.328526233516706e-05,0.4373478526414065,0.15777837230862995,0.0
2020-06-07 19:15:00,-0.9469301294951057,0.3214394653031615,0.0,0.41676006132765275,0.14801578725256598,0.0
2020-06-07 19:30:00,-0.9238795325112866,0.38268343236509,0.0,0.39844996575974534,0.1421115151156747,0.0
2020-06-07 19:45:00,-0.8968727415326884,0.442288690219001,0.0,0.3875704357702223,0.13753077188141688,0.0
2020-06-07 20:00:00,-0.8660254037844386,0.5000000000000001,0.0,0.3731087890496394,0.13011745397014512,0.0
2020-06-07 20:15:00,-0.8314696123025455,0.5555702330196018,0.0,0.35851892650138306,0.12542567216683037,0.0
2020-06-07 20:30:00,-0.7933533402912352,0.6087614290087205,0.0,0.3404886647495924,0.11959744020434676,0.0
2020-06-07 20:45:00,-0.7518398074789777,0.6593458151000684,0.0,0.32210681444076683,0.11293800361313794,0.0
2020-06-07 21:00:00,-0.7071067811865477,0.7071067811865474,0.0,0.3119137938379384,0.10761044025085359,0.0
2020-06-07 21:15:00,-0.6593458151000687,0.7518398074789775,0.0,0.3060282218996475,0.10521189941214099,0.0
2020-06-07 21:30:00,-0.608761429008721,0.7933533402912349,0.0,0.2986730286231203,0.10294436889849495,0.0
2020-06-07 21:45:00,-0.5555702330196022,0.8314696123025452,0.0,0.29295717085953377,0.10113028169542765,0.0
2020-06-07 22:00:00,-0.5000000000000004,0.8660254037844384,0.0,0.2843484196785182,0.09867466814067499,0.0
2020-06-07 22:15:00,-0.4422886902190014,0.8968727415326883,0.0,0.2792163838434978,0.09736893706494115,0.0
2020-06-07 22:30:00,-0.38268343236508956,0.9238795325112868,0.0,0.26985347588194686,0.09428447080183228,0.0
2020-06-07 22:45:00,-0.32143946530316186,0.9469301294951056,0.0,0.2582494085695284,0.0882142816596409,0.0
2020-06-07 23:00:00,-0.2588190451025207,0.9659258262890683,0.0,0.2508587494701988,0.08571268408313054,0.0
2020-06-07 23:15:00,-0.19509032201612872,0.9807852804032303,0.0,0.24310203383877615,0.08101517317770185,0.0
2020-06-07 23:30:00,-0.13052619222005168,0.9914448613738104,0.0,0.2363626136002066,0.07509005841923982,0.0
2020-06-07 23:45:00,-0.06540312923014367,0.9978589232386035,0.0,0.2294394128970083,0.07174989650393776,0.0
2020-06-08 00:00:00,0.0,1.0,0.0,0.22213392667483434,0.06901930895154212,0.0
2020-06-08 00:15:00,0.06540312923014306,0.9978589232386035,0.0,0.2144046341517749,0.06506071995172563,0.0
2020-06-08 00:30:00,0.13052619222005157,0.9914448613738104,0.0,0.20872821658730856,0.059647449542076514,0.0
2020-06-08 00:45:00,0.19509032201612825,0.9807852804032304,0.0,0.19955483008724828,0.05249472381651599,0.0
2020-06-08 01:00:00,0.25881904510252074,0.9659258262890683,0.0,0.19348785786095624,0.04786464816632363,0.0
2020-06-08 01:15:00,0.3214394653031616,0.9469301294951057,0.0,0.1907751466941472,0.048397729335183215,0.0
2020-06-08 01:30:00,0.3826834323650898,0.9238795325112867,0.0,0.18512168782350868,0.04880279792663139,0.0
2020-06-08 01:45:00,0.4422886902190013,0.8968727415326883,0.0,0.1804226165717817,0.04845804589096542,0.0
2020-06-08 02:00:00,0.49999999999999994,0.8660254037844387,0.0,0.17688476788678442,0.04754254587325113,0.0
2020-06-08 02:15:00,0.5555702330196022,0.8314696123025452,0.0,0.17762229204170255,0.049888233057360565,0.0
2020-06-08 02:30:00,0.6087614290087207,0.7933533402912352,0.0,0.18284610851844296,0.061314016808907024,0.0
2020-06-08 02:45:00,0.6593458151000688,0.7518398074789774,0.0,0.1944217872665437,0.07376413981074165,0.0
2020-06-08 03:00:00,0.7071067811865476,0.7071067811865476,0.0,0.1929518067181939,0.06974247241183834,0.0
2020-06-08 03:15:00,0.7518398074789773,0.659345815100069,0.0,0.18688711465687025,0.060247423140768086,0.0
2020-06-08 03:30:00,0.7933533402912352,0.6087614290087207,0.0,0.18260969381515424,0.05884004688646188,0.0
2020-06-08 03:45:00,0.8314696123025452,0.5555702330196023,0.0,0.18330349567130422,0.06231986539185219,0.0
2020-06-08 04:00:00,0.8660254037844386,0.5000000000000001,0.0,0.18490400895255976,0.06716104179885424,0.0
2020-06-08 04:15:00,0.8968727415326884,0.44228869021900125,0.0,0.17780313178187201,0.05908279791286797,0.0
2020-06-08 04:30:00,0.9238795325112867,0.38268343236508984,0.0,0.18186857396700007,0.06904311221361198,0.0
2020-06-08 04:45:00,0.9469301294951057,0.3214394653031615,0.0,0.18277840724308603,0.06957165307270258,0.0
2020-06-08 05:00:00,0.9659258262890683,0.25881904510252074,0.0,0.1798358189340321,0.06715913111490496,0.0
2020-06-08 05:15:00,0.9807852804032304,0.19509032201612833,0.0,0.1817584835665509,0.07318192321364064,0.0
2020-06-08 05:30:00,0.9914448613738104,0.1305261922200517,0.0,0.16682098383552524,0.05107888274300576,0.0
2020-06-08 05:45:00,0.9978589232386035,0.06540312923014305,0.0016863097077988863,0.16690615015867172,0.05979650100990974,0.0
2020-06-08 06:00:00,1.0,6.123233995736766e-17,0.013337835739313224,0.17888208350204482,0.07620882135413759,0.015471085935385525
2020-06-08 06:15:00,0.9978589232386035,-0.06540312923014292,0.03569892711363763,0.18579871847456353,0.0792153656861126,0.04497475362305571
2020-06-08 06:30:00,0.9914448613738105,-0.13052619222005138,0.06006073143130027,0.19600466919202897,0.09317697089296967,0.07719222623019671
2020-06-08 06:45:00,0.9807852804032305,-0.19509032201612797,0.08095370677896933,0.21400089868446548,0.11461904894246194,0.11290184490168667
2020-06-08 07:00:00,0.9659258262890683,-0.25881904510252085,0.1775492183223051,0.23474801298057546,0.14774552688015025,0.19107436469567016
2020-06-08 07:15:00,0.9469301294951057,-0.3214394653031616,0.19441518356727303,0.25706170503324,0.20410641466729879,0.21049267807146488
2020-06-08 07:30:00,0.9238795325112867,-0.3826834323650897,0.2908800481889957,0.26332110384856966,0.24117810210749985,0.3214597565727698
2020-06-08 07:45:00,0.8968727415326884,-0.44228869021900113,0.34471730781296517,0.28767238470496137,0.298279259853449,0.3887430641664382
2020-06-08 08:00:00,0.8660254037844387,-0.4999999999999998,0.40755290112653264,0.3144110269574456,0.3482088654821566,0.45574448952779967
2020-06-08 08:15:00,0.8314696123025451,-0.5555702330196023,0.31329720435738734,0.3272045901385794,0.34995825530360686,0.3739419939151775
2020-06-08 08:30:00,0.7933533402912352,-0.6087614290087207,0.468773572625348,0.3454415704415086,0.3714773040074378,0.5636028347296076
2020-06-08 08:45:00,0.7518398074789774,-0.6593458151000688,0.32776791366470737,0.36004460270384975,0.36220001762835335,0.44077994760895767
2020-06-08 09:00:00,0.7071067811865476,-0.7071067811865475,0.5095001341639818,0.3885818391089064,0.3922796921005169,0.579538461296375
2020-06-08 09:15:00,0.6593458151000686,-0.7518398074789776,0.42701306095064845,0.4142168832040234,0.42850140736901904,0.4810682901398912
2020-06-08 09:30:00,0.6087614290087204,-0.7933533402912353,0.6659836210121443,0.439726647859944,0.4491439634522782,0.5880600632919777
2020-06-08 09:45:00,0.5555702330196022,-0.8314696123025453,0.7359387896673047,0.46716156736504555,0.5048403454867874,0.6389511911668705
2020-06-08 10:00:00,0.49999999999999994,-0.8660254037844387,0.6005877864509507,0.48503415581817966,0.4997358286468115,0.580306949795351
2020-06-08 10:15:00,0.4422886902190013,-0.8968727415326883,0.77247217039001,0.5111267385786031,0.5801903001900159,0.5727293710271127
2020-06-08 10:30:00,0.3826834323650899,-0.9238795325112867,0.8325491506235829,0.5637710237794065,0.7513895248984117,0.5785824327788481
2020-06-08 10:45:00,0.32143946530316175,-0.9469301294951056,0.6615295406462178,0.5645460736065597,0.6746167207645759,0.5018235441544447
2020-06-08 11:00:00,0.258819045102521,-0.9659258262890682,0.8812019066180511,0.5867783086531444,0.7681779419441364,0.5949550447549733
2020-06-08 11:15:00,0.19509032201612816,-0.9807852804032304,0.7527500468352453,0.5871335154643305,0.7219739533472951,0.5716253740071536
2020-06-08 11:30:00,0.13052619222005157,-0.9914448613738104,0.8609503270723259,0.602501946775446,0.7420232694876387,0.6328603729514364
2020-06-08 11:45:00,0.06540312923014312,-0.9978589232386035,0.8096598042607289,0.6134004574273599,0.7471431687314309,0.5300488712694413
2020-06-08 12:00:00,1.2246467991473532e-16,-1.0,0.6440193189304985,0.6127924128265008,0.7075299473663386,0.4897146244593382
2020-06-08 12:15:00,-0.06540312923014287,-0.9978589232386035,0.9037299301226644,0.622664016631236,0.695825522502983,0.6075435075676903
2020-06-08 12:30:00,-0.13052619222005132,-0.9914448613738105,0.8879045719200933,0.6814688888142864,0.8104166565517439,0.5986099651126927
2020-06-08 12:45:00,-0.19509032201612792,-0.9807852804032305,0.8368230775629026,0.686784676251087,0.8483492358087028,0.6162437515270707
2020-06-08 13:00:00,-0.25881904510252035,-0.9659258262890684,0.7071035638616258,0.6664133228948894,0.681163718753774,0.47090662080638485
2020-06-08 13:15:00,-0.3214394653031611,-0.9469301294951058,0.5625040911593858,0.6818245352482366,0.6563767725256939,0.4273729820493732
2020-06-08 13:30:00,-0.3826834323650892,-0.923879532511287,0.810647896056173,0.6877865760875386,0.6988359026044986,0.5949825463328272
2020-06-08 13:45:00,-0.44228869021900147,-0.8968727415326883,0.6120571553972111,0.7013810561942047,0.6927763864919831,0.5419534424393763
2020-06-08 14:00:00,-0.5000000000000001,-0.8660254037844386,0.7740364725366848,0.718127021990971,0.6951318632232784,0.5820595227127985
2020-06-08 14:15:00,-0.5555702330196023,-0.8314696123025452,0.7620221153167461,0.7324436185334271,0.7567175901864285,0.6317705737551547
2020-06-08 14:30:00,-0.6087614290087207,-0.7933533402912352,0.7529050130973373,0.7516262517256969,0.7514869591706952,0.6970221978145221
2020-06-08 14:45:00,-0.6593458151000688,-0.7518398074789774,0.7332847383607589,0.7682029214809334,0.7536585427720079,0.6737253215360027
2020-06-08 15:00:00,-0.7071067811865475,-0.7071067811865477,0.530600410168917,0.7447136184798795,0.6856194884545508,0.5709036453430851
2020-06-08 15:15:00,-0.7518398074789773,-0.6593458151000691,0.6096761693794812,0.7470437802028074,0.6386775254363779,0.7369025970644766
2020-06-08 15:30:00,-0.7933533402912349,-0.6087614290087209,0.6023542566498049,0.7511621775299675,0.6284618137323477,0.7934890962144667
2020-06-08 15:45:00,-0.8314696123025448,-0.555570233019603,0.49776285781970936,0.7587176608200115,0.6020138570155988,0.672950592431909
2020-06-08 16:00:00,-0.8660254037844385,-0.5000000000000004,0.41433937586741415,0.7440154502672522,0.5257306104044057,0.5604064110934426
2020-06-08 16:15:00,-0.8968727415326883,-0.44228869021900136,0.35367113666680655,0.720314042516957,0.47952874559119835,0.4765294238988067
2020-06-08 16:30:00,-0.9238795325112868,-0.3826834323650895,0.3010717971363174,0.7110498257064946,0.43610908336940885,0.4176253356694534
2020-06-08 16:45:00,-0.9469301294951056,-0.3214394653031618,0.24151336027598755,0.6758811580841546,0.3967041851528567,0.3427569033609574
2020-06-08 17:00:00,-0.9659258262890683,-0.25881904510252063,0.2157178862112252,0.6483248116941334,0.3596033190686652,0.2974807410276907
2020-06-08 17:15:00,-0.9807852804032303,-0.19509032201612866,0.169016863778242,0.6371799379833321,0.330328643640363,0.2313331878026604
2020-06-08 17:30:00,-0.9914448613738104,-0.13052619222005163,0.15468734708976686,0.6215439963467806,0.3101282838215574,0.21052287973921205
2020-06-08 17:45:00,-0.9978589232386035,-0.06540312923014362,0.13135857970600465,0.6014371629233348,0.29158381400121264,0.17624219870716118
2020-06-08 18:00:00,-1.0,-1.8369701987210297e-16,0.09523104858454096,0.5930660555743887,0.2693962558208876,0.12591994387246247
2020-06-08 18:15:00,-0.9978589232386036,0.06540312923014237,0.05096184360679378,0.5583315902977681,0.23779988565011895,0.06779492992497826
2020-06-08 18:30:00,-0.9914448613738104,0.13052619222005213,0.02207899558358678,0.5253719750071111,0.20988101035375856,0.029388457891758365
2020-06-08 18:45:00,-0.9807852804032304,0.1950903220161283,0.00400854027836904,0.4999726980777852,0.18955184663564534,0.004211621673274674
2020-06-08 19:00:00,-0.9659258262890682,0.25881904510252113,9.273945728419926e-05,0.4777107029144436,0.1737109994866191,0.0
2020-06-08 19:15:00,-0.9469301294951057,0.3214394653031615,0.0,0.45852754313275135,0.16145002611497344,0.0
2020-06-08 19:30:00,-0.9238795325112866,0.38268343236509,0.0,0.44671636226410794,0.15256271533207882,0.0
2020-06-08 19:45:00,-0.8968727415326884,0.442288690219001,0.0,0.43471844853880093,0.150033748463492,0.0
2020-06-08 20:00:00,-0.8660254037844386,0.5000000000000001,0.0,0.42258422793556516,0.14717216607832934,0.0
2020-06-08 20:15:00,-0.8314696123025455,0.5555702330196018,0.0,0.4061622223965715,0.13945157061697128,0.0
2020-06-08 20:30:00,-0.7933533402912352,0.6087614290087205,0.0,0.38545385445688884,0.12915517345293964,0.0
2020-06-08 20:45:00,-0.7518398074789777,0.6593458151000684,0.0,0.36840647841590135,0.11885776110947427,0.0
2020-06-08 21:00:00,-0.7071067811865477,0.7071067811865474,0.0,0.3583072197821555,0.11530595060484689,0.0
2020-06-08 21:15:00,-0.6593458151000687,0.7518398074789775,0.0,0.35035368171217796,0.11265537572524192,0.0
2020-06-08 21:30:00,-0.608761429008721,0.7933533402912349,0.0,0.3375433686894964,0.11001203051953451,0.0
2020-06-08 21:45:00,-0.5555702330196022,0.8314696123025452,0.0,0.329048583912092,0.10923539646406771,0.0
2020-06-08 22:00:00,-0.5000000000000004,0.8660254037844384,0.0,0.3207317573075317,0.1081186153289731,0.0
2020-06-08 22:15:00,-0.4422886902190014,0.8968727415326883,0.0,0.3117430247828681,0.10711163097453041,0.0
2020-06-08 22:30:00,-0.38268343236508956,0.9238795325112868,0.0,0.2978923472636599,0.09992832882770525,0.0
2020-06-08 22:45:00,-0.32143946530316186,0.9469301294951056,0.0,0.2846899120996531,0.09402243666720062,0.0
2020-06-08 23:00:00,-0.2588190451025207,0.9659258262890683,0.0,0.27137375895418714,0.08956876911041373,0.0
2020-06-08 23:15:00,-0.19509032201612872,0.9807852804032303,0.0,0.2599895090732789,0.08258351834541627,0.0
2020-06-08 23:30:00,-0.13052619222005168,0.9914448613738104,0.0,0.2522860758972236,0.08189832968523253,0.0
2020-06-08 23:45:00,-0.06540312923014367,0.9978589232386035,0.0,0.23625217728671943,0.07311635699905145,0.0
2020-06-09 00:00:00,0.0,1.0,0.0,0.22739232796430908,0.06793387248227839,0.0
2020-06-09 00:15:00,0.06540312923014306,0.9978589232386035,0.0,0.21788363539749755,0.06292144077042505,0.0
2020-06-09 00:30:00,0.13052619222005157,0.9914448613738104,0.0,0.20431211738770227,0.055992587331550825,0.0
2020-06-09 00:45:00,0.19509032201612825,0.9807852804032304,0.0,0.1934933424322136,0.04805872528984323,0.0
2020-06-09 01:00:00,0.25881904510252074,0.9659258262890683,0.0,0.1826530212978934,0.041666499046177585,0.0
2020-06-09 01:15:00,0.3214394653031616,0.9469301294951057,0.0,0.181730591342383,0.04223697981703528,0.0
2020-06-09 01:30:00,0.3826834323650898,0.9238795325112867,0.0,0.18087068392372307,0.04337543101124719,0.0
2020-06-09 01:45:00,0.4422886902190013,0.8968727415326883,0.0,0.17650657988387253,0.04255535453879056,0.0
2020-06-09 02:00:00,0.49999999999999994,0.8660254037844387,0.0,0.1705820706406207,0.039834312870686395,0.0
2020-06-09 02:15:00,0.5555702330196022,0.8314696123025452,0.0,0.16929947734153372,0.04039125624671869,0.0
2020-06-09 02:30:00,0.6087614290087207,0.7933533402912352,0.0,0.1551677143795307,0.03507373583607282,0.0
2020-06-09 02:45:00,0.6593458151000688,0.7518398074789774,0.0,0.14624465907576378,0.028254121777290697,0.0
2020-06-09 03:00:00,0.7071067811865476,0.7071067811865476,0.0,0.14914595277924314,0.03000337943083059,0.0
2020-06-09 03:15:00,0.7518398074789773,0.659345815100069,0.0,0.14414706107163244,0.031176420444362474,0.0
2020-06-09 03:30:00,0.7933533402912352,0.6087614290087207,0.0,0.1372337927801468,0.028295927414195177,0.0
2020-06-09 03:45:00,0.8314696123025452,0.5555702330196023,0.0,0.13366181806305089,0.027000944673109095,0.0
2020-06-09 04:00:00,0.8660254037844386,0.5000000000000001,0.0,0.13094273652544874,0.024881033444721923,0.0
2020-06-09 04:15:00,0.8968727415326884,0.44228869021900125,0.0,0.1199222316280446,0.017643859712426713,0.0
2020-06-09 04:30:00,0.9238795325112867,0.38268343236508984,0.0,0.11069739899252817,0.008646587385171156,0.0
2020-06-09 04:45:00,0.9469301294951057,0.3214394653031615,0.0,0.10498469080842376,0.003007972325431818,0.0
2020-06-09 05:00:00,0.9659258262890683,0.25881904510252074,0.0,0.09932043452291239,0.0011078688486915178,0.0
2020-06-09 05:15:00,0.9807852804032304,0.19509032201612833,0.0,0.09378197305193026,0.004579951788423464,0.0
2020-06-09 05:30:00,0.9914448613738104,0.1305261922200517,0.0,0.09844047240362297,0.009591622270624323,0.0
2020-06-09 05:45:00,0.9978589232386035,0.06540312923014305,0.0007209210556907686,0.11156427659985146,0.013652250821002132,0.0
2020-06-09 06:00:00,1.0,6.123233995736766e-17,0.010137312316160819,0.11836877833770343,0.01986585337406177,0.011010483787444344
2020-06-09 06:15:00,0.9978589232386035,-0.06540312923014292,0.028309253626351512,0.13033425217578842,0.030048744157191665,0.035448693428288755
2020-06-09 06:30:00,0.9914448613738105,-0.13052619222005138,0.05187021198902107,0.14408150194893743,0.042626957024423984,0.06474844174414791
2020-06-09 06:45:00,0.9807852804032305,-0.19509032201612797,0.08595390103449861,0.1696727151139863,0.061610033687788224,0.10840950328645642
2020-06-09 07:00:00,0.9659258262890683,-0.25881904510252085,0.16885581097052463,0.20536528003641363,0.12470268060909523,0.20061993348695115
2020-06-09 07:15:00,0.9469301294951057,-0.3214394653031616,0.2775666608398378,0.25882189319672366,0.21738811763290905,0.3175370087553007
2020-06-09 07:30:00,0.9238795325112867,-0.3826834323650897,0.35810426221262814,0.2942523176067935,0.28167297742532454,0.4037504677771629
2020-06-09 07:45:00,0.8968727415326884,-0.44228869021900113,0.41893089288651764,0.3059697179156573,0.30489665500255364,0.46354758838699556
2020-06-09 08:00:00,0.8660254037844387,-0.4999999999999998,0.3489467479932325,0.3143350077622882,0.3099740784001495,0.39487870552469145
2020-06-09 08:15:00,0.8314696123025451,-0.5555702330196023,0.3795736424693821,0.3255220101393408,0.28613264890523366,0.44502933477795886
2020-06-09 08:30:00,0.7933533402912352,-0.6087614290087207,0.4827724299650617,0.367728635193759,0.3663571817984638,0.5917665425745883
2020-06-09 08:45:00,0.7518398074789774,-0.6593458151000688,0.5083175664771312,0.38709614368527023,0.4013513291781013,0.6221714323193679
2020-06-09 09:00:00,0.7071067811865476,-0.7071067811865475,0.6006349067075691,0.4084662779258268,0.4312797780798075,0.7307193196832046
2020-06-09 09:15:00,0.6593458151000686,-0.7518398074789776,0.6202579239354536,0.4271862943071192,0.4831539018742051,0.7602766851851109
2020-06-09 09:30:00,0.6087614290087204,-0.7933533402912353,0.6337433062520681,0.4335960143623825,0.46275195000136143,0.6670381823466905
2020-06-09 09:45:00,0.5555702330196022,-0.8314696123025453,0.6957707538304733,0.49541673298425803,0.6162523434585605,0.19046714845330265
2020-06-09 10:00:00,0.49999999999999994,-0.8660254037844387,0.7028749485042239,0.4897066059453856,0.5605091926173407,0.5491971756559036
2020-06-09 10:15:00,0.4422886902190013,-0.8968727415326883,0.7536414616538719,0.5131377346795218,0.6410359004423685,0.5309672415795819
2020-06-09 10:30:00,0.3826834323650899,-0.9238795325112867,0.7975144098998284,0.557048926417044,0.7519918164426347,0.5645507808588446
2020-06-09 10:45:00,0.32143946530316175,-0.9469301294951056,0.7918957960659136,0.5659100951118996,0.69501752962792,0.5312923073687921
2020-06-09 11:00:00,0.258819045102521,-0.9659258262890682,0.7242808345250932,0.5942862140595166,0.7156410260507853,0.46092231422952373
2020-06-09 11:15:00,0.19509032201612816,-0.9807852804032304,0.7232909726980882,0.6158844535281494,0.7467309620317752,0.46519945331583906
2020-06-09 11:30:00,0.13052619222005157,-0.9914448613738104,0.8567388001633781,0.661211678756926,0.8156130885259327,0.540400032443994
2020-06-09 11:45:00,0.06540312923014312,-0.9978589232386035,0.4987815288503675,0.6337573145128257,0.6451729747183859,0.4055574358830573
2020-06-09 12:00:00,1.2246467991473532e-16,-1.0,0.6496210343619595,0.6325990342550392,0.598494867357509,0.49486804106368226
2020-06-09 12:15:00,-0.06540312923014287,-0.9978589232386035,0.5535111345466098,0.6471722898895618,0.6338912666053662,0.4387067434870255
2020-06-09 12:30:00,-0.13052619222005132,-0.9914448613738105,0.45422471384388113,0.6430927315572261,0.562498012341009,0.44548929777349505
2020-06-09 12:45:00,-0.19509032201612792,-0.9807852804032305,0.7523621574981793,0.7024721139974146,0.7090962471538507,0.5763893339368182
2020-06-09 13:00:00,-0.25881904510252035,-0.9659258262890684,0.65618627759672,0.7002833394547461,0.7523570348972533,0.4538662104384974
2020-06-09 13:15:00,-0.3214394653031611,-0.9469301294951058,0.5316146323322322,0.6722047163064053,0.5654769284983776,0.45463766724821714
2020-06-09 13:30:00,-0.3826834323650892,-0.923879532511287,0.6099114125910953,0.7046108010381056,0.6543986783815829,0.5028040522949119
2020-06-09 13:45:00,-0.44228869021900147,-0.8968727415326883,0.4732557019513431,0.6880493477383673,0.6181234376655285,0.43321694217358736
2020-06-09 14:00:00,-0.5000000000000001,-0.8660254037844386,0.4931543382060369,0.6956758517833304,0.5834622350324323,0.43664383904574594
2020-06-09 14:15:00,-0.5555702330196023,-0.8314696123025452,0.5338368831996144,0.7121937815472308,0.5721402824849571,0.5455458494575787
2020-06-09 14:30:00,-0.6087614290087207,-0.7933533402912352,0.42873536311906024,0.6974233534648611,0.5215796340324268,0.5011231837514526
2020-06-09 14:45:00,-0.6593458151000688,-0.7518398074789774,0.41933170919081975,0.672938540849233,0.4605796842678829,0.5534975247864675
2020-06-09 15:00:00,-0.7071067811865475,-0.7071067811865477,0.4268602270294856,0.6853009423037277,0.4669694141195084,0.5718030792611924
2020-06-09 15:15:00,-0.7518398074789773,-0.6593458151000691,0.3852314647483544,0.6994303622705018,0.4995470396525788,0.5052053083981879
2020-06-09 15:30:00,-0.7933533402912349,-0.6087614290087209,0.36685710426624824,0.6769820463338181,0.44588356071155216,0.5080027445787917
2020-06-09 15:45:00,-0.8314696123025448,-0.555570233019603,0.45581380281364997,0.6932424754456779,0.48477016365993547,0.6419749287176267
2020-06-09 16:00:00,-0.8660254037844385,-0.5000000000000004,0.3960801943188981,0.6652694566676245,0.4786354067756928,0.5302955271634049
2020-06-09 16:15:00,-0.8968727415326883,-0.44228869021900136,0.4293194722787596,0.6762572869938657,0.48680240497894284,0.586448885402892
2020-06-09 16:30:00,-0.9238795325112868,-0.3826834323650895,0.36689933257750673,0.6733420624919964,0.4760233314513858,0.49830169710126926
2020-06-09 16:45:00,-0.9469301294951056,-0.3214394653031618,0.205273999269361,0.6410294717712366,0.3959783059543403,0.27820926962675674
2020-06-09 17:00:00,-0.9659258262890683,-0.25881904510252063,0.16874543351508434,0.6096141985639429,0.33384848480483614,0.22824281869071605
2020-06-09 17:15:00,-0.9807852804032303,-0.19509032201612866,0.14452284741438193,0.5924316443840347,0.30795736782682986,0.19658683961165624
2020-06-09 17:30:00,-0.9914448613738104,-0.13052619222005163,0.10448938466132282,0.581479996284205,0.2837825673116397,0.14143628760599372
2020-06-09 17:45:00,-0.9978589232386035,-0.06540312923014362,0.07385700378822592,0.5699558474242341,0.2633956486461702,0.10016983028987306
2020-06-09 18:00:00,-1.0,-1.8369701987210297e-16,0.04912799694662872,0.5501074745630832,0.24200912154746773,0.065785848467665
2020-06-09 18:15:00,-0.9978589232386036,0.06540312923014237,0.029657039574200572,0.5199512702996478,0.2219388611312772,0.03942236744454051
2020-06-09 18:30:00,-0.9914448613738104,0.13052619222005213,0.014450478608773954,0.48497276302864534,0.20013922233472253,0.01913208596571236
2020-06-09 18:45:00,-0.9807852804032304,0.1950903220161283,0.002817515683579399,0.4630394366114301,0.18446450972767608,0.0009139536068051133
2020-06-09 19:00:00,-0.9659258262890682,0.25881904510252113,3.492789530780576e-05,0.44800001038054194,0.17539778819576018,0.0
2020-06-09 19:15:00,-0.9469301294951057,0.3214394653031615,0.0,0.42833368262105553,0.16665048018769296,0.0
2020-06-09 19:30:00,-0.9238795325112866,0.38268343236509,0.0,0.413935927090874,0.15782792932573259,0.0
2020-06-09 19:45:00,-0.8968727415326884,0.442288690219001,0.0,0.40459685335053863,0.1519738344184856,0.0
2020-06-09 20:00:00,-0.8660254037844386,0.5000000000000001,0.0,0.39446633770217066,0.1479896688707601,0.0
2020-06-09 20:15:00,-0.8314696123025455,0.5555702330196018,0.0,0.3880625819842336,0.14630696623715195,0.0
2020-06-09 20:30:00,-0.7933533402912352,0.6087614290087205,0.0,0.3754213490358773,0.14493083782799826,0.0
2020-06-09 20:45:00,-0.7518398074789777,0.6593458151000684,0.0,0.3630092471440578,0.1388355684120393,0.0
2020-06-09 21:00:00,-0.7071067811865477,0.7071067811865474,0.0,0.35326347268843694,0.13391144984986209,0.0
2020-06-09 21:15:00,-0.6593458151000687,0.7518398074789775,0.0,0.3416504155442477,0.12866296342544853,0.0
2020-06-09 21:30:00,-0.608761429008721,0.7933533402912349,0.0,0.33099814764734403,0.12122232661545379,0.0
2020-06-09 21:45:00,-0.5555702330196022,0.8314696123025452,0.0,0.32136728589341557,0.11768615458377102,0.0
2020-06-09 22:00:00,-0.5000000000000004,0.8660254037844384,0.0,0.3116112828983062,0.11465705698285317,0.0
2020-06-09 22:15:00,-0.4422886902190014,0.8968727415326883,0.0,0.3066876240308012,0.11307365210973447,0.0
2020-06-09 22:30:00,-0.38268343236508956,0.9238795325112868,0.0,0.29558595554526135,0.10718122308016581,0.0
2020-06-09 22:45:00,-0.32143946530316186,0.9469301294951056,0.0,0.2805508025282979,0.09840419925429517,0.0
2020-06-09 23:00:00,-0.2588190451025207,0.9659258262890683,0.0,0.2722745728424423,0.09404055928707095,0.0
2020-06-09 23:15:00,-0.19509032201612872,0.9807852804032303,0.0,0.2641188795761904,0.08840020098416096,0.0
2020-06-09 23:30:00,-0.13052619222005168,0.9914448613738104,0.0,0.25958006853011817,0.08676862586548467,0.0
2020-06-09 23:45:00,-0.06540312923014367,0.9978589232386035,0.0,0.2531801073943838,0.08475379724719284,0.0
2020-06-10 00:00:00,0.0,1.0,0.0,0.2464466700838388,0.08490972932881374,0.0
2020-06-10 00:15:00,0.06540312923014306,0.9978589232386035,0.0,0.23415221605815772,0.07683523403763842,0.0
2020-06-10 00:30:00,0.13052619222005157,0.9914448613738104,0.0,0.22913645458323684,0.07201834041037586,0.0
2020-06-10 00:45:00,0.19509032201612825,0.9807852804032304,0.0,0.22330249956275505,0.07144718263840216,0.0
2020-06-10 01:00:00,0.25881904510252074,0.9659258262890683,0.0,0.22206094185984493,0.07490667633685616,0.0
2020-06-10 01:15:00,0.3214394653031616,0.9469301294951057,0.0,0.21591903966429027,0.07727499177264058,0.0
2020-06-10 01:30:00,0.3826834323650898,0.9238795325112867,0.0,0.20940539067033037,0.07076670584352046,0.0
2020-06-10 01:45:00,0.4422886902190013,0.8968727415326883,0.0,0.20586968117608828,0.06787303754174462,0.0
2020-06-10 02:00:00,0.49999999999999994,0.8660254037844387,0.0,0.20274982784366902,0.07005659750894772,0.0
2020-06-10 02:15:00,0.5555702330196022,0.8314696123025452,0.0,0.20581391865847443,0.07788824185103776,0.0
2020-06-10 02:30:00,0.6087614290087207,0.7933533402912352,0.0,0.20726634107950215,0.07875635010507215,0.0
2020-06-10 02:45:00,0.6593458151000688,0.7518398074789774,0.0,0.20416465627952163,0.07496864737112702,0.0
2020-06-10 03:00:00,0.7071067811865476,0.7071067811865476,0.0,0.20089137239703136,0.07546053027560512,0.0
2020-06-10 03:15:00,0.7518398074789773,0.659345815100069,0.0,0.1959973469774543,0.06909382071760112,0.0
2020-06-10 03:30:00,0.7933533402912352,0.6087614290087207,0.0,0.19515793949090643,0.06816734612808367,0.0
2020-06-10 03:45:00,0.8314696123025452,0.5555702330196023,0.0,0.19337441930715382,0.0656554529639009,0.0
2020-06-10 04:00:00,0.8660254037844386,0.5000000000000001,0.0,0.19354931732492897,0.06376507711472151,0.0
2020-06-10 04:15:00,0.8968727415326884,0.44228869021900125,0.0,0.18957569698715204,0.05940902034328677,0.0
2020-06-10 04:30:00,0.9238795325112867,0.38268343236508984,0.0,0.18842060367930324,0.05570304055768899,0.0
2020-06-10 04:45:00,0.9469301294951057,0.3214394653031615,0.0,0.18400980566473835,0.052470416149946186,0.0
2020-06-10 05:00:00,0.9659258262890683,0.25881904510252074,0.0,0.17700644142696498,0.050094313862793505,0.0
2020-06-10 05:15:00,0.9807852804032304,0.19509032201612833,0.0,0.1771822636230409,0.054570193114293286,0.0
2020-06-10 05:30:00,0.9914448613738104,0.1305261922200517,0.0,0.17823866470847238,0.05694219006588547,0.0
2020-06-10 05:45:00,0.9978589232386035,0.06540312923014305,0.0009650135658165839,0.18752297163642062,0.06283195526263602,0.0
2020-06-10 06:00:00,1.0,6.123233995736766e-17,0.00896514177766699,0.19178045102322283,0.0671627519256846,0.009858081844695691
2020-06-10 06:15:00,0.9978589232386035,-0.06540312923014292,0.017420894457012844,0.19416566843909222,0.07152375054251642,0.022850127630209417
2020-06-10 06:30:00,0.9914448613738105,-0.13052619222005138,0.025719944358045997,0.20354485826073443,0.08475884424192864,0.033493202496871474
2020-06-10 06:45:00,0.9807852804032305,-0.19509032201612797,0.04381166644805039,0.2106415359591023,0.09742035229047469,0.05859908535974782
2020-06-10 07:00:00,0.9659258262890683,-0.25881904510252085,0.06104166150426638,0.22130443300929947,0.11654903788388699,0.08329319557319724
2020-06-10 07:15:00,0.9469301294951057,-0.3214394653031616,0.06513324945445402,0.22838837387327926,0.1304273808522574,0.08942100488262081
2020-06-10 07:30:00,0.9238795325112867,-0.3826834323650897,0.10291707902553252,0.23866507102257306,0.14735414805339625,0.14108863762118573
2020-06-10 07:45:00,0.8968727415326884,-0.44228869021900113,0.14449198772872374,0.2504691155206118,0.17159365311384372,0.19799907603281477
2020-06-10 08:00:00,0.8660254037844387,-0.4999999999999998,0.21560076695054742,0.274796058442379,0.21456596020150126,0.29269947191248474
2020-06-10 08:15:00,0.8314696123025451,-0.5555702330196023,0.31186098194843787,0.3011232645189543,0.271371495043955,0.4036861126544737
2020-06-10 08:30:00,0.7933533402912352,-0.6087614290087207,0.4762698457241091,0.3510415932787012,0.37280619260138964,0.5886213491208363
2020-06-10 08:45:00,0.7518398074789774,-0.6593458151000688,0.385747648881531,0.3620919119853221,0.3839293295132869,0.4914459006412695
2020-06-10 09:00:00,0.7071067811865476,-0.7071067811865475,0.31968659397011623,0.37489101298903704,0.3539319871467063,0.4014230975774578
2020-06-10 09:15:00,0.6593458151000686,-0.7518398074789776,0.33602535956506085,0.36937024809881924,0.31387986267624285,0.43903011054418356
2020-06-10 09:30:00,0.6087614290087204,-0.7933533402912353,0.6394393160607423,0.4118749015287704,0.4225353538456426,0.7357735839798767
2020-06-10 09:45:00,0.5555702330196022,-0.8314696123025453,0.6498106397845534,0.4490011277691399,0.493933888703832,0.5708597286491911
2020-06-10 10:00:00,0.49999999999999994,-0.8660254037844387,0.5347929152170809,0.461311452958016,0.4738122058736804,0.5167346028357309
2020-06-10 10:15:00,0.4422886902190013,-0.8968727415326883,0.5688338805700958,0.46958124509448584,0.46079850502368785,0.546509459684475
2020-06-10 10:30:00,0.3826834323650899,-0.9238795325112867,0.703604398760894,0.5020487516046068,0.5128494413968532,0.615405740183689
2020-06-10 10:45:00,0.32143946530316175,-0.9469301294951056,0.7434989026621333,0.5263449012709145,0.5713255295385942,0.6614222635894272
2020-06-10 11:00:00,0.258819045102521,-0.9659258262890682,0.8380173721455919,0.5491148111529938,0.6766878065594479,0.4723985724642615
2020-06-10 11:15:00,0.19509032201612816,-0.9807852804032304,0.6994125260626303,0.5676275101105659,0.6536536705056286,0.0
2020-06-10 11:30:00,0.13052619222005157,-0.9914448613738104,0.7088466728491466,0.5929472602525061,0.68125825797376,0.0
2020-06-10 11:45:00,0.06540312923014312,-0.9978589232386035,0.6595376828893124,0.6018742288038517,0.6191643070263981,0.3263079378494381
2020-06-10 12:00:00,1.2246467991473532e-16,-1.0,0.8682458872517673,0.6216103556257573,0.7127679237400719,0.5663720183139765
2020-06-10 12:15:00,-0.06540312923014287,-0.9978589232386035,0.8343838124594276,0.6595537620610517,0.8088027490998593,0.5828546008387373
2020-06-10 12:30:00,-0.13052619222005132,-0.9914448613738105,0.7448057310167698,0.6852004372045863,0.8316557216182296,0.4986733260300968
2020-06-10 12:45:00,-0.19509032201612792,-0.9807852804032305,0.6443120822259556,0.677597180103813,0.7129042047686862,0.46223520164772
2020-06-10 13:00:00,-0.25881904510252035,-0.9659258262890684,0.35840685128487293,0.6632306796976724,0.5521753415995074,0.33257196758804936
2020-06-10 13:15:00,-0.3214394653031611,-0.9469301294951058,0.45911033078846125,0.6789664540172418,0.5539550633365469,0.428696079741272
2020-06-10 13:30:00,-0.3826834323650892,-0.923879532511287,0.4753185182421885,0.6884508281854165,0.5226777069387112,0.5178386892626401
2020-06-10 13:45:00,-0.44228869021900147,-0.8968727415326883,0.4383479798899652,0.7117953614443098,0.6112168944771827,0.4727112285687964
2020-06-10 14:00:00,-0.5000000000000001,-0.8660254037844386,0.34952866289417617,0.6919535831136658,0.49071734788140314,0.11834878452324207
2020-06-10 14:15:00,-0.5555702330196023,-0.8314696123025452,0.360541479093686,0.6996140738550147,0.5108517259201641,0.24174981274608368
2020-06-10 14:30:00,-0.6087614290087207,-0.7933533402912352,0.3043625965637542,0.7115706237165162,0.491859605496542,0.3811756777905124
2020-06-10 14:45:00,-0.6593458151000688,-0.7518398074789774,0.1582646984666397,0.6961733778935122,0.38140153941502003,0.2083074649224348
2020-06-10 15:00:00,-0.7071067811865475,-0.7071067811865477,0.1800640865994451,0.585837744195628,0.26022390178898275,0.24899054188908726
2020-06-10 15:15:00,-0.7518398074789773,-0.6593458151000691,0.17674129345559786,0.522639894726834,0.24916544869984208,0.2523685331595357
2020-06-10 15:30:00,-0.7933533402912349,-0.6087614290087209,0.14175237247000694,0.43322866530407467,0.1626184730294707,0.19980143074008352
2020-06-10 15:45:00,-0.8314696123025448,-0.555570233019603,0.1598852644853833,0.4336828231580172,0.15845207879135853,0.22123161507003491
2020-06-10 16:00:00,-0.8660254037844385,-0.5000000000000004,0.2511272113468644,0.4303868538964808,0.2315441499901149,0.337574769244238
2020-06-10 16:15:00,-0.8968727415326883,-0.44228869021900136,0.26675061849093634,0.5094294121219403,0.3248066143845861,0.35794396129723327
2020-06-10 16:30:00,-0.9238795325112868,-0.3826834323650895,0.25044419185862604,0.5539352534521746,0.35878861644129284,0.3421346846323614
2020-06-10 16:45:00,-0.9469301294951056,-0.3214394653031618,0.1308840381360977,0.5230253453910645,0.30342569869609265,0.18117240191986042
2020-06-10 17:00:00,-0.9659258262890683,-0.25881904510252063,0.0545079903530629,0.4347297986961134,0.21973672403730332,0.07785743182040561
2020-06-10 17:15:00,-0.9807852804032303,-0.19509032201612866,0.012599656480603379,0.41294072734228804,0.18183323698969406,0.01675230541185276
2020-06-10 17:30:00,-0.9914448613738104,-0.13052619222005163,0.008993933219093883,0.39581696069892747,0.14829502090710472,0.014651685867854992
2020-06-10 17:45:00,-0.9978589232386035,-0.06540312923014362,0.006992805687567372,0.3737756746618024,0.11212831057589207,0.011733321097694187
2020-06-10 18:00:00,-1.0,-1.8369701987210297e-16,0.005208913551215625,0.36468877681924106,0.10725512348288552,0.006989728071264634
2020-06-10 18:15:00,-0.9978589232386036,0.06540312923014237,0.0009791859945524862,0.35870148086215714,0.10979572717572178,0.0
2020-06-10 18:30:00,-0.9914448613738104,0.13052619222005213,3.6132917148765216e-06,0.33325653376995934,0.0911073411512085,0.0
2020-06-10 18:45:00,-0.9807852804032304,0.1950903220161283,8.14998860469871e-06,0.30575130827269437,0.08554396282280491,0.0
2020-06-10 19:00:00,-0.9659258262890682,0.25881904510252113,0.0,0.25976736912781795,0.07926064558903251,0.0
2020-06-10 19:15:00,-0.9469301294951057,0.3214394653031615,0.0,0.24553353894381624,0.07544562529489923,0.0
2020-06-10 19:30:00,-0.9238795325112866,0.38268343236509,0.0,0.24127041460159226,0.07319753791519984,0.0
2020-06-10 19:45:00,-0.8968727415326884,0.442288690219001,0.00023370042284855884,0.2546800682489889,0.06990114454839341,0.0
2020-06-10 20:00:00,-0.8660254037844386,0.5000000000000001,0.0006649323921348439,0.2566541330758809,0.0681519068241479,0.0
2020-06-10 20:15:00,-0.8314696123025455,0.5555702330196018,0.0007095667844166515,0.2589417181282261,0.08362170099443939,0.0
2020-06-10 20:30:00,-0.7933533402912352,0.6087614290087205,0.0005042497135493994,0.25415908937352527,0.09470911548834243,0.0
2020-06-10 20:45:00,-0.7518398074789777,0.6593458151000684,0.0003423758335481443,0.25429835129030054,0.09633243774726669,0.0
2020-06-10 21:00:00,-0.7071067811865477,0.7071067811865474,6.023440352568095e-06,0.24736256121791866,0.09425876126802041,0.0
2020-06-10 21:15:00,-0.6593458151000687,0.7518398074789775,4.658088031738125e-05,0.2466415994850959,0.09686303712403016,0.0
2020-06-10 21:30:00,-0.608761429008721,0.7933533402912349,0.0,0.2405315910513528,0.09328362980121158,0.0
2020-06-10 21:45:00,-0.5555702330196022,0.8314696123025452,0.0,0.23823202993382764,0.09227205320681059,0.0
2020-06-10 22:00:00,-0.5000000000000004,0.8660254037844384,0.0,0.23901150447334651,0.08531471381566375,0.0
2020-06-10 22:15:00,-0.4422886902190014,0.8968727415326883,0.0,0.22813684568805725,0.0714411480777079,0.0
2020-06-10 22:30:00,-0.38268343236508956,0.9238795325112868,0.0,0.2161645380981334,0.06861859677006504,0.0
2020-06-10 22:45:00,-0.32143946530316186,0.9469301294951056,0.0,0.21540547696520385,0.06969150175334543,0.0
2020-06-10 23:00:00,-0.2588190451025207,0.9659258262890683,0.0,0.21129910492131088,0.06836502428181418,0.0
2020-06-10 23:15:00,-0.19509032201612872,0.9807852804032303,0.0,0.20962541247348976,0.06831947912593067,0.0
2020-06-10 23:30:00,-0.13052619222005168,0.9914448613738104,0.0,0.20179000896784394,0.06824925662001763,0.0
2020-06-10 23:45:00,-0.06540312923014367,0.9978589232386035,0.0,0.19641253948283954,0.06673124573668782,0.0
2020-06-11 00:00:00,0.0,1.0,0.0,0.19661809230263216,0.06757248677310362,0.0
2020-06-11 00:15:00,0.06540312923014306,0.9978589232386035,0.0,0.20067127200878243,0.06808614852982658,0.0
2020-06-11 00:30:00,0.13052619222005157,0.9914448613738104,0.0,0.20340133478860833,0.07360894893032793,0.0
2020-06-11 00:45:00,0.19509032201612825,0.9807852804032304,0.0,0.20847298040842666,0.08415495525566824,0.0
2020-06-11 01:00:00,0.25881904510252074,0.9659258262890683,0.0,0.20357023758959136,0.07322563963364487,0.0
2020-06-11 01:15:00,0.3214394653031616,0.9469301294951057,0.0,0.20226852788450222,0.06625958350610234,0.0
2020-06-11 01:30:00,0.3826834323650898,0.9238795325112867,0.0,0.20400710489623686,0.0679552408009671,0.0
2020-06-11 01:45:00,0.4422886902190013,0.8968727415326883,0.0,0.20207062768956852,0.07878458676764671,0.0
2020-06-11 02:00:00,0.49999999999999994,0.8660254037844387,0.0,0.19963412975301154,0.0763965497579065,0.0
2020-06-11 02:15:00,0.5555702330196022,0.8314696123025452,0.0,0.1779853465855572,0.0665985265241747,0.0
2020-06-11 02:30:00,0.6087614290087207,0.7933533402912352,0.0,0.16729201794776793,0.06397935837875107,0.0
2020-06-11 02:45:00,0.6593458151000688,0.7518398074789774,0.00010481264729038867,0.17420925443967827,0.06371422618072314,0.0
2020-06-11 03:00:00,0.7071067811865476,0.7071067811865476,0.00012408989544335008,0.17823778911806643,0.06150167260956119,0.0
2020-06-11 03:15:00,0.7518398074789773,0.659345815100069,3.0279712014264554e-05,0.17812967449927908,0.061048661050793096,0.0
2020-06-11 03:30:00,0.7933533402912352,0.6087614290087207,2.329232883797685e-05,0.17777741774841327,0.07034110063441051,0.0
2020-06-11 03:45:00,0.8314696123025452,0.5555702330196023,3.6143407600115513e-06,0.1801692259766503,0.07259433143292077,0.0
2020-06-11 04:00:00,0.8660254037844386,0.5000000000000001,0.0,0.17883252857632592,0.07146637918450821,0.0
2020-06-11 04:15:00,0.8968727415326884,0.44228869021900125,0.0,0.17941312649959595,0.07331678398255453,0.0
2020-06-11 04:30:00,0.9238795325112867,0.38268343236508984,0.0,0.1817575825793596,0.07441653486604843,0.0
2020-06-11 04:45:00,0.9469301294951057,0.3214394653031615,0.0,0.1816832172001681,0.07055522474454906,0.0
2020-06-11 05:00:00,0.9659258262890683,0.25881904510252074,0.0,0.17902189488425502,0.06209660865762345,0.0
2020-06-11 05:15:00,0.9807852804032304,0.19509032201612833,0.0,0.1822717697368692,0.06407206008801919,0.0
2020-06-11 05:30:00,0.9914448613738104,0.1305261922200517,0.0,0.18202892410122273,0.07265103414326118,0.0
2020-06-11 05:45:00,0.9978589232386035,0.06540312923014305,0.00023175370970461494,0.1801864802248203,0.07367827189133375,0.0
2020-06-11 06:00:00,1.0,6.123233995736766e-17,0.003880446409587751,0.18218840652245416,0.07463965710232573,0.0006036220829730828
2020-06-11 06:15:00,0.9978589232386035,-0.06540312923014292,0.009005646994343442,0.18430623227826226,0.07929109361011483,0.01087140233585313
2020-06-11 06:30:00,0.9914448613738105,-0.13052619222005138,0.013320678480126424,0.18333724554109332,0.08290523615678441,0.017267504021166988
2020-06-11 06:45:00,0.9807852804032305,-0.19509032201612797,0.020473038915609292,0.18013862007762382,0.07922506574977356,0.028495657969349292
2020-06-11 07:00:00,0.9659258262890683,-0.25881904510252085,0.053701309102943774,0.17575271683637994,0.0698265048779057,0.07304698027668374
2020-06-11 07:15:00,0.9469301294951057,-0.3214394653031616,0.09284151948597734,0.19203080849857135,0.09787050813499404,0.12580133661244647
2020-06-11 07:30:00,0.9238795325112867,-0.3826834323650897,0.09008889039246343,0.206942541520992,0.13679018367359302,0.12424992933274662
2020-06-11 07:45:00,0.8968727415326884,-0.44228869021900113,0.060770386803284844,0.20245377556489497,0.11347872501423878,0.08915017334934743
2020-06-11 08:00:00,0.8660254037844387,-0.4999999999999998,0.0593305670381038,0.19171101469999874,0.09196651054644639,0.08619568492018032
2020-06-11 08:15:00,0.8314696123025451,-0.5555702330196023,0.10193552627914301,0.17030403255997406,0.0870847758681727,0.14597515659806123
2020-06-11 08:30:00,0.7933533402912352,-0.6087614290087207,0.13126797634494758,0.18738790296205488,0.10767758149941736,0.18532805484236622
2020-06-11 08:45:00,0.7518398074789774,-0.6593458151000688,0.2167910376253632,0.214340057311192,0.1800658313336994,0.2946335409386556
2020-06-11 09:00:00,0.7071067811865476,-0.7071067811865475,0.33258395225474213,0.25569881251898496,0.2522910115978448,0.44223869352556344
2020-06-11 09:15:00,0.6593458151000686,-0.7518398074789776,0.2897830533297748,0.28084920939785585,0.2835563632478963,0.3847826760229728
2020-06-11 09:30:00,0.6087614290087204,-0.7933533402912353,0.1657538406402711,0.272516253818071,0.22419976525358115,0.23309988701822526
2020-06-11 09:45:00,0.5555702330196022,-0.8314696123025453,0.20483558740558175,0.2780440998109517,0.21744151698828734,0.28725346212321046
2020-06-11 10:00:00,0.49999999999999994,-0.8660254037844387,0.26014617673866003,0.309810217191095,0.25604146566197533,0.366477157311028
2020-06-11 10:15:00,0.4422886902190013,-0.8968727415326883,0.2836112688249521,0.3323513375183218,0.2807065365686969,0.39983242276526965
2020-06-11 10:30:00,0.3826834323650899,-0.9238795325112867,0.30107406847213236,0.34614531271282534,0.29363650788285894,0.42385358474663065
2020-06-11 10:45:00,0.32143946530316175,-0.9469301294951056,0.33800880994927107,0.3663495821946192,0.32857239313442005,0.4724784307520998
2020-06-11 11:00:00,0.258819045102521,-0.9659258262890682,0.34536169059468835,0.3704266232833111,0.3227801565022875,0.48778080577262767
2020-06-11 11:15:00,0.19509032201612816,-0.9807852804032304,0.40204351354025275,0.3794394448793126,0.3459036058886709,0.5467003077601799
2020-06-11 11:30:00,0.13052619222005157,-0.9914448613738104,0.42058484229559534,0.4142974283345746,0.39262180670224417,0.5677426089777737
2020-06-11 11:45:00,0.06540312923014312,-0.9978589232386035,0.5314347160754985,0.42885473617441106,0.41064784244341196,0.5921785834448654
2020-06-11 12:00:00,1.2246467991473532e-16,-1.0,0.5647835835013123,0.4818605363571269,0.5421444427227504,0.0
2020-06-11 12:15:00,-0.06540312923014287,-0.9978589232386035,0.3532750668939588,0.4648425442120694,0.47696929083408673,0.04921365679553782
2020-06-11 12:30:00,-0.13052619222005132,-0.9914448613738105,0.27952591955133976,0.4291809995361835,0.3280200828732303,0.4020594426041712
2020-06-11 12:45:00,-0.19509032201612792,-0.9807852804032305,0.35238148996863133,0.4479270969664406,0.35533343966603553,0.48457633551095275
2020-06-11 13:00:00,-0.25881904510252035,-0.9659258262890684,0.29331468416021494,0.4445675854524671,0.3314361679650903,0.40399728460363676
2020-06-11 13:15:00,-0.3214394653031611,-0.9469301294951058,0.2788461613600084,0.46838058888264444,0.341019398490591,0.3900387675688232
2020-06-11 13:30:00,-0.3826834323650892,-0.923879532511287,0.3170885537864438,0.47570441435658983,0.3400746317582603,0.4390062925326742
2020-06-11 13:45:00,-0.44228869021900147,-0.8968727415326883,0.4013773565625855,0.4889891574765297,0.36454871282221796,0.5395956917580238
2020-06-11 14:00:00,-0.5000000000000001,-0.8660254037844386,0.32326981931349996,0.49247094165534033,0.3812806308627558,0.42507139681407985
2020-06-11 14:15:00,-0.5555702330196023,-0.8314696123025452,0.302291054758585,0.3711679453604566,0.30582760069463727,0.4165189425432314
2020-06-11 14:30:00,-0.6087614290087207,-0.7933533402912352,0.20015883269969262,0.38512937271425907,0.2987712955987621,0.28134763238952015
2020-06-11 14:45:00,-0.6593458151000688,-0.7518398074789774,0.14554357771433163,0.39935054427084693,0.26706747829631555,0.20445064578997688
2020-06-11 15:00:00,-0.7071067811865475,-0.7071067811865477,0.2227859061774784,0.43501578162219734,0.2858924109494347,0.3117612482526306
2020-06-11 15:15:00,-0.7518398074789773,-0.6593458151000691,0.32903052168245994,0.44634559881914293,0.3225416316478406,0.47245339680606896
2020-06-11 15:30:00,-0.7933533402912349,-0.6087614290087209,0.1986511095498209,0.33860383061375,0.2353173673492009,0.277572638497803
2020-06-11 15:45:00,-0.8314696123025448,-0.555570233019603,0.24565419377599323,0.28067733681150564,0.21377563030835872,0.3573306475008683
2020-06-11 16:00:00,-0.8660254037844385,-0.5000000000000004,0.16809776485297312,0.27817538909077055,0.20159535553418445,0.24464078647789259
2020-06-11 16:15:00,-0.8968727415326883,-0.44228869021900136,0.10095383180636969,0.27119587999662587,0.16810422407789255,0.1459972222333484
2020-06-11 16:30:00,-0.9238795325112868,-0.3826834323650895,0.09685288750462705,0.24240492926620005,0.11289911781621048,0.1449272356172112
2020-06-11 16:45:00,-0.9469301294951056,-0.3214394653031618,0.06208580562419914,0.2563490072756818,0.11423249558294762,0.08853873709893471
2020-06-11 17:00:00,-0.9659258262890683,-0.25881904510252063,0.0693625970062568,0.2781357759036216,0.1322806780503189,0.09640874811959302
2020-06-11 17:15:00,-0.9807852804032303,-0.19509032201612866,0.05562105260206557,0.30247711350897966,0.15193284179269712,0.07662220327907499
2020-06-11 17:30:00,-0.9914448613738104,-0.13052619222005163,0.053241110165661076,0.31325007883984535,0.15613494325041483,0.07251407909124773
2020-06-11 17:45:00,-0.9978589232386035,-0.06540312923014362,0.048756338851907,0.31747071914988334,0.14144435862511712,0.06646956129654667
2020-06-11 18:00:00,-1.0,-1.8369701987210297e-16,0.04273469957199039,0.3170951500407755,0.1428443580162822,0.058308602178840215
2020-06-11 18:15:00,-0.9978589232386036,0.06540312923014237,0.02085039884330733,0.304668159772028,0.132447316699347,0.02789532606214026
2020-06-11 18:30:00,-0.9914448613738104,0.13052619222005213,0.00741813982627895,0.29302324863121676,0.12150697688058526,0.00733049372091413
2020-06-11 18:45:00,-0.9807852804032304,0.1950903220161283,0.0011081426378111564,0.28319512368162214,0.11472216628613702,0.0
2020-06-11 19:00:00,-0.9659258262890682,0.25881904510252113,0.0,0.27927254659680023,0.10761061708616299,0.0
2020-06-11 19:15:00,-0.9469301294951057,0.3214394653031615,0.0,0.26975018841689047,0.10655828381989901,0.0
2020-06-11 19:30:00,-0.9238795325112866,0.38268343236509,0.0,0.21935084990193565,0.09366436484775181,0.0
2020-06-11 19:45:00,-0.8968727415326884,0.442288690219001,0.0,0.18123243314844073,0.055965100223631103,0.0
2020-06-11 20:00:00,-0.8660254037844386,0.5000000000000001,0.0,0.16378403626029225,0.041648387332886394,0.0
2020-06-11 20:15:00,-0.8314696123025455,0.5555702330196018,0.0,0.1588927627682999,0.03966098177114946,0.0
2020-06-11 20:30:00,-0.7933533402912352,0.6087614290087205,0.0,0.1564526656094254,0.03806662309830344,0.0
2020-06-11 20:45:00,-0.7518398074789777,0.6593458151000684,0.0,0.1347719247785717,0.035828995846896694,0.0
2020-06-11 21:00:00,-0.7071067811865477,0.7071067811865474,0.0,0.12295051593761319,0.03322338579401152,0.0
2020-06-11 21:15:00,-0.6593458151000687,0.7518398074789775,0.0,0.12032941141618658,0.03210138214261915,0.0
2020-06-11 21:30:00,-0.608761429008721,0.7933533402912349,0.0,0.12456240029859411,0.03247992846180364,0.0
2020-06-11 21:45:00,-0.5555702330196022,0.8314696123025452,0.0,0.11781994687722341,0.030968001664952782,0.0
2020-06-11 22:00:00,-0.5000000000000004,0.8660254037844384,0.0,0.11864819244516189,0.030717855181104425,0.0
2020-06-11 22:15:00,-0.4422886902190014,0.8968727415326883,0.0,0.11875321867622546,0.030428129217103916,0.0
2020-06-11 22:30:00,-0.38268343236508956,0.9238795325112868,0.0,0.1220226163464242,0.03142759425360825,0.0
2020-06-11 22:45:00,-0.32143946530316186,0.9469301294951056,0.0,0.11775130995404992,0.030128092891973546,0.0
2020-06-11 23:00:00,-0.2588190451025207,0.9659258262890683,0.0,0.1170402117528242,0.02927940129864376,0.0
2020-06-11 23:15:00,-0.19509032201612872,0.9807852804032303,0.0,0.11623879659656167,0.030272552566026456,0.0
2020-06-11 23:30:00,-0.13052619222005168,0.9914448613738104,0.0,0.11272167414604795,0.029879803178870346,0.0
2020-06-11 23:45:00,-0.06540312923014367,0.9978589232386035,0.0,0.11310637475435326,0.029710356829329543,0.0
2020-06-12 00:00:00,0.0,1.0,0.0,0.11809414563195086,0.033517762670409124,0.0
2020-06-12 00:15:00,0.06540312923014306,0.9978589232386035,0.0,0.11683818215405095,0.034568806555922316,0.0
2020-06-12 00:30:00,0.13052619222005157,0.9914448613738104,0.0,0.12369112192624732,0.035715579717938206,0.0
2020-06-12 00:45:00,0.19509032201612825,0.9807852804032304,0.0,0.12702292504340273,0.032887853015377555,0.0
2020-06-12 01:00:00,0.25881904510252074,0.9659258262890683,0.0,0.12752141043364507,0.04079632744087325,0.0
2020-06-12 01:15:00,0.3214394653031616,0.9469301294951057,0.0,0.11498577089021489,0.042946018959819254,0.0
2020-06-12 01:30:00,0.3826834323650898,0.9238795325112867,0.0,0.10943564252682791,0.044756528904060955,0.0
2020-06-12 01:45:00,0.4422886902190013,0.8968727415326883,0.0,0.10405687849898948,0.044121705636799846,0.0
2020-06-12 02:00:00,0.49999999999999994,0.8660254037844387,0.0,0.0992397312908957,0.045224907089287114,0.0
2020-06-12 02:15:00,0.5555702330196022,0.8314696123025452,0.0,0.093753249287859,0.041409218692814775,0.0
2020-06-12 02:30:00,0.6087614290087207,0.7933533402912352,0.0,0.09148415233891405,0.040565682713834594,0.0
2020-06-12 02:45:00,0.6593458151000688,0.7518398074789774,0.0,0.08857543968620818,0.03525665575216291,0.0
2020-06-12 03:00:00,0.7071067811865476,0.7071067811865476,0.0,0.09297550362031437,0.035017004049783695,0.0
2020-06-12 03:15:00,0.7518398074789773,0.659345815100069,6.987926179356346e-06,0.10384717144574562,0.04765378965951045,0.0
2020-06-12 03:30:00,0.7933533402912352,0.6087614290087207,0.0,0.10571459819647466,0.051058029115704506,0.0
2020-06-12 03:45:00,0.8314696123025452,0.5555702330196023,0.0,0.1112232776199773,0.052496215415159586,0.0
2020-06-12 04:00:00,0.8660254037844386,0.5000000000000001,0.0,0.11716521460358154,0.05495866504023894,0.0
2020-06-12 04:15:00,0.8968727415326884,0.44228869021900125,0.0,0.12405960558435924,0.0579981621139965,0.0
2020-06-12 04:30:00,0.9238795325112867,0.38268343236508984,0.0,0.12535508261586537,0.05942498727777912,0.0
2020-06-12 04:45:00,0.9469301294951057,0.3214394653031615,0.0,0.12265086160065364,0.0592422051811895,0.0
2020-06-12 05:00:00,0.9659258262890683,0.25881904510252074,0.0,0.12411265600259691,0.05637155402500027,0.0
2020-06-12 05:15:00,0.9807852804032304,0.19509032201612833,0.0,0.12585093783184553,0.0527964637245294,0.0
2020-06-12 05:30:00,0.9914448613738104,0.1305261922200517,1.1646348261582767e-06,0.12450980677041223,0.049375035549096224,0.0
2020-06-12 05:45:00,0.9978589232386035,0.06540312923014305,0.0006638406413411671,0.1297233207229851,0.05747296196490148,0.0
2020-06-12 06:00:00,1.0,6.123233995736766e-17,0.0038276123012859387,0.13069924210592232,0.0606482221287003,0.000688111650827093
2020-06-12 06:15:00,0.9978589232386035,-0.06540312923014292,0.013195199229582406,0.13269199310593138,0.06429343370219903,0.015520027299875772
2020-06-12 06:30:00,0.9914448613738105,-0.13052619222005138,0.03048215347764373,0.1385820740134147,0.0720152292590846,0.03877504324435362
2020-06-12 06:45:00,0.9807852804032305,-0.19509032201612797,0.061125613531480584,0.14797304290184798,0.0881019617658299,0.08030213970143514
2020-06-12 07:00:00,0.9659258262890683,-0.25881904510252085,0.0822598655454852,0.1592425175892167,0.10619851166475353,0.10653928870405412
2020-06-12 07:15:00,0.9469301294951057,-0.3214394653031616,0.10600960674654947,0.17298412379336914,0.12660218766946701,0.13822511182306063
2020-06-12 07:30:00,0.9238795325112867,-0.3826834323650897,0.12493012546681283,0.18742984338960245,0.1488534949787123,0.1647373123669982
2020-06-12 07:45:00,0.8968727415326884,-0.44228869021900113,0.16006120497191242,0.1980424246818524,0.16046278889058502,0.2142702290019552
2020-06-12 08:00:00,0.8660254037844387,-0.4999999999999998,0.14570557531753256,0.21685590413160027,0.1826412773083767,0.1919244996214867
2020-06-12 08:15:00,0.8314696123025451,-0.5555702330196023,0.14369446175402215,0.22341893279455505,0.18074818663812137,0.20720756274079077
2020-06-12 08:30:00,0.7933533402912352,-0.6087614290087207,0.18116747860349888,0.23210662373800806,0.20132085465898936,0.2524904842394859
2020-06-12 08:45:00,0.7518398074789774,-0.6593458151000688,0.10398247786630095,0.22376153416663125,0.16962343718848955,0.15082813008725543
2020-06-12 09:00:00,0.7071067811865476,-0.7071067811865475,0.2752747710065527,0.2546346717159964,0.22417559560481354,0.3784303658618228
2020-06-12 09:15:00,0.6593458151000686,-0.7518398074789776,0.21836633809718575,0.27183889237861525,0.24282518068062792,0.30308323086104755
2020-06-12 09:30:00,0.6087614290087204,-0.7933533402912353,0.3749281497290513,0.297004188914872,0.3031020748112839,0.5065476643471404
2020-06-12 09:45:00,0.5555702330196022,-0.8314696123025453,0.2688759571960453,0.316779917832527,0.3164098837400721,0.3607603875140404
2020-06-12 10:00:00,0.49999999999999994,-0.8660254037844387,0.20940575048073531,0.3041337250747749,0.25973027717817015,0.2994004870604539
2020-06-12 10:15:00,0.4422886902190013,-0.8968727415326883,0.14646883652768797,0.2883654518819019,0.21844658805607425,0.20646600361518788
2020-06-12 10:30:00,0.3826834323650899,-0.9238795325112867,0.1405767822445974,0.2904283997222663,0.20650353626260592,0.20242393328210195
2020-06-12 10:45:00,0.32143946530316175,-0.9469301294951056,0.17783819770533812,0.28892908607605783,0.2060680955747392,0.2618230320314346
2020-06-12 11:00:00,0.258819045102521,-0.9659258262890682,0.3395572447560725,0.3287795657864494,0.27904701304337615,0.47983742740870905
2020-06-12 11:15:00,0.19509032201612816,-0.9807852804032304,0.47865868790058314,0.3857654111894462,0.3997726643043022,0.6282417529598706
2020-06-12 11:30:00,0.13052619222005157,-0.9914448613738104,0.4274232215941915,0.3076043659256762,0.3319240164019848,0.5828583559306418
2020-06-12 11:45:00,0.06540312923014312,-0.9978589232386035,0.334569440563506,0.1956677410710479,0.19543061428241343,0.4923397734470799
2020-06-12 12:00:00,1.2246467991473532e-16,-1.0,0.35931381164037496,0.13628167165101268,0.15344328080820707,0.5204233547833719
2020-06-12 12:15:00,-0.06540312923014287,-0.9978589232386035,0.3480010152722442,0.12930368182658936,0.1434037772353675,0.49902018923374375
2020-06-12 12:30:00,-0.13052619222005132,-0.9914448613738105,0.348059266782646,0.20684867046546973,0.2337129294603409,0.49025589413530457
2020-06-12 12:45:00,-0.19509032201612792,-0.9807852804032305,0.4707068841002215,0.2641310310241325,0.32391223530451435,0.3914590684968818
2020-06-12 13:00:00,-0.25881904510252035,-0.9659258262890684,0.447085828321552,0.2913615011170321,0.4229660082060163,0.11793702975520519
2020-06-12 13:15:00,-0.3214394653031611,-0.9469301294951058,0.39744884713661716,0.25503490545187435,0.30164259381254993,0.4953911253659962
2020-06-12 13:30:00,-0.3826834323650892,-0.923879532511287,0.489069676119179,0.29010533490598545,0.3783023339264217,0.4619553042497054
2020-06-12 13:45:00,-0.44228869021900147,-0.8968727415326883,0.3325234292934538,0.28747610284611835,0.3300789667591118,0.43045873776269183
2020-06-12 14:00:00,-0.5000000000000001,-0.8660254037844386,0.4431141902954033,0.3065446174431232,0.33872592395168083,0.6139480135063144
2020-06-12 14:15:00,-0.5555702330196023,-0.8314696123025452,0.3807142012133144,0.3331547052651367,0.36781328522792217,0.519634588788111
2020-06-12 14:30:00,-0.6087614290087207,-0.7933533402912352,0.2966216538483177,0.324836115821191,0.30390757922636485,0.4044861260440586
2020-06-12 14:45:00,-0.6593458151000688,-0.7518398074789774,0.30015909662166906,0.3143418026312079,0.29038320472489726,0.41780432838357384
2020-06-12 15:00:00,-0.7071067811865475,-0.7071067811865477,0.3995241560516622,0.33026407909371636,0.3265173065723875,0.558356381252979
2020-06-12 15:15:00,-0.7518398074789773,-0.6593458151000691,0.3575229937944708,0.35234773960680643,0.3470609965807468,0.49721669011751357
2020-06-12 15:30:00,-0.7933533402912349,-0.6087614290087209,0.3889215748412566,0.3837295041192428,0.36264735399821174,0.5400933666051164
2020-06-12 15:45:00,-0.8314696123025448,-0.555570233019603,0.3117177813927016,0.3812972329513715,0.32922006212108396,0.43678349270181793
2020-06-12 16:00:00,-0.8660254037844385,-0.5000000000000004,0.26296556628270784,0.3848303375420994,0.31245305456638434,0.36331529840177557
2020-06-12 16:15:00,-0.8968727415326883,-0.44228869021900136,0.14357135422410733,0.376850693026372,0.262462678494686,0.1954725607924345
2020-06-12 16:30:00,-0.9238795325112868,-0.3826834323650895,0.14261898602928272,0.36212552125901265,0.22367456366680055,0.19248323941550452
2020-06-12 16:45:00,-0.9469301294951056,-0.3214394653031618,0.16839007288328245,0.3741446968830069,0.24221742580779598,0.22968995958519747
2020-06-12 17:00:00,-0.9659258262890683,-0.25881904510252063,0.15031477900579562,0.371301803496741,0.23974162576136165,0.20692923890509812
2020-06-12 17:15:00,-0.9807852804032303,-0.19509032201612866,0.15237500407220136,0.36793298415551745,0.23958111177624458,0.20874934983265878
2020-06-12 17:30:00,-0.9914448613738104,-0.13052619222005163,0.10471051338547856,0.35586644365314735,0.21479623643488904,0.142105051592817
2020-06-12 17:45:00,-0.9978589232386035,-0.06540312923014362,0.06238253067839713,0.33560366558695254,0.18142809460532267,0.08477726153807419
2020-06-12 18:00:00,-1.0,-1.8369701987210297e-16,0.04159919333074866,0.3012739904059303,0.15520259997935787,0.0559859169033209
2020-06-12 18:15:00,-0.9978589232386036,0.06540312923014237,0.05531190735497186,0.2640078881885495,0.14226795326257063,0.07566118585373194
2020-06-12 18:30:00,-0.9914448613738104,0.13052619222005213,0.019358517320033932,0.24609226758820957,0.11795194943084836,0.026466173846020916
2020-06-12 18:45:00,-0.9807852804032304,0.1950903220161283,0.00200486512314002,0.2129322383250385,0.08768978381988307,0.0016302105655268543
2020-06-12 19:00:00,-0.9659258262890682,0.25881904510252113,0.0,0.19475993619775456,0.07468517843724881,0.0
2020-06-12 19:15:00,-0.9469301294951057,0.3214394653031615,0.0,0.1827897758020387,0.06454095641012031,0.0
2020-06-12 19:30:00,-0.9238795325112866,0.38268343236509,0.0,0.17510478119619988,0.05906807445588358,0.0
2020-06-12 19:45:00,-0.8968727415326884,0.442288690219001,0.0,0.16590681646885397,0.05358897927135542,0.0
2020-06-12 20:00:00,-0.8660254037844386,0.5000000000000001,0.0,0.1562856272349693,0.04879718225294122,0.0
2020-06-12 20:15:00,-0.8314696123025455,0.5555702330196018,0.0,0.15390590100738577,0.048208669386820446,0.0
2020-06-12 20:30:00,-0.7933533402912352,0.6087614290087205,0.0,0.15758256108405333,0.04841299755455186,0.0
2020-06-12 20:45:00,-0.7518398074789777,0.6593458151000684,0.0,0.1655101353840165,0.0546518617280457,0.0
2020-06-12 21:00:00,-0.7071067811865477,0.7071067811865474,0.0,0.12127045809752568,0.04766287079958981,0.0
2020-06-12 21:15:00,-0.6593458151000687,0.7518398074789775,0.0,0.09994828899434927,0.03628913302088188,0.0
2020-06-12 21:30:00,-0.608761429008721,0.7933533402912349,0.0,0.12250437924550228,0.03666423573641092,0.0
2020-06-12 21:45:00,-0.5555702330196022,0.8314696123025452,0.0,0.12612435344550676,0.04414032700957948,0.0
2020-06-12 22:00:00,-0.5000000000000004,0.8660254037844384,0.0,0.12374248916151687,0.0413527946455729,0.0
2020-06-12 22:15:00,-0.4422886902190014,0.8968727415326883,0.0,0.12016606723416001,0.03895072676787392,0.0
2020-06-12 22:30:00,-0.38268343236508956,0.9238795325112868,0.0,0.12001905999110796,0.04005197685982914,0.0
2020-06-12 22:45:00,-0.32143946530316186,0.9469301294951056,0.0,0.11316429643984494,0.041542157499385224,0.0
2020-06-12 23:00:00,-0.2588190451025207,0.9659258262890683,0.0,0.10342965434677254,0.04120892618247568,0.0
2020-06-12 23:15:00,-0.19509032201612872,0.9807852804032303,0.0,0.10230505967907022,0.04071027217618001,0.0
2020-06-12 23:30:00,-0.13052619222005168,0.9914448613738104,0.0,0.11207344905813965,0.04694557378994224,0.0
2020-06-12 23:45:00,-0.06540312923014367,0.9978589232386035,0.0,0.11825295147778236,0.05375239019263306,0.0
2020-06-13 00:00:00,0.0,1.0,0.0,0.12292416945128082,0.057766089170412205,0.0
2020-06-13 00:15:00,0.06540312923014306,0.9978589232386035,0.0,0.12104834922058827,0.0569633599839835,0.0
2020-06-13 00:30:00,0.13052619222005157,0.9914448613738104,0.0,0.11899102812306306,0.05373754393394109,0.0
2020-06-13 00:45:00,0.19509032201612825,0.9807852804032304,0.0,0.1173287818739952,0.05348991840672335,0.0
2020-06-13 01:00:00,0.25881904510252074,0.9659258262890683,0.0,0.11314226154620166,0.04614728509329513,0.0
2020-06-13 01:15:00,0.3214394653031616,0.9469301294951057,0.0,0.10682760506101618,0.03771455351641445,0.0
2020-06-13 01:30:00,0.3826834323650898,0.9238795325112867,0.0,0.10298275556204706,0.03592163742125343,0.0
2020-06-13 01:45:00,0.4422886902190013,0.8968727415326883,0.0,0.09750960208177673,0.03254996230868423,0.0
2020-06-13 02:00:00,0.49999999999999994,0.8660254037844387,0.0,0.0884623253667971,0.026067359712798333,0.0
2020-06-13 02:15:00,0.5555702330196022,0.8314696123025452,0.0,0.08427486037942455,0.02010255162436969,0.0
2020-06-13 02:30:00,0.6087614290087207,0.7933533402912352,0.0,0.07780229922465742,0.01613050566574936,0.0
2020-06-13 02:45:00,0.6593458151000688,0.7518398074789774,0.0,0.06891193966654519,0.013173067487765588,0.0
2020-06-13 03:00:00,0.7071067811865476,0.7071067811865476,0.0,0.07144232643007142,0.017884489809322834,0.0
2020-06-13 03:15:00,0.7518398074789773,0.659345815100069,0.0,0.0782550381986522,0.024093345348149886,0.0
2020-06-13 03:30:00,0.7933533402912352,0.6087614290087207,0.0,0.08133825619576251,0.0268354064979221,0.0
2020-06-13 03:45:00,0.8314696123025452,0.5555702330196023,0.0,0.08461172907318826,0.029481269586587977,0.0
2020-06-13 04:00:00,0.8660254037844386,0.5000000000000001,0.0,0.08268411969289069,0.03022382841497151,0.0
2020-06-13 04:15:00,0.8968727415326884,0.44228869021900125,0.0,0.08235243332973474,0.0289533716207655,0.0
2020-06-13 04:30:00,0.9238795325112867,0.38268343236508984,0.0,0.08053696959890977,0.034565492195230585,0.0
2020-06-13 04:45:00,0.9469301294951057,0.3214394653031615,0.0,0.07778602738463758,0.033792178722163,0.0
2020-06-13 05:00:00,0.9659258262890683,0.25881904510252074,0.0,0.08669232982192931,0.04260495778491641,0.0
2020-06-13 05:15:00,0.9807852804032304,0.19509032201612833,0.0,0.08362510240962151,0.043161379206771266,0.0
2020-06-13 05:30:00,0.9914448613738104,0.1305261922200517,0.0,0.08076720758976985,0.03734879037731581,0.0
2020-06-13 05:45:00,0.9978589232386035,0.06540312923014305,0.0004506007646145528,0.08933127637270633,0.039381094681817774,0.0
2020-06-13 06:00:00,1.0,6.123233995736766e-17,0.004348819397746741,0.09999985562274216,0.0484114606688168,0.0022088702280292074
2020-06-13 06:15:00,0.9978589232386035,-0.06540312923014292,0.026842034270138766,0.10113441780391597,0.05102571540031209,0.03402313537156384
2020-06-13 06:30:00,0.9914448613738105,-0.13052619222005138,0.0475303854823381,0.10938880556128017,0.06384341443779679,0.05891592570954786
2020-06-13 06:45:00,0.9807852804032305,-0.19509032201612797,0.07437633460175161,0.12681135224022655,0.08287988505282534,0.09181535876934836
2020-06-13 07:00:00,0.9659258262890683,-0.25881904510252085,0.13232287561755562,0.15133234349016345,0.11515383845343902,0.15839303094996812
2020-06-13 07:15:00,0.9469301294951057,-0.3214394653031616,0.11831996552360723,0.16562050174606013,0.1410667849992832,0.14983660701053483
2020-06-13 07:30:00,0.9238795325112867,-0.3826834323650897,0.23087264710500832,0.18061419328229422,0.17692572074461016,0.2798133912442415
2020-06-13 07:45:00,0.8968727415326884,-0.44228869021900113,0.1881333747304091,0.1985114396551424,0.19910719942417793,0.23264092538053024
2020-06-13 08:00:00,0.8660254037844387,-0.4999999999999998,0.23855731639108105,0.21406096693397103,0.21743738319647027,0.3034646409102171
2020-06-13 08:15:00,0.8314696123025451,-0.5555702330196023,0.28249482849495405,0.23778327617547346,0.2589641097949433,0.3584674211087377
2020-06-13 08:30:00,0.7933533402912352,-0.6087614290087207,0.22083401278152176,0.24517547641222825,0.25488719606105,0.29526437849724224
2020-06-13 08:45:00,0.7518398074789774,-0.6593458151000688,0.3619517989033319,0.2696995467230303,0.29944499068269875,0.46559763610884924
2020-06-13 09:00:00,0.7071067811865476,-0.7071067811865475,0.4066664317406448,0.29562432485710777,0.3440755469114734,0.5167765883395026
2020-06-13 09:15:00,0.6593458151000686,-0.7518398074789776,0.22076993834410008,0.2784597757375262,0.30466763607465847,0.29652430123819323
2020-06-13 09:30:00,0.6087614290087204,-0.7933533402912353,0.3951618013265958,0.2893863595420705,0.30945234081728484,0.5218411523168273
2020-06-13 09:45:00,0.5555702330196022,-0.8314696123025453,0.5525455171160343,0.3433282839671852,0.43378440208331887,0.2249360132339452
2020-06-13 10:00:00,0.49999999999999994,-0.8660254037844387,0.5581675187942474,0.3998100420667119,0.5804614870763345,0.3945946954069718
2020-06-13 10:15:00,0.4422886902190013,-0.8968727415326883,0.3772562046352014,0.36181838697012436,0.39345361699314224,0.4824007425497545
2020-06-13 10:30:00,0.3826834323650899,-0.9238795325112867,0.7226885273056619,0.4308720711364631,0.5863616811936887,0.13497275519890686
2020-06-13 10:45:00,0.32143946530316175,-0.9469301294951056,0.45816368279831915,0.4265021873428698,0.5406947758357925,0.0
2020-06-13 11:00:00,0.258819045102521,-0.9659258262890682,0.6729602648309501,0.4081604918092123,0.498127129284795,0.28758095978146364
2020-06-13 11:15:00,0.19509032201612816,-0.9807852804032304,0.6143577594991848,0.4698327320020541,0.5432363715067943,0.4115085055335034
2020-06-13 11:30:00,0.13052619222005157,-0.9914448613738104,0.5344533242398138,0.4765339438170966,0.4839178879415928,0.3855109671571793
2020-06-13 11:45:00,0.06540312923014312,-0.9978589232386035,0.5733978248509568,0.5038306009571776,0.49277110884788483,0.4184601820068012
2020-06-13 12:00:00,1.2246467991473532e-16,-1.0,0.6627221765134411,0.5520343551249651,0.5713521492760156,0.4892563244330741
2020-06-13 12:15:00,-0.06540312923014287,-0.9978589232386035,0.8209483748112659,0.5704329247109701,0.6097158979813384,0.5879958223350863
2020-06-13 12:30:00,-0.13052619222005132,-0.9914448613738105,0.8437862351423242,0.5996171454796002,0.6629927284525226,0.5811485910609071
2020-06-13 12:45:00,-0.19509032201612792,-0.9807852804032305,0.5539146936351279,0.5956134131882118,0.6037573280100326,0.39398313398682894
2020-06-13 13:00:00,-0.25881904510252035,-0.9659258262890684,0.7149998932689862,0.5828053067869552,0.5522587434669957,0.5372711289365522
2020-06-13 13:15:00,-0.3214394653031611,-0.9469301294951058,0.5981242988460362,0.5932435208101265,0.5698696617656098,0.4626394462319475
2020-06-13 13:30:00,-0.3826834323650892,-0.923879532511287,0.6838741064919607,0.6013304245834368,0.5798916408700847,0.4713864500262355
2020-06-13 13:45:00,-0.44228869021900147,-0.8968727415326883,0.26487029827871356,0.5292540946349795,0.42434786185040546,0.22665892092534615
2020-06-13 14:00:00,-0.5000000000000001,-0.8660254037844386,0.5674540888097174,0.46674509641376205,0.39155213638726455,0.5032968097597484
2020-06-13 14:15:00,-0.5555702330196023,-0.8314696123025452,0.3973368512826197,0.4649953398380098,0.37612452467618923,0.42123893213483193
2020-06-13 14:30:00,-0.6087614290087207,-0.7933533402912352,0.7220807799781771,0.5125015244136732,0.5185383927487786,0.6984936573994336
2020-06-13 14:45:00,-0.6593458151000688,-0.7518398074789774,0.3536985699487144,0.5424752333024154,0.5009420968017435,0.33207620604968907
2020-06-13 15:00:00,-0.7071067811865475,-0.7071067811865477,0.3938359052080627,0.5249367814935553,0.42408921864560917,0.4796077945980463
2020-06-13 15:15:00,-0.7518398074789773,-0.6593458151000691,0.4608694107221518,0.5466350981601602,0.44688866940703714,0.5890741059161937
2020-06-13 15:30:00,-0.7933533402912349,-0.6087614290087209,0.451396296743446,0.5521621289351415,0.4800983645687856,0.5747103787020914
2020-06-13 15:45:00,-0.8314696123025448,-0.555570233019603,0.4128165863388659,0.5384761055175071,0.4145759207341038,0.5551780714649063
2020-06-13 16:00:00,-0.8660254037844385,-0.5000000000000004,0.25826240174184245,0.5318541060864719,0.39865971821990515,0.357020977588467
2020-06-13 16:15:00,-0.8968727415326883,-0.44228869021900136,0.34675586233156774,0.5238675557878247,0.3588375696305108,0.5030590766794057
2020-06-13 16:30:00,-0.9238795325112868,-0.3826834323650895,0.24637354689608845,0.5253169852953956,0.3594279085058661,0.346740179683651
2020-06-13 16:45:00,-0.9469301294951056,-0.3214394653031618,0.2657271392221947,0.5064129435564058,0.3136525985921524,0.3866774059910953
2020-06-13 17:00:00,-0.9659258262890683,-0.25881904510252063,0.2775276368127322,0.4976980176172534,0.3316118150767197,0.40643938180172307
2020-06-13 17:15:00,-0.9807852804032303,-0.19509032201612866,0.1727679951814385,0.4612729607584989,0.2900320737780863,0.23018657943027884
2020-06-13 17:30:00,-0.9914448613738104,-0.13052619222005163,0.12362368631575714,0.42653565261741755,0.2386879060705805,0.16385318491874978
2020-06-13 17:45:00,-0.9978589232386035,-0.06540312923014362,0.0821980345787642,0.39951874125546727,0.2068636984766838,0.11042938510334298
2020-06-13 18:00:00,-1.0,-1.8369701987210297e-16,0.07700997215771382,0.39202253507040963,0.19885096521006135,0.10148802848090581
2020-06-13 18:15:00,-0.9978589232386036,0.06540312923014237,0.043921829086756285,0.3628358518849435,0.16707991603529354,0.057184470713716365
2020-06-13 18:30:00,-0.9914448613738104,0.13052619222005213,0.017844541591889754,0.3293898127234187,0.13972111142782412,0.023268301817264206
2020-06-13 18:45:00,-0.9807852804032304,0.1950903220161283,0.0020071897905993307,0.2982943800750315,0.11795512468308006,0.0012399492282964269
2020-06-13 19:00:00,-0.9659258262890682,0.25881904510252113,0.0,0.2829000703850788,0.10957534858859236,0.0
2020-06-13 19:15:00,-0.9469301294951057,0.3214394653031615,0.0,0.2755385120944005,0.10704187088278777,0.0
2020-06-13 19:30:00,-0.9238795325112866,0.38268343236509,0.0,0.26451704098481077,0.09844296212911757,0.0
2020-06-13 19:45:00,-0.8968727415326884,0.442288690219001,0.0,0.2602476643069773,0.09803755260791885,0.0
2020-06-13 20:00:00,-0.8660254037844386,0.5000000000000001,0.0,0.26240441791484925,0.10825241568093674,0.0
2020-06-13 20:15:00,-0.8314696123025455,0.5555702330196018,0.0,0.22049357478633036,0.0846728798240825,0.0
2020-06-13 20:30:00,-0.7933533402912352,0.6087614290087205,0.0,0.17478070693648107,0.06753228740265033,0.0
2020-06-13 20:45:00,-0.7518398074789777,0.6593458151000684,0.0,0.19004256735002611,0.05870096817155718,0.0
2020-06-13 21:00:00,-0.7071067811865477,0.7071067811865474,0.0,0.20207404396680495,0.055872067003930714,0.0
2020-06-13 21:15:00,-0.6593458151000687,0.7518398074789775,0.0,0.20984449125557214,0.06320957846382985,0.0
2020-06-13 21:30:00,-0.608761429008721,0.7933533402912349,0.0,0.20835947606245542,0.07265113289737818,0.0
2020-06-13 21:45:00,-0.5555702330196022,0.8314696123025452,0.0,0.20236761158292316,0.07071585347183679,0.0
2020-06-13 22:00:00,-0.5000000000000004,0.8660254037844384,0.0,0.20617062917361095,0.07214373605325969,0.0
2020-06-13 22:15:00,-0.4422886902190014,0.8968727415326883,0.0,0.20144913936663023,0.07312291433191659,0.0
2020-06-13 22:30:00,-0.38268343236508956,0.9238795325112868,0.0,0.19521532122687968,0.06788170678494537,0.0
2020-06-13 22:45:00,-0.32143946530316186,0.9469301294951056,0.0,0.1892085556405163,0.063168917249323,0.0
2020-06-13 23:00:00,-0.2588190451025207,0.9659258262890683,0.0,0.1815700200733732,0.056793802957451345,0.0
2020-06-13 23:15:00,-0.19509032201612872,0.9807852804032303,0.0,0.17188755665231104,0.049401533529433383,0.0
2020-06-13 23:30:00,-0.13052619222005168,0.9914448613738104,0.0,0.16578845327043612,0.046374616599875074,0.0
2020-06-13 23:45:00,-0.06540312923014367,0.9978589232386035,0.0,0.15854301708518492,0.04107441058200556,0.0
2020-06-14 00:00:00,0.0,1.0,0.0,0.15534304855400682,0.03995163841338262,0.0
2020-06-14 00:15:00,0.06540312923014306,0.9978589232386035,0.0,0.15283574570369374,0.0426224865415496,0.0
2020-06-14 00:30:00,0.13052619222005157,0.9914448613738104,0.0,0.14855799375847978,0.04341806356515626,0.0
2020-06-14 00:45:00,0.19509032201612825,0.9807852804032304,7.108076792473943e-05,0.1551849299338397,0.055172733179795985,0.0
2020-06-14 01:00:00,0.25881904510252074,0.9659258262890683,9.66621506915906e-05,0.17348421743660936,0.07079114290178007,0.0
2020-06-14 01:15:00,0.3214394653031616,0.9469301294951057,0.0,0.174293987252935,0.07054975683021941,0.0
2020-06-14 01:30:00,0.3826834323650898,0.9238795325112867,0.0,0.1740232563252453,0.059332523257574266,0.0
2020-06-14 01:45:00,0.4422886902190013,0.8968727415326883,0.0,0.19026097176238577,0.07048825708410827,0.0
2020-06-14 02:00:00,0.49999999999999994,0.8660254037844387,0.0,0.1952377158978107,0.07336299168833676,0.0
2020-06-14 02:15:00,0.5555702330196022,0.8314696123025452,0.0,0.17905311692315484,0.06364147929747982,0.0
2020-06-14 02:30:00,0.6087614290087207,0.7933533402912352,0.0,0.169662226178676,0.05871094595638493,0.0
2020-06-14 02:45:00,0.6593458151000688,0.7518398074789774,0.0,0.16647162395667525,0.054748520740849405,0.0
2020-06-14 03:00:00,0.7071067811865476,0.7071067811865476,1.2047251968005942e-06,0.17835070020017585,0.07246663224614708,0.0
2020-06-14 03:15:00,0.7518398074789773,0.659345815100069,0.0,0.1702459872305806,0.06246428017541661,0.0
2020-06-14 03:30:00,0.7933533402912352,0.6087614290087207,0.0,0.16509755087009292,0.05904262045826486,0.0
2020-06-14 03:45:00,0.8314696123025452,0.5555702330196023,0.0,0.16587118692186342,0.055391138915474925,0.0
2020-06-14 04:00:00,0.8660254037844386,0.5000000000000001,0.0,0.16911046558028775,0.05451383800158921,0.0
2020-06-14 04:15:00,0.8968727415326884,0.44228869021900125,0.0,0.1741270755473081,0.06258144030992457,0.0
2020-06-14 04:30:00,0.9238795325112867,0.38268343236508984,0.0,0.176479881056532,0.06963239503464863,0.0
2020-06-14 04:45:00,0.9469301294951057,0.3214394653031615,0.0,0.16846428231828714,0.06564387751394679,0.0
2020-06-14 05:00:00,0.9659258262890683,0.25881904510252074,0.0,0.16553655434256553,0.06855315679913015,0.0
2020-06-14 05:15:00,0.9807852804032304,0.19509032201612833,0.0,0.16313394157827266,0.06780672358200085,0.0
2020-06-14 05:30:00,0.9914448613738104,0.1305261922200517,0.0,0.1728714925170316,0.07261323526131375,0.0
2020-06-14 05:45:00,0.9978589232386035,0.06540312923014305,0.00087692078122121,0.17469558649139838,0.0694723375146587,0.0
2020-06-14 06:00:00,1.0,6.123233995736766e-17,0.011577402895061829,0.17986290860718346,0.07564632816528077,0.011502204131659671
2020-06-14 06:15:00,0.9978589232386035,-0.06540312923014292,0.03136407988957741,0.18677847533924052,0.081115666671087,0.038770072217927505
2020-06-14 06:30:00,0.9914448613738105,-0.13052619222005138,0.061868812017308684,0.19890971103247268,0.09772505680501525,0.079569306694163
2020-06-14 06:45:00,0.9807852804032305,-0.19509032201612797,0.10235403257189762,0.2170424578243415,0.13398250306529463,0.1333194776402516
2020-06-14 07:00:00,0.9659258262890683,-0.25881904510252085,0.1602037121688714,0.25210920146759386,0.17165602967455923,0.19144953413972202
2020-06-14 07:15:00,0.9469301294951057,-0.3214394653031616,0.20992820844381907,0.2729469183853086,0.21016651336465703,0.24385792134133885
2020-06-14 07:30:00,0.9238795325112867,-0.3826834323650897,0.26697479760874543,0.29922870530495604,0.2614396685581007,0.30421973624806664
2020-06-14 07:45:00,0.8968727415326884,-0.44228869021900113,0.34102562254658836,0.3051265440165414,0.26753107892888767,0.3783482187560618
2020-06-14 08:00:00,0.8660254037844387,-0.4999999999999998,0.2918628861283935,0.3456122329939313,0.3248906433308029,0.3807819832263978
2020-06-14 08:15:00,0.8314696123025451,-0.5555702330196023,0.22986870271977947,0.3235344342227173,0.27080059199018075,0.29500089621526787
2020-06-14 08:30:00,0.7933533402912352,-0.6087614290087207,0.37017167291409053,0.3501702198732226,0.3043459223284693,0.4298230901101893
2020-06-14 08:45:00,0.7518398074789774,-0.6593458151000688,0.3065401453521732,0.3632718839965652,0.3242020043990778,0.3608920481887725
2020-06-14 09:00:00,0.7071067811865476,-0.7071067811865475,0.5570963773987511,0.4003319100817355,0.4243242653423745,0.5750355696610316
2020-06-14 09:15:00,0.6593458151000686,-0.7518398074789776,0.4223367483615224,0.4112854987354291,0.40737321553500977,0.4145673318734489
2020-06-14 09:30:00,0.6087614290087204,-0.7933533402912353,0.39833874258104046,0.42117275338782423,0.4209299785115133,0.4372469783311885
2020-06-14 09:45:00,0.5555702330196022,-0.8314696123025453,0.3586648959681091,0.4271986778552097,0.3884047374518395,0.4071448384008715
2020-06-14 10:00:00,0.49999999999999994,-0.8660254037844387,0.426493077237641,0.4343149677325555,0.3838270736406421,0.4691284775012059
2020-06-14 10:15:00,0.4422886902190013,-0.8968727415326883,0.6956517187843445,0.49737898257127067,0.531183846164021,0.5423125007510182
2020-06-14 10:30:00,0.3826834323650899,-0.9238795325112867,0.77118111805023,0.531503954432909,0.6036507340207247,0.5586182542098513
2020-06-14 10:45:00,0.32143946530316175,-0.9469301294951056,0.48445546241684956,0.5203349208800745,0.4934335691389547,0.3848442595302087
2020-06-14 11:00:00,0.258819045102521,-0.9659258262890682,0.7026264048029157,0.5584230185354606,0.594915235582248,0.5730873564553534
2020-06-14 11:15:00,0.19509032201612816,-0.9807852804032304,0.7123083195616098,0.595099863282047,0.6611082578467109,0.5143533381264994
2020-06-14 11:30:00,0.13052619222005157,-0.9914448613738104,0.6865853861922474,0.5721582774338911,0.5796060191261991,0.49428126325011
2020-06-14 11:45:00,0.06540312923014312,-0.9978589232386035,0.48529170211235895,0.5849177212629739,0.5679665532536362,0.4406913989655687
2020-06-14 12:00:00,1.2246467991473532e-16,-1.0,0.5329399000133,0.5509902808702385,0.4813738898734334,0.45714495999432364
2020-06-14 12:15:00,-0.06540312923014287,-0.9978589232386035,0.7997850148112094,0.6083962868435457,0.6275558217481376,0.628407745903445
2020-06-14 12:30:00,-0.13052619222005132,-0.9914448613738105,0.8385366368504757,0.5820716503796672,0.6182719019875857,0.6490265800425375
2020-06-14 12:45:00,-0.19509032201612792,-0.9807852804032305,0.8054038287860432,0.6119499685650505,0.7016476273723631,0.5865588917143074
2020-06-14 13:00:00,-0.25881904510252035,-0.9659258262890684,0.8217875003773122,0.6230681172324759,0.7056303821788572,0.5309387922880568
2020-06-14 13:15:00,-0.3214394653031611,-0.9469301294951058,0.807616420217886,0.6449675232496284,0.6881340980510089,0.5621887028811067
2020-06-14 13:30:00,-0.3826834323650892,-0.923879532511287,0.7514205727218025,0.6412002440402926,0.6566151355165899,0.502879654811925
2020-06-14 13:45:00,-0.44228869021900147,-0.8968727415326883,0.6891218039681296,0.6417952332441095,0.6490522008296558,0.49604873136544575
2020-06-14 14:00:00,-0.5000000000000001,-0.8660254037844386,0.6889730489474482,0.6586729480466202,0.6129843990855959,0.5354956678398765
2020-06-14 14:15:00,-0.5555702330196023,-0.8314696123025452,0.41240647242602146,0.6333427617165386,0.5263106410007956,0.34785994808960946
2020-06-14 14:30:00,-0.6087614290087207,-0.7933533402912352,0.31405267063212783,0.578813731867325,0.39770850485648773,0.41259716032082355
2020-06-14 14:45:00,-0.6593458151000688,-0.7518398074789774,0.5970947660593144,0.6246180623003947,0.5170335573353588,0.6961747629785989
2020-06-14 15:00:00,-0.7071067811865475,-0.7071067811865477,0.33616184150772016,0.5894008128336263,0.4844071640249165,0.43083444364844437
2020-06-14 15:15:00,-0.7518398074789773,-0.6593458151000691,0.16775447551588837,0.5073894089851159,0.33260040850944367,0.23712949402246586
2020-06-14 15:30:00,-0.7933533402912349,-0.6087614290087209,0.39172930882340523,0.5327832415495093,0.32436296543000337,0.5465681464065272
2020-06-14 15:45:00,-0.8314696123025448,-0.555570233019603,0.4828271203228538,0.6056734761377931,0.5040191413607982,0.6491097463875299
2020-06-14 16:00:00,-0.8660254037844385,-0.5000000000000004,0.2978524552561035,0.5730418397838057,0.40628177214331523,0.378449177084126
2020-06-14 16:15:00,-0.8968727415326883,-0.44228869021900136,0.1881363248945948,0.5376526823768493,0.3408663946023957,0.25219517308327233
2020-06-14 16:30:00,-0.9238795325112868,-0.3826834323650895,0.2856201395747161,0.5453432972975578,0.3458076762781384,0.3997705531557935
2020-06-14 16:45:00,-0.9469301294951056,-0.3214394653031618,0.1595963784819933,0.485175079995509,0.3203618732679672,0.22110633805154073
2020-06-14 17:00:00,-0.9659258262890683,-0.25881904510252063,0.157016322836629,0.37146807309853447,0.25164449667598604,0.22048866119601035
2020-06-14 17:15:00,-0.9807852804032303,-0.19509032201612866,0.13069277645847788,0.3266104358146886,0.21898537549759428,0.1814968060976398
2020-06-14 17:30:00,-0.9914448613738104,-0.13052619222005163,0.09894863774529991,0.30600619444228316,0.19706413332531786,0.13832730396703644
2020-06-14 17:45:00,-0.9978589232386035,-0.06540312923014362,0.09539741362518023,0.29534721505101746,0.18141472784888651,0.12568768249746654
2020-06-14 18:00:00,-1.0,-1.8369701987210297e-16,0.06251623034426274,0.2935641936651685,0.1701056673737757,0.08424750747728203
2020-06-14 18:15:00,-0.9978589232386036,0.06540312923014237,0.037087402635127685,0.28683585052120475,0.14887292837110083,0.049295094147664226
2020-06-14 18:30:00,-0.9914448613738104,0.13052619222005213,0.015285611664236544,0.29023075670917,0.13202358980147616,0.018566193615685723
2020-06-14 18:45:00,-0.9807852804032304,0.1950903220161283,0.0014910598282845678,0.2976214196526783,0.1306718745800462,0.0
2020-06-14 19:00:00,-0.9659258262890682,0.25881904510252113,0.0,0.298757810969561,0.1292523770758604,0.0
2020-06-14 19:15:00,-0.9469301294951057,0.3214394653031615,0.0,0.29475888371212244,0.12044651709737425,0.0
2020-06-14 19:30:00,-0.9238795325112866,0.38268343236509,0.0,0.2856537728454849,0.11326183147576557,0.0
2020-06-14 19:45:00,-0.8968727415326884,0.442288690219001,0.0,0.2804049047403423,0.10910547208726112,0.0
2020-06-14 20:00:00,-0.8660254037844386,0.5000000000000001,0.0,0.28201791273576493,0.11763282713745221,0.0
2020-06-14 20:15:00,-0.8314696123025455,0.5555702330196018,0.0,0.28046201782496283,0.12103685805489445,0.0
2020-06-14 20:30:00,-0.7933533402912352,0.6087614290087205,0.0,0.25199364735528107,0.11377345377654163,0.0
2020-06-14 20:45:00,-0.7518398074789777,0.6593458151000684,0.0,0.2049948354061797,0.08827184658464232,0.0
2020-06-14 21:00:00,-0.7071067811865477,0.7071067811865474,0.0,0.18719398999937975,0.07537734068980811,0.0
2020-06-14 21:15:00,-0.6593458151000687,0.7518398074789775,0.0,0.18439217695300703,0.07296976469216249,0.0
2020-06-14 21:30:00,-0.608761429008721,0.7933533402912349,0.0,0.19464755069675888,0.06923842039247047,0.0
2020-06-14 21:45:00,-0.5555702330196022,0.8314696123025452,0.0,0.17472727273059552,0.054511641937080246,0.0
2020-06-14 22:00:00,-0.5000000000000004,0.8660254037844384,0.0,0.17045910085608562,0.04945796124525226,0.0
2020-06-14 22:15:00,-0.4422886902190014,0.8968727415326883,0.0,0.17622257122698715,0.053849093377082546,0.0
2020-06-14 22:30:00,-0.38268343236508956,0.9238795325112868,0.0,0.1752086996106701,0.055928102826528714,0.0
2020-06-14 22:45:00,-0.32143946530316186,0.9469301294951056,0.0,0.17781828086071694,0.05731684196787862,0.0
2020-06-14 23:00:00,-0.2588190451025207,0.9659258262890683,0.0,0.19025762732717166,0.06665856786234553,0.0
2020-06-14 23:15:00,-0.19509032201612872,0.9807852804032303,0.0,0.20343654424882462,0.07868395689244662,0.0
2020-06-14 23:30:00,-0.13052619222005168,0.9914448613738104,0.0,0.20614915414358936,0.08453605926682523,0.0
2020-06-14 23:45:00,-0.06540312923014367,0.9978589232386035,0.0,0.19695827089702278,0.0788609474715441,0.0
2020-06-15 00:00:00,0.0,1.0,0.0,0.1943331529903205,0.07722804118008891,0.0
2020-06-15 00:15:00,0.06540312923014306,0.9978589232386035,0.0,0.19556686705681803,0.07844863222663784,0.0
2020-06-15 00:30:00,0.13052619222005157,0.9914448613738104,0.0,0.20082804239365726,0.08426879180846719,0.0
2020-06-15 00:45:00,0.19509032201612825,0.9807852804032304,0.0,0.20491006950778057,0.09044519853904592,0.0
2020-06-15 01:00:00,0.25881904510252074,0.9659258262890683,0.0,0.20252957362526502,0.08874751056307334,0.0
2020-06-15 01:15:00,0.3214394653031616,0.9469301294951057,0.0,0.19819883610869127,0.08924384129448631,0.0
2020-06-15 01:30:00,0.3826834323650898,0.9238795325112867,0.0,0.19712180098603804,0.08924992483563626,0.0
2020-06-15 01:45:00,0.4422886902190013,0.8968727415326883,0.0,0.19469993487476556,0.08749198713146694,0.0
2020-06-15 02:00:00,0.49999999999999994,0.8660254037844387,0.0,0.19922728012307656,0.08768655765375682,0.0
2020-06-15 02:15:00,0.5555702330196022,0.8314696123025452,0.0,0.19947042970089468,0.09007340877131081,0.0
2020-06-15 02:30:00,0.6087614290087207,0.7933533402912352,0.0,0.2003747267929019,0.08980517218902812,0.0
2020-06-15 02:45:00,0.6593458151000688,0.7518398074789774,0.0,0.18017648347038473,0.07916934178097762,0.0
2020-06-15 03:00:00,0.7071067811865476,0.7071067811865476,0.0,0.16765382760801195,0.06810735632349935,0.0
2020-06-15 03:15:00,0.7518398074789773,0.659345815100069,0.0,0.17626335537608573,0.0661067791587307,0.0
2020-06-15 03:30:00,0.7933533402912352,0.6087614290087207,0.0,0.1793759791953471,0.06651279518488346,0.0
2020-06-15 03:45:00,0.8314696123025452,0.5555702330196023,0.0,0.1899124448728826,0.06090082593920493,0.0
2020-06-15 04:00:00,0.8660254037844386,0.5000000000000001,0.0,0.19033704943946983,0.062381312067540384,0.0
2020-06-15 04:15:00,0.8968727415326884,0.44228869021900125,0.0,0.19134808480835597,0.07329177866673126,0.0
2020-06-15 04:30:00,0.9238795325112867,0.38268343236508984,0.0,0.19300521609446775,0.07754933554351989,0.0
2020-06-15 04:45:00,0.9469301294951057,0.3214394653031615,0.0,0.1924328772309556,0.07731250274568496,0.0
2020-06-15 05:00:00,0.9659258262890683,0.25881904510252074,3.6142474264718485e-06,0.1948970693849832,0.07965550735748989,0.0
2020-06-15 05:15:00,0.9807852804032304,0.19509032201612833,0.0,0.19254330938516695,0.07325282123340865,0.0
2020-06-15 05:30:00,0.9914448613738104,0.1305261922200517,0.0,0.19805933591587377,0.07673047733595945,0.0
2020-06-15 05:45:00,0.9978589232386035,0.06540312923014305,0.0004972676393589522,0.1893855685866077,0.0786553965523466,0.0
2020-06-15 06:00:00,1.0,6.123233995736766e-17,0.009466684810489193,0.18808302557707535,0.07517259693183415,0.009115735937931834
2020-06-15 06:15:00,0.9978589232386035,-0.06540312923014292,0.022140824286535406,0.18935884965610517,0.08346226043980448,0.026988596536904035
2020-06-15 06:30:00,0.9914448613738105,-0.13052619222005138,0.05628201781632911,0.20078344582788943,0.10489734380260524,0.07111346557360351
2020-06-15 06:45:00,0.9807852804032305,-0.19509032201612797,0.07888639213266471,0.21489504128468329,0.13217914498642286,0.10169407573812946
2020-06-15 07:00:00,0.9659258262890683,-0.25881904510252085,0.13904647907319378,0.22485511148217907,0.1515155924113621,0.16603986434176168
2020-06-15 07:15:00,0.9469301294951057,-0.3214394653031616,0.16271520235769338,0.2531016252782352,0.19432468477222914,0.194797931709684
2020-06-15 07:30:00,0.9238795325112867,-0.3826834323650897,0.1478023378756198,0.2738518860028605,0.19509501537024904,0.1818231057027615
2020-06-15 07:45:00,0.8968727415326884,-0.44228869021900113,0.30651312578409934,0.3109763431019126,0.24832866520713187,0.35586008198545793
2020-06-15 08:00:00,0.8660254037844387,-0.4999999999999998,0.34990040454553467,0.3459100030532798,0.30938092998999295,0.4084106798819198
2020-06-15 08:15:00,0.8314696123025451,-0.5555702330196023,0.4085743566705577,0.3663166834007219,0.3419876354129359,0.47391187450182437
2020-06-15 08:30:00,0.7933533402912352,-0.6087614290087207,0.5104972790721725,0.41226145566126093,0.4115006431648171,0.5346022778315968
2020-06-15 08:45:00,0.7518398074789774,-0.6593458151000688,0.5615922161161885,0.4496147822866794,0.4587192603639461,0.5701798424377741
2020-06-15 09:00:00,0.7071067811865476,-0.7071067811865475,0.47967171936560654,0.45365105718677934,0.45300024567094416,0.40467815429150494
2020-06-15 09:15:00,0.6593458151000686,-0.7518398074789776,0.5503216961174061,0.4603168488680247,0.4476442576067448,0.39864806677855164
2020-06-15 09:30:00,0.6087614290087204,-0.7933533402912353,0.31268018743606746,0.45424860888211005,0.40470888304683067,0.26624016452023225
2020-06-15 09:45:00,0.5555702330196022,-0.8314696123025453,0.530068815352335,0.4343202359584939,0.3749649994922008,0.3941989087202246
2020-06-15 10:00:00,0.49999999999999994,-0.8660254037844387,0.755098897734474,0.4960899757331576,0.5444550116885645,0.5222615974404149
2020-06-15 10:15:00,0.4422886902190013,-0.8968727415326883,0.6973685337616983,0.5296743494191711,0.5860287867661373,0.47126854014043035
2020-06-15 10:30:00,0.3826834323650899,-0.9238795325112867,0.5863769651172009,0.5241743231152229,0.5311497482809981,0.41473581033023627
2020-06-15 10:45:00,0.32143946530316175,-0.9469301294951056,0.3756271462831772,0.5188358682598824,0.44599141463384656,0.2963105471018701
2020-06-15 11:00:00,0.258819045102521,-0.9659258262890682,0.3490358739184591,0.5115205683543915,0.4083165605699551,0.28651900190944635
2020-06-15 11:15:00,0.19509032201612816,-0.9807852804032304,0.6038262057296936,0.5188923088023403,0.44039355418859233,0.4527150065488802
2020-06-15 11:30:00,0.13052619222005157,-0.9914448613738104,0.5228854457594446,0.5547776162926661,0.5434811265463062,0.3356213704354533
2020-06-15 11:45:00,0.06540312923014312,-0.9978589232386035,0.34510279168255914,0.45996274262621006,0.38241516235634304,0.2767345019846912
2020-06-15 12:00:00,1.2246467991473532e-16,-1.0,0.5231403222700927,0.4911277810567678,0.4013041132582235,0.37140662738673635
2020-06-15 12:15:00,-0.06540312923014287,-0.9978589232386035,0.7465320582949136,0.5812269504677636,0.6079981197890327,0.47758356760338444
2020-06-15 12:30:00,-0.13052619222005132,-0.9914448613738105,0.5035851044523728,0.5850759930200837,0.5685857794929536,0.36361255862950154
2020-06-15 12:45:00,-0.19509032201612792,-0.9807852804032305,0.3488768526163918,0.5410029548176489,0.4458489083777029,0.286017518326279
2020-06-15 13:00:00,-0.25881904510252035,-0.9659258262890684,0.3869038138678455,0.5572945372773515,0.4546731374399618,0.340742797233048
2020-06-15 13:15:00,-0.3214394653031611,-0.9469301294951058,0.10958921071930179,0.43578957244941297,0.2930254470027834,0.1539057497681141
2020-06-15 13:30:00,-0.3826834323650892,-0.923879532511287,0.21708292181553626,0.2904457155403104,0.18296367055923707,0.33336202104339197
2020-06-15 13:45:00,-0.44228869021900147,-0.8968727415326883,0.35738184212019836,0.34351244903871136,0.28359333124681013,0.5167623547530451
2020-06-15 14:00:00,-0.5000000000000001,-0.8660254037844386,0.6409801973157606,0.41645473638640773,0.4611960372680615,0.5446048770704504
2020-06-15 14:15:00,-0.5555702330196023,-0.8314696123025452,0.31424002330820305,0.44646018117356956,0.4397488798511236,0.2537503354548768
2020-06-15 14:30:00,-0.6087614290087207,-0.7933533402912352,0.37645890539342286,0.38970580465475546,0.2596324947877093,0.45069365845801185
2020-06-15 14:45:00,-0.6593458151000688,-0.7518398074789774,0.32898653597659633,0.4274586656906789,0.3280125993239145,0.40022917504707806
2020-06-15 15:00:00,-0.7071067811865475,-0.7071067811865477,0.2714537231213352,0.42084806324031,0.3244251216778193,0.3483116320015655
2020-06-15 15:15:00,-0.7518398074789773,-0.6593458151000691,0.38216212075639866,0.37292304975554535,0.2523670237125984,0.5303786935083973
2020-06-15 15:30:00,-0.7933533402912349,-0.6087614290087209,0.309821166234489,0.43918646412401485,0.34287041668456647,0.41657394569893913
2020-06-15 15:45:00,-0.8314696123025448,-0.555570233019603,0.11134297556211022,0.3993063557551635,0.25520154722180094,0.1532670980420879
2020-06-15 16:00:00,-0.8660254037844385,-0.5000000000000004,0.17751870124040836,0.3277003851711109,0.18911709271524063,0.2510361550262155
2020-06-15 16:15:00,-0.8968727415326883,-0.44228869021900136,0.2313226536368811,0.37195930414600786,0.2583504717149913,0.3167660347431116
2020-06-15 16:30:00,-0.9238795325112868,-0.3826834323650895,0.22401415915700373,0.3851336163091037,0.2725387393097944,0.3061584186728632
2020-06-15 16:45:00,-0.9469301294951056,-0.3214394653031618,0.24226405474013227,0.40047527083798196,0.2949706399882737,0.330336167986647
2020-06-15 17:00:00,-0.9659258262890683,-0.25881904510252063,0.14910020227708776,0.39529094932414943,0.26787801399074335,0.20044764629408907
2020-06-15 17:15:00,-0.9807852804032303,-0.19509032201612866,0.055882224792627715,0.35011637994896705,0.20036173365383886,0.07656483977988437
2020-06-15 17:30:00,-0.9914448613738104,-0.13052619222005163,0.09520413105569764,0.3074908075091307,0.1803482136004742,0.1306944717036301
2020-06-15 17:45:00,-0.9978589232386035,-0.06540312923014362,0.07770372776473636,0.3083468513394345,0.18005482490972752,0.10391540929500402
2020-06-15 18:00:00,-1.0,-1.8369701987210297e-16,0.05805136796580879,0.30594351070201675,0.16657409596028733,0.07716197091827946
2020-06-15 18:15:00,-0.9978589232386036,0.06540312923014237,0.03935530775723233,0.2970608458026487,0.14600754196941607,0.05154646843977576
2020-06-15 18:30:00,-0.9914448613738104,0.13052619222005213,0.021422442906465153,0.2891504456533025,0.1296703891493211,0.02749828767809149
2020-06-15 18:45:00,-0.9807852804032304,0.1950903220161283,0.005801644720623809,0.27870747959542697,0.11679824107257325,0.005589096672230401
2020-06-15 19:00:00,-0.9659258262890682,0.25881904510252113,1.862826800607883e-05,0.2760755936660344,0.11130177453317985,0.0
2020-06-15 19:15:00,-0.9469301294951057,0.3214394653031615,0.0,0.2605555556469341,0.10502012501451735,0.0
2020-06-15 19:30:00,-0.9238795325112866,0.38268343236509,0.0,0.25378122245403945,0.09679633456782682,0.0
2020-06-15 19:45:00,-0.8968727415326884,0.442288690219001,0.0,0.25231188835785456,0.09018372956351789,0.0
2020-06-15 20:00:00,-0.8660254037844386,0.5000000000000001,0.0,0.24566012458776765,0.08557182338191133,0.0
2020-06-15 20:15:00,-0.8314696123025455,0.5555702330196018,0.0,0.24335139163868158,0.0886417105727309,0.0
2020-06-15 20:30:00,-0.7933533402912352,0.6087614290087205,0.0,0.24184703361115356,0.0890085690794084,0.0
2020-06-15 20:45:00,-0.7518398074789777,0.6593458151000684,0.0,0.23553605222354435,0.08702761076844973,0.0
2020-06-15 21:00:00,-0.7071067811865477,0.7071067811865474,0.0,0.2236894570188812,0.0787007167104587,0.0
2020-06-15 21:15:00,-0.6593458151000687,0.7518398074789775,0.0,0.21492303131483292,0.07476573963660987,0.0
2020-06-15 21:30:00,-0.608761429008721,0.7933533402912349,0.0,0.2105576619100935,0.07569538985017427,0.0
2020-06-15 21:45:00,-0.5555702330196022,0.8314696123025452,0.0,0.2128181148772863,0.0796031974206472,0.0
2020-06-15 22:00:00,-0.5000000000000004,0.8660254037844384,0.0,0.20822725397068953,0.07847381616248322,0.0
2020-06-15 22:15:00,-0.4422886902190014,0.8968727415326883,0.0,0.20061712870952886,0.07807984506494331,0.0
2020-06-15 22:30:00,-0.38268343236508956,0.9238795325112868,0.0,0.19969657591044854,0.08203905769800096,0.0
2020-06-15 22:45:00,-0.32143946530316186,0.9469301294951056,0.0,0.20110869854885682,0.08543302238817324,0.0
2020-06-15 23:00:00,-0.2588190451025207,0.9659258262890683,0.0,0.2018444576587135,0.0870075015151785,0.0
2020-06-15 23:15:00,-0.19509032201612872,0.9807852804032303,0.0,0.19389517395988398,0.08262769841897527,0.0
2020-06-15 23:30:00,-0.13052619222005168,0.9914448613738104,0.0,0.17461566911027893,0.06554237332769802,0.0
2020-06-15 23:45:00,-0.06540312923014367,0.9978589232386035,0.0,0.17949678086326082,0.05892987074608286,0.0
2020-06-16 00:00:00,0.0,1.0,0.0,0.18040309545571853,0.05913408097403278,0.0
2020-06-16 00:15:00,0.06540312923014306,0.9978589232386035,0.0,0.18232773467253294,0.06737904619720642,0.0
2020-06-16 00:30:00,0.13052619222005157,0.9914448613738104,0.0,0.17718416976835605,0.06922446760570383,0.0
2020-06-16 00:45:00,0.19509032201612825,0.9807852804032304,0.0,0.16768198589974093,0.058440276388947776,0.0
2020-06-16 01:00:00,0.25881904510252074,0.9659258262890683,0.0,0.16369842010525315,0.055596246928406534,0.0
2020-06-16 01:15:00,0.3214394653031616,0.9469301294951057,0.0,0.1612005382018662,0.057315117761645884,0.0
2020-06-16 01:30:00,0.3826834323650898,0.9238795325112867,0.0,0.16386734653848056,0.062384935233149696,0.0
2020-06-16 01:45:00,0.4422886902190013,0.8968727415326883,0.0,0.1726736085810825,0.06689823505702469,0.0
2020-06-16 02:00:00,0.49999999999999994,0.8660254037844387,0.0,0.17242567873590642,0.06013169050396361,0.0
2020-06-16 02:15:00,0.5555702330196022,0.8314696123025452,0.0,0.16520513568547268,0.06060096436721851,0.0
2020-06-16 02:30:00,0.6087614290087207,0.7933533402912352,0.0,0.16410328134966168,0.06137379289411443,0.0
2020-06-16 02:45:00,0.6593458151000688,0.7518398074789774,0.0,0.16880047544496057,0.06762414082793372,0.0
2020-06-16 03:00:00,0.7071067811865476,0.7071067811865476,0.0,0.1513641996924615,0.06394296480953338,0.0
2020-06-16 03:15:00,0.7518398074789773,0.659345815100069,0.0,0.16766069041175746,0.06184768457821377,0.0
2020-06-16 03:30:00,0.7933533402912352,0.6087614290087207,0.0,0.17175414658337873,0.05687672577823627,0.0
2020-06-16 03:45:00,0.8314696123025452,0.5555702330196023,0.0,0.17016302935641914,0.052695819298960944,0.0
2020-06-16 04:00:00,0.8660254037844386,0.5000000000000001,0.0,0.16983763169102017,0.049401688080618344,0.0
2020-06-16 04:15:00,0.8968727415326884,0.44228869021900125,0.0,0.16779305177621584,0.049581162781853816,0.0
2020-06-16 04:30:00,0.9238795325112867,0.38268343236508984,0.0,0.1680328245899103,0.05432975963327469,0.0
2020-06-16 04:45:00,0.9469301294951057,0.3214394653031615,0.0,0.16795228949343488,0.058832926129630314,0.0
2020-06-16 05:00:00,0.9659258262890683,0.25881904510252074,0.0,0.17069146713535877,0.06542892455336474,0.0
2020-06-16 05:15:00,0.9807852804032304,0.19509032201612833,0.0,0.17013412044159182,0.06296653414605302,0.0
2020-06-16 05:30:00,0.9914448613738104,0.1305261922200517,0.0,0.17161338745364318,0.058588377819369875,0.0
2020-06-16 05:45:00,0.9978589232386035,0.06540312923014305,0.00028182562552459987,0.16908352734255772,0.05859964225830283,0.0
2020-06-16 06:00:00,1.0,6.123233995736766e-17,0.007170494381727941,0.16935366847244993,0.06190618672539561,0.00621605396918221
2020-06-16 06:15:00,0.9978589232386035,-0.06540312923014292,0.024820316872078883,0.18005339363404893,0.07467765017095801,0.02998160148017855
2020-06-16 06:30:00,0.9914448613738105,-0.13052619222005138,0.04627213935661818,0.1925029869155932,0.09444898043702593,0.05929445685492385
2020-06-16 06:45:00,0.9807852804032305,-0.19509032201612797,0.07370852079893123,0.20340865202465586,0.11401228386647971,0.09687686502897928
2020-06-16 07:00:00,0.9659258262890683,-0.25881904510252085,0.10402115762633724,0.21905981748996717,0.1363533613700187,0.13373883199904785
2020-06-16 07:15:00,0.9469301294951057,-0.3214394653031616,0.12488938473860912,0.23076899560537378,0.15436003951952376,0.16280199164352574
2020-06-16 07:30:00,0.9238795325112867,-0.3826834323650897,0.15846500963957308,0.24282791625293032,0.17748962266689633,0.20715669018617813
2020-06-16 07:45:00,0.8968727415326884,-0.44228869021900113,0.18197214124644975,0.2581339793615045,0.19580424825353998,0.24137240812827904
2020-06-16 08:00:00,0.8660254037844387,-0.4999999999999998,0.2238465383963348,0.27719875187139853,0.22346142104963934,0.29837209255750796
2020-06-16 08:15:00,0.8314696123025451,-0.5555702330196023,0.272437427978887,0.30541907906113175,0.26302476137307645,0.36668973127560966
2020-06-16 08:30:00,0.7933533402912352,-0.6087614290087207,0.3034939691257075,0.3236284658514612,0.29167199699078167,0.4088831062063014
2020-06-16 08:45:00,0.7518398074789774,-0.6593458151000688,0.30484877003056,0.3296340907251476,0.292522343236114,0.4171572366414572
2020-06-16 09:00:00,0.7071067811865476,-0.7071067811865475,0.3223355992354668,0.33605928769475213,0.30044697518857283,0.44462340934306915
2020-06-16 09:15:00,0.6593458151000686,-0.7518398074789776,0.25107694549261594,0.31878929288752467,0.2628213759799654,0.3531383198474274
2020-06-16 09:30:00,0.6087614290087204,-0.7933533402912353,0.33869790239422337,0.34205210345089165,0.30417138260644344,0.4674862506415842
2020-06-16 09:45:00,0.5555702330196022,-0.8314696123025453,0.3859971931200585,0.35886785129486043,0.3384366336063686,0.5231831327565892
2020-06-16 10:00:00,0.49999999999999994,-0.8660254037844387,0.4096715727497254,0.3795497201154221,0.3577840528268906,0.5498979830936463
2020-06-16 10:15:00,0.4422886902190013,-0.8968727415326883,0.4752818813861686,0.40423838995306793,0.4057977142880204,0.6312837707931954
2020-06-16 10:30:00,0.3826834323650899,-0.9238795325112867,0.41310341311069837,0.41478709221764465,0.41019322491564475,0.5598879044269743
2020-06-16 10:45:00,0.32143946530316175,-0.9469301294951056,0.4309782470590386,0.423343052115859,0.41064195871575065,0.5912753407906834
2020-06-16 11:00:00,0.258819045102521,-0.9659258262890682,0.3959116961476363,0.4104566120089468,0.38195968980234235,0.5437848007612608
2020-06-16 11:15:00,0.19509032201612816,-0.9807852804032304,0.44872833903687764,0.41674737264002326,0.3923188878178074,0.6133330367406774
2020-06-16 11:30:00,0.13052619222005157,-0.9914448613738104,0.699384022740248,0.47858924577566864,0.53160900028693,0.8619315291535322
2020-06-16 11:45:00,0.06540312923014312,-0.9978589232386035,0.5596742369923344,0.49632165308524456,0.5628431977396842,0.563992309285677
2020-06-16 12:00:00,1.2246467991473532e-16,-1.0,0.47380916795877825,0.46944774352150365,0.47092979702851395,0.5653146738405849
2020-06-16 12:15:00,-0.06540312923014287,-0.9978589232386035,0.32628774597141397,0.44141162652512866,0.40487722540267995,0.43095131641362827
2020-06-16 12:30:00,-0.13052619222005132,-0.9914448613738105,0.45707122648907184,0.4397094698898083,0.3859386627277119,0.6282333844693403
2020-06-16 12:45:00,-0.19509032201612792,-0.9807852804032305,0.499720244305597,0.4847827759174128,0.46767180091824995,0.6854621116233611
2020-06-16 13:00:00,-0.25881904510252035,-0.9659258262890684,0.5216296602435143,0.4933600355889247,0.4536932021207703,0.7212753887128087
2020-06-16 13:15:00,-0.3214394653031611,-0.9469301294951058,0.5156198119198037,0.5099779908749551,0.48787047552184354,0.7056507731626943
2020-06-16 13:30:00,-0.3826834323650892,-0.923879532511287,0.31010948769243285,0.48129824207971295,0.4103927900315146,0.42483868840433336
2020-06-16 13:45:00,-0.44228869021900147,-0.8968727415326883,0.37113496075471836,0.4531907596757665,0.3670389525598167,0.526249344110614
2020-06-16 14:00:00,-0.5000000000000001,-0.8660254037844386,0.40985214491465666,0.4815817475273434,0.4204879474488034,0.5638047513857362
2020-06-16 14:15:00,-0.5555702330196023,-0.8314696123025452,0.4485056386102258,0.5201687188980089,0.4402537881608967,0.1863323631129526
2020-06-16 14:30:00,-0.6087614290087207,-0.7933533402912352,0.5123424260346905,0.5422989688997846,0.5199687870658156,0.0
2020-06-16 14:45:00,-0.6593458151000688,-0.7518398074789774,0.40683608506353036,0.5242004584868403,0.4590143699145894,0.4471069556032265
2020-06-16 15:00:00,-0.7071067811865475,-0.7071067811865477,0.32210254109780107,0.49823498436768987,0.38995943826588925,0.4390695032464021
2020-06-16 15:15:00,-0.7518398074789773,-0.6593458151000691,0.32991349023418565,0.48672794682807563,0.36299922354352315,0.4589310068738924
2020-06-16 15:30:00,-0.7933533402912349,-0.6087614290087209,0.3726104607667655,0.49299273190452575,0.39008701681102426,0.5320728836874229
2020-06-16 15:45:00,-0.8314696123025448,-0.555570233019603,0.30165919242747014,0.5058595034931901,0.37899706378602477,0.40172861900737394
2020-06-16 16:00:00,-0.8660254037844385,-0.5000000000000004,0.15857984760551105,0.47563389183239857,0.3089574592480074,0.2208695169220892
2020-06-16 16:15:00,-0.8968727415326883,-0.44228869021900136,0.22261998611249234,0.4826846088488388,0.31305936788689853,0.30418914118973894
2020-06-16 16:30:00,-0.9238795325112868,-0.3826834323650895,0.12658426162665837,0.4622381640048656,0.2851993424840827,0.17305863179042205
2020-06-16 16:45:00,-0.9469301294951056,-0.3214394653031618,0.10667670516902389,0.4419307578002236,0.242564981900186,0.14749232101586893
2020-06-16 17:00:00,-0.9659258262890683,-0.25881904510252063,0.07763146027026929,0.4370020314233085,0.23728068815997433,0.10423033633607172
2020-06-16 17:15:00,-0.9807852804032303,-0.19509032201612866,0.030323234958587745,0.41059056895952195,0.1986828255182837,0.04325025448794279
2020-06-16 17:30:00,-0.9914448613738104,-0.13052619222005163,0.06188741347964388,0.4043820419215838,0.1988028716575853,0.08430860818698727
2020-06-16 17:45:00,-0.9978589232386035,-0.06540312923014362,0.05041143234899585,0.39575351578269125,0.19662834714676752,0.06776304740656901
2020-06-16 18:00:00,-1.0,-1.8369701987210297e-16,0.02460489594997788,0.3761967167954905,0.1793743264999888,0.03135964868361498
2020-06-16 18:15:00,-0.9978589232386036,0.06540312923014237,0.015483536313100647,0.3630981524663681,0.1609621180884961,0.019234582093318537
2020-06-16 18:30:00,-0.9914448613738104,0.13052619222005213,0.008745222432946839,0.3517766963574558,0.14942838309822365,0.009723256163929717
2020-06-16 18:45:00,-0.9807852804032304,0.1950903220161283,0.0017018316251482576,0.34129720449184764,0.1421638725952879,0.0
2020-06-16 19:00:00,-0.9659258262890682,0.25881904510252113,0.0,0.2922533614726439,0.12702994541591978,0.0
2020-06-16 19:15:00,-0.9469301294951057,0.3214394653031615,0.0,0.27903167995680134,0.11605531414714215,0.0
2020-06-16 19:30:00,-0.9238795325112866,0.38268343236509,0.0,0.27440180435752115,0.11658720149175777,0.0
2020-06-16 19:45:00,-0.8968727415326884,0.442288690219001,0.0,0.2434731510111734,0.10531434949625812,0.0
2020-06-16 20:00:00,-0.8660254037844386,0.5000000000000001,0.0,0.22544677030409077,0.09674577439331494,0.0
2020-06-16 20:15:00,-0.8314696123025455,0.5555702330196018,0.0,0.21732271784010737,0.0921615110110458,0.0
2020-06-16 20:30:00,-0.7933533402912352,0.6087614290087205,0.0,0.20063354524190347,0.08700253183321666,0.0
2020-06-16 20:45:00,-0.7518398074789777,0.6593458151000684,0.0,0.19764094322649384,0.08529258064832129,0.0
2020-06-16 21:00:00,-0.7071067811865477,0.7071067811865474,0.0,0.19684368003498798,0.0900128161055615,0.0
2020-06-16 21:15:00,-0.6593458151000687,0.7518398074789775,0.0,0.20387285414960044,0.09233725008496801,0.0
2020-06-16 21:30:00,-0.608761429008721,0.7933533402912349,0.0,0.2068848958601135,0.08945618718603726,0.0
2020-06-16 21:45:00,-0.5555702330196022,0.8314696123025452,0.0,0.1966597663475218,0.08441183801464386,0.0
2020-06-16 22:00:00,-0.5000000000000004,0.8660254037844384,0.0,0.18006165420626963,0.0847271454345136,0.0
2020-06-16 22:15:00,-0.4422886902190014,0.8968727415326883,0.0,0.16837837898421548,0.0738658895933238,0.0
2020-06-16 22:30:00,-0.38268343236508956,0.9238795325112868,0.0,0.1674451433583013,0.07639731820077406,0.0
2020-06-16 22:45:00,-0.32143946530316186,0.9469301294951056,0.0,0.14732213249777448,0.06152374950887013,0.0
2020-06-16 23:00:00,-0.2588190451025207,0.9659258262890683,0.0,0.15157814120274948,0.05455997045197497,0.0
2020-06-16 23:15:00,-0.19509032201612872,0.9807852804032303,0.0,0.15329301185946487,0.052216252797767204,0.0
2020-06-16 23:30:00,-0.13052619222005168,0.9914448613738104,0.0,0.1594641017902263,0.054628395456738865,0.0
2020-06-16 23:45:00,-0.06540312923014367,0.9978589232386035,3.3733419801156596e-05,0.16974553834744377,0.06320651892048829,0.0
2020-06-17 00:00:00,0.0,1.0,2.2127571632111387e-05,0.1758298233668527,0.07737708357563139,0.0
2020-06-17 00:15:00,0.06540312923014306,0.9978589232386035,0.0,0.17535546637200272,0.07983920934967131,0.0
2020-06-17 00:30:00,0.13052619222005157,0.9914448613738104,0.0,0.17064689180710024,0.07755997800998643,0.0
2020-06-17 00:45:00,0.19509032201612825,0.9807852804032304,0.0,0.1680439146664967,0.07538786975263884,0.0
2020-06-17 01:00:00,0.25881904510252074,0.9659258262890683,0.0,0.16665903112004288,0.07438632478190604,0.0
2020-06-17 01:15:00,0.3214394653031616,0.9469301294951057,0.0,0.1706919265461877,0.07591109628186493,0.0
2020-06-17 01:30:00,0.3826834323650898,0.9238795325112867,0.0,0.17388504708315988,0.0751750339821678,0.0
2020-06-17 01:45:00,0.4422886902190013,0.8968727415326883,0.0,0.17407024283563466,0.07414300123091427,0.0
2020-06-17 02:00:00,0.49999999999999994,0.8660254037844387,0.0,0.1703495148622589,0.07216995080956529,0.0
2020-06-17 02:15:00,0.5555702330196022,0.8314696123025452,0.0,0.16804385605853112,0.07363060121667836,0.0
2020-06-17 02:30:00,0.6087614290087207,0.7933533402912352,0.0,0.1700278167459306,0.07251304725129709,0.0
2020-06-17 02:45:00,0.6593458151000688,0.7518398074789774,0.0,0.17580305874734403,0.07221165231342613,0.0
2020-06-17 03:00:00,0.7071067811865476,0.7071067811865476,0.0,0.16984817034857236,0.0684984159345105,0.0
2020-06-17 03:15:00,0.7518398074789773,0.659345815100069,0.0,0.11082277693426734,0.05049265483001447,0.0
2020-06-17 03:30:00,0.7933533402912352,0.6087614290087207,0.0,0.09102902247500877,0.04274885919084065,0.0
2020-06-17 03:45:00,0.8314696123025452,0.5555702330196023,0.0,0.09895221220591299,0.0440086165812788,0.0
2020-06-17 04:00:00,0.8660254037844386,0.5000000000000001,0.0,0.10225000625482461,0.04554804701943188,0.0
2020-06-17 04:15:00,0.8968727415326884,0.44228869021900125,0.0,0.10997873418781268,0.04223856290700578,0.0
2020-06-17 04:30:00,0.9238795325112867,0.38268343236508984,7.453680837852424e-05,0.11124915952789616,0.03911514149104073,0.0
2020-06-17 04:45:00,0.9469301294951057,0.3214394653031615,0.0,0.09951170124139908,0.03663317213808348,0.0
2020-06-17 05:00:00,0.9659258262890683,0.25881904510252074,0.0,0.09712242783919556,0.03579301561224285,0.0
2020-06-17 05:15:00,0.9807852804032304,0.19509032201612833,0.0,0.09631897936463374,0.036824842129998814,0.0
2020-06-17 05:30:00,0.9914448613738104,0.1305261922200517,0.0,0.0922936281071014,0.037642641060842585,0.0
2020-06-17 05:45:00,0.9978589232386035,0.06540312923014305,0.00017702690688926136,0.08822734863830961,0.03543721865733784,0.0
2020-06-17 06:00:00,1.0,6.123233995736766e-17,0.0035469706276394083,0.089627834570567,0.03667558584156605,0.0012712237794449271
2020-06-17 06:15:00,0.9978589232386035,-0.06540312923014292,0.015824156079760662,0.09226619277298975,0.04099258255868282,0.020446654234570646
2020-06-17 06:30:00,0.9914448613738105,-0.13052619222005138,0.03327337216212365,0.09897104275628732,0.04944189047516856,0.04503002499961376
2020-06-17 06:45:00,0.9807852804032305,-0.19509032201612797,0.03479987257341922,0.10972712716542365,0.05324728313524185,0.048593142300960096
2020-06-17 07:00:00,0.9659258262890683,-0.25881904510252085,0.03749022375892649,0.1154481864805097,0.05389693335159235,0.05278273410172766
2020-06-17 07:15:00,0.9469301294951057,-0.3214394653031616,0.04401228889597534,0.12255392257566666,0.06383444184296821,0.06260671613565137
2020-06-17 07:30:00,0.9238795325112867,-0.3826834323650897,0.057752799840958616,0.13237513688985403,0.07942850153623743,0.08273619027401155
2020-06-17 07:45:00,0.8968727415326884,-0.44228869021900113,0.07429997446085956,0.1434625237484597,0.08760642034851102,0.10717996102715281
2020-06-17 08:00:00,0.8660254037844387,-0.4999999999999998,0.10426316806773922,0.15044428660247888,0.0928250113683799,0.15131664966265684
2020-06-17 08:15:00,0.8314696123025451,-0.5555702330196023,0.10658730944061537,0.1636744733945552,0.11541916064903407,0.15049085130866025
2020-06-17 08:30:00,0.7933533402912352,-0.6087614290087207,0.12036264813173786,0.16267811881696415,0.10611168337147209,0.17442843567305835
2020-06-17 08:45:00,0.7518398074789774,-0.6593458151000688,0.15489456431697482,0.17337276077734298,0.11246233968428226,0.22453325280508937
2020-06-17 09:00:00,0.7071067811865476,-0.7071067811865475,0.10768430204547896,0.16663292076709468,0.09995468405579327,0.15570483218100886
2020-06-17 09:15:00,0.6593458151000686,-0.7518398074789776,0.10977494137101809,0.16985677626665718,0.10103522119053127,0.1610453775319333
2020-06-17 09:30:00,0.6087614290087204,-0.7933533402912353,0.20098597541924845,0.1830695259285009,0.12070040947063548,0.29239539887516036
2020-06-17 09:45:00,0.5555702330196022,-0.8314696123025453,0.3408394621170406,0.2185356130967433,0.1753309968252998,0.4794843414813344
2020-06-17 10:00:00,0.49999999999999994,-0.8660254037844387,0.32429262455340313,0.2577709350267796,0.23980983027745878,0.4608530953687485
2020-06-17 10:15:00,0.4422886902190013,-0.8968727415326883,0.2721807775033215,0.28023624103465195,0.2650064623229274,0.3851616005589293
2020-06-17 10:30:00,0.3826834323650899,-0.9238795325112867,0.26212646449464133,0.2865711939625706,0.25921496808181027,0.374016326853499
2020-06-17 10:45:00,0.32143946530316175,-0.9469301294951056,0.28176980335902996,0.28165638143184957,0.23283588274411343,0.4110133161996238
2020-06-17 11:00:00,0.258819045102521,-0.9659258262890682,0.28630705120336924,0.28745481113929316,0.2355167418230239,0.4201332006200407
2020-06-17 11:15:00,0.19509032201612816,-0.9807852804032304,0.19183174033285974,0.2944231981430383,0.24540185300098522,0.28060072672830066
2020-06-17 11:30:00,0.13052619222005157,-0.9914448613738104,0.3657761615937565,0.31646074042590455,0.28950880483713975,0.5161433546746531
2020-06-17 11:45:00,0.06540312923014312,-0.9978589232386035,0.4509503531601069,0.36856509967815,0.4036630554806953,0.6230824891409894
2020-06-17 12:00:00,1.2246467991473532e-16,-1.0,0.3097761796252691,0.365070228907735,0.3631087930211501,0.4321359048584166
2020-06-17 12:15:00,-0.06540312923014287,-0.9978589232386035,0.4735498302262809,0.3801537778621378,0.36779296622130336,0.6571601448707303
2020-06-17 12:30:00,-0.13052619222005132,-0.9914448613738105,0.42856838113137957,0.39813651617894874,0.37171995125136853,0.5966783458369548
2020-06-17 12:45:00,-0.19509032201612792,-0.9807852804032305,0.46748762886893264,0.4162407363941931,0.39770626105090706,0.6334415360085419
2020-06-17 13:00:00,-0.25881904510252035,-0.9659258262890684,0.4650362106548235,0.4270044898762304,0.42530824898546266,0.6261810479295639
2020-06-17 13:15:00,-0.3214394653031611,-0.9469301294951058,0.4109897631918019,0.41269994993764314,0.36706368015447316,0.5689360308292329
2020-06-17 13:30:00,-0.3826834323650892,-0.923879532511287,0.3892033451571654,0.3839785728495355,0.2703469151300822,0.5510984144499941
2020-06-17 13:45:00,-0.44228869021900147,-0.8968727415326883,0.5269013527663865,0.42703576548155087,0.4355148966033376,0.06691289459936244
2020-06-17 14:00:00,-0.5000000000000001,-0.8660254037844386,0.4375236812281063,0.44419862265847954,0.47575454245086685,0.2806210578687557
2020-06-17 14:15:00,-0.5555702330196023,-0.8314696123025452,0.3576871221525888,0.42035006404410713,0.3820144125719553,0.4974430863965823
2020-06-17 14:30:00,-0.6087614290087207,-0.7933533402912352,0.2818553410688954,0.351259562353611,0.20875499107341983,0.40871646953268626
2020-06-17 14:45:00,-0.6593458151000688,-0.7518398074789774,0.29793815096975557,0.32347682586927595,0.1721280889542029,0.43073659668224396
2020-06-17 15:00:00,-0.7071067811865475,-0.7071067811865477,0.3307789523136682,0.34459689914037517,0.19586438861849248,0.4666286234133485
2020-06-17 15:15:00,-0.7518398074789773,-0.6593458151000691,0.34975667564371493,0.38313226241593656,0.29033867457493384,0.4832059594238358
2020-06-17 15:30:00,-0.7933533402912349,-0.6087614290087209,0.21571319060942096,0.3705080272271255,0.261390237958166,0.30369380880473923
2020-06-17 15:45:00,-0.8314696123025448,-0.555570233019603,0.19443576844578475,0.36398521547638696,0.24447184304382136,0.2717359739807178
2020-06-17 16:00:00,-0.8660254037844385,-0.5000000000000004,0.17893711279177443,0.3668023741048416,0.25531129740161446,0.2471545522871871
2020-06-17 16:15:00,-0.8968727415326883,-0.44228869021900136,0.17448841587026948,0.36766816053267104,0.25004039267717565,0.2445532391923448
2020-06-17 16:30:00,-0.9238795325112868,-0.3826834323650895,0.1654272210060383,0.3663589953901689,0.24734289090204126,0.23139500376796648
2020-06-17 16:45:00,-0.9469301294951056,-0.3214394653031618,0.10865853807420368,0.3572745440835765,0.22489164993369998,0.1541504923533454
2020-06-17 17:00:00,-0.9659258262890683,-0.25881904510252063,0.029081013976721786,0.30462597527066126,0.1519911068705075,0.04453839406234854
2020-06-17 17:15:00,-0.9807852804032303,-0.19509032201612866,0.07816518952929012,0.2652003512588399,0.10866285236672729,0.11123358273819299
2020-06-17 17:30:00,-0.9914448613738104,-0.13052619222005163,0.08144921348733636,0.2851361544579738,0.14860026864590553,0.11279807919538894
2020-06-17 17:45:00,-0.9978589232386035,-0.06540312923014362,0.059593746951105656,0.28231854702312287,0.15032152038989083,0.08011638782188647
2020-06-17 18:00:00,-1.0,-1.8369701987210297e-16,0.03778249966333336,0.2601103747688207,0.13532971855438786,0.0498175526013274
2020-06-17 18:15:00,-0.9978589232386036,0.06540312923014237,0.020158924133504594,0.23537468180656163,0.11626073907056217,0.026353986005022804
2020-06-17 18:30:00,-0.9914448613738104,0.13052619222005213,0.01218929902611591,0.1995743466029012,0.09750531446805549,0.015948876676773704
2020-06-17 18:45:00,-0.9807852804032304,0.1950903220161283,0.00239814926388362,0.1657709654096533,0.06510240536838191,0.0028455728825430137
2020-06-17 19:00:00,-0.9659258262890682,0.25881904510252113,0.0,0.14285491423297336,0.05034778028456177,0.0
2020-06-17 19:15:00,-0.9469301294951057,0.3214394653031615,0.0,0.13872220168958305,0.047440011585384745,0.0
2020-06-17 19:30:00,-0.9238795325112866,0.38268343236509,0.0,0.1400793533960334,0.046860823472662294,0.0
2020-06-17 19:45:00,-0.8968727415326884,0.442288690219001,0.0,0.14585907915891272,0.04644392146587478,0.0
2020-06-17 20:00:00,-0.8660254037844386,0.5000000000000001,0.0,0.14927930619380803,0.045343083394736305,0.0
2020-06-17 20:15:00,-0.8314696123025455,0.5555702330196018,0.0,0.1457748406061683,0.04271694852312469,0.0
2020-06-17 20:30:00,-0.7933533402912352,0.6087614290087205,0.0,0.15050848299543818,0.04555734812538331,0.0
2020-06-17 20:45:00,-0.7518398074789777,0.6593458151000684,0.0,0.15395755056920146,0.05521083531422033,0.0
2020-06-17 21:00:00,-0.7071067811865477,0.7071067811865474,0.0,0.15406641744958893,0.06301685816833785,0.0
2020-06-17 21:15:00,-0.6593458151000687,0.7518398074789775,0.0,0.15731050133102142,0.0691498804850979,0.0
2020-06-17 21:30:00,-0.608761429008721,0.7933533402912349,0.0,0.16211558090686595,0.07471341185263752,0.0
2020-06-17 21:45:00,-0.5555702330196022,0.8314696123025452,0.0,0.16122748009471644,0.07384940893416386,0.0
2020-06-17 22:00:00,-0.5000000000000004,0.8660254037844384,0.0,0.1549019177384121,0.06741919405886082,0.0
2020-06-17 22:15:00,-0.4422886902190014,0.8968727415326883,0.0,0.1487984312369226,0.061634102376335265,0.0
2020-06-17 22:30:00,-0.38268343236508956,0.9238795325112868,0.0,0.1472496178068987,0.059608320206193166,0.0
2020-06-17 22:45:00,-0.32143946530316186,0.9469301294951056,0.0,0.1408675143293059,0.05587732893263975,0.0
2020-06-17 23:00:00,-0.2588190451025207,0.9659258262890683,0.0,0.13925447860538287,0.05346178652167177,0.0
2020-06-17 23:15:00,-0.19509032201612872,0.9807852804032303,0.0,0.13226187605052875,0.04802851827937332,0.0
2020-06-17 23:30:00,-0.13052619222005168,0.9914448613738104,0.0,0.128769718072701,0.04547655307904913,0.0
2020-06-17 23:45:00,-0.06540312923014367,0.9978589232386035,0.0,0.1239352249233292,0.04897010904062987,0.0
