DATE_TIME,TIME_SIN,TIME_COS,IRRADIATION,AMBIENT_TEMPERATURE,MODULE_TEMPERATURE,DC_POWER
2020-05-15 00:00:00,0.0,1.0,0.0,0.3221904741058441,0.09950558508106461,0.0
2020-05-15 00:15:00,0.06540312923014306,0.9978589232386035,0.0,0.315476619760918,0.09748387997694319,0.0
2020-05-15 00:30:00,0.13052619222005157,0.9914448613738104,0.0,0.3054566753436825,0.09391123430727982,0.0
2020-05-15 00:45:00,0.19509032201612825,0.9807852804032304,0.0,0.2994231279471251,0.08902879692605054,0.0
2020-05-15 01:00:00,0.25881904510252074,0.9659258262890683,0.0,0.2843022631213985,0.08490627269570644,0.0
2020-05-15 01:15:00,0.3214394653031616,0.9469301294951057,0.0,0.27855073054510715,0.0807537457912248,0.0
2020-05-15 01:30:00,0.3826834323650898,0.9238795325112867,0.0,0.2854567353949222,0.08886159058060744,0.0
2020-05-15 01:45:00,0.4422886902190013,0.8968727415326883,0.0,0.30123354717753537,0.10590596249710621,0.0
2020-05-15 02:00:00,0.49999999999999994,0.8660254037844387,0.0,0.30553597170507607,0.10306226769676424,0.0
2020-05-15 02:15:00,0.5555702330196022,0.8314696123025452,0.0,0.31060647314042833,0.10975173656855097,0.0
2020-05-15 02:30:00,0.6087614290087207,0.7933533402912352,0.0,0.31012860350135796,0.11600061615053825,0.0
2020-05-15 02:45:00,0.6593458151000688,0.7518398074789774,0.0,0.30931200088268995,0.1244390512732465,0.0
2020-05-15 03:00:00,0.7071067811865476,0.7071067811865476,0.0,0.3108799236382118,0.1317093308520083,0.0
2020-05-15 03:15:00,0.7518398074789773,0.659345815100069,0.0,0.30878660189863605,0.1310210567701201,0.0
2020-05-15 03:30:00,0.7933533402912352,0.6087614290087207,0.0,0.3055899280587482,0.124878047210906,0.0
2020-05-15 03:45:00,0.8314696123025452,0.5555702330196023,0.0,0.3016426765476956,0.11748430825537293,0.0
2020-05-15 04:00:00,0.8660254037844386,0.5000000000000001,0.0,0.2881649879913899,0.09386136646360488,0.0
2020-05-15 04:15:00,0.8968727415326884,0.44228869021900125,0.0,0.26615261338756957,0.07685274019996924,0.0
2020-05-15 04:30:00,0.9238795325112867,0.38268343236508984,0.0,0.24667577449796974,0.07830579297287638,0.0
2020-05-15 04:45:00,0.9469301294951057,0.3214394653031615,0.0,0.24335020143353825,0.08787835308529585,0.0
2020-05-15 05:00:00,0.9659258262890683,0.25881904510252074,0.0,0.25438304152252855,0.09305907076859188,0.0
2020-05-15 05:15:00,0.9807852804032304,0.19509032201612833,0.0,0.2629855971408499,0.10207881372976818,0.0
2020-05-15 05:30:00,0.9914448613738104,0.1305261922200517,0.0,0.2645905046897885,0.11205424713476447,0.0
2020-05-15 05:45:00,0.9978589232386035,0.06540312923014305,0.0007061923932643122,0.26193019883481794,0.10455110831191161,0.0
2020-05-15 06:00:00,1.0,6.123233995736766e-17,0.004818850151726478,0.24841428932460508,0.08577819964717226,0.0031516551421973127
2020-05-15 06:15:00,0.9978589232386035,-0.06540312923014292,0.01823891768138606,0.24324323123445102,0.08887283404959168,0.02054641963615286
2020-05-15 06:30:00,0.9914448613738105,-0.13052619222005138,0.04044501221971161,0.24089342350456433,0.10026023912519844,0.05108472562453035
2020-05-15 06:45:00,0.9807852804032305,-0.19509032201612797,0.07808644816466176,0.2572027704051818,0.13293932758483673,0.09576102672671394
2020-05-15 07:00:00,0.9659258262890683,-0.25881904510252085,0.1161873112381603,0.2786386665655278,0.1908064655945989,0.1383094284611773
2020-05-15 07:15:00,0.9469301294951057,-0.3214394653031616,0.12664219854161088,0.297391962062481,0.22672702838258263,0.14907519377035797
2020-05-15 07:30:00,0.9238795325112867,-0.3826834323650897,0.12180160308302125,0.30902725118557295,0.24185542056844067,0.1459142796632445
2020-05-15 07:45:00,0.8968727415326884,-0.44228869021900113,0.11852265383825089,0.32433563636422846,0.24062068797758718,0.1485121486116463
2020-05-15 08:00:00,0.8660254037844387,-0.4999999999999998,0.1650540797556305,0.3380244063769948,0.27997143295402105,0.21688393596016106
2020-05-15 08:15:00,0.8314696123025451,-0.5555702330196023,0.28298377665994817,0.37434928500582987,0.36680067405067696,0.3409978999472799
2020-05-15 08:30:00,0.7933533402912352,-0.6087614290087207,0.3318036753046122,0.40610507659228245,0.4678304741332341,0.3750933165129451
2020-05-15 08:45:00,0.7518398074789774,-0.6593458151000688,0.2557412704657256,0.4331044194710374,0.44175522698571845,0.3094472117845272
2020-05-15 09:00:00,0.7071067811865476,-0.7071067811865475,0.5100902113535597,0.48623091706336186,0.5667893284834004,0.5539577155316449
2020-05-15 09:15:00,0.6593458151000686,-0.7518398074789776,0.28230959307704373,0.5109645063168387,0.6007195844057227,0.3305905863398321
2020-05-15 09:30:00,0.6087614290087204,-0.7933533402912353,0.20402572196005409,0.47921313971048063,0.4429021930154917,0.2559805205529767
2020-05-15 09:45:00,0.5555702330196022,-0.8314696123025453,0.443011631186118,0.4747281333809319,0.48075135759122123,0.539811437124731
2020-05-15 10:00:00,0.49999999999999994,-0.8660254037844387,0.5489905932119438,0.5543084276319197,0.7258117012189443,0.6122552016912107
2020-05-15 10:15:00,0.4422886902190013,-0.8968727415326883,0.46845054769750344,0.5635127523319576,0.6221524524305883,0.5309350679574885
2020-05-15 10:30:00,0.3826834323650899,-0.9238795325112867,0.3725679984647235,0.6027298387284445,0.6562411582931463,0.43187459694454156
2020-05-15 10:45:00,0.32143946530316175,-0.9469301294951056,0.2962887135051029,0.5692886538760007,0.5465192946161734,0.37841700937311723
2020-05-15 11:00:00,0.258819045102521,-0.9659258262890682,0.5210657054791992,0.606727200261852,0.6232433726855736,0.6481885026571202
2020-05-15 11:15:00,0.19509032201612816,-0.9807852804032304,0.4795042181369233,0.6609377811105006,0.6722154340284673,0.5362360793877975
2020-05-15 11:30:00,0.13052619222005157,-0.9914448613738104,0.45599684136959534,0.6657183522591306,0.6687216268440931,0.5198712512869238
2020-05-15 11:45:00,0.06540312923014312,-0.9978589232386035,0.3830771185835448,0.7009935100721523,0.6264271898058297,0.5608799035852067
2020-05-15 12:00:00,1.2246467991473532e-16,-1.0,0.4215297411220437,0.7342725161822943,0.6548459612193026,0.5212512565379167
2020-05-15 12:15:00,-0.06540312923014287,-0.9978589232386035,0.6449186245790035,0.7478663576609954,0.6687876335308026,0.7010468694054741
2020-05-15 12:30:00,-0.13052619222005132,-0.9914448613738105,0.5314506183613894,0.7909785030517449,0.7217091963502654,0.6619588070474571
2020-05-15 12:45:00,-0.19509032201612792,-0.9807852804032305,0.6231262319760636,0.8073872800853901,0.6853838220696326,0.7005445551006988
2020-05-15 13:00:00,-0.25881904510252035,-0.9659258262890684,0.3405512810902241,0.8229639572923142,0.6638572784596274,0.4343457513563048
2020-05-15 13:15:00,-0.3214394653031611,-0.9469301294951058,0.4004773924215189,0.8144994518843218,0.6090193915638459,0.5009087533660382
2020-05-15 13:30:00,-0.3826834323650892,-0.923879532511287,0.47031502925135066,0.8163546402569628,0.601819808121504,0.5873244289576831
2020-05-15 13:45:00,-0.44228869021900147,-0.8968727415326883,0.4592025342823121,0.8267120968811954,0.6196874565102236,0.5719269943675129
2020-05-15 14:00:00,-0.5000000000000001,-0.8660254037844386,0.6017127263704813,0.8997372686422171,0.667931435281356,0.7440970159248724
2020-05-15 14:15:00,-0.5555702330196023,-0.8314696123025452,0.7315189624373996,0.9244838013551828,0.7781872266196052,0.8691215970002709
2020-05-15 14:30:00,-0.6087614290087207,-0.7933533402912352,0.3820964420212311,0.9211590585956435,0.7673977940859508,0.47803234978340736
2020-05-15 14:45:00,-0.6593458151000688,-0.7518398074789774,0.44377495699248154,0.8951955108129079,0.6218245701530148,0.5376219984378634
2020-05-15 15:00:00,-0.7071067811865475,-0.7071067811865477,0.32651572902846177,0.9083134654462708,0.5883027170438376,0.43020448115836146
2020-05-15 15:15:00,-0.7518398074789773,-0.6593458151000691,0.36613716902006394,0.9186250398709042,0.5515349013597531,0.4792139023702143
2020-05-15 15:30:00,-0.7933533402912349,-0.6087614290087209,0.46264932097921146,0.9428009376915905,0.6033896382774648,0.5584651034779353
2020-05-15 15:45:00,-0.8314696123025448,-0.555570233019603,0.28341191827936874,0.9446920356288409,0.5438252961634856,0.3597643585221831
2020-05-15 16:00:00,-0.8660254037844385,-0.5000000000000004,0.29319512836436745,0.9413399152484903,0.5314266300020168,0.36502805529194
2020-05-15 16:15:00,-0.8968727415326883,-0.44228869021900136,0.26922246320074034,0.9241799770861874,0.482372589877869,0.3328218198335031
2020-05-15 16:30:00,-0.9238795325112868,-0.3826834323650895,0.2823670237483972,0.9396878059883906,0.48813478827562806,0.3481647758104684
2020-05-15 16:45:00,-0.9469301294951056,-0.3214394653031618,0.21311043625920764,0.9063625047702695,0.4488667147898391,0.2601785393046691
2020-05-15 17:00:00,-0.9659258262890683,-0.25881904510252063,0.13654687453199338,0.8782028515166724,0.3941814287794204,0.16697042074641383
2020-05-15 17:15:00,-0.9807852804032303,-0.19509032201612866,0.14234713253847545,0.8685718417875659,0.37362473406682106,0.1663177526986573
2020-05-15 17:30:00,-0.9914448613738104,-0.13052619222005163,0.0713475694714703,0.8505206184475285,0.34169144691369835,0.08780701064824246
2020-05-15 17:45:00,-0.9978589232386035,-0.06540312923014362,0.0314353338103523,0.8020318628919412,0.28284019668220706,0.03810575492470754
2020-05-15 18:00:00,-1.0,-1.8369701987210297e-16,0.01845446924185994,0.7226284040278201,0.2549275290358439,0.02176038062418282
2020-05-15 18:15:00,-0.9978589232386036,0.06540312923014237,0.007489813783661888,0.5954367322728864,0.2223821457436448,0.007356774426781444
2020-05-15 18:30:00,-0.9914448613738104,0.13052619222005213,0.0015069960799579027,0.5451072670667474,0.19292309398446117,0.0
2020-05-15 18:45:00,-0.9807852804032304,0.1950903220161283,0.0,0.5039429361696737,0.16499276164592647,0.0
2020-05-15 19:00:00,-0.9659258262890682,0.25881904510252113,0.0,0.4751231610323068,0.15282885827306136,0.0
2020-05-15 19:15:00,-0.9469301294951057,0.3214394653031615,0.0,0.4509931319468159,0.148937591396342,0.0
2020-05-15 19:30:00,-0.9238795325112866,0.38268343236509,0.00010263379074988722,0.44568497481027713,0.16042198984979028,0.0
2020-05-15 19:45:00,-0.8968727415326884,0.442288690219001,8.203638726815222e-05,0.22813631841616377,0.09220467541185806,0.0
2020-05-15 20:00:00,-0.8660254037844386,0.5000000000000001,0.0,0.15246247693017878,0.045360124907284194,0.0
2020-05-15 20:15:00,-0.8314696123025455,0.5555702330196018,0.0,0.202881109508513,0.054765633770446465,0.0
2020-05-15 20:30:00,-0.7933533402912352,0.6087614290087205,0.0,0.12807904937037318,0.04714665979396104,0.0
2020-05-15 20:45:00,-0.7518398074789777,0.6593458151000684,0.0,0.1103392217823318,0.04582588337492344,0.0
2020-05-15 21:00:00,-0.7071067811865477,0.7071067811865474,0.0,0.11916086120103242,0.05296563946798116,0.0
2020-05-15 21:15:00,-0.6593458151000687,0.7518398074789775,0.0,0.1158514678616871,0.05256101802843083,0.0
2020-05-15 21:30:00,-0.608761429008721,0.7933533402912349,0.0,0.12271090382731464,0.055231889670931456,0.0
2020-05-15 21:45:00,-0.5555702330196022,0.8314696123025452,0.0,0.12375965520606402,0.05851669128409798,0.0
2020-05-15 22:00:00,-0.5000000000000004,0.8660254037844384,0.0,0.12275184202611666,0.058121951902514624,0.0
2020-05-15 22:15:00,-0.4422886902190014,0.8968727415326883,0.0,0.11786790593277496,0.05467258931829694,0.0
2020-05-15 22:30:00,-0.38268343236508956,0.9238795325112868,0.0,0.11486543367526991,0.05673282738679214,0.0
2020-05-15 22:45:00,-0.32143946530316186,0.9469301294951056,0.0,0.11165862113941305,0.06184667772008656,0.0
2020-05-15 23:00:00,-0.2588190451025207,0.9659258262890683,0.0,0.12370511366869352,0.06541254225872317,0.0
2020-05-15 23:15:00,-0.19509032201612872,0.9807852804032303,0.0,0.12059787540403155,0.06335726471441289,0.0
2020-05-15 23:30:00,-0.13052619222005168,0.9914448613738104,0.0,0.11749063713936936,0.06130198717010249,0.0
2020-05-15 23:45:00,-0.06540312923014367,0.9978589232386035,0.0,0.11438339887470739,0.059246709625792204,0.0
2020-05-16 00:00:00,0.0,1.0,0.0,0.11127616061004564,0.05719143208148186,0.0
2020-05-16 00:15:00,0.06540312923014306,0.9978589232386035,0.0,0.10816892234538344,0.05513615453717158,0.0
2020-05-16 00:30:00,0.13052619222005157,0.9914448613738104,0.0,0.10506168408072147,0.05308087699286129,0.0
2020-05-16 00:45:00,0.19509032201612825,0.9807852804032304,0.0,0.1019544458160595,0.051025599448550896,0.0
2020-05-16 01:00:00,0.25881904510252074,0.9659258262890683,0.0,0.09884720755139753,0.04897032190424061,0.0
2020-05-16 01:15:00,0.3214394653031616,0.9469301294951057,0.0,0.09573996928673556,0.04691504435993027,0.0
2020-05-16 01:30:00,0.3826834323650898,0.9238795325112867,0.0,0.09263273102207359,0.04485976681561993,0.0
2020-05-16 01:45:00,0.4422886902190013,0.8968727415326883,0.0,0.0895254927574114,0.04280448927130959,0.0
2020-05-16 02:00:00,0.49999999999999994,0.8660254037844387,0.0,0.08641825449274965,0.0407492117269993,0.0
2020-05-16 02:15:00,0.5555702330196022,0.8314696123025452,0.0,0.08683911135851319,0.03752298584493102,0.0
2020-05-16 02:30:00,0.6087614290087207,0.7933533402912352,0.0,0.07485559909529838,0.030635319717631615,0.0
2020-05-16 02:45:00,0.6593458151000688,0.7518398074789774,0.0,0.07390490896853574,0.03131410179238858,0.0
2020-05-16 03:00:00,0.7071067811865476,0.7071067811865476,0.0,0.08397800636335795,0.040602855371694835,0.0
2020-05-16 03:15:00,0.7518398074789773,0.659345815100069,0.0,0.08589005940086536,0.0415933395956713,0.0
2020-05-16 03:30:00,0.7933533402912352,0.6087614290087207,0.0,0.08973459995252697,0.04665023989519668,0.0
2020-05-16 03:45:00,0.8314696123025452,0.5555702330196023,0.0,0.09301619827454632,0.04989903428136239,0.0
2020-05-16 04:00:00,0.8660254037844386,0.5000000000000001,0.0,0.09829354597024009,0.056396543496582574,0.0
2020-05-16 04:15:00,0.8968727415326884,0.44228869021900125,0.0,0.10107767336666296,0.054260282380560354,0.0
2020-05-16 04:30:00,0.9238795325112867,0.38268343236508984,0.0,0.10290464483732853,0.05454289636061549,0.0
2020-05-16 04:45:00,0.9469301294951057,0.3214394653031615,0.0,0.10974697652215104,0.05602722693135598,0.0
2020-05-16 05:00:00,0.9659258262890683,0.25881904510252074,0.0,0.10329049874166407,0.053619401835834024,0.0
2020-05-16 05:15:00,0.9807852804032304,0.19509032201612833,0.0,0.0988116770615377,0.04919184047378633,0.0
2020-05-16 05:30:00,0.9914448613738104,0.1305261922200517,0.0,0.09950734240636949,0.05526338825983812,0.0
2020-05-16 05:45:00,0.9978589232386035,0.06540312923014305,0.00012046759852371904,0.10512228149257696,0.05069094435805782,0.0
2020-05-16 06:00:00,1.0,6.123233995736766e-17,0.005079973803915285,0.10264807838117695,0.04464476936381567,0.0037835751300012523
2020-05-16 06:15:00,0.9978589232386035,-0.06540312923014292,0.019345721885619324,0.09841775797939967,0.048306240447472504,0.025006337916919735
2020-05-16 06:30:00,0.9914448613738105,-0.13052619222005138,0.04053116136846776,0.10686217866465686,0.06444896771756486,0.05195538775605658
2020-05-16 06:45:00,0.9807852804032305,-0.19509032201612797,0.06488726201573505,0.11721880049586142,0.085412285554754,0.08308537203488472
2020-05-16 07:00:00,0.9659258262890683,-0.25881904510252085,0.08925453567712308,0.13829350056314182,0.10485788133557905,0.1142477328648304
2020-05-16 07:15:00,0.9469301294951057,-0.3214394653031616,0.1130563114552816,0.15174025689606485,0.12870472355767193,0.14500694005291123
2020-05-16 07:30:00,0.9238795325112867,-0.3826834323650897,0.14252630578978312,0.1734641790917566,0.1588023354458442,0.18212479233326556
2020-05-16 07:45:00,0.8968727415326884,-0.44228869021900113,0.19943718529880364,0.20129614755013714,0.2066659419254938,0.25205101204935926
2020-05-16 08:00:00,0.8660254037844387,-0.4999999999999998,0.24397539294569442,0.23508973591946436,0.2668663872399535,0.3088891644751054
2020-05-16 08:15:00,0.8314696123025451,-0.5555702330196023,0.27720697370315167,0.2712639388948732,0.31365259787213706,0.3520307856802315
2020-05-16 08:30:00,0.7933533402912352,-0.6087614290087207,0.34997610312074884,0.3210178816301994,0.38952973685404113,0.43674502028879025
2020-05-16 08:45:00,0.7518398074789774,-0.6593458151000688,0.3847916954539644,0.360756534143827,0.43774843856306933,0.47664438779320745
2020-05-16 09:00:00,0.7071067811865476,-0.7071067811865475,0.37750998365453564,0.37706506420395414,0.43382249342472623,0.4715238765725719
2020-05-16 09:15:00,0.6593458151000686,-0.7518398074789776,0.3434611187670778,0.39709909153469214,0.44727846475185773,0.42686187212475685
2020-05-16 09:30:00,0.6087614290087204,-0.7933533402912353,0.3442010791759836,0.4170709312729757,0.45858875889671513,0.4341351843654157
2020-05-16 09:45:00,0.5555702330196022,-0.8314696123025453,0.4425104256517118,0.446510903772559,0.4996329685922464,0.5390694647692685
2020-05-16 10:00:00,0.49999999999999994,-0.8660254037844387,0.40228566210655853,0.4855835979040035,0.5892218280923435,0.5406481496848576
2020-05-16 10:15:00,0.4422886902190013,-0.8968727415326883,0.38450302514252516,0.5071171347140129,0.5553842404335587,0.5251528686550663
2020-05-16 10:30:00,0.3826834323650899,-0.9238795325112867,0.5356983200947643,0.530799278105099,0.6501857535690675,0.6920272350303949
2020-05-16 10:45:00,0.32143946530316175,-0.9469301294951056,0.4874722502090706,0.5644157829578336,0.6753190834971553,0.6124867357806053
2020-05-16 11:00:00,0.258819045102521,-0.9659258262890682,0.47089021167225387,0.589538412370602,0.6542655478960792,0.593248439904623
2020-05-16 11:15:00,0.19509032201612816,-0.9807852804032304,0.44396844825026155,0.6036005278566863,0.6324913108552078,0.5598099843702758
2020-05-16 11:30:00,0.13052619222005157,-0.9914448613738104,0.4039043977051901,0.6254716877947315,0.5986216930213653,0.5273166609788226
2020-05-16 11:45:00,0.06540312923014312,-0.9978589232386035,0.5097911583396724,0.6361181398913749,0.6097097968119805,0.6522060013053677
2020-05-16 12:00:00,1.2246467991473532e-16,-1.0,0.5418927690457057,0.6524417276429488,0.6740049125282516,0.6637429216742959
2020-05-16 12:15:00,-0.06540312923014287,-0.9978589232386035,0.4423724566422122,0.6717656141125763,0.6441234956829406,0.55174810621969
2020-05-16 12:30:00,-0.13052619222005132,-0.9914448613738105,0.6279361931904907,0.70607088732965,0.6815515612556574,0.7649670416400302
2020-05-16 12:45:00,-0.19509032201612792,-0.9807852804032305,0.6648708005882111,0.7285952324189229,0.7613564609254307,0.8209206335262915
2020-05-16 13:00:00,-0.25881904510252035,-0.9659258262890684,0.5207413124580496,0.7348516246726196,0.7322258956559703,0.64021855719057
2020-05-16 13:15:00,-0.3214394653031611,-0.9469301294951058,0.6002066797241419,0.7583483151379042,0.7153856007878326,0.7820462643246893
2020-05-16 13:30:00,-0.3826834323650892,-0.923879532511287,0.4779305497386742,0.7552690149930121,0.6667494506623176,0.6208543989920624
2020-05-16 13:45:00,-0.44228869021900147,-0.8968727415326883,0.41124030988927074,0.7383611259794278,0.6151066534865369,0.5197063220830666
2020-05-16 14:00:00,-0.5000000000000001,-0.8660254037844386,0.3566359328877425,0.7422335917043184,0.5998165088362778,0.4626515096762272
2020-05-16 14:15:00,-0.5555702330196023,-0.8314696123025452,0.48784532103764605,0.7803472522668538,0.6262691258983933,0.6283731636596392
2020-05-16 14:30:00,-0.6087614290087207,-0.7933533402912352,0.43752316823077037,0.7974131066261332,0.6373775062049726,0.5482684046405489
2020-05-16 14:45:00,-0.6593458151000688,-0.7518398074789774,0.4215312309081926,0.8046120779857,0.5919840791129126,0.5368633201113303
2020-05-16 15:00:00,-0.7071067811865475,-0.7071067811865477,0.4122503346930095,0.8104476941600554,0.582841890023171,0.5277387507113076
2020-05-16 15:15:00,-0.7518398074789773,-0.6593458151000691,0.34358055868803244,0.8163228687524173,0.5843254471219986,0.4368273952918081
2020-05-16 15:30:00,-0.7933533402912349,-0.6087614290087209,0.28646652395679534,0.8031194007295517,0.5279932444344376,0.37254204112904343
2020-05-16 15:45:00,-0.8314696123025448,-0.555570233019603,0.2139795660386101,0.7879965909386557,0.4572067727231385,0.28392350630220364
2020-05-16 16:00:00,-0.8660254037844385,-0.5000000000000004,0.1863716354932916,0.7829952561449975,0.4128567328226056,0.2485093052173327
2020-05-16 16:15:00,-0.8968727415326883,-0.44228869021900136,0.15705769571218314,0.7783270037695253,0.38309519588677565,0.20971743045162597
2020-05-16 16:30:00,-0.9238795325112868,-0.3826834323650895,0.14373733731959146,0.774782160967711,0.3719474673563369,0.19131865469988596
2020-05-16 16:45:00,-0.9469301294951056,-0.3214394653031618,0.12288948640288279,0.7734593345993128,0.35103292737013114,0.1629360767669948
2020-05-16 17:00:00,-0.9659258262890683,-0.25881904510252063,0.10947735076753479,0.7640091498881156,0.3290506165405791,0.14470091602927462
2020-05-16 17:15:00,-0.9807852804032303,-0.19509032201612866,0.08926733364956453,0.750121923541405,0.30809807105766396,0.1179180498453154
2020-05-16 17:30:00,-0.9914448613738104,-0.13052619222005163,0.0651472932738496,0.7339218896461153,0.28392084663650563,0.08657917115940625
2020-05-16 17:45:00,-0.9978589232386035,-0.06540312923014362,0.04129716973319675,0.7169857792424212,0.2527933948671305,0.055308868616694616
2020-05-16 18:00:00,-1.0,-1.8369701987210297e-16,0.021456901493544418,0.667375236894401,0.2156269289466609,0.02885663739400419
2020-05-16 18:15:00,-0.9978589232386036,0.06540312923014237,0.007213414556183101,0.6159776764495619,0.18563162629783891,0.00926703812407121
2020-05-16 18:30:00,-0.9914448613738104,0.13052619222005213,0.00029423249694319613,0.5772565827794962,0.1638536920612249,0.0
2020-05-16 18:45:00,-0.9807852804032304,0.1950903220161283,0.0,0.5579298360858307,0.15531603736787947,0.0
2020-05-16 19:00:00,-0.9659258262890682,0.25881904510252113,0.0,0.5326310015485194,0.15269720792918628,0.0
2020-05-16 19:15:00,-0.9469301294951057,0.3214394653031615,0.0,0.5089130514993376,0.14891179681121247,0.0
2020-05-16 19:30:00,-0.9238795325112866,0.38268343236509,0.0,0.48285727158966485,0.1481851649513164,0.0
2020-05-16 19:45:00,-0.8968727415326884,0.442288690219001,0.0,0.46168942926587486,0.14366653078734004,0.0
2020-05-16 20:00:00,-0.8660254037844386,0.5000000000000001,0.0,0.44046734783593533,0.13409534323598749,0.0
2020-05-16 20:15:00,-0.8314696123025455,0.5555702330196018,0.0,0.42436359340321195,0.12528765402851116,0.0
2020-05-16 20:30:00,-0.7933533402912352,0.6087614290087205,0.0,0.40967387962102264,0.11996316619872405,0.0
2020-05-16 20:45:00,-0.7518398074789777,0.6593458151000684,0.0,0.3981101015487696,0.11563656140423728,0.0
2020-05-16 21:00:00,-0.7071067811865477,0.7071067811865474,0.0,0.3776592169213224,0.10929389322985,0.0
2020-05-16 21:15:00,-0.6593458151000687,0.7518398074789775,0.0,0.3512896490839339,0.10151128072290738,0.0
2020-05-16 21:30:00,-0.608761429008721,0.7933533402912349,0.0,0.3290657890915425,0.09510712173236929,0.0
2020-05-16 21:45:00,-0.5555702330196022,0.8314696123025452,0.0,0.31812377089349475,0.09054446295343982,0.0
2020-05-16 22:00:00,-0.5000000000000004,0.8660254037844384,0.0,0.3133818368129626,0.08745068358906216,0.0
2020-05-16 22:15:00,-0.4422886902190014,0.8968727415326883,0.0,0.29901113065898133,0.08316578279288916,0.0
2020-05-16 22:30:00,-0.38268343236508956,0.9238795325112868,0.0,0.2836654760109454,0.08093489994472114,0.0
2020-05-16 22:45:00,-0.32143946530316186,0.9469301294951056,0.0,0.2756483879284586,0.08252836639782224,0.0
2020-05-16 23:00:00,-0.2588190451025207,0.9659258262890683,0.0,0.273537452825386,0.08534778080986755,0.0
2020-05-16 23:15:00,-0.19509032201612872,0.9807852804032303,0.0,0.26888839620142435,0.08569734370605303,0.0
2020-05-16 23:30:00,-0.13052619222005168,0.9914448613738104,0.0,0.2679090717761732,0.0837924609869874,0.0
2020-05-16 23:45:00,-0.06540312923014367,0.9978589232386035,0.0,0.2592464514530446,0.07749757388932538,0.0
2020-05-17 00:00:00,0.0,1.0,0.0,0.25391583569117127,0.07364312990089655,0.0
2020-05-17 00:15:00,0.06540312923014306,0.9978589232386035,0.0,0.24323624320894188,0.07399728440761794,0.0
2020-05-17 00:30:00,0.13052619222005157,0.9914448613738104,0.0,0.23538763585084,0.07062102747550414,0.0
2020-05-17 00:45:00,0.19509032201612825,0.9807852804032304,0.0,0.23820577593385828,0.07119940817481202,0.0
2020-05-17 01:00:00,0.25881904510252074,0.9659258262890683,0.0,0.23433516829667567,0.07170383330697,0.0
2020-05-17 01:15:00,0.3214394653031616,0.9469301294951057,0.0,0.226164685392382,0.0686600511670235,0.0
2020-05-17 01:30:00,0.3826834323650898,0.9238795325112867,0.0,0.22442650296821243,0.07870542138754733,0.0
2020-05-17 01:45:00,0.4422886902190013,0.8968727415326883,0.0,0.2240497776490622,0.07395531160270186,0.0
2020-05-17 02:00:00,0.49999999999999994,0.8660254037844387,0.0,0.21047373611202302,0.06743570700711266,0.0
2020-05-17 02:15:00,0.5555702330196022,0.8314696123025452,0.0,0.20598176419763758,0.06786736902472801,0.0
2020-05-17 02:30:00,0.6087614290087207,0.7933533402912352,0.0,0.2013087454232636,0.06839392479552014,0.0
2020-05-17 02:45:00,0.6593458151000688,0.7518398074789774,0.0,0.19299742004778242,0.06570483246512909,0.0
2020-05-17 03:00:00,0.7071067811865476,0.7071067811865476,0.0,0.19649886996177246,0.07088608083051784,0.0
2020-05-17 03:15:00,0.7518398074789773,0.659345815100069,0.0,0.18953751743657143,0.07010790902130293,0.0
2020-05-17 03:30:00,0.7933533402912352,0.6087614290087207,0.0,0.1718979502864506,0.05772928562655899,0.0
2020-05-17 03:45:00,0.8314696123025452,0.5555702330196023,0.0,0.171228580922002,0.056295208229137084,0.0
2020-05-17 04:00:00,0.8660254037844386,0.5000000000000001,0.0,0.1659761798810937,0.05515806951159191,0.0
2020-05-17 04:15:00,0.8968727415326884,0.44228869021900125,0.0,0.16316521183710142,0.05790734589240498,0.0
2020-05-17 04:30:00,0.9238795325112867,0.38268343236508984,0.0,0.16619628697615307,0.06358826364264925,0.0
2020-05-17 04:45:00,0.9469301294951057,0.3214394653031615,0.0,0.15810277109141735,0.06190607895666267,0.0
2020-05-17 05:00:00,0.9659258262890683,0.25881904510252074,0.0,0.14605474189391154,0.05710805970628835,0.0
2020-05-17 05:15:00,0.9807852804032304,0.19509032201612833,0.0,0.14635868766312,0.05848944849837606,0.0
2020-05-17 05:30:00,0.9914448613738104,0.1305261922200517,0.0,0.14478559617949194,0.06180350251792466,0.0
2020-05-17 05:45:00,0.9978589232386035,0.06540312923014305,0.00027295410137499233,0.1473971519168784,0.06509770392429826,0.0
2020-05-17 06:00:00,1.0,6.123233995736766e-17,0.003916521743125975,0.1544776599264952,0.06910458797620228,0.00011331789295068301
2020-05-17 06:15:00,0.9978589232386035,-0.06540312923014292,0.01010902375094021,0.16132452013908805,0.07486781860738662,0.008986222408183637
2020-05-17 06:30:00,0.9914448613738105,-0.13052619222005138,0.02797923278490849,0.15397677962153855,0.07910345346166409,0.03332585447215594
2020-05-17 06:45:00,0.9807852804032305,-0.19509032201612797,0.05558425486383935,0.1716752445614813,0.09402359305624336,0.064890472910702
2020-05-17 07:00:00,0.9659258262890683,-0.25881904510252085,0.0875831000667473,0.19482952177683033,0.12007183056457049,0.10399834748946564
2020-05-17 07:15:00,0.9469301294951057,-0.3214394653031616,0.1607932711784001,0.21627114030874006,0.16229476785923203,0.18066557805239453
2020-05-17 07:30:00,0.9238795325112867,-0.3826834323650897,0.18165772249138146,0.23629713900791316,0.1974200013224121,0.20968893671009453
2020-05-17 07:45:00,0.8968727415326884,-0.44228869021900113,0.26395798078358124,0.26480252865450593,0.27081233436195673,0.31576039830766156
2020-05-17 08:00:00,0.8660254037844387,-0.4999999999999998,0.3099920922915206,0.31393984209459025,0.34789991469772075,0.37288784886209553
2020-05-17 08:15:00,0.8314696123025451,-0.5555702330196023,0.31396037289991235,0.35332607281821526,0.4150920258669881,0.37997263644747825
2020-05-17 08:30:00,0.7933533402912352,-0.6087614290087207,0.3413209318222724,0.3869481833510138,0.46800183753862923,0.4115033252314779
2020-05-17 08:45:00,0.7518398074789774,-0.6593458151000688,0.45987867454457565,0.4465084218341482,0.5551231289726745,0.5512891597948539
2020-05-17 09:00:00,0.7071067811865476,-0.7071067811865475,0.4715618945816734,0.4904197738340128,0.6336004133253897,0.5671025313757415
2020-05-17 09:15:00,0.6593458151000686,-0.7518398074789776,0.3615649012367399,0.5108014668144447,0.5690712910148734,0.47785355004127017
2020-05-17 09:30:00,0.6087614290087204,-0.7933533402912353,0.5132105875423525,0.5520808003891422,0.6067794984710522,0.614143912894644
2020-05-17 09:45:00,0.5555702330196022,-0.8314696123025453,0.6322243718132523,0.5949324275212604,0.6708152999939013,0.760357506329105
2020-05-17 10:00:00,0.49999999999999994,-0.8660254037844387,0.6168184877898956,0.6525393849628254,0.7161447170617458,0.7237431032284606
2020-05-17 10:15:00,0.4422886902190013,-0.8968727415326883,0.5873565129251198,0.648155069932115,0.6495494561970011,0.7136212527978987
2020-05-17 10:30:00,0.3826834323650899,-0.9238795325112867,0.5614378628996956,0.6570895724705792,0.687222440746789,0.7532016934735325
2020-05-17 10:45:00,0.32143946530316175,-0.9469301294951056,0.699961349599346,0.7182532733233236,0.7869555334499164,0.8446818485333859
2020-05-17 11:00:00,0.258819045102521,-0.9659258262890682,0.6649922847358741,0.7248126281241796,0.7836454505557077,0.8132286961737125
2020-05-17 11:15:00,0.19509032201612816,-0.9807852804032304,0.8168478103829876,0.7494707939558058,0.8874146068902206,0.9274302536613914
2020-05-17 11:30:00,0.13052619222005157,-0.9914448613738104,0.8001113759759277,0.8024315495475689,0.9493699610302616,0.8993136173518089
2020-05-17 11:45:00,0.06540312923014312,-0.9978589232386035,0.7120759964253206,0.8165729655626015,0.9210273490766346,0.7908691105892917
2020-05-17 12:00:00,1.2246467991473532e-16,-1.0,0.5201571656719196,0.8144256130945522,0.8007683158082114,0.6007983863814109
2020-05-17 12:15:00,-0.06540312923014287,-0.9978589232386035,0.6414179218119519,0.8473852211087791,0.7795291694491094,0.7778410773222689
2020-05-17 12:30:00,-0.13052619222005132,-0.9914448613738105,0.548168051719394,0.8556515615909916,0.8074086481188584,0.6143493426460357
2020-05-17 12:45:00,-0.19509032201612792,-0.9807852804032305,0.6852397063457965,0.8920627201185958,0.8103790826204883,0.7709626155041476
2020-05-17 13:00:00,-0.25881904510252035,-0.9659258262890684,0.3458422925370603,0.9080677535435508,0.7523872651573508,0.4322668429154599
2020-05-17 13:15:00,-0.3214394653031611,-0.9469301294951058,0.36980358621212617,0.8519557982118362,0.5326521273382339,0.4749359577806314
2020-05-17 13:30:00,-0.3826834323650892,-0.923879532511287,0.6081026641867531,0.8973289984715607,0.7625568513633642,0.7535216357778245
2020-05-17 13:45:00,-0.44228869021900147,-0.8968727415326883,0.5116719595613818,0.9192009556946525,0.7148462927755718,0.62520217418185
2020-05-17 14:00:00,-0.5000000000000001,-0.8660254037844386,0.5711713834323893,0.9483204545489323,0.7845006995441709,0.653732238588876
2020-05-17 14:15:00,-0.5555702330196023,-0.8314696123025452,0.3529470624901495,0.9361570758051172,0.6267967968750522,0.42513384892831446
2020-05-17 14:30:00,-0.6087614290087207,-0.7933533402912352,0.2579211937725171,0.9173035984125988,0.5646110206306015,0.2925924147202047
2020-05-17 14:45:00,-0.6593458151000688,-0.7518398074789774,0.5401106049979529,0.9255820119767753,0.622196533298044,0.7017539363843037
2020-05-17 15:00:00,-0.7071067811865475,-0.7071067811865477,0.5595998591568179,0.9903921785386738,0.7576031701874205,0.6817460704305421
2020-05-17 15:15:00,-0.7518398074789773,-0.6593458151000691,0.4176653717332679,0.9999999999999998,0.6718290446277587,0.5266231339611269
2020-05-17 15:30:00,-0.7933533402912349,-0.6087614290087209,0.4836897577051798,0.9817669379648037,0.6598036703757951,0.5829638704190426
2020-05-17 15:45:00,-0.8314696123025448,-0.555570233019603,0.23682105731629144,0.9569341766460371,0.5326261288377819,0.30949123671088025
2020-05-17 16:00:00,-0.8660254037844385,-0.5000000000000004,0.3711089079132457,0.9653306326372582,0.5464560288326594,0.4687636868593837
2020-05-17 16:15:00,-0.8968727415326883,-0.44228869021900136,0.27702910337156683,0.715864238656226,0.45114203902373495,0.3442473736653409
2020-05-17 16:30:00,-0.9238795325112868,-0.3826834323650895,0.2384581887724618,0.6171488910678977,0.3825776573921721,0.31150354027956845
2020-05-17 16:45:00,-0.9469301294951056,-0.3214394653031618,0.21108244112560226,0.6035597127610037,0.3683994742455462,0.2739776360605464
2020-05-17 17:00:00,-0.9659258262890683,-0.25881904510252063,0.1154187673447192,0.5622899107017854,0.31226233414278315,0.14998372810754435
2020-05-17 17:15:00,-0.9807852804032303,-0.19509032201612866,0.09579993758942018,0.5317188834119033,0.26354138055676957,0.12283605834165927
2020-05-17 17:30:00,-0.9914448613738104,-0.13052619222005163,0.07736479257340652,0.4849362656008216,0.2391705651564654,0.10083966348852098
2020-05-17 17:45:00,-0.9978589232386035,-0.06540312923014362,0.050524162429539284,0.4261749775825536,0.20624491153044466,0.06435560289846771
2020-05-17 18:00:00,-1.0,-1.8369701987210297e-16,0.019339018584656496,0.40094854659369683,0.17452352896143875,0.023360271571270946
2020-05-17 18:15:00,-0.9978589232386036,0.06540312923014237,0.008486696152390377,0.3862680065585473,0.15258530181196805,0.009633096136911904
2020-05-17 18:30:00,-0.9914448613738104,0.13052619222005213,0.0006852364784048102,0.3866022020341038,0.14570660795885482,0.0
2020-05-17 18:45:00,-0.9807852804032304,0.1950903220161283,0.0,0.37687603295258465,0.13662355571892604,0.0
2020-05-17 19:00:00,-0.9659258262890682,0.25881904510252113,0.0,0.36769488497941105,0.12447527085344534,0.0
2020-05-17 19:15:00,-0.9469301294951057,0.3214394653031615,0.0,0.37601834595016004,0.12412785539655169,0.0
2020-05-17 19:30:00,-0.9238795325112866,0.38268343236509,0.0,0.37091852353173116,0.12524447742003686,0.0
2020-05-17 19:45:00,-0.8968727415326884,0.442288690219001,0.0,0.36474273176309957,0.12698731646754857,0.0
2020-05-17 20:00:00,-0.8660254037844386,0.5000000000000001,0.0,0.35496694827751196,0.13041128385940626,0.0
2020-05-17 20:15:00,-0.8314696123025455,0.5555702330196018,0.0,0.3435393722658928,0.12007904635435873,0.0
2020-05-17 20:30:00,-0.7933533402912352,0.6087614290087205,0.0,0.32932151402246523,0.11916219946908813,0.0
2020-05-17 20:45:00,-0.7518398074789777,0.6593458151000684,0.0,0.3290414230090206,0.12635006973404805,0.0
2020-05-17 21:00:00,-0.7071067811865477,0.7071067811865474,0.0,0.3355055754996039,0.13556517472414797,0.0
2020-05-17 21:15:00,-0.6593458151000687,0.7518398074789775,0.0,0.14174685979474733,0.06228997416158022,0.0
2020-05-17 21:30:00,-0.608761429008721,0.7933533402912349,0.0,0.07467904036986783,0.048254997230105734,0.0
2020-05-17 21:45:00,-0.5555702330196022,0.8314696123025452,0.0,0.06034082542486763,0.04718260504275801,0.0
2020-05-17 22:00:00,-0.5000000000000004,0.8660254037844384,0.0,0.05648599197775561,0.04871503019747564,0.0
2020-05-17 22:15:00,-0.4422886902190014,0.8968727415326883,0.0,0.058052355427098856,0.050018513190859704,0.0
2020-05-17 22:30:00,-0.38268343236508956,0.9238795325112868,0.0,0.061662130636231494,0.05259419012929367,0.0
2020-05-17 22:45:00,-0.32143946530316186,0.9469301294951056,0.0,0.0617603220441203,0.05380132383599273,0.0
2020-05-17 23:00:00,-0.2588190451025207,0.9659258262890683,0.0,0.055340539251791165,0.051685634862926155,0.0
2020-05-17 23:15:00,-0.19509032201612872,0.9807852804032303,0.0,0.055074137048752636,0.05263075706869691,0.0
2020-05-17 23:30:00,-0.13052619222005168,0.9914448613738104,0.0,0.0588803175143362,0.05256960497297336,0.0
2020-05-17 23:45:00,-0.06540312923014367,0.9978589232386035,0.0,0.05459232810986281,0.05110608602012873,0.0
2020-05-18 00:00:00,0.0,1.0,0.0,0.05097527186415074,0.05187150719508965,0.0
2020-05-18 00:15:00,0.06540312923014306,0.9978589232386035,0.0,0.043283475439417574,0.04926763228334685,0.0
2020-05-18 00:30:00,0.13052619222005157,0.9914448613738104,0.0,0.05005813951948812,0.05043507000517794,0.0
2020-05-18 00:45:00,0.19509032201612825,0.9807852804032304,0.0,0.049734334075435704,0.050477513924804374,0.0
2020-05-18 01:00:00,0.25881904510252074,0.9659258262890683,0.0,0.045259771635006496,0.04936647355590312,0.0
2020-05-18 01:15:00,0.3214394653031616,0.9469301294951057,0.0,0.03979807092705845,0.04736197609236864,0.0
2020-05-18 01:30:00,0.3826834323650898,0.9238795325112867,0.0,0.03940607725464629,0.04717648908984895,0.0
2020-05-18 01:45:00,0.4422886902190013,0.8968727415326883,0.0,0.04231195588016501,0.04752128599274036,0.0
2020-05-18 02:00:00,0.49999999999999994,0.8660254037844387,0.0,0.03842998492744032,0.04627053550173299,0.0
2020-05-18 02:15:00,0.5555702330196022,0.8314696123025452,0.0,0.040980653990233096,0.04396868308980151,0.0
2020-05-18 02:30:00,0.6087614290087207,0.7933533402912352,0.0,0.049290022218465346,0.0439658985909161,0.0
2020-05-18 02:45:00,0.6593458151000688,0.7518398074789774,0.0,0.054712276711770924,0.04467046821923948,0.0
2020-05-18 03:00:00,0.7071067811865476,0.7071067811865476,0.0,0.05788607452980998,0.046543632964637816,0.0
2020-05-18 03:15:00,0.7518398074789773,0.659345815100069,0.0,0.06413025905750525,0.057066472231016074,0.0
2020-05-18 03:30:00,0.7933533402912352,0.6087614290087207,0.0,0.06542830387035314,0.06047796291821805,0.0
2020-05-18 03:45:00,0.8314696123025452,0.5555702330196023,0.0,0.06669427647364001,0.057402513431856594,0.0
2020-05-18 04:00:00,0.8660254037844386,0.5000000000000001,0.0,0.07139404004185312,0.057850311479881567,0.0
2020-05-18 04:15:00,0.8968727415326884,0.44228869021900125,0.0,0.05313235909605907,0.046931776639824396,0.0
2020-05-18 04:30:00,0.9238795325112867,0.38268343236508984,0.0,0.04298245368987441,0.034073651386964776,0.0
2020-05-18 04:45:00,0.9469301294951057,0.3214394653031615,0.0,0.037903683187177295,0.028206037104941295,0.0
2020-05-18 05:00:00,0.9659258262890683,0.25881904510252074,0.0,0.04051058472902613,0.03455525568237017,0.0
2020-05-18 05:15:00,0.9807852804032304,0.19509032201612833,0.0,0.04908828057002301,0.04061675817774596,0.0
2020-05-18 05:30:00,0.9914448613738104,0.1305261922200517,0.0,0.053580800036824305,0.039447219424937785,0.0
2020-05-18 05:45:00,0.9978589232386035,0.06540312923014305,0.0004256250786605449,0.05836026389854165,0.03872600186842973,0.0
2020-05-18 06:00:00,1.0,6.123233995736766e-17,0.007034859386043193,0.061253400710047146,0.045309458679874015,0.0053235515561215465
2020-05-18 06:15:00,0.9978589232386035,-0.06540312923014292,0.023220059799142854,0.0695432006716008,0.05735946479782583,0.028200504692230996
2020-05-18 06:30:00,0.9914448613738105,-0.13052619222005138,0.04416654046036724,0.08158206189252604,0.07214449090337982,0.05496897467234537
2020-05-18 06:45:00,0.9807852804032305,-0.19509032201612797,0.06593550179874756,0.08577666219308888,0.0839237051074318,0.08430689950466481
2020-05-18 07:00:00,0.9659258262890683,-0.25881904510252085,0.09621855276312567,0.09667458895722625,0.10547936601736235,0.12406421641852469
2020-05-18 07:15:00,0.9469301294951057,-0.3214394653031616,0.15309602855373244,0.1211948254375741,0.15143043652449806,0.1962266874014573
2020-05-18 07:30:00,0.9238795325112867,-0.3826834323650897,0.20023956088700598,0.1546803755001369,0.21559911489668349,0.2539529247488517
2020-05-18 07:45:00,0.8968727415326884,-0.44228869021900113,0.0976218194450457,0.18251905339910235,0.23035054620399675,0.13049567886959512
2020-05-18 08:00:00,0.8660254037844387,-0.4999999999999998,0.06790461960146994,0.19077609895464187,0.1861100271136642,0.09347334335682565
2020-05-18 08:15:00,0.8314696123025451,-0.5555702330196023,0.07346461152431875,0.19784017141550247,0.17014832883524966,0.10162165849609349
2020-05-18 08:30:00,0.7933533402912352,-0.6087614290087207,0.09666607961088657,0.2093811580993019,0.18328508549142175,0.13409037092716747
2020-05-18 08:45:00,0.7518398074789774,-0.6593458151000688,0.1020291214579294,0.21189138297867505,0.19952973385859518,0.14161857376260015
2020-05-18 09:00:00,0.7071067811865476,-0.7071067811865475,0.09449090026341764,0.225041009095299,0.20504760935491118,0.13043869137984188
2020-05-18 09:15:00,0.6593458151000686,-0.7518398074789776,0.09037623785198763,0.22652628092942395,0.19758893110390785,0.12647148988946058
2020-05-18 09:30:00,0.6087614290087204,-0.7933533402912353,0.0788937459252234,0.22643820577683127,0.19104859886737302,0.10987146393685648
2020-05-18 09:45:00,0.5555702330196022,-0.8314696123025453,0.08127942676215928,0.22644641906307483,0.1790967435225066,0.11245800308299875
2020-05-18 10:00:00,0.49999999999999994,-0.8660254037844387,0.09234471122670153,0.23401946393550288,0.18295410701582737,0.1288419066647003
2020-05-18 10:15:00,0.4422886902190013,-0.8968727415326883,0.11643803056885098,0.23157967359583642,0.19195466777311987,0.16288554068650526
2020-05-18 10:30:00,0.3826834323650899,-0.9238795325112867,0.17098877275875493,0.24292765254104554,0.2255851871567105,0.23588502290040592
2020-05-18 10:45:00,0.32143946530316175,-0.9469301294951056,0.3064628650310993,0.26430870081184765,0.31271315706869174,0.4152698757975957
2020-05-18 11:00:00,0.258819045102521,-0.9659258262890682,0.3559972397373202,0.30101714728162254,0.40917082414499695,0.47240969156036633
2020-05-18 11:15:00,0.19509032201612816,-0.9807852804032304,0.3967992915952262,0.3185057829546474,0.45167963243962217,0.5233884666483167
2020-05-18 11:30:00,0.13052619222005157,-0.9914448613738104,0.28769657707771257,0.3292828846483127,0.43851025917605146,0.38374253219459287
2020-05-18 11:45:00,0.06540312923014312,-0.9978589232386035,0.3396083708016822,0.3242674346714649,0.41073047681690034,0.45514260135716444
2020-05-18 12:00:00,1.2246467991473532e-16,-1.0,0.4602890686090014,0.35735373374803237,0.4900001057968949,0.6018951865139912
2020-05-18 12:15:00,-0.06540312923014287,-0.9978589232386035,0.49377011160140843,0.3980075842203272,0.5908282730023348,0.6319567449504943
2020-05-18 12:30:00,-0.13052619222005132,-0.9914448613738105,0.48560784723734984,0.4336946226299938,0.5870658398263173,0.6239760470994892
2020-05-18 12:45:00,-0.19509032201612792,-0.9807852804032305,0.45113495046654783,0.4398719563934279,0.5467876148352833,0.5849107040774835
2020-05-18 13:00:00,-0.25881904510252035,-0.9659258262890684,0.46442840995555434,0.4457053868462528,0.5666473120086821,0.5933170160431372
2020-05-18 13:15:00,-0.3214394653031611,-0.9469301294951058,0.5916798851145525,0.45271501470851794,0.5426379150208677,0.7232207776896227
2020-05-18 13:30:00,-0.3826834323650892,-0.923879532511287,0.6604557020083248,0.469461217712859,0.6633686007133558,0.8335133158500038
2020-05-18 13:45:00,-0.44228869021900147,-0.8968727415326883,0.79521880366385,0.5024090264213288,0.7320826388135667,0.9468809683182555
2020-05-18 14:00:00,-0.5000000000000001,-0.8660254037844386,0.592274486909601,0.536461912597268,0.7551122995221103,0.7059202953979089
2020-05-18 14:15:00,-0.5555702330196023,-0.8314696123025452,0.28169800826560637,0.49276231527404724,0.5141816630670762,0.3649337929693197
2020-05-18 14:30:00,-0.6087614290087207,-0.7933533402912352,0.37118749113120203,0.470698713102367,0.4496223082507689,0.48483051538556865
2020-05-18 14:45:00,-0.6593458151000688,-0.7518398074789774,0.35908870152351136,0.45908540910641293,0.43622675773682507,0.46638986516496456
2020-05-18 15:00:00,-0.7071067811865475,-0.7071067811865477,0.44846588616461075,0.4641485410248192,0.5021861079654596,0.5746693232238432
2020-05-18 15:15:00,-0.7518398074789773,-0.6593458151000691,0.45494716478879843,0.45958371322213254,0.5207040043469237,0.5840833102222285
2020-05-18 15:30:00,-0.7933533402912349,-0.6087614290087209,0.42981201349034637,0.48268085776686553,0.541776979004829,0.5540623718029345
2020-05-18 15:45:00,-0.8314696123025448,-0.555570233019603,0.40614637251506736,0.4992383882500204,0.5255489353719541,0.5172902077859577
2020-05-18 16:00:00,-0.8660254037844385,-0.5000000000000004,0.33790105950371235,0.49986678094594206,0.47683961480350634,0.43560055139139936
2020-05-18 16:15:00,-0.8968727415326883,-0.44228869021900136,0.24504861415044613,0.47670197456691676,0.4112095695385094,0.312611212226136
2020-05-18 16:30:00,-0.9238795325112868,-0.3826834323650895,0.21021256754454382,0.45996598110695497,0.3478786835968758,0.2726577842624109
2020-05-18 16:45:00,-0.9469301294951056,-0.3214394653031618,0.1614139079024134,0.44771593199666415,0.30886422873860686,0.21319611653853243
2020-05-18 17:00:00,-0.9659258262890683,-0.25881904510252063,0.12219526788584173,0.4191172064626143,0.2681973861450506,0.16349257095726547
2020-05-18 17:15:00,-0.9807852804032303,-0.19509032201612866,0.09083521831754607,0.40632422322654604,0.23360500381087523,0.12224880045593214
2020-05-18 17:30:00,-0.9914448613738104,-0.13052619222005163,0.0635045503561162,0.38517097791924826,0.20407296774427197,0.08436018340105204
2020-05-18 17:45:00,-0.9978589232386035,-0.06540312923014362,0.04171922134695254,0.35505623971456957,0.1761812058382961,0.054099766100793055
2020-05-18 18:00:00,-1.0,-1.8369701987210297e-16,0.025203707873629428,0.3266386104099881,0.15201840737146421,0.031310623878040234
2020-05-18 18:15:00,-0.9978589232386036,0.06540312923014237,0.011384065095643641,0.3079928842780866,0.1322960816223704,0.012193292011054282
2020-05-18 18:30:00,-0.9914448613738104,0.13052619222005213,0.0015700871433217438,0.292701881644579,0.1176128452241233,5.979505052379214e-05
2020-05-18 18:45:00,-0.9807852804032304,0.1950903220161283,0.0,0.28480848270357506,0.10935676665215738,0.0
2020-05-18 19:00:00,-0.9659258262890682,0.25881904510252113,0.0,0.27890067488483306,0.1064253024781101,0.0
2020-05-18 19:15:00,-0.9469301294951057,0.3214394653031615,0.0,0.27601340855333123,0.10456926240085684,0.0
2020-05-18 19:30:00,-0.9238795325112866,0.38268343236509,0.0,0.273840433325083,0.10310544149261369,0.0
2020-05-18 19:45:00,-0.8968727415326884,0.442288690219001,0.0,0.2702380635379733,0.10243399755683857,0.0
2020-05-18 20:00:00,-0.8660254037844386,0.5000000000000001,0.0,0.26519843822432176,0.09433172608461532,0.0
2020-05-18 20:15:00,-0.8314696123025455,0.5555702330196018,0.0,0.25388927042271425,0.07987437572958883,0.0
2020-05-18 20:30:00,-0.7933533402912352,0.6087614290087205,0.0,0.24591682196771658,0.0802220035396804,0.0
2020-05-18 20:45:00,-0.7518398074789777,0.6593458151000684,0.0,0.23561033708767432,0.07569358706547835,0.0
2020-05-18 21:00:00,-0.7071067811865477,0.7071067811865474,0.0,0.22405073810985754,0.07220214047720103,0.0
2020-05-18 21:15:00,-0.6593458151000687,0.7518398074789775,0.0,0.21774093705490438,0.07142637205616537,0.0
2020-05-18 21:30:00,-0.608761429008721,0.7933533402912349,0.0,0.21853096094071178,0.07080608555269052,0.0
2020-05-18 21:45:00,-0.5555702330196022,0.8314696123025452,0.0,0.19560050250770233,0.06372671370869404,0.0
2020-05-18 22:00:00,-0.5000000000000004,0.8660254037844384,0.0,0.181118984311452,0.058496173183725186,0.0
2020-05-18 22:15:00,-0.4422886902190014,0.8968727415326883,0.0,0.16930250759329324,0.05525681254317,0.0
2020-05-18 22:30:00,-0.38268343236508956,0.9238795325112868,0.0,0.1650539804325144,0.05466980060047394,0.0
2020-05-18 22:45:00,-0.32143946530316186,0.9469301294951056,0.0,0.16273582751567517,0.05458267953686252,0.0
2020-05-18 23:00:00,-0.2588190451025207,0.9659258262890683,0.0,0.16082991873438002,0.05756525614120783,0.0
2020-05-18 23:15:00,-0.19509032201612872,0.9807852804032303,0.0,0.16548871909846996,0.06213525446543172,0.0
2020-05-18 23:30:00,-0.13052619222005168,0.9914448613738104,0.0,0.15834616711670457,0.05644876209216643,0.0
2020-05-18 23:45:00,-0.06540312923014367,0.9978589232386035,0.0,0.14962314547867606,0.0526935897079398,0.0
2020-05-19 00:00:00,0.0,1.0,0.0,0.1489484397222367,0.05209313221167905,0.0
2020-05-19 00:15:00,0.06540312923014306,0.9978589232386035,0.0,0.14477554788737512,0.05040493774938237,0.0
2020-05-19 00:30:00,0.13052619222005157,0.9914448613738104,0.0,0.14504830913592204,0.04952088526959919,0.0
2020-05-19 00:45:00,0.19509032201612825,0.9807852804032304,0.0,0.14593476508087133,0.04945604019707095,0.0
2020-05-19 01:00:00,0.25881904510252074,0.9659258262890683,0.0,0.149906943691267,0.05160383669238616,0.0
2020-05-19 01:15:00,0.3214394653031616,0.9469301294951057,0.0,0.14790366034257252,0.05245535754623043,0.0
2020-05-19 01:30:00,0.3826834323650898,0.9238795325112867,0.0,0.14777490922646885,0.0539310266378622,0.0
2020-05-19 01:45:00,0.4422886902190013,0.8968727415326883,0.0,0.15505648566434416,0.054530447681760075,0.0
2020-05-19 02:00:00,0.49999999999999994,0.8660254037844387,0.0,0.1589310024667283,0.05505832960530427,0.0
2020-05-19 02:15:00,0.5555702330196022,0.8314696123025452,0.0,0.1626209751905583,0.05549886656018593,0.0
2020-05-19 02:30:00,0.6087614290087207,0.7933533402912352,0.0,0.16689892688208996,0.056345076072812084,0.0
2020-05-19 02:45:00,0.6593458151000688,0.7518398074789774,0.0,0.17042748032010246,0.05714144697297435,0.0
2020-05-19 03:00:00,0.7071067811865476,0.7071067811865476,0.0,0.17200314318425236,0.056987286989228114,0.0
2020-05-19 03:15:00,0.7518398074789773,0.659345815100069,0.0,0.17529335872462504,0.05593371558343385,0.0
2020-05-19 03:30:00,0.7933533402912352,0.6087614290087207,0.0,0.17829088954598094,0.056362586070600906,0.0
2020-05-19 03:45:00,0.8314696123025452,0.5555702330196023,0.0,0.17986545730529824,0.05627602471939175,0.0
2020-05-19 04:00:00,0.8660254037844386,0.5000000000000001,0.0,0.1807083469280797,0.05548952191452178,0.0
2020-05-19 04:15:00,0.8968727415326884,0.44228869021900125,0.0,0.1880780559025541,0.057226256360076,0.0
2020-05-19 04:30:00,0.9238795325112867,0.38268343236508984,0.0,0.1898274778579112,0.05784104388005595,0.0
2020-05-19 04:45:00,0.9469301294951057,0.3214394653031615,0.0,0.19327192365428147,0.05997115599482383,0.0
2020-05-19 05:00:00,0.9659258262890683,0.25881904510252074,0.0,0.19881347276417483,0.06563524299624957,0.0
2020-05-19 05:15:00,0.9807852804032304,0.19509032201612833,0.0,0.19820164128477713,0.06495972919190152,0.0
2020-05-19 05:30:00,0.9914448613738104,0.1305261922200517,0.0,0.18812511046701674,0.05893560367196815,0.0
2020-05-19 05:45:00,0.9978589232386035,0.06540312923014305,0.00026056344754452326,0.18504773573185118,0.06463913492831203,0.0
2020-05-19 06:00:00,1.0,6.123233995736766e-17,0.0035310814384394954,0.19408140360340354,0.0797242068609117,0.0
2020-05-19 06:15:00,0.9978589232386035,-0.06540312923014292,0.007937713290786522,0.19832900652904528,0.08864076635857487,0.007073975497267692
2020-05-19 06:30:00,0.9914448613738105,-0.13052619222005138,0.010354892327015757,0.2039022139783766,0.09308705076345247,0.012840404680469925
2020-05-19 06:45:00,0.9807852804032305,-0.19509032201612797,0.0382696939892482,0.21470752359774803,0.10178530494579491,0.053330793388447484
2020-05-19 07:00:00,0.9659258262890683,-0.25881904510252085,0.14080317902028355,0.24478616662139419,0.14420304747005397,0.1811299006594224
2020-05-19 07:15:00,0.9469301294951057,-0.3214394653031616,0.1534861342410718,0.2764813010692766,0.187600456862014,0.19464859984427693
2020-05-19 07:30:00,0.9238795325112867,-0.3826834323650897,0.15442614073293767,0.2968169220661325,0.2413489933494397,0.19593452197381633
2020-05-19 07:45:00,0.8968727415326884,-0.44228869021900113,0.1924571548827029,0.3129295899340905,0.27350805273491563,0.24072704808488427
2020-05-19 08:00:00,0.8660254037844387,-0.4999999999999998,0.10740502958461531,0.321857643023193,0.2666761426820151,0.13638139948139777
2020-05-19 08:15:00,0.8314696123025451,-0.5555702330196023,0.15887631555201423,0.3224921302852657,0.25244119603893733,0.19873592904924173
2020-05-19 08:30:00,0.7933533402912352,-0.6087614290087207,0.24375913711629907,0.35118980604252736,0.3339727175614873,0.3112243971501651
2020-05-19 08:45:00,0.7518398074789774,-0.6593458151000688,0.22388952145378543,0.3630781249717385,0.3517606645917061,0.29293117369227467
2020-05-19 09:00:00,0.7071067811865476,-0.7071067811865475,0.3166958025362566,0.3852858187034469,0.3948434101401771,0.41012893510202614
2020-05-19 09:15:00,0.6593458151000686,-0.7518398074789776,0.34716773344541024,0.41046349059845055,0.4534632727332295,0.4537938376602555
2020-05-19 09:30:00,0.6087614290087204,-0.7933533402912353,0.5292403809078674,0.46615482693553423,0.5822197092166662,0.6145708411924397
2020-05-19 09:45:00,0.5555702330196022,-0.8314696123025453,0.43065511403175155,0.47940941032289497,0.5904338599857182,0.514819375942985
2020-05-19 10:00:00,0.49999999999999994,-0.8660254037844387,0.40286925008645535,0.4851728393409982,0.5275454041970359,0.4761628614158774
2020-05-19 10:15:00,0.4422886902190013,-0.8968727415326883,0.48499380763098066,0.49242125744074894,0.5254849573915752,0.5764919671619655
2020-05-19 10:30:00,0.3826834323650899,-0.9238795325112867,0.41831576052352315,0.5044094418520404,0.5538435575118903,0.5137491580371417
2020-05-19 10:45:00,0.32143946530316175,-0.9469301294951056,0.4924145759214311,0.49933877884384326,0.5426148112139364,0.6140001299971494
2020-05-19 11:00:00,0.258819045102521,-0.9659258262890682,0.6654930864454633,0.5251785627897134,0.6301781516902262,0.7622323589298522
2020-05-19 11:15:00,0.19509032201612816,-0.9807852804032304,0.40885075020582634,0.5439663294041492,0.6232395461090751,0.5316239356143854
2020-05-19 11:30:00,0.13052619222005157,-0.9914448613738104,0.2319728208762936,0.5172504761787342,0.47641739459268606,0.29810968790493353
2020-05-19 11:45:00,0.06540312923014312,-0.9978589232386035,0.32507178893362504,0.5435553753267826,0.5204668795245201,0.4049764754444363
2020-05-19 12:00:00,1.2246467991473532e-16,-1.0,0.41817075699095646,0.5698602744748305,0.5645163644563543,0.5118432629839391
2020-05-19 12:15:00,-0.06540312923014287,-0.9978589232386035,0.5112697250482879,0.5961651736228788,0.6085658493881885,0.618710050523442
2020-05-19 12:30:00,-0.13052619222005132,-0.9914448613738105,0.6043686931056194,0.6224700727709271,0.6526153343200226,0.7255768380629448
2020-05-19 12:45:00,-0.19509032201612792,-0.9807852804032305,0.6841819576343345,0.6431226996879789,0.7017758688697239,0.8431286108625534
2020-05-19 13:00:00,-0.25881904510252035,-0.9659258262890684,0.5745853888312107,0.6535177579035503,0.711045548631665,0.7219710552093658
2020-05-19 13:15:00,-0.3214394653031611,-0.9469301294951058,0.4480448731446275,0.640212355368573,0.660690781886767,0.567353837846824
2020-05-19 13:30:00,-0.3826834323650892,-0.923879532511287,0.43440661984128737,0.6196756614553243,0.5563112127693218,0.5605920391059953
2020-05-19 13:45:00,-0.44228869021900147,-0.8968727415326883,0.5903961066878317,0.6454142289906117,0.6327657232203642,0.7409953193902648
2020-05-19 14:00:00,-0.5000000000000001,-0.8660254037844386,0.5278118860890737,0.64044506065734,0.6549582285579497,0.6648812975747922
2020-05-19 14:15:00,-0.5555702330196023,-0.8314696123025452,0.5586052346178566,0.6538968453038743,0.6605983871510243,0.7015962351559761
2020-05-19 14:30:00,-0.6087614290087207,-0.7933533402912352,0.5980253457590373,0.6665428898996992,0.6796508482533575,0.747289748990494
2020-05-19 14:45:00,-0.6593458151000688,-0.7518398074789774,0.5752838305918438,0.6712090822214087,0.6741752029171574,0.7119994987100086
2020-05-19 15:00:00,-0.7071067811865475,-0.7071067811865477,0.4317681780117855,0.6612459710520973,0.601583634801395,0.542564279392715
2020-05-19 15:15:00,-0.7518398074789773,-0.6593458151000691,0.3540051664583084,0.6487786872528656,0.531093715034016,0.44506603022767127
2020-05-19 15:30:00,-0.7933533402912349,-0.6087614290087209,0.36840905688040076,0.631927348734729,0.4800967317474516,0.4797683058411785
2020-05-19 15:45:00,-0.8314696123025448,-0.555570233019603,0.31094448529108204,0.63034826142391,0.4786204270025387,0.40021741265275523
2020-05-19 16:00:00,-0.8660254037844385,-0.5000000000000004,0.37782909748476773,0.630862713847774,0.47592572820619206,0.4785340547506927
2020-05-19 16:15:00,-0.8968727415326883,-0.44228869021900136,0.31957962344846647,0.6404203044276924,0.4863087441423024,0.3894407436466991
2020-05-19 16:30:00,-0.9238795325112868,-0.3826834323650895,0.26903560308947155,0.6233498054903068,0.4438804535706238,0.2773181543547735
2020-05-19 16:45:00,-0.9469301294951056,-0.3214394653031618,0.2160490661777577,0.604229481569428,0.3970169140292428,0.22402129061719273
2020-05-19 17:00:00,-0.9659258262890683,-0.25881904510252063,0.1549221200102197,0.5855686842816759,0.34412749107721763,0.16067139149346177
2020-05-19 17:15:00,-0.9807852804032303,-0.19509032201612866,0.10461798049533776,0.5520843549917134,0.28859093363253374,0.10971561450521188
2020-05-19 17:30:00,-0.9914448613738104,-0.13052619222005163,0.07140175021059053,0.5191972258624853,0.24977794570649936,0.07529200414240934
2020-05-19 17:45:00,-0.9978589232386035,-0.06540312923014362,0.030901458957398424,0.48811255401296005,0.21952466767382006,0.03222983090818318
2020-05-19 18:00:00,-1.0,-1.8369701987210297e-16,0.0012894785424872575,0.3129041063060627,0.15369131883237486,6.021319773025222e-05
2020-05-19 18:15:00,-0.9978589232386036,0.06540312923014237,0.00026900761584676685,0.18863545624775924,0.08294003728047433,0.0
2020-05-19 18:30:00,-0.9914448613738104,0.13052619222005213,0.0,0.14438328172107862,0.05475817478903455,0.0
2020-05-19 18:45:00,-0.9807852804032304,0.1950903220161283,1.3072375551928251e-05,0.1397946603936071,0.054786277032637776,0.0
2020-05-19 19:00:00,-0.9659258262890682,0.25881904510252113,0.0,0.13812997089233803,0.05495301085705789,0.0
2020-05-19 19:15:00,-0.9469301294951057,0.3214394653031615,0.0,0.1421665183285834,0.053692489306325475,0.0
2020-05-19 19:30:00,-0.9238795325112866,0.38268343236509,0.0,0.14468712650725957,0.04922896571927915,0.0
2020-05-19 19:45:00,-0.8968727415326884,0.442288690219001,0.0,0.1408053613675624,0.0462621341904495,0.0
2020-05-19 20:00:00,-0.8660254037844386,0.5000000000000001,0.0,0.13398959943933142,0.04053826343542899,0.0
2020-05-19 20:15:00,-0.8314696123025455,0.5555702330196018,0.0,0.16565731587319132,0.044050485479279256,0.0
2020-05-19 20:30:00,-0.7933533402912352,0.6087614290087205,0.0,0.20239528689500252,0.05232226693738351,0.0
2020-05-19 20:45:00,-0.7518398074789777,0.6593458151000684,0.0,0.23352378537850016,0.06245632125004408,0.0
2020-05-19 21:00:00,-0.7071067811865477,0.7071067811865474,0.0,0.24397966326722798,0.0698131646912874,0.0
2020-05-19 21:15:00,-0.6593458151000687,0.7518398074789775,0.0,0.24271481622397273,0.07008924022195762,0.0
2020-05-19 21:30:00,-0.608761429008721,0.7933533402912349,0.0,0.23861552915472206,0.06852769605964987,0.0
2020-05-19 21:45:00,-0.5555702330196022,0.8314696123025452,0.0,0.23055652702474805,0.06556060858193286,0.0
2020-05-19 22:00:00,-0.5000000000000004,0.8660254037844384,0.0,0.2203331803492825,0.0641636100216888,0.0
2020-05-19 22:15:00,-0.4422886902190014,0.8968727415326883,0.0,0.22233399073583504,0.07209819710264659,0.0
2020-05-19 22:30:00,-0.38268343236508956,0.9238795325112868,0.0,0.21288737409161196,0.0670294542449828,0.0
2020-05-19 22:45:00,-0.32143946530316186,0.9469301294951056,0.0,0.20160525852106126,0.06256387322264895,0.0
2020-05-19 23:00:00,-0.2588190451025207,0.9659258262890683,0.0,0.1906769515740916,0.054446071740282154,0.0
2020-05-19 23:15:00,-0.19509032201612872,0.9807852804032303,0.0,0.16952662740122992,0.04699163934782463,0.0
2020-05-19 23:30:00,-0.13052619222005168,0.9914448613738104,0.0,0.16086006104608042,0.04612055648525243,0.0
2020-05-19 23:45:00,-0.06540312923014367,0.9978589232386035,0.0,0.1508005133294925,0.04548083052314472,0.0
2020-05-20 00:00:00,0.0,1.0,0.0,0.13913981912072693,0.041571454559482135,0.0
2020-05-20 00:15:00,0.06540312923014306,0.9978589232386035,0.0,0.12499689477190179,0.04155145116950948,0.0
2020-05-20 00:30:00,0.13052619222005157,0.9914448613738104,0.0,0.12243409812836759,0.043682383164504734,0.0
2020-05-20 00:45:00,0.19509032201612825,0.9807852804032304,0.0,0.12279980479666608,0.03949413119959372,0.0
2020-05-20 01:00:00,0.25881904510252074,0.9659258262890683,0.0,0.1206872174189133,0.03998827849724762,0.0
2020-05-20 01:15:00,0.3214394653031616,0.9469301294951057,0.0,0.12005163761665716,0.03918638611258907,0.0
2020-05-20 01:30:00,0.3826834323650898,0.9238795325112867,0.0,0.1156168461394631,0.03333374524228472,0.0
2020-05-20 01:45:00,0.4422886902190013,0.8968727415326883,0.0,0.11831261723372122,0.03490653427988921,0.0
2020-05-20 02:00:00,0.49999999999999994,0.8660254037844387,0.0,0.11960668555934961,0.033500605634836034,0.0
2020-05-20 02:15:00,0.5555702330196022,0.8314696123025452,0.0,0.1056307198161317,0.027413480124464318,0.0
2020-05-20 02:30:00,0.6087614290087207,0.7933533402912352,0.0,0.10518858919255658,0.02619840215806646,0.0
2020-05-20 02:45:00,0.6593458151000688,0.7518398074789774,0.0,0.10390163456020529,0.02455373085984175,0.0
2020-05-20 03:00:00,0.7071067811865476,0.7071067811865476,0.0,0.1025121215650382,0.0251004981548667,0.0
2020-05-20 03:15:00,0.7518398074789773,0.659345815100069,0.0,0.10844984664759116,0.02779148740001064,0.0
2020-05-20 03:30:00,0.7933533402912352,0.6087614290087207,0.0,0.10847497635415082,0.02918313042064158,0.0
2020-05-20 03:45:00,0.8314696123025452,0.5555702330196023,0.0,0.11514402116363698,0.028631557755570414,0.0
2020-05-20 04:00:00,0.8660254037844386,0.5000000000000001,0.0,0.1168102456069251,0.029123561832869904,0.0
2020-05-20 04:15:00,0.8968727415326884,0.44228869021900125,0.0,0.1183823404041009,0.029750969903191204,0.0
2020-05-20 04:30:00,0.9238795325112867,0.38268343236508984,0.0,0.11586831631882277,0.027936342918451762,0.0
2020-05-20 04:45:00,0.9469301294951057,0.3214394653031615,0.0,0.11312472863896939,0.02545525456336728,0.0
2020-05-20 05:00:00,0.9659258262890683,0.25881904510252074,0.0,0.10686725025670896,0.021696943289487958,0.0
2020-05-20 05:15:00,0.9807852804032304,0.19509032201612833,0.0,0.10848113407476667,0.021209018924949252,0.0
2020-05-20 05:30:00,0.9914448613738104,0.1305261922200517,0.0,0.09998074154283842,0.01443146476138385,0.0
2020-05-20 05:45:00,0.9978589232386035,0.06540312923014305,1.206304074291717e-05,0.07461398934756525,0.007423739821554476,0.0
2020-05-20 06:00:00,1.0,6.123233995736766e-17,0.007376672918656988,0.06392289826459518,0.014160545174392858,0.007445887569961822
2020-05-20 06:15:00,0.9978589232386035,-0.06540312923014292,0.0262804454648309,0.08828905708552126,0.0294668582002508,0.03174758770879102
2020-05-20 06:30:00,0.9914448613738105,-0.13052619222005138,0.04177794424212849,0.10758167600399848,0.04121829150312167,0.052147317323487236
2020-05-20 06:45:00,0.9807852804032305,-0.19509032201612797,0.05843860970820939,0.11831783693421394,0.05237149772146499,0.07112636193681666
2020-05-20 07:00:00,0.9659258262890683,-0.25881904510252085,0.10808223037816164,0.141414984684757,0.07599667273759159,0.11949476349454692
2020-05-20 07:15:00,0.9469301294951057,-0.3214394653031616,0.16282289743684036,0.17085165391730484,0.12142140685869596,0.18477960894708065
2020-05-20 07:30:00,0.9238795325112867,-0.3826834323650897,0.2161110127877372,0.20439258050754727,0.17278164922000028,0.25248253996642606
2020-05-20 07:45:00,0.8968727415326884,-0.44228869021900113,0.2661928821106517,0.23715093864464643,0.2242131267372418,0.31621504379410353
2020-05-20 08:00:00,0.8660254037844387,-0.4999999999999998,0.319718589546655,0.27417860079972556,0.29108888789425114,0.3841738809071477
2020-05-20 08:15:00,0.8314696123025451,-0.5555702330196023,0.3584656958758085,0.3181737687124859,0.37657722823901607,0.4347480687071019
2020-05-20 08:30:00,0.7933533402912352,-0.6087614290087207,0.4079458508247005,0.34764811134652573,0.4242551240119967,0.4991925577510159
2020-05-20 08:45:00,0.7518398074789774,-0.6593458151000688,0.41785209323439704,0.39141371566470995,0.4694862145176848,0.5141408425032653
2020-05-20 09:00:00,0.7071067811865476,-0.7071067811865475,0.47073460923894306,0.40895672508792114,0.49608872762383927,0.5790010296052379
2020-05-20 09:15:00,0.6593458151000686,-0.7518398074789776,0.4995254190723415,0.43904906141010813,0.5396552868852118,0.6188673634736543
2020-05-20 09:30:00,0.6087614290087204,-0.7933533402912353,0.5217626290768045,0.45796557465251286,0.547761363939696,0.6419336775617945
2020-05-20 09:45:00,0.5555702330196022,-0.8314696123025453,0.57311154779871,0.5012119069314793,0.5991227842886782,0.7032446311853696
2020-05-20 10:00:00,0.49999999999999994,-0.8660254037844387,0.6152992338892055,0.5169713624565901,0.6370581716960918,0.7506410794374649
2020-05-20 10:15:00,0.4422886902190013,-0.8968727415326883,0.6627662217152023,0.5308043541852854,0.6550124826905251,0.8079128504828583
2020-05-20 10:30:00,0.3826834323650899,-0.9238795325112867,0.6623412648547435,0.5624081147016746,0.7047559436440097,0.8045900138342869
2020-05-20 10:45:00,0.32143946530316175,-0.9469301294951056,0.6669820229251676,0.5781264505791144,0.7032143030234826,0.8117421828212952
2020-05-20 11:00:00,0.258819045102521,-0.9659258262890682,0.6948386506211203,0.6003396153468505,0.7169168881352314,0.8467430753151944
2020-05-20 11:15:00,0.19509032201612816,-0.9807852804032304,0.7367644579939432,0.6285693309455678,0.7490313941322285,0.8894105176049206
2020-05-20 11:30:00,0.13052619222005157,-0.9914448613738104,0.7682990964741688,0.6385142292648369,0.7637368629258693,0.9230075106586632
2020-05-20 11:45:00,0.06540312923014312,-0.9978589232386035,0.7472909927851401,0.6594874481215964,0.8124386780041396,0.9001644273937577
2020-05-20 12:00:00,1.2246467991473532e-16,-1.0,0.7908844564046197,0.6814902360699977,0.8155231405477522,0.93140330924946
2020-05-20 12:15:00,-0.06540312923014287,-0.9978589232386035,0.7982317599176894,0.7089420108028845,0.855499864278683,0.9440117616103686
2020-05-20 12:30:00,-0.13052619222005132,-0.9914448613738105,0.7922798070287095,0.7338540918854621,0.8696649228123622,0.9394725347716565
2020-05-20 12:45:00,-0.19509032201612792,-0.9807852804032305,0.7914875354804438,0.736771213288052,0.8553469521964395,0.934891015320219
2020-05-20 13:00:00,-0.25881904510252035,-0.9659258262890684,0.7349089042428053,0.7402185314905403,0.8162133756320659,0.8508176211177837
2020-05-20 13:15:00,-0.3214394653031611,-0.9469301294951058,0.7387224792165615,0.7490702157060174,0.8044691239839422,0.8954169712077511
2020-05-20 13:30:00,-0.3826834323650892,-0.923879532511287,0.7018246304747381,0.7402958981820806,0.7741461219893747,0.8507492141356546
2020-05-20 13:45:00,-0.44228869021900147,-0.8968727415326883,0.6649267817329148,0.7315215806581439,0.7438231199948074,0.8060814570635583
2020-05-20 14:00:00,-0.5000000000000001,-0.8660254037844386,0.6280289329910913,0.7227472631342067,0.7135001180002402,0.7614136999914618
2020-05-20 14:15:00,-0.5555702330196023,-0.8314696123025452,0.5911310842492679,0.7139729456102699,0.6831771160056729,0.7167459429193654
2020-05-20 14:30:00,-0.6087614290087207,-0.7933533402912352,0.5542332355074444,0.7051986280863332,0.6528541140111054,0.672078185847269
2020-05-20 14:45:00,-0.6593458151000688,-0.7518398074789774,0.5173353867656211,0.6964243105623968,0.6225311120165381,0.6274104287751724
2020-05-20 15:00:00,-0.7071067811865475,-0.7071067811865477,0.4804375380237976,0.6876499930384601,0.5922081100219707,0.582742671703076
2020-05-20 15:15:00,-0.7518398074789773,-0.6593458151000691,0.4435396892819743,0.6788756755145233,0.5618851080274033,0.5380749146309797
2020-05-20 15:30:00,-0.7933533402912349,-0.6087614290087209,0.4066418405401508,0.6701013579905861,0.5315621060328362,0.4934071575588832
2020-05-20 15:45:00,-0.8314696123025448,-0.555570233019603,0.36974399179832734,0.6613270404666494,0.5012391040382688,0.4487394004867867
2020-05-20 16:00:00,-0.8660254037844385,-0.5000000000000004,0.33284614305650395,0.6525527229427126,0.4709161020437014,0.4040716434146903
2020-05-20 16:15:00,-0.8968727415326883,-0.44228869021900136,0.29594829431468056,0.6437784054187763,0.4405931000491342,0.35940388634259385
2020-05-20 16:30:00,-0.9238795325112868,-0.3826834323650895,0.2590504455728571,0.6350040878948395,0.4102700980545668,0.3147361292704974
2020-05-20 16:45:00,-0.9469301294951056,-0.3214394653031618,0.22215259683103372,0.6262297703709025,0.37994709605999943,0.27006837219840096
2020-05-20 17:00:00,-0.9659258262890683,-0.25881904510252063,0.1852547480892103,0.6174554528469658,0.34962409406543216,0.2254006151263045
2020-05-20 17:15:00,-0.9807852804032303,-0.19509032201612866,0.1483568993473869,0.608681135323029,0.31930109207086477,0.1807328580542081
2020-05-20 17:30:00,-0.9914448613738104,-0.13052619222005163,0.11145905060556341,0.5999068177990923,0.2889780900762975,0.13606510098211164
2020-05-20 17:45:00,-0.9978589232386035,-0.06540312923014362,0.0916238874755899,0.578473253224649,0.27324612701905426,0.11409039004552675
2020-05-20 18:00:00,-1.0,-1.8369701987210297e-16,0.04922192966084379,0.5470447992441476,0.2437378135369127,0.06094889787226556
2020-05-20 18:15:00,-0.9978589232386036,0.06540312923014237,0.021571535735464827,0.5095595448419372,0.1971214320231125,0.026477081112718057
2020-05-20 18:30:00,-0.9914448613738104,0.13052619222005213,0.00387502531695102,0.4787890828047763,0.1622812503828247,0.0037418798799665463
2020-05-20 18:45:00,-0.9807852804032304,0.1950903220161283,8.12023144722007e-05,0.4519727606034738,0.13813601907034267,0.0
2020-05-20 19:00:00,-0.9659258262890682,0.25881904510252113,0.0,0.42525414701501374,0.12459891385445754,0.0
2020-05-20 19:15:00,-0.9469301294951057,0.3214394653031615,0.0,0.39870789927256234,0.11867882593202084,0.0
2020-05-20 19:30:00,-0.9238795325112866,0.38268343236509,0.0,0.3810417533895818,0.11048205859262666,0.0
2020-05-20 19:45:00,-0.8968727415326884,0.442288690219001,0.0,0.36640135074179603,0.10265257650040494,0.0
2020-05-20 20:00:00,-0.8660254037844386,0.5000000000000001,0.0,0.35566232189359726,0.09598937473477043,0.0
2020-05-20 20:15:00,-0.8314696123025455,0.5555702330196018,0.0,0.34453512326363045,0.09046686684485417,0.0
2020-05-20 20:30:00,-0.7933533402912352,0.6087614290087205,0.0,0.32880172071847547,0.09062561843913614,0.0
2020-05-20 20:45:00,-0.7518398074789777,0.6593458151000684,0.0,0.31646744278690986,0.08806796620889112,0.0
2020-05-20 21:00:00,-0.7071067811865477,0.7071067811865474,0.0,0.30413351685332657,0.08226309466255688,0.0
2020-05-20 21:15:00,-0.6593458151000687,0.7518398074789775,0.0,0.29772212494913664,0.08161290573494023,0.0
2020-05-20 21:30:00,-0.608761429008721,0.7933533402912349,0.0,0.28961806643632104,0.07883478869597482,0.0
2020-05-20 21:45:00,-0.5555702330196022,0.8314696123025452,0.0,0.2760667798466061,0.07235297724389733,0.0
2020-05-20 22:00:00,-0.5000000000000004,0.8660254037844384,0.0,0.26779197185738557,0.07130551496035115,0.0
2020-05-20 22:15:00,-0.4422886902190014,0.8968727415326883,0.0,0.25835535477696125,0.07128375227335532,0.0
2020-05-20 22:30:00,-0.38268343236508956,0.9238795325112868,0.0,0.2522546260970906,0.07008184020522279,0.0
2020-05-20 22:45:00,-0.32143946530316186,0.9469301294951056,0.0,0.24267057219348676,0.06601746890814836,0.0
2020-05-20 23:00:00,-0.2588190451025207,0.9659258262890683,0.0,0.23107253683130402,0.06083079770104488,0.0
2020-05-20 23:15:00,-0.19509032201612872,0.9807852804032303,0.0,0.22234152182562572,0.0558162041052197,0.0
2020-05-20 23:30:00,-0.13052619222005168,0.9914448613738104,0.0,0.21483268677085232,0.051312134417357935,0.0
2020-05-20 23:45:00,-0.06540312923014367,0.9978589232386035,0.0,0.21344472795256642,0.052350424027176934,0.0
2020-05-21 00:00:00,0.0,1.0,0.0,0.2086226364299666,0.051549544589371166,0.0
2020-05-21 00:15:00,0.06540312923014306,0.9978589232386035,0.0,0.19055080806416713,0.044086454735840774,0.0
2020-05-21 00:30:00,0.13052619222005157,0.9914448613738104,0.0,0.18890649020566297,0.04302316992913685,0.0
2020-05-21 00:45:00,0.19509032201612825,0.9807852804032304,0.009100060030522904,0.18966336450450472,0.05045963026227157,0.0
2020-05-21 01:00:00,0.25881904510252074,0.9659258262890683,0.018200120061045807,0.19042023880334646,0.057896090595406347,0.0
2020-05-21 01:15:00,0.3214394653031616,0.9469301294951057,0.02730018009156871,0.1911771131021882,0.06533255092854101,0.0
2020-05-21 01:30:00,0.3826834323650898,0.9238795325112867,0.036400240122091615,0.19193398740102996,0.07276901126167579,0.0
2020-05-21 01:45:00,0.4422886902190013,0.8968727415326883,0.04550030015261452,0.19269086169987193,0.0802054715948105,0.0
2020-05-21 02:00:00,0.49999999999999994,0.8660254037844387,0.05460036018313742,0.19344773599871368,0.08764193192794528,0.0
2020-05-21 02:15:00,0.5555702330196022,0.8314696123025452,0.06370042021366032,0.19420461029755542,0.09507839226107995,0.0
2020-05-21 02:30:00,0.6087614290087207,0.7933533402912352,0.07280048024418323,0.19496148459639717,0.10251485259421467,0.0
2020-05-21 02:45:00,0.6593458151000688,0.7518398074789774,0.08190054027470613,0.19571835889523892,0.10995131292734944,0.0
2020-05-21 03:00:00,0.7071067811865476,0.7071067811865476,0.09100060030522904,0.19647523319408067,0.11738777326048411,0.0
2020-05-21 03:15:00,0.7518398074789773,0.659345815100069,0.10010066033575195,0.19723210749292264,0.12482423359361894,0.0
2020-05-21 03:30:00,0.7933533402912352,0.6087614290087207,0.10920072036627484,0.19798898179176438,0.13226069392675366,0.0
2020-05-21 03:45:00,0.8314696123025452,0.5555702330196023,0.11830078039679776,0.19874585609060613,0.13969715425988838,0.0
2020-05-21 04:00:00,0.8660254037844386,0.5000000000000001,0.12740084042732064,0.19950273038944788,0.1471336145930231,0.0
2020-05-21 04:15:00,0.8968727415326884,0.44228869021900125,0.13650090045784355,0.20025960468828985,0.15457007492615782,0.0
2020-05-21 04:30:00,0.9238795325112867,0.38268343236508984,0.14560096048836646,0.2010164789871316,0.16200653525929254,0.0
2020-05-21 04:45:00,0.9469301294951057,0.3214394653031615,0.15470102051888937,0.20177335328597334,0.16944299559242737,0.0
2020-05-21 05:00:00,0.9659258262890683,0.25881904510252074,0.16380108054941225,0.2025302275848151,0.17687945592556198,0.0
2020-05-21 05:15:00,0.9807852804032304,0.19509032201612833,0.17290114057993516,0.20328710188365684,0.1843159162586967,0.0
2020-05-21 05:30:00,0.9914448613738104,0.1305261922200517,0.18200120061045807,0.2040439761824986,0.19175237659183153,0.0
2020-05-21 05:45:00,0.9978589232386035,0.06540312923014305,0.19110126064098096,0.20480085048134034,0.19918883692496625,0.0
2020-05-21 06:00:00,1.0,6.123233995736766e-17,0.2002013206715039,0.2055577247801823,0.20662529725810097,0.22201446873507286
2020-05-21 06:15:00,0.9978589232386035,-0.06540312923014292,0.20930138070202678,0.20631459907902405,0.2140617575912357,0.2267595250145317
2020-05-21 06:30:00,0.9914448613738105,-0.13052619222005138,0.2184014407325497,0.2070714733778658,0.2214982179243704,0.23150458129399057
2020-05-21 06:45:00,0.9807852804032305,-0.19509032201612797,0.2275015007630726,0.20782834767670777,0.22893467825750513,0.23624963757344938
2020-05-21 07:00:00,0.9659258262890683,-0.25881904510252085,0.2366015607935955,0.20858522197554952,0.23637113859063985,0.2409946938529082
2020-05-21 07:15:00,0.9469301294951057,-0.3214394653031616,0.2457016208241184,0.20934209627439126,0.24380759892377457,0.24573975013236704
2020-05-21 07:30:00,0.9238795325112867,-0.3826834323650897,0.2548016808546413,0.210098970573233,0.2512440592569094,0.2504848064118259
2020-05-21 07:45:00,0.8968727415326884,-0.44228869021900113,0.2639017408851642,0.21085584487207476,0.2586805195900441,0.2552298626912847
2020-05-21 08:00:00,0.8660254037844387,-0.4999999999999998,0.2985123644910572,0.24032282002922845,0.31597214169617893,0.31559019248413495
2020-05-21 08:15:00,0.8314696123025451,-0.5555702330196023,0.3241802147482531,0.27260033032939623,0.3769614623652626,0.41954118977674815
2020-05-21 08:30:00,0.7933533402912352,-0.6087614290087207,0.37162900371773666,0.3137245373035096,0.45028220073510683,0.4769332080331612
2020-05-21 08:45:00,0.7518398074789774,-0.6593458151000688,0.45701310908672027,0.3423217413599451,0.5073798326337008,0.5525812346628156
2020-05-21 09:00:00,0.7071067811865476,-0.7071067811865475,0.5159267252666316,0.38964054346300725,0.5871543812656231,0.6022795832697478
2020-05-21 09:15:00,0.6593458151000686,-0.7518398074789776,0.5537160394662172,0.43259671912503705,0.645609940443726,0.6439371402942743
2020-05-21 09:30:00,0.6087614290087204,-0.7933533402912353,0.5996775060469082,0.47739680511872096,0.6664556860299077,0.7231817107915648
2020-05-21 09:45:00,0.5555702330196022,-0.8314696123025453,0.6321260655729536,0.49093229636001623,0.6937808806639539,0.736134597024409
2020-05-21 10:00:00,0.49999999999999994,-0.8660254037844387,0.5734582744760935,0.5257375330202716,0.7462622901505135,0.4481778857222538
2020-05-21 10:15:00,0.4422886902190013,-0.8968727415326883,0.41282000981654454,0.5204915679643216,0.6059363817411167,0.522560475437998
2020-05-21 10:30:00,0.3826834323650899,-0.9238795325112867,0.667479015038747,0.555984638174603,0.707516118947228,0.7084282228792721
2020-05-21 10:45:00,0.32143946530316175,-0.9469301294951056,0.6177837933608329,0.5692520755793418,0.7099812442483487,0.7769375209472912
2020-05-21 11:00:00,0.258819045102521,-0.9659258262890682,0.5922590231476585,0.5930620198843297,0.7415182142376374,0.7610393849063343
2020-05-21 11:15:00,0.19509032201612816,-0.9807852804032304,0.8504807369563419,0.6193104324527752,0.8080000229453964,0.9431893855450073
2020-05-21 11:30:00,0.13052619222005157,-0.9914448613738104,0.8459771083607744,0.6550336926729841,0.9137248488679132,0.9192441857670706
2020-05-21 11:45:00,0.06540312923014312,-0.9978589232386035,0.726689767156084,0.6796687087065532,0.8840856006540921,0.8735188329899534
2020-05-21 12:00:00,1.2246467991473532e-16,-1.0,0.7307951413784407,0.6919108317712122,0.8285154787473389,0.7889309385391311
2020-05-21 12:15:00,-0.06540312923014287,-0.9978589232386035,0.726849912072876,0.7005609750802655,0.8544903390847852,0.8232157240862569
2020-05-21 12:30:00,-0.13052619222005132,-0.9914448613738105,0.4748769994628638,0.6834466767582967,0.6907114825405739,0.5821291888868725
2020-05-21 12:45:00,-0.19509032201612792,-0.9807852804032305,0.6111756826387038,0.7045700012753928,0.7118456561043217,0.7354456696661266
2020-05-21 13:00:00,-0.25881904510252035,-0.9659258262890684,0.6552354575084421,0.7402571563765579,0.7668135949692932,0.7440418085413
2020-05-21 13:15:00,-0.3214394653031611,-0.9469301294951058,0.7873110166024004,0.7372642887270098,0.796757697996438,0.9459235506090147
2020-05-21 13:30:00,-0.3826834323650892,-0.923879532511287,0.6355877541462033,0.7624335379963509,0.8287649713542341,0.782884529983896
2020-05-21 13:45:00,-0.44228869021900147,-0.8968727415326883,0.7050153208679849,0.7600579218898431,0.7922341333005972,0.7954132357415326
2020-05-21 14:00:00,-0.5000000000000001,-0.8660254037844386,0.6067640695035552,0.7847195166562726,0.8077078664314082,0.7389730400535653
2020-05-21 14:15:00,-0.5555702330196023,-0.8314696123025452,0.5180701308043698,0.7721673038867747,0.6900180677835434,0.604284121239335
2020-05-21 14:30:00,-0.6087614290087207,-0.7933533402912352,0.3753611908754559,0.7689132582228153,0.62672296968415,0.5204760116171397
2020-05-21 14:45:00,-0.6593458151000688,-0.7518398074789774,0.5021068888601032,0.7624952617080407,0.591531474288529,0.6098782140403779
2020-05-21 15:00:00,-0.7071067811865475,-0.7071067811865477,0.6064907335819958,0.8034790529043299,0.7351736688368732,0.7350063164151213
2020-05-21 15:15:00,-0.7518398074789773,-0.6593458151000691,0.29133745289581314,0.7765832692423975,0.5970239756871738,0.3801324682462136
2020-05-21 15:30:00,-0.7933533402912349,-0.6087614290087209,0.46129702065323575,0.78589439102776,0.5930649638209594,0.5477782166382127
2020-05-21 15:45:00,-0.8314696123025448,-0.555570233019603,0.3063826749723681,0.7908441552318461,0.5697486432715523,0.3923014678872594
2020-05-21 16:00:00,-0.8660254037844385,-0.5000000000000004,0.22392420291134005,0.7541321884616707,0.468398302365283,0.28973449803372464
2020-05-21 16:15:00,-0.8968727415326883,-0.44228869021900136,0.19619571974398353,0.7160061900172312,0.41109651607113706,0.24950909517459804
2020-05-21 16:30:00,-0.9238795325112868,-0.3826834323650895,0.2468546840816519,0.6941892736734705,0.3983614318170595,0.3192059312922379
2020-05-21 16:45:00,-0.9469301294951056,-0.3214394653031618,0.1353062446154531,0.6758056994811785,0.3851596416424755,0.18162534535420474
2020-05-21 17:00:00,-0.9659258262890683,-0.25881904510252063,0.05774270770553467,0.6399360523406965,0.290454828266834,0.07840337777084151
2020-05-21 17:15:00,-0.9807852804032303,-0.19509032201612866,0.04094206834498188,0.6149964580315272,0.24431045698319598,0.05586536281198308
2020-05-21 17:30:00,-0.9914448613738104,-0.13052619222005163,0.03199685500141155,0.5816400630171787,0.220086631582459,0.043355294424951125
2020-05-21 17:45:00,-0.9978589232386035,-0.06540312923014362,0.024042811007742755,0.5560984707314307,0.20432256662821724,0.032087182975942964
2020-05-21 18:00:00,-1.0,-1.8369701987210297e-16,0.017424824640573863,0.49342015910894754,0.18462186996642516,0.022763575507986925
2020-05-21 18:15:00,-0.9978589232386036,0.06540312923014237,0.008227291553992494,0.4911582963757517,0.17152485429712305,0.006008835092003264
2020-05-21 18:30:00,-0.9914448613738104,0.13052619222005213,0.001283382000863208,0.4833396697565062,0.16272969533463122,0.0
2020-05-21 18:45:00,-0.9807852804032304,0.1950903220161283,0.0,0.45786463201813876,0.14883201248027034,0.0
2020-05-21 19:00:00,-0.9659258262890682,0.25881904510252113,0.0,0.4342287491122794,0.13686473561222967,0.0
2020-05-21 19:15:00,-0.9469301294951057,0.3214394653031615,0.0,0.4078145621645881,0.12708064489438597,0.0
2020-05-21 19:30:00,-0.9238795325112866,0.38268343236509,0.0,0.3786538773023631,0.12006994329310383,0.0
2020-05-21 19:45:00,-0.8968727415326884,0.442288690219001,0.0,0.36138562250060535,0.11268263821757096,0.0
2020-05-21 20:00:00,-0.8660254037844386,0.5000000000000001,0.0,0.34925966582274603,0.10855284104087759,0.0
2020-05-21 20:15:00,-0.8314696123025455,0.5555702330196018,0.0,0.3338808707891239,0.10446196778345218,0.0
2020-05-21 20:30:00,-0.7933533402912352,0.6087614290087205,0.0,0.31641071725421477,0.09997793453390846,0.0
2020-05-21 20:45:00,-0.7518398074789777,0.6593458151000684,0.0,0.30115918776415684,0.09450662626566919,0.0
2020-05-21 21:00:00,-0.7071067811865477,0.7071067811865474,0.0,0.28826072438967487,0.08850370372032945,0.0
2020-05-21 21:15:00,-0.6593458151000687,0.7518398074789775,0.0,0.2746923142842921,0.08491615857080764,0.0
2020-05-21 21:30:00,-0.608761429008721,0.7933533402912349,0.0,0.26981908271245536,0.08344539148298558,0.0
2020-05-21 21:45:00,-0.5555702330196022,0.8314696123025452,0.0,0.2673488807730149,0.08224683768926627,0.0
2020-05-21 22:00:00,-0.5000000000000004,0.8660254037844384,0.0,0.2602113869188978,0.07761580961851228,0.0
2020-05-21 22:15:00,-0.4422886902190014,0.8968727415326883,0.0,0.2558603693584838,0.07455924409731923,0.0
2020-05-21 22:30:00,-0.38268343236508956,0.9238795325112868,0.0,0.2484337319235168,0.07057827979236297,0.0
2020-05-21 22:45:00,-0.32143946530316186,0.9469301294951056,0.0,0.24263319949701123,0.0681431595762012,0.0
2020-05-21 23:00:00,-0.2588190451025207,0.9659258262890683,0.0,0.24100080212389652,0.0667149127506878,0.0
2020-05-21 23:15:00,-0.19509032201612872,0.9807852804032303,0.0,0.23723442980894904,0.06447516280042348,0.0
2020-05-21 23:30:00,-0.13052619222005168,0.9914448613738104,0.0,0.23520505853696627,0.06299943916395412,0.0
2020-05-21 23:45:00,-0.06540312923014367,0.9978589232386035,0.0,0.23281977659152275,0.06359427000362877,0.0
2020-05-22 00:00:00,0.0,1.0,0.0,0.22634259055817907,0.06528362266477644,0.0
2020-05-22 00:15:00,0.06540312923014306,0.9978589232386035,0.0,0.22059368963164494,0.06439235801143717,0.0
2020-05-22 00:30:00,0.13052619222005157,0.9914448613738104,0.0,0.21513350142504373,0.06448862151305562,0.0
2020-05-22 00:45:00,0.19509032201612825,0.9807852804032304,0.0,0.2076740063569673,0.06535289340295719,0.0
2020-05-22 01:00:00,0.25881904510252074,0.9659258262890683,0.0,0.20683553305859137,0.07794774820378736,0.0
2020-05-22 01:15:00,0.3214394653031616,0.9469301294951057,0.0,0.21056659112792153,0.08643092837528737,0.0
2020-05-22 01:30:00,0.3826834323650898,0.9238795325112867,0.0,0.2115939924505721,0.08319050436152875,0.0
2020-05-22 01:45:00,0.4422886902190013,0.8968727415326883,0.0,0.20815256716875963,0.08650337175462258,0.0
2020-05-22 02:00:00,0.49999999999999994,0.8660254037844387,0.0,0.20488494040962335,0.0896959445769292,0.0
2020-05-22 02:15:00,0.5555702330196022,0.8314696123025452,0.0,0.2055447141423845,0.09101895562663792,0.0
2020-05-22 02:30:00,0.6087614290087207,0.7933533402912352,0.0,0.202798523344486,0.08747969441103537,0.0
2020-05-22 02:45:00,0.6593458151000688,0.7518398074789774,0.0,0.20294269985848978,0.08400101372554825,0.0
2020-05-22 03:00:00,0.7071067811865476,0.7071067811865476,0.0,0.19514659053090933,0.07804661237914834,0.0
2020-05-22 03:15:00,0.7518398074789773,0.659345815100069,0.0,0.180632753277697,0.06774801668336172,0.0
2020-05-22 03:30:00,0.7933533402912352,0.6087614290087207,0.0,0.1805357691780043,0.06653620558106033,0.0
2020-05-22 03:45:00,0.8314696123025452,0.5555702330196023,0.0,0.17576082037965324,0.06734347680994035,0.0
2020-05-22 04:00:00,0.8660254037844386,0.5000000000000001,0.0,0.1712725511762796,0.06596519345735652,0.0
2020-05-22 04:15:00,0.8968727415326884,0.44228869021900125,0.0,0.1767474021184865,0.06861498588076942,0.0
2020-05-22 04:30:00,0.9238795325112867,0.38268343236508984,0.0,0.17381411894334842,0.06988332090413191,0.0
2020-05-22 04:45:00,0.9469301294951057,0.3214394653031615,0.0,0.1711945736852838,0.06924380548710596,0.0
2020-05-22 05:00:00,0.9659258262890683,0.25881904510252074,0.0,0.1691451933476924,0.06882511147948728,0.0
2020-05-22 05:15:00,0.9807852804032304,0.19509032201612833,0.0,0.16557938390470306,0.06975285306822532,0.0
2020-05-22 05:30:00,0.9914448613738104,0.1305261922200517,0.0,0.16300535794850135,0.06894129258601184,0.0
2020-05-22 05:45:00,0.9978589232386035,0.06540312923014305,0.0008736589333904715,0.16186551987887032,0.06745218899041411,0.0
2020-05-22 06:00:00,1.0,6.123233995736766e-17,0.013796775139051153,0.16271855717389028,0.0732119839999939,0.016245616324365324
2020-05-22 06:15:00,0.9978589232386035,-0.06540312923014292,0.03303782566486465,0.17390150292321827,0.08570317709058672,0.0419349081004471
2020-05-22 06:30:00,0.9914448613738105,-0.13052619222005138,0.05292922227373047,0.1898361175169383,0.09878839239112747,0.0659191747744347
2020-05-22 06:45:00,0.9807852804032305,-0.19509032201612797,0.07031349002004923,0.19984081862630565,0.12166080816840408,0.0874437801060007
2020-05-22 07:00:00,0.9659258262890683,-0.25881904510252085,0.09077197198414035,0.20434706889962895,0.139319447068331,0.11810968073220361
2020-05-22 07:15:00,0.9469301294951057,-0.3214394653031616,0.22838239560199408,0.23068131062990105,0.20854914061061647,0.2603012953755112
2020-05-22 07:30:00,0.9238795325112867,-0.3826834323650897,0.2914046253341452,0.2680643971370027,0.2958025340157726,0.33236370969973483
2020-05-22 07:45:00,0.8968727415326884,-0.44228869021900113,0.28276594809660355,0.2983128711723746,0.3311596044342572,0.3221386963353646
2020-05-22 08:00:00,0.8660254037844387,-0.4999999999999998,0.3216283687850685,0.3157710862693561,0.36752005215034556,0.37010221190749576
2020-05-22 08:15:00,0.8314696123025451,-0.5555702330196023,0.2934602633678879,0.3273468649722593,0.4018112023323732,0.346669326086914
2020-05-22 08:30:00,0.7933533402912352,-0.6087614290087207,0.154268016421441,0.319829203039131,0.3100110269149301,0.1922882185953019
2020-05-22 08:45:00,0.7518398074789774,-0.6593458151000688,0.21863354773466095,0.33083651077177656,0.3003875208193504,0.2839637280860489
2020-05-22 09:00:00,0.7071067811865476,-0.7071067811865475,0.305325278243348,0.3744866757809604,0.3694438680555192,0.37575768871844695
2020-05-22 09:15:00,0.6593458151000686,-0.7518398074789776,0.3160321475550559,0.40443010477473806,0.4089808242854456,0.41631207784060625
2020-05-22 09:30:00,0.6087614290087204,-0.7933533402912353,0.35901099034887596,0.43966281381109784,0.458462664692896,0.4727136248446255
2020-05-22 09:45:00,0.5555702330196022,-0.8314696123025453,0.3077161072464196,0.45563755232777736,0.44712551279060775,0.39614143316389255
2020-05-22 10:00:00,0.49999999999999994,-0.8660254037844387,0.4442242810945531,0.48385397407192965,0.504724157604814,0.5066181353196991
2020-05-22 10:15:00,0.4422886902190013,-0.8968727415326883,0.5226897104459826,0.5034946343610793,0.5237204463642284,0.6942943693921161
2020-05-22 10:30:00,0.3826834323650899,-0.9238795325112867,0.340237396947288,0.5221245638622383,0.5600310356790259,0.4193199899045308
2020-05-22 10:45:00,0.32143946530316175,-0.9469301294951056,0.5804817070168332,0.5164260989889755,0.5190976508472497,0.6206815847328101
2020-05-22 11:00:00,0.258819045102521,-0.9659258262890682,0.49808668292876473,0.5709980048042698,0.677304734965961,0.5945872277866883
2020-05-22 11:15:00,0.19509032201612816,-0.9807852804032304,0.45271439445620115,0.5696673716463865,0.553737030741148,0.5657097069289722
2020-05-22 11:30:00,0.13052619222005157,-0.9914448613738104,0.8179987045627297,0.6312411533538171,0.7267271642926475,0.9365460220261294
2020-05-22 11:45:00,0.06540312923014312,-0.9978589232386035,0.8576706903243904,0.6857125114905782,0.8962847870029859,0.9217856247765138
2020-05-22 12:00:00,1.2246467991473532e-16,-1.0,0.8446438197251832,0.7019216370641608,0.9296782561301299,0.9494504829019528
2020-05-22 12:15:00,-0.06540312923014287,-0.9978589232386035,0.6644736459749796,0.6970298275004778,0.8392556073686585,0.7407873807823957
2020-05-22 12:30:00,-0.13052619222005132,-0.9914448613738105,0.6241113085917542,0.7081741573400568,0.7648929249853348,0.6950749905084657
2020-05-22 12:45:00,-0.19509032201612792,-0.9807852804032305,0.7508302177111812,0.741537248651168,0.7963871838556088,0.8324430382160134
2020-05-22 13:00:00,-0.25881904510252035,-0.9659258262890684,0.667001740490418,0.7351867716327034,0.7745335604702518,0.7861623062866567
2020-05-22 13:15:00,-0.3214394653031611,-0.9469301294951058,0.6758592553076374,0.7744935578864933,0.8502189417018936,0.8238137343363677
2020-05-22 13:30:00,-0.3826834323650892,-0.923879532511287,0.6670487014966625,0.7712118294085719,0.8378559016567203,0.8054869396590473
2020-05-22 13:45:00,-0.44228869021900147,-0.8968727415326883,0.5673113993628418,0.7563439366843772,0.746529576729886,0.662545825957038
2020-05-22 14:00:00,-0.5000000000000001,-0.8660254037844386,0.6225564947196368,0.7731087760263142,0.7703196310459585,0.7296750590124654
2020-05-22 14:15:00,-0.5555702330196023,-0.8314696123025452,0.49652336573774636,0.8018376657976936,0.7794039809105845,0.6182359611918996
2020-05-22 14:30:00,-0.6087614290087207,-0.7933533402912352,0.6629265810957149,0.7914195295942184,0.7346791769926398,0.7977204526139726
2020-05-22 14:45:00,-0.6593458151000688,-0.7518398074789774,0.6383753321056659,0.8349688776367958,0.7990598626097595,0.7706563525445068
2020-05-22 15:00:00,-0.7071067811865475,-0.7071067811865477,0.5958632480436581,0.8486699541145233,0.7908958046943938,0.7057928799896842
2020-05-22 15:15:00,-0.7518398074789773,-0.6593458151000691,0.38341395159189295,0.8196845892525897,0.6994118363475811,0.4759940494141422
2020-05-22 15:30:00,-0.7933533402912349,-0.6087614290087209,0.2836730073947909,0.8021237933521201,0.5368283665811856,0.31454388861439453
2020-05-22 15:45:00,-0.8314696123025448,-0.555570233019603,0.2603749108898759,0.781508164372309,0.5271483474132416,0.33498250591895706
2020-05-22 16:00:00,-0.8660254037844385,-0.5000000000000004,0.18287068333712989,0.7337045248012715,0.4416873358401672,0.23453655790109984
2020-05-22 16:15:00,-0.8968727415326883,-0.44228869021900136,0.1597298383597853,0.7000752915989266,0.3983838695340881,0.2043319333851501
2020-05-22 16:30:00,-0.9238795325112868,-0.3826834323650895,0.1279295797405498,0.6603780062215325,0.35485843085221513,0.16404040353925586
2020-05-22 16:45:00,-0.9469301294951056,-0.3214394653031618,0.11122317625713947,0.6360693807975222,0.3265940739650631,0.14200291078351948
2020-05-22 17:00:00,-0.9659258262890683,-0.25881904510252063,0.0926755194416355,0.6175163750374815,0.30244140938659914,0.1184996328679737
2020-05-22 17:15:00,-0.9807852804032303,-0.19509032201612866,0.06857378815569475,0.5993900248130555,0.2788920613378474,0.08798205503707983
2020-05-22 17:30:00,-0.9914448613738104,-0.13052619222005163,0.045899868733469,0.5858282420795116,0.2533229081132542,0.05896664117228835
2020-05-22 17:45:00,-0.9978589232386035,-0.06540312923014362,0.030207942362729313,0.5673779774134791,0.2311060597060116,0.03769794192806527
2020-05-22 18:00:00,-1.0,-1.8369701987210297e-16,0.01752023862204882,0.5461232864801551,0.21058427740607844,0.020732515055197565
2020-05-22 18:15:00,-0.9978589232386036,0.06540312923014237,0.008179715386124381,0.5241750024378422,0.19222170121622972,0.008226030787140267
2020-05-22 18:30:00,-0.9914448613738104,0.13052619222005213,0.0016392406746631092,0.5143078969548895,0.17900323076827185,0.0
2020-05-22 18:45:00,-0.9807852804032304,0.1950903220161283,2.2599132866970598e-05,0.502156470113406,0.17076697839089527,0.0
2020-05-22 19:00:00,-0.9659258262890682,0.25881904510252113,0.0,0.48416120034692023,0.16399292122443265,0.0
2020-05-22 19:15:00,-0.9469301294951057,0.3214394653031615,0.0,0.468376031657757,0.15948601148833896,0.0
2020-05-22 19:30:00,-0.9238795325112866,0.38268343236509,0.0,0.4536811026632097,0.15709856386193288,0.0
2020-05-22 19:45:00,-0.8968727415326884,0.442288690219001,0.0,0.4404565404079166,0.15243839277582416,0.0
2020-05-22 20:00:00,-0.8660254037844386,0.5000000000000001,0.0,0.43484802512458764,0.14796024193085233,0.0
2020-05-22 20:15:00,-0.8314696123025455,0.5555702330196018,0.0,0.4288585723677516,0.1448403236356678,0.0
2020-05-22 20:30:00,-0.7933533402912352,0.6087614290087205,0.0,0.4205345503801834,0.14319744679228008,0.0
2020-05-22 20:45:00,-0.7518398074789777,0.6593458151000684,0.0,0.412620191850787,0.14277776655774732,0.0
2020-05-22 21:00:00,-0.7071067811865477,0.7071067811865474,0.0,0.40909671000482684,0.14379593263832002,0.0
2020-05-22 21:15:00,-0.6593458151000687,0.7518398074789775,0.0,0.40542340076287253,0.14909209030141712,0.0
2020-05-22 21:30:00,-0.608761429008721,0.7933533402912349,0.0,0.40065255411950873,0.1494640135674402,0.0
2020-05-22 21:45:00,-0.5555702330196022,0.8314696123025452,0.0,0.30307357014349967,0.14004800979538334,0.0
2020-05-22 22:00:00,-0.5000000000000004,0.8660254037844384,0.0,0.24104641503542323,0.1110372384494357,0.0
2020-05-22 22:15:00,-0.4422886902190014,0.8968727415326883,0.0,0.21276028903517297,0.09643994884380536,0.0
2020-05-22 22:30:00,-0.38268343236508956,0.9238795325112868,0.0,0.21197682135221396,0.09510360313832322,0.0
2020-05-22 22:45:00,-0.32143946530316186,0.9469301294951056,0.0,0.1895802534538451,0.07549106399250538,0.0
2020-05-22 23:00:00,-0.2588190451025207,0.9659258262890683,0.0,0.1321228586083356,0.057433758884500974,0.0
2020-05-22 23:15:00,-0.19509032201612872,0.9807852804032303,0.0,0.08365587499349636,0.04613935185272888,0.0
2020-05-22 23:30:00,-0.13052619222005168,0.9914448613738104,0.0,0.07852426311798366,0.04357997970221261,0.0
2020-05-22 23:45:00,-0.06540312923014367,0.9978589232386035,0.0,0.08125866807452886,0.04661131316330375,0.0
2020-05-23 00:00:00,0.0,1.0,0.0,0.08891114844052228,0.04917222803870763,0.0
2020-05-23 00:15:00,0.06540312923014306,0.9978589232386035,0.0,0.08821810865440738,0.05192701595937821,0.0
2020-05-23 00:30:00,0.13052619222005157,0.9914448613738104,0.0,0.08229208798562371,0.050867115946124364,0.0
2020-05-23 00:45:00,0.19509032201612825,0.9807852804032304,0.0,0.0792058132796265,0.050015468524149065,0.0
2020-05-23 01:00:00,0.25881904510252074,0.9659258262890683,0.0,0.07136841728165377,0.0477876739383814,0.0
2020-05-23 01:15:00,0.3214394653031616,0.9469301294951057,0.0,0.07220514918381982,0.046047550580889884,0.0
2020-05-23 01:30:00,0.3826834323650898,0.9238795325112867,0.0,0.07644797128441261,0.0459882815376953,0.0
2020-05-23 01:45:00,0.4422886902190013,0.8968727415326883,0.0,0.08553601739428629,0.048595848019930055,0.0
2020-05-23 02:00:00,0.49999999999999994,0.8660254037844387,0.0,0.09036889005726034,0.04967998141046054,0.0
2020-05-23 02:15:00,0.5555702330196022,0.8314696123025452,0.0,0.09232256861931853,0.050950844180213783,0.0
2020-05-23 02:30:00,0.6087614290087207,0.7933533402912352,0.0,0.09783290916497234,0.051610360576390846,0.0
2020-05-23 02:45:00,0.6593458151000688,0.7518398074789774,0.0,0.10051895895977525,0.05037563220447516,0.0
2020-05-23 03:00:00,0.7071067811865476,0.7071067811865476,0.0,0.10002903419127773,0.04744764162247167,0.0
2020-05-23 03:15:00,0.7518398074789773,0.659345815100069,0.0,0.10083905271654703,0.05261582343553328,0.0
2020-05-23 03:30:00,0.7933533402912352,0.6087614290087207,0.0,0.1053900660410596,0.05833668890059501,0.0
2020-05-23 03:45:00,0.8314696123025452,0.5555702330196023,0.0,0.10989859917196898,0.06098554471983764,0.0
2020-05-23 04:00:00,0.8660254037844386,0.5000000000000001,0.0,0.11644480822670045,0.0622130221441507,0.0
2020-05-23 04:15:00,0.8968727415326884,0.44228869021900125,0.0,0.11724741684181206,0.06384593807561656,0.0
2020-05-23 04:30:00,0.9238795325112867,0.38268343236508984,0.0,0.11117074296027463,0.06335000978354577,0.0
2020-05-23 04:45:00,0.9469301294951057,0.3214394653031615,0.0,0.10613009210787605,0.06185358974636018,0.0
2020-05-23 05:00:00,0.9659258262890683,0.25881904510252074,0.0,0.10243596240970065,0.06059225253433809,0.0
2020-05-23 05:15:00,0.9807852804032304,0.19509032201612833,0.0,0.10108529870727945,0.06021646612768988,0.0
2020-05-23 05:30:00,0.9914448613738104,0.1305261922200517,0.006199841126403758,0.10607392665697257,0.06405453014907475,0.0
2020-05-23 05:45:00,0.9978589232386035,0.06540312923014305,0.012399682252807517,0.11106255460666548,0.06789259417045979,0.0
2020-05-23 06:00:00,1.0,6.123233995736766e-17,0.018599523379211277,0.11605118255635882,0.07173065819184476,0.046024333164556494
2020-05-23 06:15:00,0.9978589232386035,-0.06540312923014292,0.024799364505615033,0.12103981050605195,0.07556872221322969,0.047024862146394675
2020-05-23 06:30:00,0.9914448613738105,-0.13052619222005138,0.030999205632018793,0.12602843845574485,0.07940678623461461,0.04802539112823286
2020-05-23 06:45:00,0.9807852804032305,-0.19509032201612797,0.03719904675842255,0.13101706640543798,0.08324485025599959,0.04902592011007104
2020-05-23 07:00:00,0.9659258262890683,-0.25881904510252085,0.057126235097520434,0.13511080277427223,0.10226953914615405,0.0748233805966529
2020-05-23 07:15:00,0.9469301294951057,-0.3214394653031616,0.11986069549973312,0.15749121338822758,0.14251330947926288,0.15260975229560583
2020-05-23 07:30:00,0.9238795325112867,-0.3826834323650897,0.18754717748714,0.1889193743576587,0.2060273815956034,0.23536586327783968
2020-05-23 07:45:00,0.8968727415326884,-0.44228869021900113,0.22030258341726805,0.21000196168026486,0.2709503643423474,0.2743862256194404
2020-05-23 08:00:00,0.8660254037844387,-0.4999999999999998,0.2656574420545357,0.23560255017421383,0.31959500256872153,0.32570304285137736
2020-05-23 08:15:00,0.8314696123025451,-0.5555702330196023,0.40483022558030807,0.28997459486944566,0.4197281658839279,0.48900368424087765
2020-05-23 08:30:00,0.7933533402912352,-0.6087614290087207,0.4825491176354078,0.36431343912785064,0.5368664748391637,0.5777049524730689
2020-05-23 08:45:00,0.7518398074789774,-0.6593458151000688,0.46587134424009946,0.4017187104840787,0.541415485354617,0.5634868124814812
2020-05-23 09:00:00,0.7071067811865476,-0.7071067811865475,0.5024307247121474,0.43463024608904055,0.5577664017310201,0.6043838194789845
2020-05-23 09:15:00,0.6593458151000686,-0.7518398074789776,0.5423549356344989,0.46274641188340615,0.6023215916964042,0.653511994497472
2020-05-23 09:30:00,0.6087614290087204,-0.7933533402912353,0.5054328320719547,0.48771658385332817,0.6253774295070958,0.5972497502547316
2020-05-23 09:45:00,0.5555702330196022,-0.8314696123025453,0.5819794542446208,0.491813709885788,0.571548294132398,0.6717368807394716
2020-05-23 10:00:00,0.49999999999999994,-0.8660254037844387,0.5515194429889317,0.5167409865096593,0.6500878995279343,0.6648697686608686
2020-05-23 10:15:00,0.4422886902190013,-0.8968727415326883,0.5207277854181008,0.5133159833122001,0.6173994604960286,0.647394799547838
2020-05-23 10:30:00,0.3826834323650899,-0.9238795325112867,0.5023325057853224,0.5200727172947059,0.6444931549866301,0.6434173235851522
2020-05-23 10:45:00,0.32143946530316175,-0.9469301294951056,0.6686336757034711,0.5523126843492849,0.652760780791095,0.7228011370787777
2020-05-23 11:00:00,0.258819045102521,-0.9659258262890682,0.655812656324884,0.5700688173301809,0.7332796090993335,0.7700286538226663
2020-05-23 11:15:00,0.19509032201612816,-0.9807852804032304,0.7930316879096436,0.6124724164299127,0.8083142824740214,0.9216773843280099
2020-05-23 11:30:00,0.13052619222005157,-0.9914448613738104,0.8056238526702562,0.6484388681447057,0.8804327375092157,0.9338929576498199
2020-05-23 11:45:00,0.06540312923014312,-0.9978589232386035,0.821596108834184,0.6768466905546944,0.8870637668613216,0.9463293126966407
2020-05-23 12:00:00,1.2246467991473532e-16,-1.0,0.7878048861678688,0.6875148655431851,0.8524365700541049,0.9250362414815653
2020-05-23 12:15:00,-0.06540312923014287,-0.9978589232386035,0.9104857664930908,0.7315886565971563,0.9535097478478337,0.9783418264953602
2020-05-23 12:30:00,-0.13052619222005132,-0.9914448613738105,0.7816787791101006,0.7224426821345251,1.0,0.8794791033042871
2020-05-23 12:45:00,-0.19509032201612792,-0.9807852804032305,0.5467087368814302,0.721106568964345,0.8520128466709377,0.6615674212321039
2020-05-23 13:00:00,-0.25881904510252035,-0.9659258262890684,0.6480203604325306,0.7342006297310573,0.788869810336939,0.7927135579972714
2020-05-23 13:15:00,-0.3214394653031611,-0.9469301294951058,0.7308135312331782,0.7989906490569194,0.8426523331802046,0.8568585341315431
2020-05-23 13:30:00,-0.3826834323650892,-0.923879532511287,0.7662249136042723,0.7927555170966303,0.8641206606733259,0.8857271186415385
2020-05-23 13:45:00,-0.44228869021900147,-0.8968727415326883,0.810447714189733,0.8361991246889906,0.9373649265783272,0.9214282283712845
2020-05-23 14:00:00,-0.5000000000000001,-0.8660254037844386,0.6397821803940822,0.8577117987260816,0.8912466944263974,0.7605162827443623
2020-05-23 14:15:00,-0.5555702330196023,-0.8314696123025452,0.48666977116999327,0.8222805217935749,0.7388102187559565,0.5934503452671607
2020-05-23 14:30:00,-0.6087614290087207,-0.7933533402912352,0.44651644205211827,0.8312485866022745,0.7000698978129555,0.5536200317866466
2020-05-23 14:45:00,-0.6593458151000688,-0.7518398074789774,0.4143835529311769,0.8213209406722501,0.6358067067982994,0.526025123727742
2020-05-23 15:00:00,-0.7071067811865475,-0.7071067811865477,0.3307669631375664,0.8086802892112617,0.5954033776474943,0.43609677264910246
2020-05-23 15:15:00,-0.7518398074789773,-0.6593458151000691,0.3974931477613504,0.8254914364844199,0.5950881006517259,0.5583876267683752
2020-05-23 15:30:00,-0.7933533402912349,-0.6087614290087209,0.515688441884891,0.8677484935026547,0.6670431309159733,0.6574678462817867
2020-05-23 15:45:00,-0.8314696123025448,-0.555570233019603,0.43892836746390657,0.8709576353803488,0.6617890332491713,0.5492286498277481
2020-05-23 16:00:00,-0.8660254037844385,-0.5000000000000004,0.40188254234592974,0.8769039741548632,0.6490679821864099,0.47830980837835546
2020-05-23 16:15:00,-0.8968727415326883,-0.44228869021900136,0.36439131810040987,0.8258776943208666,0.6113932781181551,0.43187832442582114
2020-05-23 16:30:00,-0.9238795325112868,-0.3826834323650895,0.31850047599758863,0.791832909227806,0.5379897107506577,0.4058670593007651
2020-05-23 16:45:00,-0.9469301294951056,-0.3214394653031618,0.24383688867341616,0.7733531677763115,0.48611206359489445,0.29738384408601093
2020-05-23 17:00:00,-0.9659258262890683,-0.25881904510252063,0.20154344191580556,0.7316200196814571,0.41452522143048864,0.24388023643061724
2020-05-23 17:15:00,-0.9807852804032303,-0.19509032201612866,0.1703579001670508,0.7008016243672024,0.3718095544012424,0.20624071563442234
2020-05-23 17:30:00,-0.9914448613738104,-0.13052619222005163,0.11879597207883173,0.6579477845847468,0.3319168010915148,0.14952018205674691
2020-05-23 17:45:00,-0.9978589232386035,-0.06540312923014362,0.0918763977147728,0.6215971665042128,0.2972684179845535,0.11543108945576727
2020-05-23 18:00:00,-1.0,-1.8369701987210297e-16,0.07596133108888954,0.6122884747231334,0.2821577244432708,0.09589985159591351
2020-05-23 18:15:00,-0.9978589232386036,0.06540312923014237,0.033763485865214174,0.5807005528336038,0.24823933599090964,0.04227318918913524
2020-05-23 18:30:00,-0.9914448613738104,0.13052619222005213,0.004140250039704383,0.543355319253376,0.20773332743919626,0.002399567611890571
2020-05-23 18:45:00,-0.9807852804032304,0.1950903220161283,7.731217765332016e-05,0.520910800125375,0.18340276291451896,0.0
2020-05-23 19:00:00,-0.9659258262890682,0.25881904510252113,0.0,0.5000633253345645,0.17038913736158434,0.0
2020-05-23 19:15:00,-0.9469301294951057,0.3214394653031615,0.0,0.4840620260375621,0.16146006791001832,0.0
2020-05-23 19:30:00,-0.9238795325112866,0.38268343236509,0.0,0.4682974040284118,0.15806355867060762,0.0
2020-05-23 19:45:00,-0.8968727415326884,0.442288690219001,0.0,0.455927517237253,0.1572028953787562,0.0
2020-05-23 20:00:00,-0.8660254037844386,0.5000000000000001,0.0,0.4394098401066606,0.1531373005897474,0.0
2020-05-23 20:15:00,-0.8314696123025455,0.5555702330196018,0.0,0.4269381713999649,0.14772475227955295,0.0
2020-05-23 20:30:00,-0.7933533402912352,0.6087614290087205,0.0,0.41363436664089126,0.13870386397724088,0.0
2020-05-23 20:45:00,-0.7518398074789777,0.6593458151000684,0.0,0.4027223965037181,0.1329810838176173,0.0
2020-05-23 21:00:00,-0.7071067811865477,0.7071067811865474,0.0,0.39393980834381814,0.12554807217729946,0.0
2020-05-23 21:15:00,-0.6593458151000687,0.7518398074789775,0.0,0.383428269572029,0.11921172979774664,0.0
2020-05-23 21:30:00,-0.608761429008721,0.7933533402912349,0.0,0.37949992657187437,0.12408506693034593,0.0
2020-05-23 21:45:00,-0.5555702330196022,0.8314696123025452,0.0,0.37068108999320626,0.12102785520852766,0.0
2020-05-23 22:00:00,-0.5000000000000004,0.8660254037844384,0.0,0.3618622534145377,0.11797064348670927,0.0
2020-05-23 22:15:00,-0.4422886902190014,0.8968727415326883,0.0,0.3538712016417922,0.11198874953320437,0.0
2020-05-23 22:30:00,-0.38268343236508956,0.9238795325112868,0.0,0.34267989898591433,0.10470393511134302,0.0
2020-05-23 22:45:00,-0.32143946530316186,0.9469301294951056,0.0,0.3325943335532864,0.10207401247820874,0.0
2020-05-23 23:00:00,-0.2588190451025207,0.9659258262890683,0.0,0.3187871082050957,0.09578907644828061,0.0
2020-05-23 23:15:00,-0.19509032201612872,0.9807852804032303,0.0,0.3077419481867394,0.09184004668912726,0.0
2020-05-23 23:30:00,-0.13052619222005168,0.9914448613738104,0.0,0.29888206280881,0.09216925230682749,0.0
2020-05-23 23:45:00,-0.06540312923014367,0.9978589232386035,0.0,0.2975851740111932,0.09127186547262361,0.0
2020-05-24 00:00:00,0.0,1.0,0.0,0.2889579269205935,0.08512055103498761,0.0
2020-05-24 00:15:00,0.06540312923014306,0.9978589232386035,0.0,0.2787160375171962,0.07899761156514223,0.0
2020-05-24 00:30:00,0.13052619222005157,0.9914448613738104,0.0,0.2645013434086325,0.07369570348995302,0.0
2020-05-24 00:45:00,0.19509032201612825,0.9807852804032304,0.0,0.25955710217470385,0.07427229726824092,0.0
2020-05-24 01:00:00,0.25881904510252074,0.9659258262890683,0.0,0.2571494917598274,0.0766863917051927,0.0
2020-05-24 01:15:00,0.3214394653031616,0.9469301294951057,0.0,0.2566875056289619,0.07646270925331589,0.0
2020-05-24 01:30:00,0.3826834323650898,0.9238795325112867,0.0,0.26305823759869273,0.0860400700145893,0.0
2020-05-24 01:45:00,0.4422886902190013,0.8968727415326883,0.0,0.2743958399768007,0.1008833565358736,0.0
2020-05-24 02:00:00,0.49999999999999994,0.8660254037844387,0.0,0.28059988711713224,0.10562335132967632,0.0
2020-05-24 02:15:00,0.5555702330196022,0.8314696123025452,0.0,0.2837078125842438,0.0972284795513989,0.0
2020-05-24 02:30:00,0.6087614290087207,0.7933533402912352,0.0,0.2694763867100427,0.08484569065882758,0.0
2020-05-24 02:45:00,0.6593458151000688,0.7518398074789774,0.0,0.2489317487986238,0.06711532931565867,0.0
2020-05-24 03:00:00,0.7071067811865476,0.7071067811865476,0.0,0.24290424691931833,0.06440124590686941,0.0
2020-05-24 03:15:00,0.7518398074789773,0.659345815100069,0.0,0.24143048266220313,0.06566760365476065,0.0
2020-05-24 03:30:00,0.7933533402912352,0.6087614290087207,0.0,0.24043140339210867,0.0680118380081145,0.0
2020-05-24 03:45:00,0.8314696123025452,0.5555702330196023,0.0,0.239725651285436,0.0729171871341589,0.0
2020-05-24 04:00:00,0.8660254037844386,0.5000000000000001,0.0,0.23692686852677158,0.0701846880622864,0.0
2020-05-24 04:15:00,0.8968727415326884,0.44228869021900125,0.0,0.23578688683683535,0.07073849254540382,0.0
2020-05-24 04:30:00,0.9238795325112867,0.38268343236508984,0.0,0.22733068479835916,0.06533889637396417,0.0
2020-05-24 04:45:00,0.9469301294951057,0.3214394653031615,0.0,0.21966751369584614,0.055294505738038735,0.0
2020-05-24 05:00:00,0.9659258262890683,0.25881904510252074,0.0,0.21713239986627375,0.052627625210607154,0.0
2020-05-24 05:15:00,0.9807852804032304,0.19509032201612833,0.0,0.20818077958259984,0.047784069559268505,0.0
2020-05-24 05:30:00,0.9914448613738104,0.1305261922200517,0.0,0.19664754294544196,0.04324537786228583,0.0
2020-05-24 05:45:00,0.9978589232386035,0.06540312923014305,0.0005074442480139335,0.19164421189364722,0.04120605236483893,0.0
2020-05-24 06:00:00,1.0,6.123233995736766e-17,0.007872794664243047,0.18531139568467392,0.0416303354604079,0.007954653249880058
2020-05-24 06:15:00,0.9978589232386035,-0.06540312923014292,0.02383130121136473,0.19912959452186185,0.0569040304725546,0.029457096783149915
2020-05-24 06:30:00,0.9914448613738105,-0.13052619222005138,0.042857473790800744,0.21996500969511135,0.08339148892855208,0.05474269729914766
2020-05-24 06:45:00,0.9807852804032305,-0.19509032201612797,0.0705906476016896,0.243699333420909,0.11696548157845654,0.08772107144206623
2020-05-24 07:00:00,0.9659258262890683,-0.25881904510252085,0.1258013028992978,0.2705119878545337,0.16060065483004027,0.12990710681075646
2020-05-24 07:15:00,0.9469301294951057,-0.3214394653031616,0.1680013056856891,0.3002172539879191,0.20804743719553276,0.17924322046052932
2020-05-24 07:30:00,0.9238795325112867,-0.3826834323650897,0.21777647267175304,0.3360249603833485,0.2637758789586099,0.23615293578672703
2020-05-24 07:45:00,0.8968727415326884,-0.44228869021900113,0.2647039955633404,0.371774723358711,0.3253351534007388,0.2945433701158728
2020-05-24 08:00:00,0.8660254037844387,-0.4999999999999998,0.3051085596525408,0.392705320004465,0.3640338046996333,0.35361556359271523
2020-05-24 08:15:00,0.8314696123025451,-0.5555702330196023,0.29566987107297893,0.39783542386676607,0.36208243913124494,0.38476281137501034
2020-05-24 08:30:00,0.7933533402912352,-0.6087614290087207,0.43853777391253146,0.42303762341713647,0.43249562064070457,0.5130847221260766
2020-05-24 08:45:00,0.7518398074789774,-0.6593458151000688,0.29771570489501753,0.4284965728985992,0.4415339507346463,0.3819171404305374
2020-05-24 09:00:00,0.7071067811865476,-0.7071067811865475,0.4630308895916373,0.45469508446352824,0.46950788720067604,0.5549822359189642
2020-05-24 09:15:00,0.6593458151000686,-0.7518398074789776,0.3428776410204418,0.47162707924783076,0.488901214562272,0.5052860975244292
2020-05-24 09:30:00,0.6087614290087204,-0.7933533402912353,0.46156466061795653,0.5026009166144139,0.5390410503384062,0.601949246969954
2020-05-24 09:45:00,0.5555702330196022,-0.8314696123025453,0.4233565245378119,0.5027221129177295,0.523336824988458,0.46364950758502754
2020-05-24 10:00:00,0.49999999999999994,-0.8660254037844387,0.47514733343804755,0.5280793922638531,0.5256462761090002,0.5340963803046561
2020-05-24 10:15:00,0.4422886902190013,-0.8968727415326883,0.47924833871245265,0.544657187956868,0.5410344280884625,0.6229627569652877
2020-05-24 10:30:00,0.3826834323650899,-0.9238795325112867,0.5866665493028054,0.5778831981741335,0.6199247478488249,0.6878973742733554
2020-05-24 10:45:00,0.32143946530316175,-0.9469301294951056,0.7231087905639365,0.6146433540450715,0.7179020888428885,0.861106252609099
2020-05-24 11:00:00,0.258819045102521,-0.9659258262890682,0.6350440256636782,0.6392308541980609,0.8102201988328249,0.7897135906499853
2020-05-24 11:15:00,0.19509032201612816,-0.9807852804032304,0.7104419755116592,0.6576192262061962,0.7707827518739251,0.8222822402868195
2020-05-24 11:30:00,0.13052619222005157,-0.9914448613738104,0.784774180916803,0.6900269776831405,0.8448814961081016,0.8536313337035053
2020-05-24 11:45:00,0.06540312923014312,-0.9978589232386035,0.7014180491259111,0.7195130391570956,0.832002394296972,0.8537324059046264
2020-05-24 12:00:00,1.2246467991473532e-16,-1.0,0.7914757879982357,0.7114242354930658,0.8476247267511833,0.8764152790111331
2020-05-24 12:15:00,-0.06540312923014287,-0.9978589232386035,0.7987764806554787,0.7715954796388391,0.8899931667694204,0.9247685675245579
2020-05-24 12:30:00,-0.13052619222005132,-0.9914448613738105,0.7767410291694833,0.7715280902984303,0.8921031531450218,0.8571179646007152
2020-05-24 12:45:00,-0.19509032201612792,-0.9807852804032305,0.771203174813957,0.7991289688759033,0.9113937620303106,0.8870946391743779
2020-05-24 13:00:00,-0.25881904510252035,-0.9659258262890684,0.7689206772751191,0.816454209522161,0.9197982107971782,0.8954081224434717
2020-05-24 13:15:00,-0.3214394653031611,-0.9469301294951058,0.752571099948459,0.8381648827446344,0.9032525313805543,0.8739142807909707
2020-05-24 13:30:00,-0.3826834323650892,-0.923879532511287,0.6492506343707826,0.8539296140719193,0.9162523502589467,0.7010558694888647
2020-05-24 13:45:00,-0.44228869021900147,-0.8968727415326883,0.6938126818313325,0.8700281875944553,0.8308577781150496,0.8613480014526865
2020-05-24 14:00:00,-0.5000000000000001,-0.8660254037844386,0.6821850269976262,0.8941929862583773,0.8655876162522841,0.658947728973596
2020-05-24 14:15:00,-0.5555702330196023,-0.8314696123025452,0.6813116019410157,0.8855191590632538,0.8465268227479831,0.7995503841788324
2020-05-24 14:30:00,-0.6087614290087207,-0.7933533402912352,0.5456272760132854,0.901307882354988,0.8012451654612737,0.5984885412229609
2020-05-24 14:45:00,-0.6593458151000688,-0.7518398074789774,0.555184766034024,0.8763675699442894,0.7243078355603162,0.6830662806276661
2020-05-24 15:00:00,-0.7071067811865475,-0.7071067811865477,0.5604712481723584,0.8996809874348421,0.7350401507090057,0.6440265043267821
2020-05-24 15:15:00,-0.7518398074789773,-0.6593458151000691,0.39012779565669703,0.89961059104428,0.7565915659612917,0.4384779417887259
2020-05-24 15:30:00,-0.7933533402912349,-0.6087614290087209,0.1953689634663344,0.8671895415452158,0.5744996068011335,0.28530936561408704
2020-05-24 15:45:00,-0.8314696123025448,-0.555570233019603,0.17555545025793132,0.8360354379334771,0.4631342015971823,0.22524628273764435
2020-05-24 16:00:00,-0.8660254037844385,-0.5000000000000004,0.23517402451217725,0.8300467090486296,0.431820011207102,0.3090628747736434
2020-05-24 16:15:00,-0.8968727415326883,-0.44228869021900136,0.23704382563942367,0.8652694005686528,0.5134779442578569,0.29469904034300537
2020-05-24 16:30:00,-0.9238795325112868,-0.3826834323650895,0.19853839318334532,0.8368658415659149,0.4637517837615883,0.257186815515467
2020-05-24 16:45:00,-0.9469301294951056,-0.3214394653031618,0.2484725607339837,0.8298948036463345,0.44259040508120573,0.2971256680551131
2020-05-24 17:00:00,-0.9659258262890683,-0.25881904510252063,0.24125650975836932,0.8386022155523658,0.4689208206126916,0.29443417395011384
2020-05-24 17:15:00,-0.9807852804032303,-0.19509032201612866,0.16371168966486288,0.8157499224708411,0.42516454416059357,0.19358483335104248
2020-05-24 17:30:00,-0.9914448613738104,-0.13052619222005163,0.11239967427505852,0.7764354502866186,0.3560699940417009,0.12811582391311876
2020-05-24 17:45:00,-0.9978589232386035,-0.06540312923014362,0.07213764050190903,0.7384180983595241,0.30486510893839314,0.0802956133487445
2020-05-24 18:00:00,-1.0,-1.8369701987210297e-16,0.03733282074139431,0.6974989452771576,0.26168383431875564,0.04503809798993108
2020-05-24 18:15:00,-0.9978589232386036,0.06540312923014237,0.02209646117562452,0.6568994506025112,0.2310736172804697,0.02745028886866976
2020-05-24 18:30:00,-0.9914448613738104,0.13052619222005213,0.009236371555001127,0.625617291856106,0.20926396928912616,0.011035024248825328
2020-05-24 18:45:00,-0.9807852804032304,0.1950903220161283,0.0010361920625099315,0.5921243363715203,0.19237749252255543,0.0
2020-05-24 19:00:00,-0.9659258262890682,0.25881904510252113,0.0,0.5659439164770004,0.1794782803412469,0.0
2020-05-24 19:15:00,-0.9469301294951057,0.3214394653031615,0.0,0.539986763324269,0.17332854017008048,0.0
2020-05-24 19:30:00,-0.9238795325112866,0.38268343236509,0.0,0.5145311114419691,0.16909934984359842,0.0
2020-05-24 19:45:00,-0.8968727415326884,0.442288690219001,0.0,0.49302036057053655,0.16480263943718165,0.0
2020-05-24 20:00:00,-0.8660254037844386,0.5000000000000001,0.0,0.47565623921459177,0.16705094790438435,0.0
2020-05-24 20:15:00,-0.8314696123025455,0.5555702330196018,0.0,0.4526671298391609,0.15728130996125667,0.0
2020-05-24 20:30:00,-0.7933533402912352,0.6087614290087205,0.0,0.440296556363414,0.15475248995128854,0.0
2020-05-24 20:45:00,-0.7518398074789777,0.6593458151000684,0.0,0.43187035301633303,0.15400668020689734,0.0
2020-05-24 21:00:00,-0.7071067811865477,0.7071067811865474,0.0,0.42567135502738096,0.14412283421377858,0.0
2020-05-24 21:15:00,-0.6593458151000687,0.7518398074789775,0.0,0.38125213918518486,0.11960459165160031,0.0
2020-05-24 21:30:00,-0.608761429008721,0.7933533402912349,0.0,0.3316103158216104,0.10712244074901855,0.0
2020-05-24 21:45:00,-0.5555702330196022,0.8314696123025452,0.0,0.3135226430584923,0.10571609342462357,0.0
2020-05-24 22:00:00,-0.5000000000000004,0.8660254037844384,0.0,0.299178915081348,0.10554129299131104,0.0
2020-05-24 22:15:00,-0.4422886902190014,0.8968727415326883,0.0,0.2937983059886178,0.10775886930995693,0.0
2020-05-24 22:30:00,-0.38268343236508956,0.9238795325112868,0.0,0.2862600576234291,0.1067076141009628,0.0
2020-05-24 22:45:00,-0.32143946530316186,0.9469301294951056,0.0,0.26963718759503497,0.10812980393824428,0.0
2020-05-24 23:00:00,-0.2588190451025207,0.9659258262890683,0.0,0.26326178347722795,0.106025704387054,0.0
2020-05-24 23:15:00,-0.19509032201612872,0.9807852804032303,0.0,0.2542778396484582,0.10104339490615577,0.0
2020-05-24 23:30:00,-0.13052619222005168,0.9914448613738104,0.0,0.2538775483769884,0.10096750937590748,0.0
2020-05-24 23:45:00,-0.06540312923014367,0.9978589232386035,0.0,0.22750984664183305,0.09746276419372901,0.0
2020-05-25 00:00:00,0.0,1.0,0.0,0.21041335274966144,0.09274993654612235,0.0
2020-05-25 00:15:00,0.06540312923014306,0.9978589232386035,0.0,0.21393640822283877,0.09236651386222772,0.0
2020-05-25 00:30:00,0.13052619222005157,0.9914448613738104,0.0,0.22859078243350783,0.09547059305985633,0.0
2020-05-25 00:45:00,0.19509032201612825,0.9807852804032304,0.0,0.2306020052922373,0.09709711026913592,0.0
2020-05-25 01:00:00,0.25881904510252074,0.9659258262890683,0.0,0.2298812916684303,0.09668231134552802,0.0
2020-05-25 01:15:00,0.3214394653031616,0.9469301294951057,0.0,0.23190195756227316,0.09666107321312045,0.0
2020-05-25 01:30:00,0.3826834323650898,0.9238795325112867,0.0,0.22695340547509968,0.09315047927742082,0.0
2020-05-25 01:45:00,0.4422886902190013,0.8968727415326883,0.0,0.2255921654835893,0.09239363600642148,0.0
2020-05-25 02:00:00,0.49999999999999994,0.8660254037844387,0.0,0.2253098618198064,0.09329103218255902,0.0
2020-05-25 02:15:00,0.5555702330196022,0.8314696123025452,0.0,0.22381857588537213,0.09233423898878329,0.0
2020-05-25 02:30:00,0.6087614290087207,0.7933533402912352,0.0,0.21959903822687354,0.09256908334351549,0.0
2020-05-25 02:45:00,0.6593458151000688,0.7518398074789774,0.0,0.2131608989641962,0.0909061243566513,0.0
2020-05-25 03:00:00,0.7071067811865476,0.7071067811865476,0.0,0.21116077975036607,0.08835087410827291,0.0
2020-05-25 03:15:00,0.7518398074789773,0.659345815100069,0.0,0.21236292210395025,0.08735948421900241,0.0
2020-05-25 03:30:00,0.7933533402912352,0.6087614290087207,0.0,0.21321856251701465,0.08679130862774898,0.0
2020-05-25 03:45:00,0.8314696123025452,0.5555702330196023,0.0,0.2114324920577506,0.08566871309072771,0.0
2020-05-25 04:00:00,0.8660254037844386,0.5000000000000001,0.0,0.20691082600395916,0.08499560357861724,0.0
2020-05-25 04:15:00,0.8968727415326884,0.44228869021900125,0.0,0.20112561606883927,0.08297604591378782,0.0
2020-05-25 04:30:00,0.9238795325112867,0.38268343236508984,0.0,0.20368319301188076,0.08514083769649206,0.0
2020-05-25 04:45:00,0.9469301294951057,0.3214394653031615,0.0,0.20560963052065095,0.084896549952863,0.0
2020-05-25 05:00:00,0.9659258262890683,0.25881904510252074,0.0,0.19925641125197036,0.07258625084794146,0.0
2020-05-25 05:15:00,0.9807852804032304,0.19509032201612833,0.0,0.18742972787466217,0.06456012125665739,0.0
2020-05-25 05:30:00,0.9914448613738104,0.1305261922200517,0.0,0.1795523425977661,0.06011213882980415,0.0
2020-05-25 05:45:00,0.9978589232386035,0.06540312923014305,0.0015614594186318014,0.17045924733651296,0.06252421520822049,0.0
2020-05-25 06:00:00,1.0,6.123233995736766e-17,0.011682404033915019,0.1687006650245393,0.06072122308007111,0.0
2020-05-25 06:15:00,0.9978589232386035,-0.06540312923014292,0.027127780791578165,0.17625173638472602,0.06988457473223753,0.030169798828807947
2020-05-25 06:30:00,0.9914448613738105,-0.13052619222005138,0.04142877869672601,0.1961715144032834,0.08306346652197627,0.05316180218186577
2020-05-25 06:45:00,0.9807852804032305,-0.19509032201612797,0.06811972600355194,0.20985835451818868,0.09762825483783877,0.08659207398127883
2020-05-25 07:00:00,0.9659258262890683,-0.25881904510252085,0.12168330478573817,0.22825096781348164,0.11465369919347962,0.126995965952691
2020-05-25 07:15:00,0.9469301294951057,-0.3214394653031616,0.16668738306167818,0.2425211442414683,0.15781661018359905,0.17959314994084422
2020-05-25 07:30:00,0.9238795325112867,-0.3826834323650897,0.16608084036948503,0.26343792031800883,0.21499505302130995,0.20216581137932185
2020-05-25 07:45:00,0.8968727415326884,-0.44228869021900113,0.23024151392570502,0.2724550090204998,0.2503956516264113,0.26618958460204484
2020-05-25 08:00:00,0.8660254037844387,-0.4999999999999998,0.1981687041147571,0.2888280515267829,0.2875564163557287,0.2564226813580621
2020-05-25 08:15:00,0.8314696123025451,-0.5555702330196023,0.36391137994541667,0.3051703907045453,0.3554790197128924,0.43438344433972353
2020-05-25 08:30:00,0.7933533402912352,-0.6087614290087207,0.4131546227628804,0.3591822023321547,0.4665562925662703,0.49121687767986905
2020-05-25 08:45:00,0.7518398074789774,-0.6593458151000688,0.4559541057897798,0.4032006925155718,0.5308246719702457,0.5463440314582371
2020-05-25 09:00:00,0.7071067811865476,-0.7071067811865475,0.5060572407380417,0.44244406142803805,0.5782017110765343,0.6076916625529252
2020-05-25 09:15:00,0.6593458151000686,-0.7518398074789776,0.5488050624483154,0.4925532983594847,0.6375503937518391,0.6565542543705087
2020-05-25 09:30:00,0.6087614290087204,-0.7933533402912353,0.585077988149346,0.5234273061490649,0.6575252074531485,0.6999387593543702
2020-05-25 09:45:00,0.5555702330196022,-0.8314696123025453,0.6245939540101487,0.5488260545761916,0.6961810286991655,0.7428798491015624
2020-05-25 10:00:00,0.49999999999999994,-0.8660254037844387,0.6568378829501434,0.5578758707558893,0.7299668710869963,0.7724686025941728
2020-05-25 10:15:00,0.4422886902190013,-0.8968727415326883,0.6828104435886279,0.5937294458865137,0.7459292458017567,0.7723119168480441
2020-05-25 10:30:00,0.3826834323650899,-0.9238795325112867,0.7062294185429601,0.6173053160216946,0.7853954870104941,0.8226750597817559
2020-05-25 10:45:00,0.32143946530316175,-0.9469301294951056,0.7299391448708114,0.6356739819133035,0.8415488302448665,0.8559535441539214
2020-05-25 11:00:00,0.258819045102521,-0.9659258262890682,0.747497820942188,0.672129908300813,0.8694808589981619,0.874144022808484
2020-05-25 11:15:00,0.19509032201612816,-0.9807852804032304,0.760318524355141,0.7128106202584454,0.8857779515736356,0.8877548338350538
2020-05-25 11:30:00,0.13052619222005157,-0.9914448613738104,0.7759859640752966,0.716155757101421,0.8953542074754849,0.9034641464896799
2020-05-25 11:45:00,0.06540312923014312,-0.9978589232386035,0.7848356026714581,0.7515613221521991,0.8437029471106673,0.9187301632936817
2020-05-25 12:00:00,1.2246467991473532e-16,-1.0,0.7900989969444485,0.7539256355329809,0.8612485133571003,0.9198751699350707
2020-05-25 12:15:00,-0.06540312923014287,-0.9978589232386035,0.7944869388511053,0.7826381666950526,0.8462709512077286,0.9267007062089608
2020-05-25 12:30:00,-0.13052619222005132,-0.9914448613738105,0.7912375624616715,0.8013663533232134,0.8548770609779649,0.9246961682795157
2020-05-25 12:45:00,-0.19509032201612792,-0.9807852804032305,0.7858264217462082,0.8058054886734991,0.8988894944517692,0.9160668643463471
2020-05-25 13:00:00,-0.25881904510252035,-0.9659258262890684,0.7738117101415096,0.8341324150227034,0.8851783533343541,0.9046330471663544
2020-05-25 13:15:00,-0.3214394653031611,-0.9469301294951058,0.7473897730518483,0.8655132088611579,0.9013355772762052,0.87783060768561
2020-05-25 13:30:00,-0.3826834323650892,-0.923879532511287,0.7087417949959631,0.8774355036101451,0.888474655771705,0.8390878752053629
2020-05-25 13:45:00,-0.44228869021900147,-0.8968727415326883,0.7198018162042968,0.8808044993764386,0.8700211024091827,0.8562397359439515
2020-05-25 14:00:00,-0.5000000000000001,-0.8660254037844386,0.7045570037119739,0.8701470827670665,0.8578868862946357,0.8377379168217428
2020-05-25 14:15:00,-0.5555702330196023,-0.8314696123025452,0.6547707822944011,0.8847480347120762,0.8656735785143391,0.7752954568106544
2020-05-25 14:30:00,-0.6087614290087207,-0.7933533402912352,0.6083099092656385,0.8992180408431818,0.812560176378485,0.7448977677817562
2020-05-25 14:45:00,-0.6593458151000688,-0.7518398074789774,0.6223566020199445,0.9222000891006272,0.7773300318972528,0.6900694100548403
2020-05-25 15:00:00,-0.7071067811865475,-0.7071067811865477,0.6179437740191521,0.9414372853277546,0.8312770294242485,0.7432927396423378
2020-05-25 15:15:00,-0.7518398074789773,-0.6593458151000691,0.5544597171293378,0.9313618765436338,0.7748295569207077,0.6535403090411818
2020-05-25 15:30:00,-0.7933533402912349,-0.6087614290087209,0.41333321167655956,0.9344000698640975,0.6709240923341916,0.5809496553221792
2020-05-25 15:45:00,-0.8314696123025448,-0.555570233019603,0.5152411835260625,0.9580578305024472,0.690743805228646,0.6261734704042743
2020-05-25 16:00:00,-0.8660254037844385,-0.5000000000000004,0.4513602525175516,0.963187261144564,0.7141516866708938,0.5642965844192276
2020-05-25 16:15:00,-0.8968727415326883,-0.44228869021900136,0.25055882560583526,0.9365564928520909,0.5908473608828254,0.31815608312649124
2020-05-25 16:30:00,-0.9238795325112868,-0.3826834323650895,0.10947167479144919,0.8958281079291692,0.44195669110532776,0.14540292545742892
2020-05-25 16:45:00,-0.9469301294951056,-0.3214394653031618,0.07187936442392492,0.8383435473669147,0.35054001089732745,0.09766580671846911
2020-05-25 17:00:00,-0.9659258262890683,-0.25881904510252063,0.06183765727209885,0.8236756629094792,0.3179829422526449,0.08331212730384145
2020-05-25 17:15:00,-0.9807852804032303,-0.19509032201612866,0.0552154459696392,0.8116655719134045,0.30335235960327067,0.07164199717721927
2020-05-25 17:30:00,-0.9914448613738104,-0.13052619222005163,0.0414343507152067,0.7960141137290335,0.2905077489137422,0.051394831558043655
2020-05-25 17:45:00,-0.9978589232386035,-0.06540312923014362,0.030086262983697716,0.7074235662044883,0.2677303202085263,0.03587219175364781
2020-05-25 18:00:00,-1.0,-1.8369701987210297e-16,0.026527969668084943,0.6063743790278735,0.2266535276570979,0.03171079075662964
2020-05-25 18:15:00,-0.9978589232386036,0.06540312923014237,0.013564718414019284,0.5639033950758672,0.194561203428242,0.016603908744795257
2020-05-25 18:30:00,-0.9914448613738104,0.13052619222005213,0.003112132763280369,0.5043901294090314,0.16930114364305404,0.002495383057542485
2020-05-25 18:45:00,-0.9807852804032304,0.1950903220161283,4.0808782417044e-05,0.45433074218813574,0.14746406833768932,0.0
2020-05-25 19:00:00,-0.9659258262890682,0.25881904510252113,0.0,0.43396839563230305,0.14075588897943458,0.0
2020-05-25 19:15:00,-0.9469301294951057,0.3214394653031615,0.0,0.4312175628209469,0.13538985817412297,0.0
2020-05-25 19:30:00,-0.9238795325112866,0.38268343236509,0.0,0.4127630446856767,0.12001316623578029,0.0
2020-05-25 19:45:00,-0.8968727415326884,0.442288690219001,0.0,0.38647496341934673,0.10618938791951332,0.0
2020-05-25 20:00:00,-0.8660254037844386,0.5000000000000001,0.0,0.3759709647136169,0.09435272223081043,0.0
2020-05-25 20:15:00,-0.8314696123025455,0.5555702330196018,0.0,0.37211630341852375,0.10242996565870505,0.0
2020-05-25 20:30:00,-0.7933533402912352,0.6087614290087205,0.0,0.4007491073582834,0.1264196372041808,0.0
2020-05-25 20:45:00,-0.7518398074789777,0.6593458151000684,0.0,0.42221239909198016,0.14528653395680302,0.0
2020-05-25 21:00:00,-0.7071067811865477,0.7071067811865474,0.0,0.4275873983370919,0.15152270840879312,0.0
2020-05-25 21:15:00,-0.6593458151000687,0.7518398074789775,0.0,0.42714922592761684,0.15433031491825977,0.0
2020-05-25 21:30:00,-0.608761429008721,0.7933533402912349,0.0,0.31382053850173364,0.14528782073280289,0.0
2020-05-25 21:45:00,-0.5555702330196022,0.8314696123025452,0.0,0.1907721359318264,0.10459428070144844,0.0
2020-05-25 22:00:00,-0.5000000000000004,0.8660254037844384,0.0,0.14152441886971712,0.08006959863401947,0.0
2020-05-25 22:15:00,-0.4422886902190014,0.8968727415326883,0.0,0.13772235402352417,0.07290031841490108,0.0
2020-05-25 22:30:00,-0.38268343236508956,0.9238795325112868,0.0,0.14032254131607225,0.07066021296890956,0.0
2020-05-25 22:45:00,-0.32143946530316186,0.9469301294951056,0.0,0.14462302248134873,0.06090057390814335,0.0
2020-05-25 23:00:00,-0.2588190451025207,0.9659258262890683,0.0,0.14407776799000427,0.04757652032517612,0.0
2020-05-25 23:15:00,-0.19509032201612872,0.9807852804032303,0.0,0.14144269442752666,0.04061668283957265,0.0
2020-05-25 23:30:00,-0.13052619222005168,0.9914448613738104,0.0,0.1395055302771604,0.03539222542006931,0.0
2020-05-25 23:45:00,-0.06540312923014367,0.9978589232386035,0.0,0.13373264027140586,0.03332782185374672,0.0
2020-05-26 00:00:00,0.0,1.0,0.0,0.13002973627016723,0.03435740578606189,0.0
2020-05-26 00:15:00,0.06540312923014306,0.9978589232386035,0.0,0.125731992866972,0.03762843397393367,0.0
2020-05-26 00:30:00,0.13052619222005157,0.9914448613738104,0.0,0.12647270561837543,0.03854317279666447,0.0
2020-05-26 00:45:00,0.19509032201612825,0.9807852804032304,0.0,0.1180425302722099,0.03814077614359723,0.0
2020-05-26 01:00:00,0.25881904510252074,0.9659258262890683,0.0,0.1219389671237816,0.03491576390927548,0.0
2020-05-26 01:15:00,0.3214394653031616,0.9469301294951057,0.0,0.12578814840657815,0.03265088626739204,0.0
2020-05-26 01:30:00,0.3826834323650898,0.9238795325112867,0.0,0.12390059609563053,0.030528425296603434,0.0
2020-05-26 01:45:00,0.4422886902190013,0.8968727415326883,0.0,0.11952944027544854,0.03180546177853183,0.0
2020-05-26 02:00:00,0.49999999999999994,0.8660254037844387,0.0,0.11344632592081894,0.031069088391474486,0.0
2020-05-26 02:15:00,0.5555702330196022,0.8314696123025452,0.0,0.10650510716725026,0.028072559760138116,0.0
2020-05-26 02:30:00,0.6087614290087207,0.7933533402912352,0.0,0.09001318744089448,0.021082197657532387,0.0
2020-05-26 02:45:00,0.6593458151000688,0.7518398074789774,0.0,0.06757704317198132,0.01625576808065171,0.0
2020-05-26 03:00:00,0.7071067811865476,0.7071067811865476,0.0,0.06339283610873392,0.01587642089058028,0.0
2020-05-26 03:15:00,0.7518398074789773,0.659345815100069,0.0,0.06458500133919198,0.018195285465651523,0.0
2020-05-26 03:30:00,0.7933533402912352,0.6087614290087207,0.0,0.06602533348197426,0.023393035000463358,0.0
2020-05-26 03:45:00,0.8314696123025452,0.5555702330196023,0.0,0.06616806064909597,0.024947196021787077,0.0
2020-05-26 04:00:00,0.8660254037844386,0.5000000000000001,0.0,0.057958924327071504,0.01850333331166215,0.0
2020-05-26 04:15:00,0.8968727415326884,0.44228869021900125,0.0,0.04499214417123354,0.01342576373316301,0.0
2020-05-26 04:30:00,0.9238795325112867,0.38268343236508984,0.0,0.06569578771382045,0.017550069259276824,0.0
2020-05-26 04:45:00,0.9469301294951057,0.3214394653031615,0.0,0.07753672540648915,0.02360285824197883,0.0
2020-05-26 05:00:00,0.9659258262890683,0.25881904510252074,0.0,0.08362122210656353,0.020108490742496876,0.0
2020-05-26 05:15:00,0.9807852804032304,0.19509032201612833,0.0,0.101069850548126,0.024720852826530693,0.0
2020-05-26 05:30:00,0.9914448613738104,0.1305261922200517,0.0,0.13062032989683003,0.03411402511403966,0.0
2020-05-26 05:45:00,0.9978589232386035,0.06540312923014305,0.0006756721464075385,0.13484412679502578,0.03911512714978904,0.0
2020-05-26 06:00:00,1.0,6.123233995736766e-17,0.008646889946797416,0.1411885393819572,0.044073250967587074,0.009218533049125394
2020-05-26 06:15:00,0.9978589232386035,-0.06540312923014292,0.02354100497491983,0.1500355466989305,0.053327133519996905,0.028893255143326187
2020-05-26 06:30:00,0.9914448613738105,-0.13052619222005138,0.04148633650273421,0.16443804230999448,0.06627145317693628,0.05527129510295053
2020-05-26 06:45:00,0.9807852804032305,-0.19509032201612797,0.06942150927156948,0.1866851822563449,0.08763681749536323,0.08919683240333853
2020-05-26 07:00:00,0.9659258262890683,-0.25881904510252085,0.12956928694420117,0.21195996840694398,0.12079679031882307,0.1343147965140522
2020-05-26 07:15:00,0.9469301294951057,-0.3214394653031616,0.17622788406322656,0.23882988246127645,0.16938229912875025,0.1882581158194396
2020-05-26 07:30:00,0.9238795325112867,-0.3826834323650897,0.22244216092182106,0.27047788700815145,0.23267043879355542,0.24538473007611547
2020-05-26 07:45:00,0.8968727415326884,-0.44228869021900113,0.27060785681454674,0.3038929015479792,0.29564764978105373,0.3081722809520304
2020-05-26 08:00:00,0.8660254037844387,-0.4999999999999998,0.3239567544658399,0.33362733606786654,0.366165331564845,0.37287751465829905
2020-05-26 08:15:00,0.8314696123025451,-0.5555702330196023,0.36947789335061254,0.3836308328696767,0.4418490105555736,0.43424258846263863
2020-05-26 08:30:00,0.7933533402912352,-0.6087614290087207,0.41583525730846926,0.41981341038359243,0.498653334069735,0.4945753165657915
2020-05-26 08:45:00,0.7518398074789774,-0.6593458151000688,0.45908817764266796,0.444394061643244,0.5342023928737432,0.5509857043892933
2020-05-26 09:00:00,0.7071067811865476,-0.7071067811865475,0.5036546697098541,0.45827661584187873,0.5710747889919755,0.6041353205653273
2020-05-26 09:15:00,0.6593458151000686,-0.7518398074789776,0.5454898838963813,0.4894514139214905,0.650605388801598,0.6508678705065128
2020-05-26 09:30:00,0.6087614290087204,-0.7933533402912353,0.5894853507554416,0.508437363093662,0.6943138309379947,0.6986868863664467
2020-05-26 09:45:00,0.5555702330196022,-0.8314696123025453,0.6270264550057814,0.5372635652397189,0.7410499937184943,0.7214008815707433
2020-05-26 10:00:00,0.49999999999999994,-0.8660254037844387,0.6675766636994453,0.5769759217729633,0.7580338098157983,0.7843786894088718
2020-05-26 10:15:00,0.4422886902190013,-0.8968727415326883,0.5888171060869131,0.6207776340954216,0.784882189552793,0.7233180864922918
2020-05-26 10:30:00,0.3826834323650899,-0.9238795325112867,0.805556067400479,0.6181247820702105,0.8264846762072126,0.8664265785398695
2020-05-26 10:45:00,0.32143946530316175,-0.9469301294951056,0.6975069531129973,0.6442219291161166,0.8708703844134177,0.8246841376190508
2020-05-26 11:00:00,0.258819045102521,-0.9659258262890682,0.8092470054902768,0.6531601253893233,0.818560563342264,0.8967344256374902
2020-05-26 11:15:00,0.19509032201612816,-0.9807852804032304,0.47511999067797683,0.6675141222183398,0.7850736917559707,0.5695007848026118
2020-05-26 11:30:00,0.13052619222005157,-0.9914448613738104,0.6865868211869222,0.6804240886816968,0.8203911604125301,0.80630459658194
2020-05-26 11:45:00,0.06540312923014312,-0.9978589232386035,0.5773035544109218,0.6946616722765124,0.727609247131228,0.7198336060726419
2020-05-26 12:00:00,1.2246467991473532e-16,-1.0,0.5632460517807925,0.707023256339318,0.7440598387235405,0.7753627785543818
2020-05-26 12:15:00,-0.06540312923014287,-0.9978589232386035,0.8628939449562874,0.7378246188623392,0.8647313294051456,0.9318442752507534
2020-05-26 12:30:00,-0.13052619222005132,-0.9914448613738105,0.44599903877687963,0.7526526659279165,0.7573394879871612,0.5757657649206382
2020-05-26 12:45:00,-0.19509032201612792,-0.9807852804032305,0.8256345167013949,0.7830727707169711,0.8770588881842191,0.8988846580628536
2020-05-26 13:00:00,-0.25881904510252035,-0.9659258262890684,0.5585657298314728,0.8232436754700092,0.8867300223698068,0.6023142297530467
2020-05-26 13:15:00,-0.3214394653031611,-0.9469301294951058,0.48446436760867223,0.7856569174166042,0.6729991093414677,0.6330697930926344
2020-05-26 13:30:00,-0.3826834323650892,-0.923879532511287,0.6696751535490658,0.8349590037407653,0.8440616932279245,0.7924440919449666
2020-05-26 13:45:00,-0.44228869021900147,-0.8968727415326883,0.7830714060995129,0.8608311112317317,0.9160138855534087,0.9055771041022472
2020-05-26 14:00:00,-0.5000000000000001,-0.8660254037844386,0.5883962586896757,0.8812126458451301,0.8759241120717888,0.6102097450369182
2020-05-26 14:15:00,-0.5555702330196023,-0.8314696123025452,0.19930593209870154,0.8286726817205972,0.6389016516944438,0.25361279187217806
2020-05-26 14:30:00,-0.6087614290087207,-0.7933533402912352,0.36447374038267316,0.7993580073587363,0.5551956595433886,0.5288408075430244
2020-05-26 14:45:00,-0.6593458151000688,-0.7518398074789774,0.24760279847760439,0.8042567748133103,0.540757132782541,0.3347943994142325
2020-05-26 15:00:00,-0.7071067811865475,-0.7071067811865477,0.26797912424334613,0.7999931412327659,0.4968483290755885,0.3320010566020593
2020-05-26 15:15:00,-0.7518398074789773,-0.6593458151000691,0.2612372574647931,0.8076641127131434,0.5207636573134495,0.3125248947004385
2020-05-26 15:30:00,-0.7933533402912349,-0.6087614290087209,0.438862920558103,0.8389229870174557,0.5994329173948748,0.5936445447788153
2020-05-26 15:45:00,-0.8314696123025448,-0.555570233019603,0.4327419126072126,0.8660364137885737,0.6347702614669631,0.5555958370753531
2020-05-26 16:00:00,-0.8660254037844385,-0.5000000000000004,0.30356722417429377,0.8756825504546331,0.5949431759226164,0.37653695979803536
2020-05-26 16:15:00,-0.8968727415326883,-0.44228869021900136,0.36964411559702415,0.8662420899281196,0.5649120136091619,0.46523500232224957
2020-05-26 16:30:00,-0.9238795325112868,-0.3826834323650895,0.32175990707925467,0.8596385196284906,0.5418844427815459,0.39467749979742095
2020-05-26 16:45:00,-0.9469301294951056,-0.3214394653031618,0.3479883982439797,0.8523502783107946,0.520212642954468,0.4381947963917699
2020-05-26 17:00:00,-0.9659258262890683,-0.25881904510252063,0.25457046553967194,0.8511207224313215,0.5160123417034712,0.3112550413625662
2020-05-26 17:15:00,-0.9807852804032303,-0.19509032201612866,0.05722292543827144,0.7866592480196071,0.3777081004277567,0.07446251955580527
2020-05-26 17:30:00,-0.9914448613738104,-0.13052619222005163,0.03607231721015635,0.7309750343520693,0.28546351386520774,0.047610240927879785
2020-05-26 17:45:00,-0.9978589232386035,-0.06540312923014362,0.028867135670628076,0.6813646401124893,0.25547735506070524,0.037037508282545706
2020-05-26 18:00:00,-1.0,-1.8369701987210297e-16,0.021737043445825756,0.6190701402931165,0.23105331715854505,0.02718978315871061
2020-05-26 18:15:00,-0.9978589232386036,0.06540312923014237,0.020059757014132835,0.5853322852581666,0.21154845655346333,0.006201959366215979
2020-05-26 18:30:00,-0.9914448613738104,0.13052619222005213,0.010102326240341892,0.5614047832446658,0.1959314485995377,0.0
2020-05-26 18:45:00,-0.9807852804032304,0.1950903220161283,0.0005655680832624506,0.5416965092083796,0.17673608333790292,0.0
2020-05-26 19:00:00,-0.9659258262890682,0.25881904510252113,0.0,0.5277592940189468,0.1690475011082201,0.0
2020-05-26 19:15:00,-0.9469301294951057,0.3214394653031615,0.0,0.51508327605763,0.16350833966486922,0.0
2020-05-26 19:30:00,-0.9238795325112866,0.38268343236509,0.0,0.46329646867872953,0.15140074223461675,0.0
2020-05-26 19:45:00,-0.8968727415326884,0.442288690219001,0.0,0.40027809110068446,0.13323086321182565,0.0
2020-05-26 20:00:00,-0.8660254037844386,0.5000000000000001,0.0,0.3639645764285535,0.11161889214034448,0.0
2020-05-26 20:15:00,-0.8314696123025455,0.5555702330196018,0.0,0.35555342628478415,0.09988432896304422,0.0
2020-05-26 20:30:00,-0.7933533402912352,0.6087614290087205,0.0,0.3984869708488792,0.10386898202586708,0.0
2020-05-26 20:45:00,-0.7518398074789777,0.6593458151000684,0.0,0.426722598923716,0.11878674876934014,0.0
2020-05-26 21:00:00,-0.7071067811865477,0.7071067811865474,0.0,0.4269006416187795,0.13413075278014686,0.0
2020-05-26 21:15:00,-0.6593458151000687,0.7518398074789775,0.0,0.4350651149108984,0.15608301352273757,0.0
2020-05-26 21:30:00,-0.608761429008721,0.7933533402912349,0.0,0.4277235366020993,0.16391580326212019,0.0
2020-05-26 21:45:00,-0.5555702330196022,0.8314696123025452,0.0,0.37375909979941224,0.14029813373617117,0.0
2020-05-26 22:00:00,-0.5000000000000004,0.8660254037844384,0.0,0.37512410309175004,0.12977825475774918,0.0
2020-05-26 22:15:00,-0.4422886902190014,0.8968727415326883,0.0,0.37484332539371823,0.12576952843638056,0.0
2020-05-26 22:30:00,-0.38268343236508956,0.9238795325112868,0.0,0.37553692170851827,0.11952665662168549,0.0
2020-05-26 22:45:00,-0.32143946530316186,0.9469301294951056,0.0,0.36433022090413014,0.11432844511319495,0.0
2020-05-26 23:00:00,-0.2588190451025207,0.9659258262890683,0.0,0.3308269151400882,0.11971728932189274,0.0
2020-05-26 23:15:00,-0.19509032201612872,0.9807852804032303,0.0,0.2397229045470861,0.10884978675231721,0.0
2020-05-26 23:30:00,-0.13052619222005168,0.9914448613738104,0.0,0.219756136400854,0.09527381336741253,0.0
2020-05-26 23:45:00,-0.06540312923014367,0.9978589232386035,0.0,0.20599438034388462,0.08545984282687918,0.0
2020-05-27 00:00:00,0.0,1.0,0.0,0.19874347581758722,0.07772580435604848,0.0
2020-05-27 00:15:00,0.06540312923014306,0.9978589232386035,0.0,0.20125012140965004,0.07614589234528513,0.0
2020-05-27 00:30:00,0.13052619222005157,0.9914448613738104,0.0,0.20284796463479204,0.07409663476532397,0.0
2020-05-27 00:45:00,0.19509032201612825,0.9807852804032304,0.0,0.20472852443209621,0.0782958756566442,0.0
2020-05-27 01:00:00,0.25881904510252074,0.9659258262890683,0.0,0.20738115878278074,0.08158130378205991,0.0
2020-05-27 01:15:00,0.3214394653031616,0.9469301294951057,0.0,0.21263248395371837,0.08552914731656175,0.0
2020-05-27 01:30:00,0.3826834323650898,0.9238795325112867,0.0,0.21618416474911517,0.08602883548573492,0.0
2020-05-27 01:45:00,0.4422886902190013,0.8968727415326883,0.0,0.21524416984700778,0.08147209587640575,0.0
2020-05-27 02:00:00,0.49999999999999994,0.8660254037844387,0.0,0.20060966011989834,0.07234862340063652,0.0
2020-05-27 02:15:00,0.5555702330196022,0.8314696123025452,0.0,0.1950186562552949,0.0647318362401949,0.0
2020-05-27 02:30:00,0.6087614290087207,0.7933533402912352,0.0,0.20107972938110485,0.07188245187890552,0.0
2020-05-27 02:45:00,0.6593458151000688,0.7518398074789774,0.0,0.25021622149256406,0.08248859125764696,0.0
2020-05-27 03:00:00,0.7071067811865476,0.7071067811865476,0.0,0.2565491265024855,0.08677308331911715,0.0
2020-05-27 03:15:00,0.7518398074789773,0.659345815100069,0.0,0.25013308777612164,0.0806416036143967,0.0
2020-05-27 03:30:00,0.7933533402912352,0.6087614290087207,0.0,0.24298066189832568,0.07471130023746303,0.0
2020-05-27 03:45:00,0.8314696123025452,0.5555702330196023,0.0,0.23352323333794955,0.0709179759995689,0.0
2020-05-27 04:00:00,0.8660254037844386,0.5000000000000001,0.0,0.21678462778367402,0.07023048041213825,0.0
2020-05-27 04:15:00,0.8968727415326884,0.44228869021900125,0.0,0.20858605364517335,0.07301649389617537,0.0
2020-05-27 04:30:00,0.9238795325112867,0.38268343236508984,0.0,0.21256619420627687,0.07045721034335073,0.0
2020-05-27 04:45:00,0.9469301294951057,0.3214394653031615,0.0,0.21552276182350938,0.07059128537099535,0.0
2020-05-27 05:00:00,0.9659258262890683,0.25881904510252074,0.0,0.21496106280713878,0.07165142706910904,0.0
2020-05-27 05:15:00,0.9807852804032304,0.19509032201612833,0.0,0.2059036905323297,0.0725007229355683,0.0
2020-05-27 05:30:00,0.9914448613738104,0.1305261922200517,0.0,0.20250076254528238,0.07510939919932141,0.0
2020-05-27 05:45:00,0.9978589232386035,0.06540312923014305,0.0006880333383252719,0.19655610714180738,0.06897854018069793,0.0
2020-05-27 06:00:00,1.0,6.123233995736766e-17,0.00965123439396476,0.18968255599299133,0.0688947253579349,0.010440239714720002
2020-05-27 06:15:00,0.9978589232386035,-0.06540312923014292,0.02257172205696113,0.18449013887046806,0.07422577363585359,0.027577477301572936
2020-05-27 06:30:00,0.9914448613738105,-0.13052619222005138,0.04963419752699095,0.19808672708751995,0.09341944258317819,0.06093402377935209
2020-05-27 06:45:00,0.9807852804032305,-0.19509032201612797,0.09109794788943054,0.2452583094007672,0.12067486161283136,0.11161388334617565
2020-05-27 07:00:00,0.9659258262890683,-0.25881904510252085,0.13232668137633116,0.27375688670026066,0.14352490808014107,0.1436358751839234
2020-05-27 07:15:00,0.9469301294951057,-0.3214394653031616,0.12623264259298486,0.29032783349993796,0.15505634487637654,0.14403361281925647
2020-05-27 07:30:00,0.9238795325112867,-0.3826834323650897,0.2081606263398997,0.32430479005656454,0.23817996009005893,0.24848559029289397
2020-05-27 07:45:00,0.8968727415326884,-0.44228869021900113,0.24724120773372324,0.35766999463789073,0.32339802614440005,0.2889528614318309
2020-05-27 08:00:00,0.8660254037844387,-0.4999999999999998,0.2803229509299859,0.3848027428282874,0.3760525217692514,0.34336283302966325
2020-05-27 08:15:00,0.8314696123025451,-0.5555702330196023,0.37093699750584147,0.4269125576160344,0.4393542239124656,0.4255835762007658
2020-05-27 08:30:00,0.7933533402912352,-0.6087614290087207,0.36713582670091544,0.45630032862255865,0.47248480199062115,0.41481732105053126
2020-05-27 08:45:00,0.7518398074789774,-0.6593458151000688,0.45851980185276664,0.4817074294681014,0.48397739924634287,0.5291484842382992
2020-05-27 09:00:00,0.7071067811865476,-0.7071067811865475,0.5021711161058178,0.501134292979383,0.5514958522786668,0.5925718179830428
2020-05-27 09:15:00,0.6593458151000686,-0.7518398074789776,0.5169134575640718,0.52413473938271,0.6211671209358623,0.6117128647711223
2020-05-27 09:30:00,0.6087614290087204,-0.7933533402912353,0.5654469150804486,0.5501617548379922,0.6565953578018703,0.6324682982780095
2020-05-27 09:45:00,0.5555702330196022,-0.8314696123025453,0.5128241202932261,0.5886021814104843,0.6923661005871448,0.6178967123921565
2020-05-27 10:00:00,0.49999999999999994,-0.8660254037844387,0.5454950293885419,0.5798500288939368,0.6222695513904489,0.601805153445953
2020-05-27 10:15:00,0.4422886902190013,-0.8968727415326883,0.3726527562654766,0.5891828722888237,0.6079706063419766,0.4547791119516953
2020-05-27 10:30:00,0.3826834323650899,-0.9238795325112867,0.5009548175855906,0.5896528912188066,0.6240140783813631,0.6253543399473519
2020-05-27 10:45:00,0.32143946530316175,-0.9469301294951056,0.46098099351022404,0.6288110888017406,0.6176062348518957,0.53976950292772
2020-05-27 11:00:00,0.258819045102521,-0.9659258262890682,0.4601716254380537,0.6463710543973169,0.6714050667020169,0.5633077260074416
2020-05-27 11:15:00,0.19509032201612816,-0.9807852804032304,0.6824091830592847,0.6588335717976463,0.6871316660831249,0.8328793051659752
2020-05-27 11:30:00,0.13052619222005157,-0.9914448613738104,0.7906246928168738,0.7335752171564829,0.9008120798334455,0.8991558762690347
2020-05-27 11:45:00,0.06540312923014312,-0.9978589232386035,0.6176599773977066,0.7714813867702055,0.9149559784859663,0.7158387471485227
2020-05-27 12:00:00,1.2246467991473532e-16,-1.0,0.8484911421326543,0.7774702772278974,0.9340823117812042,0.8905615573745597
2020-05-27 12:15:00,-0.06540312923014287,-0.9978589232386035,0.4897596434611668,0.7880435550992668,0.8819494756490364,0.5805917810650126
2020-05-27 12:30:00,-0.13052619222005132,-0.9914448613738105,0.47056675617953053,0.7874956971692957,0.7128147671898838,0.5122802069008474
2020-05-27 12:45:00,-0.19509032201612792,-0.9807852804032305,0.5135705013218249,0.7993192388524124,0.7423281040205197,0.5736203113491644
2020-05-27 13:00:00,-0.25881904510252035,-0.9659258262890684,0.5872918485663265,0.816421903929603,0.7262927965296507,0.6766545905816999
2020-05-27 13:15:00,-0.3214394653031611,-0.9469301294951058,0.28558245757054934,0.8257671560548034,0.6396241985176815,0.3593152086842625
2020-05-27 13:30:00,-0.3826834323650892,-0.923879532511287,0.24514436701734174,0.7949416425591369,0.5192515140990438,0.319575234924222
2020-05-27 13:45:00,-0.44228869021900147,-0.8968727415326883,0.2502403999149195,0.8032030864865451,0.5075982779775732,0.32747323917748966
2020-05-27 14:00:00,-0.5000000000000001,-0.8660254037844386,0.24863063250147907,0.8025234303176865,0.5014752296189544,0.3130125140679727
2020-05-27 14:15:00,-0.5555702330196023,-0.8314696123025452,0.2338619834935295,0.8013343080424604,0.5192816879415114,0.3020608803284495
2020-05-27 14:30:00,-0.6087614290087207,-0.7933533402912352,0.5365512035652142,0.8328297519193939,0.6134456984950827,0.6958274763056884
2020-05-27 14:45:00,-0.6593458151000688,-0.7518398074789774,0.2957108912938447,0.8469450364121174,0.6696158813179526,0.37047659304414
2020-05-27 15:00:00,-0.7071067811865475,-0.7071067811865477,0.27113583484289683,0.8435254837334984,0.586312947891832,0.37120426873252227
2020-05-27 15:15:00,-0.7518398074789773,-0.6593458151000691,0.226691934167365,0.8240476484780264,0.5321557440035966,0.31233117306413727
2020-05-27 15:30:00,-0.7933533402912349,-0.6087614290087209,0.5042297260719293,0.7652812981645554,0.554682114976479,0.6165944944638493
2020-05-27 15:45:00,-0.8314696123025448,-0.555570233019603,0.3783917646106014,0.8119192547431016,0.6325848292346926,0.4586397456359214
2020-05-27 16:00:00,-0.8660254037844385,-0.5000000000000004,0.38985214101669563,0.7960412085973674,0.549605606460813,0.47198336061763424
2020-05-27 16:15:00,-0.8968727415326883,-0.44228869021900136,0.2988219322300428,0.7855440498087061,0.5293641052692857,0.3787622197644865
2020-05-27 16:30:00,-0.9238795325112868,-0.3826834323650895,0.2992496623847174,0.7850942579394389,0.5190013929708814,0.36391530584405757
2020-05-27 16:45:00,-0.9469301294951056,-0.3214394653031618,0.18207067908932936,0.7447550122353499,0.4479401263774072,0.22682986594000082
2020-05-27 17:00:00,-0.9659258262890683,-0.25881904510252063,0.14778774661869032,0.7090936103708672,0.3718323280260727,0.1946232123343575
2020-05-27 17:15:00,-0.9807852804032303,-0.19509032201612866,0.10161110440100996,0.6763931514136512,0.32668536333912734,0.13127862964794554
2020-05-27 17:30:00,-0.9914448613738104,-0.13052619222005163,0.05179218616114502,0.6528517995213658,0.2830198896769449,0.06756918365146071
2020-05-27 17:45:00,-0.9978589232386035,-0.06540312923014362,0.034642719294761204,0.6360388390418457,0.2533308481540151,0.04467729668592787
2020-05-27 18:00:00,-1.0,-1.8369701987210297e-16,0.01709517330188401,0.609643648444258,0.22669721616334737,0.02205945543564453
2020-05-27 18:15:00,-0.9978589232386036,0.06540312923014237,0.008035797023611341,0.5710219669546814,0.203461212836895,0.0044098401744999
2020-05-27 18:30:00,-0.9914448613738104,0.13052619222005213,0.0016005561760783866,0.5063376656383642,0.17532320610244945,0.00019861992306854034
2020-05-27 18:45:00,-0.9807852804032304,0.1950903220161283,0.0,0.5242412921852835,0.16598462405622005,0.0
2020-05-27 19:00:00,-0.9659258262890682,0.25881904510252113,0.0,0.5179109316270758,0.1558473455710947,0.0
2020-05-27 19:15:00,-0.9469301294951057,0.3214394653031615,5.284282439071552e-05,0.4822466698591361,0.1611163932445565,0.0
2020-05-27 19:30:00,-0.9238795325112866,0.38268343236509,2.0462802121741435e-05,0.25992800161468677,0.13488961451148518,0.0
2020-05-27 19:45:00,-0.8968727415326884,0.442288690219001,0.0,0.1875786127623995,0.08915720310773195,0.0
2020-05-27 20:00:00,-0.8660254037844386,0.5000000000000001,0.0,0.1788918911566868,0.07179361089502306,0.0
2020-05-27 20:15:00,-0.8314696123025455,0.5555702330196018,0.0,0.16769758593878903,0.06910180066469163,0.0
2020-05-27 20:30:00,-0.7933533402912352,0.6087614290087205,0.0,0.1633988730985294,0.0630696099421788,0.0
2020-05-27 20:45:00,-0.7518398074789777,0.6593458151000684,0.0,0.17251073325037525,0.06357435521134797,0.0
2020-05-27 21:00:00,-0.7071067811865477,0.7071067811865474,0.0,0.18515669866268292,0.06668459184810643,0.0
2020-05-27 21:15:00,-0.6593458151000687,0.7518398074789775,0.0,0.1912059186251207,0.06297884090376504,0.0
2020-05-27 21:30:00,-0.608761429008721,0.7933533402912349,0.0,0.1867286004700719,0.05591766111915325,0.0
2020-05-27 21:45:00,-0.5555702330196022,0.8314696123025452,0.0,0.17576850406601907,0.05099844303901041,0.0
2020-05-27 22:00:00,-0.5000000000000004,0.8660254037844384,0.0,0.17081152550620993,0.0505021918977544,0.0
2020-05-27 22:15:00,-0.4422886902190014,0.8968727415326883,0.0,0.1683787142157831,0.05023970787580312,0.0
2020-05-27 22:30:00,-0.38268343236508956,0.9238795325112868,0.0,0.16872223154682064,0.05742264198364805,0.0
2020-05-27 22:45:00,-0.32143946530316186,0.9469301294951056,0.0,0.16849924306937458,0.06714644398123432,0.0
2020-05-27 23:00:00,-0.2588190451025207,0.9659258262890683,0.0,0.18815525021406931,0.08220078547294224,0.0
2020-05-27 23:15:00,-0.19509032201612872,0.9807852804032303,0.0,0.20512079188071675,0.08990718256888847,0.0
2020-05-27 23:30:00,-0.13052619222005168,0.9914448613738104,0.0,0.20706340462643835,0.08874545447608506,0.0
2020-05-27 23:45:00,-0.06540312923014367,0.9978589232386035,0.0,0.2000504071368625,0.08605287499277892,0.0
2020-05-28 00:00:00,0.0,1.0,0.0,0.19855843002970652,0.08240069109687276,0.0
2020-05-28 00:15:00,0.06540312923014306,0.9978589232386035,0.0,0.18551069578791557,0.07578238585998404,0.0
2020-05-28 00:30:00,0.13052619222005157,0.9914448613738104,0.0,0.18491021480081837,0.07486687356534072,0.0
2020-05-28 00:45:00,0.19509032201612825,0.9807852804032304,0.0,0.18326183518053796,0.07564466567016209,0.0
2020-05-28 01:00:00,0.25881904510252074,0.9659258262890683,0.0,0.17700475624225387,0.06140291438282036,0.0
2020-05-28 01:15:00,0.3214394653031616,0.9469301294951057,0.0,0.15774167726370303,0.046432074106172894,0.0
2020-05-28 01:30:00,0.3826834323650898,0.9238795325112867,0.0,0.14445989674265536,0.044020097877301545,0.0
2020-05-28 01:45:00,0.4422886902190013,0.8968727415326883,0.0,0.136871098517924,0.04773265477176852,0.0
2020-05-28 02:00:00,0.49999999999999994,0.8660254037844387,0.0,0.1443855148886033,0.0508509799157148,0.0
2020-05-28 02:15:00,0.5555702330196022,0.8314696123025452,0.0,0.14466123894712157,0.05170309985871302,0.0
2020-05-28 02:30:00,0.6087614290087207,0.7933533402912352,0.0,0.13461594105775987,0.050550557799606266,0.0
2020-05-28 02:45:00,0.6593458151000688,0.7518398074789774,0.0,0.13919667032118999,0.0529970550844463,0.0
2020-05-28 03:00:00,0.7071067811865476,0.7071067811865476,0.0,0.1358597377881885,0.05232390107258805,0.0
2020-05-28 03:15:00,0.7518398074789773,0.659345815100069,0.0,0.13768765016420592,0.05136469484734685,0.0
2020-05-28 03:30:00,0.7933533402912352,0.6087614290087207,0.0,0.14723648118778865,0.058494586863148124,0.0
2020-05-28 03:45:00,0.8314696123025452,0.5555702330196023,0.0,0.15505855469437546,0.06430116145400255,0.0
2020-05-28 04:00:00,0.8660254037844386,0.5000000000000001,0.0,0.1497692791399281,0.054485814133464705,0.0
2020-05-28 04:15:00,0.8968727415326884,0.44228869021900125,0.0,0.14927536890794268,0.04453634818959262,0.0
2020-05-28 04:30:00,0.9238795325112867,0.38268343236508984,0.0,0.14506008151287153,0.0450184405759102,0.0
2020-05-28 04:45:00,0.9469301294951057,0.3214394653031615,0.0,0.13711449903134643,0.03877166202490012,0.0
2020-05-28 05:00:00,0.9659258262890683,0.25881904510252074,0.0,0.11707402673938083,0.033854844520311456,0.0
2020-05-28 05:15:00,0.9807852804032304,0.19509032201612833,0.0,0.10700435379122752,0.0391119924790741,0.0
2020-05-28 05:30:00,0.9914448613738104,0.1305261922200517,0.0,0.09776018343257276,0.036145252360561486,0.0
2020-05-28 05:45:00,0.9978589232386035,0.06540312923014305,0.00031436304808286973,0.08468126947883636,0.022391040710820043,0.0
2020-05-28 06:00:00,1.0,6.123233995736766e-17,0.009189658202511209,0.08246506517967478,0.024909992022790484,0.011088547090917701
2020-05-28 06:15:00,0.9978589232386035,-0.06540312923014292,0.02521039968741337,0.08636644795553106,0.032751446053906896,0.03179519675549014
2020-05-28 06:30:00,0.9914448613738105,-0.13052619222005138,0.04303716824897684,0.10180042011542612,0.046940833292764717,0.05859006974545238
2020-05-28 06:45:00,0.9807852804032305,-0.19509032201612797,0.0753417319218011,0.13961030129031293,0.07101268974473696,0.09615611609529104
2020-05-28 07:00:00,0.9659258262890683,-0.25881904510252085,0.14274108656717827,0.1920970108130693,0.11447679491656504,0.14317438005150868
2020-05-28 07:15:00,0.9469301294951057,-0.3214394653031616,0.18773049072240577,0.21014954020026377,0.19790742152389496,0.1967228489310134
2020-05-28 07:30:00,0.9238795325112867,-0.3826834323650897,0.23299861694911575,0.24921911059005475,0.27218203780156114,0.2520780124132672
2020-05-28 07:45:00,0.8968727415326884,-0.44228869021900113,0.27773698566769356,0.2822374920086599,0.334210431697917,0.31240279571615215
2020-05-28 08:00:00,0.8660254037844387,-0.4999999999999998,0.3196934629116947,0.31681149420595944,0.3969369075009146,0.3691950116773346
2020-05-28 08:15:00,0.8314696123025451,-0.5555702330196023,0.36629656795236315,0.3724524153275379,0.44303326556580314,0.43129530775034114
2020-05-28 08:30:00,0.7933533402912352,-0.6087614290087207,0.41522115872652565,0.41223517273947974,0.47796897661254845,0.49492703809791655
2020-05-28 08:45:00,0.7518398074789774,-0.6593458151000688,0.46488868675334577,0.45364180006887334,0.5345265408891927,0.5577196067436543
2020-05-28 09:00:00,0.7071067811865476,-0.7071067811865475,0.5063924120618388,0.4810821784663706,0.5621182176918222,0.6055533174839612
2020-05-28 09:15:00,0.6593458151000686,-0.7518398074789776,0.5425074209767903,0.5073562926579516,0.5892344553728952,0.6505502578408056
2020-05-28 09:30:00,0.6087614290087204,-0.7933533402912353,0.5846742408231234,0.5258931321573097,0.6424492273313033,0.6963701716414912
2020-05-28 09:45:00,0.5555702330196022,-0.8314696123025453,0.6006129071428166,0.5570179891607736,0.6564098649731988,0.710376350817053
2020-05-28 10:00:00,0.49999999999999994,-0.8660254037844387,0.6622983502823064,0.5722835770911769,0.6766460350346807,0.7540647492608337
2020-05-28 10:15:00,0.4422886902190013,-0.8968727415326883,0.6790603096920513,0.6073575363200379,0.7130018925465457,0.7803365200754433
2020-05-28 10:30:00,0.3826834323650899,-0.9238795325112867,0.6697784050062445,0.611390937573957,0.7617310829052722,0.7234399465472644
2020-05-28 10:45:00,0.32143946530316175,-0.9469301294951056,0.5936834698955175,0.6441075579831412,0.7787992679124917,0.6953391998415628
2020-05-28 11:00:00,0.258819045102521,-0.9659258262890682,0.6608527922278695,0.640617373607477,0.6965707601012415,0.8101235948135904
2020-05-28 11:15:00,0.19509032201612816,-0.9807852804032304,0.7856172951009384,0.6838320908254449,0.8403501263775061,0.9182688872804389
2020-05-28 11:30:00,0.13052619222005157,-0.9914448613738104,0.8265555106843123,0.7347494433131068,0.8725480182719326,0.9494635649550986
2020-05-28 11:45:00,0.06540312923014312,-0.9978589232386035,0.7881040941631723,0.7551041074648988,0.8828067464127182,0.9232895807884051
2020-05-28 12:00:00,1.2246467991473532e-16,-1.0,0.7591829793384068,0.7660800918652921,0.8746255258587677,0.8871880652025853
2020-05-28 12:15:00,-0.06540312923014287,-0.9978589232386035,0.8707245531824376,0.8012160905781667,0.8838743637168672,0.9519427318099672
2020-05-28 12:30:00,-0.13052619222005132,-0.9914448613738105,0.6558173334036445,0.7916022450785196,0.8500837909455853,0.8109977613408474
2020-05-28 12:45:00,-0.19509032201612792,-0.9807852804032305,0.7437960598015875,0.797911212302189,0.8452346718212752,0.8889196724959576
2020-05-28 13:00:00,-0.25881904510252035,-0.9659258262890684,0.8253119561717791,0.8426865571335329,0.9025642623212108,0.9458733530069807
2020-05-28 13:15:00,-0.3214394653031611,-0.9469301294951058,0.7182152856348155,0.868884655790082,0.9142498633201303,0.7614639836157231
2020-05-28 13:30:00,-0.3826834323650892,-0.923879532511287,0.42047502729440617,0.8350623827910428,0.6672202856169761,0.5319165789240702
2020-05-28 13:45:00,-0.44228869021900147,-0.8968727415326883,0.6071649900560594,0.843516722894839,0.6682724942054407,0.7325207299469028
2020-05-28 14:00:00,-0.5000000000000001,-0.8660254037844386,0.5882518730363642,0.8993628303081331,0.8102273414943598,0.6925001396037134
2020-05-28 14:15:00,-0.5555702330196023,-0.8314696123025452,0.3301377706286094,0.8342156112524484,0.604900654131445,0.3522761186140586
2020-05-28 14:30:00,-0.6087614290087207,-0.7933533402912352,0.451705992591659,0.8380071966250264,0.6407336947553824,0.5993191010379748
2020-05-28 14:45:00,-0.6593458151000688,-0.7518398074789774,0.4402078948758332,0.8460241570176186,0.6052930889376245,0.5938474855574656
2020-05-28 15:00:00,-0.7071067811865475,-0.7071067811865477,0.6055489780921053,0.8751476007202357,0.7027368486560154,0.7377521099053971
2020-05-28 15:15:00,-0.7518398074789773,-0.6593458151000691,0.5256980094225099,0.8765282316971097,0.6928160138297234,0.6317516138766344
2020-05-28 15:30:00,-0.7933533402912349,-0.6087614290087209,0.46863627327932056,0.8786956057334276,0.6553865505832147,0.591106729730784
2020-05-28 15:45:00,-0.8314696123025448,-0.555570233019603,0.3924106872365652,0.8549445319688742,0.609995595487298,0.4517324914087723
2020-05-28 16:00:00,-0.8660254037844385,-0.5000000000000004,0.16940994651192956,0.8385264558410033,0.520182732092451,0.2164727578726936
2020-05-28 16:15:00,-0.8968727415326883,-0.44228869021900136,0.25804421572873976,0.830018070262007,0.46754309134725947,0.32616593180558345
2020-05-28 16:30:00,-0.9238795325112868,-0.3826834323650895,0.2625318674397889,0.8393665987254353,0.4626741348783109,0.3188552252523474
2020-05-28 16:45:00,-0.9469301294951056,-0.3214394653031618,0.23843854479999657,0.8265678588156324,0.43356889328017123,0.2733906967628485
2020-05-28 17:00:00,-0.9659258262890683,-0.25881904510252063,0.19226660632286954,0.826237234292279,0.43126131697518444,0.23982396958860513
2020-05-28 17:15:00,-0.9807852804032303,-0.19509032201612866,0.1603875890011868,0.815520464668009,0.4082765726846642,0.19239860945780735
2020-05-28 17:30:00,-0.9914448613738104,-0.13052619222005163,0.06844454669701117,0.778213848921016,0.3368294868497774,0.08299654563263875
2020-05-28 17:45:00,-0.9978589232386035,-0.06540312923014362,0.042400561344872356,0.7458228112571696,0.2846604868876591,0.05068308527714222
2020-05-28 18:00:00,-1.0,-1.8369701987210297e-16,0.029405193330121513,0.714104553940037,0.261331180347545,0.03514473508541999
2020-05-28 18:15:00,-0.9978589232386036,0.06540312923014237,0.016924318512430602,0.674747868926797,0.2500848078301129,0.01973427820269914
2020-05-28 18:30:00,-0.9914448613738104,0.13052619222005213,0.0060566372596627185,0.6277620723024715,0.23584660878786812,0.0044039024843354245
2020-05-28 18:45:00,-0.9807852804032304,0.1950903220161283,0.0010344032287496723,0.5495365173006652,0.20764522195678692,0.0
2020-05-28 19:00:00,-0.9659258262890682,0.25881904510252113,0.0,0.5157750950711439,0.19407237621103457,0.0
2020-05-28 19:15:00,-0.9469301294951057,0.3214394653031615,0.0,0.4977706515576188,0.18250072590690591,0.0
2020-05-28 19:30:00,-0.9238795325112866,0.38268343236509,0.0,0.4855827675991098,0.16667400550880496,0.0
2020-05-28 19:45:00,-0.8968727415326884,0.442288690219001,0.0,0.46836875639163633,0.15814398146745556,0.0
2020-05-28 20:00:00,-0.8660254037844386,0.5000000000000001,0.0,0.4535410847264567,0.15586670446810746,0.0
2020-05-28 20:15:00,-0.8314696123025455,0.5555702330196018,0.0,0.4398158098300906,0.15219732970691469,0.0
2020-05-28 20:30:00,-0.7933533402912352,0.6087614290087205,0.0,0.42589791157180135,0.1491502019493679,0.0
2020-05-28 20:45:00,-0.7518398074789777,0.6593458151000684,0.0,0.4075007787250069,0.14460861254533786,0.0
2020-05-28 21:00:00,-0.7071067811865477,0.7071067811865474,0.0,0.3926393085213662,0.13666424315415449,0.0
2020-05-28 21:15:00,-0.6593458151000687,0.7518398074789775,0.0,0.3086918875127065,0.13096743166106617,0.0
2020-05-28 21:30:00,-0.608761429008721,0.7933533402912349,0.0,0.10783390640430435,0.052980072778404164,0.0
2020-05-28 21:45:00,-0.5555702330196022,0.8314696123025452,0.0,0.014506743929161958,0.029804708027232174,0.0
2020-05-28 22:00:00,-0.5000000000000004,0.8660254037844384,0.0,0.030059177984062435,0.036384304402498235,0.0
2020-05-28 22:15:00,-0.4422886902190014,0.8968727415326883,0.0,0.04723633263053495,0.04204607239449876,0.0
2020-05-28 22:30:00,-0.38268343236508956,0.9238795325112868,0.0,0.05794540702752182,0.04507135218223757,0.0
2020-05-28 22:45:00,-0.32143946530316186,0.9469301294951056,0.0,0.05679074977873877,0.04620299874694889,0.0
2020-05-28 23:00:00,-0.2588190451025207,0.9659258262890683,0.0,0.0548128299141617,0.04639174558200204,0.0
2020-05-28 23:15:00,-0.19509032201612872,0.9807852804032303,0.0,0.0536752887337022,0.04690306536242833,0.0
2020-05-28 23:30:00,-0.13052619222005168,0.9914448613738104,0.0,0.05389677817420546,0.0466540594401324,0.0
2020-05-28 23:45:00,-0.06540312923014367,0.9978589232386035,0.0,0.051079773589230326,0.04486063402367413,0.0
2020-05-29 00:00:00,0.0,1.0,0.0,0.04691921450697589,0.044218634054143224,0.0
2020-05-29 00:15:00,0.06540312923014306,0.9978589232386035,0.0,0.045623148961468685,0.043586593590221656,0.0
2020-05-29 00:30:00,0.13052619222005157,0.9914448613738104,0.0,0.041094329462351586,0.04325170978462495,0.0
2020-05-29 00:45:00,0.19509032201612825,0.9807852804032304,0.0,0.026627738801645595,0.038662048398069915,0.0
2020-05-29 01:00:00,0.25881904510252074,0.9659258262890683,0.0,0.020885986782981814,0.03641898493585777,0.0
2020-05-29 01:15:00,0.3214394653031616,0.9469301294951057,0.0,0.01805633083716618,0.034892497874144224,0.0
2020-05-29 01:30:00,0.3826834323650898,0.9238795325112867,0.0,0.01997113510115822,0.03522944333396627,0.0
2020-05-29 01:45:00,0.4422886902190013,0.8968727415326883,0.0,0.02077781221024777,0.03499341627036395,0.0
2020-05-29 02:00:00,0.49999999999999994,0.8660254037844387,0.0018600651026663658,0.021268743941601276,0.03542394142099259,0.0
2020-05-29 02:15:00,0.5555702330196022,0.8314696123025452,0.0037201302053327316,0.021759675672955003,0.03585446657162111,0.0
2020-05-29 02:30:00,0.6087614290087207,0.7933533402912352,0.005580195307999097,0.022250607404308953,0.03628499172224975,0.0
2020-05-29 02:45:00,0.6593458151000688,0.7518398074789774,0.007440260410665463,0.02274153913566268,0.03671551687287833,0.0
2020-05-29 03:00:00,0.7071067811865476,0.7071067811865476,0.009300325513331828,0.023232470867016186,0.037146042023506964,0.0
2020-05-29 03:15:00,0.7518398074789773,0.659345815100069,0.011160390615998194,0.023723402598369914,0.03757656717413549,0.0
2020-05-29 03:30:00,0.7933533402912352,0.6087614290087207,0.013020455718664562,0.024214334329723863,0.03800709232476407,0.0
2020-05-29 03:45:00,0.8314696123025452,0.5555702330196023,0.014880520821330926,0.02470526606107759,0.038437617475392705,0.0
2020-05-29 04:00:00,0.8660254037844386,0.5000000000000001,0.01674058592399729,0.025196197792431096,0.03886814262602123,0.0
2020-05-29 04:15:00,0.8968727415326884,0.44228869021900125,0.018600651026663657,0.025687129523784824,0.03929866777664981,0.0
2020-05-29 04:30:00,0.9238795325112867,0.38268343236508984,0.020460716129330023,0.02617806125513855,0.039729192927278445,0.0
2020-05-29 04:45:00,0.9469301294951057,0.3214394653031615,0.02232078123199639,0.02666899298649228,0.040159718077907025,0.0
2020-05-29 05:00:00,0.9659258262890683,0.25881904510252074,0.024180846334662755,0.027159924717846007,0.040590243228535605,0.0
2020-05-29 05:15:00,0.9807852804032304,0.19509032201612833,0.026040911437329124,0.027650856449199734,0.041020768379164185,0.0
2020-05-29 05:30:00,0.9914448613738104,0.1305261922200517,0.027900976539995487,0.028141788180553462,0.04145129352979282,0.0
2020-05-29 05:45:00,0.9978589232386035,0.06540312923014305,0.029761041642661853,0.02863271991190719,0.0418818186804214,0.0
2020-05-29 06:00:00,1.0,6.123233995736766e-17,0.03162110674532822,0.029123651643260917,0.042312343831049926,0.03661630220447033
2020-05-29 06:15:00,0.9978589232386035,-0.06540312923014292,0.03348117184799458,0.029614583374614645,0.04274286898167856,0.0373165717636037
2020-05-29 06:30:00,0.9914448613738105,-0.13052619222005138,0.054289737090312824,0.040708859293521193,0.06008872724132214,0.07229741305893744
2020-05-29 06:45:00,0.9807852804032305,-0.19509032201612797,0.08175655331415013,0.05295867726488179,0.07978193177290605,0.11210705811379443
2020-05-29 07:00:00,0.9659258262890683,-0.25881904510252085,0.10651606103794638,0.06963689048052712,0.12611144943006958,0.14439280127629603
2020-05-29 07:15:00,0.9469301294951057,-0.3214394653031616,0.10960639211465027,0.09490318956867427,0.1672732549825694,0.14567221225838922
2020-05-29 07:30:00,0.9238795325112867,-0.3826834323650897,0.125126698262757,0.1171247157310944,0.18605372117105123,0.16347530745547115
2020-05-29 07:45:00,0.8968727415326884,-0.44228869021900113,0.15456120703718,0.13109136410696687,0.21182677284230933,0.19948554752075
2020-05-29 08:00:00,0.8660254037844387,-0.4999999999999998,0.19125301967510352,0.15339453841329065,0.24870724260099708,0.2458629710139763
2020-05-29 08:15:00,0.8314696123025451,-0.5555702330196023,0.24529290797344838,0.1864611031622012,0.30711959533670874,0.3140529837940104
2020-05-29 08:30:00,0.7933533402912352,-0.6087614290087207,0.2940054672532262,0.21984461997369142,0.36109238101997654,0.3699676879766903
2020-05-29 08:45:00,0.7518398074789774,-0.6593458151000688,0.32197493880492895,0.24800004764860106,0.4093450292058387,0.4083146541080332
2020-05-29 09:00:00,0.7071067811865476,-0.7071067811865475,0.3958317540736115,0.26800167096840144,0.463815986149273,0.5059098536801027
2020-05-29 09:15:00,0.6593458151000686,-0.7518398074789776,0.5598923614773236,0.33671457572279384,0.6153841062994659,0.6678081488155009
2020-05-29 09:30:00,0.6087614290087204,-0.7933533402912353,0.39714630153467007,0.35173589083876555,0.6120853175014943,0.47821727837270794
2020-05-29 09:45:00,0.5555702330196022,-0.8314696123025453,0.5065858506976595,0.3896976729278132,0.6103518895981409,0.6216409339007946
2020-05-29 10:00:00,0.49999999999999994,-0.8660254037844387,0.5123629265090621,0.4216134395824982,0.6269696537843953,0.6425917217950881
2020-05-29 10:15:00,0.4422886902190013,-0.8968727415326883,0.7551021582106285,0.46331645883005645,0.8023525606679979,0.8740625439150007
2020-05-29 10:30:00,0.3826834323650899,-0.9238795325112867,0.771611666536069,0.5091993136978008,0.8692554538133889,0.8888002616295286
2020-05-29 10:45:00,0.32143946530316175,-0.9469301294951056,0.7208668004742016,0.5582174761416039,0.8369577741980471,0.8425666807284922
2020-05-29 11:00:00,0.258819045102521,-0.9659258262890682,0.7354502696095461,0.5783576888890427,0.8523534920386767,0.8586154692033428
2020-05-29 11:15:00,0.19509032201612816,-0.9807852804032304,0.6915416289060903,0.59059496861535,0.8351015597380357,0.8065630116224359
2020-05-29 11:30:00,0.13052619222005157,-0.9914448613738104,0.5940050126774524,0.5905441449796003,0.7574757568624123,0.6829701067869062
2020-05-29 11:45:00,0.06540312923014312,-0.9978589232386035,0.861043631650713,0.6095073662383634,0.8298600710697216,0.928926802513312
2020-05-29 12:00:00,1.2246467991473532e-16,-1.0,0.7170289323618912,0.6519168672350417,0.9131587349308851,0.8739624871760076
2020-05-29 12:15:00,-0.06540312923014287,-0.9978589232386035,0.582762184340168,0.6450864605237439,0.8457682577485967,0.7500576445947075
2020-05-29 12:30:00,-0.13052619222005132,-0.9914448613738105,0.7426520202752582,0.6617931464650331,0.8499831635556162,0.8785050593261784
2020-05-29 12:45:00,-0.19509032201612792,-0.9807852804032305,0.7891190232555998,0.6742820810253789,0.9271703136338466,0.9132879177905382
2020-05-29 13:00:00,-0.25881904510252035,-0.9659258262890684,0.7981060752513249,0.715979355460701,0.949308536712605,0.9225216235378528
2020-05-29 13:15:00,-0.3214394653031611,-0.9469301294951058,0.741912758919853,0.7289569715762709,0.9503510854404885,0.8532440099340294
2020-05-29 13:30:00,-0.3826834323650892,-0.923879532511287,0.7129038149259511,0.7441093536857786,0.8501534159740826,0.8068701107393373
2020-05-29 13:45:00,-0.44228869021900147,-0.8968727415326883,0.5170499589276247,0.7455034064290522,0.8592664052937126,0.6533155250486182
2020-05-29 14:00:00,-0.5000000000000001,-0.8660254037844386,0.38603386441080795,0.7335485127558548,0.6754106667905463,0.4906476001139842
2020-05-29 14:15:00,-0.5555702330196023,-0.8314696123025452,0.5937947132641069,0.7437800951582363,0.7045582203158328,0.6833141822197113
2020-05-29 14:30:00,-0.6087614290087207,-0.7933533402912352,0.5003849825692565,0.777865699835113,0.7491631051484454,0.6017024206551583
2020-05-29 14:45:00,-0.6593458151000688,-0.7518398074789774,0.5341668941500992,0.7863931285690453,0.7357706119580253,0.648207438777847
2020-05-29 15:00:00,-0.7071067811865475,-0.7071067811865477,0.45787199481279384,0.8062282866574588,0.7304087851232351,0.5670159749006591
2020-05-29 15:15:00,-0.7518398074789773,-0.6593458151000691,0.42505247035002225,0.7996042802782759,0.6978417150849187,0.5503799882949898
2020-05-29 15:30:00,-0.7933533402912349,-0.6087614290087209,0.4296995395474839,0.8040609081330057,0.6493944017984615,0.5150126196972424
2020-05-29 15:45:00,-0.8314696123025448,-0.555570233019603,0.4378202414116364,0.8123903322316794,0.6365971790208446,0.5382015703798597
2020-05-29 16:00:00,-0.8660254037844385,-0.5000000000000004,0.3963715581662963,0.8117177644301947,0.6174087716915436,0.4952579120112463
2020-05-29 16:15:00,-0.8968727415326883,-0.44228869021900136,0.3742065673189584,0.7685669986415624,0.5964951107511441,0.46993246803962213
2020-05-29 16:30:00,-0.9238795325112868,-0.3826834323650895,0.24776820184836398,0.7579998743232557,0.5359144785775589,0.3072023586409002
2020-05-29 16:45:00,-0.9469301294951056,-0.3214394653031618,0.21008106417574712,0.7026879379530111,0.45288298457182463,0.26561845525285765
2020-05-29 17:00:00,-0.9659258262890683,-0.25881904510252063,0.18627500185172774,0.6481242544002306,0.39160127323771055,0.23594696842514454
2020-05-29 17:15:00,-0.9807852804032303,-0.19509032201612866,0.13366355107270958,0.6182062731294051,0.35474388950614544,0.17016082419017659
2020-05-29 17:30:00,-0.9914448613738104,-0.13052619222005163,0.0711967419391941,0.5884699221760608,0.29457861596857005,0.0912336871841881
2020-05-29 17:45:00,-0.9978589232386035,-0.06540312923014362,0.053311139894482856,0.5527158428975762,0.252152097852982,0.06793518192745697
2020-05-29 18:00:00,-1.0,-1.8369701987210297e-16,0.027268823239258114,0.5237268487376887,0.2219879943011659,0.032889010112417884
2020-05-29 18:15:00,-0.9978589232386036,0.06540312923014237,0.00851506363430534,0.4977879039468649,0.1916058375657822,0.009334618678506702
2020-05-29 18:30:00,-0.9914448613738104,0.13052619222005213,0.0025094394727636993,0.473555294057886,0.17113996904815743,0.00013088007562200656
2020-05-29 18:45:00,-0.9807852804032304,0.1950903220161283,0.0,0.44793205362823496,0.15274151782468925,0.0
2020-05-29 19:00:00,-0.9659258262890682,0.25881904510252113,0.0,0.4157824686274123,0.14165874255239552,0.0
2020-05-29 19:15:00,-0.9469301294951057,0.3214394653031615,0.0,0.3940563651983242,0.13252603482198966,0.0
2020-05-29 19:30:00,-0.9238795325112866,0.38268343236509,0.0,0.37653583235298593,0.11598838404381856,0.0
2020-05-29 19:45:00,-0.8968727415326884,0.442288690219001,0.0,0.344929185966075,0.09970420282403508,0.0
2020-05-29 20:00:00,-0.8660254037844386,0.5000000000000001,0.0,0.3457076932986036,0.11421590143412835,0.0
2020-05-29 20:15:00,-0.8314696123025455,0.5555702330196018,0.0,0.3488909161992162,0.1270180318408055,0.0
2020-05-29 20:30:00,-0.7933533402912352,0.6087614290087205,0.0,0.35088764687145435,0.1327449512805723,0.0
2020-05-29 20:45:00,-0.7518398074789777,0.6593458151000684,0.0,0.348625110918074,0.12985662152562238,0.0
2020-05-29 21:00:00,-0.7071067811865477,0.7071067811865474,0.0,0.3481133783037531,0.12733823776122433,0.0
2020-05-29 21:15:00,-0.6593458151000687,0.7518398074789775,0.0,0.3483387006111702,0.1300451574137902,0.0
2020-05-29 21:30:00,-0.608761429008721,0.7933533402912349,0.0,0.34562770576448676,0.12878347565518888,0.0
2020-05-29 21:45:00,-0.5555702330196022,0.8314696123025452,0.0,0.3378601765571989,0.12538533228057347,0.0
2020-05-29 22:00:00,-0.5000000000000004,0.8660254037844384,0.0,0.33103263776388503,0.12677391687272077,0.0
2020-05-29 22:15:00,-0.4422886902190014,0.8968727415326883,0.0,0.28757767070295515,0.11131898895357384,0.0
2020-05-29 22:30:00,-0.38268343236508956,0.9238795325112868,0.0,0.14012325018909988,0.06640290683795352,0.0
2020-05-29 22:45:00,-0.32143946530316186,0.9469301294951056,0.0,0.09486501830482807,0.058006583544203794,0.0
2020-05-29 23:00:00,-0.2588190451025207,0.9659258262890683,0.0,0.07966752114614883,0.05610431114216691,0.0
2020-05-29 23:15:00,-0.19509032201612872,0.9807852804032303,0.0,0.07052607521128862,0.054197750692207225,0.0
2020-05-29 23:30:00,-0.13052619222005168,0.9914448613738104,0.0,0.07519377554620976,0.05296375079020188,0.0
2020-05-29 23:45:00,-0.06540312923014367,0.9978589232386035,0.0,0.08019868289497722,0.05837102683457729,0.0
2020-05-30 00:00:00,0.0,1.0,0.0,0.07598325636773495,0.057371395953656035,0.0
2020-05-30 00:15:00,0.06540312923014306,0.9978589232386035,0.0,0.07367056102252012,0.0539738066661925,0.0
2020-05-30 00:30:00,0.13052619222005157,0.9914448613738104,0.0,0.06516162340297216,0.0504012903772853,0.0
2020-05-30 00:45:00,0.19509032201612825,0.9807852804032304,0.0,0.06561908998233612,0.04987997733974808,0.0
2020-05-30 01:00:00,0.25881904510252074,0.9659258262890683,0.0,0.06210857660118507,0.04799507450514523,0.0
2020-05-30 01:15:00,0.3214394653031616,0.9469301294951057,0.0,0.06038339826639216,0.04544130329578516,0.0
2020-05-30 01:30:00,0.3826834323650898,0.9238795325112867,0.0,0.06105522264044527,0.04769368725681106,0.0
2020-05-30 01:45:00,0.4422886902190013,0.8968727415326883,0.0,0.058141929616634114,0.04921656344873854,0.0
2020-05-30 02:00:00,0.49999999999999994,0.8660254037844387,0.0,0.05740134253299778,0.04900270409015167,0.0
2020-05-30 02:15:00,0.5555702330196022,0.8314696123025452,0.0,0.0617936015618783,0.04967534479792257,0.0
2020-05-30 02:30:00,0.6087614290087207,0.7933533402912352,0.0,0.06156596786516322,0.052227807734790466,0.0
2020-05-30 02:45:00,0.6593458151000688,0.7518398074789774,0.0,0.06749293553033908,0.053780939335314026,0.0
2020-05-30 03:00:00,0.7071067811865476,0.7071067811865476,0.0,0.06865578426585617,0.05189751694604189,0.0
2020-05-30 03:15:00,0.7518398074789773,0.659345815100069,0.0,0.06733332784797796,0.050449543975033595,0.0
2020-05-30 03:30:00,0.7933533402912352,0.6087614290087207,0.0,0.06567935216506426,0.050471248802312185,0.0
2020-05-30 03:45:00,0.8314696123025452,0.5555702330196023,0.0,0.06516628208664454,0.04954852634313067,0.0
2020-05-30 04:00:00,0.8660254037844386,0.5000000000000001,0.0,0.06835459453184844,0.050110654790340214,0.0
2020-05-30 04:15:00,0.8968727415326884,0.44228869021900125,0.0,0.06905408376732414,0.05056759949530992,0.0
2020-05-30 04:30:00,0.9238795325112867,0.38268343236508984,0.0,0.06991766817855916,0.051210839832526056,0.0
2020-05-30 04:45:00,0.9469301294951057,0.3214394653031615,0.0,0.06024751550447416,0.044937114926393185,0.0
2020-05-30 05:00:00,0.9659258262890683,0.25881904510252074,0.0,0.056818544796064296,0.0423600583953293,0.0
2020-05-30 05:15:00,0.9807852804032304,0.19509032201612833,0.0,0.05908946907293622,0.04422682723116672,0.0
2020-05-30 05:30:00,0.9914448613738104,0.1305261922200517,0.0,0.05813795312941439,0.04255378779581237,0.0
2020-05-30 05:45:00,0.9978589232386035,0.06540312923014305,0.000862957109803602,0.05576324554957379,0.03558712899109606,0.0
2020-05-30 06:00:00,1.0,6.123233995736766e-17,0.006413491602683943,0.05059970027609051,0.033901070014434376,0.005477011580892398
2020-05-30 06:15:00,0.9978589232386035,-0.06540312923014292,0.018832569057577107,0.05297333551235295,0.041345147928352755,0.02311499836759796
2020-05-30 06:30:00,0.9914448613738105,-0.13052619222005138,0.04125177289326677,0.0641010861828697,0.05867024655343983,0.05150850786269443
2020-05-30 06:45:00,0.9807852804032305,-0.19509032201612797,0.06845597139222043,0.0803370206664995,0.07960116294905345,0.08841244798220191
2020-05-30 07:00:00,0.9659258262890683,-0.25881904510252085,0.09556315670885321,0.09346626840815664,0.10138153995059856,0.12509124569577315
2020-05-30 07:15:00,0.9469301294951057,-0.3214394653031616,0.12320033764993502,0.11888555902716247,0.13940832602265285,0.16175708084928933
2020-05-30 07:30:00,0.9238795325112867,-0.3826834323650897,0.1122698546023835,0.14045113534746645,0.15612369673902837,0.14740226645602658
2020-05-30 07:45:00,0.8968727415326884,-0.44228869021900113,0.1339128610547892,0.15858983243006564,0.1894695025178994,0.17262108288665826
2020-05-30 08:00:00,0.8660254037844387,-0.4999999999999998,0.1795947586622798,0.16114789248873462,0.2266930026499907,0.2266703726565179
2020-05-30 08:15:00,0.8314696123025451,-0.5555702330196023,0.2613432090911531,0.19569130644610722,0.30313266826646257,0.31868736902139005
2020-05-30 08:30:00,0.7933533402912352,-0.6087614290087207,0.21077425512234177,0.22377501405133948,0.3409262961525542,0.2628997218579819
2020-05-30 08:45:00,0.7518398074789774,-0.6593458151000688,0.1976721305601431,0.23975220757762306,0.3329440688270301,0.253848746362951
2020-05-30 09:00:00,0.7071067811865476,-0.7071067811865475,0.21191753502144792,0.2549225377372337,0.3194156920910023,0.27738344505047346
2020-05-30 09:15:00,0.6593458151000686,-0.7518398074789776,0.30378691797172513,0.26994289239240965,0.3431997016738524,0.39852051155744805
2020-05-30 09:30:00,0.6087614290087204,-0.7933533402912353,0.352681461450962,0.30596329597273964,0.4096242474432955,0.46085228198501194
2020-05-30 09:45:00,0.5555702330196022,-0.8314696123025453,0.25673619767840344,0.30664868797756517,0.3695866509705873,0.3426411706828053
2020-05-30 10:00:00,0.49999999999999994,-0.8660254037844387,0.2489011929459859,0.30460102595434835,0.29743605044270516,0.34350350969554583
2020-05-30 10:15:00,0.4422886902190013,-0.8968727415326883,0.22730247051548907,0.3070661697661401,0.26971595590654096,0.3206011093156832
2020-05-30 10:30:00,0.3826834323650899,-0.9238795325112867,0.27586847888473964,0.29688320732543994,0.25863954168734693,0.3878005910984507
2020-05-30 10:45:00,0.32143946530316175,-0.9469301294951056,0.28542659428823514,0.3003208087166067,0.3025413574271467,0.3935955140316142
2020-05-30 11:00:00,0.258819045102521,-0.9659258262890682,0.34892755070092873,0.31501518118246885,0.3653541901637768,0.4809953886809366
2020-05-30 11:15:00,0.19509032201612816,-0.9807852804032304,0.5857421326317098,0.3463366470113447,0.4961449126235715,0.749820734323121
2020-05-30 11:30:00,0.13052619222005157,-0.9914448613738104,0.4597200712563077,0.37985768026573363,0.5595702169847339,0.5797364908065639
2020-05-30 11:45:00,0.06540312923014312,-0.9978589232386035,0.5107743517128722,0.40144368208641734,0.6023539537612278,0.6484098817606111
2020-05-30 12:00:00,1.2246467991473532e-16,-1.0,0.942250672432441,0.45067714932130043,0.8343110264413444,1.0
2020-05-30 12:15:00,-0.06540312923014287,-0.9978589232386035,0.6547066783789688,0.4897616472466355,0.9445361461024767,0.7299373567973164
2020-05-30 12:30:00,-0.13052619222005132,-0.9914448613738105,0.9188788666334389,0.5280540179539597,0.9007495849101209,0.9481426379298913
2020-05-30 12:45:00,-0.19509032201612792,-0.9807852804032305,0.6316847914613446,0.5768414213564896,0.9325028047884606,0.7413282840496623
2020-05-30 13:00:00,-0.25881904510252035,-0.9659258262890684,0.5283629596226971,0.5674171421579681,0.7486783984270634,0.6483384383197985
2020-05-30 13:15:00,-0.3214394653031611,-0.9469301294951058,0.7770452620552114,0.5757059726824572,0.7993281378268674,0.8552682605270508
2020-05-30 13:30:00,-0.3826834323650892,-0.923879532511287,0.6594545089624742,0.5884222626751747,0.743534985997269,0.778806459795798
2020-05-30 13:45:00,-0.44228869021900147,-0.8968727415326883,0.7282804402041941,0.6065560003690857,0.7780946167180397,0.8628834379279045
2020-05-30 14:00:00,-0.5000000000000001,-0.8660254037844386,0.7255696771699445,0.6415498329316593,0.7704104924991985,0.8486912829284166
2020-05-30 14:15:00,-0.5555702330196023,-0.8314696123025452,0.6964300461882273,0.6540672447057838,0.7687125275798817,0.8344051640965103
2020-05-30 14:30:00,-0.6087614290087207,-0.7933533402912352,0.6359526129476594,0.6640532318969437,0.7161169902031476,0.7767455913427291
2020-05-30 14:45:00,-0.6593458151000688,-0.7518398074789774,0.6062369352196052,0.6517030803951853,0.725004022661674,0.7422626040899899
2020-05-30 15:00:00,-0.7071067811865475,-0.7071067811865477,0.5716560681661093,0.6798095149520831,0.6934515714813781,0.701988875379497
2020-05-30 15:15:00,-0.7518398074789773,-0.6593458151000691,0.5266336889860332,0.7015805625606479,0.6259506720425331,0.6528833400483409
2020-05-30 15:30:00,-0.7933533402912349,-0.6087614290087209,0.4854503724757325,0.6961528325431796,0.6230207224671219,0.6040737334596482
2020-05-30 15:45:00,-0.8314696123025448,-0.555570233019603,0.44178715794189405,0.7028970760472071,0.6070173031137409,0.551889320509144
2020-05-30 16:00:00,-0.8660254037844385,-0.5000000000000004,0.3942864753005979,0.7324890841049887,0.5574592405650842,0.4949444210727307
2020-05-30 16:15:00,-0.8968727415326883,-0.44228869021900136,0.3460454387940541,0.7141845235216151,0.5107243744047723,0.4221259368710803
2020-05-30 16:30:00,-0.9238795325112868,-0.3826834323650895,0.2573537314998368,0.6876614210890859,0.4598805216811541,0.30736280770185137
2020-05-30 16:45:00,-0.9469301294951056,-0.3214394653031618,0.24988822316167655,0.6983517764385689,0.4159471423607167,0.3067232814153168
2020-05-30 17:00:00,-0.9659258262890683,-0.25881904510252063,0.20856016987316578,0.6942284326475001,0.39072755795891223,0.24979200164224027
2020-05-30 17:15:00,-0.9807852804032303,-0.19509032201612866,0.1652628031607717,0.6600840693129724,0.3445286839267263,0.19269280588998844
2020-05-30 17:30:00,-0.9914448613738104,-0.13052619222005163,0.11542917849420897,0.6489296232180963,0.30587173622434194,0.13112283994444793
2020-05-30 17:45:00,-0.9978589232386035,-0.06540312923014362,0.06308762741498355,0.6150463122302123,0.26281586390274025,0.07551822178444943
2020-05-30 18:00:00,-1.0,-1.8369701987210297e-16,0.03917652016046011,0.5752779392895331,0.2228561644895073,0.04869933519452374
2020-05-30 18:15:00,-0.9978589232386036,0.06540312923014237,0.015909759249084856,0.5478327765405957,0.19118662000808462,0.021166133708296675
2020-05-30 18:30:00,-0.9914448613738104,0.13052619222005213,0.0028149148406858707,0.5185741560941513,0.1582598630294032,0.002247720440673361
2020-05-30 18:45:00,-0.9807852804032304,0.1950903220161283,0.0,0.49185929811257467,0.13720684495135194,0.0
2020-05-30 19:00:00,-0.9659258262890682,0.25881904510252113,0.0,0.4672003183256881,0.12197013465389217,0.0
2020-05-30 19:15:00,-0.9469301294951057,0.3214394653031615,0.0,0.43865007073591755,0.11510081517990894,0.0
2020-05-30 19:30:00,-0.9238795325112866,0.38268343236509,0.0,0.402434222359932,0.12464655409902414,0.0
2020-05-30 19:45:00,-0.8968727415326884,0.442288690219001,0.0,0.37115055560031496,0.1132442997690078,0.0
2020-05-30 20:00:00,-0.8660254037844386,0.5000000000000001,0.0,0.3531669190786062,0.11198785089947338,0.0
2020-05-30 20:15:00,-0.8314696123025455,0.5555702330196018,0.0,0.34196301822902053,0.10650822007345462,0.0
2020-05-30 20:30:00,-0.7933533402912352,0.6087614290087205,0.0,0.33330409164063424,0.10721099102800297,0.0
2020-05-30 20:45:00,-0.7518398074789777,0.6593458151000684,0.0,0.27485906034467034,0.11264028148932387,0.0
2020-05-30 21:00:00,-0.7071067811865477,0.7071067811865474,0.0,0.25326471604358414,0.0912873481703943,0.0
2020-05-30 21:15:00,-0.6593458151000687,0.7518398074789775,0.0,0.2278918317741785,0.07035803014946562,0.0
2020-05-30 21:30:00,-0.608761429008721,0.7933533402912349,0.0,0.21160509160733731,0.06528469427495359,0.0
2020-05-30 21:45:00,-0.5555702330196022,0.8314696123025452,0.0,0.19742475865695952,0.06382640861297939,0.0
2020-05-30 22:00:00,-0.5000000000000004,0.8660254037844384,0.0,0.19307879922419335,0.06584562735647981,0.0
2020-05-30 22:15:00,-0.4422886902190014,0.8968727415326883,0.0,0.19182007495821995,0.0656488518829737,0.0
2020-05-30 22:30:00,-0.38268343236508956,0.9238795325112868,0.0,0.190436024022812,0.06229834453398725,0.0
2020-05-30 22:45:00,-0.32143946530316186,0.9469301294951056,0.0,0.19992714052119132,0.06729785884284695,0.0
2020-05-30 23:00:00,-0.2588190451025207,0.9659258262890683,0.0,0.19532067629419725,0.065111269215333,0.0
2020-05-30 23:15:00,-0.19509032201612872,0.9807852804032303,0.0,0.19316764857999758,0.07031828755538128,0.0
2020-05-30 23:30:00,-0.13052619222005168,0.9914448613738104,0.0,0.19590825838257064,0.07014022608412446,0.0
2020-05-30 23:45:00,-0.06540312923014367,0.9978589232386035,0.0,0.18663354178010527,0.061854960901114364,0.0
2020-05-31 00:00:00,0.0,1.0,0.0,0.18277217072384522,0.060844732048677796,0.0
2020-05-31 00:15:00,0.06540312923014306,0.9978589232386035,0.0,0.19382827730239205,0.0690981920666413,0.0
2020-05-31 00:30:00,0.13052619222005157,0.9914448613738104,0.0,0.21985392836476692,0.08619037579784011,0.0
2020-05-31 00:45:00,0.19509032201612825,0.9807852804032304,0.0,0.22026291860275604,0.09030730099559503,0.0
2020-05-31 01:00:00,0.25881904510252074,0.9659258262890683,0.0,0.22446382152656463,0.09442289582166025,0.0
2020-05-31 01:15:00,0.3214394653031616,0.9469301294951057,0.0,0.22490184550701775,0.08862288730418755,0.0
2020-05-31 01:30:00,0.3826834323650898,0.9238795325112867,0.0,0.21358356518934918,0.08172008423110744,0.0
2020-05-31 01:45:00,0.4422886902190013,0.8968727415326883,0.0,0.21082478453285014,0.07797009209967737,0.0
2020-05-31 02:00:00,0.49999999999999994,0.8660254037844387,0.0,0.20469565333458362,0.07786812600059417,0.0
2020-05-31 02:15:00,0.5555702330196022,0.8314696123025452,0.0,0.20093330847924107,0.07438946419987585,0.0
2020-05-31 02:30:00,0.6087614290087207,0.7933533402912352,0.0,0.18739507498772978,0.06311879150532035,0.0
2020-05-31 02:45:00,0.6593458151000688,0.7518398074789774,0.0,0.17658620178951878,0.06367182251652487,0.0
2020-05-31 03:00:00,0.7071067811865476,0.7071067811865476,0.0,0.1673659846050075,0.06015994501925398,0.0
2020-05-31 03:15:00,0.7518398074789773,0.659345815100069,0.0,0.1675549979038391,0.06297806602553974,0.0
2020-05-31 03:30:00,0.7933533402912352,0.6087614290087207,0.0,0.16520863161141697,0.064400031053712,0.0
2020-05-31 03:45:00,0.8314696123025452,0.5555702330196023,0.0,0.1497669587743613,0.055018680028751266,0.0
2020-05-31 04:00:00,0.8660254037844386,0.5000000000000001,0.0,0.14400325149191517,0.05545866179152109,0.0
2020-05-31 04:15:00,0.8968727415326884,0.44228869021900125,0.0,0.13644705507662347,0.05637009577971608,0.0
2020-05-31 04:30:00,0.9238795325112867,0.38268343236508984,0.0,0.12465268626814252,0.05367304703506759,0.0
2020-05-31 04:45:00,0.9469301294951057,0.3214394653031615,0.0,0.12434917168043258,0.05522772276679122,0.0
2020-05-31 05:00:00,0.9659258262890683,0.25881904510252074,0.0,0.11104433465041064,0.048135817865185504,0.0
2020-05-31 05:15:00,0.9807852804032304,0.19509032201612833,0.0,0.11202200295400955,0.0480024769327016,0.0
2020-05-31 05:30:00,0.9914448613738104,0.1305261922200517,0.0,0.10927705088124995,0.05285847563764512,0.0
2020-05-31 05:45:00,0.9978589232386035,0.06540312923014305,0.0010600532338634044,0.10764389629571869,0.05562623779626785,0.0
2020-05-31 06:00:00,1.0,6.123233995736766e-17,0.007597447482268719,0.10661784461924628,0.05778297582779485,0.007351804448675561
2020-05-31 06:15:00,0.9978589232386035,-0.06540312923014292,0.025882800040733858,0.11027088993366596,0.06515310982686745,0.033649679615471585
2020-05-31 06:30:00,0.9914448613738105,-0.13052619222005138,0.04626767319529338,0.13137174684915753,0.08354693146936065,0.06003883034515837
2020-05-31 06:45:00,0.9807852804032305,-0.19509032201612797,0.05865024141602543,0.15167819945951289,0.09841548329999411,0.07641001029946377
2020-05-31 07:00:00,0.9659258262890683,-0.25881904510252085,0.06749103450242669,0.15935218247818028,0.10527164521313653,0.08841854098578683
2020-05-31 07:15:00,0.9469301294951057,-0.3214394653031616,0.07307617210548752,0.16040161605338188,0.11798485286890026,0.09748439056904794
2020-05-31 07:30:00,0.9238795325112867,-0.3826834323650897,0.10903446157494173,0.16847815332507987,0.1433897206592547,0.1458434136703434
2020-05-31 07:45:00,0.8968727415326884,-0.44228869021900113,0.12462619396468858,0.19160639935998502,0.1675538073083993,0.16722447504342958
2020-05-31 08:00:00,0.8660254037844387,-0.4999999999999998,0.1490824198959547,0.20930329377341317,0.18250870542486974,0.19967341508947042
2020-05-31 08:15:00,0.8314696123025451,-0.5555702330196023,0.19869687095849456,0.2356806122986046,0.23035016368697814,0.2620742992623942
2020-05-31 08:30:00,0.7933533402912352,-0.6087614290087207,0.2511817008290364,0.2674061403937227,0.30397419305057105,0.3209930327144658
2020-05-31 08:45:00,0.7518398074789774,-0.6593458151000688,0.41721414606846763,0.29217565235563203,0.38113354032932445,0.5089652553177065
2020-05-31 09:00:00,0.7071067811865476,-0.7071067811865475,0.41407256089114786,0.3202905973773973,0.523246299643922,0.5171326260306499
2020-05-31 09:15:00,0.6593458151000686,-0.7518398074789776,0.29025874021926057,0.3524078543449889,0.4965139206036402,0.3909811382238059
2020-05-31 09:30:00,0.6087614290087204,-0.7933533402912353,0.5209638876001207,0.39194775430779116,0.5119708679876354,0.6142133253275711
2020-05-31 09:45:00,0.5555702330196022,-0.8314696123025453,0.3504804246547558,0.4156148412897549,0.5089134403968374,0.46869929218958883
2020-05-31 10:00:00,0.49999999999999994,-0.8660254037844387,0.3868360722324069,0.4293511092305624,0.49870135964394535,0.4696960356567698
2020-05-31 10:15:00,0.4422886902190013,-0.8968727415326883,0.5973180585588065,0.44447118350344517,0.5046955481846285,0.7689295240481561
2020-05-31 10:30:00,0.3826834323650899,-0.9238795325112867,0.8342514796236791,0.5095967873825107,0.7290716153185882,0.9140572489390036
2020-05-31 10:45:00,0.32143946530316175,-0.9469301294951056,0.5928724881612069,0.5155429373347935,0.7228753444834716,0.6880057341246304
2020-05-31 11:00:00,0.258819045102521,-0.9659258262890682,0.426091109962005,0.512935636348969,0.6130179094622803,0.6160456463929697
2020-05-31 11:15:00,0.19509032201612816,-0.9807852804032304,0.5210830584864338,0.528721087790609,0.6165899926069166,0.7680417975020799
2020-05-31 11:30:00,0.13052619222005157,-0.9914448613738104,0.629670081618507,0.5533450046674129,0.6360654162773168,0.8343374840006269
2020-05-31 11:45:00,0.06540312923014312,-0.9978589232386035,0.4241726626784672,0.5974497458973047,0.7008961303541951,0.5912229348298399
2020-05-31 12:00:00,1.2246467991473532e-16,-1.0,0.520331754965846,0.596681920325028,0.6648401029008474,0.6575061366102336
2020-05-31 12:15:00,-0.06540312923014287,-0.9978589232386035,0.5413671484811517,0.5941107667749446,0.6986682542022981,0.6275958877376673
2020-05-31 12:30:00,-0.13052619222005132,-0.9914448613738105,0.39150121368184443,0.6111950753817876,0.6440382353717587,0.5165337794894713
2020-05-31 12:45:00,-0.19509032201612792,-0.9807852804032305,0.8466650993612247,0.6653786011141511,0.818865851802114,0.9558040505029469
2020-05-31 13:00:00,-0.25881904510252035,-0.9659258262890684,0.5578974199506932,0.6735001223173749,0.8471922940742805,0.6512557916477784
2020-05-31 13:15:00,-0.3214394653031611,-0.9469301294951058,0.43085802727091177,0.6888748107078755,0.7683025649651968,0.46554126528189027
2020-05-31 13:30:00,-0.3826834323650892,-0.923879532511287,0.33658732820535114,0.6532412080282721,0.6312700591766348,0.40263346722171717
2020-05-31 13:45:00,-0.44228869021900147,-0.8968727415326883,0.36168796934437025,0.6410368930091421,0.49836798903067214,0.4122076643283235
2020-05-31 14:00:00,-0.5000000000000001,-0.8660254037844386,0.7169495529541947,0.7037212142438001,0.7836797870833777,0.7879110775694785
2020-05-31 14:15:00,-0.5555702330196023,-0.8314696123025452,0.48171435825930914,0.7271366739616953,0.7731560857473948,0.5877272839220161
2020-05-31 14:30:00,-0.6087614290087207,-0.7933533402912352,0.12694324362799772,0.650009050996559,0.473526139883383,0.1658630474706877
2020-05-31 14:45:00,-0.6593458151000688,-0.7518398074789774,0.14819568206821948,0.5913254080267474,0.36158785728300735,0.20408474864794968
2020-05-31 15:00:00,-0.7071067811865475,-0.7071067811865477,0.1161212723937787,0.48227950793680185,0.27553489108081364,0.16009536385081694
2020-05-31 15:15:00,-0.7518398074789773,-0.6593458151000691,0.10815827266488473,0.4718436227640497,0.252115732217178,0.15057182227764884
2020-05-31 15:30:00,-0.7933533402912349,-0.6087614290087209,0.17694133228148243,0.4803498226215166,0.2995202394205524,0.24068833959919544
2020-05-31 15:45:00,-0.8314696123025448,-0.555570233019603,0.16828347009088135,0.4937098592184843,0.3251613185014556,0.224813321171101
2020-05-31 16:00:00,-0.8660254037844385,-0.5000000000000004,0.1629326963131454,0.48192822773588206,0.32899405464907894,0.220540693018837
2020-05-31 16:15:00,-0.8968727415326883,-0.44228869021900136,0.11584097634101169,0.4919288776626478,0.30455757650593884,0.15777996329562763
2020-05-31 16:30:00,-0.9238795325112868,-0.3826834323650895,0.0976647664326099,0.5042561720568388,0.28134109279793573,0.13344128699641192
2020-05-31 16:45:00,-0.9469301294951056,-0.3214394653031618,0.09945824297775784,0.5096678794339304,0.27162634745328973,0.13328681147606136
2020-05-31 17:00:00,-0.9659258262890683,-0.25881904510252063,0.10880420725181758,0.5212064983061684,0.2723848363108956,0.1448160259807258
2020-05-31 17:15:00,-0.9807852804032303,-0.19509032201612866,0.10015667611618552,0.5216245391880769,0.27013222332182285,0.13156828618565736
2020-05-31 17:30:00,-0.9914448613738104,-0.13052619222005163,0.07948621292142605,0.5113694165199316,0.2562761729447365,0.10317854001876421
2020-05-31 17:45:00,-0.9978589232386035,-0.06540312923014362,0.0583815130810563,0.4996655913380508,0.23501166233215132,0.07691650603950678
2020-05-31 18:00:00,-1.0,-1.8369701987210297e-16,0.038232839299327456,0.481323375305724,0.21097173339441921,0.049253499713761556
2020-05-31 18:15:00,-0.9978589232386036,0.06540312923014237,0.01572455408285796,0.45727459043202634,0.18317161153659145,0.01936935516247221
2020-05-31 18:30:00,-0.9914448613738104,0.13052619222005213,0.0027446153013905043,0.43220208001788274,0.15501922103719623,0.0017396715848578097
2020-05-31 18:45:00,-0.9807852804032304,0.1950903220161283,0.0,0.41133324619470435,0.14625719339250287,0.0
2020-05-31 19:00:00,-0.9659258262890682,0.25881904510252113,0.0,0.38836688717335544,0.1337683572817746,0.0
2020-05-31 19:15:00,-0.9469301294951057,0.3214394653031615,0.0,0.3609907519339399,0.11811870991809659,0.0
2020-05-31 19:30:00,-0.9238795325112866,0.38268343236509,0.0,0.3442546267151707,0.11132415765451703,0.0
2020-05-31 19:45:00,-0.8968727415326884,0.442288690219001,0.0,0.32923029717568086,0.10243717863586826,0.0
2020-05-31 20:00:00,-0.8660254037844386,0.5000000000000001,0.0,0.3164619537983435,0.09447078920248919,0.0
2020-05-31 20:15:00,-0.8314696123025455,0.5555702330196018,0.0,0.30486632856441975,0.08801710550854291,0.0
2020-05-31 20:30:00,-0.7933533402912352,0.6087614290087205,0.0,0.2918910417906859,0.08258558463548848,0.0
2020-05-31 20:45:00,-0.7518398074789777,0.6593458151000684,0.0,0.28226691044837193,0.08361452588296003,0.0
2020-05-31 21:00:00,-0.7071067811865477,0.7071067811865474,0.0,0.27363538392147024,0.08522430797267583,0.0
2020-05-31 21:15:00,-0.6593458151000687,0.7518398074789775,0.0,0.2635839372877624,0.08520486851404313,0.0
2020-05-31 21:30:00,-0.608761429008721,0.7933533402912349,0.0,0.2514211240489015,0.08195122234951657,0.0
2020-05-31 21:45:00,-0.5555702330196022,0.8314696123025452,0.0,0.2437040661588019,0.07783789761328952,0.0
2020-05-31 22:00:00,-0.5000000000000004,0.8660254037844384,0.0,0.236430902729158,0.07818514963657242,0.0
2020-05-31 22:15:00,-0.4422886902190014,0.8968727415326883,0.0,0.2288170517373167,0.07475666366198153,0.0
2020-05-31 22:30:00,-0.38268343236508956,0.9238795325112868,0.0,0.22056465140104597,0.06833392446978986,0.0
2020-05-31 22:45:00,-0.32143946530316186,0.9469301294951056,0.0,0.22026331355859763,0.0748999626937622,0.0
2020-05-31 23:00:00,-0.2588190451025207,0.9659258262890683,0.0,0.22868815700090694,0.08284647952423735,0.0
2020-05-31 23:15:00,-0.19509032201612872,0.9807852804032303,0.0,0.224141676692299,0.07430723288506474,0.0
2020-05-31 23:30:00,-0.13052619222005168,0.9914448613738104,0.0,0.2086160658009717,0.06140634859811234,0.0
2020-05-31 23:45:00,-0.06540312923014367,0.9978589232386035,0.0,0.19161145748763286,0.05556646830670087,0.0
2020-06-01 00:00:00,0.0,1.0,0.0,0.1838004292801969,0.04902173190100567,0.0
2020-06-01 00:15:00,0.06540312923014306,0.9978589232386035,0.0,0.17733006072324864,0.04642968508247186,0.0
2020-06-01 00:30:00,0.13052619222005157,0.9914448613738104,0.0,0.17294943493914627,0.0449122203813076,0.0
2020-06-01 00:45:00,0.19509032201612825,0.9807852804032304,0.0,0.16238668655203492,0.043423459925976515,0.0
2020-06-01 01:00:00,0.25881904510252074,0.9659258262890683,0.0,0.1489789904541825,0.04103867866820016,0.0
2020-06-01 01:15:00,0.3214394653031616,0.9469301294951057,0.0,0.14130267809367902,0.0447884887826035,0.0
2020-06-01 01:30:00,0.3826834323650898,0.9238795325112867,0.0,0.1313077774672835,0.043479425540948025,0.0
2020-06-01 01:45:00,0.4422886902190013,0.8968727415326883,0.0,0.1180244430899351,0.04018686108240399,0.0
2020-06-01 02:00:00,0.49999999999999994,0.8660254037844387,0.0,0.10735265996183951,0.037987045085184246,0.0
2020-06-01 02:15:00,0.5555702330196022,0.8314696123025452,0.0,0.1060831192915781,0.04067327928618192,0.0
2020-06-01 02:30:00,0.6087614290087207,0.7933533402912352,0.0,0.10560509705593235,0.040066221462783325,0.0
2020-06-01 02:45:00,0.6593458151000688,0.7518398074789774,0.0,0.10365017335711468,0.03960863457522423,0.0
2020-06-01 03:00:00,0.7071067811865476,0.7071067811865476,0.0,0.09204865969064846,0.031040461492832405,0.0
2020-06-01 03:15:00,0.7518398074789773,0.659345815100069,0.0,0.08388734155712485,0.03179554586861216,0.0
2020-06-01 03:30:00,0.7933533402912352,0.6087614290087207,0.0,0.07890708753149145,0.029715730522852646,0.0
2020-06-01 03:45:00,0.8314696123025452,0.5555702330196023,0.0,0.07203558297203383,0.02969972387319919,0.0
2020-06-01 04:00:00,0.8660254037844386,0.5000000000000001,0.0,0.07401969300989086,0.03771220801363234,0.0
2020-06-01 04:15:00,0.8968727415326884,0.44228869021900125,0.0,0.07503529053865043,0.035400854553988836,0.0
2020-06-01 04:30:00,0.9238795325112867,0.38268343236508984,0.0,0.073427586881881,0.03575621286426878,0.0
2020-06-01 04:45:00,0.9469301294951057,0.3214394653031615,0.0,0.06080323632561124,0.02749941034268305,0.0
2020-06-01 05:00:00,0.9659258262890683,0.25881904510252074,0.0,0.05631424004443897,0.024133617481037928,0.0
2020-06-01 05:15:00,0.9807852804032304,0.19509032201612833,0.0,0.06379098301362696,0.02954612219554259,0.0
2020-06-01 05:30:00,0.9914448613738104,0.1305261922200517,0.0,0.0616112980242125,0.03146615933884517,0.0
2020-06-01 05:45:00,0.9978589232386035,0.06540312923014305,0.00011964556268532522,0.05201292857426898,0.028290193661658414,0.0
2020-06-01 06:00:00,1.0,6.123233995736766e-17,0.006799633154622114,0.05923588548666525,0.03850051089858991,0.0057207316669195245
2020-06-01 06:15:00,0.9978589232386035,-0.06540312923014292,0.027110513542546247,0.0784007092616994,0.055191716946102976,0.03313034078538267
2020-06-01 06:30:00,0.9914448613738105,-0.13052619222005138,0.05615076334595859,0.10025708079637208,0.0718091084595266,0.07064483556049017
2020-06-01 06:45:00,0.9807852804032305,-0.19509032201612797,0.08936171604573248,0.12447366996846054,0.08890438668108136,0.1140064021952108
2020-06-01 07:00:00,0.9659258262890683,-0.25881904510252085,0.13191283351830232,0.15989675926120617,0.10965310905550513,0.15534527131692252
2020-06-01 07:15:00,0.9469301294951057,-0.3214394653031616,0.19813915668946958,0.19281624335247272,0.1428928633972818,0.22875208865144303
2020-06-01 07:30:00,0.9238795325112867,-0.3826834323650897,0.2685869941003431,0.2327237664170292,0.21802467078106758,0.3085857688077273
2020-06-01 07:45:00,0.8968727415326884,-0.44228869021900113,0.31361723203878206,0.26680429950185447,0.29711061283863005,0.3631415542975589
2020-06-01 08:00:00,0.8660254037844387,-0.4999999999999998,0.3846758855906884,0.30001427361433874,0.35990644747524625,0.45254417486800347
2020-06-01 08:15:00,0.8314696123025451,-0.5555702330196023,0.36616074256660686,0.3243467265447251,0.3989976307472459,0.42325606929712206
2020-06-01 08:30:00,0.7933533402912352,-0.6087614290087207,0.34560974019346485,0.36408443655009504,0.4747030209941109,0.4245557902811295
2020-06-01 08:45:00,0.7518398074789774,-0.6593458151000688,0.4152725339745867,0.3876128760792521,0.4809110865727385,0.4954096397090088
2020-06-01 09:00:00,0.7071067811865476,-0.7071067811865475,0.4388211806637242,0.42457945055542434,0.5688316734343826,0.5151164396674288
2020-06-01 09:15:00,0.6593458151000686,-0.7518398074789776,0.34402496735335564,0.4165922358171452,0.5096475777469115,0.4348372535250622
2020-06-01 09:30:00,0.6087614290087204,-0.7933533402912353,0.3553638727088077,0.44339091868788727,0.532190298509714,0.45556684155382876
2020-06-01 09:45:00,0.5555702330196022,-0.8314696123025453,0.4402048451589126,0.48039173282203174,0.5257762250155691,0.5417147834737001
2020-06-01 10:00:00,0.49999999999999994,-0.8660254037844387,0.47766343817638784,0.5018803466109121,0.6510123348758236,0.5706616211926179
2020-06-01 10:15:00,0.4422886902190013,-0.8968727415326883,0.5918537161845079,0.5365171031879448,0.6532641619370724,0.6451759910040312
2020-06-01 10:30:00,0.3826834323650899,-0.9238795325112867,0.7565659664182446,0.5862774774200934,0.7695686723894505,0.8669741720821552
2020-06-01 10:45:00,0.32143946530316175,-0.9469301294951056,0.7623620956667866,0.6087633726605972,0.8061200945397006,0.8528817152855199
2020-06-01 11:00:00,0.258819045102521,-0.9659258262890682,0.8321858758483055,0.6184480264974435,0.8534267097315017,0.7860135852981259
2020-06-01 11:15:00,0.19509032201612816,-0.9807852804032304,0.4047919286433066,0.6305535605601527,0.7849661554537061,0.7458960644283016
2020-06-01 11:30:00,0.13052619222005157,-0.9914448613738104,0.8918052544779298,0.634111301940109,0.7589946320950826,0.9051197107330041
2020-06-01 11:45:00,0.06540312923014312,-0.9978589232386035,0.3039120878394066,0.6290354371839586,0.727249212831658,0.4156091126550547
2020-06-01 12:00:00,1.2246467991473532e-16,-1.0,0.2921965088831609,0.5750923549255043,0.518432141550513,0.38733770214089935
2020-06-01 12:15:00,-0.06540312923014287,-0.9978589232386035,0.5072992901845678,0.6231690054777184,0.652721170591294,0.5078997564974637
2020-06-01 12:30:00,-0.13052619222005132,-0.9914448613738105,0.474989724431964,0.6450173028583193,0.6689633382230965,0.5509199358082044
2020-06-01 12:45:00,-0.19509032201612792,-0.9807852804032305,0.23197451066486877,0.6076588562099479,0.5273596626519412,0.29512740229362283
2020-06-01 13:00:00,-0.25881904510252035,-0.9659258262890684,0.37485170966084885,0.5787474513174169,0.4604939777244845,0.5041876248130586
2020-06-01 13:15:00,-0.3214394653031611,-0.9469301294951058,0.6010137654454913,0.6216340711523705,0.6924352113070452,0.6911897459006571
2020-06-01 13:30:00,-0.3826834323650892,-0.923879532511287,0.5462735021336711,0.49808457412937135,0.38985025377043936,0.7176848073101356
2020-06-01 13:45:00,-0.44228869021900147,-0.8968727415326883,0.3931786984872316,0.5438120225046235,0.511121627090998,0.4772164649315786
2020-06-01 14:00:00,-0.5000000000000001,-0.8660254037844386,0.15861255959465195,0.5597323292706091,0.4623313110319529,0.20966569968442547
2020-06-01 14:15:00,-0.5555702330196023,-0.8314696123025452,0.17680406376771476,0.3833654087593903,0.18493100700152,0.2451425631120829
2020-06-01 14:30:00,-0.6087614290087207,-0.7933533402912352,0.2732573170587494,0.4139973894047231,0.3086464190480156,0.3686323647386061
2020-06-01 14:45:00,-0.6593458151000688,-0.7518398074789774,0.1617339314299021,0.4291132156582447,0.30612572330575516,0.21997971866893437
2020-06-01 15:00:00,-0.7071067811865475,-0.7071067811865477,0.15030879146763118,0.4363904071886555,0.28566054810022623,0.21318291503243766
2020-06-01 15:15:00,-0.7518398074789773,-0.6593458151000691,0.10432234154742295,0.4308383019862789,0.26587032417401835,0.14674583507672156
2020-06-01 15:30:00,-0.7933533402912349,-0.6087614290087209,0.09236984621101295,0.4167685073019636,0.23916626545623842,0.12952814595864826
2020-06-01 15:45:00,-0.8314696123025448,-0.555570233019603,0.07702208451815014,0.4127980588674405,0.22007714178524762,0.10660077622610821
2020-06-01 16:00:00,-0.8660254037844385,-0.5000000000000004,0.0882050806542662,0.4156631829870938,0.2177359660612791,0.12384994585434067
2020-06-01 16:15:00,-0.8968727415326883,-0.44228869021900136,0.10474489881533454,0.422845867868088,0.2350421750959475,0.14355579003863758
2020-06-01 16:30:00,-0.9238795325112868,-0.3826834323650895,0.09369727257318917,0.43117497042397845,0.24134792033295005,0.12791051363809205
2020-06-01 16:45:00,-0.9469301294951056,-0.3214394653031618,0.086815791877246,0.4252992213503932,0.23244619944190137,0.11872758282698659
2020-06-01 17:00:00,-0.9659258262890683,-0.25881904510252063,0.07095569224831572,0.386673711482038,0.2094152969593599,0.09692287860560936
2020-06-01 17:15:00,-0.9807852804032303,-0.19509032201612866,0.05236733638520481,0.3678793742386075,0.186837471822225,0.07206438558991224
2020-06-01 17:30:00,-0.9914448613738104,-0.13052619222005163,0.03754508503532891,0.35661260360011493,0.17328678112467488,0.050856317690960384
2020-06-01 17:45:00,-0.9978589232386035,-0.06540312923014362,0.041693251209262934,0.3517999903765412,0.16578883300151193,0.05139895329460189
2020-06-01 18:00:00,-1.0,-1.8369701987210297e-16,0.032568921481182685,0.3495728449670672,0.1579309613761194,0.04038184964014799
2020-06-01 18:15:00,-0.9978589232386036,0.06540312923014237,0.016704045774044995,0.3358412924527765,0.14233305395949758,0.0197867258093567
2020-06-01 18:30:00,-0.9914448613738104,0.13052619222005213,0.0024542070246778487,0.32018732540118666,0.1211283678835714,0.0016675710593628186
2020-06-01 18:45:00,-0.9807852804032304,0.1950903220161283,0.0,0.3097185136704024,0.11106937831687352,0.0
2020-06-01 19:00:00,-0.9659258262890682,0.25881904510252113,0.0,0.2994257355533041,0.10465706974500177,0.0
2020-06-01 19:15:00,-0.9469301294951057,0.3214394653031615,0.0,0.28344592544457203,0.09577388545991694,0.0
2020-06-01 19:30:00,-0.9238795325112866,0.38268343236509,0.0,0.2700845244546983,0.08950153030222557,0.0
2020-06-01 19:45:00,-0.8968727415326884,0.442288690219001,0.0,0.2552656601124297,0.08600475941456409,0.0
2020-06-01 20:00:00,-0.8660254037844386,0.5000000000000001,0.0,0.23890946157514814,0.08040946641135865,0.0
2020-06-01 20:15:00,-0.8314696123025455,0.5555702330196018,0.0,0.23834929205091981,0.07709927161485014,0.0
2020-06-01 20:30:00,-0.7933533402912352,0.6087614290087205,0.0,0.23219630289107807,0.06860378600747502,0.0
2020-06-01 20:45:00,-0.7518398074789777,0.6593458151000684,0.0,0.22179954816064384,0.06228984196819887,0.0
2020-06-01 21:00:00,-0.7071067811865477,0.7071067811865474,0.0,0.2185853436671672,0.06365748937882787,0.0
2020-06-01 21:15:00,-0.6593458151000687,0.7518398074789775,0.0,0.2066533237717516,0.06028110025333283,0.0
2020-06-01 21:30:00,-0.608761429008721,0.7933533402912349,0.0,0.20153966443447646,0.061690290137232096,0.0
2020-06-01 21:45:00,-0.5555702330196022,0.8314696123025452,0.0,0.19893864683703488,0.05891217028564122,0.0
2020-06-01 22:00:00,-0.5000000000000004,0.8660254037844384,0.0,0.18858121265347494,0.05138002204712777,0.0
2020-06-01 22:15:00,-0.4422886902190014,0.8968727415326883,0.0,0.1788881974219445,0.047422877864454926,0.0
2020-06-01 22:30:00,-0.38268343236508956,0.9238795325112868,0.0,0.17037008605535742,0.04594617935202305,0.0
2020-06-01 22:45:00,-0.32143946530316186,0.9469301294951056,0.0,0.1547918380013371,0.04339049575847176,0.0
2020-06-01 23:00:00,-0.2588190451025207,0.9659258262890683,0.0,0.14042361859448338,0.0434087428649485,0.0
2020-06-01 23:15:00,-0.19509032201612872,0.9807852804032303,0.0,0.13027546163729053,0.042553659821368606,0.0
2020-06-01 23:30:00,-0.13052619222005168,0.9914448613738104,0.0,0.11613758643984484,0.04029363958309634,0.0
2020-06-01 23:45:00,-0.06540312923014367,0.9978589232386035,0.0,0.11606431315502896,0.03967725840962372,0.0
2020-06-02 00:00:00,0.0,1.0,0.0,0.14461221056519502,0.04586240812494957,0.0
2020-06-02 00:15:00,0.06540312923014306,0.9978589232386035,0.0,0.15313388551062257,0.04723344193624335,0.0
2020-06-02 00:30:00,0.13052619222005157,0.9914448613738104,0.0,0.14579039525650117,0.04163149566827684,0.0
2020-06-02 00:45:00,0.19509032201612825,0.9807852804032304,0.0,0.12996591499673316,0.03923379321062187,0.0
2020-06-02 01:00:00,0.25881904510252074,0.9659258262890683,0.0,0.11584078001039622,0.04222189371028506,0.0
2020-06-02 01:15:00,0.3214394653031616,0.9469301294951057,0.0,0.10462564696291343,0.04100241689862433,0.0
2020-06-02 01:30:00,0.3826834323650898,0.9238795325112867,0.0,0.09602645744551208,0.039003712036558835,0.0
2020-06-02 01:45:00,0.4422886902190013,0.8968727415326883,0.0,0.09161035744585289,0.03803382466645899,0.0
2020-06-02 02:00:00,0.49999999999999994,0.8660254037844387,0.0,0.08648684216508573,0.03381729316211052,0.0
2020-06-02 02:15:00,0.5555702330196022,0.8314696123025452,0.0,0.08475379388634297,0.03112754036706683,0.0
2020-06-02 02:30:00,0.6087614290087207,0.7933533402912352,0.0,0.07724279298606374,0.028819273763510844,0.0
2020-06-02 02:45:00,0.6593458151000688,0.7518398074789774,0.0,0.07211502295373418,0.033889820920199765,0.0
2020-06-02 03:00:00,0.7071067811865476,0.7071067811865476,0.0,0.0675226739099295,0.03074858272557679,0.0
2020-06-02 03:15:00,0.7518398074789773,0.659345815100069,0.0,0.05397826474526468,0.026651139175831617,0.0
2020-06-02 03:30:00,0.7933533402912352,0.6087614290087207,0.0,0.05794233425825479,0.0336735137741368,0.0
2020-06-02 03:45:00,0.8314696123025452,0.5555702330196023,0.0,0.0649835656405997,0.03560621275309972,0.0
2020-06-02 04:00:00,0.8660254037844386,0.5000000000000001,0.0,0.068002724782396,0.034945844935113324,0.0
2020-06-02 04:15:00,0.8968727415326884,0.44228869021900125,0.0,0.06899230459511485,0.033612747811664234,0.0
2020-06-02 04:30:00,0.9238795325112867,0.38268343236508984,0.0,0.07526815291212685,0.0394662327708622,0.0
2020-06-02 04:45:00,0.9469301294951057,0.3214394653031615,0.0,0.08358656024336164,0.045673097358556514,0.0
2020-06-02 05:00:00,0.9659258262890683,0.25881904510252074,0.0,0.08824589918359904,0.0470390262552271,0.0
2020-06-02 05:15:00,0.9807852804032304,0.19509032201612833,0.0,0.08932575782297913,0.042788286197652625,0.0
2020-06-02 05:30:00,0.9914448613738104,0.1305261922200517,0.0,0.08352826450473261,0.043207624396878586,0.0
2020-06-02 05:45:00,0.9978589232386035,0.06540312923014305,6.378323538953489e-05,0.08484829604762423,0.03889560457048957,0.0
2020-06-02 06:00:00,1.0,6.123233995736766e-17,0.006467682306454363,0.08000418509571405,0.039458935414944885,0.005685607301543425
2020-06-02 06:15:00,0.9978589232386035,-0.06540312923014292,0.023842407485248754,0.09386757944791424,0.06840980065810465,0.029544131137265457
2020-06-02 06:30:00,0.9914448613738105,-0.13052619222005138,0.028659432305146046,0.11328223523319458,0.08414477041161905,0.03563611778818243
2020-06-02 06:45:00,0.9807852804032305,-0.19509032201612797,0.046109485191735744,0.13038408795803025,0.09742041027810705,0.059483411384301174
2020-06-02 07:00:00,0.9659258262890683,-0.25881904510252085,0.09586605408042684,0.14874026208883673,0.11533299316601159,0.12393028984278281
2020-06-02 07:15:00,0.9469301294951057,-0.3214394653031616,0.09518064631146926,0.17675069192111859,0.13614996730470952,0.1281838027032598
2020-06-02 07:30:00,0.9238795325112867,-0.3826834323650897,0.11562811400435159,0.19191212659803236,0.1499406086779277,0.1542368825422715
2020-06-02 07:45:00,0.8968727415326884,-0.44228869021900113,0.13091848234067718,0.211998506736081,0.19544715674036317,0.17349064987158325
2020-06-02 08:00:00,0.8660254037844387,-0.4999999999999998,0.22760405819274954,0.24429472486341552,0.2575339114028963,0.3089180763705336
2020-06-02 08:15:00,0.8314696123025451,-0.5555702330196023,0.5153533988027585,0.30559814134499197,0.4707091804912784,0.6071947842086663
2020-06-02 08:30:00,0.7933533402912352,-0.6087614290087207,0.5241826147773678,0.3401746402274306,0.6193579448186383,0.6049558448574218
2020-06-02 08:45:00,0.7518398074789774,-0.6593458151000688,0.44758982151254134,0.38431800185520615,0.5873183685615971,0.5431486102413065
2020-06-02 09:00:00,0.7071067811865476,-0.7071067811865475,0.3966385223870955,0.3872315866077638,0.5258107359259971,0.48519490080690736
2020-06-02 09:15:00,0.6593458151000686,-0.7518398074789776,0.5239481879226289,0.4062987485747873,0.580537399368861,0.6582873550916822
2020-06-02 09:30:00,0.6087614290087204,-0.7933533402912353,0.5870341193825231,0.43051861216161713,0.6176719363687783,0.7012832221363013
2020-06-02 09:45:00,0.5555702330196022,-0.8314696123025453,0.6116952201826709,0.4711961824250581,0.6961060511445819,0.7280647741070069
2020-06-02 10:00:00,0.49999999999999994,-0.8660254037844387,0.5754351733359829,0.4807427386055807,0.6820247519847703,0.6954730666690867
2020-06-02 10:15:00,0.4422886902190013,-0.8968727415326883,0.41172145242449504,0.48231858323918075,0.5960737823182816,0.5189288669565826
2020-06-02 10:30:00,0.3826834323650899,-0.9238795325112867,0.3934546054547771,0.4450517708341075,0.4746532825311921,0.5121300323188909
2020-06-02 10:45:00,0.32143946530316175,-0.9469301294951056,0.5270490086218071,0.4689221209421297,0.5349731365399719,0.6806605602926074
2020-06-02 11:00:00,0.258819045102521,-0.9659258262890682,0.5500416029603458,0.49002365556594074,0.5920502559634432,0.6822943809046119
2020-06-02 11:15:00,0.19509032201612816,-0.9807852804032304,0.3956139167789195,0.48726281100870605,0.5560981184447724,0.5104285315976222
2020-06-02 11:30:00,0.13052619222005157,-0.9914448613738104,0.3553910926843057,0.47907205071247305,0.47132200228764043,0.4693830823418257
2020-06-02 11:45:00,0.06540312923014312,-0.9978589232386035,0.3405975189538042,0.47313343633811566,0.4587207722701343,0.4534086643549588
2020-06-02 12:00:00,1.2246467991473532e-16,-1.0,0.46155665974132304,0.47583730530944357,0.46356662523350456,0.6060774351381677
2020-06-02 12:15:00,-0.06540312923014287,-0.9978589232386035,0.5671142750070032,0.5125202056378879,0.5713915229275649,0.7065927955956424
2020-06-02 12:30:00,-0.13052619222005132,-0.9914448613738105,0.5426348719089781,0.48595957791230804,0.5488485054328103,0.6610198275961532
2020-06-02 12:45:00,-0.19509032201612792,-0.9807852804032305,0.6473876591692569,0.49679762847328957,0.6159076947507389,0.8032921446837593
2020-06-02 13:00:00,-0.25881904510252035,-0.9659258262890684,0.7246453472666136,0.5093621701484212,0.6358438418879803,0.9130694060027263
2020-06-02 13:15:00,-0.3214394653031611,-0.9469301294951058,0.7157037228342475,0.5092134199047214,0.6524210156745734,0.8848699765462646
2020-06-02 13:30:00,-0.3826834323650892,-0.923879532511287,0.5794911285608664,0.4872908977547783,0.5799657389350632,0.7460182828688819
2020-06-02 13:45:00,-0.44228869021900147,-0.8968727415326883,0.7647641379027478,0.49654781441558193,0.6580742487555965,0.9362726930797535
2020-06-02 14:00:00,-0.5000000000000001,-0.8660254037844386,0.3796206357253654,0.4620966422025783,0.5347798810668245,0.4945585906808782
2020-06-02 14:15:00,-0.5555702330196023,-0.8314696123025452,0.4096207301564465,0.4409183409223594,0.45715074954980295,0.5358082749812845
2020-06-02 14:30:00,-0.6087614290087207,-0.7933533402912352,0.5255890160130018,0.43858256470401025,0.4489865354332906,0.6567618345894249
2020-06-02 14:45:00,-0.6593458151000688,-0.7518398074789774,0.522452039349978,0.48582192233723864,0.5688513764761712,0.6570290306510077
2020-06-02 15:00:00,-0.7071067811865475,-0.7071067811865477,0.3705202721231374,0.447374609363427,0.4724358201238643,0.4890615080250438
2020-06-02 15:15:00,-0.7518398074789773,-0.6593458151000691,0.29741137596446804,0.41378864177823416,0.38869586241030485,0.39692217373319083
2020-06-02 15:30:00,-0.7933533402912349,-0.6087614290087209,0.32963398677409317,0.3959270690521357,0.38411684399726753,0.43926047441652466
2020-06-02 15:45:00,-0.8314696123025448,-0.555570233019603,0.3523851298889153,0.41208382835400426,0.40929588049014076,0.47964196563995476
2020-06-02 16:00:00,-0.8660254037844385,-0.5000000000000004,0.39197925658874416,0.41873726791962773,0.4245136084810033,0.5052935644393082
2020-06-02 16:15:00,-0.8968727415326883,-0.44228869021900136,0.2717069072548694,0.4338747651308692,0.4158161458517353,0.3655639408061098
2020-06-02 16:30:00,-0.9238795325112868,-0.3826834323650895,0.24870702251411209,0.3859154456363727,0.33863562955079185,0.33502163254850714
2020-06-02 16:45:00,-0.9469301294951056,-0.3214394653031618,0.17500473689238805,0.36351149475665356,0.29066671286122203,0.22879037898323498
2020-06-02 17:00:00,-0.9659258262890683,-0.25881904510252063,0.15477961186945252,0.3474154060577579,0.2444853010121979,0.20514976957611317
2020-06-02 17:15:00,-0.9807852804032303,-0.19509032201612866,0.0893138061914933,0.3310426328395486,0.21058929794194747,0.11355516162125784
2020-06-02 17:30:00,-0.9914448613738104,-0.13052619222005163,0.05482173876521295,0.32214390073352184,0.16974125759920522,0.06856300009053813
2020-06-02 17:45:00,-0.9978589232386035,-0.06540312923014362,0.037160032506151464,0.3142666590769312,0.15331746891813336,0.04426727348224057
2020-06-02 18:00:00,-1.0,-1.8369701987210297e-16,0.02271366440641727,0.290079379347002,0.1337201629500563,0.02525384124014223
2020-06-02 18:15:00,-0.9978589232386036,0.06540312923014237,0.017492530073093274,0.2805129115575069,0.12045164746303971,0.01395560328009897
2020-06-02 18:30:00,-0.9914448613738104,0.13052619222005213,0.0053061773665374935,0.27771963157239377,0.11390282511662803,0.002969323048378714
2020-06-02 18:45:00,-0.9807852804032304,0.1950903220161283,0.0001351857992798188,0.27480481675038604,0.10512783287726829,0.0
2020-06-02 19:00:00,-0.9659258262890682,0.25881904510252113,0.0,0.27050692523875064,0.0982069918364808,0.0
2020-06-02 19:15:00,-0.9469301294951057,0.3214394653031615,0.0,0.2626944653163892,0.08984650018156287,0.0
2020-06-02 19:30:00,-0.9238795325112866,0.38268343236509,0.0,0.24950303895854753,0.0779342578491225,0.0
2020-06-02 19:45:00,-0.8968727415326884,0.442288690219001,0.0,0.24453360582533668,0.07453520880921283,0.0
2020-06-02 20:00:00,-0.8660254037844386,0.5000000000000001,0.0,0.23371047382363086,0.07123259905999291,0.0
2020-06-02 20:15:00,-0.8314696123025455,0.5555702330196018,0.0,0.22195664633462386,0.06179960140685997,0.0
2020-06-02 20:30:00,-0.7933533402912352,0.6087614290087205,0.0,0.21101585788544464,0.054456541737353814,0.0
2020-06-02 20:45:00,-0.7518398074789777,0.6593458151000684,0.0,0.20209491848961925,0.05346054105142595,0.0
2020-06-02 21:00:00,-0.7071067811865477,0.7071067811865474,0.0,0.1873337266764381,0.047802309433280565,0.0
2020-06-02 21:15:00,-0.6593458151000687,0.7518398074789775,0.0,0.18101378243738098,0.047607298882047844,0.0
2020-06-02 21:30:00,-0.608761429008721,0.7933533402912349,0.0,0.1763370564638611,0.04748364744315997,0.0
2020-06-02 21:45:00,-0.5555702330196022,0.8314696123025452,0.0,0.17719843271289237,0.04603356058345964,0.0
2020-06-02 22:00:00,-0.5000000000000004,0.8660254037844384,0.0,0.1821051396775022,0.053119248177200595,0.0
2020-06-02 22:15:00,-0.4422886902190014,0.8968727415326883,0.0,0.18157425170488195,0.05647966440454405,0.0
2020-06-02 22:30:00,-0.38268343236508956,0.9238795325112868,0.0,0.18035798967997452,0.06150553019831034,0.0
2020-06-02 22:45:00,-0.32143946530316186,0.9469301294951056,0.0,0.1816898615629956,0.06713262696024991,0.0
2020-06-02 23:00:00,-0.2588190451025207,0.9659258262890683,0.0,0.177145301534817,0.06080228973626578,0.0
2020-06-02 23:15:00,-0.19509032201612872,0.9807852804032303,0.0,0.1855458827628611,0.06695885313511235,0.0
2020-06-02 23:30:00,-0.13052619222005168,0.9914448613738104,0.0,0.18363849289716128,0.06605982704270824,0.0
2020-06-02 23:45:00,-0.06540312923014367,0.9978589232386035,0.0,0.18759889015433817,0.06397477880788166,0.0
2020-06-03 00:00:00,0.0,1.0,0.0,0.1857161311711002,0.058032535837242494,0.0
2020-06-03 00:15:00,0.06540312923014306,0.9978589232386035,0.0,0.17340937448065263,0.051384053945261354,0.0
2020-06-03 00:30:00,0.13052619222005157,0.9914448613738104,0.0,0.1531217002252938,0.04889429848581778,0.0
2020-06-03 00:45:00,0.19509032201612825,0.9807852804032304,0.0,0.1481203385028278,0.05064184295473262,0.0
2020-06-03 01:00:00,0.25881904510252074,0.9659258262890683,0.0,0.15524316513320513,0.06531899001955865,0.0
2020-06-03 01:15:00,0.3214394653031616,0.9469301294951057,0.0,0.16171685010101133,0.07557351840876053,0.0
2020-06-03 01:30:00,0.3826834323650898,0.9238795325112867,0.0,0.16728463267798488,0.0726780085240909,0.0
2020-06-03 01:45:00,0.4422886902190013,0.8968727415326883,0.0,0.17092670001527166,0.06808796602682987,0.0
2020-06-03 02:00:00,0.49999999999999994,0.8660254037844387,0.0,0.16456130892566656,0.06467033537895434,0.0
2020-06-03 02:15:00,0.5555702330196022,0.8314696123025452,0.0,0.1522642825109437,0.06015522684058694,0.0
2020-06-03 02:30:00,0.6087614290087207,0.7933533402912352,0.0,0.141560041193715,0.06267648510787505,0.0
2020-06-03 02:45:00,0.6593458151000688,0.7518398074789774,0.0,0.13875056321039536,0.06874185215018863,0.0
2020-06-03 03:00:00,0.7071067811865476,0.7071067811865476,0.0,0.13810805084315048,0.066731780063633,0.0
2020-06-03 03:15:00,0.7518398074789773,0.659345815100069,0.0,0.14209780017976414,0.05587702953462381,0.0
2020-06-03 03:30:00,0.7933533402912352,0.6087614290087207,0.0,0.1380131223090857,0.05011288942101133,0.0
2020-06-03 03:45:00,0.8314696123025452,0.5555702330196023,0.0,0.1313725547133786,0.04875532808412264,0.0
2020-06-03 04:00:00,0.8660254037844386,0.5000000000000001,0.0,0.13235831961172217,0.05091947296304539,0.0
2020-06-03 04:15:00,0.8968727415326884,0.44228869021900125,0.0,0.13119422766293276,0.0537495251251614,0.0
2020-06-03 04:30:00,0.9238795325112867,0.38268343236508984,0.0,0.12938845813992517,0.05770053215978588,0.0
2020-06-03 04:45:00,0.9469301294951057,0.3214394653031615,0.0,0.1299998767109436,0.06464282509249158,0.0
2020-06-03 05:00:00,0.9659258262890683,0.25881904510252074,0.0,0.1279823614875617,0.06120467775055577,0.0
2020-06-03 05:15:00,0.9807852804032304,0.19509032201612833,0.0,0.1233368460017672,0.06397271715365638,0.0
2020-06-03 05:30:00,0.9914448613738104,0.1305261922200517,0.0,0.10982049889843482,0.06052308345246571,0.0
2020-06-03 05:45:00,0.9978589232386035,0.06540312923014305,0.00013659045861167524,0.10171249755940881,0.051275177226216995,0.0
2020-06-03 06:00:00,1.0,6.123233995736766e-17,0.005413641252521142,0.09882454454331979,0.04643775450398924,0.004231112111558297
2020-06-03 06:15:00,0.9978589232386035,-0.06540312923014292,0.019528035748013435,0.09857556079050589,0.053923553492873866,0.02468926286441382
2020-06-03 06:30:00,0.9914448613738105,-0.13052619222005138,0.034560609376450925,0.10582656854389749,0.07246188078333121,0.04458584191872583
2020-06-03 06:45:00,0.9807852804032305,-0.19509032201612797,0.051228281694243934,0.1155939701176143,0.09676128142149326,0.06686675607877605
2020-06-03 07:00:00,0.9659258262890683,-0.25881904510252085,0.08110789687778858,0.13454608324334383,0.12666138514731118,0.10561281384691767
2020-06-03 07:15:00,0.9469301294951057,-0.3214394653031616,0.12823338151600056,0.16017631169850355,0.17197716098324223,0.1629793848652643
2020-06-03 07:30:00,0.9238795325112867,-0.3826834323650897,0.1610267070252099,0.19467638213753147,0.22722106759507044,0.20528053017871534
2020-06-03 07:45:00,0.8968727415326884,-0.44228869021900113,0.19278107750251175,0.23258212986660576,0.26241059555940816,0.24336024051029287
2020-06-03 08:00:00,0.8660254037844387,-0.4999999999999998,0.24971651069079928,0.2606466859605119,0.2920127282714735,0.3165488447345333
2020-06-03 08:15:00,0.8314696123025451,-0.5555702330196023,0.25635570356741616,0.28949547752896687,0.33561240488796973,0.330359769078521
2020-06-03 08:30:00,0.7933533402912352,-0.6087614290087207,0.2549175027645764,0.3234301462406137,0.3516024333330744,0.3325934517272838
2020-06-03 08:45:00,0.7518398074789774,-0.6593458151000688,0.287046890069504,0.3450650417991863,0.3452353616175897,0.3763400124671379
2020-06-03 09:00:00,0.7071067811865476,-0.7071067811865475,0.35955163810800267,0.3629964902922391,0.38660231442231496,0.46383265605476676
2020-06-03 09:15:00,0.6593458151000686,-0.7518398074789776,0.3531017683232249,0.3765015878862985,0.4042967107278602,0.4612341101126569
2020-06-03 09:30:00,0.6087614290087204,-0.7933533402912353,0.320804955794907,0.3783980177274038,0.39426470689303683,0.42482412132134734
2020-06-03 09:45:00,0.5555702330196022,-0.8314696123025453,0.33286468026294247,0.36339753204392267,0.38320806793982676,0.435848214000608
2020-06-03 10:00:00,0.49999999999999994,-0.8660254037844387,0.328721369427581,0.3755134936461184,0.38616378819305375,0.43259353535672507
2020-06-03 10:15:00,0.4422886902190013,-0.8968727415326883,0.3400379121652318,0.38860288675288857,0.3909696996695615,0.44636796142742124
2020-06-03 10:30:00,0.3826834323650899,-0.9238795325112867,0.5038917729954234,0.4216198015132364,0.45243916046176524,0.6489535328638465
2020-06-03 10:45:00,0.32143946530316175,-0.9469301294951056,0.6351364115047353,0.47490004239895867,0.5786764611049321,0.7942010867649842
2020-06-03 11:00:00,0.258819045102521,-0.9659258262890682,0.5847584699485875,0.509693080309481,0.6286532658776388,0.7167622551565329
2020-06-03 11:15:00,0.19509032201612816,-0.9807852804032304,0.5411251646452439,0.5109968654464299,0.5917832703349607,0.6876689464122276
2020-06-03 11:30:00,0.13052619222005157,-0.9914448613738104,0.6602775841586334,0.5077908787273324,0.5828573271162337,0.7918285792403316
2020-06-03 11:45:00,0.06540312923014312,-0.9978589232386035,0.8342021977161556,0.5515075982838973,0.7729299113096467,0.958414782458917
2020-06-03 12:00:00,1.2246467991473532e-16,-1.0,0.5434792292186987,0.5441746596341244,0.6855572485355662,0.6870881399424545
2020-06-03 12:15:00,-0.06540312923014287,-0.9978589232386035,0.5854953421890622,0.5156711498747499,0.625985526093228,0.7433760703927172
2020-06-03 12:30:00,-0.13052619222005132,-0.9914448613738105,0.6641031556103716,0.5501324614248855,0.6708081305119767,0.829080716548939
2020-06-03 12:45:00,-0.19509032201612792,-0.9807852804032305,0.7335654052709192,0.5651207477174722,0.702301499286846,0.9219929063011724
2020-06-03 13:00:00,-0.25881904510252035,-0.9659258262890684,0.6547634299541869,0.5836271845933252,0.7067936005515946,0.8074752294919578
2020-06-03 13:15:00,-0.3214394653031611,-0.9469301294951058,0.5822944809857091,0.5713173894357806,0.6507231168519475,0.7289018451129544
2020-06-03 13:30:00,-0.3826834323650892,-0.923879532511287,0.6142933690267904,0.5493999478541596,0.6462626337126739,0.756527038971891
2020-06-03 13:45:00,-0.44228869021900147,-0.8968727415326883,0.5036399077299584,0.5024702019394403,0.6010092777632471,0.6141679264932693
2020-06-03 14:00:00,-0.5000000000000001,-0.8660254037844386,0.5451442983749186,0.5192941434416123,0.6431522811555795,0.6662542839338943
2020-06-03 14:15:00,-0.5555702330196023,-0.8314696123025452,0.5866486890198789,0.5361180849437843,0.6852952845479122,0.7183406413745191
2020-06-03 14:30:00,-0.6087614290087207,-0.7933533402912352,0.5511486139337995,0.5325745103605639,0.6167450132539549,0.6882470050359963
2020-06-03 14:45:00,-0.6593458151000688,-0.7518398074789774,0.5983337576859117,0.5304742156627889,0.5680325930721554,0.7358114887703935
2020-06-03 15:00:00,-0.7071067811865475,-0.7071067811865477,0.7099817909387244,0.5687450240893661,0.686546024089772,0.8764643814354558
2020-06-03 15:15:00,-0.7518398074789773,-0.6593458151000691,0.6369492613271919,0.5691657956805729,0.6890830724345777,0.8081722809520304
2020-06-03 15:30:00,-0.7933533402912349,-0.6087614290087209,0.43081940142717245,0.5365134094532023,0.5917768688001493,0.5102874965227158
2020-06-03 15:45:00,-0.8314696123025448,-0.555570233019603,0.34008494684222,0.5252736394322186,0.4684083026539567,0.4147444439635874
2020-06-03 16:00:00,-0.8660254037844385,-0.5000000000000004,0.2826797271325152,0.47178787115655396,0.39270149484402295,0.37840577913338014
2020-06-03 16:15:00,-0.8968727415326883,-0.44228869021900136,0.225458034887921,0.4527515202332799,0.3702293330017137,0.2832845176358953
2020-06-03 16:30:00,-0.9238795325112868,-0.3826834323650895,0.14834904218237796,0.4291929114636146,0.2986597491051468,0.1894910527267784
2020-06-03 16:45:00,-0.9469301294951056,-0.3214394653031618,0.239880209336143,0.4182087294854493,0.2964777460656238,0.32141984154593206
2020-06-03 17:00:00,-0.9659258262890683,-0.25881904510252063,0.32242463274192945,0.4496227832862174,0.39040447874101436,0.4016563169350572
2020-06-03 17:15:00,-0.9807852804032303,-0.19509032201612866,0.17192027764680598,0.4103232543460098,0.3190429137869377,0.20629101277890774
2020-06-03 17:30:00,-0.9914448613738104,-0.13052619222005163,0.14252661247836032,0.3878990170980827,0.2466056701934921,0.15465222219465136
2020-06-03 17:45:00,-0.9978589232386035,-0.06540312923014362,0.08919045419033918,0.37411766584562645,0.20416600184997902,0.08740435479557362
2020-06-03 18:00:00,-1.0,-1.8369701987210297e-16,0.04545162127669351,0.35207982556631623,0.1714176890604745,0.049379003611205945
2020-06-03 18:15:00,-0.9978589232386036,0.06540312923014237,0.022618587727806318,0.3191103481441935,0.1347517649409069,0.026759927830135123
2020-06-03 18:30:00,-0.9914448613738104,0.13052619222005213,0.006533965058686631,0.30217191288679834,0.11005769252461634,0.006969319225509693
2020-06-03 18:45:00,-0.9807852804032304,0.1950903220161283,6.837195383821762e-05,0.2887253181267193,0.09379862101574127,0.0
2020-06-03 19:00:00,-0.9659258262890682,0.25881904510252113,0.0,0.2747264718735176,0.08136381824651545,0.0
2020-06-03 19:15:00,-0.9469301294951057,0.3214394653031615,0.0,0.2556988590276501,0.07528796714400454,0.0
2020-06-03 19:30:00,-0.9238795325112866,0.38268343236509,0.0,0.2413640448063219,0.0706153628484788,0.0
2020-06-03 19:45:00,-0.8968727415326884,0.442288690219001,0.0,0.2335362444400373,0.06845241755417697,0.0
2020-06-03 20:00:00,-0.8660254037844386,0.5000000000000001,0.0,0.224655577075612,0.07000083238234617,0.0
2020-06-03 20:15:00,-0.8314696123025455,0.5555702330196018,0.0,0.22106609272282252,0.07190206431398438,0.0
2020-06-03 20:30:00,-0.7933533402912352,0.6087614290087205,0.0,0.2198403741983983,0.06437960978800467,0.0
2020-06-03 20:45:00,-0.7518398074789777,0.6593458151000684,0.0,0.21604502808964066,0.06118232159965625,0.0
2020-06-03 21:00:00,-0.7071067811865477,0.7071067811865474,0.0,0.21427924335742277,0.060981126085747794,0.0
2020-06-03 21:15:00,-0.6593458151000687,0.7518398074789775,0.0,0.2116890274175418,0.06033087467767284,0.0
2020-06-03 21:30:00,-0.608761429008721,0.7933533402912349,0.0,0.19907125326072483,0.05708720127827405,0.0
2020-06-03 21:45:00,-0.5555702330196022,0.8314696123025452,0.0,0.1854412463937447,0.05449654289204886,0.0
2020-06-03 22:00:00,-0.5000000000000004,0.8660254037844384,0.0,0.18327935236972293,0.057798512769050236,0.0
2020-06-03 22:15:00,-0.4422886902190014,0.8968727415326883,0.0,0.19356982358565777,0.06618531512581022,0.0
2020-06-03 22:30:00,-0.38268343236508956,0.9238795325112868,0.0,0.2027471656207238,0.07044944749797327,0.0
2020-06-03 22:45:00,-0.32143946530316186,0.9469301294951056,0.0,0.19915643356652657,0.06921381346076355,0.0
2020-06-03 23:00:00,-0.2588190451025207,0.9659258262890683,0.0,0.19495689054749032,0.07228934873219162,0.0
2020-06-03 23:15:00,-0.19509032201612872,0.9807852804032303,0.0,0.19318577391141534,0.07679707412957493,0.0
2020-06-03 23:30:00,-0.13052619222005168,0.9914448613738104,0.0,0.19618057819102597,0.07873547962358751,0.0
2020-06-03 23:45:00,-0.06540312923014367,0.9978589232386035,0.0,0.19581211805217502,0.08399803857085897,0.0
2020-06-04 00:00:00,0.0,1.0,0.0,0.19079090979868774,0.07612314523949154,0.0
2020-06-04 00:15:00,0.06540312923014306,0.9978589232386035,0.0,0.19065763464294827,0.08326226146033061,0.0
2020-06-04 00:30:00,0.13052619222005157,0.9914448613738104,0.0,0.19127438960595788,0.08300904925714264,0.0
2020-06-04 00:45:00,0.19509032201612825,0.9807852804032304,0.0,0.19016071287267344,0.07081703088341018,0.0
2020-06-04 01:00:00,0.25881904510252074,0.9659258262890683,0.0,0.1782125312047096,0.05818206483370114,0.0
2020-06-04 01:15:00,0.3214394653031616,0.9469301294951057,0.0,0.17255005379724908,0.055721916472759814,0.0
2020-06-04 01:30:00,0.3826834323650898,0.9238795325112867,0.0,0.1667064984334392,0.052897849275582165,0.0
2020-06-04 01:45:00,0.4422886902190013,0.8968727415326883,0.0,0.16693454471795266,0.06034628705981515,0.0
2020-06-04 02:00:00,0.49999999999999994,0.8660254037844387,0.0,0.1744901890926942,0.08018470672405431,0.0
2020-06-04 02:15:00,0.5555702330196022,0.8314696123025452,0.0,0.17376289137548806,0.07260252047804527,0.0
2020-06-04 02:30:00,0.6087614290087207,0.7933533402912352,0.0,0.17532677288641962,0.06202045154522429,0.0
2020-06-04 02:45:00,0.6593458151000688,0.7518398074789774,0.0,0.1601580898721926,0.04498041529037361,0.0
2020-06-04 03:00:00,0.7071067811865476,0.7071067811865476,0.0,0.1421543330432551,0.037311013757811096,0.0
2020-06-04 03:15:00,0.7518398074789773,0.659345815100069,0.0,0.13242515691157997,0.03698883457995705,0.0
2020-06-04 03:30:00,0.7933533402912352,0.6087614290087207,0.0,0.11532798082295481,0.02720769159370745,0.0
2020-06-04 03:45:00,0.8314696123025452,0.5555702330196023,0.0,0.096485575658394,0.02185402418443888,0.0
2020-06-04 04:00:00,0.8660254037844386,0.5000000000000001,0.0,0.09529793254408503,0.02238763391862314,0.0
2020-06-04 04:15:00,0.8968727415326884,0.44228869021900125,0.0,0.09311494621112137,0.023193643785580143,0.0
2020-06-04 04:30:00,0.9238795325112867,0.38268343236508984,0.0,0.09042777887081299,0.02386714515664279,0.0
2020-06-04 04:45:00,0.9469301294951057,0.3214394653031615,0.0,0.10116216698787728,0.030711930001106946,0.0
2020-06-04 05:00:00,0.9659258262890683,0.25881904510252074,0.0,0.11504635935562546,0.03463100670886626,0.0
2020-06-04 05:15:00,0.9807852804032304,0.19509032201612833,0.0,0.12755803080564898,0.04086061980866662,0.0
2020-06-04 05:30:00,0.9914448613738104,0.1305261922200517,0.0,0.12802372862379463,0.043701736838070715,0.0
2020-06-04 05:45:00,0.9978589232386035,0.06540312923014305,0.0003491604160087573,0.1301493091510968,0.048630612066620615,0.0
2020-06-04 06:00:00,1.0,6.123233995736766e-17,0.006677861079864559,0.13277743059314195,0.05042330760685598,0.005045603134369988
2020-06-04 06:15:00,0.9978589232386035,-0.06540312923014292,0.02243903700943668,0.13277473450659638,0.050695325724864626,0.0281870642457834
2020-06-04 06:30:00,0.9914448613738105,-0.13052619222005138,0.04297956291169632,0.13566455779247222,0.06023504773565597,0.05434026048001397
2020-06-04 06:45:00,0.9807852804032305,-0.19509032201612797,0.07208802292864919,0.14616815705422614,0.07782940599664878,0.08872623759155895
2020-06-04 07:00:00,0.9659258262890683,-0.25881904510252085,0.12620635261512608,0.1697014168398998,0.10249476713554362,0.13669901214710511
2020-06-04 07:15:00,0.9469301294951057,-0.3214394653031616,0.16456194663687515,0.19580662457547438,0.1464919533684811,0.1843587139180325
2020-06-04 07:30:00,0.9238795325112867,-0.3826834323650897,0.16545362348379256,0.2203305817193728,0.2208292714983211,0.18930659007723735
2020-06-04 07:45:00,0.8968727415326884,-0.44228869021900113,0.21088909689747548,0.25025087437949667,0.2381227773115594,0.24957964258950552
2020-06-04 08:00:00,0.8660254037844387,-0.4999999999999998,0.2894587703511403,0.29819959514423156,0.35379564106753525,0.36263260941915
2020-06-04 08:15:00,0.8314696123025451,-0.5555702330196023,0.30272792558896905,0.32091531429111453,0.38172438286655497,0.3889614274784212
2020-06-04 08:30:00,0.7933533402912352,-0.6087614290087207,0.4166218807663898,0.3430289668570774,0.46715585635089374,0.4707091466065305
2020-06-04 08:45:00,0.7518398074789774,-0.6593458151000688,0.2781414188724374,0.3570207500688065,0.4315225606294504,0.3558758284447988
2020-06-04 09:00:00,0.7071067811865476,-0.7071067811865475,0.42899928330372034,0.39273942085084723,0.4946900119559495,0.565082163543801
2020-06-04 09:15:00,0.6593458151000686,-0.7518398074789776,0.35440555985571376,0.4228203977044642,0.5153017136806032,0.48332225841186716
2020-06-04 09:30:00,0.6087614290087204,-0.7933533402912353,0.33002057045417793,0.4416214447090614,0.5062867677520485,0.4908622291039181
2020-06-04 09:45:00,0.5555702330196022,-0.8314696123025453,0.43380792008188984,0.4683263076149742,0.5112683586072247,0.4945202406008682
2020-06-04 10:00:00,0.49999999999999994,-0.8660254037844387,0.5676828587121142,0.4787673063758948,0.5676056648030962,0.7129158982389252
2020-06-04 10:15:00,0.4422886902190013,-0.8968727415326883,0.4684475490253832,0.4854630780266813,0.5363801325762645,0.598636625068885
2020-06-04 10:30:00,0.3826834323650899,-0.9238795325112867,0.6061686716746831,0.4955686195050708,0.6059453007763272,0.7172479032309481
2020-06-04 10:45:00,0.32143946530316175,-0.9469301294951056,0.8104392944423002,0.5527846745320835,0.7458795481219019,0.8987470278870555
2020-06-04 11:00:00,0.258819045102521,-0.9659258262890682,0.612451822539708,0.5723675321362438,0.7258553376916285,0.7283475610681776
2020-06-04 11:15:00,0.19509032201612816,-0.9807852804032304,0.5967074945744086,0.5877488001320084,0.756237971166973,0.7238481179756778
2020-06-04 11:30:00,0.13052619222005157,-0.9914448613738104,0.5611371656639522,0.5734561516142835,0.651063064789103,0.6911779183058564
2020-06-04 11:45:00,0.06540312923014312,-0.9978589232386035,0.6711095556700803,0.5724069828390201,0.6879166247567946,0.782981540102343
2020-06-04 12:00:00,1.2246467991473532e-16,-1.0,0.6954030792962905,0.6079362184375803,0.7570640462012047,0.8529320721180101
2020-06-04 12:15:00,-0.06540312923014287,-0.9978589232386035,0.7146801409765533,0.6141245346662816,0.7497330442556601,0.8091710554605486
2020-06-04 12:30:00,-0.13052619222005132,-0.9914448613738105,0.6481261625345665,0.6317076590361836,0.7282005143748543,0.6878592631427302
2020-06-04 12:45:00,-0.19509032201612792,-0.9807852804032305,0.4466343033142808,0.6058224564508976,0.617000975802723,0.5990306392103903
2020-06-04 13:00:00,-0.25881904510252035,-0.9659258262890684,0.8177384072713743,0.6476630851098555,0.7492605696409976,0.9090746067599216
2020-06-04 13:15:00,-0.3214394653031611,-0.9469301294951058,0.8510330785622573,0.6780545511122875,0.8368377819844625,0.9159957793212489
2020-06-04 13:30:00,-0.3826834323650892,-0.923879532511287,0.4776319687632554,0.6329163989475697,0.7075844516749258,0.5812365640406482
2020-06-04 13:45:00,-0.44228869021900147,-0.8968727415326883,0.6673543434035765,0.6230612049737381,0.6700917184259659,0.8310508468842568
2020-06-04 14:00:00,-0.5000000000000001,-0.8660254037844386,0.522489339120332,0.6391527830974015,0.6626456519860758,0.5942672854355638
2020-06-04 14:15:00,-0.5555702330196023,-0.8314696123025452,0.41422915487809714,0.5799353707725827,0.5128454720559766,0.5388642739605712
2020-06-04 14:30:00,-0.6087614290087207,-0.7933533402912352,0.3916217302870745,0.5826548481935829,0.5378293658042359,0.5176125992854835
2020-06-04 14:45:00,-0.6593458151000688,-0.7518398074789774,0.5591869051704784,0.5807960693132959,0.5706354878844889,0.7464376247051849
2020-06-04 15:00:00,-0.7071067811865475,-0.7071067811865477,0.6779499373057685,0.6003844819457163,0.6729119369474476,0.8324425005991323
2020-06-04 15:15:00,-0.7518398074789773,-0.6593458151000691,0.4716937553900038,0.5672274376864141,0.6183935448801797,0.6139353171768028
2020-06-04 15:30:00,-0.7933533402912349,-0.6087614290087209,0.503086067996339,0.5569255935375061,0.5640571739581074,0.6348908838948795
2020-06-04 15:45:00,-0.8314696123025448,-0.555570233019603,0.5122789222157931,0.5716668086637635,0.5983805877630786,0.6052018348878402
2020-06-04 16:00:00,-0.8660254037844385,-0.5000000000000004,0.44780249639808717,0.5470557592687415,0.5519082843782219,0.5730398035602683
2020-06-04 16:15:00,-0.8968727415326883,-0.44228869021900136,0.39312851746081473,0.5326827103085208,0.5018344454446096,0.4962459938601115
2020-06-04 16:30:00,-0.9238795325112868,-0.3826834323650895,0.3463752043223967,0.5269829679198144,0.45651391345957215,0.4353278596712597
2020-06-04 16:45:00,-0.9469301294951056,-0.3214394653031618,0.22685440271398216,0.5057821243426093,0.3920472304225835,0.2822537847719712
2020-06-04 17:00:00,-0.9659258262890683,-0.25881904510252063,0.24280931834402858,0.471954882978614,0.3333296696881912,0.29765163750600254
2020-06-04 17:15:00,-0.9807852804032303,-0.19509032201612866,0.23453361674341072,0.47074390861737947,0.3383135375643168,0.2811671396520561
2020-06-04 17:30:00,-0.9914448613738104,-0.13052619222005163,0.19102270037360394,0.4759094822071024,0.3201817653931913,0.22389053002462606
2020-06-04 17:45:00,-0.9978589232386035,-0.06540312923014362,0.12104400611637431,0.4454695353751603,0.2697016357270099,0.1392996488252472
2020-06-04 18:00:00,-1.0,-1.8369701987210297e-16,0.05759171168553927,0.4089978184479466,0.21177793863837224,0.06410650663443024
2020-06-04 18:15:00,-0.9978589232386036,0.06540312923014237,0.0184986296450406,0.3689983963401522,0.15831200769312603,0.021591867299979403
2020-06-04 18:30:00,-0.9914448613738104,0.13052619222005213,0.0039967243760888295,0.34286549232621266,0.12153015982223425,0.0034612831927301824
2020-06-04 18:45:00,-0.9807852804032304,0.1950903220161283,0.0,0.32274436376808135,0.09893040745953302,0.0
2020-06-04 19:00:00,-0.9659258262890682,0.25881904510252113,0.0,0.30382894563050855,0.08486577561492914,0.0
2020-06-04 19:15:00,-0.9469301294951057,0.3214394653031615,0.0,0.2904194061916763,0.075743928836489,0.0
2020-06-04 19:30:00,-0.9238795325112866,0.38268343236509,0.0,0.27925802464658167,0.07404449432053856,0.0
2020-06-04 19:45:00,-0.8968727415326884,0.442288690219001,0.0,0.26801097487134307,0.07756422326087886,0.0
2020-06-04 20:00:00,-0.8660254037844386,0.5000000000000001,0.0,0.2561651002306595,0.07235055286148034,0.0
2020-06-04 20:15:00,-0.8314696123025455,0.5555702330196018,0.0,0.2493108794773895,0.06529739890269626,0.0
2020-06-04 20:30:00,-0.7933533402912352,0.6087614290087205,0.0,0.24011751929008085,0.06553086929004925,0.0
2020-06-04 20:45:00,-0.7518398074789777,0.6593458151000684,0.0,0.2313770926662322,0.0645951440648605,0.0
2020-06-04 21:00:00,-0.7071067811865477,0.7071067811865474,0.0,0.2170399442943507,0.05968704288557064,0.0
2020-06-04 21:15:00,-0.6593458151000687,0.7518398074789775,0.0,0.20729295924474478,0.0580353287740033,0.0
2020-06-04 21:30:00,-0.608761429008721,0.7933533402912349,0.0,0.20299096493695967,0.055494774190611995,0.0
2020-06-04 21:45:00,-0.5555702330196022,0.8314696123025452,0.0,0.19765104142517198,0.05239188081583118,0.0
2020-06-04 22:00:00,-0.5000000000000004,0.8660254037844384,0.0,0.19191897100323496,0.05014876586094352,0.0
2020-06-04 22:15:00,-0.4422886902190014,0.8968727415326883,0.0,0.1856390250193709,0.048029814242718294,0.0
2020-06-04 22:30:00,-0.38268343236508956,0.9238795325112868,0.0,0.17774712511530977,0.0441093227845154,0.0
2020-06-04 22:45:00,-0.32143946530316186,0.9469301294951056,0.0,0.16646446199234255,0.03822836832191889,0.0
2020-06-04 23:00:00,-0.2588190451025207,0.9659258262890683,0.0,0.15279311042980104,0.030902306752426778,0.0
2020-06-04 23:15:00,-0.19509032201612872,0.9807852804032303,0.0,0.13835213355302534,0.027852052762040613,0.0
2020-06-04 23:30:00,-0.13052619222005168,0.9914448613738104,0.0,0.12296154530468595,0.028289435056478685,0.0
2020-06-04 23:45:00,-0.06540312923014367,0.9978589232386035,0.0,0.12413125479503861,0.0323679783680102,0.0
2020-06-05 00:00:00,0.0,1.0,0.0,0.13270305322722487,0.036400399649843485,0.0
2020-06-05 00:15:00,0.06540312923014306,0.9978589232386035,0.0,0.13509765254001316,0.038673550628566755,0.0
2020-06-05 00:30:00,0.13052619222005157,0.9914448613738104,0.0,0.1382151601744086,0.039531551770725926,0.0
2020-06-05 00:45:00,0.19509032201612825,0.9807852804032304,0.0,0.1317760559628014,0.03623872995698191,0.0
2020-06-05 01:00:00,0.25881904510252074,0.9659258262890683,0.0,0.13412136209372427,0.03649498823319286,0.0
2020-06-05 01:15:00,0.3214394653031616,0.9469301294951057,0.0,0.12557077458546595,0.031263972374576066,0.0
2020-06-05 01:30:00,0.3826834323650898,0.9238795325112867,0.0,0.11251497612761607,0.023836001259856188,0.0
2020-06-05 01:45:00,0.4422886902190013,0.8968727415326883,0.0,0.10349621687732591,0.021455237535734695,0.0
2020-06-05 02:00:00,0.49999999999999994,0.8660254037844387,0.0,0.11001187071197704,0.028003207455828405,0.0
2020-06-05 02:15:00,0.5555702330196022,0.8314696123025452,0.0,0.10754716673737175,0.028601004208709646,0.0
2020-06-05 02:30:00,0.6087614290087207,0.7933533402912352,0.0,0.102136684621015,0.028745547827113305,0.0
2020-06-05 02:45:00,0.6593458151000688,0.7518398074789774,0.0,0.10590122417415726,0.03189537437259149,0.0
2020-06-05 03:00:00,0.7071067811865476,0.7071067811865476,0.0,0.10513996923087565,0.032979888873827856,0.0
2020-06-05 03:15:00,0.7518398074789773,0.659345815100069,0.0,0.10526076737254009,0.03158151915882973,0.0
2020-06-05 03:30:00,0.7933533402912352,0.6087614290087207,0.0,0.09869388148189362,0.02852963103323891,0.0
2020-06-05 03:45:00,0.8314696123025452,0.5555702330196023,0.0,0.09634675669473047,0.03206848070151341,0.0
2020-06-05 04:00:00,0.8660254037844386,0.5000000000000001,0.0,0.09563747082325458,0.03273226395047413,0.0
2020-06-05 04:15:00,0.8968727415326884,0.44228869021900125,0.0,0.08786746416569002,0.027142625730106007,0.0
2020-06-05 04:30:00,0.9238795325112867,0.38268343236508984,0.0,0.08280022560416267,0.02566078433261154,0.0
2020-06-05 04:45:00,0.9469301294951057,0.3214394653031615,0.0,0.08051726863853714,0.024013795431273965,0.0
2020-06-05 05:00:00,0.9659258262890683,0.25881904510252074,0.0,0.07235390391565466,0.024255930110360535,0.0
2020-06-05 05:15:00,0.9807852804032304,0.19509032201612833,0.0,0.07452934761791075,0.026446557261258552,0.0
2020-06-05 05:30:00,0.9914448613738104,0.1305261922200517,0.0,0.08729206736264516,0.035533341854743716,0.0
2020-06-05 05:45:00,0.9978589232386035,0.06540312923014305,0.0006941530116663297,0.0851951961497952,0.03398853733229029,0.0
2020-06-05 06:00:00,1.0,6.123233995736766e-17,0.007485385489833199,0.07965464468809813,0.0318654156959472,0.006729840346585203
2020-06-05 06:15:00,0.9978589232386035,-0.06540312923014292,0.019478755477617602,0.08447725747546952,0.034751860992055406,0.02215678417590698
2020-06-05 06:30:00,0.9914448613738105,-0.13052619222005138,0.031215744079667606,0.09863252419433288,0.0447627420121014,0.04239857361690497
2020-06-05 06:45:00,0.9807852804032305,-0.19509032201612797,0.07748357995087708,0.12481608129490995,0.07530836289518372,0.1010060860733469
2020-06-05 07:00:00,0.9659258262890683,-0.25881904510252085,0.08564576180370247,0.14676847646847957,0.10554412671113633,0.10690518738906597
2020-06-05 07:15:00,0.9469301294951057,-0.3214394653031616,0.11083427445889282,0.15810880763239976,0.1369450500225593,0.14077481244483656
2020-06-05 07:30:00,0.9238795325112867,-0.3826834323650897,0.1269395557251425,0.17162647649135998,0.1673133011392668,0.1575722038688543
2020-06-05 07:45:00,0.8968727415326884,-0.44228869021900113,0.1370454272569819,0.18292784936498085,0.17910280824545766,0.17272251345331607
2020-06-05 08:00:00,0.8660254037844387,-0.4999999999999998,0.16863133733949737,0.20550142159642482,0.2120933717348359,0.20870019777467358
2020-06-05 08:15:00,0.8314696123025451,-0.5555702330196023,0.3029675083043435,0.24183618309756083,0.2785073096885755,0.38774497752333664
2020-06-05 08:30:00,0.7933533402912352,-0.6087614290087207,0.45333415913689357,0.2950464921146456,0.4007338037727327,0.5115318428743036
2020-06-05 08:45:00,0.7518398074789774,-0.6593458151000688,0.49196724334614966,0.3581240277943172,0.5055720656416702,0.5452193946807167
2020-06-05 09:00:00,0.7071067811865476,-0.7071067811865475,0.4041965016579709,0.3843871774731693,0.5551106423233796,0.5359973969815888
2020-06-05 09:15:00,0.6593458151000686,-0.7518398074789776,0.5414052651781963,0.399112087206573,0.5291670330638281,0.6493684543623295
2020-06-05 09:30:00,0.6087614290087204,-0.7933533402912353,0.5680815222113169,0.45608884772212277,0.6297509111193259,0.7189282577161027
2020-06-05 09:45:00,0.5555702330196022,-0.8314696123025453,0.32991809008411593,0.46464545830696014,0.5822845683523203,0.42457789234488935
2020-06-05 10:00:00,0.49999999999999994,-0.8660254037844387,0.6439972326961121,0.47448823457420963,0.5896879482836659,0.7816137208785909
2020-06-05 10:15:00,0.4422886902190013,-0.8968727415326883,0.37831159501596573,0.5064181962367624,0.6464744384485986,0.4768798644019366
2020-06-05 10:30:00,0.3826834323650899,-0.9238795325112867,0.6122920989104276,0.476000434253947,0.5827063088347653,0.7482225757702793
2020-06-05 10:45:00,0.32143946530316175,-0.9469301294951056,0.5823388635159268,0.5143088619038201,0.7708699741920414,0.7424513676745799
2020-06-05 11:00:00,0.258819045102521,-0.9659258262890682,0.5600398961456433,0.48168524461897455,0.6267087617082715,0.6980375037447787
2020-06-05 11:15:00,0.19509032201612816,-0.9807852804032304,0.7480150430419682,0.5190746369551318,0.7772206904923556,0.7863507910908316
2020-06-05 11:30:00,0.13052619222005157,-0.9914448613738104,0.8568855451927254,0.558835873761862,0.8728296042375004,0.9108492235710418
2020-06-05 11:45:00,0.06540312923014312,-0.9978589232386035,0.7790140400993787,0.5646135705597293,0.8989846216528324,0.8478250013729253
2020-06-05 12:00:00,1.2246467991473532e-16,-1.0,0.31063640386909414,0.5606685304166903,0.6408236851988879,0.3471022040340515
2020-06-05 12:15:00,-0.06540312923014287,-0.9978589232386035,0.26459965405201064,0.48751701895014676,0.47174867892720074,0.343432125996261
2020-06-05 12:30:00,-0.13052619222005132,-0.9914448613738105,0.18020497678397476,0.2951426279569067,0.1931000052929388,0.26599514615104086
2020-06-05 12:45:00,-0.19509032201612792,-0.9807852804032305,0.26878369007445024,0.2312624522451825,0.18834949268743706,0.3946589221057892
2020-06-05 13:00:00,-0.25881904510252035,-0.9659258262890684,0.4499365310172357,0.30887835283343246,0.3637311521717913,0.6194209903783527
2020-06-05 13:15:00,-0.3214394653031611,-0.9469301294951058,0.45729597909392367,0.36032865783561263,0.543506156027092,0.5949589009083585
2020-06-05 13:30:00,-0.3826834323650892,-0.923879532511287,0.6292442379805785,0.40743050800221137,0.5718537806814177,0.7563969952375145
2020-06-05 13:45:00,-0.44228869021900147,-0.8968727415326883,0.8174995219723726,0.5139297446894582,0.7907001894287565,0.9636027348829189
2020-06-05 14:00:00,-0.5000000000000001,-0.8660254037844386,0.7258649282277513,0.5802955243361072,0.8303520227116529,0.8751966785617626
2020-06-05 14:15:00,-0.5555702330196023,-0.8314696123025452,0.38181063937272197,0.5698914372761268,0.6704890425095987,0.457682367740985
2020-06-05 14:30:00,-0.6087614290087207,-0.7933533402912352,0.6996181470730746,0.5978977604652873,0.6638390108611677,0.8477143118195073
2020-06-05 14:45:00,-0.6593458151000688,-0.7518398074789774,0.6513881049700263,0.6247283629490146,0.7321402371574298,0.7948559650184477
2020-06-05 15:00:00,-0.7071067811865475,-0.7071067811865477,0.512227011626995,0.6426436631339227,0.7086415852704558,0.6491599781108179
2020-06-05 15:15:00,-0.7518398074789773,-0.6593458151000691,0.4059717057304329,0.6163533871697937,0.5973143117295419,0.5036193030146064
2020-06-05 15:30:00,-0.7933533402912349,-0.6087614290087209,0.27090876905971956,0.5569213432740785,0.42017742649702405,0.31768232234157195
2020-06-05 15:45:00,-0.8314696123025448,-0.555570233019603,0.5159719831144254,0.5779129051367813,0.547531279953008,0.6489637476046587
2020-06-05 16:00:00,-0.8660254037844385,-0.5000000000000004,0.43423667542927774,0.603306723989258,0.553459732823503,0.5458416574621118
2020-06-05 16:15:00,-0.8968727415326883,-0.44228869021900136,0.3821269651745897,0.5937483633736815,0.5154125733003689,0.4795296632559646
2020-06-05 16:30:00,-0.9238795325112868,-0.3826834323650895,0.36751351586655256,0.5910528436149591,0.49011705053114407,0.44681549840466295
2020-06-05 16:45:00,-0.9469301294951056,-0.3214394653031618,0.2798541801683083,0.5633641501966973,0.4242525884304359,0.3407392579833129
2020-06-05 17:00:00,-0.9659258262890683,-0.25881904510252063,0.23833592589775307,0.5375755803542843,0.38312738075621566,0.3019667374621231
2020-06-05 17:15:00,-0.9807852804032303,-0.19509032201612866,0.23491868826326873,0.5339633501355474,0.3618283732963279,0.2851936583109174
2020-06-05 17:30:00,-0.9914448613738104,-0.13052619222005163,0.22481364780758017,0.5328165240404075,0.35043251346956017,0.27087838870444675
2020-06-05 17:45:00,-0.9978589232386035,-0.06540312923014362,0.1421570194545934,0.5209961509802896,0.3205891417990634,0.16641368761344866
2020-06-05 18:00:00,-1.0,-1.8369701987210297e-16,0.0785441048916906,0.48994499491674826,0.26374656437312194,0.08547597935239953
2020-06-05 18:15:00,-0.9978589232386036,0.06540312923014237,0.0347834307970895,0.4505092302548972,0.21316634744144847,0.039989328883960173
2020-06-05 18:30:00,-0.9914448613738104,0.13052619222005213,0.0071006784709862535,0.3982070099913366,0.16259862419063253,0.008769482772957814
2020-06-05 18:45:00,-0.9807852804032304,0.1950903220161283,0.00010596303304678013,0.35614473352484244,0.12252356355110272,0.0
2020-06-05 19:00:00,-0.9659258262890682,0.25881904510252113,0.0,0.331171388443787,0.10472028490126317,0.0
2020-06-05 19:15:00,-0.9469301294951057,0.3214394653031615,0.0,0.30826939824828736,0.09190549928868519,0.0
2020-06-05 19:30:00,-0.9238795325112866,0.38268343236509,0.0,0.2936665388460906,0.08356040816270344,0.0
2020-06-05 19:45:00,-0.8968727415326884,0.442288690219001,0.0,0.2806828906776728,0.07834943788343623,0.0
2020-06-05 20:00:00,-0.8660254037844386,0.5000000000000001,0.0,0.26951069721642495,0.0731813596352503,0.0
2020-06-05 20:15:00,-0.8314696123025455,0.5555702330196018,0.0,0.2594245181916861,0.06969723621877083,0.0
2020-06-05 20:30:00,-0.7933533402912352,0.6087614290087205,0.0,0.24522323911732058,0.06710821196775013,0.0
2020-06-05 20:45:00,-0.7518398074789777,0.6593458151000684,0.0,0.23447926434483723,0.061254164483524665,0.0
2020-06-05 21:00:00,-0.7071067811865477,0.7071067811865474,0.0,0.21963944041417682,0.05425140011037849,0.0
2020-06-05 21:15:00,-0.6593458151000687,0.7518398074789775,0.0,0.21139155962940714,0.05312129998723786,0.0
2020-06-05 21:30:00,-0.608761429008721,0.7933533402912349,0.0,0.206252416664104,0.05042013074676405,0.0
2020-06-05 21:45:00,-0.5555702330196022,0.8314696123025452,0.0,0.2007940192231923,0.04855198372460967,0.0
2020-06-05 22:00:00,-0.5000000000000004,0.8660254037844384,0.0,0.19192088294855747,0.04493097355940706,0.0
2020-06-05 22:15:00,-0.4422886902190014,0.8968727415326883,0.0,0.18216328281955607,0.04317314060819277,0.0
2020-06-05 22:30:00,-0.38268343236508956,0.9238795325112868,0.0,0.17006670611168428,0.03955614536492186,0.0
2020-06-05 22:45:00,-0.32143946530316186,0.9469301294951056,0.0,0.15876993229366287,0.034355857435924064,0.0
2020-06-05 23:00:00,-0.2588190451025207,0.9659258262890683,0.0,0.14519705937962257,0.03082724763171457,0.0
2020-06-05 23:15:00,-0.19509032201612872,0.9807852804032303,0.0,0.14552522280233204,0.032501665253385936,0.0
2020-06-05 23:30:00,-0.13052619222005168,0.9914448613738104,0.0,0.1442889616498284,0.034198395430267314,0.0
2020-06-05 23:45:00,-0.06540312923014367,0.9978589232386035,0.0,0.1431343262005551,0.03488713279169575,0.0
2020-06-06 00:00:00,0.0,1.0,0.0,0.13978534751439642,0.0319627086183657,0.0
2020-06-06 00:15:00,0.06540312923014306,0.9978589232386035,0.0,0.1378893350698045,0.03374665267548799,0.0
2020-06-06 00:30:00,0.13052619222005157,0.9914448613738104,0.0,0.12978374161496942,0.03130418728878154,0.0
2020-06-06 00:45:00,0.19509032201612825,0.9807852804032304,0.0,0.12423753318024189,0.029033807850777804,0.0
2020-06-06 01:00:00,0.25881904510252074,0.9659258262890683,0.0,0.12180568747990739,0.028935840199679097,0.0
2020-06-06 01:15:00,0.3214394653031616,0.9469301294951057,0.0,0.12336876112661832,0.032056007613090076,0.0
2020-06-06 01:30:00,0.3826834323650898,0.9238795325112867,0.0,0.11807101197412329,0.030429962924833243,0.0
2020-06-06 01:45:00,0.4422886902190013,0.8968727415326883,0.0,0.10666576892007118,0.025762801058947182,0.0
2020-06-06 02:00:00,0.49999999999999994,0.8660254037844387,0.0,0.10249841031395923,0.02843461071193093,0.0
2020-06-06 02:15:00,0.5555702330196022,0.8314696123025452,0.0,0.10620871076095195,0.02934458776030513,0.0
2020-06-06 02:30:00,0.6087614290087207,0.7933533402912352,0.0,0.1007066033775661,0.027653474395822164,0.0
2020-06-06 02:45:00,0.6593458151000688,0.7518398074789774,0.0,0.08771995713526315,0.023028282522226606,0.0
2020-06-06 03:00:00,0.7071067811865476,0.7071067811865476,0.0,0.07546286069197183,0.01958714977961007,0.0
2020-06-06 03:15:00,0.7518398074789773,0.659345815100069,0.0,0.07002519041819744,0.01924959096660639,0.0
2020-06-06 03:30:00,0.7933533402912352,0.6087614290087207,0.0,0.08013966392552185,0.02394636696255742,0.0
2020-06-06 03:45:00,0.8314696123025452,0.5555702330196023,0.0,0.078801198972833,0.023130344250564594,0.0
2020-06-06 04:00:00,0.8660254037844386,0.5000000000000001,0.0,0.07210954742957121,0.019221052665656213,0.0
2020-06-06 04:15:00,0.8968727415326884,0.44228869021900125,0.0,0.06207725615416293,0.016851328796549325,0.0
2020-06-06 04:30:00,0.9238795325112867,0.38268343236508984,0.0,0.05929230582621092,0.018651923594481257,0.0
2020-06-06 04:45:00,0.9469301294951057,0.3214394653031615,0.0,0.0481153966178649,0.014768986307104437,0.0
2020-06-06 05:00:00,0.9659258262890683,0.25881904510252074,0.0,0.03857613141193372,0.007621373045276214,0.0
2020-06-06 05:15:00,0.9807852804032304,0.19509032201612833,0.0,0.03210820440018569,0.0030555361003930526,0.0
2020-06-06 05:30:00,0.9914448613738104,0.1305261922200517,0.0,0.004353198793810575,0.0,0.0
2020-06-06 05:45:00,0.9978589232386035,0.06540312923014305,0.0008595783085543241,0.0,0.0021493814095798758,0.0
2020-06-06 06:00:00,1.0,6.123233995736766e-17,0.009233769444308156,0.0018816369495984198,0.0023973157216985452,0.009911402969895237
2020-06-06 06:15:00,0.9978589232386035,-0.06540312923014292,0.026094533414176117,0.04224854302697634,0.021682996887747386,0.031127176725082455
2020-06-06 06:30:00,0.9914448613738105,-0.13052619222005138,0.04137243198317212,0.0609515377558556,0.03720003038253933,0.054963479023489546
2020-06-06 06:45:00,0.9807852804032305,-0.19509032201612797,0.08870516049970958,0.09216712400234206,0.061275963734647276,0.10692758814039319
2020-06-06 07:00:00,0.9659258262890683,-0.25881904510252085,0.1978391836098508,0.13597204886740166,0.12363504128321268,0.19454394357298724
2020-06-06 07:15:00,0.9469301294951057,-0.3214394653031616,0.23872277179111423,0.180000187898959,0.18289381457888654,0.24616355911723858
2020-06-06 07:30:00,0.9238795325112867,-0.3826834323650897,0.2613002661418369,0.20470265033636204,0.24231767972860607,0.28189632864863035
2020-06-06 07:45:00,0.8968727415326884,-0.44228869021900113,0.2995079039894709,0.24520061443100705,0.3166925942186496,0.33541827504292576
2020-06-06 08:00:00,0.8660254037844387,-0.4999999999999998,0.33479155438813313,0.2984032801549381,0.40488068905344443,0.3826818122014783
2020-06-06 08:15:00,0.8314696123025451,-0.5555702330196023,0.3448924916562561,0.32772105870300905,0.4381174381052624,0.3965678835762993
2020-06-06 08:30:00,0.7933533402912352,-0.6087614290087207,0.440383757015508,0.3636486027793069,0.5090148960044586,0.5154455812537503
2020-06-06 08:45:00,0.7518398074789774,-0.6593458151000688,0.37496203787508964,0.39726836601773163,0.5205952513833855,0.4476848264468935
2020-06-06 09:00:00,0.7071067811865476,-0.7071067811865475,0.21657382233891972,0.4004180760175904,0.43447869715119736,0.28151790542678395
2020-06-06 09:15:00,0.6593458151000686,-0.7518398074789776,0.30626566782308073,0.4098194881705317,0.39123436628861896,0.38761971256591066
2020-06-06 09:30:00,0.6087614290087204,-0.7933533402912353,0.5600331455277938,0.43208133541325133,0.49079232978264575,0.6740575977620865
2020-06-06 09:45:00,0.5555702330196022,-0.8314696123025453,0.4773762592492458,0.471800464862127,0.5804457738860931,0.5091117860478247
2020-06-06 10:00:00,0.49999999999999994,-0.8660254037844387,0.6463606513491293,0.47917533166495274,0.6379261759395499,0.7726591582004663
2020-06-06 10:15:00,0.4422886902190013,-0.8968727415326883,0.5409959194211671,0.5056706121513486,0.7463096674146298,0.6349031296502674
2020-06-06 10:30:00,0.3826834323650899,-0.9238795325112867,0.5840222732961173,0.5044616298806963,0.5957540149664822,0.6773212366850911
2020-06-06 10:45:00,0.32143946530316175,-0.9469301294951056,0.48478954426825044,0.5695582112376343,0.6703942415730516,0.6242559070569761
2020-06-06 11:00:00,0.258819045102521,-0.9659258262890682,0.6824502154806493,0.5818333265794384,0.7335139331184158,0.7436745080418358
2020-06-06 11:15:00,0.19509032201612816,-0.9807852804032304,0.6923250965276374,0.6192253220336403,0.7655465115641163,0.829788639789547
2020-06-06 11:30:00,0.13052619222005157,-0.9914448613738104,0.36217187098537074,0.6236617189806819,0.6549246738396169,0.5556103527612497
2020-06-06 11:45:00,0.06540312923014312,-0.9978589232386035,0.3323344195329583,0.5820234215186995,0.5279961175310149,0.38484058675541194
2020-06-06 12:00:00,1.2246467991473532e-16,-1.0,0.5213401268163813,0.5733424716540303,0.5293285466559942,0.6007315425732501
2020-06-06 12:15:00,-0.06540312923014287,-0.9978589232386035,0.5632103056835444,0.6365880700204103,0.7357089001498996,0.6439013588390307
2020-06-06 12:30:00,-0.13052619222005132,-0.9914448613738105,0.635576613843452,0.6435318874038882,0.6401248246973378,0.74438613478549
2020-06-06 12:45:00,-0.19509032201612792,-0.9807852804032305,0.645563872242772,0.6577552121952095,0.7254661800650807,0.6409851404930311
2020-06-06 13:00:00,-0.25881904510252035,-0.9659258262890684,0.7902835705341188,0.673235232615683,0.788638695523138,0.9216578509325039
2020-06-06 13:15:00,-0.3214394653031611,-0.9469301294951058,0.26049936038241817,0.5924199069610601,0.5685902579837236,0.30046134779071987
2020-06-06 13:30:00,-0.3826834323650892,-0.923879532511287,0.4364506757427131,0.40833942257249545,0.26579200803339753,0.6173129908375676
2020-06-06 13:45:00,-0.44228869021900147,-0.8968727415326883,0.6240558241533265,0.5367847893180484,0.5995981606284236,0.7501167228539447
2020-06-06 14:00:00,-0.5000000000000001,-0.8660254037844386,0.374049033075037,0.5290669299753477,0.5379333527744796,0.5567562553081171
2020-06-06 14:15:00,-0.5555702330196023,-0.8314696123025452,0.7719220037250438,0.4795995232146939,0.6729236114512344,0.880345922443208
2020-06-06 14:30:00,-0.6087614290087207,-0.7933533402912352,0.2887179434651477,0.524761493909518,0.6302359595746624,0.33393110463740444
2020-06-06 14:45:00,-0.6593458151000688,-0.7518398074789774,0.12360231240349505,0.335765811005758,0.19631729687125998,0.17777444853543736
2020-06-06 15:00:00,-0.7071067811865475,-0.7071067811865477,0.20868051294286638,0.3168962840440548,0.17899211527373127,0.2996666888972789
2020-06-06 15:15:00,-0.7518398074789773,-0.6593458151000691,0.2663169976681354,0.37558526340585674,0.27999031410656416,0.36527715155397034
2020-06-06 15:30:00,-0.7933533402912349,-0.6087614290087209,0.23602009916878824,0.4166679685996999,0.3419130508355993,0.3169699189714386
2020-06-06 15:45:00,-0.8314696123025448,-0.555570233019603,0.1804619024889219,0.4207040681842322,0.3164137154047759,0.24349733306251964
2020-06-06 16:00:00,-0.8660254037844385,-0.5000000000000004,0.14411485821189518,0.39806771624715354,0.28075660960613913,0.1970092200259109
2020-06-06 16:15:00,-0.8968727415326883,-0.44228869021900136,0.08339225741330542,0.3802468060201629,0.2357913838978165,0.11352260587733648
2020-06-06 16:30:00,-0.9238795325112868,-0.3826834323650895,0.07117683561312718,0.3534439895774921,0.20173405146234635,0.1004816100101165
2020-06-06 16:45:00,-0.9469301294951056,-0.3214394653031618,0.06680077035804907,0.3323225994463914,0.19111627906603923,0.09460377445705405
2020-06-06 17:00:00,-0.9659258262890683,-0.25881904510252063,0.048820342579108,0.3038009980166081,0.17242715006624876,0.06826605583744155
2020-06-06 17:15:00,-0.9807852804032303,-0.19509032201612866,0.03402830622059876,0.2838584657969969,0.1517619789314325,0.047354514043041744
2020-06-06 17:30:00,-0.9914448613738104,-0.13052619222005163,0.024147470121833943,0.27710051104189026,0.13772270993399938,0.03328457736972912
2020-06-06 17:45:00,-0.9978589232386035,-0.06540312923014362,0.017919443410219348,0.26761308379011983,0.12823962786505594,0.024274878982811873
2020-06-06 18:00:00,-1.0,-1.8369701987210297e-16,0.013477807915158008,0.2568875398627857,0.1203025256945206,0.016151294261220875
2020-06-06 18:15:00,-0.9978589232386036,0.06540312923014237,0.007271263541712677,0.2445781146557613,0.11190643665226435,0.0035945725926478426
2020-06-06 18:30:00,-0.9914448613738104,0.13052619222005213,0.0017309621638684322,0.2291233085752422,0.10394155478595857,0.0
2020-06-06 18:45:00,-0.9807852804032304,0.1950903220161283,0.0,0.21326211986291277,0.09341764531571584,0.0
2020-06-06 19:00:00,-0.9659258262890682,0.25881904510252113,0.0,0.2013210563763601,0.08918836277530978,0.0
2020-06-06 19:15:00,-0.9469301294951057,0.3214394653031615,0.0,0.18714374394054167,0.08239455816776192,0.0
2020-06-06 19:30:00,-0.9238795325112866,0.38268343236509,0.0,0.17729540783631625,0.07563337438655054,0.0
2020-06-06 19:45:00,-0.8968727415326884,0.442288690219001,0.0,0.14937619485081832,0.06431411921800773,0.0
2020-06-06 20:00:00,-0.8660254037844386,0.5000000000000001,0.0,0.1371080495819843,0.05719423432154125,0.0
2020-06-06 20:15:00,-0.8314696123025455,0.5555702330196018,0.0,0.13430092338117428,0.047556350990320295,0.0
2020-06-06 20:30:00,-0.7933533402912352,0.6087614290087205,0.0,0.13034440964271532,0.04205630793917503,0.0
2020-06-06 20:45:00,-0.7518398074789777,0.6593458151000684,0.0,0.12041042518437006,0.042308041706050015,0.0
2020-06-06 21:00:00,-0.7071067811865477,0.7071067811865474,0.0,0.12016221787883508,0.04628355092455333,0.0
2020-06-06 21:15:00,-0.6593458151000687,0.7518398074789775,0.0,0.12199238938944146,0.04834714445483651,0.0
2020-06-06 21:30:00,-0.608761429008721,0.7933533402912349,0.0,0.1220347035220668,0.049951606464106235,0.0
2020-06-06 21:45:00,-0.5555702330196022,0.8314696123025452,0.0,0.12252601063600821,0.04901742677643023,0.0
2020-06-06 22:00:00,-0.5000000000000004,0.8660254037844384,0.0,0.12063215698413976,0.0454071397445614,0.0
2020-06-06 22:15:00,-0.4422886902190014,0.8968727415326883,0.0,0.118022656812381,0.043263252798186325,0.0
2020-06-06 22:30:00,-0.38268343236508956,0.9238795325112868,0.0,0.11848642473266624,0.043047897123026646,0.0
2020-06-06 22:45:00,-0.32143946530316186,0.9469301294951056,0.0,0.11586310559459934,0.04451952728496211,0.0
2020-06-06 23:00:00,-0.2588190451025207,0.9659258262890683,0.0,0.1162960066900336,0.04505111936241457,0.0
2020-06-06 23:15:00,-0.19509032201612872,0.9807852804032303,0.0,0.12093910499478677,0.04384979905052061,0.0
2020-06-06 23:30:00,-0.13052619222005168,0.9914448613738104,0.0,0.11333072055083915,0.04235615447163965,0.0
2020-06-06 23:45:00,-0.06540312923014367,0.9978589232386035,0.0,0.11615238830762142,0.043462002734538374,0.0
2020-06-07 00:00:00,0.0,1.0,0.0,0.11156838270596259,0.045496281679333506,0.0
2020-06-07 00:15:00,0.06540312923014306,0.9978589232386035,0.0,0.11476298302768351,0.04758557697811655,0.0
2020-06-07 00:30:00,0.13052619222005157,0.9914448613738104,0.0,0.12293376214885843,0.050171257017849635,0.0
2020-06-07 00:45:00,0.19509032201612825,0.9807852804032304,0.0,0.12844530807922272,0.05457649598049935,0.0
2020-06-07 01:00:00,0.25881904510252074,0.9659258262890683,0.0,0.12553379235669726,0.05545694468387502,0.0
2020-06-07 01:15:00,0.3214394653031616,0.9469301294951057,0.0,0.12296257436982438,0.05598021721707458,0.0
2020-06-07 01:30:00,0.3826834323650898,0.9238795325112867,0.0,0.12471063257343817,0.056277349465831183,0.0
2020-06-07 01:45:00,0.4422886902190013,0.8968727415326883,0.0,0.12433204047081992,0.05447027719220926,0.0
2020-06-07 02:00:00,0.49999999999999994,0.8660254037844387,0.0,0.12018153929811293,0.050348809604858435,0.0
2020-06-07 02:15:00,0.5555702330196022,0.8314696123025452,0.0,0.11265478953366492,0.04745330765580974,0.0
2020-06-07 02:30:00,0.6087614290087207,0.7933533402912352,0.0,0.10979449689086507,0.047388366954026984,0.0
2020-06-07 02:45:00,0.6593458151000688,0.7518398074789774,0.0,0.1066408597732671,0.04678027458683237,0.0
2020-06-07 03:00:00,0.7071067811865476,0.7071067811865476,0.0,0.10350100122876604,0.046766803518739686,0.0
2020-06-07 03:15:00,0.7518398074789773,0.659345815100069,0.0,0.10466687496697569,0.04566640190441862,0.0
2020-06-07 03:30:00,0.7933533402912352,0.6087614290087207,0.0,0.10070127467952017,0.0414211950840952,0.0
2020-06-07 03:45:00,0.8314696123025452,0.5555702330196023,0.0,0.09644761950442571,0.04122137976552176,0.0
2020-06-07 04:00:00,0.8660254037844386,0.5000000000000001,0.0,0.10230954063543352,0.04482110539000195,0.0
2020-06-07 04:15:00,0.8968727415326884,0.44228869021900125,0.0,0.1040273786261543,0.04627415535028401,0.0
2020-06-07 04:30:00,0.9238795325112867,0.38268343236508984,0.0,0.1042196817276182,0.048387957051883645,0.0
2020-06-07 04:45:00,0.9469301294951057,0.3214394653031615,0.0,0.10382726617055682,0.04781024947404161,0.0
2020-06-07 05:00:00,0.9659258262890683,0.25881904510252074,0.0,0.10594449876757861,0.049599425013918286,0.0
2020-06-07 05:15:00,0.9807852804032304,0.19509032201612833,0.0,0.11232662162282048,0.05328782005214777,0.0
2020-06-07 05:30:00,0.9914448613738104,0.1305261922200517,0.0,0.1206198415429085,0.05802888645612764,0.0
2020-06-07 05:45:00,0.9978589232386035,0.06540312923014305,0.00020024741694582736,0.12038680990264305,0.060044075812766995,0.0
2020-06-07 06:00:00,1.0,6.123233995736766e-17,0.005825672297241483,0.11361656984092305,0.059141517364543594,0.004444367186819489
2020-06-07 06:15:00,0.9978589232386035,-0.06540312923014292,0.02372964709962075,0.11225430431066608,0.06293660793102374,0.029425974683687302
2020-06-07 06:30:00,0.9914448613738105,-0.13052619222005138,0.04611269478046652,0.11203856865866801,0.07270109877015107,0.05826039054091178
2020-06-07 06:45:00,0.9807852804032305,-0.19509032201612797,0.0877614484785809,0.11947944694459234,0.10189912063457929,0.10867317351616171
2020-06-07 07:00:00,0.9659258262890683,-0.25881904510252085,0.10522579354400563,0.13836555307535758,0.14674825664669422,0.12951285371652121
2020-06-07 07:15:00,0.9469301294951057,-0.3214394653031616,0.10362285431708124,0.14003462748409112,0.15664904729994933,0.13602101631757618
2020-06-07 07:30:00,0.9238795325112867,-0.3826834323650897,0.11374848765559639,0.14891639892961783,0.17388925105422093,0.15161300882173445
2020-06-07 07:45:00,0.8968727415326884,-0.44228869021900113,0.13864256317826978,0.14857329450696,0.18809593593766993,0.18401099464342452
2020-06-07 08:00:00,0.8660254037844387,-0.4999999999999998,0.18592760512139014,0.16671971278390618,0.22762902219630976,0.2483157030607417
2020-06-07 08:15:00,0.8314696123025451,-0.5555702330196023,0.1945751936734272,0.1885827251548211,0.2631995819122739,0.26045827978244573
2020-06-07 08:30:00,0.7933533402912352,-0.6087614290087207,0.1994260295992567,0.1862872866869869,0.25929016516554715,0.26595249513932717
2020-06-07 08:45:00,0.7518398074789774,-0.6593458151000688,0.27938959008490444,0.20235187765754548,0.291484935046072,0.3685031572551551
2020-06-07 09:00:00,0.7071067811865476,-0.7071067811865475,0.5164449089060436,0.24131200039797185,0.43616109419038196,0.6764674398477533
2020-06-07 09:15:00,0.6593458151000686,-0.7518398074789776,0.4845991616040176,0.26868006148331425,0.5105788857443225,0.6164924068106358
2020-06-07 09:30:00,0.6087614290087204,-0.7933533402912353,0.388698600692984,0.28701049616242247,0.5041339929102413,0.5102036878735666
2020-06-07 09:45:00,0.5555702330196022,-0.8314696123025453,0.3520658032320904,0.2734455582702833,0.42584336420579005,0.4556127182735195
2020-06-07 10:00:00,0.49999999999999994,-0.8660254037844387,0.372817478162368,0.30174320178555547,0.4519928815326668,0.4920069966922214
2020-06-07 10:15:00,0.4422886902190013,-0.8968727415326883,0.43959752237540095,0.31584830783025986,0.4575805914976021,0.5734171515483525
2020-06-07 10:30:00,0.3826834323650899,-0.9238795325112867,0.5354831289440414,0.35600857249858087,0.5420946991673323,0.7069400369815162
2020-06-07 10:45:00,0.32143946530316175,-0.9469301294951056,0.8496056707962137,0.4212601964638716,0.7253195255715114,0.9622163379140124
2020-06-07 11:00:00,0.258819045102521,-0.9659258262890682,0.6946120301366602,0.44953195690713965,0.7490443097068563,0.8418463325815071
2020-06-07 11:15:00,0.19509032201612816,-0.9807852804032304,0.8949459474206879,0.47588223025405796,0.8464826575017733,0.9948400634722825
2020-06-07 11:30:00,0.13052619222005157,-0.9914448613738104,0.7006294046339235,0.5022812537185593,0.8233435673933459,0.8551591838844893
2020-06-07 11:45:00,0.06540312923014312,-0.9978589232386035,0.6764584172827371,0.49727578086483737,0.7463922432760205,0.8170835354917434
2020-06-07 12:00:00,1.2246467991473532e-16,-1.0,0.8329194097126754,0.5145918791809971,0.8052315032865537,0.9659302019454968
2020-06-07 12:15:00,-0.06540312923014287,-0.9978589232386035,0.8383968783424859,0.5621273370036428,0.8827569277899835,0.8512078122631517
2020-06-07 12:30:00,-0.13052619222005132,-0.9914448613738105,0.8238876916907973,0.5713217878076491,0.8650663397788735,0.7896413706930845
2020-06-07 12:45:00,-0.19509032201612792,-0.9807852804032305,0.8173685179275051,0.6091498818325778,0.8353790153635897,0.7237049323563078
2020-06-07 13:00:00,-0.25881904510252035,-0.9659258262890684,0.7722597589819602,0.6519678210266935,0.8175176728804271,0.6765782488474296
2020-06-07 13:15:00,-0.3214394653031611,-0.9469301294951058,0.7814949853388943,0.6466403514471459,0.8109918509769728,0.6802046005895664
2020-06-07 13:30:00,-0.3826834323650892,-0.923879532511287,0.6814214259199443,0.6390088261814106,0.7951399772722737,0.5986333396294159
2020-06-07 13:45:00,-0.44228869021900147,-0.8968727415326883,0.484401028777555,0.6431528913691589,0.66870248833635,0.42247520925145876
2020-06-07 14:00:00,-0.5000000000000001,-0.8660254037844386,0.6249431549720791,0.6419807342425663,0.6307921322881446,0.7013430171433378
2020-06-07 14:15:00,-0.5555702330196023,-0.8314696123025452,0.5384507398806962,0.6818350261077633,0.7165920274206624,0.6279823154946188
2020-06-07 14:30:00,-0.6087614290087207,-0.7933533402912352,0.4157122397179201,0.6649947482766676,0.6042738587111488,0.5171856112461601
2020-06-07 14:45:00,-0.6593458151000688,-0.7518398074789774,0.2679419292491608,0.6361455175121871,0.5179270911115165,0.33217410980868933
2020-06-07 15:00:00,-0.7071067811865475,-0.7071067811865477,0.5150103539864497,0.6497011559895192,0.5689069497299358,0.6738788696970709
2020-06-07 15:15:00,-0.7518398074789773,-0.6593458151000691,0.4042868083469301,0.6673426350849618,0.5766944168278647,0.5145747000923685
2020-06-07 15:30:00,-0.7933533402912349,-0.6087614290087209,0.4555859010502485,0.6640689942255162,0.5691278083061754,0.5784044530112941
2020-06-07 15:45:00,-0.8314696123025448,-0.555570233019603,0.3765247455089181,0.674944031503401,0.5925551249881184,0.46790642535130317
2020-06-07 16:00:00,-0.8660254037844385,-0.5000000000000004,0.41682915040218993,0.6626608464956589,0.5233276266997516,0.538054621502535
2020-06-07 16:15:00,-0.8968727415326883,-0.44228869021900136,0.37234815639030316,0.6707247195339543,0.523621002084933,0.4492709782740164
2020-06-07 16:30:00,-0.9238795325112868,-0.3826834323650895,0.21594452848396622,0.6340900640873748,0.4431039116776756,0.2545777561483229
2020-06-07 16:45:00,-0.9469301294951056,-0.3214394653031618,0.2896102073860355,0.5907701360190662,0.40022381858293377,0.3733483484060828
2020-06-07 17:00:00,-0.9659258262890683,-0.25881904510252063,0.1999379790566299,0.574974824145799,0.382006345723891,0.245963744487388
2020-06-07 17:15:00,-0.9807852804032303,-0.19509032201612866,0.20476521251332827,0.5617912206064939,0.3371325007999495,0.2504125320899367
2020-06-07 17:30:00,-0.9914448613738104,-0.13052619222005163,0.1283323026614396,0.5294874233022118,0.29855018469925676,0.15982553942963035
2020-06-07 17:45:00,-0.9978589232386035,-0.06540312923014362,0.06614889254563777,0.479322008390487,0.2344427512394247,0.0866104724683986
2020-06-07 18:00:00,-1.0,-1.8369701987210297e-16,0.03762869936479495,0.43704606081389086,0.18916715094094705,0.048908528268431985
2020-06-07 18:15:00,-0.9978589232386036,0.06540312923014237,0.017703520286087834,0.40324196764504716,0.16059433003971502,0.022199196249944014
2020-06-07 18:30:00,-0.9914448613738104,0.13052619222005213,0.004848707681730812,0.36442080877091354,0.12999661712917998,0.004453088542816047
2020-06-07 18:45:00,-0.9807852804032304,0.1950903220161283,5.0665636724204296e-05,0.3485529237618221,0.11461309894963034,0.0
2020-06-07 19:00:00,-0.9659258262890682,0.25881904510252113,0.0,0.32784117016008607,0.10499568590415503,0.0
2020-06-07 19:15:00,-0.9469301294951057,0.3214394653031615,0.0,0.3078772744199727,0.09388089451992954,0.0
2020-06-07 19:30:00,-0.9238795325112866,0.38268343236509,0.0,0.288158134609918,0.08814676049578501,0.0
2020-06-07 19:45:00,-0.8968727415326884,0.442288690219001,0.0,0.2718687868368972,0.0859022715735181,0.0
2020-06-07 20:00:00,-0.8660254037844386,0.5000000000000001,0.0,0.2568995760779307,0.08183149733531975,0.0
2020-06-07 20:15:00,-0.8314696123025455,0.5555702330196018,0.0,0.24857576342978116,0.08235142937391488,0.0
2020-06-07 20:30:00,-0.7933533402912352,0.6087614290087205,0.0,0.2444803271799827,0.08383632387599538,0.0
2020-06-07 20:45:00,-0.7518398074789777,0.6593458151000684,0.0,0.23896218817995107,0.08586914025571951,0.0
2020-06-07 21:00:00,-0.7071067811865477,0.7071067811865474,0.0,0.23629722812944265,0.08867820320275227,0.0
2020-06-07 21:15:00,-0.6593458151000687,0.7518398074789775,0.0,0.22805249801513372,0.084733549888312,0.0
2020-06-07 21:30:00,-0.608761429008721,0.7933533402912349,0.0,0.21747810291884107,0.08249443026743092,0.0
2020-06-07 21:45:00,-0.5555702330196022,0.8314696123025452,0.0,0.20646348465616082,0.0790448664800652,0.0
2020-06-07 22:00:00,-0.5000000000000004,0.8660254037844384,0.0,0.19910370022952195,0.07450809650920703,0.0
2020-06-07 22:15:00,-0.4422886902190014,0.8968727415326883,0.0,0.19084637416557193,0.06869219806602417,0.0
2020-06-07 22:30:00,-0.38268343236508956,0.9238795325112868,0.0,0.1822970253824523,0.06348122638044429,0.0
2020-06-07 22:45:00,-0.32143946530316186,0.9469301294951056,0.0,0.18230031518508394,0.06644230468455681,0.0
2020-06-07 23:00:00,-0.2588190451025207,0.9659258262890683,0.0,0.18433907723747023,0.07194700021948197,0.0
2020-06-07 23:15:00,-0.19509032201612872,0.9807852804032303,0.0,0.1894232809476326,0.07914435184377783,0.0
2020-06-07 23:30:00,-0.13052619222005168,0.9914448613738104,0.0,0.19680005071951134,0.08501328514653955,0.0
2020-06-07 23:45:00,-0.06540312923014367,0.9978589232386035,0.0,0.19793276611959643,0.08671894400191754,0.0
2020-06-08 00:00:00,0.0,1.0,0.0,0.19644060948705744,0.08600976900128549,0.0
2020-06-08 00:15:00,0.06540312923014306,0.9978589232386035,0.0,0.1924717745369089,0.08302878685404003,0.0
2020-06-08 00:30:00,0.13052619222005157,0.9914448613738104,0.0,0.1790029769751651,0.07754461223211279,0.0
2020-06-08 00:45:00,0.19509032201612825,0.9807852804032304,0.0,0.16320273713015165,0.0676173308690069,0.0
2020-06-08 01:00:00,0.25881904510252074,0.9659258262890683,0.0,0.15250767404809684,0.05541926394491786,0.0
2020-06-08 01:15:00,0.3214394653031616,0.9469301294951057,0.0,0.14727854398487894,0.054123936158117836,0.0
2020-06-08 01:30:00,0.3826834323650898,0.9238795325112867,0.0,0.14774793104963257,0.06232465101689133,0.0
2020-06-08 01:45:00,0.4422886902190013,0.8968727415326883,0.0,0.1471470333071836,0.06566772992153919,0.0
2020-06-08 02:00:00,0.49999999999999994,0.8660254037844387,0.0,0.14486573182204876,0.06602158237241085,0.0
2020-06-08 02:15:00,0.5555702330196022,0.8314696123025452,0.0,0.14056797944258426,0.06471647227538535,0.0
2020-06-08 02:30:00,0.6087614290087207,0.7933533402912352,0.0,0.13521421388265376,0.06239877072080807,0.0
2020-06-08 02:45:00,0.6593458151000688,0.7518398074789774,0.0,0.1294279043545672,0.061667371461305076,0.0
2020-06-08 03:00:00,0.7071067811865476,0.7071067811865476,0.0,0.12470761654701401,0.06330350925486505,0.0
2020-06-08 03:15:00,0.7518398074789773,0.659345815100069,0.0,0.11837576977510555,0.06152235391556593,0.0
2020-06-08 03:30:00,0.7933533402912352,0.6087614290087207,0.0,0.11561931012533644,0.0585553128461635,0.0
2020-06-08 03:45:00,0.8314696123025452,0.5555702330196023,0.0,0.11454278264354234,0.056398841310868364,0.0
2020-06-08 04:00:00,0.8660254037844386,0.5000000000000001,0.0,0.11548659149828167,0.05710964743317798,0.0
2020-06-08 04:15:00,0.8968727415326884,0.44228869021900125,0.0,0.11399495452760888,0.055561999949416685,0.0
2020-06-08 04:30:00,0.9238795325112867,0.38268343236508984,0.0,0.10677657198607204,0.05390187799725732,0.0
2020-06-08 04:45:00,0.9469301294951057,0.3214394653031615,0.0,0.09747829716530454,0.049424368631718396,0.0
2020-06-08 05:00:00,0.9659258262890683,0.25881904510252074,0.0,0.0876335201517846,0.04486672757603288,0.0
2020-06-08 05:15:00,0.9807852804032304,0.19509032201612833,0.0,0.07942085327076764,0.04383722802247164,0.0
2020-06-08 05:30:00,0.9914448613738104,0.1305261922200517,0.0,0.07676354100154859,0.04275721934670451,0.0
2020-06-08 05:45:00,0.9978589232386035,0.06540312923014305,0.0008477830980726985,0.07524924888936302,0.04352993747577916,0.0
2020-06-08 06:00:00,1.0,6.123233995736766e-17,0.007751566370784812,0.07124026020221708,0.04613709954269979,0.007493735557850097
2020-06-08 06:15:00,0.9978589232386035,-0.06540312923014292,0.025086072176471665,0.07261221401208262,0.05533600602193178,0.03314826138008861
2020-06-08 06:30:00,0.9914448613738105,-0.13052619222005138,0.04747305927754853,0.08628959762747135,0.07407848348900392,0.06207705903562939
2020-06-08 06:45:00,0.9807852804032305,-0.19509032201612797,0.06396146366348553,0.09937939915448668,0.08954620885252318,0.08140191138836679
2020-06-08 07:00:00,0.9659258262890683,-0.25881904510252085,0.09793832735007742,0.11287900327184563,0.10699541456177025,0.11392217540220033
2020-06-08 07:15:00,0.9469301294951057,-0.3214394653031616,0.12045028300670728,0.1373799317973199,0.14877694971796773,0.14203701964993723
2020-06-08 07:30:00,0.9238795325112867,-0.3826834323650897,0.15230855706369628,0.15570530834878005,0.173679513597772,0.18071796592622186
2020-06-08 07:45:00,0.8968727415326884,-0.44228869021900113,0.23987129732002146,0.18507115930611628,0.2524622884170924,0.28719514978372984
2020-06-08 08:00:00,0.8660254037844387,-0.4999999999999998,0.24798279435608098,0.22268175833029935,0.3205052875995482,0.3040689426835455
2020-06-08 08:15:00,0.8314696123025451,-0.5555702330196023,0.19778537964396228,0.239577890034244,0.3144964146443787,0.244336255825008
2020-06-08 08:30:00,0.7933533402912352,-0.6087614290087207,0.31729724775869994,0.267319851518685,0.3324912952451382,0.4012731148894278
2020-06-08 08:45:00,0.7518398074789774,-0.6593458151000688,0.425443045347284,0.2990022396644194,0.462149858740192,0.5325805369530915
2020-06-08 09:00:00,0.7071067811865476,-0.7071067811865475,0.39842001466680815,0.35482490330684335,0.4917030617195167,0.4988822925271677
2020-06-08 09:15:00,0.6593458151000686,-0.7518398074789776,0.5413760792222954,0.3863245684469512,0.5123666502118037,0.6864419949877737
2020-06-08 09:30:00,0.6087614290087204,-0.7933533402912353,0.6926955039174593,0.4350651763638176,0.6937156932084044,0.8237189343333079
2020-06-08 09:45:00,0.5555702330196022,-0.8314696123025453,0.7037439666418747,0.5015620535578418,0.7305303308099534,0.839138789612064
2020-06-08 10:00:00,0.49999999999999994,-0.8660254037844387,0.7552384256208464,0.5031919455901293,0.749608585593358,0.8946755285377537
2020-06-08 10:15:00,0.4422886902190013,-0.8968727415326883,0.6488599777120352,0.5334723344297716,0.741112383369278,0.7945526888675768
2020-06-08 10:30:00,0.3826834323650899,-0.9238795325112867,0.7287110697119124,0.5164769271128609,0.686189379003492,0.8454584075770967
2020-06-08 10:45:00,0.32143946530316175,-0.9469301294951056,0.6891710020580495,0.5440326236397248,0.6855498302367676,0.8433882205328923
2020-06-08 11:00:00,0.258819045102521,-0.9659258262890682,0.7260967515038393,0.5445548719533191,0.7189149404682652,0.8749974612568691
2020-06-08 11:15:00,0.19509032201612816,-0.9807852804032304,0.6720184572825677,0.568686121811409,0.6957917670054871,0.8240990301874674
2020-06-08 11:30:00,0.13052619222005157,-0.9914448613738104,0.6189395094271729,0.5668136586088504,0.6516920591800014,0.7540919885507102
2020-06-08 11:45:00,0.06540312923014312,-0.9978589232386035,0.6288091609427818,0.5769082721207504,0.6357941779596278,0.761772158066742
2020-06-08 12:00:00,1.2246467991473532e-16,-1.0,0.6217567910796536,0.5779626291795643,0.6119568578799354,0.75174391278527
2020-06-08 12:15:00,-0.06540312923014287,-0.9978589232386035,0.5131459040837367,0.582524319776194,0.5966716662625421,0.6484453048101758
2020-06-08 12:30:00,-0.13052619222005132,-0.9914448613738105,0.7319622042984689,0.5806756052170747,0.6244050683327372,0.864779197972604
2020-06-08 12:45:00,-0.19509032201612792,-0.9807852804032305,0.48205332280783947,0.6166691005072356,0.6409931861441883,0.5661470052707978
2020-06-08 13:00:00,-0.25881904510252035,-0.9659258262890684,0.6095064492924241,0.6230953103082537,0.6401594242054577,0.7132384688961305
2020-06-08 13:15:00,-0.3214394653031611,-0.9469301294951058,0.5810124277796832,0.6515265072436087,0.7516496893730472,0.6537832525714803
2020-06-08 13:30:00,-0.3826834323650892,-0.923879532511287,0.5451866294672704,0.6372444193065021,0.632203333199017,0.5946441555416042
2020-06-08 13:45:00,-0.44228869021900147,-0.8968727415326883,0.674389744438755,0.6599172318869984,0.7103130763556723,0.7345384096710214
2020-06-08 14:00:00,-0.5000000000000001,-0.8660254037844386,0.6327091957028214,0.6727143442068606,0.750453537561195,0.731780788609361
2020-06-08 14:15:00,-0.5555702330196023,-0.8314696123025452,0.6589416121539087,0.6748325462409472,0.6965374065860571,0.7723772075102924
2020-06-08 14:30:00,-0.6087614290087207,-0.7933533402912352,0.6481824944594005,0.7105366934195534,0.7461264066049061,0.8149804940561924
2020-06-08 14:45:00,-0.6593458151000688,-0.7518398074789774,0.5465324888653744,0.7089765085285935,0.7232315655665119,0.7084960224715915
2020-06-08 15:00:00,-0.7071067811865475,-0.7071067811865477,0.6121574053255772,0.7067476262110446,0.6707149188090825,0.7301834663040997
2020-06-08 15:15:00,-0.7518398074789773,-0.6593458151000691,0.5813634666902399,0.7207601747390557,0.6576213767318247,0.6850573781685351
2020-06-08 15:30:00,-0.7933533402912349,-0.6087614290087209,0.3844614862640325,0.6900758803972995,0.5801965106085972,0.507302702021476
2020-06-08 15:45:00,-0.8314696123025448,-0.555570233019603,0.3803004748046684,0.6795627124326649,0.5499983347149726,0.5256321848233442
2020-06-08 16:00:00,-0.8660254037844385,-0.5000000000000004,0.2770646568880341,0.6499428914050196,0.5056375618369178,0.353029500410425
2020-06-08 16:15:00,-0.8968727415326883,-0.44228869021900136,0.20496613227673696,0.607746518454161,0.3878826537297614,0.2479376979794114
2020-06-08 16:30:00,-0.9238795325112868,-0.3826834323650895,0.313770740040137,0.5127582562949149,0.3605689219494602,0.4022879581528161
2020-06-08 16:45:00,-0.9469301294951056,-0.3214394653031618,0.3180816179832839,0.5518379653806751,0.43025250568581697,0.39986055388447794
2020-06-08 17:00:00,-0.9659258262890683,-0.25881904510252063,0.2039607835382986,0.5783550440954637,0.40461238761865237,0.24233787059384315
2020-06-08 17:15:00,-0.9807852804032303,-0.19509032201612866,0.14267119840695255,0.5622938916771401,0.3203059216982911,0.170902258928758
2020-06-08 17:30:00,-0.9914448613738104,-0.13052619222005163,0.12660485425697685,0.546606649595927,0.28049763995929633,0.1430163801356137
2020-06-08 17:45:00,-0.9978589232386035,-0.06540312923014362,0.08709720707826096,0.5342148248030418,0.2585070529802793,0.09347447832877037
2020-06-08 18:00:00,-1.0,-1.8369701987210297e-16,0.05823949018492046,0.5051411199885765,0.21895237299305392,0.05959398145265668
2020-06-08 18:15:00,-0.9978589232386036,0.06540312923014237,0.02910491934644309,0.4649276138623022,0.18644361851801072,0.03297240061201896
2020-06-08 18:30:00,-0.9914448613738104,0.13052619222005213,0.008169468222252976,0.433399864392809,0.1555811343185829,0.008849309065821138
2020-06-08 18:45:00,-0.9807852804032304,0.1950903220161283,0.0007042449618911338,0.4087722403168599,0.13541556556787293,0.0
2020-06-08 19:00:00,-0.9659258262890682,0.25881904510252113,0.0,0.37692507928704777,0.12079884916042305,0.0
2020-06-08 19:15:00,-0.9469301294951057,0.3214394653031615,0.0,0.35338322792950416,0.10736448723221698,0.0
2020-06-08 19:30:00,-0.9238795325112866,0.38268343236509,0.0,0.3320668790036039,0.09637983601306971,0.0
2020-06-08 19:45:00,-0.8968727415326884,0.442288690219001,0.0,0.31194108278553156,0.0861888752623296,0.0
2020-06-08 20:00:00,-0.8660254037844386,0.5000000000000001,0.0,0.296364922034662,0.07842866531460124,0.0
2020-06-08 20:15:00,-0.8314696123025455,0.5555702330196018,0.0,0.27776152798792464,0.06575146347952593,0.0
2020-06-08 20:30:00,-0.7933533402912352,0.6087614290087205,0.0,0.24862289333078857,0.0566153693484554,0.0
2020-06-08 20:45:00,-0.7518398074789777,0.6593458151000684,0.0,0.234713064738437,0.05207004618455641,0.0
2020-06-08 21:00:00,-0.7071067811865477,0.7071067811865474,0.0,0.22781457751400902,0.05559230367489476,0.0
2020-06-08 21:15:00,-0.6593458151000687,0.7518398074789775,0.0,0.22305881549089857,0.05715560854053797,0.0
2020-06-08 21:30:00,-0.608761429008721,0.7933533402912349,0.0,0.2039190181953292,0.04898310601955158,0.0
2020-06-08 21:45:00,-0.5555702330196022,0.8314696123025452,0.0,0.18426346563454854,0.045085732632307474,0.0
2020-06-08 22:00:00,-0.5000000000000004,0.8660254037844384,0.0,0.18611154929018148,0.04752373438292179,0.0
2020-06-08 22:15:00,-0.4422886902190014,0.8968727415326883,0.0,0.18744410785779086,0.05124813524183963,0.0
2020-06-08 22:30:00,-0.38268343236508956,0.9238795325112868,0.0,0.19185279794729215,0.06016029097214576,0.0
2020-06-08 22:45:00,-0.32143946530316186,0.9469301294951056,0.0,0.1866368270946026,0.06099662083762625,0.0
2020-06-08 23:00:00,-0.2588190451025207,0.9659258262890683,0.0,0.18291818769359858,0.05534386027762611,0.0
2020-06-08 23:15:00,-0.19509032201612872,0.9807852804032303,0.0,0.17037049447560237,0.046457411941070115,0.0
2020-06-08 23:30:00,-0.13052619222005168,0.9914448613738104,0.0,0.1493109867438056,0.040466590715381334,0.0
2020-06-08 23:45:00,-0.06540312923014367,0.9978589232386035,0.0,0.13267142534298548,0.03383295948412235,0.0
2020-06-09 00:00:00,0.0,1.0,0.0,0.1343886981493323,0.029121493950689026,0.0
2020-06-09 00:15:00,0.06540312923014306,0.9978589232386035,0.0,0.1253424452278944,0.027312066706220328,0.0
2020-06-09 00:30:00,0.13052619222005157,0.9914448613738104,0.0,0.11255987446400395,0.023291923939421588,0.0
2020-06-09 00:45:00,0.19509032201612825,0.9807852804032304,0.0,0.11771901206876878,0.025401221221864778,0.0
2020-06-09 01:00:00,0.25881904510252074,0.9659258262890683,0.0,0.11091476220568297,0.027935267089337135,0.0
2020-06-09 01:15:00,0.3214394653031616,0.9469301294951057,0.0,0.10183166202009364,0.03083445779625249,0.0
2020-06-09 01:30:00,0.3826834323650898,0.9238795325112867,0.0,0.09280730702775153,0.030376058964087294,0.0
2020-06-09 01:45:00,0.4422886902190013,0.8968727415326883,0.0,0.08421236328564263,0.024487812770823736,0.0
2020-06-09 02:00:00,0.49999999999999994,0.8660254037844387,0.0,0.07350564451813701,0.017853275874270602,0.0
2020-06-09 02:15:00,0.5555702330196022,0.8314696123025452,0.0,0.06497504716120583,0.018671634270538084,0.0
2020-06-09 02:30:00,0.6087614290087207,0.7933533402912352,0.0,0.06666702003246083,0.02432292543480591,0.0
2020-06-09 02:45:00,0.6593458151000688,0.7518398074789774,0.0,0.06922967754382392,0.027562360810828856,0.0
2020-06-09 03:00:00,0.7071067811865476,0.7071067811865476,0.0,0.06286729350437392,0.026199050468160623,0.0
2020-06-09 03:15:00,0.7518398074789773,0.659345815100069,0.0,0.0634676129186269,0.026960017449413898,0.0
2020-06-09 03:30:00,0.7933533402912352,0.6087614290087207,0.0,0.06324409484130311,0.025112129766119817,0.0
2020-06-09 03:45:00,0.8314696123025452,0.5555702330196023,0.0,0.0569549571578607,0.02053144206006363,0.0
2020-06-09 04:00:00,0.8660254037844386,0.5000000000000001,0.0,0.051759815737660864,0.026236908402501424,0.0
2020-06-09 04:15:00,0.8968727415326884,0.44228869021900125,0.0,0.058797747058780825,0.03297264425463181,0.0
2020-06-09 04:30:00,0.9238795325112867,0.38268343236508984,0.0,0.0680053323885752,0.03652837690619154,0.0
2020-06-09 04:45:00,0.9469301294951057,0.3214394653031615,0.0,0.06556526827270082,0.03485700535754327,0.0
2020-06-09 05:00:00,0.9659258262890683,0.25881904510252074,0.0,0.06460402654158925,0.03622289065852424,0.0
2020-06-09 05:15:00,0.9807852804032304,0.19509032201612833,0.0,0.05780005045471115,0.03274144717154559,0.0
2020-06-09 05:30:00,0.9914448613738104,0.1305261922200517,0.0,0.050911971214326,0.021958054750372547,0.0
2020-06-09 05:45:00,0.9978589232386035,0.06540312923014305,0.0008042293468039722,0.04602103106642286,0.01647374090350101,0.0
2020-06-09 06:00:00,1.0,6.123233995736766e-17,0.010601692750684715,0.06005947164270675,0.02457463428985812,0.011827592411251756
2020-06-09 06:15:00,0.9978589232386035,-0.06540312923014292,0.0293768799716462,0.07013009158725247,0.03617284983840341,0.03576442924439028
2020-06-09 06:30:00,0.9914448613738105,-0.13052619222005138,0.0473307052138794,0.0856747789739436,0.05278882740499047,0.06216379471321668
2020-06-09 06:45:00,0.9807852804032305,-0.19509032201612797,0.07987283540143565,0.1169087107910225,0.07152426266142559,0.10526987339609273
2020-06-09 07:00:00,0.9659258262890683,-0.25881904510252085,0.1653805459260769,0.15659010817207686,0.12100571211398214,0.1641462545139824
2020-06-09 07:15:00,0.9469301294951057,-0.3214394653031616,0.1937355911280713,0.18562423212786316,0.16937285573985372,0.19694649794828706
2020-06-09 07:30:00,0.9238795325112867,-0.3826834323650897,0.1942437948374129,0.21520854303487535,0.21368028577587717,0.2020024352912706
2020-06-09 07:45:00,0.8968727415326884,-0.44228869021900113,0.16308033684905213,0.22035672510318105,0.21860877567478332,0.1849622198032839
2020-06-09 08:00:00,0.8660254037844387,-0.4999999999999998,0.3287515013074347,0.2593158963590809,0.3198519935337808,0.38671806771576284
2020-06-09 08:15:00,0.8314696123025451,-0.5555702330196023,0.3917330053067982,0.3101114857561491,0.4449464314658964,0.4583868263141956
2020-06-09 08:30:00,0.7933533402912352,-0.6087614290087207,0.4472291191832574,0.3598698089108041,0.4829341178296117,0.5082844519340973
2020-06-09 08:45:00,0.7518398074789774,-0.6593458151000688,0.4721884209503164,0.39776362397240983,0.5181224244114837,0.5611349733878377
2020-06-09 09:00:00,0.7071067811865476,-0.7071067811865475,0.5323269629622845,0.4197350655067249,0.5758574963111052,0.6342174876946571
2020-06-09 09:15:00,0.6593458151000686,-0.7518398074789776,0.48617209146280654,0.46747807262393204,0.6176146417884297,0.5973252556945889
2020-06-09 09:30:00,0.6087614290087204,-0.7933533402912353,0.5673823748486727,0.48720460439160607,0.5893555670112841,0.6501715956863002
2020-06-09 09:45:00,0.5555702330196022,-0.8314696123025453,0.5886979278335255,0.5378719947131207,0.6524416167473875,0.7095165406281553
2020-06-09 10:00:00,0.49999999999999994,-0.8660254037844387,0.33257907952684185,0.4776830628290496,0.4749504012190774,0.41742835167399756
2020-06-09 10:15:00,0.4422886902190013,-0.8968727415326883,0.6281559797584882,0.49682721425630416,0.5518781105357546,0.7259448872733806
2020-06-09 10:30:00,0.3826834323650899,-0.9238795325112867,0.7426442373704756,0.5623284009437666,0.7152710552228251,0.9101009192391932
2020-06-09 10:45:00,0.32143946530316175,-0.9469301294951056,0.777654125648684,0.6077480174911036,0.7807817509590808,0.8735018084442343
2020-06-09 11:00:00,0.258819045102521,-0.9659258262890682,0.7695424376144001,0.6403628018065552,0.7814030410674752,0.8505998860032834
2020-06-09 11:15:00,0.19509032201612816,-0.9807852804032304,0.7553334652458021,0.6719134994286307,0.8372563062300639,0.8584602768917057
2020-06-09 11:30:00,0.13052619222005157,-0.9914448613738104,0.5094237263243854,0.6106768035554138,0.635505896539922,0.634310017686924
2020-06-09 11:45:00,0.06540312923014312,-0.9978589232386035,0.7506239854685931,0.6537146972480128,0.8092392789406259,0.884001962723978
2020-06-09 12:00:00,1.2246467991473532e-16,-1.0,0.5702975889306421,0.667292367977897,0.7051170917431341,0.677447337973727
2020-06-09 12:15:00,-0.06540312923014287,-0.9978589232386035,0.5154393490950778,0.6867004665985863,0.7050805641804826,0.5970766970494397
2020-06-09 12:30:00,-0.13052619222005132,-0.9914448613738105,0.6387152718365581,0.6523622876612485,0.645752264599544,0.7727577812297698
2020-06-09 12:45:00,-0.19509032201612792,-0.9807852804032305,0.6462973752745714,0.6859607143079789,0.735051366051738,0.7323789780539482
2020-06-09 13:00:00,-0.25881904510252035,-0.9659258262890684,0.694723748272264,0.682652532764964,0.7668759564938251,0.7753470084703531
2020-06-09 13:15:00,-0.3214394653031611,-0.9469301294951058,0.6967829467078025,0.7391913661155349,0.8789473082065556,0.77466955025436
2020-06-09 13:30:00,-0.3826834323650892,-0.923879532511287,0.5442093837787729,0.7251499697820625,0.7674831966356036,0.6907861740948599
2020-06-09 13:45:00,-0.44228869021900147,-0.8968727415326883,0.5513234788108778,0.7314567637868612,0.6860153857935939,0.6648266397704561
2020-06-09 14:00:00,-0.5000000000000001,-0.8660254037844386,0.35826004372211284,0.7368694181603448,0.6336226963480359,0.4483674816305308
2020-06-09 14:15:00,-0.5555702330196023,-0.8314696123025452,0.3820604579557873,0.6808853881279744,0.5150730585074845,0.4793971105848263
2020-06-09 14:30:00,-0.6087614290087207,-0.7933533402912352,0.4892312674548843,0.7049625380120872,0.6043053558937431,0.6402027870663991
2020-06-09 14:45:00,-0.6593458151000688,-0.7518398074789774,0.4446774352957088,0.6852353240479594,0.5653494978612611,0.5736197737423188
2020-06-09 15:00:00,-0.7071067811865475,-0.7071067811865477,0.46950889232342485,0.7165057149055507,0.6267748527737355,0.6072658692337646
2020-06-09 15:15:00,-0.7518398074789773,-0.6593458151000691,0.4760728824557582,0.6862857180839581,0.5633602785774693,0.602423963522306
2020-06-09 15:30:00,-0.7933533402912349,-0.6087614290087209,0.4918706815433057,0.6721650596912625,0.566391326858462,0.6206711310593389
2020-06-09 15:45:00,-0.8314696123025448,-0.555570233019603,0.4373355044847282,0.6615440101156447,0.5484287267563976,0.5526327265040475
2020-06-09 16:00:00,-0.8660254037844385,-0.5000000000000004,0.3784333738466033,0.6585163459588579,0.5155246620373195,0.471494845207469
2020-06-09 16:15:00,-0.8968727415326883,-0.44228869021900136,0.32508919930854047,0.638379594204326,0.47754508306556087,0.410023920411677
2020-06-09 16:30:00,-0.9238795325112868,-0.3826834323650895,0.29969107619788476,0.6331319909792621,0.44884146726029883,0.3783983122185012
2020-06-09 16:45:00,-0.9469301294951056,-0.3214394653031618,0.24728019429125184,0.6207225008887516,0.4181749892814023,0.30951638527475994
2020-06-09 17:00:00,-0.9659258262890683,-0.25881904510252063,0.19013206364844462,0.5919654519199853,0.36740482452374246,0.23698606422985263
2020-06-09 17:15:00,-0.9807852804032303,-0.19509032201612866,0.15943439739517273,0.5488526243327829,0.31919930840135535,0.19909428120852324
2020-06-09 17:30:00,-0.9914448613738104,-0.13052619222005163,0.12381827529618537,0.5212785758237053,0.2857090883848368,0.15453042188120647
2020-06-09 17:45:00,-0.9978589232386035,-0.06540312923014362,0.08459788557996292,0.4945360920915918,0.2510662141055586,0.1051672481293432
2020-06-09 18:00:00,-1.0,-1.8369701987210297e-16,0.05075043638864985,0.4711624810226518,0.2156020315889503,0.06268223751405534
2020-06-09 18:15:00,-0.9978589232386036,0.06540312923014237,0.02533014629694525,0.4511602386608635,0.18338684204993227,0.031248200474268507
2020-06-09 18:30:00,-0.9914448613738104,0.13052619222005213,0.006915720003522852,0.41985108378508373,0.15750983997255696,0.006845547652196797
2020-06-09 18:45:00,-0.9807852804032304,0.1950903220161283,0.0001357806086782433,0.3809179347333589,0.13344411785600818,0.0
2020-06-09 19:00:00,-0.9659258262890682,0.25881904510252113,0.0,0.35970655750434277,0.11407397355710203,0.0
2020-06-09 19:15:00,-0.9469301294951057,0.3214394653031615,0.0,0.3373021712755717,0.1047397735808358,0.0
2020-06-09 19:30:00,-0.9238795325112866,0.38268343236509,0.0,0.32112130620298407,0.09985024979057455,0.0
2020-06-09 19:45:00,-0.8968727415326884,0.442288690219001,0.0,0.3149127305348829,0.09663437718163481,0.0
2020-06-09 20:00:00,-0.8660254037844386,0.5000000000000001,0.0,0.3064806413199086,0.09146755858770644,0.0
2020-06-09 20:15:00,-0.8314696123025455,0.5555702330196018,0.0,0.2876123280780227,0.08642968238235171,0.0
2020-06-09 20:30:00,-0.7933533402912352,0.6087614290087205,0.0,0.2705843096548224,0.08221147736604695,0.0
2020-06-09 20:45:00,-0.7518398074789777,0.6593458151000684,0.0,0.2599719673808305,0.0806449098552448,0.0
2020-06-09 21:00:00,-0.7071067811865477,0.7071067811865474,0.0,0.24868164750030486,0.07740946559429096,0.0
2020-06-09 21:15:00,-0.6593458151000687,0.7518398074789775,0.0,0.23618011923438553,0.07290152081214707,0.0
2020-06-09 21:30:00,-0.608761429008721,0.7933533402912349,0.0,0.22264873912434635,0.06623849061664594,0.0
2020-06-09 21:45:00,-0.5555702330196022,0.8314696123025452,0.0,0.2110309200650271,0.06137755012933699,0.0
2020-06-09 22:00:00,-0.5000000000000004,0.8660254037844384,0.0,0.20316545527351937,0.05969158949410441,0.0
2020-06-09 22:15:00,-0.4422886902190014,0.8968727415326883,0.0,0.18866446915245572,0.05462758661295242,0.0
2020-06-09 22:30:00,-0.38268343236508956,0.9238795325112868,0.0,0.1807238354804439,0.05313134387160129,0.0
2020-06-09 22:45:00,-0.32143946530316186,0.9469301294951056,0.0,0.17156414527859987,0.05091801461691192,0.0
2020-06-09 23:00:00,-0.2588190451025207,0.9659258262890683,0.0,0.16727436382611294,0.04958187423306487,0.0
2020-06-09 23:15:00,-0.19509032201612872,0.9807852804032303,0.0,0.16788824638300448,0.05128011057070703,0.0
2020-06-09 23:30:00,-0.13052619222005168,0.9914448613738104,0.0,0.16617163365301857,0.05318649382528312,0.0
2020-06-09 23:45:00,-0.06540312923014367,0.9978589232386035,0.0,0.1634176335009878,0.053709701165849943,0.0
2020-06-10 00:00:00,0.0,1.0,0.0,0.16455404712394994,0.05583393489408184,0.0
2020-06-10 00:15:00,0.06540312923014306,0.9978589232386035,0.0,0.16000098272194307,0.056604639183558736,0.0
2020-06-10 00:30:00,0.13052619222005157,0.9914448613738104,0.0,0.15561174324587834,0.05729918220507296,0.0
2020-06-10 00:45:00,0.19509032201612825,0.9807852804032304,0.0,0.15543109230347363,0.059753216923476016,0.0
2020-06-10 01:00:00,0.25881904510252074,0.9659258262890683,0.0,0.1501351294285327,0.05736508864178691,0.0
2020-06-10 01:15:00,0.3214394653031616,0.9469301294951057,0.0,0.14591666892232813,0.054655983579489587,0.0
2020-06-10 01:30:00,0.3826834323650898,0.9238795325112867,0.0,0.14200970290708037,0.052185150055653495,0.0
2020-06-10 01:45:00,0.4422886902190013,0.8968727415326883,0.0,0.13025656210266146,0.05001138599876309,0.0
2020-06-10 02:00:00,0.49999999999999994,0.8660254037844387,0.0,0.12665239706172793,0.05095441139249424,0.0
2020-06-10 02:15:00,0.5555702330196022,0.8314696123025452,0.0,0.12958269113924992,0.052392008790275,0.0
2020-06-10 02:30:00,0.6087614290087207,0.7933533402912352,0.0,0.13660771682944395,0.0546433211411238,0.0
2020-06-10 02:45:00,0.6593458151000688,0.7518398074789774,0.0,0.13441306391127417,0.0539481884728395,0.0
2020-06-10 03:00:00,0.7071067811865476,0.7071067811865476,0.0,0.13017984641863856,0.04914883543544518,0.0
2020-06-10 03:15:00,0.7518398074789773,0.659345815100069,0.0,0.12476622709622465,0.04264575923147207,0.0
2020-06-10 03:30:00,0.7933533402912352,0.6087614290087207,0.0,0.11529017726556212,0.03821566931942644,0.0
2020-06-10 03:45:00,0.8314696123025452,0.5555702330196023,0.0,0.11050468135099645,0.03799885107919582,0.0
2020-06-10 04:00:00,0.8660254037844386,0.5000000000000001,0.0,0.10396657337914439,0.03608323960154597,0.0
2020-06-10 04:15:00,0.8968727415326884,0.44228869021900125,0.0,0.09732750033224513,0.03519618263541152,0.0
2020-06-10 04:30:00,0.9238795325112867,0.38268343236508984,0.0,0.10031886445671612,0.035538317388610685,0.0
2020-06-10 04:45:00,0.9469301294951057,0.3214394653031615,0.0,0.10274303127940043,0.03606783023293064,0.0
2020-06-10 05:00:00,0.9659258262890683,0.25881904510252074,0.0,0.10399313864760118,0.03416411093616262,0.0
2020-06-10 05:15:00,0.9807852804032304,0.19509032201612833,0.0,0.10342664181538685,0.031526068254258355,0.0
2020-06-10 05:30:00,0.9914448613738104,0.1305261922200517,0.0,0.0948034721950346,0.02480818764965259,0.0
2020-06-10 05:45:00,0.9978589232386035,0.06540312923014305,0.00020504080674331996,0.09248106003849865,0.02239833887034476,0.0
2020-06-10 06:00:00,1.0,6.123233995736766e-17,0.007431884344223149,0.09213590453834719,0.025011446224098843,0.007118538042910292
2020-06-10 06:15:00,0.9978589232386035,-0.06540312923014292,0.025848051570088047,0.09639092538867233,0.03457709852918245,0.031645022172530096
2020-06-10 06:30:00,0.9914448613738105,-0.13052619222005138,0.04917099250813822,0.12036809309920615,0.05483515905120212,0.06389325155846655
2020-06-10 06:45:00,0.9807852804032305,-0.19509032201612797,0.07800712784557895,0.14214929671511745,0.08896154273964174,0.09823424797656034
2020-06-10 07:00:00,0.9659258262890683,-0.25881904510252085,0.14448041980885795,0.16673085521911224,0.11470399736880066,0.14836334793763864
2020-06-10 07:15:00,0.9469301294951057,-0.3214394653031616,0.1838951814405912,0.20204740709717406,0.1664553843758616,0.18849562343270893
2020-06-10 07:30:00,0.9238795325112867,-0.3826834323650897,0.2305011399947296,0.23128355545388013,0.2505821680497309,0.24639091172787822
2020-06-10 07:45:00,0.8968727415326884,-0.44228869021900113,0.2765291952218334,0.2660576938297743,0.31497079792654936,0.3055315021420682
2020-06-10 08:00:00,0.8660254037844387,-0.4999999999999998,0.24510960152056843,0.29557859637173167,0.3658165407342593,0.31578877258620874
2020-06-10 08:15:00,0.8314696123025451,-0.5555702330196023,0.16883239953301032,0.3115842940406024,0.3246709148078588,0.2169746739039629
2020-06-10 08:30:00,0.7933533402912352,-0.6087614290087207,0.20318230108734137,0.32089270306920503,0.31106978530373086,0.2626511632128326
2020-06-10 08:45:00,0.7518398074789774,-0.6593458151000688,0.38798995089582994,0.35649152270597306,0.3921961856435141,0.4828802170831467
2020-06-10 09:00:00,0.7071067811865476,-0.7071067811865475,0.3916193564520021,0.39562696095855654,0.5007411330519455,0.5070566522629106
2020-06-10 09:15:00,0.6593458151000686,-0.7518398074789776,0.4804459483292939,0.41924772462140947,0.4955700461989213,0.5660102711342853
2020-06-10 09:30:00,0.6087614290087204,-0.7933533402912353,0.4721641731020835,0.4474124129208201,0.533125081505482,0.5994911387543775
2020-06-10 09:45:00,0.5555702330196022,-0.8314696123025453,0.3662527491397617,0.45563070343444045,0.500921429354775,0.4350092314999371
2020-06-10 10:00:00,0.49999999999999994,-0.8660254037844387,0.2618385766284084,0.43907111161519796,0.3904113949862257,0.3518552833198478
2020-06-10 10:15:00,0.4422886902190013,-0.8968727415326883,0.3929919782874091,0.4530787366595972,0.4245627478547678,0.5106044521052125
2020-06-10 10:30:00,0.3826834323650899,-0.9238795325112867,0.41787280944750554,0.48460702919337173,0.5114865817537111,0.5032053372869013
2020-06-10 10:45:00,0.32143946530316175,-0.9469301294951056,0.3508000127062933,0.49451508441604375,0.46498230866523693,0.43267447670692116
2020-06-10 11:00:00,0.258819045102521,-0.9659258262890682,0.26225741554289084,0.508504478657863,0.4362896367843826,0.35515261298213485
2020-06-10 11:15:00,0.19509032201612816,-0.9807852804032304,0.49198997049770476,0.5027302287473372,0.4526756153457411,0.5640759818953834
2020-06-10 11:30:00,0.13052619222005157,-0.9914448613738104,0.5591954670751612,0.5369360763195172,0.61313125011877,0.6519549935419235
2020-06-10 11:45:00,0.06540312923014312,-0.9978589232386035,0.5609763959101125,0.5453439353783307,0.5785589946287203,0.6727948529401047
2020-06-10 12:00:00,1.2246467991473532e-16,-1.0,0.844089214790311,0.6324122153755776,0.7382182216361072,0.9751321882499937
2020-06-10 12:15:00,-0.06540312923014287,-0.9978589232386035,0.7113813222410875,0.6591184471625307,0.7615017766094344,0.7654939668750782
2020-06-10 12:30:00,-0.13052619222005132,-0.9914448613738105,0.7110440821336674,0.6517826495710441,0.7507562463415399,0.8958685025512358
2020-06-10 12:45:00,-0.19509032201612792,-0.9807852804032305,0.7083065466054739,0.7040429416815515,0.7710003520239438,0.8491615789455831
2020-06-10 13:00:00,-0.25881904510252035,-0.9659258262890684,0.5772806750064966,0.7122737047211121,0.7113619717721765,0.7073044821310019
2020-06-10 13:15:00,-0.3214394653031611,-0.9469301294951058,0.4709484404823092,0.69253635654915,0.6045212361234905,0.5766454869215736
2020-06-10 13:30:00,-0.3826834323650892,-0.923879532511287,0.6980224163919871,0.7249117844809982,0.6868297434315062,0.8460743385092225
2020-06-10 13:45:00,-0.44228869021900147,-0.8968727415326883,0.5359074889935187,0.7341942354216344,0.7006247419628643,0.6931108336468449
2020-06-10 14:00:00,-0.5000000000000001,-0.8660254037844386,0.44027195484068543,0.7199296185100426,0.5886026272621713,0.5303886092968276
2020-06-10 14:15:00,-0.5555702330196023,-0.8314696123025452,0.5567669838636022,0.7380839028839665,0.6417027355253163,0.6851166953370151
2020-06-10 14:30:00,-0.6087614290087207,-0.7933533402912352,0.3640265229520355,0.748152202462945,0.6331236522700189,0.43512147416247077
2020-06-10 14:45:00,-0.6593458151000688,-0.7518398074789774,0.05235586252159552,0.41020093472672925,0.24354039397225025,0.07181672297367869
2020-06-10 15:00:00,-0.7071067811865475,-0.7071067811865477,0.10692399395382562,0.22144000818922982,0.11285328299724406,0.1558606078831385
2020-06-10 15:15:00,-0.7518398074789773,-0.6593458151000691,0.17694905133828712,0.2457630225726375,0.1629141529163507,0.2544673055576705
2020-06-10 15:30:00,-0.7933533402912349,-0.6087614290087209,0.23897871186726585,0.31167400287417424,0.2429673609773857,0.3437973477053222
2020-06-10 15:45:00,-0.8314696123025448,-0.555570233019603,0.20252191654144863,0.3218943559638885,0.30198622116602747,0.28056303641174113
2020-06-10 16:00:00,-0.8660254037844385,-0.5000000000000004,0.22302152850360937,0.3454449088526004,0.31739576808174874,0.3064680921463563
2020-06-10 16:15:00,-0.8968727415326883,-0.44228869021900136,0.28955967143874267,0.38847277124387913,0.36243968049405395,0.39077015308905555
2020-06-10 16:30:00,-0.9238795325112868,-0.3826834323650895,0.1995668809668561,0.41483877999056173,0.363443133732536,0.2572591549754943
2020-06-10 16:45:00,-0.9469301294951056,-0.3214394653031618,0.15821906696308782,0.3977998015427684,0.2941362251923705,0.20426640373672017
2020-06-10 17:00:00,-0.9659258262890683,-0.25881904510252063,0.13700304097004123,0.3787041444094277,0.26052867089302145,0.17905224665685168
2020-06-10 17:15:00,-0.9807852804032303,-0.19509032201612866,0.1391825506292499,0.3822435097635932,0.2649671339900992,0.1805640280194072
2020-06-10 17:30:00,-0.9914448613738104,-0.13052619222005163,0.08302951923394956,0.37442098744355023,0.239632240797366,0.10954938306718214
2020-06-10 17:45:00,-0.9978589232386035,-0.06540312923014362,0.06766436860279848,0.3562667309601777,0.20500600691245507,0.08714044418015034
2020-06-10 18:00:00,-1.0,-1.8369701987210297e-16,0.03167740796113447,0.33693181041173514,0.16861145842695435,0.04122835879187325
2020-06-10 18:15:00,-0.9978589232386036,0.06540312923014237,0.007475501053417907,0.3221571811236834,0.14332727897490594,0.008565745524334839
2020-06-10 18:30:00,-0.9914448613738104,0.13052619222005213,0.001095499021818911,0.3118594570823008,0.13048304095820806,0.0
2020-06-10 18:45:00,-0.9807852804032304,0.1950903220161283,0.0,0.3029416773332043,0.12409120829733211,0.0
2020-06-10 19:00:00,-0.9659258262890682,0.25881904510252113,0.0,0.2960701727737467,0.11836728691505916,0.0
2020-06-10 19:15:00,-0.9469301294951057,0.3214394653031615,0.0,0.28774368680030515,0.11174807601287634,0.0
2020-06-10 19:30:00,-0.9238795325112866,0.38268343236509,0.0,0.275484185678633,0.10041530055530101,0.0
2020-06-10 19:45:00,-0.8968727415326884,0.442288690219001,0.0,0.2586386961615692,0.09670784084073841,0.0
2020-06-10 20:00:00,-0.8660254037844386,0.5000000000000001,0.0,0.23162076695586165,0.0927179190278779,0.0
2020-06-10 20:15:00,-0.8314696123025455,0.5555702330196018,0.0,0.18168875748189417,0.07931928165784641,0.0
2020-06-10 20:30:00,-0.7933533402912352,0.6087614290087205,0.0,0.15080983069683773,0.06975941914160705,0.0
2020-06-10 20:45:00,-0.7518398074789777,0.6593458151000684,0.0,0.13489070465548236,0.06674151877816897,0.0
2020-06-10 21:00:00,-0.7071067811865477,0.7071067811865474,0.0,0.12779990535332098,0.06542451971469021,0.0
2020-06-10 21:15:00,-0.6593458151000687,0.7518398074789775,0.0,0.12813877746508884,0.06506882107676876,0.0
2020-06-10 21:30:00,-0.608761429008721,0.7933533402912349,0.0,0.13145200367134802,0.06239554885871407,0.0
2020-06-10 21:45:00,-0.5555702330196022,0.8314696123025452,0.0,0.1320356227369055,0.05649494258428711,0.0
2020-06-10 22:00:00,-0.5000000000000004,0.8660254037844384,0.0,0.11795637155307404,0.0501330587558671,0.0
2020-06-10 22:15:00,-0.4422886902190014,0.8968727415326883,0.0,0.10792726428855404,0.04911103174458892,0.0
2020-06-10 22:30:00,-0.38268343236508956,0.9238795325112868,0.0,0.10765727414251636,0.05475185753252654,0.0
2020-06-10 22:45:00,-0.32143946530316186,0.9469301294951056,0.0,0.10875944778692537,0.05729663497120818,0.0
2020-06-10 23:00:00,-0.2588190451025207,0.9659258262890683,0.0,0.11372382728062225,0.056950033769291586,0.0
2020-06-10 23:15:00,-0.19509032201612872,0.9807852804032303,0.0,0.1245021542350222,0.058929979828007184,0.0
2020-06-10 23:30:00,-0.13052619222005168,0.9914448613738104,0.0,0.1353548854841471,0.06390469381472352,0.0
2020-06-10 23:45:00,-0.06540312923014367,0.9978589232386035,0.0,0.15115363078035204,0.07325404540260172,0.0
2020-06-11 00:00:00,0.0,1.0,0.0,0.15759161295831947,0.07686982127242487,0.0
2020-06-11 00:15:00,0.06540312923014306,0.9978589232386035,0.0,0.15970593179426928,0.0779333586126858,0.0
2020-06-11 00:30:00,0.13052619222005157,0.9914448613738104,0.0,0.1311212281543246,0.07013585104572417,0.0
2020-06-11 00:45:00,0.19509032201612825,0.9807852804032304,0.0,0.12423220191754747,0.06717254514250348,0.0
2020-06-11 01:00:00,0.25881904510252074,0.9659258262890683,0.0,0.13297836437736366,0.06809959201283255,0.0
2020-06-11 01:15:00,0.3214394653031616,0.9469301294951057,0.0,0.12628643456975985,0.060741519956658885,0.0
2020-06-11 01:30:00,0.3826834323650898,0.9238795325112867,0.0,0.12304442159455364,0.05806043285966156,0.0
2020-06-11 01:45:00,0.4422886902190013,0.8968727415326883,0.0,0.1205301237330676,0.056627600048862636,0.0
2020-06-11 02:00:00,0.49999999999999994,0.8660254037844387,0.0,0.11488420305399716,0.05675661094494866,0.0
2020-06-11 02:15:00,0.5555702330196022,0.8314696123025452,0.0,0.10876820413745092,0.053420308759215385,0.0
2020-06-11 02:30:00,0.6087614290087207,0.7933533402912352,0.0,0.09988919738281266,0.04878112126293943,0.0
2020-06-11 02:45:00,0.6593458151000688,0.7518398074789774,0.0,0.0891511437421375,0.04490530835503398,0.0
2020-06-11 03:00:00,0.7071067811865476,0.7071067811865476,0.0,0.08354368509391641,0.04065319714270538,0.0
2020-06-11 03:15:00,0.7518398074789773,0.659345815100069,0.0,0.07494723782673018,0.03500859038297688,0.0
2020-06-11 03:30:00,0.7933533402912352,0.6087614290087207,0.0,0.06796204881888479,0.03076492970287159,0.0
2020-06-11 03:45:00,0.8314696123025452,0.5555702330196023,0.0,0.05750065148639272,0.03191481242491173,0.0
2020-06-11 04:00:00,0.8660254037844386,0.5000000000000001,0.0,0.05196732463901177,0.03224746722508748,0.0
2020-06-11 04:15:00,0.8968727415326884,0.44228869021900125,0.0,0.04975105237666955,0.03218501850917582,0.0
2020-06-11 04:30:00,0.9238795325112867,0.38268343236508984,0.0,0.04799952644794625,0.02857388065820321,0.0
2020-06-11 04:45:00,0.9469301294951057,0.3214394653031615,0.0,0.05069421590177581,0.029303423585116006,0.0
2020-06-11 05:00:00,0.9659258262890683,0.25881904510252074,0.0,0.08625413302934604,0.038362465247859245,0.0
2020-06-11 05:15:00,0.9807852804032304,0.19509032201612833,0.0,0.09757732336622182,0.045189847576995124,0.0
2020-06-11 05:30:00,0.9914448613738104,0.1305261922200517,0.0,0.09198087090626417,0.04533173326464479,0.0
2020-06-11 05:45:00,0.9978589232386035,0.06540312923014305,0.0,0.09713327182105558,0.04838963197015267,0.0
2020-06-11 06:00:00,1.0,6.123233995736766e-17,0.0020419762021451422,0.094647882034266,0.048047712382776164,0.0
2020-06-11 06:15:00,0.9978589232386035,-0.06540312923014292,0.009482925181678929,0.09911450945279432,0.05348219354378697,0.01102301745051619
2020-06-11 06:30:00,0.9914448613738105,-0.13052619222005138,0.020101559540337533,0.10297218677431208,0.06348367477062594,0.026764109302199725
2020-06-11 06:45:00,0.9807852804032305,-0.19509032201612797,0.028625535850292986,0.09932296983867217,0.07681951887816624,0.039012178597969314
2020-06-11 07:00:00,0.9659258262890683,-0.25881904510252085,0.042494919012617156,0.11280158519476413,0.09556287237751765,0.05781572085459467
2020-06-11 07:15:00,0.9469301294951057,-0.3214394653031616,0.06318767081141723,0.1183068724214853,0.11253389113090062,0.08845247064434743
2020-06-11 07:30:00,0.9238795325112867,-0.3826834323650897,0.07702202035444063,0.1302075202563311,0.13180647952693747,0.10819953220426226
2020-06-11 07:45:00,0.8968727415326884,-0.44228869021900113,0.10660005059706665,0.1436124785921029,0.15753936972386784,0.14849643822231282
2020-06-11 08:00:00,0.8660254037844387,-0.4999999999999998,0.13824785006805287,0.1650345423217381,0.19331626241445454,0.1902318303721137
2020-06-11 08:15:00,0.8314696123025451,-0.5555702330196023,0.15489315813091684,0.18380955814589028,0.22285371891195083,0.212622836725166
2020-06-11 08:30:00,0.7933533402912352,-0.6087614290087207,0.16055041529917163,0.21429567441804442,0.2389194955709264,0.22202194962528543
2020-06-11 08:45:00,0.7518398074789774,-0.6593458151000688,0.18004107029358393,0.2471537832692119,0.2578638534261277,0.25040183947377104
2020-06-11 09:00:00,0.7071067811865476,-0.7071067811865475,0.1989848171138094,0.26268093615534127,0.2806429307314774,0.2787733066332546
2020-06-11 09:15:00,0.6593458151000686,-0.7518398074789776,0.21938536258478045,0.2623832849948522,0.3016612532703502,0.3077845390186221
2020-06-11 09:30:00,0.6087614290087204,-0.7933533402912353,0.23455797720263744,0.2711953287818649,0.3188024919965594,0.3274348891108604
2020-06-11 09:45:00,0.5555702330196022,-0.8314696123025453,0.25234620717936457,0.28443632209778036,0.33663414159615346,0.3509045360453774
2020-06-11 10:00:00,0.49999999999999994,-0.8660254037844387,0.27351061399233234,0.2966646172198617,0.3465572560551192,0.37850374504936646
2020-06-11 10:15:00,0.4422886902190013,-0.8968727415326883,0.29999757268542465,0.31189328864060895,0.37073721997316067,0.4119057620486045
2020-06-11 10:30:00,0.3826834323650899,-0.9238795325112867,0.30697984238029796,0.3418364662988509,0.39593509824182516,0.42055973663350243
2020-06-11 10:45:00,0.32143946530316175,-0.9469301294951056,0.31803700789232486,0.36052588890882253,0.38738344651948675,0.4359960589071829
2020-06-11 11:00:00,0.258819045102521,-0.9659258262890682,0.3982566386057715,0.39705225336243055,0.4319044321505823,0.529673338624396
2020-06-11 11:15:00,0.19509032201612816,-0.9807852804032304,0.43512045890427664,0.41026160565028347,0.4699640852541229,0.5735796316071535
2020-06-11 11:30:00,0.13052619222005157,-0.9914448613738104,0.40601884845784497,0.41572563986762145,0.47495533878250495,0.5393443069602778
2020-06-11 11:45:00,0.06540312923014312,-0.9978589232386035,0.4593512722394442,0.43819533743050076,0.506024203570281,0.6071840915858103
2020-06-11 12:00:00,1.2246467991473532e-16,-1.0,0.5224940436794492,0.45519815497814897,0.5365298823637961,0.6830658624971856
2020-06-11 12:15:00,-0.06540312923014287,-0.9978589232386035,0.5026364156111971,0.47605001018828985,0.5342941871140192,0.6567648213547075
2020-06-11 12:30:00,-0.13052619222005132,-0.9914448613738105,0.45174973555067993,0.48264825916323684,0.5142556899543635,0.5827023492038027
2020-06-11 12:45:00,-0.19509032201612792,-0.9807852804032305,0.31509029274608874,0.4893352654872294,0.45472036147498274,0.4277223593408144
2020-06-11 13:00:00,-0.25881904510252035,-0.9659258262890684,0.3776965807339643,0.49787461470655114,0.47488022481560255,0.49802383631565034
2020-06-11 13:15:00,-0.3214394653031611,-0.9469301294951058,0.4113124261802096,0.5098389206390819,0.47682314226258926,0.5365752764209166
2020-06-11 13:30:00,-0.3826834323650892,-0.923879532511287,0.2753249836149444,0.5130743915170051,0.4475283721205101,0.3550743597230347
2020-06-11 13:45:00,-0.44228869021900147,-0.8968727415326883,0.351541836166449,0.5042208459497226,0.413059808576418,0.4716634182665097
2020-06-11 14:00:00,-0.5000000000000001,-0.8660254037844386,0.3790380649474399,0.5270203720332323,0.45737084017892904,0.4966728624230699
2020-06-11 14:15:00,-0.5555702330196023,-0.8314696123025452,0.5354406907757466,0.5556949470413353,0.5223680363502774,0.6921674338075432
2020-06-11 14:30:00,-0.6087614290087207,-0.7933533402912352,0.5751108205803773,0.5731461830890776,0.5962414204016832,0.7615682216628672
2020-06-11 14:45:00,-0.6593458151000688,-0.7518398074789774,0.3557833511944867,0.548232171146896,0.524009965338994,0.4544145473224994
2020-06-11 15:00:00,-0.7071067811865475,-0.7071067811865477,0.4292189601841662,0.5394131393343748,0.48261919381829776,0.5448349979283051
2020-06-11 15:15:00,-0.7518398074789773,-0.6593458151000691,0.3544466686763681,0.5454006564228915,0.47936327645897336,0.4641487753528861
2020-06-11 15:30:00,-0.7933533402912349,-0.6087614290087209,0.4131793737939861,0.5467453127572048,0.4576382101325466,0.5270291548952545
2020-06-11 15:45:00,-0.8314696123025448,-0.555570233019603,0.34728954065292694,0.5447847093241025,0.4607529853417669,0.46640575476215523
2020-06-11 16:00:00,-0.8660254037844385,-0.5000000000000004,0.27453249160015725,0.5162351782329568,0.4104034500796231,0.35366669701823283
2020-06-11 16:15:00,-0.8968727415326883,-0.44228869021900136,0.24741498337521425,0.4827428959685549,0.35645221191752796,0.3276555513561611
2020-06-11 16:30:00,-0.9238795325112868,-0.3826834323650895,0.20087452356925445,0.4754599641140427,0.32534759444532624,0.26521589896271125
2020-06-11 16:45:00,-0.9469301294951056,-0.3214394653031618,0.17529273656618485,0.4547332874648973,0.26324971695533694,0.23192110686621967
2020-06-11 17:00:00,-0.9659258262890683,-0.25881904510252063,0.13380106815702322,0.43553243743375436,0.19258323464499727,0.1759785660185286
2020-06-11 17:15:00,-0.9807852804032303,-0.19509032201612866,0.10626670477972561,0.4158142535963609,0.22031520940838645,0.13882773984370125
2020-06-11 17:30:00,-0.9914448613738104,-0.13052619222005163,0.07955332811486165,0.3994603978653193,0.20367103889103566,0.10468398943169517
2020-06-11 17:45:00,-0.9978589232386035,-0.06540312923014362,0.055632728611101044,0.38184222629380526,0.18421043805645887,0.07249286701053888
2020-06-11 18:00:00,-1.0,-1.8369701987210297e-16,0.03628052470180852,0.3674444919523461,0.16390987846726957,0.04649139847373628
2020-06-11 18:15:00,-0.9978589232386036,0.06540312923014237,0.017580808197198483,0.3464959398831249,0.14127930535831967,0.021922263328589233
2020-06-11 18:30:00,-0.9914448613738104,0.13052619222005213,0.0048677012545695975,0.32734686048412476,0.1225131821517228,0.004315219435362425
2020-06-11 18:45:00,-0.9807852804032304,0.1950903220161283,4.2246091640173065e-05,0.3119590308356339,0.10938045879999692,0.0
2020-06-11 19:00:00,-0.9659258262890682,0.25881904510252113,0.0,0.2971453592650508,0.10339590691573813,0.0
2020-06-11 19:15:00,-0.9469301294951057,0.3214394653031615,0.0,0.2829451708073827,0.09945339682165183,0.0
2020-06-11 19:30:00,-0.9238795325112866,0.38268343236509,0.0,0.2672546478998077,0.09368759404477994,0.0
2020-06-11 19:45:00,-0.8968727415326884,0.442288690219001,0.0,0.25414667776293376,0.09326525095739907,0.0
2020-06-11 20:00:00,-0.8660254037844386,0.5000000000000001,0.0,0.24827855018299294,0.09537385563090223,0.0
2020-06-11 20:15:00,-0.8314696123025455,0.5555702330196018,0.0,0.2464671660036517,0.0971748737289172,0.0
2020-06-11 20:30:00,-0.7933533402912352,0.6087614290087205,0.0,0.2437083725239111,0.09900653959673522,0.0
2020-06-11 20:45:00,-0.7518398074789777,0.6593458151000684,0.0,0.23903890386397375,0.09395462467526472,0.0
2020-06-11 21:00:00,-0.7071067811865477,0.7071067811865474,0.0,0.23068665151002699,0.08920029252482742,0.0
2020-06-11 21:15:00,-0.6593458151000687,0.7518398074789775,0.0,0.2247955619925175,0.08905068055592719,0.0
2020-06-11 21:30:00,-0.608761429008721,0.7933533402912349,0.0,0.22133632779277468,0.08714322850379919,0.0
2020-06-11 21:45:00,-0.5555702330196022,0.8314696123025452,0.0,0.22125141805737059,0.0877838277860119,0.0
2020-06-11 22:00:00,-0.5000000000000004,0.8660254037844384,0.0,0.2180626779570598,0.08864266568414936,0.0
2020-06-11 22:15:00,-0.4422886902190014,0.8968727415326883,0.0,0.21363328859096997,0.08916467203378275,0.0
2020-06-11 22:30:00,-0.38268343236508956,0.9238795325112868,0.0,0.20807654714559387,0.08726596865214253,0.0
2020-06-11 22:45:00,-0.32143946530316186,0.9469301294951056,0.0,0.20334680732665844,0.0856573439576705,0.0
2020-06-11 23:00:00,-0.2588190451025207,0.9659258262890683,0.0,0.1972582174478663,0.08035547525923314,0.0
2020-06-11 23:15:00,-0.19509032201612872,0.9807852804032303,0.0,0.1882733221345707,0.0733963586092719,0.0
2020-06-11 23:30:00,-0.13052619222005168,0.9914448613738104,0.0,0.17699832923356462,0.061826210246966384,0.0
2020-06-11 23:45:00,-0.06540312923014367,0.9978589232386035,0.0,0.16728484746728145,0.05262687444059749,0.0
2020-06-12 00:00:00,0.0,1.0,0.0,0.16166829778192948,0.05036979319469126,0.0
2020-06-12 00:15:00,0.06540312923014306,0.9978589232386035,0.0,0.1544006929069377,0.053336147983560234,0.0
2020-06-12 00:30:00,0.13052619222005157,0.9914448613738104,0.0,0.15883924255566262,0.06324238950433059,0.0
2020-06-12 00:45:00,0.19509032201612825,0.9807852804032304,0.0,0.15373407028083919,0.059669659455912905,0.0
2020-06-12 01:00:00,0.25881904510252074,0.9659258262890683,0.0,0.14837303394292278,0.05699269566736609,0.0
2020-06-12 01:15:00,0.3214394653031616,0.9469301294951057,0.0,0.14300722222983442,0.049804313504631326,0.0
2020-06-12 01:30:00,0.3826834323650898,0.9238795325112867,0.0,0.14016242262753353,0.04957195832314509,0.0
2020-06-12 01:45:00,0.4422886902190013,0.8968727415326883,0.0,0.13527242498788805,0.050970460231524795,0.0
2020-06-12 02:00:00,0.49999999999999994,0.8660254037844387,0.0,0.13208899242727523,0.04855077791203316,0.0
2020-06-12 02:15:00,0.5555702330196022,0.8314696123025452,0.0,0.12264625673712226,0.03483082825539541,0.0
2020-06-12 02:30:00,0.6087614290087207,0.7933533402912352,0.0,0.11113898043199844,0.031535252881642384,0.0
2020-06-12 02:45:00,0.6593458151000688,0.7518398074789774,0.0,0.09559103209496866,0.025956185912850926,0.0
2020-06-12 03:00:00,0.7071067811865476,0.7071067811865476,0.0,0.08631493763519327,0.026408825895048726,0.0
2020-06-12 03:15:00,0.7518398074789773,0.659345815100069,0.0,0.09430984471552595,0.04046461906516047,0.0
2020-06-12 03:30:00,0.7933533402912352,0.6087614290087207,0.0,0.1175593152648784,0.05078866620580974,0.0
2020-06-12 03:45:00,0.8314696123025452,0.5555702330196023,0.0,0.11572653614809347,0.06993246027789651,0.0
2020-06-12 04:00:00,0.8660254037844386,0.5000000000000001,0.0,0.06309492720108856,0.04861284471363181,0.0
2020-06-12 04:15:00,0.8968727415326884,0.44228869021900125,0.0,0.051767962663629596,0.02962127835182221,0.0
2020-06-12 04:30:00,0.9238795325112867,0.38268343236508984,0.0,0.0505554562456052,0.02736906174199194,0.0
2020-06-12 04:45:00,0.9469301294951057,0.3214394653031615,0.0,0.05235671519338014,0.0377603995327257,0.0
2020-06-12 05:00:00,0.9659258262890683,0.25881904510252074,0.0,0.052416981864242596,0.04055594359703868,0.0
2020-06-12 05:15:00,0.9807852804032304,0.19509032201612833,0.0,0.0457940750780268,0.039770260672396196,0.0
2020-06-12 05:30:00,0.9914448613738104,0.1305261922200517,0.0,0.033363216978878674,0.036897720994964134,0.0
2020-06-12 05:45:00,0.9978589232386035,0.06540312923014305,0.00010002152495410626,0.023751441471006718,0.03528497580466655,0.0
2020-06-12 06:00:00,1.0,6.123233995736766e-17,0.002767920076869445,0.033586340100361545,0.04185514014971431,0.0
2020-06-12 06:15:00,0.9978589232386035,-0.06540312923014292,0.010906889910047854,0.048092655240052906,0.04909901118745985,0.01173171723062871
2020-06-12 06:30:00,0.9914448613738105,-0.13052619222005138,0.02108391098167117,0.061470945721434855,0.05841904949571147,0.0268427807128551
2020-06-12 06:45:00,0.9807852804032305,-0.19509032201612797,0.0385772298345534,0.07379095972020866,0.07372038286921562,0.05116986836063361
2020-06-12 07:00:00,0.9659258262890683,-0.25881904510252085,0.05164798108301193,0.0845289024398439,0.09510720892374863,0.06861258040192231
2020-06-12 07:15:00,0.9469301294951057,-0.3214394653031616,0.05821448758966384,0.0926636418405069,0.10969971425402125,0.07818158054356052
2020-06-12 07:30:00,0.9238795325112867,-0.3826834323650897,0.05058453336653564,0.1028572725770549,0.1124247050230911,0.06876514439610484
2020-06-12 07:45:00,0.8968727415326884,-0.44228869021900113,0.06877109401441742,0.11862750924253884,0.11636301164891028,0.0958470455782249
2020-06-12 08:00:00,0.8660254037844387,-0.4999999999999998,0.09762411966394542,0.13768852695335054,0.14088232160232828,0.13191564704455105
2020-06-12 08:15:00,0.8314696123025451,-0.5555702330196023,0.15173011021028643,0.16331244957945468,0.18334607164226224,0.20560214512201083
2020-06-12 08:30:00,0.7933533402912352,-0.6087614290087207,0.17044545539016276,0.17650936043772858,0.16694390782955437,0.23235430736542198
2020-06-12 08:45:00,0.7518398074789774,-0.6593458151000688,0.2231093574778497,0.18755944073388608,0.20717372422710523,0.30087178914295165
2020-06-12 09:00:00,0.7071067811865476,-0.7071067811865475,0.27847678446871416,0.21492119919598318,0.2762153577171256,0.36629062091610015
2020-06-12 09:15:00,0.6593458151000686,-0.7518398074789776,0.33298318702114454,0.24202080251265845,0.3467728283024143,0.4379459390690888
2020-06-12 09:30:00,0.6087614290087204,-0.7933533402912353,0.2941214151809328,0.2678325086887252,0.35565107502407134,0.3911859108786063
2020-06-12 09:45:00,0.5555702330196022,-0.8314696123025453,0.36200093657889226,0.288415901642064,0.37541897795719414,0.4775426874590132
2020-06-12 10:00:00,0.49999999999999994,-0.8660254037844387,0.31962371581730015,0.30591044370016895,0.3930901532296097,0.4257469124678223
2020-06-12 10:15:00,0.4422886902190013,-0.8968727415326883,0.4168634880629411,0.32747985288738635,0.41441642487126074,0.5671579060115063
2020-06-12 10:30:00,0.3826834323650899,-0.9238795325112867,0.45772263856712414,0.3407745646858431,0.4059643892997037,0.602294039217462
2020-06-12 10:45:00,0.32143946530316175,-0.9469301294951056,0.361826121361352,0.33884852662104903,0.4260739080566882,0.4919425422742085
2020-06-12 11:00:00,0.258819045102521,-0.9659258262890682,0.32164486814717846,0.33387775987071233,0.37510934117888306,0.447024392803381
2020-06-12 11:15:00,0.19509032201612816,-0.9807852804032304,0.44223256252652904,0.35692365376574964,0.39772765877605376,0.6116638220782918
2020-06-12 11:30:00,0.13052619222005157,-0.9914448613738104,0.5527795936100223,0.36322646230705913,0.4781330975082163,0.7315548696615787
2020-06-12 11:45:00,0.06540312923014312,-0.9978589232386035,0.5350304467813543,0.3969314282919587,0.5370932849301925,0.686218811900224
2020-06-12 12:00:00,1.2246467991473532e-16,-1.0,0.591678834936153,0.42563986178717794,0.612108914020079,0.7482515473202606
2020-06-12 12:15:00,-0.06540312923014287,-0.9978589232386035,0.4152356151092626,0.44854211678261646,0.5776474439165822,0.5379432748659065
2020-06-12 12:30:00,-0.13052619222005132,-0.9914448613738105,0.3961594366298915,0.44938664457451205,0.5052926777426471,0.5212619491574275
2020-06-12 12:45:00,-0.19509032201612792,-0.9807852804032305,0.44556097179830995,0.4526960379138578,0.48094314768667235,0.57780291838571
2020-06-12 13:00:00,-0.25881904510252035,-0.9659258262890684,0.4610599390790972,0.472064421031831,0.508498852420115,0.5919776905375004
2020-06-12 13:15:00,-0.3214394653031611,-0.9469301294951058,0.4393209206570619,0.47639489640036725,0.5148665316626293,0.576160495893572
2020-06-12 13:30:00,-0.3826834323650892,-0.923879532511287,0.4718689007616173,0.48119421128124085,0.5081105399874203,0.6129246553854791
2020-06-12 13:45:00,-0.44228869021900147,-0.8968727415326883,0.5472169304171929,0.518555458204996,0.5626442336394898,0.7026724863305671
2020-06-12 14:00:00,-0.5000000000000001,-0.8660254037844386,0.5122241930389148,0.5351296367821368,0.5770292950082108,0.6440913768786207
2020-06-12 14:15:00,-0.5555702330196023,-0.8314696123025452,0.42404896295140304,0.5438451138659706,0.5272228776599774,0.5420266615481916
2020-06-12 14:30:00,-0.6087614290087207,-0.7933533402912352,0.3655424207410712,0.5427517100364905,0.4787317971137671,0.47008144791479656
2020-06-12 14:45:00,-0.6593458151000688,-0.7518398074789774,0.3400129978111548,0.5405657192180193,0.4494837723996572,0.43858630164669116
2020-06-12 15:00:00,-0.7071067811865475,-0.7071067811865477,0.3245313349694822,0.5274883812406763,0.4258291491983488,0.42192128368260934
2020-06-12 15:15:00,-0.7518398074789773,-0.6593458151000691,0.27653617647978335,0.5141088885803939,0.39300797535467613,0.36033471131848505
2020-06-12 15:30:00,-0.7933533402912349,-0.6087614290087209,0.32730597981551496,0.501910201682001,0.389671754735072,0.4279927213788821
2020-06-12 15:45:00,-0.8314696123025448,-0.555570233019603,0.25526353697594917,0.5073310783179974,0.39074563329435374,0.33745064967752414
2020-06-12 16:00:00,-0.8660254037844385,-0.5000000000000004,0.1619594987345623,0.48301574152991544,0.32187618801204987,0.21219919386349426
2020-06-12 16:15:00,-0.8968727415326883,-0.44228869021900136,0.14982625137111477,0.46527316880642866,0.2815445651318923,0.20025798488410163
2020-06-12 16:30:00,-0.9238795325112868,-0.3826834323650895,0.1528478170842967,0.4469604039130801,0.2747826528807704,0.20159133685917338
2020-06-12 16:45:00,-0.9469301294951056,-0.3214394653031618,0.14821043477105858,0.4346337962034772,0.26812472478726745,0.1922943713370693
2020-06-12 17:00:00,-0.9659258262890683,-0.25881904510252063,0.11111701507844204,0.4228072474702056,0.2495537415126594,0.14166080663045263
2020-06-12 17:15:00,-0.9807852804032303,-0.19509032201612866,0.10421621840465757,0.4032871160346465,0.2252619363686793,0.13245905920843717
2020-06-12 17:30:00,-0.9914448613738104,-0.13052619222005163,0.12942004802601234,0.4068411441244173,0.22771272571947831,0.16001830529180844
2020-06-12 17:45:00,-0.9978589232386035,-0.06540312923014362,0.09489549098322757,0.40826833500921,0.22745805657646945,0.11500398195345954
2020-06-12 18:00:00,-1.0,-1.8369701987210297e-16,0.04881929601798113,0.39296076218290965,0.1946699563917803,0.06092321168715597
2020-06-12 18:15:00,-0.9978589232386036,0.06540312923014237,0.02165550166537627,0.37061570011674405,0.16693352361754943,0.027384042403864498
2020-06-12 18:30:00,-0.9914448613738104,0.13052619222005213,0.006338911233519927,0.3474690318923781,0.1426384724028088,0.005966064606500292
2020-06-12 18:45:00,-0.9807852804032304,0.1950903220161283,0.00011737148876845581,0.3316461163886655,0.13031206006983143,0.0
2020-06-12 19:00:00,-0.9659258262890682,0.25881904510252113,0.0,0.3030346625050053,0.11867088589125974,0.0
2020-06-12 19:15:00,-0.9469301294951057,0.3214394653031615,0.0,0.2683329805734369,0.10573043218757078,0.0
2020-06-12 19:30:00,-0.9238795325112866,0.38268343236509,0.0,0.24229899055704984,0.08908428861368645,0.0
2020-06-12 19:45:00,-0.8968727415326884,0.442288690219001,0.0,0.21604597059789832,0.07753555417285973,0.0
2020-06-12 20:00:00,-0.8660254037844386,0.5000000000000001,0.0,0.19593236864142338,0.07632314257509176,0.0
2020-06-12 20:15:00,-0.8314696123025455,0.5555702330196018,0.0,0.17762372385560043,0.07282375875867825,0.0
2020-06-12 20:30:00,-0.7933533402912352,0.6087614290087205,0.0,0.15986101575757594,0.06615239756752211,0.0
2020-06-12 20:45:00,-0.7518398074789777,0.6593458151000684,0.0,0.1582103971993125,0.062125857886653424,0.0
2020-06-12 21:00:00,-0.7071067811865477,0.7071067811865474,0.0,0.15604662649388268,0.061688276297634015,0.0
2020-06-12 21:15:00,-0.6593458151000687,0.7518398074789775,0.0,0.14723197510069097,0.06138325835205205,0.0
2020-06-12 21:30:00,-0.608761429008721,0.7933533402912349,0.0,0.14402489327676027,0.05908860485415818,0.0
2020-06-12 21:45:00,-0.5555702330196022,0.8314696123025452,0.0,0.14365343730809155,0.05858389896174104,0.0
2020-06-12 22:00:00,-0.5000000000000004,0.8660254037844384,0.0,0.14442948514288112,0.05910392522327812,0.0
2020-06-12 22:15:00,-0.4422886902190014,0.8968727415326883,0.0,0.14591351825186738,0.059796351342573606,0.0
2020-06-12 22:30:00,-0.38268343236508956,0.9238795325112868,0.0,0.15017512768372576,0.06380903080857186,0.0
2020-06-12 22:45:00,-0.32143946530316186,0.9469301294951056,0.0,0.14819827495945104,0.0616381890691986,0.0
2020-06-12 23:00:00,-0.2588190451025207,0.9659258262890683,0.0,0.14178698820584246,0.05390523064642039,0.0
2020-06-12 23:15:00,-0.19509032201612872,0.9807852804032303,0.0,0.13464800813802413,0.05035008553216164,0.0
2020-06-12 23:30:00,-0.13052619222005168,0.9914448613738104,0.0,0.11758012225669567,0.03701604672815534,0.0
2020-06-12 23:45:00,-0.06540312923014367,0.9978589232386035,0.0,0.09573429783823761,0.025312380237982268,0.0
2020-06-13 00:00:00,0.0,1.0,0.0,0.09244038856312176,0.02567464635559813,0.0
2020-06-13 00:15:00,0.06540312923014306,0.9978589232386035,0.0,0.08964201422470297,0.02876610530423801,0.0
2020-06-13 00:30:00,0.13052619222005157,0.9914448613738104,0.0,0.08674870237595012,0.030004826197535417,0.0
2020-06-13 00:45:00,0.19509032201612825,0.9807852804032304,0.0,0.08218181900763488,0.029928435298820666,0.0
2020-06-13 01:00:00,0.25881904510252074,0.9659258262890683,0.0,0.08263532705231791,0.03473541979181849,0.0
2020-06-13 01:15:00,0.3214394653031616,0.9469301294951057,0.0,0.0815491760482856,0.032233004706634316,0.0
2020-06-13 01:30:00,0.3826834323650898,0.9238795325112867,0.0,0.08715674112941207,0.02928046834506237,0.0
2020-06-13 01:45:00,0.4422886902190013,0.8968727415326883,0.0,0.09601876862985015,0.028852857612603755,0.0
2020-06-13 02:00:00,0.49999999999999994,0.8660254037844387,0.0,0.10070113234153855,0.03759152108163882,0.0
2020-06-13 02:15:00,0.5555702330196022,0.8314696123025452,0.0,0.09498974324365084,0.03132684860950852,0.0
2020-06-13 02:30:00,0.6087614290087207,0.7933533402912352,0.0,0.09601892186758687,0.03337777829511335,0.0
2020-06-13 02:45:00,0.6593458151000688,0.7518398074789774,0.0,0.09181896594017092,0.03459740005741946,0.0
2020-06-13 03:00:00,0.7071067811865476,0.7071067811865476,0.0,0.09447570821630125,0.037134497623165175,0.0
2020-06-13 03:15:00,0.7518398074789773,0.659345815100069,0.0,0.09435969891421125,0.03587148268024892,0.0
2020-06-13 03:30:00,0.7933533402912352,0.6087614290087207,0.0,0.09245872708093117,0.03596036444719597,0.0
2020-06-13 03:45:00,0.8314696123025452,0.5555702330196023,0.0,0.0910953664458416,0.03687111356117018,0.0
2020-06-13 04:00:00,0.8660254037844386,0.5000000000000001,0.0,0.08730399586256077,0.03504513110469565,0.0
2020-06-13 04:15:00,0.8968727415326884,0.44228869021900125,0.0,0.08678651042147778,0.03395990310073266,0.0
2020-06-13 04:30:00,0.9238795325112867,0.38268343236508984,0.0,0.08759859797677882,0.033453228370719734,0.0
2020-06-13 04:45:00,0.9469301294951057,0.3214394653031615,0.0,0.08805346143809811,0.031073463429874548,0.0
2020-06-13 05:00:00,0.9659258262890683,0.25881904510252074,0.0,0.08738834682521168,0.028407703733560108,0.0
2020-06-13 05:15:00,0.9807852804032304,0.19509032201612833,0.0,0.08435645035753603,0.02582107865178107,0.0
2020-06-13 05:30:00,0.9914448613738104,0.1305261922200517,0.0,0.07459823599526172,0.018182534429593944,0.0
2020-06-13 05:45:00,0.9978589232386035,0.06540312923014305,0.00012404370204168968,0.06203740151927595,0.00814144581557913,0.0
2020-06-13 06:00:00,1.0,6.123233995736766e-17,0.006840420616866255,0.059689393531347834,0.007411919362613595,0.006890588079916636
2020-06-13 06:15:00,0.9978589232386035,-0.06540312923014292,0.021776772604450143,0.055807471306940526,0.012414499834676074,0.026596432272743747
2020-06-13 06:30:00,0.9914448613738105,-0.13052619222005138,0.03578370279493212,0.05056586871778235,0.024619864114682588,0.043848887335093116
2020-06-13 06:45:00,0.9807852804032305,-0.19509032201612797,0.06137064156581828,0.06916845490029999,0.045959528070922184,0.07955513438227908
2020-06-13 07:00:00,0.9659258262890683,-0.25881904510252085,0.13231683350789022,0.11829823725059341,0.0968795199633053,0.13197126062301026
2020-06-13 07:15:00,0.9469301294951057,-0.3214394653031616,0.18510176906538942,0.1638705850169846,0.171567514788885,0.19396164371555516
2020-06-13 07:30:00,0.9238795325112867,-0.3826834323650897,0.22795786766897586,0.21265808427324506,0.24396171115461251,0.24766279606025515
2020-06-13 07:45:00,0.8968727415326884,-0.44228869021900113,0.2792958661648593,0.25737302778968996,0.3056307603468117,0.31522976950600895
2020-06-13 08:00:00,0.8660254037844387,-0.4999999999999998,0.3309796025520135,0.29087871162388534,0.365600408774562,0.3831215238548172
2020-06-13 08:15:00,0.8314696123025451,-0.5555702330196023,0.3913010842223126,0.3219054381298585,0.4169043711095851,0.4608471447488597
2020-06-13 08:30:00,0.7933533402912352,-0.6087614290087207,0.42065780421445437,0.35291872972560934,0.4593289897991477,0.5070855641516485
2020-06-13 08:45:00,0.7518398074789774,-0.6593458151000688,0.4260692515795158,0.3863764892589805,0.49397613675736096,0.5463420601985699
2020-06-13 09:00:00,0.7071067811865476,-0.7071067811865475,0.4829451622761022,0.3990146991747696,0.5292245385910614,0.5829057479539995
2020-06-13 09:15:00,0.6593458151000686,-0.7518398074789776,0.48953491643175545,0.4166705762058789,0.5258540798856672,0.6172482974969313
2020-06-13 09:30:00,0.6087614290087204,-0.7933533402912353,0.5052244797490776,0.4403412133022795,0.5530487673070549,0.5948402665780887
2020-06-13 09:45:00,0.5555702330196022,-0.8314696123025453,0.5489553212970218,0.4583408679762295,0.5763775478862688,0.6407083867872274
2020-06-13 10:00:00,0.49999999999999994,-0.8660254037844387,0.5036245105445397,0.4830387627749757,0.5971442280685834,0.6587273653723752
2020-06-13 10:15:00,0.4422886902190013,-0.8968727415326883,0.6202748920659485,0.49343085433360256,0.5861841085658794,0.7593357337342671
2020-06-13 10:30:00,0.3826834323650899,-0.9238795325112867,0.7072855203040196,0.5137904599215439,0.6816216068720636,0.8521882479491387
2020-06-13 10:45:00,0.32143946530316175,-0.9469301294951056,0.6060496215070436,0.5536280610554771,0.6825872584287082,0.8024427681775511
2020-06-13 11:00:00,0.258819045102521,-0.9659258262890682,0.6685643373452763,0.5525426608522406,0.6635297880410059,0.8112720659551178
2020-06-13 11:15:00,0.19509032201612816,-0.9807852804032304,0.7876787121952369,0.5923856714706415,0.7266633486409194,0.9395958284861412
2020-06-13 11:30:00,0.13052619222005157,-0.9914448613738104,0.7001995778644559,0.6093729914896575,0.7554573087781992,0.919925108687258
2020-06-13 11:45:00,0.06540312923014312,-0.9978589232386035,0.8322233409685507,0.6197898979442626,0.7760718371911156,0.936450644668823
2020-06-13 12:00:00,1.2246467991473532e-16,-1.0,0.7843705809320674,0.6204377511916339,0.768604798411893,0.9551572961973954
2020-06-13 12:15:00,-0.06540312923014287,-0.9978589232386035,0.7279506266534408,0.6378507617973337,0.7485514899682671,0.8014094069573684
2020-06-13 12:30:00,-0.13052619222005132,-0.9914448613738105,0.7208038818391777,0.6092448103666424,0.7041282304038615,0.871953946942213
2020-06-13 12:45:00,-0.19509032201612792,-0.9807852804032305,0.7423131293974712,0.6179694701737852,0.7092942689965686,0.9015654594814386
2020-06-13 13:00:00,-0.25881904510252035,-0.9659258262890684,0.5934601007465427,0.6468738825526723,0.7345607275039429,0.722370923344858
2020-06-13 13:15:00,-0.3214394653031611,-0.9469301294951058,0.49131606873462913,0.4826993565751947,0.46530491676842445,0.6543212885598649
2020-06-13 13:30:00,-0.3826834323650892,-0.923879532511287,0.4397591653419386,0.47200110916167026,0.5299214280450962,0.5706217777349842
2020-06-13 13:45:00,-0.44228869021900147,-0.8968727415326883,0.48912115807003753,0.4010029158557482,0.4451162535527168,0.6159120782295969
2020-06-13 14:00:00,-0.5000000000000001,-0.8660254037844386,0.7350005020797604,0.4220343323533384,0.5511383507480327,0.8994925246447527
2020-06-13 14:15:00,-0.5555702330196023,-0.8314696123025452,0.6652567146830926,0.43261311235709576,0.6347518908058823,0.8209182440993467
2020-06-13 14:30:00,-0.6087614290087207,-0.7933533402912352,0.513200462999341,0.4290374604350178,0.596821745127215,0.6456625948759858
2020-06-13 14:45:00,-0.6593458151000688,-0.7518398074789774,0.6266639441961687,0.4328977453627143,0.5952835949744822,0.7760644295701671
2020-06-13 15:00:00,-0.7071067811865475,-0.7071067811865477,0.6005964585316632,0.48369386884779475,0.6287667328009062,0.7637909727761861
2020-06-13 15:15:00,-0.7518398074789773,-0.6593458151000691,0.6121895306811824,0.5169442541238516,0.6047053111881915,0.7305593208944893
2020-06-13 15:30:00,-0.7933533402912349,-0.6087614290087209,0.46412036037959675,0.5193448675369499,0.5927459025385201,0.5596820910532461
2020-06-13 15:45:00,-0.8314696123025448,-0.555570233019603,0.33047469909709026,0.4833990682939129,0.47264702828190697,0.42639050075674684
2020-06-13 16:00:00,-0.8660254037844385,-0.5000000000000004,0.3761324951843753,0.4890402334738364,0.4684075699651087,0.4966454439086103
2020-06-13 16:15:00,-0.8968727415326883,-0.44228869021900136,0.1800176244429966,0.4787140142661366,0.4172999886329162,0.21903386969126684
2020-06-13 16:30:00,-0.9238795325112868,-0.3826834323650895,0.20764805730767463,0.432255645903848,0.32195726032440297,0.27592094533682354
2020-06-13 16:45:00,-0.9469301294951056,-0.3214394653031618,0.12213122105159284,0.41351731609158393,0.2941733954398654,0.15437295959222816
2020-06-13 17:00:00,-0.9659258262890683,-0.25881904510252063,0.09380571312469448,0.39731357499714814,0.24618452317495054,0.12081073248142377
2020-06-13 17:15:00,-0.9807852804032303,-0.19509032201612866,0.10265488519405061,0.37958004426189285,0.23301111520062123,0.130332481989401
2020-06-13 17:30:00,-0.9914448613738104,-0.13052619222005163,0.07274686071635125,0.3726526758915758,0.21739030849509566,0.09131707768613082
2020-06-13 17:45:00,-0.9978589232386035,-0.06540312923014362,0.05688541836990469,0.34845087704634614,0.1917828304403888,0.06937498222964274
2020-06-13 18:00:00,-1.0,-1.8369701987210297e-16,0.0376234610280078,0.33700853667493225,0.1738608640323226,0.04388705820122467
2020-06-13 18:15:00,-0.9978589232386036,0.06540312923014237,0.018365958131104584,0.32450424211521933,0.15071826858936765,0.021123542429078625
2020-06-13 18:30:00,-0.9914448613738104,0.13052619222005213,0.005959530832398528,0.2971281068758045,0.123411139446575,0.005085446589661902
2020-06-13 18:45:00,-0.9807852804032304,0.1950903220161283,0.00010235056384883184,0.2675515963466566,0.09495270579973564,0.0
2020-06-13 19:00:00,-0.9659258262890682,0.25881904510252113,0.0,0.2503867526532808,0.07815824125188897,0.0
2020-06-13 19:15:00,-0.9469301294951057,0.3214394653031615,0.0,0.24251156207418378,0.0803251762549474,0.0
2020-06-13 19:30:00,-0.9238795325112866,0.38268343236509,0.0,0.24018243566834774,0.08673044904503951,0.0
2020-06-13 19:45:00,-0.8968727415326884,0.442288690219001,0.0,0.23375798970421058,0.08615024948132644,0.0
2020-06-13 20:00:00,-0.8660254037844386,0.5000000000000001,0.0,0.22655162093714587,0.08098592940257754,0.0
2020-06-13 20:15:00,-0.8314696123025455,0.5555702330196018,0.0,0.22302166976579918,0.08596364847835075,0.0
2020-06-13 20:30:00,-0.7933533402912352,0.6087614290087205,0.0,0.2219518574950492,0.09567247063536044,0.0
2020-06-13 20:45:00,-0.7518398074789777,0.6593458151000684,0.0,0.2073852756844956,0.08188513269036535,0.0
2020-06-13 21:00:00,-0.7071067811865477,0.7071067811865474,0.0,0.18883569885925855,0.06696821355156746,0.0
2020-06-13 21:15:00,-0.6593458151000687,0.7518398074789775,0.0,0.17854784422577197,0.06045169862469091,0.0
2020-06-13 21:30:00,-0.608761429008721,0.7933533402912349,0.0,0.16659555142655158,0.05203219528177844,0.0
2020-06-13 21:45:00,-0.5555702330196022,0.8314696123025452,0.0,0.16503755386002728,0.05115118686600029,0.0
2020-06-13 22:00:00,-0.5000000000000004,0.8660254037844384,0.0,0.1549910172455271,0.04569803831195679,0.0
2020-06-13 22:15:00,-0.4422886902190014,0.8968727415326883,0.0,0.14642784949609844,0.04356277065531333,0.0
2020-06-13 22:30:00,-0.38268343236508956,0.9238795325112868,0.0,0.13809033200849075,0.03952063145227974,0.0
2020-06-13 22:45:00,-0.32143946530316186,0.9469301294951056,0.0,0.125723079431737,0.035570211151349174,0.0
2020-06-13 23:00:00,-0.2588190451025207,0.9659258262890683,0.0,0.12310934694908893,0.03560681887381678,0.0
2020-06-13 23:15:00,-0.19509032201612872,0.9807852804032303,0.0,0.13031532076031227,0.04620630076885951,0.0
2020-06-13 23:30:00,-0.13052619222005168,0.9914448613738104,0.0,0.1237977504922032,0.03949030884203286,0.0
2020-06-13 23:45:00,-0.06540312923014367,0.9978589232386035,0.0,0.12161887336700983,0.048914293437915035,0.0
2020-06-14 00:00:00,0.0,1.0,0.0,0.12864705870393434,0.06634767109920503,0.0
2020-06-14 00:15:00,0.06540312923014306,0.9978589232386035,0.0,0.12691030771418088,0.056366789538867756,0.0
2020-06-14 00:30:00,0.13052619222005157,0.9914448613738104,0.0,0.1359067195807555,0.05697707294104387,0.0
2020-06-14 00:45:00,0.19509032201612825,0.9807852804032304,0.0,0.13795210066987385,0.055663896335576835,0.0
2020-06-14 01:00:00,0.25881904510252074,0.9659258262890683,0.0,0.1306851206073285,0.04801518156044432,0.0
2020-06-14 01:15:00,0.3214394653031616,0.9469301294951057,0.0,0.1297841500352146,0.048868889230332224,0.0
2020-06-14 01:30:00,0.3826834323650898,0.9238795325112867,0.0,0.1477517639165462,0.06575601290068472,0.0
2020-06-14 01:45:00,0.4422886902190013,0.8968727415326883,0.0,0.16377032906719835,0.07541814809214725,0.0
2020-06-14 02:00:00,0.49999999999999994,0.8660254037844387,0.0,0.16178758791038161,0.07727324312735445,0.0
2020-06-14 02:15:00,0.5555702330196022,0.8314696123025452,0.0,0.15234988021325924,0.07647601297021278,0.0
2020-06-14 02:30:00,0.6087614290087207,0.7933533402912352,0.0,0.14126377045518335,0.06146665128104484,0.0
2020-06-14 02:45:00,0.6593458151000688,0.7518398074789774,0.0,0.13563319919630623,0.05524626640431801,0.0
2020-06-14 03:00:00,0.7071067811865476,0.7071067811865476,0.0,0.12811672886290415,0.058476894145176206,0.0
2020-06-14 03:15:00,0.7518398074789773,0.659345815100069,0.0,0.1208541850007896,0.04703558922730999,0.0
2020-06-14 03:30:00,0.7933533402912352,0.6087614290087207,0.0,0.11967352734734171,0.04297532014399752,0.0
2020-06-14 03:45:00,0.8314696123025452,0.5555702330196023,0.0,0.12022030780443638,0.04606321549658915,0.0
2020-06-14 04:00:00,0.8660254037844386,0.5000000000000001,0.0,0.1236950170921407,0.052371840861731744,0.0
2020-06-14 04:15:00,0.8968727415326884,0.44228869021900125,0.0,0.12748435358872312,0.05171142804174306,0.0
2020-06-14 04:30:00,0.9238795325112867,0.38268343236508984,0.0,0.12493552850807221,0.04728417044321015,0.0
2020-06-14 04:45:00,0.9469301294951057,0.3214394653031615,0.0,0.12056285121027432,0.04674676075201528,0.0
2020-06-14 05:00:00,0.9659258262890683,0.25881904510252074,0.0,0.12799891821595089,0.05835712121590114,0.0
2020-06-14 05:15:00,0.9807852804032304,0.19509032201612833,0.0,0.13739635259934824,0.0670397149023837,0.0
2020-06-14 05:30:00,0.9914448613738104,0.1305261922200517,0.0,0.13752936423747286,0.06387160327998959,0.0
2020-06-14 05:45:00,0.9978589232386035,0.06540312923014305,0.00041574354760107125,0.14301956011173833,0.06983023682361311,0.0
2020-06-14 06:00:00,1.0,6.123233995736766e-17,0.005824238489943535,0.1452723927182007,0.07292937423887652,0.00356649699457627
2020-06-14 06:15:00,0.9978589232386035,-0.06540312923014292,0.01978626622029903,0.1460662539590567,0.08031474704094016,0.02360267748067411
2020-06-14 06:30:00,0.9914448613738105,-0.13052619222005138,0.039918831484651515,0.15199048386215175,0.09531488613228478,0.04888517176004206
2020-06-14 06:45:00,0.9807852804032305,-0.19509032201612797,0.06305136301871749,0.16941734036296685,0.12330315995494923,0.07953452569580818
2020-06-14 07:00:00,0.9659258262890683,-0.25881904510252085,0.1204780945855621,0.18915509695517385,0.15744336498376188,0.14473209786524713
2020-06-14 07:15:00,0.9469301294951057,-0.3214394653031616,0.18460394037958772,0.21602461156553043,0.20956314541229926,0.23556991911124697
2020-06-14 07:30:00,0.9238795325112867,-0.3826834323650897,0.17978877473640503,0.21466138108634314,0.2087420079414951,0.23550277662220928
2020-06-14 07:45:00,0.8968727415326884,-0.44228869021900113,0.25148238262900485,0.22586391882534684,0.2557355354648444,0.3160403777348231
2020-06-14 08:00:00,0.8660254037844387,-0.4999999999999998,0.24398527683094345,0.2363705059023926,0.28459684280606456,0.31101884792909873
2020-06-14 08:15:00,0.8314696123025451,-0.5555702330196023,0.2003335516588558,0.2265383360588502,0.21609802818763157,0.26311184195464143
2020-06-14 08:30:00,0.7933533402912352,-0.6087614290087207,0.27450928036555183,0.23585101041818968,0.2439055527743682,0.35695811288813734
2020-06-14 08:45:00,0.7518398074789774,-0.6593458151000688,0.3126670169646859,0.25121635739776704,0.3146828666786732,0.39840068251370603
2020-06-14 09:00:00,0.7071067811865476,-0.7071067811865475,0.3502096923118472,0.2777003008562655,0.3673094230917283,0.4437623667109486
2020-06-14 09:15:00,0.6593458151000686,-0.7518398074789776,0.4636611144265067,0.3160959823301066,0.43036826489857094,0.5972197631255411
2020-06-14 09:30:00,0.6087614290087204,-0.7933533402912353,0.45627434214386114,0.3641974253376259,0.4874572564127443,0.5913147480140943
2020-06-14 09:45:00,0.5555702330196022,-0.8314696123025453,0.468453634228807,0.38504393069137155,0.5131894926743304,0.6045688794869343
2020-06-14 10:00:00,0.49999999999999994,-0.8660254037844387,0.4793801799921893,0.40096101591382705,0.5302100109179461,0.6239676841587052
2020-06-14 10:15:00,0.4422886902190013,-0.8968727415326883,0.4329577400548764,0.3835352397711158,0.48186209419660764,0.5708438139049598
2020-06-14 10:30:00,0.3826834323650899,-0.9238795325112867,0.58897731348741,0.40134382109247224,0.4384968288910236,0.7788021587771197
2020-06-14 10:45:00,0.32143946530316175,-0.9469301294951056,0.6819005733422893,0.4130110814420975,0.5144584774140994,0.8399330701659126
2020-06-14 11:00:00,0.258819045102521,-0.9659258262890682,0.524422178938629,0.44988368752442076,0.6145894890710762,0.6701793421603517
2020-06-14 11:15:00,0.19509032201612816,-0.9807852804032304,0.5322413002587201,0.44097277013306524,0.5444296182066841,0.6366056458671157
2020-06-14 11:30:00,0.13052619222005157,-0.9914448613738104,0.5420139726988337,0.4341304474245129,0.5883528450553379,0.6464859864670334
2020-06-14 11:45:00,0.06540312923014312,-0.9978589232386035,0.3489001992095106,0.37192292765290014,0.42919408672059955,0.42375802514938615
2020-06-14 12:00:00,1.2246467991473532e-16,-1.0,0.40275271427401027,0.3244773748594232,0.4150487391643297,0.4971530746172529
2020-06-14 12:15:00,-0.06540312923014287,-0.9978589232386035,0.3869880517022587,0.3052417520440385,0.38954385763854016,0.47560134944909366
2020-06-14 12:30:00,-0.13052619222005132,-0.9914448613738105,0.37240185674939996,0.3060991652702545,0.36861735987701627,0.4647621375632353
2020-06-14 12:45:00,-0.19509032201612792,-0.9807852804032305,0.42505468756655085,0.3388018275809588,0.4011489458366073,0.5263238600410117
2020-06-14 13:00:00,-0.25881904510252035,-0.9659258262890684,0.47164037848055307,0.33535997592636435,0.3510212465379383,0.5855074001377568
2020-06-14 13:15:00,-0.3214394653031611,-0.9469301294951058,0.6011277304608176,0.3702958801361802,0.5109951795781906,0.7281786296536356
2020-06-14 13:30:00,-0.3826834323650892,-0.923879532511287,0.5957208801501586,0.4195294730388308,0.5869632676065173,0.6905437682048587
2020-06-14 13:45:00,-0.44228869021900147,-0.8968727415326883,0.7421221546387435,0.4477182613385007,0.6290397290093063,0.791134932769687
2020-06-14 14:00:00,-0.5000000000000001,-0.8660254037844386,1.0,0.5015766884028967,0.8700644323057268,0.957065600624837
2020-06-14 14:15:00,-0.5555702330196023,-0.8314696123025452,0.7452935650073396,0.5267152186352464,0.8534116016151289,0.8151451843441166
2020-06-14 14:30:00,-0.6087614290087207,-0.7933533402912352,0.46160324335066816,0.4833762345887611,0.6603452115119633,0.5819087058059415
2020-06-14 14:45:00,-0.6593458151000688,-0.7518398074789774,0.36818460177009393,0.4515718185524933,0.5223558084624954,0.47376454824413433
2020-06-14 15:00:00,-0.7071067811865475,-0.7071067811865477,0.4804469982738179,0.4410594629402136,0.4996163164451243,0.6327726696266629
2020-06-14 15:15:00,-0.7518398074789773,-0.6593458151000691,0.5807542636656375,0.4719414192160982,0.628650215585678,0.7319835303064538
2020-06-14 15:30:00,-0.7933533402912349,-0.6087614290087209,0.3767530691518292,0.474677062897781,0.5383805165755365,0.4881018601895631
2020-06-14 15:45:00,-0.8314696123025448,-0.555570233019603,0.3341599494546664,0.4502992528795384,0.4378125059447473,0.43286861647704816
2020-06-14 16:00:00,-0.8660254037844385,-0.5000000000000004,0.32813279475690443,0.4479406932872614,0.4238859022724176,0.42786751615629337
2020-06-14 16:15:00,-0.8968727415326883,-0.44228869021900136,0.2335872696562097,0.43162106407036904,0.37474264427261883,0.30426642763466927
2020-06-14 16:30:00,-0.9238795325112868,-0.3826834323650895,0.1630790782876922,0.40561857915568345,0.30834728280384915,0.21109002852592243
2020-06-14 16:45:00,-0.9469301294951056,-0.3214394653031618,0.12644081766950985,0.37940787942019694,0.2577427446003636,0.16159842385018378
2020-06-14 17:00:00,-0.9659258262890683,-0.25881904510252063,0.10116898973350161,0.3762082030182896,0.2321771915359454,0.12969397120179127
2020-06-14 17:15:00,-0.9807852804032303,-0.19509032201612866,0.09183902181798362,0.36670885079299365,0.2217666238271515,0.12245345365109347
2020-06-14 17:30:00,-0.9914448613738104,-0.13052619222005163,0.058345356353217824,0.3548955824498836,0.20790126225454986,0.07504063793548595
2020-06-14 17:45:00,-0.9978589232386035,-0.06540312923014362,0.03511474231962988,0.34592410665892004,0.1791703921117126,0.04250956183280147
2020-06-14 18:00:00,-1.0,-1.8369701987210297e-16,0.02436629749674941,0.3303415054349583,0.15109435594690568,0.02876978224607322
2020-06-14 18:15:00,-0.9978589232386036,0.06540312923014237,0.015580278499094696,0.3189446282637245,0.13886332505621368,0.01840875155788615
2020-06-14 18:30:00,-0.9914448613738104,0.13052619222005213,0.005528855130395387,0.3133217092742704,0.13446382806778057,0.004653142113487825
2020-06-14 18:45:00,-0.9807852804032304,0.1950903220161283,0.00037286662582542535,0.30254772747528613,0.1251418461351086,0.0
2020-06-14 19:00:00,-0.9659258262890682,0.25881904510252113,0.0,0.28983872557193013,0.11441340537754513,0.0
2020-06-14 19:15:00,-0.9469301294951057,0.3214394653031615,0.0,0.27901462413316014,0.10445278174975525,0.0
2020-06-14 19:30:00,-0.9238795325112866,0.38268343236509,0.0,0.2692940921486464,0.0976885954912104,0.0
2020-06-14 19:45:00,-0.8968727415326884,0.442288690219001,0.0,0.2592304377889365,0.09740113817066975,0.0
2020-06-14 20:00:00,-0.8660254037844386,0.5000000000000001,0.0,0.2475164694229517,0.09537861740525871,0.0
2020-06-14 20:15:00,-0.8314696123025455,0.5555702330196018,0.0,0.23885824298355618,0.09262114503479713,0.0
2020-06-14 20:30:00,-0.7933533402912352,0.6087614290087205,0.0,0.23317000368372587,0.09026172381156622,0.0
2020-06-14 20:45:00,-0.7518398074789777,0.6593458151000684,0.0,0.23147488014201034,0.0942121219128485,0.0
2020-06-14 21:00:00,-0.7071067811865477,0.7071067811865474,0.0,0.23392155175369966,0.10486403887515972,0.0
2020-06-14 21:15:00,-0.6593458151000687,0.7518398074789775,0.0,0.2370912285024689,0.1085432696775373,0.0
2020-06-14 21:30:00,-0.608761429008721,0.7933533402912349,0.0,0.2332294355615605,0.10217692221302527,0.0
2020-06-14 21:45:00,-0.5555702330196022,0.8314696123025452,0.0,0.22746670220431464,0.08884639818593126,0.0
2020-06-14 22:00:00,-0.5000000000000004,0.8660254037844384,0.0,0.2189733743167639,0.08139407365511175,0.0
2020-06-14 22:15:00,-0.4422886902190014,0.8968727415326883,0.0,0.21886570845682018,0.09081290552174326,0.0
2020-06-14 22:30:00,-0.38268343236508956,0.9238795325112868,0.0,0.2160302172455948,0.08120807053587947,0.0
2020-06-14 22:45:00,-0.32143946530316186,0.9469301294951056,0.0,0.21031102328170848,0.06919518685079518,0.0
2020-06-14 23:00:00,-0.2588190451025207,0.9659258262890683,0.0,0.2011620507451921,0.06352835050829836,0.0
2020-06-14 23:15:00,-0.19509032201612872,0.9807852804032303,0.0,0.19742694886662426,0.07024550545561886,0.0
2020-06-14 23:30:00,-0.13052619222005168,0.9914448613738104,0.0,0.20509301802173985,0.09102515475289019,0.0
2020-06-14 23:45:00,-0.06540312923014367,0.9978589232386035,0.0,0.20328886999763207,0.09086389419653529,0.0
2020-06-15 00:00:00,0.0,1.0,0.0,0.19998823300881252,0.09604847080151913,0.0
2020-06-15 00:15:00,0.06540312923014306,0.9978589232386035,0.0,0.18794334999363316,0.09291430776542747,0.0
2020-06-15 00:30:00,0.13052619222005157,0.9914448613738104,0.0,0.18266040270891404,0.08804839596318931,0.0
2020-06-15 00:45:00,0.19509032201612825,0.9807852804032304,0.0,0.1776974055606615,0.08375795429549698,0.0
2020-06-15 01:00:00,0.25881904510252074,0.9659258262890683,0.0,0.1760385910275306,0.0876014529532061,0.0
2020-06-15 01:15:00,0.3214394653031616,0.9469301294951057,0.0,0.17559043732737667,0.0905517560904196,0.0
2020-06-15 01:30:00,0.3826834323650898,0.9238795325112867,0.0,0.14499954555393524,0.07129169653305417,0.0
2020-06-15 01:45:00,0.4422886902190013,0.8968727415326883,0.0,0.11866205345249914,0.06458947491754463,0.0
2020-06-15 02:00:00,0.49999999999999994,0.8660254037844387,0.0,0.11223950693102402,0.06390645029912156,0.0
2020-06-15 02:15:00,0.5555702330196022,0.8314696123025452,0.0,0.11125333810056981,0.05985094439647831,0.0
2020-06-15 02:30:00,0.6087614290087207,0.7933533402912352,0.0,0.11212828198037439,0.05545853522338984,0.0
2020-06-15 02:45:00,0.6593458151000688,0.7518398074789774,0.0,0.1167544850231601,0.057931081635934245,0.0
2020-06-15 03:00:00,0.7071067811865476,0.7071067811865476,0.0,0.11717279711662898,0.05557020628550763,0.0
2020-06-15 03:15:00,0.7518398074789773,0.659345815100069,0.0,0.11465821201453075,0.06056427113316498,0.0
2020-06-15 03:30:00,0.7933533402912352,0.6087614290087207,0.0,0.11676832194200659,0.07009468968316024,0.0
2020-06-15 03:45:00,0.8314696123025452,0.5555702330196023,0.0,0.12022245762089057,0.07312190425564041,0.0
2020-06-15 04:00:00,0.8660254037844386,0.5000000000000001,0.0,0.1191763362889926,0.0712839252498012,0.0
2020-06-15 04:15:00,0.8968727415326884,0.44228869021900125,0.0,0.08601484300601792,0.056220015508730736,0.0
2020-06-15 04:30:00,0.9238795325112867,0.38268343236508984,0.0,0.08054042292472907,0.0495603703075817,0.0
2020-06-15 04:45:00,0.9469301294951057,0.3214394653031615,0.0,0.07895667244210314,0.04376100728757781,0.0
2020-06-15 05:00:00,0.9659258262890683,0.25881904510252074,0.0,0.07474301872801181,0.041044856599312896,0.0
2020-06-15 05:15:00,0.9807852804032304,0.19509032201612833,0.0,0.06905900725093583,0.03630859978431694,0.0
2020-06-15 05:30:00,0.9914448613738104,0.1305261922200517,0.0,0.06959086017248661,0.03557578296174496,0.0
2020-06-15 05:45:00,0.9978589232386035,0.06540312923014305,0.00045214537745794857,0.07173385466187865,0.041798229492697014,0.0
2020-06-15 06:00:00,1.0,6.123233995736766e-17,0.007928968873657821,0.07617678024179875,0.04754772326271334,0.007025350951041538
2020-06-15 06:15:00,0.9978589232386035,-0.06540312923014292,0.027266646693657456,0.08480292517478327,0.056959643605325794,0.03368086145110959
2020-06-15 06:30:00,0.9914448613738105,-0.13052619222005138,0.05558775946297018,0.10493176466866783,0.08554910429821977,0.07105223040959145
2020-06-15 06:45:00,0.9807852804032305,-0.19509032201612797,0.08406979038004912,0.12884690187145753,0.12433557479446478,0.10786567152564996
2020-06-15 07:00:00,0.9659258262890683,-0.25881904510252085,0.1274784561233722,0.15783143642849784,0.16166328570140032,0.15392482526326795
2020-06-15 07:15:00,0.9469301294951057,-0.3214394653031616,0.13115778228512964,0.19343956445634203,0.20141114381458203,0.15863274466080204
2020-06-15 07:30:00,0.9238795325112867,-0.3826834323650897,0.10914571542114802,0.2060004079085973,0.19842028262289624,0.14140137616462575
2020-06-15 07:45:00,0.8968727415326884,-0.44228869021900113,0.2162672369007783,0.23147763585662928,0.24754135604192895,0.2711001261868549
2020-06-15 08:00:00,0.8660254037844387,-0.4999999999999998,0.37546941592639343,0.2746074465450048,0.3629113478853021,0.4604496062185005
2020-06-15 08:15:00,0.8314696123025451,-0.5555702330196023,0.4390429816782986,0.32709799791094407,0.47508077623835465,0.5557222370013787
2020-06-15 08:30:00,0.7933533402912352,-0.6087614290087207,0.47358509195682386,0.37218019906675837,0.5158518930917227,0.5567821207000804
2020-06-15 08:45:00,0.7518398074789774,-0.6593458151000688,0.4373413119221631,0.3815840142951752,0.5124272867317043,0.5421423688513611
2020-06-15 09:00:00,0.7071067811865476,-0.7071067811865475,0.4689856657851844,0.39005980704100196,0.5095296035918622,0.5883119134514846
2020-06-15 09:15:00,0.6593458151000686,-0.7518398074789776,0.5430764570748381,0.40452105682158335,0.5457713739966169,0.6544294692133183
2020-06-15 09:30:00,0.6087614290087204,-0.7933533402912353,0.5262148233317995,0.4033291563910639,0.530111169444488,0.6551670808788235
2020-06-15 09:45:00,0.5555702330196022,-0.8314696123025453,0.5276293485404736,0.43137768150948563,0.5654618087955974,0.6430083158857421
2020-06-15 10:00:00,0.49999999999999994,-0.8660254037844387,0.5051610334132456,0.44130944305889974,0.5423509532246056,0.6414725209245612
2020-06-15 10:15:00,0.4422886902190013,-0.8968727415326883,0.7274873675548051,0.4821186054276201,0.642116270173925,0.8707232203576624
2020-06-15 10:30:00,0.3826834323650899,-0.9238795325112867,0.5567660217782613,0.5151334130087919,0.6742766599310909,0.7188643408714837
2020-06-15 10:45:00,0.32143946530316175,-0.9469301294951056,0.7046564548112206,0.496822612315476,0.5887921080919342,0.7901555124989955
2020-06-15 11:00:00,0.258819045102521,-0.9659258262890682,0.5752441138753894,0.5646197327684792,0.6858111906149768,0.758128602497435
2020-06-15 11:15:00,0.19509032201612816,-0.9807852804032304,0.4695418471570325,0.5367809067610736,0.5950068214105236,0.5743098958274544
2020-06-15 11:30:00,0.13052619222005157,-0.9914448613738104,0.5214977827534573,0.5370244284541283,0.5818700197523496,0.6070547646259943
2020-06-15 11:45:00,0.06540312923014312,-0.9978589232386035,0.5435737520570304,0.538662700795381,0.5556058682627733,0.6504401656324157
2020-06-15 12:00:00,1.2246467991473532e-16,-1.0,0.6094057637599608,0.5522281772636675,0.5603492958655555,0.7051356123427277
2020-06-15 12:15:00,-0.06540312923014287,-0.9978589232386035,0.35427221035265266,0.5690831915640087,0.5493847506971985,0.45434531409073897
2020-06-15 12:30:00,-0.13052619222005132,-0.9914448613738105,0.31939595425487743,0.5485255605030406,0.4559048844882069,0.4219610673920248
2020-06-15 12:45:00,-0.19509032201612792,-0.9807852804032305,0.37265218720770615,0.5637627234743738,0.48951917643107146,0.4820845426807453
2020-06-15 13:00:00,-0.25881904510252035,-0.9659258262890684,0.5995227198776408,0.58113787185635,0.5751239568447749,0.7446035116682606
2020-06-15 13:15:00,-0.3214394653031611,-0.9469301294951058,0.34985805584970336,0.5862994064455507,0.5772065044549533,0.4327751904488407
2020-06-15 13:30:00,-0.3826834323650892,-0.923879532511287,0.20086912595943787,0.5398756775057911,0.4408157286239087,0.26153166366142877
2020-06-15 13:45:00,-0.44228869021900147,-0.8968727415326883,0.1850727335153429,0.5021144252688543,0.3504576991213473,0.2501654668291013
2020-06-15 14:00:00,-0.5000000000000001,-0.8660254037844386,0.22022890187639213,0.4577032835807313,0.3345312824126483,0.29709245522463595
2020-06-15 14:15:00,-0.5555702330196023,-0.8314696123025452,0.34641276003037136,0.42757616421570876,0.3501915207162788,0.4542021882831454
2020-06-15 14:30:00,-0.6087614290087207,-0.7933533402912352,0.5337501316591687,0.48559155536657683,0.536382405177375,0.739751809336435
2020-06-15 14:45:00,-0.6593458151000688,-0.7518398074789774,0.3906813718127669,0.5002311277094693,0.5316361101032658,0.5099627156129709
2020-06-15 15:00:00,-0.7071067811865475,-0.7071067811865477,0.3465099535695867,0.5073084895367603,0.48991353460149756,0.4747592009719378
2020-06-15 15:15:00,-0.7518398074789773,-0.6593458151000691,0.36933086124149805,0.5237890408182775,0.47961790481891786,0.4642553431523509
2020-06-15 15:30:00,-0.7933533402912349,-0.6087614290087209,0.3128646784153271,0.5049104535952231,0.42759169068494374,0.39260504276583974
2020-06-15 15:45:00,-0.8314696123025448,-0.555570233019603,0.36859299035316534,0.523061608457035,0.46777682049612523,0.462602228037357
2020-06-15 16:00:00,-0.8660254037844385,-0.5000000000000004,0.10245890186160342,0.4945045328116948,0.34575297886569734,0.1327777471112519
2020-06-15 16:15:00,-0.8968727415326883,-0.44228869021900136,0.13334865994036035,0.4664743731398897,0.2838063038841232,0.1816448788132692
2020-06-15 16:30:00,-0.9238795325112868,-0.3826834323650895,0.19521943886937299,0.4678144627972889,0.3151453016279099,0.25674716359696553
2020-06-15 16:45:00,-0.9469301294951056,-0.3214394653031618,0.22632569234386943,0.45586395627562326,0.3313899949970853,0.29885757404608826
2020-06-15 17:00:00,-0.9659258262890683,-0.25881904510252063,0.1586195924221225,0.46139398434410306,0.32718192105652333,0.20538757587360465
2020-06-15 17:15:00,-0.9807852804032303,-0.19509032201612866,0.12816342050359494,0.44213246370998727,0.2837985354134954,0.16716264898836564
2020-06-15 17:30:00,-0.9914448613738104,-0.13052619222005163,0.08324110758516859,0.42724114292339266,0.24782048799206458,0.10590014071593826
2020-06-15 17:45:00,-0.9978589232386035,-0.06540312923014362,0.0703657080653153,0.4269652797327026,0.22963765120526847,0.09070980847267612
2020-06-15 18:00:00,-1.0,-1.8369701987210297e-16,0.03179838397166476,0.40609625772845437,0.19993783471634163,0.03930804761362396
2020-06-15 18:15:00,-0.9978589232386036,0.06540312923014237,0.014948759241974294,0.39959969160950304,0.1795638136779686,0.017375569545895128
2020-06-15 18:30:00,-0.9914448613738104,0.13052619222005213,0.003316630427664014,0.380520057116539,0.16380348248359577,0.0012935682508370982
2020-06-15 18:45:00,-0.9807852804032304,0.1950903220161283,0.0001579859219792609,0.3336948735167158,0.14541824356670752,0.0
2020-06-15 19:00:00,-0.9659258262890682,0.25881904510252113,1.642879869696864e-05,0.1913584972475999,0.08122463267899743,0.0
2020-06-15 19:15:00,-0.9469301294951057,0.3214394653031615,0.0,0.15950832019136474,0.0640044745040757,0.0
2020-06-15 19:30:00,-0.9238795325112866,0.38268343236509,0.0,0.17432034910469918,0.07656386250373465,0.0
2020-06-15 19:45:00,-0.8968727415326884,0.442288690219001,0.0,0.18867751455671455,0.08413163685854291,0.0
2020-06-15 20:00:00,-0.8660254037844386,0.5000000000000001,0.0,0.20047159612458376,0.09172623100034288,0.0
2020-06-15 20:15:00,-0.8314696123025455,0.5555702330196018,0.0,0.20189959327069174,0.09096997406123386,0.0
2020-06-15 20:30:00,-0.7933533402912352,0.6087614290087205,0.0,0.20069128582312867,0.08411005136693084,0.0
2020-06-15 20:45:00,-0.7518398074789777,0.6593458151000684,0.0,0.19516220923917582,0.0765424499885684,0.0
2020-06-15 21:00:00,-0.7071067811865477,0.7071067811865474,0.0,0.18554505245796737,0.06813002180418731,0.0
2020-06-15 21:15:00,-0.6593458151000687,0.7518398074789775,0.0,0.1768217794844038,0.062390268155019524,0.0
2020-06-15 21:30:00,-0.608761429008721,0.7933533402912349,0.0,0.1752582839530441,0.06354663538431249,0.0
2020-06-15 21:45:00,-0.5555702330196022,0.8314696123025452,0.0,0.17307901187200914,0.06183316164999181,0.0
2020-06-15 22:00:00,-0.5000000000000004,0.8660254037844384,0.0,0.17345909852343566,0.06136390327217345,0.0
2020-06-15 22:15:00,-0.4422886902190014,0.8968727415326883,0.0,0.18451547887818998,0.07724817701213565,0.0
2020-06-15 22:30:00,-0.38268343236508956,0.9238795325112868,0.0,0.20720475393624982,0.09516076974422799,0.0
2020-06-15 22:45:00,-0.32143946530316186,0.9469301294951056,0.0,0.21639500480805252,0.09996577083424996,0.0
2020-06-15 23:00:00,-0.2588190451025207,0.9659258262890683,0.0,0.2167999861801364,0.09971677947733426,0.0
2020-06-15 23:15:00,-0.19509032201612872,0.9807852804032303,0.0,0.21573149598559493,0.1012695229355891,0.0
2020-06-15 23:30:00,-0.13052619222005168,0.9914448613738104,0.0,0.2176215077942807,0.10414051707550837,0.0
2020-06-15 23:45:00,-0.06540312923014367,0.9978589232386035,0.0,0.21830550847739327,0.10359328007208585,0.0
2020-06-16 00:00:00,0.0,1.0,0.0,0.18207514098610766,0.08308085417057182,0.0
2020-06-16 00:15:00,0.06540312923014306,0.9978589232386035,0.0,0.16529913580654898,0.07460284822481439,0.0
2020-06-16 00:30:00,0.13052619222005157,0.9914448613738104,0.0,0.15502759105405106,0.0668831850810579,0.0
2020-06-16 00:45:00,0.19509032201612825,0.9807852804032304,0.0,0.14958520727724656,0.057886791227905465,0.0
2020-06-16 01:00:00,0.25881904510252074,0.9659258262890683,0.0,0.14725073550314938,0.053933252830657974,0.0
2020-06-16 01:15:00,0.3214394653031616,0.9469301294951057,0.0,0.15190674809451576,0.057838609553000075,0.0
2020-06-16 01:30:00,0.3826834323650898,0.9238795325112867,0.0,0.15762708717387675,0.07037477089427963,0.0
2020-06-16 01:45:00,0.4422886902190013,0.8968727415326883,0.0,0.15679911611037034,0.07263633245112677,0.0
2020-06-16 02:00:00,0.49999999999999994,0.8660254037844387,0.0,0.15222497542847302,0.07263809877971272,0.0
2020-06-16 02:15:00,0.5555702330196022,0.8314696123025452,0.0,0.14887557485766623,0.0761275230905169,0.0
2020-06-16 02:30:00,0.6087614290087207,0.7933533402912352,0.0,0.14693830748020464,0.07843544233486838,0.0
2020-06-16 02:45:00,0.6593458151000688,0.7518398074789774,0.0,0.14468329812848046,0.07447555303006198,0.0
2020-06-16 03:00:00,0.7071067811865476,0.7071067811865476,0.0,0.1414575725935907,0.06858130047581906,0.0
2020-06-16 03:15:00,0.7518398074789773,0.659345815100069,0.0,0.13865413563938866,0.06415661642928633,0.0
2020-06-16 03:30:00,0.7933533402912352,0.6087614290087207,0.0,0.13472945816284487,0.06010514192252209,0.0
2020-06-16 03:45:00,0.8314696123025452,0.5555702330196023,0.0,0.13708914107108594,0.06162574320296832,0.0
2020-06-16 04:00:00,0.8660254037844386,0.5000000000000001,0.0,0.14446577619892786,0.06967886415137742,0.0
2020-06-16 04:15:00,0.8968727415326884,0.44228869021900125,0.0,0.14614952680767046,0.07125766376889914,0.0
2020-06-16 04:30:00,0.9238795325112867,0.38268343236508984,0.0,0.14758288438934763,0.07620357788052767,0.0
2020-06-16 04:45:00,0.9469301294951057,0.3214394653031615,0.0,0.15174994677857812,0.08257172261250195,0.0
2020-06-16 05:00:00,0.9659258262890683,0.25881904510252074,0.0,0.15441985724150564,0.08411554020488526,0.0
2020-06-16 05:15:00,0.9807852804032304,0.19509032201612833,0.0,0.15463984315693158,0.07993510452522945,0.0
2020-06-16 05:30:00,0.9914448613738104,0.1305261922200517,0.0,0.1462688259123921,0.07272109653487369,0.0
2020-06-16 05:45:00,0.9978589232386035,0.06540312923014305,3.675688480521103e-05,0.13830829345464957,0.07025224169282135,0.0
2020-06-16 06:00:00,1.0,6.123233995736766e-17,0.0031530094154975747,0.141098419242911,0.07488419220416942,0.0002820701584101527
2020-06-16 06:15:00,0.9978589232386035,-0.06540312923014292,0.011610362945903537,0.1518826878463051,0.08249704600880814,0.013908292911266173
2020-06-16 06:30:00,0.9914448613738105,-0.13052619222005138,0.03834260030341316,0.15752914261338824,0.09091414736985393,0.05079042963852426
2020-06-16 06:45:00,0.9807852804032305,-0.19509032201612797,0.0578002745430303,0.17252470930139285,0.12194890204628361,0.07400046689500848
2020-06-16 07:00:00,0.9659258262890683,-0.25881904510252085,0.08326931071038306,0.18447891404593575,0.1405234489169398,0.10602301625645502
2020-06-16 07:15:00,0.9469301294951057,-0.3214394653031616,0.13683231966301015,0.19229465928279343,0.1609629617307209,0.17293308043082445
2020-06-16 07:30:00,0.9238795325112867,-0.3826834323650897,0.16894390047634789,0.21524937608309602,0.21591957977951648,0.20819794324153254
2020-06-16 07:45:00,0.8968727415326884,-0.44228869021900113,0.21140808818652132,0.22902934947824227,0.24504773322292217,0.26150651509420386
2020-06-16 08:00:00,0.8660254037844387,-0.4999999999999998,0.2895042945050296,0.26085157443244156,0.31332582849005985,0.35996297844525166
2020-06-16 08:15:00,0.8314696123025451,-0.5555702330196023,0.26402933117164085,0.2807084839444163,0.34146209250188053,0.33928745088248347
2020-06-16 08:30:00,0.7933533402912352,-0.6087614290087207,0.3292888256974598,0.2985872039091799,0.35447857457699394,0.42780993130813133
2020-06-16 08:45:00,0.7518398074789774,-0.6593458151000688,0.33950433134040137,0.32771133291541865,0.4080936379385547,0.429198000832412
2020-06-16 09:00:00,0.7071067811865476,-0.7071067811865475,0.3362796193702257,0.33705330421425583,0.398435709027984,0.42802067750018724
2020-06-16 09:15:00,0.6593458151000686,-0.7518398074789776,0.3767018985447228,0.36106648920462914,0.4207119110580768,0.48104861284583167
2020-06-16 09:30:00,0.6087614290087204,-0.7933533402912353,0.4519676503360801,0.3781995524171897,0.4550201029358083,0.5538927235034412
2020-06-16 09:45:00,0.5555702330196022,-0.8314696123025453,0.5207303142345895,0.4000785261975037,0.5219611394969914,0.6502329438459397
2020-06-16 10:00:00,0.49999999999999994,-0.8660254037844387,0.6785724702133765,0.4249202432682029,0.6051492010935893,0.825224204541727
2020-06-16 10:15:00,0.4422886902190013,-0.8968727415326883,0.589713733880657,0.46693513401002007,0.6628453089940346,0.7660918576622048
2020-06-16 10:30:00,0.3826834323650899,-0.9238795325112867,0.4836913088836151,0.4727169586093578,0.6098508346940532,0.6222386454700283
2020-06-16 10:45:00,0.32143946530316175,-0.9469301294951056,0.5527374986928216,0.46589253137561726,0.5857552802680893,0.6916376412902681
2020-06-16 11:00:00,0.258819045102521,-0.9659258262890682,0.7516750579735542,0.5114073636976313,0.7406428338847583,0.856053302068195
2020-06-16 11:15:00,0.19509032201612816,-0.9807852804032304,0.4900698036844397,0.506958262444557,0.6440908539628175,0.6176898012054255
2020-06-16 11:30:00,0.13052619222005157,-0.9914448613738104,0.3444247271823656,0.49951698022652247,0.5296867654060382,0.4363162402010019
2020-06-16 11:45:00,0.06540312923014312,-0.9978589232386035,0.42715836874790575,0.5230458640810012,0.5463099509272437,0.5539957071892502
2020-06-16 12:00:00,1.2246467991473532e-16,-1.0,0.18192220962112948,0.5032863175955082,0.4291575971283875,0.24746949258454112
2020-06-16 12:15:00,-0.06540312923014287,-0.9978589232386035,0.3515477254602657,0.47096197361121384,0.3986395230958948,0.45408779515308734
2020-06-16 12:30:00,-0.13052619222005132,-0.9914448613738105,0.3956936187007604,0.5093268982195001,0.5752128920515996,0.48429946843001914
2020-06-16 12:45:00,-0.19509032201612792,-0.9807852804032305,0.4116415540473377,0.5319633655657536,0.5886200486622686,0.5309428335532445
2020-06-16 13:00:00,-0.25881904510252035,-0.9659258262890684,0.2614640716760236,0.511186031341837,0.5000709379217311,0.3514910770996758
2020-06-16 13:15:00,-0.3214394653031611,-0.9469301294951058,0.41196085287299283,0.5004806814553717,0.48322398556989477,0.5374093008799118
2020-06-16 13:30:00,-0.3826834323650892,-0.923879532511287,0.4766408336838924,0.5387444701189175,0.5774295076578593,0.595701112216551
2020-06-16 13:45:00,-0.44228869021900147,-0.8968727415326883,0.33513051238815295,0.5455415748717856,0.49169748147124515,0.4404511187144833
2020-06-16 14:00:00,-0.5000000000000001,-0.8660254037844386,0.35200105756262456,0.5652052503149556,0.5246915755083262,0.48359656297595977
2020-06-16 14:15:00,-0.5555702330196023,-0.8314696123025452,0.2495339864341164,0.5324604174919316,0.4355160931498301,0.3240090090449877
2020-06-16 14:30:00,-0.6087614290087207,-0.7933533402912352,0.5878487519114624,0.5604194851123165,0.5330411738660894,0.7242227778258336
2020-06-16 14:45:00,-0.6593458151000688,-0.7518398074789774,0.4303709920116987,0.5981164416158804,0.6286151236672571,0.5345841788900831
2020-06-16 15:00:00,-0.7071067811865475,-0.7071067811865477,0.23103570746181537,0.5390614087170944,0.44950569962522346,0.30130809588380153
2020-06-16 15:15:00,-0.7518398074789773,-0.6593458151000691,0.26206971995081824,0.5129638487628088,0.3910644584167319,0.3440326451128846
2020-06-16 15:30:00,-0.7933533402912349,-0.6087614290087209,0.34986576944941594,0.5116614280187657,0.4225764115117415,0.4762038398421105
2020-06-16 15:45:00,-0.8314696123025448,-0.555570233019603,0.293464921541722,0.5235829007979671,0.439600872854897,0.37115288309733563
2020-06-16 16:00:00,-0.8660254037844385,-0.5000000000000004,0.28295842464708315,0.5148674237141329,0.40648179138198837,0.36546483992152395
2020-06-16 16:15:00,-0.8968727415326883,-0.44228869021900136,0.20293106857170762,0.509083973127761,0.36913177213878057,0.2572649493048926
2020-06-16 16:30:00,-0.9238795325112868,-0.3826834323650895,0.15516186043555655,0.4912791034936854,0.30999767307303516,0.19466646070448004
2020-06-16 16:45:00,-0.9469301294951056,-0.3214394653031618,0.13212990007669073,0.4731456171353099,0.2809635323279822,0.16249003316403132
2020-06-16 17:00:00,-0.9659258262890683,-0.25881904510252063,0.11363396730318862,0.4551635155556202,0.25572962362815954,0.14112898312536307
2020-06-16 17:15:00,-0.9807852804032303,-0.19509032201612866,0.10110062721251997,0.43262298176499203,0.23723739104475605,0.127680711879051
2020-06-16 17:30:00,-0.9914448613738104,-0.13052619222005163,0.08376224984164472,0.4041641289444826,0.21613489467161162,0.10659814787319478
2020-06-16 17:45:00,-0.9978589232386035,-0.06540312923014362,0.05967535115037162,0.3868495655703419,0.19177871416350134,0.07642649725171806
2020-06-16 18:00:00,-1.0,-1.8369701987210297e-16,0.03999086957546005,0.36971253035869567,0.16921844121353247,0.05112793416930939
2020-06-16 18:15:00,-0.9978589232386036,0.06540312923014237,0.02025933509687266,0.3511203611364906,0.146803572545259,0.02533506135703824
2020-06-16 18:30:00,-0.9914448613738104,0.13052619222005213,0.005773843695795529,0.3358077212062729,0.12717343761658562,0.005518348419026295
2020-06-16 18:45:00,-0.9807852804032304,0.1950903220161283,4.596144393375877e-05,0.32193830089226405,0.11233186900655462,0.0
2020-06-16 19:00:00,-0.9659258262890682,0.25881904510252113,0.0,0.3088746680749599,0.10451466794063974,0.0
2020-06-16 19:15:00,-0.9469301294951057,0.3214394653031615,0.0,0.30123163523221375,0.11253655187427986,0.0
2020-06-16 19:30:00,-0.9238795325112866,0.38268343236509,0.0,0.27223544947785694,0.10396215585877283,0.0
2020-06-16 19:45:00,-0.8968727415326884,0.442288690219001,0.0,0.24953165979263248,0.08405927645164918,0.0
2020-06-16 20:00:00,-0.8660254037844386,0.5000000000000001,0.0,0.2359768561083282,0.07412539245103489,0.0
2020-06-16 20:15:00,-0.8314696123025455,0.5555702330196018,0.0,0.2315224139751284,0.0702951567271583,0.0
2020-06-16 20:30:00,-0.7933533402912352,0.6087614290087205,0.0,0.22438794961183905,0.06754171484851751,0.0
2020-06-16 20:45:00,-0.7518398074789777,0.6593458151000684,0.0,0.21757205752770603,0.06585206123648024,0.0
2020-06-16 21:00:00,-0.7071067811865477,0.7071067811865474,0.0,0.2114994149527465,0.06637962894961619,0.0
2020-06-16 21:15:00,-0.6593458151000687,0.7518398074789775,0.0,0.20736349476747895,0.07666279096767015,0.0
2020-06-16 21:30:00,-0.608761429008721,0.7933533402912349,0.0,0.20589247724871496,0.07219042589350644,0.0
2020-06-16 21:45:00,-0.5555702330196022,0.8314696123025452,0.0,0.19378568939355834,0.06528637059953502,0.0
2020-06-16 22:00:00,-0.5000000000000004,0.8660254037844384,0.0,0.18063603859219457,0.058976589245461286,0.0
2020-06-16 22:15:00,-0.4422886902190014,0.8968727415326883,0.0,0.1702874819387925,0.05374184384591291,0.0
2020-06-16 22:30:00,-0.38268343236508956,0.9238795325112868,0.0,0.16595083089710294,0.05055442094023155,0.0
2020-06-16 22:45:00,-0.32143946530316186,0.9469301294951056,0.0,0.16654487141110774,0.058742303196818724,0.0
2020-06-16 23:00:00,-0.2588190451025207,0.9659258262890683,0.0,0.172593467522842,0.0731158526917568,0.0
2020-06-16 23:15:00,-0.19509032201612872,0.9807852804032303,0.0,0.17163542230527984,0.06720419621587292,0.0
2020-06-16 23:30:00,-0.13052619222005168,0.9914448613738104,0.0,0.17009094652643952,0.06379606601300397,0.0
2020-06-16 23:45:00,-0.06540312923014367,0.9978589232386035,0.0,0.1678674214386493,0.06489114754687925,0.0
2020-06-17 00:00:00,0.0,1.0,0.0,0.16811436309023842,0.0701473898403478,0.0
2020-06-17 00:15:00,0.06540312923014306,0.9978589232386035,0.0,0.166279429668865,0.06837967463026473,0.0
2020-06-17 00:30:00,0.13052619222005157,0.9914448613738104,0.0,0.16347530603007532,0.06475793036990124,0.0
2020-06-17 00:45:00,0.19509032201612825,0.9807852804032304,0.0,0.16137832389618523,0.06785612696205628,0.0
2020-06-17 01:00:00,0.25881904510252074,0.9659258262890683,0.0,0.15975158157261515,0.07027974916665891,0.0
2020-06-17 01:15:00,0.3214394653031616,0.9469301294951057,0.0,0.15776031584536532,0.06768793358609193,0.0
2020-06-17 01:30:00,0.3826834323650898,0.9238795325112867,0.0,0.15407854358453732,0.06554584933152763,0.0
2020-06-17 01:45:00,0.4422886902190013,0.8968727415326883,0.0,0.14838482876054404,0.06235297274570617,0.0
2020-06-17 02:00:00,0.49999999999999994,0.8660254037844387,0.0,0.15002048900748366,0.06440712569971774,0.0
2020-06-17 02:15:00,0.5555702330196022,0.8314696123025452,0.0,0.1491523850447476,0.06700086672309274,0.0
2020-06-17 02:30:00,0.6087614290087207,0.7933533402912352,0.0,0.1524999993380003,0.07642301186213557,0.0
2020-06-17 02:45:00,0.6593458151000688,0.7518398074789774,0.0,0.15992661882042936,0.08370293372257148,0.0
2020-06-17 03:00:00,0.7071067811865476,0.7071067811865476,0.0,0.16517574352310893,0.09185141953886788,0.0
2020-06-17 03:15:00,0.7518398074789773,0.659345815100069,0.0,0.16300276829486027,0.09168288563436011,0.0
2020-06-17 03:30:00,0.7933533402912352,0.6087614290087207,0.0,0.159741029968266,0.08906948154865402,0.0
2020-06-17 03:45:00,0.8314696123025452,0.5555702330196023,0.0,0.16091780025602387,0.08722748551141413,0.0
2020-06-17 04:00:00,0.8660254037844386,0.5000000000000001,0.0,0.16322027676000972,0.08460775944800775,0.0
2020-06-17 04:15:00,0.8968727415326884,0.44228869021900125,0.0,0.1578262346805439,0.07965047670557651,0.0
2020-06-17 04:30:00,0.9238795325112867,0.38268343236508984,0.0,0.14512377711853763,0.07471979436537618,0.0
2020-06-17 04:45:00,0.9469301294951057,0.3214394653031615,0.0,0.13574277251343791,0.06893313737942769,0.0
2020-06-17 05:00:00,0.9659258262890683,0.25881904510252074,0.0,0.13140132814403827,0.069171369541137,0.0
2020-06-17 05:15:00,0.9807852804032304,0.19509032201612833,0.0,0.13143009259842953,0.07588023568217961,0.0
2020-06-17 05:30:00,0.9914448613738104,0.1305261922200517,0.0,0.11962257355568928,0.07308911306458149,0.0
2020-06-17 05:45:00,0.9978589232386035,0.06540312923014305,0.0,0.08810085613904439,0.05427264105541135,0.0
2020-06-17 06:00:00,1.0,6.123233995736766e-17,0.002326735734230899,0.08731632540935741,0.05187487290286941,0.00020799836756106677
2020-06-17 06:15:00,0.9978589232386035,-0.06540312923014292,0.01569600170374776,0.11410362669143725,0.05658781546630309,0.010212668076410409
2020-06-17 06:30:00,0.9914448613738105,-0.13052619222005138,0.02834202332506328,0.1263716238518302,0.08085915313716285,0.02021733778525975
2020-06-17 06:45:00,0.9807852804032305,-0.19509032201612797,0.03711986121392348,0.1304149697762098,0.10577087276085462,0.030222007494109096
2020-06-17 07:00:00,0.9659258262890683,-0.25881904510252085,0.07638522196097357,0.14030719189587937,0.1294497246723364,0.1009703046214485
2020-06-17 07:15:00,0.9469301294951057,-0.3214394653031616,0.11768102523830341,0.15569666420161887,0.16184211943915883,0.15224046858080942
2020-06-17 07:30:00,0.9238795325112867,-0.3826834323650897,0.18652911462058278,0.1750358520042834,0.2205100090127341,0.24043452424487416
2020-06-17 07:45:00,0.8968727415326884,-0.44228869021900113,0.2194855400619675,0.19969362288006853,0.26762430955449634,0.2797219034368554
2020-06-17 08:00:00,0.8660254037844387,-0.4999999999999998,0.1919611794253853,0.22576103154638405,0.2730565195207092,0.2519885289177751
2020-06-17 08:15:00,0.8314696123025451,-0.5555702330196023,0.21371698495420222,0.2452428118721337,0.28403642443493826,0.27858167573967607
2020-06-17 08:30:00,0.7933533402912352,-0.6087614290087207,0.22547195016099497,0.2596942861750633,0.3099195211696324,0.29964763333029365
2020-06-17 08:45:00,0.7518398074789774,-0.6593458151000688,0.21504735634528319,0.272344336110401,0.29781007755233024,0.28777559784113377
2020-06-17 09:00:00,0.7071067811865476,-0.7071067811865475,0.27678362832199593,0.2888059968335579,0.3369282873392694,0.37229103332880237
2020-06-17 09:15:00,0.6593458151000686,-0.7518398074789776,0.3001229433740962,0.3086160752260543,0.3463494016511992,0.39691620019928053
2020-06-17 09:30:00,0.6087614290087204,-0.7933533402912353,0.3814665560717825,0.3393665426237533,0.4109505141065999,0.507346368538805
2020-06-17 09:45:00,0.5555702330196022,-0.8314696123025453,0.3137879773570186,0.3452998295823888,0.40328235997328576,0.42008699135085326
2020-06-17 10:00:00,0.49999999999999994,-0.8660254037844387,0.34759013584104753,0.3558741977498745,0.4108530046120461,0.4597258531389554
2020-06-17 10:15:00,0.4422886902190013,-0.8968727415326883,0.37191843151254156,0.3742391641362821,0.43612203667142,0.4946556008260866
2020-06-17 10:30:00,0.3826834323650899,-0.9238795325112867,0.410149816442248,0.38941221859357,0.4659334344193624,0.5342554554576586
2020-06-17 10:45:00,0.32143946530316175,-0.9469301294951056,0.38056143922553554,0.4087543425979798,0.48465759506703465,0.4862900283439715
2020-06-17 11:00:00,0.258819045102521,-0.9659258262890682,0.36905581725010494,0.3930413017575771,0.39987738895115044,0.4959540076403277
2020-06-17 11:15:00,0.19509032201612816,-0.9807852804032304,0.4618716924462335,0.4290429449354496,0.5092808944015184,0.5877928135604105
2020-06-17 11:30:00,0.13052619222005157,-0.9914448613738104,0.439756870829598,0.461350296842302,0.5017645306152725,0.5654734298593731
2020-06-17 11:45:00,0.06540312923014312,-0.9978589232386035,0.730745498757128,0.49442770492430776,0.5946842962797778,0.848953580683161
2020-06-17 12:00:00,1.2246467991473532e-16,-1.0,0.7343887385875353,0.5435755699687406,0.7095333182258804,0.8490048933131905
2020-06-17 12:15:00,-0.06540312923014287,-0.9978589232386035,0.8441278188056818,0.5554463582443634,0.7516696027590156,0.9966234016298653
2020-06-17 12:30:00,-0.13052619222005132,-0.9914448613738105,0.5884010391023733,0.5751615215671981,0.7003505190481015,0.7057201821039072
2020-06-17 12:45:00,-0.19509032201612792,-0.9807852804032305,0.5731378383924405,0.5809555013172469,0.6264852944222176,0.7412144882813582
2020-06-17 13:00:00,-0.25881904510252035,-0.9659258262890684,0.4006766879204371,0.5507621579238968,0.5354373832216001,0.5178587685170687
2020-06-17 13:15:00,-0.3214394653031611,-0.9469301294951058,0.4929158649493466,0.5451426066382672,0.5155318722018578,0.6502494905330314
2020-06-17 13:30:00,-0.3826834323650892,-0.923879532511287,0.539759652855161,0.5760353613659015,0.5600537184962452,0.7201824603359205
2020-06-17 13:45:00,-0.44228869021900147,-0.8968727415326883,0.4906967373470511,0.5829565854800076,0.5676774992490892,0.6071162920035265
2020-06-17 14:00:00,-0.5000000000000001,-0.8660254037844386,0.35890567501945725,0.555664961814345,0.5027859227768768,0.46213921961013105
2020-06-17 14:15:00,-0.5555702330196023,-0.8314696123025452,0.33612376591067733,0.5272119794738392,0.4485435371300617,0.4454753963461409
2020-06-17 14:30:00,-0.6087614290087207,-0.7933533402912352,0.4801739641294529,0.5633557888020135,0.5200950991310648,0.6137598148197643
2020-06-17 14:45:00,-0.6593458151000688,-0.7518398074789774,0.4379414436225329,0.586560472256598,0.5655530911380988,0.576046281968026
2020-06-17 15:00:00,-0.7071067811865475,-0.7071067811865477,0.259855652164337,0.5532869371824838,0.45999677732224464,0.3497393389821399
2020-06-17 15:15:00,-0.7518398074789773,-0.6593458151000691,0.08529884352781453,0.505999786366077,0.3407735950171956,0.11433112336342793
2020-06-17 15:30:00,-0.7933533402912349,-0.6087614290087209,0.04527946017047723,0.3513711446312626,0.17094517366274753,0.0664435911065075
2020-06-17 15:45:00,-0.8314696123025448,-0.555570233019603,0.0702198226393764,0.2126211110207452,0.11382222391898522,0.10373133062570446
2020-06-17 16:00:00,-0.8660254037844385,-0.5000000000000004,0.16352552315000252,0.20230420469225563,0.14441956194677008,0.23569697612717352
2020-06-17 16:15:00,-0.8968727415326883,-0.44228869021900136,0.19242598342680028,0.2500529566216989,0.22901483193285788,0.26846962184919704
2020-06-17 16:30:00,-0.9238795325112868,-0.3826834323650895,0.09710623589174561,0.2687671761751107,0.23906034339990023,0.13508287319748205
2020-06-17 16:45:00,-0.9469301294951056,-0.3214394653031618,0.05862255294916886,0.26211097640673375,0.1863051276689015,0.08331469591188201
2020-06-17 17:00:00,-0.9659258262890683,-0.25881904510252063,0.07078337015788186,0.25537632853439374,0.15550976958098772,0.09686421852703031
2020-06-17 17:15:00,-0.9807852804032303,-0.19509032201612866,0.0857547466806572,0.2556662703620338,0.17982285283683275,0.11483755937197877
2020-06-17 17:30:00,-0.9914448613738104,-0.13052619222005163,0.07377860459293961,0.26120261020489033,0.1839884637173066,0.09865597930336659
2020-06-17 17:45:00,-0.9978589232386035,-0.06540312923014362,0.05341829925328758,0.25418541196708655,0.1647464849745226,0.06962461611223393
2020-06-17 18:00:00,-1.0,-1.8369701987210297e-16,0.034330210183122656,0.25123526142053065,0.1464078769715801,0.044531004899842234
2020-06-17 18:15:00,-0.9978589232386036,0.06540312923014237,0.019191802910656808,0.24502875029432603,0.12504581467506393,0.02492366424105336
2020-06-17 18:30:00,-0.9914448613738104,0.13052619222005213,0.00573558647940845,0.23170445495692227,0.10185028140809721,0.0057489267357027545
2020-06-17 18:45:00,-0.9807852804032304,0.1950903220161283,3.1992024110611715e-05,0.21438991177938682,0.09112813751550958,0.0
2020-06-17 19:00:00,-0.9659258262890682,0.25881904510252113,0.0,0.20710833982964627,0.0903471685505961,0.0
2020-06-17 19:15:00,-0.9469301294951057,0.3214394653031615,0.0,0.20807723831831582,0.09738289829665792,0.0
2020-06-17 19:30:00,-0.9238795325112866,0.38268343236509,0.0,0.20581055981673813,0.09655437909118225,0.0
2020-06-17 19:45:00,-0.8968727415326884,0.442288690219001,0.0,0.17859303076451538,0.07665574956064014,0.0
2020-06-17 20:00:00,-0.8660254037844386,0.5000000000000001,0.0,0.17535758841830407,0.06545271768799904,0.0
2020-06-17 20:15:00,-0.8314696123025455,0.5555702330196018,0.0,0.16775647026420804,0.05578092816075436,0.0
2020-06-17 20:30:00,-0.7933533402912352,0.6087614290087205,0.0,0.1678648138324701,0.059255936361420014,0.0
2020-06-17 20:45:00,-0.7518398074789777,0.6593458151000684,0.0,0.16755942993671646,0.06289450464039181,0.0
2020-06-17 21:00:00,-0.7071067811865477,0.7071067811865474,0.0,0.16839776634698755,0.06840357772498945,0.0
2020-06-17 21:15:00,-0.6593458151000687,0.7518398074789775,0.0,0.1679074152057074,0.07220214047720097,0.0
2020-06-17 21:30:00,-0.608761429008721,0.7933533402912349,0.0,0.17490642317986138,0.0786696454110693,0.0
2020-06-17 21:45:00,-0.5555702330196022,0.8314696123025452,0.0,0.18436714603100435,0.08407434368450695,0.0
2020-06-17 22:00:00,-0.5000000000000004,0.8660254037844384,0.0,0.14573026322967553,0.06379662431909355,0.0
2020-06-17 22:15:00,-0.4422886902190014,0.8968727415326883,0.0,0.1212283787315398,0.05009687855242023,0.0
2020-06-17 22:30:00,-0.38268343236508956,0.9238795325112868,0.0,0.11937754384942245,0.06202710340367262,0.0
2020-06-17 22:45:00,-0.32143946530316186,0.9469301294951056,0.0,0.11795253868615996,0.07045545385895297,0.0
2020-06-17 23:00:00,-0.2588190451025207,0.9659258262890683,0.0,0.11655533751649316,0.06852838234018338,0.0
2020-06-17 23:15:00,-0.19509032201612872,0.9807852804032303,0.0,0.10837295047644302,0.05418794919586001,0.0
2020-06-17 23:30:00,-0.13052619222005168,0.9914448613738104,0.0,0.1057622086943164,0.054731167862020536,0.0
2020-06-17 23:45:00,-0.06540312923014367,0.9978589232386035,0.0,0.10170894744497216,0.048255300993620576,0.0
