epoch,loss,mse,rmse,mae,mape,msle,val_loss,val_mse,val_rmse,val_mae,val_mape,val_msle,lr
1,2.363600254058838,1.1052000522613525,1.014150619506836,0.8929725885391235,306132864.0,0.2129715383052826,1.476957082748413,0.21928271651268005,0.46827632188796997,0.3324553668498993,14041342.0,0.11630544066429138,9.999999747378752e-05
2,1.7041008472442627,0.4467860758304596,0.6851581335067749,0.546432614326477,191751392.0,0.12082266062498093,1.4638359546661377,0.20741327106952667,0.45542648434638977,0.322595477104187,13702302.0,0.10802064090967178,9.999999747378752e-05
3,1.4949454069137573,0.23896323144435883,0.5324630737304688,0.3804120421409607,199609296.0,0.04204524680972099,1.4536486864089966,0.19874690473079681,0.44581037759780884,0.3154456913471222,13647994.0,0.1021290272474289,9.999999747378752e-05
4,1.4725325107574463,0.2181468904018402,0.5128191709518433,0.36285704374313354,212106176.0,0.02638954669237137,1.4469472169876099,0.19380229711532593,0.4402298331260681,0.3118741810321808,14257876.0,0.09883690625429153,9.999999747378752e-05
5,1.4449113607406616,0.19234392046928406,0.4878395199775696,0.36063912510871887,202741712.0,0.026942824944853783,1.4426453113555908,0.19145157933235168,0.4375517964363098,0.3109060227870941,15456625.0,0.09729788452386856,9.999999747378752e-05
6,1.3961951732635498,0.14563173055648804,0.4394857883453369,0.32242071628570557,161336320.0,0.025976108387112617,1.43912672996521,0.19005489349365234,0.4359528422355652,0.31085291504859924,16899300.0,0.0963907539844513,9.999999747378752e-05
7,1.3611390590667725,0.11274420469999313,0.40031537413597107,0.27886950969696045,117201976.0,0.025803042575716972,1.4351470470428467,0.18834619224071503,0.43398869037628174,0.31041428446769714,18197532.0,0.09527405351400375,9.999999747378752e-05
8,1.3434818983078003,0.09739759564399719,0.37994828820228577,0.25136545300483704,92237120.0,0.02619110234081745,1.4302878379821777,0.18588270246982574,0.4311411678791046,0.3089948296546936,19112722.0,0.09366369992494583,9.999999747378752e-05
9,1.3302152156829834,0.08656112849712372,0.36442190408706665,0.23673692345619202,87183072.0,0.0250884797424078,1.4248896837234497,0.18298961222171783,0.4277728497982025,0.30691275000572205,19660324.0,0.09178397059440613,9.999999747378752e-05
10,1.317237138748169,0.07611966133117676,0.34817224740982056,0.22340911626815796,89721800.0,0.022280478850007057,1.4195400476455688,0.18024609982967377,0.4245539903640747,0.3048038184642792,20043522.0,0.09001889079809189,9.999999747378752e-05
11,1.3071613311767578,0.06867948919534683,0.33564645051956177,0.21547181904315948,95976336.0,0.019685804843902588,1.4145742654800415,0.177979975938797,0.4218767285346985,0.30316540598869324,20487072.0,0.0885799303650856,9.999999747378752e-05
12,1.2995325326919556,0.06377678364515305,0.32688674330711365,0.20937645435333252,98681936.0,0.017887409776449203,1.409944772720337,0.17613285779953003,0.4196818470954895,0.302051305770874,21094612.0,0.08742344379425049,9.999999747378752e-05
13,1.2917732000350952,0.05882290005683899,0.3177834153175354,0.20113109052181244,94123696.0,0.01650126464664936,1.405410647392273,0.17445464432239532,0.4176776707172394,0.3011966943740845,21811640.0,0.0863826721906662,9.999999747378752e-05
14,1.284087896347046,0.054014816880226135,0.30853694677352905,0.19121509790420532,85157480.0,0.015431574545800686,1.4007872343063354,0.17275716364383698,0.415640652179718,0.30030590295791626,22501464.0,0.0853336751461029,9.999999747378752e-05
15,1.277617335319519,0.05049075186252594,0.30123764276504517,0.18382178246974945,78895944.0,0.01458041463047266,1.396043062210083,0.17100614309310913,0.4135288894176483,0.29924437403678894,23060052.0,0.08425390720367432,9.999999747378752e-05
16,1.2717469930648804,0.04763283580541611,0.29485884308815,0.17784859240055084,76036680.0,0.013788022100925446,1.3912285566329956,0.1692468523979187,0.41139623522758484,0.2980395555496216,23479266.0,0.08317297697067261,9.999999747378752e-05
17,1.265851378440857,0.044810209423303604,0.28826242685317993,0.1716584861278534,74572192.0,0.012861741706728935,1.386376976966858,0.1675068736076355,0.4092760384082794,0.2967785596847534,23825660.0,0.08210966736078262,9.999999747378752e-05
18,1.2601683139801025,0.0422547347843647,0.2819807231426239,0.16583725810050964,73403448.0,0.011952280066907406,1.381485104560852,0.16577813029289246,0.40715861320495605,0.2955266535282135,24170254.0,0.08105967193841934,9.999999747378752e-05
19,1.2547602653503418,0.04002464562654495,0.27628034353256226,0.16053932905197144,71408552.0,0.011311748065054417,1.3765521049499512,0.16405504941940308,0.4050371050834656,0.29430148005485535,24530944.0,0.08001942932605743,9.999999747378752e-05
20,1.2495465278625488,0.03803431987762451,0.27112072706222534,0.15572768449783325,68482792.0,0.010950710624456406,1.3715955018997192,0.1623520702123642,0.4029293656349182,0.29308265447616577,24869992.0,0.07899747788906097,9.999999747378752e-05
21,1.2445498704910278,0.03630409762263298,0.2665494680404663,0.15159593522548676,65673280.0,0.010696728713810444,1.36662757396698,0.1606791615486145,0.40084806084632874,0.2918332815170288,25140318.0,0.07799948006868362,9.999999747378752e-05
22,1.239698052406311,0.03475922718644142,0.2623182535171509,0.1477663367986679,63638476.0,0.01036794576793909,1.3616360425949097,0.15902134776115417,0.39877480268478394,0.29052677750587463,25330770.0,0.07701575011014938,9.999999747378752e-05
23,1.234931468963623,0.03333789110183716,0.25826549530029297,0.14402742683887482,62217060.0,0.009960366412997246,1.3566008806228638,0.1573570817708969,0.39668259024620056,0.28916671872138977,25467914.0,0.0760328620672226,9.999999747378752e-05
24,1.2302461862564087,0.032034385949373245,0.25443896651268005,0.14052808284759521,60908264.0,0.009588843211531639,1.351523995399475,0.15568575263023376,0.39457035064697266,0.2877980172634125,25579978.0,0.07505068928003311,9.999999747378752e-05
25,1.225631833076477,0.030835604295134544,0.2508712708950043,0.1373375505208969,59373172.0,0.009334990754723549,1.346420168876648,0.1540198028087616,0.3924535810947418,0.28643831610679626,25666634.0,0.07407716661691666,9.999999747378752e-05
26,1.2210838794708252,0.029734738171100616,0.2475484311580658,0.13434812426567078,57706496.0,0.0091586634516716,1.3412867784500122,0.15235409140586853,0.3903256356716156,0.2850457429885864,25705886.0,0.07310949265956879,9.999999747378752e-05
27,1.2165826559066772,0.02870977483689785,0.24438199400901794,0.13152149319648743,56211460.0,0.00897995475679636,1.3361014127731323,0.15066425502300262,0.38815492391586304,0.2835827171802521,25683862.0,0.07213305681943893,9.999999747378752e-05
28,1.2121087312698364,0.02773936279118061,0.24130801856517792,0.12879487872123718,54921984.0,0.008776222355663776,1.330855131149292,0.14893920719623566,0.38592642545700073,0.282044917345047,25609270.0,0.07114150375127792,9.999999747378752e-05
29,1.2076596021652222,0.026819121092557907,0.23833994567394257,0.12621304392814636,53705348.0,0.00857996940612793,1.3255654573440552,0.14719513058662415,0.3836601674556732,0.2804698348045349,25498902.0,0.07014518231153488,9.999999747378752e-05
30,1.2032369375228882,0.025949280709028244,0.23549965023994446,0.12376095354557037,52446120.0,0.008415448479354382,1.3202495574951172,0.14544816315174103,0.3813766539096832,0.27893564105033875,25357730.0,0.06915443390607834,9.999999747378752e-05
31,1.1988390684127808,0.025126954540610313,0.2327762395143509,0.12141645699739456,51171520.0,0.008273172192275524,1.3149014711380005,0.14369046688079834,0.37906524538993835,0.27745792269706726,25268328.0,0.06816479563713074,9.999999747378752e-05
32,1.1944615840911865,0.024346163496375084,0.2301427572965622,0.11916711181402206,49966316.0,0.008128851652145386,1.3095061779022217,0.14190606772899628,0.37670421600341797,0.27596011757850647,25175648.0,0.06716636568307877,9.999999747378752e-05
33,1.1901021003723145,0.02360335737466812,0.22758989036083221,0.11702686548233032,48855920.0,0.007979786954820156,1.304067850112915,0.14009740948677063,0.3742958903312683,0.274541974067688,25181062.0,0.0661609098315239,9.999999747378752e-05
34,1.1857614517211914,0.022897997871041298,0.22512602806091309,0.11498799175024033,47771572.0,0.007832029834389687,1.2986009120941162,0.13827814161777496,0.3718577027320862,0.2731918692588806,25262300.0,0.06515580415725708,9.999999747378752e-05
35,1.1814396381378174,0.022229008376598358,0.22275523841381073,0.11301083117723465,46680428.0,0.007691691629588604,1.2931076288223267,0.1364489644765854,0.36938998103141785,0.27189141511917114,25401424.0,0.06415203958749771,9.999999747378752e-05
36,1.1771358251571655,0.021594064310193062,0.22047194838523865,0.1111069843173027,45617312.0,0.007558084093034267,1.2875772714614868,0.13459846377372742,0.36687663197517395,0.27063417434692383,25600648.0,0.063143290579319,9.999999747378752e-05
37,1.1728487014770508,0.020991122350096703,0.2182709276676178,0.10927079617977142,44613244.0,0.007427148520946503,1.2820079326629639,0.13272316753864288,0.36431190371513367,0.26945656538009644,25857508.0,0.0621270015835762,9.999999747378752e-05
38,1.1685782670974731,0.020419275388121605,0.21615247428417206,0.10753771662712097,43658892.0,0.007302443031221628,1.2764090299606323,0.13083228468894958,0.3617074489593506,0.26826852560043335,26124322.0,0.06110743060708046,9.999999747378752e-05
39,1.1643249988555908,0.019877707585692406,0.21411743760108948,0.10586399585008621,42731812.0,0.007187879644334316,1.2707871198654175,0.1289307177066803,0.35906922817230225,0.2671181857585907,26447290.0,0.060088880360126495,9.999999747378752e-05
40,1.1600884199142456,0.019365204498171806,0.21216396987438202,0.10428790748119354,41850140.0,0.007082097232341766,1.265139102935791,0.12701500952243805,0.35639163851737976,0.26595571637153625,26782830.0,0.059068020433187485,9.999999747378752e-05
41,1.1558678150177002,0.018880434334278107,0.21028931438922882,0.10278003662824631,41015520.0,0.006982505787163973,1.2594633102416992,0.12508262693881989,0.353670209646225,0.2648037075996399,27159016.0,0.058041516691446304,9.999999747378752e-05
42,1.1516631841659546,0.018422365188598633,0.208492711186409,0.10133973509073257,40217452.0,0.006889390293508768,1.2537646293640137,0.12313759326934814,0.35090968012809753,0.2636550962924957,27567972.0,0.05701184272766113,9.999999747378752e-05
43,1.1474742889404297,0.017990022897720337,0.2067735642194748,0.09995757788419724,39440960.0,0.006803533993661404,1.2480477094650269,0.12118352204561234,0.3481142222881317,0.2624942660331726,27993720.0,0.05598212033510208,9.999999747378752e-05
44,1.143301010131836,0.017582427710294724,0.2051301747560501,0.09863507747650146,38684536.0,0.006724184844642878,1.2423125505447388,0.11922011524438858,0.3452826738357544,0.26135993003845215,28478714.0,0.05494934692978859,9.999999747378752e-05
45,1.1391429901123047,0.017198625952005386,0.20356063544750214,0.09743811190128326,38016308.0,0.006651413626968861,1.2365602254867554,0.1172477975487709,0.34241464734077454,0.260211706161499,28985368.0,0.05391783267259598,9.999999747378752e-05
46,1.1349997520446777,0.016837669536471367,0.2020629346370697,0.09634218364953995,37411708.0,0.00658444594591856,1.230794906616211,0.1152697280049324,0.33951395750045776,0.2590477764606476,29512182.0,0.05288335308432579,9.999999747378752e-05
47,1.1308711767196655,0.016498636454343796,0.20063571631908417,0.09531937539577484,36838736.0,0.00652368413284421,1.2250198125839233,0.11328890174627304,0.3365841805934906,0.2578946053981781,30085798.0,0.05184987187385559,9.999999747378752e-05
48,1.1267573833465576,0.016180699691176414,0.1992773860692978,0.09438830614089966,36331060.0,0.006468871608376503,1.2192373275756836,0.11130666732788086,0.33362653851509094,0.2567409873008728,30697106.0,0.05082206800580025,9.999999747378752e-05
49,1.1226576566696167,0.015883013606071472,0.1979859620332718,0.09352622181177139,35889496.0,0.006420365534722805,1.2134499549865723,0.1093250960111618,0.3306434452533722,0.2555709779262543,31331426.0,0.049800850450992584,9.999999747378752e-05
50,1.1185719966888428,0.015604767948389053,0.19675974547863007,0.09275785088539124,35514116.0,0.006378131452947855,1.207661747932434,0.10734774172306061,0.327639639377594,0.25438591837882996,31989838.0,0.04877937585115433,9.999999747378752e-05
51,1.1145000457763672,0.015345148742198944,0.19559668004512787,0.09207974374294281,35194896.0,0.006342179141938686,1.201876163482666,0.1053774282336235,0.3246189057826996,0.253194659948349,32681564.0,0.04776828736066818,9.999999747378752e-05
52,1.1104416847229004,0.015103423967957497,0.19449511170387268,0.09145861119031906,34901972.0,0.006312238052487373,1.1960960626602173,0.10341674834489822,0.3215847313404083,0.2520121932029724,33422244.0,0.04676906764507294,9.999999747378752e-05
53,1.1063967943191528,0.014878845773637295,0.19345299899578094,0.09092213958501816,34648444.0,0.006288070697337389,1.1903254985809326,0.10146895051002502,0.31854191422462463,0.2508145868778229,34187756.0,0.04577973857522011,9.999999747378752e-05
54,1.1023648977279663,0.01467070635408163,0.19246843457221985,0.09047537297010422,34424608.0,0.006269513163715601,1.1845685243606567,0.09953752160072327,0.31549566984176636,0.24960270524024963,34978512.0,0.04479771852493286,9.999999747378752e-05
55,1.0983463525772095,0.014478295110166073,0.19153940677642822,0.09007707983255386,34226100.0,0.006256370339542627,1.1788288354873657,0.09762588143348694,0.31245139241218567,0.24837742745876312,35794668.0,0.043829191476106644,9.999999747378752e-05
56,1.094340205192566,0.014300978742539883,0.19066426157951355,0.08975548297166824,34051384.0,0.006248397286981344,1.1731106042861938,0.09573759138584137,0.30941492319107056,0.24713963270187378,36636308.0,0.04287964850664139,9.999999747378752e-05
57,1.0903469324111938,0.01413807924836874,0.18984068930149078,0.08949494361877441,33911676.0,0.006245327647775412,1.1674175262451172,0.09387616068124771,0.3063921630382538,0.2458902895450592,37503388.0,0.0419510081410408,9.999999747378752e-05
58,1.0863656997680664,0.01398899219930172,0.18906715512275696,0.08929409086704254,33807004.0,0.006247060839086771,1.1617542505264282,0.09204532206058502,0.3033897280693054,0.24464571475982666,38410700.0,0.04104525223374367,9.999999747378752e-05
59,1.082397222518921,0.013853108510375023,0.18834136426448822,0.08912351727485657,33722392.0,0.006253431551158428,1.156124472618103,0.09024889022111893,0.3004145324230194,0.24339507520198822,39345648.0,0.040164388716220856,9.999999747378752e-05
60,1.0784403085708618,0.013729849830269814,0.18766167759895325,0.0889894962310791,33645820.0,0.006264254450798035,1.1505322456359863,0.08849046379327774,0.2974734604358673,0.24213533103466034,40303436.0,0.03930100053548813,9.999999747378752e-05
61,1.0744956731796265,0.013618648052215576,0.18702608346939087,0.08886412531137466,33578980.0,0.006279285531491041,1.1449824571609497,0.08677389472723007,0.2945740818977356,0.24086827039718628,41283384.0,0.03846340253949165,9.999999747378752e-05
62,1.070562720298767,0.013518951833248138,0.1864326298236847,0.08876249194145203,33519184.0,0.006298298016190529,1.139478325843811,0.08510269969701767,0.29172366857528687,0.2395954430103302,42284800.0,0.03765600547194481,9.999999747378752e-05
63,1.0666414499282837,0.01343024242669344,0.1858796328306198,0.08867277950048447,33473398.0,0.006321095861494541,1.1340243816375732,0.08348054438829422,0.2889299988746643,0.23831875622272491,43306748.0,0.03688059747219086,9.999999747378752e-05
64,1.0627316236495972,0.013352016918361187,0.18536527454853058,0.08861088752746582,33444276.0,0.006347495596855879,1.1286240816116333,0.08191093802452087,0.2862008810043335,0.23704023659229279,44348224.0,0.036135539412498474,9.999999747378752e-05
65,1.0588330030441284,0.013283772394061089,0.18488764762878418,0.08858314901590347,33428310.0,0.006377285812050104,1.1232807636260986,0.08039677888154984,0.28354325890541077,0.2357882410287857,45407936.0,0.03542088344693184,9.999999747378752e-05
66,1.054945945739746,0.013225040398538113,0.18444502353668213,0.08859878778457642,33424496.0,0.006410278379917145,1.117998480796814,0.07894156128168106,0.2809654176235199,0.234675794839859,46484660.0,0.03474261239171028,9.999999747378752e-05
67,1.051069736480713,0.013175361789762974,0.18403586745262146,0.08863019198179245,33424820.0,0.006446318235248327,1.112779974937439,0.0775478333234787,0.2784741222858429,0.23356744647026062,47576796.0,0.03410181775689125,9.999999747378752e-05
68,1.047204613685608,0.013134298846125603,0.18365827202796936,0.08866681158542633,33432926.0,0.006485186982899904,1.1076281070709229,0.0762181431055069,0.2760763466358185,0.23246493935585022,48682812.0,0.03349953517317772,9.999999747378752e-05
69,1.0433505773544312,0.01310141570866108,0.1833108812570572,0.08871212601661682,33452166.0,0.006526697892695665,1.1025454998016357,0.07495491206645966,0.2737789452075958,0.2313702553510666,49800980.0,0.03292875364422798,9.999999747378752e-05
70,1.0395069122314453,0.01307631190866232,0.18299205601215363,0.08878106623888016,33497350.0,0.00657074898481369,1.0975350141525269,0.07376021891832352,0.2715883255004883,0.23041988909244537,50929496.0,0.03239528089761734,9.999999747378752e-05
71,1.0356745719909668,0.013058588840067387,0.18270011246204376,0.0888817086815834,33569512.0,0.006617195438593626,1.092597484588623,0.07263534516096115,0.2695094645023346,0.22951681911945343,52066156.0,0.03190235421061516,9.999999747378752e-05
72,1.0318523645401,0.013047873973846436,0.1824338138103485,0.08902229368686676,33676836.0,0.006665934342890978,1.0877348184585571,0.07158131152391434,0.2675468325614929,0.22862428426742554,53208936.0,0.03145020827651024,9.999999747378752e-05
73,1.0280407667160034,0.013043780811131,0.18219169974327087,0.08918853104114532,33802436.0,0.00671685766428709,1.0829483270645142,0.07059933990240097,0.2657053768634796,0.22774389386177063,54355608.0,0.031039036810398102,9.999999747378752e-05
74,1.0242396593093872,0.013045964762568474,0.18197248876094818,0.08937225490808487,33937880.0,0.0067697190679609776,1.0782381296157837,0.06968948990106583,0.26398766040802,0.22687609493732452,55503764.0,0.03066861629486084,9.999999747378752e-05
75,1.0204490423202515,0.01305408962070942,0.18177475035190582,0.08958367258310318,34084004.0,0.006824317388236523,1.0736044645309448,0.06885150820016861,0.2623957097530365,0.22611211240291595,56650732.0,0.03033841960132122,9.999999747378752e-05
76,1.0166685581207275,0.01306783128529787,0.18159735202789307,0.08980827778577805,34242860.0,0.006880730390548706,1.0690473318099976,0.06808504462242126,0.2609311044216156,0.2254084348678589,57794172.0,0.030047930777072906,9.999999747378752e-05
77,1.0128984451293945,0.013086853548884392,0.1814390867948532,0.09005577862262726,34421348.0,0.006938803941011429,1.064565658569336,0.06738902628421783,0.2595939636230469,0.22496281564235687,58931340.0,0.029796242713928223,9.999999747378752e-05
78,1.0091383457183838,0.013110874220728874,0.18129873275756836,0.09034048020839691,34621348.0,0.006998471450060606,1.0601582527160645,0.06676176190376282,0.25838297605514526,0.2247786968946457,60059416.0,0.029582196846604347,9.999999747378752e-05
79,1.0053884983062744,0.013139579445123672,0.18117526173591614,0.09065300226211548,34841168.0,0.0070596360601484776,1.0558233261108398,0.06620144098997116,0.2572964131832123,0.22470498085021973,61187428.0,0.029401224106550217,9.999999747378752e-05
80,1.0016487836837769,0.013172711245715618,0.1810678094625473,0.09097953885793686,35065088.0,0.007122236303985119,1.0515588521957397,0.06570594757795334,0.2563317120075226,0.22469405829906464,62309516.0,0.029251083731651306,9.999999747378752e-05
81,0.9979190230369568,0.013209996744990349,0.1809752732515335,0.0913219153881073,35304492.0,0.007186125963926315,1.0473618507385254,0.06527180969715118,0.255483478307724,0.22469227015972137,63414996.0,0.029134318232536316,9.999999747378752e-05
82,0.994199275970459,0.013251163996756077,0.18089666962623596,0.09167367219924927,35556172.0,0.00725121796131134,1.0432301759719849,0.06489656865596771,0.25474804639816284,0.22469858825206757,64501216.0,0.0290494617074728,9.999999747378752e-05
83,0.9904895424842834,0.013295980170369148,0.18083123862743378,0.09204961359500885,35831204.0,0.007317468523979187,1.0391596555709839,0.06457620114088058,0.2541184723377228,0.2247093915939331,65564752.0,0.028994295746088028,9.999999747378752e-05
84,0.9867896437644958,0.013344194740056992,0.18077802658081055,0.09243457764387131,36113804.0,0.007384756114333868,1.0351464748382568,0.06430643796920776,0.25358712673187256,0.2247212529182434,66602488.0,0.028966540470719337,9.999999747378752e-05
85,0.983099639415741,0.01339558232575655,0.18073634803295135,0.09282275289297104,36399852.0,0.007453028578311205,1.0311870574951172,0.06408365070819855,0.2531474828720093,0.22473198175430298,67611592.0,0.028964189812541008,9.999999747378752e-05
86,0.9794194102287292,0.013449919410049915,0.18070539832115173,0.09321250021457672,36683356.0,0.007522156927734613,1.027276873588562,0.06390295922756195,0.25279033184051514,0.22473736107349396,68588848.0,0.028984704986214638,9.999999747378752e-05
87,0.9757491946220398,0.013507005758583546,0.18068453669548035,0.09362490475177765,36973056.0,0.007592035457491875,1.0234113931655884,0.06375987082719803,0.25250717997550964,0.22473418712615967,69531488.0,0.02902575396001339,9.999999747378752e-05
88,0.9720885753631592,0.013566628098487854,0.18067292869091034,0.09405429661273956,37271236.0,0.007662608288228512,1.0195865631103516,0.06364987790584564,0.2522892653942108,0.22471922636032104,70436536.0,0.029084915295243263,9.999999747378752e-05
89,0.9684379696846008,0.01362859457731247,0.1806700974702835,0.09448973089456558,37566208.0,0.007733733858913183,1.0157958269119263,0.06356661766767502,0.25212422013282776,0.22468604147434235,71300984.0,0.029159091413021088,9.999999747378752e-05
90,0.9647970795631409,0.013692719861865044,0.18067534267902374,0.09493961185216904,37871916.0,0.00780531857162714,1.0120360851287842,0.06350647658109665,0.2520049214363098,0.2246415615081787,72131072.0,0.02924633026123047,9.999999747378752e-05
91,0.9611659049987793,0.013758847489953041,0.18068817257881165,0.09538792818784714,38175496.0,0.007877408526837826,1.008302092552185,0.0634642019867897,0.25192102789878845,0.22459350526332855,72936376.0,0.029344061389565468,9.999999747378752e-05
92,0.9575446248054504,0.013826771639287472,0.18070800602436066,0.09584689140319824,38489992.0,0.00794980674982071,1.0045876502990723,0.06343349069356918,0.2518600523471832,0.2245146930217743,73693384.0,0.029449230059981346,9.999999747378752e-05
93,0.9539330005645752,0.013896367512643337,0.18073442578315735,0.09631382673978806,38812384.0,0.00802246667444706,1.0008894205093384,0.0634106993675232,0.2518148124217987,0.22444163262844086,74400624.0,0.029559927061200142,9.999999747378752e-05
94,0.9503311514854431,0.013967457227408886,0.18076685070991516,0.0967763289809227,39131512.0,0.00809538271278143,0.9972025156021118,0.06339091062545776,0.25177550315856934,0.2243516892194748,75055592.0,0.029673738405108452,9.999999747378752e-05
95,0.9467390179634094,0.014039884321391582,0.18080472946166992,0.09723401069641113,39448468.0,0.008168425410985947,0.9935217499732971,0.06336886435747147,0.2517317235469818,0.22421211004257202,75655968.0,0.02978803589940071,9.999999747378752e-05
96,0.9431566596031189,0.014113525860011578,0.18084783852100372,0.09768703579902649,39762156.0,0.008241540752351284,0.9898440837860107,0.06334108859300613,0.2516765594482422,0.22402594983577728,76200584.0,0.029901156201958656,9.999999747378752e-05
97,0.9395840167999268,0.014188242144882679,0.18089565634727478,0.0981321930885315,40069952.0,0.008314655162394047,0.9861640930175781,0.06330224126577377,0.25159937143325806,0.22382788360118866,76687456.0,0.030010472983121872,9.999999747378752e-05
98,0.9360213279724121,0.014263909310102463,0.18094787001609802,0.09856805950403214,40371872.0,0.008387683890759945,0.9824796915054321,0.0632500946521759,0.25149571895599365,0.22356896102428436,77115880.0,0.030114764347672462,9.999999747378752e-05
99,0.9324681758880615,0.014340396039187908,0.18100404739379883,0.09899503737688065,40668512.0,0.008460628800094128,0.9787865281105042,0.06318026781082153,0.251356840133667,0.2232440561056137,77484600.0,0.030211953446269035,9.999999747378752e-05
100,0.9289249181747437,0.014417578466236591,0.18106397986412048,0.09941979497671127,40966220.0,0.00853336974978447,0.9750816226005554,0.06308940052986145,0.25117602944374084,0.22286464273929596,77807840.0,0.030300334095954895,9.999999747378752e-05
101,0.9253913164138794,0.0144953653216362,0.18112719058990479,0.0998392254114151,41258584.0,0.008605855517089367,0.9713631272315979,0.06297562271356583,0.2509494423866272,0.22243109345436096,78087368.0,0.030378960072994232,9.999999747378752e-05
102,0.9218676686286926,0.014573636464774609,0.1811934858560562,0.10025191307067871,41545840.0,0.008678095415234566,0.9676283001899719,0.06283628940582275,0.2506716847419739,0.22192303836345673,78305600.0,0.030446495860815048,9.999999747378752e-05
103,0.9183538556098938,0.014652291312813759,0.18126241862773895,0.10066326707601547,41827456.0,0.008749982342123985,0.9638757705688477,0.06266964226961136,0.2503390610218048,0.22133854031562805,78462520.0,0.030497737228870392,9.999999747378752e-05
104,0.9148498177528381,0.014731246046721935,0.18133388459682465,0.10107091069221497,42103544.0,0.00882147066295147,0.9601041078567505,0.06247426196932793,0.24994851648807526,0.2206760048866272,78558584.0,0.030529264360666275,9.999999747378752e-05
105,0.9113555550575256,0.014810397289693356,0.18140771985054016,0.10147184878587723,42374432.0,0.008892534300684929,0.9563127160072327,0.06224939227104187,0.24949827790260315,0.21993468701839447,78594736.0,0.030546722933650017,9.999999747378752e-05
106,0.9078712463378906,0.014889662154018879,0.1814834177494049,0.10186732560396194,42640208.0,0.008963160216808319,0.9525002241134644,0.06199374794960022,0.2489854395389557,0.21911251544952393,78571208.0,0.03054942935705185,9.999999747378752e-05
107,0.9043968319892883,0.01496898103505373,0.18156103789806366,0.1022542417049408,42900524.0,0.009033238515257835,0.9486672282218933,0.061707623302936554,0.2484101951122284,0.21821026504039764,78489728.0,0.030537359416484833,9.999999747378752e-05
108,0.9009323120117188,0.015048228204250336,0.18164007365703583,0.10263272374868393,43155980.0,0.009102784097194672,0.9448142051696777,0.06139136105775833,0.24777279794216156,0.21725581586360931,78379336.0,0.03051067516207695,9.999999747378752e-05
109,0.8974776864051819,0.01512738037854433,0.1817205548286438,0.10300301760435104,43406524.0,0.009171771816909313,0.9409410953521729,0.061045024544000626,0.24707292020320892,0.21623088419437408,78222912.0,0.03046923130750656,9.999999747378752e-05
110,0.8940330147743225,0.015206349082291126,0.1818021833896637,0.10336802899837494,43651912.0,0.009240135550498962,0.9370492696762085,0.06066964939236641,0.24631209671497345,0.2151273936033249,78013512.0,0.03041348047554493,9.999999747378752e-05
111,0.8905983567237854,0.015285056084394455,0.18188481032848358,0.10372737050056458,43892544.0,0.009307842701673508,0.9331403970718384,0.06026691943407059,0.24549321830272675,0.21394822001457214,77753408.0,0.030336575582623482,9.999999747378752e-05
112,0.8871737718582153,0.015363456681370735,0.18196824193000793,0.10408316552639008,44128536.0,0.009374924004077911,0.9292153716087341,0.059837743639945984,0.2446175515651703,0.2126941829919815,77444536.0,0.03023752197623253,9.999999747378752e-05
113,0.8837591409683228,0.015441506169736385,0.18205244839191437,0.10443762689828873,44361004.0,0.009441289119422436,0.9252755641937256,0.05938339605927467,0.24368709325790405,0.21137450635433197,77096720.0,0.030125318095088005,9.999999747378752e-05
114,0.8803544640541077,0.015519112348556519,0.18213708698749542,0.1047896146774292,44594296.0,0.009506940841674805,0.921323835849762,0.05890651419758797,0.24270664155483246,0.21002276241779327,76742328.0,0.03000117838382721,9.999999747378752e-05
115,0.876960039138794,0.015596265904605389,0.1822221726179123,0.10513526201248169,44823076.0,0.009571901522576809,0.917361855506897,0.05840878188610077,0.2416790872812271,0.2086048275232315,76347152.0,0.02986583672463894,9.999999747378752e-05
116,0.8735756278038025,0.015672894194722176,0.18230760097503662,0.10547430068254471,45047232.0,0.009636104106903076,0.9133917093276978,0.05789228528738022,0.24060815572738647,0.2071240097284317,75914224.0,0.029720189049839973,9.999999747378752e-05
117,0.8702012896537781,0.015748947858810425,0.18239299952983856,0.10580820590257645,45269372.0,0.009699550457298756,0.9094164371490479,0.057359952479600906,0.23949937522411346,0.20558549463748932,75446632.0,0.029565447941422462,9.999999747378752e-05
118,0.8668371438980103,0.01582440733909607,0.18247850239276886,0.10613894462585449,45489004.0,0.009762240573763847,0.9054380655288696,0.056813620030879974,0.2383560836315155,0.20402438938617706,74979008.0,0.02940239943563938,9.999999747378752e-05
119,0.863483190536499,0.015899231657385826,0.18256402015686035,0.10646720975637436,45704104.0,0.00982412975281477,0.9014588594436646,0.056255508214235306,0.23718243837356567,0.2024325430393219,74502792.0,0.029229862615466118,9.999999747378752e-05
120,0.8601394891738892,0.015973364934325218,0.18264928460121155,0.1067894995212555,45914716.0,0.009885212406516075,0.8974816799163818,0.05568859353661537,0.23598431050777435,0.20081545412540436,74001088.0,0.029042614623904228,9.999999747378752e-05
121,0.8568060398101807,0.016046792268753052,0.18273425102233887,0.10710447281599045,46120908.0,0.009945395402610302,0.8935086727142334,0.055114828050136566,0.23476547002792358,0.1991697996854782,73476496.0,0.028846288099884987,9.999999747378752e-05
122,0.8534827828407288,0.01611945778131485,0.18281888961791992,0.10741221904754639,46322972.0,0.010004730895161629,0.8895426392555237,0.054536961019039154,0.23353150486946106,0.19754305481910706,72987256.0,0.02863328717648983,9.999999747378752e-05
123,0.8501699566841125,0.016191380098462105,0.18290317058563232,0.10771487653255463,46520716.0,0.010063232854008675,0.8855854272842407,0.05395685136318207,0.23228614032268524,0.19588837027549744,72485496.0,0.02841784805059433,9.999999747378752e-05
124,0.8468673229217529,0.016262492164969444,0.18298693001270294,0.10801125317811966,46714228.0,0.01012088917195797,0.8816395401954651,0.053376805037260056,0.23103420436382294,0.19420643150806427,71969896.0,0.02820098027586937,9.999999747378752e-05
125,0.8435751795768738,0.016332782804965973,0.18307003378868103,0.1083008423447609,46903900.0,0.01017773151397705,0.8777074217796326,0.05279935896396637,0.2297811061143875,0.1925508975982666,71490872.0,0.02798382192850113,9.999999747378752e-05
126,0.840293288230896,0.016402235254645348,0.18315249681472778,0.10858368873596191,47089312.0,0.01023371797055006,0.8737909197807312,0.05222628638148308,0.22853070497512817,0.19089540839195251,71020152.0,0.02776733972132206,9.999999747378752e-05
127,0.8370219469070435,0.01647082529962063,0.18323425948619843,0.10886124521493912,47272112.0,0.010288842022418976,0.8698917031288147,0.05165920779109001,0.22728662192821503,0.18925195932388306,70543080.0,0.027552248910069466,9.999999747378752e-05
128,0.8337609171867371,0.016538528725504875,0.18331530690193176,0.10913321375846863,47452072.0,0.010343112982809544,0.8660116195678711,0.051099855452775955,0.22605277597904205,0.18762241303920746,70085040.0,0.027339261025190353,9.999999747378752e-05
129,0.8305105566978455,0.016605345532298088,0.18339550495147705,0.10939984023571014,47629184.0,0.01039654016494751,0.862152636051178,0.05055014789104462,0.22483360767364502,0.18603414297103882,69670368.0,0.027116699144244194,9.999999747378752e-05
130,0.8272705674171448,0.016671251505613327,0.18347486853599548,0.10966005176305771,47802368.0,0.010449121706187725,0.8583160042762756,0.05001145973801613,0.22363242506980896,0.18444466590881348,69254928.0,0.02689584344625473,9.999999747378752e-05
131,0.8240411281585693,0.0167362280189991,0.18355326354503632,0.10991408675909042,47971856.0,0.010500848293304443,0.8545029759407043,0.04948486015200615,0.22245192527770996,0.18285797536373138,68840232.0,0.026677513495087624,9.999999747378752e-05
132,0.8208222389221191,0.016800273209810257,0.18363071978092194,0.1101619079709053,48137400.0,0.010551681742072105,0.8507143259048462,0.04897111654281616,0.22129417955875397,0.181321918964386,68473216.0,0.02646065130829811,9.999999747378752e-05
133,0.8176140785217285,0.016863394528627396,0.1837073266506195,0.11040664464235306,48299608.0,0.010601697489619255,0.8469521999359131,0.04847227409482002,0.2201641947031021,0.17982205748558044,68135032.0,0.02625039964914322,9.999999747378752e-05
134,0.8144163489341736,0.016925541684031487,0.18378278613090515,0.11064811795949936,48458140.0,0.010650849901139736,0.8432157039642334,0.047987502068281174,0.2190604954957962,0.1783328354358673,67800592.0,0.02603784017264843,9.999999747378752e-05
135,0.8112293481826782,0.016986746340990067,0.1838572770357132,0.11088467389345169,48613120.0,0.010699155740439892,0.8395074009895325,0.04751939699053764,0.21798944473266602,0.17688573896884918,67472184.0,0.025828752666711807,9.999999747378752e-05
136,0.8080529570579529,0.017046980559825897,0.18393075466156006,0.11111549288034439,48764740.0,0.010746623389422894,0.8358263373374939,0.04706678166985512,0.21694879233837128,0.17555254697799683,67206880.0,0.025627002120018005,9.999999747378752e-05
137,0.8048873543739319,0.017106253653764725,0.18400302529335022,0.11134184896945953,48914024.0,0.010793216526508331,0.8321737051010132,0.04663099721074104,0.2159421145915985,0.17425015568733215,66959380.0,0.02542857639491558,9.999999747378752e-05
138,0.8017324209213257,0.017164548859000206,0.18407416343688965,0.11156844347715378,49064656.0,0.010839004069566727,0.8285497426986694,0.04621204733848572,0.21496987342834473,0.1729688197374344,66718128.0,0.025233104825019836,9.999999747378752e-05
139,0.798588216304779,0.017221875488758087,0.1841442584991455,0.11179179698228836,49211844.0,0.010883939452469349,0.8249545097351074,0.045810140669345856,0.21403303742408752,0.17172876000404358,66502084.0,0.025037085637450218,9.999999747378752e-05
140,0.7954548001289368,0.017278242856264114,0.18421317636966705,0.11200971901416779,49355984.0,0.01092808973044157,0.8213880658149719,0.04542531445622444,0.21313215792179108,0.1705600470304489,66339692.0,0.024844104424118996,9.999999747378752e-05
141,0.7923322319984436,0.017333626747131348,0.18428084254264832,0.1122223511338234,49496796.0,0.010971399024128914,0.8178502321243286,0.045057233422994614,0.21226689219474792,0.16941644251346588,66183792.0,0.024660909548401833,9.999999747378752e-05
142,0.7892204523086548,0.017388038337230682,0.1843474805355072,0.11242974549531937,49634472.0,0.011013900861144066,0.8143411874771118,0.044706135988235474,0.21143825352191925,0.16840864717960358,66099640.0,0.02448778972029686,9.999999747378752e-05
143,0.7861195206642151,0.01744149439036846,0.18441295623779297,0.11263210326433182,49769140.0,0.01105560828000307,0.8108603358268738,0.04437140002846718,0.21064519882202148,0.1675139218568802,66082460.0,0.024324677884578705,9.999999747378752e-05
144,0.7830293774604797,0.017493970692157745,0.1844770759344101,0.11282941699028015,49900784.0,0.011096511967480183,0.8074074387550354,0.04405290260910988,0.20988783240318298,0.16664332151412964,66069072.0,0.02416868880391121,9.999999747378752e-05
145,0.7799502015113831,0.017545482143759727,0.18454010784626007,0.1130218431353569,50029464.0,0.011136629618704319,0.8039827942848206,0.04375063255429268,0.2091665118932724,0.16580146551132202,66059036.0,0.02402159385383129,9.999999747378752e-05
146,0.7768820524215698,0.0175960510969162,0.18460187315940857,0.11320952326059341,50155256.0,0.01117596123367548,0.8005848526954651,0.043463271111249924,0.20847846567630768,0.1650472730398178,66052352.0,0.023883529007434845,9.999999747378752e-05
147,0.7738246321678162,0.017645658925175667,0.18466253578662872,0.11339249461889267,50278200.0,0.011214517056941986,0.7972147464752197,0.04319186136126518,0.20782651007175446,0.16431863605976105,66049048.0,0.02375476434826851,9.999999747378752e-05
148,0.7707782983779907,0.017694316804409027,0.18472182750701904,0.1135709211230278,50398500.0,0.0112523278221488,0.7938702702522278,0.04293407127261162,0.2072053849697113,0.16361209750175476,66048464.0,0.023633964359760284,9.999999747378752e-05
149,0.7677428722381592,0.01774202473461628,0.18477997183799744,0.11374475061893463,50515848.0,0.011289337649941444,0.7905519604682922,0.04269068315625191,0.20661723613739014,0.162930428981781,66050788.0,0.023521309718489647,9.999999747378752e-05
150,0.7647184133529663,0.017788808792829514,0.18483692407608032,0.11391426622867584,50630624.0,0.01132562942802906,0.7872595191001892,0.042461100965738297,0.20606091618537903,0.1622742861509323,66055956.0,0.02341627888381481,9.999999747378752e-05
151,0.7617051005363464,0.01783466711640358,0.18489274382591248,0.1140795573592186,50742924.0,0.011361181735992432,0.7839912176132202,0.04224376752972603,0.20553289353847504,0.16164036095142365,66062712.0,0.023317957296967506,9.999999747378752e-05
152,0.7587025761604309,0.01787959784269333,0.18494725227355957,0.11424151062965393,50853504.0,0.011395974084734917,0.7807479500770569,0.04203953966498375,0.20503546297550201,0.16104090213775635,66072472.0,0.023226609453558922,9.999999747378752e-05
153,0.7557111978530884,0.0179236251860857,0.18500064313411713,0.11439931392669678,50961704.0,0.011430087499320507,0.7775279879570007,0.04184656962752342,0.20456434786319733,0.16051842272281647,66083096.0,0.02314114198088646,9.999999747378752e-05
154,0.7527310252189636,0.0179667416960001,0.18505284190177917,0.11455303430557251,51067168.0,0.011463453993201256,0.7743314504623413,0.04166511446237564,0.20412033796310425,0.16001804172992706,66095612.0,0.023061571642756462,9.999999747378752e-05
155,0.749761700630188,0.018008965998888016,0.18510372936725616,0.11470305919647217,51170612.0,0.011496121063828468,0.771157443523407,0.0414942242205143,0.20370131731033325,0.15958169102668762,66109216.0,0.02298731543123722,9.999999747378752e-05
156,0.7468036413192749,0.01805030182003975,0.18515348434448242,0.11485040932893753,51272920.0,0.01152808777987957,0.7680051922798157,0.04133317247033119,0.20330561697483063,0.1591714471578598,66127220.0,0.022917795926332474,9.999999747378752e-05
157,0.7438564896583557,0.018090778961777687,0.1852022111415863,0.11499399691820145,51372992.0,0.01155940443277359,0.7648747563362122,0.04118189215660095,0.20293322205543518,0.1588246077299118,66190788.0,0.022851184010505676,9.999999747378752e-05
158,0.7409205436706543,0.01813037134706974,0.18524961173534393,0.11513446271419525,51470456.0,0.011590012349188328,0.7617652416229248,0.04103967174887657,0.20258250832557678,0.15850360691547394,66252764.0,0.022789184004068375,9.999999747378752e-05
159,0.7379957437515259,0.018169119954109192,0.18529602885246277,0.11527185887098312,51565736.0,0.011619962751865387,0.7586761713027954,0.04090579226613045,0.20225180685520172,0.15820160508155823,66313788.0,0.02273138239979744,9.999999747378752e-05
160,0.7350820899009705,0.01820700615644455,0.18534114956855774,0.11540646106004715,51659872.0,0.011649268679320812,0.7556072473526001,0.04078003764152527,0.20194068551063538,0.15791410207748413,66372504.0,0.022677471861243248,9.999999747378752e-05
161,0.732179582118988,0.018244076520204544,0.18538527190685272,0.11553771048784256,51751600.0,0.011677886359393597,0.7525573372840881,0.04066138342022896,0.20164668560028076,0.15764036774635315,66430116.0,0.022627009078860283,9.999999747378752e-05
162,0.7292882204055786,0.018280314281582832,0.1854281723499298,0.11566578596830368,51842048.0,0.011705946177244186,0.7495272159576416,0.040550511330366135,0.20137158036231995,0.15738166868686676,66485732.0,0.02258015051484108,9.999999747378752e-05
163,0.7264078855514526,0.01831573247909546,0.18547001481056213,0.11579038947820663,51929976.0,0.01173331867903471,0.746514618396759,0.04044530913233757,0.20111018419265747,0.1571556031703949,66539080.0,0.022535817697644234,9.999999747378752e-05
164,0.723538875579834,0.018350359052419662,0.18551072478294373,0.11591151356697083,52015804.0,0.011760089546442032,0.7435211539268494,0.04034719988703728,0.20086611807346344,0.1569596827030182,66590352.0,0.022494666278362274,9.999999747378752e-05
165,0.7206809520721436,0.01838419958949089,0.18555046617984772,0.11602947860956192,52099724.0,0.011786257848143578,0.740544319152832,0.040253736078739166,0.20063333213329315,0.1567777693271637,66639220.0,0.02245546691119671,9.999999747378752e-05
166,0.7178342938423157,0.018417246639728546,0.18558906018733978,0.11614400893449783,52181396.0,0.01181180402636528,0.7375859618186951,0.04016685485839844,0.200416699051857,0.15660814940929413,66686004.0,0.022419067099690437,9.999999747378752e-05
167,0.714998722076416,0.018449535593390465,0.1856265366077423,0.1162557527422905,52261680.0,0.011836839839816093,0.7346437573432922,0.0400841161608696,0.20021018385887146,0.15644702315330505,66729852.0,0.02238423191010952,9.999999747378752e-05
168,0.7121744155883789,0.01848105899989605,0.18566307425498962,0.1163640096783638,52339392.0,0.011861220933496952,0.7317186594009399,0.04000650346279144,0.20001626014709473,0.15630127489566803,66777128.0,0.022351475432515144,9.999999747378752e-05
169,0.7093613147735596,0.01851183921098709,0.18569853901863098,0.11647067219018936,52415540.0,0.011885014362633228,0.7288095355033875,0.03993309661746025,0.19983267784118652,0.15619219839572906,66849832.0,0.022320233285427094,9.999999747378752e-05
170,0.7065593600273132,0.01854190044105053,0.18573303520679474,0.1165754497051239,52490064.0,0.011908290907740593,0.7259164452552795,0.03986362740397453,0.19965878129005432,0.1560898721218109,66917628.0,0.02228962443768978,9.999999747378752e-05
171,0.7037687301635742,0.018571222200989723,0.1857665330171585,0.11667726933956146,52562368.0,0.011930967681109905,0.7230392098426819,0.039798203855752945,0.199494868516922,0.1559954285621643,66982512.0,0.02226071059703827,9.999999747378752e-05
172,0.7009891271591187,0.018599826842546463,0.18579888343811035,0.1167764663696289,52633596.0,0.011953150853514671,0.7201770544052124,0.03973591700196266,0.19933870434761047,0.15590614080429077,67042488.0,0.022232893854379654,9.999999747378752e-05
173,0.6982207894325256,0.018627753481268883,0.1858304738998413,0.1168738305568695,52703568.0,0.011974755674600601,0.7173305153846741,0.03967725858092308,0.19919151067733765,0.1558249145746231,67099260.0,0.022206444293260574,9.999999747378752e-05
174,0.6954636573791504,0.018654990941286087,0.18586108088493347,0.116968534886837,52772388.0,0.01199591625481844,0.7144986391067505,0.039621490985155106,0.19905148446559906,0.15574911236763,67151840.0,0.022180965170264244,9.999999747378752e-05
175,0.6927177309989929,0.018681537359952927,0.18589070439338684,0.11706075072288513,52839060.0,0.01201648823916912,0.7116809487342834,0.03956801816821098,0.19891712069511414,0.1556776463985443,67200272.0,0.022156191989779472,9.999999747378752e-05
176,0.6899830102920532,0.018707433715462685,0.18591949343681335,0.11715134978294373,52904324.0,0.01203659176826477,0.7088784575462341,0.039517901837825775,0.19879110157489777,0.15561364591121674,67245664.0,0.02213260345160961,9.999999747378752e-05
177,0.6872595548629761,0.018732674419879913,0.18594729900360107,0.11723944544792175,52968308.0,0.012056265957653522,0.7060897350311279,0.03946974128484726,0.1986699253320694,0.1555536389350891,67286424.0,0.02210945449769497,9.999999747378752e-05
178,0.6845471858978271,0.01875726506114006,0.1859741508960724,0.11732526868581772,53030012.0,0.01207535620778799,0.7033155560493469,0.03942418098449707,0.19855523109436035,0.15549947321414948,67324432.0,0.022086763754487038,9.999999747378752e-05
179,0.681846022605896,0.018781235441565514,0.1860003024339676,0.117409348487854,53091140.0,0.01209406927227974,0.7005547881126404,0.039380334317684174,0.19844478368759155,0.1554487943649292,67357936.0,0.022064222022891045,9.999999747378752e-05
180,0.6791561841964722,0.018804587423801422,0.186025470495224,0.11749081313610077,53149736.0,0.012112211436033249,0.6978079676628113,0.039338596165180206,0.19833959639072418,0.15540307760238647,67388296.0,0.022042352706193924,9.999999747378752e-05
181,0.676477313041687,0.01882733590900898,0.18604983389377594,0.11757010966539383,53207856.0,0.012130011804401875,0.6950745582580566,0.03929855301976204,0.19823862612247467,0.1553616225719452,67415176.0,0.022020893171429634,9.999999747378752e-05
182,0.6738096475601196,0.018849462270736694,0.18607333302497864,0.11764729768037796,53263836.0,0.012147287838160992,0.6923544406890869,0.039259906858205795,0.19814112782478333,0.15532995760440826,67437880.0,0.021999727934598923,9.999999747378752e-05
183,0.6711533665657043,0.01887102983891964,0.18609602749347687,0.11772438138723373,53318916.0,0.012164175510406494,0.689647912979126,0.039223238825798035,0.19804857671260834,0.15531574189662933,67458312.0,0.02197914384305477,9.999999747378752e-05
184,0.668507993221283,0.018892019987106323,0.18611793220043182,0.11780118942260742,53372508.0,0.012180632911622524,0.6869543194770813,0.039187707006931305,0.19795885682106018,0.15531569719314575,67474352.0,0.021958671510219574,9.999999747378752e-05
185,0.6658740043640137,0.01891244575381279,0.18613915145397186,0.11787692457437515,53424468.0,0.012196608819067478,0.6842738389968872,0.039153553545475006,0.1978725641965866,0.15531803667545319,67488128.0,0.021938558667898178,9.999999747378752e-05
186,0.6632509827613831,0.018932316452264786,0.18615956604480743,0.11795046180486679,53475728.0,0.012212257832288742,0.681606113910675,0.03912057355046272,0.19778922200202942,0.15532182157039642,67497840.0,0.021918511018157005,9.999999747378752e-05
187,0.660639226436615,0.0189516581594944,0.18617916107177734,0.1180218830704689,53525184.0,0.012227454222738743,0.6789513826370239,0.0390888936817646,0.1977091133594513,0.15532717108726501,67504880.0,0.02189876139163971,9.999999747378752e-05
188,0.6580384969711304,0.01897045597434044,0.18619802594184875,0.11809119582176208,53573744.0,0.012242281809449196,0.6763089299201965,0.03905787318944931,0.1976306438446045,0.15533319115638733,67508968.0,0.021878978237509727,9.999999747378752e-05
189,0.6554489135742188,0.01898873783648014,0.18621619045734406,0.11815844476222992,53620864.0,0.012256690301001072,0.673679769039154,0.03902846574783325,0.19755622744560242,0.15534181892871857,67510360.0,0.02185956761240959,9.999999747378752e-05
190,0.6528704166412354,0.019006511196494102,0.18623371422290802,0.11822383105754852,53667224.0,0.012270776554942131,0.6710625290870667,0.03899938985705376,0.197482630610466,0.15535004436969757,67507960.0,0.021839886903762817,9.999999747378752e-05
191,0.6503030061721802,0.01902378536760807,0.1862504780292511,0.1182871088385582,53711748.0,0.012284412048757076,0.6684580445289612,0.03897149860858917,0.19741199910640717,0.15536025166511536,67503936.0,0.021820517256855965,9.999999747378752e-05
192,0.6477468013763428,0.01904057152569294,0.18626660108566284,0.11834865063428879,53755952.0,0.012297767214477062,0.6658653616905212,0.03894384205341339,0.1973419487476349,0.15537014603614807,67496256.0,0.02180083841085434,9.999999747378752e-05
193,0.6452015042304993,0.019056864082813263,0.18628200888633728,0.11840815842151642,53798236.0,0.012310687452554703,0.6632855534553528,0.03891757130622864,0.19727537035942078,0.1553822010755539,67486616.0,0.021781498566269875,9.999999747378752e-05
194,0.6426673531532288,0.019072700291872025,0.18629682064056396,0.11846601963043213,53840188.0,0.01232333853840828,0.6607177257537842,0.038891736418008804,0.19720987975597382,0.15539446473121643,67474232.0,0.021762019023299217,9.999999747378752e-05
195,0.6401441693305969,0.019088078290224075,0.18631096184253693,0.11852209270000458,53880684.0,0.012335597537457943,0.6581621170043945,0.03886663168668747,0.1971462219953537,0.15540765225887299,67459192.0,0.021742532029747963,9.999999747378752e-05
196,0.6376320123672485,0.019102998077869415,0.18632449209690094,0.11857636272907257,53920308.0,0.012347549200057983,0.65561842918396,0.0388420931994915,0.197083979845047,0.1554209291934967,67441720.0,0.02172299660742283,9.999999747378752e-05
197,0.6351310014724731,0.019117483869194984,0.1863374412059784,0.11862903088331223,53958744.0,0.012359129264950752,0.6530870199203491,0.03881825879216194,0.19702349603176117,0.15543518960475922,67422344.0,0.02170351892709732,9.999999747378752e-05
198,0.6326408386230469,0.019131537526845932,0.1863497495651245,0.11868072301149368,53996576.0,0.0123704569414258,0.6505670547485352,0.038794491440057755,0.19696317613124847,0.1554490327835083,67400064.0,0.02168370969593525,9.999999747378752e-05
199,0.630161702632904,0.019145173951983452,0.18636158108711243,0.1187322735786438,54033044.0,0.012381431646645069,0.6480596661567688,0.03877204656600952,0.1969061940908432,0.15546461939811707,67376080.0,0.02166425622999668,9.999999747378752e-05
200,0.6276935338973999,0.019158389419317245,0.18637272715568542,0.11878230422735214,54068980.0,0.012392121367156506,0.6455631852149963,0.03874898701906204,0.19684761762619019,0.15547841787338257,67349448.0,0.021644223481416702,9.999999747378752e-05
201,0.6252362728118896,0.01917121186852455,0.18638339638710022,0.11883071064949036,54103620.0,0.012402486987411976,0.6430793404579163,0.038727376610040665,0.19679272174835205,0.15549419820308685,67321048.0,0.02162458933889866,9.999999747378752e-05
202,0.6227899193763733,0.01918361335992813,0.18639340996742249,0.1188775971531868,54137548.0,0.01241256482899189,0.6406063437461853,0.03870526701211929,0.19673654437065125,0.15550877153873444,67290840.0,0.021604489535093307,9.999999747378752e-05
203,0.6203544735908508,0.019195662811398506,0.18640318512916565,0.118923120200634,54170768.0,0.012422390282154083,0.6381458044052124,0.03868430107831955,0.19668325781822205,0.15552987158298492,67258248.0,0.02158460207283497,9.999999747378752e-05
204,0.6179299354553223,0.019207311794161797,0.18641218543052673,0.11896716803312302,54202968.0,0.012431904673576355,0.6356962323188782,0.03866323083639145,0.19662967324256897,0.15555618703365326,67224152.0,0.021564463153481483,9.999999747378752e-05
205,0.6155162453651428,0.019218597561120987,0.1864207237958908,0.11900974810123444,54234484.0,0.01244117971509695,0.633258581161499,0.038642700761556625,0.19657747447490692,0.15558236837387085,67187640.0,0.02154427208006382,9.999999747378752e-05
206,0.6131134629249573,0.019229518249630928,0.18642877042293549,0.119050994515419,54264880.0,0.012450117617845535,0.6308323740959167,0.03862248361110687,0.19652603566646576,0.15560895204544067,67150320.0,0.021524101495742798,9.999999747378752e-05
207,0.6107214093208313,0.01924009621143341,0.1864364594221115,0.11909092217683792,54294924.0,0.012458869256079197,0.6284178495407104,0.03860269859433174,0.19647569954395294,0.15563541650772095,67110512.0,0.021503806114196777,9.999999747378752e-05
208,0.6083402037620544,0.019250312820076942,0.1864435374736786,0.11912953853607178,54323860.0,0.012467330321669579,0.6260145902633667,0.03858330100774765,0.19642633199691772,0.15566247701644897,67069724.0,0.021483516320586205,9.999999747378752e-05
209,0.6059697270393372,0.01926019787788391,0.18645016849040985,0.11916738748550415,54352300.0,0.012475552968680859,0.6236228942871094,0.038564156740903854,0.19637759029865265,0.15568825602531433,67026572.0,0.021463118493556976,9.999999747378752e-05
210,0.6036099791526794,0.019269758835434914,0.18645639717578888,0.11920444667339325,54380228.0,0.012483530677855015,0.6212420463562012,0.03854479268193245,0.1963282823562622,0.15572141110897064,66982280.0,0.021442392840981483,9.999999747378752e-05
211,0.6012610793113708,0.01927899569272995,0.18646225333213806,0.11924009770154953,54407080.0,0.012491247616708279,0.6188733577728271,0.03852667659521103,0.19628213346004486,0.15575623512268066,66936260.0,0.021422086283564568,9.999999747378752e-05
212,0.598922848701477,0.019287914037704468,0.18646752834320068,0.11927513033151627,54434140.0,0.012498767115175724,0.6165148615837097,0.038507670164108276,0.19623371958732605,0.15578998625278473,66889156.0,0.021401165053248405,9.999999747378752e-05
213,0.5965952277183533,0.01929652690887451,0.1864725649356842,0.11930904537439346,54460388.0,0.012506064958870411,0.6141688823699951,0.03849029168486595,0.19618943333625793,0.15582525730133057,66840172.0,0.021380780264735222,9.999999747378752e-05
214,0.5942783355712891,0.019304843619465828,0.18647713959217072,0.11934199929237366,54486028.0,0.012513094581663609,0.611832857131958,0.03847188502550125,0.1961425095796585,0.15585879981517792,66790752.0,0.02135983295738697,9.999999747378752e-05
215,0.5919720530509949,0.019312866032123566,0.1864812821149826,0.11937368661165237,54511188.0,0.01251996960490942,0.6095089912414551,0.038454681634902954,0.19609865546226501,0.1558927595615387,66738620.0,0.02133915387094021,9.999999747378752e-05
216,0.5896764397621155,0.019320594146847725,0.18648506700992584,0.11940433830022812,54535224.0,0.012526542879641056,0.6071956753730774,0.038437191396951675,0.19605405628681183,0.15592679381370544,66686896.0,0.021318314597010612,9.999999747378752e-05
217,0.5873913764953613,0.01932806335389614,0.18648859858512878,0.1194339320063591,54559324.0,0.01253301091492176,0.6048935055732727,0.03842000663280487,0.19601021707057953,0.15596002340316772,66632248.0,0.02129734866321087,9.999999747378752e-05
218,0.5851168036460876,0.019335241988301277,0.18649163842201233,0.11946253478527069,54582184.0,0.012539190240204334,0.602603018283844,0.03840366005897522,0.19596852362155914,0.15599745512008667,66578484.0,0.021276719868183136,9.999999747378752e-05
219,0.5828527808189392,0.019342156127095222,0.186494380235672,0.11949003487825394,54605072.0,0.012545268051326275,0.6003223061561584,0.03838643059134483,0.1959245502948761,0.1560300886631012,66521144.0,0.021255435422062874,9.999999747378752e-05
220,0.5805993676185608,0.019348816946148872,0.1864967793226242,0.11951669305562973,54626684.0,0.01255101803690195,0.5980541706085205,0.03837094083428383,0.19588501751422882,0.15606719255447388,66465520.0,0.021234966814517975,9.999999747378752e-05
221,0.5783563852310181,0.01935522072017193,0.18649880588054657,0.11954224109649658,54648564.0,0.01255672425031662,0.5957953929901123,0.03835412487387657,0.19584208726882935,0.1560990959405899,66406036.0,0.02121359296143055,9.999999747378752e-05
222,0.5761237740516663,0.01936136744916439,0.18650050461292267,0.11956694722175598,54668868.0,0.012562097050249577,0.5935489535331726,0.03833898529410362,0.1958034336566925,0.15613530576229095,66348712.0,0.021193059161305428,9.999999747378752e-05
223,0.5739017128944397,0.0193672813475132,0.1865018755197525,0.1195906549692154,54689768.0,0.012567459605634212,0.5913122892379761,0.038322895765304565,0.19576235115528107,0.1561664193868637,66287020.0,0.02117175981402397,9.999999747378752e-05
224,0.5716899633407593,0.019372962415218353,0.18650303781032562,0.11961367726325989,54709384.0,0.012572533451020718,0.5890869498252869,0.038307588547468185,0.1957232505083084,0.15620046854019165,66227320.0,0.02115088514983654,9.999999747378752e-05
225,0.569488525390625,0.019378405064344406,0.1865038424730301,0.1196354478597641,54728488.0,0.012577448971569538,0.5868725180625916,0.03829265013337135,0.19568507373332977,0.156232088804245,66165068.0,0.021130021661520004,9.999999747378752e-05
226,0.5672974586486816,0.01938362792134285,0.18650440871715546,0.11965677887201309,54747564.0,0.012582221999764442,0.5846682190895081,0.038277171552181244,0.1956455260515213,0.15626372396945953,66102612.0,0.021108772605657578,9.999999747378752e-05
227,0.5651168823242188,0.019388634711503983,0.18650464713573456,0.11967702955007553,54765712.0,0.012586839497089386,0.5824755430221558,0.03826301172375679,0.19560933113098145,0.15629541873931885,66038892.0,0.021088048815727234,9.999999747378752e-05
228,0.5629463791847229,0.019393427297472954,0.1865045577287674,0.11969660222530365,54783696.0,0.012591284699738026,0.5802924036979675,0.03824775665998459,0.19557033479213715,0.15632489323616028,65974700.0,0.02106676623225212,9.999999747378752e-05
229,0.560786247253418,0.019398009404540062,0.1865043044090271,0.11971530318260193,54801060.0,0.01259558741003275,0.5781211256980896,0.03823403641581535,0.19553525745868683,0.15635603666305542,65909284.0,0.02104601077735424,9.999999747378752e-05
230,0.5586362481117249,0.019402386620640755,0.18650372326374054,0.1197332963347435,54817892.0,0.01259971410036087,0.5759598612785339,0.0382198728621006,0.19549903273582458,0.15638574957847595,65844436.0,0.02102513238787651,9.999999747378752e-05
231,0.5564965009689331,0.019406570121645927,0.18650290369987488,0.1197504997253418,54834464.0,0.012603707611560822,0.5738093256950378,0.038206085562705994,0.19546377658843994,0.15641459822654724,65777528.0,0.02100422792136669,9.999999747378752e-05
232,0.5543668866157532,0.019410565495491028,0.1865019053220749,0.11976706981658936,54850584.0,0.012607578188180923,0.5716692805290222,0.03819247707724571,0.19542895257472992,0.15644405782222748,65710904.0,0.020983358845114708,9.999999747378752e-05
233,0.5522474050521851,0.019414374604821205,0.1865006387233734,0.11978281289339066,54866112.0,0.012611298821866512,0.5695397853851318,0.03817914426326752,0.1953948438167572,0.15647152066230774,65642860.0,0.02096257172524929,9.999999747378752e-05
234,0.5501379370689392,0.019417989999055862,0.18649911880493164,0.11979792267084122,54881384.0,0.01261484157294035,0.567421019077301,0.038166143000125885,0.19536156952381134,0.15650004148483276,65575128.0,0.020941898226737976,9.999999747378752e-05
235,0.5480387210845947,0.01942143216729164,0.18649742007255554,0.11981233954429626,54896448.0,0.012618341483175755,0.5653117895126343,0.038152702152729034,0.19532716274261475,0.15652593970298767,65505168.0,0.02092081867158413,9.999999747378752e-05
236,0.545949399471283,0.01942470483481884,0.18649551272392273,0.11982611566781998,54910404.0,0.012621594592928886,0.5632146596908569,0.038141027092933655,0.19529728591442108,0.1565551608800888,65437580.0,0.020900750532746315,9.999999747378752e-05
237,0.5438700914382935,0.01942780241370201,0.18649336695671082,0.11983920633792877,54925120.0,0.012624858878552914,0.5611256957054138,0.03812740370631218,0.19526240229606628,0.15657839179039001,65365752.0,0.020879438146948814,9.999999747378752e-05
238,0.5418007373809814,0.019430730491876602,0.18649102747440338,0.1198517307639122,54938244.0,0.012627862393856049,0.559049665927887,0.03811654821038246,0.19523459672927856,0.15660785138607025,65297332.0,0.020859625190496445,9.999999747378752e-05
239,0.5397412776947021,0.019433511421084404,0.18648847937583923,0.11986356973648071,54951940.0,0.012630848214030266,0.5569816827774048,0.03810373693704605,0.1952017843723297,0.15663038194179535,65225276.0,0.020838720723986626,9.999999747378752e-05
240,0.5376918911933899,0.019436120986938477,0.18648569285869598,0.1198749765753746,54964936.0,0.012633663602173328,0.5549255609512329,0.03809269890189171,0.19517351686954498,0.1566580832004547,65155428.0,0.020818667486310005,9.999999747378752e-05
241,0.5356522798538208,0.019438596442341805,0.18648284673690796,0.11988560855388641,54977588.0,0.012636417523026466,0.5528786778450012,0.03808095306158066,0.1951434165239334,0.1566806584596634,65082472.0,0.020798159763216972,9.999999747378752e-05
242,0.5336224436759949,0.01944090984761715,0.18647977709770203,0.11989577859640121,54989672.0,0.012638959102332592,0.5508427619934082,0.03807017207145691,0.19511578977108002,0.1567067950963974,65012296.0,0.02077823504805565,9.999999747378752e-05
243,0.5316024422645569,0.019443076103925705,0.18647649884223938,0.11990530043840408,55001984.0,0.012641528621315956,0.5488156676292419,0.0380583293735981,0.19508543610572815,0.15672744810581207,64937740.0,0.020757529884576797,9.999999747378752e-05
244,0.5295922756195068,0.019445102661848068,0.1864730417728424,0.1199144795536995,55013228.0,0.012643846683204174,0.5468009114265442,0.038048986345529556,0.19506148993968964,0.15675503015518188,64868080.0,0.020738301798701286,9.999999747378752e-05
245,0.5275917649269104,0.019447004422545433,0.18646948039531708,0.11992287635803223,55025084.0,0.012646215967833996,0.5447933673858643,0.03803695738315582,0.19503065943717957,0.15677319467067719,64792404.0,0.020717456936836243,9.999999747378752e-05
246,0.5256009697914124,0.019448768347501755,0.186465784907341,0.11993104964494705,55035616.0,0.012648328207433224,0.5427987575531006,0.03802809864282608,0.19500795006752014,0.1568000465631485,64722188.0,0.020698415115475655,9.999999747378752e-05
247,0.5236200094223022,0.01945040188729763,0.1864618957042694,0.11993838101625443,55046716.0,0.012650487944483757,0.5408115983009338,0.03801679238677025,0.19497895240783691,0.1568172425031662,64645824.0,0.020677896216511726,9.999999747378752e-05
248,0.5216484665870667,0.019451910629868507,0.18645785748958588,0.11994563788175583,55057072.0,0.012652447447180748,0.5388367772102356,0.03800823166966438,0.19495700299739838,0.1568436175584793,64575108.0,0.020658891648054123,9.999999747378752e-05
249,0.5196866393089294,0.019453294575214386,0.1864537000656128,0.11995209753513336,55067384.0,0.012654404155910015,0.5368703603744507,0.03799832612276077,0.19493159651756287,0.15686184167861938,64499012.0,0.020639052614569664,9.999999747378752e-05
250,0.5177343487739563,0.019454557448625565,0.186449334025383,0.11995891481637955,55077000.0,0.01265613455325365,0.5349146723747253,0.03798940032720566,0.19490869343280792,0.15688540041446686,64427456.0,0.020619899034500122,9.999999747378752e-05
251,0.5157915353775024,0.019455699250102043,0.18644487857818604,0.11996489763259888,55086800.0,0.012657934799790382,0.5329680442810059,0.03798006474971771,0.1948847472667694,0.15690338611602783,64350576.0,0.020600222051143646,9.999999747378752e-05
252,0.5138583183288574,0.01945674419403076,0.1864403486251831,0.11997086554765701,55095992.0,0.012659536674618721,0.5310322046279907,0.03797189146280289,0.19486378133296967,0.1569262146949768,64278740.0,0.0205814391374588,9.999999747378752e-05
253,0.5119344592094421,0.019457677379250526,0.186435729265213,0.11997612565755844,55105236.0,0.012661125510931015,0.5291054248809814,0.037963178008794785,0.1948414146900177,0.15694402158260345,64202488.0,0.020562145859003067,9.999999747378752e-05
254,0.5100200772285461,0.019458504393696785,0.18643096089363098,0.11998124420642853,55114140.0,0.01266258955001831,0.5271888971328735,0.03795527666807175,0.19482113420963287,0.15696561336517334,64129344.0,0.020543372258543968,9.999999747378752e-05
255,0.5081149935722351,0.019459210336208344,0.18642601370811462,0.11998607963323593,55122688.0,0.012664002366364002,0.5252817869186401,0.037947267293930054,0.19480058550834656,0.1569834202528,64053616.0,0.020524483174085617,9.999999747378752e-05
256,0.5062193870544434,0.01945982687175274,0.1864210069179535,0.11999104171991348,55131080.0,0.01266530528664589,0.523384690284729,0.03793987259268761,0.1947816014289856,0.15700411796569824,63980232.0,0.020505979657173157,9.999999747378752e-05
257,0.5043330788612366,0.019460348412394524,0.1864158809185028,0.11999540776014328,55139304.0,0.012666592374444008,0.521496593952179,0.03793208673596382,0.19476161897182465,0.1570209264755249,63903944.0,0.02048715204000473,9.999999747378752e-05
258,0.50245600938797,0.019460763782262802,0.18641062080860138,0.1199994832277298,55147052.0,0.012667722068727016,0.5196191072463989,0.03792556747794151,0.19474488496780396,0.15704135596752167,63830768.0,0.020469140261411667,9.999999747378752e-05
259,0.5005882382392883,0.019461093470454216,0.18640530109405518,0.12000307440757751,55154684.0,0.012668834067881107,0.5177503228187561,0.03791845217347145,0.1947266161441803,0.15705828368663788,63754856.0,0.020450670272111893,9.999999747378752e-05
260,0.4987296164035797,0.019461343064904213,0.1863999366760254,0.12000647187232971,55162232.0,0.01266989205032587,0.5158913731575012,0.03791195526719093,0.1947099268436432,0.15707695484161377,63680528.0,0.020432595163583755,9.999999747378752e-05
261,0.4968801736831665,0.019461488351225853,0.18639439344406128,0.12000936269760132,55169324.0,0.012670832686126232,0.5140423774719238,0.03790606930851936,0.19469481706619263,0.15709473192691803,63605536.0,0.02041483297944069,9.999999747378752e-05
262,0.49503985047340393,0.019461562857031822,0.18638883531093597,0.12001214176416397,55176720.0,0.01267175655812025,0.5122018456459045,0.03789946064352989,0.19467784464359283,0.15711170434951782,63530924.0,0.020396729931235313,9.999999747378752e-05
263,0.49320870637893677,0.01946154423058033,0.18638315796852112,0.12001436203718185,55183344.0,0.012672592885792255,0.5103721022605896,0.0378945916891098,0.19466532766819,0.15713097155094147,63455996.0,0.020379455760121346,9.999999747378752e-05
264,0.4913865625858307,0.01946144737303257,0.1863774210214615,0.12001635879278183,55190144.0,0.012673369608819485,0.5085499286651611,0.03788807988166809,0.1946486085653305,0.15714742243289948,63381268.0,0.020361458882689476,9.999999747378752e-05
265,0.48957350850105286,0.019461283460259438,0.18637162446975708,0.12001802027225494,55196432.0,0.012674081139266491,0.5067388415336609,0.03788357228040695,0.19463703036308289,0.15716660022735596,63306780.0,0.020344432443380356,9.999999747378752e-05
266,0.48776939511299133,0.01946103945374489,0.18636572360992432,0.1200193390250206,55202800.0,0.012674753554165363,0.5049360990524292,0.03787838667631149,0.19462370872497559,0.15718401968479156,63232208.0,0.020327113568782806,9.999999747378752e-05
267,0.4859742224216461,0.01946071907877922,0.1863597184419632,0.12002041190862656,55208884.0,0.012675358913838863,0.5031424760818481,0.03787335753440857,0.19461078941822052,0.15720100700855255,63157620.0,0.020309874787926674,9.999999747378752e-05
268,0.4841879904270172,0.019460326060652733,0.18635372817516327,0.12002109736204147,55214472.0,0.012675868347287178,0.5013594031333923,0.037869859486818314,0.19460180401802063,0.15722009539604187,63083872.0,0.020293472334742546,9.999999747378752e-05
269,0.48241060972213745,0.019459864124655724,0.1863475739955902,0.12002195417881012,55220532.0,0.012676396407186985,0.49958348274230957,0.03786469250917435,0.1945885270833969,0.1572355031967163,63008960.0,0.020276186987757683,9.999999747378752e-05
270,0.4806421101093292,0.01945934258401394,0.18634141981601715,0.12002266943454742,55225872.0,0.012676834128797054,0.49781882762908936,0.03786180913448334,0.19458110630512238,0.15726080536842346,62935528.0,0.020260123535990715,9.999999747378752e-05
271,0.47888243198394775,0.019458752125501633,0.1863352209329605,0.12002310156822205,55231296.0,0.0126772066578269,0.4960615336894989,0.03785748779773712,0.19457000494003296,0.15728332102298737,62861508.0,0.020243419334292412,9.999999747378752e-05
272,0.4771314859390259,0.0194581039249897,0.1863289773464203,0.12002336978912354,55236576.0,0.012677560560405254,0.4943143129348755,0.03785444796085358,0.19456219673156738,0.15730838477611542,62787772.0,0.02022727020084858,9.999999747378752e-05
273,0.4753892719745636,0.019457390531897545,0.18632261455059052,0.1200232282280922,55241420.0,0.012677851133048534,0.4925760328769684,0.03785157948732376,0.19455482065677643,0.15733224153518677,62714144.0,0.02021132782101631,9.999999747378752e-05
274,0.47365570068359375,0.019456610083580017,0.18631623685359955,0.12002292275428772,55246524.0,0.012678096070885658,0.4908459186553955,0.037848107516765594,0.1945458948612213,0.15735480189323425,62640444.0,0.02019508183002472,9.999999747378752e-05
275,0.4719308614730835,0.01945577934384346,0.1863097995519638,0.12002233415842056,55251144.0,0.012678289785981178,0.48912617564201355,0.037846360355615616,0.19454140961170197,0.1573801189661026,62567680.0,0.020179731771349907,9.999999747378752e-05
276,0.4702146351337433,0.019454894587397575,0.18630342185497284,0.12002168595790863,55255620.0,0.012678433209657669,0.4874141812324524,0.03784368932247162,0.1945345401763916,0.15740276873111725,62494728.0,0.020164012908935547,9.999999747378752e-05
277,0.46850699186325073,0.019453953951597214,0.18629685044288635,0.12002179026603699,55260512.0,0.01267857477068901,0.4857110381126404,0.037841279059648514,0.19452835619449615,0.15742865204811096,62421564.0,0.020148370414972305,9.999999747378752e-05
278,0.46680787205696106,0.019452964887022972,0.18629035353660583,0.12002159655094147,55264844.0,0.012678624130785465,0.4840175211429596,0.03783993795514107,0.19452489912509918,0.15745605528354645,62349320.0,0.02013339288532734,9.999999747378752e-05
279,0.4651172161102295,0.019451919943094254,0.18628373742103577,0.12002123147249222,55269400.0,0.01267863716930151,0.48233240842819214,0.03783847391605377,0.19452114403247833,0.1574830263853073,62277256.0,0.020118355751037598,9.999999747378752e-05
280,0.4634351432323456,0.019450828433036804,0.18627707660198212,0.12002072483301163,55273928.0,0.012678678147494793,0.4806549549102783,0.037836141884326935,0.1945151388645172,0.15750692784786224,62203876.0,0.020102832466363907,9.999999747378752e-05
281,0.4617614448070526,0.019449692219495773,0.18627043068408966,0.12001984566450119,55277668.0,0.012678557075560093,0.47898924350738525,0.03783707693219185,0.19451755285263062,0.1575377732515335,62134320.0,0.02008923888206482,9.999999747378752e-05
282,0.460096150636673,0.01944851316511631,0.1862637996673584,0.120018869638443,55282228.0,0.012678518891334534,0.477327823638916,0.03783399984240532,0.19450964033603668,0.15755879878997803,62060336.0,0.02007337100803852,9.999999747378752e-05
283,0.4584391117095947,0.019447283819317818,0.1862570196390152,0.12001769244670868,55285984.0,0.012678422965109348,0.47567862272262573,0.03783464431762695,0.1945112943649292,0.15758749842643738,61989744.0,0.020059555768966675,9.999999747378752e-05
284,0.45679059624671936,0.01944601535797119,0.18625028431415558,0.12001610547304153,55289612.0,0.012678200379014015,0.4740367531776428,0.037834372371435165,0.1945105940103531,0.15761710703372955,61918708.0,0.02004542201757431,9.999999747378752e-05
285,0.45515015721321106,0.019444696605205536,0.18624348938465118,0.12001481652259827,55293792.0,0.012678061611950397,0.4724026620388031,0.03783353790640831,0.19450844824314117,0.1576506644487381,61847404.0,0.020030837506055832,9.999999747378752e-05
286,0.4535180330276489,0.019443342462182045,0.18623670935630798,0.12001312524080276,55296688.0,0.012677808292210102,0.4707791209220886,0.0378350168466568,0.1945122480392456,0.15768784284591675,61777988.0,0.020017700269818306,9.999999747378752e-05
287,0.45189419388771057,0.019441960379481316,0.1862298995256424,0.12001153826713562,55300436.0,0.012677536346018314,0.4691617786884308,0.03783445805311203,0.194510817527771,0.15772022306919098,61707308.0,0.020003460347652435,9.999999747378752e-05
288,0.4502784311771393,0.019440531730651855,0.18622305989265442,0.12000976502895355,55303848.0,0.01267730351537466,0.4675537645816803,0.03783509507775307,0.19451245665550232,0.15775471925735474,61637476.0,0.019989846274256706,9.999999747378752e-05
289,0.4486708641052246,0.019439075142145157,0.18621619045734406,0.1200074702501297,55306496.0,0.012676925398409367,0.46595531702041626,0.03783709183335304,0.194517582654953,0.1577911525964737,61568968.0,0.0199771486222744,9.999999747378752e-05
290,0.4470713436603546,0.019437575712800026,0.18620935082435608,0.12000542134046555,55310164.0,0.01267661526799202,0.46436259150505066,0.03783675655722618,0.19451671838760376,0.15782217681407928,61498396.0,0.01996304839849472,9.999999747378752e-05
291,0.4454798400402069,0.019436031579971313,0.18620236217975616,0.12000294774770737,55312768.0,0.012676233425736427,0.46278080344200134,0.03783927857875824,0.19452321529388428,0.15785905718803406,61430924.0,0.01995064876973629,9.999999747378752e-05
292,0.44389644265174866,0.019434476271271706,0.18619556725025177,0.12000011652708054,55315312.0,0.01267576590180397,0.46120595932006836,0.03784068301320076,0.1945268213748932,0.15789204835891724,61361920.0,0.019937755540013313,9.999999747378752e-05
293,0.44232094287872314,0.019432879984378815,0.18618856370449066,0.11999761313199997,55318640.0,0.01267541665583849,0.45963823795318604,0.037841349840164185,0.19452853500843048,0.15792404115200043,61293104.0,0.019924303516745567,9.999999747378752e-05
294,0.4407534897327423,0.019431253895163536,0.1861816644668579,0.11999443173408508,55320708.0,0.012674952857196331,0.4580809473991394,0.03784432262182236,0.19453617930412292,0.1579592525959015,61226052.0,0.019912345334887505,9.999999747378752e-05
295,0.43919387459754944,0.019429601728916168,0.1861746609210968,0.11999134719371796,55323372.0,0.012674398720264435,0.45653071999549866,0.037846606224775314,0.1945420354604721,0.1579928994178772,61158580.0,0.01990002952516079,9.999999747378752e-05
296,0.43764209747314453,0.019427908584475517,0.1861676722764969,0.11998824030160904,55326084.0,0.01267396192997694,0.4549877941608429,0.03784826397895813,0.19454629719257355,0.15802529454231262,61090960.0,0.01988724246621132,9.999999747378752e-05
297,0.43609818816185,0.01942620240151882,0.18616072833538055,0.11998451501131058,55327808.0,0.012673405930399895,0.45345455408096313,0.03785176947712898,0.19455531239509583,0.15805986523628235,61024600.0,0.01987573504447937,9.999999747378752e-05
298,0.4345621168613434,0.019424477592110634,0.1861538589000702,0.11998101323843002,55330248.0,0.012672815471887589,0.4519283175468445,0.037854500114917755,0.19456233084201813,0.1580931544303894,60958040.0,0.019863707944750786,9.999999747378752e-05
299,0.4330337643623352,0.019422708079218864,0.18614673614501953,0.11997736245393753,55332568.0,0.012672311626374722,0.4504094123840332,0.037856779992580414,0.1945681869983673,0.15812474489212036,60891316.0,0.019851461052894592,9.999999747378752e-05
300,0.43151310086250305,0.019420914351940155,0.18613974750041962,0.11997342109680176,55334284.0,0.012671653181314468,0.44890040159225464,0.03786125034093857,0.19457967579364777,0.15815995633602142,60826452.0,0.019840622320771217,9.999999747378752e-05
301,0.4300001263618469,0.01941910944879055,0.1861327886581421,0.11996980756521225,55336872.0,0.01267103012651205,0.44739747047424316,0.037864137440919876,0.1945870965719223,0.15819212794303894,60760516.0,0.019828757271170616,9.999999747378752e-05
302,0.42849478125572205,0.019417274743318558,0.18612578511238098,0.11996594816446304,55338864.0,0.012670430354773998,0.4459030032157898,0.03786783665418625,0.19459660351276398,0.15822508931159973,60695784.0,0.019817525520920753,9.999999747378752e-05
303,0.4269970655441284,0.019415419548749924,0.18611879646778107,0.11996182799339294,55340692.0,0.012669701129198074,0.44441717863082886,0.03787260130047798,0.19460883736610413,0.15825963020324707,60631540.0,0.019806917756795883,9.999999747378752e-05
304,0.42550691962242126,0.019413556903600693,0.18611182272434235,0.11995795369148254,55343016.0,0.01266908086836338,0.44293710589408875,0.037875525653362274,0.19461636245250702,0.15829022228717804,60566416.0,0.01979525201022625,9.999999747378752e-05
305,0.4240243434906006,0.01941165141761303,0.18610480427742004,0.11995401233434677,55344512.0,0.012668360956013203,0.4414665400981903,0.037880461663007736,0.19462904334068298,0.15832450985908508,60503784.0,0.019784927368164062,9.999999747378752e-05
306,0.42254918813705444,0.019409742206335068,0.18609777092933655,0.11995001882314682,55346368.0,0.012667601928114891,0.44000372290611267,0.0378856435418129,0.1946423500776291,0.15835833549499512,60439656.0,0.019774572923779488,9.999999747378752e-05
307,0.42108154296875,0.019407810643315315,0.18609081208705902,0.11994646489620209,55348664.0,0.012666936963796616,0.4385463297367096,0.03788880258798599,0.19465045630931854,0.15838830173015594,60376220.0,0.019763251766562462,9.999999747378752e-05
308,0.4196212887763977,0.019405841827392578,0.18608376383781433,0.11994238197803497,55350276.0,0.012666142545640469,0.43709897994995117,0.037894513458013535,0.19466513395309448,0.15842214226722717,60313876.0,0.0197534691542387,9.999999747378752e-05
309,0.41816848516464233,0.01940389908850193,0.1860768347978592,0.11993853002786636,55352160.0,0.01266532763838768,0.4356589615345001,0.03790031000971794,0.19468002021312714,0.15845677256584167,60251928.0,0.01974358968436718,9.999999747378752e-05
310,0.41672295331954956,0.019401907920837402,0.18606984615325928,0.1199345588684082,55354312.0,0.012664628215134144,0.4342239201068878,0.03790371119976044,0.19468875229358673,0.1584853231906891,60188840.0,0.019732574000954628,9.999999747378752e-05
311,0.4152847230434418,0.019399913027882576,0.18606284260749817,0.11993017792701721,55355756.0,0.01266379002481699,0.4327993094921112,0.03791024163365364,0.194705531001091,0.1585197150707245,60127676.0,0.019723348319530487,9.999999747378752e-05
312,0.41385379433631897,0.019397905096411705,0.18605586886405945,0.11992592364549637,55357368.0,0.01266293041408062,0.4313814640045166,0.037916239351034164,0.19472092390060425,0.15855370461940765,60066980.0,0.01971377618610859,9.999999747378752e-05
313,0.412430077791214,0.019395876675844193,0.1860489547252655,0.11992158740758896,55359228.0,0.012662181630730629,0.42996901273727417,0.03792043775320053,0.1947317123413086,0.1585824191570282,60004932.0,0.019703317433595657,9.999999747378752e-05
314,0.41101357340812683,0.01939382776618004,0.18604198098182678,0.11991691589355469,55360440.0,0.012661288492381573,0.4285665452480316,0.03792743384838104,0.19474966824054718,0.15861713886260986,59945492.0,0.019694501534104347,9.999999747378752e-05
315,0.4096042513847351,0.019391775131225586,0.18603502213954926,0.11991215497255325,55361740.0,0.01266039814800024,0.427170991897583,0.03793419525027275,0.194767028093338,0.15865106880664825,59885468.0,0.019685475155711174,9.999999747378752e-05
316,0.40820202231407166,0.019389711320400238,0.1860281080007553,0.1199079230427742,55363360.0,0.012659592553973198,0.4257802665233612,0.03793872520327568,0.1947786509990692,0.1586795449256897,59824920.0,0.019675394520163536,9.999999747378752e-05
317,0.4068068861961365,0.01938762702047825,0.1860211342573166,0.11990334093570709,55364400.0,0.012658673338592052,0.4243997633457184,0.03794632852077484,0.19479817152023315,0.15871436893939972,59766444.0,0.019667016342282295,9.999999747378752e-05
318,0.4054188132286072,0.01938554458320141,0.18601427972316742,0.11989882588386536,55365536.0,0.012657755985856056,0.42302513122558594,0.037952765822410583,0.19481469690799713,0.15874651074409485,59707380.0,0.019658012315630913,9.999999747378752e-05
319,0.4040377140045166,0.01938343048095703,0.1860072910785675,0.11989419162273407,55366636.0,0.012656861916184425,0.42165765166282654,0.03795938193798065,0.19483166933059692,0.15877844393253326,59648944.0,0.01964917592704296,9.999999747378752e-05
320,0.4026636779308319,0.019381331279873848,0.18600042164325714,0.11988939344882965,55367672.0,0.012655957601964474,0.4202969968318939,0.037965890020132065,0.19484837353229523,0.15880943834781647,59590084.0,0.019640322774648666,9.999999747378752e-05
321,0.4012965261936188,0.019379206001758575,0.1859935224056244,0.11988469213247299,55368824.0,0.012655012309551239,0.418943852186203,0.037972912192344666,0.1948663890361786,0.15884166955947876,59532480.0,0.019631844013929367,9.999999747378752e-05
322,0.3999362587928772,0.019377073273062706,0.18598666787147522,0.11988039314746857,55370212.0,0.01265404187142849,0.4175982177257538,0.0379805751144886,0.19488605856895447,0.15887494385242462,59475364.0,0.01962369494140148,9.999999747378752e-05
323,0.39858293533325195,0.019374944269657135,0.18597981333732605,0.1198764368891716,55372304.0,0.012653138488531113,0.41625791788101196,0.03798675909638405,0.19490192830562592,0.15890413522720337,59417212.0,0.01961483247578144,9.999999747378752e-05
324,0.3972363770008087,0.01937280036509037,0.18597300350666046,0.11987273395061493,55374348.0,0.012652152217924595,0.41492605209350586,0.03799455612897873,0.19492192566394806,0.15893758833408356,59361888.0,0.019606970250606537,9.999999747378752e-05
325,0.39589664340019226,0.019370634108781815,0.1859661489725113,0.11986882984638214,55376268.0,0.012651138938963413,0.4136015772819519,0.038002945482730865,0.19494344294071198,0.1589708775281906,59305176.0,0.01959933340549469,9.999999747378752e-05
326,0.3945636749267578,0.019368484616279602,0.18595938384532928,0.11986511200666428,55378736.0,0.012650230899453163,0.41228145360946655,0.03800894320011139,0.19495882093906403,0.15899905562400818,59248312.0,0.01959051750600338,9.999999747378752e-05
327,0.3932374119758606,0.01936631090939045,0.18595251441001892,0.11986115574836731,55380572.0,0.012649204581975937,0.41097086668014526,0.03801773488521576,0.19498136639595032,0.15903349220752716,59194024.0,0.019583294168114662,9.999999747378752e-05
328,0.391917884349823,0.019364135339856148,0.18594570457935333,0.11985691636800766,55382252.0,0.012648170813918114,0.40966635942459106,0.03802597150206566,0.1950024962425232,0.15906526148319244,59137828.0,0.019575731828808784,9.999999747378752e-05
329,0.39060497283935547,0.0193619541823864,0.1859389841556549,0.11985302716493607,55384532.0,0.012647204101085663,0.40836769342422485,0.03803341090679169,0.19502156972885132,0.15909594297409058,59082720.0,0.019567791372537613,9.999999747378752e-05
330,0.3892987072467804,0.01935976929962635,0.1859321892261505,0.11984875798225403,55386224.0,0.012646191753447056,0.4070756137371063,0.038040872663259506,0.19504068791866302,0.15912634134292603,59028324.0,0.019560009241104126,9.999999747378752e-05
331,0.3879989683628082,0.019357582554221153,0.18592551350593567,0.11984439194202423,55387852.0,0.012645132839679718,0.40579214692115784,0.0380503349006176,0.1950649470090866,0.15916025638580322,58974180.0,0.01955326832830906,9.999999747378752e-05
332,0.38670584559440613,0.01935538277029991,0.18591880798339844,0.1198401004076004,55389636.0,0.012644103728234768,0.4045140743255615,0.038058649748563766,0.1950862556695938,0.15919189155101776,58920336.0,0.019545922055840492,9.999999747378752e-05
333,0.38541918992996216,0.019353173673152924,0.18591202795505524,0.11983568221330643,55391384.0,0.012643101625144482,0.40324127674102783,0.03806578740477562,0.19510455429553986,0.15922072529792786,58866504.0,0.019538085907697678,9.999999747378752e-05
334,0.3841390311717987,0.019350970163941383,0.1859053373336792,0.11983102560043335,55392820.0,0.012642028741538525,0.40197688341140747,0.03807486593723297,0.19512781500816345,0.15925319492816925,58813356.0,0.01953131891787052,9.999999747378752e-05
335,0.3828653395175934,0.019348768517374992,0.18589873611927032,0.11982651054859161,55394148.0,0.01264092605561018,0.4007208049297333,0.038085807114839554,0.19515585899353027,0.1592896431684494,58761468.0,0.019525472074747086,9.999999747378752e-05
336,0.38159799575805664,0.019346551969647408,0.18589206039905548,0.11982186138629913,55395916.0,0.012639959342777729,0.39946579933166504,0.03809146583080292,0.1951703578233719,0.15931378304958344,58706488.0,0.019516896456480026,9.999999747378752e-05
337,0.38033708930015564,0.01934434100985527,0.18588542938232422,0.11981718987226486,55397580.0,0.012638910673558712,0.39822009205818176,0.03810005635023117,0.195192351937294,0.1593451350927353,58655372.0,0.019510110840201378,9.999999747378752e-05
338,0.3790825307369232,0.01934211514890194,0.18587878346443176,0.11981223523616791,55398304.0,0.012637692503631115,0.396984726190567,0.038112662732601166,0.19522464275360107,0.15938419103622437,58604900.0,0.019505305215716362,9.999999747378752e-05
339,0.37783417105674744,0.01933988742530346,0.1858721673488617,0.1198073998093605,55399660.0,0.01263667456805706,0.395751416683197,0.03812108561396599,0.19524621963500977,0.15941351652145386,58551796.0,0.019498178735375404,9.999999747378752e-05
340,0.37659215927124023,0.01933767832815647,0.1858656108379364,0.11980263888835907,55401680.0,0.012635757215321064,0.39451977610588074,0.0381249338388443,0.1952560693025589,0.1594337373971939,58498824.0,0.01948903128504753,9.999999747378752e-05
341,0.3753563463687897,0.019335437566041946,0.18585902452468872,0.11979736387729645,55402220.0,0.012634484097361565,0.3933042883872986,0.038138631731271744,0.19529114663600922,0.15947534143924713,58451188.0,0.019485076889395714,9.999999747378752e-05
342,0.37412676215171814,0.01933319866657257,0.18585245311260223,0.11979208141565323,55402572.0,0.012633275240659714,0.3920952379703522,0.03815264254808426,0.1953270137310028,0.15951523184776306,58400296.0,0.019480913877487183,9.999999747378752e-05
343,0.37290337681770325,0.019330989569425583,0.1858460158109665,0.11978745460510254,55404836.0,0.012632464058697224,0.39087989926338196,0.0381542406976223,0.19533111155033112,0.15952928364276886,58345536.0,0.01947043463587761,9.999999747378752e-05
344,0.37168607115745544,0.019328754395246506,0.18583950400352478,0.11978216469287872,55406316.0,0.012631392106413841,0.38967519998550415,0.03816036880016327,0.19534678757190704,0.15955549478530884,58296140.0,0.019462842494249344,9.999999747378752e-05
345,0.37047481536865234,0.019326498731970787,0.1858329325914383,0.11977637559175491,55405528.0,0.012629881501197815,0.38849306106567383,0.038182973861694336,0.19540464878082275,0.1596188247203827,58251640.0,0.01946345902979374,9.999999747378752e-05
346,0.3692696690559387,0.019324272871017456,0.18582656979560852,0.11977136880159378,55406576.0,0.012628917582333088,0.3873027563095093,0.038191359490156174,0.1954260915517807,0.1596473604440689,58197164.0,0.019456220790743828,9.999999747378752e-05
347,0.3680706024169922,0.019322065636515617,0.18582013249397278,0.11976666003465652,55409872.0,0.012628281489014626,0.38610291481018066,0.03818419203162193,0.19540776312351227,0.15964533388614655,58142628.0,0.01944173127412796,9.999999747378752e-05
348,0.3668774962425232,0.019319800660014153,0.18581363558769226,0.11976048350334167,55409544.0,0.012626772746443748,0.38493412733078003,0.03820214793086052,0.1954537034034729,0.15970076620578766,58101172.0,0.019440654665231705,9.999999747378752e-05
349,0.36569029092788696,0.019317524507641792,0.18580719828605652,0.11975440382957458,55407300.0,0.012625128030776978,0.3837851881980896,0.03823400288820267,0.19553516805171967,0.15978051722049713,58057016.0,0.019445566460490227,9.999999747378752e-05
350,0.36450913548469543,0.019315358251333237,0.18580105900764465,0.119750015437603,55410696.0,0.012624760158360004,0.38260021805763245,0.03822389245033264,0.19550931453704834,0.15976610779762268,57994532.0,0.01942879892885685,9.999999747378752e-05
351,0.3633338212966919,0.019313134253025055,0.1857946664094925,0.11974494159221649,55414600.0,0.01262403093278408,0.38141825795173645,0.0382109209895134,0.19547614455223083,0.1597558557987213,57945348.0,0.019412294030189514,9.999999747378752e-05
352,0.3621642589569092,0.01931081898510456,0.18578806519508362,0.11973841488361359,55410180.0,0.012621731497347355,0.38030150532722473,0.038257353007793427,0.1955948770046234,0.15987297892570496,57915284.0,0.019425788894295692,9.999999747378752e-05
353,0.3610006272792816,0.019308581948280334,0.18578186631202698,0.11973274499177933,55408088.0,0.012620456516742706,0.37917560338974,0.03828883916139603,0.1956753432750702,0.1599428504705429,57861456.0,0.019429553300142288,9.999999747378752e-05
354,0.3598429262638092,0.0193064846098423,0.18577592074871063,0.11972909420728683,55416548.0,0.012620982713997364,0.37797626852989197,0.03824107348918915,0.1955532431602478,0.1598486602306366,57790020.0,0.01939408853650093,9.999999747378752e-05
355,0.3586907684803009,0.019304195418953896,0.18576934933662415,0.1197233721613884,55418436.0,0.012619527988135815,0.37682631611824036,0.03823701664805412,0.19554287195205688,0.15986640751361847,57755840.0,0.019383447244763374,9.999999747378752e-05
356,0.35754430294036865,0.01930179074406624,0.18576271831989288,0.1197153702378273,55407232.0,0.012616172432899475,0.37578433752059937,0.038335151970386505,0.19579364359378815,0.1600884050130844,57737100.0,0.019422583281993866,9.999999747378752e-05
357,0.35640379786491394,0.0192997008562088,0.1857570856809616,0.1197107583284378,55408680.0,0.012616081163287163,0.3746589124202728,0.03834421560168266,0.1958167850971222,0.16009774804115295,57662288.0,0.01941354013979435,9.999999747378752e-05
358,0.3552689552307129,0.019297707825899124,0.18575145304203033,0.11970822513103485,55425072.0,0.012617738917469978,0.37341612577438354,0.03823027387261391,0.1955256313085556,0.15987111628055573,57582792.0,0.019345909357070923,9.999999747378752e-05
359,0.35413938760757446,0.019295252859592438,0.18574431538581848,0.11970022320747375,55420324.0,0.012614531442523003,0.372329980134964,0.03826730325818062,0.19562029838562012,0.1599896103143692,57577400.0,0.019357793033123016,9.999999747378752e-05
360,0.35301539301872253,0.019292736425995827,0.185737743973732,0.11969088762998581,55399044.0,0.012609902769327164,0.3713997006416321,0.038454700261354446,0.1960987001657486,0.16040000319480896,57568912.0,0.019440285861492157,9.999999747378752e-05
361,0.3518977761268616,0.01929105632007122,0.18573355674743652,0.11968906223773956,55409940.0,0.012612329795956612,0.37023094296455383,0.038398053497076035,0.19595421850681305,0.16024549305438995,57457808.0,0.01939619518816471,9.999999747378752e-05
362,0.3507852852344513,0.01928907446563244,0.1857275515794754,0.1196872815489769,55439104.0,0.012615406885743141,0.36888939142227173,0.03816317766904831,0.19535398483276367,0.15977531671524048,57364944.0,0.01927008479833603,9.999999747378752e-05
363,0.3496776819229126,0.019286444410681725,0.18571984767913818,0.11967510730028152,55419960.0,0.012608910910785198,0.36792632937431335,0.03830115869641304,0.1957068145275116,0.16013449430465698,57411980.0,0.01933514140546322,9.999999747378752e-05
364,0.34857553243637085,0.019283652305603027,0.18571320176124573,0.1196647509932518,55381360.0,0.012602357193827629,0.3671865165233612,0.03865693509578705,0.19661366939544678,0.16088064014911652,57419696.0,0.01949946954846382,9.999999747378752e-05
365,0.3474811017513275,0.019283199682831764,0.1857132613658905,0.11966835707426071,55412308.0,0.012609726749360561,0.36589497327804565,0.038455814123153687,0.19610154628753662,0.16038060188293457,57240360.0,0.019379744306206703,9.999999747378752e-05
366,0.3463899493217468,0.019280852749943733,0.1857050061225891,0.11966698616743088,55464636.0,0.012614984065294266,0.36433711647987366,0.037982866168022156,0.19489192962646484,0.15944255888462067,57121368.0,0.019138088449835777,9.999999747378752e-05
367,0.3453044891357422,0.019278572872281075,0.18569831550121307,0.11964739859104156,55418000.0,0.012603102251887321,0.3635824918746948,0.03830759599804878,0.1957232654094696,0.1602393239736557,57254768.0,0.019300231710076332,9.999999747378752e-05
368,0.3442228436470032,0.019274694845080376,0.18569037318229675,0.11963623762130737,55346352.0,0.012592341750860214,0.3632223308086395,0.0390215627849102,0.19753876328468323,0.1616998314857483,57306184.0,0.01964077167212963,9.999999747378752e-05
369,0.3431536853313446,0.01927807182073593,0.1857031285762787,0.11965326219797134,55410656.0,0.012608729302883148,0.3617187440395355,0.03858707472681999,0.19643592834472656,0.16063998639583588,57018172.0,0.019398491829633713,9.999999747378752e-05
370,0.34208205342292786,0.019273977726697922,0.1856870949268341,0.11965063214302063,55512056.0,0.012618902139365673,0.3596513867378235,0.03758345544338226,0.19386452436447144,0.15863493084907532,56810088.0,0.018896063789725304,9.999999747378752e-05
371,0.3410213887691498,0.019275350496172905,0.1856910139322281,0.1196291521191597,55431220.0,0.012600786052644253,0.3591405749320984,0.03813065215945244,0.19527071714401245,0.15997453033924103,57061140.0,0.019174586981534958,9.999999747378752e-05
372,0.33995646238327026,0.01926681399345398,0.18567399680614471,0.11961359530687332,55291316.0,0.012577743269503117,0.3596266210079193,0.03966964781284332,0.19917240738868713,0.16323129832744598,57257480.0,0.019928013905882835,9.999999747378752e-05
373,0.33892104029655457,0.019282888621091843,0.1857278048992157,0.11966128647327423,55381536.0,0.012609517201781273,0.35798293352127075,0.03907431662082672,0.19767224788665771,0.16161197423934937,56847484.0,0.019594553858041763,9.999999747378752e-05
374,0.3378642499446869,0.019272971898317337,0.18569231033325195,0.11965968459844589,55606864.0,0.012632574886083603,0.35473543405532837,0.036869872361421585,0.19201529026031494,0.1571783423423767,56357780.0,0.018494831398129463,9.999999747378752e-05
375,0.33684006333351135,0.019290132448077202,0.185735821723938,0.11962277442216873,55502952.0,0.012616200372576714,0.35407739877700806,0.03724877908825874,0.19299942255020142,0.15822823345661163,56647160.0,0.018695153295993805,9.999999747378752e-05
376,0.3357848823070526,0.019270112738013268,0.18570420145988464,0.11968599259853363,55291840.0,0.012561715207993984,0.35630521178245544,0.04050833359360695,0.2012668251991272,0.16523343324661255,57219228.0,0.020319635048508644,9.999999747378752e-05
377,0.334799587726593,0.019315214827656746,0.1858404129743576,0.11969804018735886,55258832.0,0.012609235942363739,0.3554874360561371,0.04071842133998871,0.201788067817688,0.1651247888803482,56881228.0,0.020379822701215744,9.999999747378752e-05
378,0.3337700068950653,0.019312100484967232,0.18585200607776642,0.11988704651594162,55832884.0,0.012673485092818737,0.3499297499656677,0.03618345782160759,0.19021949172019958,0.15565483272075653,55747372.0,0.018100088462233543,9.999999747378752e-05
379,0.33278143405914307,0.019344387575984,0.18588298559188843,0.11961280554533005,55686288.0,0.012678788043558598,0.3473920524120331,0.034661345183849335,0.18617556989192963,0.15294431149959564,55527136.0,0.017369946464896202,9.999999747378752e-05
380,0.3318011462688446,0.019377605989575386,0.18609990179538727,0.12025436758995056,55539572.0,0.012601207010447979,0.3519134521484375,0.04019201919436455,0.20047947764396667,0.16489781439304352,56664968.0,0.02012667991220951,9.999999747378752e-05
381,0.33078497648239136,0.01936929114162922,0.1860181987285614,0.11976424604654312,54956432.0,0.012581294402480125,0.3554021716117859,0.044686753302812576,0.21139241755008698,0.17353375256061554,57097356.0,0.022365769371390343,9.999999747378752e-05
382,0.33001822233200073,0.019607389345765114,0.18688395619392395,0.12079232931137085,56230688.0,0.012837999500334263,0.3467459976673126,0.037032127380371094,0.1924373358488083,0.15686433017253876,55135996.0,0.01843751035630703,9.999999747378752e-05
383,0.3288303017616272,0.019419044256210327,0.1861126869916916,0.11975298821926117,56232620.0,0.012801348231732845,0.3387371599674225,0.03001650609076023,0.17325271666049957,0.1425749510526657,52915544.0,0.015091867186129093,9.999999747378752e-05
384,0.32842323184013367,0.02000192552804947,0.18814444541931152,0.12149890512228012,56135020.0,0.01293452549725771,0.34385278820991516,0.03611433133482933,0.19003771245479584,0.1560007482767105,54344212.0,0.018026279285550117,9.999999747378752e-05
385,0.32689595222473145,0.019454794004559517,0.18645665049552917,0.12052600830793381,54897616.0,0.012498224154114723,0.3572973906993866,0.05053725466132164,0.22480492293834686,0.1863306313753128,57274316.0,0.02510354481637478,9.999999747378752e-05
386,0.3272065222263336,0.02074258401989937,0.19055625796318054,0.12324612587690353,56699152.0,0.013442551717162132,0.3438999354839325,0.038114096969366074,0.19522832334041595,0.1573190838098526,52376812.0,0.01875089295208454,9.999999747378752e-05
387,0.3252204358577728,0.01972874253988266,0.18745216727256775,0.12193586677312851,58634588.0,0.013158111833035946,0.3282312750816345,0.023409459739923477,0.15300150215625763,0.12428569048643112,46965736.0,0.012034555897116661,9.999999747378752e-05
388,0.3264118731021881,0.021878262981772423,0.1944887340068817,0.12474185973405838,56902192.0,0.013784514740109444,0.3384089767932892,0.03453065827488899,0.18582426011562347,0.1537206768989563,51589692.0,0.017404790967702866,9.999999747378752e-05
389,0.32367753982543945,0.020083224400877953,0.18913555145263672,0.12167207151651382,53959188.0,0.012509651482105255,0.3593921661376953,0.05644931271672249,0.23759064078330994,0.19812080264091492,55034172.0,0.027240345254540443,9.999999747378752e-05
390,0.32589632272720337,0.023236701264977455,0.19940616190433502,0.1313483864068985,61449560.0,0.015301735140383244,0.3234681785106659,0.021456414833664894,0.14648008346557617,0.11372837424278259,37186192.0,0.010329104959964752,9.999999747378752e-05
391,0.3239263594150543,0.022194547578692436,0.19652500748634338,0.12311174720525742,58948428.0,0.01464525144547224,0.3193717300891876,0.018269920721650124,0.13516627252101898,0.10762554407119751,41179124.0,0.009476288221776485,9.999999747378752e-05
392,0.32472798228263855,0.023893699049949646,0.20109125971794128,0.12896357476711273,53812264.0,0.013237549923360348,0.36087900400161743,0.060656048357486725,0.24628448486328125,0.2118450403213501,57591900.0,0.028473258018493652,9.999999747378752e-05
393,0.3238964080810547,0.02393832989037037,0.20512910187244415,0.13378852605819702,62399120.0,0.01563352905213833,0.31653136014938354,0.017181893810629845,0.13107971847057343,0.10689212381839752,33571100.0,0.007469783071428537,9.999999747378752e-05
394,0.3230939507484436,0.02401048317551613,0.2003699243068695,0.12854550778865814,61481684.0,0.016049306839704514,0.31566840410232544,0.017184549942612648,0.13108985126018524,0.09702432155609131,29255036.0,0.008080141618847847,9.999999747378752e-05
395,0.3209683895111084,0.022739602252840996,0.19754818081855774,0.1268799751996994,53942756.0,0.012908218428492546,0.340451180934906,0.042805057018995285,0.20689383149147034,0.17630058526992798,49419784.0,0.020571231842041016,9.999999747378752e-05
396,0.31848955154418945,0.021096613258123398,0.19277051091194153,0.1266491413116455,60970320.0,0.013807696290314198,0.3143773674964905,0.017564717680215836,0.13253195583820343,0.10503290593624115,32822846.0,0.007555155083537102,9.999999747378752e-05
397,0.3178832530975342,0.021324729546904564,0.19246497750282288,0.12486902624368668,56802452.0,0.013995247893035412,0.324081152677536,0.02810206636786461,0.1676367074251175,0.13558082282543182,37297608.0,0.01309336069971323,9.999999747378752e-05
398,0.3158394694328308,0.02010997384786606,0.18890735507011414,0.12218812853097916,58199880.0,0.012978533282876015,0.31239375472068787,0.017234884202480316,0.13128170371055603,0.09977193921804428,27236498.0,0.007936723530292511,9.999999747378752e-05
399,0.31496238708496094,0.020053768530488014,0.18849417567253113,0.12080073356628418,55920628.0,0.013153285719454288,0.3191279470920563,0.024791840463876724,0.157454252243042,0.11869573593139648,28329584.0,0.011117667891085148,9.999999747378752e-05
400,0.31390243768692017,0.019814569503068924,0.187601238489151,0.12126174569129944,54344972.0,0.012470602989196777,0.32130545377731323,0.027784649282693863,0.1666872799396515,0.12976369261741638,32235534.0,0.013230079784989357,9.999999747378752e-05
401,0.3128884732723236,0.01961354911327362,0.18714475631713867,0.12237782031297684,59491900.0,0.013071287423372269,0.3128891587257385,0.0201762393116951,0.1420430839061737,0.10708098113536835,28630588.0,0.008704882115125656,9.999999747378752e-05
402,0.3122375011444092,0.019770566374063492,0.18752582371234894,0.12172974646091461,55129976.0,0.0127762071788311,0.3224301338195801,0.030526768416166306,0.17471911013126373,0.13887225091457367,34731688.0,0.01450617890805006,9.999999747378752e-05
403,0.3112405240535736,0.019581621512770653,0.18693390488624573,0.12095733731985092,57335608.0,0.012725992128252983,0.31228068470954895,0.021179722622036934,0.1455325484275818,0.10875863581895828,27519054.0,0.009754374623298645,9.999999747378752e-05
404,0.3103960454463959,0.019538136199116707,0.18672752380371094,0.12029051035642624,55626180.0,0.012857259251177311,0.3191768527030945,0.02887514792382717,0.16992689669132233,0.13033755123615265,30949276.0,0.01340301614254713,9.999999747378752e-05
405,0.30945560336112976,0.01939568668603897,0.18621107935905457,0.11991125345230103,54352640.0,0.012398049235343933,0.31705036759376526,0.027543451637029648,0.16596220433712006,0.13112126290798187,35306540.0,0.013349316082894802,9.999999747378752e-05
406,0.3086670935153961,0.01940092444419861,0.18627074360847473,0.12077388912439346,57748588.0,0.012873930856585503,0.3125874102115631,0.023871466517448425,0.1545039415359497,0.11618565022945404,29722784.0,0.010822910815477371,9.999999747378752e-05
407,0.30795055627822876,0.019474439322948456,0.18653862178325653,0.120738685131073,54903264.0,0.012621883302927017,0.3203866481781006,0.03245953097939491,0.18016529083251953,0.14475969970226288,39290276.0,0.01570717617869377,9.999999747378752e-05
408,0.3070967495441437,0.019408000633120537,0.18631184101104736,0.12032978236675262,56508436.0,0.012622909620404243,0.3117789030075073,0.024634582921862602,0.1569540798664093,0.11921268701553345,31222802.0,0.011670958250761032,9.999999747378752e-05
409,0.306296706199646,0.019389761611819267,0.186153843998909,0.11985624581575394,55543360.0,0.012763140723109245,0.316331148147583,0.029967768117785454,0.17311200499534607,0.13457907736301422,35150020.0,0.014226788654923439,9.999999747378752e-05
410,0.3054315447807312,0.019304407760500908,0.1858898252248764,0.11972363293170929,54727060.0,0.012446164153516293,0.315407931804657,0.02982100285589695,0.1726875901222229,0.13726310431957245,38704248.0,0.014573524706065655,9.999999747378752e-05
411,0.30464717745780945,0.019295308738946915,0.18587452173233032,0.12001877278089523,56699172.0,0.012750620022416115,0.31145957112312317,0.026645371690392494,0.16323409974575043,0.12438499182462692,33306670.0,0.012528110295534134,9.999999747378752e-05
412,0.3039119839668274,0.019332123920321465,0.1860041618347168,0.12005902081727982,54942376.0,0.01256245281547308,0.3171840310096741,0.03314042463898659,0.182045117020607,0.14686617255210876,42374176.0,0.016264667734503746,9.999999747378752e-05
413,0.30312612652778625,0.01931551657617092,0.1859540194272995,0.11978628486394882,55884472.0,0.012581130489706993,0.3108556866645813,0.027577491477131844,0.16606472432613373,0.12847355008125305,36014372.0,0.013286614790558815,9.999999747378752e-05
414,0.3023509979248047,0.019304871559143066,0.1858544796705246,0.11971204727888107,55578676.0,0.01271080132573843,0.3133264482021332,0.030811579897999763,0.1755322813987732,0.13835035264492035,39460564.0,0.014924769289791584,9.999999747378752e-05
415,0.30154722929000854,0.019263414666056633,0.18574018776416779,0.1195811778306961,54878820.0,0.012461638078093529,0.3134821355342865,0.03172655776143074,0.1781195104122162,0.14279596507549286,42264292.0,0.01567307487130165,9.999999747378752e-05
416,0.3007790148258209,0.019253287464380264,0.18571195006370544,0.11957144737243652,56058600.0,0.012683844193816185,0.30955347418785095,0.0285536777228117,0.16897833347320557,0.1313876509666443,38051488.0,0.013723600655794144,9.999999747378752e-05
417,0.3000451326370239,0.019274456426501274,0.18578264117240906,0.11977927386760712,55085200.0,0.012566429562866688,0.31372424960136414,0.03347788006067276,0.1829696148633957,0.1477346420288086,44554564.0,0.016599157825112343,9.999999747378752e-05
418,0.2992861270904541,0.019267570227384567,0.18576250970363617,0.11941448599100113,55401348.0,0.012548343278467655,0.3093872666358948,0.029889700934290886,0.17288638651371002,0.13620679080486298,40458376.0,0.014629705809056759,9.999999747378752e-05
419,0.298526406288147,0.019255822524428368,0.18568232655525208,0.11955911666154861,55585704.0,0.012674442492425442,0.3099939525127411,0.031243039295077324,0.17675700783729553,0.1402292549610138,42374684.0,0.01533365249633789,9.999999747378752e-05
420,0.29776421189308167,0.019239358603954315,0.18565288186073303,0.119519904255867,55014732.0,0.012486835941672325,0.3110554814338684,0.03304747864603996,0.18178965151309967,0.14647230505943298,44892572.0,0.01645764335989952,9.999999747378752e-05
421,0.2970147132873535,0.019231591373682022,0.1856250762939453,0.11940120160579681,55724416.0,0.012632458470761776,0.3073256015777588,0.030057089403271675,0.17336980998516083,0.13676264882087708,41757832.0,0.014693628996610641,9.999999747378752e-05
422,0.29628419876098633,0.01923985965549946,0.18564310669898987,0.11958156526088715,55225364.0,0.012579194270074368,0.30989620089530945,0.03336487337946892,0.1826605349779129,0.1472746580839157,45949496.0,0.016650041565299034,9.999999747378752e-05
423,0.29554468393325806,0.01923634298145771,0.18563883006572723,0.1193641871213913,55273740.0,0.012530360370874405,0.3075321316719055,0.03173375874757767,0.17813971638679504,0.1420019567012787,43823412.0,0.01571914367377758,9.999999747378752e-05
424,0.2948018014431,0.01922554150223732,0.18557946383953094,0.11946781724691391,55580172.0,0.012640582397580147,0.3066636621952057,0.031595900654792786,0.17775236070156097,0.1417926847934723,44639220.0,0.01565166376531124,9.999999747378752e-05
425,0.2940673828125,0.019220881164073944,0.18558189272880554,0.11945333331823349,55130568.0,0.012515265494585037,0.3079671561717987,0.0336267352104187,0.18337593972682953,0.14802926778793335,46693832.0,0.016839373856782913,9.999999747378752e-05
426,0.2933374047279358,0.01921706646680832,0.18556544184684753,0.11934848874807358,55510740.0,0.012590385973453522,0.3050541579723358,0.03143760934472084,0.17730654776096344,0.14126703143119812,44571804.0,0.015566546469926834,9.999999747378752e-05
427,0.2926143407821655,0.019217152148485184,0.1855538785457611,0.11947374790906906,55361524.0,0.012587161734700203,0.30598172545433044,0.03308667242527008,0.18189741671085358,0.1465059220790863,47027128.0,0.016579143702983856,9.999999747378752e-05
428,0.2918927073478699,0.019216006621718407,0.18556158244609833,0.11935535818338394,55237868.0,0.012527329847216606,0.30515730381011963,0.03298007324337959,0.18160416185855865,0.14593814313411713,46389360.0,0.016479136422276497,9.999999747378752e-05
429,0.29116907715797424,0.019209248945116997,0.1855265498161316,0.1193832978606224,55511772.0,0.012606770731508732,0.3035721480846405,0.03211011737585068,0.17919296026229858,0.14360009133815765,46373456.0,0.016020242124795914,9.999999747378752e-05
430,0.2904529869556427,0.019207602366805077,0.1855274736881256,0.11940857768058777,55266196.0,0.012543542310595512,0.3043763041496277,0.033626489341259,0.1833752691745758,0.14810997247695923,47932128.0,0.016902199015021324,9.999999747378752e-05
431,0.2897407114505768,0.019206469878554344,0.1855238378047943,0.11933580785989761,55370288.0,0.012561200186610222,0.30268535017967224,0.03264444321393967,0.18067772686481476,0.14507512748241425,46852632.0,0.016316760331392288,9.999999747378752e-05
432,0.28902995586395264,0.019203823059797287,0.18550658226013184,0.1193976104259491,55427756.0,0.012584020383656025,0.3022913336753845,0.03295683488249779,0.18154017627239227,0.14627783000469208,47935580.0,0.016556890681385994,9.999999747378752e-05
433,0.2883240282535553,0.019203415140509605,0.1855136603116989,0.11936665326356888,55289124.0,0.012539989314973354,0.302146852016449,0.033515527844429016,0.18307246267795563,0.1477697640657425,48161236.0,0.016842639073729515,9.999999747378752e-05
434,0.2876189947128296,0.019200623035430908,0.1854989230632782,0.11934230476617813,55410776.0,0.012575691565871239,0.3007618188858032,0.032830860465765,0.18119287490844727,0.14588898420333862,47903924.0,0.016475986689329147,9.999999747378752e-05
435,0.28691768646240234,0.019198914989829063,0.18549314141273499,0.11937598884105682,55373176.0,0.012561039067804813,0.3006529211997986,0.033419545739889145,0.18281014263629913,0.14768382906913757,48771688.0,0.016832472756505013,9.999999747378752e-05
436,0.2862207293510437,0.01919858530163765,0.185495063662529,0.11934494972229004,55335008.0,0.012552651576697826,0.2999204099178314,0.03338154777884483,0.18270617723464966,0.14749671518802643,48586720.0,0.016787944361567497,9.999999747378752e-05
437,0.2855250835418701,0.01919661834836006,0.1854846477508545,0.11934860050678253,55401232.0,0.01256975531578064,0.2990410327911377,0.03319402411580086,0.18219226598739624,0.1471211314201355,48871292.0,0.01671847328543663,9.999999747378752e-05
438,0.2848331332206726,0.01919560320675373,0.18548369407653809,0.11935682594776154,55361116.0,0.012554917484521866,0.2987021207809448,0.033544037491083145,0.18315032124519348,0.1481115072965622,49239496.0,0.016907040029764175,9.999999747378752e-05
439,0.2841440737247467,0.019194625318050385,0.1854802817106247,0.11933684349060059,55358980.0,0.012559304013848305,0.2979031205177307,0.03343115374445915,0.18284188210964203,0.14781834185123444,49227048.0,0.01684960350394249,9.999999747378752e-05
440,0.2834572494029999,0.019193096086382866,0.1854742467403412,0.11934368312358856,55387392.0,0.012561243027448654,0.29723915457725525,0.03345055505633354,0.18289493024349213,0.1479616016149521,49518520.0,0.016876278445124626,9.999999747378752e-05
441,0.28277385234832764,0.01919221132993698,0.18547268211841583,0.11934101581573486,55364536.0,0.012556605041027069,0.29669252038002014,0.03358447179198265,0.18326066434383392,0.1483450084924698,49691868.0,0.016945727169513702,9.999999747378752e-05
442,0.2820930778980255,0.019191130995750427,0.18546894192695618,0.11933113634586334,55366716.0,0.012558108195662498,0.2959936559200287,0.03356342390179634,0.18320323526859283,0.148345947265625,49816400.0,0.016946207731962204,9.999999747378752e-05
443,0.28141477704048157,0.019189801067113876,0.18546468019485474,0.11933289468288422,55379948.0,0.012557778507471085,0.2953391373157501,0.033583976328372955,0.18325930833816528,0.14844313263893127,49990124.0,0.01695970632135868,9.999999747378752e-05
444,0.2807394862174988,0.019188789650797844,0.18546199798583984,0.11932944506406784,55368504.0,0.012556991539895535,0.2947317659854889,0.03364894911646843,0.18343649804592133,0.14866633713245392,50155556.0,0.017000213265419006,9.999999747378752e-05
445,0.2800668478012085,0.019187670201063156,0.18545877933502197,0.119322769343853,55368800.0,0.012555612251162529,0.29408758878707886,0.033674437552690506,0.18350596725940704,0.14877837896347046,50278592.0,0.017019201070070267,9.999999747378752e-05
446,0.27939674258232117,0.01918637380003929,0.18545465171337128,0.1193217933177948,55375920.0,0.012556360103189945,0.2934185266494751,0.0336722806096077,0.18350008130073547,0.14881427586078644,50410104.0,0.01702032797038555,9.999999747378752e-05
447,0.27872952818870544,0.019185300916433334,0.18545183539390564,0.1193188801407814,55370664.0,0.012555438093841076,0.292805016040802,0.03372308611869812,0.18363846838474274,0.14900222420692444,50563396.0,0.01705314591526985,9.999999747378752e-05
448,0.27806490659713745,0.01918414607644081,0.18544870615005493,0.11931264400482178,55368636.0,0.012554138898849487,0.29217255115509033,0.033752232789993286,0.18371780216693878,0.14911815524101257,50666372.0,0.017070775851607323,9.999999747378752e-05
449,0.2774028182029724,0.019182853400707245,0.18544480204582214,0.11931098997592926,55373608.0,0.012554511427879333,0.2915131449699402,0.03375185653567314,0.1837167888879776,0.14916418492794037,50786156.0,0.017073186114430428,9.999999747378752e-05
450,0.27674344182014465,0.01918172836303711,0.18544192612171173,0.11930806934833527,55371300.0,0.012553777545690536,0.290890634059906,0.033785682171583176,0.1838088184595108,0.149301216006279,50911176.0,0.017093755304813385,9.999999747378752e-05
451,0.276086688041687,0.0191805437207222,0.18543867766857147,0.1193021759390831,55367896.0,0.012552743777632713,0.2902672290802002,0.033816076815128326,0.18389147520065308,0.14942243695259094,51012124.0,0.017112161964178085,9.999999747378752e-05
452,0.27543237805366516,0.019179243594408035,0.18543508648872375,0.11929967999458313,55371232.0,0.012552407570183277,0.2896222770214081,0.033822305500507355,0.18390841782093048,0.14947859942913055,51111964.0,0.017116446048021317,9.999999747378752e-05
453,0.274780809879303,0.01917807012796402,0.1854320615530014,0.11929704993963242,55370952.0,0.012552211061120033,0.28899046778678894,0.03383912146091461,0.1839541345834732,0.14956893026828766,51218856.0,0.01712695322930813,9.999999747378752e-05
454,0.27413177490234375,0.019176866859197617,0.1854289174079895,0.11929167807102203,55367380.0,0.012551088817417622,0.2883763313293457,0.033871062099933624,0.18404091894626617,0.14969457685947418,51315780.0,0.017145657911896706,9.999999747378752e-05
455,0.2734851837158203,0.0191755723208189,0.18542549014091492,0.1192881315946579,55368488.0,0.012550482526421547,0.28774353861808777,0.033881787210702896,0.18407006561756134,0.14975757896900177,51399564.0,0.017151152715086937,9.999999747378752e-05
456,0.2728411853313446,0.01917434111237526,0.18542230129241943,0.11928562074899673,55369552.0,0.01255040057003498,0.2871103882789612,0.03388961777091026,0.18409132957458496,0.1498214453458786,51492756.0,0.01715618558228016,9.999999747378752e-05
457,0.27219972014427185,0.01917313039302826,0.18541930615901947,0.11928080767393112,55366720.0,0.012549429200589657,0.28649917244911194,0.033916909247636795,0.18416543304920197,0.14993442595005035,51581828.0,0.01717143878340721,9.999999747378752e-05
458,0.2715606987476349,0.01917182467877865,0.18541590869426727,0.11927667260169983,55366052.0,0.012548575177788734,0.2858803868293762,0.033934179693460464,0.184212327003479,0.15001285076141357,51658028.0,0.0171799473464489,9.999999747378752e-05
459,0.2709241807460785,0.01917055994272232,0.1854127049446106,0.11927402764558792,55367468.0,0.012548405677080154,0.2852505147457123,0.03393784910440445,0.1842222809791565,0.15006670355796814,51736848.0,0.017181454226374626,9.999999747378752e-05
460,0.2702901065349579,0.019169338047504425,0.1854097843170166,0.11926961690187454,55365728.0,0.01254778541624546,0.28463757038116455,0.03395599499344826,0.18427152931690216,0.15015988051891327,51817784.0,0.017191283404827118,9.999999747378752e-05
461,0.26965847611427307,0.01916801929473877,0.18540649116039276,0.11926501244306564,55363796.0,0.012546694837510586,0.28403210639953613,0.033979177474975586,0.1843344122171402,0.15025697648525238,51889076.0,0.01720263995230198,9.999999747378752e-05
462,0.26902925968170166,0.019166721031069756,0.18540328741073608,0.11926215887069702,55364568.0,0.012546277604997158,0.28341227769851685,0.03398556634783745,0.18435174226760864,0.15031306445598602,51957848.0,0.017204666510224342,9.999999747378752e-05
463,0.2684025168418884,0.019165489822626114,0.1854003220796585,0.11925821751356125,55363976.0,0.012545953504741192,0.282796174287796,0.03399328887462616,0.1843726933002472,0.15037868916988373,52030560.0,0.017208285629749298,9.999999747378752e-05
464,0.2677781283855438,0.019164184108376503,0.1853971630334854,0.11925315856933594,55361696.0,0.012544959783554077,0.28219687938690186,0.03401544690132141,0.1844327747821808,0.15047389268875122,52096588.0,0.017218919470906258,9.999999747378752e-05
465,0.26715609431266785,0.019162843003869057,0.18539397418498993,0.11924978345632553,55361344.0,0.012544149532914162,0.28159278631210327,0.034030381590127945,0.18447326123714447,0.15054607391357422,52156200.0,0.017224835231900215,9.999999747378752e-05
466,0.2665364444255829,0.01916157267987728,0.18539094924926758,0.1192467212677002,55361760.0,0.012543873861432076,0.2809790074825287,0.03403332829475403,0.18448124825954437,0.15059693157672882,52220316.0,0.017224827781319618,9.999999747378752e-05
467,0.26591920852661133,0.019160304218530655,0.1853879988193512,0.11924166977405548,55359940.0,0.012543261051177979,0.28037646412849426,0.03404513746500015,0.18451324105262756,0.15067201852798462,52283448.0,0.01722981594502926,9.999999747378752e-05
468,0.26530420780181885,0.019158950075507164,0.18538478016853333,0.11923713237047195,55358148.0,0.012542194686830044,0.2797863781452179,0.03406704217195511,0.18457259237766266,0.15076212584972382,52337560.0,0.017239155247807503,9.999999747378752e-05
469,0.2646915912628174,0.01915762573480606,0.1853817254304886,0.1192343458533287,55358260.0,0.01254158467054367,0.279186487197876,0.03407683223485947,0.1845991164445877,0.1508243978023529,52391868.0,0.017241764813661575,9.999999747378752e-05
470,0.26408132910728455,0.019156360998749733,0.18537883460521698,0.11923041194677353,55357896.0,0.012541319243609905,0.2785797715187073,0.034077562391757965,0.1846010833978653,0.1508728563785553,52451212.0,0.017240362241864204,9.999999747378752e-05
471,0.2634733021259308,0.019155051559209824,0.18537580966949463,0.11922498047351837,55355676.0,0.012540506199002266,0.2779900133609772,0.034092918038368225,0.18464267253875732,0.15095150470733643,52504892.0,0.017246561124920845,9.999999747378752e-05
472,0.2628674805164337,0.019153673201799393,0.1853727102279663,0.11922109872102737,55354232.0,0.01253939513117075,0.27740997076034546,0.03411571681499481,0.18470440804958344,0.15103870630264282,52550540.0,0.01725560799241066,9.999999747378752e-05
473,0.2622640132904053,0.019152360036969185,0.18536975979804993,0.11921851336956024,55354584.0,0.012538953684270382,0.27681389451026917,0.03412027657032013,0.18471674621105194,0.15108829736709595,52601104.0,0.017255151644349098,9.999999747378752e-05
474,0.2616628408432007,0.019151095300912857,0.1853668987751007,0.11921374499797821,55353736.0,0.012538733892142773,0.2762126922607422,0.034117378294467926,0.18470890820026398,0.15112823247909546,52655924.0,0.017251694574952126,9.999999747378752e-05
475,0.261063814163208,0.019149743020534515,0.18536385893821716,0.11920785903930664,55351008.0,0.012537696398794651,0.2756366431713104,0.034137483686208725,0.18476331233978271,0.15121257305145264,52699224.0,0.01725979708135128,9.999999747378752e-05
476,0.26046696305274963,0.019148334860801697,0.18536075949668884,0.11920489370822906,55349892.0,0.012536480091512203,0.27506983280181885,0.034164585173130035,0.18483664095401764,0.15130648016929626,52737836.0,0.017270272597670555,9.999999747378752e-05
477,0.2598724365234375,0.019147058948874474,0.18535803258419037,0.1192026361823082,55350620.0,0.012536309659481049,0.27447381615638733,0.0341603048145771,0.18482506275177002,0.15133431553840637,52787412.0,0.01726500503718853,9.999999747378752e-05
478,0.25928008556365967,0.019145822152495384,0.1853553205728531,0.11919661611318588,55349132.0,0.012536190450191498,0.2738756537437439,0.03415169194340706,0.18480175733566284,0.15136243402957916,52839088.0,0.0172586627304554,9.999999747378752e-05
479,0.2586897909641266,0.01914440281689167,0.1853521168231964,0.11919015645980835,55345556.0,0.01253477856516838,0.2733185887336731,0.03418201953172684,0.18488380312919617,0.15146808326244354,52871320.0,0.017271460965275764,9.999999747378752e-05
480,0.2581016719341278,0.019142966717481613,0.18534910678863525,0.11918874830007553,55345192.0,0.012533437460660934,0.27276700735092163,0.03421560302376747,0.18497459590435028,0.15156930685043335,52901328.0,0.017284398898482323,9.999999747378752e-05
481,0.25751590728759766,0.019141757860779762,0.1853466033935547,0.11918717622756958,55346824.0,0.012533714063465595,0.2721666097640991,0.034198299050331116,0.1849278211593628,0.1515689343214035,52955948.0,0.017272330820560455,9.999999747378752e-05
482,0.25693225860595703,0.019140547141432762,0.185343936085701,0.11917885392904282,55344080.0,0.012533762492239475,0.2715649902820587,0.03417763486504555,0.18487194180488586,0.15157374739646912,53007336.0,0.017260096967220306,9.999999747378752e-05
483,0.25635042786598206,0.019139045849442482,0.18534061312675476,0.11917146295309067,55339228.0,0.012531749904155731,0.2710334360599518,0.034224919974803925,0.18499977886676788,0.15171216428279877,53022660.0,0.017280958592891693,9.999999747378752e-05
484,0.2557707726955414,0.019137540832161903,0.18533757328987122,0.11917302012443542,55340000.0,0.012530101463198662,0.2705090045928955,0.03427722677588463,0.18514110147953033,0.15184497833251953,53043368.0,0.01730228215456009,9.999999747378752e-05
485,0.2551936209201813,0.01913650706410408,0.18533578515052795,0.11917261779308319,55342984.0,0.012531188316643238,0.26989343762397766,0.03423633426427841,0.18503062427043915,0.15179447829723358,53112052.0,0.01727820187807083,9.999999747378752e-05
486,0.25461840629577637,0.01913534849882126,0.1853330135345459,0.11916005611419678,55338920.0,0.012531743384897709,0.2692689299583435,0.03418441116809845,0.1848902702331543,0.15173828601837158,53166568.0,0.01725097931921482,9.999999747378752e-05
487,0.2540448307991028,0.019133703783154488,0.18532943725585938,0.11915081739425659,55332248.0,0.012528699822723866,0.2687761187553406,0.03426210209727287,0.1851002424955368,0.15193718671798706,53152084.0,0.017286639660596848,9.999999747378752e-05
488,0.2534732520580292,0.019132032990455627,0.18532626330852509,0.11915844678878784,55334420.0,0.012526105158030987,0.26831120252609253,0.034365639090538025,0.18537971377372742,0.1521671861410141,53160184.0,0.017332321032881737,9.999999747378752e-05
489,0.2529047727584839,0.019131392240524292,0.1853257715702057,0.11916105449199677,55339184.0,0.012528612278401852,0.26766613125801086,0.034287065267562866,0.18516767024993896,0.15204055607318878,53268084.0,0.017289523035287857,9.999999747378752e-05
490,0.25233784317970276,0.019130410626530647,0.18532297015190125,0.1191391795873642,55332664.0,0.01253068819642067,0.2669651210308075,0.034150559455156326,0.1847987025976181,0.1518164426088333,53335468.0,0.017221415415406227,9.999999747378752e-05
491,0.2517722249031067,0.019128629937767982,0.18531914055347443,0.11912500113248825,55324556.0,0.012526111677289009,0.2665179967880249,0.03426581993699074,0.18511028587818146,0.15208151936531067,53246520.0,0.017274891957640648,9.999999747378752e-05
492,0.25120818614959717,0.019126342609524727,0.18531502783298492,0.11914727836847305,55331956.0,0.012520833872258663,0.26620039343833923,0.03450855612754822,0.18576478958129883,0.15258164703845978,53214948.0,0.017388027161359787,9.999999747378752e-05
493,0.2506488859653473,0.01912684366106987,0.18531858921051025,0.11915966868400574,55338208.0,0.012525536119937897,0.2655360698699951,0.03440278768539429,0.18547987937927246,0.15241773426532745,53436120.0,0.01733262464404106,9.999999747378752e-05
494,0.2500903308391571,0.019126269966363907,0.1853155493736267,0.11911723017692566,55322640.0,0.012531550601124763,0.2646235227584839,0.034046828746795654,0.18451783061027527,0.1517762690782547,53587144.0,0.01715884543955326,9.999999747378752e-05
495,0.24953337013721466,0.019125228747725487,0.1853136271238327,0.11908392608165741,55311100.0,0.012525998055934906,0.2641623914241791,0.03414013236761093,0.18477047979831696,0.15195390582084656,53320416.0,0.01719854027032852,9.999999747378752e-05
496,0.24897520244121552,0.019120844081044197,0.18530574440956116,0.11914331465959549,55343160.0,0.012513634748756886,0.26419931650161743,0.034729503095149994,0.1863585263490677,0.15309937298297882,53088748.0,0.017479287460446358,9.999999747378752e-05
497,0.2484273761510849,0.019124910235404968,0.18532223999500275,0.11918602138757706,55352072.0,0.012520876713097095,0.26366934180259705,0.034750331193208694,0.18641440570354462,0.15323768556118011,53539624.0,0.01748923771083355,9.999999747378752e-05
498,0.2478780597448349,0.019125936552882195,0.18532279133796692,0.11911453306674957,55314920.0,0.012536740861833096,0.26226088404655457,0.03389090299606323,0.18409481644630432,0.15167875587940216,54080724.0,0.017078155651688576,9.999999747378752e-05
499,0.247333362698555,0.019129648804664612,0.1853298395872116,0.1190146803855896,55272376.0,0.012535754591226578,0.26141998171806335,0.033596694469451904,0.18329401314258575,0.15101364254951477,53555552.0,0.016920574009418488,9.999999747378752e-05
500,0.24678176641464233,0.019123952835798264,0.18533046543598175,0.11917509883642197,55405568.0,0.012508775107562542,0.2621538043022156,0.03487487509846687,0.18674816191196442,0.15341131389141083,52580064.0,0.017526336014270782,9.999999747378752e-05
