epoch,loss,mse,rmse,mae,mape,msle,val_loss,val_mse,val_rmse,val_mae,val_mape,val_msle,lr
1,1.7300950288772583,0.47296246886253357,0.6343364119529724,0.5358796119689941,203685856.0,0.10184895992279053,1.3275467157363892,0.07285766303539276,0.22581756114959717,0.18273144960403442,21658244.0,0.04465174674987793,9.999999747378752e-05
2,1.4045108556747437,0.1526297926902771,0.3913409411907196,0.3126736879348755,154844096.0,0.027781173586845398,1.315751552581787,0.06766185164451599,0.22140106558799744,0.18505902588367462,31807074.0,0.04102236405014992,9.999999747378752e-05
3,1.3199557065963745,0.0753466859459877,0.278566837310791,0.21501892805099487,83677456.0,0.02298024669289589,1.3026816844940186,0.06251224875450134,0.21679143607616425,0.18499478697776794,39661300.0,0.03757093846797943,9.999999747378752e-05
4,1.2964729070663452,0.06016857922077179,0.2506659924983978,0.1999792754650116,92069984.0,0.01623206026852131,1.290149450302124,0.05871462821960449,0.2138529121875763,0.18559034168720245,46637580.0,0.03519359230995178,9.999999747378752e-05
5,1.2761167287826538,0.048846591264009476,0.22507232427597046,0.17617665231227875,74018344.0,0.014874603599309921,1.27815842628479,0.05610055848956108,0.21227571368217468,0.18670885264873505,52712220.0,0.03367573022842407,9.999999747378752e-05
6,1.2597870826721191,0.042114078998565674,0.20897023379802704,0.16414012014865875,69806040.0,0.013014237396419048,1.2664132118225098,0.054184917360544205,0.21178586781024933,0.18829350173473358,58382632.0,0.032669804990291595,9.999999747378752e-05
7,1.2440013885498047,0.03631618246436119,0.19369575381278992,0.15113089978694916,61700376.0,0.012053392827510834,1.2546268701553345,0.05256984010338783,0.2113528549671173,0.1893061399459839,63015916.0,0.031857624650001526,9.999999747378752e-05
8,1.2292170524597168,0.03183913603425026,0.1811315417289734,0.14080068469047546,56760008.0,0.01094076968729496,1.2429996728897095,0.0514066182076931,0.2115166187286377,0.1904280185699463,67170000.0,0.03134510666131973,9.999999747378752e-05
9,1.2149239778518677,0.028123656287789345,0.17000243067741394,0.131151020526886,51473632.0,0.01011599600315094,1.2313573360443115,0.0504714697599411,0.21182703971862793,0.19122377038002014,70656712.0,0.030966490507125854,9.999999747378752e-05
10,1.201159119606018,0.025160692632198334,0.1605544239282608,0.12305484712123871,47172500.0,0.009435714222490788,1.2197835445404053,0.04980827867984772,0.2124665528535843,0.19205088913440704,73766288.0,0.030755996704101562,9.999999747378752e-05
11,1.1877732276916504,0.022763662040233612,0.15250779688358307,0.11603137850761414,43446896.0,0.008883974514901638,1.2082561254501343,0.04935881868004799,0.21337981522083282,0.19284717738628387,76551480.0,0.03067503124475479,9.999999747378752e-05
12,1.1747074127197266,0.020839964970946312,0.14576469361782074,0.11006966233253479,40263644.0,0.008432106114923954,1.1968079805374146,0.049125686287879944,0.21462245285511017,0.19370797276496887,79124168.0,0.03072860836982727,9.999999747378752e-05
13,1.1619055271148682,0.01930518075823784,0.1401863992214203,0.10508713126182556,37651072.0,0.00807859469205141,1.1854840517044067,0.04912692680954933,0.21627505123615265,0.1947443038225174,81587024.0,0.03093227930366993,9.999999747378752e-05
14,1.1493196487426758,0.01808520220220089,0.135636106133461,0.10086952894926071,35449660.0,0.007797262165695429,1.1743252277374268,0.04937992990016937,0.2184073030948639,0.1960378736257553,84016616.0,0.031300920993089676,9.999999747378752e-05
15,1.1369082927703857,0.017117075622081757,0.1319570541381836,0.09741362929344177,33652104.0,0.007571044843643904,1.163373589515686,0.04990580305457115,0.22108960151672363,0.19767646491527557,86478256.0,0.03183816000819206,9.999999747378752e-05
16,1.1246401071548462,0.016348805278539658,0.12900413572788239,0.09463328123092651,32211416.0,0.007398389279842377,1.15266752243042,0.050723448395729065,0.2243734896183014,0.19965684413909912,89016416.0,0.03253330662846565,9.999999747378752e-05
17,1.1124893426895142,0.015736518427729607,0.12663818895816803,0.09246876835823059,31119686.0,0.007266979664564133,1.1422300338745117,0.05183903127908707,0.22827184200286865,0.20202268660068512,91648296.0,0.033413827419281006,9.999999747378752e-05
18,1.1004359722137451,0.015243543311953545,0.12473063170909882,0.09075289964675903,30269750.0,0.007168828509747982,1.1320644617080688,0.053240031003952026,0.23274736106395721,0.2049286812543869,94495888.0,0.0344700925052166,9.999999747378752e-05
19,1.0884658098220825,0.01484136562794447,0.12317460030317307,0.08939511328935623,29598152.0,0.007095043547451496,1.1221479177474976,0.05489014461636543,0.2377036064863205,0.20825853943824768,97419160.0,0.03567640483379364,9.999999747378752e-05
20,1.0765712261199951,0.01450836006551981,0.12188577651977539,0.08828159421682358,29038694.0,0.007035760674625635,1.112427830696106,0.05672363564372063,0.24297913908958435,0.21176879107952118,100310648.0,0.0369906984269619,9.999999747378752e-05
21,1.0647464990615845,0.014227723702788353,0.12079714238643646,0.08733425289392471,28570278.0,0.006986612919718027,1.1028164625167847,0.05864189192652702,0.2483474761247635,0.21529793739318848,103039176.0,0.03832443058490753,9.999999747378752e-05
22,1.052990436553955,0.013986723497509956,0.11985764652490616,0.08654183894395828,28178288.0,0.006943395361304283,1.0931936502456665,0.060514502227306366,0.2535250186920166,0.21859779953956604,105464216.0,0.039599377661943436,9.999999747378752e-05
23,1.0413031578063965,0.013776210136711597,0.11903063207864761,0.08587010204792023,27848638.0,0.0069031426683068275,1.0834112167358398,0.06218443438410759,0.25818514823913574,0.22142721712589264,107406984.0,0.040720462799072266,9.999999747378752e-05
24,1.029686689376831,0.013589396141469479,0.11828937381505966,0.08528516441583633,27553896.0,0.006864703260362148,1.0733031034469604,0.06347698718309402,0.26197531819343567,0.22346346080303192,108726568.0,0.0415540486574173,9.999999747378752e-05
25,1.0181435346603394,0.013421192765235901,0.11761415749788284,0.08476457744836807,27295218.0,0.006826919969171286,1.062699794769287,0.06421554088592529,0.26454275846481323,0.22453244030475616,109261640.0,0.04196533188223839,9.999999747378752e-05
26,1.0066771507263184,0.0132678197696805,0.11699080467224121,0.08429501205682755,27053612.0,0.0067892782390117645,1.0514482259750366,0.06424067169427872,0.26556119322776794,0.2243746817111969,108939208.0,0.04186994209885597,9.999999747378752e-05
27,0.995290994644165,0.013126560486853123,0.11640927940607071,0.0838509351015091,26819908.0,0.0067514460533857346,1.0394340753555298,0.06343153119087219,0.2647606134414673,0.22276324033737183,107720216.0,0.04123123735189438,9.999999747378752e-05
28,0.9839885830879211,0.012995348311960697,0.11586228013038635,0.08343338221311569,26601636.0,0.006712387781590223,1.0265997648239136,0.06172577664256096,0.2619553804397583,0.21949777007102966,105495544.0,0.0400269441306591,9.999999747378752e-05
29,0.9727734327316284,0.012872595340013504,0.11534439772367477,0.08304953575134277,26404788.0,0.0066730850376188755,1.0129584074020386,0.05913161486387253,0.257063090801239,0.2145318239927292,102267496.0,0.038262706249952316,9.999999747378752e-05
30,0.9616487622261047,0.012757093645632267,0.11485160887241364,0.0826898142695427,26224076.0,0.0066337320022284985,0.9985976219177246,0.05573243275284767,0.25012028217315674,0.20785491168498993,98085704.0,0.0359770767390728,9.999999747378752e-05
31,0.9506182074546814,0.012648033909499645,0.11438138037919998,0.08234231919050217,26052698.0,0.006594476755708456,0.9836715459823608,0.051678452640771866,0.24128100275993347,0.19958007335662842,93053856.0,0.03327476233243942,9.999999747378752e-05
32,0.9396843314170837,0.012544646859169006,0.11393134295940399,0.0819999948143959,25881194.0,0.006555426400154829,0.9683830142021179,0.04716905578970909,0.2308078110218048,0.18987317383289337,87298520.0,0.03029928170144558,9.999999747378752e-05
33,0.9288498163223267,0.01244643796235323,0.11350008845329285,0.0816730335354805,25713358.0,0.006516736466437578,0.9529584646224976,0.04242749139666557,0.2190488874912262,0.17903852462768555,81045680.0,0.027196379378437996,9.999999747378752e-05
34,0.9181175827980042,0.01235297229140997,0.11308639496564865,0.08136136829853058,25553628.0,0.006478508468717337,0.9376214146614075,0.03767474740743637,0.206410214304924,0.16738587617874146,74494096.0,0.024108048528432846,9.999999747378752e-05
35,0.9074896574020386,0.012263962998986244,0.11268957704305649,0.08106525242328644,25402992.0,0.0064408560283482075,0.9225695729255676,0.03310605138540268,0.19332166016101837,0.15540827810764313,67818632.0,0.021147336810827255,9.999999747378752e-05
36,0.896967887878418,0.012179091572761536,0.11230875551700592,0.08078942447900772,25264368.0,0.006403982639312744,0.9079583287239075,0.028874466195702553,0.18020348250865936,0.14339682459831238,61208828.0,0.01840810663998127,9.999999747378752e-05
37,0.886554479598999,0.012098144739866257,0.11194343119859695,0.08052552491426468,25131364.0,0.00636803125962615,0.893893301486969,0.025083933025598526,0.1674405038356781,0.13169236481189728,54860760.0,0.015957185998558998,9.999999747378752e-05
38,0.876250684261322,0.01202094741165638,0.11159320920705795,0.08026870340108871,25000872.0,0.006333096418529749,0.8804305791854858,0.021788667887449265,0.1553548127412796,0.12047547847032547,48859532.0,0.013827427290380001,9.999999747378752e-05
39,0.8660581707954407,0.01194731891155243,0.1112576350569725,0.08002208173274994,24872128.0,0.006299243308603764,0.8675833344459534,0.0190005823969841,0.1441955417394638,0.11009173095226288,43323420.0,0.012010701932013035,9.999999747378752e-05
40,0.8559780120849609,0.011877120472490788,0.11093636602163315,0.07978580892086029,24747384.0,0.006266521755605936,0.8553320169448853,0.016698766499757767,0.13413023948669434,0.10062789916992188,38297052.0,0.010506033897399902,9.999999747378752e-05
41,0.8460111618041992,0.01181021612137556,0.1106291338801384,0.07955626398324966,24626302.0,0.006234968081116676,0.8436346054077148,0.014840168878436089,0.12524597346782684,0.0925607830286026,33924028.0,0.009279620833694935,9.999999747378752e-05
42,0.8361588716506958,0.011746463365852833,0.11033546924591064,0.0793350413441658,24508610.0,0.00620459858328104,0.8324365019798279,0.01336937677115202,0.11755633354187012,0.08590998500585556,30330244.0,0.008286701515316963,9.999999747378752e-05
43,0.8264212608337402,0.011685771867632866,0.11005519330501556,0.07912267744541168,24395574.0,0.006175430491566658,0.821678638458252,0.012226550839841366,0.111014723777771,0.08047743886709213,27393954.0,0.007503228727728128,9.999999747378752e-05
44,0.8167994022369385,0.011628025211393833,0.1097879707813263,0.07892277836799622,24291540.0,0.006147467065602541,0.8113033175468445,0.011353288777172565,0.10553091764450073,0.07607590407133102,25007202.0,0.0068879760801792145,9.999999747378752e-05
45,0.8072934150695801,0.011573132127523422,0.10953356325626373,0.0787326917052269,24192118.0,0.006120709236711264,0.8012576103210449,0.010696140117943287,0.10098793357610703,0.07255087047815323,23057852.0,0.00641325768083334,9.999999747378752e-05
46,0.797903835773468,0.011521011590957642,0.10929176211357117,0.0785515084862709,24096640.0,0.0060951365157961845,0.7914949655532837,0.010208332911133766,0.09725625067949295,0.06971137970685959,21475214.0,0.006051419768482447,9.999999747378752e-05
47,0.7886306047439575,0.011471587233245373,0.10906236618757248,0.0783812403678894,24005710.0,0.006070541683584452,0.7819765210151672,0.00985095277428627,0.09421027451753616,0.06747384369373322,20192516.0,0.005775460973381996,9.999999747378752e-05
48,0.779474139213562,0.011424765922129154,0.108845055103302,0.07821770757436752,23917972.0,0.006047144066542387,0.7726708650588989,0.009592163376510143,0.09173163771629333,0.06566303968429565,19157524.0,0.005567164625972509,9.999999747378752e-05
49,0.7704342603683472,0.011380492709577084,0.1086396723985672,0.07806041091680527,23833366.0,0.006024928763508797,0.7635526657104492,0.009406897239387035,0.0897180587053299,0.06428038328886032,18405078.0,0.0054100509732961655,9.999999747378752e-05
50,0.7615108489990234,0.011338716372847557,0.1084461510181427,0.07791051268577576,23753130.0,0.006003435235470533,0.7546026110649109,0.009275712072849274,0.08808217942714691,0.063247911632061,17864196.0,0.005290857516229153,9.999999747378752e-05
51,0.7527039647102356,0.011299360543489456,0.10826419293880463,0.07776832580566406,23677294.0,0.0059830485843122005,0.7458058595657349,0.009183957241475582,0.08675287663936615,0.06245550513267517,17469560.0,0.005200417712330818,9.999999747378752e-05
52,0.7440130710601807,0.011262384243309498,0.10809364169836044,0.07763463258743286,23605958.0,0.005963664967566729,0.7371512651443481,0.009120818227529526,0.08567328751087189,0.061857327818870544,17173950.0,0.005131504964083433,9.999999747378752e-05
53,0.7354380488395691,0.01122775673866272,0.10793447494506836,0.07750920206308365,23540342.0,0.005945414304733276,0.7286306619644165,0.009078294970095158,0.08479703217744827,0.061433419585227966,16973136.0,0.005078630056232214,9.999999747378752e-05
54,0.7269784212112427,0.011195418424904346,0.10778647661209106,0.07739322632551193,23480330.0,0.00592826958745718,0.7202379703521729,0.009050743654370308,0.08408823609352112,0.061142824590206146,16840848.0,0.0050378222949802876,9.999999747378752e-05
55,0.7186338901519775,0.011165331117808819,0.10764948278665543,0.07728288322687149,23424228.0,0.005912150256335735,0.7119686603546143,0.009034193120896816,0.08351828902959824,0.06094968691468239,16757697.0,0.0050061591900885105,9.999999747378752e-05
56,0.7104038596153259,0.011137468740344048,0.10752343386411667,0.07718192040920258,23373650.0,0.005897137336432934,0.7038199305534363,0.009025941602885723,0.08306466042995453,0.06084440276026726,16731209.0,0.004981550853699446,9.999999747378752e-05
57,0.7022877335548401,0.011111787520349026,0.10740809142589569,0.07709063589572906,23329716.0,0.0058832187205553055,0.6957890391349792,0.009024199098348618,0.08270969986915588,0.06081243231892586,16751458.0,0.004962494596838951,9.999999747378752e-05
58,0.694284975528717,0.011088241823017597,0.10730326175689697,0.07701069861650467,23292362.0,0.005870369728654623,0.6878742575645447,0.00902776513248682,0.08243836462497711,0.060846854001283646,16811948.0,0.004947894252836704,9.999999747378752e-05
59,0.6863949298858643,0.011066807433962822,0.10720878839492798,0.07694102078676224,23262386.0,0.005858337506651878,0.6800743937492371,0.009035928174853325,0.08223888278007507,0.060940586030483246,16913048.0,0.0049369861371815205,9.999999747378752e-05
60,0.6786170601844788,0.011047481559216976,0.1071246787905693,0.07688356190919876,23240642.0,0.005847403313964605,0.6723883748054504,0.009048174135386944,0.08209975808858871,0.06108151003718376,17046040.0,0.004929118789732456,9.999999747378752e-05
61,0.6709504127502441,0.011030139401555061,0.10705024003982544,0.07683255523443222,23224918.0,0.005837516393512487,0.6648150086402893,0.009064268320798874,0.0820123702287674,0.061271604150533676,17216328.0,0.004923886153846979,9.999999747378752e-05
62,0.6633943915367126,0.011014838702976704,0.10698569566011429,0.07679294794797897,23214950.0,0.005828713532537222,0.6573533415794373,0.00908401608467102,0.08196817338466644,0.06149671599268913,17412118.0,0.004920882638543844,9.999999747378752e-05
63,0.6559482216835022,0.011001452803611755,0.10693039745092392,0.0767604187130928,23209472.0,0.005820942111313343,0.6500028371810913,0.009107331745326519,0.08195967227220535,0.06175980344414711,17635374.0,0.004919812548905611,9.999999747378752e-05
64,0.6486107707023621,0.010989981703460217,0.10688422620296478,0.07673362642526627,23210304.0,0.005814205855131149,0.6427623629570007,0.009134169667959213,0.08198022097349167,0.06205703690648079,17887154.0,0.004920370876789093,9.999999747378752e-05
65,0.6413814425468445,0.01098036952316761,0.10684684664011002,0.0767156258225441,23217640.0,0.005808484740555286,0.6356311440467834,0.009164482355117798,0.08202316612005234,0.062390685081481934,18171824.0,0.004922247026115656,9.999999747378752e-05
66,0.6342593431472778,0.010972574353218079,0.10681796073913574,0.07670363783836365,23227200.0,0.00580377085134387,0.6286081075668335,0.00919819250702858,0.08208189904689789,0.06276308000087738,18494932.0,0.004925072193145752,9.999999747378752e-05
67,0.6272436380386353,0.010966549627482891,0.1067972183227539,0.07670024037361145,23242816.0,0.005800042301416397,0.6216925978660583,0.009235373698174953,0.08215152472257614,0.06315941363573074,18843630.0,0.004928559996187687,9.999999747378752e-05
68,0.620333194732666,0.010962268337607384,0.10678441822528839,0.0767083689570427,23267366.0,0.005797286052256823,0.6148834824562073,0.00927584059536457,0.08222571015357971,0.06358196586370468,19218282.0,0.004932319279760122,9.999999747378752e-05
69,0.6135271191596985,0.01095966063439846,0.10677913576364517,0.07672253251075745,23297898.0,0.005795469973236322,0.6081801652908325,0.009319879114627838,0.08230124413967133,0.06404327601194382,19636832.0,0.004936095327138901,9.999999747378752e-05
70,0.6068243980407715,0.010958755388855934,0.10678138583898544,0.07674155384302139,23330570.0,0.0057946136221289635,0.6015815734863281,0.009367529302835464,0.0823732316493988,0.06454131752252579,20098526.0,0.004939464386552572,9.999999747378752e-05
71,0.6002241969108582,0.010959506034851074,0.10679082572460175,0.07676492631435394,23367526.0,0.005794701632112265,0.5950872302055359,0.009418982081115246,0.08243881165981293,0.06506908684968948,20596548.0,0.0049421098083257675,9.999999747378752e-05
72,0.5937255024909973,0.010961941443383694,0.10680753737688065,0.07679682224988937,23410716.0,0.005795749370008707,0.5886962413787842,0.009474596939980984,0.08249540627002716,0.06565739214420319,21157690.0,0.0049436744302511215,9.999999747378752e-05
73,0.5873273611068726,0.010966064408421516,0.1068313792347908,0.07684081792831421,23465398.0,0.005797754507511854,0.58240807056427,0.009534802287817001,0.08254235237836838,0.06633014231920242,21809912.0,0.0049438150599598885,9.999999747378752e-05
74,0.5810287594795227,0.010971901938319206,0.10686244815587997,0.07689182460308075,23526498.0,0.0058007207699120045,0.5762225389480591,0.00960024818778038,0.08258023858070374,0.06705460697412491,22527280.0,0.004942142870277166,9.999999747378752e-05
75,0.5748286843299866,0.010979543440043926,0.10690099745988846,0.07695605605840683,23599606.0,0.005804682150483131,0.5701389908790588,0.009671722538769245,0.08261211216449738,0.06781252473592758,23293294.0,0.004938389174640179,9.999999747378752e-05
76,0.5687261819839478,0.010989035479724407,0.10694717615842819,0.07703319191932678,23684964.0,0.005809623748064041,0.5641579627990723,0.00975034199655056,0.08264509588479996,0.06862679123878479,24132398.0,0.004932345822453499,9.999999747378752e-05
77,0.562720537185669,0.011000555008649826,0.10700169205665588,0.07712505757808685,23785686.0,0.005815609823912382,0.5582794547080994,0.009837287478148937,0.08269070833921432,0.0694868192076683,25035570.0,0.004923751577734947,9.999999747378752e-05
78,0.5568105578422546,0.011014241725206375,0.1070650964975357,0.07722639292478561,23897776.0,0.005822678562253714,0.5525039434432983,0.0099342605099082,0.08277235925197601,0.07040072977542877,26003570.0,0.004912551958113909,9.999999747378752e-05
79,0.5509956479072571,0.011030271649360657,0.10713813453912735,0.07733950018882751,24021024.0,0.005830889102071524,0.5468322038650513,0.010043071582913399,0.08292893320322037,0.07137764990329742,27054896.0,0.004898653831332922,9.999999747378752e-05
80,0.5452748537063599,0.011048942804336548,0.10722208023071289,0.07745899260044098,24152412.0,0.005840366706252098,0.5412657260894775,0.010166053660213947,0.08322642743587494,0.07242266833782196,28194448.0,0.004882075358182192,9.999999747378752e-05
81,0.5396474003791809,0.011070539243519306,0.10731809586286545,0.07758308202028275,24290006.0,0.005851207301020622,0.535805881023407,0.010305806063115597,0.08375578373670578,0.0735580250620842,29448268.0,0.0048628635704517365,9.999999747378752e-05
82,0.5341125130653381,0.011095371097326279,0.10742750763893127,0.07771272212266922,24436402.0,0.0058635384775698185,0.5304544568061829,0.010465264320373535,0.084598608314991,0.07476728409528732,30791528.0,0.00484119588509202,9.999999747378752e-05
83,0.5286697149276733,0.01112387701869011,0.10755228251218796,0.0778513103723526,24595720.0,0.005877523683011532,0.5252136588096619,0.010647670365869999,0.085779570043087,0.07606606930494308,32245622.0,0.004817362874746323,9.999999747378752e-05
84,0.5233182907104492,0.011156498454511166,0.10769420862197876,0.07800900191068649,24767582.0,0.005893194582313299,0.520086407661438,0.010856764391064644,0.0872756615281105,0.07743214070796967,33790888.0,0.004791871644556522,9.999999747378752e-05
85,0.5180575847625732,0.011193693615496159,0.10785534977912903,0.07818268239498138,24954276.0,0.00591084873303771,0.5150749087333679,0.011096025817096233,0.0890539139509201,0.07889183610677719,35456728.0,0.004765304271131754,9.999999747378752e-05
86,0.5128870606422424,0.011235893703997135,0.10803736001253128,0.07837247848510742,25157106.0,0.005930694285780191,0.510181725025177,0.011369137093424797,0.09109295904636383,0.08041619509458542,37210144.0,0.00473829684779048,9.999999747378752e-05
87,0.5078061819076538,0.011283555999398232,0.10824207961559296,0.0785846933722496,25374034.0,0.005952890031039715,0.5054088830947876,0.011678914539515972,0.09337764978408813,0.08201383799314499,39064032.0,0.0047111534513533115,9.999999747378752e-05
88,0.502813994884491,0.01133686862885952,0.10846999287605286,0.07881796360015869,25603728.0,0.0059775011613965034,0.5007567405700684,0.012026912532746792,0.09589268267154694,0.0836775153875351,41005908.0,0.004685734398663044,9.999999747378752e-05
89,0.4979095160961151,0.01139579527080059,0.1087203323841095,0.07906238734722137,25840816.0,0.006004320457577705,0.4962243139743805,0.012412899173796177,0.09861734509468079,0.0854024887084961,43004940.0,0.004663300700485706,9.999999747378752e-05
90,0.49309128522872925,0.011459842324256897,0.10899027436971664,0.07931137830018997,26076680.0,0.006033194717019796,0.4918065369129181,0.012832983396947384,0.10151632875204086,0.0871722623705864,45068116.0,0.004644330590963364,9.999999747378752e-05
91,0.48835721611976624,0.011527781374752522,0.10927325487136841,0.07955171912908554,26305372.0,0.006063535809516907,0.48749423027038574,0.013278921134769917,0.10453669726848602,0.08893783390522003,47133048.0,0.004630428273230791,9.999999747378752e-05
92,0.4837039113044739,0.01159738376736641,0.10955816507339478,0.07977559417486191,26510374.0,0.00609437795355916,0.483271986246109,0.013736285269260406,0.10760129988193512,0.09068534523248672,49163052.0,0.004622754640877247,9.999999747378752e-05
93,0.47912684082984924,0.011665044352412224,0.10982756316661835,0.07997317612171173,26680978.0,0.006124191451817751,0.4791170060634613,0.014183297753334045,0.11060519516468048,0.09227708727121353,51054516.0,0.004621805623173714,9.999999747378752e-05
94,0.47461971640586853,0.011725543066859245,0.1100567951798439,0.08012370765209198,26810744.0,0.006150718778371811,0.4749986529350281,0.014590488746762276,0.11341557651758194,0.0937075987458229,52730860.0,0.004627615213394165,9.999999747378752e-05
95,0.4701744318008423,0.01177187543362379,0.11021333932876587,0.08021395653486252,26885682.0,0.006170871667563915,0.4708801507949829,0.01492217555642128,0.11587854474782944,0.09486856311559677,54046888.0,0.004639096558094025,9.999999747378752e-05
96,0.4657813012599945,0.011795616708695889,0.11025869101285934,0.08019648492336273,26873152.0,0.006180807948112488,0.466721773147583,0.015139843337237835,0.1178293377161026,0.09565296769142151,54886268.0,0.004654314368963242,9.999999747378752e-05
97,0.4614299237728119,0.011787657625973225,0.11015158146619797,0.08002810180187225,26744168.0,0.00617677578702569,0.46248602867126465,0.015207596123218536,0.11911015212535858,0.09590881317853928,55136024.0,0.004671928007155657,9.999999747378752e-05
98,0.4571104943752289,0.011739784851670265,0.10985521227121353,0.07968056946992874,26477442.0,0.006155112292617559,0.4581458270549774,0.015099991112947464,0.11959587037563324,0.09549857676029205,54693984.0,0.0046879881992936134,9.999999747378752e-05
99,0.45281586050987244,0.0116466348990798,0.10934610664844513,0.07915359735488892,26074504.0,0.006112740375101566,0.4536912143230438,0.01480890717357397,0.11921622604131699,0.09439323097467422,53502164.0,0.004702491220086813,9.999999747378752e-05
100,0.4485439360141754,0.011507979594171047,0.10862547159194946,0.07843439280986786,25535648.0,0.006049575749784708,0.44913408160209656,0.014348246157169342,0.11797566711902618,0.09257810562849045,51562968.0,0.004714560694992542,9.999999747378752e-05
101,0.4442986249923706,0.011329877190291882,0.10772594064474106,0.07751984894275665,24853762.0,0.0059679970145225525,0.4445079565048218,0.013753501698374748,0.11595983803272247,0.09013790637254715,48910988.0,0.004723041784018278,9.999999747378752e-05
102,0.4400904178619385,0.011124720796942711,0.10671361535787582,0.07649900764226913,24077442.0,0.0058729699812829494,0.43986228108406067,0.013076327741146088,0.11332651227712631,0.08720915764570236,45652776.0,0.004733947571367025,9.999999747378752e-05
103,0.4359339475631714,0.010909455828368664,0.10567957907915115,0.07547169923782349,23282478.0,0.005771569442003965,0.4352552592754364,0.012377101927995682,0.1102907657623291,0.08402635157108307,42048228.0,0.004752269480377436,9.999999747378752e-05
104,0.4318458139896393,0.01070262398570776,0.10472223162651062,0.07462114840745926,22590166.0,0.005672637373209,0.4307449460029602,0.011715753003954887,0.10709627717733383,0.08082745224237442,38279340.0,0.004786511417478323,9.999999747378752e-05
105,0.4278411865234375,0.010521331802010536,0.10392767935991287,0.07394964247941971,22010540.0,0.005584831815212965,0.4263828992843628,0.011145527474582195,0.10399086773395538,0.07784787565469742,34668800.0,0.0048418245278298855,9.999999747378752e-05
106,0.42393195629119873,0.010378970764577389,0.10335654765367508,0.07353361696004868,21587010.0,0.005515250377357006,0.4222108721733093,0.010709664784371853,0.10120393335819244,0.07526625692844391,31382462.0,0.004930893890559673,9.999999747378752e-05
107,0.4201257824897766,0.01028446014970541,0.10304290801286697,0.07335788011550903,21338256.0,0.005470311269164085,0.4182603061199188,0.010440649464726448,0.09893043339252472,0.0732583999633789,28595228.0,0.005066064186394215,9.999999747378752e-05
108,0.4164261519908905,0.010242273099720478,0.10299797356128693,0.07339641451835632,21231962.0,0.00545352092012763,0.41455280780792236,0.010360981337726116,0.09731701016426086,0.07212984561920166,26621544.0,0.005257852375507355,9.999999747378752e-05
109,0.4128335118293762,0.010253687389194965,0.10321813821792603,0.07364451885223389,21260702.0,0.005466933827847242,0.41110315918922424,0.010486021637916565,0.09646447002887726,0.07238980382680893,25950758.0,0.005525575485080481,9.999999747378752e-05
110,0.40934669971466064,0.010317941196262836,0.10369054228067398,0.07403738796710968,21324802.0,0.0055103665217757225,0.407922625541687,0.010827272199094296,0.09643326699733734,0.07452739030122757,26966228.0,0.005897113122045994,9.999999747378752e-05
111,0.40596455335617065,0.01043391041457653,0.10440104454755783,0.07458849251270294,21462644.0,0.005583132151514292,0.4050239622592926,0.011397482827305794,0.09726561605930328,0.0783861055970192,29530104.0,0.006405499763786793,9.999999747378752e-05
112,0.4026869535446167,0.010601417161524296,0.1053398922085762,0.07538788765668869,21763604.0,0.00568357203155756,0.4024273455142975,0.012216602452099323,0.0990055575966835,0.08354292809963226,33254796.0,0.007075316272675991,9.999999747378752e-05
113,0.3995167315006256,0.010823054239153862,0.1065097451210022,0.07646246254444122,22291112.0,0.005812865681946278,0.4001649022102356,0.0133162010461092,0.10171596705913544,0.08968795090913773,37792248.0,0.007938835769891739,9.999999747378752e-05
114,0.39646124839782715,0.011105453595519066,0.10792936384677887,0.07786832004785538,23104450.0,0.005972767248749733,0.3982824981212616,0.014741609804332256,0.10548411309719086,0.0967327132821083,43023396.0,0.009025943465530872,9.999999747378752e-05
115,0.3935329020023346,0.011460291221737862,0.10963480919599533,0.07959011942148209,24149622.0,0.006170275621116161,0.39683669805526733,0.016548214480280876,0.11040671169757843,0.10464931279420853,48887300.0,0.01036880537867546,9.999999747378752e-05
116,0.39075013995170593,0.011904801242053509,0.11167732626199722,0.08168443292379379,25484296.0,0.006412616465240717,0.3958835005760193,0.01879074051976204,0.11655193567276001,0.11343902349472046,55350768.0,0.011991037055850029,9.999999747378752e-05
117,0.3881363868713379,0.012460989877581596,0.1141149029135704,0.08429263532161713,27246794.0,0.006707486696541309,0.3954540491104126,0.021498780697584152,0.12388072907924652,0.12294504046440125,62270760.0,0.013901536352932453,9.999999747378752e-05
118,0.38571691513061523,0.013152340427041054,0.11699488013982773,0.08743393421173096,29417944.0,0.007065069396048784,0.395509272813797,0.024631403386592865,0.132125586271286,0.13300999999046326,69434560.0,0.01606309600174427,9.999999747378752e-05
119,0.3835090100765228,0.013994244858622551,0.12031775712966919,0.09116758406162262,32061000.0,0.007491345517337322,0.3958670198917389,0.028004277497529984,0.14066235721111298,0.1429198682308197,76318704.0,0.018322335556149483,9.999999747378752e-05
120,0.3815016448497772,0.014973669312894344,0.1239745169878006,0.09515569359064102,34912564.0,0.007975894957780838,0.39611339569091797,0.031201908364892006,0.1484213024377823,0.15172097086906433,82173288.0,0.02040516398847103,9.999999747378752e-05
121,0.3796174228191376,0.016011593863368034,0.12764739990234375,0.09897513687610626,37632888.0,0.008477739058434963,0.39555850625038147,0.033533304929733276,0.15391574800014496,0.15814533829689026,85954024.0,0.02189210057258606,9.999999747378752e-05
122,0.377664715051651,0.016915839165449142,0.13069847226142883,0.10184226930141449,39681732.0,0.008912038058042526,0.3933482766151428,0.03414474055171013,0.15547220408916473,0.16048559546470642,86455376.0,0.02227260172367096,9.999999747378752e-05
123,0.37531667947769165,0.017360953614115715,0.13212773203849792,0.1028493270277977,40516404.0,0.009130618534982204,0.3888379633426666,0.032394178211688995,0.15174338221549988,0.15684138238430023,82751152.0,0.021159859374165535,9.999999747378752e-05
124,0.37221571803092957,0.016993196681141853,0.13082532584667206,0.10115355253219604,39663892.0,0.0089677469804883,0.38215482234954834,0.028414171189069748,0.14249667525291443,0.14648516476154327,74926704.0,0.01858614571392536,9.999999747378752e-05
125,0.3682529330253601,0.015710387378931046,0.12628114223480225,0.09637206047773361,36905808.0,0.008348144590854645,0.3743686378002167,0.02328210510313511,0.1291164606809616,0.13081248104572296,64377208.0,0.015220518223941326,9.999999747378752e-05
126,0.36380013823509216,0.013892014510929585,0.11940964311361313,0.08934222161769867,32678380.0,0.007428722456097603,0.3667920231819153,0.018318157643079758,0.11401152610778809,0.11275880038738251,53107704.0,0.011899604462087154,9.999999747378752e-05
127,0.3594808280467987,0.012168891727924347,0.11229798942804337,0.08234687894582748,28308364.0,0.006531537976115942,0.36027202010154724,0.014375681057572365,0.0998489037156105,0.09557963907718658,42824516.0,0.009212668053805828,9.999999747378752e-05
128,0.3557031452655792,0.010953920893371105,0.10679019242525101,0.07705884426832199,25038948.0,0.005887938197702169,0.35506078600883484,0.011710156686604023,0.0889541283249855,0.08158507198095322,34437196.0,0.007345638703554869,9.999999747378752e-05
129,0.35249343514442444,0.010275744833052158,0.10342666506767273,0.07423058152198792,23218142.0,0.00551656074821949,0.3509964346885681,0.010160809382796288,0.08271948248147964,0.07177723199129105,28215470.0,0.006208739709109068,9.999999747378752e-05
130,0.3496788442134857,0.009962345473468304,0.101737380027771,0.07314006984233856,22508792.0,0.005335063207894564,0.34772926568984985,0.009378361515700817,0.08004389703273773,0.06578493118286133,23984530.0,0.005586462095379829,9.999999747378752e-05
131,0.34708863496780396,0.009843060746788979,0.10104083269834518,0.07275695353746414,22131662.0,0.005261416547000408,0.3449210226535797,0.009024543687701225,0.078982874751091,0.06182163953781128,20761700.0,0.0052616470493376255,9.999999747378752e-05
132,0.34461909532546997,0.00981428287923336,0.10084570199251175,0.07269095629453659,21912956.0,0.005240627098828554,0.3423493802547455,0.008877265267074108,0.0785617083311081,0.058859292417764664,17991662.0,0.005088170524686575,9.999999747378752e-05
133,0.34221968054771423,0.009825616143643856,0.10088182240724564,0.0727854073047638,21792576.0,0.005243318155407906,0.3399059772491455,0.008828249759972095,0.07839652895927429,0.05652602016925812,15522525.0,0.00499357283115387,9.999999747378752e-05
134,0.3398679792881012,0.009854919277131557,0.10102079063653946,0.07294722646474838,21749504.0,0.005255640018731356,0.33754977583885193,0.008836662396788597,0.07837940752506256,0.054913997650146484,13526768.0,0.004946656990796328,9.999999747378752e-05
135,0.3375554084777832,0.009893697686493397,0.10121162980794907,0.07314413040876389,21755644.0,0.005271964706480503,0.3352663516998291,0.008888318203389645,0.07847915589809418,0.05382976680994034,11999356.0,0.0049330200999975204,9.999999747378752e-05
136,0.33527880907058716,0.009938866831362247,0.10143588483333588,0.0733761265873909,21804832.0,0.005290407221764326,0.3330494463443756,0.008977114222943783,0.07868211716413498,0.05310855433344841,10834024.0,0.004943851847201586,9.999999747378752e-05
137,0.33303746581077576,0.00998998899012804,0.10169069468975067,0.0736313983798027,21874332.0,0.005310803651809692,0.3308941721916199,0.009098313748836517,0.07896735519170761,0.0531141571700573,10382352.0,0.004973321221768856,9.999999747378752e-05
138,0.33083078265190125,0.0100467624142766,0.10197403281927109,0.07390177249908447,21966008.0,0.005333182867616415,0.32879698276519775,0.009248520247638226,0.07932254672050476,0.05391759052872658,10734665.0,0.005013712681829929,9.999999747378752e-05
139,0.328659325838089,0.010109701193869114,0.10228823870420456,0.07419432699680328,22080016.0,0.005357871763408184,0.3267548382282257,0.00942495558410883,0.07973192632198334,0.05511465668678284,11456479.0,0.00506041431799531,9.999999747378752e-05
140,0.3265226483345032,0.010178695432841778,0.10263195633888245,0.07449830323457718,22207140.0,0.005384836811572313,0.3247663080692291,0.009626271203160286,0.08019128441810608,0.05649268254637718,12327004.0,0.005112691782414913,9.999999747378752e-05
141,0.324421226978302,0.01025433000177145,0.10300774872303009,0.07482526451349258,22351132.0,0.005414425861090422,0.3228301405906677,0.009851443581283092,0.08069140464067459,0.05802041292190552,13329910.0,0.00516940001398325,9.999999747378752e-05
142,0.32235461473464966,0.010336351580917835,0.1034134030342102,0.07515578716993332,22505684.0,0.0054466319270431995,0.3209454417228699,0.010099809616804123,0.0812329351902008,0.05973280221223831,14511919.0,0.005229975562542677,9.999999747378752e-05
143,0.32032299041748047,0.010425142012536526,0.10385044664144516,0.07549746334552765,22673128.0,0.0054816389456391335,0.3191109001636505,0.010370061732828617,0.08184618502855301,0.061589937657117844,15857486.0,0.005293662194162607,9.999999747378752e-05
144,0.3183254301548004,0.010519835166633129,0.10431352257728577,0.07585183531045914,22858464.0,0.0055190338753163815,0.3173239231109619,0.010659878142178059,0.08316460251808167,0.06374546885490417,17511502.0,0.005358729045838118,9.999999747378752e-05
145,0.3163614273071289,0.010620144195854664,0.10480087995529175,0.0762273296713829,23070630.0,0.005558693781495094,0.31558024883270264,0.010965113528072834,0.08496229350566864,0.06616251170635223,19446528.0,0.005423290655016899,9.999999747378752e-05
146,0.3144288659095764,0.010724085383117199,0.10530178248882294,0.076612189412117,23298224.0,0.005599749740213156,0.313873291015625,0.011279426515102386,0.08684933930635452,0.06862683594226837,21446494.0,0.005485089961439371,9.999999747378752e-05
147,0.3125258684158325,0.010830061510205269,0.10580824315547943,0.07699760794639587,23521718.0,0.005641562398523092,0.31219372153282166,0.011593673378229141,0.08877454698085785,0.0709887370467186,23409104.0,0.005541689228266478,9.999999747378752e-05
148,0.310648649930954,0.010934426449239254,0.10630180686712265,0.07736435532569885,23741312.0,0.005682648159563541,0.3105291724205017,0.011895640753209591,0.09068086743354797,0.07320840656757355,25294012.0,0.005590270273387432,9.999999747378752e-05
149,0.30879366397857666,0.011033943854272366,0.1067672148346901,0.07771741598844528,23960332.0,0.00572163425385952,0.30886468291282654,0.012170691974461079,0.09251239895820618,0.07523342967033386,27083898.0,0.005627512466162443,9.999999747378752e-05
150,0.3069552183151245,0.011123105883598328,0.10717792809009552,0.07803264260292053,24154926.0,0.0057562533766031265,0.3071823716163635,0.012401333078742027,0.09419235587120056,0.07696625590324402,28704236.0,0.005649789702147245,9.999999747378752e-05
151,0.30512797832489014,0.011197158135473728,0.10751228034496307,0.07827449589967728,24305692.0,0.005784605164080858,0.30546367168426514,0.012569436803460121,0.09564869105815887,0.07833164930343628,30098302.0,0.005653318017721176,9.999999747378752e-05
152,0.30330485105514526,0.011249319650232792,0.10773846507072449,0.0784219428896904,24399818.0,0.005803918931633234,0.30369022488594055,0.01265715155750513,0.09679844975471497,0.07925743609666824,31206554.0,0.005634477362036705,9.999999747378752e-05
153,0.30148041248321533,0.011274800635874271,0.1078353002667427,0.07845886796712875,24423934.0,0.0058122118934988976,0.3018472492694855,0.012650257907807827,0.09757713228464127,0.07968907058238983,31987096.0,0.00559137761592865,9.999999747378752e-05
154,0.2996480464935303,0.011267604306340218,0.10777473449707031,0.07836487144231796,24367308.0,0.005806955974549055,0.2999245524406433,0.012539401650428772,0.09792236983776093,0.07960240542888641,32417930.0,0.005523412022739649,9.999999747378752e-05
155,0.29780516028404236,0.011225825175642967,0.10754896700382233,0.07814094424247742,24229360.0,0.005787248257547617,0.29792121052742004,0.012324330396950245,0.09781260788440704,0.07899744063615799,32476592.0,0.005432058125734329,9.999999747378752e-05
156,0.2959488332271576,0.01114758662879467,0.10714885592460632,0.07777601480484009,24004690.0,0.005751917604357004,0.2958439886569977,0.012012749910354614,0.09723901003599167,0.07788720726966858,32150118.0,0.005321134347468615,9.999999747378752e-05
157,0.2940824329853058,0.011037047021090984,0.10659515112638474,0.07728202641010284,23698858.0,0.00570256682112813,0.29371094703674316,0.011623721569776535,0.09625159949064255,0.07633580267429352,31473804.0,0.005196233745664358,9.999999747378752e-05
158,0.2922093868255615,0.010898564010858536,0.10590869188308716,0.07667235285043716,23321316.0,0.00564088299870491,0.2915452718734741,0.011181267909705639,0.09490684419870377,0.07443911582231522,30467366.0,0.0050652301870286465,9.999999747378752e-05
159,0.29033902287483215,0.01074250414967537,0.10514137148857117,0.07598505914211273,22888396.0,0.005571198649704456,0.2893766164779663,0.010716133750975132,0.09331751614809036,0.07225281000137329,29166646.0,0.0049358028918504715,9.999999747378752e-05
160,0.28847888112068176,0.010577195324003696,0.10433465242385864,0.07526039332151413,22432400.0,0.00549701601266861,0.2872316539287567,0.010255752131342888,0.09157387167215347,0.06994814425706863,27620050.0,0.004815465305000544,9.999999747378752e-05
161,0.28664007782936096,0.010414757765829563,0.10355029255151749,0.07457253336906433,22007774.0,0.00542375398799777,0.2851366400718689,0.00982723105698824,0.08980532735586166,0.06757214665412903,25901890.0,0.004711122717708349,9.999999747378752e-05
162,0.28482869267463684,0.0102619593963027,0.10282141715288162,0.07396959513425827,21643642.0,0.005354647990316153,0.28310778737068176,0.009447503834962845,0.08808045089244843,0.06529534608125687,24037090.0,0.0046269213780760765,9.999999747378752e-05
163,0.2830527722835541,0.010127515532076359,0.10219187289476395,0.07346391677856445,21333224.0,0.005293943919241428,0.2811586558818817,0.009130720980465412,0.08649809658527374,0.0631122887134552,22079084.0,0.004565900191664696,9.999999747378752e-05
164,0.2813134789466858,0.010013134218752384,0.10166775435209274,0.07305609434843063,21087776.0,0.005242619663476944,0.27929243445396423,0.008880535140633583,0.0850764662027359,0.06096532195806503,20035008.0,0.004528625402599573,9.999999747378752e-05
165,0.27961450815200806,0.009922974742949009,0.10126956552267075,0.07278715819120407,20918950.0,0.005203036591410637,0.2775126099586487,0.008700817823410034,0.08387912809848785,0.059190064668655396,18134804.0,0.00451510539278388,9.999999747378752e-05
166,0.27795302867889404,0.009854493662714958,0.10098204016685486,0.07262420654296875,20808670.0,0.005174272693693638,0.2758150100708008,0.008587788790464401,0.08287926763296127,0.05784612149000168,16528621.0,0.004525795113295317,9.999999747378752e-05
167,0.2763306498527527,0.009809686802327633,0.10081612318754196,0.0725555419921875,20747148.0,0.005157307721674442,0.2742006480693817,0.008542615920305252,0.08213447779417038,0.05682085454463959,15150805.0,0.004561278037726879,9.999999747378752e-05
168,0.2747427523136139,0.009784063324332237,0.10074710100889206,0.07252882421016693,20705018.0,0.005150169134140015,0.272664338350296,0.008560310117900372,0.08158721029758453,0.05611639469861984,13978012.0,0.004621156025677919,9.999999747378752e-05
169,0.27319177985191345,0.00978021789342165,0.10079041868448257,0.07255060970783234,20679360.0,0.0051541621796786785,0.2712099254131317,0.008644761517643929,0.08132204413414001,0.056063178926706314,13334342.0,0.004708061460405588,9.999999747378752e-05
170,0.27167263627052307,0.009793109260499477,0.10091796517372131,0.07260492444038391,20668648.0,0.005167318042367697,0.2698334753513336,0.008792221546173096,0.08124382793903351,0.056828081607818604,13357440.0,0.004825487267225981,9.999999747378752e-05
171,0.2701900899410248,0.009827603586018085,0.10115757584571838,0.07272877544164658,20669300.0,0.0051919217221438885,0.26854512095451355,0.00901261530816555,0.08150716125965118,0.05901389196515083,14593086.0,0.00498550571501255,9.999999747378752e-05
172,0.2687390148639679,0.009878435172140598,0.10147807002067566,0.07288233935832977,20682814.0,0.0052262297831475735,0.26734018325805664,0.009301407262682915,0.08193118870258331,0.06177133321762085,16372680.0,0.0051939100958406925,9.999999747378752e-05
173,0.2673269510269165,0.0099532101303339,0.1019219160079956,0.07311894744634628,20699872.0,0.005273499060422182,0.26623809337615967,0.009677838534116745,0.0828188806772232,0.06518394500017166,18694704.0,0.00546590331941843,9.999999747378752e-05
174,0.2659491002559662,0.010046790353953838,0.10245459526777267,0.07339533418416977,20759952.0,0.005332769826054573,0.2652263343334198,0.010129174217581749,0.08379591256380081,0.06878098845481873,21185088.0,0.0057963961735367775,9.999999747378752e-05
175,0.26461437344551086,0.010168058797717094,0.10312679409980774,0.07385418564081192,20894418.0,0.005406614858657122,0.26434335112571716,0.010693708434700966,0.0855163112282753,0.07299362868070602,24127146.0,0.006210957653820515,9.999999747378752e-05
176,0.26332172751426697,0.010315627790987492,0.10391449928283691,0.0744609385728836,21210432.0,0.005497426725924015,0.2635496258735657,0.011331540532410145,0.0873122438788414,0.07721389830112457,27085994.0,0.0066855186596512794,9.999999747378752e-05
177,0.26207342743873596,0.010491523891687393,0.10484155267477036,0.0752674862742424,21551306.0,0.005602322053164244,0.26293373107910156,0.012130849063396454,0.09040135890245438,0.08233054727315903,30632738.0,0.007276768796145916,9.999999747378752e-05
178,0.260890930891037,0.010716484859585762,0.10597051680088043,0.07631368935108185,22268030.0,0.0057378667406737804,0.26237982511520386,0.012975268065929413,0.09412311017513275,0.08703649044036865,34070356.0,0.007914427667856216,9.999999747378752e-05
179,0.2597365975379944,0.010952867567539215,0.10716517269611359,0.07755760848522186,22852808.0,0.005874174181371927,0.26210740208625793,0.014084046706557274,0.09826548397541046,0.09303908795118332,38151748.0,0.00873034168034792,9.999999747378752e-05
180,0.258727103471756,0.011315914802253246,0.108863964676857,0.0792195275425911,24195692.0,0.006085449364036322,0.2617966830730438,0.01513602863997221,0.10418450832366943,0.09797932952642441,42017420.0,0.009543201886117458,9.999999747378752e-05
181,0.2576659619808197,0.011609625071287155,0.11032913625240326,0.08077141642570496,24696524.0,0.006246557459235191,0.26194819808006287,0.01663181371986866,0.10775963962078094,0.10507135093212128,46364676.0,0.010600710287690163,9.999999747378752e-05
182,0.2570312023162842,0.01230873353779316,0.1133759394288063,0.08368042856454849,27466792.0,0.006628762930631638,0.2618515193462372,0.01785752922296524,0.11726446449756622,0.10981827229261398,51004304.0,0.01160831656306982,9.999999747378752e-05
183,0.2560863196849823,0.012677885591983795,0.11541860550642014,0.08533966541290283,26993752.0,0.00679172994568944,0.2620837390422821,0.019391166046261787,0.11600609868764877,0.11658250540494919,53895332.0,0.012525947764515877,9.999999747378752e-05
184,0.2565319836139679,0.014408785849809647,0.12248175591230392,0.09180928021669388,33341602.0,0.007759483531117439,0.26297295093536377,0.021548772230744362,0.13563910126686096,0.12371739000082016,61701092.0,0.014385460875928402,9.999999747378752e-05
185,0.25561076402664185,0.014745675027370453,0.1249842643737793,0.09297406673431396,30011228.0,0.007649153936654329,0.25956541299819946,0.01938118040561676,0.11951806396245956,0.11738856136798859,54212636.0,0.012178925797343254,9.999999747378752e-05
186,0.2570347189903259,0.01738368347287178,0.13386861979961395,0.10249727964401245,40133452.0,0.009296820499002934,0.2648853063583374,0.02588912472128868,0.15527532994747162,0.13876771926879883,71684504.0,0.017453189939260483,9.999999747378752e-05
187,0.25382906198501587,0.015358444303274155,0.12683367729187012,0.09606052935123444,31964726.0,0.008050153963267803,0.2533477544784546,0.015517255291342735,0.1123482808470726,0.10225751996040344,44423096.0,0.009219209663569927,9.999999747378752e-05
188,0.2524251341819763,0.01510248426347971,0.12424316257238388,0.09474517405033112,35445396.0,0.008047136478126049,0.2560284435749054,0.019331248477101326,0.13174089789390564,0.11827430874109268,58581992.0,0.012705772183835506,9.999999747378752e-05
189,0.24929146468639374,0.013097708113491535,0.11663196235895157,0.08713501691818237,29678504.0,0.007046137470752001,0.247421994805336,0.011847252026200294,0.09080372750759125,0.08372245728969574,33430528.0,0.007244219072163105,9.999999747378752e-05
190,0.2468559443950653,0.011779848486185074,0.1105707585811615,0.080760158598423,26917378.0,0.006346891634166241,0.2464444935321808,0.011983257718384266,0.09721778333187103,0.08607615530490875,37390708.0,0.007313075941056013,9.999999747378752e-05
191,0.24492166936397552,0.01095600612461567,0.10692518204450607,0.07733757793903351,24604964.0,0.005892345681786537,0.24320746958255768,0.009852267801761627,0.08518559485673904,0.07209926843643188,27840610.0,0.00579059636220336,9.999999747378752e-05
192,0.24320314824581146,0.010340731590986252,0.10387945175170898,0.07458644360303879,22890900.0,0.005553890485316515,0.24142876267433167,0.009172908030450344,0.08349573612213135,0.06747160106897354,24886896.0,0.00532816955819726,9.999999747378752e-05
193,0.2417854368686676,0.010019190609455109,0.102183036506176,0.07338816672563553,22214764.0,0.0053717149421572685,0.23993471264839172,0.00877098273485899,0.08276431262493134,0.06349676847457886,22020660.0,0.005061877891421318,9.999999747378752e-05
194,0.2405429482460022,0.009865672327578068,0.10136891901493073,0.07304508239030838,22016488.0,0.005278283730149269,0.23847132921218872,0.008392227813601494,0.0805647149682045,0.059084873646497726,18509510.0,0.004791233688592911,9.999999747378752e-05
195,0.23935241997241974,0.009756545536220074,0.10073529183864594,0.0725899264216423,21777634.0,0.005213898606598377,0.23736096918582916,0.008359141647815704,0.0809115618467331,0.05758385732769966,16973292.0,0.004772406071424484,9.999999747378752e-05
196,0.23824556171894073,0.009723659604787827,0.10054637491703033,0.07260537892580032,21760104.0,0.005190880503505468,0.2362295538187027,0.008297509513795376,0.08033046126365662,0.055823586881160736,15240801.0,0.004714363720268011,9.999999747378752e-05
197,0.2371581792831421,0.009702889248728752,0.10041440278291702,0.0725816860795021,21742172.0,0.00517651904374361,0.23519161343574524,0.008321981877088547,0.08029664307832718,0.05520741641521454,14357631.0,0.004713668953627348,9.999999747378752e-05
198,0.23609328269958496,0.009697198867797852,0.10036645084619522,0.07262177020311356,21750904.0,0.005170442163944244,0.23420113325119019,0.008386591449379921,0.0804143100976944,0.055350471287965775,14202245.0,0.004732007160782814,9.999999747378752e-05
199,0.2350500375032425,0.009705847129225731,0.1003979966044426,0.07272740453481674,21798580.0,0.005171398166567087,0.2332412600517273,0.008474471047520638,0.08055295795202255,0.05615769326686859,14712780.0,0.00475389463827014,9.999999747378752e-05
200,0.23402172327041626,0.00972212664783001,0.10046645998954773,0.07282804697751999,21853850.0,0.005175894591957331,0.23232656717300415,0.008600229397416115,0.08087323606014252,0.05719154328107834,15424953.0,0.004787770099937916,9.999999747378752e-05
201,0.23301061987876892,0.009748340584337711,0.10058622807264328,0.07295029610395432,21927272.0,0.005184451583772898,0.2314559668302536,0.008762779645621777,0.08132585883140564,0.058390747755765915,16268859.0,0.004830649122595787,9.999999747378752e-05
202,0.23201867938041687,0.00978634599596262,0.10076695680618286,0.07310066372156143,22018548.0,0.0051980456337332726,0.23063193261623383,0.008964482694864273,0.08189813047647476,0.059807877987623215,17255412.0,0.00488158967345953,9.999999747378752e-05
203,0.23104630410671234,0.009836512617766857,0.10100910067558289,0.07328585535287857,22129524.0,0.005216773599386215,0.2298637181520462,0.009214588440954685,0.08263606578111649,0.061514146625995636,18402730.0,0.004944047424942255,9.999999747378752e-05
204,0.23009610176086426,0.009901383891701698,0.10132656246423721,0.07352742552757263,22274804.0,0.005241615232080221,0.22915838658809662,0.009519997052848339,0.08354522287845612,0.06348604708909988,19678360.0,0.005019237287342548,9.999999747378752e-05
205,0.22917111217975616,0.009983857162296772,0.10173438489437103,0.07384844124317169,22471602.0,0.005273705348372459,0.22852255403995514,0.00988723523914814,0.08462892472743988,0.06557904928922653,21040214.0,0.005107273813337088,9.999999747378752e-05
206,0.22827354073524475,0.010085989721119404,0.102242112159729,0.07428182661533356,22721264.0,0.005313960835337639,0.2279634177684784,0.010323320515453815,0.08590254187583923,0.06780461966991425,22491408.0,0.00521014304831624,9.999999747378752e-05
207,0.22740621864795685,0.010210390202701092,0.1028623878955841,0.07479891926050186,23009876.0,0.0053634680807590485,0.2274852991104126,0.010832220315933228,0.08735854178667068,0.07033159583806992,24051164.0,0.005329476203769445,9.999999747378752e-05
208,0.22657153010368347,0.010359164327383041,0.10360386222600937,0.07538358867168427,23342308.0,0.005423036403954029,0.2270883470773697,0.011413873173296452,0.08897975087165833,0.07313250005245209,25730008.0,0.005465229041874409,9.999999747378752e-05
209,0.22577084600925446,0.01053331233561039,0.10446822643280029,0.07605218887329102,23716610.0,0.005493005737662315,0.22676822543144226,0.012063614092767239,0.09074871242046356,0.07618346810340881,27557944.0,0.005615869536995888,9.999999747378752e-05
210,0.22500446438789368,0.010732880793511868,0.10545136034488678,0.07679847627878189,24132324.0,0.005573313683271408,0.22651441395282745,0.012770465575158596,0.09266113489866257,0.07943693548440933,29576852.0,0.005777836311608553,9.999999747378752e-05
211,0.22427141666412354,0.010956467129290104,0.10654103010892868,0.07765308767557144,24607000.0,0.005663154646754265,0.2263074666261673,0.013514692895114422,0.09478942304849625,0.0826999694108963,31672352.0,0.005945482291281223,9.999999747378752e-05
212,0.223568394780159,0.011200346052646637,0.10771339386701584,0.0786086693406105,25132358.0,0.005760768428444862,0.22611619532108307,0.014264683239161968,0.0973416119813919,0.08602359890937805,33828160.0,0.006110464688390493,9.999999747378752e-05
213,0.22288872301578522,0.011457511223852634,0.10892968624830246,0.07959932088851929,25665068.0,0.005863224156200886,0.22589243948459625,0.014971914701163769,0.10024193674325943,0.08915753662586212,35898316.0,0.006260633934289217,9.999999747378752e-05
214,0.2222207933664322,0.011715921573340893,0.11012989282608032,0.08055350184440613,26165790.0,0.005965579766780138,0.22556577622890472,0.015565693378448486,0.10297920554876328,0.09176154434680939,37718296.0,0.006379416678100824,9.999999747378752e-05
215,0.2215452492237091,0.011956199072301388,0.11122380942106247,0.0814393162727356,26623418.0,0.006060099694877863,0.22504159808158875,0.01595134660601616,0.10505835711956024,0.09346622228622437,39047292.0,0.006445417180657387,9.999999747378752e-05
216,0.2208336442708969,0.012149716727435589,0.11208423227071762,0.0821734294295311,26991766.0,0.006135381758213043,0.22420895099639893,0.016018059104681015,0.10602674633264542,0.09393015503883362,39664328.0,0.006434184964746237,9.999999747378752e-05
217,0.22004838287830353,0.012259168550372124,0.11254984140396118,0.08258511871099472,27145124.0,0.006176246330142021,0.22296753525733948,0.015665821731090546,0.10547623783349991,0.09272085875272751,39258528.0,0.006323532667011023,9.999999747378752e-05
218,0.21914950013160706,0.012245118618011475,0.11245153844356537,0.08247841894626617,26964896.0,0.006165399681776762,0.2212727963924408,0.014850951731204987,0.10314549505710602,0.08958626538515091,37676252.0,0.006103933788836002,9.999999747378752e-05
219,0.21810831129550934,0.01207976508885622,0.11166860908269882,0.08174213767051697,26380324.0,0.00609121099114418,0.21918414533138275,0.013633841648697853,0.09907329827547073,0.08447717130184174,34823776.0,0.005789047572761774,9.999999747378752e-05
220,0.21692663431167603,0.011766072362661362,0.11021260917186737,0.08042270690202713,25413114.0,0.005954417400062084,0.216878741979599,0.012192894704639912,0.0937139019370079,0.07804150134325027,30854320.0,0.0054185944609344006,9.999999747378752e-05
221,0.21564742922782898,0.011348290368914604,0.1082819253206253,0.07875925302505493,24233458.0,0.0057734656147658825,0.21460184454917908,0.010774566791951656,0.08788682520389557,0.07080808281898499,26179252.0,0.005052958615124226,9.999999747378752e-05
222,0.21434500813484192,0.010901876725256443,0.10622309148311615,0.07699510455131531,22993264.0,0.005580306984484196,0.21257434785366058,0.009600840508937836,0.08252949267625809,0.06402182579040527,21370920.0,0.004751482047140598,9.999999747378752e-05
223,0.2130945473909378,0.010502966120839119,0.10438533127307892,0.07550021260976791,21954420.0,0.005408205557614565,0.2109159380197525,0.008792086504399776,0.07834132760763168,0.05834367498755455,16855914.0,0.004550290759652853,9.999999747378752e-05
224,0.21194295585155487,0.010198969393968582,0.10298273712396622,0.07455741614103317,21357486.0,0.00528009282425046,0.20963022112846375,0.008352185599505901,0.07555972039699554,0.05428471788764,12977697.0,0.004454491194337606,9.999999747378752e-05
225,0.21089959144592285,0.009999506175518036,0.10206057131290436,0.07395783811807632,21031134.0,0.005201853346079588,0.20864248275756836,0.008206452243030071,0.07399948686361313,0.05149872228503227,9842892.0,0.004446106031537056,9.999999747378752e-05
226,0.2099480926990509,0.009888109751045704,0.1015491932630539,0.07363461703062057,20891598.0,0.005164659582078457,0.20785300433635712,0.008255147375166416,0.07329422980546951,0.050394799560308456,8080887.5,0.004497395362704992,9.999999747378752e-05
227,0.20906320214271545,0.00983936246484518,0.101335808634758,0.07348690181970596,20853464.0,0.005155561957508326,0.2071748971939087,0.00841112993657589,0.07381124794483185,0.05150098353624344,8470680.0,0.0045888666063547134,9.999999747378752e-05
228,0.2082221508026123,0.00983037706464529,0.101314976811409,0.07344029098749161,20860690.0,0.005163825582712889,0.20654836297035217,0.008614441379904747,0.07552562654018402,0.05396156758069992,10171348.0,0.004707179497927427,9.999999747378752e-05
229,0.20740891993045807,0.009844901971518993,0.10140981525182724,0.0734502300620079,20891552.0,0.0051820226944983006,0.2059391438961029,0.008830656297504902,0.07730869203805923,0.05655074119567871,12046549.0,0.004839931149035692,9.999999747378752e-05
230,0.2066134363412857,0.009872722439467907,0.1015709862112999,0.07349330931901932,20933820.0,0.005205645225942135,0.2053307443857193,0.00904315896332264,0.07906006276607513,0.05899839475750923,13896788.0,0.0049783107824623585,9.999999747378752e-05
231,0.20583000779151917,0.00990799069404602,0.10177000612020493,0.07356413453817368,20983142.0,0.00523223914206028,0.2047165334224701,0.009245236404240131,0.0807461217045784,0.061301350593566895,15702515.0,0.005118164233863354,9.999999747378752e-05
232,0.20505531132221222,0.009947458282113075,0.10199081897735596,0.07365625351667404,21036030.0,0.00526052713394165,0.2040950506925583,0.009435324929654598,0.08235912024974823,0.0634237676858902,17419524.0,0.005257794167846441,9.999999747378752e-05
233,0.20428796112537384,0.009989467449486256,0.1022251695394516,0.07376551628112793,21090948.0,0.005289915017783642,0.2034662365913391,0.009613314643502235,0.08389566838741302,0.06537428498268127,19051836.0,0.005396108143031597,9.999999747378752e-05
234,0.2035270780324936,0.010033151134848595,0.1024685874581337,0.07388871908187866,21149880.0,0.005320123862475157,0.20283082127571106,0.009779817424714565,0.0853574126958847,0.06714575737714767,20591664.0,0.005532484967261553,9.999999747378752e-05
235,0.20277228951454163,0.010078078135848045,0.10271880030632019,0.07403820008039474,21228958.0,0.005351029336452484,0.20218859612941742,0.009934659115970135,0.0867406353354454,0.06875086575746536,22036674.0,0.005665777251124382,9.999999747378752e-05
236,0.20202326774597168,0.010123919695615768,0.10297387093305588,0.07424066215753555,21353980.0,0.005382376257330179,0.20153950154781342,0.010077699087560177,0.08804403245449066,0.07019229978322983,23383816.0,0.005794938188046217,9.999999747378752e-05
237,0.201279878616333,0.010170445777475834,0.10323233902454376,0.07446466386318207,21496824.0,0.005413998384028673,0.20088239014148712,0.010207749903202057,0.08926019072532654,0.07147548347711563,24625760.0,0.005918225273489952,9.999999747378752e-05
238,0.20054180920124054,0.010217294096946716,0.1034921258687973,0.07470376789569855,21652948.0,0.00544570479542017,0.20021577179431915,0.010323273949325085,0.09038139879703522,0.07259009033441544,25757092.0,0.006033670157194138,9.999999747378752e-05
239,0.19980855286121368,0.010264000855386257,0.1037505716085434,0.07495877891778946,21821560.0,0.005477220751345158,0.19953696429729462,0.01042158529162407,0.09139242768287659,0.07355395704507828,26771012.0,0.0061382935382425785,9.999999747378752e-05
240,0.19907943904399872,0.010309777222573757,0.10400328040122986,0.07521209865808487,21990136.0,0.005508145783096552,0.19884388148784637,0.010500616393983364,0.0922829806804657,0.07434199005365372,27648608.0,0.006229098420590162,9.999999747378752e-05
241,0.198353573679924,0.010353779420256615,0.10424569249153137,0.07545744627714157,22153146.0,0.005537958815693855,0.19813327491283417,0.010557050816714764,0.09303352236747742,0.07492882758378983,28374622.0,0.006302331108599901,9.999999747378752e-05
242,0.19762970507144928,0.010394778102636337,0.10447116196155548,0.0756901279091835,22306928.0,0.00556589150801301,0.19740305840969086,0.010588841512799263,0.09363171458244324,0.07530077546834946,28948682.0,0.00635527865961194,9.999999747378752e-05
243,0.19690659642219543,0.010431483387947083,0.10467284172773361,0.07590153813362122,22442014.0,0.005591096822172403,0.19665072858333588,0.010593513958156109,0.09405911713838577,0.07545122504234314,29325990.0,0.006384714972227812,9.999999747378752e-05
244,0.19618260860443115,0.01046237163245678,0.10484250634908676,0.07607722282409668,22552416.0,0.005612567998468876,0.19587662816047668,0.010571406222879887,0.09431187063455582,0.07543889433145523,29513304.0,0.006389141082763672,9.999999747378752e-05
245,0.19545656442642212,0.010486166924238205,0.10497323423624039,0.07620344310998917,22632298.0,0.005629324354231358,0.19508127868175507,0.010523069649934769,0.09438082575798035,0.07518063485622406,29479194.0,0.0063668810762465,9.999999747378752e-05
246,0.19472703337669373,0.010501592420041561,0.10505789518356323,0.07627750188112259,22682486.0,0.0056401509791612625,0.1942700892686844,0.010454040952026844,0.0942838042974472,0.07473023980855942,29251104.0,0.006319417152553797,9.999999747378752e-05
247,0.19399365782737732,0.010508321225643158,0.1050940677523613,0.07630595564842224,22702400.0,0.005644647870212793,0.1934487521648407,0.010370058938860893,0.09403105080127716,0.07409323006868362,28808032.0,0.006247802171856165,9.999999747378752e-05
248,0.1932561993598938,0.01050623133778572,0.10508009046316147,0.07627236843109131,22688370.0,0.005642882082611322,0.19262972474098206,0.010283689945936203,0.0936732143163681,0.07336266338825226,28197840.0,0.006159166805446148,9.999999747378752e-05
249,0.1925162374973297,0.010496934875845909,0.10502322018146515,0.0761994868516922,22662802.0,0.005635400302708149,0.1918235719203949,0.010205470025539398,0.09323898702859879,0.07252137362957001,27423326.0,0.0060593183152377605,9.999999747378752e-05
250,0.19177520275115967,0.010481958277523518,0.10492982715368271,0.076096311211586,22632424.0,0.005622787866741419,0.1910494863986969,0.010154800489544868,0.09281665086746216,0.07167962193489075,26574274.0,0.005959753412753344,9.999999747378752e-05
251,0.19103707373142242,0.010465378873050213,0.10482005029916763,0.07599136233329773,22626940.0,0.005606863647699356,0.1903204619884491,0.010144696570932865,0.0924440324306488,0.07085005193948746,25669942.0,0.005866990424692631,9.999999747378752e-05
252,0.19030463695526123,0.010450011119246483,0.10470698773860931,0.07588474452495575,22649338.0,0.005589144770056009,0.1896611899137497,0.01019986066967249,0.09224221110343933,0.07040351629257202,24864146.0,0.0057953959330916405,9.999999747378752e-05
253,0.18958459794521332,0.01044257078319788,0.10462559759616852,0.07584303617477417,22747316.0,0.005572817288339138,0.1890832781791687,0.010331959463655949,0.09223134815692902,0.07034395635128021,24259408.0,0.005749046802520752,9.999999747378752e-05
254,0.18887975811958313,0.010445921681821346,0.10458987951278687,0.0758514404296875,22897108.0,0.005560021381825209,0.18861588835716248,0.010570123791694641,0.0925571471452713,0.07107409089803696,24232784.0,0.0057412926107645035,9.999999747378752e-05
255,0.18819983303546906,0.01046969834715128,0.10465208441019058,0.07596683502197266,23102520.0,0.005555323325097561,0.18826596438884735,0.010921187698841095,0.09318845719099045,0.07232720404863358,24603240.0,0.005768705625087023,9.999999747378752e-05
256,0.18754619359970093,0.010515122674405575,0.10481799393892288,0.07621972262859344,23374324.0,0.005560214165598154,0.1880665272474289,0.011418076232075691,0.09428608417510986,0.0742778554558754,25459828.0,0.005844868719577789,9.999999747378752e-05
257,0.18693271279335022,0.010595913976430893,0.10516346246004105,0.07658525556325912,23708452.0,0.005580681376159191,0.18801619112491608,0.012059181928634644,0.09573059529066086,0.07693705707788467,26715132.0,0.005961016286164522,9.999999747378752e-05
258,0.18635646998882294,0.010708926245570183,0.10566875338554382,0.07705552875995636,24128854.0,0.0056161899119615555,0.1881556361913681,0.012884729541838169,0.09771766513586044,0.08041161298751831,28544876.0,0.006132396869361401,9.999999747378752e-05
259,0.1858392357826233,0.010875462554395199,0.10644850879907608,0.07778413593769073,24678682.0,0.005675341002643108,0.18847927451133728,0.013888788409531116,0.10004369914531708,0.08457975089550018,30833768.0,0.006344506051391363,9.999999747378752e-05
260,0.18537122011184692,0.0110853286460042,0.10743709653615952,0.07868675142526627,25314540.0,0.00575440376996994,0.18904723227024078,0.015130976215004921,0.1030183807015419,0.08972885459661484,33816836.0,0.006617897190153599,9.999999747378752e-05
261,0.18499015271663666,0.01137558650225401,0.10882048308849335,0.07987859845161438,26101890.0,0.005867763422429562,0.18986621499061584,0.016617268323898315,0.1064920425415039,0.09566567093133926,37537300.0,0.006934988312423229,9.999999747378752e-05
262,0.1846773773431778,0.011726937256753445,0.11046736687421799,0.08126315474510193,27032046.0,0.006007641088217497,0.19101324677467346,0.018423931673169136,0.11125238239765167,0.10265510529279709,42042152.0,0.0073180850595235825,9.999999747378752e-05
263,0.18449799716472626,0.012203646823763847,0.1126718670129776,0.08313458412885666,28203250.0,0.00619780458509922,0.19247344136238098,0.020535163581371307,0.11791076511144638,0.11051478236913681,47198764.0,0.007738497108221054,9.999999747378752e-05
264,0.1844101846218109,0.012762865982949734,0.11516190320253372,0.08551883697509766,29712312.0,0.00642267195507884,0.19416821002960205,0.022871453315019608,0.12580081820487976,0.11869770288467407,52650404.0,0.008187314495444298,9.999999747378752e-05
265,0.18448637425899506,0.013476184569299221,0.1182301715016365,0.0885549932718277,31615554.0,0.006713022477924824,0.19573526084423065,0.02506970427930355,0.1333978921175003,0.12593650817871094,57751688.0,0.008563386276364326,9.999999747378752e-05
266,0.18456588685512543,0.014182050712406635,0.12110231816768646,0.09113821387290955,33185686.0,0.0070078568533062935,0.19633585214614868,0.02629077062010765,0.13773253560066223,0.13011111319065094,60959564.0,0.008725365623831749,9.999999747378752e-05
267,0.18456704914569855,0.014798772521317005,0.12349370121955872,0.09294961392879486,34081572.0,0.007266306784003973,0.194832906126976,0.02539810538291931,0.13613606989383698,0.12783914804458618,60473440.0,0.008435462601482868,9.999999747378752e-05
268,0.18400320410728455,0.014840537682175636,0.12348894774913788,0.09261976182460785,33695024.0,0.007278533652424812,0.19044137001037598,0.021608490496873856,0.12512095272541046,0.11627887189388275,54134812.0,0.00757977832108736,9.999999747378752e-05
269,0.18268749117851257,0.014123251661658287,0.12042063474655151,0.09010670334100723,31811528.0,0.006958369165658951,0.18428103625774384,0.01604505255818367,0.10675293207168579,0.09626132994890213,42292456.0,0.006329053081572056,9.999999747378752e-05
270,0.18060602247714996,0.012636748142540455,0.11410263925790787,0.08429528772830963,27433618.0,0.006303276866674423,0.1788448691368103,0.011204371228814125,0.08706405758857727,0.07376562803983688,27441232.0,0.005219459533691406,9.999999747378752e-05
271,0.17860424518585205,0.011230153031647205,0.10807913541793823,0.0783180296421051,22604366.0,0.005685595795512199,0.17577750980854034,0.008733672089874744,0.07582582533359528,0.05754571035504341,15046684.0,0.004615528043359518,9.999999747378752e-05
272,0.177165225148201,0.010388117283582687,0.10426817089319229,0.07527058571577072,20544754.0,0.005336346570402384,0.1748867779970169,0.008441371843218803,0.07647985219955444,0.054690368473529816,11747899.0,0.004652002360671759,9.999999747378752e-05
273,0.17634029686450958,0.010161681100726128,0.1031307727098465,0.0744638442993164,20302138.0,0.005284904967993498,0.1749151647090912,0.00906869675964117,0.08039914816617966,0.06027984246611595,15154957.0,0.005038319621235132,9.999999747378752e-05
274,0.17573237419128418,0.010152224451303482,0.1030198186635971,0.07412911206483841,20463892.0,0.005323204677551985,0.1750810593366623,0.009832791984081268,0.08480872958898544,0.0659201592206955,18248124.0,0.005490651819854975,9.999999747378752e-05
275,0.1751650869846344,0.010182305239140987,0.10315746068954468,0.07424066215753555,20829864.0,0.00536383455619216,0.1748679280281067,0.010216211900115013,0.08715817332267761,0.06854938715696335,19454904.0,0.0057138013653457165,9.999999747378752e-05
276,0.17455439269542694,0.010167179629206657,0.10308370739221573,0.07426416128873825,21090550.0,0.005368303507566452,0.1744600236415863,0.01040276326239109,0.08898285031318665,0.06997349858283997,20246692.0,0.005847856402397156,9.999999747378752e-05
277,0.17394621670246124,0.01015242375433445,0.10302995890378952,0.07442844659090042,21344926.0,0.005367050878703594,0.1737993210554123,0.01033418532460928,0.08939464390277863,0.0697978064417839,20365098.0,0.0058296723291277885,9.999999747378752e-05
278,0.17332668602466583,0.01012391783297062,0.10289497673511505,0.07443668693304062,21462654.0,0.005355130881071091,0.17319855093955994,0.01032308116555214,0.0903218537569046,0.07005960494279861,20857592.0,0.005865911021828651,9.999999747378752e-05
279,0.17273612320423126,0.01012190617620945,0.10290549695491791,0.07461699098348618,21618926.0,0.005356370471417904,0.17245900630950928,0.010170675814151764,0.09015054255723953,0.06937827914953232,20839692.0,0.005799639504402876,9.999999747378752e-05
280,0.17213083803653717,0.010102665983140469,0.10281270742416382,0.07457883656024933,21655644.0,0.005348166450858116,0.17189380526542664,0.010190153494477272,0.09106938540935516,0.06977935135364532,21409024.0,0.005853143520653248,9.999999747378752e-05
281,0.17156140506267548,0.010116873309016228,0.1029064878821373,0.07478658854961395,21791724.0,0.005357465241104364,0.17114794254302979,0.010026457719504833,0.09055841714143753,0.06895066797733307,21228296.0,0.005767631810158491,9.999999747378752e-05
282,0.17096060514450073,0.010097162798047066,0.1028059795498848,0.07468599826097488,21783626.0,0.005349189043045044,0.1706610471010208,0.010119317099452019,0.09174112975597382,0.06972252577543259,21945638.0,0.005861616227775812,9.999999747378752e-05
283,0.17041203379631042,0.010127292014658451,0.10298530012369156,0.07497616112232208,21948620.0,0.005366216879338026,0.16987280547618866,0.009908285923302174,0.09069900214672089,0.06850940734148026,21441014.0,0.005730464123189449,9.999999747378752e-05
284,0.1698048859834671,0.01009630598127842,0.10281862318515778,0.07476423680782318,21888250.0,0.00535246916115284,0.16950207948684692,0.010112409479916096,0.0924764946103096,0.06993819028139114,22501682.0,0.0058931089006364346,9.999999747378752e-05
285,0.1692865490913391,0.01015179418027401,0.10313723981380463,0.07520966231822968,22117756.0,0.005381112452596426,0.16859827935695648,0.009780899621546268,0.09046041965484619,0.06789254397153854,21420208.0,0.0056669036857783794,9.999999747378752e-05
286,0.16865652799606323,0.010092961601912975,0.10281219333410263,0.07477589696645737,21961736.0,0.005354053806513548,0.16843777894973755,0.010190295055508614,0.09351342916488647,0.07063701003789902,23283968.0,0.005962866824120283,9.999999747378752e-05
287,0.16819407045841217,0.010199401527643204,0.10341258347034454,0.07555690407752991,22329928.0,0.0054062907584011555,0.1672779619693756,0.00959774386137724,0.08958406001329422,0.06688676029443741,21036116.0,0.005547092761844397,9.999999747378752e-05
288,0.16750746965408325,0.010078907944262028,0.10273958742618561,0.07466362416744232,21981578.0,0.0053505548276007175,0.16754843294620514,0.010433060117065907,0.09539725631475449,0.07239144295454025,24621838.0,0.006121364422142506,9.999999747378752e-05
289,0.1671655774116516,0.010300925932824612,0.10397832095623016,0.07615877687931061,22650614.0,0.005456804297864437,0.16583552956581116,0.00928215030580759,0.08749730885028839,0.06476433575153351,19888848.0,0.0053191473707556725,9.999999747378752e-05
290,0.16635172069072723,0.010047702118754387,0.10255768895149231,0.07430548220872879,21893292.0,0.00534189585596323,0.1670510470867157,0.01105719804763794,0.09938063472509384,0.07613594084978104,27202950.0,0.006500463467091322,9.999999747378752e-05
291,0.16630034148693085,0.010554782114923,0.10535478591918945,0.0773753672838211,23223280.0,0.0055821798741817474,0.1641669124364853,0.00872900988906622,0.08313463628292084,0.060285534709692,17154552.0,0.004912492819130421,9.999999747378752e-05
292,0.1652250438928604,0.010033546015620232,0.10242651402950287,0.07360454648733139,21655536.0,0.005357617512345314,0.16749872267246246,0.012613711878657341,0.1081688180565834,0.08443193882703781,32587094.0,0.00740797957405448,9.999999747378752e-05
293,0.16589362919330597,0.01125339511781931,0.1089906096458435,0.08047829568386078,24615436.0,0.0059216381050646305,0.16236865520477295,0.008030680939555168,0.07588212192058563,0.05250215157866478,12141040.0,0.004388019442558289,9.999999747378752e-05
294,0.1643175631761551,0.010221190750598907,0.10326170921325684,0.07337912172079086,21695374.0,0.005521046929061413,0.16973243653774261,0.015936344861984253,0.12451480329036713,0.09922383725643158,41536104.0,0.009270056150853634,9.999999747378752e-05
295,0.1662713587284088,0.01271336991339922,0.11595189571380615,0.08669673651456833,27473606.0,0.006593217141926289,0.1613207310438156,0.008055510930716991,0.07345122843980789,0.05059819296002388,11802454.0,0.004266214091330767,9.999999747378752e-05
296,0.16353046894073486,0.010499872267246246,0.10440843552350998,0.07445977628231049,22310492.0,0.0057435487397015095,0.1717296689748764,0.018989592790603638,0.1375695765018463,0.11056587845087051,47778648.0,0.010877439752221107,9.999999747378752e-05
297,0.16595585644245148,0.013445007614791393,0.11877994239330292,0.09027346968650818,29417188.0,0.006930560804903507,0.16101768612861633,0.008788752369582653,0.07685139775276184,0.05673205107450485,16260471.0,0.0044975364580750465,9.999999747378752e-05
298,0.1621532291173935,0.010153458453714848,0.10259204357862473,0.07375551015138626,21653242.0,0.005496537778526545,0.16794614493846893,0.016230067238211632,0.12462172657251358,0.10053830593824387,41632804.0,0.009157117456197739,9.999999747378752e-05
299,0.16356855630874634,0.012076539918780327,0.112547367811203,0.08456883579492569,27020210.0,0.006285033188760281,0.16086842119693756,0.009653890505433083,0.08490416407585144,0.06596285849809647,21301982.0,0.005057359114289284,9.999999747378752e-05
300,0.16142088174819946,0.010431718081235886,0.10460005700588226,0.07582969218492508,22408432.0,0.005536935292184353,0.16303487122058868,0.012325399555265903,0.10372824966907501,0.08360523730516434,31957750.0,0.006735563278198242,9.999999747378752e-05
301,0.16138604283332825,0.010898609645664692,0.10696107894182205,0.0787120908498764,24179344.0,0.005736055783927441,0.16209857165813446,0.01188755314797163,0.10057512670755386,0.08123964816331863,30655378.0,0.006394898518919945,9.999999747378752e-05
302,0.1611623615026474,0.011172880418598652,0.10851875692605972,0.08005131781101227,24752126.0,0.005874643102288246,0.1608961522579193,0.011182050220668316,0.09551416337490082,0.07755903899669647,28784090.0,0.005901244934648275,9.999999747378752e-05
303,0.1601625680923462,0.010668274946510792,0.10578950494527817,0.07733175158500671,23557158.0,0.0056428080424666405,0.1626037210226059,0.013383515179157257,0.108099564909935,0.08907315135002136,35390436.0,0.00711126159876585,9.999999747378752e-05
304,0.1605188399553299,0.011516375467181206,0.11012225598096848,0.08169243484735489,25780658.0,0.006035996600985527,0.1604950875043869,0.011763808317482471,0.09753050655126572,0.08081630617380142,30941078.0,0.006046644877642393,9.999999747378752e-05
305,0.15942953526973724,0.01091495156288147,0.10710221529006958,0.07839275151491165,24120196.0,0.005761292297393084,0.16205629706382751,0.013812030665576458,0.10880367457866669,0.09125999361276627,36871664.0,0.007113289553672075,9.999999747378752e-05
306,0.15960729122161865,0.011577252298593521,0.11038453131914139,0.08177464455366135,25939360.0,0.006068509072065353,0.16089530289173126,0.013132495805621147,0.10383562743663788,0.0879320278763771,35180936.0,0.006583098322153091,9.999999747378752e-05
307,0.15896083414554596,0.011410914361476898,0.10961396992206573,0.08068478107452393,25340126.0,0.005994204431772232,0.16157279908657074,0.01428859680891037,0.10919637978076935,0.0935627669095993,38434628.0,0.007073043845593929,9.999999747378752e-05
308,0.15880392491817474,0.011730161495506763,0.11111889779567719,0.08216986060142517,26194252.0,0.0061452751979231834,0.16160909831523895,0.014798182062804699,0.11073057353496552,0.09580036252737045,39704428.0,0.007189997471868992,9.999999747378752e-05
309,0.15862734615802765,0.012024843133985996,0.11256111413240433,0.08331793546676636,26726420.0,0.006283991504460573,0.16173942387104034,0.015397285111248493,0.1123397946357727,0.09849390387535095,41350668.0,0.007307236548513174,9.999999747378752e-05
310,0.1582830399274826,0.0121467225253582,0.11308994144201279,0.08370169252157211,26971214.0,0.006344842258840799,0.16250401735305786,0.016625147312879562,0.11734917014837265,0.10359109938144684,44047508.0,0.007779489737004042,9.999999747378752e-05
311,0.15842407941818237,0.012748418375849724,0.11587043851613998,0.08621976524591446,28172848.0,0.006627687253057957,0.16262172162532806,0.01720019243657589,0.11843355745077133,0.10592301934957504,45414104.0,0.007848493754863739,9.999999747378752e-05
312,0.15811581909656525,0.012894416227936745,0.11648905277252197,0.08664096146821976,28342458.0,0.00670106615871191,0.16367746889591217,0.018706826493144035,0.1244807243347168,0.1117464005947113,48357188.0,0.00845423061400652,9.999999747378752e-05
313,0.15847021341323853,0.013696445152163506,0.11998670548200607,0.09002431482076645,29966524.0,0.007083558011800051,0.1640530675649643,0.0195260439068079,0.12679049372673035,0.11476758122444153,49932412.0,0.008676374331116676,9.999999747378752e-05
314,0.15837271511554718,0.014038690365850925,0.12138363718986511,0.09123732894659042,30450144.0,0.007255814038217068,0.16513602435588837,0.021044563502073288,0.13296827673912048,0.12011520564556122,52460052.0,0.009365532547235489,9.999999747378752e-05
315,0.15894487500190735,0.015042480081319809,0.12545658648014069,0.09514574706554413,32211974.0,0.0077473497949540615,0.1657049059867859,0.02204023487865925,0.13677160441875458,0.12349964678287506,54019460.0,0.009819640778005123,9.999999747378752e-05
316,0.1591772884130478,0.015696870163083076,0.12792988121509552,0.0973949208855629,33081160.0,0.008087235502898693,0.16669726371765137,0.02344934642314911,0.14323678612709045,0.12796585261821747,55880084.0,0.010668318718671799,9.999999747378752e-05
317,0.16007943451404572,0.017010880634188652,0.13279180228710175,0.10196979343891144,35011472.0,0.008752441965043545,0.16743434965610504,0.02459254302084446,0.14869394898414612,0.1315055787563324,57255732.0,0.011489298194646835,9.999999747378752e-05
318,0.16084431111812592,0.018175924196839333,0.13676868379116058,0.10577361285686493,36458920.0,0.009368942119181156,0.16870389878749847,0.026255767792463303,0.15665622055530548,0.1358071267604828,59030176.0,0.01278683915734291,9.999999747378752e-05
319,0.16240081191062927,0.020119985565543175,0.14315375685691833,0.11198185384273529,39150772.0,0.01036895252764225,0.17022885382175446,0.028161201626062393,0.1648167073726654,0.1397329866886139,60637056.0,0.014313687570393085,9.999999747378752e-05
320,0.1642458587884903,0.022338248789310455,0.1498696357011795,0.11868911236524582,42215180.0,0.011497963219881058,0.17234350740909576,0.03064136393368244,0.1742064207792282,0.14496919512748718,62038824.0,0.01630789041519165,9.999999747378752e-05
321,0.16701731085777283,0.0254676416516304,0.1588083654642105,0.12755709886550903,46616880.0,0.013015239499509335,0.17356084287166595,0.0322091244161129,0.17911763489246368,0.14801308512687683,60468856.0,0.017870133742690086,9.999999747378752e-05
322,0.1699027717113495,0.028695806860923767,0.16737906634807587,0.13616713881492615,51018672.0,0.014543196186423302,0.17138852179050446,0.03037373162806034,0.17201757431030273,0.1413983404636383,52501352.0,0.01754608377814293,9.999999747378752e-05
323,0.17135687172412872,0.030481338500976562,0.17205126583576202,0.14071345329284668,52359828.0,0.015399889089167118,0.16402855515480042,0.023343244567513466,0.14529694616794586,0.11628534644842148,35223536.0,0.013753056526184082,9.999999747378752e-05
324,0.16858747601509094,0.028041265904903412,0.16588129103183746,0.13277550041675568,47466676.0,0.014327959157526493,0.155385822057724,0.015031774528324604,0.10777473449707031,0.08037496358156204,15474957.0,0.008398243226110935,9.999999747378752e-05
325,0.1617525964975357,0.021544592455029488,0.14703024923801422,0.11133118718862534,36513948.0,0.011244488880038261,0.15050815045833588,0.010495848953723907,0.0827738493680954,0.0616183765232563,10726562.0,0.005535662639886141,9.999999747378752e-05
326,0.15499670803546906,0.015141194686293602,0.12474605441093445,0.0889146625995636,25872040.0,0.00806022621691227,0.14893586933612823,0.009279615245759487,0.08348095417022705,0.06178790330886841,15570244.0,0.004858078435063362,9.999999747378752e-05
327,0.15114399790763855,0.011653300374746323,0.11016068607568741,0.07670639455318451,20858564.0,0.00626934552565217,0.14841318130493164,0.009125514887273312,0.08510547876358032,0.06229365989565849,16878254.0,0.0047170729376375675,9.999999747378752e-05
328,0.14958027005195618,0.010462743230164051,0.10443156212568283,0.07352650165557861,19777054.0,0.005616693291813135,0.14802785217761993,0.009116950444877148,0.0857209786772728,0.06188616529107094,16550650.0,0.004661002196371555,9.999999747378752e-05
329,0.14888538420200348,0.01014604140073061,0.10272260755300522,0.07285858690738678,19451146.0,0.005413203500211239,0.14758779108524323,0.009057403542101383,0.08527569472789764,0.06096801906824112,15812994.0,0.00462289759889245,9.999999747378752e-05
330,0.1484019011259079,0.01004286389797926,0.1021290272474289,0.07254417985677719,19277390.0,0.0053457594476640224,0.14709526300430298,0.008945995010435581,0.08403567224740982,0.05960998311638832,14747284.0,0.004596372600644827,9.999999747378752e-05
331,0.147999569773674,0.010020945221185684,0.10198288410902023,0.07232469320297241,19259676.0,0.005337598733603954,0.1466003954410553,0.008831425569951534,0.08262106031179428,0.05807586386799812,13515163.0,0.004576546140015125,9.999999747378752e-05
332,0.14764165878295898,0.010042605921626091,0.10207349807024002,0.07231535762548447,19402508.0,0.0053563714027404785,0.14612418413162231,0.0087343854829669,0.08141235262155533,0.056681450456380844,12434664.0,0.004557658452540636,9.999999747378752e-05
333,0.14728856086730957,0.010068133473396301,0.10219146311283112,0.07240810990333557,19596004.0,0.005374528933316469,0.14566436409950256,0.008652791380882263,0.0804360955953598,0.05548587813973427,11545922.0,0.004539508372545242,9.999999747378752e-05
334,0.14692182838916779,0.01007935032248497,0.10223957896232605,0.0725024938583374,19767330.0,0.005381484050303698,0.14521586894989014,0.008581973612308502,0.07960651814937592,0.05443225055932999,10777723.0,0.004523443058133125,9.999999747378752e-05
335,0.14654310047626495,0.01007815357297659,0.10222586244344711,0.07255341857671738,19881490.0,0.005379514768719673,0.1447763890028,0.008519922383129597,0.07886425405740738,0.0535082183778286,10110213.0,0.004509177524596453,9.999999747378752e-05
336,0.1461586207151413,0.01007102895528078,0.1021835133433342,0.0725724846124649,19949618.0,0.005373412277549505,0.1443452388048172,0.008466153405606747,0.07817938178777695,0.052700649946928024,9537667.0,0.004496705252677202,9.999999747378752e-05
337,0.14577257633209229,0.010062385350465775,0.10213501751422882,0.07257096469402313,19990768.0,0.0053664385341107845,0.14392217993736267,0.00842046644538641,0.07753561437129974,0.051991283893585205,9038991.0,0.00448618084192276,9.999999747378752e-05
338,0.1453874707221985,0.010054620914161205,0.10209216177463531,0.07256073504686356,20017858.0,0.005360299255698919,0.1435064822435379,0.008382218889892101,0.07692555338144302,0.051398567855358124,8633667.0,0.004477517679333687,9.999999747378752e-05
339,0.14500431716442108,0.010048892349004745,0.10206053406000137,0.0725519135594368,20041888.0,0.00535571901127696,0.14309704303741455,0.008350263349711895,0.07634535431861877,0.0508878231048584,8288954.5,0.004470296669751406,9.999999747378752e-05
340,0.14462345838546753,0.010045483708381653,0.1020415648818016,0.07254847139120102,20069136.0,0.005352727137506008,0.14269274473190308,0.008323491550981998,0.07579238712787628,0.05045686662197113,8007235.5,0.004463833756744862,9.999999747378752e-05
341,0.14424477517604828,0.010044274851679802,0.10203473269939423,0.07255298644304276,20100786.0,0.00535111827775836,0.142292782664299,0.00830107368528843,0.07526327669620514,0.05013832822442055,7821680.5,0.004458343144506216,9.999999747378752e-05
342,0.14386804401874542,0.010045050643384457,0.10203906893730164,0.07256656885147095,20134614.0,0.005350664723664522,0.14189673960208893,0.008282595314085484,0.0747547522187233,0.049896493554115295,7699831.0,0.004453856963664293,9.999999747378752e-05
343,0.1434931606054306,0.010047657415270805,0.1020539179444313,0.07259063422679901,20170358.0,0.005351267755031586,0.14150449633598328,0.008267893455922604,0.07426406443119049,0.049770206212997437,7679815.5,0.004450556822121143,9.999999747378752e-05
344,0.14312006533145905,0.010052062571048737,0.10207916051149368,0.0726228877902031,20206738.0,0.005352911073714495,0.14111600816249847,0.008256960660219193,0.07378880679607391,0.049783527851104736,7789590.0,0.004448777996003628,9.999999747378752e-05
345,0.14274881780147552,0.010058307088911533,0.10211510956287384,0.07266366481781006,20245230.0,0.0053556328639388084,0.14073140919208527,0.008249870501458645,0.07332868874073029,0.049871522933244705,7965076.5,0.004448780324310064,9.999999747378752e-05
346,0.14237958192825317,0.010066504590213299,0.10216237604618073,0.07271211594343185,20285884.0,0.005359512288123369,0.14035074412822723,0.008246676065027714,0.07290954142808914,0.050002798438072205,8173331.5,0.004450672306120396,9.999999747378752e-05
347,0.14201252162456512,0.010076815262436867,0.10222181677818298,0.07276763767004013,20326696.0,0.005364653654396534,0.1399741917848587,0.008247530087828636,0.07315211743116379,0.050239089876413345,8458080.0,0.004454752430319786,9.999999747378752e-05
348,0.1416478306055069,0.010089434683322906,0.10229447484016418,0.07283779233694077,20371616.0,0.005371161736547947,0.1396019011735916,0.008252544328570366,0.07360653579235077,0.05053194984793663,8773843.0,0.004461241886019707,9.999999747378752e-05
349,0.14128577709197998,0.010104571469128132,0.10238145291805267,0.07292010635137558,20418338.0,0.005379172507673502,0.13923409581184387,0.008261924609541893,0.07409454882144928,0.050898440182209015,9150666.0,0.00447040144354105,9.999999747378752e-05
350,0.14092664420604706,0.010122469626367092,0.10248400270938873,0.07301493734121323,20466752.0,0.005388838704675436,0.13887107372283936,0.008275915868580341,0.07461445033550262,0.05138515681028366,9622129.0,0.004482613876461983,9.999999747378752e-05
351,0.14057067036628723,0.01014335174113512,0.10260333120822906,0.073121078312397,20520132.0,0.005400276277214289,0.13851311802864075,0.008294803090393543,0.07516764104366302,0.05196055769920349,10163920.0,0.004498343914747238,9.999999747378752e-05
352,0.140218123793602,0.010167479515075684,0.10274065285921097,0.07324063032865524,20578394.0,0.00541364960372448,0.13816064596176147,0.008318930864334106,0.07575589418411255,0.05261380970478058,10762320.0,0.004518040455877781,9.999999747378752e-05
353,0.13986939191818237,0.010195120237767696,0.10289734601974487,0.07337247580289841,20640824.0,0.005429133772850037,0.13781403005123138,0.00834859348833561,0.07637989521026611,0.05330386012792587,11364182.0,0.0045420038513839245,9.999999747378752e-05
354,0.1395246982574463,0.010226518847048283,0.10307448357343674,0.07352374494075775,20707384.0,0.005446886643767357,0.13747358322143555,0.00838412158191204,0.07704074680805206,0.054022036492824554,11966836.0,0.004570480901747942,9.999999747378752e-05
355,0.1391844004392624,0.01026194915175438,0.10327332466840744,0.07368990778923035,20781700.0,0.005467079114168882,0.13713964819908142,0.008425782434642315,0.07773835957050323,0.054759908467531204,12565825.0,0.0046036578714847565,9.999999747378752e-05
356,0.13884882628917694,0.010301667265594006,0.10349490493535995,0.07387392967939377,20861296.0,0.005489876959472895,0.1368125081062317,0.008473780937492847,0.07847233861684799,0.055519528687000275,13160511.0,0.004641668871045113,9.999999747378752e-05
357,0.13851822912693024,0.01034591719508171,0.1037401556968689,0.07408209145069122,20953962.0,0.005515430588275194,0.1364923119544983,0.00852822046726942,0.0792408436536789,0.05629992485046387,13747648.0,0.004684531129896641,9.999999747378752e-05
358,0.13819292187690735,0.010394895449280739,0.10400965809822083,0.0743127390742302,21059040.0,0.005543871782720089,0.13617920875549316,0.008589154109358788,0.08004207909107208,0.0571129247546196,14333459.0,0.004732166882604361,9.999999747378752e-05
359,0.13787315785884857,0.010448809713125229,0.10430397093296051,0.07456140965223312,21174828.0,0.005575291346758604,0.13587312400341034,0.008656462654471397,0.08087240159511566,0.05792972818017006,14909503.0,0.004784419666975737,9.999999747378752e-05
360,0.13755911588668823,0.010507775470614433,0.10462310910224915,0.07483750581741333,21304174.0,0.005609728395938873,0.13557380437850952,0.00872986949980259,0.0817272886633873,0.058759819716215134,15469599.0,0.004841017071157694,9.999999747378752e-05
361,0.13725091516971588,0.010571819730103016,0.10496655851602554,0.07514604181051254,21450736.0,0.005647114012390375,0.13528095185756683,0.008808937855064869,0.0826011672616005,0.059581395238637924,16012106.0,0.0049016219563782215,9.999999747378752e-05
362,0.13694855570793152,0.010640912689268589,0.10533349961042404,0.07548537850379944,21618284.0,0.005687518510967493,0.13499397039413452,0.008893013931810856,0.08348690718412399,0.060390863567590714,16539438.0,0.004965628031641245,9.999999747378752e-05
363,0.13665196299552917,0.010714856907725334,0.10572224110364914,0.07585468143224716,21807706.0,0.005730727221816778,0.1347121000289917,0.008981239050626755,0.08437608182430267,0.06120390072464943,17048928.0,0.005032350774854422,9.999999747378752e-05
364,0.13636083900928497,0.01079331524670124,0.10613036155700684,0.07624738663434982,22017632.0,0.0057765222154557705,0.13443425297737122,0.00907245371490717,0.08525839447975159,0.06200570985674858,17536502.0,0.005100707523524761,9.999999747378752e-05
365,0.1360747516155243,0.010875742882490158,0.10655449330806732,0.07665801793336868,22239398.0,0.005824617575854063,0.13415902853012085,0.009165246039628983,0.08612224459648132,0.06278330832719803,17997774.0,0.005169596988707781,9.999999747378752e-05
366,0.13579297065734863,0.010961341671645641,0.10699009150266647,0.07708579301834106,22472446.0,0.0058744484558701515,0.13388484716415405,0.009257894940674305,0.0869540423154831,0.06352084875106812,18428252.0,0.005237405188381672,9.999999747378752e-05
367,0.13551446795463562,0.011049028486013412,0.10743140429258347,0.07752019166946411,22708334.0,0.005925456061959267,0.13360966742038727,0.009348307736217976,0.08773838728666306,0.06421178579330444,18828210.0,0.0053025889210402966,9.999999747378752e-05
368,0.1352378875017166,0.011137393303215504,0.10787118971347809,0.07794840633869171,22943324.0,0.0059767961502075195,0.13333123922348022,0.009434166364371777,0.08845885843038559,0.06484105437994003,19185206.0,0.005363619886338711,9.999999747378752e-05
369,0.13496153056621552,0.011224671266973019,0.10830086469650269,0.07837007939815521,23173528.0,0.006027433089911938,0.133046954870224,0.009512865915894508,0.08909748494625092,0.06539714336395264,19489840.0,0.005418587010353804,9.999999747378752e-05
370,0.134683296084404,0.011308751069009304,0.10871032625436783,0.0787699818611145,23389020.0,0.006076122168451548,0.13275417685508728,0.009581671096384525,0.0896361768245697,0.0658646821975708,19738040.0,0.005465258378535509,9.999999747378752e-05
371,0.13440081477165222,0.011387163773179054,0.10908818244934082,0.07913824915885925,23587548.0,0.006121399812400341,0.132450133562088,0.009637823328375816,0.09005703777074814,0.06621945649385452,19912916.0,0.005502053536474705,9.999999747378752e-05
372,0.13411138951778412,0.011457245796918869,0.10942233353853226,0.07946104556322098,23760530.0,0.006161744240671396,0.13213235139846802,0.009678845293819904,0.09034456312656403,0.06645788997411728,20013740.0,0.0055273231118917465,9.999999747378752e-05
373,0.13381217420101166,0.011516175232827663,0.10970020294189453,0.07972873747348785,23903774.0,0.006195548921823502,0.13179883360862732,0.009702755138278008,0.09048660099506378,0.06656397879123688,20025198.0,0.005539814475923777,9.999999747378752e-05
374,0.13350047171115875,0.011561259627342224,0.10990995913743973,0.079926498234272,24009302.0,0.0062212515622377396,0.13144825398921967,0.009708268567919731,0.09047562628984451,0.06653062254190445,19943718.0,0.005538790952414274,9.999999747378752e-05
375,0.13317380845546722,0.01159008126705885,0.1100410670042038,0.08004636317491531,24072526.0,0.00623756367713213,0.1310805380344391,0.009695334360003471,0.09031207859516144,0.06635790318250656,19768064.0,0.005524365697056055,9.999999747378752e-05
376,0.132830411195755,0.01160094328224659,0.11008632183074951,0.0800810232758522,24090262.0,0.006243532989174128,0.13069656491279602,0.009664962999522686,0.09000314027070999,0.06605212390422821,19501760.0,0.005497353617101908,9.999999747378752e-05
377,0.1324693262577057,0.011592946946620941,0.11004196107387543,0.08002565801143646,24059020.0,0.006238653790205717,0.13029852509498596,0.009619404561817646,0.08956435322761536,0.06562484055757523,19151962.0,0.005459409207105637,9.999999747378752e-05
378,0.13209068775177002,0.01156637817621231,0.10990951955318451,0.0798838660120964,23980012.0,0.006223010830581188,0.12988969683647156,0.009562051855027676,0.08901937305927277,0.06509693711996078,18733318.0,0.005412929691374302,9.999999747378752e-05
379,0.1316959112882614,0.011522691696882248,0.10969569534063339,0.07966338098049164,23857056.0,0.006197466515004635,0.12947393953800201,0.009496862068772316,0.08839646726846695,0.06449625641107559,18266750.0,0.005360685754567385,9.999999747378752e-05
380,0.13128730654716492,0.011464366689324379,0.10941183567047119,0.07937537133693695,23696494.0,0.006163474638015032,0.12905533611774445,0.009428053162992,0.08772721886634827,0.06385406106710434,17776028.0,0.005305645056068897,9.999999747378752e-05
381,0.13086821138858795,0.01139480248093605,0.10907357931137085,0.07903462648391724,23506658.0,0.006122969556599855,0.12863755226135254,0.009359394200146198,0.08704198896884918,0.06319880485534668,17282724.0,0.005250520072877407,9.999999747378752e-05
382,0.1304423063993454,0.011317811906337738,0.10869857668876648,0.07865869998931885,23297572.0,0.00607816269621253,0.12822368741035461,0.009294023737311363,0.08636876195669174,0.06255960464477539,16804818.0,0.005197613965719938,9.999999747378752e-05
383,0.13001345098018646,0.011237280443310738,0.1083051860332489,0.07826849818229675,23081070.0,0.0060312398709356785,0.12781573832035065,0.009234030731022358,0.08572985976934433,0.06196277588605881,16356833.0,0.005148421972990036,9.999999747378752e-05
384,0.1295851320028305,0.01115679182112217,0.10791046172380447,0.0778811126947403,22867708.0,0.005984285846352577,0.1274147629737854,0.009180550463497639,0.08514164388179779,0.06141507625579834,15950277.0,0.005104199517518282,9.999999747378752e-05
385,0.12916028499603271,0.011079316958785057,0.10752897709608078,0.07751290500164032,22666090.0,0.00593907805159688,0.12702083587646484,0.00913368072360754,0.08461328595876694,0.06093795970082283,15600870.0,0.0050652893260121346,9.999999747378752e-05
386,0.12874111533164978,0.011007090099155903,0.10717187076807022,0.07717949151992798,22486190.0,0.0058969417586922646,0.12663353979587555,0.009093050844967365,0.08414982259273529,0.06051412597298622,15297822.0,0.005031671840697527,9.999999747378752e-05
387,0.12832915782928467,0.010941662825644016,0.1068471372127533,0.0768817886710167,22327946.0,0.005858785007148981,0.12625201046466827,0.00905773788690567,0.08375073969364166,0.06014639139175415,15044375.0,0.005002880468964577,9.999999747378752e-05
388,0.12792523205280304,0.010883836075663567,0.1065591499209404,0.07662354409694672,22192750.0,0.005825070198625326,0.125875324010849,0.009026842191815376,0.08341388404369354,0.05982908234000206,14836579.0,0.004978341981768608,9.999999747378752e-05
389,0.12752971053123474,0.010833969339728355,0.10631014406681061,0.07640650123357773,22081572.0,0.005796004086732864,0.12550246715545654,0.008999363519251347,0.08313415944576263,0.05956095829606056,14670619.0,0.004957442171871662,9.999999747378752e-05
390,0.12714247405529022,0.010791956447064877,0.10609997063875198,0.07622923702001572,21994008.0,0.005771499592810869,0.12513276934623718,0.008974559605121613,0.08290635049343109,0.05933481827378273,14544151.0,0.004939631093293428,9.999999747378752e-05
391,0.1267632246017456,0.010757471434772015,0.10592727363109589,0.07608947902917862,21927082.0,0.005751281511038542,0.12476558238267899,0.00895183440297842,0.0827246755361557,0.05914664641022682,14451155.0,0.004924403503537178,9.999999747378752e-05
392,0.12639150023460388,0.010730018839240074,0.10578986257314682,0.07598549127578735,21880348.0,0.005735159385949373,0.12440068274736404,0.00893087312579155,0.08258391916751862,0.05899058282375336,14387886.0,0.004911427386105061,9.999999747378752e-05
393,0.12602677941322327,0.010709010995924473,0.10568492114543915,0.07591225951910019,21850184.0,0.005722756031900644,0.12403785437345505,0.00891144946217537,0.0824785828590393,0.058860938996076584,14350334.0,0.004900364205241203,9.999999747378752e-05
394,0.1256684511899948,0.010693836025893688,0.1056094765663147,0.07586532831192017,21833878.0,0.0057137226685881615,0.12367703765630722,0.008893453516066074,0.0824035182595253,0.05875462293624878,14332685.0,0.004890948534011841,9.999999747378752e-05
395,0.12531588971614838,0.010683857835829258,0.1055603176355362,0.07584204524755478,21829790.0,0.00570767791941762,0.12331826984882355,0.00887689646333456,0.08235399425029755,0.05866828188300133,14331128.0,0.0048829372972249985,9.999999747378752e-05
396,0.1249685287475586,0.010678463615477085,0.1055343821644783,0.07583881169557571,21835838.0,0.005704252514988184,0.12296158075332642,0.00886179693043232,0.08232543617486954,0.058596763759851456,14343210.0,0.0048761810176074505,9.999999747378752e-05
397,0.1246258020401001,0.01067705824971199,0.10552860051393509,0.07585325837135315,21851146.0,0.005703086499124765,0.12260702252388,0.008848176337778568,0.08231346309185028,0.05853964760899544,14363961.0,0.004870512988418341,9.999999747378752e-05
398,0.1242871806025505,0.010679061524569988,0.105539970099926,0.07588347047567368,21874510.0,0.005703830625861883,0.12225458025932312,0.008835967630147934,0.08231323957443237,0.05849556252360344,14392994.0,0.004865656141191721,9.999999747378752e-05
399,0.12395212054252625,0.010683908127248287,0.10556551814079285,0.07592615485191345,21904536.0,0.005706142168492079,0.12190421670675278,0.008825122378766537,0.08232051879167557,0.05846831575036049,14427889.0,0.00486146891489625,9.999999747378752e-05
400,0.12362002581357956,0.010691030882298946,0.10560224950313568,0.07597954571247101,21939594.0,0.005709679331630468,0.12155579030513763,0.008815469220280647,0.0823305994272232,0.05844641104340553,14463516.0,0.004857715219259262,9.999999747378752e-05
401,0.12329042702913284,0.010699858888983727,0.10564719885587692,0.0760415643453598,21978434.0,0.005714107304811478,0.12120911478996277,0.008806807920336723,0.08233890682458878,0.058427948504686356,14496695.0,0.0048541417345404625,9.999999747378752e-05
402,0.12296273559331894,0.010709828697144985,0.10569734126329422,0.07610613107681274,22018426.0,0.005719087086617947,0.12086394429206848,0.008798847906291485,0.08234099298715591,0.05840463936328888,14523895.0,0.004850485827773809,9.999999747378752e-05
403,0.12263644486665726,0.01072040107101202,0.10574991255998611,0.07617311924695969,22058886.0,0.005724302027374506,0.12052001059055328,0.00879132654517889,0.08233271539211273,0.058380741626024246,14545490.0,0.004846501629799604,9.999999747378752e-05
404,0.12231097370386124,0.010730988346040249,0.10580179840326309,0.07623806595802307,22098112.0,0.005729409400373697,0.12017693370580673,0.00878384243696928,0.08230964839458466,0.05835028737783432,14555011.0,0.00484188599511981,9.999999747378752e-05
405,0.12198583036661148,0.010741069912910461,0.10585030168294907,0.07630038261413574,22135938.0,0.005734103731811047,0.11983431130647659,0.008775980211794376,0.08226761221885681,0.058310214430093765,14554805.0,0.004836357664316893,9.999999747378752e-05
406,0.12166044116020203,0.010750076733529568,0.10589247941970825,0.07635798305273056,22172506.0,0.00573807442560792,0.11949180066585541,0.008767394348978996,0.08220349252223969,0.05825137719511986,14537861.0,0.004829705692827702,9.999999747378752e-05
407,0.12133434414863586,0.010757537558674812,0.10592591017484665,0.07640691101551056,22205816.0,0.005741060711443424,0.11914897710084915,0.008757648058235645,0.08211369067430496,0.058173563331365585,14504746.0,0.0048216721042990685,9.999999747378752e-05
408,0.1210070550441742,0.010762969963252544,0.10594813525676727,0.07644613832235336,22235152.0,0.005742792505770922,0.11880554258823395,0.008746467530727386,0.0819963663816452,0.05806533992290497,14447647.0,0.004812136758118868,9.999999747378752e-05
409,0.12067817151546478,0.01076598558574915,0.10595720261335373,0.07647202908992767,22258340.0,0.005743063520640135,0.11846119165420532,0.008733537048101425,0.08184951543807983,0.057925958186388016,14366431.0,0.004800965543836355,9.999999747378752e-05
410,0.12034736573696136,0.010766259394586086,0.1059514507651329,0.07648307085037231,22274454.0,0.005741700995713472,0.11811572313308716,0.00871866662055254,0.08167248219251633,0.057756658643484116,14261337.0,0.004788094200193882,9.999999747378752e-05
411,0.12001441419124603,0.010763564147055149,0.10592976957559586,0.07647857069969177,22282860.0,0.005738595966249704,0.1177690178155899,0.008701767772436142,0.08146537840366364,0.057561300694942474,14131195.0,0.004773593973368406,9.999999747378752e-05
412,0.11967916041612625,0.010757764801383018,0.10589153319597244,0.07645802944898605,22282586.0,0.005733690224587917,0.11742108315229416,0.008682847954332829,0.08122942596673965,0.0573367141187191,13979928.0,0.004757562652230263,9.999999747378752e-05
413,0.11934152245521545,0.010748821310698986,0.10583657026290894,0.07642253488302231,22274682.0,0.005726983305066824,0.11707203090190887,0.008662043139338493,0.0809667631983757,0.05707898363471031,13803312.0,0.004740171600133181,9.999999747378752e-05
414,0.11900164186954498,0.010736879892647266,0.1057656779885292,0.07637353986501694,22260174.0,0.005718574393540621,0.11672196537256241,0.008639490231871605,0.08067958056926727,0.05679666996002197,13608037.0,0.004721546545624733,9.999999747378752e-05
415,0.11865964531898499,0.010722092352807522,0.10567963868379593,0.0763101577758789,22238402.0,0.005708569660782814,0.1163712590932846,0.008615566417574883,0.08037232607603073,0.05648764222860336,13392928.0,0.00470202649012208,9.999999747378752e-05
416,0.11831587553024292,0.01070481725037098,0.10558032244443893,0.07623482495546341,22211388.0,0.005697175394743681,0.11602012068033218,0.008590495213866234,0.08004777878522873,0.056152377277612686,13158449.0,0.004681808408349752,9.999999747378752e-05
417,0.11797060072422028,0.010685368441045284,0.10546936094760895,0.0761500671505928,22180830.0,0.005684596486389637,0.11566895246505737,0.008564758114516735,0.07971125841140747,0.055798955261707306,12910352.0,0.004661261569708586,9.999999747378752e-05
418,0.11762433499097824,0.010664258152246475,0.10534939169883728,0.07605728507041931,22147036.0,0.005671139806509018,0.11531805992126465,0.008538637310266495,0.07936622947454453,0.05543924495577812,12653824.0,0.004640595987439156,9.999999747378752e-05
419,0.11727750301361084,0.01064192783087492,0.1052226573228836,0.075958751142025,22110998.0,0.005657056346535683,0.11496779322624207,0.008512520231306553,0.07901709526777267,0.05507119745016098,12393137.0,0.004620089661329985,9.999999747378752e-05
420,0.1169305220246315,0.010618881322443485,0.10509176552295685,0.07585623860359192,22073918.0,0.005642632953822613,0.11461842805147171,0.008486689999699593,0.0786675363779068,0.05470409616827965,12132586.0,0.004599945154041052,9.999999747378752e-05
421,0.1165839359164238,0.010595597326755524,0.1049591675400734,0.07575268298387527,22038172.0,0.0056281425058841705,0.11427019536495209,0.00846139993518591,0.07832068204879761,0.05434100329875946,11875302.0,0.004580331966280937,9.999999747378752e-05
422,0.11623811721801758,0.010572523809969425,0.10482712090015411,0.07564883679151535,22003086.0,0.0056138490326702595,0.11392324417829514,0.008436853066086769,0.07797939330339432,0.053986191749572754,11628792.0,0.004561384208500385,9.999999747378752e-05
423,0.11589348316192627,0.010550059378147125,0.10469767451286316,0.07554560899734497,21968692.0,0.005599973723292351,0.11357773095369339,0.008413180708885193,0.07764573395252228,0.053648706525564194,11401825.0,0.004543183371424675,9.999999747378752e-05
424,0.11555030196905136,0.010528529062867165,0.10457251965999603,0.07544543594121933,21936082.0,0.005586692132055759,0.1132337674498558,0.008390509523451328,0.07732150703668594,0.0533302016556263,11194642.0,0.00452578766271472,9.999999747378752e-05
425,0.11520896106958389,0.010508260689675808,0.10445327311754227,0.07535114139318466,21905996.0,0.005574181210249662,0.11289135366678238,0.00836886279284954,0.07700745761394501,0.05303589627146721,11009337.0,0.0045091863721609116,9.999999747378752e-05
426,0.11486957222223282,0.010489414446055889,0.10434079170227051,0.07526115328073502,21878380.0,0.005562521051615477,0.11255061626434326,0.008348355069756508,0.07670504599809647,0.0527602955698967,10841661.0,0.004493433516472578,9.999999747378752e-05
427,0.11453232914209366,0.010472229681909084,0.10423626750707626,0.07517737150192261,21855178.0,0.005551821086555719,0.11221151798963547,0.008328970521688461,0.07641400396823883,0.05250752344727516,10697559.0,0.004478468559682369,9.999999747378752e-05
428,0.11419732868671417,0.010456730611622334,0.10413981974124908,0.07510139048099518,21835234.0,0.005542098544538021,0.11187417060136795,0.008310802280902863,0.07613505423069,0.05228652432560921,10576893.0,0.004464233294129372,9.999999747378752e-05
429,0.11386466026306152,0.01044305507093668,0.10405220091342926,0.07503214478492737,21818602.0,0.0055334242060780525,0.11153852939605713,0.008293830789625645,0.07586782425642014,0.052092526108026505,10480049.0,0.0044507477432489395,9.999999747378752e-05
430,0.11353425681591034,0.010431107133626938,0.10397294163703918,0.07496839016675949,21805736.0,0.005525731947273016,0.11120472103357315,0.008278172463178635,0.0756128653883934,0.051927413791418076,10413121.0,0.0044380659237504005,9.999999747378752e-05
431,0.11320618540048599,0.010420989245176315,0.10390254110097885,0.07491150498390198,21796920.0,0.005519010126590729,0.11087270826101303,0.008263805881142616,0.07536952197551727,0.051788151264190674,10373279.0,0.004426124505698681,9.999999747378752e-05
432,0.11288027465343475,0.010412494651973248,0.10384006053209305,0.07486117631196976,21791726.0,0.0055131930857896805,0.1105426698923111,0.00825085211545229,0.07513848692178726,0.051682423800230026,10366277.0,0.004414960741996765,9.999999747378752e-05
433,0.1125565618276596,0.010405678302049637,0.10378582030534744,0.0748182162642479,21790664.0,0.005508291535079479,0.11021450906991959,0.008239255286753178,0.07491883635520935,0.051604121923446655,10384459.0,0.004404493607580662,9.999999747378752e-05
434,0.11223480105400085,0.010400266386568546,0.10373850166797638,0.07478030025959015,21793022.0,0.005504158791154623,0.10988835990428925,0.008229117840528488,0.0747116282582283,0.05156104639172554,10436994.0,0.00439476827159524,9.999999747378752e-05
435,0.1119149774312973,0.010396241210401058,0.10369814187288284,0.07474760711193085,21797450.0,0.005500775761902332,0.10956411063671112,0.008220352232456207,0.07451607286930084,0.05153746157884598,10507716.0,0.004385706037282944,9.999999747378752e-05
436,0.11159677803516388,0.010393314063549042,0.10366334021091461,0.07472138106822968,21804174.0,0.005497978534549475,0.10924180597066879,0.008212972432374954,0.07433316111564636,0.051535241305828094,10597403.0,0.004377339500933886,9.999999747378752e-05
437,0.1112801730632782,0.010391398333013058,0.1036338210105896,0.07469852268695831,21812404.0,0.005495720077306032,0.10892131179571152,0.00820685550570488,0.07416286319494247,0.051563095301389694,10714794.0,0.004369598813354969,9.999999747378752e-05
438,0.11096484214067459,0.010390221141278744,0.10360832512378693,0.0746796578168869,21821048.0,0.005493839271366596,0.10860259085893631,0.008201935328543186,0.07400607317686081,0.05161815136671066,10857125.0,0.004362466279417276,9.999999747378752e-05
439,0.11065066605806351,0.010389628820121288,0.10358619689941406,0.0746641457080841,21829448.0,0.005492256488651037,0.10828543454408646,0.008198014460504055,0.07386337965726852,0.05169137567281723,11008769.0,0.004355869255959988,9.999999747378752e-05
440,0.11033733934164047,0.010389313101768494,0.10356603562831879,0.07465016841888428,21837156.0,0.0054908026941120625,0.1079697236418724,0.008194979280233383,0.07373643666505814,0.05176360905170441,11157454.0,0.004349816124886274,9.999999747378752e-05
441,0.11002472043037415,0.01038912869989872,0.10354726016521454,0.07463773339986801,21845128.0,0.005489405244588852,0.10765525698661804,0.008192598819732666,0.07362649589776993,0.05182790756225586,11298428.0,0.004344243556261063,9.999999747378752e-05
442,0.10971254855394363,0.010388809256255627,0.10352860391139984,0.07462441921234131,21851118.0,0.005487912800163031,0.10734184831380844,0.008190707303583622,0.07353561371564865,0.051885075867176056,11432129.0,0.004339141771197319,9.999999747378752e-05
443,0.10940063744783401,0.01038819644600153,0.10350942611694336,0.0746101513504982,21854758.0,0.00548625597730279,0.1070292666554451,0.008189070969820023,0.07346547394990921,0.051926515996456146,11549802.0,0.004334446508437395,9.999999747378752e-05
444,0.10908879339694977,0.010387057438492775,0.10348862409591675,0.07459434121847153,21855612.0,0.005484308581799269,0.10671739280223846,0.0081875529140234,0.07341756671667099,0.05195605009794235,11652604.0,0.004330157767981291,9.999999747378752e-05
445,0.10877694189548492,0.010385324247181416,0.1034659892320633,0.07457763701677322,21853600.0,0.005482043605297804,0.10640601813793182,0.008185959421098232,0.07339183986186981,0.05197315290570259,11741774.0,0.004326206631958485,9.999999747378752e-05
446,0.10846485197544098,0.010382788255810738,0.10344046354293823,0.07455835491418839,21848576.0,0.005479356739670038,0.10609502345323563,0.008184179663658142,0.07338684052228928,0.05197620391845703,11812618.0,0.00432258564978838,9.999999747378752e-05
447,0.10815255343914032,0.010379484854638577,0.10341232270002365,0.07453730702400208,21840248.0,0.005476274061948061,0.10578431934118271,0.00818211492151022,0.07339968532323837,0.05196183919906616,11864956.0,0.0043192110024392605,9.999999747378752e-05
448,0.10783996433019638,0.010375315323472023,0.10338100045919418,0.07451440393924713,21828660.0,0.005472750868648291,0.10547386109828949,0.00817972794175148,0.07342633605003357,0.051932092756032944,11898936.0,0.004316117148846388,9.999999747378752e-05
449,0.10752716660499573,0.010370365343987942,0.10334698110818863,0.07448900490999222,21814066.0,0.005468843970447779,0.10516361147165298,0.008177002891898155,0.07346276938915253,0.05189252644777298,11919958.0,0.004313265904784203,9.999999747378752e-05
450,0.10721416771411896,0.010364673100411892,0.10331033170223236,0.07446158677339554,21797256.0,0.005464571062475443,0.10485360771417618,0.008173969574272633,0.07350505888462067,0.05184489116072655,11928037.0,0.00431065121665597,9.999999747378752e-05
451,0.1069011241197586,0.010358380153775215,0.1032717376947403,0.07443264126777649,21778318.0,0.005459986627101898,0.10454389452934265,0.00817068200558424,0.07355038821697235,0.05178626626729965,11921921.0,0.004308245610445738,9.999999747378752e-05
452,0.10658812522888184,0.010351593606173992,0.10323160141706467,0.07440192997455597,21757542.0,0.005455171689391136,0.10423456132411957,0.008167235180735588,0.07359626144170761,0.05171947181224823,11904494.0,0.004306054208427668,9.999999747378752e-05
453,0.10627539455890656,0.010344523936510086,0.10319087654352188,0.07437068969011307,21736024.0,0.005450253374874592,0.1039256900548935,0.008163713850080967,0.07364113628864288,0.05165385082364082,11882614.0,0.004304057918488979,9.999999747378752e-05
454,0.1059630736708641,0.010337327606976032,0.10315021127462387,0.07434016466140747,21714418.0,0.005445316433906555,0.10361737012863159,0.008160211145877838,0.07368379086256027,0.05158552899956703,11855760.0,0.004302244167774916,9.999999747378752e-05
455,0.10565134137868881,0.010330216959118843,0.10311052203178406,0.07430948317050934,21692778.0,0.005440474487841129,0.10330972820520401,0.008156864903867245,0.07372409105300903,0.05151581019163132,11825969.0,0.004300613887608051,9.999999747378752e-05
456,0.10534041374921799,0.010323358699679375,0.10307253152132034,0.07428018748760223,21671994.0,0.005435813218355179,0.10300286114215851,0.008153746835887432,0.07376162707805634,0.051448456943035126,11795689.0,0.00429915077984333,9.999999747378752e-05
457,0.10503043979406357,0.010316932573914528,0.10303696244955063,0.07425237447023392,21652520.0,0.005431430414319038,0.10269682854413986,0.008150957524776459,0.07379655539989471,0.05138532444834709,11766660.0,0.004297846462577581,9.999999747378752e-05
458,0.1047215685248375,0.01031107734888792,0.10300441831350327,0.07422732561826706,21634688.0,0.0054273889400064945,0.10239174962043762,0.008148588240146637,0.07382924854755402,0.051328372210264206,11741319.0,0.00429670000448823,9.999999747378752e-05
459,0.1044139415025711,0.010305945761501789,0.10297553241252899,0.07420557737350464,21618692.0,0.005423764698207378,0.10208768397569656,0.00814670417457819,0.07386012375354767,0.05127844214439392,11722474.0,0.004295703489333391,9.999999747378752e-05
460,0.10410765558481216,0.010301611386239529,0.10295058786869049,0.0741865411400795,21604826.0,0.005420575849711895,0.10178470611572266,0.008145368658006191,0.07388964295387268,0.0512375570833683,11712233.0,0.004294860176742077,9.999999747378752e-05
461,0.10380278527736664,0.010298183187842369,0.10293003916740417,0.0741710364818573,21593498.0,0.005417889915406704,0.10148289054632187,0.008144647814333439,0.07391873002052307,0.05120694637298584,11711991.0,0.004294167272746563,9.999999747378752e-05
462,0.1034994125366211,0.010295667685568333,0.10291387885808945,0.07415943592786789,21585130.0,0.00541571294888854,0.1011822298169136,0.008144546300172806,0.07394751906394958,0.051185570657253265,11720768.0,0.004293624311685562,9.999999747378752e-05
463,0.10319757461547852,0.010294139385223389,0.10290246456861496,0.07415219396352768,21579264.0,0.005414072424173355,0.10088281333446503,0.008145122788846493,0.07397723942995071,0.051174379885196686,11739788.0,0.00429323548451066,9.999999747378752e-05
464,0.10289719700813293,0.010293527506291866,0.1028953567147255,0.0741487517952919,21575734.0,0.005412927363067865,0.10058464109897614,0.008146374486386776,0.0740080326795578,0.051172707229852676,11768302.0,0.004293010104447603,9.999999747378752e-05
465,0.10259834676980972,0.010293853469192982,0.10289274901151657,0.07414903491735458,21574858.0,0.005412287078797817,0.10028773546218872,0.008148317225277424,0.07404092699289322,0.05118083208799362,11806912.0,0.004292940255254507,9.999999747378752e-05
466,0.10230091214179993,0.0102950194850564,0.10289411246776581,0.07415235042572021,21576026.0,0.005412091501057148,0.0999920591711998,0.008150915615260601,0.0740756168961525,0.05119991675019264,11853511.0,0.00429304176941514,9.999999747378752e-05
467,0.10200487077236176,0.01029700692743063,0.10289940237998962,0.07415877282619476,21579170.0,0.005412321537733078,0.09969761222600937,0.008154140785336494,0.07411307096481323,0.05122814327478409,11908115.0,0.004293297883123159,9.999999747378752e-05
468,0.10171009600162506,0.010299652814865112,0.10290786623954773,0.07416743040084839,21583696.0,0.005412869621068239,0.09940433502197266,0.00815791916102171,0.07415290176868439,0.05126309394836426,11968516.0,0.004293705802410841,9.999999747378752e-05
469,0.10141657292842865,0.010302910581231117,0.1029193326830864,0.0741783156991005,21589314.0,0.00541373435407877,0.09911216795444489,0.008162193931639194,0.07419559359550476,0.05130390822887421,12033773.0,0.004294252954423428,9.999999747378752e-05
470,0.10112408548593521,0.010306608863174915,0.10293299704790115,0.07419106364250183,21595628.0,0.0054148235358297825,0.0988209992647171,0.00816684402525425,0.07424034923315048,0.05134725570678711,12101638.0,0.0042949276976287365,9.999999747378752e-05
471,0.10083261132240295,0.010310662910342216,0.10294852405786514,0.07420533150434494,21602474.0,0.00541609525680542,0.09853074699640274,0.008171777240931988,0.07428748160600662,0.051392823457717896,12171018.0,0.004295703489333391,9.999999747378752e-05
472,0.10054192692041397,0.01031489297747612,0.10296505689620972,0.07422015070915222,21609158.0,0.005417454056441784,0.09824128448963165,0.008176842704415321,0.07433591037988663,0.05143721401691437,12238989.0,0.004296554252505302,9.999999747378752e-05
473,0.10025199502706528,0.01031920500099659,0.10298223793506622,0.07423503696918488,21615476.0,0.005418854299932718,0.0979524776339531,0.00818191934376955,0.07438545674085617,0.05148106813430786,12304515.0,0.004297445062547922,9.999999747378752e-05
474,0.09996262937784195,0.01032342854887247,0.1029992401599884,0.07424935698509216,21621006.0,0.005420207045972347,0.09766421467065811,0.008186860010027885,0.07443520426750183,0.05151943117380142,12365007.0,0.004298355896025896,9.999999747378752e-05
475,0.09967375546693802,0.010327482596039772,0.10301576554775238,0.07426334917545319,21625634.0,0.0054214755073189735,0.09737633168697357,0.00819151010364294,0.0744844600558281,0.05155099555850029,12419335.0,0.0042992327362298965,9.999999747378752e-05
476,0.09938524663448334,0.010331213474273682,0.10303107649087906,0.07427606731653214,21629118.0,0.005422582384198904,0.09708873182535172,0.008195772767066956,0.07453251630067825,0.05157530680298805,12465829.0,0.004300067201256752,9.999999747378752e-05
477,0.09909701347351074,0.0103345587849617,0.10304491221904755,0.07428719848394394,21631114.0,0.005423501133918762,0.09680129587650299,0.008199512027204037,0.0745786800980568,0.051591627299785614,12504000.0,0.0043008108623325825,9.999999747378752e-05
478,0.09880898892879486,0.010337406769394875,0.10305672883987427,0.07429680228233337,21631502.0,0.005424176808446646,0.09651394933462143,0.008202656172215939,0.07462207227945328,0.05159866437315941,12532935.0,0.00430145300924778,9.999999747378752e-05
479,0.0985211506485939,0.010339761152863503,0.103066585958004,0.07430446147918701,21630296.0,0.005424617789685726,0.09622666984796524,0.008205162361264229,0.07466255128383636,0.05159901827573776,12552463.0,0.004301972221583128,9.999999747378752e-05
480,0.09823343902826309,0.010341553948819637,0.10307412594556808,0.07430987805128098,21627428.0,0.005424789618700743,0.09593936055898666,0.008206978440284729,0.07469918578863144,0.05158950388431549,12561925.0,0.004302357789129019,9.999999747378752e-05
481,0.0979459136724472,0.010342827066779137,0.10307955741882324,0.07431339472532272,21623182.0,0.00542472256347537,0.09565211087465286,0.008208151906728745,0.07473242282867432,0.05157070234417915,12562750.0,0.00430260319262743,9.999999747378752e-05
482,0.09765851497650146,0.010343572124838829,0.1030828207731247,0.07431521266698837,21617654.0,0.0054244096390903,0.09536494314670563,0.008208702318370342,0.07476171106100082,0.05154275894165039,12554902.0,0.004302722401916981,9.999999747378752e-05
483,0.09737143665552139,0.01034389529377222,0.10308438539505005,0.07431543618440628,21611258.0,0.0054239132441580296,0.09507795423269272,0.008208725601434708,0.07478746026754379,0.051509831100702286,12540637.0,0.004302723333239555,9.999999747378752e-05
484,0.097084641456604,0.010343819856643677,0.10308428853750229,0.07431390881538391,21603850.0,0.005423244088888168,0.0947912186384201,0.00820830836892128,0.07480950653553009,0.05147158354520798,12520348.0,0.004302634857594967,9.999999747378752e-05
485,0.09679830819368362,0.010343501344323158,0.10308331251144409,0.07431157678365707,21596046.0,0.005422484129667282,0.09450486302375793,0.008207583799958229,0.07482881844043732,0.051430247724056244,12496431.0,0.004302468616515398,9.999999747378752e-05
486,0.09651245176792145,0.010342973284423351,0.10308149456977844,0.07430831342935562,21588006.0,0.0054216510616242886,0.09421898424625397,0.008206636644899845,0.07484515011310577,0.05138663947582245,12469311.0,0.00430223997682333,9.999999747378752e-05
487,0.09622727334499359,0.010342409834265709,0.103079654276371,0.07430489361286163,21579920.0,0.00542083103209734,0.09393377602100372,0.008205649442970753,0.0748598724603653,0.05134296044707298,12441870.0,0.00430199084803462,9.999999747378752e-05
488,0.09594281017780304,0.01034186314791441,0.10307798534631729,0.07430136203765869,21572086.0,0.005420051049441099,0.09364935010671616,0.008204737678170204,0.074873186647892,0.051300786435604095,12415401.0,0.004301763605326414,9.999999747378752e-05
489,0.09565925598144531,0.010341505520045757,0.10307726263999939,0.07429829984903336,21564718.0,0.005419394001364708,0.09336582571268082,0.008204012177884579,0.07488586008548737,0.05126192048192024,12391644.0,0.00430157408118248,9.999999747378752e-05
490,0.0953766256570816,0.010341362096369267,0.10307758301496506,0.07429613173007965,21558112.0,0.005418872926384211,0.09308330714702606,0.008203600533306599,0.07489856332540512,0.05122794210910797,12371951.0,0.004301465582102537,9.999999747378752e-05
491,0.09509505331516266,0.010341574437916279,0.10307957977056503,0.07429522275924683,21552424.0,0.005418552551418543,0.09280194342136383,0.0082035968080163,0.0749121755361557,0.051200199872255325,12357741.0,0.0043014478869736195,9.999999747378752e-05
492,0.09481459110975266,0.010342152789235115,0.1030832901597023,0.07429575175046921,21547966.0,0.0054184370674192905,0.0925217717885971,0.00820405874401331,0.07492684572935104,0.051179010421037674,12349125.0,0.0043015433475375175,9.999999747378752e-05
493,0.09453532099723816,0.010343207977712154,0.10308925062417984,0.07429870963096619,21544988.0,0.00541857723146677,0.09224285185337067,0.008205064572393894,0.0749436616897583,0.051167115569114685,12347522.0,0.004301765933632851,9.999999747378752e-05
494,0.09425720572471619,0.010344703681766987,0.10309724509716034,0.07430361956357956,21543092.0,0.005418951157480478,0.09196523576974869,0.008206627331674099,0.07496253401041031,0.051163606345653534,12352467.0,0.004302129615098238,9.999999747378752e-05
495,0.09398036450147629,0.010346698574721813,0.10310760140419006,0.07431041449308395,21542416.0,0.005419584456831217,0.09168895334005356,0.008208759129047394,0.07498414814472198,0.05116783827543259,12364435.0,0.004302632063627243,9.999999747378752e-05
496,0.0937047228217125,0.010349143296480179,0.10312008112668991,0.07431887835264206,21542778.0,0.005420449189841747,0.09141393005847931,0.008211413398385048,0.07500817626714706,0.051178764551877975,12382379.0,0.004303267691284418,9.999999747378752e-05
497,0.0934302881360054,0.010352056473493576,0.10313481092453003,0.07432929426431656,21544148.0,0.005421546287834644,0.09114019572734833,0.008214595727622509,0.07503562420606613,0.05119810625910759,12406782.0,0.004304031375795603,9.999999747378752e-05
498,0.09315698593854904,0.010355317033827305,0.10315122455358505,0.07434171438217163,21546216.0,0.005422820337116718,0.09086764603853226,0.008218178525567055,0.07506535947322845,0.05122232064604759,12435416.0,0.00430490355938673,9.999999747378752e-05
499,0.09288480132818222,0.010358930565416813,0.10316939651966095,0.07435555756092072,21548924.0,0.005424266215413809,0.09059619903564453,0.008222094736993313,0.07509760558605194,0.05125072970986366,12468064.0,0.004305853508412838,9.999999747378752e-05
500,0.09261362999677658,0.010362774133682251,0.10318878293037415,0.07437028735876083,21551842.0,0.005425821989774704,0.09032579511404037,0.00822625681757927,0.07513200491666794,0.051281508058309555,12502994.0,0.004306873772293329,9.999999747378752e-05
