epoch,loss,lr,mae,mape,mse,msle,rmse,val_loss,val_mae,val_mape,val_mse,val_msle,val_rmse
0,1.4184573888778687,1e-04,0.3531661629676819,223755136.0,0.1693509817123413,0.10046171396970749,0.398587167263031,1.4027243852615356,0.37327542901039124,255250976.0,0.16592784225940704,0.1043221652507782,0.4249379634857178
1,1.3016347885131836,1e-04,0.2471952587366104,118889832.0,0.07607622444629669,0.04584043100476265,0.27543577551841736,1.372557520866394,0.368130624294281,251555952.0,0.16140590608119965,0.10194595903158188,0.4195011556148529
2,1.258586049079895,1e-04,0.21989543735980988,96804392.0,0.06006437540054321,0.03388896957039833,0.24441896378993988,1.3404022455215454,0.36399853229522705,248577056.0,0.15776103734970093,0.09999759495258331,0.414755254983902
3,1.2240266799926758,1e-04,0.20789912343025208,89869040.0,0.054669685661792755,0.02993939258158207,0.2351708710193634,1.3073567152023315,0.35998204350471497,245633712.0,0.15423578023910522,0.09809654951095581,0.4102633595466614
4,1.1910772323608398,1e-04,0.19816581904888153,82644336.0,0.05110449343919754,0.02711598016321659,0.22528797388076782,1.2740823030471802,0.35520854592323303,242133504.0,0.15011297166347504,0.0958634540438652,0.40482503175735474
5,1.158974528312683,1e-04,0.18963919579982758,79083840.0,0.04791862145066261,0.025067545473575592,0.2175837606191635,1.2413209676742554,0.35040342807769775,238644384.0,0.14601527154445648,0.09362337738275528,0.399408757686615
6,1.1281750202178955,1e-04,0.18284112215042114,74599520.0,0.04556530341506004,0.023402569815516472,0.21309809386730194,1.208300232887268,0.34456753730773926,234394768.0,0.14113612473011017,0.09094474464654922,0.3927822709083557
7,1.099230408668518,1e-04,0.17920701205730438,71452048.0,0.0444953516125679,0.022555850446224213,0.20868349075317383,1.1757774353027344,0.3385627269744873,229998672.0,0.1361657679080963,0.08817784488201141,0.3860279619693756
8,1.0694998502731323,1e-04,0.17393410205841064,72033104.0,0.04210035875439644,0.02158854342997074,0.20548973977565765,1.143536925315857,0.3320576548576355,225326544.0,0.13094480335712433,0.08526477217674255,0.3785375654697418
9,1.0418353080749512,1e-04,0.17048586905002594,68835416.0,0.04116901755332947,0.020840661600232124,0.20235255360603333,1.1112346649169922,0.3245348334312439,219918992.0,0.12505437433719635,0.08194994926452637,0.3702607750892639
10,1.0142641067504883,1e-04,0.16727186739444733,67698424.0,0.03977619856595993,0.020053107291460037,0.19862507283687592,1.0795766115188599,0.31691232323646545,214532288.0,0.11925961077213287,0.07866044342517853,0.3618169128894806
11,0.9881870150566101,1e-04,0.16616463661193848,67935848.0,0.039280928671360016,0.019959628582000732,0.19949905574321747,1.0479273796081543,0.3081844449043274,208441888.0,0.11285407841205597,0.07500428706407547,0.3520430028438568
12,0.9623693823814392,1e-04,0.16177386045455933,61429292.0,0.03834294155240059,0.01879960112273693,0.19371072947978973,1.0167185068130493,0.2986798584461212,201839040.0,0.1061190739274025,0.07109444588422775,0.34209948778152466
13,0.9370484352111816,1e-04,0.16129270195960999,66080400.0,0.03731817379593849,0.018942298367619514,0.1909041702747345,0.9856334328651428,0.2886083722114563,194758992.0,0.09910356253385544,0.06698952615261078,0.3303796648979187
14,0.9123010635375977,1e-04,0.15702548623085022,60098292.0,0.036357663571834564,0.017816683277487755,0.18967044353485107,0.9560235738754272,0.2792673707008362,188457680.0,0.09291986376047134,0.06331349909305573,0.3201955258846283
15,0.889253556728363,1e-04,0.15680991113185883,61143680.0,0.03648114949464798,0.01803964003920555,0.1894437074661255,0.9259428381919861,0.2680548429489136,180621712.0,0.0856861025094986,0.05898573622107506,0.3072659373283386
16,0.8648092746734619,1e-04,0.15319806337356567,60194228.0,0.034576766192913055,0.017170021310448647,0.18487536907196045,0.8979899883270264,0.25867217779159546,174291664.0,0.07995684444904327,0.05547698214650154,0.2974280118942261
17,0.8428870439529419,1e-04,0.1520666480064392,59168428.0,0.034654054790735245,0.017033148556947708,0.18470318615436554,0.8701590895652771,0.24831517040729523,167091120.0,0.07380913943052292,0.051668889820575714,0.28626570105552673
18,0.8204001784324646,1e-04,0.14859534800052643,56206276.0,0.03358804062008858,0.016171811148524284,0.18133370578289032,0.8432241678237915,0.23821237683296204,160091984.0,0.06799342483282089,0.04801022633910179,0.2746811807155609
19,0.7994948029518127,1e-04,0.150446817278862,58370492.0,0.033597301691770554,0.01663302071392536,0.18296191096305847,0.8170124888420105,0.2281886786222458,152936192.0,0.062423862516880035,0.04445613548159599,0.26255908608436584
20,0.7789581418037415,1e-04,0.14982016384601593,57793796.0,0.033400408923625946,0.01646927371621132,0.18241891264915466,0.7919799089431763,0.21846234798431396,146224064.0,0.05738642439246178,0.04117951914668083,0.25149601697921753
21,0.7591848969459534,1e-04,0.1476643830537796,53594364.0,0.0334026999771595,0.016017889603972435,0.18131288886070251,0.76927649974823,0.21189086139202118,141851600.0,0.05414417386054993,0.03899608179926872,0.24525968730449677
22,0.7393139004707336,1e-04,0.148945614695549,59338624.0,0.03272807225584984,0.01639455370604992,0.17993944883346558,0.7450004816055298,0.20125143229961395,133438464.0,0.04879354313015938,0.03535645082592964,0.23178978264331818
23,0.7202320098876953,1e-04,0.14732098579406738,56695852.0,0.03236396610736847,0.015940608456730843,0.17943182587623596,0.7227247357368469,0.19324414432048798,127231376.0,0.044961728155612946,0.03266828507184982,0.2214386761188507
24,0.7015124559402466,1e-04,0.1438390612602234,52465256.0,0.03183043375611305,0.015267621725797653,0.17772841453552246,0.7023966312408447,0.1880083531141281,123545256.0,0.042516741901636124,0.03092295676469803,0.21521782875061035
25,0.6836391091346741,1e-04,0.14636275172233582,57182064.0,0.03165062889456749,0.015831058844923973,0.17724621295928955,0.6811438202857971,0.17972628772258759,115464088.0,0.03871104493737221,0.028048237785696983,0.20501284301280975
26,0.6655264496803284,1e-04,0.14449059963226318,57413588.0,0.03075970709323883,0.015477922745049,0.17518414556980133,0.6614530086517334,0.17314313352108002,109509600.0,0.035967834293842316,0.025889188051223755,0.19605320692062378
27,0.6482332348823547,1e-04,0.14224718511104584,55205204.0,0.030179884284734726,0.014979127794504166,0.17401573061943054,0.6431509852409363,0.16850967705249786,105511920.0,0.03410552069544792,0.024373574182391167,0.1897387057542801
28,0.6322693824768066,1e-04,0.1427423655986786,56170972.0,0.03047996200621128,0.015212654136121273,0.17374980449676514,0.6248422861099243,0.16250982880592346,98691456.0,0.03183643892407417,0.02238389290869236,0.18262915313243866
29,0.6153736710548401,1e-04,0.13918456435203552,54156464.0,0.029400531202554703,0.01454528421163559,0.17197586596012115,0.6077274680137634,0.1581183820962906,94110624.0,0.03029058128595352,0.020979151129722595,0.1767585724592209
30,0.6002456545829773,1e-04,0.140564426779747,55358252.0,0.029652833938598633,0.01482677273452282,0.16920030117034912,0.5907018780708313,0.15222184360027313,86880272.0,0.028431154787540436,0.01914103515446186,0.16938714683055878
31,0.5850653648376465,1e-04,0.13991013169288635,54616316.0,0.02945427969098091,0.014714404940605164,0.17002259194850922,0.5758760571479797,0.15150989592075348,86353304.0,0.028328221291303635,0.018923968076705933,0.1663435399532318
32,0.5714408159255981,1e-04,0.14111201465129852,53632288.0,0.03032452054321766,0.015034103766083717,0.17836782336235046,0.5608720779418945,0.1491556018590927,83829544.0,0.027574269101023674,0.018129555508494377,0.16446933150291443
33,0.5560828447341919,1e-04,0.1380932629108429,52821768.0,0.029047375544905663,0.014391559176146984,0.16991975903511047,0.5464303493499756,0.1461428552865982,77899600.0,0.02696363255381584,0.017063016071915627,0.16423848271369934
34,0.542830765247345,1e-04,0.13887816667556763,52721684.0,0.029440103098750114,0.014540617354214191,0.17079611122608185,0.5315733551979065,0.14219889044761658,75756032.0,0.025561822578310966,0.016144853085279465,0.1579795628786087
35,0.5284065008163452,1e-04,0.13794682919979095,54326496.0,0.02832675166428089,0.014336732216179371,0.1681387722492218,0.5176823139190674,0.13859888911247253,71329392.0,0.02476869709789753,0.015227069146931171,0.15312430262565613
36,0.514977216720581,1e-04,0.13704580068588257,53710096.0,0.0278107151389122,0.014055566862225533,0.1667671650648117,0.5044332146644592,0.1371821016073227,71122624.0,0.02422592230141163,0.014996726997196674,0.15105217695236206
37,0.5018458962440491,1e-04,0.13565535843372345,54905724.0,0.027193289250135422,0.013907327316701412,0.1648917943239212,0.49175262451171875,0.13462495803833008,66672900.0,0.023840226233005524,0.01422098744660616,0.14950580894947052
38,0.49011310935020447,1e-04,0.13686957955360413,54284152.0,0.027596058323979378,0.014082834124565125,0.1663876175880432,0.47935500741004944,0.13303858041763306,65561900.0,0.02340039052069187,0.013879077509045601,0.1471467763185501
39,0.4773246645927429,1e-04,0.1331949084997177,52472584.0,0.02662709914147854,0.013394104316830635,0.16166512668132782,0.46758103370666504,0.13201622664928436,64504888.0,0.023254526779055595,0.013631326146423817,0.1461484581232071
40,0.4661054313182831,1e-04,0.1343015432357788,53954324.0,0.026889747008681297,0.013739130459725857,0.16514143347740173,0.45616665482521057,0.13072866201400757,62614824.0,0.02313428930938244,0.013363235630095005,0.14471527934074402
41,0.45405465364456177,1e-04,0.13197705149650574,52285060.0,0.025967862457036972,0.013180729933083057,0.16132567822933197,0.44491371512413025,0.13138151168823242,64227288.0,0.022836487740278244,0.013470678590238094,0.14590802788734436
42,0.44344979524612427,1e-04,0.13361558318138123,54433092.0,0.026199014857411385,0.013683483004570007,0.1626158207654953,0.43413785099983215,0.12899468839168549,60278940.0,0.022718196734786034,0.012941362336277962,0.14271746575832367
43,0.433182030916214,1e-04,0.13348983228206635,54713112.0,0.026398655027151108,0.013699020259082317,0.16136150062084198,0.4245366156101227,0.12832628190517426,56782240.0,0.023387931287288666,0.012683619745075703,0.14416292309761047
44,0.4221562445163727,1e-04,0.1297498494386673,51142072.0,0.02552761137485504,0.012839488685131073,0.15901850163936615,0.41336590051651,0.127168208360672,58797168.0,0.022228432819247246,0.012501468881964684,0.1415414661169052
45,0.4124290943145752,1e-04,0.1309487372636795,52222964.0,0.02568618208169937,0.013089430518448353,0.1590345799922943,0.4030520021915436,0.1245429590344429,57190416.0,0.021647648885846138,0.012115277349948883,0.13836148381233215
46,0.4022414982318878,1e-04,0.1309043914079666,53187052.0,0.025104129686951637,0.013082603923976421,0.15811261534690857,0.3935459554195404,0.12531651556491852,59198356.0,0.021582676097750664,0.012333136983215809,0.13920533657073975
47,0.3936655819416046,1e-04,0.13428746163845062,53858244.0,0.02585355006158352,0.013625578954815865,0.15925332903862,0.38405269384384155,0.12392894178628922,58081076.0,0.021266378462314606,0.012094384990632534,0.13703881204128265
48,0.38365593552589417,1e-04,0.12981250882148743,52016080.0,0.024879757314920425,0.01282636821269989,0.15756891667842865,0.37571364641189575,0.12424787133932114,56954044.0,0.02180725522339344,0.012103878892958164,0.1377265751361847
49,0.3744485080242157,1e-04,0.12937875092029572,52443248.0,0.02445240691304207,0.012755416333675385,0.15528297424316406,0.3659589886665344,0.12155038118362427,55432140.0,0.020698126405477524,0.01157393492758274,0.1354335993528366
50,0.3657791316509247,1e-04,0.12884391844272614,53105696.0,0.0243057981133461,0.012813856825232506,0.15296871960163116,0.35773393511772156,0.12196196615695953,55197612.0,0.020850082859396935,0.011566397733986378,0.13642564415931702
51,0.3577828109264374,1e-04,0.1300228089094162,52448220.0,0.02458486147224903,0.012910685501992702,0.15354810655117035,0.34951987862586975,0.12199046462774277,57080828.0,0.020776133984327316,0.011809525080025196,0.13533169031143188
52,0.3491252362728119,1e-04,0.12683606147766113,51022428.0,0.02392975613474846,0.012343843467533588,0.1531265825033188,0.34245675802230835,0.1232580691576004,56923708.0,0.021567901596426964,0.01207534410059452,0.13624246418476105
53,0.3411296308040619,1e-04,0.12774698436260223,52947836.0,0.023701582103967667,0.01264025829732418,0.15599194169044495,0.33526870608329773,0.12421034276485443,57157904.0,0.022013582289218903,0.012333216145634651,0.1372491866350174
54,0.33361244201660156,1e-04,0.1270524114370346,52252528.0,0.02368607372045517,0.012464930303394794,0.1503119170665741,0.3275223970413208,0.122493214905262,55396176.0,0.021626237779855728,0.011860894970595837,0.13635027408599854
55,0.3269030749797821,1e-04,0.12915082275867462,52170448.0,0.02424134500324726,0.012812836095690727,0.15334922075271606,0.3196420967578888,0.1212233453989029,55730568.0,0.020895985886454582,0.011634205467998981,0.1351669281721115
56,0.3186618685722351,1e-04,0.12337415665388107,49268164.0,0.02305024489760399,0.011875879019498825,0.1495971828699112,0.3130404055118561,0.12357814610004425,58826808.0,0.02123321406543255,0.012228719890117645,0.13735517859458923
57,0.31159478425979614,1e-04,0.12511785328388214,51094000.0,0.022845812141895294,0.012109820730984211,0.14935317635536194,0.30548861622810364,0.12133088707923889,57683772.0,0.020433632656931877,0.011852667666971684,0.13606098294258118
58,0.3046010136604309,1e-04,0.12422002106904984,50864424.0,0.022499065846204758,0.011906980536878109,0.14909645915031433,0.29860761761665344,0.12007708847522736,56459464.0,0.020083673298358917,0.01150774396955967,0.13458408415317535
59,0.29773998260498047,1e-04,0.12397564947605133,52542408.0,0.022077716886997223,0.011921193450689316,0.14799879491329193,0.2927646338939667,0.12117785960435867,57311124.0,0.020574232563376427,0.011833430267870426,0.13445866107940674
60,0.2912849187850952,1e-04,0.12473922967910767,53088904.0,0.02188967913389206,0.012100196443498135,0.14679351449012756,0.2852620780467987,0.11567375808954239,51636464.0,0.019239047542214394,0.010585516691207886,0.1297381967306137
61,0.28531017899513245,1e-04,0.1233031302690506,51792984.0,0.021973086521029472,0.011852878145873547,0.1492680311203003,0.27920570969581604,0.11652840673923492,52821068.0,0.01913345977663994,0.010680542327463627,0.13025006651878357
62,0.2791714072227478,1e-04,0.12345042824745178,51979928.0,0.021710051223635674,0.01181650348007679,0.14844085276126862,0.27332091331481934,0.11752700805664062,54835132.0,0.019029395654797554,0.010987816378474236,0.13190773129463196
63,0.27393171191215515,1e-04,0.12569396197795868,54108220.0,0.02217160351574421,0.012427962385118008,0.14792370796203613,0.2671003043651581,0.11436020582914352,53363788.0,0.01840372011065483,0.010550687089562416,0.12771299481391907
64,0.2674332857131958,1e-04,0.12164632230997086,52223964.0,0.02117840386927128,0.011620353907346725,0.14420545101165771,0.26251333951950073,0.11677645146846771,54432640.0,0.01922258362174034,0.010867464356124401,0.1306227296590805
65,0.2622939944267273,1e-04,0.1217847466468811,51522864.0,0.021393558010458946,0.011692604050040245,0.14538121223449707,0.25750571489334106,0.11815771460533142,56636244.0,0.01949571631848812,0.01139155961573124,0.13070416450500488
66,0.2569100558757782,1e-04,0.12236124277114868,53442484.0,0.02120150811970234,0.011895351111888885,0.14462058246135712,0.2511747181415558,0.11276540905237198,51751192.0,0.018262719735503197,0.010290488600730896,0.12647274136543274
67,0.25129011273384094,1e-04,0.11989709734916687,51885844.0,0.020618373528122902,0.011450142599642277,0.14172878861427307,0.2457057535648346,0.11128200590610504,51272320.0,0.017752105370163918,0.010060682892799377,0.12445594370365143
68,0.2463688850402832,1e-04,0.12135361135005951,53848532.0,0.020593052729964256,0.011742006987333298,0.14462457597255707,0.24122320115566254,0.11170253902673721,51388784.0,0.018078317865729332,0.010243622586131096,0.12445949018001556
69,0.24141758680343628,1e-04,0.12118252366781235,52611144.0,0.020376427099108696,0.011592877097427845,0.1433144062757492,0.236077681183815,0.11314307898283005,54636764.0,0.017586197704076767,0.010403729043900967,0.12629947066307068
70,0.23600196838378906,1e-04,0.11886954307556152,53257292.0,0.01955188252031803,0.01125695463269949,0.13736052811145782,0.23154595494270325,0.11266469210386276,54667940.0,0.017568491399288177,0.010386619716882706,0.12579913437366486
71,0.23167850077152252,1e-04,0.11884371936321259,53419964.0,0.019677072763442993,0.011322172358632088,0.1401783525943756,0.22735053300857544,0.11400990933179855,56059520.0,0.017750615254044533,0.010611995123326778,0.12643690407276154
72,0.2268102616071701,1e-04,0.1174297034740448,52746240.0,0.019133510068058968,0.011011292226612568,0.13708309829235077,0.22278477251529694,0.11281656473875046,55376336.0,0.017442064359784126,0.010451617650687695,0.12494780868291855
73,0.22256137430667877,1e-04,0.11837159842252731,52733216.0,0.0190828088670969,0.011147302575409412,0.1385934054851532,0.2181355357170105,0.11135803908109665,54500368.0,0.016918137669563293,0.010159371420741081,0.1231076717376709
74,0.21804220974445343,1e-04,0.1179359033703804,54743724.0,0.01864517666399479,0.011280326172709465,0.1362905204296112,0.2143031507730484,0.11198390275239944,55882384.0,0.017098089680075645,0.010364874266088009,0.12394638359546661
75,0.21427038311958313,1e-04,0.11722663789987564,53451372.0,0.018814217299222946,0.011047694832086563,0.13530294597148895,0.2099328339099884,0.11047506332397461,53795280.0,0.016603972762823105,0.009930776432156563,0.12294461578130722
76,0.20992404222488403,1e-04,0.11577636003494263,54093272.0,0.018298767507076263,0.011003302410244942,0.1337166130542755,0.20591528713703156,0.10677574574947357,49315168.0,0.01635151170194149,0.00940596405416727,0.11996296793222427
77,0.20623432099819183,1e-04,0.11605393886566162,53286360.0,0.01832265406847,0.01099061407148838,0.13331180810928345,0.20250074565410614,0.11228185892105103,57569140.0,0.016588302329182625,0.010378425940871239,0.12481313943862915
78,0.20211192965507507,1e-04,0.11400622129440308,53145432.0,0.017793336883187294,0.010669855400919914,0.13327041268348694,0.19871558248996735,0.11185967177152634,57018604.0,0.016336819157004356,0.010249937884509563,0.12377865612506866
79,0.19806835055351257,1e-04,0.11363079398870468,53032624.0,0.01723838970065117,0.010608566924929619,0.13143932819366455,0.19519160687923431,0.1084308996796608,52641700.0,0.016234595328569412,0.00972531083971262,0.12095693498849869
80,0.19452354311943054,1e-04,0.11177512258291245,53672652.0,0.01706809177994728,0.01043514534831047,0.1297672688961029,0.19177281856536865,0.10899485647678375,53225500.0,0.01613989844918251,0.00975994672626257,0.1217554435133934
81,0.19145692884922028,1e-04,0.1121298223733902,52113876.0,0.017281122505664825,0.01052604615688324,0.13198615610599518,0.18901431560516357,0.10977761447429657,55065700.0,0.016598479822278023,0.010149100795388222,0.12167085707187653
82,0.1877443492412567,1e-04,0.1105930507183075,51208608.0,0.016740230843424797,0.010036533698439598,0.12940078973770142,0.1859518140554428,0.11170105636119843,58121272.0,0.016664797440171242,0.010545788332819939,0.12220631539821625
83,0.1845945566892624,1e-04,0.11190054565668106,53320548.0,0.016687164083123207,0.010550539940595627,0.1297069936990738,0.1832883059978485,0.11497074365615845,61679152.0,0.01704040728509426,0.011069807223975658,0.12595058977603912
84,0.1809781938791275,1e-04,0.10946821421384811,52664860.0,0.016051745042204857,0.010041443631052971,0.12703804671764374,0.1790122538805008,0.10869339853525162,56884588.0,0.01569450832903385,0.009987926110625267,0.1193624883890152
85,0.1780577003955841,1e-04,0.10888957232236862,51962576.0,0.016037341207265854,0.009985004551708698,0.12490768730640411,0.17589104175567627,0.10959769040346146,57869740.0,0.015441777184605598,0.010012183338403702,0.12108157575130463
86,0.17516273260116577,1e-04,0.10875474661588669,51418740.0,0.015964362770318985,0.009932954795658588,0.12698028981685638,0.173539400100708,0.11113718152046204,59497072.0,0.0158675629645586,0.010370655916631222,0.12161095440387726
87,0.1719600111246109,1e-04,0.10657566785812378,51493260.0,0.015497512184083462,0.009800558909773827,0.12379752844572067,0.17069120705127716,0.10979373008012772,58636116.0,0.0157014150172472,0.01018644217401743,0.12028799951076508
88,0.16951961815357208,1e-04,0.10832004994153976,52175120.0,0.015709426254034042,0.00997097510844469,0.12721237540245056,0.1677548587322235,0.1093517616391182,58854668.0,0.015375599265098572,0.010086090303957462,0.11998653411865234
89,0.16631874442100525,1e-04,0.10608901083469391,51455928.0,0.015079859644174576,0.009636896662414074,0.12063727527856827,0.16507340967655182,0.1067088395357132,56249228.0,0.015216339379549026,0.00979683082550764,0.11701105535030365
90,0.16322065889835358,1e-04,0.10323454439640045,49984056.0,0.014472674578428268,0.009116065688431263,0.11950783431529999,0.16263195872306824,0.10712303221225739,56586580.0,0.015233774669468403,0.00988797564059496,0.11678318679332733
91,0.16061297059059143,1e-04,0.10297591239213943,49234088.0,0.014293024316430092,0.009075479581952095,0.11854761838912964,0.15974335372447968,0.10583246499300003,56283832.0,0.01473164651542902,0.009581347927451134,0.11634349822998047
92,0.15845082700252533,1e-04,0.10315103083848953,49481640.0,0.014487646520137787,0.009130755439400673,0.1197376549243927,0.15687312185764313,0.10328681766986847,54249000.0,0.014181375503540039,0.00915969256311655,0.1138247698545456
93,0.15516886115074158,1e-04,0.09888848662376404,47707084.0,0.013490835204720497,0.008471434004604816,0.11676298081874847,0.15474316477775574,0.10485417395830154,56036632.0,0.01430472545325756,0.009369454346597195,0.11553043127059937
94,0.1535327136516571,1e-04,0.10199108719825745,48951812.0,0.014087163843214512,0.009000715799629688,0.11811884492635727,0.1523166447877884,0.10326637327671051,54927852.0,0.01407100260257721,0.009152902290225029,0.11441639810800552
95,0.1510065197944641,1e-04,0.09976866096258163,47829456.0,0.013718057423830032,0.008603817783296108,0.11839719116687775,0.1504398137331009,0.10470803827047348,56210788.0,0.014321072027087212,0.009410889819264412,0.1148802638053894
96,0.14850421249866486,1e-04,0.09879790246486664,48430864.0,0.013317645527422428,0.008499992080032825,0.11527356505393982,0.14802950620651245,0.10228294134140015,53794472.0,0.01397800911217928,0.009053083136677742,0.11268726736307144
97,0.14591741561889648,1e-04,0.09668534249067307,47373036.0,0.012776135466992855,0.008178477175533772,0.11325998604297638,0.14565061032772064,0.10092969983816147,52910332.0,0.013614531606435776,0.008805244229733944,0.11164639890193939
98,0.14388900995254517,1e-04,0.09632963687181473,46586780.0,0.01273846160620451,0.008090328425168991,0.1127796396613121,0.1431238055229187,0.09709885716438293,48682368.0,0.013048541732132435,0.008169766515493393,0.1089714765548706
99,0.14317917823791504,1e-04,0.09965000301599503,45300720.0,0.013963436707854271,0.008518721908330917,0.1190224289894104,0.1411529779434204,0.09764554351568222,48779728.0,0.012979143299162388,0.008130092173814774,0.11144374310970306
100,0.14044424891471863,1e-04,0.09719390422105789,46183296.0,0.013101734220981598,0.008208132348954678,0.1137387603521347,0.1388317495584488,0.09540525078773499,47982508.0,0.012499460019171238,0.007815377786755562,0.10734277963638306
101,0.13821843266487122,1e-04,0.09589949995279312,45792936.0,0.012697657570242882,0.008016293868422508,0.11277120560407639,0.13712243735790253,0.09546032547950745,48285728.0,0.012584485113620758,0.007866987027227879,0.10747858136892319
102,0.13650210201740265,1e-04,0.09600330144166946,44791084.0,0.012752995826303959,0.00796707533299923,0.11259012669324875,0.1356278508901596,0.0926407054066658,43283192.0,0.01283092051744461,0.007547742687165737,0.10609181970357895
103,0.1346602588891983,1e-04,0.09570819139480591,45436672.0,0.012635575607419014,0.008017248474061489,0.11245519667863846,0.13351695239543915,0.09394606202840805,46773908.0,0.012418065220117569,0.007693440653383732,0.10616376250982285
104,0.13281138241291046,1e-04,0.09407316893339157,44234504.0,0.012459103018045425,0.007735048420727253,0.11071997135877609,0.131695955991745,0.09375441819429398,46971992.0,0.012253763154149055,0.007638606242835522,0.1056327372789383
105,0.1303587704896927,1e-04,0.09155631065368652,44203960.0,0.011647037230432034,0.0073509374633431435,0.10669387876987457,0.129844531416893,0.09157317876815796,44662212.0,0.012019369751214981,0.007344650570303202,0.10392743349075317
106,0.12887033820152283,1e-04,0.09140753746032715,43230472.0,0.011762619018554688,0.007371441461145878,0.10939094424247742,0.12825103104114532,0.09111616760492325,44132724.0,0.012008020654320717,0.007283411454409361,0.10395345836877823
107,0.12742778658866882,1e-04,0.09148482978343964,43548100.0,0.011878494173288345,0.007381608709692955,0.10831442475318909,0.1268058866262436,0.09367139637470245,47314856.0,0.01210189051926136,0.007597244810312986,0.10527125746011734
108,0.12548841536045074,1e-04,0.090802863240242,43131444.0,0.011464763432741165,0.007214413955807686,0.10696662217378616,0.12496627122163773,0.0900985598564148,43253976.0,0.01176412496715784,0.0071313995867967606,0.10293351113796234
109,0.12442715466022491,1e-04,0.0914696604013443,42408752.0,0.011892711743712425,0.007351111155003309,0.10917633026838303,0.12347692996263504,0.08890341222286224,41814560.0,0.011743642389774323,0.006976990960538387,0.10251672565937042
110,0.12287414073944092,1e-04,0.0912451446056366,40856092.0,0.01178730744868517,0.007175147999078035,0.1084943413734436,0.12181617319583893,0.09126398712396622,44705632.0,0.01151536125689745,0.007139851339161396,0.10422226041555405
111,0.12120040506124496,1e-04,0.09029001742601395,40190580.0,0.011529684998095036,0.00697013596072793,0.10652308166027069,0.12080512195825577,0.09245270490646362,46194984.0,0.011902036145329475,0.007428073789924383,0.10316332429647446
112,0.11970862001180649,1e-04,0.08942187577486038,40028956.0,0.011420943774282932,0.006981408689171076,0.10649660974740982,0.12016966938972473,0.0964512974023819,49374440.0,0.012632018886506557,0.008001795038580894,0.10676614940166473
113,0.1183621883392334,1e-04,0.09003524482250214,41810968.0,0.011421643197536469,0.007063424680382013,0.10713411122560501,0.11851411312818527,0.09340063482522964,46074480.0,0.012303668074309826,0.007629671599715948,0.1041397675871849
114,0.11704378575086594,1e-04,0.08881830424070358,40092268.0,0.011419890448451042,0.006988164037466049,0.10653172433376312,0.11842771619558334,0.10119831562042236,52004180.0,0.013522210530936718,0.008595752529799938,0.11089257895946503
115,0.1153937429189682,1e-04,0.08791758120059967,40209744.0,0.011050550267100334,0.006743272300809622,0.10476245731115341,0.1157630980014801,0.09482673555612564,48540384.0,0.012119014747440815,0.007684360258281231,0.10616646707057953
116,0.11449272930622101,1e-04,0.08975031226873398,40016264.0,0.01140668336302042,0.006916733458638191,0.10563570261001587,0.11398347467184067,0.09177345037460327,45950592.0,0.011580688878893852,0.007243028841912746,0.10278759151697159
117,0.11338569968938828,1e-04,0.08922413736581802,39414028.0,0.011526123620569706,0.0069436077028512955,0.10692690312862396,0.11335818469524384,0.09176423400640488,44014784.0,0.012162066996097565,0.007402130868285894,0.10234813392162323
118,0.11159664392471313,1e-04,0.08668714016675949,38373956.0,0.010929012671113014,0.006542613729834557,0.10434158891439438,0.11167465150356293,0.08922728151082993,41962768.0,0.01165724266320467,0.00701917614787817,0.10001732409000397
119,0.11003177613019943,1e-04,0.08559147268533707,38333600.0,0.010536227375268936,0.006427121814340353,0.10290929675102234,0.11001725494861603,0.08829834312200546,42577304.0,0.011160826310515404,0.006790659390389919,0.0997575968503952
120,0.10904023796319962,1e-04,0.08611365407705307,39659712.0,0.010694646276533604,0.006560541223734617,0.10217982530593872,0.10925488919019699,0.08335869014263153,34809708.0,0.011526250280439854,0.006314694881439209,0.0994056835770607
121,0.10781709104776382,1e-04,0.08575987070798874,38244396.0,0.01059717871248722,0.006494146306067705,0.10130273550748825,0.10750975459814072,0.08465354889631271,38689788.0,0.010899550281465054,0.006404708605259657,0.0975247174501419
122,0.10694654285907745,1e-04,0.08593007922172546,37559228.0,0.01082581002265215,0.006478385999798775,0.10419466346502304,0.10643734782934189,0.088058240711689,42974444.0,0.01091653574258089,0.006707894150167704,0.10008776187896729
123,0.10560708492994308,1e-04,0.08526098728179932,38693268.0,0.010564346797764301,0.006391345523297787,0.10116717964410782,0.10509122908115387,0.08530880510807037,40376208.0,0.010636011138558388,0.006394618656486273,0.09767591208219528
124,0.10422375053167343,1e-04,0.0839858129620552,37140660.0,0.010242659598588943,0.006174113601446152,0.10042832046747208,0.10406213253736496,0.08642001450061798,41496680.0,0.010660918429493904,0.00648707989603281,0.09859069436788559
125,0.10342121869325638,1e-04,0.08454558253288269,37930184.0,0.010479703545570374,0.006280013360083103,0.10375095903873444,0.1029014065861702,0.08535125851631165,40547320.0,0.01052479911595583,0.006361465435475111,0.09763877093791962
126,0.10237681865692139,1e-04,0.08539298921823502,37046256.0,0.01045545656234026,0.006291933357715607,0.10211366415023804,0.10203765332698822,0.08683674037456512,41726700.0,0.01067027822136879,0.0064994520507752895,0.09850941598415375
127,0.10118561238050461,1e-04,0.08378060162067413,37763416.0,0.010258845053613186,0.006198136135935783,0.10151459276676178,0.10072359442710876,0.08319273591041565,38537364.0,0.010339489206671715,0.0061149634420871735,0.09630565345287323
128,0.09976717829704285,1e-04,0.08231610804796219,36770648.0,0.00982529018074274,0.005975344218313694,0.09838465601205826,0.10005694627761841,0.08649604767560959,41251860.0,0.010652621276676655,0.006459961179643869,0.09787815809249878
129,0.09896475076675415,1e-04,0.08204385638237,36179280.0,0.009986625984311104,0.005923706106841564,0.10122012346982956,0.09875480085611343,0.08286609500646591,38282788.0,0.010302029550075531,0.006074653007090092,0.0960700511932373
130,0.09793290495872498,1e-04,0.08246764540672302,36007864.0,0.009905651211738586,0.005901723634451628,0.10011479258537292,0.09800838679075241,0.08603205531835556,40901216.0,0.010502702556550503,0.0063465959392488,0.09815047681331635
131,0.09717016667127609,1e-04,0.08328050374984741,36060128.0,0.01008362602442503,0.00602423632517457,0.0998934805393219,0.09795469790697098,0.09074006974697113,43620104.0,0.011383387260138988,0.006910393945872784,0.10258539766073227
132,0.09616287052631378,1e-04,0.08262692391872406,35859612.0,0.009993994608521461,0.005943668074905872,0.09929600358009338,0.0958651527762413,0.08271897584199905,38322988.0,0.010195506736636162,0.006020514760166407,0.09545832872390747
133,0.09548284858465195,1e-04,0.08251290023326874,34880560.0,0.010214913636446,0.005936192814260721,0.10116607695817947,0.09759510308504105,0.0972663164138794,47071388.0,0.012829733081161976,0.007775791920721531,0.10834650695323944
134,0.09580705314874649,1e-04,0.08714226633310318,35333892.0,0.011428278870880604,0.006529608741402626,0.10607058554887772,0.09545627981424332,0.09148947149515152,44476860.0,0.01156275812536478,0.007069296203553677,0.10418131202459335
135,0.09407317638397217,1e-04,0.08373201638460159,35407228.0,0.010556535795331001,0.006189835723489523,0.10105234384536743,0.09373477846384048,0.08676732331514359,41286504.0,0.010694047436118126,0.006456394214183092,0.09771780669689178
136,0.09251711517572403,1e-04,0.0810912474989891,35215396.0,0.009851465001702309,0.0057992395013570786,0.09879010170698166,0.09239345043897629,0.08370352536439896,39092304.0,0.010195626877248287,0.006071604322642088,0.09594602882862091
137,0.09141889214515686,1e-04,0.08082573860883713,34109468.0,0.00959515105932951,0.005675614811480045,0.09758909791707993,0.09160874038934708,0.08450216799974442,39519448.0,0.01024695485830307,0.006133123766630888,0.0965496078133583
138,0.09067096561193466,1e-04,0.08138332515954971,34933628.0,0.00967404618859291,0.00574828963726759,0.09752889722585678,0.09040624648332596,0.07997424900531769,35846220.0,0.009858406148850918,0.005701007321476936,0.0939246416091919
139,0.09065533429384232,1e-04,0.08459997922182083,35198620.0,0.010470698587596416,0.006138275843113661,0.1017671674489975,0.08968810737133026,0.07795986533164978,33248540.0,0.009939500130712986,0.005555739160627127,0.09294005483388901
140,0.08893996477127075,1e-04,0.07978735119104385,33864664.0,0.009554998949170113,0.005588100757449865,0.09791494905948639,0.08893988281488419,0.08065533638000488,36126364.0,0.009994379244744778,0.005783827509731054,0.09340944141149521
141,0.0880403071641922,1e-04,0.08020459115505219,34100068.0,0.009452629834413528,0.005594898946583271,0.09673653542995453,0.08853062987327576,0.08483951538801193,39426916.0,0.01037907786667347,0.006171198561787605,0.09644842147827148
142,0.08741910010576248,1e-04,0.08038993179798126,34603560.0,0.009611490182578564,0.005658802110701799,0.09749279171228409,0.08720605075359344,0.07810808718204498,33827488.0,0.009819818660616875,0.005541605409234762,0.09288972616195679
143,0.0865672379732132,1e-04,0.08055907487869263,34345080.0,0.009531212039291859,0.005654456093907356,0.09665770083665848,0.08691133558750153,0.07674252241849899,30133324.0,0.010288537479937077,0.0055086263455450535,0.09436860680580139
144,0.08639887720346451,1e-04,0.08188154548406601,33587308.0,0.010119234211742878,0.005809029098600149,0.10024374723434448,0.08583550900220871,0.07638611644506454,31325790.0,0.009963445365428925,0.005421414040029049,0.09306086599826813
145,0.0851600244641304,1e-04,0.07947051525115967,33146744.0,0.00962651614099741,0.005573165137320757,0.09745165705680847,0.0850280150771141,0.07640422880649567,31329548.0,0.009900074452161789,0.0054180375300347805,0.09206037223339081
146,0.08451101183891296,1e-04,0.08072963356971741,33599420.0,0.009720281697809696,0.005689280107617378,0.09766314178705215,0.08427883684635162,0.07732854038476944,32603930.0,0.009889064356684685,0.005480265244841576,0.09240235388278961
147,0.08390165120363235,1e-04,0.0807657316327095,33623360.0,0.009845118969678879,0.005695572588592768,0.09897679090499878,0.08393757045269012,0.07626166194677353,29903166.0,0.010271762497723103,0.0054663000628352165,0.09297805279493332
148,0.08357573300600052,1e-04,0.08108371496200562,32261980.0,0.01023094542324543,0.005753159988671541,0.09891777485609055,0.08338285982608795,0.07644297182559967,29711936.0,0.010422095656394958,0.0054908315651118755,0.0932571142911911
149,0.08233663439750671,1e-04,0.07907836139202118,31849644.0,0.00970090739428997,0.005537751130759716,0.09844663739204407,0.08269430696964264,0.08464963734149933,38597248.0,0.010455286130309105,0.006151890382170677,0.09571843594312668
150,0.08188164234161377,1e-04,0.07972142100334167,32208552.0,0.00994575209915638,0.0056792739778757095,0.09994153678417206,0.08305057138204575,0.08948317170143127,40814388.0,0.011501524597406387,0.006772447843104601,0.09980545192956924
151,0.08048006892204285,1e-04,0.07706272602081299,31837388.0,0.00923147238790989,0.005321015138179064,0.09573695063591003,0.0810912624001503,0.0839550718665123,38426020.0,0.010228062979876995,0.006024115718901157,0.09589967131614685
152,0.08105654269456863,1e-04,0.08363071084022522,33634884.0,0.010495595633983612,0.00600231159478426,0.10164722055196762,0.08068305999040604,0.08475016057491302,38754812.0,0.010492485947906971,0.006153738126158714,0.09644030034542084
153,0.07922668009996414,1e-04,0.07819126546382904,32648170.0,0.0093289939686656,0.005423803348094225,0.09597436338663101,0.0790514275431633,0.07673787325620651,32708022.0,0.009518071077764034,0.005338613409548998,0.09103952348232269
154,0.07865303009748459,1e-04,0.07868259400129318,32435484.0,0.009418060071766376,0.005431285593658686,0.09716247767210007,0.07877904176712036,0.07785209268331528,32613136.0,0.009903915226459503,0.005527956411242485,0.09152916073799133
155,0.07847703993320465,1e-04,0.07877799868583679,30804178.0,0.00989486649632454,0.005528349429368973,0.09896557033061981,0.07994198799133301,0.09066389501094818,41418132.0,0.011731086298823357,0.00690100621432066,0.10107189416885376
156,0.07768703252077103,1e-04,0.07975949347019196,31685186.0,0.009753595106303692,0.005572751630097628,0.0984279066324234,0.077698715031147,0.08235980570316315,37004396.0,0.010124072432518005,0.005906648468226194,0.09406541287899017
157,0.07666383683681488,1e-04,0.07937321811914444,32778222.0,0.009366268292069435,0.005441740620881319,0.09608621150255203,0.07659363746643066,0.07685673236846924,32581974.0,0.009638306684792042,0.005389750469475985,0.09130222350358963
158,0.07644160836935043,1e-04,0.08028706163167953,31739504.0,0.0097678042948246,0.005586046259850264,0.0993882566690445,0.07576783746480942,0.07818922400474548,34309684.0,0.009438806213438511,0.0054201241582632065,0.09177730977535248
159,0.07578230649232864,1e-04,0.07826405763626099,30514460.0,0.009729408659040928,0.0054525514133274555,0.09736484289169312,0.07689199596643448,0.08842086791992188,40128772.0,0.01119244284927845,0.006526465527713299,0.09989206492900848
160,0.07477840036153793,1e-04,0.0781416967511177,31950834.0,0.009343634359538555,0.005353248678147793,0.09754541516304016,0.0747639611363411,0.0804290696978569,35931428.0,0.009668744169175625,0.005618572235107422,0.09337110817432404
161,0.07420022785663605,1e-04,0.07891608029603958,32105836.0,0.009371476247906685,0.005403921939432621,0.09727934747934341,0.0739896222949028,0.07913661748170853,34897380.0,0.009493117220699787,0.005482191685587168,0.09278599917888641
162,0.0736861601471901,1e-04,0.07914800196886063,32656236.0,0.009457751177251339,0.005468067713081837,0.09790807962417603,0.0732199177145958,0.07538953423500061,31386252.0,0.009313935413956642,0.005181451793760061,0.09105614572763443
163,0.07282192260026932,1e-04,0.07768198847770691,31420750.0,0.00918668694794178,0.005306743551045656,0.09741994738578796,0.0726420059800148,0.07734445482492447,33180612.0,0.009332945570349693,0.005310548935085535,0.0903632864356041
164,0.07243853062391281,1e-04,0.07805418968200684,31013794.0,0.009390903636813164,0.005395456217229366,0.09661278873682022,0.07197974622249603,0.07718826830387115,33233568.0,0.009255687706172466,0.005280660465359688,0.09133105725049973
165,0.07140742987394333,1e-04,0.07571712136268616,30918876.0,0.008941557258367538,0.005123084876686335,0.09406355768442154,0.07136363536119461,0.0756915956735611,31887902.0,0.00921618938446045,0.005177001003175974,0.09065010398626328
166,0.07092132419347763,1e-04,0.07740095257759094,31338588.0,0.00903288833796978,0.005229881964623928,0.09463045746088028,0.07096124440431595,0.07739988714456558,32635930.0,0.009386484511196613,0.005349377635866404,0.09269823133945465
167,0.07100488990545273,1e-04,0.07889599353075027,31324870.0,0.009684929624199867,0.005507121328264475,0.09831631928682327,0.07078639417886734,0.08030688017606735,35227692.0,0.009783397428691387,0.005612935405224562,0.09278839826583862
168,0.06975264102220535,1e-04,0.07708366215229034,31440946.0,0.008999641053378582,0.005204161163419485,0.09508436173200607,0.06975366175174713,0.073290154337883,29317372.0,0.009304176084697247,0.005046756472438574,0.09001661837100983
169,0.06969372928142548,1e-04,0.07866821438074112,30790864.0,0.009496904909610748,0.005352632142603397,0.09810736775398254,0.06903965771198273,0.07563427835702896,31897136.0,0.009146705269813538,0.0051473043859004974,0.09036219120025635
170,0.06864461302757263,1e-04,0.07714458554983139,32288356.0,0.008997981436550617,0.005198292434215546,0.09395953267812729,0.06965415179729462,0.07303457707166672,26215592.0,0.010295659303665161,0.0052112708799541,0.09280868619680405
171,0.0682717114686966,1e-04,0.07619552314281464,30442436.0,0.009171239100396633,0.005200220737606287,0.09703456610441208,0.06802084296941757,0.07515568286180496,31390332.0,0.009221007116138935,0.005142689682543278,0.08966606110334396
172,0.06744936108589172,1e-04,0.07572724670171738,30774650.0,0.008887212723493576,0.005112257786095142,0.09390368312597275,0.06760334968566895,0.07659891247749329,32682200.0,0.009334114380180836,0.005254136864095926,0.09070118516683578
173,0.06747148931026459,1e-04,0.07851842790842056,30903532.0,0.009439915418624878,0.0053679910488426685,0.0988662838935852,0.06729662418365479,0.07494829595088959,30352300.0,0.009555070661008358,0.005214306525886059,0.09021034836769104
174,0.06665833294391632,1e-04,0.07738561928272247,31296106.0,0.009158010594546795,0.0052389889024198055,0.09497721493244171,0.06652432680130005,0.07690286636352539,32862026.0,0.009312077425420284,0.005265600513666868,0.0906892865896225
175,0.06591738760471344,1e-04,0.07516767829656601,29719984.0,0.008939765393733978,0.005062175448983908,0.09520396590232849,0.06609409302473068,0.07820938527584076,33902304.0,0.009409376420080662,0.005377344321459532,0.09157359600067139
176,0.06567535549402237,1e-04,0.07641192525625229,29304804.0,0.009223776869475842,0.0051788222044706345,0.09560036659240723,0.06583958864212036,0.08017019182443619,34943132.0,0.009680666029453278,0.005561521742492914,0.09269315004348755
177,0.06512939929962158,1e-04,0.07656104117631912,29152250.0,0.009193925186991692,0.005136027466505766,0.0949866995215416,0.0658494234085083,0.08299129456281662,36461052.0,0.01020151749253273,0.005871805362403393,0.09498707205057144
178,0.06465977430343628,1e-04,0.07671861350536346,30319152.0,0.00923697929829359,0.005237976089119911,0.09780575335025787,0.06440577656030655,0.07684465497732162,32684812.0,0.009261577390134335,0.005260429345071316,0.09172448515892029
179,0.06384222209453583,1e-04,0.07523836940526962,29428752.0,0.00891729723662138,0.005034811329096556,0.09390445798635483,0.06377251446247101,0.07392515987157822,30171524.0,0.009121675975620747,0.005028571002185345,0.08954770863056183
180,0.06329935044050217,1e-04,0.0751170739531517,28999648.0,0.008874986320734024,0.005004171747714281,0.09389474242925644,0.06363062560558319,0.07917308807373047,34132308.0,0.00948744174093008,0.005440009292215109,0.09246896207332611
181,0.06308604031801224,1e-04,0.07592421770095825,29289464.0,0.009162495844066143,0.005160563625395298,0.09635085612535477,0.06322436034679413,0.07938660681247711,34610592.0,0.009577847085893154,0.0055078971199691296,0.09375244379043579
182,0.0625084638595581,1e-04,0.0763612613081932,29590908.0,0.009074188768863678,0.005108666140586138,0.0946553498506546,0.062429655343294144,0.07609792798757553,32133844.0,0.009263156913220882,0.005199359729886055,0.0905054360628128
183,0.06188227981328964,1e-04,0.07478740066289902,28849396.0,0.008937157690525055,0.0050168996676802635,0.09468989074230194,0.06284628063440323,0.08299881964921951,36554828.0,0.01018032617866993,0.005868798121809959,0.09608491510152817
184,0.061591338366270065,1e-04,0.07589183747768402,30126700.0,0.009125865995883942,0.0051399944350123405,0.09670718014240265,0.06147673353552818,0.07584740966558456,31613980.0,0.00927035417407751,0.005207282491028309,0.09129028767347336
185,0.061021845787763596,1e-04,0.07544933259487152,29328668.0,0.009029945358633995,0.005063557997345924,0.09471023827791214,0.06104731187224388,0.07704105228185654,32856338.0,0.009319707751274109,0.005278733093291521,0.09087582677602768
186,0.06080169230699539,1e-04,0.07771584391593933,31408018.0,0.009284728206694126,0.005308565218001604,0.09721547365188599,0.06210148334503174,0.07397781312465668,25014186.0,0.010823411867022514,0.005397758446633816,0.09552054852247238
187,0.06100878119468689,1e-04,0.0770794078707695,27833724.0,0.009949383325874805,0.005363129079341888,0.10174853354692459,0.06036834791302681,0.07909223437309265,34109216.0,0.00957905687391758,0.005459797568619251,0.09334073960781097
188,0.05974867567420006,1e-04,0.07452688366174698,27665456.0,0.009156891144812107,0.00504616554826498,0.0957474336028099,0.060124002397060394,0.08014943450689316,34215084.0,0.009801757521927357,0.005555886309593916,0.09287942945957184
189,0.059150151908397675,1e-04,0.07636570185422897,29886348.0,0.009023109450936317,0.005093365907669067,0.09388367831707001,0.05938011780381203,0.07250436395406723,27751218.0,0.009494766592979431,0.005021241959184408,0.09007827192544937
190,0.05848480015993118,1e-04,0.07538577169179916,29572704.0,0.00880616344511509,0.004980938509106636,0.09457720816135406,0.05883260443806648,0.07324947416782379,28840312.0,0.009394971653819084,0.005043107084929943,0.08985261619091034
191,0.05830490216612816,1e-04,0.07581523805856705,28952520.0,0.009071001783013344,0.005072117783129215,0.09478577226400375,0.058356769382953644,0.07331304997205734,28733594.0,0.00936285313218832,0.005053411237895489,0.08912698924541473
192,0.05772335082292557,1e-04,0.07491525262594223,28736198.0,0.008932546712458134,0.005005966406315565,0.09370052069425583,0.0577344074845314,0.07523751258850098,31183470.0,0.009185715578496456,0.005124757532030344,0.08966994285583496
193,0.057163089513778687,1e-04,0.07490506768226624,28696942.0,0.008806202560663223,0.004950182978063822,0.0932573676109314,0.05718088895082474,0.0739009827375412,30031118.0,0.00906149111688137,0.005013155285269022,0.08927835524082184
194,0.05767296999692917,1e-04,0.07753749936819077,28796232.0,0.00974083598703146,0.005360663868486881,0.09817089885473251,0.05676718056201935,0.07413516938686371,30242136.0,0.009072433225810528,0.005020896904170513,0.0895363911986351
195,0.056633610278367996,1e-04,0.07720822095870972,29660654.0,0.009134947322309017,0.005181220825761557,0.09434741735458374,0.05656781047582626,0.07281603664159775,28509926.0,0.009298584423959255,0.004999022465199232,0.08945000916719437
196,0.05627285689115524,1e-04,0.0767594426870346,29064824.0,0.009198185987770557,0.0051434226334095,0.09577575325965881,0.05595473572611809,0.07370387762784958,29838736.0,0.009110049344599247,0.005006621591746807,0.08944638073444366
197,0.05514790117740631,1e-04,0.07358434051275253,28752236.0,0.008487612940371037,0.0048085167072713375,0.09329987317323685,0.05561264976859093,0.07406021654605865,29861628.0,0.009179709479212761,0.005039965733885765,0.08898317068815231
198,0.05526690185070038,1e-04,0.07536493241786957,28271102.0,0.00902208685874939,0.005035350099205971,0.0959353819489479,0.05499951168894768,0.07367723435163498,29787578.0,0.008984978310763836,0.00496265571564436,0.0887715071439743
199,0.05466245859861374,1e-04,0.07416503876447678,28234632.0,0.008837259374558926,0.004926595371216536,0.09418797492980957,0.05575938895344734,0.08236406743526459,35151844.0,0.010173944756388664,0.005771974567323923,0.0950300544500351
200,0.05427251756191254,1e-04,0.07405342906713486,27864562.0,0.008854638785123825,0.004910760559141636,0.09287053346633911,0.05449632182717323,0.07570303976535797,31374404.0,0.009304355829954147,0.005179199390113354,0.09016618132591248
201,0.053967710584402084,1e-04,0.07463788241147995,28524704.0,0.008951976895332336,0.0049896081909537315,0.09503618627786636,0.05427679419517517,0.07291096448898315,28203452.0,0.009479448199272156,0.005058329086750746,0.09065558016300201
202,0.053765665739774704,1e-04,0.07586691528558731,28769818.0,0.009150155819952488,0.005061978008598089,0.09631690382957458,0.054634980857372284,0.07303042709827423,26055032.0,0.010230660438537598,0.005210288800299168,0.09253354370594025
203,0.05302368104457855,1e-04,0.07426167279481888,28165416.0,0.008807574398815632,0.004898046143352985,0.09501120448112488,0.05307559669017792,0.0741736888885498,30197352.0,0.009080665186047554,0.00502704968675971,0.08970455825328827
204,0.053015872836112976,1e-04,0.07678806781768799,29134102.0,0.009202876128256321,0.0051596867851912975,0.09820900857448578,0.053172435611486435,0.07185087352991104,26672464.0,0.009567687287926674,0.0050004287622869015,0.09021908789873123
205,0.052429165691137314,1e-04,0.07459337264299393,26869926.0,0.00900327879935503,0.00493613863363862,0.09496183693408966,0.05275901034474373,0.07800313830375671,32405484.0,0.009563692845404148,0.005346070043742657,0.09136582911014557
206,0.05194583907723427,1e-04,0.07398563623428345,27484614.0,0.008920212276279926,0.0049435971304774284,0.09541164338588715,0.052331071346998215,0.07727555930614471,31775212.0,0.009530103765428066,0.005307194776833057,0.09075865894556046
207,0.05162527412176132,1e-04,0.07521719485521317,28612102.0,0.008985156193375587,0.004973485600203276,0.09593814611434937,0.05173062905669212,0.07188829034566879,27515684.0,0.009291410446166992,0.004933739546686411,0.09005051106214523
208,0.051731474697589874,1e-04,0.07666055858135223,28317122.0,0.00947174895554781,0.0052579790353775024,0.0962902083992958,0.05148792266845703,0.07801647484302521,32737610.0,0.009446671232581139,0.005348063539713621,0.09304066747426987
209,0.05058123543858528,1e-04,0.07440891861915588,28590568.0,0.008699104189872742,0.004869164898991585,0.09319707751274109,0.050806302577257156,0.07205205410718918,27886220.0,0.009123191237449646,0.004914144519716501,0.08945760875940323
210,0.050396628677845,1e-04,0.07432012259960175,27945668.0,0.008888634853065014,0.0049406359903514385,0.09509788453578949,0.050339438021183014,0.07330990582704544,29334964.0,0.009037511423230171,0.004956022370606661,0.0887734591960907
211,0.04991034045815468,1e-04,0.07434771955013275,27938196.0,0.00877296831458807,0.004916566889733076,0.09285153448581696,0.050510939210653305,0.07101782411336899,25601030.0,0.00956718996167183,0.004961333237588406,0.09022854268550873
212,0.04951644688844681,1e-04,0.07438381016254425,28089460.0,0.008746534585952759,0.004888986703008413,0.09277065098285675,0.049715325236320496,0.07171059399843216,27541278.0,0.009140231646597385,0.004894915036857128,0.08888381719589233
213,0.04959379509091377,1e-04,0.07572886347770691,27577416.0,0.009188700467348099,0.005048688035458326,0.09715788066387177,0.0493599995970726,0.07119226455688477,26825420.0,0.009153533726930618,0.004875593818724155,0.08915548771619797
214,0.049405936151742935,1e-04,0.07403931021690369,25783852.0,0.009366507641971111,0.0050042774528265,0.09584587812423706,0.04962969943881035,0.08003149926662445,33661248.0,0.00981192011386156,0.005527198314666748,0.09357718378305435
215,0.04868495464324951,1e-04,0.07361767441034317,27229702.0,0.009005962871015072,0.004939061123877764,0.09534505754709244,0.04865992069244385,0.07337489724159241,29108372.0,0.00917469710111618,0.004995145369321108,0.08920565992593765
216,0.0479150228202343,1e-04,0.07433395087718964,28683568.0,0.008593861944973469,0.004854490980505943,0.09280827641487122,0.048263732343912125,0.07262171059846878,28329288.0,0.009127683937549591,0.00496210902929306,0.08972816169261932
217,0.04791789874434471,1e-04,0.07396620512008667,27082766.0,0.008935807272791862,0.004891152493655682,0.09327202290296555,0.047832999378442764,0.0724060907959938,28355018.0,0.00904175080358982,0.0049146427772939205,0.08916620910167694
218,0.04802097752690315,1e-04,0.07616307586431503,27874542.0,0.009387184865772724,0.005137093830853701,0.09587784856557846,0.04889176785945892,0.0718984380364418,23995734.0,0.010431354865431786,0.005186603870242834,0.09296493232250214
219,0.047313183546066284,1e-04,0.07405693084001541,27235582.0,0.009020209312438965,0.004950937815010548,0.09357219934463501,0.047364741563797,0.07188688218593597,27403534.0,0.009258736856281757,0.00492390850558877,0.08918465673923492
220,0.04652611166238785,1e-04,0.07245519012212753,26651406.0,0.008575540035963058,0.004731939639896154,0.0920606255531311,0.046751752495765686,0.0734197124838829,29326656.0,0.00899378303438425,0.004943859297782183,0.0889049619436264
221,0.046232160180807114,1e-04,0.07453280687332153,28150852.0,0.008624651469290257,0.004841262940317392,0.09374446421861649,0.04730648919939995,0.0717419907450676,25132558.0,0.009867863729596138,0.005084637552499771,0.09198294579982758
222,0.046109337359666824,1e-04,0.07339910417795181,26898078.0,0.008833478204905987,0.004870434757322073,0.09315647929906845,0.04624047130346298,0.0737539529800415,29213208.0,0.00915230717509985,0.005012903828173876,0.08886836469173431
223,0.04571313410997391,1e-04,0.07436322420835495,27140190.0,0.008766230195760727,0.004862385336309671,0.09495887905359268,0.04578160494565964,0.07299578934907913,28700276.0,0.009014733135700226,0.00494438037276268,0.08983558416366577
224,0.045144110918045044,1e-04,0.07301843911409378,27627694.0,0.0085274837911129,0.004749975632876158,0.09211844205856323,0.04562968388199806,0.07173124700784683,27296364.0,0.009186872281134129,0.004902685061097145,0.08883211761713028
225,0.04512123391032219,1e-04,0.07333777099847794,26575954.0,0.008827006444334984,0.004842058289796114,0.09293949604034424,0.04504021257162094,0.07331491261720657,29154562.0,0.008927861228585243,0.0049187783151865005,0.08880801498889923
226,0.04453112185001373,1e-04,0.07263145595788956,26494228.0,0.008559982292354107,0.004726149141788483,0.09221295267343521,0.04474462568759918,0.07346657663583755,29260612.0,0.00895367469638586,0.0049295308999717236,0.08875753730535507
227,0.0443648137152195,1e-04,0.07453141361474991,27802750.0,0.008714977651834488,0.004889811854809523,0.09232307225465775,0.04467001184821129,0.07102026790380478,26433016.0,0.009185247123241425,0.004862663801759481,0.08851451426744461
228,0.044298332184553146,1e-04,0.0733734518289566,26329658.0,0.008963881991803646,0.004903209861367941,0.0940781980752945,0.0440540537238121,0.07178692519664764,27748004.0,0.008898464031517506,0.004822677467018366,0.08798735588788986
229,0.04377029463648796,1e-04,0.07350555807352066,26482568.0,0.008753389120101929,0.004835216794162989,0.09257010370492935,0.043849386274814606,0.0707327350974083,26563924.0,0.009002934210002422,0.00478849234059453,0.08797380328178406
230,0.0439596064388752,1e-04,0.0752774029970169,26710924.0,0.009263529442250729,0.005078645423054695,0.09565368294715881,0.04385752230882645,0.07658620178699493,31026994.0,0.009340208023786545,0.005170454271137714,0.09106487780809402
231,0.04292761906981468,1e-04,0.07163962721824646,25853992.0,0.008532295934855938,0.004685565363615751,0.09355814009904861,0.043377213180065155,0.07536309957504272,30390660.0,0.009159451350569725,0.005062979646027088,0.09007302671670914
232,0.04326874762773514,1e-04,0.07582631707191467,26764104.0,0.009185205213725567,0.005010394845157862,0.09639763087034225,0.042883824557065964,0.0728764683008194,28628256.0,0.008969772607088089,0.004899921361356974,0.08845489472150803
233,0.04273390397429466,1e-04,0.0760754868388176,28331474.0,0.008954919874668121,0.004984022118151188,0.09295450896024704,0.0429452508687973,0.07032120227813721,25472028.0,0.009308366104960442,0.0048524788580834866,0.08922486752271652
234,0.04201751574873924,1e-04,0.07069050520658493,25396752.0,0.008519857190549374,0.004623267333954573,0.0921914279460907,0.04231853038072586,0.07370804995298386,29386756.0,0.00899594184011221,0.004943594336509705,0.08923476934432983
235,0.041674088686704636,1e-04,0.07255063951015472,26789416.0,0.00847806129604578,0.004684644751250744,0.09115392714738846,0.04227777197957039,0.07035951316356659,25630822.0,0.009231483563780785,0.00484253978356719,0.08904622495174408
236,0.04154815897345543,1e-04,0.07348848134279251,26350928.0,0.008642581291496754,0.004750694613903761,0.093406081199646,0.041808076202869415,0.07071767002344131,26386252.0,0.009057370014488697,0.004809547681361437,0.08821854740381241
237,0.04126136377453804,1e-04,0.07169356942176819,24908170.0,0.008644646033644676,0.004666361957788467,0.09287937730550766,0.04188438877463341,0.07717984914779663,31269126.0,0.009450464509427547,0.005238925106823444,0.09129492938518524
238,0.040982212871313095,1e-04,0.07231509685516357,25644366.0,0.008665706031024456,0.0047415075823664665,0.09436099976301193,0.04113416373729706,0.07320970296859741,28895112.0,0.008986310102045536,0.00492615532130003,0.08878723531961441
239,0.04125204682350159,1e-04,0.07456392794847488,26156446.0,0.009224753826856613,0.004968958906829357,0.0941629633307457,0.04077710211277008,0.07294660061597824,28692232.0,0.00890958309173584,0.004890731070190668,0.08923866599798203
240,0.040194638073444366,1e-04,0.07304856926202774,27409310.0,0.008453432470560074,0.00472172861918807,0.09184138476848602,0.04104671999812126,0.07040100544691086,25191368.0,0.00944528914988041,0.0048926169984042645,0.08975973725318909
241,0.0401887521147728,1e-04,0.07171252369880676,25440824.0,0.008719331584870815,0.004729172680526972,0.09333450347185135,0.04024048149585724,0.07350476086139679,29011364.0,0.008937425911426544,0.004908001981675625,0.0888500064611435
242,0.03948289155960083,1e-04,0.07105254381895065,25790724.0,0.008302416652441025,0.0045796907506883144,0.09131286293268204,0.03993511199951172,0.07170157134532928,27365622.0,0.008908365853130817,0.004817389417439699,0.08769221603870392
243,0.0395495630800724,1e-04,0.07346161454916,26880576.0,0.008644680492579937,0.004781873896718025,0.09259451925754547,0.0406961552798748,0.07026667147874832,23540976.0,0.00991861242800951,0.0050031994469463825,0.0914335772395134
244,0.039204083383083344,1e-04,0.07138902693986893,25479198.0,0.00856596790254116,0.004655490629374981,0.09351756423711777,0.03948984295129776,0.07133621722459793,26986504.0,0.009006434120237827,0.00482582813128829,0.08821405470371246
245,0.039116740226745605,1e-04,0.07369193434715271,26871948.0,0.00875755026936531,0.004825807176530361,0.09328348189592361,0.040271151810884476,0.07050875574350357,23422454.0,0.010037136264145374,0.005033764988183975,0.09153351187705994
246,0.038745440542697906,1e-04,0.07118810713291168,24965360.0,0.008645608089864254,0.0046780966222286224,0.09273997694253922,0.03882181644439697,0.07254547625780106,28265626.0,0.008879165165126324,0.004849469289183617,0.0887003168463707
247,0.038299478590488434,1e-04,0.07181404531002045,25917740.0,0.008473610505461693,0.004637535195797682,0.09254880249500275,0.038863372057676315,0.07015509158372879,25435644.0,0.009176946245133877,0.004826492164283991,0.08913639932870865
248,0.038333710283041,1e-04,0.07331608235836029,25560582.0,0.008776197209954262,0.004817879758775234,0.09370341151952744,0.038266781717538834,0.07215210795402527,27836072.0,0.008860280737280846,0.00482249166816473,0.0880512222647667
249,0.037766821682453156,1e-04,0.07235551625490189,25926920.0,0.00846771989017725,0.0046701813116669655,0.09147604554891586,0.038157474249601364,0.06997166574001312,25664032.0,0.00898995716124773,0.004747383762151003,0.0880889743566513
250,0.03779033571481705,1e-04,0.07183783501386642,24809342.0,0.008746079169213772,0.0047090919688344,0.09290041029453278,0.03786815330386162,0.07422834634780884,29184026.0,0.008983324281871319,0.004949037451297045,0.08989880979061127
251,0.03712531551718712,1e-04,0.0705404058098793,25169576.0,0.008343773894011974,0.004566009622067213,0.09183385968208313,0.03763685002923012,0.06978164613246918,25426956.0,0.008994647301733494,0.004736210685223341,0.08784322440624237
252,0.03712613135576248,1e-04,0.07239536195993423,25888502.0,0.008612890727818012,0.004713107831776142,0.09324928373098373,0.03763723745942116,0.0693289041519165,24318834.0,0.009253951720893383,0.004797990433871746,0.0888286903500557
253,0.03674549236893654,1e-04,0.0706261396408081,25119804.0,0.008483258076012135,0.004624369088560343,0.09377536922693253,0.037230297923088074,0.0744178369641304,28958594.0,0.009116044268012047,0.004975475370883942,0.08914865553379059
254,0.03627840429544449,1e-04,0.07125640660524368,25134950.0,0.008269722573459148,0.004534331616014242,0.0905757024884224,0.0370454266667366,0.06889953464269638,24013286.0,0.009167684242129326,0.004754757508635521,0.0886094719171524
255,0.03622731938958168,1e-04,0.07005061209201813,23908302.0,0.008470633067190647,0.004564614035189152,0.09220560640096664,0.03728010132908821,0.07809798419475555,30689248.0,0.009688587859272957,0.005292009562253952,0.09258286654949188
256,0.036513593047857285,1e-04,0.07416107505559921,26268774.0,0.009011311456561089,0.004907730966806412,0.09483185410499573,0.036849990487098694,0.06875044852495193,23124528.0,0.009460396133363247,0.0047952840104699135,0.0890708938241005
257,0.03561493381857872,1e-04,0.0709216371178627,25087752.0,0.008351645432412624,0.004568844102323055,0.09025830030441284,0.03596503660082817,0.072588711977005,27860842.0,0.00884486548602581,0.004803148563951254,0.08824531733989716
258,0.035555172711610794,1e-04,0.07180953770875931,25114262.0,0.008528429083526134,0.004653435666114092,0.09089206904172897,0.03569776564836502,0.06928487867116928,25189930.0,0.00879678875207901,0.004645765293389559,0.08721132576465607
259,0.035032905638217926,1e-04,0.0702541172504425,24941280.0,0.00824668724089861,0.004506787750869989,0.09009022265672684,0.03542543575167656,0.0703173503279686,26145932.0,0.008772080764174461,0.00468350388109684,0.08707591146230698
260,0.03489447385072708,1e-04,0.07045365124940872,24186738.0,0.00834487285465002,0.004530370235443115,0.09217867255210876,0.035271503031253815,0.07287940382957458,27951696.0,0.00886447075754404,0.004818737972527742,0.08846434205770493
261,0.03504962474107742,1e-04,0.07277888059616089,25068398.0,0.008729721419513226,0.004717914387583733,0.09251108020544052,0.03490390256047249,0.0705702155828476,26353972.0,0.008706506341695786,0.004676387179642916,0.08752958476543427
262,0.03454449027776718,1e-04,0.07139888405799866,25089246.0,0.008443995378911495,0.00463312491774559,0.09132534265518188,0.03475290909409523,0.07034137099981308,26171370.0,0.008779697120189667,0.004683525301516056,0.08723867684602737
263,0.035085175186395645,1e-04,0.07391209900379181,25353214.0,0.009218558669090271,0.004967798013240099,0.09526503086090088,0.03445395827293396,0.0706130713224411,26406664.0,0.008714050054550171,0.0046769254840910435,0.08744287490844727
264,0.03395853191614151,1e-04,0.07009460031986237,24768712.0,0.008312135934829712,0.004523311275988817,0.0927673727273941,0.03437322378158569,0.07220134139060974,27521702.0,0.008856164291501045,0.004782043397426605,0.08818650245666504
265,0.03363426774740219,1e-04,0.07116316258907318,25356784.0,0.008212888613343239,0.004512174054980278,0.09063202142715454,0.03412763401865959,0.06926467269659042,25078314.0,0.008817624300718307,0.0046372623182833195,0.0870361477136612
266,0.03341337665915489,1e-04,0.06903714686632156,23783088.0,0.008204908110201359,0.004400542471557856,0.09018944203853607,0.033841103315353394,0.07175300270318985,27144634.0,0.008770588785409927,0.004732340108603239,0.0879642516374588
267,0.033479757606983185,1e-04,0.07061511278152466,24342938.0,0.008505472913384438,0.0045913043431937695,0.09214764833450317,0.03365470468997955,0.07186828553676605,27182658.0,0.008815276436507702,0.004754113033413887,0.08785088360309601
268,0.0335765965282917,1e-04,0.07280927896499634,25277540.0,0.008828457444906235,0.004781608935445547,0.0952795222401619,0.03355811536312103,0.06867732107639313,24330898.0,0.008919958025217056,0.004651590716093779,0.08743836730718613
269,0.03278997540473938,1e-04,0.0706876814365387,24918354.0,0.008261244744062424,0.0045234705321490765,0.09180574864149094,0.03332217410206795,0.06861554086208344,24202750.0,0.0089058643206954,0.00464328657835722,0.08711139112710953
270,0.032719146460294724,1e-04,0.06954655051231384,23650844.0,0.008405914530158043,0.0045306789688766,0.09106817841529846,0.03289593383669853,0.0697489082813263,25554246.0,0.008711125701665878,0.004638354294002056,0.08673547953367233
271,0.03267362341284752,1e-04,0.07186957448720932,24725886.0,0.008586842566728592,0.004672166425734758,0.09280732274055481,0.032795269042253494,0.06876950711011887,24509176.0,0.008820133283734322,0.004635591059923172,0.08714456856250763
272,0.032223694026470184,1e-04,0.07128313183784485,24865234.0,0.008349153213202953,0.004538264591246843,0.09087429195642471,0.032648514956235886,0.06832581013441086,23945018.0,0.008875681087374687,0.004631334915757179,0.0873255804181099
273,0.03212444484233856,1e-04,0.07094112783670425,24482680.0,0.008453285321593285,0.00459299935027957,0.09156349301338196,0.032348599284887314,0.06908610463142395,24729688.0,0.008790739811956882,0.004621019121259451,0.08660677075386047
274,0.03217034041881561,1e-04,0.07079071551561356,23222576.0,0.00870912242680788,0.004657704383134842,0.09200402349233627,0.0325210802257061,0.07465508580207825,28363852.0,0.009201827459037304,0.004963576793670654,0.09005960822105408
275,0.032179638743400574,1e-04,0.07206517457962036,23774632.0,0.00893600843846798,0.004761665593832731,0.09318961948156357,0.031766559928655624,0.06984232366085052,25582730.0,0.008642571978271008,0.004611659795045853,0.08683309704065323
276,0.03157559037208557,1e-04,0.07268529385328293,25646616.0,0.008545342832803726,0.004666892811655998,0.09250036627054214,0.032103560864925385,0.06784249097108841,22839038.0,0.009156696498394012,0.0046691615134477615,0.08782079070806503
277,0.03207850828766823,1e-04,0.07364274561405182,23911310.0,0.009228052571415901,0.0049078031443059444,0.09510091692209244,0.031376153230667114,0.06926975399255753,25121396.0,0.008638143539428711,0.004573110956698656,0.08661023527383804
278,0.031061170622706413,1e-04,0.0684347152709961,23058766.0,0.008407477289438248,0.004520542453974485,0.09294888377189636,0.03138512745499611,0.07228988409042358,27094602.0,0.00886545516550541,0.004761114250868559,0.08830352872610092
279,0.03127056360244751,1e-04,0.07348423451185226,25018932.0,0.008835205808281898,0.004757430870085955,0.09304848313331604,0.03098871186375618,0.06882937997579575,24713984.0,0.008654449135065079,0.0045634363777935505,0.08644741028547287
280,0.030647456645965576,1e-04,0.06974559277296066,23308534.0,0.008399736136198044,0.0045327236875891685,0.08980588614940643,0.030829880386590958,0.07075012475252151,26046158.0,0.008706722408533096,0.004651005379855633,0.08704818785190582
281,0.030937930569052696,1e-04,0.072313092648983,24227804.0,0.008890548720955849,0.0047589074820280075,0.09376579523086548,0.030617650598287582,0.06849314272403717,24359374.0,0.008672494441270828,0.004559666849672794,0.08655266463756561
282,0.030154068022966385,1e-04,0.07018664479255676,23865088.0,0.008299577049911022,0.004459836520254612,0.09047812223434448,0.030378693714737892,0.06986849009990692,25505636.0,0.008637160994112492,0.004605674184858799,0.08682423084974289
283,0.03049619123339653,1e-04,0.07303661853075027,25011988.0,0.008837577886879444,0.004822997841984034,0.0946555957198143,0.03026270866394043,0.06922639161348343,24984672.0,0.008698098361492157,0.004601053893566132,0.0866379588842392
284,0.029647434130311012,1e-04,0.07003223896026611,24116666.0,0.008166978135704994,0.004404399544000626,0.09015880525112152,0.030316025018692017,0.06792423874139786,23379302.0,0.008924630470573902,0.004611707292497158,0.08714526146650314
285,0.029918605461716652,1e-04,0.07107360661029816,23720774.0,0.008616991341114044,0.004624481312930584,0.09351762384176254,0.02999383769929409,0.06797429174184799,23668428.0,0.0087896678596735,0.004567123483866453,0.08662981539964676
286,0.029482198879122734,1e-04,0.07000748813152313,23628692.0,0.008366628549993038,0.0044889897108078,0.09216417372226715,0.029663875699043274,0.06854694336652756,24385786.0,0.008647480979561806,0.004553958307951689,0.08644233644008636
287,0.030017990618944168,1e-04,0.07350325584411621,23619432.0,0.009089354425668716,0.00486012315377593,0.09395115822553635,0.02968306839466095,0.07193144410848618,26552978.0,0.008863875642418861,0.004734104499220848,0.08780430257320404
288,0.02911924198269844,1e-04,0.06983567774295807,23429114.0,0.008362502790987492,0.004499363712966442,0.09079344570636749,0.029310012236237526,0.06850356608629227,24299742.0,0.008651095442473888,0.004553905688226223,0.08672560751438141
289,0.029271094128489494,1e-04,0.07111271470785141,23384266.0,0.008697210811078548,0.004658389836549759,0.09168525040149689,0.0291774682700634,0.0706464871764183,25848632.0,0.008717695251107216,0.004643553402274847,0.08712884038686752
290,0.028608402237296104,1e-04,0.07050149142742157,24027238.0,0.008225186727941036,0.004445292521268129,0.0900842472910881,0.02902943082153797,0.06804068386554718,23767160.0,0.008734260685741901,0.004555161576718092,0.0864812582731247
291,0.028891874477267265,1e-04,0.0710517019033432,23273782.0,0.008679116144776344,0.004609433468431234,0.09351394325494766,0.028958367183804512,0.06772851943969727,23210406.0,0.008839186280965805,0.004578266758471727,0.08676297962665558
292,0.028470458462834358,1e-04,0.07169043272733688,24657174.0,0.00844570342451334,0.004628177732229233,0.09088896214962006,0.02888794057071209,0.0676141157746315,22920228.0,0.008939447812736034,0.0046055070124566555,0.08715306222438812
293,0.028253527358174324,1e-04,0.06922158598899841,22225198.0,0.008380929939448833,0.004451528191566467,0.09173864126205444,0.02849762514233589,0.0710054337978363,25986710.0,0.008741498924791813,0.004663772881031036,0.08730235695838928
294,0.02826572395861149,1e-04,0.0713791698217392,24295480.0,0.008581827394664288,0.004606313072144985,0.09274905174970627,0.028315765783190727,0.06783153116703033,23560574.0,0.00871084351092577,0.00454364949837327,0.08659087121486664
295,0.027831807732582092,1e-04,0.06977485865354538,23312452.0,0.008308599703013897,0.0044724359177052975,0.0921921581029892,0.028168683871626854,0.06764860451221466,23279296.0,0.0087333545088768,0.004536386113613844,0.08627186715602875
296,0.028151802718639374,1e-04,0.07133405655622482,23236214.0,0.008801939897239208,0.004709163215011358,0.0949091911315918,0.027855349704623222,0.06913252174854279,24721636.0,0.008605523966252804,0.004558879416435957,0.08635392040014267
297,0.0276829581707716,1e-04,0.0697193294763565,23056662.0,0.00849884282797575,0.004534219391644001,0.09160330146551132,0.027825767174363136,0.07125598192214966,25972954.0,0.00874438788741827,0.004662766586989164,0.08751872926950455
298,0.027344539761543274,1e-04,0.07067929208278656,24003608.0,0.008326176553964615,0.004515969194471836,0.08993767946958542,0.028088726103305817,0.06710657477378845,21941082.0,0.009136020205914974,0.0046373833902180195,0.08762742578983307
299,0.027431296184659004,1e-04,0.0707588717341423,23186974.0,0.008566725999116898,0.004567460156977177,0.0924203097820282,0.027394164353609085,0.06853022426366806,24239532.0,0.008619175292551517,0.0045356121845543385,0.08619440346956253
300,0.027034180238842964,1e-04,0.06927626579999924,22911858.0,0.008328174240887165,0.004458184354007244,0.09013765305280685,0.027257993817329407,0.06781233847141266,23557220.0,0.008638043887913227,0.004515994805842638,0.08626430481672287
301,0.026792636141180992,1e-04,0.06894773989915848,22912558.0,0.008244776166975498,0.004401321988552809,0.08963342010974884,0.027067013084888458,0.06929031014442444,24771798.0,0.008612754754722118,0.004553551319986582,0.08647917956113815
302,0.026710277423262596,1e-04,0.06982959061861038,23131002.0,0.008316421881318092,0.0044564539566636086,0.08982299268245697,0.026912689208984375,0.06818106770515442,23912316.0,0.00860551930963993,0.004510854836553335,0.08605609089136124
303,0.02645515650510788,1e-04,0.06952742487192154,23412650.0,0.00822235643863678,0.004429482389241457,0.08999479562044144,0.026887258514761925,0.06724828481674194,22876556.0,0.008728791028261185,0.004519469570368528,0.08642151951789856
304,0.027152031660079956,1e-04,0.07151249796152115,22944542.0,0.009068544954061508,0.004780192859470844,0.09521631896495819,0.026562131941318512,0.06822480261325836,23946470.0,0.008570772595703602,0.004499618895351887,0.08600828051567078
305,0.02658148854970932,1e-04,0.07076958566904068,23184064.0,0.00866072066128254,0.004625641740858555,0.09272312372922897,0.026389488950371742,0.06877781450748444,24329668.0,0.008558345958590508,0.004510980565100908,0.08619683235883713
306,0.026270894333720207,1e-04,0.06963378190994263,22495756.0,0.008497224189341068,0.004506460390985012,0.09204749017953873,0.02631969191133976,0.06999378651380539,24968244.0,0.008645571768283844,0.004568079952150583,0.08663235604763031
307,0.025904670357704163,1e-04,0.06914664804935455,23099592.0,0.008292424492537975,0.0044541009701788425,0.0909317284822464,0.026153385639190674,0.06739865988492966,23116084.0,0.008618510328233242,0.00448808865621686,0.08600353449583054
308,0.025466550141572952,1e-04,0.06801778078079224,22842188.0,0.008005613461136818,0.004312197677791119,0.08912047743797302,0.025936309248209,0.06849414110183716,24085596.0,0.008559167385101318,0.004507862962782383,0.08604790270328522
309,0.025706253945827484,1e-04,0.06876730173826218,21970714.0,0.008387083187699318,0.004465150181204081,0.09154538065195084,0.025803744792938232,0.06922996044158936,24548786.0,0.00858238060027361,0.004538361448794603,0.08624454587697983
310,0.025986362248659134,1e-04,0.07234742492437363,23549250.0,0.008826765231788158,0.004680047743022442,0.09379445761442184,0.026443684473633766,0.0669863224029541,21214464.0,0.009335314854979515,0.004692455288022757,0.08818996697664261
311,0.025355404242873192,1e-04,0.0692782923579216,22454400.0,0.00833125039935112,0.004444992635399103,0.09237127006053925,0.025557570159435272,0.07001223415136337,24911400.0,0.008625853806734085,0.0045644361525774,0.08663587272167206
312,0.025216735899448395,1e-04,0.06880326569080353,22125568.0,0.00833322387188673,0.004438071046024561,0.09244728088378906,0.02532484568655491,0.06774619221687317,23450530.0,0.008526928722858429,0.004462988115847111,0.0856795459985733
313,0.025158990174531937,1e-04,0.07068634033203125,23526586.0,0.00843511987477541,0.004545807372778654,0.09206539392471313,0.025293506681919098,0.06689073145389557,22562976.0,0.00863085500895977,0.004466883838176727,0.08576516807079315
314,0.02527994103729725,1e-04,0.06954752653837204,21942390.0,0.008678888902068138,0.004565895069390535,0.09276607632637024,0.025204695761203766,0.07050631940364838,25021428.0,0.008704347535967827,0.004592141602188349,0.08696979284286499
315,0.024647627025842667,1e-04,0.06779064238071442,22134074.0,0.008197350427508354,0.004377334378659725,0.09095165878534317,0.024875201284885406,0.06803543865680695,23637052.0,0.008512304164469242,0.004470569081604481,0.08580581843852997
316,0.024774793535470963,1e-04,0.0703989639878273,23277994.0,0.008475837297737598,0.004544975236058235,0.09198041260242462,0.02476615458726883,0.06783709675073624,23450704.0,0.008531643077731133,0.004465718287974596,0.0856396034359932
317,0.02484264224767685,1e-04,0.0696316659450531,21719344.0,0.008658155798912048,0.004547628574073315,0.09235026687383652,0.024709787219762802,0.06991931796073914,24696282.0,0.008626923896372318,0.004552582744508982,0.08655552566051483
318,0.02435419149696827,1e-04,0.06950606405735016,22766138.0,0.008318562060594559,0.004446820355951786,0.09165754914283752,0.024470876902341843,0.06751300394535065,23178176.0,0.008502560667693615,0.004439704120159149,0.08546903729438782
319,0.02385387010872364,1e-04,0.06803129613399506,22436150.0,0.00794633012264967,0.004254085943102837,0.08909379690885544,0.02453186735510826,0.0666360929608345,22157592.0,0.008684761822223663,0.004478595685213804,0.08587901294231415
320,0.024118784815073013,1e-04,0.06995547562837601,22693694.0,0.008338055573403835,0.004453747067600489,0.08996202796697617,0.02438710443675518,0.06672143191099167,22283784.0,0.00866022426635027,0.0044715129770338535,0.08580710738897324
321,0.02408650331199169,1e-04,0.06885172426700592,21798536.0,0.00842294655740261,0.004482262767851353,0.09171802550554276,0.02410462684929371,0.06877228617668152,24051914.0,0.00852921698242426,0.00449402816593647,0.08598186075687408
322,0.024454087018966675,1e-04,0.0726647675037384,23503598.0,0.00893184170126915,0.004767059348523617,0.09426190704107285,0.024419579654932022,0.06638817489147186,21451866.0,0.008937082253396511,0.0045402743853628635,0.08656442910432816
323,0.024697260931134224,1e-04,0.07164603471755981,22143386.0,0.009282926097512245,0.004861264955252409,0.09526701271533966,0.023810232058167458,0.0679125189781189,23439800.0,0.00847933441400528,0.004448640160262585,0.08581876754760742
324,0.023468930274248123,1e-04,0.0683681070804596,22086312.0,0.0081949383020401,0.00435542780905962,0.08975984156131744,0.023696111515164375,0.06781252473592758,23315408.0,0.008497105911374092,0.004443284124135971,0.0855199545621872
325,0.023163428530097008,1e-04,0.0680416151881218,22059150.0,0.008015037514269352,0.004283023998141289,0.08746553212404251,0.023577408865094185,0.0675714910030365,23131522.0,0.008495110087096691,0.004434778820723295,0.08544955402612686
326,0.023465214297175407,1e-04,0.06956969201564789,22275280.0,0.008430926129221916,0.004473451524972916,0.09302061796188354,0.023548461496829987,0.06648650020360947,22122974.0,0.00857171043753624,0.004416546784341335,0.08529400080442429
327,0.02347102388739586,1e-04,0.06928833574056625,21329866.0,0.008557382971048355,0.004476596135646105,0.09230631589889526,0.023451007902622223,0.06966803222894669,24266528.0,0.008632936514914036,0.0045293839648365974,0.08635298907756805
328,0.022938547655940056,1e-04,0.06826387345790863,22065308.0,0.00816085934638977,0.004364959895610809,0.09018880128860474,0.023329835385084152,0.06657781451940536,22119964.0,0.008610513992607594,0.004447986837476492,0.08565494418144226
329,0.023160187527537346,1e-04,0.06954268366098404,22082612.0,0.008503511548042297,0.004504733253270388,0.0915188416838646,0.02306884340941906,0.06752212345600128,23023952.0,0.00848108809441328,0.004430671688169241,0.08540865778923035
330,0.022632386535406113,1e-04,0.06934928894042969,22617144.0,0.008098715916275978,0.004354021046310663,0.09098540991544724,0.023075593635439873,0.06683915108442307,22353288.0,0.00859114434570074,0.004447035491466522,0.08548040688037872
331,0.022663438692688942,1e-04,0.06869035959243774,21862698.0,0.008229708299040794,0.004354781471192837,0.09122011065483093,0.02285413257777691,0.06707428395748138,22646638.0,0.008482416160404682,0.004410948138684034,0.08523665368556976
332,0.022562669590115547,1e-04,0.06736152619123459,21129382.0,0.008237575180828571,0.004329647868871689,0.09066110849380493,0.022702055051922798,0.06744193285703659,22887192.0,0.008454454131424427,0.004410002380609512,0.08517227321863174
333,0.022780470550060272,1e-04,0.07163062691688538,22813750.0,0.00858424324542284,0.004594809375703335,0.09174586087465286,0.02273840643465519,0.06618999689817429,21746030.0,0.008578895591199398,0.004409567452967167,0.0851825699210167
334,0.022941511124372482,1e-04,0.07000275701284409,21391850.0,0.008836188353598118,0.0045940023846924305,0.0930112823843956,0.022508785128593445,0.06740205734968185,22732604.0,0.008479274809360504,0.004402796272188425,0.08503445982933044
335,0.02266782708466053,1e-04,0.06914757937192917,21151186.0,0.00868610106408596,0.004538811277598143,0.09235789626836777,0.022456644102931023,0.06921208649873734,23899766.0,0.008565643802285194,0.004487857222557068,0.08615704625844955
336,0.022246941924095154,1e-04,0.06911260634660721,21961280.0,0.008389764465391636,0.004475684370845556,0.0907612293958664,0.022389747202396393,0.06638691574335098,21909948.0,0.008586946874856949,0.004426157101988792,0.08545302599668503
337,0.02201617695391178,1e-04,0.06850474327802658,21680386.0,0.008269451558589935,0.004413357470184565,0.09052066504955292,0.02218337170779705,0.06858916580677032,23536448.0,0.008512867614626884,0.004453533794730902,0.0857442170381546
338,0.022076241672039032,1e-04,0.07008897513151169,22208750.0,0.008439209312200546,0.0044987862929701805,0.0931192934513092,0.02219679392874241,0.0663432776927948,21818998.0,0.008604955859482288,0.004433125723153353,0.08559148013591766
339,0.02225193753838539,1e-04,0.07076437771320343,22178054.0,0.008709132671356201,0.004630361218005419,0.09276153147220612,0.021934112533926964,0.06704124808311462,22492502.0,0.008441880345344543,0.00437465775758028,0.08497277647256851
340,0.022211628034710884,1e-04,0.06901741027832031,21242176.0,0.008764958940446377,0.00458591990172863,0.09377557784318924,0.021879790350794792,0.06647373735904694,22045228.0,0.008502512238919735,0.004396497737616301,0.08523435890674591
341,0.021796172484755516,1e-04,0.0700979232788086,22268962.0,0.008470943197607994,0.0044728051871061325,0.09202370047569275,0.022332755848765373,0.0655650869011879,20387570.0,0.009026210755109787,0.004529665689915419,0.0867200642824173
342,0.021522285416722298,1e-04,0.06713899224996567,20581906.0,0.008288998156785965,0.004317842423915863,0.09079814702272415,0.021685652434825897,0.06875649094581604,23545870.0,0.008543542586266994,0.004464606288820505,0.08585142344236374
343,0.021581657230854034,1e-04,0.07012882828712463,22371474.0,0.008470435626804829,0.004534464795142412,0.09122265875339508,0.021687155589461327,0.0660349652171135,21511782.0,0.008609350770711899,0.004414204508066177,0.08540119975805283
344,0.021180013194680214,1e-04,0.06784220784902573,21084428.0,0.008159397169947624,0.004300661385059357,0.09066078811883926,0.02152799628674984,0.06627663969993591,21759490.0,0.008564147166907787,0.004411657806485891,0.08531679213047028
345,0.021235959604382515,1e-04,0.06878002732992172,21294316.0,0.008322220295667648,0.004433342721313238,0.0905904471874237,0.02130352519452572,0.06776411086320877,22957862.0,0.008455376140773296,0.004410181660205126,0.08534631878137589
346,0.021106567233800888,1e-04,0.06946904212236404,22187472.0,0.008293877355754375,0.004424602258950472,0.09151434153318405,0.02184516191482544,0.06589947640895844,20602698.0,0.009049451909959316,0.004560358822345734,0.08688390254974365
347,0.02142275683581829,1e-04,0.06941679120063782,21312524.0,0.008691149763762951,0.004523422569036484,0.09187029302120209,0.021138126030564308,0.06649067252874374,22020836.0,0.00846023764461279,0.004375738557428122,0.08504439890384674
348,0.020780017599463463,1e-04,0.06732836365699768,20555460.0,0.00814483966678381,0.004259821493178606,0.08946704119443893,0.021087659522891045,0.066326804459095,21809154.0,0.008517036214470863,0.004396810662001371,0.0852024108171463
349,0.02105160988867283,1e-04,0.06936854124069214,21169094.0,0.00852881744503975,0.004473506473004818,0.09227318316698074,0.020924774929881096,0.06685804575681686,22253078.0,0.00845748744904995,0.004383342806249857,0.08503121882677078
350,0.02072598785161972,1e-04,0.06875109672546387,21849068.0,0.008307570591568947,0.004380271770060062,0.09003351628780365,0.021017789840698242,0.0658688098192215,21239698.0,0.008630916476249695,0.0044144983403384686,0.08531752973794937
351,0.020782502368092537,1e-04,0.0677645355463028,20622972.0,0.008444012142717838,0.004414922557771206,0.09207499027252197,0.020780105143785477,0.06628405302762985,21762152.0,0.008502581156790257,0.004390194080770016,0.08517204225063324
352,0.02031133510172367,1e-04,0.06706159561872482,20791932.0,0.008080014027655125,0.004246847238391638,0.08888000249862671,0.0206228569149971,0.06767486780881882,22747730.0,0.008461269550025463,0.004405961371958256,0.0851883515715599
353,0.020641086623072624,1e-04,0.06981653720140457,21856480.0,0.008512414991855621,0.004482158459722996,0.09136483818292618,0.02111211232841015,0.06576558202505112,20533872.0,0.008996939286589622,0.0045423624105751514,0.08669904619455338
354,0.020507609471678734,1e-04,0.06826616078615189,20468518.0,0.008450155146420002,0.004389206878840923,0.0914563536643982,0.020421365275979042,0.0670042335987091,22291880.0,0.008436157368123531,0.0043783350847661495,0.08496926724910736
355,0.020248010754585266,1e-04,0.06811509281396866,20988572.0,0.008298230357468128,0.004336599726229906,0.0907709077000618,0.02034405805170536,0.06649481505155563,21899868.0,0.008445419371128082,0.0043664854019880295,0.08486105501651764
356,0.020308220759034157,1e-04,0.06855012476444244,21055236.0,0.00844623614102602,0.00443339254707098,0.09098076075315475,0.02022799663245678,0.06688635796308517,22152824.0,0.00842565018683672,0.00436467956751585,0.08484208583831787
357,0.019960839301347733,1e-04,0.06738466769456863,20938600.0,0.00819514412432909,0.004300273489207029,0.08955519646406174,0.020140506327152252,0.06681372970342636,22140994.0,0.008427045308053493,0.004370728973299265,0.08495567739009857
358,0.020312877371907234,1e-04,0.06972336024045944,21392072.0,0.00862816534936428,0.004561533685773611,0.09153562039136887,0.02030187100172043,0.06560594588518143,20895080.0,0.008649827912449837,0.004418021999299526,0.0854799821972847
359,0.02010686881840229,1e-04,0.06898415088653564,20958780.0,0.008506706915795803,0.004442368634045124,0.09111689776182175,0.019982624799013138,0.06625404953956604,21589230.0,0.008428228087723255,0.004338390193879604,0.08453892171382904
360,0.01974431984126568,1e-04,0.06718619167804718,20446420.0,0.008224057033658028,0.004301430191844702,0.09085182100534439,0.02013992704451084,0.06523856520652771,20529184.0,0.008656895719468594,0.004395749885588884,0.08520367741584778
361,0.01971300318837166,1e-04,0.06679259240627289,20065434.0,0.008278844878077507,0.004310438875108957,0.0904713124036789,0.019737090915441513,0.06654717028141022,21868558.0,0.00837792456150055,0.004339507780969143,0.08473232388496399
362,0.019540630280971527,1e-04,0.06829372048377991,21169084.0,0.008218065835535526,0.004322867840528488,0.0898018628358841,0.01991192437708378,0.06560629606246948,20886008.0,0.008616697043180466,0.00440491596236825,0.08525843918323517
363,0.02000848390161991,1e-04,0.07016447931528091,21096042.0,0.008760652504861355,0.004591852892190218,0.09342306852340698,0.019861703738570213,0.06539461016654968,20671766.0,0.008639420382678509,0.00440019927918911,0.08524327725172043
364,0.02008662186563015,1e-04,0.068573959171772,19745630.0,0.008897597901523113,0.004582397174090147,0.09360911697149277,0.01953999698162079,0.06747855991125107,22320896.0,0.008439095690846443,0.00436591450124979,0.08493036776781082
365,0.01989821344614029,1e-04,0.07095789164304733,21783470.0,0.008827135898172855,0.004610980395227671,0.09168025851249695,0.020125774666666985,0.06533277034759521,19919666.0,0.009058109484612942,0.004539325833320618,0.08668510615825653
366,0.019425448030233383,1e-04,0.06791000068187714,20465476.0,0.008415453135967255,0.004406661726534367,0.0905471071600914,0.019345887005329132,0.0667719915509224,21923164.0,0.008396855555474758,0.004338094964623451,0.08467189222574234
367,0.019335677847266197,1e-04,0.06841666996479034,21101204.0,0.008419462479650974,0.004418779630213976,0.0902751013636589,0.019406970590353012,0.0656178668141365,20998214.0,0.00852216873317957,0.004364016465842724,0.08489865064620972
368,0.01903393864631653,1e-04,0.06769698113203049,20555086.0,0.008185843005776405,0.004304226953536272,0.09157943725585938,0.019223548471927643,0.06593620032072067,21306126.0,0.008417872712016106,0.004324337933212519,0.08450738340616226
369,0.019038550555706024,1e-04,0.06734553724527359,20624986.0,0.00827366765588522,0.004336751531809568,0.09120728820562363,0.019173383712768555,0.06580744683742523,21198494.0,0.008454347960650921,0.004347176756709814,0.08473663032054901
370,0.019023142755031586,1e-04,0.06743959337472916,20348286.0,0.008335189893841743,0.004370818380266428,0.09185916185379028,0.019057614728808403,0.0660036951303482,21353296.0,0.008421406149864197,0.004337731748819351,0.08459855616092682
371,0.018711362034082413,1e-04,0.06840585917234421,21205374.0,0.008120439015328884,0.00427973922342062,0.08937776833772659,0.018991829827427864,0.06622601300477982,21498508.0,0.008426299318671227,0.004343392327427864,0.08459804952144623
372,0.018740331754088402,1e-04,0.06672096252441406,19998840.0,0.00819441583007574,0.004275728948414326,0.09051906317472458,0.018971480429172516,0.06607512384653091,21304802.0,0.008472602814435959,0.004354663658887148,0.08461247384548187
373,0.018621433526277542,1e-04,0.06713107973337173,20428918.0,0.008154959417879581,0.004258603788912296,0.08970347046852112,0.0188163910061121,0.0669054165482521,22005408.0,0.008397755213081837,0.004350971430540085,0.08481243997812271
374,0.01865481771528721,1e-04,0.06725535541772842,20076310.0,0.008252991363406181,0.004303434398025274,0.09226742386817932,0.0188046433031559,0.06599076092243195,21308698.0,0.008446730673313141,0.004352652933448553,0.08475644886493683
375,0.018794145435094833,1e-04,0.06860454380512238,20122530.0,0.008468858897686005,0.004407746717333794,0.09055279195308685,0.018655264750123024,0.06708284467458725,22099624.0,0.0083991177380085,0.004360085353255272,0.0848943218588829
376,0.018534081056714058,1e-04,0.06903424859046936,21281094.0,0.00831209123134613,0.004376563243567944,0.09053577482700348,0.018739650025963783,0.06589750200510025,21112774.0,0.008529933169484138,0.004379067104309797,0.0848144143819809
377,0.0185511764138937,1e-04,0.06854069232940674,20430188.0,0.008377524092793465,0.004402323625981808,0.09143250435590744,0.01857726275920868,0.06596159189939499,21218428.0,0.008433722890913486,0.004336582962423563,0.08451075851917267
378,0.01818462647497654,1e-04,0.06611161679029465,19458232.0,0.008058051578700542,0.0041724988259375095,0.08973944932222366,0.01852993480861187,0.06588531285524368,21079298.0,0.008460165932774544,0.004340032581239939,0.08445559442043304
379,0.01853785663843155,1e-04,0.06845927238464355,20263094.0,0.00850326381623745,0.0044240802526474,0.09130427986383438,0.018467390909790993,0.06575080752372742,21028968.0,0.008469185791909695,0.004352165851742029,0.08470171689987183
380,0.018693815916776657,1e-04,0.06962812691926956,20682358.0,0.008733968250453472,0.004552657250314951,0.09282507002353668,0.01842738874256611,0.06556709110736847,20847498.0,0.00849084835499525,0.004351788200438023,0.08468995988368988
381,0.018338283523917198,1e-04,0.06837987899780273,20230802.0,0.008435207419097424,0.004396844655275345,0.09174038469791412,0.01826758310198784,0.06579887121915817,21071800.0,0.008396991528570652,0.004312773235142231,0.08432391285896301
382,0.017894860357046127,1e-04,0.0669361799955368,20154758.0,0.008049894124269485,0.004201286472380161,0.08953913301229477,0.018331820145249367,0.06522153317928314,20515280.0,0.008506091311573982,0.004336705431342125,0.08451064676046371
383,0.01799200288951397,1e-04,0.06688657402992249,19840626.0,0.008200416341423988,0.004282533656805754,0.09151983261108398,0.018139513209462166,0.06607171148061752,21290836.0,0.008400933817029,0.004329636227339506,0.08450102061033249
384,0.018377024680376053,1e-04,0.07059255987405777,21151948.0,0.008667033165693283,0.004519676323980093,0.09109439700841904,0.018695887178182602,0.06504402309656143,19725780.0,0.008963549509644508,0.004499583505094051,0.08619378507137299
385,0.0183534175157547,1e-04,0.06727579236030579,18829462.0,0.008655278012156487,0.004429759457707405,0.09315390139818192,0.01808711513876915,0.06529365479946136,20616740.0,0.008456531912088394,0.004327714443206787,0.08455730974674225
386,0.017854755744338036,1e-04,0.06703001260757446,19566510.0,0.008261200971901417,0.00430062972009182,0.09060877561569214,0.017901280894875526,0.06588231027126312,21081140.0,0.008363422006368637,0.004300763364881277,0.08423110097646713
387,0.018063358962535858,1e-04,0.06883925944566727,20399870.0,0.008548698388040066,0.00446302117779851,0.09164577722549438,0.017984310165047646,0.06508371233940125,20374110.0,0.00848711933940649,0.004327806644141674,0.08449201285839081
388,0.017918294295668602,1e-04,0.06827755272388458,20261162.0,0.008459125645458698,0.004393444396555424,0.09064165502786636,0.017941726371645927,0.06493674963712692,20229418.0,0.008499125950038433,0.004324587527662516,0.08445925265550613
389,0.017708424478769302,1e-04,0.06595844775438309,18905894.0,0.008286655880510807,0.004257412161678076,0.0908978283405304,0.01771395653486252,0.06552854180335999,20793016.0,0.008354634046554565,0.004282691050320864,0.08409593254327774
390,0.017766786739230156,1e-04,0.06824401021003723,20116880.0,0.008444305509328842,0.004369486588984728,0.09234951436519623,0.017614958807826042,0.06592211872339249,21009674.0,0.008328904397785664,0.004275572951883078,0.08403965085744858
391,0.017478561028838158,1e-04,0.06719981878995895,19782158.0,0.008207480423152447,0.004271405749022961,0.09018224477767944,0.017601149156689644,0.06527693569660187,20586556.0,0.008368130773305893,0.004284093622118235,0.0841321125626564
392,0.017056528478860855,1e-04,0.06582017242908478,19832654.0,0.007847558706998825,0.00410128477960825,0.08845717459917068,0.017577065154910088,0.0651707649230957,20506126.0,0.008387585170567036,0.004291826393455267,0.08425576239824295
393,0.017270641401410103,1e-04,0.06564147025346756,19070278.0,0.008105340413749218,0.004195032641291618,0.0885966420173645,0.017454320564866066,0.0660330131649971,21068076.0,0.008349258452653885,0.004289733245968819,0.08412856608629227
394,0.017465904355049133,1e-04,0.06895116716623306,20688866.0,0.008398720994591713,0.004359458107501268,0.09059527516365051,0.017645593732595444,0.06521637737751007,20341580.0,0.00857214443385601,0.0043739196844398975,0.0849129781126976
395,0.017182115465402603,1e-04,0.06467494368553162,18451276.0,0.008117501623928547,0.004175862297415733,0.0892348662018776,0.017490725964307785,0.06518260389566422,20379376.0,0.008482975885272026,0.004332934506237507,0.08448205143213272
396,0.01749291829764843,1e-04,0.06857927143573761,20522766.0,0.008530860766768456,0.004440138582140207,0.09103643149137497,0.01750308647751808,0.06512409448623657,20278188.0,0.00854446366429329,0.004356137476861477,0.08471526950597763
397,0.01746433973312378,1e-04,0.06626739352941513,18750824.0,0.008523175492882729,0.004367057699710131,0.09132908284664154,0.017218071967363358,0.06582753360271454,20942580.0,0.008343230001628399,0.004288554657250643,0.08414323627948761
398,0.01756490394473076,1e-04,0.06976943463087082,20653176.0,0.008725501596927643,0.004532207734882832,0.0929233506321907,0.017204632982611656,0.06547974795103073,20627998.0,0.008380809798836708,0.004290935583412647,0.08405976742506027
399,0.01764170080423355,1e-04,0.06807374209165573,19032454.0,0.00883268192410469,0.004527146462351084,0.09299050271511078,0.017128586769104004,0.06570562720298767,20817130.0,0.008378050290048122,0.004304559901356697,0.08420969545841217
400,0.016783608123660088,1e-04,0.06664952635765076,19586244.0,0.008059126324951649,0.004193452186882496,0.09037769585847855,0.017052412033081055,0.06598462909460068,20986730.0,0.008364526554942131,0.004302608780562878,0.08417394757270813
401,0.01694015972316265,1e-04,0.06854197382926941,20464852.0,0.008279227651655674,0.0043275547213852406,0.0917966291308403,0.017155736684799194,0.06518295407295227,20327690.0,0.00849037617444992,0.004340739920735359,0.08455541729927063
402,0.017310764640569687,1e-04,0.06684871017932892,18339556.0,0.00864636991173029,0.004420680925250053,0.0912434458732605,0.017024284228682518,0.06532631814479828,20449402.0,0.008431351743638515,0.0043154326267540455,0.08425591140985489
403,0.016813918948173523,1e-04,0.067440465092659,19721726.0,0.00825300719588995,0.004299550782889128,0.08905456215143204,0.016945267096161842,0.06550700962543488,20616542.0,0.0084083192050457,0.0043126679956912994,0.08426683396100998
404,0.01710396446287632,1e-04,0.06918251514434814,20031998.0,0.008599435910582542,0.004431611858308315,0.0943952351808548,0.017068935558199883,0.06487545371055603,19963186.0,0.008561911061406136,0.00435158796608448,0.08460290729999542
405,0.01695520244538784,1e-04,0.06633685529232025,18270950.0,0.008455284871160984,0.004338597413152456,0.09100830554962158,0.016978155821561813,0.06503857672214508,20114654.0,0.008541958406567574,0.004354122094810009,0.0846337303519249
406,0.01678396947681904,1e-04,0.06787410378456116,19923328.0,0.008391687646508217,0.004382135812193155,0.09074348211288452,0.016703829169273376,0.06615852564573288,21035134.0,0.008347677066922188,0.004294836428016424,0.08415846526622772
407,0.016559040173888206,1e-04,0.06814302504062653,19902118.0,0.008215644396841526,0.0042764837853610516,0.09016774594783783,0.016692787408828735,0.06555381417274475,20596512.0,0.008360745385289192,0.00428271247074008,0.08397321403026581
408,0.016682924702763557,1e-04,0.0680432990193367,19576932.0,0.008363350294530392,0.004336593206971884,0.09086731821298599,0.016801130026578903,0.06491892784833908,20049444.0,0.008484984748065472,0.0043183439411222935,0.08427324891090393
409,0.016619009897112846,1e-04,0.06693365424871445,19284060.0,0.008336531929671764,0.004282143898308277,0.08994808793067932,0.0166510958224535,0.06522296369075775,20371190.0,0.008392715826630592,0.004295704420655966,0.08415858447551727
410,0.01657540164887905,1e-04,0.0667065680027008,18805458.0,0.00832701288163662,0.004289583768695593,0.09024610370397568,0.01660071313381195,0.06510595977306366,20261030.0,0.00838968250900507,0.004289449658244848,0.0840868204832077
411,0.01627662219107151,1e-04,0.06596127152442932,19052934.0,0.00808730535209179,0.004171812906861305,0.08972752839326859,0.016484681516885757,0.06529150903224945,20390336.0,0.008330633863806725,0.004262052476406097,0.08382932841777802
412,0.016931483522057533,1e-04,0.06853290647268295,19383602.0,0.008793145418167114,0.004476194269955158,0.09519784897565842,0.01656300202012062,0.06475070863962173,19914804.0,0.00844604428857565,0.004300789441913366,0.08416236191987991
413,0.0163214523345232,1e-04,0.06582541018724442,18591458.0,0.008220010437071323,0.004241584800183773,0.09072603285312653,0.016418788582086563,0.06495458632707596,20075390.0,0.008367876522243023,0.004265559371560812,0.08378304541110992
414,0.01699339598417282,1e-04,0.06956689804792404,19072370.0,0.008961217477917671,0.004584677051752806,0.09510114043951035,0.01634470373392105,0.0653504803776741,20341088.0,0.008357224054634571,0.004269804805517197,0.08378663659095764
415,0.0164845809340477,1e-04,0.06940597295761108,20204170.0,0.008536720648407936,0.004396280739456415,0.09185449033975601,0.01630488410592079,0.06521572917699814,20280248.0,0.00835412461310625,0.0042693642899394035,0.08382557332515717
416,0.015894407406449318,1e-04,0.06554950773715973,19025126.0,0.007950383238494396,0.004119464661926031,0.08942685276269913,0.01627238467335701,0.06503743678331375,20151802.0,0.008353110402822495,0.004264038056135178,0.08380930125713348
417,0.016009660437703133,1e-04,0.06556972861289978,18789524.0,0.008100543171167374,0.004166086204349995,0.0891650840640068,0.0162455253303051,0.06497681140899658,20111348.0,0.008364993147552013,0.004272748716175556,0.08390344679355621
418,0.016723288223147392,1e-04,0.0700870156288147,19934174.0,0.008874363265931606,0.004563898779451847,0.09541251510381699,0.016177216544747353,0.06480364501476288,19932548.0,0.00832828227430582,0.004236962646245956,0.08354625105857849
419,0.016128621995449066,1e-04,0.06507359445095062,17968494.0,0.008268140256404877,0.004217999055981636,0.09040819108486176,0.016405757516622543,0.06441177427768707,19427804.0,0.008600111119449139,0.004345441237092018,0.08455382287502289
420,0.015673110261559486,1e-04,0.06503480672836304,18699696.0,0.007913351990282536,0.004086640197783709,0.08871839195489883,0.01603194698691368,0.06566131114959717,20567538.0,0.00832426454871893,0.004266846925020218,0.08385522663593292
421,0.017031485214829445,1e-04,0.07059825211763382,19424468.0,0.00932268425822258,0.004760273266583681,0.0954863429069519,0.01611618883907795,0.06499122828245163,20053178.0,0.008433066308498383,0.00430475315079093,0.0841437503695488
422,0.015943044796586037,1e-04,0.068132683634758,19744636.0,0.008292737416923046,0.004325453191995621,0.09249705821275711,0.01595243439078331,0.06514241546392441,20172216.0,0.008309369906783104,0.004240648355334997,0.08360832184553146
423,0.016246424987912178,1e-04,0.0672907903790474,18418122.0,0.00859006866812706,0.004396367352455854,0.09185921400785446,0.016106056049466133,0.06456470489501953,19614544.0,0.008491289801895618,0.004303049296140671,0.08401449024677277
424,0.015778491273522377,1e-04,0.0671406090259552,19444862.0,0.008200298063457012,0.004262298345565796,0.08986807614564896,0.015927497297525406,0.06500687450170517,19971138.0,0.00836255680769682,0.004256044048815966,0.08359846472740173
425,0.016229795292019844,1e-04,0.06847723573446274,19150348.0,0.008681368082761765,0.004445006605237722,0.09387001395225525,0.015906736254692078,0.0649474710226059,20002358.0,0.008370752446353436,0.004268478602170944,0.08379538357257843
426,0.01611393131315708,1e-04,0.06741255521774292,18769840.0,0.008578132838010788,0.004393308889120817,0.09421589970588684,0.015823831781744957,0.06456911563873291,19728418.0,0.008309361524879932,0.004223117604851723,0.08346591144800186
427,0.016372159123420715,1e-04,0.06839579343795776,18491460.0,0.008861293084919453,0.00453553069382906,0.09357509762048721,0.015913957729935646,0.06410430371761322,19276966.0,0.008440928533673286,0.004266597330570221,0.08381686359643936
428,0.01590779796242714,1e-04,0.06721406430006027,19055424.0,0.008472844958305359,0.004367105197161436,0.08946274220943451,0.0156889408826828,0.06478613615036011,19804738.0,0.008286971598863602,0.004211702384054661,0.08329815417528152
429,0.01568659394979477,1e-04,0.0666821077466011,18912062.0,0.008295719511806965,0.004256827756762505,0.08982004970312119,0.01567729376256466,0.06466837972402573,19756096.0,0.008301678113639355,0.004220568574965,0.08339785784482956
430,0.01601545698940754,1e-04,0.06708048284053802,18560932.0,0.008634932339191437,0.0044054388999938965,0.09422813355922699,0.015599880367517471,0.06499012559652328,19981762.0,0.008267715573310852,0.004212148487567902,0.08338530361652374
431,0.01579051837325096,1e-04,0.06925801187753677,20190036.0,0.008500258438289165,0.004369787871837616,0.09396528452634811,0.01557562593370676,0.06474920362234116,19765864.0,0.008263259194791317,0.0041977763175964355,0.0832097977399826
432,0.015595926903188229,1e-04,0.06529814749956131,17599288.0,0.008253240957856178,0.004202750511467457,0.0903409942984581,0.01604796200990677,0.06423703581094742,19004014.0,0.008742845617234707,0.004396165255457163,0.08504123240709305
433,0.015506780706346035,1e-04,0.06616337597370148,18725946.0,0.008249071426689625,0.004221783485263586,0.09028296172618866,0.015488620847463608,0.06575671583414078,20463548.0,0.008280400186777115,0.004236230626702309,0.0837259441614151
434,0.015416107140481472,1e-04,0.06659335643053055,18891476.0,0.008208483457565308,0.004208225756883621,0.0907343253493309,0.015558529645204544,0.06487872451543808,19905286.0,0.00836357194930315,0.0042703538201749325,0.08381777256727219
435,0.015561575070023537,1e-04,0.06679386645555496,18825520.0,0.008377950638532639,0.00431801239028573,0.09179173409938812,0.015730218961834908,0.06467984616756439,19611804.0,0.008554099127650261,0.004346208646893501,0.08445065468549728
436,0.015028286725282669,5e-05,0.06483672559261322,18449080.0,0.007866349071264267,0.00405537523329258,0.08798404783010483,0.015501696616411209,0.06501193344593048,19975812.0,0.008358004502952099,0.0042663877829909325,0.08372648060321808
437,0.015447274781763554,5e-05,0.0672147274017334,18820568.0,0.008315768092870712,0.004284203052520752,0.09044568985700607,0.015473746694624424,0.06494322419166565,19924624.0,0.008345606736838818,0.004258457571268082,0.0836697593331337
438,0.015284901484847069,5e-05,0.06613346189260483,18619162.0,0.008159712888300419,0.004186135716736317,0.09042182564735413,0.015498314052820206,0.06467744708061218,19717372.0,0.008378099650144577,0.004266842734068632,0.08375589549541473
439,0.015252924524247646,5e-05,0.06504325568675995,17944228.0,0.00812484323978424,0.004154044669121504,0.09037621319293976,0.015559260733425617,0.06451454013586044,19550010.0,0.00845045130699873,0.0042951456271111965,0.08400779217481613
440,0.015692289918661118,5e-05,0.0674666091799736,18829174.0,0.008598231710493565,0.004407360218465328,0.09140560030937195,0.015471204183995724,0.0646134540438652,19660076.0,0.008386079221963882,0.004269611556082964,0.08378825336694717
441,0.01596534252166748,5e-05,0.06945094466209412,18790132.0,0.008888114243745804,0.004567177966237068,0.09431961923837662,0.015385751612484455,0.0646415501832962,19686856.0,0.00831968430429697,0.0042352741584181786,0.08349205553531647
442,0.01543280016630888,2.5e-05,0.06663883477449417,18593330.0,0.008366093970835209,0.004288660828024149,0.09123511612415314,0.01537333708256483,0.06446101516485214,19542728.0,0.008312237448990345,0.0042238193564116955,0.08339522778987885
443,0.01562425121665001,2.5e-05,0.06771575659513474,18668958.0,0.008564888499677181,0.004405932035297155,0.09317200630903244,0.015337657183408737,0.06432056427001953,19428264.0,0.008284483104944229,0.0042024594731628895,0.08321458101272583
444,0.01546105369925499,2.5e-05,0.06642694026231766,18425388.0,0.008407686837017536,0.004290829412639141,0.09119958430528641,0.015393056906759739,0.06420723348855972,19338110.0,0.008345695212483406,0.004230639897286892,0.08345215022563934
445,0.015122256241738796,2.5e-05,0.06622665375471115,18509822.0,0.008086430840194225,0.004168392159044743,0.0894533023238182,0.015283755026757717,0.06445322185754776,19514184.0,0.008254201151430607,0.004188861697912216,0.0831182450056076
446,0.01577487401664257,2.5e-05,0.06799963116645813,18726496.0,0.008745387196540833,0.0044411527924239635,0.09317192435264587,0.015316511504352093,0.06430240720510483,19406986.0,0.008289163932204247,0.004203328397125006,0.08321662247180939
447,0.015173009596765041,1.25e-05,0.06596721708774567,18512840.0,0.008147059939801693,0.004197930451482534,0.08898325264453888,0.015319283120334148,0.06424792855978012,19361316.0,0.008295120671391487,0.004204301629215479,0.08321903645992279
448,0.015526973642408848,1.25e-05,0.0673796534538269,18875020.0,0.008503640070557594,0.004375867545604706,0.09324806183576584,0.0153085608035326,0.06409774720668793,19238526.0,0.008286996744573116,0.0041936649940907955,0.0831243172287941
449,0.015262598171830177,1.25e-05,0.06624192744493484,18417742.0,0.008244018070399761,0.004243622068315744,0.0899336114525795,0.015297372825443745,0.06414388120174408,19273052.0,0.008281565271317959,0.004192468244582415,0.08311400562524796
450,0.015335739590227604,1.25e-05,0.06672951579093933,18505758.0,0.008320803754031658,0.00426276121288538,0.09018701314926147,0.015289484523236752,0.06409842520952225,19228084.0,0.008276368491351604,0.0041867587715387344,0.08305726945400238
451,0.015951113775372505,6.25e-06,0.06896156072616577,18675354.0,0.008936767466366291,0.004536096937954426,0.09468833357095718,0.01529255136847496,0.06394514441490173,19104596.0,0.008279363624751568,0.004182263743132353,0.08301321417093277
452,0.015084998682141304,6.25e-06,0.06588410586118698,18203702.0,0.008071784861385822,0.004138145130127668,0.08943307399749756,0.015299558639526367,0.06386204063892365,19040554.0,0.008286923170089722,0.004183146171271801,0.08302076905965805
453,0.014951039105653763,6.25e-06,0.06500287353992462,18207778.0,0.007940495386719704,0.004083437379449606,0.08781284838914871,0.015279014594852924,0.06392566114664078,19090310.0,0.008270105347037315,0.00417702179402113,0.08297406882047653
454,0.014880225993692875,6.25e-06,0.06487016379833221,18208400.0,0.007873255759477615,0.004049940966069698,0.08870100975036621,0.015263251960277557,0.06399404257535934,19142184.0,0.008258560672402382,0.004173516761511564,0.08294929563999176
455,0.015274221077561378,6.25e-06,0.0658327117562294,18371318.0,0.008269185200333595,0.004212916828691959,0.09112630039453506,0.015290418639779091,0.0639888346195221,19142584.0,0.008285853080451488,0.00418821070343256,0.0830676406621933
456,0.015581725165247917,6.25e-06,0.06777386367321014,18758050.0,0.008579989895224571,0.0043919822201132774,0.0912904292345047,0.0152538837864995,0.06406351923942566,19191416.0,0.008254573680460453,0.004173428751528263,0.08294713497161865
457,0.015143375843763351,6.25e-06,0.06537800282239914,18267694.0,0.008143557235598564,0.004170136991888285,0.08967594802379608,0.015266845934092999,0.0640045702457428,19146136.0,0.008268015459179878,0.004178381059318781,0.08298033475875854
458,0.015028907917439938,6.25e-06,0.06566763669252396,18280606.0,0.00803194846957922,0.00411366717889905,0.09045212715864182,0.015241026878356934,0.06404157727956772,19165214.0,0.008245933800935745,0.0041671022772789,0.08289240300655365
459,0.015057722106575966,3.125e-06,0.06568753719329834,18341162.0,0.008063116110861301,0.004147854167968035,0.09031543880701065,0.015241331420838833,0.06406666338443756,19187724.0,0.008247499354183674,0.004169300198554993,0.0829136073589325
460,0.014890538528561592,3.125e-06,0.06574535369873047,18433304.0,0.007897274568676949,0.004091452341526747,0.08935774862766266,0.015233324840664864,0.06401312351226807,19140062.0,0.008240505121648312,0.004163007251918316,0.08285870403051376
461,0.015306607820093632,3.125e-06,0.0665302723646164,18336580.0,0.008313572034239769,0.0042411875911056995,0.09106700122356415,0.015255209058523178,0.06404665857553482,19182410.0,0.008262240327894688,0.0041775181889534,0.082981176674366
462,0.014885547570884228,3.125e-06,0.06494369357824326,18247022.0,0.007893890142440796,0.004061151761561632,0.08837717026472092,0.015240466222167015,0.06408006697893143,19199610.0,0.008249799720942974,0.004171172622591257,0.08292961865663528
463,0.015521662309765816,1.5625e-06,0.06739535927772522,18663118.0,0.008531693369150162,0.004355205688625574,0.09313417226076126,0.015249881893396378,0.06415281444787979,19264866.0,0.00826022494584322,0.004180325660854578,0.08300892263650894
464,0.01554842945188284,1.5625e-06,0.06722322106361389,18457050.0,0.008559128269553185,0.004364730790257454,0.09152067452669144,0.015242630615830421,0.06411463767290115,19230266.0,0.008253529667854309,0.004174852278083563,0.08296249806880951
465,0.01521206647157669,1.5625e-06,0.06649193912744522,18472616.0,0.00822320207953453,0.004227753262966871,0.09156579524278641,0.015224999748170376,0.0640098825097084,19134442.0,0.008236491121351719,0.0041604614816606045,0.08283820748329163
466,0.015244065783917904,1.5625e-06,0.06607802212238312,18581562.0,0.008255600929260254,0.004239007830619812,0.08981557190418243,0.015234646387398243,0.06401568651199341,19147430.0,0.008246323093771935,0.004166807513684034,0.08289067447185516
467,0.015190208330750465,7.8125e-07,0.06640361994504929,18447264.0,0.008201955817639828,0.004219688009470701,0.08964666724205017,0.015227600000798702,0.063972607254982,19108262.0,0.008239486254751682,0.0041610258631408215,0.08284062892198563
468,0.015176016837358475,7.8125e-07,0.06633390486240387,18422410.0,0.008187911473214626,0.004187107086181641,0.09082311391830444,0.015233753249049187,0.0639970451593399,19132568.0,0.008245746605098248,0.00416579470038414,0.08288140594959259
469,0.015298595651984215,7.8125e-07,0.0668616071343422,18476258.0,0.00831078365445137,0.0042632571421563625,0.09073568135499954,0.015228628180921078,0.06399329006671906,19125238.0,0.008241014555096626,0.004162701312452555,0.08285541832447052
470,0.01482586469501257,7.8125e-07,0.06484851986169815,18254260.0,0.007838395424187183,0.004020287189632654,0.08937285840511322,0.015216842293739319,0.06394921243190765,19081584.0,0.008229541592299938,0.0041540516540408134,0.08278267085552216
471,0.015509323216974735,3.90625e-07,0.06727553904056549,18509268.0,0.00852209609001875,0.004356863908469677,0.0921115055680275,0.01521193329244852,0.06392264366149902,19057160.0,0.008224808610975742,0.00415017269551754,0.08274978399276733
472,0.01535456720739603,3.90625e-07,0.06657727807760239,18521414.0,0.008367428556084633,0.004272094927728176,0.09145090728998184,0.015224844217300415,0.06397956609725952,19112130.0,0.008237754926085472,0.004160247277468443,0.08283493667840958
473,0.0151474978774786,3.90625e-07,0.06571218371391296,18591734.0,0.008160500787198544,0.00419063912704587,0.09097184240818024,0.015229927375912666,0.06401168555021286,19141282.0,0.008242988958954811,0.004164637997746468,0.082872673869133
474,0.014956857077777386,3.90625e-07,0.06505241245031357,18284566.0,0.007970170117914677,0.004082534462213516,0.08916860818862915,0.015231243334710598,0.06404081732034683,19165170.0,0.008244696073234081,0.004166766069829464,0.08289171010255814
475,0.015149914659559727,1.953125e-07,0.06603570282459259,18393078.0,0.008163389749825,0.004189585335552692,0.09010332822799683,0.015224873088300228,0.06400712579488754,19134110.0,0.00823839008808136,0.004161679185926914,0.08284851163625717
476,0.01522905845195055,1.953125e-07,0.06664618849754333,18551486.0,0.008242598734796047,0.004223824944347143,0.09191113710403442,0.015231620520353317,0.06403254717588425,19159266.0,0.008245187811553478,0.004166759550571442,0.08289122581481934
477,0.015414886176586151,1.953125e-07,0.06746804714202881,18497768.0,0.008428498171269894,0.0043261293321847916,0.09263283759355545,0.015223922207951546,0.0639888122677803,19119396.0,0.008237584494054317,0.004160510841757059,0.08283793181180954
478,0.015503008849918842,1.953125e-07,0.06697534769773483,18516432.0,0.008516727946698666,0.004340029787272215,0.09326305240392685,0.015231793746352196,0.06402625888586044,19154894.0,0.008245553821325302,0.00416676327586174,0.08289104700088501
479,0.015138482674956322,1e-07,0.06599128246307373,18346752.0,0.00815228559076786,0.004182689357548952,0.09001420438289642,0.015233822166919708,0.06404594331979752,19171784.0,0.00824766792356968,0.004168789368122816,0.08290869742631912
480,0.01518004946410656,1e-07,0.06651762127876282,18440884.0,0.008193941786885262,0.00418635131791234,0.09155979752540588,0.015220006927847862,0.06398149579763412,19110508.0,0.008233911357820034,0.004157981835305691,0.08281687647104263
481,0.015319603495299816,1e-07,0.06688622385263443,18463586.0,0.008333519101142883,0.0042814938351511955,0.09008682519197464,0.015223630703985691,0.06399344652891159,19122946.0,0.00823755469173193,0.004160672891885042,0.08283954113721848
