"FullName","Length","LastWriteTime"
"D:\HoChePing\北科大_碩班_AI學程\期刊研究\使用LSTM模型預測福壽雞隻重量\Code程式碼\LSTM_TransferLearning_SolarEnergy\.gitignore","1346","2026/6/8 下午 04:47:12"
"D:\HoChePing\北科大_碩班_AI學程\期刊研究\使用LSTM模型預測福壽雞隻重量\Code程式碼\LSTM_TransferLearning_SolarEnergy\bagging.sh","456","2024/11/4 下午 06:42:14"
"D:\HoChePing\北科大_碩班_AI學程\期刊研究\使用LSTM模型預測福壽雞隻重量\Code程式碼\LSTM_TransferLearning_SolarEnergy\Ensemble.py","4902","2024/12/25 下午 05:12:14"
"D:\HoChePing\北科大_碩班_AI學程\期刊研究\使用LSTM模型預測福壽雞隻重量\Code程式碼\LSTM_TransferLearning_SolarEnergy\main.py","36683","2025/6/28 下午 04:41:53"
"D:\HoChePing\北科大_碩班_AI學程\期刊研究\使用LSTM模型預測福壽雞隻重量\Code程式碼\LSTM_TransferLearning_SolarEnergy\noise_injection.sh","521","2024/11/4 下午 06:42:15"
"D:\HoChePing\北科大_碩班_AI學程\期刊研究\使用LSTM模型預測福壽雞隻重量\Code程式碼\LSTM_TransferLearning_SolarEnergy\project_file_manifest.csv","0","2026/7/19 下午 08:57:07"
"D:\HoChePing\北科大_碩班_AI學程\期刊研究\使用LSTM模型預測福壽雞隻重量\Code程式碼\LSTM_TransferLearning_SolarEnergy\README.md","1030","2024/11/4 下午 06:42:14"
"D:\HoChePing\北科大_碩班_AI學程\期刊研究\使用LSTM模型預測福壽雞隻重量\Code程式碼\LSTM_TransferLearning_SolarEnergy\train_all.sh","329","2024/11/4 下午 06:42:17"
"D:\HoChePing\北科大_碩班_AI學程\期刊研究\使用LSTM模型預測福壽雞隻重量\Code程式碼\LSTM_TransferLearning_SolarEnergy\transfer-learning-LSTM-master.zip","111980488","2024/11/11 上午 11:30:57"
"D:\HoChePing\北科大_碩班_AI學程\期刊研究\使用LSTM模型預測福壽雞隻重量\Code程式碼\LSTM_TransferLearning_SolarEnergy\transfer_learning.sh","496","2024/11/4 下午 06:42:17"
"D:\HoChePing\北科大_碩班_AI學程\期刊研究\使用LSTM模型預測福壽雞隻重量\Code程式碼\LSTM_TransferLearning_SolarEnergy\實驗設計.txt","174","2025/6/27 下午 04:59:09"
"D:\HoChePing\北科大_碩班_AI學程\期刊研究\使用LSTM模型預測福壽雞隻重量\Code程式碼\LSTM_TransferLearning_SolarEnergy\指令.txt","2155","2025/6/26 下午 01:25:15"
"D:\HoChePing\北科大_碩班_AI學程\期刊研究\使用LSTM模型預測福壽雞隻重量\Code程式碼\LSTM_TransferLearning_SolarEnergy\dataset\實驗 A：Plant1 → Plant2\source\Plant1第一號發電機組\X_test.pkl","26273","2025/6/20 下午 05:42:01"
"D:\HoChePing\北科大_碩班_AI學程\期刊研究\使用LSTM模型預測福壽雞隻重量\Code程式碼\LSTM_TransferLearning_SolarEnergy\dataset\實驗 A：Plant1 → Plant2\source\Plant1第一號發電機組\X_train.pkl","104602","2025/6/20 下午 05:42:01"
"D:\HoChePing\北科大_碩班_AI學程\期刊研究\使用LSTM模型預測福壽雞隻重量\Code程式碼\LSTM_TransferLearning_SolarEnergy\dataset\實驗 A：Plant1 → Plant2\source\Plant1第一號發電機組\y_test.pkl","5375","2025/6/20 下午 05:42:01"
"D:\HoChePing\北科大_碩班_AI學程\期刊研究\使用LSTM模型預測福壽雞隻重量\Code程式碼\LSTM_TransferLearning_SolarEnergy\dataset\實驗 A：Plant1 → Plant2\source\Plant1第一號發電機組\y_train.pkl","21039","2025/6/20 下午 05:42:01"
"D:\HoChePing\北科大_碩班_AI學程\期刊研究\使用LSTM模型預測福壽雞隻重量\Code程式碼\LSTM_TransferLearning_SolarEnergy\dataset\實驗 A：Plant1 → Plant2\target\Plant2第二號發電機組\X_test.pkl","104642","2025/6/24 下午 02:46:42"
"D:\HoChePing\北科大_碩班_AI學程\期刊研究\使用LSTM模型預測福壽雞隻重量\Code程式碼\LSTM_TransferLearning_SolarEnergy\dataset\實驗 A：Plant1 → Plant2\target\Plant2第二號發電機組\X_train.pkl","26233","2025/6/24 下午 02:46:42"
"D:\HoChePing\北科大_碩班_AI學程\期刊研究\使用LSTM模型預測福壽雞隻重量\Code程式碼\LSTM_TransferLearning_SolarEnergy\dataset\實驗 A：Plant1 → Plant2\target\Plant2第二號發電機組\y_test.pkl","21047","2025/6/24 下午 02:46:42"
"D:\HoChePing\北科大_碩班_AI學程\期刊研究\使用LSTM模型預測福壽雞隻重量\Code程式碼\LSTM_TransferLearning_SolarEnergy\dataset\實驗 A：Plant1 → Plant2\target\Plant2第二號發電機組\y_train.pkl","5367","2025/6/24 下午 02:46:42"
"D:\HoChePing\北科大_碩班_AI學程\期刊研究\使用LSTM模型預測福壽雞隻重量\Code程式碼\LSTM_TransferLearning_SolarEnergy\dataset\實驗 B：Plant2 → Plant1\source\Plant2第二號發電機組\X_test.pkl","26273","2025/6/27 下午 04:43:42"
"D:\HoChePing\北科大_碩班_AI學程\期刊研究\使用LSTM模型預測福壽雞隻重量\Code程式碼\LSTM_TransferLearning_SolarEnergy\dataset\實驗 B：Plant2 → Plant1\source\Plant2第二號發電機組\X_train.pkl","104602","2025/6/27 下午 04:43:42"
"D:\HoChePing\北科大_碩班_AI學程\期刊研究\使用LSTM模型預測福壽雞隻重量\Code程式碼\LSTM_TransferLearning_SolarEnergy\dataset\實驗 B：Plant2 → Plant1\source\Plant2第二號發電機組\y_test.pkl","5375","2025/6/27 下午 04:43:42"
"D:\HoChePing\北科大_碩班_AI學程\期刊研究\使用LSTM模型預測福壽雞隻重量\Code程式碼\LSTM_TransferLearning_SolarEnergy\dataset\實驗 B：Plant2 → Plant1\source\Plant2第二號發電機組\y_train.pkl","21039","2025/6/27 下午 04:43:42"
"D:\HoChePing\北科大_碩班_AI學程\期刊研究\使用LSTM模型預測福壽雞隻重量\Code程式碼\LSTM_TransferLearning_SolarEnergy\dataset\實驗 B：Plant2 → Plant1\target\Plant1第一號發電機組\X_test.pkl","104642","2025/6/27 下午 03:49:13"
"D:\HoChePing\北科大_碩班_AI學程\期刊研究\使用LSTM模型預測福壽雞隻重量\Code程式碼\LSTM_TransferLearning_SolarEnergy\dataset\實驗 B：Plant2 → Plant1\target\Plant1第一號發電機組\X_train.pkl","26233","2025/6/27 下午 03:49:13"
"D:\HoChePing\北科大_碩班_AI學程\期刊研究\使用LSTM模型預測福壽雞隻重量\Code程式碼\LSTM_TransferLearning_SolarEnergy\dataset\實驗 B：Plant2 → Plant1\target\Plant1第一號發電機組\y_test.pkl","21047","2025/6/27 下午 03:49:13"
"D:\HoChePing\北科大_碩班_AI學程\期刊研究\使用LSTM模型預測福壽雞隻重量\Code程式碼\LSTM_TransferLearning_SolarEnergy\dataset\實驗 B：Plant2 → Plant1\target\Plant1第一號發電機組\y_train.pkl","5367","2025/6/27 下午 03:49:13"
"D:\HoChePing\北科大_碩班_AI學程\期刊研究\使用LSTM模型預測福壽雞隻重量\Code程式碼\LSTM_TransferLearning_SolarEnergy\notebook\bagging.sh","239","2024/11/4 下午 06:42:15"
"D:\HoChePing\北科大_碩班_AI學程\期刊研究\使用LSTM模型預測福壽雞隻重量\Code程式碼\LSTM_TransferLearning_SolarEnergy\notebook\Without Transfer vs With Transfer.png","15788","2025/7/2 下午 06:50:50"
"D:\HoChePing\北科大_碩班_AI學程\期刊研究\使用LSTM模型預測福壽雞隻重量\Code程式碼\LSTM_TransferLearning_SolarEnergy\notebook\_bagging.py","4892","2024/12/25 下午 03:56:47"
"D:\HoChePing\北科大_碩班_AI學程\期刊研究\使用LSTM模型預測福壽雞隻重量\Code程式碼\LSTM_TransferLearning_SolarEnergy\notebook\特徵重要性－L1 正則化（Lasso Regression）.png","42008","2025/6/23 下午 07:04:56"
"D:\HoChePing\北科大_碩班_AI學程\期刊研究\使用LSTM模型預測福壽雞隻重量\Code程式碼\LSTM_TransferLearning_SolarEnergy\notebook\特徵重要性－Random Forest（隨機森林）.png","47825","2025/6/23 下午 07:05:33"
"D:\HoChePing\北科大_碩班_AI學程\期刊研究\使用LSTM模型預測福壽雞隻重量\Code程式碼\LSTM_TransferLearning_SolarEnergy\PackageList\environment.yml","8886","2025/2/20 下午 03:41:54"
"D:\HoChePing\北科大_碩班_AI學程\期刊研究\使用LSTM模型預測福壽雞隻重量\Code程式碼\LSTM_TransferLearning_SolarEnergy\PackageList\env_name.txt","7029","2024/11/4 下午 06:42:15"
"D:\HoChePing\北科大_碩班_AI學程\期刊研究\使用LSTM模型預測福壽雞隻重量\Code程式碼\LSTM_TransferLearning_SolarEnergy\PackageList\package-list.txt","20899","2025/2/19 下午 12:38:35"
"D:\HoChePing\北科大_碩班_AI學程\期刊研究\使用LSTM模型預測福壽雞隻重量\Code程式碼\LSTM_TransferLearning_SolarEnergy\preprocess\mv_pkl.sh","899","2024/12/2 下午 01:06:38"
"D:\HoChePing\北科大_碩班_AI學程\期刊研究\使用LSTM模型預測福壽雞隻重量\Code程式碼\LSTM_TransferLearning_SolarEnergy\preprocess\ResourceWebsite.txt","1009","2025/6/20 下午 04:32:09"
"D:\HoChePing\北科大_碩班_AI學程\期刊研究\使用LSTM模型預測福壽雞隻重量\Code程式碼\LSTM_TransferLearning_SolarEnergy\preprocess\shape.py","1381","2025/6/20 下午 05:39:01"
"D:\HoChePing\北科大_碩班_AI學程\期刊研究\使用LSTM模型預測福壽雞隻重量\Code程式碼\LSTM_TransferLearning_SolarEnergy\preprocess\Solar Power Generation Data.zip","1988756","2025/6/9 下午 02:56:16"
"D:\HoChePing\北科大_碩班_AI學程\期刊研究\使用LSTM模型預測福壽雞隻重量\Code程式碼\LSTM_TransferLearning_SolarEnergy\preprocess\★★ Solar Power Generation Data ★★ - 捷徑.lnk","2273","2025/6/20 下午 04:28:43"
"D:\HoChePing\北科大_碩班_AI學程\期刊研究\使用LSTM模型預測福壽雞隻重量\Code程式碼\LSTM_TransferLearning_SolarEnergy\preprocess\呈現資料切分.py","1218","2025/6/26 下午 02:31:33"
"D:\HoChePing\北科大_碩班_AI學程\期刊研究\使用LSTM模型預測福壽雞隻重量\Code程式碼\LSTM_TransferLearning_SolarEnergy\preprocess\資料切分.png","24553","2025/6/26 下午 02:31:36"
"D:\HoChePing\北科大_碩班_AI學程\期刊研究\使用LSTM模型預測福壽雞隻重量\Code程式碼\LSTM_TransferLearning_SolarEnergy\preprocess\Plant1第一號發電機組\Merged Plant1 Data.csv","403377","2025/6/27 下午 03:49:13"
"D:\HoChePing\北科大_碩班_AI學程\期刊研究\使用LSTM模型預測福壽雞隻重量\Code程式碼\LSTM_TransferLearning_SolarEnergy\preprocess\Plant1第一號發電機組\Plant1 LSTM Prediction (Combine Generation & Weather).ipynb","3607679","2025/6/27 下午 03:50:56"
"D:\HoChePing\北科大_碩班_AI學程\期刊研究\使用LSTM模型預測福壽雞隻重量\Code程式碼\LSTM_TransferLearning_SolarEnergy\preprocess\Plant1第一號發電機組\Plant_1_Generation_Data.csv","4839076","2020/8/18 下午 03:52:06"
"D:\HoChePing\北科大_碩班_AI學程\期刊研究\使用LSTM模型預測福壽雞隻重量\Code程式碼\LSTM_TransferLearning_SolarEnergy\preprocess\Plant1第一號發電機組\Plant_1_Weather_Sensor_Data.csv","287847","2020/8/18 下午 03:52:06"
"D:\HoChePing\北科大_碩班_AI學程\期刊研究\使用LSTM模型預測福壽雞隻重量\Code程式碼\LSTM_TransferLearning_SolarEnergy\preprocess\Plant1第一號發電機組\read.py","228","2025/6/27 下午 03:55:55"
"D:\HoChePing\北科大_碩班_AI學程\期刊研究\使用LSTM模型預測福壽雞隻重量\Code程式碼\LSTM_TransferLearning_SolarEnergy\preprocess\Plant1第一號發電機組\20%Training & 80%Testing\X_test.pkl","104642","2025/6/27 下午 03:49:13"
"D:\HoChePing\北科大_碩班_AI學程\期刊研究\使用LSTM模型預測福壽雞隻重量\Code程式碼\LSTM_TransferLearning_SolarEnergy\preprocess\Plant1第一號發電機組\20%Training & 80%Testing\X_train.pkl","26233","2025/6/27 下午 03:49:13"
"D:\HoChePing\北科大_碩班_AI學程\期刊研究\使用LSTM模型預測福壽雞隻重量\Code程式碼\LSTM_TransferLearning_SolarEnergy\preprocess\Plant1第一號發電機組\20%Training & 80%Testing\y_test.pkl","21047","2025/6/27 下午 03:49:13"
"D:\HoChePing\北科大_碩班_AI學程\期刊研究\使用LSTM模型預測福壽雞隻重量\Code程式碼\LSTM_TransferLearning_SolarEnergy\preprocess\Plant1第一號發電機組\20%Training & 80%Testing\y_train.pkl","5367","2025/6/27 下午 03:49:13"
"D:\HoChePing\北科大_碩班_AI學程\期刊研究\使用LSTM模型預測福壽雞隻重量\Code程式碼\LSTM_TransferLearning_SolarEnergy\preprocess\Plant1第一號發電機組\80%Training & 20%Testing\X_test.pkl","26273","2025/6/27 下午 03:49:13"
"D:\HoChePing\北科大_碩班_AI學程\期刊研究\使用LSTM模型預測福壽雞隻重量\Code程式碼\LSTM_TransferLearning_SolarEnergy\preprocess\Plant1第一號發電機組\80%Training & 20%Testing\X_train.pkl","104602","2025/6/27 下午 03:49:13"
"D:\HoChePing\北科大_碩班_AI學程\期刊研究\使用LSTM模型預測福壽雞隻重量\Code程式碼\LSTM_TransferLearning_SolarEnergy\preprocess\Plant1第一號發電機組\80%Training & 20%Testing\y_test.pkl","5375","2025/6/27 下午 03:49:13"
"D:\HoChePing\北科大_碩班_AI學程\期刊研究\使用LSTM模型預測福壽雞隻重量\Code程式碼\LSTM_TransferLearning_SolarEnergy\preprocess\Plant1第一號發電機組\80%Training & 20%Testing\y_train.pkl","21039","2025/6/27 下午 03:49:13"
"D:\HoChePing\北科大_碩班_AI學程\期刊研究\使用LSTM模型預測福壽雞隻重量\Code程式碼\LSTM_TransferLearning_SolarEnergy\preprocess\Plant1第一號發電機組\feature\AMBIENT_TEMPERATURE.png","116471","2025/6/27 下午 03:49:08"
"D:\HoChePing\北科大_碩班_AI學程\期刊研究\使用LSTM模型預測福壽雞隻重量\Code程式碼\LSTM_TransferLearning_SolarEnergy\preprocess\Plant1第一號發電機組\feature\DC_POWER.png","113973","2025/6/27 下午 03:49:09"
"D:\HoChePing\北科大_碩班_AI學程\期刊研究\使用LSTM模型預測福壽雞隻重量\Code程式碼\LSTM_TransferLearning_SolarEnergy\preprocess\Plant1第一號發電機組\feature\HOUR.png","108204","2025/6/27 下午 03:49:07"
"D:\HoChePing\北科大_碩班_AI學程\期刊研究\使用LSTM模型預測福壽雞隻重量\Code程式碼\LSTM_TransferLearning_SolarEnergy\preprocess\Plant1第一號發電機組\feature\IRRADIATION.png","112759","2025/6/27 下午 03:49:08"
"D:\HoChePing\北科大_碩班_AI學程\期刊研究\使用LSTM模型預測福壽雞隻重量\Code程式碼\LSTM_TransferLearning_SolarEnergy\preprocess\Plant1第一號發電機組\feature\MINUTE.png","30467","2025/6/27 下午 03:49:08"
"D:\HoChePing\北科大_碩班_AI學程\期刊研究\使用LSTM模型預測福壽雞隻重量\Code程式碼\LSTM_TransferLearning_SolarEnergy\preprocess\Plant1第一號發電機組\feature\MINUTES_PASS.png","100644","2025/6/27 下午 03:49:08"
"D:\HoChePing\北科大_碩班_AI學程\期刊研究\使用LSTM模型預測福壽雞隻重量\Code程式碼\LSTM_TransferLearning_SolarEnergy\preprocess\Plant1第一號發電機組\feature\MODULE_TEMPERATURE.png","119813","2025/6/27 下午 03:49:08"
"D:\HoChePing\北科大_碩班_AI學程\期刊研究\使用LSTM模型預測福壽雞隻重量\Code程式碼\LSTM_TransferLearning_SolarEnergy\preprocess\Plant1第一號發電機組\feature\TIME_COS.png","101076","2025/6/27 下午 03:49:08"
"D:\HoChePing\北科大_碩班_AI學程\期刊研究\使用LSTM模型預測福壽雞隻重量\Code程式碼\LSTM_TransferLearning_SolarEnergy\preprocess\Plant1第一號發電機組\feature\TIME_SIN.png","101468","2025/6/27 下午 03:49:08"
"D:\HoChePing\北科大_碩班_AI學程\期刊研究\使用LSTM模型預測福壽雞隻重量\Code程式碼\LSTM_TransferLearning_SolarEnergy\preprocess\Plant1第一號發電機組\model\best_model.hdf5","626000","2025/6/27 下午 03:50:03"
"D:\HoChePing\北科大_碩班_AI學程\期刊研究\使用LSTM模型預測福壽雞隻重量\Code程式碼\LSTM_TransferLearning_SolarEnergy\preprocess\Plant1第一號發電機組\預測結果圖\Plant1第一號發電機組\Ambient and Module Temperature.png","146243","2025/6/27 下午 03:49:07"
"D:\HoChePing\北科大_碩班_AI學程\期刊研究\使用LSTM模型預測福壽雞隻重量\Code程式碼\LSTM_TransferLearning_SolarEnergy\preprocess\Plant1第一號發電機組\預測結果圖\Plant1第一號發電機組\architecture.png","33445","2025/6/27 下午 03:49:21"
"D:\HoChePing\北科大_碩班_AI學程\期刊研究\使用LSTM模型預測福壽雞隻重量\Code程式碼\LSTM_TransferLearning_SolarEnergy\preprocess\Plant1第一號發電機組\預測結果圖\Plant1第一號發電機組\Correlation Heatmap.png","60469","2025/6/27 下午 03:49:05"
"D:\HoChePing\北科大_碩班_AI學程\期刊研究\使用LSTM模型預測福壽雞隻重量\Code程式碼\LSTM_TransferLearning_SolarEnergy\preprocess\Plant1第一號發電機組\預測結果圖\Plant1第一號發電機組\DC Power by Hour.png","78118","2025/6/27 下午 03:49:06"
"D:\HoChePing\北科大_碩班_AI學程\期刊研究\使用LSTM模型預測福壽雞隻重量\Code程式碼\LSTM_TransferLearning_SolarEnergy\preprocess\Plant1第一號發電機組\預測結果圖\Plant1第一號發電機組\DC Power Trend Over Time.png","88483","2025/6/27 下午 03:49:05"
"D:\HoChePing\北科大_碩班_AI學程\期刊研究\使用LSTM模型預測福壽雞隻重量\Code程式碼\LSTM_TransferLearning_SolarEnergy\preprocess\Plant1第一號發電機組\預測結果圖\Plant1第一號發電機組\DC_Power_LSTM Learning Curve.png","97416","2025/6/27 下午 03:50:08"
"D:\HoChePing\北科大_碩班_AI學程\期刊研究\使用LSTM模型預測福壽雞隻重量\Code程式碼\LSTM_TransferLearning_SolarEnergy\preprocess\Plant1第一號發電機組\預測結果圖\Plant1第一號發電機組\epoch_log.csv","15914","2025/6/27 下午 03:50:07"
"D:\HoChePing\北科大_碩班_AI學程\期刊研究\使用LSTM模型預測福壽雞隻重量\Code程式碼\LSTM_TransferLearning_SolarEnergy\preprocess\Plant1第一號發電機組\預測結果圖\Plant1第一號發電機組\Error Histogram.png","48953","2025/6/27 下午 03:50:12"
"D:\HoChePing\北科大_碩班_AI學程\期刊研究\使用LSTM模型預測福壽雞隻重量\Code程式碼\LSTM_TransferLearning_SolarEnergy\preprocess\Plant1第一號發電機組\預測結果圖\Plant1第一號發電機組\Feature Importance (Lasso).png","23718","2025/6/27 下午 03:49:12"
"D:\HoChePing\北科大_碩班_AI學程\期刊研究\使用LSTM模型預測福壽雞隻重量\Code程式碼\LSTM_TransferLearning_SolarEnergy\preprocess\Plant1第一號發電機組\預測結果圖\Plant1第一號發電機組\Feature Importance (Random Forest).png","22584","2025/6/27 下午 03:49:11"
"D:\HoChePing\北科大_碩班_AI學程\期刊研究\使用LSTM模型預測福壽雞隻重量\Code程式碼\LSTM_TransferLearning_SolarEnergy\preprocess\Plant1第一號發電機組\預測結果圖\Plant1第一號發電機組\Irradiation by Hour.png","68456","2025/6/27 下午 03:49:06"
"D:\HoChePing\北科大_碩班_AI學程\期刊研究\使用LSTM模型預測福壽雞隻重量\Code程式碼\LSTM_TransferLearning_SolarEnergy\preprocess\Plant1第一號發電機組\預測結果圖\Plant1第一號發電機組\log.txt","1732","2025/6/27 下午 03:50:12"
"D:\HoChePing\北科大_碩班_AI學程\期刊研究\使用LSTM模型預測福壽雞隻重量\Code程式碼\LSTM_TransferLearning_SolarEnergy\preprocess\Plant1第一號發電機組\預測結果圖\Plant1第一號發電機組\Temperature by Hour.png","101708","2025/6/27 下午 03:49:07"
"D:\HoChePing\北科大_碩班_AI學程\期刊研究\使用LSTM模型預測福壽雞隻重量\Code程式碼\LSTM_TransferLearning_SolarEnergy\preprocess\Plant1第一號發電機組\預測結果圖\Plant1第一號發電機組\TESTING prediction.png","199522","2025/6/27 下午 03:50:11"
"D:\HoChePing\北科大_碩班_AI學程\期刊研究\使用LSTM模型預測福壽雞隻重量\Code程式碼\LSTM_TransferLearning_SolarEnergy\preprocess\Plant1第一號發電機組\預測結果圖\Plant1第一號發電機組\TRAIN prediction.png","441486","2025/6/27 下午 03:50:10"
"D:\HoChePing\北科大_碩班_AI學程\期刊研究\使用LSTM模型預測福壽雞隻重量\Code程式碼\LSTM_TransferLearning_SolarEnergy\preprocess\Plant1第一號發電機組\預測結果圖\Plant1第一號發電機組\VALIDATION prediction.png","165304","2025/6/27 下午 03:50:11"
"D:\HoChePing\北科大_碩班_AI學程\期刊研究\使用LSTM模型預測福壽雞隻重量\Code程式碼\LSTM_TransferLearning_SolarEnergy\preprocess\Plant1第一號發電機組\預測結果圖\Plant1第一號發電機組\yy_plot.png","63062","2025/6/27 下午 03:50:12"
"D:\HoChePing\北科大_碩班_AI學程\期刊研究\使用LSTM模型預測福壽雞隻重量\Code程式碼\LSTM_TransferLearning_SolarEnergy\preprocess\Plant2第二號發電機組\Merged plant2 Data.csv","404010","2025/6/27 下午 04:43:42"
"D:\HoChePing\北科大_碩班_AI學程\期刊研究\使用LSTM模型預測福壽雞隻重量\Code程式碼\LSTM_TransferLearning_SolarEnergy\preprocess\Plant2第二號發電機組\Plant2 LSTM Prediction (Combine Generation & Weather).ipynb","3481316","2025/6/27 下午 04:44:18"
"D:\HoChePing\北科大_碩班_AI學程\期刊研究\使用LSTM模型預測福壽雞隻重量\Code程式碼\LSTM_TransferLearning_SolarEnergy\preprocess\Plant2第二號發電機組\Plant_2_Generation_Data.csv","5805157","2020/8/18 下午 03:52:06"
"D:\HoChePing\北科大_碩班_AI學程\期刊研究\使用LSTM模型預測福壽雞隻重量\Code程式碼\LSTM_TransferLearning_SolarEnergy\preprocess\Plant2第二號發電機組\Plant_2_Weather_Sensor_Data.csv","301443","2020/8/18 下午 03:52:08"
"D:\HoChePing\北科大_碩班_AI學程\期刊研究\使用LSTM模型預測福壽雞隻重量\Code程式碼\LSTM_TransferLearning_SolarEnergy\preprocess\Plant2第二號發電機組\read.py","229","2025/6/27 下午 04:46:34"
"D:\HoChePing\北科大_碩班_AI學程\期刊研究\使用LSTM模型預測福壽雞隻重量\Code程式碼\LSTM_TransferLearning_SolarEnergy\preprocess\Plant2第二號發電機組\20%Training & 80%Testing\X_test.pkl","104642","2025/6/27 下午 04:43:42"
"D:\HoChePing\北科大_碩班_AI學程\期刊研究\使用LSTM模型預測福壽雞隻重量\Code程式碼\LSTM_TransferLearning_SolarEnergy\preprocess\Plant2第二號發電機組\20%Training & 80%Testing\X_train.pkl","26233","2025/6/27 下午 04:43:42"
"D:\HoChePing\北科大_碩班_AI學程\期刊研究\使用LSTM模型預測福壽雞隻重量\Code程式碼\LSTM_TransferLearning_SolarEnergy\preprocess\Plant2第二號發電機組\20%Training & 80%Testing\y_test.pkl","21047","2025/6/27 下午 04:43:42"
"D:\HoChePing\北科大_碩班_AI學程\期刊研究\使用LSTM模型預測福壽雞隻重量\Code程式碼\LSTM_TransferLearning_SolarEnergy\preprocess\Plant2第二號發電機組\20%Training & 80%Testing\y_train.pkl","5367","2025/6/27 下午 04:43:42"
"D:\HoChePing\北科大_碩班_AI學程\期刊研究\使用LSTM模型預測福壽雞隻重量\Code程式碼\LSTM_TransferLearning_SolarEnergy\preprocess\Plant2第二號發電機組\80%Training & 20%Testing\X_test.pkl","26273","2025/6/27 下午 04:43:42"
"D:\HoChePing\北科大_碩班_AI學程\期刊研究\使用LSTM模型預測福壽雞隻重量\Code程式碼\LSTM_TransferLearning_SolarEnergy\preprocess\Plant2第二號發電機組\80%Training & 20%Testing\X_train.pkl","104602","2025/6/27 下午 04:43:42"
"D:\HoChePing\北科大_碩班_AI學程\期刊研究\使用LSTM模型預測福壽雞隻重量\Code程式碼\LSTM_TransferLearning_SolarEnergy\preprocess\Plant2第二號發電機組\80%Training & 20%Testing\y_test.pkl","5375","2025/6/27 下午 04:43:42"
"D:\HoChePing\北科大_碩班_AI學程\期刊研究\使用LSTM模型預測福壽雞隻重量\Code程式碼\LSTM_TransferLearning_SolarEnergy\preprocess\Plant2第二號發電機組\80%Training & 20%Testing\y_train.pkl","21039","2025/6/27 下午 04:43:42"
"D:\HoChePing\北科大_碩班_AI學程\期刊研究\使用LSTM模型預測福壽雞隻重量\Code程式碼\LSTM_TransferLearning_SolarEnergy\preprocess\Plant2第二號發電機組\feature\AMBIENT_TEMPERATURE.png","119253","2025/6/27 下午 04:43:39"
"D:\HoChePing\北科大_碩班_AI學程\期刊研究\使用LSTM模型預測福壽雞隻重量\Code程式碼\LSTM_TransferLearning_SolarEnergy\preprocess\Plant2第二號發電機組\feature\DC_POWER.png","110153","2025/6/27 下午 04:43:39"
"D:\HoChePing\北科大_碩班_AI學程\期刊研究\使用LSTM模型預測福壽雞隻重量\Code程式碼\LSTM_TransferLearning_SolarEnergy\preprocess\Plant2第二號發電機組\feature\HOUR.png","104841","2025/6/27 下午 04:43:38"
"D:\HoChePing\北科大_碩班_AI學程\期刊研究\使用LSTM模型預測福壽雞隻重量\Code程式碼\LSTM_TransferLearning_SolarEnergy\preprocess\Plant2第二號發電機組\feature\IRRADIATION.png","111421","2025/6/27 下午 04:43:38"
"D:\HoChePing\北科大_碩班_AI學程\期刊研究\使用LSTM模型預測福壽雞隻重量\Code程式碼\LSTM_TransferLearning_SolarEnergy\preprocess\Plant2第二號發電機組\feature\MINUTE.png","25663","2025/6/27 下午 04:43:38"
"D:\HoChePing\北科大_碩班_AI學程\期刊研究\使用LSTM模型預測福壽雞隻重量\Code程式碼\LSTM_TransferLearning_SolarEnergy\preprocess\Plant2第二號發電機組\feature\MINUTES_PASS.png","96929","2025/6/27 下午 04:43:38"
"D:\HoChePing\北科大_碩班_AI學程\期刊研究\使用LSTM模型預測福壽雞隻重量\Code程式碼\LSTM_TransferLearning_SolarEnergy\preprocess\Plant2第二號發電機組\feature\MODULE_TEMPERATURE.png","118301","2025/6/27 下午 04:43:39"
"D:\HoChePing\北科大_碩班_AI學程\期刊研究\使用LSTM模型預測福壽雞隻重量\Code程式碼\LSTM_TransferLearning_SolarEnergy\preprocess\Plant2第二號發電機組\feature\TIME_COS.png","102139","2025/6/27 下午 04:43:38"
"D:\HoChePing\北科大_碩班_AI學程\期刊研究\使用LSTM模型預測福壽雞隻重量\Code程式碼\LSTM_TransferLearning_SolarEnergy\preprocess\Plant2第二號發電機組\feature\TIME_SIN.png","100851","2025/6/27 下午 04:43:38"
"D:\HoChePing\北科大_碩班_AI學程\期刊研究\使用LSTM模型預測福壽雞隻重量\Code程式碼\LSTM_TransferLearning_SolarEnergy\preprocess\Plant2第二號發電機組\model\best_model.hdf5","626000","2025/6/27 下午 04:43:58"
"D:\HoChePing\北科大_碩班_AI學程\期刊研究\使用LSTM模型預測福壽雞隻重量\Code程式碼\LSTM_TransferLearning_SolarEnergy\preprocess\Plant2第二號發電機組\預測結果圖\Plant2第二號發電機組\Ambient and Module Temperature.png","146241","2025/6/27 下午 04:43:37"
"D:\HoChePing\北科大_碩班_AI學程\期刊研究\使用LSTM模型預測福壽雞隻重量\Code程式碼\LSTM_TransferLearning_SolarEnergy\preprocess\Plant2第二號發電機組\預測結果圖\Plant2第二號發電機組\architecture.png","33445","2025/6/27 下午 04:43:47"
"D:\HoChePing\北科大_碩班_AI學程\期刊研究\使用LSTM模型預測福壽雞隻重量\Code程式碼\LSTM_TransferLearning_SolarEnergy\preprocess\Plant2第二號發電機組\預測結果圖\Plant2第二號發電機組\Correlation Heatmap.png","63385","2025/6/27 下午 04:43:36"
"D:\HoChePing\北科大_碩班_AI學程\期刊研究\使用LSTM模型預測福壽雞隻重量\Code程式碼\LSTM_TransferLearning_SolarEnergy\preprocess\Plant2第二號發電機組\預測結果圖\Plant2第二號發電機組\DC Power by Hour.png","78702","2025/6/27 下午 04:43:37"
"D:\HoChePing\北科大_碩班_AI學程\期刊研究\使用LSTM模型預測福壽雞隻重量\Code程式碼\LSTM_TransferLearning_SolarEnergy\preprocess\Plant2第二號發電機組\預測結果圖\Plant2第二號發電機組\DC Power Trend Over Time.png","80670","2025/6/27 下午 04:43:37"
"D:\HoChePing\北科大_碩班_AI學程\期刊研究\使用LSTM模型預測福壽雞隻重量\Code程式碼\LSTM_TransferLearning_SolarEnergy\preprocess\Plant2第二號發電機組\預測結果圖\Plant2第二號發電機組\DC_Power_LSTM Learning Curve.png","97048","2025/6/27 下午 04:44:00"
"D:\HoChePing\北科大_碩班_AI學程\期刊研究\使用LSTM模型預測福壽雞隻重量\Code程式碼\LSTM_TransferLearning_SolarEnergy\preprocess\Plant2第二號發電機組\預測結果圖\Plant2第二號發電機組\epoch_log.csv","5952","2025/6/27 下午 04:44:00"
"D:\HoChePing\北科大_碩班_AI學程\期刊研究\使用LSTM模型預測福壽雞隻重量\Code程式碼\LSTM_TransferLearning_SolarEnergy\preprocess\Plant2第二號發電機組\預測結果圖\Plant2第二號發電機組\Error Histogram.png","46158","2025/6/27 下午 04:44:02"
"D:\HoChePing\北科大_碩班_AI學程\期刊研究\使用LSTM模型預測福壽雞隻重量\Code程式碼\LSTM_TransferLearning_SolarEnergy\preprocess\Plant2第二號發電機組\預測結果圖\Plant2第二號發電機組\Feature Importance (Lasso).png","23929","2025/6/27 下午 04:43:41"
"D:\HoChePing\北科大_碩班_AI學程\期刊研究\使用LSTM模型預測福壽雞隻重量\Code程式碼\LSTM_TransferLearning_SolarEnergy\preprocess\Plant2第二號發電機組\預測結果圖\Plant2第二號發電機組\Feature Importance (Random Forest).png","22625","2025/6/27 下午 04:43:40"
"D:\HoChePing\北科大_碩班_AI學程\期刊研究\使用LSTM模型預測福壽雞隻重量\Code程式碼\LSTM_TransferLearning_SolarEnergy\preprocess\Plant2第二號發電機組\預測結果圖\Plant2第二號發電機組\Irradiation by Hour.png","73765","2025/6/27 下午 04:43:37"
"D:\HoChePing\北科大_碩班_AI學程\期刊研究\使用LSTM模型預測福壽雞隻重量\Code程式碼\LSTM_TransferLearning_SolarEnergy\preprocess\Plant2第二號發電機組\預測結果圖\Plant2第二號發電機組\log.txt","1732","2025/6/27 下午 04:44:02"
"D:\HoChePing\北科大_碩班_AI學程\期刊研究\使用LSTM模型預測福壽雞隻重量\Code程式碼\LSTM_TransferLearning_SolarEnergy\preprocess\Plant2第二號發電機組\預測結果圖\Plant2第二號發電機組\Temperature by Hour.png","111837","2025/6/27 下午 04:43:38"
"D:\HoChePing\北科大_碩班_AI學程\期刊研究\使用LSTM模型預測福壽雞隻重量\Code程式碼\LSTM_TransferLearning_SolarEnergy\preprocess\Plant2第二號發電機組\預測結果圖\Plant2第二號發電機組\TESTING prediction.png","189347","2025/6/27 下午 04:44:02"
"D:\HoChePing\北科大_碩班_AI學程\期刊研究\使用LSTM模型預測福壽雞隻重量\Code程式碼\LSTM_TransferLearning_SolarEnergy\preprocess\Plant2第二號發電機組\預測結果圖\Plant2第二號發電機組\TRAIN prediction.png","398808","2025/6/27 下午 04:44:01"
"D:\HoChePing\北科大_碩班_AI學程\期刊研究\使用LSTM模型預測福壽雞隻重量\Code程式碼\LSTM_TransferLearning_SolarEnergy\preprocess\Plant2第二號發電機組\預測結果圖\Plant2第二號發電機組\VALIDATION prediction.png","167719","2025/6/27 下午 04:44:02"
"D:\HoChePing\北科大_碩班_AI學程\期刊研究\使用LSTM模型預測福壽雞隻重量\Code程式碼\LSTM_TransferLearning_SolarEnergy\preprocess\Plant2第二號發電機組\預測結果圖\Plant2第二號發電機組\yy_plot.png","60901","2025/6/27 下午 04:44:02"
"D:\HoChePing\北科大_碩班_AI學程\期刊研究\使用LSTM模型預測福壽雞隻重量\Code程式碼\LSTM_TransferLearning_SolarEnergy\reports\LearningRate_Comparison.py","2757","2024/12/20 下午 06:45:36"
"D:\HoChePing\北科大_碩班_AI學程\期刊研究\使用LSTM模型預測福壽雞隻重量\Code程式碼\LSTM_TransferLearning_SolarEnergy\reports\Metrics_Comparison.py","6281","2025/6/25 下午 04:17:28"
"D:\HoChePing\北科大_碩班_AI學程\期刊研究\使用LSTM模型預測福壽雞隻重量\Code程式碼\LSTM_TransferLearning_SolarEnergy\reports\minimum of val_loss & lr.py","660","2024/11/18 上午 11:25:19"
"D:\HoChePing\北科大_碩班_AI學程\期刊研究\使用LSTM模型預測福壽雞隻重量\Code程式碼\LSTM_TransferLearning_SolarEnergy\reports\output.py","13055","2025/2/19 下午 01:22:09"
"D:\HoChePing\北科大_碩班_AI學程\期刊研究\使用LSTM模型預測福壽雞隻重量\Code程式碼\LSTM_TransferLearning_SolarEnergy\reports\Read_JSON_Data.py","958","2024/11/18 上午 11:34:15"
"D:\HoChePing\北科大_碩班_AI學程\期刊研究\使用LSTM模型預測福壽雞隻重量\Code程式碼\LSTM_TransferLearning_SolarEnergy\reports\Record_args_while_training.py","703","2024/12/10 上午 11:06:46"
"D:\HoChePing\北科大_碩班_AI學程\期刊研究\使用LSTM模型預測福壽雞隻重量\Code程式碼\LSTM_TransferLearning_SolarEnergy\reports\util.py","15168","2025/2/19 下午 01:29:34"
"D:\HoChePing\北科大_碩班_AI學程\期刊研究\使用LSTM模型預測福壽雞隻重量\Code程式碼\LSTM_TransferLearning_SolarEnergy\reports\已條狀圖來表達模型性能.ipynb","76532","2024/12/22 下午 04:08:57"
"D:\HoChePing\北科大_碩班_AI學程\期刊研究\使用LSTM模型預測福壽雞隻重量\Code程式碼\LSTM_TransferLearning_SolarEnergy\reports\Solar Energy Result\實驗 A：Plant1 → Plant2\analysis\（Pre-Train預訓練）Plant1第一號發電機組\AMBIENT_TEMPERATURE_boxplot.png","23990","2025/6/26 下午 01:30:21"
"D:\HoChePing\北科大_碩班_AI學程\期刊研究\使用LSTM模型預測福壽雞隻重量\Code程式碼\LSTM_TransferLearning_SolarEnergy\reports\Solar Energy Result\實驗 A：Plant1 → Plant2\analysis\（Pre-Train預訓練）Plant1第一號發電機組\IRRADIATION_boxplot.png","22466","2025/6/26 下午 01:30:21"
"D:\HoChePing\北科大_碩班_AI學程\期刊研究\使用LSTM模型預測福壽雞隻重量\Code程式碼\LSTM_TransferLearning_SolarEnergy\reports\Solar Energy Result\實驗 A：Plant1 → Plant2\analysis\（Pre-Train預訓練）Plant1第一號發電機組\MODULE_TEMPERATURE_boxplot.png","24110","2025/6/26 下午 01:30:21"
"D:\HoChePing\北科大_碩班_AI學程\期刊研究\使用LSTM模型預測福壽雞隻重量\Code程式碼\LSTM_TransferLearning_SolarEnergy\reports\Solar Energy Result\實驗 A：Plant1 → Plant2\analysis\（Pre-Train預訓練）Plant1第一號發電機組\pred_vs_true.csv","75460","2025/6/26 下午 01:30:21"
"D:\HoChePing\北科大_碩班_AI學程\期刊研究\使用LSTM模型預測福壽雞隻重量\Code程式碼\LSTM_TransferLearning_SolarEnergy\reports\Solar Energy Result\實驗 A：Plant1 → Plant2\analysis\（Pre-Train預訓練）Plant1第一號發電機組\Residual Analysis.csv","380251","2025/6/26 下午 01:30:21"
"D:\HoChePing\北科大_碩班_AI學程\期刊研究\使用LSTM模型預測福壽雞隻重量\Code程式碼\LSTM_TransferLearning_SolarEnergy\reports\Solar Energy Result\實驗 A：Plant1 → Plant2\analysis\（Pre-Train預訓練）Plant1第一號發電機組\residual_difference_summary.csv","526","2025/6/26 下午 01:30:21"
"D:\HoChePing\北科大_碩班_AI學程\期刊研究\使用LSTM模型預測福壽雞隻重量\Code程式碼\LSTM_TransferLearning_SolarEnergy\reports\Solar Energy Result\實驗 A：Plant1 → Plant2\analysis\（Pre-Train預訓練）Plant1第一號發電機組\TIME_COS_boxplot.png","19422","2025/6/26 下午 01:30:21"
"D:\HoChePing\北科大_碩班_AI學程\期刊研究\使用LSTM模型預測福壽雞隻重量\Code程式碼\LSTM_TransferLearning_SolarEnergy\reports\Solar Energy Result\實驗 A：Plant1 → Plant2\analysis\（Pre-Train預訓練）Plant1第一號發電機組\TIME_SIN_boxplot.png","18109","2025/6/26 下午 01:30:21"
"D:\HoChePing\北科大_碩班_AI學程\期刊研究\使用LSTM模型預測福壽雞隻重量\Code程式碼\LSTM_TransferLearning_SolarEnergy\reports\Solar Energy Result\實驗 A：Plant1 → Plant2\analysis\（Target未使用遷移學習）Plant2第二號發電機組\AMBIENT_TEMPERATURE_boxplot.png","23689","2025/6/26 下午 02:54:14"
"D:\HoChePing\北科大_碩班_AI學程\期刊研究\使用LSTM模型預測福壽雞隻重量\Code程式碼\LSTM_TransferLearning_SolarEnergy\reports\Solar Energy Result\實驗 A：Plant1 → Plant2\analysis\（Target未使用遷移學習）Plant2第二號發電機組\best_model.hdf5","610544","2025/6/24 下午 03:50:38"
"D:\HoChePing\北科大_碩班_AI學程\期刊研究\使用LSTM模型預測福壽雞隻重量\Code程式碼\LSTM_TransferLearning_SolarEnergy\reports\Solar Energy Result\實驗 A：Plant1 → Plant2\analysis\（Target未使用遷移學習）Plant2第二號發電機組\IRRADIATION_boxplot.png","22574","2025/6/26 下午 02:54:14"
"D:\HoChePing\北科大_碩班_AI學程\期刊研究\使用LSTM模型預測福壽雞隻重量\Code程式碼\LSTM_TransferLearning_SolarEnergy\reports\Solar Energy Result\實驗 A：Plant1 → Plant2\analysis\（Target未使用遷移學習）Plant2第二號發電機組\MODULE_TEMPERATURE_boxplot.png","24244","2025/6/26 下午 02:54:14"
"D:\HoChePing\北科大_碩班_AI學程\期刊研究\使用LSTM模型預測福壽雞隻重量\Code程式碼\LSTM_TransferLearning_SolarEnergy\reports\Solar Energy Result\實驗 A：Plant1 → Plant2\analysis\（Target未使用遷移學習）Plant2第二號發電機組\pred_vs_true.csv","74824","2025/6/26 下午 02:54:14"
"D:\HoChePing\北科大_碩班_AI學程\期刊研究\使用LSTM模型預測福壽雞隻重量\Code程式碼\LSTM_TransferLearning_SolarEnergy\reports\Solar Energy Result\實驗 A：Plant1 → Plant2\analysis\（Target未使用遷移學習）Plant2第二號發電機組\Residual Analysis.csv","379771","2025/6/26 下午 02:54:14"
"D:\HoChePing\北科大_碩班_AI學程\期刊研究\使用LSTM模型預測福壽雞隻重量\Code程式碼\LSTM_TransferLearning_SolarEnergy\reports\Solar Energy Result\實驗 A：Plant1 → Plant2\analysis\（Target未使用遷移學習）Plant2第二號發電機組\residual_difference_summary.csv","526","2025/6/26 下午 02:54:14"
"D:\HoChePing\北科大_碩班_AI學程\期刊研究\使用LSTM模型預測福壽雞隻重量\Code程式碼\LSTM_TransferLearning_SolarEnergy\reports\Solar Energy Result\實驗 A：Plant1 → Plant2\analysis\（Target未使用遷移學習）Plant2第二號發電機組\TIME_COS_boxplot.png","19434","2025/6/26 下午 02:54:14"
"D:\HoChePing\北科大_碩班_AI學程\期刊研究\使用LSTM模型預測福壽雞隻重量\Code程式碼\LSTM_TransferLearning_SolarEnergy\reports\Solar Energy Result\實驗 A：Plant1 → Plant2\analysis\（Target未使用遷移學習）Plant2第二號發電機組\TIME_SIN_boxplot.png","18088","2025/6/26 下午 02:54:14"
"D:\HoChePing\北科大_碩班_AI學程\期刊研究\使用LSTM模型預測福壽雞隻重量\Code程式碼\LSTM_TransferLearning_SolarEnergy\reports\Solar Energy Result\實驗 A：Plant1 → Plant2\analysis\（Target未使用遷移學習）Plant2第二號發電機組\X_test.pkl","104642","2025/6/24 下午 02:46:42"
"D:\HoChePing\北科大_碩班_AI學程\期刊研究\使用LSTM模型預測福壽雞隻重量\Code程式碼\LSTM_TransferLearning_SolarEnergy\reports\Solar Energy Result\實驗 A：Plant1 → Plant2\analysis\（Target未使用遷移學習）Plant2第二號發電機組\X_train.pkl","26233","2025/6/24 下午 02:46:42"
"D:\HoChePing\北科大_碩班_AI學程\期刊研究\使用LSTM模型預測福壽雞隻重量\Code程式碼\LSTM_TransferLearning_SolarEnergy\reports\Solar Energy Result\實驗 A：Plant1 → Plant2\analysis\（Target未使用遷移學習）Plant2第二號發電機組\y_test.pkl","21047","2025/6/24 下午 02:46:42"
"D:\HoChePing\北科大_碩班_AI學程\期刊研究\使用LSTM模型預測福壽雞隻重量\Code程式碼\LSTM_TransferLearning_SolarEnergy\reports\Solar Energy Result\實驗 A：Plant1 → Plant2\analysis\（Target未使用遷移學習）Plant2第二號發電機組\y_train.pkl","5367","2025/6/24 下午 02:46:42"
"D:\HoChePing\北科大_碩班_AI學程\期刊研究\使用LSTM模型預測福壽雞隻重量\Code程式碼\LSTM_TransferLearning_SolarEnergy\reports\Solar Energy Result\實驗 A：Plant1 → Plant2\analysis\（TransferLearning遷移學習）Plant2第二號發電機組\AMBIENT_TEMPERATURE_boxplot.png","23671","2025/6/26 下午 02:57:11"
"D:\HoChePing\北科大_碩班_AI學程\期刊研究\使用LSTM模型預測福壽雞隻重量\Code程式碼\LSTM_TransferLearning_SolarEnergy\reports\Solar Energy Result\實驗 A：Plant1 → Plant2\analysis\（TransferLearning遷移學習）Plant2第二號發電機組\IRRADIATION_boxplot.png","22750","2025/6/26 下午 02:57:11"
"D:\HoChePing\北科大_碩班_AI學程\期刊研究\使用LSTM模型預測福壽雞隻重量\Code程式碼\LSTM_TransferLearning_SolarEnergy\reports\Solar Energy Result\實驗 A：Plant1 → Plant2\analysis\（TransferLearning遷移學習）Plant2第二號發電機組\MODULE_TEMPERATURE_boxplot.png","24113","2025/6/26 下午 02:57:11"
"D:\HoChePing\北科大_碩班_AI學程\期刊研究\使用LSTM模型預測福壽雞隻重量\Code程式碼\LSTM_TransferLearning_SolarEnergy\reports\Solar Energy Result\實驗 A：Plant1 → Plant2\analysis\（TransferLearning遷移學習）Plant2第二號發電機組\Plant1第一號發電機組_transferred_best_model.hdf5","610664","2025/6/24 下午 05:38:25"
"D:\HoChePing\北科大_碩班_AI學程\期刊研究\使用LSTM模型預測福壽雞隻重量\Code程式碼\LSTM_TransferLearning_SolarEnergy\reports\Solar Energy Result\實驗 A：Plant1 → Plant2\analysis\（TransferLearning遷移學習）Plant2第二號發電機組\pred_vs_true.csv","76216","2025/6/26 下午 02:57:10"
"D:\HoChePing\北科大_碩班_AI學程\期刊研究\使用LSTM模型預測福壽雞隻重量\Code程式碼\LSTM_TransferLearning_SolarEnergy\reports\Solar Energy Result\實驗 A：Plant1 → Plant2\analysis\（TransferLearning遷移學習）Plant2第二號發電機組\Residual Analysis.csv","381035","2025/6/26 下午 02:57:10"
"D:\HoChePing\北科大_碩班_AI學程\期刊研究\使用LSTM模型預測福壽雞隻重量\Code程式碼\LSTM_TransferLearning_SolarEnergy\reports\Solar Energy Result\實驗 A：Plant1 → Plant2\analysis\（TransferLearning遷移學習）Plant2第二號發電機組\residual_difference_summary.csv","533","2025/6/26 下午 02:57:11"
"D:\HoChePing\北科大_碩班_AI學程\期刊研究\使用LSTM模型預測福壽雞隻重量\Code程式碼\LSTM_TransferLearning_SolarEnergy\reports\Solar Energy Result\實驗 A：Plant1 → Plant2\analysis\（TransferLearning遷移學習）Plant2第二號發電機組\TIME_COS_boxplot.png","19449","2025/6/26 下午 02:57:11"
"D:\HoChePing\北科大_碩班_AI學程\期刊研究\使用LSTM模型預測福壽雞隻重量\Code程式碼\LSTM_TransferLearning_SolarEnergy\reports\Solar Energy Result\實驗 A：Plant1 → Plant2\analysis\（TransferLearning遷移學習）Plant2第二號發電機組\TIME_SIN_boxplot.png","18104","2025/6/26 下午 02:57:11"
"D:\HoChePing\北科大_碩班_AI學程\期刊研究\使用LSTM模型預測福壽雞隻重量\Code程式碼\LSTM_TransferLearning_SolarEnergy\reports\Solar Energy Result\實驗 A：Plant1 → Plant2\analysis\（TransferLearning遷移學習）Plant2第二號發電機組\X_test.pkl","104642","2025/6/24 下午 02:46:42"
"D:\HoChePing\北科大_碩班_AI學程\期刊研究\使用LSTM模型預測福壽雞隻重量\Code程式碼\LSTM_TransferLearning_SolarEnergy\reports\Solar Energy Result\實驗 A：Plant1 → Plant2\analysis\（TransferLearning遷移學習）Plant2第二號發電機組\X_train.pkl","26233","2025/6/24 下午 02:46:42"
"D:\HoChePing\北科大_碩班_AI學程\期刊研究\使用LSTM模型預測福壽雞隻重量\Code程式碼\LSTM_TransferLearning_SolarEnergy\reports\Solar Energy Result\實驗 A：Plant1 → Plant2\analysis\（TransferLearning遷移學習）Plant2第二號發電機組\y_test.pkl","21047","2025/6/24 下午 02:46:42"
"D:\HoChePing\北科大_碩班_AI學程\期刊研究\使用LSTM模型預測福壽雞隻重量\Code程式碼\LSTM_TransferLearning_SolarEnergy\reports\Solar Energy Result\實驗 A：Plant1 → Plant2\analysis\（TransferLearning遷移學習）Plant2第二號發電機組\y_train.pkl","5367","2025/6/24 下午 02:46:42"
"D:\HoChePing\北科大_碩班_AI學程\期刊研究\使用LSTM模型預測福壽雞隻重量\Code程式碼\LSTM_TransferLearning_SolarEnergy\reports\Solar Energy Result\實驗 A：Plant1 → Plant2\comparison\DTW特徵非類似度(曼哈頓距離).csv","75","2025/6/26 下午 02:02:00"
"D:\HoChePing\北科大_碩班_AI學程\期刊研究\使用LSTM模型預測福壽雞隻重量\Code程式碼\LSTM_TransferLearning_SolarEnergy\reports\Solar Energy Result\實驗 A：Plant1 → Plant2\comparison\MAE Improvement.csv","84","2025/6/26 下午 02:01:58"
"D:\HoChePing\北科大_碩班_AI學程\期刊研究\使用LSTM模型預測福壽雞隻重量\Code程式碼\LSTM_TransferLearning_SolarEnergy\reports\Solar Energy Result\實驗 A：Plant1 → Plant2\comparison\MAE Improvement.png","43595","2025/6/26 下午 02:01:58"
"D:\HoChePing\北科大_碩班_AI學程\期刊研究\使用LSTM模型預測福壽雞隻重量\Code程式碼\LSTM_TransferLearning_SolarEnergy\reports\Solar Energy Result\實驗 A：Plant1 → Plant2\comparison\MAE Rank.csv","42","2025/6/26 下午 02:01:58"
"D:\HoChePing\北科大_碩班_AI學程\期刊研究\使用LSTM模型預測福壽雞隻重量\Code程式碼\LSTM_TransferLearning_SolarEnergy\reports\Solar Energy Result\實驗 A：Plant1 → Plant2\comparison\MAE.csv","80","2025/6/26 下午 02:01:58"
"D:\HoChePing\北科大_碩班_AI學程\期刊研究\使用LSTM模型預測福壽雞隻重量\Code程式碼\LSTM_TransferLearning_SolarEnergy\reports\Solar Energy Result\實驗 A：Plant1 → Plant2\comparison\Metrics Improvement.csv","351","2025/6/26 下午 02:01:58"
"D:\HoChePing\北科大_碩班_AI學程\期刊研究\使用LSTM模型預測福壽雞隻重量\Code程式碼\LSTM_TransferLearning_SolarEnergy\reports\Solar Energy Result\實驗 A：Plant1 → Plant2\comparison\MSE Improvement.csv","84","2025/6/26 下午 02:01:58"
"D:\HoChePing\北科大_碩班_AI學程\期刊研究\使用LSTM模型預測福壽雞隻重量\Code程式碼\LSTM_TransferLearning_SolarEnergy\reports\Solar Energy Result\實驗 A：Plant1 → Plant2\comparison\MSE Improvement.png","45227","2025/6/26 下午 02:01:58"
"D:\HoChePing\北科大_碩班_AI學程\期刊研究\使用LSTM模型預測福壽雞隻重量\Code程式碼\LSTM_TransferLearning_SolarEnergy\reports\Solar Energy Result\實驗 A：Plant1 → Plant2\comparison\MSE Rank.csv","42","2025/6/26 下午 02:01:58"
"D:\HoChePing\北科大_碩班_AI學程\期刊研究\使用LSTM模型預測福壽雞隻重量\Code程式碼\LSTM_TransferLearning_SolarEnergy\reports\Solar Energy Result\實驗 A：Plant1 → Plant2\comparison\MSE.csv","80","2025/6/26 下午 02:01:58"
"D:\HoChePing\北科大_碩班_AI學程\期刊研究\使用LSTM模型預測福壽雞隻重量\Code程式碼\LSTM_TransferLearning_SolarEnergy\reports\Solar Energy Result\實驗 A：Plant1 → Plant2\comparison\Transfer-Learning 遷移學習（不凍結權重）.xlsx","10596","2025/6/25 下午 03:47:45"
"D:\HoChePing\北科大_碩班_AI學程\期刊研究\使用LSTM模型預測福壽雞隻重量\Code程式碼\LSTM_TransferLearning_SolarEnergy\reports\Solar Energy Result\實驗 A：Plant1 → Plant2\comparison\特徵相似性與MAE的關係圖.png","68333","2025/6/26 下午 02:02:00"
"D:\HoChePing\北科大_碩班_AI學程\期刊研究\使用LSTM模型預測福壽雞隻重量\Code程式碼\LSTM_TransferLearning_SolarEnergy\reports\Solar Energy Result\實驗 A：Plant1 → Plant2\comparison\特徵相似性與MSE改進程度的關係圖.png","55403","2025/6/26 下午 02:02:00"
"D:\HoChePing\北科大_碩班_AI學程\期刊研究\使用LSTM模型預測福壽雞隻重量\Code程式碼\LSTM_TransferLearning_SolarEnergy\reports\Solar Energy Result\實驗 A：Plant1 → Plant2\comparison\特徵相似性與MSE的關係圖.png","75778","2025/6/26 下午 02:02:00"
"D:\HoChePing\北科大_碩班_AI學程\期刊研究\使用LSTM模型預測福壽雞隻重量\Code程式碼\LSTM_TransferLearning_SolarEnergy\reports\Solar Energy Result\實驗 A：Plant1 → Plant2\pre-train\nb_batch20 training_parameters.txt","204","2025/6/23 下午 03:56:03"
"D:\HoChePing\北科大_碩班_AI學程\期刊研究\使用LSTM模型預測福壽雞隻重量\Code程式碼\LSTM_TransferLearning_SolarEnergy\reports\Solar Energy Result\實驗 A：Plant1 → Plant2\pre-train\Plant1第一號發電機組\architecture.png","50778","2025/6/23 下午 03:54:56"
"D:\HoChePing\北科大_碩班_AI學程\期刊研究\使用LSTM模型預測福壽雞隻重量\Code程式碼\LSTM_TransferLearning_SolarEnergy\reports\Solar Energy Result\實驗 A：Plant1 → Plant2\pre-train\Plant1第一號發電機組\best_model.hdf5","610544","2025/6/23 下午 03:55:30"
"D:\HoChePing\北科大_碩班_AI學程\期刊研究\使用LSTM模型預測福壽雞隻重量\Code程式碼\LSTM_TransferLearning_SolarEnergy\reports\Solar Energy Result\實驗 A：Plant1 → Plant2\pre-train\Plant1第一號發電機組\epoch_log.csv","40502","2025/6/23 下午 03:55:32"
"D:\HoChePing\北科大_碩班_AI學程\期刊研究\使用LSTM模型預測福壽雞隻重量\Code程式碼\LSTM_TransferLearning_SolarEnergy\reports\Solar Energy Result\實驗 A：Plant1 → Plant2\pre-train\Plant1第一號發電機組\Error Histogram.png","42852","2025/6/23 下午 03:55:34"
"D:\HoChePing\北科大_碩班_AI學程\期刊研究\使用LSTM模型預測福壽雞隻重量\Code程式碼\LSTM_TransferLearning_SolarEnergy\reports\Solar Energy Result\實驗 A：Plant1 → Plant2\pre-train\Plant1第一號發電機組\log.txt","1454","2025/6/23 下午 03:55:33"
"D:\HoChePing\北科大_碩班_AI學程\期刊研究\使用LSTM模型預測福壽雞隻重量\Code程式碼\LSTM_TransferLearning_SolarEnergy\reports\Solar Energy Result\實驗 A：Plant1 → Plant2\pre-train\Plant1第一號發電機組\params.json","460","2025/6/23 下午 03:55:33"
"D:\HoChePing\北科大_碩班_AI學程\期刊研究\使用LSTM模型預測福壽雞隻重量\Code程式碼\LSTM_TransferLearning_SolarEnergy\reports\Solar Energy Result\實驗 A：Plant1 → Plant2\pre-train\Plant1第一號發電機組\Plant1第一號發電機組 Learning Curve.png","125650","2025/6/23 下午 03:55:32"
"D:\HoChePing\北科大_碩班_AI學程\期刊研究\使用LSTM模型預測福壽雞隻重量\Code程式碼\LSTM_TransferLearning_SolarEnergy\reports\Solar Energy Result\實驗 A：Plant1 → Plant2\pre-train\Plant1第一號發電機組\prediction.png","238257","2025/6/23 下午 03:55:33"
"D:\HoChePing\北科大_碩班_AI學程\期刊研究\使用LSTM模型預測福壽雞隻重量\Code程式碼\LSTM_TransferLearning_SolarEnergy\reports\Solar Energy Result\實驗 A：Plant1 → Plant2\pre-train\Plant1第一號發電機組\Residual Plot.png","73331","2025/6/23 下午 03:55:34"
"D:\HoChePing\北科大_碩班_AI學程\期刊研究\使用LSTM模型預測福壽雞隻重量\Code程式碼\LSTM_TransferLearning_SolarEnergy\reports\Solar Energy Result\實驗 A：Plant1 → Plant2\pre-train\Plant1第一號發電機組\yy_plot.png","74518","2025/6/23 下午 03:55:33"
"D:\HoChePing\北科大_碩班_AI學程\期刊研究\使用LSTM模型預測福壽雞隻重量\Code程式碼\LSTM_TransferLearning_SolarEnergy\reports\Solar Energy Result\實驗 A：Plant1 → Plant2\pre-train\Plant1第一號發電機組\螢幕擷取畫面 2025-06-23 155947.png","134661","2025/6/23 下午 04:00:08"
"D:\HoChePing\北科大_碩班_AI學程\期刊研究\使用LSTM模型預測福壽雞隻重量\Code程式碼\LSTM_TransferLearning_SolarEnergy\reports\Solar Energy Result\實驗 A：Plant1 → Plant2\transfer-learning (Freeze)\nb_batch20 training_parameters.txt","1017","2025/6/24 下午 06:04:17"
"D:\HoChePing\北科大_碩班_AI學程\期刊研究\使用LSTM模型預測福壽雞隻重量\Code程式碼\LSTM_TransferLearning_SolarEnergy\reports\Solar Energy Result\實驗 A：Plant1 → Plant2\transfer-learning (Freeze)\Plant2第二號發電機組\Plant1第一號發電機組\architecture.png","50778","2025/6/24 下午 06:04:16"
"D:\HoChePing\北科大_碩班_AI學程\期刊研究\使用LSTM模型預測福壽雞隻重量\Code程式碼\LSTM_TransferLearning_SolarEnergy\reports\Solar Energy Result\實驗 A：Plant1 → Plant2\transfer-learning (Freeze)\Plant2第二號發電機組\Plant1第一號發電機組\epoch_log.csv","3380","2025/6/24 下午 06:04:19"
"D:\HoChePing\北科大_碩班_AI學程\期刊研究\使用LSTM模型預測福壽雞隻重量\Code程式碼\LSTM_TransferLearning_SolarEnergy\reports\Solar Energy Result\實驗 A：Plant1 → Plant2\transfer-learning (Freeze)\Plant2第二號發電機組\Plant1第一號發電機組\Error Histogram.png","44764","2025/6/24 下午 06:04:24"
"D:\HoChePing\北科大_碩班_AI學程\期刊研究\使用LSTM模型預測福壽雞隻重量\Code程式碼\LSTM_TransferLearning_SolarEnergy\reports\Solar Energy Result\實驗 A：Plant1 → Plant2\transfer-learning (Freeze)\Plant2第二號發電機組\Plant1第一號發電機組\log.txt","1455","2025/6/24 下午 06:04:24"
"D:\HoChePing\北科大_碩班_AI學程\期刊研究\使用LSTM模型預測福壽雞隻重量\Code程式碼\LSTM_TransferLearning_SolarEnergy\reports\Solar Energy Result\實驗 A：Plant1 → Plant2\transfer-learning (Freeze)\Plant2第二號發電機組\Plant1第一號發電機組\params.json","423","2025/6/24 下午 06:04:24"
"D:\HoChePing\北科大_碩班_AI學程\期刊研究\使用LSTM模型預測福壽雞隻重量\Code程式碼\LSTM_TransferLearning_SolarEnergy\reports\Solar Energy Result\實驗 A：Plant1 → Plant2\transfer-learning (Freeze)\Plant2第二號發電機組\Plant1第一號發電機組\Plant1第一號發電機組_transferred_best_model.hdf5","227920","2025/6/24 下午 06:04:18"
"D:\HoChePing\北科大_碩班_AI學程\期刊研究\使用LSTM模型預測福壽雞隻重量\Code程式碼\LSTM_TransferLearning_SolarEnergy\reports\Solar Energy Result\實驗 A：Plant1 → Plant2\transfer-learning (Freeze)\Plant2第二號發電機組\Plant1第一號發電機組\Plant2第二號發電機組 Learning Curve.png","98828","2025/6/24 下午 06:04:20"
"D:\HoChePing\北科大_碩班_AI學程\期刊研究\使用LSTM模型預測福壽雞隻重量\Code程式碼\LSTM_TransferLearning_SolarEnergy\reports\Solar Energy Result\實驗 A：Plant1 → Plant2\transfer-learning (Freeze)\Plant2第二號發電機組\Plant1第一號發電機組\prediction.png","407637","2025/6/24 下午 06:04:23"
"D:\HoChePing\北科大_碩班_AI學程\期刊研究\使用LSTM模型預測福壽雞隻重量\Code程式碼\LSTM_TransferLearning_SolarEnergy\reports\Solar Energy Result\實驗 A：Plant1 → Plant2\transfer-learning (Freeze)\Plant2第二號發電機組\Plant1第一號發電機組\Residual Plot.png","87026","2025/6/24 下午 06:04:24"
"D:\HoChePing\北科大_碩班_AI學程\期刊研究\使用LSTM模型預測福壽雞隻重量\Code程式碼\LSTM_TransferLearning_SolarEnergy\reports\Solar Energy Result\實驗 A：Plant1 → Plant2\transfer-learning (Freeze)\Plant2第二號發電機組\Plant1第一號發電機組\yy_plot.png","81633","2025/6/24 下午 06:04:24"
"D:\HoChePing\北科大_碩班_AI學程\期刊研究\使用LSTM模型預測福壽雞隻重量\Code程式碼\LSTM_TransferLearning_SolarEnergy\reports\Solar Energy Result\實驗 A：Plant1 → Plant2\transfer-learning (Unfreeze)\nb_batch20 training_parameters.txt","204","2025/6/24 下午 05:38:11"
"D:\HoChePing\北科大_碩班_AI學程\期刊研究\使用LSTM模型預測福壽雞隻重量\Code程式碼\LSTM_TransferLearning_SolarEnergy\reports\Solar Energy Result\實驗 A：Plant1 → Plant2\transfer-learning (Unfreeze)\Plant2第二號發電機組\Plant1第一號發電機組\architecture.png","50778","2025/6/24 下午 05:38:10"
"D:\HoChePing\北科大_碩班_AI學程\期刊研究\使用LSTM模型預測福壽雞隻重量\Code程式碼\LSTM_TransferLearning_SolarEnergy\reports\Solar Energy Result\實驗 A：Plant1 → Plant2\transfer-learning (Unfreeze)\Plant2第二號發電機組\Plant1第一號發電機組\epoch_log.csv","29277","2025/6/24 下午 05:38:26"
"D:\HoChePing\北科大_碩班_AI學程\期刊研究\使用LSTM模型預測福壽雞隻重量\Code程式碼\LSTM_TransferLearning_SolarEnergy\reports\Solar Energy Result\實驗 A：Plant1 → Plant2\transfer-learning (Unfreeze)\Plant2第二號發電機組\Plant1第一號發電機組\Error Histogram.png","46561","2025/6/24 下午 05:38:31"
"D:\HoChePing\北科大_碩班_AI學程\期刊研究\使用LSTM模型預測福壽雞隻重量\Code程式碼\LSTM_TransferLearning_SolarEnergy\reports\Solar Energy Result\實驗 A：Plant1 → Plant2\transfer-learning (Unfreeze)\Plant2第二號發電機組\Plant1第一號發電機組\log.txt","1454","2025/6/24 下午 05:38:30"
"D:\HoChePing\北科大_碩班_AI學程\期刊研究\使用LSTM模型預測福壽雞隻重量\Code程式碼\LSTM_TransferLearning_SolarEnergy\reports\Solar Energy Result\實驗 A：Plant1 → Plant2\transfer-learning (Unfreeze)\Plant2第二號發電機組\Plant1第一號發電機組\params.json","424","2025/6/24 下午 05:38:30"
"D:\HoChePing\北科大_碩班_AI學程\期刊研究\使用LSTM模型預測福壽雞隻重量\Code程式碼\LSTM_TransferLearning_SolarEnergy\reports\Solar Energy Result\實驗 A：Plant1 → Plant2\transfer-learning (Unfreeze)\Plant2第二號發電機組\Plant1第一號發電機組\Plant1第一號發電機組_transferred_best_model.hdf5","610664","2025/6/24 下午 05:38:25"
"D:\HoChePing\北科大_碩班_AI學程\期刊研究\使用LSTM模型預測福壽雞隻重量\Code程式碼\LSTM_TransferLearning_SolarEnergy\reports\Solar Energy Result\實驗 A：Plant1 → Plant2\transfer-learning (Unfreeze)\Plant2第二號發電機組\Plant1第一號發電機組\Plant2第二號發電機組 Learning Curve.png","110008","2025/6/24 下午 05:38:26"
"D:\HoChePing\北科大_碩班_AI學程\期刊研究\使用LSTM模型預測福壽雞隻重量\Code程式碼\LSTM_TransferLearning_SolarEnergy\reports\Solar Energy Result\實驗 A：Plant1 → Plant2\transfer-learning (Unfreeze)\Plant2第二號發電機組\Plant1第一號發電機組\prediction.png","405541","2025/6/24 下午 05:38:30"
"D:\HoChePing\北科大_碩班_AI學程\期刊研究\使用LSTM模型預測福壽雞隻重量\Code程式碼\LSTM_TransferLearning_SolarEnergy\reports\Solar Energy Result\實驗 A：Plant1 → Plant2\transfer-learning (Unfreeze)\Plant2第二號發電機組\Plant1第一號發電機組\Residual Plot.png","130179","2025/6/24 下午 05:38:30"
"D:\HoChePing\北科大_碩班_AI學程\期刊研究\使用LSTM模型預測福壽雞隻重量\Code程式碼\LSTM_TransferLearning_SolarEnergy\reports\Solar Energy Result\實驗 A：Plant1 → Plant2\transfer-learning (Unfreeze)\Plant2第二號發電機組\Plant1第一號發電機組\yy_plot.png","102476","2025/6/24 下午 05:38:30"
"D:\HoChePing\北科大_碩班_AI學程\期刊研究\使用LSTM模型預測福壽雞隻重量\Code程式碼\LSTM_TransferLearning_SolarEnergy\reports\Solar Energy Result\實驗 A：Plant1 → Plant2\without-transfer-learning\nb_batch20 training_parameters.txt","204","2025/6/24 下午 03:50:08"
"D:\HoChePing\北科大_碩班_AI學程\期刊研究\使用LSTM模型預測福壽雞隻重量\Code程式碼\LSTM_TransferLearning_SolarEnergy\reports\Solar Energy Result\實驗 A：Plant1 → Plant2\without-transfer-learning\Plant2第二號發電機組\architecture.png","50778","2025/6/24 下午 03:50:07"
"D:\HoChePing\北科大_碩班_AI學程\期刊研究\使用LSTM模型預測福壽雞隻重量\Code程式碼\LSTM_TransferLearning_SolarEnergy\reports\Solar Energy Result\實驗 A：Plant1 → Plant2\without-transfer-learning\Plant2第二號發電機組\best_model.hdf5","610544","2025/6/24 下午 03:50:38"
"D:\HoChePing\北科大_碩班_AI學程\期刊研究\使用LSTM模型預測福壽雞隻重量\Code程式碼\LSTM_TransferLearning_SolarEnergy\reports\Solar Energy Result\實驗 A：Plant1 → Plant2\without-transfer-learning\Plant2第二號發電機組\epoch_log.csv","60116","2025/6/24 下午 03:50:39"
"D:\HoChePing\北科大_碩班_AI學程\期刊研究\使用LSTM模型預測福壽雞隻重量\Code程式碼\LSTM_TransferLearning_SolarEnergy\reports\Solar Energy Result\實驗 A：Plant1 → Plant2\without-transfer-learning\Plant2第二號發電機組\Error Histogram.png","42816","2025/6/24 下午 03:50:43"
"D:\HoChePing\北科大_碩班_AI學程\期刊研究\使用LSTM模型預測福壽雞隻重量\Code程式碼\LSTM_TransferLearning_SolarEnergy\reports\Solar Energy Result\實驗 A：Plant1 → Plant2\without-transfer-learning\Plant2第二號發電機組\log.txt","1454","2025/6/24 下午 03:50:43"
"D:\HoChePing\北科大_碩班_AI學程\期刊研究\使用LSTM模型預測福壽雞隻重量\Code程式碼\LSTM_TransferLearning_SolarEnergy\reports\Solar Energy Result\實驗 A：Plant1 → Plant2\without-transfer-learning\Plant2第二號發電機組\params.json","430","2025/6/24 下午 03:50:43"
"D:\HoChePing\北科大_碩班_AI學程\期刊研究\使用LSTM模型預測福壽雞隻重量\Code程式碼\LSTM_TransferLearning_SolarEnergy\reports\Solar Energy Result\實驗 A：Plant1 → Plant2\without-transfer-learning\Plant2第二號發電機組\Plant2第二號發電機組 Learning Curve.png","152383","2025/6/24 下午 03:50:39"
"D:\HoChePing\北科大_碩班_AI學程\期刊研究\使用LSTM模型預測福壽雞隻重量\Code程式碼\LSTM_TransferLearning_SolarEnergy\reports\Solar Energy Result\實驗 A：Plant1 → Plant2\without-transfer-learning\Plant2第二號發電機組\prediction.png","383411","2025/6/24 下午 03:50:43"
"D:\HoChePing\北科大_碩班_AI學程\期刊研究\使用LSTM模型預測福壽雞隻重量\Code程式碼\LSTM_TransferLearning_SolarEnergy\reports\Solar Energy Result\實驗 A：Plant1 → Plant2\without-transfer-learning\Plant2第二號發電機組\Residual Plot.png","117210","2025/6/24 下午 03:50:43"
"D:\HoChePing\北科大_碩班_AI學程\期刊研究\使用LSTM模型預測福壽雞隻重量\Code程式碼\LSTM_TransferLearning_SolarEnergy\reports\Solar Energy Result\實驗 A：Plant1 → Plant2\without-transfer-learning\Plant2第二號發電機組\yy_plot.png","98166","2025/6/24 下午 03:50:43"
"D:\HoChePing\北科大_碩班_AI學程\期刊研究\使用LSTM模型預測福壽雞隻重量\Code程式碼\LSTM_TransferLearning_SolarEnergy\reports\Solar Energy Result\實驗 A：Plant1 → Plant2\without-transfer-learning\Plant2第二號發電機組\螢幕擷取畫面 2025-06-24 162951.png","138336","2025/6/24 下午 04:30:01"
"D:\HoChePing\北科大_碩班_AI學程\期刊研究\使用LSTM模型預測福壽雞隻重量\Code程式碼\LSTM_TransferLearning_SolarEnergy\reports\Solar Energy Result\實驗 A：Plant1 → Plant2\歷程記錄\pre-train_20250623-1\nb_batch20 training_parameters.txt","1018","2025/6/23 下午 03:00:11"
"D:\HoChePing\北科大_碩班_AI學程\期刊研究\使用LSTM模型預測福壽雞隻重量\Code程式碼\LSTM_TransferLearning_SolarEnergy\reports\Solar Energy Result\實驗 A：Plant1 → Plant2\歷程記錄\pre-train_20250623-1\Plant1第一號發電機組\architecture.png","52252","2025/6/23 下午 03:12:08"
"D:\HoChePing\北科大_碩班_AI學程\期刊研究\使用LSTM模型預測福壽雞隻重量\Code程式碼\LSTM_TransferLearning_SolarEnergy\reports\Solar Energy Result\實驗 A：Plant1 → Plant2\歷程記錄\pre-train_20250623-1\Plant1第一號發電機組\best_model.hdf5","610544","2025/6/23 下午 03:00:41"
"D:\HoChePing\北科大_碩班_AI學程\期刊研究\使用LSTM模型預測福壽雞隻重量\Code程式碼\LSTM_TransferLearning_SolarEnergy\reports\Solar Energy Result\實驗 A：Plant1 → Plant2\歷程記錄\pre-train_20250623-1\Plant1第一號發電機組\epoch_log.csv","34790","2025/6/23 下午 03:00:43"
"D:\HoChePing\北科大_碩班_AI學程\期刊研究\使用LSTM模型預測福壽雞隻重量\Code程式碼\LSTM_TransferLearning_SolarEnergy\reports\Solar Energy Result\實驗 A：Plant1 → Plant2\歷程記錄\pre-train_20250623-1\Plant1第一號發電機組\Error Histogram.png","43958","2025/6/23 下午 03:00:45"
"D:\HoChePing\北科大_碩班_AI學程\期刊研究\使用LSTM模型預測福壽雞隻重量\Code程式碼\LSTM_TransferLearning_SolarEnergy\reports\Solar Energy Result\實驗 A：Plant1 → Plant2\歷程記錄\pre-train_20250623-1\Plant1第一號發電機組\log.txt","1511","2025/6/23 下午 03:00:45"
"D:\HoChePing\北科大_碩班_AI學程\期刊研究\使用LSTM模型預測福壽雞隻重量\Code程式碼\LSTM_TransferLearning_SolarEnergy\reports\Solar Energy Result\實驗 A：Plant1 → Plant2\歷程記錄\pre-train_20250623-1\Plant1第一號發電機組\params.json","524","2025/6/23 下午 03:00:45"
"D:\HoChePing\北科大_碩班_AI學程\期刊研究\使用LSTM模型預測福壽雞隻重量\Code程式碼\LSTM_TransferLearning_SolarEnergy\reports\Solar Energy Result\實驗 A：Plant1 → Plant2\歷程記錄\pre-train_20250623-1\Plant1第一號發電機組\Plant1第一號發電機組 Learning Curve.png","125499","2025/6/23 下午 03:00:43"
"D:\HoChePing\北科大_碩班_AI學程\期刊研究\使用LSTM模型預測福壽雞隻重量\Code程式碼\LSTM_TransferLearning_SolarEnergy\reports\Solar Energy Result\實驗 A：Plant1 → Plant2\歷程記錄\pre-train_20250623-1\Plant1第一號發電機組\prediction.png","236361","2025/6/23 下午 03:00:44"
"D:\HoChePing\北科大_碩班_AI學程\期刊研究\使用LSTM模型預測福壽雞隻重量\Code程式碼\LSTM_TransferLearning_SolarEnergy\reports\Solar Energy Result\實驗 A：Plant1 → Plant2\歷程記錄\pre-train_20250623-1\Plant1第一號發電機組\Residual Plot.png","72836","2025/6/23 下午 03:00:45"
"D:\HoChePing\北科大_碩班_AI學程\期刊研究\使用LSTM模型預測福壽雞隻重量\Code程式碼\LSTM_TransferLearning_SolarEnergy\reports\Solar Energy Result\實驗 A：Plant1 → Plant2\歷程記錄\pre-train_20250623-1\Plant1第一號發電機組\yy_plot.png","74725","2025/6/23 下午 03:00:44"
"D:\HoChePing\北科大_碩班_AI學程\期刊研究\使用LSTM模型預測福壽雞隻重量\Code程式碼\LSTM_TransferLearning_SolarEnergy\reports\Solar Energy Result\實驗 A：Plant1 → Plant2\歷程記錄\pre-train_20250623-2\nb_batch20 training_parameters.txt","204","2025/6/23 下午 03:43:54"
"D:\HoChePing\北科大_碩班_AI學程\期刊研究\使用LSTM模型預測福壽雞隻重量\Code程式碼\LSTM_TransferLearning_SolarEnergy\reports\Solar Energy Result\實驗 A：Plant1 → Plant2\歷程記錄\pre-train_20250623-2\Plant1第一號發電機組\architecture.png","50778","2025/6/23 下午 03:43:54"
"D:\HoChePing\北科大_碩班_AI學程\期刊研究\使用LSTM模型預測福壽雞隻重量\Code程式碼\LSTM_TransferLearning_SolarEnergy\reports\Solar Energy Result\實驗 A：Plant1 → Plant2\歷程記錄\pre-train_20250623-2\Plant1第一號發電機組\best_model.hdf5","610544","2025/6/23 下午 03:44:23"
"D:\HoChePing\北科大_碩班_AI學程\期刊研究\使用LSTM模型預測福壽雞隻重量\Code程式碼\LSTM_TransferLearning_SolarEnergy\reports\Solar Energy Result\實驗 A：Plant1 → Plant2\歷程記錄\pre-train_20250623-2\Plant1第一號發電機組\epoch_log.csv","34385","2025/6/23 下午 03:44:25"
"D:\HoChePing\北科大_碩班_AI學程\期刊研究\使用LSTM模型預測福壽雞隻重量\Code程式碼\LSTM_TransferLearning_SolarEnergy\reports\Solar Energy Result\實驗 A：Plant1 → Plant2\歷程記錄\pre-train_20250623-2\Plant1第一號發電機組\Error Histogram.png","42840","2025/6/23 下午 03:44:26"
"D:\HoChePing\北科大_碩班_AI學程\期刊研究\使用LSTM模型預測福壽雞隻重量\Code程式碼\LSTM_TransferLearning_SolarEnergy\reports\Solar Energy Result\實驗 A：Plant1 → Plant2\歷程記錄\pre-train_20250623-2\Plant1第一號發電機組\log.txt","1454","2025/6/23 下午 03:44:26"
"D:\HoChePing\北科大_碩班_AI學程\期刊研究\使用LSTM模型預測福壽雞隻重量\Code程式碼\LSTM_TransferLearning_SolarEnergy\reports\Solar Energy Result\實驗 A：Plant1 → Plant2\歷程記錄\pre-train_20250623-2\Plant1第一號發電機組\params.json","458","2025/6/23 下午 03:44:26"
"D:\HoChePing\北科大_碩班_AI學程\期刊研究\使用LSTM模型預測福壽雞隻重量\Code程式碼\LSTM_TransferLearning_SolarEnergy\reports\Solar Energy Result\實驗 A：Plant1 → Plant2\歷程記錄\pre-train_20250623-2\Plant1第一號發電機組\Plant1第一號發電機組 Learning Curve.png","124414","2025/6/23 下午 03:44:25"
"D:\HoChePing\北科大_碩班_AI學程\期刊研究\使用LSTM模型預測福壽雞隻重量\Code程式碼\LSTM_TransferLearning_SolarEnergy\reports\Solar Energy Result\實驗 A：Plant1 → Plant2\歷程記錄\pre-train_20250623-2\Plant1第一號發電機組\prediction.png","236917","2025/6/23 下午 03:44:26"
"D:\HoChePing\北科大_碩班_AI學程\期刊研究\使用LSTM模型預測福壽雞隻重量\Code程式碼\LSTM_TransferLearning_SolarEnergy\reports\Solar Energy Result\實驗 A：Plant1 → Plant2\歷程記錄\pre-train_20250623-2\Plant1第一號發電機組\Residual Plot.png","72423","2025/6/23 下午 03:44:26"
"D:\HoChePing\北科大_碩班_AI學程\期刊研究\使用LSTM模型預測福壽雞隻重量\Code程式碼\LSTM_TransferLearning_SolarEnergy\reports\Solar Energy Result\實驗 A：Plant1 → Plant2\歷程記錄\pre-train_20250623-2\Plant1第一號發電機組\yy_plot.png","74219","2025/6/23 下午 03:44:26"
"D:\HoChePing\北科大_碩班_AI學程\期刊研究\使用LSTM模型預測福壽雞隻重量\Code程式碼\LSTM_TransferLearning_SolarEnergy\reports\Solar Energy Result\實驗 A：Plant1 → Plant2\歷程記錄\transfer-learning (Unfreeze)_20250624\nb_batch20 training_parameters.txt","203","2025/6/24 下午 04:57:50"
"D:\HoChePing\北科大_碩班_AI學程\期刊研究\使用LSTM模型預測福壽雞隻重量\Code程式碼\LSTM_TransferLearning_SolarEnergy\reports\Solar Energy Result\實驗 A：Plant1 → Plant2\歷程記錄\transfer-learning (Unfreeze)_20250624\Plant2第二號發電機組\Plant1第一號發電機組\architecture.png","50778","2025/6/24 下午 04:57:49"
"D:\HoChePing\北科大_碩班_AI學程\期刊研究\使用LSTM模型預測福壽雞隻重量\Code程式碼\LSTM_TransferLearning_SolarEnergy\reports\Solar Energy Result\實驗 A：Plant1 → Plant2\歷程記錄\transfer-learning (Unfreeze)_20250624\Plant2第二號發電機組\Plant1第一號發電機組\epoch_log.csv","5447","2025/6/24 下午 04:57:56"
"D:\HoChePing\北科大_碩班_AI學程\期刊研究\使用LSTM模型預測福壽雞隻重量\Code程式碼\LSTM_TransferLearning_SolarEnergy\reports\Solar Energy Result\實驗 A：Plant1 → Plant2\歷程記錄\transfer-learning (Unfreeze)_20250624\Plant2第二號發電機組\Plant1第一號發電機組\Error Histogram.png","46604","2025/6/24 下午 04:58:01"
"D:\HoChePing\北科大_碩班_AI學程\期刊研究\使用LSTM模型預測福壽雞隻重量\Code程式碼\LSTM_TransferLearning_SolarEnergy\reports\Solar Energy Result\實驗 A：Plant1 → Plant2\歷程記錄\transfer-learning (Unfreeze)_20250624\Plant2第二號發電機組\Plant1第一號發電機組\log.txt","1454","2025/6/24 下午 04:58:00"
"D:\HoChePing\北科大_碩班_AI學程\期刊研究\使用LSTM模型預測福壽雞隻重量\Code程式碼\LSTM_TransferLearning_SolarEnergy\reports\Solar Energy Result\實驗 A：Plant1 → Plant2\歷程記錄\transfer-learning (Unfreeze)_20250624\Plant2第二號發電機組\Plant1第一號發電機組\params.json","422","2025/6/24 下午 04:58:00"
"D:\HoChePing\北科大_碩班_AI學程\期刊研究\使用LSTM模型預測福壽雞隻重量\Code程式碼\LSTM_TransferLearning_SolarEnergy\reports\Solar Energy Result\實驗 A：Plant1 → Plant2\歷程記錄\transfer-learning (Unfreeze)_20250624\Plant2第二號發電機組\Plant1第一號發電機組\Plant1第一號發電機組_transferred_best_model.hdf5","610664","2025/6/24 下午 04:57:54"
"D:\HoChePing\北科大_碩班_AI學程\期刊研究\使用LSTM模型預測福壽雞隻重量\Code程式碼\LSTM_TransferLearning_SolarEnergy\reports\Solar Energy Result\實驗 A：Plant1 → Plant2\歷程記錄\transfer-learning (Unfreeze)_20250624\Plant2第二號發電機組\Plant1第一號發電機組\Plant2第二號發電機組 Learning Curve.png","122853","2025/6/24 下午 04:57:56"
"D:\HoChePing\北科大_碩班_AI學程\期刊研究\使用LSTM模型預測福壽雞隻重量\Code程式碼\LSTM_TransferLearning_SolarEnergy\reports\Solar Energy Result\實驗 A：Plant1 → Plant2\歷程記錄\transfer-learning (Unfreeze)_20250624\Plant2第二號發電機組\Plant1第一號發電機組\prediction.png","407799","2025/6/24 下午 04:58:00"
"D:\HoChePing\北科大_碩班_AI學程\期刊研究\使用LSTM模型預測福壽雞隻重量\Code程式碼\LSTM_TransferLearning_SolarEnergy\reports\Solar Energy Result\實驗 A：Plant1 → Plant2\歷程記錄\transfer-learning (Unfreeze)_20250624\Plant2第二號發電機組\Plant1第一號發電機組\Residual Plot.png","129428","2025/6/24 下午 04:58:00"
"D:\HoChePing\北科大_碩班_AI學程\期刊研究\使用LSTM模型預測福壽雞隻重量\Code程式碼\LSTM_TransferLearning_SolarEnergy\reports\Solar Energy Result\實驗 A：Plant1 → Plant2\歷程記錄\transfer-learning (Unfreeze)_20250624\Plant2第二號發電機組\Plant1第一號發電機組\yy_plot.png","101677","2025/6/24 下午 04:58:00"
"D:\HoChePing\北科大_碩班_AI學程\期刊研究\使用LSTM模型預測福壽雞隻重量\Code程式碼\LSTM_TransferLearning_SolarEnergy\reports\Solar Energy Result\實驗 A：Plant1 → Plant2\歷程記錄\transfer-learning (Unfreeze)_Batch=128&LR=1e-4_20250624\nb_batch20 training_parameters.txt","204","2025/6/24 下午 05:24:24"
"D:\HoChePing\北科大_碩班_AI學程\期刊研究\使用LSTM模型預測福壽雞隻重量\Code程式碼\LSTM_TransferLearning_SolarEnergy\reports\Solar Energy Result\實驗 A：Plant1 → Plant2\歷程記錄\transfer-learning (Unfreeze)_Batch=128&LR=1e-4_20250624\Plant2第二號發電機組\Plant1第一號發電機組\architecture.png","50778","2025/6/24 下午 05:24:23"
"D:\HoChePing\北科大_碩班_AI學程\期刊研究\使用LSTM模型預測福壽雞隻重量\Code程式碼\LSTM_TransferLearning_SolarEnergy\reports\Solar Energy Result\實驗 A：Plant1 → Plant2\歷程記錄\transfer-learning (Unfreeze)_Batch=128&LR=1e-4_20250624\Plant2第二號發電機組\Plant1第一號發電機組\epoch_log.csv","7880","2025/6/24 下午 05:24:29"
"D:\HoChePing\北科大_碩班_AI學程\期刊研究\使用LSTM模型預測福壽雞隻重量\Code程式碼\LSTM_TransferLearning_SolarEnergy\reports\Solar Energy Result\實驗 A：Plant1 → Plant2\歷程記錄\transfer-learning (Unfreeze)_Batch=128&LR=1e-4_20250624\Plant2第二號發電機組\Plant1第一號發電機組\Error Histogram.png","46557","2025/6/24 下午 05:24:34"
"D:\HoChePing\北科大_碩班_AI學程\期刊研究\使用LSTM模型預測福壽雞隻重量\Code程式碼\LSTM_TransferLearning_SolarEnergy\reports\Solar Energy Result\實驗 A：Plant1 → Plant2\歷程記錄\transfer-learning (Unfreeze)_Batch=128&LR=1e-4_20250624\Plant2第二號發電機組\Plant1第一號發電機組\log.txt","1454","2025/6/24 下午 05:24:34"
"D:\HoChePing\北科大_碩班_AI學程\期刊研究\使用LSTM模型預測福壽雞隻重量\Code程式碼\LSTM_TransferLearning_SolarEnergy\reports\Solar Energy Result\實驗 A：Plant1 → Plant2\歷程記錄\transfer-learning (Unfreeze)_Batch=128&LR=1e-4_20250624\Plant2第二號發電機組\Plant1第一號發電機組\params.json","423","2025/6/24 下午 05:24:34"
"D:\HoChePing\北科大_碩班_AI學程\期刊研究\使用LSTM模型預測福壽雞隻重量\Code程式碼\LSTM_TransferLearning_SolarEnergy\reports\Solar Energy Result\實驗 A：Plant1 → Plant2\歷程記錄\transfer-learning (Unfreeze)_Batch=128&LR=1e-4_20250624\Plant2第二號發電機組\Plant1第一號發電機組\Plant1第一號發電機組_transferred_best_model.hdf5","610664","2025/6/24 下午 05:24:28"
"D:\HoChePing\北科大_碩班_AI學程\期刊研究\使用LSTM模型預測福壽雞隻重量\Code程式碼\LSTM_TransferLearning_SolarEnergy\reports\Solar Energy Result\實驗 A：Plant1 → Plant2\歷程記錄\transfer-learning (Unfreeze)_Batch=128&LR=1e-4_20250624\Plant2第二號發電機組\Plant1第一號發電機組\Plant2第二號發電機組 Learning Curve.png","105178","2025/6/24 下午 05:24:30"
"D:\HoChePing\北科大_碩班_AI學程\期刊研究\使用LSTM模型預測福壽雞隻重量\Code程式碼\LSTM_TransferLearning_SolarEnergy\reports\Solar Energy Result\實驗 A：Plant1 → Plant2\歷程記錄\transfer-learning (Unfreeze)_Batch=128&LR=1e-4_20250624\Plant2第二號發電機組\Plant1第一號發電機組\prediction.png","404717","2025/6/24 下午 05:24:34"
"D:\HoChePing\北科大_碩班_AI學程\期刊研究\使用LSTM模型預測福壽雞隻重量\Code程式碼\LSTM_TransferLearning_SolarEnergy\reports\Solar Energy Result\實驗 A：Plant1 → Plant2\歷程記錄\transfer-learning (Unfreeze)_Batch=128&LR=1e-4_20250624\Plant2第二號發電機組\Plant1第一號發電機組\Residual Plot.png","127655","2025/6/24 下午 05:24:34"
"D:\HoChePing\北科大_碩班_AI學程\期刊研究\使用LSTM模型預測福壽雞隻重量\Code程式碼\LSTM_TransferLearning_SolarEnergy\reports\Solar Energy Result\實驗 A：Plant1 → Plant2\歷程記錄\transfer-learning (Unfreeze)_Batch=128&LR=1e-4_20250624\Plant2第二號發電機組\Plant1第一號發電機組\yy_plot.png","102350","2025/6/24 下午 05:24:34"
"D:\HoChePing\北科大_碩班_AI學程\期刊研究\使用LSTM模型預測福壽雞隻重量\Code程式碼\LSTM_TransferLearning_SolarEnergy\reports\Solar Energy Result\實驗 A：Plant1 → Plant2\歷程記錄\transfer-learning (Unfreeze)_Batch=128&LR=1e-5_20250624\nb_batch20 training_parameters.txt","204","2025/6/24 下午 05:25:37"
"D:\HoChePing\北科大_碩班_AI學程\期刊研究\使用LSTM模型預測福壽雞隻重量\Code程式碼\LSTM_TransferLearning_SolarEnergy\reports\Solar Energy Result\實驗 A：Plant1 → Plant2\歷程記錄\transfer-learning (Unfreeze)_Batch=128&LR=1e-5_20250624\Plant2第二號發電機組\Plant1第一號發電機組\architecture.png","50778","2025/6/24 下午 05:25:37"
"D:\HoChePing\北科大_碩班_AI學程\期刊研究\使用LSTM模型預測福壽雞隻重量\Code程式碼\LSTM_TransferLearning_SolarEnergy\reports\Solar Energy Result\實驗 A：Plant1 → Plant2\歷程記錄\transfer-learning (Unfreeze)_Batch=128&LR=1e-5_20250624\Plant2第二號發電機組\Plant1第一號發電機組\epoch_log.csv","16145","2025/6/24 下午 05:25:46"
"D:\HoChePing\北科大_碩班_AI學程\期刊研究\使用LSTM模型預測福壽雞隻重量\Code程式碼\LSTM_TransferLearning_SolarEnergy\reports\Solar Energy Result\實驗 A：Plant1 → Plant2\歷程記錄\transfer-learning (Unfreeze)_Batch=128&LR=1e-5_20250624\Plant2第二號發電機組\Plant1第一號發電機組\Error Histogram.png","43081","2025/6/24 下午 05:25:51"
"D:\HoChePing\北科大_碩班_AI學程\期刊研究\使用LSTM模型預測福壽雞隻重量\Code程式碼\LSTM_TransferLearning_SolarEnergy\reports\Solar Energy Result\實驗 A：Plant1 → Plant2\歷程記錄\transfer-learning (Unfreeze)_Batch=128&LR=1e-5_20250624\Plant2第二號發電機組\Plant1第一號發電機組\log.txt","1454","2025/6/24 下午 05:25:51"
"D:\HoChePing\北科大_碩班_AI學程\期刊研究\使用LSTM模型預測福壽雞隻重量\Code程式碼\LSTM_TransferLearning_SolarEnergy\reports\Solar Energy Result\實驗 A：Plant1 → Plant2\歷程記錄\transfer-learning (Unfreeze)_Batch=128&LR=1e-5_20250624\Plant2第二號發電機組\Plant1第一號發電機組\params.json","424","2025/6/24 下午 05:25:51"
"D:\HoChePing\北科大_碩班_AI學程\期刊研究\使用LSTM模型預測福壽雞隻重量\Code程式碼\LSTM_TransferLearning_SolarEnergy\reports\Solar Energy Result\實驗 A：Plant1 → Plant2\歷程記錄\transfer-learning (Unfreeze)_Batch=128&LR=1e-5_20250624\Plant2第二號發電機組\Plant1第一號發電機組\Plant1第一號發電機組_transferred_best_model.hdf5","610664","2025/6/24 下午 05:25:45"
"D:\HoChePing\北科大_碩班_AI學程\期刊研究\使用LSTM模型預測福壽雞隻重量\Code程式碼\LSTM_TransferLearning_SolarEnergy\reports\Solar Energy Result\實驗 A：Plant1 → Plant2\歷程記錄\transfer-learning (Unfreeze)_Batch=128&LR=1e-5_20250624\Plant2第二號發電機組\Plant1第一號發電機組\Plant2第二號發電機組 Learning Curve.png","114923","2025/6/24 下午 05:25:47"
"D:\HoChePing\北科大_碩班_AI學程\期刊研究\使用LSTM模型預測福壽雞隻重量\Code程式碼\LSTM_TransferLearning_SolarEnergy\reports\Solar Energy Result\實驗 A：Plant1 → Plant2\歷程記錄\transfer-learning (Unfreeze)_Batch=128&LR=1e-5_20250624\Plant2第二號發電機組\Plant1第一號發電機組\prediction.png","409928","2025/6/24 下午 05:25:51"
"D:\HoChePing\北科大_碩班_AI學程\期刊研究\使用LSTM模型預測福壽雞隻重量\Code程式碼\LSTM_TransferLearning_SolarEnergy\reports\Solar Energy Result\實驗 A：Plant1 → Plant2\歷程記錄\transfer-learning (Unfreeze)_Batch=128&LR=1e-5_20250624\Plant2第二號發電機組\Plant1第一號發電機組\Residual Plot.png","129782","2025/6/24 下午 05:25:51"
"D:\HoChePing\北科大_碩班_AI學程\期刊研究\使用LSTM模型預測福壽雞隻重量\Code程式碼\LSTM_TransferLearning_SolarEnergy\reports\Solar Energy Result\實驗 A：Plant1 → Plant2\歷程記錄\transfer-learning (Unfreeze)_Batch=128&LR=1e-5_20250624\Plant2第二號發電機組\Plant1第一號發電機組\yy_plot.png","101873","2025/6/24 下午 05:25:51"
"D:\HoChePing\北科大_碩班_AI學程\期刊研究\使用LSTM模型預測福壽雞隻重量\Code程式碼\LSTM_TransferLearning_SolarEnergy\reports\Solar Energy Result\實驗 A：Plant1 → Plant2\歷程記錄\transfer-learning (Unfreeze)_Batch=128&LR=1e-6_20250624\nb_batch20 training_parameters.txt","204","2025/6/24 下午 05:31:06"
"D:\HoChePing\北科大_碩班_AI學程\期刊研究\使用LSTM模型預測福壽雞隻重量\Code程式碼\LSTM_TransferLearning_SolarEnergy\reports\Solar Energy Result\實驗 A：Plant1 → Plant2\歷程記錄\transfer-learning (Unfreeze)_Batch=128&LR=1e-6_20250624\Plant2第二號發電機組\Plant1第一號發電機組\architecture.png","50778","2025/6/24 下午 05:31:05"
"D:\HoChePing\北科大_碩班_AI學程\期刊研究\使用LSTM模型預測福壽雞隻重量\Code程式碼\LSTM_TransferLearning_SolarEnergy\reports\Solar Energy Result\實驗 A：Plant1 → Plant2\歷程記錄\transfer-learning (Unfreeze)_Batch=128&LR=1e-6_20250624\Plant2第二號發電機組\Plant1第一號發電機組\epoch_log.csv","16807","2025/6/24 下午 05:31:15"
"D:\HoChePing\北科大_碩班_AI學程\期刊研究\使用LSTM模型預測福壽雞隻重量\Code程式碼\LSTM_TransferLearning_SolarEnergy\reports\Solar Energy Result\實驗 A：Plant1 → Plant2\歷程記錄\transfer-learning (Unfreeze)_Batch=128&LR=1e-6_20250624\Plant2第二號發電機組\Plant1第一號發電機組\Error Histogram.png","44858","2025/6/24 下午 05:31:20"
"D:\HoChePing\北科大_碩班_AI學程\期刊研究\使用LSTM模型預測福壽雞隻重量\Code程式碼\LSTM_TransferLearning_SolarEnergy\reports\Solar Energy Result\實驗 A：Plant1 → Plant2\歷程記錄\transfer-learning (Unfreeze)_Batch=128&LR=1e-6_20250624\Plant2第二號發電機組\Plant1第一號發電機組\log.txt","1454","2025/6/24 下午 05:31:20"
"D:\HoChePing\北科大_碩班_AI學程\期刊研究\使用LSTM模型預測福壽雞隻重量\Code程式碼\LSTM_TransferLearning_SolarEnergy\reports\Solar Energy Result\實驗 A：Plant1 → Plant2\歷程記錄\transfer-learning (Unfreeze)_Batch=128&LR=1e-6_20250624\Plant2第二號發電機組\Plant1第一號發電機組\params.json","423","2025/6/24 下午 05:31:20"
"D:\HoChePing\北科大_碩班_AI學程\期刊研究\使用LSTM模型預測福壽雞隻重量\Code程式碼\LSTM_TransferLearning_SolarEnergy\reports\Solar Energy Result\實驗 A：Plant1 → Plant2\歷程記錄\transfer-learning (Unfreeze)_Batch=128&LR=1e-6_20250624\Plant2第二號發電機組\Plant1第一號發電機組\Plant1第一號發電機組_transferred_best_model.hdf5","610664","2025/6/24 下午 05:31:14"
"D:\HoChePing\北科大_碩班_AI學程\期刊研究\使用LSTM模型預測福壽雞隻重量\Code程式碼\LSTM_TransferLearning_SolarEnergy\reports\Solar Energy Result\實驗 A：Plant1 → Plant2\歷程記錄\transfer-learning (Unfreeze)_Batch=128&LR=1e-6_20250624\Plant2第二號發電機組\Plant1第一號發電機組\Plant2第二號發電機組 Learning Curve.png","117121","2025/6/24 下午 05:31:15"
"D:\HoChePing\北科大_碩班_AI學程\期刊研究\使用LSTM模型預測福壽雞隻重量\Code程式碼\LSTM_TransferLearning_SolarEnergy\reports\Solar Energy Result\實驗 A：Plant1 → Plant2\歷程記錄\transfer-learning (Unfreeze)_Batch=128&LR=1e-6_20250624\Plant2第二號發電機組\Plant1第一號發電機組\prediction.png","425652","2025/6/24 下午 05:31:19"
"D:\HoChePing\北科大_碩班_AI學程\期刊研究\使用LSTM模型預測福壽雞隻重量\Code程式碼\LSTM_TransferLearning_SolarEnergy\reports\Solar Energy Result\實驗 A：Plant1 → Plant2\歷程記錄\transfer-learning (Unfreeze)_Batch=128&LR=1e-6_20250624\Plant2第二號發電機組\Plant1第一號發電機組\Residual Plot.png","114846","2025/6/24 下午 05:31:20"
"D:\HoChePing\北科大_碩班_AI學程\期刊研究\使用LSTM模型預測福壽雞隻重量\Code程式碼\LSTM_TransferLearning_SolarEnergy\reports\Solar Energy Result\實驗 A：Plant1 → Plant2\歷程記錄\transfer-learning (Unfreeze)_Batch=128&LR=1e-6_20250624\Plant2第二號發電機組\Plant1第一號發電機組\yy_plot.png","96799","2025/6/24 下午 05:31:20"
"D:\HoChePing\北科大_碩班_AI學程\期刊研究\使用LSTM模型預測福壽雞隻重量\Code程式碼\LSTM_TransferLearning_SolarEnergy\reports\Solar Energy Result\實驗 A：Plant1 → Plant2\歷程記錄\transfer-learning (Unfreeze)_Batch=128&LR=3e-5_20250624\nb_batch20 training_parameters.txt","204","2025/6/24 下午 05:38:11"
"D:\HoChePing\北科大_碩班_AI學程\期刊研究\使用LSTM模型預測福壽雞隻重量\Code程式碼\LSTM_TransferLearning_SolarEnergy\reports\Solar Energy Result\實驗 A：Plant1 → Plant2\歷程記錄\transfer-learning (Unfreeze)_Batch=128&LR=3e-5_20250624\Plant2第二號發電機組\Plant1第一號發電機組\architecture.png","50778","2025/6/24 下午 05:38:10"
"D:\HoChePing\北科大_碩班_AI學程\期刊研究\使用LSTM模型預測福壽雞隻重量\Code程式碼\LSTM_TransferLearning_SolarEnergy\reports\Solar Energy Result\實驗 A：Plant1 → Plant2\歷程記錄\transfer-learning (Unfreeze)_Batch=128&LR=3e-5_20250624\Plant2第二號發電機組\Plant1第一號發電機組\epoch_log.csv","29277","2025/6/24 下午 05:38:26"
"D:\HoChePing\北科大_碩班_AI學程\期刊研究\使用LSTM模型預測福壽雞隻重量\Code程式碼\LSTM_TransferLearning_SolarEnergy\reports\Solar Energy Result\實驗 A：Plant1 → Plant2\歷程記錄\transfer-learning (Unfreeze)_Batch=128&LR=3e-5_20250624\Plant2第二號發電機組\Plant1第一號發電機組\Error Histogram.png","46561","2025/6/24 下午 05:38:31"
"D:\HoChePing\北科大_碩班_AI學程\期刊研究\使用LSTM模型預測福壽雞隻重量\Code程式碼\LSTM_TransferLearning_SolarEnergy\reports\Solar Energy Result\實驗 A：Plant1 → Plant2\歷程記錄\transfer-learning (Unfreeze)_Batch=128&LR=3e-5_20250624\Plant2第二號發電機組\Plant1第一號發電機組\log.txt","1454","2025/6/24 下午 05:38:30"
"D:\HoChePing\北科大_碩班_AI學程\期刊研究\使用LSTM模型預測福壽雞隻重量\Code程式碼\LSTM_TransferLearning_SolarEnergy\reports\Solar Energy Result\實驗 A：Plant1 → Plant2\歷程記錄\transfer-learning (Unfreeze)_Batch=128&LR=3e-5_20250624\Plant2第二號發電機組\Plant1第一號發電機組\params.json","424","2025/6/24 下午 05:38:30"
"D:\HoChePing\北科大_碩班_AI學程\期刊研究\使用LSTM模型預測福壽雞隻重量\Code程式碼\LSTM_TransferLearning_SolarEnergy\reports\Solar Energy Result\實驗 A：Plant1 → Plant2\歷程記錄\transfer-learning (Unfreeze)_Batch=128&LR=3e-5_20250624\Plant2第二號發電機組\Plant1第一號發電機組\Plant1第一號發電機組_transferred_best_model.hdf5","610664","2025/6/24 下午 05:38:25"
"D:\HoChePing\北科大_碩班_AI學程\期刊研究\使用LSTM模型預測福壽雞隻重量\Code程式碼\LSTM_TransferLearning_SolarEnergy\reports\Solar Energy Result\實驗 A：Plant1 → Plant2\歷程記錄\transfer-learning (Unfreeze)_Batch=128&LR=3e-5_20250624\Plant2第二號發電機組\Plant1第一號發電機組\Plant2第二號發電機組 Learning Curve.png","110008","2025/6/24 下午 05:38:26"
"D:\HoChePing\北科大_碩班_AI學程\期刊研究\使用LSTM模型預測福壽雞隻重量\Code程式碼\LSTM_TransferLearning_SolarEnergy\reports\Solar Energy Result\實驗 A：Plant1 → Plant2\歷程記錄\transfer-learning (Unfreeze)_Batch=128&LR=3e-5_20250624\Plant2第二號發電機組\Plant1第一號發電機組\prediction.png","405541","2025/6/24 下午 05:38:30"
"D:\HoChePing\北科大_碩班_AI學程\期刊研究\使用LSTM模型預測福壽雞隻重量\Code程式碼\LSTM_TransferLearning_SolarEnergy\reports\Solar Energy Result\實驗 A：Plant1 → Plant2\歷程記錄\transfer-learning (Unfreeze)_Batch=128&LR=3e-5_20250624\Plant2第二號發電機組\Plant1第一號發電機組\Residual Plot.png","130179","2025/6/24 下午 05:38:30"
"D:\HoChePing\北科大_碩班_AI學程\期刊研究\使用LSTM模型預測福壽雞隻重量\Code程式碼\LSTM_TransferLearning_SolarEnergy\reports\Solar Energy Result\實驗 A：Plant1 → Plant2\歷程記錄\transfer-learning (Unfreeze)_Batch=128&LR=3e-5_20250624\Plant2第二號發電機組\Plant1第一號發電機組\yy_plot.png","102476","2025/6/24 下午 05:38:30"
"D:\HoChePing\北科大_碩班_AI學程\期刊研究\使用LSTM模型預測福壽雞隻重量\Code程式碼\LSTM_TransferLearning_SolarEnergy\reports\Solar Energy Result\實驗 A：Plant1 → Plant2\歷程記錄\transfer-learning (Unfreeze)_Batch=128&LR=5e-5_20250624\nb_batch20 training_parameters.txt","204","2025/6/24 下午 05:42:04"
"D:\HoChePing\北科大_碩班_AI學程\期刊研究\使用LSTM模型預測福壽雞隻重量\Code程式碼\LSTM_TransferLearning_SolarEnergy\reports\Solar Energy Result\實驗 A：Plant1 → Plant2\歷程記錄\transfer-learning (Unfreeze)_Batch=128&LR=5e-5_20250624\Plant2第二號發電機組\Plant1第一號發電機組\architecture.png","50778","2025/6/24 下午 05:42:04"
"D:\HoChePing\北科大_碩班_AI學程\期刊研究\使用LSTM模型預測福壽雞隻重量\Code程式碼\LSTM_TransferLearning_SolarEnergy\reports\Solar Energy Result\實驗 A：Plant1 → Plant2\歷程記錄\transfer-learning (Unfreeze)_Batch=128&LR=5e-5_20250624\Plant2第二號發電機組\Plant1第一號發電機組\epoch_log.csv","10300","2025/6/24 下午 05:42:11"
"D:\HoChePing\北科大_碩班_AI學程\期刊研究\使用LSTM模型預測福壽雞隻重量\Code程式碼\LSTM_TransferLearning_SolarEnergy\reports\Solar Energy Result\實驗 A：Plant1 → Plant2\歷程記錄\transfer-learning (Unfreeze)_Batch=128&LR=5e-5_20250624\Plant2第二號發電機組\Plant1第一號發電機組\Error Histogram.png","46477","2025/6/24 下午 05:42:16"
"D:\HoChePing\北科大_碩班_AI學程\期刊研究\使用LSTM模型預測福壽雞隻重量\Code程式碼\LSTM_TransferLearning_SolarEnergy\reports\Solar Energy Result\實驗 A：Plant1 → Plant2\歷程記錄\transfer-learning (Unfreeze)_Batch=128&LR=5e-5_20250624\Plant2第二號發電機組\Plant1第一號發電機組\log.txt","1454","2025/6/24 下午 05:42:15"
"D:\HoChePing\北科大_碩班_AI學程\期刊研究\使用LSTM模型預測福壽雞隻重量\Code程式碼\LSTM_TransferLearning_SolarEnergy\reports\Solar Energy Result\實驗 A：Plant1 → Plant2\歷程記錄\transfer-learning (Unfreeze)_Batch=128&LR=5e-5_20250624\Plant2第二號發電機組\Plant1第一號發電機組\params.json","424","2025/6/24 下午 05:42:15"
"D:\HoChePing\北科大_碩班_AI學程\期刊研究\使用LSTM模型預測福壽雞隻重量\Code程式碼\LSTM_TransferLearning_SolarEnergy\reports\Solar Energy Result\實驗 A：Plant1 → Plant2\歷程記錄\transfer-learning (Unfreeze)_Batch=128&LR=5e-5_20250624\Plant2第二號發電機組\Plant1第一號發電機組\Plant1第一號發電機組_transferred_best_model.hdf5","610664","2025/6/24 下午 05:42:10"
"D:\HoChePing\北科大_碩班_AI學程\期刊研究\使用LSTM模型預測福壽雞隻重量\Code程式碼\LSTM_TransferLearning_SolarEnergy\reports\Solar Energy Result\實驗 A：Plant1 → Plant2\歷程記錄\transfer-learning (Unfreeze)_Batch=128&LR=5e-5_20250624\Plant2第二號發電機組\Plant1第一號發電機組\Plant2第二號發電機組 Learning Curve.png","105324","2025/6/24 下午 05:42:11"
"D:\HoChePing\北科大_碩班_AI學程\期刊研究\使用LSTM模型預測福壽雞隻重量\Code程式碼\LSTM_TransferLearning_SolarEnergy\reports\Solar Energy Result\實驗 A：Plant1 → Plant2\歷程記錄\transfer-learning (Unfreeze)_Batch=128&LR=5e-5_20250624\Plant2第二號發電機組\Plant1第一號發電機組\prediction.png","404569","2025/6/24 下午 05:42:15"
"D:\HoChePing\北科大_碩班_AI學程\期刊研究\使用LSTM模型預測福壽雞隻重量\Code程式碼\LSTM_TransferLearning_SolarEnergy\reports\Solar Energy Result\實驗 A：Plant1 → Plant2\歷程記錄\transfer-learning (Unfreeze)_Batch=128&LR=5e-5_20250624\Plant2第二號發電機組\Plant1第一號發電機組\Residual Plot.png","128471","2025/6/24 下午 05:42:15"
"D:\HoChePing\北科大_碩班_AI學程\期刊研究\使用LSTM模型預測福壽雞隻重量\Code程式碼\LSTM_TransferLearning_SolarEnergy\reports\Solar Energy Result\實驗 A：Plant1 → Plant2\歷程記錄\transfer-learning (Unfreeze)_Batch=128&LR=5e-5_20250624\Plant2第二號發電機組\Plant1第一號發電機組\yy_plot.png","102471","2025/6/24 下午 05:42:15"
"D:\HoChePing\北科大_碩班_AI學程\期刊研究\使用LSTM模型預測福壽雞隻重量\Code程式碼\LSTM_TransferLearning_SolarEnergy\reports\Solar Energy Result\實驗 A：Plant1 → Plant2\歷程記錄\transfer-learning (Unfreeze)_Batch=16&LR=1e-5_20260624\nb_batch20 training_parameters.txt","203","2025/6/24 下午 05:01:39"
"D:\HoChePing\北科大_碩班_AI學程\期刊研究\使用LSTM模型預測福壽雞隻重量\Code程式碼\LSTM_TransferLearning_SolarEnergy\reports\Solar Energy Result\實驗 A：Plant1 → Plant2\歷程記錄\transfer-learning (Unfreeze)_Batch=16&LR=1e-5_20260624\Plant2第二號發電機組\Plant1第一號發電機組\architecture.png","50778","2025/6/24 下午 05:01:39"
"D:\HoChePing\北科大_碩班_AI學程\期刊研究\使用LSTM模型預測福壽雞隻重量\Code程式碼\LSTM_TransferLearning_SolarEnergy\reports\Solar Energy Result\實驗 A：Plant1 → Plant2\歷程記錄\transfer-learning (Unfreeze)_Batch=16&LR=1e-5_20260624\Plant2第二號發電機組\Plant1第一號發電機組\epoch_log.csv","5443","2025/6/24 下午 05:01:45"
"D:\HoChePing\北科大_碩班_AI學程\期刊研究\使用LSTM模型預測福壽雞隻重量\Code程式碼\LSTM_TransferLearning_SolarEnergy\reports\Solar Energy Result\實驗 A：Plant1 → Plant2\歷程記錄\transfer-learning (Unfreeze)_Batch=16&LR=1e-5_20260624\Plant2第二號發電機組\Plant1第一號發電機組\Error Histogram.png","46598","2025/6/24 下午 05:01:50"
"D:\HoChePing\北科大_碩班_AI學程\期刊研究\使用LSTM模型預測福壽雞隻重量\Code程式碼\LSTM_TransferLearning_SolarEnergy\reports\Solar Energy Result\實驗 A：Plant1 → Plant2\歷程記錄\transfer-learning (Unfreeze)_Batch=16&LR=1e-5_20260624\Plant2第二號發電機組\Plant1第一號發電機組\log.txt","1454","2025/6/24 下午 05:01:50"
"D:\HoChePing\北科大_碩班_AI學程\期刊研究\使用LSTM模型預測福壽雞隻重量\Code程式碼\LSTM_TransferLearning_SolarEnergy\reports\Solar Energy Result\實驗 A：Plant1 → Plant2\歷程記錄\transfer-learning (Unfreeze)_Batch=16&LR=1e-5_20260624\Plant2第二號發電機組\Plant1第一號發電機組\params.json","424","2025/6/24 下午 05:01:50"
"D:\HoChePing\北科大_碩班_AI學程\期刊研究\使用LSTM模型預測福壽雞隻重量\Code程式碼\LSTM_TransferLearning_SolarEnergy\reports\Solar Energy Result\實驗 A：Plant1 → Plant2\歷程記錄\transfer-learning (Unfreeze)_Batch=16&LR=1e-5_20260624\Plant2第二號發電機組\Plant1第一號發電機組\Plant1第一號發電機組_transferred_best_model.hdf5","610664","2025/6/24 下午 05:01:44"
"D:\HoChePing\北科大_碩班_AI學程\期刊研究\使用LSTM模型預測福壽雞隻重量\Code程式碼\LSTM_TransferLearning_SolarEnergy\reports\Solar Energy Result\實驗 A：Plant1 → Plant2\歷程記錄\transfer-learning (Unfreeze)_Batch=16&LR=1e-5_20260624\Plant2第二號發電機組\Plant1第一號發電機組\Plant2第二號發電機組 Learning Curve.png","122786","2025/6/24 下午 05:01:46"
"D:\HoChePing\北科大_碩班_AI學程\期刊研究\使用LSTM模型預測福壽雞隻重量\Code程式碼\LSTM_TransferLearning_SolarEnergy\reports\Solar Energy Result\實驗 A：Plant1 → Plant2\歷程記錄\transfer-learning (Unfreeze)_Batch=16&LR=1e-5_20260624\Plant2第二號發電機組\Plant1第一號發電機組\prediction.png","407493","2025/6/24 下午 05:01:50"
"D:\HoChePing\北科大_碩班_AI學程\期刊研究\使用LSTM模型預測福壽雞隻重量\Code程式碼\LSTM_TransferLearning_SolarEnergy\reports\Solar Energy Result\實驗 A：Plant1 → Plant2\歷程記錄\transfer-learning (Unfreeze)_Batch=16&LR=1e-5_20260624\Plant2第二號發電機組\Plant1第一號發電機組\Residual Plot.png","129497","2025/6/24 下午 05:01:50"
"D:\HoChePing\北科大_碩班_AI學程\期刊研究\使用LSTM模型預測福壽雞隻重量\Code程式碼\LSTM_TransferLearning_SolarEnergy\reports\Solar Energy Result\實驗 A：Plant1 → Plant2\歷程記錄\transfer-learning (Unfreeze)_Batch=16&LR=1e-5_20260624\Plant2第二號發電機組\Plant1第一號發電機組\yy_plot.png","101536","2025/6/24 下午 05:01:50"
"D:\HoChePing\北科大_碩班_AI學程\期刊研究\使用LSTM模型預測福壽雞隻重量\Code程式碼\LSTM_TransferLearning_SolarEnergy\reports\Solar Energy Result\實驗 A：Plant1 → Plant2\歷程記錄\transfer-learning (Unfreeze)_Batch=16&LR=3e-5_20250624\nb_batch20 training_parameters.txt","203","2025/6/24 下午 06:07:11"
"D:\HoChePing\北科大_碩班_AI學程\期刊研究\使用LSTM模型預測福壽雞隻重量\Code程式碼\LSTM_TransferLearning_SolarEnergy\reports\Solar Energy Result\實驗 A：Plant1 → Plant2\歷程記錄\transfer-learning (Unfreeze)_Batch=16&LR=3e-5_20250624\Plant2第二號發電機組\Plant1第一號發電機組\architecture.png","50778","2025/6/24 下午 06:07:11"
"D:\HoChePing\北科大_碩班_AI學程\期刊研究\使用LSTM模型預測福壽雞隻重量\Code程式碼\LSTM_TransferLearning_SolarEnergy\reports\Solar Energy Result\實驗 A：Plant1 → Plant2\歷程記錄\transfer-learning (Unfreeze)_Batch=16&LR=3e-5_20250624\Plant2第二號發電機組\Plant1第一號發電機組\epoch_log.csv","4079","2025/6/24 下午 06:07:16"
"D:\HoChePing\北科大_碩班_AI學程\期刊研究\使用LSTM模型預測福壽雞隻重量\Code程式碼\LSTM_TransferLearning_SolarEnergy\reports\Solar Energy Result\實驗 A：Plant1 → Plant2\歷程記錄\transfer-learning (Unfreeze)_Batch=16&LR=3e-5_20250624\Plant2第二號發電機組\Plant1第一號發電機組\Error Histogram.png","42031","2025/6/24 下午 06:07:22"
"D:\HoChePing\北科大_碩班_AI學程\期刊研究\使用LSTM模型預測福壽雞隻重量\Code程式碼\LSTM_TransferLearning_SolarEnergy\reports\Solar Energy Result\實驗 A：Plant1 → Plant2\歷程記錄\transfer-learning (Unfreeze)_Batch=16&LR=3e-5_20250624\Plant2第二號發電機組\Plant1第一號發電機組\log.txt","1454","2025/6/24 下午 06:07:21"
"D:\HoChePing\北科大_碩班_AI學程\期刊研究\使用LSTM模型預測福壽雞隻重量\Code程式碼\LSTM_TransferLearning_SolarEnergy\reports\Solar Energy Result\實驗 A：Plant1 → Plant2\歷程記錄\transfer-learning (Unfreeze)_Batch=16&LR=3e-5_20250624\Plant2第二號發電機組\Plant1第一號發電機組\params.json","422","2025/6/24 下午 06:07:21"
"D:\HoChePing\北科大_碩班_AI學程\期刊研究\使用LSTM模型預測福壽雞隻重量\Code程式碼\LSTM_TransferLearning_SolarEnergy\reports\Solar Energy Result\實驗 A：Plant1 → Plant2\歷程記錄\transfer-learning (Unfreeze)_Batch=16&LR=3e-5_20250624\Plant2第二號發電機組\Plant1第一號發電機組\Plant1第一號發電機組_transferred_best_model.hdf5","610664","2025/6/24 下午 06:07:15"
"D:\HoChePing\北科大_碩班_AI學程\期刊研究\使用LSTM模型預測福壽雞隻重量\Code程式碼\LSTM_TransferLearning_SolarEnergy\reports\Solar Energy Result\實驗 A：Plant1 → Plant2\歷程記錄\transfer-learning (Unfreeze)_Batch=16&LR=3e-5_20250624\Plant2第二號發電機組\Plant1第一號發電機組\Plant2第二號發電機組 Learning Curve.png","116017","2025/6/24 下午 06:07:17"
"D:\HoChePing\北科大_碩班_AI學程\期刊研究\使用LSTM模型預測福壽雞隻重量\Code程式碼\LSTM_TransferLearning_SolarEnergy\reports\Solar Energy Result\實驗 A：Plant1 → Plant2\歷程記錄\transfer-learning (Unfreeze)_Batch=16&LR=3e-5_20250624\Plant2第二號發電機組\Plant1第一號發電機組\prediction.png","405015","2025/6/24 下午 06:07:21"
"D:\HoChePing\北科大_碩班_AI學程\期刊研究\使用LSTM模型預測福壽雞隻重量\Code程式碼\LSTM_TransferLearning_SolarEnergy\reports\Solar Energy Result\實驗 A：Plant1 → Plant2\歷程記錄\transfer-learning (Unfreeze)_Batch=16&LR=3e-5_20250624\Plant2第二號發電機組\Plant1第一號發電機組\Residual Plot.png","128834","2025/6/24 下午 06:07:21"
"D:\HoChePing\北科大_碩班_AI學程\期刊研究\使用LSTM模型預測福壽雞隻重量\Code程式碼\LSTM_TransferLearning_SolarEnergy\reports\Solar Energy Result\實驗 A：Plant1 → Plant2\歷程記錄\transfer-learning (Unfreeze)_Batch=16&LR=3e-5_20250624\Plant2第二號發電機組\Plant1第一號發電機組\yy_plot.png","102725","2025/6/24 下午 06:07:21"
"D:\HoChePing\北科大_碩班_AI學程\期刊研究\使用LSTM模型預測福壽雞隻重量\Code程式碼\LSTM_TransferLearning_SolarEnergy\reports\Solar Energy Result\實驗 A：Plant1 → Plant2\歷程記錄\transfer-learning (Unfreeze)_Batch=32&LR=1e-5_20250624\nb_batch20 training_parameters.txt","203","2025/6/24 下午 05:33:27"
"D:\HoChePing\北科大_碩班_AI學程\期刊研究\使用LSTM模型預測福壽雞隻重量\Code程式碼\LSTM_TransferLearning_SolarEnergy\reports\Solar Energy Result\實驗 A：Plant1 → Plant2\歷程記錄\transfer-learning (Unfreeze)_Batch=32&LR=1e-5_20250624\Plant2第二號發電機組\Plant1第一號發電機組\architecture.png","50778","2025/6/24 下午 05:33:26"
"D:\HoChePing\北科大_碩班_AI學程\期刊研究\使用LSTM模型預測福壽雞隻重量\Code程式碼\LSTM_TransferLearning_SolarEnergy\reports\Solar Energy Result\實驗 A：Plant1 → Plant2\歷程記錄\transfer-learning (Unfreeze)_Batch=32&LR=1e-5_20250624\Plant2第二號發電機組\Plant1第一號發電機組\epoch_log.csv","6657","2025/6/24 下午 05:33:32"
"D:\HoChePing\北科大_碩班_AI學程\期刊研究\使用LSTM模型預測福壽雞隻重量\Code程式碼\LSTM_TransferLearning_SolarEnergy\reports\Solar Energy Result\實驗 A：Plant1 → Plant2\歷程記錄\transfer-learning (Unfreeze)_Batch=32&LR=1e-5_20250624\Plant2第二號發電機組\Plant1第一號發電機組\Error Histogram.png","41960","2025/6/24 下午 05:33:37"
"D:\HoChePing\北科大_碩班_AI學程\期刊研究\使用LSTM模型預測福壽雞隻重量\Code程式碼\LSTM_TransferLearning_SolarEnergy\reports\Solar Energy Result\實驗 A：Plant1 → Plant2\歷程記錄\transfer-learning (Unfreeze)_Batch=32&LR=1e-5_20250624\Plant2第二號發電機組\Plant1第一號發電機組\log.txt","1454","2025/6/24 下午 05:33:37"
"D:\HoChePing\北科大_碩班_AI學程\期刊研究\使用LSTM模型預測福壽雞隻重量\Code程式碼\LSTM_TransferLearning_SolarEnergy\reports\Solar Energy Result\實驗 A：Plant1 → Plant2\歷程記錄\transfer-learning (Unfreeze)_Batch=32&LR=1e-5_20250624\Plant2第二號發電機組\Plant1第一號發電機組\params.json","423","2025/6/24 下午 05:33:37"
"D:\HoChePing\北科大_碩班_AI學程\期刊研究\使用LSTM模型預測福壽雞隻重量\Code程式碼\LSTM_TransferLearning_SolarEnergy\reports\Solar Energy Result\實驗 A：Plant1 → Plant2\歷程記錄\transfer-learning (Unfreeze)_Batch=32&LR=1e-5_20250624\Plant2第二號發電機組\Plant1第一號發電機組\Plant1第一號發電機組_transferred_best_model.hdf5","610664","2025/6/24 下午 05:33:31"
"D:\HoChePing\北科大_碩班_AI學程\期刊研究\使用LSTM模型預測福壽雞隻重量\Code程式碼\LSTM_TransferLearning_SolarEnergy\reports\Solar Energy Result\實驗 A：Plant1 → Plant2\歷程記錄\transfer-learning (Unfreeze)_Batch=32&LR=1e-5_20250624\Plant2第二號發電機組\Plant1第一號發電機組\Plant2第二號發電機組 Learning Curve.png","127019","2025/6/24 下午 05:33:32"
"D:\HoChePing\北科大_碩班_AI學程\期刊研究\使用LSTM模型預測福壽雞隻重量\Code程式碼\LSTM_TransferLearning_SolarEnergy\reports\Solar Energy Result\實驗 A：Plant1 → Plant2\歷程記錄\transfer-learning (Unfreeze)_Batch=32&LR=1e-5_20250624\Plant2第二號發電機組\Plant1第一號發電機組\prediction.png","409681","2025/6/24 下午 05:33:36"
"D:\HoChePing\北科大_碩班_AI學程\期刊研究\使用LSTM模型預測福壽雞隻重量\Code程式碼\LSTM_TransferLearning_SolarEnergy\reports\Solar Energy Result\實驗 A：Plant1 → Plant2\歷程記錄\transfer-learning (Unfreeze)_Batch=32&LR=1e-5_20250624\Plant2第二號發電機組\Plant1第一號發電機組\Residual Plot.png","130319","2025/6/24 下午 05:33:37"
"D:\HoChePing\北科大_碩班_AI學程\期刊研究\使用LSTM模型預測福壽雞隻重量\Code程式碼\LSTM_TransferLearning_SolarEnergy\reports\Solar Energy Result\實驗 A：Plant1 → Plant2\歷程記錄\transfer-learning (Unfreeze)_Batch=32&LR=1e-5_20250624\Plant2第二號發電機組\Plant1第一號發電機組\yy_plot.png","102575","2025/6/24 下午 05:33:37"
"D:\HoChePing\北科大_碩班_AI學程\期刊研究\使用LSTM模型預測福壽雞隻重量\Code程式碼\LSTM_TransferLearning_SolarEnergy\reports\Solar Energy Result\實驗 A：Plant1 → Plant2\歷程記錄\transfer-learning (Unfreeze)_Batch=32&LR=3e-5_20250624\nb_batch20 training_parameters.txt","203","2025/6/24 下午 06:06:15"
"D:\HoChePing\北科大_碩班_AI學程\期刊研究\使用LSTM模型預測福壽雞隻重量\Code程式碼\LSTM_TransferLearning_SolarEnergy\reports\Solar Energy Result\實驗 A：Plant1 → Plant2\歷程記錄\transfer-learning (Unfreeze)_Batch=32&LR=3e-5_20250624\Plant2第二號發電機組\Plant1第一號發電機組\architecture.png","50778","2025/6/24 下午 06:06:14"
"D:\HoChePing\北科大_碩班_AI學程\期刊研究\使用LSTM模型預測福壽雞隻重量\Code程式碼\LSTM_TransferLearning_SolarEnergy\reports\Solar Energy Result\實驗 A：Plant1 → Plant2\歷程記錄\transfer-learning (Unfreeze)_Batch=32&LR=3e-5_20250624\Plant2第二號發電機組\Plant1第一號發電機組\epoch_log.csv","4861","2025/6/24 下午 06:06:19"
"D:\HoChePing\北科大_碩班_AI學程\期刊研究\使用LSTM模型預測福壽雞隻重量\Code程式碼\LSTM_TransferLearning_SolarEnergy\reports\Solar Energy Result\實驗 A：Plant1 → Plant2\歷程記錄\transfer-learning (Unfreeze)_Batch=32&LR=3e-5_20250624\Plant2第二號發電機組\Plant1第一號發電機組\Error Histogram.png","42909","2025/6/24 下午 06:06:24"
"D:\HoChePing\北科大_碩班_AI學程\期刊研究\使用LSTM模型預測福壽雞隻重量\Code程式碼\LSTM_TransferLearning_SolarEnergy\reports\Solar Energy Result\實驗 A：Plant1 → Plant2\歷程記錄\transfer-learning (Unfreeze)_Batch=32&LR=3e-5_20250624\Plant2第二號發電機組\Plant1第一號發電機組\log.txt","1454","2025/6/24 下午 06:06:24"
"D:\HoChePing\北科大_碩班_AI學程\期刊研究\使用LSTM模型預測福壽雞隻重量\Code程式碼\LSTM_TransferLearning_SolarEnergy\reports\Solar Energy Result\實驗 A：Plant1 → Plant2\歷程記錄\transfer-learning (Unfreeze)_Batch=32&LR=3e-5_20250624\Plant2第二號發電機組\Plant1第一號發電機組\params.json","424","2025/6/24 下午 06:06:24"
"D:\HoChePing\北科大_碩班_AI學程\期刊研究\使用LSTM模型預測福壽雞隻重量\Code程式碼\LSTM_TransferLearning_SolarEnergy\reports\Solar Energy Result\實驗 A：Plant1 → Plant2\歷程記錄\transfer-learning (Unfreeze)_Batch=32&LR=3e-5_20250624\Plant2第二號發電機組\Plant1第一號發電機組\Plant1第一號發電機組_transferred_best_model.hdf5","610664","2025/6/24 下午 06:06:18"
"D:\HoChePing\北科大_碩班_AI學程\期刊研究\使用LSTM模型預測福壽雞隻重量\Code程式碼\LSTM_TransferLearning_SolarEnergy\reports\Solar Energy Result\實驗 A：Plant1 → Plant2\歷程記錄\transfer-learning (Unfreeze)_Batch=32&LR=3e-5_20250624\Plant2第二號發電機組\Plant1第一號發電機組\Plant2第二號發電機組 Learning Curve.png","114291","2025/6/24 下午 06:06:20"
"D:\HoChePing\北科大_碩班_AI學程\期刊研究\使用LSTM模型預測福壽雞隻重量\Code程式碼\LSTM_TransferLearning_SolarEnergy\reports\Solar Energy Result\實驗 A：Plant1 → Plant2\歷程記錄\transfer-learning (Unfreeze)_Batch=32&LR=3e-5_20250624\Plant2第二號發電機組\Plant1第一號發電機組\prediction.png","407686","2025/6/24 下午 06:06:24"
"D:\HoChePing\北科大_碩班_AI學程\期刊研究\使用LSTM模型預測福壽雞隻重量\Code程式碼\LSTM_TransferLearning_SolarEnergy\reports\Solar Energy Result\實驗 A：Plant1 → Plant2\歷程記錄\transfer-learning (Unfreeze)_Batch=32&LR=3e-5_20250624\Plant2第二號發電機組\Plant1第一號發電機組\Residual Plot.png","131273","2025/6/24 下午 06:06:24"
"D:\HoChePing\北科大_碩班_AI學程\期刊研究\使用LSTM模型預測福壽雞隻重量\Code程式碼\LSTM_TransferLearning_SolarEnergy\reports\Solar Energy Result\實驗 A：Plant1 → Plant2\歷程記錄\transfer-learning (Unfreeze)_Batch=32&LR=3e-5_20250624\Plant2第二號發電機組\Plant1第一號發電機組\yy_plot.png","102971","2025/6/24 下午 06:06:24"
"D:\HoChePing\北科大_碩班_AI學程\期刊研究\使用LSTM模型預測福壽雞隻重量\Code程式碼\LSTM_TransferLearning_SolarEnergy\reports\Solar Energy Result\實驗 A：Plant1 → Plant2\歷程記錄\transfer-learning (Unfreeze)_Batch=64&LR=1e-4_20250624\nb_batch20 training_parameters.txt","203","2025/6/24 下午 05:14:33"
"D:\HoChePing\北科大_碩班_AI學程\期刊研究\使用LSTM模型預測福壽雞隻重量\Code程式碼\LSTM_TransferLearning_SolarEnergy\reports\Solar Energy Result\實驗 A：Plant1 → Plant2\歷程記錄\transfer-learning (Unfreeze)_Batch=64&LR=1e-4_20250624\Plant2第二號發電機組\Plant1第一號發電機組\architecture.png","50778","2025/6/24 下午 05:14:32"
"D:\HoChePing\北科大_碩班_AI學程\期刊研究\使用LSTM模型預測福壽雞隻重量\Code程式碼\LSTM_TransferLearning_SolarEnergy\reports\Solar Energy Result\實驗 A：Plant1 → Plant2\歷程記錄\transfer-learning (Unfreeze)_Batch=64&LR=1e-4_20250624\Plant2第二號發電機組\Plant1第一號發電機組\epoch_log.csv","5656","2025/6/24 下午 05:14:38"
"D:\HoChePing\北科大_碩班_AI學程\期刊研究\使用LSTM模型預測福壽雞隻重量\Code程式碼\LSTM_TransferLearning_SolarEnergy\reports\Solar Energy Result\實驗 A：Plant1 → Plant2\歷程記錄\transfer-learning (Unfreeze)_Batch=64&LR=1e-4_20250624\Plant2第二號發電機組\Plant1第一號發電機組\Error Histogram.png","41922","2025/6/24 下午 05:14:44"
"D:\HoChePing\北科大_碩班_AI學程\期刊研究\使用LSTM模型預測福壽雞隻重量\Code程式碼\LSTM_TransferLearning_SolarEnergy\reports\Solar Energy Result\實驗 A：Plant1 → Plant2\歷程記錄\transfer-learning (Unfreeze)_Batch=64&LR=1e-4_20250624\Plant2第二號發電機組\Plant1第一號發電機組\log.txt","1454","2025/6/24 下午 05:14:43"
"D:\HoChePing\北科大_碩班_AI學程\期刊研究\使用LSTM模型預測福壽雞隻重量\Code程式碼\LSTM_TransferLearning_SolarEnergy\reports\Solar Energy Result\實驗 A：Plant1 → Plant2\歷程記錄\transfer-learning (Unfreeze)_Batch=64&LR=1e-4_20250624\Plant2第二號發電機組\Plant1第一號發電機組\params.json","424","2025/6/24 下午 05:14:43"
"D:\HoChePing\北科大_碩班_AI學程\期刊研究\使用LSTM模型預測福壽雞隻重量\Code程式碼\LSTM_TransferLearning_SolarEnergy\reports\Solar Energy Result\實驗 A：Plant1 → Plant2\歷程記錄\transfer-learning (Unfreeze)_Batch=64&LR=1e-4_20250624\Plant2第二號發電機組\Plant1第一號發電機組\Plant1第一號發電機組_transferred_best_model.hdf5","610664","2025/6/24 下午 05:14:37"
"D:\HoChePing\北科大_碩班_AI學程\期刊研究\使用LSTM模型預測福壽雞隻重量\Code程式碼\LSTM_TransferLearning_SolarEnergy\reports\Solar Energy Result\實驗 A：Plant1 → Plant2\歷程記錄\transfer-learning (Unfreeze)_Batch=64&LR=1e-4_20250624\Plant2第二號發電機組\Plant1第一號發電機組\Plant2第二號發電機組 Learning Curve.png","106280","2025/6/24 下午 05:14:38"
"D:\HoChePing\北科大_碩班_AI學程\期刊研究\使用LSTM模型預測福壽雞隻重量\Code程式碼\LSTM_TransferLearning_SolarEnergy\reports\Solar Energy Result\實驗 A：Plant1 → Plant2\歷程記錄\transfer-learning (Unfreeze)_Batch=64&LR=1e-4_20250624\Plant2第二號發電機組\Plant1第一號發電機組\prediction.png","397690","2025/6/24 下午 05:14:43"
"D:\HoChePing\北科大_碩班_AI學程\期刊研究\使用LSTM模型預測福壽雞隻重量\Code程式碼\LSTM_TransferLearning_SolarEnergy\reports\Solar Energy Result\實驗 A：Plant1 → Plant2\歷程記錄\transfer-learning (Unfreeze)_Batch=64&LR=1e-4_20250624\Plant2第二號發電機組\Plant1第一號發電機組\Residual Plot.png","127697","2025/6/24 下午 05:14:43"
"D:\HoChePing\北科大_碩班_AI學程\期刊研究\使用LSTM模型預測福壽雞隻重量\Code程式碼\LSTM_TransferLearning_SolarEnergy\reports\Solar Energy Result\實驗 A：Plant1 → Plant2\歷程記錄\transfer-learning (Unfreeze)_Batch=64&LR=1e-4_20250624\Plant2第二號發電機組\Plant1第一號發電機組\yy_plot.png","101991","2025/6/24 下午 05:14:43"
"D:\HoChePing\北科大_碩班_AI學程\期刊研究\使用LSTM模型預測福壽雞隻重量\Code程式碼\LSTM_TransferLearning_SolarEnergy\reports\Solar Energy Result\實驗 A：Plant1 → Plant2\歷程記錄\transfer-learning (Unfreeze)_Batch=64&LR=1e-5_20250624\nb_batch20 training_parameters.txt","203","2025/6/24 下午 05:15:57"
"D:\HoChePing\北科大_碩班_AI學程\期刊研究\使用LSTM模型預測福壽雞隻重量\Code程式碼\LSTM_TransferLearning_SolarEnergy\reports\Solar Energy Result\實驗 A：Plant1 → Plant2\歷程記錄\transfer-learning (Unfreeze)_Batch=64&LR=1e-5_20250624\Plant2第二號發電機組\Plant1第一號發電機組\architecture.png","50778","2025/6/24 下午 05:15:56"
"D:\HoChePing\北科大_碩班_AI學程\期刊研究\使用LSTM模型預測福壽雞隻重量\Code程式碼\LSTM_TransferLearning_SolarEnergy\reports\Solar Energy Result\實驗 A：Plant1 → Plant2\歷程記錄\transfer-learning (Unfreeze)_Batch=64&LR=1e-5_20250624\Plant2第二號發電機組\Plant1第一號發電機組\epoch_log.csv","9217","2025/6/24 下午 05:16:02"
"D:\HoChePing\北科大_碩班_AI學程\期刊研究\使用LSTM模型預測福壽雞隻重量\Code程式碼\LSTM_TransferLearning_SolarEnergy\reports\Solar Energy Result\實驗 A：Plant1 → Plant2\歷程記錄\transfer-learning (Unfreeze)_Batch=64&LR=1e-5_20250624\Plant2第二號發電機組\Plant1第一號發電機組\Error Histogram.png","42035","2025/6/24 下午 05:16:07"
"D:\HoChePing\北科大_碩班_AI學程\期刊研究\使用LSTM模型預測福壽雞隻重量\Code程式碼\LSTM_TransferLearning_SolarEnergy\reports\Solar Energy Result\實驗 A：Plant1 → Plant2\歷程記錄\transfer-learning (Unfreeze)_Batch=64&LR=1e-5_20250624\Plant2第二號發電機組\Plant1第一號發電機組\log.txt","1454","2025/6/24 下午 05:16:07"
"D:\HoChePing\北科大_碩班_AI學程\期刊研究\使用LSTM模型預測福壽雞隻重量\Code程式碼\LSTM_TransferLearning_SolarEnergy\reports\Solar Energy Result\實驗 A：Plant1 → Plant2\歷程記錄\transfer-learning (Unfreeze)_Batch=64&LR=1e-5_20250624\Plant2第二號發電機組\Plant1第一號發電機組\params.json","424","2025/6/24 下午 05:16:07"
"D:\HoChePing\北科大_碩班_AI學程\期刊研究\使用LSTM模型預測福壽雞隻重量\Code程式碼\LSTM_TransferLearning_SolarEnergy\reports\Solar Energy Result\實驗 A：Plant1 → Plant2\歷程記錄\transfer-learning (Unfreeze)_Batch=64&LR=1e-5_20250624\Plant2第二號發電機組\Plant1第一號發電機組\Plant1第一號發電機組_transferred_best_model.hdf5","610664","2025/6/24 下午 05:16:02"
"D:\HoChePing\北科大_碩班_AI學程\期刊研究\使用LSTM模型預測福壽雞隻重量\Code程式碼\LSTM_TransferLearning_SolarEnergy\reports\Solar Energy Result\實驗 A：Plant1 → Plant2\歷程記錄\transfer-learning (Unfreeze)_Batch=64&LR=1e-5_20250624\Plant2第二號發電機組\Plant1第一號發電機組\Plant2第二號發電機組 Learning Curve.png","125813","2025/6/24 下午 05:16:03"
"D:\HoChePing\北科大_碩班_AI學程\期刊研究\使用LSTM模型預測福壽雞隻重量\Code程式碼\LSTM_TransferLearning_SolarEnergy\reports\Solar Energy Result\實驗 A：Plant1 → Plant2\歷程記錄\transfer-learning (Unfreeze)_Batch=64&LR=1e-5_20250624\Plant2第二號發電機組\Plant1第一號發電機組\prediction.png","410512","2025/6/24 下午 05:16:07"
"D:\HoChePing\北科大_碩班_AI學程\期刊研究\使用LSTM模型預測福壽雞隻重量\Code程式碼\LSTM_TransferLearning_SolarEnergy\reports\Solar Energy Result\實驗 A：Plant1 → Plant2\歷程記錄\transfer-learning (Unfreeze)_Batch=64&LR=1e-5_20250624\Plant2第二號發電機組\Plant1第一號發電機組\Residual Plot.png","129789","2025/6/24 下午 05:16:07"
"D:\HoChePing\北科大_碩班_AI學程\期刊研究\使用LSTM模型預測福壽雞隻重量\Code程式碼\LSTM_TransferLearning_SolarEnergy\reports\Solar Energy Result\實驗 A：Plant1 → Plant2\歷程記錄\transfer-learning (Unfreeze)_Batch=64&LR=1e-5_20250624\Plant2第二號發電機組\Plant1第一號發電機組\yy_plot.png","102816","2025/6/24 下午 05:16:07"
"D:\HoChePing\北科大_碩班_AI學程\期刊研究\使用LSTM模型預測福壽雞隻重量\Code程式碼\LSTM_TransferLearning_SolarEnergy\reports\Solar Energy Result\實驗 A：Plant1 → Plant2\歷程記錄\transfer-learning (Unfreeze)_Batch=64&LR=1e-5_20250624-1\nb_batch20 training_parameters.txt","203","2025/6/24 下午 05:32:28"
"D:\HoChePing\北科大_碩班_AI學程\期刊研究\使用LSTM模型預測福壽雞隻重量\Code程式碼\LSTM_TransferLearning_SolarEnergy\reports\Solar Energy Result\實驗 A：Plant1 → Plant2\歷程記錄\transfer-learning (Unfreeze)_Batch=64&LR=1e-5_20250624-1\Plant2第二號發電機組\Plant1第一號發電機組\architecture.png","50778","2025/6/24 下午 05:32:28"
"D:\HoChePing\北科大_碩班_AI學程\期刊研究\使用LSTM模型預測福壽雞隻重量\Code程式碼\LSTM_TransferLearning_SolarEnergy\reports\Solar Energy Result\實驗 A：Plant1 → Plant2\歷程記錄\transfer-learning (Unfreeze)_Batch=64&LR=1e-5_20250624-1\Plant2第二號發電機組\Plant1第一號發電機組\epoch_log.csv","9205","2025/6/24 下午 05:32:34"
"D:\HoChePing\北科大_碩班_AI學程\期刊研究\使用LSTM模型預測福壽雞隻重量\Code程式碼\LSTM_TransferLearning_SolarEnergy\reports\Solar Energy Result\實驗 A：Plant1 → Plant2\歷程記錄\transfer-learning (Unfreeze)_Batch=64&LR=1e-5_20250624-1\Plant2第二號發電機組\Plant1第一號發電機組\Error Histogram.png","42144","2025/6/24 下午 05:32:39"
"D:\HoChePing\北科大_碩班_AI學程\期刊研究\使用LSTM模型預測福壽雞隻重量\Code程式碼\LSTM_TransferLearning_SolarEnergy\reports\Solar Energy Result\實驗 A：Plant1 → Plant2\歷程記錄\transfer-learning (Unfreeze)_Batch=64&LR=1e-5_20250624-1\Plant2第二號發電機組\Plant1第一號發電機組\log.txt","1454","2025/6/24 下午 05:32:39"
"D:\HoChePing\北科大_碩班_AI學程\期刊研究\使用LSTM模型預測福壽雞隻重量\Code程式碼\LSTM_TransferLearning_SolarEnergy\reports\Solar Energy Result\實驗 A：Plant1 → Plant2\歷程記錄\transfer-learning (Unfreeze)_Batch=64&LR=1e-5_20250624-1\Plant2第二號發電機組\Plant1第一號發電機組\params.json","424","2025/6/24 下午 05:32:39"
"D:\HoChePing\北科大_碩班_AI學程\期刊研究\使用LSTM模型預測福壽雞隻重量\Code程式碼\LSTM_TransferLearning_SolarEnergy\reports\Solar Energy Result\實驗 A：Plant1 → Plant2\歷程記錄\transfer-learning (Unfreeze)_Batch=64&LR=1e-5_20250624-1\Plant2第二號發電機組\Plant1第一號發電機組\Plant1第一號發電機組_transferred_best_model.hdf5","610664","2025/6/24 下午 05:32:33"
"D:\HoChePing\北科大_碩班_AI學程\期刊研究\使用LSTM模型預測福壽雞隻重量\Code程式碼\LSTM_TransferLearning_SolarEnergy\reports\Solar Energy Result\實驗 A：Plant1 → Plant2\歷程記錄\transfer-learning (Unfreeze)_Batch=64&LR=1e-5_20250624-1\Plant2第二號發電機組\Plant1第一號發電機組\Plant2第二號發電機組 Learning Curve.png","123895","2025/6/24 下午 05:32:34"
"D:\HoChePing\北科大_碩班_AI學程\期刊研究\使用LSTM模型預測福壽雞隻重量\Code程式碼\LSTM_TransferLearning_SolarEnergy\reports\Solar Energy Result\實驗 A：Plant1 → Plant2\歷程記錄\transfer-learning (Unfreeze)_Batch=64&LR=1e-5_20250624-1\Plant2第二號發電機組\Plant1第一號發電機組\prediction.png","410638","2025/6/24 下午 05:32:38"
"D:\HoChePing\北科大_碩班_AI學程\期刊研究\使用LSTM模型預測福壽雞隻重量\Code程式碼\LSTM_TransferLearning_SolarEnergy\reports\Solar Energy Result\實驗 A：Plant1 → Plant2\歷程記錄\transfer-learning (Unfreeze)_Batch=64&LR=1e-5_20250624-1\Plant2第二號發電機組\Plant1第一號發電機組\Residual Plot.png","129479","2025/6/24 下午 05:32:39"
"D:\HoChePing\北科大_碩班_AI學程\期刊研究\使用LSTM模型預測福壽雞隻重量\Code程式碼\LSTM_TransferLearning_SolarEnergy\reports\Solar Energy Result\實驗 A：Plant1 → Plant2\歷程記錄\transfer-learning (Unfreeze)_Batch=64&LR=1e-5_20250624-1\Plant2第二號發電機組\Plant1第一號發電機組\yy_plot.png","102289","2025/6/24 下午 05:32:39"
"D:\HoChePing\北科大_碩班_AI學程\期刊研究\使用LSTM模型預測福壽雞隻重量\Code程式碼\LSTM_TransferLearning_SolarEnergy\reports\Solar Energy Result\實驗 A：Plant1 → Plant2\歷程記錄\transfer-learning (Unfreeze)_Batch=64&LR=3e-5_20250624\nb_batch20 training_parameters.txt","203","2025/6/24 下午 06:04:41"
"D:\HoChePing\北科大_碩班_AI學程\期刊研究\使用LSTM模型預測福壽雞隻重量\Code程式碼\LSTM_TransferLearning_SolarEnergy\reports\Solar Energy Result\實驗 A：Plant1 → Plant2\歷程記錄\transfer-learning (Unfreeze)_Batch=64&LR=3e-5_20250624\Plant2第二號發電機組\Plant1第一號發電機組\architecture.png","50778","2025/6/24 下午 06:04:40"
"D:\HoChePing\北科大_碩班_AI學程\期刊研究\使用LSTM模型預測福壽雞隻重量\Code程式碼\LSTM_TransferLearning_SolarEnergy\reports\Solar Energy Result\實驗 A：Plant1 → Plant2\歷程記錄\transfer-learning (Unfreeze)_Batch=64&LR=3e-5_20250624\Plant2第二號發電機組\Plant1第一號發電機組\epoch_log.csv","6277","2025/6/24 下午 06:04:45"
"D:\HoChePing\北科大_碩班_AI學程\期刊研究\使用LSTM模型預測福壽雞隻重量\Code程式碼\LSTM_TransferLearning_SolarEnergy\reports\Solar Energy Result\實驗 A：Plant1 → Plant2\歷程記錄\transfer-learning (Unfreeze)_Batch=64&LR=3e-5_20250624\Plant2第二號發電機組\Plant1第一號發電機組\Error Histogram.png","42924","2025/6/24 下午 06:04:51"
"D:\HoChePing\北科大_碩班_AI學程\期刊研究\使用LSTM模型預測福壽雞隻重量\Code程式碼\LSTM_TransferLearning_SolarEnergy\reports\Solar Energy Result\實驗 A：Plant1 → Plant2\歷程記錄\transfer-learning (Unfreeze)_Batch=64&LR=3e-5_20250624\Plant2第二號發電機組\Plant1第一號發電機組\log.txt","1454","2025/6/24 下午 06:04:50"
"D:\HoChePing\北科大_碩班_AI學程\期刊研究\使用LSTM模型預測福壽雞隻重量\Code程式碼\LSTM_TransferLearning_SolarEnergy\reports\Solar Energy Result\實驗 A：Plant1 → Plant2\歷程記錄\transfer-learning (Unfreeze)_Batch=64&LR=3e-5_20250624\Plant2第二號發電機組\Plant1第一號發電機組\params.json","423","2025/6/24 下午 06:04:50"
"D:\HoChePing\北科大_碩班_AI學程\期刊研究\使用LSTM模型預測福壽雞隻重量\Code程式碼\LSTM_TransferLearning_SolarEnergy\reports\Solar Energy Result\實驗 A：Plant1 → Plant2\歷程記錄\transfer-learning (Unfreeze)_Batch=64&LR=3e-5_20250624\Plant2第二號發電機組\Plant1第一號發電機組\Plant1第一號發電機組_transferred_best_model.hdf5","610664","2025/6/24 下午 06:04:44"
"D:\HoChePing\北科大_碩班_AI學程\期刊研究\使用LSTM模型預測福壽雞隻重量\Code程式碼\LSTM_TransferLearning_SolarEnergy\reports\Solar Energy Result\實驗 A：Plant1 → Plant2\歷程記錄\transfer-learning (Unfreeze)_Batch=64&LR=3e-5_20250624\Plant2第二號發電機組\Plant1第一號發電機組\Plant2第二號發電機組 Learning Curve.png","112447","2025/6/24 下午 06:04:46"
"D:\HoChePing\北科大_碩班_AI學程\期刊研究\使用LSTM模型預測福壽雞隻重量\Code程式碼\LSTM_TransferLearning_SolarEnergy\reports\Solar Energy Result\實驗 A：Plant1 → Plant2\歷程記錄\transfer-learning (Unfreeze)_Batch=64&LR=3e-5_20250624\Plant2第二號發電機組\Plant1第一號發電機組\prediction.png","414171","2025/6/24 下午 06:04:50"
"D:\HoChePing\北科大_碩班_AI學程\期刊研究\使用LSTM模型預測福壽雞隻重量\Code程式碼\LSTM_TransferLearning_SolarEnergy\reports\Solar Energy Result\實驗 A：Plant1 → Plant2\歷程記錄\transfer-learning (Unfreeze)_Batch=64&LR=3e-5_20250624\Plant2第二號發電機組\Plant1第一號發電機組\Residual Plot.png","130774","2025/6/24 下午 06:04:50"
"D:\HoChePing\北科大_碩班_AI學程\期刊研究\使用LSTM模型預測福壽雞隻重量\Code程式碼\LSTM_TransferLearning_SolarEnergy\reports\Solar Energy Result\實驗 A：Plant1 → Plant2\歷程記錄\transfer-learning (Unfreeze)_Batch=64&LR=3e-5_20250624\Plant2第二號發電機組\Plant1第一號發電機組\yy_plot.png","103205","2025/6/24 下午 06:04:50"
"D:\HoChePing\北科大_碩班_AI學程\期刊研究\使用LSTM模型預測福壽雞隻重量\Code程式碼\LSTM_TransferLearning_SolarEnergy\reports\Solar Energy Result\實驗 A：Plant1 → Plant2\歷程記錄\transfer-learning (Unfreeze)_Batch=8&LR=3e-5_20250624\nb_batch20 training_parameters.txt","202","2025/6/24 下午 06:08:03"
"D:\HoChePing\北科大_碩班_AI學程\期刊研究\使用LSTM模型預測福壽雞隻重量\Code程式碼\LSTM_TransferLearning_SolarEnergy\reports\Solar Energy Result\實驗 A：Plant1 → Plant2\歷程記錄\transfer-learning (Unfreeze)_Batch=8&LR=3e-5_20250624\Plant2第二號發電機組\Plant1第一號發電機組\architecture.png","50778","2025/6/24 下午 06:08:02"
"D:\HoChePing\北科大_碩班_AI學程\期刊研究\使用LSTM模型預測福壽雞隻重量\Code程式碼\LSTM_TransferLearning_SolarEnergy\reports\Solar Energy Result\實驗 A：Plant1 → Plant2\歷程記錄\transfer-learning (Unfreeze)_Batch=8&LR=3e-5_20250624\Plant2第二號發電機組\Plant1第一號發電機組\epoch_log.csv","7311","2025/6/24 下午 06:08:12"
"D:\HoChePing\北科大_碩班_AI學程\期刊研究\使用LSTM模型預測福壽雞隻重量\Code程式碼\LSTM_TransferLearning_SolarEnergy\reports\Solar Energy Result\實驗 A：Plant1 → Plant2\歷程記錄\transfer-learning (Unfreeze)_Batch=8&LR=3e-5_20250624\Plant2第二號發電機組\Plant1第一號發電機組\Error Histogram.png","43039","2025/6/24 下午 06:08:17"
"D:\HoChePing\北科大_碩班_AI學程\期刊研究\使用LSTM模型預測福壽雞隻重量\Code程式碼\LSTM_TransferLearning_SolarEnergy\reports\Solar Energy Result\實驗 A：Plant1 → Plant2\歷程記錄\transfer-learning (Unfreeze)_Batch=8&LR=3e-5_20250624\Plant2第二號發電機組\Plant1第一號發電機組\log.txt","1454","2025/6/24 下午 06:08:17"
"D:\HoChePing\北科大_碩班_AI學程\期刊研究\使用LSTM模型預測福壽雞隻重量\Code程式碼\LSTM_TransferLearning_SolarEnergy\reports\Solar Energy Result\實驗 A：Plant1 → Plant2\歷程記錄\transfer-learning (Unfreeze)_Batch=8&LR=3e-5_20250624\Plant2第二號發電機組\Plant1第一號發電機組\params.json","424","2025/6/24 下午 06:08:17"
"D:\HoChePing\北科大_碩班_AI學程\期刊研究\使用LSTM模型預測福壽雞隻重量\Code程式碼\LSTM_TransferLearning_SolarEnergy\reports\Solar Energy Result\實驗 A：Plant1 → Plant2\歷程記錄\transfer-learning (Unfreeze)_Batch=8&LR=3e-5_20250624\Plant2第二號發電機組\Plant1第一號發電機組\Plant1第一號發電機組_transferred_best_model.hdf5","610664","2025/6/24 下午 06:08:10"
"D:\HoChePing\北科大_碩班_AI學程\期刊研究\使用LSTM模型預測福壽雞隻重量\Code程式碼\LSTM_TransferLearning_SolarEnergy\reports\Solar Energy Result\實驗 A：Plant1 → Plant2\歷程記錄\transfer-learning (Unfreeze)_Batch=8&LR=3e-5_20250624\Plant2第二號發電機組\Plant1第一號發電機組\Plant2第二號發電機組 Learning Curve.png","187634","2025/6/24 下午 06:08:13"
"D:\HoChePing\北科大_碩班_AI學程\期刊研究\使用LSTM模型預測福壽雞隻重量\Code程式碼\LSTM_TransferLearning_SolarEnergy\reports\Solar Energy Result\實驗 A：Plant1 → Plant2\歷程記錄\transfer-learning (Unfreeze)_Batch=8&LR=3e-5_20250624\Plant2第二號發電機組\Plant1第一號發電機組\prediction.png","398775","2025/6/24 下午 06:08:17"
"D:\HoChePing\北科大_碩班_AI學程\期刊研究\使用LSTM模型預測福壽雞隻重量\Code程式碼\LSTM_TransferLearning_SolarEnergy\reports\Solar Energy Result\實驗 A：Plant1 → Plant2\歷程記錄\transfer-learning (Unfreeze)_Batch=8&LR=3e-5_20250624\Plant2第二號發電機組\Plant1第一號發電機組\Residual Plot.png","126128","2025/6/24 下午 06:08:17"
"D:\HoChePing\北科大_碩班_AI學程\期刊研究\使用LSTM模型預測福壽雞隻重量\Code程式碼\LSTM_TransferLearning_SolarEnergy\reports\Solar Energy Result\實驗 A：Plant1 → Plant2\歷程記錄\transfer-learning (Unfreeze)_Batch=8&LR=3e-5_20250624\Plant2第二號發電機組\Plant1第一號發電機組\yy_plot.png","101480","2025/6/24 下午 06:08:17"
"D:\HoChePing\北科大_碩班_AI學程\期刊研究\使用LSTM模型預測福壽雞隻重量\Code程式碼\LSTM_TransferLearning_SolarEnergy\reports\Solar Energy Result\實驗 A：Plant1 → Plant2\歷程記錄\transfer-learning (Unfreeze)__Batch=128&LR=1e-5_20250624\nb_batch20 training_parameters.txt","204","2025/6/24 下午 05:17:38"
"D:\HoChePing\北科大_碩班_AI學程\期刊研究\使用LSTM模型預測福壽雞隻重量\Code程式碼\LSTM_TransferLearning_SolarEnergy\reports\Solar Energy Result\實驗 A：Plant1 → Plant2\歷程記錄\transfer-learning (Unfreeze)__Batch=128&LR=1e-5_20250624\Plant2第二號發電機組\Plant1第一號發電機組\architecture.png","50778","2025/6/24 下午 05:17:37"
"D:\HoChePing\北科大_碩班_AI學程\期刊研究\使用LSTM模型預測福壽雞隻重量\Code程式碼\LSTM_TransferLearning_SolarEnergy\reports\Solar Energy Result\實驗 A：Plant1 → Plant2\歷程記錄\transfer-learning (Unfreeze)__Batch=128&LR=1e-5_20250624\Plant2第二號發電機組\Plant1第一號發電機組\epoch_log.csv","16567","2025/6/24 下午 05:17:47"
"D:\HoChePing\北科大_碩班_AI學程\期刊研究\使用LSTM模型預測福壽雞隻重量\Code程式碼\LSTM_TransferLearning_SolarEnergy\reports\Solar Energy Result\實驗 A：Plant1 → Plant2\歷程記錄\transfer-learning (Unfreeze)__Batch=128&LR=1e-5_20250624\Plant2第二號發電機組\Plant1第一號發電機組\Error Histogram.png","43019","2025/6/24 下午 05:17:52"
"D:\HoChePing\北科大_碩班_AI學程\期刊研究\使用LSTM模型預測福壽雞隻重量\Code程式碼\LSTM_TransferLearning_SolarEnergy\reports\Solar Energy Result\實驗 A：Plant1 → Plant2\歷程記錄\transfer-learning (Unfreeze)__Batch=128&LR=1e-5_20250624\Plant2第二號發電機組\Plant1第一號發電機組\log.txt","1454","2025/6/24 下午 05:17:52"
"D:\HoChePing\北科大_碩班_AI學程\期刊研究\使用LSTM模型預測福壽雞隻重量\Code程式碼\LSTM_TransferLearning_SolarEnergy\reports\Solar Energy Result\實驗 A：Plant1 → Plant2\歷程記錄\transfer-learning (Unfreeze)__Batch=128&LR=1e-5_20250624\Plant2第二號發電機組\Plant1第一號發電機組\params.json","423","2025/6/24 下午 05:17:52"
"D:\HoChePing\北科大_碩班_AI學程\期刊研究\使用LSTM模型預測福壽雞隻重量\Code程式碼\LSTM_TransferLearning_SolarEnergy\reports\Solar Energy Result\實驗 A：Plant1 → Plant2\歷程記錄\transfer-learning (Unfreeze)__Batch=128&LR=1e-5_20250624\Plant2第二號發電機組\Plant1第一號發電機組\Plant1第一號發電機組_transferred_best_model.hdf5","610664","2025/6/24 下午 05:17:46"
"D:\HoChePing\北科大_碩班_AI學程\期刊研究\使用LSTM模型預測福壽雞隻重量\Code程式碼\LSTM_TransferLearning_SolarEnergy\reports\Solar Energy Result\實驗 A：Plant1 → Plant2\歷程記錄\transfer-learning (Unfreeze)__Batch=128&LR=1e-5_20250624\Plant2第二號發電機組\Plant1第一號發電機組\Plant2第二號發電機組 Learning Curve.png","111896","2025/6/24 下午 05:17:48"
"D:\HoChePing\北科大_碩班_AI學程\期刊研究\使用LSTM模型預測福壽雞隻重量\Code程式碼\LSTM_TransferLearning_SolarEnergy\reports\Solar Energy Result\實驗 A：Plant1 → Plant2\歷程記錄\transfer-learning (Unfreeze)__Batch=128&LR=1e-5_20250624\Plant2第二號發電機組\Plant1第一號發電機組\prediction.png","409812","2025/6/24 下午 05:17:52"
"D:\HoChePing\北科大_碩班_AI學程\期刊研究\使用LSTM模型預測福壽雞隻重量\Code程式碼\LSTM_TransferLearning_SolarEnergy\reports\Solar Energy Result\實驗 A：Plant1 → Plant2\歷程記錄\transfer-learning (Unfreeze)__Batch=128&LR=1e-5_20250624\Plant2第二號發電機組\Plant1第一號發電機組\Residual Plot.png","131093","2025/6/24 下午 05:17:52"
"D:\HoChePing\北科大_碩班_AI學程\期刊研究\使用LSTM模型預測福壽雞隻重量\Code程式碼\LSTM_TransferLearning_SolarEnergy\reports\Solar Energy Result\實驗 A：Plant1 → Plant2\歷程記錄\transfer-learning (Unfreeze)__Batch=128&LR=1e-5_20250624\Plant2第二號發電機組\Plant1第一號發電機組\yy_plot.png","102852","2025/6/24 下午 05:17:52"
"D:\HoChePing\北科大_碩班_AI學程\期刊研究\使用LSTM模型預測福壽雞隻重量\Code程式碼\LSTM_TransferLearning_SolarEnergy\reports\Solar Energy Result\實驗 A：Plant1 → Plant2\歷程記錄\without-transfer-learning (batch size=64)_20250624\nb_batch20 training_parameters.txt","203","2025/6/24 下午 03:45:25"
"D:\HoChePing\北科大_碩班_AI學程\期刊研究\使用LSTM模型預測福壽雞隻重量\Code程式碼\LSTM_TransferLearning_SolarEnergy\reports\Solar Energy Result\實驗 A：Plant1 → Plant2\歷程記錄\without-transfer-learning (batch size=64)_20250624\Plant2第二號發電機組\architecture.png","50778","2025/6/24 下午 03:45:25"
"D:\HoChePing\北科大_碩班_AI學程\期刊研究\使用LSTM模型預測福壽雞隻重量\Code程式碼\LSTM_TransferLearning_SolarEnergy\reports\Solar Energy Result\實驗 A：Plant1 → Plant2\歷程記錄\without-transfer-learning (batch size=64)_20250624\Plant2第二號發電機組\best_model.hdf5","610544","2025/6/24 下午 03:45:34"
"D:\HoChePing\北科大_碩班_AI學程\期刊研究\使用LSTM模型預測福壽雞隻重量\Code程式碼\LSTM_TransferLearning_SolarEnergy\reports\Solar Energy Result\實驗 A：Plant1 → Plant2\歷程記錄\without-transfer-learning (batch size=64)_20250624\Plant2第二號發電機組\epoch_log.csv","18423","2025/6/24 下午 03:45:35"
"D:\HoChePing\北科大_碩班_AI學程\期刊研究\使用LSTM模型預測福壽雞隻重量\Code程式碼\LSTM_TransferLearning_SolarEnergy\reports\Solar Energy Result\實驗 A：Plant1 → Plant2\歷程記錄\without-transfer-learning (batch size=64)_20250624\Plant2第二號發電機組\Error Histogram.png","44124","2025/6/24 下午 03:45:40"
"D:\HoChePing\北科大_碩班_AI學程\期刊研究\使用LSTM模型預測福壽雞隻重量\Code程式碼\LSTM_TransferLearning_SolarEnergy\reports\Solar Energy Result\實驗 A：Plant1 → Plant2\歷程記錄\without-transfer-learning (batch size=64)_20250624\Plant2第二號發電機組\log.txt","1454","2025/6/24 下午 03:45:39"
"D:\HoChePing\北科大_碩班_AI學程\期刊研究\使用LSTM模型預測福壽雞隻重量\Code程式碼\LSTM_TransferLearning_SolarEnergy\reports\Solar Energy Result\實驗 A：Plant1 → Plant2\歷程記錄\without-transfer-learning (batch size=64)_20250624\Plant2第二號發電機組\params.json","433","2025/6/24 下午 03:45:39"
"D:\HoChePing\北科大_碩班_AI學程\期刊研究\使用LSTM模型預測福壽雞隻重量\Code程式碼\LSTM_TransferLearning_SolarEnergy\reports\Solar Energy Result\實驗 A：Plant1 → Plant2\歷程記錄\without-transfer-learning (batch size=64)_20250624\Plant2第二號發電機組\Plant2第二號發電機組 Learning Curve.png","134944","2025/6/24 下午 03:45:36"
"D:\HoChePing\北科大_碩班_AI學程\期刊研究\使用LSTM模型預測福壽雞隻重量\Code程式碼\LSTM_TransferLearning_SolarEnergy\reports\Solar Energy Result\實驗 A：Plant1 → Plant2\歷程記錄\without-transfer-learning (batch size=64)_20250624\Plant2第二號發電機組\prediction.png","418058","2025/6/24 下午 03:45:39"
"D:\HoChePing\北科大_碩班_AI學程\期刊研究\使用LSTM模型預測福壽雞隻重量\Code程式碼\LSTM_TransferLearning_SolarEnergy\reports\Solar Energy Result\實驗 A：Plant1 → Plant2\歷程記錄\without-transfer-learning (batch size=64)_20250624\Plant2第二號發電機組\Residual Plot.png","128163","2025/6/24 下午 03:45:40"
"D:\HoChePing\北科大_碩班_AI學程\期刊研究\使用LSTM模型預測福壽雞隻重量\Code程式碼\LSTM_TransferLearning_SolarEnergy\reports\Solar Energy Result\實驗 A：Plant1 → Plant2\歷程記錄\without-transfer-learning (batch size=64)_20250624\Plant2第二號發電機組\yy_plot.png","101630","2025/6/24 下午 03:45:39"
"D:\HoChePing\北科大_碩班_AI學程\期刊研究\使用LSTM模型預測福壽雞隻重量\Code程式碼\LSTM_TransferLearning_SolarEnergy\reports\Solar Energy Result\實驗 B：Plant2 → Plant1\實驗B(Plant2 → Plant1 )遷移學習成效.xlsx","10690","2025/6/27 下午 06:17:14"
"D:\HoChePing\北科大_碩班_AI學程\期刊研究\使用LSTM模型預測福壽雞隻重量\Code程式碼\LSTM_TransferLearning_SolarEnergy\reports\Solar Energy Result\實驗 B：Plant2 → Plant1\pre-train\nb_batch20 training_parameters.txt","204","2025/6/27 下午 05:40:17"
"D:\HoChePing\北科大_碩班_AI學程\期刊研究\使用LSTM模型預測福壽雞隻重量\Code程式碼\LSTM_TransferLearning_SolarEnergy\reports\Solar Energy Result\實驗 B：Plant2 → Plant1\pre-train\Plant2第二號發電機組\architecture.png","50778","2025/6/27 下午 05:40:17"
"D:\HoChePing\北科大_碩班_AI學程\期刊研究\使用LSTM模型預測福壽雞隻重量\Code程式碼\LSTM_TransferLearning_SolarEnergy\reports\Solar Energy Result\實驗 B：Plant2 → Plant1\pre-train\Plant2第二號發電機組\best_model.hdf5","610544","2025/6/27 下午 05:40:42"
"D:\HoChePing\北科大_碩班_AI學程\期刊研究\使用LSTM模型預測福壽雞隻重量\Code程式碼\LSTM_TransferLearning_SolarEnergy\reports\Solar Energy Result\實驗 B：Plant2 → Plant1\pre-train\Plant2第二號發電機組\epoch_log.csv","30941","2025/6/27 下午 05:40:44"
"D:\HoChePing\北科大_碩班_AI學程\期刊研究\使用LSTM模型預測福壽雞隻重量\Code程式碼\LSTM_TransferLearning_SolarEnergy\reports\Solar Energy Result\實驗 B：Plant2 → Plant1\pre-train\Plant2第二號發電機組\Error Histogram.png","44757","2025/6/27 下午 05:40:45"
"D:\HoChePing\北科大_碩班_AI學程\期刊研究\使用LSTM模型預測福壽雞隻重量\Code程式碼\LSTM_TransferLearning_SolarEnergy\reports\Solar Energy Result\實驗 B：Plant2 → Plant1\pre-train\Plant2第二號發電機組\log.txt","1454","2025/6/27 下午 05:40:45"
"D:\HoChePing\北科大_碩班_AI學程\期刊研究\使用LSTM模型預測福壽雞隻重量\Code程式碼\LSTM_TransferLearning_SolarEnergy\reports\Solar Energy Result\實驗 B：Plant2 → Plant1\pre-train\Plant2第二號發電機組\params.json","459","2025/6/27 下午 05:40:45"
"D:\HoChePing\北科大_碩班_AI學程\期刊研究\使用LSTM模型預測福壽雞隻重量\Code程式碼\LSTM_TransferLearning_SolarEnergy\reports\Solar Energy Result\實驗 B：Plant2 → Plant1\pre-train\Plant2第二號發電機組\Plant2第二號發電機組 Learning Curve.png","127751","2025/6/27 下午 05:40:44"
"D:\HoChePing\北科大_碩班_AI學程\期刊研究\使用LSTM模型預測福壽雞隻重量\Code程式碼\LSTM_TransferLearning_SolarEnergy\reports\Solar Energy Result\實驗 B：Plant2 → Plant1\pre-train\Plant2第二號發電機組\prediction.png","232946","2025/6/27 下午 05:40:45"
"D:\HoChePing\北科大_碩班_AI學程\期刊研究\使用LSTM模型預測福壽雞隻重量\Code程式碼\LSTM_TransferLearning_SolarEnergy\reports\Solar Energy Result\實驗 B：Plant2 → Plant1\pre-train\Plant2第二號發電機組\Residual Plot.png","75852","2025/6/27 下午 05:40:45"
"D:\HoChePing\北科大_碩班_AI學程\期刊研究\使用LSTM模型預測福壽雞隻重量\Code程式碼\LSTM_TransferLearning_SolarEnergy\reports\Solar Energy Result\實驗 B：Plant2 → Plant1\pre-train\Plant2第二號發電機組\yy_plot.png","71639","2025/6/27 下午 05:40:45"
"D:\HoChePing\北科大_碩班_AI學程\期刊研究\使用LSTM模型預測福壽雞隻重量\Code程式碼\LSTM_TransferLearning_SolarEnergy\reports\Solar Energy Result\實驗 B：Plant2 → Plant1\pre-train\Plant2第二號發電機組\螢幕擷取畫面 2025-06-27 174331.png","72021","2025/6/27 下午 05:43:48"
"D:\HoChePing\北科大_碩班_AI學程\期刊研究\使用LSTM模型預測福壽雞隻重量\Code程式碼\LSTM_TransferLearning_SolarEnergy\reports\Solar Energy Result\實驗 B：Plant2 → Plant1\transfer-learning (Freeze)\nb_batch20 training_parameters.txt","204","2025/6/27 下午 05:51:38"
"D:\HoChePing\北科大_碩班_AI學程\期刊研究\使用LSTM模型預測福壽雞隻重量\Code程式碼\LSTM_TransferLearning_SolarEnergy\reports\Solar Energy Result\實驗 B：Plant2 → Plant1\transfer-learning (Freeze)\Plant1第一號發電機組\Plant2第二號發電機組\architecture.png","50778","2025/6/27 下午 05:51:37"
"D:\HoChePing\北科大_碩班_AI學程\期刊研究\使用LSTM模型預測福壽雞隻重量\Code程式碼\LSTM_TransferLearning_SolarEnergy\reports\Solar Energy Result\實驗 B：Plant2 → Plant1\transfer-learning (Freeze)\Plant1第一號發電機組\Plant2第二號發電機組\epoch_log.csv","12951","2025/6/27 下午 05:51:46"
"D:\HoChePing\北科大_碩班_AI學程\期刊研究\使用LSTM模型預測福壽雞隻重量\Code程式碼\LSTM_TransferLearning_SolarEnergy\reports\Solar Energy Result\實驗 B：Plant2 → Plant1\transfer-learning (Freeze)\Plant1第一號發電機組\Plant2第二號發電機組\Error Histogram.png","42236","2025/6/27 下午 05:51:50"
"D:\HoChePing\北科大_碩班_AI學程\期刊研究\使用LSTM模型預測福壽雞隻重量\Code程式碼\LSTM_TransferLearning_SolarEnergy\reports\Solar Energy Result\實驗 B：Plant2 → Plant1\transfer-learning (Freeze)\Plant1第一號發電機組\Plant2第二號發電機組\log.txt","1454","2025/6/27 下午 05:51:50"
"D:\HoChePing\北科大_碩班_AI學程\期刊研究\使用LSTM模型預測福壽雞隻重量\Code程式碼\LSTM_TransferLearning_SolarEnergy\reports\Solar Energy Result\實驗 B：Plant2 → Plant1\transfer-learning (Freeze)\Plant1第一號發電機組\Plant2第二號發電機組\params.json","423","2025/6/27 下午 05:51:50"
"D:\HoChePing\北科大_碩班_AI學程\期刊研究\使用LSTM模型預測福壽雞隻重量\Code程式碼\LSTM_TransferLearning_SolarEnergy\reports\Solar Energy Result\實驗 B：Plant2 → Plant1\transfer-learning (Freeze)\Plant1第一號發電機組\Plant2第二號發電機組\Plant1第一號發電機組 Learning Curve.png","111915","2025/6/27 下午 05:51:46"
"D:\HoChePing\北科大_碩班_AI學程\期刊研究\使用LSTM模型預測福壽雞隻重量\Code程式碼\LSTM_TransferLearning_SolarEnergy\reports\Solar Energy Result\實驗 B：Plant2 → Plant1\transfer-learning (Freeze)\Plant1第一號發電機組\Plant2第二號發電機組\Plant2第二號發電機組_transferred_best_model.hdf5","227920","2025/6/27 下午 05:51:45"
"D:\HoChePing\北科大_碩班_AI學程\期刊研究\使用LSTM模型預測福壽雞隻重量\Code程式碼\LSTM_TransferLearning_SolarEnergy\reports\Solar Energy Result\實驗 B：Plant2 → Plant1\transfer-learning (Freeze)\Plant1第一號發電機組\Plant2第二號發電機組\prediction.png","473462","2025/6/27 下午 05:51:50"
"D:\HoChePing\北科大_碩班_AI學程\期刊研究\使用LSTM模型預測福壽雞隻重量\Code程式碼\LSTM_TransferLearning_SolarEnergy\reports\Solar Energy Result\實驗 B：Plant2 → Plant1\transfer-learning (Freeze)\Plant1第一號發電機組\Plant2第二號發電機組\Residual Plot.png","130273","2025/6/27 下午 05:51:50"
"D:\HoChePing\北科大_碩班_AI學程\期刊研究\使用LSTM模型預測福壽雞隻重量\Code程式碼\LSTM_TransferLearning_SolarEnergy\reports\Solar Energy Result\實驗 B：Plant2 → Plant1\transfer-learning (Freeze)\Plant1第一號發電機組\Plant2第二號發電機組\yy_plot.png","100922","2025/6/27 下午 05:51:50"
"D:\HoChePing\北科大_碩班_AI學程\期刊研究\使用LSTM模型預測福壽雞隻重量\Code程式碼\LSTM_TransferLearning_SolarEnergy\reports\Solar Energy Result\實驗 B：Plant2 → Plant1\transfer-learning (Unfreeze)\nb_batch20 training_parameters.txt","204","2025/6/27 下午 05:50:47"
"D:\HoChePing\北科大_碩班_AI學程\期刊研究\使用LSTM模型預測福壽雞隻重量\Code程式碼\LSTM_TransferLearning_SolarEnergy\reports\Solar Energy Result\實驗 B：Plant2 → Plant1\transfer-learning (Unfreeze)\Plant1第一號發電機組\Plant2第二號發電機組\architecture.png","50778","2025/6/27 下午 05:50:47"
"D:\HoChePing\北科大_碩班_AI學程\期刊研究\使用LSTM模型預測福壽雞隻重量\Code程式碼\LSTM_TransferLearning_SolarEnergy\reports\Solar Energy Result\實驗 B：Plant2 → Plant1\transfer-learning (Unfreeze)\Plant1第一號發電機組\Plant2第二號發電機組\epoch_log.csv","16177","2025/6/27 下午 05:50:57"
"D:\HoChePing\北科大_碩班_AI學程\期刊研究\使用LSTM模型預測福壽雞隻重量\Code程式碼\LSTM_TransferLearning_SolarEnergy\reports\Solar Energy Result\實驗 B：Plant2 → Plant1\transfer-learning (Unfreeze)\Plant1第一號發電機組\Plant2第二號發電機組\Error Histogram.png","46492","2025/6/27 下午 05:51:02"
"D:\HoChePing\北科大_碩班_AI學程\期刊研究\使用LSTM模型預測福壽雞隻重量\Code程式碼\LSTM_TransferLearning_SolarEnergy\reports\Solar Energy Result\實驗 B：Plant2 → Plant1\transfer-learning (Unfreeze)\Plant1第一號發電機組\Plant2第二號發電機組\log.txt","1454","2025/6/27 下午 05:51:02"
"D:\HoChePing\北科大_碩班_AI學程\期刊研究\使用LSTM模型預測福壽雞隻重量\Code程式碼\LSTM_TransferLearning_SolarEnergy\reports\Solar Energy Result\實驗 B：Plant2 → Plant1\transfer-learning (Unfreeze)\Plant1第一號發電機組\Plant2第二號發電機組\params.json","422","2025/6/27 下午 05:51:02"
"D:\HoChePing\北科大_碩班_AI學程\期刊研究\使用LSTM模型預測福壽雞隻重量\Code程式碼\LSTM_TransferLearning_SolarEnergy\reports\Solar Energy Result\實驗 B：Plant2 → Plant1\transfer-learning (Unfreeze)\Plant1第一號發電機組\Plant2第二號發電機組\Plant1第一號發電機組 Learning Curve.png","106694","2025/6/27 下午 05:50:58"
"D:\HoChePing\北科大_碩班_AI學程\期刊研究\使用LSTM模型預測福壽雞隻重量\Code程式碼\LSTM_TransferLearning_SolarEnergy\reports\Solar Energy Result\實驗 B：Plant2 → Plant1\transfer-learning (Unfreeze)\Plant1第一號發電機組\Plant2第二號發電機組\Plant2第二號發電機組_transferred_best_model.hdf5","610664","2025/6/27 下午 05:50:56"
"D:\HoChePing\北科大_碩班_AI學程\期刊研究\使用LSTM模型預測福壽雞隻重量\Code程式碼\LSTM_TransferLearning_SolarEnergy\reports\Solar Energy Result\實驗 B：Plant2 → Plant1\transfer-learning (Unfreeze)\Plant1第一號發電機組\Plant2第二號發電機組\prediction.png","426871","2025/6/27 下午 05:51:02"
"D:\HoChePing\北科大_碩班_AI學程\期刊研究\使用LSTM模型預測福壽雞隻重量\Code程式碼\LSTM_TransferLearning_SolarEnergy\reports\Solar Energy Result\實驗 B：Plant2 → Plant1\transfer-learning (Unfreeze)\Plant1第一號發電機組\Plant2第二號發電機組\Residual Plot.png","121860","2025/6/27 下午 05:51:02"
"D:\HoChePing\北科大_碩班_AI學程\期刊研究\使用LSTM模型預測福壽雞隻重量\Code程式碼\LSTM_TransferLearning_SolarEnergy\reports\Solar Energy Result\實驗 B：Plant2 → Plant1\transfer-learning (Unfreeze)\Plant1第一號發電機組\Plant2第二號發電機組\yy_plot.png","102354","2025/6/27 下午 05:51:02"
"D:\HoChePing\北科大_碩班_AI學程\期刊研究\使用LSTM模型預測福壽雞隻重量\Code程式碼\LSTM_TransferLearning_SolarEnergy\reports\Solar Energy Result\實驗 B：Plant2 → Plant1\transfer-learning (Unfreeze)\Plant1第一號發電機組\Plant2第二號發電機組\螢幕擷取畫面 2025-06-28 163251.png","61229","2025/6/28 下午 04:33:09"
"D:\HoChePing\北科大_碩班_AI學程\期刊研究\使用LSTM模型預測福壽雞隻重量\Code程式碼\LSTM_TransferLearning_SolarEnergy\reports\Solar Energy Result\實驗 B：Plant2 → Plant1\without-transfer-learning\nb_batch20 training_parameters.txt","204","2025/6/27 下午 05:44:13"
"D:\HoChePing\北科大_碩班_AI學程\期刊研究\使用LSTM模型預測福壽雞隻重量\Code程式碼\LSTM_TransferLearning_SolarEnergy\reports\Solar Energy Result\實驗 B：Plant2 → Plant1\without-transfer-learning\Plant1第一號發電機組\architecture.png","50778","2025/6/27 下午 05:44:13"
"D:\HoChePing\北科大_碩班_AI學程\期刊研究\使用LSTM模型預測福壽雞隻重量\Code程式碼\LSTM_TransferLearning_SolarEnergy\reports\Solar Energy Result\實驗 B：Plant2 → Plant1\without-transfer-learning\Plant1第一號發電機組\best_model.hdf5","610544","2025/6/27 下午 05:45:06"
"D:\HoChePing\北科大_碩班_AI學程\期刊研究\使用LSTM模型預測福壽雞隻重量\Code程式碼\LSTM_TransferLearning_SolarEnergy\reports\Solar Energy Result\實驗 B：Plant2 → Plant1\without-transfer-learning\Plant1第一號發電機組\epoch_log.csv","98545","2025/6/27 下午 05:45:07"
"D:\HoChePing\北科大_碩班_AI學程\期刊研究\使用LSTM模型預測福壽雞隻重量\Code程式碼\LSTM_TransferLearning_SolarEnergy\reports\Solar Energy Result\實驗 B：Plant2 → Plant1\without-transfer-learning\Plant1第一號發電機組\Error Histogram.png","42830","2025/6/27 下午 05:45:11"
"D:\HoChePing\北科大_碩班_AI學程\期刊研究\使用LSTM模型預測福壽雞隻重量\Code程式碼\LSTM_TransferLearning_SolarEnergy\reports\Solar Energy Result\實驗 B：Plant2 → Plant1\without-transfer-learning\Plant1第一號發電機組\log.txt","1454","2025/6/27 下午 05:45:11"
"D:\HoChePing\北科大_碩班_AI學程\期刊研究\使用LSTM模型預測福壽雞隻重量\Code程式碼\LSTM_TransferLearning_SolarEnergy\reports\Solar Energy Result\實驗 B：Plant2 → Plant1\without-transfer-learning\Plant1第一號發電機組\params.json","430","2025/6/27 下午 05:45:11"
"D:\HoChePing\北科大_碩班_AI學程\期刊研究\使用LSTM模型預測福壽雞隻重量\Code程式碼\LSTM_TransferLearning_SolarEnergy\reports\Solar Energy Result\實驗 B：Plant2 → Plant1\without-transfer-learning\Plant1第一號發電機組\Plant1第一號發電機組 Learning Curve.png","151087","2025/6/27 下午 05:45:07"
"D:\HoChePing\北科大_碩班_AI學程\期刊研究\使用LSTM模型預測福壽雞隻重量\Code程式碼\LSTM_TransferLearning_SolarEnergy\reports\Solar Energy Result\實驗 B：Plant2 → Plant1\without-transfer-learning\Plant1第一號發電機組\prediction.png","420879","2025/6/27 下午 05:45:11"
"D:\HoChePing\北科大_碩班_AI學程\期刊研究\使用LSTM模型預測福壽雞隻重量\Code程式碼\LSTM_TransferLearning_SolarEnergy\reports\Solar Energy Result\實驗 B：Plant2 → Plant1\without-transfer-learning\Plant1第一號發電機組\Residual Plot.png","121480","2025/6/27 下午 05:45:11"
"D:\HoChePing\北科大_碩班_AI學程\期刊研究\使用LSTM模型預測福壽雞隻重量\Code程式碼\LSTM_TransferLearning_SolarEnergy\reports\Solar Energy Result\實驗 B：Plant2 → Plant1\without-transfer-learning\Plant1第一號發電機組\yy_plot.png","100134","2025/6/27 下午 05:45:11"
"D:\HoChePing\北科大_碩班_AI學程\期刊研究\使用LSTM模型預測福壽雞隻重量\Code程式碼\LSTM_TransferLearning_SolarEnergy\reports\Solar Energy Result\實驗 B：Plant2 → Plant1\without-transfer-learning\Plant1第一號發電機組\螢幕擷取畫面 2025-06-27 174752.png","128274","2025/6/27 下午 05:48:01"
"D:\HoChePing\北科大_碩班_AI學程\期刊研究\使用LSTM模型預測福壽雞隻重量\Code程式碼\LSTM_TransferLearning_SolarEnergy\reports\Solar Energy Result\實驗 B：Plant2 → Plant1\歷程記錄\pre-train_20250627\nb_batch20 training_parameters.txt","204","2025/6/27 下午 05:15:58"
"D:\HoChePing\北科大_碩班_AI學程\期刊研究\使用LSTM模型預測福壽雞隻重量\Code程式碼\LSTM_TransferLearning_SolarEnergy\reports\Solar Energy Result\實驗 B：Plant2 → Plant1\歷程記錄\pre-train_20250627\Plant2第二號發電機組\architecture.png","50778","2025/6/27 下午 05:15:58"
"D:\HoChePing\北科大_碩班_AI學程\期刊研究\使用LSTM模型預測福壽雞隻重量\Code程式碼\LSTM_TransferLearning_SolarEnergy\reports\Solar Energy Result\實驗 B：Plant2 → Plant1\歷程記錄\pre-train_20250627\Plant2第二號發電機組\best_model.hdf5","610544","2025/6/27 下午 05:16:23"
"D:\HoChePing\北科大_碩班_AI學程\期刊研究\使用LSTM模型預測福壽雞隻重量\Code程式碼\LSTM_TransferLearning_SolarEnergy\reports\Solar Energy Result\實驗 B：Plant2 → Plant1\歷程記錄\pre-train_20250627\Plant2第二號發電機組\epoch_log.csv","30941","2025/6/27 下午 05:16:25"
"D:\HoChePing\北科大_碩班_AI學程\期刊研究\使用LSTM模型預測福壽雞隻重量\Code程式碼\LSTM_TransferLearning_SolarEnergy\reports\Solar Energy Result\實驗 B：Plant2 → Plant1\歷程記錄\pre-train_20250627\Plant2第二號發電機組\Error Histogram.png","44705","2025/6/27 下午 05:16:26"
"D:\HoChePing\北科大_碩班_AI學程\期刊研究\使用LSTM模型預測福壽雞隻重量\Code程式碼\LSTM_TransferLearning_SolarEnergy\reports\Solar Energy Result\實驗 B：Plant2 → Plant1\歷程記錄\pre-train_20250627\Plant2第二號發電機組\log.txt","1454","2025/6/27 下午 05:16:26"
"D:\HoChePing\北科大_碩班_AI學程\期刊研究\使用LSTM模型預測福壽雞隻重量\Code程式碼\LSTM_TransferLearning_SolarEnergy\reports\Solar Energy Result\實驗 B：Plant2 → Plant1\歷程記錄\pre-train_20250627\Plant2第二號發電機組\params.json","458","2025/6/27 下午 05:16:26"
"D:\HoChePing\北科大_碩班_AI學程\期刊研究\使用LSTM模型預測福壽雞隻重量\Code程式碼\LSTM_TransferLearning_SolarEnergy\reports\Solar Energy Result\實驗 B：Plant2 → Plant1\歷程記錄\pre-train_20250627\Plant2第二號發電機組\Plant2第二號發電機組 Learning Curve.png","126808","2025/6/27 下午 05:16:25"
"D:\HoChePing\北科大_碩班_AI學程\期刊研究\使用LSTM模型預測福壽雞隻重量\Code程式碼\LSTM_TransferLearning_SolarEnergy\reports\Solar Energy Result\實驗 B：Plant2 → Plant1\歷程記錄\pre-train_20250627\Plant2第二號發電機組\prediction.png","232710","2025/6/27 下午 05:16:26"
"D:\HoChePing\北科大_碩班_AI學程\期刊研究\使用LSTM模型預測福壽雞隻重量\Code程式碼\LSTM_TransferLearning_SolarEnergy\reports\Solar Energy Result\實驗 B：Plant2 → Plant1\歷程記錄\pre-train_20250627\Plant2第二號發電機組\Residual Plot.png","75584","2025/6/27 下午 05:16:26"
"D:\HoChePing\北科大_碩班_AI學程\期刊研究\使用LSTM模型預測福壽雞隻重量\Code程式碼\LSTM_TransferLearning_SolarEnergy\reports\Solar Energy Result\實驗 B：Plant2 → Plant1\歷程記錄\pre-train_20250627\Plant2第二號發電機組\yy_plot.png","71830","2025/6/27 下午 05:16:26"
"D:\HoChePing\北科大_碩班_AI學程\期刊研究\使用LSTM模型預測福壽雞隻重量\Code程式碼\LSTM_TransferLearning_SolarEnergy\reports\Solar Energy Result\實驗 B：Plant2 → Plant1\歷程記錄\transfer-learning (Unfreeze)_bsize=128&lr=1e-5_20250627\nb_batch20 training_parameters.txt","204","2025/6/27 下午 05:32:39"
"D:\HoChePing\北科大_碩班_AI學程\期刊研究\使用LSTM模型預測福壽雞隻重量\Code程式碼\LSTM_TransferLearning_SolarEnergy\reports\Solar Energy Result\實驗 B：Plant2 → Plant1\歷程記錄\transfer-learning (Unfreeze)_bsize=128&lr=1e-5_20250627\Plant1第一號發電機組\Plant2第二號發電機組\architecture.png","50778","2025/6/27 下午 05:32:39"
"D:\HoChePing\北科大_碩班_AI學程\期刊研究\使用LSTM模型預測福壽雞隻重量\Code程式碼\LSTM_TransferLearning_SolarEnergy\reports\Solar Energy Result\實驗 B：Plant2 → Plant1\歷程記錄\transfer-learning (Unfreeze)_bsize=128&lr=1e-5_20250627\Plant1第一號發電機組\Plant2第二號發電機組\epoch_log.csv","16136","2025/6/27 下午 05:32:49"
"D:\HoChePing\北科大_碩班_AI學程\期刊研究\使用LSTM模型預測福壽雞隻重量\Code程式碼\LSTM_TransferLearning_SolarEnergy\reports\Solar Energy Result\實驗 B：Plant2 → Plant1\歷程記錄\transfer-learning (Unfreeze)_bsize=128&lr=1e-5_20250627\Plant1第一號發電機組\Plant2第二號發電機組\Error Histogram.png","46482","2025/6/27 下午 05:32:54"
"D:\HoChePing\北科大_碩班_AI學程\期刊研究\使用LSTM模型預測福壽雞隻重量\Code程式碼\LSTM_TransferLearning_SolarEnergy\reports\Solar Energy Result\實驗 B：Plant2 → Plant1\歷程記錄\transfer-learning (Unfreeze)_bsize=128&lr=1e-5_20250627\Plant1第一號發電機組\Plant2第二號發電機組\log.txt","1454","2025/6/27 下午 05:32:54"
"D:\HoChePing\北科大_碩班_AI學程\期刊研究\使用LSTM模型預測福壽雞隻重量\Code程式碼\LSTM_TransferLearning_SolarEnergy\reports\Solar Energy Result\實驗 B：Plant2 → Plant1\歷程記錄\transfer-learning (Unfreeze)_bsize=128&lr=1e-5_20250627\Plant1第一號發電機組\Plant2第二號發電機組\params.json","423","2025/6/27 下午 05:32:54"
"D:\HoChePing\北科大_碩班_AI學程\期刊研究\使用LSTM模型預測福壽雞隻重量\Code程式碼\LSTM_TransferLearning_SolarEnergy\reports\Solar Energy Result\實驗 B：Plant2 → Plant1\歷程記錄\transfer-learning (Unfreeze)_bsize=128&lr=1e-5_20250627\Plant1第一號發電機組\Plant2第二號發電機組\Plant1第一號發電機組 Learning Curve.png","105928","2025/6/27 下午 05:32:50"
"D:\HoChePing\北科大_碩班_AI學程\期刊研究\使用LSTM模型預測福壽雞隻重量\Code程式碼\LSTM_TransferLearning_SolarEnergy\reports\Solar Energy Result\實驗 B：Plant2 → Plant1\歷程記錄\transfer-learning (Unfreeze)_bsize=128&lr=1e-5_20250627\Plant1第一號發電機組\Plant2第二號發電機組\Plant2第二號發電機組_transferred_best_model.hdf5","610664","2025/6/27 下午 05:32:48"
"D:\HoChePing\北科大_碩班_AI學程\期刊研究\使用LSTM模型預測福壽雞隻重量\Code程式碼\LSTM_TransferLearning_SolarEnergy\reports\Solar Energy Result\實驗 B：Plant2 → Plant1\歷程記錄\transfer-learning (Unfreeze)_bsize=128&lr=1e-5_20250627\Plant1第一號發電機組\Plant2第二號發電機組\prediction.png","426653","2025/6/27 下午 05:32:53"
"D:\HoChePing\北科大_碩班_AI學程\期刊研究\使用LSTM模型預測福壽雞隻重量\Code程式碼\LSTM_TransferLearning_SolarEnergy\reports\Solar Energy Result\實驗 B：Plant2 → Plant1\歷程記錄\transfer-learning (Unfreeze)_bsize=128&lr=1e-5_20250627\Plant1第一號發電機組\Plant2第二號發電機組\Residual Plot.png","122304","2025/6/27 下午 05:32:54"
"D:\HoChePing\北科大_碩班_AI學程\期刊研究\使用LSTM模型預測福壽雞隻重量\Code程式碼\LSTM_TransferLearning_SolarEnergy\reports\Solar Energy Result\實驗 B：Plant2 → Plant1\歷程記錄\transfer-learning (Unfreeze)_bsize=128&lr=1e-5_20250627\Plant1第一號發電機組\Plant2第二號發電機組\yy_plot.png","101898","2025/6/27 下午 05:32:54"
"D:\HoChePing\北科大_碩班_AI學程\期刊研究\使用LSTM模型預測福壽雞隻重量\Code程式碼\LSTM_TransferLearning_SolarEnergy\reports\Solar Energy Result\實驗 B：Plant2 → Plant1\歷程記錄\transfer-learning (Unfreeze)_bsize=128&lr=3e-5_20250627\nb_batch20 training_parameters.txt","204","2025/6/27 下午 05:21:56"
"D:\HoChePing\北科大_碩班_AI學程\期刊研究\使用LSTM模型預測福壽雞隻重量\Code程式碼\LSTM_TransferLearning_SolarEnergy\reports\Solar Energy Result\實驗 B：Plant2 → Plant1\歷程記錄\transfer-learning (Unfreeze)_bsize=128&lr=3e-5_20250627\Plant1第一號發電機組\Plant2第二號發電機組\architecture.png","50778","2025/6/27 下午 05:21:55"
"D:\HoChePing\北科大_碩班_AI學程\期刊研究\使用LSTM模型預測福壽雞隻重量\Code程式碼\LSTM_TransferLearning_SolarEnergy\reports\Solar Energy Result\實驗 B：Plant2 → Plant1\歷程記錄\transfer-learning (Unfreeze)_bsize=128&lr=3e-5_20250627\Plant1第一號發電機組\Plant2第二號發電機組\epoch_log.csv","12097","2025/6/27 下午 05:22:03"
"D:\HoChePing\北科大_碩班_AI學程\期刊研究\使用LSTM模型預測福壽雞隻重量\Code程式碼\LSTM_TransferLearning_SolarEnergy\reports\Solar Energy Result\實驗 B：Plant2 → Plant1\歷程記錄\transfer-learning (Unfreeze)_bsize=128&lr=3e-5_20250627\Plant1第一號發電機組\Plant2第二號發電機組\Error Histogram.png","44416","2025/6/27 下午 05:22:08"
"D:\HoChePing\北科大_碩班_AI學程\期刊研究\使用LSTM模型預測福壽雞隻重量\Code程式碼\LSTM_TransferLearning_SolarEnergy\reports\Solar Energy Result\實驗 B：Plant2 → Plant1\歷程記錄\transfer-learning (Unfreeze)_bsize=128&lr=3e-5_20250627\Plant1第一號發電機組\Plant2第二號發電機組\log.txt","1454","2025/6/27 下午 05:22:08"
"D:\HoChePing\北科大_碩班_AI學程\期刊研究\使用LSTM模型預測福壽雞隻重量\Code程式碼\LSTM_TransferLearning_SolarEnergy\reports\Solar Energy Result\實驗 B：Plant2 → Plant1\歷程記錄\transfer-learning (Unfreeze)_bsize=128&lr=3e-5_20250627\Plant1第一號發電機組\Plant2第二號發電機組\params.json","425","2025/6/27 下午 05:22:08"
"D:\HoChePing\北科大_碩班_AI學程\期刊研究\使用LSTM模型預測福壽雞隻重量\Code程式碼\LSTM_TransferLearning_SolarEnergy\reports\Solar Energy Result\實驗 B：Plant2 → Plant1\歷程記錄\transfer-learning (Unfreeze)_bsize=128&lr=3e-5_20250627\Plant1第一號發電機組\Plant2第二號發電機組\Plant1第一號發電機組 Learning Curve.png","105574","2025/6/27 下午 05:22:04"
"D:\HoChePing\北科大_碩班_AI學程\期刊研究\使用LSTM模型預測福壽雞隻重量\Code程式碼\LSTM_TransferLearning_SolarEnergy\reports\Solar Energy Result\實驗 B：Plant2 → Plant1\歷程記錄\transfer-learning (Unfreeze)_bsize=128&lr=3e-5_20250627\Plant1第一號發電機組\Plant2第二號發電機組\Plant2第二號發電機組_transferred_best_model.hdf5","610664","2025/6/27 下午 05:22:02"
"D:\HoChePing\北科大_碩班_AI學程\期刊研究\使用LSTM模型預測福壽雞隻重量\Code程式碼\LSTM_TransferLearning_SolarEnergy\reports\Solar Energy Result\實驗 B：Plant2 → Plant1\歷程記錄\transfer-learning (Unfreeze)_bsize=128&lr=3e-5_20250627\Plant1第一號發電機組\Plant2第二號發電機組\prediction.png","419076","2025/6/27 下午 05:22:07"
"D:\HoChePing\北科大_碩班_AI學程\期刊研究\使用LSTM模型預測福壽雞隻重量\Code程式碼\LSTM_TransferLearning_SolarEnergy\reports\Solar Energy Result\實驗 B：Plant2 → Plant1\歷程記錄\transfer-learning (Unfreeze)_bsize=128&lr=3e-5_20250627\Plant1第一號發電機組\Plant2第二號發電機組\Residual Plot.png","119947","2025/6/27 下午 05:22:08"
"D:\HoChePing\北科大_碩班_AI學程\期刊研究\使用LSTM模型預測福壽雞隻重量\Code程式碼\LSTM_TransferLearning_SolarEnergy\reports\Solar Energy Result\實驗 B：Plant2 → Plant1\歷程記錄\transfer-learning (Unfreeze)_bsize=128&lr=3e-5_20250627\Plant1第一號發電機組\Plant2第二號發電機組\yy_plot.png","102422","2025/6/27 下午 05:22:08"
"D:\HoChePing\北科大_碩班_AI學程\期刊研究\使用LSTM模型預測福壽雞隻重量\Code程式碼\LSTM_TransferLearning_SolarEnergy\reports\Solar Energy Result\實驗 B：Plant2 → Plant1\歷程記錄\transfer-learning (Unfreeze)_bsize=128&lr=5e-5_20250627\nb_batch20 training_parameters.txt","204","2025/6/27 下午 05:30:40"
"D:\HoChePing\北科大_碩班_AI學程\期刊研究\使用LSTM模型預測福壽雞隻重量\Code程式碼\LSTM_TransferLearning_SolarEnergy\reports\Solar Energy Result\實驗 B：Plant2 → Plant1\歷程記錄\transfer-learning (Unfreeze)_bsize=128&lr=5e-5_20250627\Plant1第一號發電機組\Plant2第二號發電機組\architecture.png","50778","2025/6/27 下午 05:30:40"
"D:\HoChePing\北科大_碩班_AI學程\期刊研究\使用LSTM模型預測福壽雞隻重量\Code程式碼\LSTM_TransferLearning_SolarEnergy\reports\Solar Energy Result\實驗 B：Plant2 → Plant1\歷程記錄\transfer-learning (Unfreeze)_bsize=128&lr=5e-5_20250627\Plant1第一號發電機組\Plant2第二號發電機組\epoch_log.csv","20374","2025/6/27 下午 05:30:53"
"D:\HoChePing\北科大_碩班_AI學程\期刊研究\使用LSTM模型預測福壽雞隻重量\Code程式碼\LSTM_TransferLearning_SolarEnergy\reports\Solar Energy Result\實驗 B：Plant2 → Plant1\歷程記錄\transfer-learning (Unfreeze)_bsize=128&lr=5e-5_20250627\Plant1第一號發電機組\Plant2第二號發電機組\Error Histogram.png","41940","2025/6/27 下午 05:30:58"
"D:\HoChePing\北科大_碩班_AI學程\期刊研究\使用LSTM模型預測福壽雞隻重量\Code程式碼\LSTM_TransferLearning_SolarEnergy\reports\Solar Energy Result\實驗 B：Plant2 → Plant1\歷程記錄\transfer-learning (Unfreeze)_bsize=128&lr=5e-5_20250627\Plant1第一號發電機組\Plant2第二號發電機組\log.txt","1454","2025/6/27 下午 05:30:57"
"D:\HoChePing\北科大_碩班_AI學程\期刊研究\使用LSTM模型預測福壽雞隻重量\Code程式碼\LSTM_TransferLearning_SolarEnergy\reports\Solar Energy Result\實驗 B：Plant2 → Plant1\歷程記錄\transfer-learning (Unfreeze)_bsize=128&lr=5e-5_20250627\Plant1第一號發電機組\Plant2第二號發電機組\params.json","425","2025/6/27 下午 05:30:57"
"D:\HoChePing\北科大_碩班_AI學程\期刊研究\使用LSTM模型預測福壽雞隻重量\Code程式碼\LSTM_TransferLearning_SolarEnergy\reports\Solar Energy Result\實驗 B：Plant2 → Plant1\歷程記錄\transfer-learning (Unfreeze)_bsize=128&lr=5e-5_20250627\Plant1第一號發電機組\Plant2第二號發電機組\Plant1第一號發電機組 Learning Curve.png","114549","2025/6/27 下午 05:30:53"
"D:\HoChePing\北科大_碩班_AI學程\期刊研究\使用LSTM模型預測福壽雞隻重量\Code程式碼\LSTM_TransferLearning_SolarEnergy\reports\Solar Energy Result\實驗 B：Plant2 → Plant1\歷程記錄\transfer-learning (Unfreeze)_bsize=128&lr=5e-5_20250627\Plant1第一號發電機組\Plant2第二號發電機組\Plant2第二號發電機組_transferred_best_model.hdf5","610664","2025/6/27 下午 05:30:52"
"D:\HoChePing\北科大_碩班_AI學程\期刊研究\使用LSTM模型預測福壽雞隻重量\Code程式碼\LSTM_TransferLearning_SolarEnergy\reports\Solar Energy Result\實驗 B：Plant2 → Plant1\歷程記錄\transfer-learning (Unfreeze)_bsize=128&lr=5e-5_20250627\Plant1第一號發電機組\Plant2第二號發電機組\prediction.png","417150","2025/6/27 下午 05:30:57"
"D:\HoChePing\北科大_碩班_AI學程\期刊研究\使用LSTM模型預測福壽雞隻重量\Code程式碼\LSTM_TransferLearning_SolarEnergy\reports\Solar Energy Result\實驗 B：Plant2 → Plant1\歷程記錄\transfer-learning (Unfreeze)_bsize=128&lr=5e-5_20250627\Plant1第一號發電機組\Plant2第二號發電機組\Residual Plot.png","119913","2025/6/27 下午 05:30:57"
"D:\HoChePing\北科大_碩班_AI學程\期刊研究\使用LSTM模型預測福壽雞隻重量\Code程式碼\LSTM_TransferLearning_SolarEnergy\reports\Solar Energy Result\實驗 B：Plant2 → Plant1\歷程記錄\transfer-learning (Unfreeze)_bsize=128&lr=5e-5_20250627\Plant1第一號發電機組\Plant2第二號發電機組\yy_plot.png","101793","2025/6/27 下午 05:30:57"
"D:\HoChePing\北科大_碩班_AI學程\期刊研究\使用LSTM模型預測福壽雞隻重量\Code程式碼\LSTM_TransferLearning_SolarEnergy\reports\Solar Energy Result\實驗 B：Plant2 → Plant1\歷程記錄\transfer-learning (Unfreeze)_bsize=16&lr=1e-5_20250627\nb_batch20 training_parameters.txt","203","2025/6/27 下午 05:28:32"
"D:\HoChePing\北科大_碩班_AI學程\期刊研究\使用LSTM模型預測福壽雞隻重量\Code程式碼\LSTM_TransferLearning_SolarEnergy\reports\Solar Energy Result\實驗 B：Plant2 → Plant1\歷程記錄\transfer-learning (Unfreeze)_bsize=16&lr=1e-5_20250627\Plant1第一號發電機組\Plant2第二號發電機組\architecture.png","50778","2025/6/27 下午 05:28:31"
"D:\HoChePing\北科大_碩班_AI學程\期刊研究\使用LSTM模型預測福壽雞隻重量\Code程式碼\LSTM_TransferLearning_SolarEnergy\reports\Solar Energy Result\實驗 B：Plant2 → Plant1\歷程記錄\transfer-learning (Unfreeze)_bsize=16&lr=1e-5_20250627\Plant1第一號發電機組\Plant2第二號發電機組\epoch_log.csv","5490","2025/6/27 下午 05:28:38"
"D:\HoChePing\北科大_碩班_AI學程\期刊研究\使用LSTM模型預測福壽雞隻重量\Code程式碼\LSTM_TransferLearning_SolarEnergy\reports\Solar Energy Result\實驗 B：Plant2 → Plant1\歷程記錄\transfer-learning (Unfreeze)_bsize=16&lr=1e-5_20250627\Plant1第一號發電機組\Plant2第二號發電機組\Error Histogram.png","41946","2025/6/27 下午 05:28:43"
"D:\HoChePing\北科大_碩班_AI學程\期刊研究\使用LSTM模型預測福壽雞隻重量\Code程式碼\LSTM_TransferLearning_SolarEnergy\reports\Solar Energy Result\實驗 B：Plant2 → Plant1\歷程記錄\transfer-learning (Unfreeze)_bsize=16&lr=1e-5_20250627\Plant1第一號發電機組\Plant2第二號發電機組\log.txt","1454","2025/6/27 下午 05:28:42"
"D:\HoChePing\北科大_碩班_AI學程\期刊研究\使用LSTM模型預測福壽雞隻重量\Code程式碼\LSTM_TransferLearning_SolarEnergy\reports\Solar Energy Result\實驗 B：Plant2 → Plant1\歷程記錄\transfer-learning (Unfreeze)_bsize=16&lr=1e-5_20250627\Plant1第一號發電機組\Plant2第二號發電機組\params.json","424","2025/6/27 下午 05:28:42"
"D:\HoChePing\北科大_碩班_AI學程\期刊研究\使用LSTM模型預測福壽雞隻重量\Code程式碼\LSTM_TransferLearning_SolarEnergy\reports\Solar Energy Result\實驗 B：Plant2 → Plant1\歷程記錄\transfer-learning (Unfreeze)_bsize=16&lr=1e-5_20250627\Plant1第一號發電機組\Plant2第二號發電機組\Plant1第一號發電機組 Learning Curve.png","144932","2025/6/27 下午 05:28:38"
"D:\HoChePing\北科大_碩班_AI學程\期刊研究\使用LSTM模型預測福壽雞隻重量\Code程式碼\LSTM_TransferLearning_SolarEnergy\reports\Solar Energy Result\實驗 B：Plant2 → Plant1\歷程記錄\transfer-learning (Unfreeze)_bsize=16&lr=1e-5_20250627\Plant1第一號發電機組\Plant2第二號發電機組\Plant2第二號發電機組_transferred_best_model.hdf5","610664","2025/6/27 下午 05:28:36"
"D:\HoChePing\北科大_碩班_AI學程\期刊研究\使用LSTM模型預測福壽雞隻重量\Code程式碼\LSTM_TransferLearning_SolarEnergy\reports\Solar Energy Result\實驗 B：Plant2 → Plant1\歷程記錄\transfer-learning (Unfreeze)_bsize=16&lr=1e-5_20250627\Plant1第一號發電機組\Plant2第二號發電機組\prediction.png","426954","2025/6/27 下午 05:28:42"
"D:\HoChePing\北科大_碩班_AI學程\期刊研究\使用LSTM模型預測福壽雞隻重量\Code程式碼\LSTM_TransferLearning_SolarEnergy\reports\Solar Energy Result\實驗 B：Plant2 → Plant1\歷程記錄\transfer-learning (Unfreeze)_bsize=16&lr=1e-5_20250627\Plant1第一號發電機組\Plant2第二號發電機組\Residual Plot.png","123237","2025/6/27 下午 05:28:42"
"D:\HoChePing\北科大_碩班_AI學程\期刊研究\使用LSTM模型預測福壽雞隻重量\Code程式碼\LSTM_TransferLearning_SolarEnergy\reports\Solar Energy Result\實驗 B：Plant2 → Plant1\歷程記錄\transfer-learning (Unfreeze)_bsize=16&lr=1e-5_20250627\Plant1第一號發電機組\Plant2第二號發電機組\yy_plot.png","101441","2025/6/27 下午 05:28:42"
"D:\HoChePing\北科大_碩班_AI學程\期刊研究\使用LSTM模型預測福壽雞隻重量\Code程式碼\LSTM_TransferLearning_SolarEnergy\reports\Solar Energy Result\實驗 B：Plant2 → Plant1\歷程記錄\transfer-learning (Unfreeze)_bsize=32&lr=1e-5_20250627\nb_batch20 training_parameters.txt","203","2025/6/27 下午 05:27:53"
"D:\HoChePing\北科大_碩班_AI學程\期刊研究\使用LSTM模型預測福壽雞隻重量\Code程式碼\LSTM_TransferLearning_SolarEnergy\reports\Solar Energy Result\實驗 B：Plant2 → Plant1\歷程記錄\transfer-learning (Unfreeze)_bsize=32&lr=1e-5_20250627\Plant1第一號發電機組\Plant2第二號發電機組\architecture.png","50778","2025/6/27 下午 05:27:52"
"D:\HoChePing\北科大_碩班_AI學程\期刊研究\使用LSTM模型預測福壽雞隻重量\Code程式碼\LSTM_TransferLearning_SolarEnergy\reports\Solar Energy Result\實驗 B：Plant2 → Plant1\歷程記錄\transfer-learning (Unfreeze)_bsize=32&lr=1e-5_20250627\Plant1第一號發電機組\Plant2第二號發電機組\epoch_log.csv","3078","2025/6/27 下午 05:27:56"
"D:\HoChePing\北科大_碩班_AI學程\期刊研究\使用LSTM模型預測福壽雞隻重量\Code程式碼\LSTM_TransferLearning_SolarEnergy\reports\Solar Energy Result\實驗 B：Plant2 → Plant1\歷程記錄\transfer-learning (Unfreeze)_bsize=32&lr=1e-5_20250627\Plant1第一號發電機組\Plant2第二號發電機組\Error Histogram.png","44463","2025/6/27 下午 05:28:01"
"D:\HoChePing\北科大_碩班_AI學程\期刊研究\使用LSTM模型預測福壽雞隻重量\Code程式碼\LSTM_TransferLearning_SolarEnergy\reports\Solar Energy Result\實驗 B：Plant2 → Plant1\歷程記錄\transfer-learning (Unfreeze)_bsize=32&lr=1e-5_20250627\Plant1第一號發電機組\Plant2第二號發電機組\log.txt","1454","2025/6/27 下午 05:28:01"
"D:\HoChePing\北科大_碩班_AI學程\期刊研究\使用LSTM模型預測福壽雞隻重量\Code程式碼\LSTM_TransferLearning_SolarEnergy\reports\Solar Energy Result\實驗 B：Plant2 → Plant1\歷程記錄\transfer-learning (Unfreeze)_bsize=32&lr=1e-5_20250627\Plant1第一號發電機組\Plant2第二號發電機組\params.json","424","2025/6/27 下午 05:28:01"
"D:\HoChePing\北科大_碩班_AI學程\期刊研究\使用LSTM模型預測福壽雞隻重量\Code程式碼\LSTM_TransferLearning_SolarEnergy\reports\Solar Energy Result\實驗 B：Plant2 → Plant1\歷程記錄\transfer-learning (Unfreeze)_bsize=32&lr=1e-5_20250627\Plant1第一號發電機組\Plant2第二號發電機組\Plant1第一號發電機組 Learning Curve.png","91208","2025/6/27 下午 05:27:57"
"D:\HoChePing\北科大_碩班_AI學程\期刊研究\使用LSTM模型預測福壽雞隻重量\Code程式碼\LSTM_TransferLearning_SolarEnergy\reports\Solar Energy Result\實驗 B：Plant2 → Plant1\歷程記錄\transfer-learning (Unfreeze)_bsize=32&lr=1e-5_20250627\Plant1第一號發電機組\Plant2第二號發電機組\Plant2第二號發電機組_transferred_best_model.hdf5","610664","2025/6/27 下午 05:27:55"
"D:\HoChePing\北科大_碩班_AI學程\期刊研究\使用LSTM模型預測福壽雞隻重量\Code程式碼\LSTM_TransferLearning_SolarEnergy\reports\Solar Energy Result\實驗 B：Plant2 → Plant1\歷程記錄\transfer-learning (Unfreeze)_bsize=32&lr=1e-5_20250627\Plant1第一號發電機組\Plant2第二號發電機組\prediction.png","458234","2025/6/27 下午 05:28:00"
"D:\HoChePing\北科大_碩班_AI學程\期刊研究\使用LSTM模型預測福壽雞隻重量\Code程式碼\LSTM_TransferLearning_SolarEnergy\reports\Solar Energy Result\實驗 B：Plant2 → Plant1\歷程記錄\transfer-learning (Unfreeze)_bsize=32&lr=1e-5_20250627\Plant1第一號發電機組\Plant2第二號發電機組\Residual Plot.png","128628","2025/6/27 下午 05:28:01"
"D:\HoChePing\北科大_碩班_AI學程\期刊研究\使用LSTM模型預測福壽雞隻重量\Code程式碼\LSTM_TransferLearning_SolarEnergy\reports\Solar Energy Result\實驗 B：Plant2 → Plant1\歷程記錄\transfer-learning (Unfreeze)_bsize=32&lr=1e-5_20250627\Plant1第一號發電機組\Plant2第二號發電機組\yy_plot.png","102432","2025/6/27 下午 05:28:01"
"D:\HoChePing\北科大_碩班_AI學程\期刊研究\使用LSTM模型預測福壽雞隻重量\Code程式碼\LSTM_TransferLearning_SolarEnergy\reports\Solar Energy Result\實驗 B：Plant2 → Plant1\歷程記錄\transfer-learning (Unfreeze)_bsize=64&lr=1e-5_20250627\nb_batch20 training_parameters.txt","203","2025/6/27 下午 05:26:56"
"D:\HoChePing\北科大_碩班_AI學程\期刊研究\使用LSTM模型預測福壽雞隻重量\Code程式碼\LSTM_TransferLearning_SolarEnergy\reports\Solar Energy Result\實驗 B：Plant2 → Plant1\歷程記錄\transfer-learning (Unfreeze)_bsize=64&lr=1e-5_20250627\Plant1第一號發電機組\Plant2第二號發電機組\architecture.png","50778","2025/6/27 下午 05:26:55"
"D:\HoChePing\北科大_碩班_AI學程\期刊研究\使用LSTM模型預測福壽雞隻重量\Code程式碼\LSTM_TransferLearning_SolarEnergy\reports\Solar Energy Result\實驗 B：Plant2 → Plant1\歷程記錄\transfer-learning (Unfreeze)_bsize=64&lr=1e-5_20250627\Plant1第一號發電機組\Plant2第二號發電機組\epoch_log.csv","5453","2025/6/27 下午 05:27:00"
"D:\HoChePing\北科大_碩班_AI學程\期刊研究\使用LSTM模型預測福壽雞隻重量\Code程式碼\LSTM_TransferLearning_SolarEnergy\reports\Solar Energy Result\實驗 B：Plant2 → Plant1\歷程記錄\transfer-learning (Unfreeze)_bsize=64&lr=1e-5_20250627\Plant1第一號發電機組\Plant2第二號發電機組\Error Histogram.png","44445","2025/6/27 下午 05:27:05"
"D:\HoChePing\北科大_碩班_AI學程\期刊研究\使用LSTM模型預測福壽雞隻重量\Code程式碼\LSTM_TransferLearning_SolarEnergy\reports\Solar Energy Result\實驗 B：Plant2 → Plant1\歷程記錄\transfer-learning (Unfreeze)_bsize=64&lr=1e-5_20250627\Plant1第一號發電機組\Plant2第二號發電機組\log.txt","1454","2025/6/27 下午 05:27:04"
"D:\HoChePing\北科大_碩班_AI學程\期刊研究\使用LSTM模型預測福壽雞隻重量\Code程式碼\LSTM_TransferLearning_SolarEnergy\reports\Solar Energy Result\實驗 B：Plant2 → Plant1\歷程記錄\transfer-learning (Unfreeze)_bsize=64&lr=1e-5_20250627\Plant1第一號發電機組\Plant2第二號發電機組\params.json","423","2025/6/27 下午 05:27:04"
"D:\HoChePing\北科大_碩班_AI學程\期刊研究\使用LSTM模型預測福壽雞隻重量\Code程式碼\LSTM_TransferLearning_SolarEnergy\reports\Solar Energy Result\實驗 B：Plant2 → Plant1\歷程記錄\transfer-learning (Unfreeze)_bsize=64&lr=1e-5_20250627\Plant1第一號發電機組\Plant2第二號發電機組\Plant1第一號發電機組 Learning Curve.png","94564","2025/6/27 下午 05:27:00"
"D:\HoChePing\北科大_碩班_AI學程\期刊研究\使用LSTM模型預測福壽雞隻重量\Code程式碼\LSTM_TransferLearning_SolarEnergy\reports\Solar Energy Result\實驗 B：Plant2 → Plant1\歷程記錄\transfer-learning (Unfreeze)_bsize=64&lr=1e-5_20250627\Plant1第一號發電機組\Plant2第二號發電機組\Plant2第二號發電機組_transferred_best_model.hdf5","610664","2025/6/27 下午 05:26:59"
"D:\HoChePing\北科大_碩班_AI學程\期刊研究\使用LSTM模型預測福壽雞隻重量\Code程式碼\LSTM_TransferLearning_SolarEnergy\reports\Solar Energy Result\實驗 B：Plant2 → Plant1\歷程記錄\transfer-learning (Unfreeze)_bsize=64&lr=1e-5_20250627\Plant1第一號發電機組\Plant2第二號發電機組\prediction.png","437825","2025/6/27 下午 05:27:04"
"D:\HoChePing\北科大_碩班_AI學程\期刊研究\使用LSTM模型預測福壽雞隻重量\Code程式碼\LSTM_TransferLearning_SolarEnergy\reports\Solar Energy Result\實驗 B：Plant2 → Plant1\歷程記錄\transfer-learning (Unfreeze)_bsize=64&lr=1e-5_20250627\Plant1第一號發電機組\Plant2第二號發電機組\Residual Plot.png","126657","2025/6/27 下午 05:27:05"
"D:\HoChePing\北科大_碩班_AI學程\期刊研究\使用LSTM模型預測福壽雞隻重量\Code程式碼\LSTM_TransferLearning_SolarEnergy\reports\Solar Energy Result\實驗 B：Plant2 → Plant1\歷程記錄\transfer-learning (Unfreeze)_bsize=64&lr=1e-5_20250627\Plant1第一號發電機組\Plant2第二號發電機組\yy_plot.png","102400","2025/6/27 下午 05:27:04"
"D:\HoChePing\北科大_碩班_AI學程\期刊研究\使用LSTM模型預測福壽雞隻重量\Code程式碼\LSTM_TransferLearning_SolarEnergy\reports\Solar Energy Result\實驗 B：Plant2 → Plant1\歷程記錄\transfer-learning (Unfreeze)_bsize=8&lr=1e-5_20250627\nb_batch20 training_parameters.txt","202","2025/6/27 下午 05:29:13"
"D:\HoChePing\北科大_碩班_AI學程\期刊研究\使用LSTM模型預測福壽雞隻重量\Code程式碼\LSTM_TransferLearning_SolarEnergy\reports\Solar Energy Result\實驗 B：Plant2 → Plant1\歷程記錄\transfer-learning (Unfreeze)_bsize=8&lr=1e-5_20250627\Plant1第一號發電機組\Plant2第二號發電機組\architecture.png","50778","2025/6/27 下午 05:29:13"
"D:\HoChePing\北科大_碩班_AI學程\期刊研究\使用LSTM模型預測福壽雞隻重量\Code程式碼\LSTM_TransferLearning_SolarEnergy\reports\Solar Energy Result\實驗 B：Plant2 → Plant1\歷程記錄\transfer-learning (Unfreeze)_bsize=8&lr=1e-5_20250627\Plant1第一號發電機組\Plant2第二號發電機組\epoch_log.csv","2864","2025/6/27 下午 05:29:18"
"D:\HoChePing\北科大_碩班_AI學程\期刊研究\使用LSTM模型預測福壽雞隻重量\Code程式碼\LSTM_TransferLearning_SolarEnergy\reports\Solar Energy Result\實驗 B：Plant2 → Plant1\歷程記錄\transfer-learning (Unfreeze)_bsize=8&lr=1e-5_20250627\Plant1第一號發電機組\Plant2第二號發電機組\Error Histogram.png","41841","2025/6/27 下午 05:29:23"
"D:\HoChePing\北科大_碩班_AI學程\期刊研究\使用LSTM模型預測福壽雞隻重量\Code程式碼\LSTM_TransferLearning_SolarEnergy\reports\Solar Energy Result\實驗 B：Plant2 → Plant1\歷程記錄\transfer-learning (Unfreeze)_bsize=8&lr=1e-5_20250627\Plant1第一號發電機組\Plant2第二號發電機組\log.txt","1454","2025/6/27 下午 05:29:22"
"D:\HoChePing\北科大_碩班_AI學程\期刊研究\使用LSTM模型預測福壽雞隻重量\Code程式碼\LSTM_TransferLearning_SolarEnergy\reports\Solar Energy Result\實驗 B：Plant2 → Plant1\歷程記錄\transfer-learning (Unfreeze)_bsize=8&lr=1e-5_20250627\Plant1第一號發電機組\Plant2第二號發電機組\params.json","424","2025/6/27 下午 05:29:22"
"D:\HoChePing\北科大_碩班_AI學程\期刊研究\使用LSTM模型預測福壽雞隻重量\Code程式碼\LSTM_TransferLearning_SolarEnergy\reports\Solar Energy Result\實驗 B：Plant2 → Plant1\歷程記錄\transfer-learning (Unfreeze)_bsize=8&lr=1e-5_20250627\Plant1第一號發電機組\Plant2第二號發電機組\Plant1第一號發電機組 Learning Curve.png","122185","2025/6/27 下午 05:29:18"
"D:\HoChePing\北科大_碩班_AI學程\期刊研究\使用LSTM模型預測福壽雞隻重量\Code程式碼\LSTM_TransferLearning_SolarEnergy\reports\Solar Energy Result\實驗 B：Plant2 → Plant1\歷程記錄\transfer-learning (Unfreeze)_bsize=8&lr=1e-5_20250627\Plant1第一號發電機組\Plant2第二號發電機組\Plant2第二號發電機組_transferred_best_model.hdf5","610664","2025/6/27 下午 05:29:16"
"D:\HoChePing\北科大_碩班_AI學程\期刊研究\使用LSTM模型預測福壽雞隻重量\Code程式碼\LSTM_TransferLearning_SolarEnergy\reports\Solar Energy Result\實驗 B：Plant2 → Plant1\歷程記錄\transfer-learning (Unfreeze)_bsize=8&lr=1e-5_20250627\Plant1第一號發電機組\Plant2第二號發電機組\prediction.png","437584","2025/6/27 下午 05:29:22"
"D:\HoChePing\北科大_碩班_AI學程\期刊研究\使用LSTM模型預測福壽雞隻重量\Code程式碼\LSTM_TransferLearning_SolarEnergy\reports\Solar Energy Result\實驗 B：Plant2 → Plant1\歷程記錄\transfer-learning (Unfreeze)_bsize=8&lr=1e-5_20250627\Plant1第一號發電機組\Plant2第二號發電機組\Residual Plot.png","126852","2025/6/27 下午 05:29:23"
"D:\HoChePing\北科大_碩班_AI學程\期刊研究\使用LSTM模型預測福壽雞隻重量\Code程式碼\LSTM_TransferLearning_SolarEnergy\reports\Solar Energy Result\實驗 B：Plant2 → Plant1\歷程記錄\transfer-learning (Unfreeze)_bsize=8&lr=1e-5_20250627\Plant1第一號發電機組\Plant2第二號發電機組\yy_plot.png","100921","2025/6/27 下午 05:29:22"
"D:\HoChePing\北科大_碩班_AI學程\期刊研究\使用LSTM模型預測福壽雞隻重量\Code程式碼\LSTM_TransferLearning_SolarEnergy\reports\Solar Energy Result\實驗 B：Plant2 → Plant1\歷程記錄\without-transfer-learning_20250627\nb_batch20 training_parameters.txt","204","2025/6/27 下午 05:19:19"
"D:\HoChePing\北科大_碩班_AI學程\期刊研究\使用LSTM模型預測福壽雞隻重量\Code程式碼\LSTM_TransferLearning_SolarEnergy\reports\Solar Energy Result\實驗 B：Plant2 → Plant1\歷程記錄\without-transfer-learning_20250627\Plant1第一號發電機組\architecture.png","50778","2025/6/27 下午 05:19:19"
"D:\HoChePing\北科大_碩班_AI學程\期刊研究\使用LSTM模型預測福壽雞隻重量\Code程式碼\LSTM_TransferLearning_SolarEnergy\reports\Solar Energy Result\實驗 B：Plant2 → Plant1\歷程記錄\without-transfer-learning_20250627\Plant1第一號發電機組\best_model.hdf5","610544","2025/6/27 下午 05:20:12"
"D:\HoChePing\北科大_碩班_AI學程\期刊研究\使用LSTM模型預測福壽雞隻重量\Code程式碼\LSTM_TransferLearning_SolarEnergy\reports\Solar Energy Result\實驗 B：Plant2 → Plant1\歷程記錄\without-transfer-learning_20250627\Plant1第一號發電機組\epoch_log.csv","98514","2025/6/27 下午 05:20:13"
"D:\HoChePing\北科大_碩班_AI學程\期刊研究\使用LSTM模型預測福壽雞隻重量\Code程式碼\LSTM_TransferLearning_SolarEnergy\reports\Solar Energy Result\實驗 B：Plant2 → Plant1\歷程記錄\without-transfer-learning_20250627\Plant1第一號發電機組\Error Histogram.png","42817","2025/6/27 下午 05:20:17"
"D:\HoChePing\北科大_碩班_AI學程\期刊研究\使用LSTM模型預測福壽雞隻重量\Code程式碼\LSTM_TransferLearning_SolarEnergy\reports\Solar Energy Result\實驗 B：Plant2 → Plant1\歷程記錄\without-transfer-learning_20250627\Plant1第一號發電機組\log.txt","1454","2025/6/27 下午 05:20:17"
"D:\HoChePing\北科大_碩班_AI學程\期刊研究\使用LSTM模型預測福壽雞隻重量\Code程式碼\LSTM_TransferLearning_SolarEnergy\reports\Solar Energy Result\實驗 B：Plant2 → Plant1\歷程記錄\without-transfer-learning_20250627\Plant1第一號發電機組\params.json","432","2025/6/27 下午 05:20:17"
"D:\HoChePing\北科大_碩班_AI學程\期刊研究\使用LSTM模型預測福壽雞隻重量\Code程式碼\LSTM_TransferLearning_SolarEnergy\reports\Solar Energy Result\實驗 B：Plant2 → Plant1\歷程記錄\without-transfer-learning_20250627\Plant1第一號發電機組\Plant1第一號發電機組 Learning Curve.png","151774","2025/6/27 下午 05:20:13"
"D:\HoChePing\北科大_碩班_AI學程\期刊研究\使用LSTM模型預測福壽雞隻重量\Code程式碼\LSTM_TransferLearning_SolarEnergy\reports\Solar Energy Result\實驗 B：Plant2 → Plant1\歷程記錄\without-transfer-learning_20250627\Plant1第一號發電機組\prediction.png","420378","2025/6/27 下午 05:20:17"
"D:\HoChePing\北科大_碩班_AI學程\期刊研究\使用LSTM模型預測福壽雞隻重量\Code程式碼\LSTM_TransferLearning_SolarEnergy\reports\Solar Energy Result\實驗 B：Plant2 → Plant1\歷程記錄\without-transfer-learning_20250627\Plant1第一號發電機組\Residual Plot.png","121200","2025/6/27 下午 05:20:17"
"D:\HoChePing\北科大_碩班_AI學程\期刊研究\使用LSTM模型預測福壽雞隻重量\Code程式碼\LSTM_TransferLearning_SolarEnergy\reports\Solar Energy Result\實驗 B：Plant2 → Plant1\歷程記錄\without-transfer-learning_20250627\Plant1第一號發電機組\yy_plot.png","100367","2025/6/27 下午 05:20:17"
"D:\HoChePing\北科大_碩班_AI學程\期刊研究\使用LSTM模型預測福壽雞隻重量\Code程式碼\LSTM_TransferLearning_SolarEnergy\utils\data_io.py","9988","2025/6/28 下午 04:37:26"
"D:\HoChePing\北科大_碩班_AI學程\期刊研究\使用LSTM模型預測福壽雞隻重量\Code程式碼\LSTM_TransferLearning_SolarEnergy\utils\device.py","746","2024/11/13 下午 01:12:31"
"D:\HoChePing\北科大_碩班_AI學程\期刊研究\使用LSTM模型預測福壽雞隻重量\Code程式碼\LSTM_TransferLearning_SolarEnergy\utils\device_info.py","404","2024/11/20 下午 06:20:25"
"D:\HoChePing\北科大_碩班_AI學程\期刊研究\使用LSTM模型預測福壽雞隻重量\Code程式碼\LSTM_TransferLearning_SolarEnergy\utils\device_info.txt","1864","2024/11/13 下午 12:28:01"
"D:\HoChePing\北科大_碩班_AI學程\期刊研究\使用LSTM模型預測福壽雞隻重量\Code程式碼\LSTM_TransferLearning_SolarEnergy\utils\model.py","10963","2025/6/27 下午 05:50:42"
"D:\HoChePing\北科大_碩班_AI學程\期刊研究\使用LSTM模型預測福壽雞隻重量\Code程式碼\LSTM_TransferLearning_SolarEnergy\utils\save.py","11641","2025/6/23 下午 03:43:13"
