================================================================================
FILE: D:\HoChePing\北科大_碩班_AI學程\期刊研究\使用LSTM模型預測福壽雞隻重量\Code程式碼\LSTM_TransferLearning_SolarEnergy\reports\Solar Energy Result\實驗 A：Plant1 → Plant2\pre-train\nb_batch20 training_parameters.txt

[2025-06-23 15:54:56]
閮毀鞈???Plant1蝚砌???餅?蝯????嚗?Data Size (data_size): 3264
Number of Batches (args['nb_batch']): 20
Batch Size (bsize): 128
Sequence Length (period): 5
================================================================================
FILE: D:\HoChePing\北科大_碩班_AI學程\期刊研究\使用LSTM模型預測福壽雞隻重量\Code程式碼\LSTM_TransferLearning_SolarEnergy\reports\Solar Energy Result\實驗 A：Plant1 → Plant2\pre-train\Plant1第一號發電機組\epoch_log.csv
epoch,loss,lr,mae,mape,mse,msle,rmse,val_loss,val_mae,val_mape,val_mse,val_msle,val_rmse
0,1.2976373604365758,1e-04,0.22450101,102644760.0,0.06210385,0.03584638,0.24806955,1.3498787879943848,0.33948421478271484,211943312.0,0.14340223371982574,0.09152088314294815,0.37853750586509705
1,1.242229705765134,1e-04,0.18451221,69351144.0,0.048326436,0.02373785,0.21908426,1.3182405233383179,0.33382248878479004,212376944.0,0.13731423020362854,0.08852989226579666,0.37046751379966736
2,1.1953358877272833,1e-04,0.16928357,62524590.0,0.043583173,0.020511877,0.20848183,1.2583895921707153,0.32020655274391174,202352304.0,0.12722308933734894,0.08258209377527237,0.35664868354797363
3,1.1516594830013456,1e-04,0.16554223,62779850.0,0.041457154,0.019763878,0.20316394,1.2083752155303955,0.3097101151943207,197385392.0,0.1189253032207489,0.07783877849578857,0.3448263108730316
4,1.1095620507285708,1e-04,0.16059192,59804612.0,0.03969435,0.018709878,0.19888583,1.161573886871338,0.30030450224876404,191248656.0,0.11121254414319992,0.07354265451431274,0.333392858505249
5,1.0695521945045108,1e-04,0.15805689,57576010.0,0.038780134,0.018131625,0.19626774,1.1191941499710083,0.29083433747291565,181415424.0,0.10376092046499252,0.0689919963479042,0.32186973094940186
6,1.030533722468785,1e-04,0.15373172,55742828.0,0.03738247,0.01732581,0.19302715,1.0677855014801025,0.2780497372150421,172346032.0,0.09468185901641846,0.06350722908973694,0.3076595962047577
7,0.9933965972491673,1e-04,0.15342104,56432490.0,0.036630113,0.017170183,0.19102184,1.0271389484405518,0.2671494781970978,165424736.0,0.08722095936536789,0.059129342436790466,0.2952982485294342
8,0.9586068789164225,1e-04,0.15129058,52812520.0,0.036906425,0.0169839,0.19124699,0.9918879866600037,0.2584182620048523,158273776.0,0.08107134699821472,0.05529205873608589,0.28464213013648987
9,0.9245228256498065,1e-04,0.152299,55802650.0,0.036539342,0.017194139,0.19041546,0.9369140863418579,0.2407994270324707,141378896.0,0.07088574767112732,0.04853115603327751,0.2660283148288727
10,0.8900670721417382,1e-04,0.14902891,54696296.0,0.034577914,0.016296372,0.18549769,0.9129319190979004,0.23489725589752197,139376576.0,0.06681473553180695,0.04601719602942467,0.258323073387146
11,0.8584517126991635,1e-04,0.14713924,54192396.0,0.034243684,0.016219687,0.18434201,0.8642019629478455,0.21770836412906647,123836960.0,0.05775110051035881,0.04015490785241127,0.24021059274673462
12,0.8273519589787438,1e-04,0.1441353,51549560.0,0.033308588,0.015458311,0.18214633,0.8270356059074402,0.20709367096424103,120555992.0,0.05244835093617439,0.03674866259098053,0.22897584736347198
13,0.7986343985512143,1e-04,0.14607275,53759584.0,0.033607513,0.015888097,0.18243916,0.8014569878578186,0.19809536635875702,115930408.0,0.047972384840250015,0.033826250582933426,0.2188817262649536
14,0.7699500322341919,1e-04,0.14354141,52926850.0,0.03277494,0.015480545,0.18046725,0.7630113959312439,0.18265683948993683,104908416.0,0.04107477888464928,0.029477989301085472,0.20256833732128143
15,0.7422355243137905,1e-04,0.14358485,53661172.0,0.031941194,0.015335707,0.17838761,0.7316322922706604,0.1738167256116867,96732968.0,0.03702271357178688,0.026293085888028145,0.1922869235277176
16,0.7163553181148711,1e-04,0.1430254,53468696.0,0.031931028,0.015383228,0.17814854,0.7052907943725586,0.16345982253551483,92601816.0,0.032987967133522034,0.023716723546385765,0.1815151423215866
17,0.6905847305343265,1e-04,0.13945863,49861236.0,0.030979505,0.014556096,0.17548393,0.6762296557426453,0.15499438345432281,88621312.0,0.02962453104555607,0.02133016847074032,0.17208747565746307
18,0.6660897731781006,1e-04,0.140424,53172330.0,0.030441264,0.014757264,0.17427945,0.6491895914077759,0.1446375548839569,79802112.0,0.026053721085190773,0.018727779388427734,0.16132475435733795
19,0.6428421338399252,1e-04,0.13835575,51874244.0,0.030189816,0.014477732,0.17287076,0.6223030090332031,0.13498428463935852,71968584.0,0.022722283378243446,0.016246985644102097,0.1506378948688507
20,0.6200894457953317,1e-04,0.137413,50756570.0,0.02957196,0.014226957,0.17131163,0.6027726531028748,0.13227777183055878,70246720.0,0.021811284124851227,0.01543494313955307,0.14765800535678864
21,0.5982579645656404,1e-04,0.13648112,51736668.0,0.028961755,0.014112714,0.16991018,0.5781322717666626,0.1247582659125328,65644288.0,0.019945397973060608,0.013840113766491413,0.14111679792404175
22,0.5776475753102984,1e-04,0.13560086,50963908.0,0.028774863,0.013950382,0.1692118,0.5594295263290405,0.12256824970245361,61704252.0,0.019452499225735664,0.013213212601840496,0.13933689892292023
23,0.5586061222212655,1e-04,0.135362,49465384.0,0.029346017,0.01401784,0.17028281,0.5377610921859741,0.11721102148294449,60237792.0,0.017623620107769966,0.011846675537526608,0.13250674307346344
24,0.5383628152665638,1e-04,0.13371156,51104196.0,0.027947335,0.013660642,0.16664469,0.5177837610244751,0.1111549437046051,53097420.0,0.016623450443148613,0.010617569088935852,0.128859281539917
25,0.5200102755001613,1e-04,0.13262454,49564704.0,0.027671983,0.013417832,0.1659518,0.4993673861026764,0.10991518944501877,50069424.0,0.016805632039904594,0.010273833759129047,0.1292431354522705
26,0.5021382002603441,1e-04,0.13140102,49851476.0,0.027174901,0.013194589,0.16444458,0.4800255000591278,0.10616621375083923,46911708.0,0.01595233380794525,0.009641006588935852,0.12578517198562622
27,0.48505273177510216,1e-04,0.13060336,49017948.0,0.026788387,0.013046205,0.16297819,0.46296751499176025,0.10390361398458481,46892620.0,0.015784205868840218,0.009339424781501293,0.125159353017807
28,0.4687070789791289,1e-04,0.13015307,49622276.0,0.026509952,0.013016845,0.1624343,0.4482026994228363,0.10520005971193314,47307500.0,0.015663567930459976,0.009408061392605305,0.12489908188581467
29,0.4533710352012089,1e-04,0.12897676,47936950.0,0.026582722,0.012831614,0.16233365,0.4344642162322998,0.10344301909208298,46585516.0,0.015959834679961205,0.00923938024789095,0.12610313296318054
30,0.4386824823561169,1e-04,0.13189462,50806116.0,0.026675895,0.013362529,0.16300933,0.41896626353263855,0.10105601698160172,40601388.0,0.016180502250790596,0.008668174035847187,0.1266498565673828
31,0.42389846841494244,1e-04,0.12760504,46848276.0,0.026079902,0.012568273,0.16083084,0.40531668066978455,0.09922818094491959,39799872.0,0.01605369709432125,0.008439010940492153,0.12640751898288727
32,0.4094380722159431,1e-04,0.1289481,50483548.0,0.025244903,0.012752069,0.15827568,0.39226821064949036,0.10056968778371811,40325600.0,0.01659109629690647,0.008654238656163216,0.1285926252603531
33,0.3960093146278745,1e-04,0.1262241,48209590.0,0.02488598,0.012313,0.15730059,0.38113081455230713,0.10323765873908997,42994568.0,0.01649518869817257,0.009030180983245373,0.12814590334892273
34,0.3829943665436336,1e-04,0.1259991,49634036.0,0.024363741,0.012238044,0.15573314,0.3717334568500519,0.10673213005065918,40092212.0,0.017563804984092712,0.009303919970989227,0.13168193399906158
35,0.3704945927574521,1e-04,0.1243204,48641184.0,0.02389873,0.012010274,0.15394796,0.35541149973869324,0.10174858570098877,41237180.0,0.016323037445545197,0.008737399242818356,0.1273883879184723
36,0.3592745576586042,1e-04,0.12517926,48837384.0,0.024243403,0.012173988,0.15510988,0.3502470850944519,0.10165528208017349,39227028.0,0.017218632623553276,0.008769252337515354,0.13084769248962402
37,0.34862348153477624,1e-04,0.12685515,48368596.0,0.024660408,0.01244312,0.15639427,0.3420652747154236,0.10615093261003494,37333044.0,0.01936606876552105,0.009417153894901276,0.13888217508792877
38,0.33776171576409114,1e-04,0.122421324,45071670.0,0.024357986,0.011778923,0.1552531,0.3228902816772461,0.10195917636156082,36167884.0,0.01799117587506771,0.008764487691223621,0.13369695842266083
39,0.326955326965877,1e-04,0.12322979,47924650.0,0.023748055,0.0119486675,0.15366991,0.3169761896133423,0.09971465915441513,37468608.0,0.017054127529263496,0.008557148277759552,0.1303841918706894
40,0.31722749556813923,1e-04,0.12528731,48395130.0,0.023798928,0.012124097,0.15338942,0.3051835894584656,0.10256564617156982,40846732.0,0.016528548672795296,0.008837327361106873,0.12831471860408783
41,0.307039954832622,1e-04,0.12290548,49691330.0,0.022962883,0.011818116,0.15096681,0.2953275740146637,0.10561481863260269,41798252.0,0.017029309645295143,0.00916341133415699,0.13008950650691986
42,0.297672681865238,1e-04,0.12189297,48316604.0,0.0225726,0.011587566,0.14962439,0.2883279025554657,0.10066556930541992,40895292.0,0.016474062576889992,0.00869341753423214,0.12827973067760468
43,0.2892947040853046,1e-04,0.12183398,47222276.0,0.022813926,0.011618401,0.15043704,0.28706303238868713,0.10517605394124985,37177020.0,0.018568677827715874,0.009357583709061146,0.13570451736450195
44,0.28037678485824946,1e-04,0.121207364,48365716.0,0.022141472,0.011424273,0.1481088,0.27009502053260803,0.09668638557195663,35841544.0,0.016004113480448723,0.008031678386032581,0.12570784986019135
45,0.27239451380003066,1e-04,0.12195405,49423110.0,0.022067608,0.011576062,0.14817661,0.2601044178009033,0.09729260951280594,40183000.0,0.015408267267048359,0.008206280879676342,0.12356968969106674
46,0.2646506911232358,1e-04,0.12018735,48231584.0,0.021901522,0.011288194,0.14773405,0.2570668160915375,0.09694927930831909,34958428.0,0.016831837594509125,0.008167251944541931,0.12914131581783295
47,0.2572055033275059,1e-04,0.11758004,45706068.0,0.02173641,0.0109203,0.14688303,0.24889597296714783,0.09705633670091629,37246292.0,0.016228675842285156,0.008230467326939106,0.12650717794895172
48,0.24967657100586665,1e-04,0.11955426,48950492.0,0.021220999,0.011205174,0.14519845,0.2427777647972107,0.10696061700582504,41262744.0,0.016809722408652306,0.009278575889766216,0.12952332198619843
49,0.2426406606322243,1e-04,0.118371375,48015270.0,0.020923674,0.011009561,0.14398342,0.2367372363805771,0.10072582960128784,41358068.0,0.016069339588284492,0.008680368773639202,0.126596137881279
50,0.23604588352498554,1e-04,0.11760224,49137990.0,0.020767,0.010994743,0.14352944,0.222558856010437,0.09668711572885513,40321860.0,0.014659234322607517,0.008031555451452732,0.12059807777404785
51,0.22975688179334006,1e-04,0.11653415,45949096.0,0.02064733,0.010750167,0.1429191,0.2212899625301361,0.09691713005304337,39559068.0,0.015138388611376286,0.00812128558754921,0.12256661057472229
52,0.22418313792773656,1e-04,0.119510636,49219156.0,0.020989196,0.011168697,0.14437705,0.21467679738998413,0.09971806406974792,39604952.0,0.015368153341114521,0.008301868103444576,0.12360325455665588
53,0.21810467115470342,1e-04,0.11846063,49667548.0,0.020566473,0.011161234,0.14271243,0.21341702342033386,0.1053764820098877,44826508.0,0.016072353348135948,0.009196477942168713,0.12630324065685272
54,0.21194198727607727,1e-04,0.11685837,50088620.0,0.019841483,0.010879137,0.14038005,0.20073120296001434,0.09579531103372574,41286192.0,0.014056778512895107,0.00792586151510477,0.1183367595076561
55,0.20670106155531748,1e-04,0.116720565,48607804.0,0.01981608,0.010872604,0.14005867,0.19726555049419403,0.09545248746871948,38131648.0,0.01451950054615736,0.007895895279943943,0.11975958198308945
56,0.20234544362340653,1e-04,0.11869477,49294320.0,0.020444797,0.011216707,0.14245076,0.1917240470647812,0.09690556675195694,44024224.0,0.013922070153057575,0.008113007992506027,0.11710503697395325
57,0.19628740563279107,1e-04,0.11549397,50169224.0,0.019165022,0.010764723,0.13766709,0.18741539120674133,0.09593761712312698,41547896.0,0.01381430123001337,0.007967689074575901,0.11731461435556412
58,0.19118771595614298,1e-04,0.11413997,49305148.0,0.018653601,0.010411969,0.13627756,0.186976820230484,0.1008397564291954,46131332.0,0.01453328412026167,0.008731103502213955,0.12043806165456772
59,0.18673870322250186,1e-04,0.1152965,51433300.0,0.018605756,0.010737451,0.13576631,0.18075968325138092,0.0997399091720581,44379712.0,0.013918410055339336,0.008359510451555252,0.11736608296632767
60,0.18207316881134397,1e-04,0.11252282,50013176.0,0.018147819,0.01027617,0.13411368,0.17540228366851807,0.09702631086111069,41126860.0,0.01419841218739748,0.008046326227486134,0.11887291818857193
61,0.1776984248842512,1e-04,0.11282052,49492852.0,0.01784424,0.010336314,0.13293537,0.17415344715118408,0.10002226382493973,46275468.0,0.013929595239460468,0.008541079238057137,0.11708565801382065
62,0.1739329816330047,1e-04,0.11373091,51892516.0,0.01797935,0.010540836,0.1337353,0.16720955073833466,0.09560064226388931,43034752.0,0.013286639004945755,0.007917431183159351,0.11514190584421158
63,0.16983022221497127,1e-04,0.112800345,51057068.0,0.017617676,0.010423498,0.13208826,0.1628323644399643,0.09700001031160355,46956612.0,0.012798639945685863,0.00813362281769514,0.1129518523812294
64,0.1659616054523559,1e-04,0.11099705,49635052.0,0.01732471,0.01010606,0.13107693,0.15919698774814606,0.09695520997047424,46438876.0,0.012785916216671467,0.00810724776238203,0.11299660801887512
65,0.16193539188021705,1e-04,0.11061432,51304484.0,0.01675277,0.0101428535,0.12892476,0.15804271399974823,0.10355773568153381,49713772.0,0.014163498766720295,0.009115890599787235,0.11886689811944962
66,0.15821724846249535,1e-04,0.10876106,50482104.0,0.016341653,0.009853248,0.12737405,0.1539214700460434,0.09755384176969528,46531188.0,0.012969314120709896,0.008211185224354267,0.11378061771392822
67,0.15538293336118972,1e-04,0.110036954,50903270.0,0.01668997,0.010118495,0.12872459,0.1489245742559433,0.10437718033790588,53036676.0,0.014161481522023678,0.009469989687204361,0.11879432201385498
68,0.1515577378727141,1e-04,0.10772997,51774210.0,0.015907645,0.009840857,0.1257617,0.1499103605747223,0.09883619099855423,47415452.0,0.01323567796498537,0.0085179777815938,0.11476560682058334
69,0.14821681451229823,1e-04,0.10666329,50419036.0,0.01548297,0.009561042,0.12380217,0.1444460153579712,0.09794693440198898,42403520.0,0.013068892061710358,0.008075566031038761,0.11414388567209244
70,0.1451199927500316,1e-04,0.105087936,50234784.0,0.015190712,0.009452565,0.12265075,0.14194074273109436,0.09687510877847672,44638388.0,0.012603090144693851,0.008085545152425766,0.11203685402870178
71,0.14232937140124186,1e-04,0.104849085,50291620.0,0.0150923105,0.009460251,0.12225081,0.13605175912380219,0.0951036587357521,43516496.0,0.01199857983738184,0.007662053685635328,0.1091272309422493
72,0.13898504915691556,1e-04,0.10215677,48709480.0,0.014331359,0.008911206,0.11915187,0.13765476644039154,0.09641436487436295,46413712.0,0.012288161553442478,0.008021722547709942,0.11073166877031326
73,0.13634181661265238,1e-04,0.101500094,47409172.0,0.01418127,0.008777946,0.11862061,0.13252492249011993,0.09550738334655762,45891328.0,0.012005924247205257,0.007903610356152058,0.10954471677541733
74,0.13344626554421016,1e-04,0.100039855,48419656.0,0.013683782,0.008662222,0.11658832,0.1318160742521286,0.09456924349069595,42825956.0,0.011991162784397602,0.007719029206782579,0.10929763317108154
75,0.13105620372863042,1e-04,0.09919897,47312844.0,0.013587875,0.008494739,0.11632172,0.13007184863090515,0.10194363445043564,48794204.0,0.013416753150522709,0.00888354703783989,0.11564820259809494
76,0.12873428350403196,1e-04,0.09908511,46766064.0,0.013478135,0.008464192,0.115754195,0.12246459722518921,0.09179850667715073,44156024.0,0.011054739356040955,0.007379170972853899,0.10486191511154175
77,0.126370835517134,1e-04,0.09769301,45812030.0,0.013252713,0.00826682,0.11472953,0.12271780520677567,0.09349217265844345,45859660.0,0.011364907026290894,0.007658624555915594,0.10658147186040878
78,0.12402478676466715,1e-04,0.096839465,46215892.0,0.012953997,0.00814007,0.113304816,0.12251359969377518,0.09510273486375809,46476492.0,0.011784304864704609,0.007886110804975033,0.10831858962774277
79,0.12198286858342942,1e-04,0.09622704,45342704.0,0.012880759,0.008086949,0.113022,0.11888603121042252,0.0968477725982666,50223028.0,0.011965115554630756,0.008176825009286404,0.10908588021993637
80,0.11973780393600464,1e-04,0.09551057,45990524.0,0.01253587,0.007979428,0.111473575,0.11836540699005127,0.0949697494506836,41364044.0,0.011927892453968525,0.007631679996848106,0.1090245470404625
81,0.11802327703861963,1e-04,0.09413226,43257584.0,0.0126418825,0.0077207726,0.111912765,0.11581245064735413,0.09051430225372314,42794708.0,0.01083450485020876,0.007070068269968033,0.10389763116836548
82,0.11634069752125513,1e-04,0.09590682,44581000.0,0.012724045,0.007881376,0.11234548,0.11490684002637863,0.08901005238294601,37689560.0,0.011036486364901066,0.006880801636725664,0.1048610582947731
83,0.11412114259742555,1e-04,0.09240554,41426280.0,0.012210697,0.0074133584,0.10998214,0.11252500861883163,0.0891939178109169,40173044.0,0.010721590369939804,0.006860679015517235,0.10350766032934189
84,0.11221510136411303,1e-04,0.092735015,43580550.0,0.01193809,0.0074355034,0.10886773,0.10935291647911072,0.08987361192703247,36516268.0,0.010981455445289612,0.006691947113722563,0.1045488640666008
85,0.11058995234114784,1e-04,0.09115079,40506868.0,0.011907864,0.0072471267,0.10846714,0.10660067200660706,0.08750899881124496,43231404.0,0.01006530225276947,0.006712215021252632,0.10024627298116684
86,0.10852460101956413,1e-04,0.089547224,41961276.0,0.011370761,0.0070316037,0.10637945,0.10724068433046341,0.08778207749128342,40031812.0,0.010341324843466282,0.006631483789533377,0.10157416015863419
87,0.10718940233900434,1e-04,0.08964906,40611700.0,0.011519622,0.0070460876,0.10691585,0.10470671951770782,0.08613177388906479,38010784.0,0.009982004761695862,0.006363668944686651,0.09968599677085876
88,0.10563886484929494,1e-04,0.088585846,40076210.0,0.01141328,0.0069430047,0.10608196,0.10746951401233673,0.09980878233909607,48812032.0,0.013109512627124786,0.008463841862976551,0.11435776948928833
89,0.10446234650555111,1e-04,0.09008795,40094860.0,0.011626655,0.0069973846,0.107340895,0.10257788002490997,0.08677130937576294,39176104.0,0.010132971219718456,0.006546599790453911,0.10040900111198425
90,0.10334742494991847,1e-04,0.090852685,40168428.0,0.011857447,0.007227685,0.108100414,0.10145621746778488,0.09172680974006653,45038996.0,0.011226420290768147,0.007267792243510485,0.10579856485128403
91,0.10111687687181291,1e-04,0.08663114,38342904.0,0.010912518,0.0065267747,0.104136765,0.09840323030948639,0.08578943461179733,40742756.0,0.009793780744075775,0.006403109524399042,0.0988352969288826
92,0.09973850739853722,1e-04,0.08638996,37482590.0,0.010803063,0.00646531,0.103730045,0.09673096239566803,0.08408040553331375,39043920.0,0.009513945318758488,0.006124197039753199,0.09728538244962692
93,0.09863472162258058,1e-04,0.08700124,38742150.0,0.010925691,0.0065991054,0.10395791,0.09975530952215195,0.09022676944732666,42100420.0,0.010943609289824963,0.0070122163742780685,0.10429921001195908
94,0.09733442217111588,1e-04,0.086352274,38020270.0,0.010819425,0.0064756502,0.103560574,0.09589572995901108,0.08273812383413315,34736104.0,0.009797737002372742,0.005990241188555956,0.09886708855628967
95,0.09628824073643912,1e-04,0.08547607,36056224.0,0.010935808,0.006393403,0.104001544,0.09141533076763153,0.07977759838104248,35128244.0,0.00880554597824812,0.005566680338233709,0.0932202935218811
96,0.09526874941019785,1e-04,0.088822655,38617876.0,0.0110628335,0.006699852,0.10473546,0.09648369252681732,0.08381197601556778,31682848.0,0.01030729990452528,0.005937514360994101,0.10111650824546814
97,0.09404589058387847,1e-04,0.08496287,35668436.0,0.010924186,0.0063337306,0.10360096,0.09098242223262787,0.08075163513422012,35767444.0,0.00899563916027546,0.005623472388833761,0.0946531817317009
98,0.09287472920758384,1e-04,0.08579723,37591370.0,0.0108249895,0.006423054,0.103400275,0.08824631571769714,0.07907197624444962,34629920.0,0.008797724731266499,0.005501423496752977,0.09336952120065689
99,0.09176597070126306,1e-04,0.08595826,37033268.0,0.0107638305,0.0063951258,0.10339219,0.08798506110906601,0.07792174816131592,34267852.0,0.008533094078302383,0.005314705427736044,0.09218364208936691
100,0.09030487459330332,1e-04,0.08288557,35290010.0,0.0103155,0.006067709,0.10117475,0.0908726155757904,0.08680713176727295,38014124.0,0.010325021110475063,0.006373400334268808,0.10152330249547958
101,0.08933026450020927,1e-04,0.08413657,35677216.0,0.010335548,0.0061406386,0.10118289,0.08707531541585922,0.07957420498132706,35789760.0,0.008859226480126381,0.005533014889806509,0.09381920844316483
102,0.08841270492190406,1e-04,0.083559394,36460588.0,0.010383131,0.006132913,0.10128164,0.08551997691392899,0.07775440067052841,34416180.0,0.008691084571182728,0.005422038491815329,0.09308391809463501
103,0.08721435850574857,1e-04,0.0828596,35137480.0,0.0101384,0.005985541,0.10033412,0.08416775614023209,0.07835675030946732,30787538.0,0.00888728816062212,0.005299170967191458,0.09358492493629456
104,0.08706541820651009,1e-04,0.08484593,34197844.0,0.010919213,0.0062494157,0.104024924,0.0821530669927597,0.07876301556825638,36356740.0,0.008563532494008541,0.005391014274209738,0.09223534911870956
105,0.08528337911480949,1e-04,0.082250684,34566548.0,0.010046766,0.005884555,0.099791706,0.08247213065624237,0.0773380920290947,32618154.0,0.008544135838747025,0.005226725712418556,0.09237099438905716
106,0.08442847324269158,1e-04,0.082336456,34168570.0,0.010080361,0.005893003,0.10005535,0.08169586956501007,0.08152048289775848,37211172.0,0.009155528619885445,0.005718918051570654,0.09555613994598389
107,0.08352250392947878,1e-04,0.08224112,34175440.0,0.010041632,0.005856288,0.09980204,0.08278581500053406,0.08054649084806442,35624992.0,0.009092018008232117,0.005607742816209793,0.09516573697328568
108,0.08250298422007334,1e-04,0.08068907,34208296.0,0.009874423,0.005782382,0.098821774,0.08301867544651031,0.08556628972291946,37005268.0,0.010219979099929333,0.006217335816472769,0.1009896919131279
109,0.08207871552024569,1e-04,0.08374466,33788876.0,0.010297551,0.0059449947,0.101060174,0.07972517609596252,0.07783929258584976,31060936.0,0.008800010196864605,0.005254251882433891,0.0935388132929802
110,0.08138426570665269,1e-04,0.083863765,34268490.0,0.01042327,0.006021765,0.101709776,0.08036072552204132,0.0774691104888916,31302282.0,0.008771117776632309,0.005244297441095114,0.09355328232049942
111,0.08012554936465763,1e-04,0.08064719,32563386.0,0.009967473,0.0056960443,0.099348105,0.07854606211185455,0.07604772597551346,32002976.0,0.00854140892624855,0.005125783383846283,0.09214315563440323
112,0.07974186575128919,1e-04,0.08176302,32361728.0,0.010371001,0.005834947,0.10160395,0.0781964585185051,0.0827876403927803,35986132.0,0.009477254934608936,0.005769941955804825,0.09712501615285873
113,0.07888374477624893,1e-04,0.08275584,33766332.0,0.010292592,0.005948519,0.10105397,0.07649043202400208,0.07904049754142761,35321072.0,0.00880403071641922,0.0054380823858082294,0.09325721859931946
114,0.07780544814609346,1e-04,0.08169826,33388964.0,0.009971325,0.0057519805,0.09950833,0.07728572934865952,0.07621955126523972,30332120.0,0.008656425401568413,0.005126912612468004,0.0928453877568245
115,0.07663467384520031,1e-04,0.0794144,32080884.0,0.009554402,0.005505926,0.097455956,0.0761316791176796,0.07820436358451843,30790160.0,0.009068366140127182,0.005399839486926794,0.09512060880661011
116,0.07594609544390724,1e-04,0.07969965,32908470.0,0.009599358,0.0055677034,0.09767461,0.07636451721191406,0.07671245187520981,28758982.0,0.00888760294765234,0.005201893392950296,0.09411842375993729
117,0.0753363182856923,1e-04,0.08074602,32739426.0,0.009709469,0.0056247865,0.098146744,0.07307504117488861,0.07570336014032364,29112414.0,0.008624722249805927,0.005052668508142233,0.09273335337638855
118,0.07467543582121532,1e-04,0.07923478,31643438.0,0.009765754,0.005563832,0.0981283,0.072200246155262,0.07535769790410995,31532176.0,0.00821883138269186,0.0049734474159777164,0.09058946371078491
119,0.07378324121236801,1e-04,0.078893505,31548028.0,0.009580803,0.005475699,0.09732839,0.07289941608905792,0.07630442827939987,28353792.0,0.00873258151113987,0.0050741699524223804,0.09315159916877747
120,0.0733008175378754,1e-04,0.08013638,32569146.0,0.00979602,0.0056323423,0.09877302,0.07185837626457214,0.07656417042016983,29012474.0,0.008685121312737465,0.0051001692190766335,0.09309614449739456
121,0.0722034066205933,1e-04,0.07851381,31954258.0,0.009381299,0.0054001478,0.09660818,0.0708267092704773,0.0758730098605156,28343496.0,0.008713564835488796,0.005043126177042723,0.09295966476202011
122,0.07211452474196751,1e-04,0.08054337,31505064.0,0.009965164,0.0056615584,0.099492185,0.0685395896434784,0.07532256096601486,28255330.0,0.00863919872790575,0.004993773996829987,0.09250620007514954
123,0.0712102921236129,1e-04,0.07910615,30965248.0,0.009719932,0.0055036508,0.097880535,0.06977871060371399,0.0803377628326416,32448934.0,0.009211618453264236,0.005543489009141922,0.09592147916555405
124,0.07070008558886391,1e-04,0.07992788,32011550.0,0.009866703,0.005624243,0.09875466,0.07099536061286926,0.07723987102508545,31340886.0,0.008765953592956066,0.005185214802622795,0.09342983365058899
125,0.0694666834814208,1e-04,0.078061,31422436.0,0.009285577,0.005339261,0.09620179,0.06742827594280243,0.07440658658742905,29196122.0,0.008208788000047207,0.004873821046203375,0.09012264013290405
126,0.06903695740870067,1e-04,0.07850785,30799312.0,0.009487136,0.005377746,0.09704231,0.06922736018896103,0.07573845237493515,27703174.0,0.00889867078512907,0.005059623625129461,0.09370163828134537
127,0.06836891777458645,1e-04,0.07792592,31320548.0,0.009452676,0.00540778,0.096821964,0.07047894597053528,0.0768987387418747,26040790.0,0.00935762282460928,0.005201921332627535,0.09640251845121384
128,0.06819068711428415,1e-04,0.07912211,30422238.0,0.009899643,0.005563966,0.099156104,0.06493507325649261,0.07554485648870468,29592322.0,0.008412790484726429,0.005031309090554714,0.091498464345932
129,0.0674835191596122,1e-04,0.078868225,29968588.0,0.009803095,0.005463599,0.09854262,0.06630266457796097,0.07486972212791443,30552646.0,0.008479897864162922,0.0050310599617660046,0.09174852818250656
130,0.06647444906688872,1e-04,0.07710193,29299846.0,0.009404982,0.005289176,0.09649776,0.06351568549871445,0.07507163286209106,29375190.0,0.008279364556074142,0.004923088010400534,0.09048343449831009
131,0.06598406781752904,1e-04,0.07877817,30791576.0,0.009515188,0.005368239,0.09712531,0.06588925421237946,0.07727573066949844,32869714.0,0.008717658929526806,0.005215531215071678,0.09304337948560715
132,0.06578282976434344,1e-04,0.07952978,30879574.0,0.009907419,0.005580981,0.09903927,0.06428089737892151,0.07423396408557892,29897766.0,0.008266299031674862,0.004884050693362951,0.09059947729110718
133,0.06456440900053297,1e-04,0.07642286,29802984.0,0.009261514,0.0052351328,0.09555181,0.061756495386362076,0.07247097045183182,28563560.0,0.00783874373883009,0.004611242562532425,0.08832740783691406
134,0.06445587798953056,1e-04,0.07806121,29549264.0,0.009731205,0.0054120114,0.0978853,0.0624520406126976,0.0727577954530716,28311162.0,0.008002735674381256,0.004685348365455866,0.08894389867782593
135,0.0635693912349996,1e-04,0.07741403,30106832.0,0.009419158,0.005316619,0.09669165,0.06405363976955414,0.0779971107840538,30770576.0,0.008829237893223763,0.005207907874137163,0.0937640443444252
136,0.06308982627732414,1e-04,0.07783013,29636236.0,0.009505856,0.0053076698,0.09715344,0.06125832721590996,0.07373494654893875,27629922.0,0.00819573923945427,0.004790749866515398,0.09006265550851822
137,0.062296249327205476,1e-04,0.076587655,29568250.0,0.00925996,0.0051844786,0.095910534,0.06321021914482117,0.07475296407938004,25708086.0,0.009036620147526264,0.004961078986525536,0.09496421366930008
138,0.06152867153286934,1e-04,0.07648456,29371224.0,0.009041797,0.0051132133,0.09457239,0.06004437804222107,0.07234928756952286,27113774.0,0.007949200458824635,0.004624450579285622,0.08879909664392471
139,0.061016722094445,1e-04,0.07673601,29646390.0,0.009082265,0.00514339,0.09500984,0.06141733378171921,0.07576435059309006,25700758.0,0.009099483489990234,0.0050896392203867435,0.09506243467330933
140,0.06155887192913464,1e-04,0.07965146,29660394.0,0.010159821,0.0056441235,0.10027504,0.06438584625720978,0.08447694778442383,21251488.0,0.012817672453820705,0.006347795948386192,0.11287681013345718
141,0.061039904753367104,1e-04,0.07852725,29200704.0,0.010166704,0.0055769915,0.100397564,0.06068325415253639,0.07560281455516815,25415962.0,0.009403611533343792,0.005200628656893969,0.09657210856676102
142,0.06000904792121479,1e-04,0.078184985,29562920.0,0.009666215,0.005428121,0.09785802,0.05803103372454643,0.0751112625002861,27944458.0,0.008461818099021912,0.004932269919663668,0.0919385552406311
143,0.05915116589693796,1e-04,0.07660317,29353974.0,0.009324672,0.005209302,0.096134864,0.059446126222610474,0.07981065660715103,32492018.0,0.009297586977481842,0.005398288369178772,0.09623435139656067
144,0.058784526373658864,1e-04,0.07685697,29095326.0,0.009477909,0.0052735484,0.096929684,0.056444909423589706,0.07382868230342865,29371336.0,0.00801421795040369,0.004760172683745623,0.08940473943948746
145,0.0584934437203975,1e-04,0.07847835,29142592.0,0.009692381,0.0053735985,0.0979289,0.05763687938451767,0.07611086219549179,30030454.0,0.008518879301846027,0.00504250219091773,0.09210879355669022
146,0.05774068371171043,1e-04,0.07676819,28171374.0,0.009435156,0.0052244267,0.09642521,0.05814891308546066,0.0742315724492073,29181296.0,0.008449376560747623,0.004956056829541922,0.09155686944723129
147,0.05718390838730903,1e-04,0.07734343,29370564.0,0.009377568,0.0052490765,0.09643884,0.05902065709233284,0.07472358644008636,28742536.0,0.008496197871863842,0.0049666124396026134,0.09148064255714417
148,0.056595283782198316,1e-04,0.07574292,28115900.0,0.009273762,0.0051575825,0.09565895,0.05582984909415245,0.07290751487016678,27872800.0,0.008222546428442001,0.004798011388629675,0.09021113067865372
149,0.05609400641350519,1e-04,0.075938486,28616144.0,0.009268548,0.005163136,0.09574468,0.054245058447122574,0.0755724310874939,30134714.0,0.008290697820484638,0.0049459668807685375,0.09094976633787155
150,0.05546893906735238,1e-04,0.07570407,28607536.0,0.00911658,0.005102416,0.095208354,0.05498219653964043,0.07342647761106491,27418958.0,0.00828393641859293,0.004790973383933306,0.09081777185201645
151,0.05469445990664618,1e-04,0.07441335,28124882.0,0.008821113,0.004940548,0.09366846,0.05388046056032181,0.07346812635660172,28388678.0,0.008122465573251247,0.00481263967230916,0.08958536386489868
152,0.05483521627528327,1e-04,0.076728724,28200158.0,0.0094379475,0.0052291322,0.09675462,0.05292036384344101,0.07514708489179611,29479222.0,0.00828124675899744,0.004893667064607143,0.09086764603853226
153,0.05465713817448843,1e-04,0.07709177,28018154.0,0.009716558,0.005313117,0.09765718,0.05232755094766617,0.07600750774145126,28157512.0,0.008520716801285744,0.005039030220359564,0.0918586477637291
154,0.05409943365624973,1e-04,0.07737485,28536726.0,0.009631753,0.00532392,0.09751564,0.05182332545518875,0.07317360490560532,25153622.0,0.008459596894681454,0.00475865276530385,0.09181040525436401
155,0.053027668879145666,1e-04,0.074655615,27343500.0,0.009021554,0.0050110496,0.09459239,0.05181723088026047,0.07536794990301132,29655912.0,0.008379255421459675,0.004965968430042267,0.09128504991531372
156,0.052429433734644024,1e-04,0.075571455,28931990.0,0.008877431,0.005006148,0.09383162,0.053263548761606216,0.07625529170036316,23218786.0,0.009555810131132603,0.005110258236527443,0.09751612693071365
157,0.05219526748572077,1e-04,0.07582104,28140504.0,0.009081816,0.0051018354,0.0948498,0.050554461777210236,0.07198140770196915,26905984.0,0.008000719361007214,0.0046691265888512135,0.08918292075395584
158,0.0520099513232708,1e-04,0.07481613,26718464.0,0.009335797,0.00507737,0.09608657,0.050463005900382996,0.07590043544769287,31353562.0,0.008526124991476536,0.005018074531108141,0.09218338131904602
159,0.051522446530205865,1e-04,0.076051846,28214960.0,0.0092968475,0.005180698,0.09608813,0.05371536314487457,0.07461082190275192,24822810.0,0.009128173813223839,0.005048335064202547,0.09514272958040237
160,0.05066284519575891,1e-04,0.074190795,27239546.0,0.008871293,0.004922133,0.09362302,0.05111514404416084,0.07419639825820923,25299450.0,0.008778381161391735,0.0049305870197713375,0.09320962429046631
161,0.050539045284191765,1e-04,0.07529658,27400688.0,0.009180192,0.005070704,0.09532398,0.05146200209856033,0.07416846603155136,25110826.0,0.008780875243246555,0.004921083804219961,0.09345894306898117
162,0.050675079226493835,5e-05,0.077824175,27913140.0,0.009642343,0.005302689,0.09780411,0.050988029688596725,0.07438195496797562,25573600.0,0.008780254982411861,0.005006351042538881,0.0934467688202858
163,0.04982153645583561,5e-05,0.0751081,27559996.0,0.008997778,0.005005423,0.094496764,0.046606652438640594,0.07112365961074829,25520250.0,0.007970032282173634,0.004561597015708685,0.08894874900579453
164,0.050448804384186155,5e-05,0.07736228,26984304.0,0.009833787,0.0053446773,0.09869327,0.04796299338340759,0.07252850383520126,26672042.0,0.007963638752698898,0.00461686821654439,0.08877228945493698
165,0.04965885267371223,5e-05,0.07411769,27100464.0,0.009256752,0.005051619,0.09575922,0.04708791524171829,0.072369284927845,28637190.0,0.00789832603186369,0.004687238950282335,0.08869080990552902
166,0.04908977608595576,5e-05,0.07490876,28047792.0,0.008905603,0.0049576894,0.09386478,0.04642663896083832,0.07148485630750656,25284234.0,0.007946859113872051,0.004501271992921829,0.08895685523748398
167,0.04894546791911125,5e-05,0.07395357,27134172.0,0.008962567,0.0049474,0.094361775,0.04783918708562851,0.07226622849702835,25285296.0,0.00813904870301485,0.004649479407817125,0.09001252800226212
168,0.04884576478174755,5e-05,0.07471655,27379218.0,0.009077377,0.0050199367,0.094882905,0.04599929228425026,0.0714401975274086,25857654.0,0.007848898880183697,0.004502079915255308,0.08825751394033432
169,0.04850435097302709,5e-05,0.07360679,26949126.0,0.008939741,0.0049161594,0.093998246,0.046959251165390015,0.0712733045220375,25688562.0,0.007987569086253643,0.004547934979200363,0.0886785089969635
170,0.048024387941474005,5e-05,0.07297859,26549736.0,0.008672471,0.0047971294,0.09268007,0.04879957437515259,0.07271871715784073,27269078.0,0.008246454410254955,0.0047994256019592285,0.09069377928972244
171,0.04807689076378232,5e-05,0.07475898,27006032.0,0.0089381635,0.00492314,0.09437854,0.04828845337033272,0.0734805017709732,25298328.0,0.008601336739957333,0.004891435150057077,0.09266520291566849
172,0.04783221564832188,5e-05,0.07438089,27396300.0,0.008899786,0.004922516,0.09401607,0.046027328819036484,0.07173261791467667,25653066.0,0.007981294766068459,0.004559703636914492,0.08922823518514633
173,0.04749711177178791,2.5e-05,0.073381506,26869382.0,0.008720848,0.00483845,0.09309528,0.045973896980285645,0.07178156822919846,24831664.0,0.008068674243986607,0.004608856048434973,0.08959869295358658
174,0.04768314035165878,2.5e-05,0.07415243,26720600.0,0.009009222,0.0049406653,0.09459866,0.047240521758794785,0.07290848344564438,24932622.0,0.00834062322974205,0.004689425695687532,0.09071606397628784
175,0.047341295651027133,2.5e-05,0.07389337,26465746.0,0.008774332,0.0048186486,0.09326511,0.04620211198925972,0.07232838869094849,25450766.0,0.008123480714857578,0.004658658057451248,0.09007342904806137
176,0.047842749527522495,2.5e-05,0.0752699,26780968.0,0.009378984,0.0051236064,0.09660554,0.049703940749168396,0.07392045855522156,26121552.0,0.008561725728213787,0.004872363060712814,0.09220995754003525
177,0.04728111766633533,1.25e-05,0.07417852,26924682.0,0.008896661,0.0049073086,0.09382395,0.047684311866760254,0.07232613116502762,25672394.0,0.008271877653896809,0.00469344574958086,0.09002178907394409
178,0.04693296001780601,1.25e-05,0.07307983,26722902.0,0.008600081,0.004759511,0.09213535,0.048528898507356644,0.07274220883846283,25521466.0,0.008429200388491154,0.004822592716664076,0.09151051193475723
179,0.047204329676571344,1.25e-05,0.074104436,26875452.0,0.00892393,0.0049066534,0.09402545,0.04846016317605972,0.07166403532028198,25611744.0,0.008053523488342762,0.004608030430972576,0.08939653635025024
180,0.047155299002215975,1.25e-05,0.07400404,26593176.0,0.008925905,0.0049165543,0.093910016,0.04503139480948448,0.07143285125494003,25090208.0,0.007956554181873798,0.004547447897493839,0.08913997560739517
181,0.047046790165560584,1.25e-05,0.07466181,27461376.0,0.008872664,0.0049280785,0.09401041,0.04873727262020111,0.07271520048379898,26027424.0,0.008463635109364986,0.004879535175859928,0.09153693914413452
182,0.04680039520774569,1.25e-05,0.07296749,26755444.0,0.008676848,0.0047949967,0.09256277,0.04649500921368599,0.07203143835067749,25141362.0,0.008180449716746807,0.004669660702347755,0.08975864201784134
183,0.04718519445686113,1.25e-05,0.07517928,26335284.0,0.009112307,0.0049893507,0.09503082,0.045915864408016205,0.0716455951333046,24749470.0,0.0081781642511487,0.004648421425372362,0.09033748507499695
184,0.04716895236855462,1.25e-05,0.073666126,26144208.0,0.00914754,0.0049866,0.09469051,0.04830511286854744,0.07275542616844177,24863384.0,0.008362692780792713,0.004734137561172247,0.09091761708259583
185,0.04699378744477317,6.25e-06,0.07481868,27355056.0,0.009017788,0.004994787,0.094699465,0.04411230981349945,0.07071835547685623,26061794.0,0.00773092545568943,0.004481925163418055,0.08763992786407471
186,0.04697648027823085,6.25e-06,0.07386664,26827794.0,0.009026466,0.004959541,0.09481893,0.048502180725336075,0.07297691702842712,25197914.0,0.008565474301576614,0.0048735421150922775,0.09239204972982407
187,0.0470157109555744,6.25e-06,0.07526443,27397354.0,0.00909245,0.0050194333,0.09470832,0.04431019723415375,0.07056014239788055,25669888.0,0.00780221214517951,0.0044639273546636105,0.08800511807203293
188,0.046899225208021346,6.25e-06,0.074076,26894876.0,0.009001251,0.0049473993,0.09443316,0.045592404901981354,0.07136111706495285,25615130.0,0.008070147596299648,0.004606605973094702,0.08965561538934708
189,0.04698360179151807,6.25e-06,0.074192524,26586346.0,0.00911209,0.0050024497,0.09463328,0.047003764659166336,0.07248933613300323,25257808.0,0.008372314274311066,0.0046998318284749985,0.0911569818854332
190,0.04649385845377332,3.125e-06,0.07292192,26831350.0,0.008644248,0.0047855824,0.09257754,0.0448928102850914,0.07204557210206985,26087586.0,0.00794979277998209,0.004590532276779413,0.08909240365028381
191,0.04714318134245418,3.125e-06,0.07502637,26930350.0,0.0093073845,0.0051022107,0.09615447,0.0440673865377903,0.07064220309257507,25111582.0,0.007810688111931086,0.004457888659089804,0.08796033263206482
192,0.04651419463611785,3.125e-06,0.07327732,26879366.0,0.008691909,0.0048241457,0.09262444,0.045913200825452805,0.0720939114689827,25402494.0,0.00817211251705885,0.00466542411595583,0.09031376242637634
193,0.04687133342737243,3.125e-06,0.07449726,26790762.0,0.009062884,0.0049943016,0.09469064,0.04494087025523186,0.07127616554498672,25166606.0,0.007972282357513905,0.00462303264066577,0.08844993263483047
194,0.047008256294897625,1.5625e-06,0.075531185,26653180.0,0.009210469,0.0050609224,0.09563967,0.04914380609989166,0.07270113378763199,25181806.0,0.008670751936733723,0.004870755132287741,0.09275269508361816
195,0.04675730442007383,1.5625e-06,0.074291535,26747480.0,0.0089662075,0.004939243,0.09410741,0.04407111182808876,0.07101546972990036,25006758.0,0.007826262153685093,0.0044876206666231155,0.08812159299850464
196,0.04699350804800079,1.5625e-06,0.07484908,26807960.0,0.009209108,0.005066117,0.0955221,0.04592358320951462,0.07172742486000061,24872078.0,0.008152812719345093,0.004621931817382574,0.08945519477128983
197,0.04646069840306327,1.5625e-06,0.07289771,26752454.0,0.008683246,0.0048059034,0.09263863,0.046136751770973206,0.0719594657421112,24141162.0,0.00819563027471304,0.004603161010891199,0.08969735354185104
198,0.04654252972631227,7.8125e-07,0.07344814,26731076.0,0.008770564,0.0048432252,0.09317109,0.04533194750547409,0.07157420367002487,25510640.0,0.00807760190218687,0.004674163181334734,0.0895480215549469
199,0.04652841566574006,7.8125e-07,0.072974235,26593128.0,0.008760002,0.00483734,0.09316379,0.04684879630804062,0.07196331769227982,25305090.0,0.008172583766281605,0.004646988119930029,0.09009503573179245
200,0.04648111849313691,7.8125e-07,0.07307855,26893482.0,0.008716315,0.0048117028,0.0930857,0.04714807868003845,0.07269379496574402,25243544.0,0.008386052213609219,0.004743015859276056,0.09116232395172119
201,0.046714953368618375,7.8125e-07,0.07421881,26841530.0,0.008953662,0.004940523,0.09424297,0.047284357249736786,0.07241867482662201,25137240.0,0.008409564383327961,0.004731189459562302,0.091344453394413
================================================================================
FILE: D:\HoChePing\北科大_碩班_AI學程\期刊研究\使用LSTM模型預測福壽雞隻重量\Code程式碼\LSTM_TransferLearning_SolarEnergy\reports\Solar Energy Result\實驗 A：Plant1 → Plant2\transfer-learning (Freeze)\nb_batch20 training_parameters.txt

[2025-06-24 17:09:58]
閮毀鞈???Plant2蝚砌???餅?蝯????嚗?Data Size (data_size): 3264
Number of Batches (args['nb_batch']): 20
Batch Size (bsize): 64
Sequence Length (period): 5

[2025-06-24 17:10:45]
閮毀鞈???Plant2蝚砌???餅?蝯????嚗?Data Size (data_size): 3264
Number of Batches (args['nb_batch']): 20
Batch Size (bsize): 64
Sequence Length (period): 5

[2025-06-24 17:50:45]
閮毀鞈???Plant2蝚砌???餅?蝯????嚗?Data Size (data_size): 3264
Number of Batches (args['nb_batch']): 20
Batch Size (bsize): 128
Sequence Length (period): 5

[2025-06-24 17:51:23]
閮毀鞈???Plant2蝚砌???餅?蝯????嚗?Data Size (data_size): 3264
Number of Batches (args['nb_batch']): 20
Batch Size (bsize): 128
Sequence Length (period): 5

[2025-06-24 18:04:14]
閮毀鞈???Plant2蝚砌???餅?蝯????嚗?Data Size (data_size): 3264
Number of Batches (args['nb_batch']): 20
Batch Size (bsize): 64
Sequence Length (period): 5
================================================================================
FILE: D:\HoChePing\北科大_碩班_AI學程\期刊研究\使用LSTM模型預測福壽雞隻重量\Code程式碼\LSTM_TransferLearning_SolarEnergy\reports\Solar Energy Result\實驗 A：Plant1 → Plant2\transfer-learning (Freeze)\Plant2第二號發電機組\Plant1第一號發電機組\epoch_log.csv
epoch,loss,lr,mae,mape,mse,msle,rmse,val_loss,val_mae,val_mape,val_mse,val_msle,val_rmse
0,0.1596219407187568,3e-05,0.12967928,2033260.2,0.047159616,0.017023569,0.21631832,0.30137667059898376,0.2907218337059021,1523198.25,0.16953274607658386,0.06536154448986053,0.4110640287399292
1,0.1588157978322771,3e-05,0.12746418,2380022.5,0.046459116,0.016881071,0.21528663,0.2739374339580536,0.28985559940338135,1519838.125,0.16884218156337738,0.06515052914619446,0.41081058979034424
2,0.1605687422884835,3e-05,0.13094604,2154572.0,0.048320517,0.017556792,0.21965705,0.27838200330734253,0.2844531834125519,1539036.75,0.16571921110153198,0.06376112997531891,0.4070858359336853
3,0.16013532711399925,3e-05,0.12967591,2453192.0,0.047995403,0.01757345,0.21884757,0.2852326035499573,0.29149672389030457,1513527.75,0.17162862420082092,0.06612761318683624,0.41427674889564514
4,0.15760621594058144,3e-05,0.12764268,2608887.0,0.045575306,0.01651588,0.21267375,0.29142943024635315,0.2896190285682678,1510790.625,0.17043566703796387,0.0657869428396225,0.4126937687397003
5,0.1602164755264918,3e-05,0.13126323,2912844.0,0.048293404,0.017655587,0.2195149,0.2611989974975586,0.28291261196136475,1529200.25,0.16473045945167542,0.06353215873241425,0.40542566776275635
6,0.16044121980667114,3e-05,0.13223207,2328159.8,0.04862307,0.017724682,0.22025435,0.24045830965042114,0.2788842022418976,1519389.125,0.1628560721874237,0.06267280131578445,0.4013040065765381
7,0.1576889074510998,3e-05,0.12922873,2330105.5,0.045976657,0.016551236,0.21413665,0.3095254898071289,0.2827642261981964,1525060.25,0.16504298150539398,0.06357868015766144,0.4042201042175293
8,0.1591335419151518,3e-05,0.13150388,2187343.0,0.0475269,0.01735062,0.21759412,0.28946515917778015,0.2775349020957947,1542586.375,0.16193357110023499,0.06228923425078392,0.4019181728363037
9,0.15964460538493264,3e-05,0.13077815,2587103.0,0.04814325,0.017718945,0.21885055,0.261721134185791,0.27680113911628723,1513688.5,0.16146345436573029,0.06209400296211243,0.401583731174469
10,0.1582757830619812,3e-05,0.12771623,2365180.5,0.046877697,0.017062914,0.2162263,0.2775597870349884,0.28221777081489563,1495570.375,0.16378459334373474,0.06298396736383438,0.4046919345855713
11,0.1587431248691347,1.5e-05,0.1281395,2678888.8,0.04742635,0.017183475,0.21726996,0.29996633529663086,0.27841973304748535,1517900.125,0.16167446970939636,0.06208091601729393,0.400672972202301
12,0.15751597781976065,1.5e-05,0.1292741,2603464.8,0.046252593,0.016915865,0.21450602,0.2695332467556,0.27552980184555054,1546553.125,0.16059517860412598,0.06173552945256233,0.4007330536842346
13,0.1587633209096061,1.5e-05,0.12914364,2789306.2,0.047553875,0.017446576,0.21765804,0.2731635868549347,0.2773822844028473,1503179.125,0.16101114451885223,0.061831459403038025,0.4012601375579834
14,0.15892091559039223,1.5e-05,0.131674,2680749.8,0.047763553,0.017690785,0.21781877,0.2783122658729553,0.27503520250320435,1509148.25,0.16014474630355835,0.061552923172712326,0.4000841975212097
15,0.16075514091385734,7.5e-06,0.13298284,2388305.0,0.0496372,0.01825723,0.22154336,0.26597860455513,0.27484798431396484,1518987.0,0.1600216031074524,0.06150207668542862,0.3999752402305603
16,0.15734281639258066,7.5e-06,0.12750037,2420581.2,0.046250634,0.016793188,0.21442637,0.2668938934803009,0.2770533561706543,1511379.25,0.1607770323753357,0.061710942536592484,0.40092235803604126
================================================================================
FILE: D:\HoChePing\北科大_碩班_AI學程\期刊研究\使用LSTM模型預測福壽雞隻重量\Code程式碼\LSTM_TransferLearning_SolarEnergy\reports\Solar Energy Result\實驗 A：Plant1 → Plant2\transfer-learning (Unfreeze)\nb_batch20 training_parameters.txt

[2025-06-24 17:38:08]
閮毀鞈???Plant2蝚砌???餅?蝯????嚗?Data Size (data_size): 3264
Number of Batches (args['nb_batch']): 20
Batch Size (bsize): 128
Sequence Length (period): 5
================================================================================
FILE: D:\HoChePing\北科大_碩班_AI學程\期刊研究\使用LSTM模型預測福壽雞隻重量\Code程式碼\LSTM_TransferLearning_SolarEnergy\reports\Solar Energy Result\實驗 A：Plant1 → Plant2\transfer-learning (Unfreeze)\Plant2第二號發電機組\Plant1第一號發電機組\epoch_log.csv
epoch,loss,lr,mae,mape,mse,msle,rmse,val_loss,val_mae,val_mape,val_mse,val_msle,val_rmse
0,0.1585186630487442,3e-05,0.12934336,2205120.0,0.04604124,0.0167575,0.21390684,0.2705818712711334,0.27528053522109985,2056480.125,0.158147394657135,0.060756929218769073,0.3976775109767914
1,0.15354239642620088,3e-05,0.12076912,2963112.2,0.04113607,0.015136707,0.202669,0.2582710385322571,0.2572281062602997,3139471.0,0.14590637385845184,0.05590854957699776,0.3819769322872162
2,0.14910072088241577,3e-05,0.1132981,4267017.5,0.036762364,0.013559547,0.19125608,0.24366554617881775,0.23480457067489624,5402989.0,0.13136598467826843,0.05050744116306305,0.3624444603919983
3,0.1404108315706253,3e-05,0.1014268,6987086.5,0.028136034,0.010779845,0.16752522,0.23628905415534973,0.2242335081100464,9138710.0,0.12405054271221161,0.04837761074304581,0.35220810770988464
4,0.13370758891105652,3e-05,0.09245424,10579784.0,0.021492248,0.00900629,0.146348,0.21945253014564514,0.2033335417509079,16640651.0,0.10727153718471527,0.043494828045368195,0.3275233507156372
5,0.13011903166770936,3e-05,0.09152621,17070940.0,0.017961867,0.008762566,0.13368852,0.1958567351102829,0.1861386001110077,24728492.0,0.08373738825321198,0.0363672599196434,0.28937414288520813
6,0.12945479899644852,3e-05,0.09283994,20143650.0,0.017361784,0.009059559,0.13113084,0.18942171335220337,0.18119336664676666,24512338.0,0.0773685872554779,0.034333087503910065,0.27815210819244385
7,0.1265713393688202,3e-05,0.08490332,19123444.0,0.014544582,0.0074972063,0.12001506,0.1938670575618744,0.17947308719158173,17758676.0,0.08187994360923767,0.035241443663835526,0.28614673018455505
8,0.12475124895572662,3e-05,0.07806648,14646694.0,0.012790096,0.006212687,0.11277747,0.19534021615982056,0.17363965511322021,14600846.0,0.08341746032238007,0.035104237496852875,0.2888208031654358
9,0.12294769585132599,3e-05,0.07277838,14143728.0,0.011049292,0.0052248286,0.10489508,0.19017192721366882,0.16435818374156952,14198149.0,0.07830892503261566,0.03311781585216522,0.27983731031417847
10,0.12148083001375198,3e-05,0.06851436,14090266.0,0.00964006,0.004696562,0.09797536,0.18167062103748322,0.1538490653038025,15180512.0,0.06986236572265625,0.030263183638453484,0.2643148899078369
11,0.12042575031518936,3e-05,0.06662878,14864542.0,0.008638144,0.0042948374,0.09262067,0.17392653226852417,0.1437520682811737,15509768.0,0.06216965988278389,0.027621157467365265,0.24933844804763794
12,0.12003675252199172,3e-05,0.0659367,14796394.0,0.008300139,0.0042118393,0.09069512,0.17453312873840332,0.14599254727363586,14611116.0,0.06282754242420197,0.02816009894013405,0.2506542205810547
13,0.11926712989807128,3e-05,0.06198565,14449134.0,0.007582946,0.003827735,0.086868264,0.17463481426239014,0.14735445380210876,13198214.0,0.06298303604125977,0.027899591252207756,0.2509642243385315
14,0.11907173693180084,3e-05,0.06132277,13600853.0,0.0074421926,0.0037797396,0.08583437,0.17109927535057068,0.14275935292243958,12705528.0,0.0595034658908844,0.026685936376452446,0.2439333200454712
15,0.118988735973835,3e-05,0.06137263,13547726.0,0.0074159466,0.0037820018,0.08590007,0.16568538546562195,0.13816559314727783,14096706.0,0.054147716611623764,0.024885183200240135,0.23269662261009216
16,0.1187960922718048,3e-05,0.06226043,13718347.0,0.007282643,0.003820344,0.08504145,0.16483323276042938,0.13742999732494354,13797174.0,0.05335639417171478,0.024639802053570747,0.23099003732204437
17,0.11847890466451645,3e-05,0.0619479,14318277.0,0.007026364,0.0037242796,0.08353802,0.16154292225837708,0.1344570517539978,13573430.0,0.05012749135494232,0.023392023518681526,0.22389169037342072
18,0.11843212544918061,3e-05,0.060572755,13403515.0,0.0070420676,0.0037091202,0.08384036,0.1640755981206894,0.13838869333267212,12593244.0,0.052723631262779236,0.02430133894085884,0.22961626946926117
19,0.11799822896718978,3e-05,0.06017991,14925387.0,0.0066720457,0.0035931766,0.081255086,0.15817691385746002,0.13217318058013916,13183866.0,0.04688987880945206,0.02212691679596901,0.21654070913791656
20,0.11818816661834716,3e-05,0.060697842,13521384.0,0.0069277333,0.003644393,0.08290636,0.16041040420532227,0.1343991607427597,12758287.0,0.04919004440307617,0.02302657440304756,0.22178828716278076
21,0.11861875951290131,3e-05,0.062072486,14661896.0,0.007425101,0.0039330083,0.08610088,0.1616382598876953,0.13391178846359253,12289412.0,0.05048409104347229,0.023440919816493988,0.2246866524219513
22,0.11841246336698533,3e-05,0.06248475,14834080.0,0.0072843386,0.0039233724,0.08496323,0.15541662275791168,0.1275542676448822,13584634.0,0.044327136129140854,0.021125560626387596,0.21054010093212128
23,0.11836438626050949,3e-05,0.0625574,14865056.0,0.007300759,0.003869082,0.08515291,0.15183399617671967,0.12750127911567688,13570071.0,0.04080960527062416,0.019834235310554504,0.20201388001441956
24,0.11784758120775223,3e-05,0.061190844,13939288.0,0.0068502775,0.0036005955,0.08260395,0.15613888204097748,0.13028201460838318,12432220.0,0.04518265649676323,0.021393533796072006,0.21256212890148163
25,0.1178244709968567,3e-05,0.060684312,13806515.0,0.006895253,0.003662261,0.08284119,0.1608864814043045,0.13389164209365845,11609605.0,0.04999707266688347,0.02336898446083069,0.22360025346279144
26,0.11769203394651413,3e-05,0.06036535,13837134.0,0.006828488,0.0036293939,0.08256767,0.1542394459247589,0.12477623671293259,12572786.0,0.043414343148469925,0.020649775862693787,0.20836108922958374
27,0.11770470589399337,3e-05,0.060110085,14461477.0,0.006905096,0.0036545068,0.082325704,0.15219703316688538,0.12462224811315536,12800050.0,0.041435837745666504,0.02008107304573059,0.20355795323848724
28,0.11734838932752609,1.5e-05,0.060425542,14777976.0,0.006600037,0.0035397378,0.081086285,0.14817282557487488,0.11948247998952866,12716824.0,0.03744380176067352,0.018272176384925842,0.19350400567054749
29,0.11747669726610184,1.5e-05,0.060525477,13791013.0,0.0067607164,0.0035915603,0.08212527,0.14930306375026703,0.12081104516983032,12305090.0,0.0386069230735302,0.01874137669801712,0.1964864432811737
30,0.11804123967885971,1.5e-05,0.06290782,14699232.0,0.0073587312,0.003941752,0.08516114,0.15031121671199799,0.12119227647781372,12136546.0,0.0396488755941391,0.0191237460821867,0.19912025332450867
31,0.11753256469964982,1.5e-05,0.060783792,13784083.0,0.0068835304,0.0036047802,0.08275123,0.15215440094470978,0.12301915138959885,11508569.0,0.04152517393231392,0.019875716418027878,0.2037772685289383
32,0.11690718531608582,1.5e-05,0.058689065,14385352.0,0.0062910817,0.0033406112,0.0792522,0.14967980980873108,0.11941313743591309,11663709.0,0.03908342495560646,0.018877679482102394,0.1976952850818634
33,0.1172597661614418,7.5e-06,0.060680043,14279978.0,0.006669873,0.0036229845,0.08152733,0.14861337840557098,0.1185946986079216,11991799.0,0.03803328424692154,0.018445368856191635,0.19502124190330505
34,0.11683218032121659,7.5e-06,0.058871556,14374656.0,0.006258536,0.0033641562,0.07905541,0.1500670611858368,0.12214846909046173,11572332.0,0.039503246545791626,0.019282810389995575,0.1987542361021042
35,0.11691375076770782,7.5e-06,0.058686346,13540181.0,0.0063566207,0.0034006152,0.079499036,0.14688654243946075,0.11777527630329132,11642157.0,0.03633950650691986,0.017745256423950195,0.190629243850708
36,0.11696792840957641,7.5e-06,0.05926258,14356539.0,0.006427704,0.0034664564,0.080107346,0.14685121178627014,0.11879861354827881,11442613.0,0.036321286112070084,0.017727939411997795,0.19058144092559814
37,0.117339888215065,7.5e-06,0.060680646,14543656.0,0.0068167895,0.003690097,0.08224456,0.14638689160346985,0.11712910234928131,11981732.0,0.0358741469681263,0.017553232610225677,0.1894047111272812
38,0.11712520867586136,7.5e-06,0.06001862,14358416.0,0.006619436,0.0035174105,0.081255645,0.14567062258720398,0.11624564230442047,11329759.0,0.03517527878284454,0.017248978838324547,0.18755073845386505
39,0.11741442233324051,7.5e-06,0.061708856,14170629.0,0.006926003,0.0036836173,0.083054736,0.1479930877685547,0.11944926530122757,11231274.0,0.037515122443437576,0.018365297466516495,0.19368821382522583
40,0.11687069535255432,7.5e-06,0.059233863,13878971.0,0.0063996017,0.0033827245,0.079823956,0.14661084115505219,0.11660654842853546,10891544.0,0.03615005314350128,0.017619436606764793,0.19013167917728424
41,0.11683473140001296,7.5e-06,0.059144635,14638477.0,0.0063809315,0.003469281,0.07971199,0.1464177817106247,0.1163155734539032,11200229.0,0.0359744057059288,0.01754686050117016,0.18966920673847198
42,0.11709731668233872,7.5e-06,0.06027499,14499437.0,0.006660885,0.0036185056,0.08149016,0.14751243591308594,0.11895175278186798,11003157.0,0.03708641603589058,0.0181729756295681,0.19257833063602448
43,0.11754885613918305,3.75e-06,0.062363118,16489690.0,0.0071264477,0.0039645433,0.083719954,0.14484378695487976,0.11434189975261688,11108738.0,0.03442670404911041,0.016910884529352188,0.18554434180259705
44,0.11689516007900239,3.75e-06,0.05960833,13399813.0,0.006481568,0.0034507602,0.080363,0.14429596066474915,0.11359505355358124,11105969.0,0.03388757258653641,0.016683895140886307,0.18408577144145966
45,0.11675879210233689,3.75e-06,0.059671294,15479782.0,0.00635389,0.0034530305,0.07929212,0.1441626250743866,0.11413189768791199,10938654.0,0.03376296907663345,0.01665930449962616,0.18374702334403992
46,0.11680920720100403,3.75e-06,0.05978179,14774064.0,0.0064130574,0.0034465124,0.07997405,0.14747387170791626,0.12017930299043655,10945909.0,0.03708302229642868,0.018382985144853592,0.1925695240497589
47,0.11706493943929672,3.75e-06,0.060109437,14375226.0,0.006677673,0.00354396,0.08136251,0.1436477154493332,0.11329349875450134,11413074.0,0.03326573967933655,0.016443602740764618,0.18238897621631622
48,0.11709388792514801,3.75e-06,0.060372375,16612984.0,0.0067154085,0.0036914926,0.08150891,0.14478830993175507,0.1168438196182251,10855866.0,0.03441504389047623,0.01689743995666504,0.18551291525363922
49,0.11719855517148972,3.75e-06,0.060906034,13686293.0,0.006828794,0.0036234786,0.08243151,0.143571138381958,0.11305806785821915,11104000.0,0.03320663422346115,0.016388535499572754,0.18222688138484955
50,0.1171354278922081,3.75e-06,0.06070447,14952755.0,0.0067745065,0.0037340433,0.0815644,0.14358121156692505,0.11382607370615005,11259540.0,0.03322569280862808,0.016427313908934593,0.18227915465831757
51,0.11691009253263474,3.75e-06,0.059855986,14182336.0,0.0065581473,0.0034901511,0.08079166,0.1456308215856552,0.11705168336629868,10685848.0,0.03528417646884918,0.017458122223615646,0.18784083425998688
52,0.11701830178499222,1.875e-06,0.060129486,14720608.0,0.0066733635,0.00365024,0.08134757,0.1433829963207245,0.11290519684553146,11082318.0,0.03304070979356766,0.016320135444402695,0.18177103996276855
53,0.11666666269302368,1.875e-06,0.05896104,13670200.0,0.0063261925,0.003358078,0.07922115,0.14338921010494232,0.1131681576371193,10971260.0,0.03305147588253021,0.016316529363393784,0.18180064857006073
54,0.11665669828653336,1.875e-06,0.059234966,14381928.0,0.0063207597,0.003461267,0.079349995,0.14358408749103546,0.11383393406867981,10673822.0,0.03325080871582031,0.016382712870836258,0.18234804272651672
55,0.11699025481939315,1.875e-06,0.060622413,15304819.0,0.006658721,0.003599862,0.08144649,0.14472639560699463,0.11553655564785004,10553922.0,0.03439749777317047,0.017010096460580826,0.18546561896800995
56,0.11663178503513336,1.875e-06,0.058596306,13749699.0,0.006304644,0.0033545166,0.07910371,0.14314353466033936,0.11342252045869827,10530239.0,0.03281901031732559,0.01620851457118988,0.18116018176078796
57,0.11652707606554032,1.875e-06,0.05912169,14273942.0,0.0062043155,0.003403247,0.07808695,0.14319419860839844,0.11361649632453918,10930556.0,0.032874055206775665,0.01623852550983429,0.18131203949451447
58,0.11674134582281112,1.875e-06,0.059408993,15405710.0,0.006422969,0.0035336,0.079894856,0.1429992914199829,0.11330211162567139,10534163.0,0.0326835997402668,0.016141455620527267,0.18078605830669403
59,0.11647425293922424,1.875e-06,0.05812951,14612357.0,0.00616037,0.0032722198,0.078388974,0.14241649210453033,0.11203910410404205,11052666.0,0.032105326652526855,0.015950346365571022,0.1791795939207077
60,0.11674406975507737,1.875e-06,0.059071947,14455870.0,0.00643469,0.0034335044,0.080178395,0.14280511438846588,0.11304926872253418,10786093.0,0.03249843418598175,0.01610569655895233,0.18027321994304657
61,0.11681243181228637,1.875e-06,0.059420608,14015290.0,0.006507582,0.0034961936,0.08045951,0.1422303020954132,0.11077487468719482,10568688.0,0.031928203999996185,0.015827175229787827,0.17868465185165405
62,0.11650068759918213,1.875e-06,0.058687545,15111266.0,0.0062003965,0.0034245967,0.07852907,0.14378608763217926,0.11415895074605942,10458026.0,0.03348853439092636,0.016617026180028915,0.18299873173236847
63,0.11640117019414901,1.875e-06,0.05785067,14398331.0,0.006105423,0.0033090953,0.07792353,0.14249399304389954,0.1123785525560379,10725884.0,0.03220093995332718,0.01597621664404869,0.17944620549678802
64,0.11702167540788651,1.875e-06,0.060777187,14409798.0,0.0067304545,0.0036337688,0.08189555,0.14199207723140717,0.11120054870843887,10580257.0,0.03170357644557953,0.015722837299108505,0.17805498838424683
65,0.11676225662231446,1.875e-06,0.058998585,14866526.0,0.0064755804,0.00349687,0.080238,0.14199230074882507,0.11136431992053986,10423838.0,0.03170836716890335,0.015780609101057053,0.17806842923164368
66,0.1166457861661911,1.875e-06,0.05883791,14567504.0,0.006363704,0.00340505,0.07963343,0.14381280541419983,0.11446820944547653,10915122.0,0.033533453941345215,0.016650859266519547,0.18312141299247742
67,0.11664088666439057,1.875e-06,0.05973777,14479968.0,0.0063633695,0.0035137974,0.07941822,0.14216248691082,0.11139331758022308,10507617.0,0.03188770264387131,0.015802618116140366,0.17857128381729126
68,0.1165858194231987,1.875e-06,0.059051473,14571104.0,0.0063128127,0.003390686,0.07918354,0.14200039207935333,0.11085537821054459,10976703.0,0.03173002600669861,0.015755046159029007,0.17812924087047577
69,0.11664085537195205,9.375e-07,0.05983569,15649677.0,0.00637141,0.0035280026,0.079802394,0.14203618466854095,0.11100399494171143,10355350.0,0.031768105924129486,0.01576753705739975,0.17823609709739685
70,0.11684112399816513,9.375e-07,0.060632855,15650474.0,0.00657399,0.0036426908,0.08106188,0.14213277399539948,0.11150327324867249,10482009.0,0.03186707943677902,0.015787716954946518,0.1785135269165039
71,0.11681777238845825,9.375e-07,0.05932177,14798966.0,0.006553019,0.0035746247,0.08080909,0.14355608820915222,0.1143377423286438,10364968.0,0.033292755484580994,0.01655232347548008,0.18246302008628845
72,0.11669433116912842,9.375e-07,0.060477246,15601069.0,0.00643192,0.0035603016,0.08004664,0.14243534207344055,0.11270081251859665,10379486.0,0.03217431902885437,0.015942398458719254,0.17937201261520386
73,0.11677676290273667,4.6875e-07,0.058923207,15020365.0,0.006516216,0.0035171087,0.08047654,0.14180907607078552,0.11059723049402237,10884998.0,0.03154922276735306,0.015678711235523224,0.1776210069656372
74,0.11669903546571732,4.6875e-07,0.059110932,14577747.0,0.0064396383,0.0034817965,0.08015089,0.14196226000785828,0.11156376451253891,10674916.0,0.03170355409383774,0.015723297372460365,0.17805491387844086
75,0.11639422327280044,4.6875e-07,0.05816753,13847888.0,0.0061359936,0.003321623,0.07777604,0.14178171753883362,0.11064226925373077,10891988.0,0.031524188816547394,0.015660038217902184,0.1775505244731903
76,0.11638615131378174,4.6875e-07,0.057732273,14410622.0,0.00612911,0.0033259168,0.078151345,0.14179298281669617,0.11089687049388885,10851318.0,0.03153664618730545,0.015674937516450882,0.17758560180664062
77,0.1162836492061615,4.6875e-07,0.05814475,14248387.0,0.0060277944,0.003253524,0.077483416,0.14207959175109863,0.1122700497508049,10283100.0,0.031824421137571335,0.01576385833323002,0.17839400470256805
78,0.11649665832519532,2.34375e-07,0.05882463,14573088.0,0.0062417435,0.0033357393,0.078865364,0.14374761283397675,0.11550720036029816,10280684.0,0.033493027091026306,0.016654912382364273,0.183010995388031
79,0.11700341403484345,2.34375e-07,0.060646623,13906664.0,0.00674907,0.0036329743,0.08207689,0.14328129589557648,0.11369013786315918,10411327.0,0.03302731364965439,0.016415555030107498,0.18173418939113617
80,0.11717060953378677,2.34375e-07,0.060852062,13132136.0,0.006916851,0.0036058414,0.082706794,0.14181819558143616,0.11117418855428696,10190232.0,0.03156476840376854,0.015654833987355232,0.17766475677490234
81,0.11703111082315446,2.34375e-07,0.060254,14066725.0,0.006777921,0.0035913587,0.082169734,0.14305390417575836,0.11326495558023453,10148886.0,0.0328010618686676,0.01632186770439148,0.18111063539981842
82,0.11690734475851058,1.171875e-07,0.060406588,13840907.0,0.006654614,0.0035429664,0.08136417,0.14326871931552887,0.11359387636184692,10252912.0,0.03301616758108139,0.016399472951889038,0.18170352280139923
83,0.11705894470214843,1.171875e-07,0.06077954,14823059.0,0.006806513,0.0037235408,0.08210237,0.14200299978256226,0.11155848950147629,10116604.0,0.03175073489546776,0.01572880521416664,0.17818735539913177
84,0.11657946407794953,1.171875e-07,0.058550477,14094014.0,0.0063273273,0.0034243644,0.07940962,0.14163170754909515,0.11006377637386322,10234214.0,0.03137974441051483,0.015575743280351162,0.17714329063892365
85,0.11689110249280929,1.171875e-07,0.060173612,14550944.0,0.0066392594,0.0035673964,0.081064925,0.1416712999343872,0.11048676073551178,10214928.0,0.03141963481903076,0.015606523491442204,0.17725583910942078
86,0.1172395646572113,1.171875e-07,0.06116269,13618269.0,0.0069880174,0.0036951185,0.0833559,0.14165368676185608,0.11076419055461884,11010553.0,0.03140231594443321,0.015612639486789703,0.17720699310302734
87,0.11684634685516357,1.171875e-07,0.059174396,13777722.0,0.0065950914,0.0035179115,0.08048647,0.1415570229291916,0.11007200926542282,10321610.0,0.031305942684412,0.01554287038743496,0.1769348531961441
88,0.11637985557317734,1.171875e-07,0.058068227,14223272.0,0.0061288923,0.003306339,0.07828267,0.14196163415908813,0.11195889115333557,10031644.0,0.03171085938811302,0.015698321163654327,0.17807543277740479
89,0.1173556923866272,1e-07,0.06251923,14871170.0,0.007105003,0.003889171,0.084107056,0.14197877049446106,0.11191146075725555,10048597.0,0.031728219240903854,0.015720654278993607,0.17812417447566986
90,0.1166480079293251,1e-07,0.059749864,15575248.0,0.006397578,0.0034758486,0.07992128,0.141779363155365,0.11137452721595764,10421798.0,0.03152909502387047,0.015634533017873764,0.177564337849617
91,0.11632260382175445,1e-07,0.058399927,15569480.0,0.0060724346,0.0033367216,0.07783257,0.14162790775299072,0.11035792529582977,10556777.0,0.03137790411710739,0.01558757945895195,0.177138090133667
92,0.1168542668223381,1e-07,0.0600007,14200074.0,0.0066043674,0.0034987722,0.08118537,0.14157916605472565,0.11017008870840073,10381896.0,0.03132941573858261,0.015555097721517086,0.17700117826461792
93,0.11642623096704482,1e-07,0.058447838,15269763.0,0.0061765923,0.0033258554,0.07841676,0.14164526760578156,0.11079686880111694,10073102.0,0.03139578923583031,0.015575146302580833,0.17718857526779175
94,0.11695113033056259,1e-07,0.06089287,14953259.0,0.0067017577,0.003640517,0.081762,0.1416783481836319,0.11113230139017105,10081311.0,0.031429123133420944,0.015621468424797058,0.17728260159492493
95,0.11639554351568222,1e-07,0.058513172,14551059.0,0.0061464296,0.0033661812,0.07834968,0.14164702594280243,0.11090423166751862,10093515.0,0.03139806538820267,0.015593001618981361,0.1771949976682663
96,0.11684004217386246,1e-07,0.05966978,13513757.0,0.0065911873,0.0034785704,0.08088587,0.14152052998542786,0.11007265746593475,10353886.0,0.03127182275056839,0.015529699623584747,0.17683841288089752
97,0.11640689969062805,1e-07,0.05815504,14461597.0,0.006158297,0.0033122965,0.07833723,0.14151065051555634,0.1100810170173645,10359155.0,0.03126218914985657,0.015525421127676964,0.17681117355823517
98,0.11654911339282989,1e-07,0.0594243,14022523.0,0.0063007725,0.0034017123,0.079087526,0.14175672829151154,0.11148444563150406,10374495.0,0.031508542597293854,0.0156298466026783,0.1775064617395401
99,0.1165169581770897,1e-07,0.058609992,14862118.0,0.0062688766,0.0034320098,0.07909139,0.1415291130542755,0.11044825613498688,10057678.0,0.03128119558095932,0.015536464750766754,0.17686490714550018
100,0.11646163761615753,1e-07,0.058743197,14454067.0,0.0062138126,0.0033345982,0.07856129,0.14147932827472687,0.11005215346813202,10359490.0,0.03123166784644127,0.015512987039983273,0.17672483623027802
101,0.11651795506477355,1e-07,0.059150446,14356032.0,0.0062703863,0.003379026,0.07916568,0.14147937297821045,0.11030861735343933,10180512.0,0.0312319565564394,0.015517942607402802,0.17672565579414368
102,0.11627607047557831,1e-07,0.05827391,14597802.0,0.0060287616,0.0032884553,0.07737543,0.1414673924446106,0.110186867415905,10072388.0,0.031220240518450737,0.015508490614593029,0.17669250071048737
103,0.1166945293545723,1e-07,0.05915592,14132832.0,0.0064474875,0.0034671663,0.07979749,0.14157812297344208,0.11092285811901093,10063668.0,0.03133123740553856,0.015547565184533596,0.1770063191652298
104,0.11686656475067139,1e-07,0.059797235,14064822.0,0.006619786,0.0035527113,0.0811775,0.14149942994117737,0.11069103330373764,10162905.0,0.031252823770046234,0.015518040396273136,0.1767846792936325
105,0.11710301488637924,1e-07,0.0608083,14850640.0,0.0068565034,0.0037538924,0.08245139,0.1419954150915146,0.11195391416549683,10162643.0,0.03174906224012375,0.01571955531835556,0.1781826615333557
106,0.11721617728471756,1e-07,0.060861968,15835902.0,0.0069699334,0.0037968948,0.083245665,0.14187230169773102,0.11188805103302002,10380933.0,0.03162621706724167,0.015675058588385582,0.17783761024475098
107,0.11639510095119476,1e-07,0.058148317,14780800.0,0.0061491183,0.0033514225,0.0778146,0.14145809412002563,0.11038955301046371,10239780.0,0.031212272122502327,0.015510590746998787,0.17666995525360107
108,0.11648446619510651,1e-07,0.05914103,14343914.0,0.0062387446,0.0033709402,0.07882511,0.14288459718227386,0.11329525709152222,10220133.0,0.032639030367136,0.01625244691967964,0.18066275119781494
109,0.11679071933031082,1e-07,0.059489608,13405378.0,0.0065452545,0.0034322224,0.08068661,0.14168253540992737,0.11152298003435135,10023741.0,0.0314372256398201,0.01559680886566639,0.1773054599761963
110,0.11676823645830155,1e-07,0.05942761,13735840.0,0.0065230266,0.0035212557,0.08053749,0.14289745688438416,0.11361100524663925,10010150.0,0.032652419060468674,0.016225993633270264,0.18069981038570404
111,0.11645584106445313,1e-07,0.058693744,14943861.0,0.006210897,0.0034038469,0.078770846,0.1430228054523468,0.11349058896303177,10017256.0,0.032778020948171616,0.01628791354596615,0.1810470074415207
112,0.11663741767406463,1e-07,0.058572,14378051.0,0.0063927276,0.0034209467,0.07991323,0.14183293282985687,0.11195950210094452,10421966.0,0.03158840537071228,0.015651335939764977,0.17773127555847168
113,0.1176674172282219,1e-07,0.06247146,14724936.0,0.0074229785,0.0040034717,0.08557758,0.1414065808057785,0.11000117659568787,10263004.0,0.03116229921579361,0.015481570735573769,0.1765284687280655
114,0.1168687403202057,1e-07,0.06023408,15271565.0,0.0066245585,0.0035582266,0.08108896,0.1414925456047058,0.11072331666946411,10193425.0,0.031248532235622406,0.015510672703385353,0.17677254974842072
115,0.11635746657848359,1e-07,0.058577478,14318634.0,0.006113555,0.0033147733,0.07799667,0.1436770260334015,0.11407022923231125,10166353.0,0.033433280885219574,0.016737084835767746,0.18284769356250763
116,0.11725473701953888,1e-07,0.060831238,13753485.0,0.007011097,0.003700345,0.08347027,0.14145252108573914,0.11054337024688721,10116535.0,0.031209049746394157,0.015495474450290203,0.17666083574295044
117,0.11647231131792068,1e-07,0.058787636,14563550.0,0.006228937,0.0033978887,0.078880034,0.14148001372814178,0.11054679751396179,10020266.0,0.0312367994338274,0.015509056858718395,0.17673934996128082
118,0.11736355870962142,1e-07,0.06235073,13545157.0,0.0071204393,0.003717725,0.08389749,0.14178144931793213,0.1115746796131134,10108515.0,0.031538497656583786,0.015627870336174965,0.17759081721305847
119,0.11659258157014847,1e-07,0.05938951,14451570.0,0.006349723,0.00341774,0.079440214,0.14182008802890778,0.1122736930847168,10001977.0,0.03157738596200943,0.01564078778028488,0.17770026624202728
120,0.11680114418268203,1e-07,0.059137993,13415960.0,0.0065585477,0.0034325991,0.08089426,0.14168180525302887,0.11150006949901581,10230486.0,0.03143935650587082,0.01559009775519371,0.1773114651441574
121,0.11646637767553329,1e-07,0.058756243,13937507.0,0.006224031,0.0033873767,0.07872986,0.1415138989686966,0.11090181767940521,10143173.0,0.031271714717149734,0.015520297922194004,0.17683809995651245
122,0.11653089970350265,1e-07,0.05975511,15584566.0,0.0062888227,0.0034796495,0.07922552,0.1413998305797577,0.10990224778652191,10098423.0,0.031157925724983215,0.015474999323487282,0.1765160709619522
123,0.1166247472167015,1e-07,0.059598584,15000182.0,0.0063829385,0.0034838556,0.07968326,0.1418025940656662,0.11166514456272125,10199628.0,0.03156093508005142,0.01564623787999153,0.177653968334198
124,0.11695478558540344,1e-07,0.060407758,14284984.0,0.0067132427,0.0035647645,0.081756935,0.14140373468399048,0.11014255881309509,10141558.0,0.031162340193986893,0.015483064576983452,0.17652858793735504
125,0.1168396756052971,1e-07,0.059685957,14714128.0,0.006598399,0.0035314397,0.080955364,0.1415870487689972,0.11127685755491257,10023849.0,0.0313459187746048,0.015563493594527245,0.17704778909683228
126,0.11692284941673278,1e-07,0.06072887,15672384.0,0.0066818357,0.0036163763,0.081623875,0.14140447974205017,0.10989463329315186,10161812.0,0.03116362914443016,0.015480474568903446,0.17653223872184753
127,0.11659936308860779,1e-07,0.059264183,14049490.0,0.006358611,0.003415355,0.07967073,0.14364862442016602,0.11488178372383118,10034856.0,0.0334080308675766,0.01662183552980423,0.18277864158153534
128,0.11654876917600632,1e-07,0.05864383,14892827.0,0.0063082837,0.0034194614,0.07908295,0.14139975607395172,0.11019963771104813,10171282.0,0.03115943819284439,0.015481346286833286,0.17652036249637604
129,0.11681986451148987,1e-07,0.059302486,13959782.0,0.006579639,0.003469928,0.08097945,0.14150379598140717,0.11088991910219193,10140467.0,0.03126373142004013,0.01551174558699131,0.17681552469730377
130,0.11671594083309174,1e-07,0.05975606,14952154.0,0.006475976,0.00353991,0.08034386,0.14137506484985352,0.1102914810180664,10652916.0,0.031135259196162224,0.01547999493777752,0.17645186185836792
131,0.11655086427927017,1e-07,0.05927644,14582552.0,0.0063111647,0.0034212556,0.0794055,0.1417674720287323,0.11165900528430939,10047910.0,0.03152792900800705,0.015616923570632935,0.17756105959415436
132,0.11724386364221573,1e-07,0.060914118,13477744.0,0.007004435,0.0037103607,0.0833185,0.14199234545230865,0.11294158548116684,10021936.0,0.031753070652484894,0.015722744166851044,0.17819391191005707
133,0.11649188846349716,1e-07,0.05896926,14844134.0,0.006252727,0.0033942934,0.07878834,0.14192117750644684,0.11251955479383469,10035250.0,0.03168217092752457,0.015727397054433823,0.17799486219882965
134,0.11651520580053329,1e-07,0.058880758,14063011.0,0.006276296,0.0033711302,0.07900353,0.1413038671016693,0.10988391190767288,10244012.0,0.03106512501835823,0.015438038855791092,0.17625302076339722
135,0.11690310686826706,1e-07,0.05936755,14612525.0,0.0066644587,0.0035483553,0.08130177,0.14160963892936707,0.11169252544641495,10018789.0,0.031371138989925385,0.01558435894548893,0.17711900174617767
136,0.11665725857019424,1e-07,0.060029488,15173133.0,0.0064188666,0.003440819,0.0800204,0.14131681621074677,0.11007849872112274,10431139.0,0.031078582629561424,0.015453199855983257,0.17629118263721466
137,0.11663965582847595,1e-07,0.05910418,14323782.0,0.0064015216,0.0034173331,0.0798285,0.143367201089859,0.11378655582666397,10136445.0,0.033129215240478516,0.016506675630807877,0.1820143312215805
138,0.11661668717861176,1e-07,0.058834154,14605024.0,0.006378807,0.0035046812,0.07971031,0.14132936298847198,0.11002610623836517,10028164.0,0.03109164722263813,0.015451891347765923,0.17632824182510376
139,0.11657018065452576,1e-07,0.05936703,16261354.0,0.006332569,0.0035129786,0.07916488,0.14138242602348328,0.11017835140228271,10063334.0,0.031144971027970314,0.01547446008771658,0.17647938430309296
140,0.11661965250968934,1e-07,0.05850826,13744405.0,0.006382306,0.0034471035,0.07974397,0.1415276974439621,0.1113540530204773,10052656.0,0.031290508806705475,0.015525872819125652,0.1768912374973297
141,0.11637081503868103,1e-07,0.05810188,14043726.0,0.0061337375,0.0032644707,0.07819009,0.14191220700740814,0.11269187927246094,10046215.0,0.0316753089427948,0.015682801604270935,0.1779755800962448
142,0.11681920140981675,1e-07,0.059920408,13513822.0,0.006582404,0.0035071322,0.08058665,0.14143455028533936,0.11122918874025345,10028077.0,0.031197911128401756,0.015511589124798775,0.17662930488586426
143,0.11657830476760864,1e-07,0.05889952,14517091.0,0.006341773,0.0034526624,0.07958975,0.14132060110569,0.11036611348390579,10165103.0,0.031084230169653893,0.015466849319636822,0.17630720138549805
144,0.1163578063249588,1e-07,0.058480572,14801434.0,0.0061215456,0.003366597,0.07811282,0.1413276493549347,0.11040682345628738,10352937.0,0.03109155222773552,0.015457035042345524,0.17632797360420227
================================================================================
FILE: D:\HoChePing\北科大_碩班_AI學程\期刊研究\使用LSTM模型預測福壽雞隻重量\Code程式碼\LSTM_TransferLearning_SolarEnergy\reports\Solar Energy Result\實驗 A：Plant1 → Plant2\without-transfer-learning\nb_batch20 training_parameters.txt

[2025-06-24 15:50:06]
閮毀鞈???Plant2蝚砌???餅?蝯????嚗?Data Size (data_size): 3264
Number of Batches (args['nb_batch']): 20
Batch Size (bsize): 128
Sequence Length (period): 5
================================================================================
FILE: D:\HoChePing\北科大_碩班_AI學程\期刊研究\使用LSTM模型預測福壽雞隻重量\Code程式碼\LSTM_TransferLearning_SolarEnergy\reports\Solar Energy Result\實驗 A：Plant1 → Plant2\without-transfer-learning\Plant2第二號發電機組\epoch_log.csv
epoch,loss,lr,mae,mape,mse,msle,rmse,val_loss,val_mae,val_mape,val_mse,val_msle,val_rmse
0,1.333169150352478,1e-04,0.26664174,153293570.0,0.08220222,0.052318383,0.28643617,1.3782260417938232,0.3226611614227295,177720784.0,0.13287782669067383,0.08366446197032928,0.36452409625053406
1,1.3118439674377442,1e-04,0.2505856,115832560.0,0.070359126,0.04120348,0.26485136,1.366754174232483,0.320967435836792,175847904.0,0.13112902641296387,0.08273971080780029,0.3621174097061157
2,1.2978406429290772,1e-04,0.235467,90696160.0,0.0661695,0.035091147,0.2563485,1.3560045957565308,0.32082438468933105,177906176.0,0.13029681146144867,0.08247864246368408,0.3609665036201477
3,1.2848859786987306,1e-04,0.22680521,84417780.0,0.06316308,0.0323799,0.2511305,1.3431483507156372,0.31694722175598145,172701216.0,0.1274080127477646,0.08070638030767441,0.3569425940513611
4,1.272271704673767,1e-04,0.21587071,78364650.0,0.060525663,0.02953906,0.24585097,1.3317502737045288,0.31594032049179077,171280032.0,0.12601134181022644,0.07994680106639862,0.3549807667732239
5,1.2618592977523804,1e-04,0.21169862,76095280.0,0.060137033,0.02902675,0.24473722,1.3208770751953125,0.31531527638435364,173686960.0,0.12520155310630798,0.07971182465553284,0.35383832454681396
6,1.2496199131011962,1e-04,0.20359811,70302670.0,0.057979994,0.02710165,0.24024794,1.310213327407837,0.31494590640068054,175878368.0,0.12463553249835968,0.07961706817150116,0.353037565946579
7,1.236132264137268,1e-04,0.19825807,72139120.0,0.05461376,0.025621096,0.23362157,1.2969177961349487,0.31081053614616394,170773152.0,0.12148912250995636,0.07766227424144745,0.3485529124736786
8,1.226169729232788,1e-04,0.19525538,64426060.0,0.05477346,0.02485117,0.23391621,1.2865040302276611,0.31075793504714966,173066480.0,0.12115474790334702,0.07769137620925903,0.34807291626930237
9,1.2154738664627076,1e-04,0.19349562,65821708.0,0.054148626,0.024518587,0.23258999,1.2731506824493408,0.3055863082408905,168135648.0,0.11785481125116348,0.07565325498580933,0.34329989552497864
10,1.204251480102539,1e-04,0.18962476,63463830.0,0.052969057,0.023747727,0.23009196,1.2612248659133911,0.30312833189964294,166575168.0,0.11595392227172852,0.07459154725074768,0.34052008390426636
11,1.19365451335907,1e-04,0.19067378,66118028.0,0.052373804,0.02390593,0.22880618,1.251141905784607,0.3042025566101074,168709424.0,0.1158367320895195,0.07471837848424911,0.34034794569015503
12,1.1824086427688598,1e-04,0.1873424,63898710.0,0.05107087,0.023079798,0.22591782,1.2387439012527466,0.3010917007923126,163682528.0,0.11334754526615143,0.07312479615211487,0.33667126297950745
13,1.1728842973709106,1e-04,0.18752009,61956360.0,0.05143098,0.022942936,0.2266664,1.2263492345809937,0.29695284366607666,162220384.0,0.11079833656549454,0.07168350368738174,0.33286383748054504
14,1.1625588893890382,1e-04,0.18643284,62929620.0,0.050923884,0.022952711,0.22544846,1.214487075805664,0.29482585191726685,157467456.0,0.10871346294879913,0.07027658820152283,0.3297172486782074
15,1.152302360534668,1e-04,0.18478122,61460716.0,0.050418645,0.022536412,0.2244859,1.2037205696105957,0.29348447918891907,159370080.0,0.10766178369522095,0.0698927789926529,0.32811856269836426
16,1.1432753324508667,1e-04,0.18779925,64680450.0,0.05108573,0.02360927,0.22589254,1.193510890007019,0.29306262731552124,161286656.0,0.10710468888282776,0.06976088136434555,0.3272685408592224
17,1.1336596012115479,1e-04,0.18820381,66410624.0,0.051090777,0.02363216,0.22575697,1.1811343431472778,0.289168119430542,156399232.0,0.10430651158094406,0.06791549175977707,0.32296517491340637
18,1.1213372707366944,1e-04,0.18190795,61569228.0,0.04831601,0.021905346,0.21967438,1.1700443029403687,0.2872495651245117,154812208.0,0.10271761566400528,0.06696624308824539,0.3204959034919739
19,1.1117798328399657,1e-04,0.18359028,65232550.0,0.048223943,0.022207966,0.21955256,1.1576894521713257,0.28287214040756226,150020608.0,0.09978555887937546,0.06509068608283997,0.31588852405548096
20,1.1020791053771972,1e-04,0.1804552,58484884.0,0.047927022,0.021373788,0.2188114,1.1462465524673462,0.27945607900619507,148408368.0,0.09770176559686661,0.06396020948886871,0.31257280707359314
21,1.0942026615142821,1e-04,0.183702,64098536.0,0.04937849,0.022594023,0.22187924,1.1368409395217896,0.2804173231124878,150124416.0,0.09758352488279343,0.06405507028102875,0.31238362193107605
22,1.0853517293930053,1e-04,0.18357106,64280440.0,0.0497858,0.022934878,0.22263297,1.1267770528793335,0.2795746326446533,151500032.0,0.09672419726848602,0.06370128691196442,0.3110051453113556
23,1.074110746383667,1e-04,0.17828862,59065964.0,0.047715135,0.02136119,0.21826915,1.1154749393463135,0.27659592032432556,146747792.0,0.09454433619976044,0.062218595296144485,0.3074806332588196
24,1.0656423091888427,1e-04,0.17827234,54581050.0,0.048329797,0.021092596,0.21980476,1.1043426990509033,0.27328604459762573,145300608.0,0.0924525260925293,0.060993388295173645,0.30406007170677185
25,1.0554834842681884,1e-04,0.1782171,60498696.0,0.04719197,0.021325048,0.2172205,1.0938509702682495,0.2714531719684601,140713360.0,0.09093930572271347,0.0599820651113987,0.3015614449977875
26,1.0461899757385253,1e-04,0.17941746,61196596.0,0.046844605,0.021414494,0.21632366,1.0841727256774902,0.2704153060913086,145110048.0,0.09016010910272598,0.0597747340798378,0.30026674270629883
27,1.0377289295196532,1e-04,0.17862375,61306050.0,0.047254384,0.021476071,0.21699569,1.0733416080474854,0.2676542401313782,140273792.0,0.08815351873636246,0.05839015915989876,0.29690659046173096
28,1.0279613971710204,1e-04,0.1762146,58645664.0,0.046278138,0.020701539,0.21499458,1.0622568130493164,0.2632814347743988,138658880.0,0.08581551909446716,0.057006463408470154,0.2929428517818451
29,1.019723105430603,1e-04,0.17683277,55519590.0,0.046760418,0.020803438,0.21613774,1.0532509088516235,0.2638366222381592,136931840.0,0.08549205958843231,0.05691465735435486,0.29239025712013245
30,1.0123901128768922,1e-04,0.17940995,59431930.0,0.048070546,0.021835145,0.2191505,1.042391300201416,0.2601841688156128,135753152.0,0.08322551101446152,0.055364660918712616,0.28848832845687866
31,1.0015756607055664,1e-04,0.17435801,58103010.0,0.04583153,0.020507196,0.21396685,1.0312539339065552,0.2557726502418518,131136392.0,0.08062460273504257,0.05364340543746948,0.2839447259902954
32,0.9920325398445129,1e-04,0.17423458,59788308.0,0.044791274,0.02014007,0.21150832,1.0228394269943237,0.25664639472961426,132079152.0,0.08066639304161072,0.0538698174059391,0.28401830792427063
33,0.9844828844070435,1e-04,0.17334846,56136040.0,0.045669902,0.02031816,0.21362607,1.0129687786102295,0.2544021010398865,133151368.0,0.07917885482311249,0.05300770327448845,0.2813873887062073
34,0.9740378260612488,1e-04,0.16952813,55083960.0,0.043584026,0.019210719,0.20868492,1.0023442506790161,0.24966588616371155,125938784.0,0.07687356323003769,0.05129268392920494,0.27726081013679504
35,0.9671053290367126,1e-04,0.17152667,52487476.0,0.044935998,0.01964516,0.2116498,0.9925025105476379,0.2475593090057373,127035808.0,0.07527145743370056,0.0504474863409996,0.2743564546108246
36,0.9585066080093384,1e-04,0.17300336,57984620.0,0.044547744,0.020113707,0.21087639,0.9825847744941711,0.24465437233448029,122764720.0,0.07351766526699066,0.0492091029882431,0.2711414098739624
37,0.9510794043540954,1e-04,0.17497708,59027080.0,0.045259036,0.020787727,0.21249266,0.9742953777313232,0.24522924423217773,126265824.0,0.07332000881433487,0.04929445683956146,0.2707766890525818
38,0.9412878036499024,1e-04,0.17002892,56301670.0,0.04352102,0.01932465,0.20849915,0.963351309299469,0.23909161984920502,119298536.0,0.07038500159978867,0.047196291387081146,0.2653017044067383
39,0.9333688139915466,1e-04,0.16997689,54822228.0,0.043591592,0.019485977,0.20870297,0.955608606338501,0.2409949004650116,119892064.0,0.07059212774038315,0.04733869433403015,0.2656917870044708
40,0.925356101989746,1e-04,0.16939943,53576496.0,0.043494303,0.01925324,0.20843974,0.9451389312744141,0.23591205477714539,115974864.0,0.06799384951591492,0.045608971267938614,0.26075631380081177
41,0.9183661937713623,1e-04,0.17267784,58399820.0,0.04434223,0.020090003,0.21050544,0.9373756647109985,0.2366550862789154,119098320.0,0.0680173933506012,0.04579148069024086,0.26080143451690674
42,0.9105302095413208,1e-04,0.17155163,57279936.0,0.044264495,0.019892156,0.21026102,0.9287002086639404,0.2350190281867981,115305760.0,0.06705914437770844,0.04499812424182892,0.25895780324935913
43,0.9042592287063599,1e-04,0.17929891,67261740.0,0.04567177,0.022002697,0.21351175,0.9192165732383728,0.2310466170310974,113719696.0,0.06519530713558197,0.04381057247519493,0.25533372163772583
44,0.8933574318885803,1e-04,0.16588649,52906656.0,0.04236662,0.01862563,0.20557208,0.9105930328369141,0.2288855016231537,111909048.0,0.06413985043764114,0.0430523082613945,0.25325846672058105
45,0.8861898303031921,1e-04,0.16921382,56767384.0,0.04274711,0.019154692,0.2064074,0.9022372364997864,0.22861243784427643,107715144.0,0.06329374015331268,0.04246070981025696,0.25158247351646423
46,0.8783596396446228,1e-04,0.1655176,51716092.0,0.042398375,0.018474465,0.20567763,0.8949571847915649,0.22850260138511658,105815616.0,0.0634562224149704,0.04219058156013489,0.2519051730632782
47,0.8717173218727112,1e-04,0.1651911,51219776.0,0.043172427,0.018793046,0.20744547,0.8852896094322205,0.2245090901851654,106734320.0,0.06116838753223419,0.04095853120088577,0.2473224401473999
48,0.8646437048912048,1e-04,0.17015289,60006400.0,0.043447636,0.01971969,0.20824838,0.8768547177314758,0.22225111722946167,102802608.0,0.06003598868846893,0.039891988039016724,0.24502243101596832
49,0.8559080719947815,1e-04,0.16450608,48954344.0,0.04199141,0.018126352,0.20489092,0.8690756559371948,0.22134603559970856,105655704.0,0.059503424912691116,0.03981293737888336,0.24393324553966522
50,0.8485329866409301,1e-04,0.16796885,57662040.0,0.041837014,0.01911388,0.20444754,0.8609444499015808,0.21962228417396545,102177696.0,0.058547552675008774,0.0391567200422287,0.24196600914001465
51,0.8410617470741272,1e-04,0.16530123,53777976.0,0.0415155,0.018326966,0.20354804,0.8533094525337219,0.21761293709278107,97981248.0,0.05802766978740692,0.038389697670936584,0.24088932573795319
52,0.8349959373474121,1e-04,0.16606352,51805268.0,0.042546183,0.018888354,0.20606264,0.8448166847229004,0.21481728553771973,98736856.0,0.056595128029584885,0.03757848963141441,0.23789730668067932
53,0.8260882019996643,1e-04,0.16234927,50430760.0,0.04067047,0.017809907,0.20161363,0.8368116021156311,0.21334263682365417,97494640.0,0.05558369308710098,0.036879584193229675,0.23576194047927856
54,0.8202789306640625,1e-04,0.16924593,58089090.0,0.04181722,0.019375574,0.20440273,0.8291879892349243,0.2115805596113205,95932648.0,0.05486409366130829,0.03631121292710304,0.2342308610677719
55,0.8136378526687622,1e-04,0.16632953,55507330.0,0.042055197,0.018791748,0.20492509,0.8228104710578918,0.21145841479301453,91757264.0,0.055325839668512344,0.03613767772912979,0.2352144569158554
56,0.8049932360649109,1e-04,0.15963273,47870490.0,0.040227063,0.017178576,0.2002799,0.81413733959198,0.20734968781471252,90058448.0,0.05343875288963318,0.034915901720523834,0.2311682403087616
57,0.8001570463180542,1e-04,0.16491315,50829480.0,0.042158812,0.018571947,0.20492163,0.8076298832893372,0.2079191654920578,91270768.0,0.0536673329770565,0.03502310812473297,0.2316621094942093
58,0.7936535239219665,1e-04,0.16656597,55353108.0,0.042359386,0.018821614,0.20563272,0.8001131415367126,0.20604725182056427,88119040.0,0.052809759974479675,0.03429700434207916,0.22980374097824097
59,0.7847060203552246,1e-04,0.16357014,56415220.0,0.040047668,0.017890485,0.19984205,0.7932611703872681,0.20499148964881897,88063680.0,0.052559468895196915,0.0341789573431015,0.22925852239131927
60,0.7791143894195557,1e-04,0.16254523,49730580.0,0.0410381,0.017843297,0.202497,0.7864168286323547,0.20343130826950073,86263336.0,0.052263811230659485,0.033628128468990326,0.22861279547214508
61,0.7730606675148011,1e-04,0.16354668,49744812.0,0.041504186,0.018171478,0.20370774,0.7787519693374634,0.20010462403297424,85001760.0,0.05108203366398811,0.032859206199645996,0.22601334750652313
62,0.7650546193122864,1e-04,0.163358,57078570.0,0.03996032,0.018167842,0.19988234,0.7733123302459717,0.20069186389446259,81983520.0,0.0520671084523201,0.03303368762135506,0.22818218171596527
63,0.758696460723877,1e-04,0.16193558,54262060.0,0.039997924,0.017971229,0.1999087,0.7661314606666565,0.1992655098438263,81875152.0,0.0512426495552063,0.03243943676352501,0.22636839747428894
64,0.751471197605133,1e-04,0.16032133,52277656.0,0.039103713,0.017419998,0.19764142,0.7592976093292236,0.19738516211509705,80483792.0,0.0507049486041069,0.03194388002157211,0.2251775860786438
65,0.7454571962356568,1e-04,0.15999937,51740748.0,0.039367154,0.017380852,0.19831331,0.7532922625541687,0.19698107242584229,77399744.0,0.050944432616233826,0.03195522725582123,0.2257087379693985
66,0.7398090720176697,1e-04,0.16148171,51484856.0,0.039942004,0.017547388,0.1996696,0.7485604882240295,0.1981964409351349,78062136.0,0.05240512639284134,0.03238885477185249,0.22892166674137115
67,0.7335903406143188,1e-04,0.16265997,51420264.0,0.03988815,0.017990356,0.19964322,0.7404158711433411,0.19419527053833008,76708144.0,0.05038383975625038,0.031150538474321365,0.22446344792842865
68,0.7272744059562684,1e-04,0.16171242,53916264.0,0.039672185,0.017802333,0.19901413,0.7343413233757019,0.1933843046426773,76755456.0,0.050375424325466156,0.03101974166929722,0.2244447022676468
69,0.7208356380462646,1e-04,0.16225664,55495240.0,0.039280325,0.017994458,0.19808114,0.7290887236595154,0.19275012612342834,71860704.0,0.05113358050584793,0.031006641685962677,0.22612735629081726
70,0.7144328832626343,1e-04,0.1610804,51965988.0,0.03885445,0.017535623,0.19702344,0.7244656085968018,0.1936759650707245,72562848.0,0.05244479700922966,0.031436990946531296,0.229008287191391
71,0.7093278765678406,1e-04,0.159359,51880204.0,0.039668575,0.017449662,0.19912231,0.7195007801055908,0.19298335909843445,69234144.0,0.05337322875857353,0.03149894252419472,0.23102647066116333
72,0.7033194780349732,1e-04,0.16155827,54749480.0,0.039532784,0.01807465,0.1987468,0.7133738994598389,0.19069549441337585,67803336.0,0.05308859050273895,0.030901193618774414,0.23040960729122162
73,0.6966071367263794,1e-04,0.15722895,50706508.0,0.038638476,0.016973307,0.1964515,0.7073609828948975,0.18826502561569214,67952328.0,0.052861135452985764,0.030681729316711426,0.22991549968719482
74,0.6911282896995544,1e-04,0.15773016,49082580.0,0.03893155,0.01699608,0.1972445,0.7010032534599304,0.187425896525383,67136912.0,0.05224921554327011,0.030269796028733253,0.22858087718486786
75,0.6842101454734802,1e-04,0.15605034,50514944.0,0.037736353,0.016660448,0.1941637,0.6960220336914062,0.18801169097423553,67716888.0,0.05295668542385101,0.030531182885169983,0.23012319207191467
76,0.6780492305755615,1e-04,0.15417719,49144596.0,0.037241705,0.016287887,0.1929025,0.6906787157058716,0.18636450171470642,65136328.0,0.05325297266244888,0.03033866360783577,0.23076605796813965
77,0.6733557105064392,1e-04,0.1581954,50258504.0,0.038170807,0.0169302,0.19534877,0.6850569248199463,0.18567851185798645,62543192.0,0.05322166532278061,0.029990533366799355,0.23069821298122406
78,0.6672683477401733,1e-04,0.15562716,50549664.0,0.037652098,0.016511366,0.19402042,0.6817459464073181,0.18849608302116394,61292000.0,0.05544876679778099,0.030904944986104965,0.23547561466693878
79,0.6615731000900269,1e-04,0.15589395,49195210.0,0.037475023,0.01656929,0.19351211,0.6755886077880859,0.1873490810394287,61980984.0,0.05477955937385559,0.030565468594431877,0.23405033349990845
80,0.6557883739471435,1e-04,0.15768857,50963732.0,0.037164837,0.016682189,0.19255804,0.6678451299667358,0.18242919445037842,59627488.0,0.05248738080263138,0.029226163402199745,0.2291012406349182
81,0.6510384917259217,1e-04,0.15784883,50578240.0,0.037843186,0.016848419,0.19429258,0.6639967560768127,0.18372052907943726,58421780.0,0.05403260514140129,0.029819633811712265,0.23244914412498474
82,0.6464801907539368,1e-04,0.15781203,48556230.0,0.038652487,0.017089535,0.19626679,0.6611610651016235,0.18632423877716064,58549240.0,0.05652882531285286,0.030703509226441383,0.23775790631771088
83,0.6409877419471741,1e-04,0.15778911,50832984.0,0.03847278,0.017194714,0.1961108,0.6546237468719482,0.18324723839759827,56413880.0,0.0552760511636734,0.029731400310993195,0.23510859906673431
84,0.6346316814422608,1e-04,0.15679638,51984204.0,0.037379194,0.016668344,0.19327046,0.6487877368927002,0.1812935322523117,57051932.0,0.05466839671134949,0.02947152405977249,0.23381273448467255
85,0.6287684321403504,1e-04,0.15572305,51649664.0,0.036726564,0.016437128,0.19142511,0.6450132131576538,0.18292827904224396,55855992.0,0.05607834458351135,0.02997131086885929,0.2368086725473404
86,0.6241198778152466,1e-04,0.15460178,47553188.0,0.03723953,0.016317314,0.19285509,0.6400954723358154,0.18219047784805298,56359888.0,0.0562935508787632,0.029909705743193626,0.23726262152194977
87,0.6193369388580322,1e-04,0.15682301,50902036.0,0.037572645,0.016798766,0.19373052,0.6341769695281982,0.18139368295669556,55601488.0,0.055461347103118896,0.029460899531841278,0.23550233244895935
88,0.6139382958412171,1e-04,0.1573705,51401160.0,0.037241872,0.016674254,0.19296701,0.630744993686676,0.1820363700389862,52233040.0,0.05706954747438431,0.029776377603411674,0.2388923317193985
89,0.6106459021568298,1e-04,0.16417629,58663720.0,0.03896777,0.018700842,0.19712076,0.6259559988975525,0.1829068660736084,52504384.0,0.057264506816864014,0.02981475368142128,0.23930004239082336
90,0.6032303214073181,1e-04,0.15826897,58198188.0,0.036514495,0.017211508,0.1910303,0.6233350038528442,0.18164345622062683,51875728.0,0.059569768607616425,0.030485916882753372,0.2440691888332367
91,0.598209273815155,1e-04,0.1537911,51558840.0,0.036392592,0.016208816,0.19062766,0.6228375434875488,0.18270350992679596,49542596.0,0.06393895298242569,0.031754057854413986,0.25286152958869934
92,0.5948737621307373,1e-04,0.15347373,45469030.0,0.0379154,0.016227439,0.19429365,0.6181272864341736,0.1832054853439331,49926636.0,0.06407331675291061,0.031753234565258026,0.2531270682811737
93,0.5896046400070191,1e-04,0.15387924,50852550.0,0.03747345,0.016348895,0.19342338,0.6124935150146484,0.1826196312904358,47843880.0,0.06324118375778198,0.03128810599446297,0.251477986574173
94,0.5846606135368347,1e-04,0.15812151,54351550.0,0.03732168,0.017233033,0.19307753,0.6075350642204285,0.18314577639102936,47626136.0,0.06305089592933655,0.03127952665090561,0.2510993778705597
95,0.5781579732894897,1e-04,0.15406707,51511210.0,0.03556042,0.01608699,0.18854447,0.6042642593383789,0.18325316905975342,46705264.0,0.06448905169963837,0.03160916641354561,0.2539469599723816
96,0.5739089608192444,1e-04,0.15210558,48207944.0,0.036004394,0.015919436,0.18961552,0.6000658869743347,0.1837926208972931,47881100.0,0.0649614930152893,0.03176797181367874,0.25487545132637024
97,0.5691677689552307,1e-04,0.15423098,52191080.0,0.03592035,0.016177502,0.18944176,0.5960619449615479,0.18470534682273865,47580152.0,0.06558901816606522,0.03195944428443909,0.256103515625
98,0.5644113183021545,1e-04,0.15565188,52586228.0,0.03577116,0.016427811,0.18910062,0.5920002460479736,0.18683063983917236,46738676.0,0.0661022961139679,0.032083600759506226,0.25710368156433105
99,0.5594574809074402,1e-04,0.15453474,53377800.0,0.035377137,0.016278798,0.18799597,0.5885868072509766,0.18414491415023804,44219648.0,0.06722558289766312,0.032211463898420334,0.25927895307540894
100,0.5556645154953003,1e-04,0.15255761,47447284.0,0.036111534,0.015817279,0.18994173,0.5874394774436951,0.1877993941307068,43062056.0,0.07059073448181152,0.03355422988533974,0.2656891644001007
101,0.550437843799591,1e-04,0.15288253,50563908.0,0.03537719,0.016013497,0.18798958,0.579694390296936,0.18523770570755005,44558864.0,0.06730726361274719,0.032212644815444946,0.2594364285469055
102,0.5471956372261048,1e-04,0.15830377,57048204.0,0.03657565,0.017265165,0.19103143,0.5751829147338867,0.18695777654647827,46069048.0,0.06720508635044098,0.03229670971632004,0.25923943519592285
103,0.5433699607849121,1e-04,0.15894574,57526016.0,0.037140835,0.01737406,0.19237958,0.5744819045066833,0.18689793348312378,42261268.0,0.07086820900440216,0.0332208126783371,0.2662108242511749
104,0.5364558696746826,1e-04,0.14960241,48663780.0,0.034576744,0.015382372,0.18584423,0.5714730024337769,0.18740297853946686,41133576.0,0.07219041883945465,0.03357023000717163,0.2686827480792999
105,0.5341738104820252,1e-04,0.1549814,49337844.0,0.036607776,0.016361155,0.19126663,0.5656657218933105,0.19030871987342834,42007708.0,0.07067375630140305,0.03323808312416077,0.2658453583717346
106,0.5285911679267883,1e-04,0.15423115,53829036.0,0.035302512,0.016657656,0.18761879,0.5613228678703308,0.18733324110507965,42152296.0,0.07058052718639374,0.03305807709693909,0.26566997170448303
107,0.5247485041618347,1e-04,0.15453777,52642440.0,0.035693552,0.016436586,0.18885107,0.5632956624031067,0.19270682334899902,40191152.0,0.07676519453525543,0.03534100949764252,0.27706533670425415
108,0.5207003116607666,1e-04,0.15214966,49128376.0,0.035840936,0.016031262,0.18919423,0.5568711161613464,0.19161288440227509,41060832.0,0.07451283931732178,0.034284889698028564,0.27297040820121765
109,0.5154313087463379,1e-04,0.15198131,52646084.0,0.03473068,0.015844576,0.18634097,0.5520060062408447,0.18996083736419678,40576140.0,0.0737815648317337,0.03400857001543045,0.27162763476371765
110,0.5114620327949524,1e-04,0.15101196,49108550.0,0.034878105,0.015735542,0.1867455,0.5472019910812378,0.1901235580444336,39883880.0,0.07307343184947968,0.033808838576078415,0.27032098174095154
111,0.5068180918693542,1e-04,0.14923626,48549876.0,0.034315344,0.01528692,0.18496852,0.5485779643058777,0.19447307288646698,39820664.0,0.07850690186023712,0.035843417048454285,0.2801908254623413
112,0.5033658802509308,1e-04,0.15209952,51979004.0,0.03491021,0.016156435,0.18640949,0.5409156680107117,0.18968836963176727,39558592.0,0.07487040758132935,0.03422248363494873,0.27362456917762756
113,0.4985909640789032,1e-04,0.15184703,51659390.0,0.03413971,0.015747422,0.18462922,0.5392148494720459,0.19125284254550934,38561288.0,0.07714337110519409,0.03489745780825615,0.27774694561958313
114,0.496813690662384,1e-04,0.15297508,49954540.0,0.036317892,0.016516585,0.19034636,0.5375934839248657,0.1947449892759323,38383792.0,0.07945387065410614,0.035732150077819824,0.2818756401538849
115,0.4895074427127838,1e-04,0.14740679,50988504.0,0.03292992,0.015191859,0.18128304,0.5313994884490967,0.19220350682735443,39406656.0,0.07715784013271332,0.03494194522500038,0.27777299284935
116,0.4880253434181213,1e-04,0.15120459,51801830.0,0.03532716,0.016075244,0.18780985,0.5316068530082703,0.1926870048046112,37326524.0,0.08121787011623383,0.03602627292275429,0.2849874794483185
117,0.4825113356113434,1e-04,0.14692727,46595510.0,0.033654056,0.014968397,0.18317676,0.5279088020324707,0.19607937335968018,36904024.0,0.0813417136669159,0.036272481083869934,0.28520467877388
118,0.47907221913337705,1e-04,0.15190944,55266004.0,0.034025617,0.016072426,0.18433873,0.5189394950866699,0.19361340999603271,40205232.0,0.07616385072469711,0.034744493663311005,0.2759779989719391
119,0.47509459853172303,1e-04,0.1507211,52261572.0,0.033818122,0.015750062,0.18381158,0.5237591862678528,0.19691401720046997,35480816.0,0.08472462743520737,0.03725007548928261,0.2910749614238739
120,0.4727082967758179,1e-04,0.15189515,49847340.0,0.035158835,0.01608494,0.1871245,0.5167486667633057,0.19349735975265503,36504584.0,0.0814216285943985,0.036119259893894196,0.2853447496891022
121,0.466773521900177,1e-04,0.14827916,52103730.0,0.03292215,0.01526048,0.18133147,0.5099068284034729,0.19566942751407623,38113844.0,0.07825923711061478,0.035336144268512726,0.2797485291957855
122,0.46383962631225584,1e-04,0.15025835,54956520.0,0.033649027,0.01586159,0.18336746,0.5113135576248169,0.19990196824073792,36862596.0,0.08330023288726807,0.03724616765975952,0.2886177897453308
123,0.4611931502819061,1e-04,0.15165718,53404830.0,0.034620706,0.016030284,0.18593672,0.505338191986084,0.19619423151016235,35528356.0,0.08092343062162399,0.03601257503032684,0.28447043895721436
124,0.4566881895065308,1e-04,0.15058172,52552340.0,0.03371002,0.01575076,0.18345602,0.5019176602363586,0.19427970051765442,36050856.0,0.08108428120613098,0.03596869111061096,0.2847530245780945
125,0.45227699875831606,1e-04,0.14876893,52100296.0,0.03285992,0.015310422,0.18105751,0.5004460215568542,0.19980639219284058,35188692.0,0.08314716815948486,0.03708500787615776,0.28835251927375793
126,0.4503820538520813,1e-04,0.15375789,56440148.0,0.03448596,0.01655655,0.18511859,0.4933326840400696,0.1964905858039856,36165600.0,0.07953578978776932,0.03561420738697052,0.2820208966732025
127,0.4450013518333435,1e-04,0.14721718,53123720.0,0.032597695,0.0153230755,0.18027833,0.49352559447288513,0.19268211722373962,32648346.0,0.0832020491361618,0.036381468176841736,0.28844764828681946
128,0.4431567668914795,1e-04,0.15303011,55393716.0,0.03421067,0.016453138,0.18491986,0.4889824390411377,0.19431284070014954,34668040.0,0.08208905160427094,0.03621729463338852,0.2865118682384491
129,0.43932558298110963,1e-04,0.15130787,55343956.0,0.03378635,0.016266232,0.18366137,0.4878579080104828,0.19780606031417847,35553224.0,0.08434449136257172,0.037063851952552795,0.2904212176799774
130,0.43586949706077577,1e-04,0.15094197,53856320.0,0.033700805,0.015793955,0.1832685,0.485550194978714,0.19657573103904724,34526336.0,0.08538971841335297,0.037254687398672104,0.2922151982784271
131,0.4329129636287689,1e-04,0.14957437,49574530.0,0.034081034,0.015466836,0.18448265,0.48454713821411133,0.19657112658023834,33489992.0,0.08770401030778885,0.03785276785492897,0.2961486279964447
132,0.42838436365127563,1e-04,0.14504352,47955052.0,0.03286454,0.014845746,0.18096924,0.48173779249191284,0.20010487735271454,33722048.0,0.08819659054279327,0.038122497498989105,0.2969790995121002
133,0.4247651159763336,1e-04,0.1473779,53222284.0,0.03253799,0.015321004,0.18031272,0.47540348768234253,0.19641900062561035,34147048.0,0.08513890206813812,0.03716631233692169,0.29178571701049805
134,0.4203432559967041,1e-04,0.1456056,50526424.0,0.031377506,0.01471864,0.17682014,0.4738675355911255,0.1973147988319397,34084304.0,0.08684276044368744,0.03769911080598831,0.29469096660614014
135,0.4195055186748505,1e-04,0.15131243,56826570.0,0.03376335,0.016186234,0.18348104,0.47105950117111206,0.19916684925556183,33514416.0,0.08723341673612595,0.03790442273020744,0.2953530251979828
136,0.4161204218864441,1e-04,0.14811423,54231490.0,0.033559304,0.015783358,0.18303122,0.4695430397987366,0.19944259524345398,32693810.0,0.08887659013271332,0.03833499550819397,0.29812178015708923
137,0.41061821579933167,1e-04,0.1434201,52352544.0,0.031210467,0.014663696,0.17646897,0.4666496217250824,0.19907163083553314,32995030.0,0.08912330865859985,0.03839118778705597,0.2985352575778961
138,0.4096895456314087,1e-04,0.14836304,51631520.0,0.03340467,0.015621508,0.18270905,0.4640677571296692,0.20051626861095428,34131976.0,0.08964364230632782,0.03868577256798744,0.2994054853916168
139,0.4037895739078522,1e-04,0.14169736,50389190.0,0.030604541,0.014250023,0.17473139,0.4584706127643585,0.20134475827217102,34418896.0,0.08713848888874054,0.03805914521217346,0.29519230127334595
140,0.40029924511909487,1e-04,0.14177015,53320724.0,0.030192858,0.014395458,0.17360456,0.4570353627204895,0.20159697532653809,33417968.0,0.08876082301139832,0.03836546093225479,0.2979275584220886
141,0.3983958542346954,1e-04,0.1450425,52310796.0,0.031334646,0.014992458,0.17692848,0.4555496573448181,0.2014508992433548,32102638.0,0.09030473232269287,0.03906708210706711,0.30050745606422424
142,0.39526556730270385,1e-04,0.14339313,48255292.0,0.031221207,0.014587509,0.17646898,0.44914212822914124,0.19638043642044067,32044116.0,0.0868939459323883,0.03759923577308655,0.2947777807712555
143,0.3920597195625305,1e-04,0.14449617,53424212.0,0.031002935,0.014987278,0.17599529,0.44485709071159363,0.20026880502700806,33449494.0,0.08557847142219543,0.03736802563071251,0.29253798723220825
144,0.3900099515914917,1e-04,0.14523835,50271116.0,0.03190629,0.01492473,0.17853728,0.4456007182598114,0.19502492249011993,30495638.0,0.08925241231918335,0.03809938207268715,0.2987514138221741
145,0.3863170027732849,1e-04,0.14413357,51766096.0,0.031131562,0.014569911,0.17632602,0.44007259607315063,0.19947746396064758,32813214.0,0.08662576228380203,0.03763538971543312,0.29432255029678345
146,0.38268070220947265,1e-04,0.14197727,50174456.0,0.030387599,0.014228565,0.17421247,0.43814224004745483,0.1980474591255188,31510626.0,0.08757375180721283,0.03777312487363815,0.29592862725257874
147,0.3802140474319458,1e-04,0.14287737,53965548.0,0.030786177,0.014773615,0.17536333,0.43314701318740845,0.19711799919605255,31434516.0,0.08542375266551971,0.03711596876382828,0.2922734320163727
148,0.3772198498249054,1e-04,0.14444534,54741940.0,0.030623456,0.0149732735,0.1748999,0.4328517019748688,0.1985493004322052,30346392.0,0.08793719857931137,0.03778577223420143,0.29654207825660706
149,0.37856833934783934,1e-04,0.15546735,61425090.0,0.03476427,0.017543143,0.18589331,0.43246129155158997,0.19964765012264252,29705974.0,0.09031737595796585,0.03861275315284729,0.30052849650382996
150,0.3719421625137329,1e-04,0.14350906,50297740.0,0.030899853,0.014643952,0.17572741,0.42591071128845215,0.19654223322868347,31124218.0,0.08651521056890488,0.03742719069123268,0.2941346764564514
151,0.3691536128520966,1e-04,0.14598452,59101100.0,0.030849079,0.01539049,0.17558682,0.42272138595581055,0.20190981030464172,32994920.0,0.08604532480239868,0.03757208213210106,0.29333484172821045
152,0.3655745506286621,1e-04,0.14193557,51266060.0,0.029980544,0.01423586,0.17305084,0.42249518632888794,0.19556304812431335,29959794.0,0.08851844072341919,0.03787689656019211,0.2975204885005951
153,0.36129372715950014,1e-04,0.13610746,47572020.0,0.028387392,0.013302179,0.16824093,0.4202791452407837,0.19728992879390717,30153872.0,0.0889756828546524,0.03810492530465126,0.29828792810440063
154,0.3601995825767517,1e-04,0.14176533,53185110.0,0.029962322,0.014380376,0.17308316,0.4160020053386688,0.1987464725971222,31255172.0,0.08735598623752594,0.03772030398249626,0.29556044936180115
155,0.3573976933956146,1e-04,0.13998596,51059224.0,0.029803026,0.014242679,0.17219661,0.4181109070777893,0.20064540207386017,30365534.0,0.09208999574184418,0.03917143866419792,0.303463339805603
156,0.35532817244529724,1e-04,0.14033732,46225184.0,0.030351665,0.013996759,0.17407969,0.41632187366485596,0.1999366283416748,29771540.0,0.09290596842765808,0.039630889892578125,0.30480480194091797
157,0.35195836424827576,1e-04,0.13839011,49030936.0,0.029575592,0.013866687,0.17193471,0.4072442948818207,0.19753357768058777,30959490.0,0.0864085704088211,0.03736988455057144,0.2939533591270447
158,0.34897446632385254,1e-04,0.13796237,50214184.0,0.029160714,0.013848114,0.17050104,0.4041582942008972,0.19599926471710205,29679844.0,0.08587509393692017,0.03714703023433685,0.2930445373058319
159,0.3471919775009155,1e-04,0.1397427,49855770.0,0.029922402,0.0141817015,0.17296231,0.4017745554447174,0.19454354047775269,29794540.0,0.08602114021778107,0.03700966015458107,0.2932935953140259
160,0.34513017535209656,1e-04,0.14581345,55289320.0,0.030381823,0.015235241,0.17414616,0.3947172164916992,0.1938425898551941,31403192.0,0.08146832883358002,0.03569786623120308,0.2854265868663788
161,0.34162649512290955,1e-04,0.14331521,56556940.0,0.02936777,0.014680577,0.17125686,0.4064319133758545,0.20222462713718414,27895244.0,0.09564703702926636,0.040511514991521835,0.3092685639858246
162,0.34023804068565366,1e-04,0.137355,44800024.0,0.030427337,0.01368461,0.17436022,0.405937135219574,0.20415861904621124,27845612.0,0.09758935868740082,0.0411829799413681,0.3123929500579834
163,0.3386638343334198,1e-04,0.14564356,56797030.0,0.03129112,0.015515275,0.17657408,0.3978080153465271,0.20500622689723969,30034592.0,0.09188792109489441,0.039491839706897736,0.30313020944595337
164,0.3343557596206665,1e-04,0.13960835,48631532.0,0.029396016,0.013832124,0.17141892,0.3939085304737091,0.19356191158294678,28217302.0,0.09038441628217697,0.03823012486100197,0.3006400167942047
165,0.3312973499298096,1e-04,0.13477768,45284332.0,0.02872538,0.013249392,0.16912834,0.38639020919799805,0.19290250539779663,28876780.0,0.08524462580680847,0.036657944321632385,0.29196682572364807
166,0.32970706224441526,1e-04,0.14140701,52817820.0,0.029504586,0.014365822,0.17168358,0.3871002495288849,0.19635716080665588,27809748.0,0.08830532431602478,0.03768967092037201,0.29716211557388306
167,0.3272115647792816,1e-04,0.13710943,47672924.0,0.029349152,0.013681537,0.17110178,0.3872711658477783,0.1958821415901184,27403538.0,0.09080273658037186,0.03830471262335777,0.3013349175453186
168,0.32426968216896057,1e-04,0.13489132,47954876.0,0.02872369,0.013344213,0.1692628,0.3793906271457672,0.19550469517707825,29010676.0,0.08522406220436096,0.036753952503204346,0.2919315993785858
169,0.3217403650283813,1e-04,0.13973829,56557556.0,0.028488824,0.01451697,0.16830221,0.3789154887199402,0.1940179318189621,28096522.0,0.08702708780765533,0.037102311849594116,0.2950035333633423
170,0.3213870406150818,1e-04,0.14310196,50631748.0,0.030400485,0.01488919,0.17392032,0.38649433851242065,0.20085634291172028,26227036.0,0.09685274958610535,0.04109765961766243,0.3112117350101471
171,0.316647869348526,1e-04,0.13417858,48372380.0,0.02789628,0.013142583,0.16690841,0.37574121356010437,0.1982869803905487,29137796.0,0.08831965923309326,0.0378463938832283,0.2971862256526947
172,0.31469043493270876,1e-04,0.13529447,49844250.0,0.028152874,0.013270879,0.16773713,0.3736588954925537,0.19527022540569305,28584862.0,0.08844268321990967,0.03770996630191803,0.29739314317703247
173,0.3131604015827179,1e-04,0.13853335,50083510.0,0.028818429,0.013740028,0.16964099,0.37663763761520386,0.197910875082016,27514490.0,0.09360441565513611,0.03972394019365311,0.3059483766555786
174,0.311247444152832,1e-04,0.14020099,52687530.0,0.029081786,0.0140043525,0.17045875,0.37307724356651306,0.19526125490665436,27064512.0,0.09220508486032486,0.038680821657180786,0.30365291237831116
175,0.3088091552257538,1e-04,0.13601084,46798736.0,0.028794378,0.013450362,0.16951278,0.3719173073768616,0.19838115572929382,28280592.0,0.09318127483129501,0.03977217152714729,0.30525606870651245
176,0.30559551119804385,1e-04,0.13464125,48397300.0,0.027708486,0.013118865,0.16642396,0.36108696460723877,0.1973913609981537,31364324.0,0.08447174727916718,0.03671107441186905,0.2906402349472046
177,0.3039804458618164,1e-04,0.13886832,55454348.0,0.028208014,0.014160426,0.16786452,0.36488431692123413,0.1953762024641037,28433498.0,0.09036993980407715,0.03820297122001648,0.30061593651771545
178,0.3018955528736115,1e-04,0.13493662,46395412.0,0.028217286,0.013352704,0.16774759,0.3627554178237915,0.19559292495250702,27650224.0,0.09032678604125977,0.03851796314120293,0.3005441427230835
179,0.30004757046699526,1e-04,0.14068042,55544256.0,0.028446773,0.01440946,0.16862038,0.3549741208553314,0.1938009262084961,30203588.0,0.08460657298564911,0.036499880254268646,0.29087209701538086
180,0.2978102743625641,1e-04,0.13738064,47846976.0,0.028258767,0.013490625,0.16793188,0.3587563633918762,0.1912185251712799,27099688.0,0.0904252678155899,0.03801441192626953,0.30070793628692627
181,0.2954401016235352,1e-04,0.13341784,45617004.0,0.027918667,0.01288085,0.16695856,0.3547913432121277,0.19786545634269714,29860378.0,0.08848068118095398,0.03774547576904297,0.2974570095539093
182,0.29228336215019224,1e-04,0.13329276,49569380.0,0.026774934,0.012888828,0.16351053,0.3528050482273102,0.19133993983268738,28411886.0,0.08849618583917618,0.03750103712081909,0.29748308658599854
183,0.2917632877826691,1e-04,0.13269484,41937268.0,0.02824983,0.012831518,0.16793877,0.35507380962371826,0.19615969061851501,27350524.0,0.09275338053703308,0.03921660780906677,0.30455440282821655
184,0.2888308823108673,1e-04,0.13679886,50582040.0,0.027298102,0.013502216,0.16509494,0.34615740180015564,0.20103880763053894,31499728.0,0.08580076694488525,0.03745930269360542,0.2929176688194275
185,0.2871930658817291,1e-04,0.1389498,55408450.0,0.027612707,0.014102867,0.16603889,0.34932243824005127,0.1938537359237671,27367000.0,0.0909021645784378,0.038230277597904205,0.3014998435974121
186,0.28546230792999266,1e-04,0.13172469,44383388.0,0.02780945,0.012913893,0.16645436,0.3471560776233673,0.1897747963666916,26766660.0,0.09065359085798264,0.03799643740057945,0.301087349653244
187,0.28311518430709837,1e-04,0.13512397,50478550.0,0.027375665,0.013409836,0.16528174,0.339167982339859,0.19508397579193115,30046540.0,0.08456820249557495,0.0364876389503479,0.2908061146736145
188,0.28032156825065613,1e-04,0.134164,52014804.0,0.026472483,0.013061998,0.16260841,0.34083178639411926,0.19062259793281555,28555392.0,0.08810567110776901,0.03735743463039398,0.29682600498199463
189,0.27951818108558657,1e-04,0.13376161,47706056.0,0.027536819,0.013124818,0.16581707,0.3401584029197693,0.19316507875919342,28268464.0,0.0892910584807396,0.037790246307849884,0.29881608486175537
190,0.2772951304912567,1e-04,0.1339185,50712280.0,0.027170498,0.013373256,0.16469552,0.33285462856292725,0.19102609157562256,30144830.0,0.08384009450674057,0.036089859902858734,0.2895515263080597
191,0.27540276646614076,1e-04,0.13324538,47359000.0,0.027123028,0.012874911,0.1644586,0.33389243483543396,0.18718980252742767,27334544.0,0.08671215176582336,0.03673785179853439,0.29446926712989807
192,0.2736872613430023,1e-04,0.13136736,46218190.0,0.027235249,0.012761836,0.16485897,0.3316916823387146,0.19156013429164886,28524102.0,0.08632895350456238,0.036737289279699326,0.2938178777694702
193,0.27113805413246156,1e-04,0.13212457,49030150.0,0.026501235,0.012864606,0.1627354,0.32764890789985657,0.18731486797332764,27964782.0,0.08409549295902252,0.03591926395893097,0.28999224305152893
194,0.27022210955619813,1e-04,0.13524908,50643590.0,0.02738392,0.013418975,0.1653988,0.3234022259712219,0.18645541369915009,30460160.0,0.08162986487150192,0.03520943969488144,0.285709410905838
195,0.26843557357788084,1e-04,0.13374668,47457332.0,0.027370041,0.012959701,0.16531113,0.33228620886802673,0.1950817108154297,27212904.0,0.09227649122476578,0.03900469094514847,0.3037704527378082
196,0.2661572456359863,1e-04,0.13131073,47851944.0,0.026845593,0.012744114,0.16380492,0.32528433203697205,0.1925501525402069,28491826.0,0.08701710402965546,0.03729821741580963,0.2949866056442261
197,0.2648012161254883,1e-04,0.13513839,53055836.0,0.027221397,0.013593671,0.16472131,0.3225267231464386,0.19225293397903442,29730704.0,0.08597851544618607,0.03701955825090408,0.2932209372520447
198,0.2617574393749237,1e-04,0.1300877,46784756.0,0.025893876,0.012371065,0.16084449,0.31860119104385376,0.18737588822841644,29298036.0,0.08376419544219971,0.035866137593984604,0.2894204556941986
199,0.26139822602272034,1e-04,0.13356431,48939830.0,0.027242059,0.013056156,0.16488738,0.31602028012275696,0.18479806184768677,28848758.0,0.08288116008043289,0.03550205007195473,0.28789088129997253
200,0.2590183675289154,1e-04,0.1337425,52486016.0,0.026551867,0.013258301,0.16274841,0.3126095235347748,0.18873216211795807,31137804.0,0.08114652335643768,0.035163514316082,0.2848622798919678
201,0.25727707147598267,1e-04,0.13297811,51572990.0,0.026477322,0.01316748,0.16252391,0.31352853775024414,0.18603427708148956,29583438.0,0.08372126519680023,0.03581582009792328,0.28934627771377563
202,0.2557851791381836,1e-04,0.13467431,51711784.0,0.026635993,0.01328599,0.16316552,0.30968615412712097,0.18805217742919922,30290856.0,0.08151772618293762,0.03520740568637848,0.28551310300827026
203,0.2542054891586304,1e-04,0.13178696,46255892.0,0.026687965,0.012572763,0.16331102,0.31015390157699585,0.18481028079986572,28562996.0,0.08361116051673889,0.0356999933719635,0.2891559302806854
204,0.2512511610984802,1e-04,0.1284617,47136200.0,0.025353994,0.012152989,0.15920073,0.31001996994018555,0.18854160606861115,28820796.0,0.0850873664021492,0.03655332326889038,0.2916973829269409
205,0.25109110176563265,1e-04,0.13467655,50571468.0,0.026798433,0.013281288,0.16362736,0.3117024004459381,0.19663576781749725,29567748.0,0.08836357295513153,0.038276560604572296,0.2972601056098938
206,0.2485730916261673,1e-04,0.13145217,49182904.0,0.0258664,0.012649131,0.1605802,0.3087969422340393,0.19049854576587677,29215468.0,0.08703521639108658,0.037390608340501785,0.2950173020362854
207,0.2480565845966339,1e-04,0.1350536,51407640.0,0.026923472,0.013344814,0.16403778,0.30113866925239563,0.18614499270915985,29212278.0,0.08094225823879242,0.03493025153875351,0.2845035195350647
208,0.24529009759426118,1e-04,0.13150936,49026228.0,0.025716295,0.012546319,0.16028444,0.3029893636703491,0.1876186579465866,28612320.0,0.08434596657752991,0.03624669462442398,0.29042378067970276
209,0.2448091685771942,1e-04,0.13205396,46888456.0,0.026783675,0.012694279,0.16351728,0.3040809631347656,0.18941828608512878,27525506.0,0.08698007464408875,0.03726556897163391,0.2949238419532776
210,0.24220811128616332,1e-04,0.1298265,46596264.0,0.025716836,0.012484999,0.16022828,0.2945011556148529,0.1858879029750824,30260180.0,0.0789203941822052,0.034265100955963135,0.28092774748802185
211,0.24048348665237426,1e-04,0.1323498,52153590.0,0.025506616,0.012967561,0.15959856,0.2960682511329651,0.18373042345046997,28282046.0,0.08199132233858109,0.03511671721935272,0.28634127974510193
212,0.23856839835643767,1e-04,0.12831503,45883748.0,0.025086677,0.011975199,0.15822165,0.2976062595844269,0.1904841512441635,29071248.0,0.08501525223255157,0.03688240796327591,0.29157376289367676
213,0.23737323880195618,1e-04,0.12958576,47394396.0,0.025372902,0.01228291,0.15898286,0.2915465235710144,0.18775123357772827,30697716.0,0.0804315060377121,0.03513191267848015,0.2836045026779175
214,0.23698375523090362,1e-04,0.13576828,53338944.0,0.026456768,0.013513085,0.16258554,0.2876977026462555,0.18035408854484558,29604794.0,0.07804784923791885,0.03379364684224129,0.2793704569339752
215,0.23626143336296082,1e-04,0.13553286,48719052.0,0.027189866,0.0135359885,0.16477029,0.28700876235961914,0.18200671672821045,29454728.0,0.07880119979381561,0.034083109349012375,0.2807155251502991
216,0.23429255485534667,1e-04,0.1375473,53675212.0,0.026655966,0.01388747,0.16297619,0.28577789664268494,0.184158056974411,30450506.0,0.07899539172649384,0.034251488745212555,0.28106120228767395
217,0.23144106268882753,1e-04,0.12955114,49082196.0,0.025220234,0.0126346825,0.15876278,0.2893177270889282,0.18616928160190582,29725744.0,0.08393627405166626,0.03593522310256958,0.28971758484840393
218,0.23177991211414337,1e-04,0.13460265,49903130.0,0.02695548,0.013297188,0.16401437,0.28753823041915894,0.1832926720380783,28543588.0,0.08354803919792175,0.035691700875759125,0.2890467643737793
219,0.22877023816108705,1e-04,0.12840597,46859240.0,0.02533319,0.012187811,0.15907848,0.28352174162864685,0.18425284326076508,28938944.0,0.08091340214014053,0.03488064557313919,0.2844528257846832
220,0.22684933245182037,1e-04,0.13040702,51036332.0,0.024790058,0.012482477,0.15731369,0.28118059039115906,0.18301860988140106,29053764.0,0.0799403265118599,0.034500204026699066,0.28273719549179077
221,0.2267885059118271,1e-04,0.13350143,48976330.0,0.026089007,0.012867598,0.16147885,0.2813059985637665,0.18457616865634918,28113868.0,0.08141639828681946,0.03499913215637207,0.28533560037612915
222,0.22503777742385864,1e-04,0.13012296,47381544.0,0.02568393,0.012642193,0.16014989,0.2781948745250702,0.18339188396930695,29770182.0,0.0796436071395874,0.03472547233104706,0.2822119891643524
223,0.2228575587272644,1e-04,0.12967184,48055960.0,0.024838379,0.012107534,0.1575301,0.2737242579460144,0.179486945271492,29090890.0,0.0765010192990303,0.0332362987101078,0.27658817172050476
224,0.22139632999897002,1e-04,0.12868482,49592970.0,0.024699986,0.012300793,0.15712856,0.27180609107017517,0.17891749739646912,28200032.0,0.07589805126190186,0.032914899289608,0.2754960060119629
225,0.22111371159553528,1e-04,0.13221201,51023572.0,0.025729021,0.012893925,0.16023877,0.2679760456085205,0.17408353090286255,28974328.0,0.07337234914302826,0.03203071281313896,0.2708733081817627
226,0.21977903246879577,1e-04,0.13047954,46058900.0,0.025692102,0.012486228,0.16010849,0.2680777907371521,0.1739247739315033,28785556.0,0.07476551085710526,0.032493866980075836,0.27343282103538513
227,0.21679149866104125,1e-04,0.12684882,45857548.0,0.023993121,0.011799194,0.1547631,0.26765912771224976,0.17406383156776428,27644838.0,0.07562872767448425,0.03274824470281601,0.2750067710876465
228,0.21733656227588655,1e-04,0.13428807,55041816.0,0.025812771,0.013309385,0.16057332,0.263963907957077,0.1749860644340515,29078908.0,0.07319703698158264,0.03205856680870056,0.2705495059490204
229,0.2140820562839508,1e-04,0.1266149,48200450.0,0.023815457,0.011796402,0.15426204,0.2661527097225189,0.17455574870109558,27351846.0,0.0766354501247406,0.03309398144483566,0.27683109045028687
230,0.21434069871902467,1e-04,0.13286877,52848160.0,0.0253184,0.013071427,0.15906319,0.2598584294319153,0.17892853915691376,30497350.0,0.07157734036445618,0.03156835585832596,0.2675394117832184
231,0.2119831532239914,1e-04,0.13079333,51903220.0,0.024194539,0.012569437,0.15546045,0.2604706585407257,0.17278337478637695,28133404.0,0.07341644912958145,0.03203589841723442,0.2709546983242035
232,0.211044043302536,1e-04,0.12728183,47174280.0,0.024476621,0.012191271,0.15629667,0.25910240411758423,0.17309623956680298,28239004.0,0.07326282560825348,0.03200359642505646,0.2706710696220398
233,0.20967601239681244,1e-04,0.12828167,49616756.0,0.024318941,0.012273436,0.15590844,0.25313350558280945,0.1743159145116806,30960564.0,0.06849846243858337,0.03050585836172104,0.2617221176624298
234,0.20847601294517518,1e-04,0.13088122,52454932.0,0.024318742,0.012635037,0.1559232,0.2598201632499695,0.17808976769447327,28653352.0,0.0763770043849945,0.0334019660949707,0.27636390924453735
235,0.20683692395687103,1e-04,0.1309447,54286452.0,0.023865232,0.012550278,0.15439022,0.25433972477912903,0.1727142632007599,29746026.0,0.07207372784614563,0.03165225684642792,0.268465518951416
236,0.20675151348114013,1e-04,0.13030796,50112644.0,0.024952877,0.012714435,0.15762122,0.2534326910972595,0.1751353144645691,29887436.0,0.07233185321092606,0.031800538301467896,0.2689458131790161
237,0.20434626340866088,1e-04,0.12795684,51123456.0,0.023710106,0.012181428,0.1539069,0.25249725580215454,0.17435115575790405,29588698.0,0.0725543200969696,0.03187123313546181,0.2693590819835663
238,0.20434954166412353,1e-04,0.13086699,53568170.0,0.024864059,0.012817865,0.15756834,0.24897964298725128,0.17311450839042664,29475090.0,0.07017886638641357,0.031035201624035835,0.2649129331111908
239,0.2023755669593811,1e-04,0.13093844,52069068.0,0.02402711,0.012720773,0.15493578,0.24483665823936462,0.1713760495185852,31938746.0,0.06716710329055786,0.030153349041938782,0.2591661810874939
240,0.20235725045204161,1e-04,0.1332848,54552204.0,0.025137186,0.013278249,0.15844508,0.24907135963439941,0.1734350174665451,29579594.0,0.072522833943367,0.03185313194990158,0.269300639629364
241,0.20046295821666718,1e-04,0.13012534,52521656.0,0.024358662,0.012588253,0.15572791,0.24556922912597656,0.1713964343070984,29445040.0,0.07012921571731567,0.031079314649105072,0.2648192048072815
242,0.19939584732055665,1e-04,0.12992632,51327692.0,0.024395555,0.012585956,0.15610272,0.2442617267370224,0.17295581102371216,30878154.0,0.06991972029209137,0.031024036929011345,0.2644233703613281
243,0.19859665036201476,1e-04,0.13372028,56412684.0,0.024691485,0.013551521,0.157023,0.2451886087656021,0.17590314149856567,30407228.0,0.07193493843078613,0.03226688876748085,0.2682068943977356
244,0.19629915058612823,1e-04,0.12719509,51318388.0,0.02347631,0.012157066,0.15321478,0.24259527027606964,0.17474378645420074,30130260.0,0.07041767984628677,0.031263433396816254,0.26536330580711365
245,0.19609215259552001,1e-04,0.12896062,48739732.0,0.024343908,0.012417229,0.1559358,0.24087052047252655,0.173397034406662,30992468.0,0.06976340711116791,0.03105277568101883,0.264127641916275
246,0.1959698110818863,1e-04,0.13628998,57508990.0,0.025284458,0.013801013,0.15888259,0.23399397730827332,0.1709674596786499,32147938.0,0.06394316256046295,0.029077474027872086,0.2528698444366455
247,0.19385168254375457,1e-04,0.13096705,53705000.0,0.024221182,0.0129439775,0.15544033,0.2411084920167923,0.1708265095949173,28463598.0,0.07210631668567657,0.03165969252586365,0.26852619647979736
248,0.19269805550575256,1e-04,0.12806723,51902744.0,0.024113,0.012807498,0.15468328,0.2335985153913498,0.1681821197271347,30990760.0,0.06563536077737808,0.029520567506551743,0.25619399547576904
249,0.1914103925228119,1e-04,0.13061944,51219240.0,0.023858855,0.012623983,0.1544207,0.23324984312057495,0.16789665818214417,30716398.0,0.0663159117102623,0.029781971126794815,0.2575187683105469
250,0.1901974380016327,1e-04,0.12979528,51711640.0,0.02367416,0.012488364,0.15359178,0.22920723259449005,0.16935017704963684,31327640.0,0.06329607963562012,0.028811022639274597,0.2515871226787567
251,0.18819731771945952,1e-04,0.1290986,54413510.0,0.022691786,0.0125091225,0.15041496,0.22523252665996552,0.1628703474998474,31806420.0,0.06033485755324364,0.027688905596733093,0.24563154578208923
252,0.18747177124023437,1e-04,0.12955897,53695430.0,0.022976488,0.012673768,0.15133528,0.21930451691150665,0.16200990974903107,33731900.0,0.05541069805622101,0.026031022891402245,0.23539477586746216
253,0.1885779857635498,1e-04,0.13523543,57227776.0,0.025081184,0.013831809,0.15783976,0.2285381406545639,0.16822555661201477,31307144.0,0.0656348243355751,0.029676983132958412,0.2561929523944855
254,0.1853632003068924,1e-04,0.1267232,49486908.0,0.02285612,0.011886157,0.15089913,0.22071395814418793,0.16298305988311768,31416428.0,0.058799196034669876,0.027212627232074738,0.24248544871807098
255,0.1839317947626114,1e-04,0.12873551,56753588.0,0.022406224,0.01253817,0.14958744,0.21478386223316193,0.1597684919834137,33332032.0,0.05384054034948349,0.025450022891163826,0.23203565180301666
256,0.18341995477676393,1e-04,0.13077521,55870790.0,0.022864547,0.012899945,0.15113679,0.21283534169197083,0.15651509165763855,32142022.0,0.05285927280783653,0.025004960596561432,0.2299114465713501
257,0.1840463846921921,1e-04,0.13658355,62003264.0,0.024453864,0.014103848,0.15619755,0.20510894060134888,0.15545442700386047,34514612.0,0.04609019309282303,0.022662311792373657,0.21468625962734222
258,0.1802293688058853,1e-04,0.12766667,56754988.0,0.021587629,0.0126154255,0.14660163,0.21332821249961853,0.1590859591960907,31314244.0,0.05525163561105728,0.0261190477758646,0.23505666851997375
259,0.1798151731491089,1e-04,0.12968728,57070732.0,0.02211566,0.012833193,0.14859216,0.20454928278923035,0.15530630946159363,34425144.0,0.047412991523742676,0.023332545533776283,0.21774524450302124
260,0.1791730046272278,1e-04,0.12963352,57385108.0,0.022407666,0.012853879,0.14948317,0.21147462725639343,0.1560291051864624,31207814.0,0.05526556074619293,0.025885824114084244,0.23508627712726593
261,0.17821309268474578,1e-04,0.1307478,60284810.0,0.022374203,0.013114721,0.14937106,0.20014049112796783,0.15442822873592377,34736224.0,0.04485286772251129,0.02237429842352867,0.2117849588394165
262,0.1778107166290283,1e-04,0.1322398,59323650.0,0.022886908,0.013621451,0.15092413,0.19989113509655,0.15374299883842468,34607480.0,0.045510418713092804,0.022683139890432358,0.21333171427249908
263,0.17692375481128692,1e-04,0.13443425,62585236.0,0.022901347,0.01384593,0.15119094,0.19771233201026917,0.14968204498291016,34596912.0,0.044226501137018204,0.022081363946199417,0.2103009819984436
264,0.17511770129203796,1e-04,0.1307426,59328504.0,0.021988073,0.013065363,0.14816332,0.192899689078331,0.14729568362236023,35728976.0,0.04030315950512886,0.020581670105457306,0.2007564753293991
265,0.17433881461620332,1e-04,0.12943307,58123610.0,0.022093516,0.013136735,0.14849618,0.19262030720710754,0.14643356204032898,35168120.0,0.040902040898799896,0.020865222439169884,0.20224252343177795
266,0.17306821644306183,1e-04,0.13131198,62297172.0,0.02169877,0.013539453,0.1468511,0.18827027082443237,0.1444857269525528,35649236.0,0.03742212802171707,0.019563309848308563,0.1934479922056198
267,0.1717275410890579,1e-04,0.12933448,62013210.0,0.02122512,0.013296813,0.14546719,0.18904787302017212,0.1443614363670349,34494328.0,0.03906164690852165,0.020139876753091812,0.19764019548892975
268,0.17090221643447875,1e-04,0.12742957,57836428.0,0.021256968,0.012895016,0.14540192,0.18377837538719177,0.14157642424106598,36796236.0,0.03464452922344208,0.018535295501351357,0.18613040447235107
269,0.16974154412746428,1e-04,0.13103658,66860984.0,0.020945588,0.013747772,0.14455223,0.17977061867713928,0.1403065025806427,38288704.0,0.03147868812084198,0.017439668998122215,0.17742234468460083
270,0.16851302683353425,1e-04,0.12739089,59404390.0,0.020553814,0.012843807,0.14323767,0.1842908412218094,0.1427803784608841,35162856.0,0.03682996705174446,0.019565531983971596,0.19191135466098785
271,0.16787507832050325,1e-04,0.12869957,61797640.0,0.020744774,0.013301152,0.1436731,0.17626775801181793,0.13865414261817932,38490224.0,0.02963179722428322,0.01677848771214485,0.17213888466358185
272,0.16726694107055665,1e-04,0.12932324,64224364.0,0.02095757,0.013762276,0.14303064,0.17950944602489471,0.14178836345672607,37458736.0,0.033688127994537354,0.018704967573285103,0.18354326486587524
273,0.16506646573543549,1e-04,0.125716,61663000.0,0.019569376,0.012790757,0.13976778,0.17300163209438324,0.13611102104187012,39337464.0,0.027988318353891373,0.01599820703268051,0.1672970950603485
274,0.16434553861618043,1e-04,0.12558775,61569210.0,0.019652005,0.012899155,0.13961123,0.17325103282928467,0.13741379976272583,38769680.0,0.029035205021500587,0.016713816672563553,0.17039719223976135
275,0.16304341852664947,1e-04,0.12470295,61305336.0,0.01914449,0.012678052,0.13804969,0.17037749290466309,0.13469991087913513,40094420.0,0.026952669024467468,0.015748191624879837,0.1641726791858673
276,0.16232771575450897,1e-04,0.1254981,63438184.0,0.019215979,0.013108082,0.13850412,0.16982683539390564,0.13520991802215576,41820232.0,0.027182703837752342,0.016066236421465874,0.16487178206443787
277,0.16204510033130645,1e-04,0.12785581,65892630.0,0.019709725,0.013491874,0.13991006,0.171132892370224,0.13825440406799316,40621212.0,0.029258346185088158,0.016873907297849655,0.17105071246623993
278,0.16012703478336335,1e-04,0.12169842,59934676.0,0.01855787,0.012291872,0.1361775,0.17174169421195984,0.13874396681785583,40635052.0,0.03062875010073185,0.017415443435311317,0.17501071095466614
279,0.15911975800991057,1e-04,0.12236891,61451750.0,0.018308047,0.012442141,0.13492654,0.16861103475093842,0.13851234316825867,43197604.0,0.0282500758767128,0.0168822780251503,0.16807758808135986
280,0.15867247879505159,1e-04,0.12454977,65391372.0,0.018610165,0.013022023,0.13594274,0.16795600950717926,0.13510024547576904,40879028.0,0.02833949215710163,0.016511622816324234,0.16834338009357452
281,0.1567740261554718,1e-04,0.118908904,59535020.0,0.017451849,0.011849994,0.13195992,0.16901034116744995,0.13839074969291687,41760784.0,0.030128806829452515,0.017577005550265312,0.17357651889324188
282,0.15531867742538452,1e-04,0.116529025,59323480.0,0.016729726,0.01152464,0.12871769,0.16514776647090912,0.13494238257408142,44443236.0,0.026995297521352768,0.016182996332645416,0.16430245339870453
283,0.15458881855010986,1e-04,0.11687267,61354216.0,0.016724145,0.011758945,0.12922388,0.1660252958536148,0.1370076835155487,41592764.0,0.02859153226017952,0.016894705593585968,0.16909030079841614
284,0.1544123500585556,1e-04,0.11967776,63523416.0,0.01726447,0.01223086,0.13092214,0.16486942768096924,0.13622793555259705,42819560.0,0.02814718708395958,0.01674874685704708,0.16777123510837555
285,0.1532314419746399,1e-04,0.11701216,58849972.0,0.016791102,0.011674209,0.12950596,0.16526025533676147,0.1357787847518921,41908040.0,0.029242264106869698,0.01708056405186653,0.17100369930267334
286,0.15208236873149872,1e-04,0.115502335,61346580.0,0.016344417,0.011592882,0.12759168,0.16386285424232483,0.13870933651924133,46204256.0,0.02854205295443535,0.017284445464611053,0.16894394159317017
287,0.15252211093902587,1e-04,0.119811356,61127320.0,0.017476577,0.012306796,0.13183807,0.1616649478673935,0.13701635599136353,45525504.0,0.02703072875738144,0.016511064022779465,0.16441024839878082
288,0.14990805983543395,1e-04,0.114177465,58772076.0,0.015543878,0.011110022,0.12457053,0.16819322109222412,0.14611130952835083,41488040.0,0.03423289954662323,0.019661718979477882,0.18502135574817657
289,0.15075732171535491,1e-04,0.118290864,59014744.0,0.017067108,0.011907845,0.1300224,0.1616739183664322,0.1391877830028534,46214528.0,0.02838730439543724,0.017170801758766174,0.16848532855510712
290,0.14885948598384857,1e-04,0.114910044,61937530.0,0.015838575,0.011366128,0.12565641,0.16636252403259277,0.1443588137626648,44150336.0,0.03373854234814644,0.019460391253232956,0.18368054926395416
291,0.14819035232067107,1e-04,0.113714,58081292.0,0.015829839,0.011070592,0.12546304,0.16159065067768097,0.14000192284584045,46538540.0,0.029625900089740753,0.017753630876541138,0.17212176322937012
292,0.14703375697135926,5e-05,0.112346366,60894380.0,0.015200173,0.011017089,0.12322104,0.1631150096654892,0.1428317129611969,45571952.0,0.0314766988158226,0.018696382641792297,0.17741674184799194
293,0.14657925963401794,5e-05,0.11177148,58034644.0,0.015070183,0.01062276,0.12234595,0.16495674848556519,0.14435243606567383,43648836.0,0.033641885966062546,0.019345134496688843,0.18341724574565887
294,0.14593072533607482,5e-05,0.109347425,54332390.0,0.014745502,0.010246629,0.1205322,0.1617945432662964,0.14078962802886963,44640724.0,0.030803710222244263,0.018199004232883453,0.17550985515117645
295,0.14748241007328033,5e-05,0.11752874,64538240.0,0.016621199,0.012106711,0.12854466,0.1593051254749298,0.1400012969970703,47713804.0,0.02863699197769165,0.017599456012248993,0.16922467947006226
296,0.14525486826896666,5e-05,0.11016929,57623200.0,0.014713625,0.0105794575,0.12106359,0.16627228260040283,0.1470286250114441,40960072.0,0.03592146933078766,0.0201673936098814,0.18952959775924683
297,0.1447535902261734,5e-05,0.10892067,53911732.0,0.01453038,0.010026671,0.12029864,0.16348014771938324,0.14406415820121765,43170936.0,0.03344903886318207,0.019168902188539505,0.18289078772068024
298,0.14473089575767517,5e-05,0.111109674,60891668.0,0.014827798,0.010830742,0.12134181,0.16029448807239532,0.140549436211586,46180424.0,0.03058236464858055,0.018220610916614532,0.17487813532352448
299,0.14446617364883424,5e-05,0.111761786,60130430.0,0.014880212,0.010766675,0.12185536,0.1624050885438919,0.14393314719200134,44217220.0,0.03300796076655388,0.019117962568998337,0.18168093264102936
300,0.14374226629734038,2.5e-05,0.1096354,57064916.0,0.014408027,0.010362468,0.119780526,0.16310155391693115,0.1451844722032547,44266672.0,0.033861495554447174,0.019452553242444992,0.1840149313211441
301,0.14374486804008485,2.5e-05,0.108796135,56673896.0,0.014567671,0.010359746,0.11951057,0.16304689645767212,0.1452600508928299,42330952.0,0.033964142203330994,0.0194745734333992,0.18429362773895264
302,0.14389425218105317,2.5e-05,0.110650204,57319270.0,0.0148746325,0.010575311,0.120731555,0.16126318275928497,0.14337104558944702,44439380.0,0.032338231801986694,0.018882159143686295,0.17982834577560425
303,0.14294949173927307,2.5e-05,0.10819998,58186470.0,0.014087471,0.010214925,0.118454516,0.16077613830566406,0.14267516136169434,43792160.0,0.03200811892747879,0.018662672489881516,0.17890812456607819
304,0.14339221715927125,1.25e-05,0.10953079,55920090.0,0.014655387,0.0104369745,0.119944856,0.16156208515167236,0.14365947246551514,44687732.0,0.0328720286488533,0.019067544490098953,0.18130645155906677
305,0.14438562095165253,1.25e-05,0.11427127,62078732.0,0.01572682,0.011294805,0.1248065,0.1616498827934265,0.14348655939102173,43980100.0,0.03303804248571396,0.019121792167425156,0.1817636936903
================================================================================
FILE: D:\HoChePing\北科大_碩班_AI學程\期刊研究\使用LSTM模型預測福壽雞隻重量\Code程式碼\LSTM_TransferLearning_SolarEnergy\reports\Solar Energy Result\實驗 B：Plant2 → Plant1\pre-train\nb_batch20 training_parameters.txt

[2025-06-27 17:40:18]
閮毀鞈???Plant2蝚砌???餅?蝯????嚗?Data Size (data_size): 3264
Number of Batches (args['nb_batch']): 20
Batch Size (bsize): 128
Sequence Length (period): 5
================================================================================
FILE: D:\HoChePing\北科大_碩班_AI學程\期刊研究\使用LSTM模型預測福壽雞隻重量\Code程式碼\LSTM_TransferLearning_SolarEnergy\reports\Solar Energy Result\實驗 B：Plant2 → Plant1\pre-train\Plant2第二號發電機組\epoch_log.csv
epoch,loss,lr,mae,mape,mse,msle,rmse,val_loss,val_mae,val_mape,val_mse,val_msle,val_rmse
0,1.3199280159814017,1e-04,0.2609851,108114984.0,0.08451194,0.0455052,0.29035822,1.3438596725463867,0.33201298117637634,210681520.0,0.140580415725708,0.0909775123000145,0.3747687041759491
1,1.2669819536663236,1e-04,0.22346814,76106024.0,0.073838346,0.034342445,0.27141768,1.3123958110809326,0.3258553743362427,210382192.0,0.13429558277130127,0.08791673183441162,0.36634328961372375
2,1.218936976932344,1e-04,0.20264547,62808416.0,0.068241596,0.02972772,0.2609598,1.255277395248413,0.3121165335178375,200956496.0,0.1241101399064064,0.08210758864879608,0.3522520065307617
3,1.1751966703505743,1e-04,0.1981075,63060700.0,0.06625925,0.029033963,0.25702146,1.2040294408798218,0.30066347122192383,195021840.0,0.11530280858278275,0.07716118544340134,0.3395046889781952
4,1.1332066115878878,1e-04,0.19422762,60029850.0,0.06487404,0.028154705,0.2543198,1.158239483833313,0.2910788953304291,190936704.0,0.10763663053512573,0.07278551906347275,0.3280011713504791
5,1.0929865723564511,1e-04,0.19280002,59814956.0,0.064008296,0.0278936,0.25267443,1.110926866531372,0.2801075875759125,180013552.0,0.09939077496528625,0.06792602688074112,0.31502580642700195
6,1.0540189913340978,1e-04,0.18728667,55236550.0,0.06289693,0.02683744,0.2505213,1.062136173248291,0.26768848299980164,171001808.0,0.09085425734519958,0.06271300464868546,0.3014084994792938
7,1.0174387494723003,1e-04,0.19250652,59907620.0,0.06299613,0.02778042,0.25064498,1.0171257257461548,0.25520989298820496,161825968.0,0.0828808918595314,0.05779685452580452,0.2878504693508148
8,0.9814642242022923,1e-04,0.18548349,54343444.0,0.06225266,0.026696768,0.24903068,0.9783745408058167,0.24633187055587769,155560080.0,0.07623324543237686,0.05370326340198517,0.2759888768196106
9,0.9461126696495783,1e-04,0.18400079,55301480.0,0.06085032,0.026239032,0.24639705,0.9430178999900818,0.23670393228530884,149101200.0,0.06981264799833298,0.049758631736040115,0.2641018033027649
10,0.9129192658833095,1e-04,0.18355939,54552480.0,0.060384113,0.026024546,0.24543074,0.8943696022033691,0.22187916934490204,137022032.0,0.062053386121988297,0.04458220675587654,0.24897293746471405
11,0.8807942327998933,1e-04,0.18198514,54500036.0,0.059698086,0.02577353,0.24366058,0.8564624786376953,0.20973056554794312,126809320.0,0.05515243113040924,0.03999560326337814,0.23481370508670807
12,0.849543829758962,1e-04,0.1809231,53951956.0,0.058740582,0.02543593,0.24201271,0.8244413137435913,0.20128463208675385,123872128.0,0.050131041556596756,0.03677982836961746,0.22380387783050537
13,0.8199190298716227,1e-04,0.18064465,55552916.0,0.05818493,0.025364768,0.24050362,0.7953582406044006,0.1933792680501938,117830872.0,0.04596412554383278,0.03384872153401375,0.21424664556980133
14,0.7920742630958557,1e-04,0.17886192,52940996.0,0.05825977,0.02511901,0.24083722,0.7597041130065918,0.18044622242450714,105859872.0,0.04005708917975426,0.029674580320715904,0.20010258257389069
15,0.7645411207562401,1e-04,0.17738532,52265344.0,0.057658747,0.024865791,0.23971899,0.7270380854606628,0.17155051231384277,99146080.0,0.03614681959152222,0.02670605480670929,0.19001908600330353
16,0.7382763170060658,1e-04,0.18016134,55634360.0,0.057256408,0.025194613,0.23893903,0.6998122930526733,0.16398464143276215,94237208.0,0.03252469003200531,0.024183208122849464,0.18024326860904694
17,0.714042794136774,1e-04,0.17774896,51792200.0,0.05780896,0.02499815,0.23995778,0.6712598204612732,0.15496742725372314,89379640.0,0.029271751642227173,0.021780556067824364,0.17107029259204865
18,0.6882788964680263,1e-04,0.17572343,53750480.0,0.055931546,0.02439715,0.23612608,0.651604175567627,0.15186314284801483,84542776.0,0.028360212221741676,0.020810917019844055,0.1681780219078064
19,0.6651569917088463,1e-04,0.1744272,52647204.0,0.055743966,0.024204992,0.2357635,0.6217674612998962,0.14429230988025665,76925592.0,0.025335809215903282,0.018487488850951195,0.1590266227722168
20,0.6421432296435038,1e-04,0.17476633,54721224.0,0.054803774,0.024229668,0.23378555,0.6004981398582458,0.13932932913303375,72951392.0,0.023910947144031525,0.017175182700157166,0.1545281559228897
21,0.6211244804518563,1e-04,0.1746329,53860510.0,0.054999914,0.024201475,0.23428543,0.5771509408950806,0.13374346494674683,68117816.0,0.02202061377465725,0.015475879423320293,0.14837202429771423
22,0.6001024047533671,1e-04,0.1721459,52893320.0,0.054365665,0.023850398,0.2327454,0.5607980489730835,0.1307048201560974,63303728.0,0.02210732363164425,0.015025061555206776,0.14858819544315338
23,0.5803598222278413,1e-04,0.17232545,52536296.0,0.054222044,0.02373738,0.23248604,0.5395821332931519,0.12895351648330688,62966996.0,0.021130820736289024,0.014307845383882523,0.14517173171043396
24,0.5611635446548462,1e-04,0.17385292,55261830.0,0.05385099,0.02403954,0.23162778,0.5152699947357178,0.12159416824579239,56960204.0,0.019843867048621178,0.013056744821369648,0.14059555530548096
25,0.5425623087655931,1e-04,0.16692275,49176744.0,0.05325248,0.022850534,0.23021933,0.4992191791534424,0.12203174084424973,54281044.0,0.02010386623442173,0.012952008284628391,0.14167316257953644
26,0.5252898931503296,1e-04,0.17414366,56067976.0,0.05335344,0.024159199,0.23064093,0.4854327440261841,0.12039796262979507,53317024.0,0.020305288955569267,0.012848122976720333,0.1420830339193344
27,0.5079262483687628,1e-04,0.16869082,51907516.0,0.052661743,0.023095699,0.2290829,0.46379050612449646,0.11970803141593933,53034176.0,0.019656145945191383,0.012473194859921932,0.13993284106254578
28,0.49076076064790997,1e-04,0.17042115,54666948.0,0.051514655,0.02320074,0.22622469,0.4483802318572998,0.11844205111265182,49287856.0,0.019799532368779182,0.012267795391380787,0.14052855968475342
29,0.4759647065684909,1e-04,0.1695294,54549936.0,0.052064613,0.023265295,0.22755748,0.4342636168003082,0.12087121605873108,49799796.0,0.02035500667989254,0.012580539099872112,0.1424090713262558
30,0.4608971987451826,1e-04,0.17131269,55757310.0,0.05173163,0.023524549,0.22654286,0.41913580894470215,0.11826399713754654,47679488.0,0.020318740978837013,0.012294831685721874,0.14234453439712524
31,0.4458115157626924,1e-04,0.16873863,54568930.0,0.050780427,0.022912856,0.22489461,0.4087536931037903,0.12027081102132797,48041920.0,0.020600782707333565,0.012578976340591908,0.14327853918075562
32,0.4318538691316332,1e-04,0.16854705,57128156.0,0.050421413,0.023115225,0.2238088,0.3917061686515808,0.11653720587491989,47214380.0,0.019299756735563278,0.01180474553257227,0.138376846909523
33,0.4184750900382087,1e-04,0.1705358,57731770.0,0.05012668,0.023250869,0.22332337,0.38168013095855713,0.11887369304895401,48293044.0,0.02055194228887558,0.012500998564064503,0.14323823153972626
34,0.4049490817955562,1e-04,0.16803701,57603830.0,0.04908803,0.022800956,0.22114274,0.36963167786598206,0.12164273113012314,48206132.0,0.020624365657567978,0.012802002020180225,0.1433567851781845
35,0.3923923188731784,1e-04,0.16849366,58802440.0,0.048571054,0.022814706,0.21989615,0.35426604747772217,0.11772198230028152,47176468.0,0.01945955492556095,0.011937410570681095,0.13917222619056702
36,0.38129841571762446,1e-04,0.17063215,61162230.0,0.049029905,0.02332816,0.22099927,0.3449385464191437,0.11649944633245468,46592524.0,0.018918991088867188,0.011646457947790623,0.13725973665714264
37,0.37028913838522776,1e-04,0.17035206,58952596.0,0.049083754,0.023239305,0.22118539,0.33669835329055786,0.11460402607917786,44533256.0,0.019734861329197884,0.01153542846441269,0.13960786163806915
38,0.3578546416191828,1e-04,0.16566332,58139508.0,0.047178574,0.02222635,0.21696822,0.3282267451286316,0.12379094213247299,50911596.0,0.020973170176148415,0.013243635185062885,0.14454473555088043
39,0.3472427725791931,1e-04,0.17235488,66384724.0,0.046706382,0.023567041,0.21584676,0.31461358070373535,0.12446434050798416,54636764.0,0.020338064059615135,0.013330116868019104,0.14254890382289886
40,0.3365467843555269,1e-04,0.17675868,73951880.0,0.045775067,0.024858598,0.21348183,0.30069494247436523,0.11983152478933334,55153620.0,0.01774275302886963,0.012269253842532635,0.13294173777103424
41,0.3239498422259376,1e-04,0.17888026,82299624.0,0.042576447,0.025526408,0.2059617,0.29820090532302856,0.1366051584482193,69441656.0,0.022482817992568016,0.016160666942596436,0.1497756689786911
42,0.30972832441329956,1e-04,0.1749173,87976856.0,0.037359126,0.02493814,0.19285262,0.2928750216960907,0.14547128975391388,77948088.0,0.026121152564883232,0.018864905461668968,0.16153597831726074
43,0.29807139010656447,1e-04,0.16752219,85085860.0,0.034243744,0.023206191,0.18456993,0.2881564497947693,0.1516171097755432,83571424.0,0.028511827811598778,0.020641116425395012,0.168736532330513
44,0.28704284060569035,1e-04,0.1601776,85052824.0,0.03134085,0.021807011,0.17661282,0.280345618724823,0.15421481430530548,75807472.0,0.030035221949219704,0.0208637285977602,0.17319752275943756
45,0.2780214647452037,1e-04,0.15719181,81476570.0,0.030054184,0.020701898,0.17288129,0.2713566720485687,0.1472758650779724,82437864.0,0.026869438588619232,0.019576700404286385,0.1638290137052536
46,0.2688728741237095,1e-04,0.15165178,80242420.0,0.028291281,0.019706989,0.16739134,0.26360583305358887,0.14802657067775726,83776896.0,0.02713884599506855,0.019853198900818825,0.16470201313495636
47,0.2603408921332586,1e-04,0.14770524,78896360.0,0.02684294,0.018788937,0.16350064,0.25397226214408875,0.14316493272781372,74289312.0,0.02574208937585354,0.01844852976500988,0.160413458943367
48,0.25212887142385754,1e-04,0.14327109,74406880.0,0.025411975,0.017664108,0.159087,0.2442716360092163,0.13226421177387238,71747872.0,0.021983766928315163,0.01605130173265934,0.14808879792690277
49,0.24466434050173985,1e-04,0.14021665,73729256.0,0.024440045,0.017134009,0.15562142,0.23956835269927979,0.1341191679239273,69827528.0,0.022898873314261436,0.016351860016584396,0.15119318664073944
50,0.2367241709005265,1e-04,0.13511394,71603950.0,0.022722596,0.016053839,0.15039715,0.22975417971611023,0.12504489719867706,65319404.0,0.019855281338095665,0.014309161342680454,0.14074043929576874
51,0.23069688252040318,1e-04,0.13371189,68138216.0,0.022671804,0.01562903,0.14982799,0.22770708799362183,0.12780316174030304,65636588.0,0.02059786766767502,0.01471174880862236,0.14343659579753876
52,0.22390733446393693,1e-04,0.13125415,69125870.0,0.021595461,0.015165904,0.14644969,0.22621573507785797,0.13102900981903076,67728888.0,0.021526986733078957,0.015309150330722332,0.14649000763893127
53,0.21742860830965496,1e-04,0.12781371,66071016.0,0.020602867,0.014383502,0.14278118,0.21097680926322937,0.11650514602661133,56348460.0,0.01755128987133503,0.012299471534788609,0.13240838050842285
54,0.21133836323306673,1e-04,0.12441007,64970630.0,0.01977847,0.013850965,0.14007556,0.20617693662643433,0.11991417407989502,61132884.0,0.018209246918559074,0.013037514872848988,0.13466952741146088
55,0.20576829782554082,1e-04,0.12337288,62703096.0,0.019260688,0.013384251,0.13832803,0.19999948143959045,0.1142115369439125,54470384.0,0.017104901373386383,0.011875187046825886,0.13065846264362335
56,0.20094959437847137,1e-04,0.12158858,61886136.0,0.019294288,0.013298441,0.1379234,0.19764398038387299,0.11225983500480652,52097916.0,0.016988592222332954,0.011625018902122974,0.1302294284105301
57,0.19532821717716398,1e-04,0.11926278,60019348.0,0.018324008,0.012659419,0.13502225,0.1914871782064438,0.11456755548715591,54798988.0,0.017134109511971474,0.01198609545826912,0.13080620765686035
58,0.19006280530066716,1e-04,0.1169947,59402296.0,0.017516516,0.012188976,0.13180766,0.1908959001302719,0.1175294890999794,54846388.0,0.01830577291548252,0.012540672905743122,0.1351441740989685
59,0.1857414316563379,1e-04,0.11586565,58367736.0,0.017474707,0.012062297,0.13174526,0.18351592123508453,0.10957840830087662,52674372.0,0.016007548198103905,0.0110744908452034,0.12636014819145203
60,0.18116641683237894,1e-04,0.114050135,57724732.0,0.017012915,0.011753912,0.13001886,0.1798822581768036,0.11008398979902267,53587152.0,0.016339479014277458,0.011307341046631336,0.12747396528720856
61,0.17656899917693364,1e-04,0.11215704,55837390.0,0.016356511,0.011276568,0.1271914,0.17425008118152618,0.11074435710906982,53930580.0,0.01585800014436245,0.011112124659121037,0.1259198933839798
62,0.17291489527339027,1e-04,0.11182467,53267284.0,0.016485937,0.011133208,0.12782262,0.17031726241111755,0.10532475262880325,49447564.0,0.015131508000195026,0.010332595556974411,0.12264548987150192
63,0.168883197364353,1e-04,0.11094376,55243530.0,0.016070157,0.011022155,0.12614948,0.16673466563224792,0.10719770193099976,51578708.0,0.015172402374446392,0.010542307049036026,0.12297575920820236
64,0.16447582273256212,1e-04,0.10754026,52824204.0,0.01514751,0.010371387,0.122779064,0.16317324340343475,0.1029667854309082,43817648.0,0.01523362472653389,0.010105668567121029,0.12312796711921692
65,0.1612469106912613,1e-04,0.106732495,51094468.0,0.0152646005,0.01030137,0.12297147,0.16162154078483582,0.11046901345252991,55065188.0,0.01567496545612812,0.011051076464354992,0.12506747245788574
66,0.15778967525277818,1e-04,0.1062756,51774660.0,0.015023816,0.01021918,0.122228585,0.15198653936386108,0.10100329667329788,48218196.0,0.013524584472179413,0.009440512396395206,0.11594459414482117
67,0.15405784760202682,1e-04,0.1043898,50558580.0,0.014391644,0.0097928215,0.11950256,0.15552502870559692,0.10344303399324417,41500144.0,0.015806159004569054,0.010178986005485058,0.125588059425354
68,0.15116601969514573,1e-04,0.10330398,49474828.0,0.014469543,0.0097126225,0.11982566,0.14645710587501526,0.10120437294244766,47572096.0,0.013624384999275208,0.00945329200476408,0.11652308702468872
69,0.14801600078741708,1e-04,0.10259777,48740244.0,0.0141764,0.009510022,0.11862087,0.144857719540596,0.09849870949983597,42691372.0,0.01335394848138094,0.008974641561508179,0.1149599552154541
70,0.14526594465687162,1e-04,0.10160957,47619150.0,0.01417727,0.009459277,0.11866816,0.1429487019777298,0.10374951362609863,50058164.0,0.014416821300983429,0.00996900349855423,0.11984630674123764
71,0.14228040192808425,1e-04,0.100413576,46868096.0,0.013836815,0.009185544,0.11726126,0.1443144977092743,0.10682984441518784,52060420.0,0.014979992061853409,0.010346042923629284,0.12209513038396835
72,0.13954065385318937,1e-04,0.100902036,47862708.0,0.013642485,0.009130659,0.11651165,0.1354166567325592,0.09706434607505798,44704732.0,0.012746413238346577,0.008770533837378025,0.1126357838511467
73,0.136780674968447,1e-04,0.0985322,45598764.0,0.013325244,0.008864736,0.11470333,0.13798023760318756,0.09842709451913834,44184108.0,0.013672713190317154,0.009191550314426422,0.11655693501234055
74,0.13438476409230912,1e-04,0.09872114,45044364.0,0.013280417,0.008777605,0.11488553,0.1354047656059265,0.0996883437037468,44325796.0,0.013517242856323719,0.009181581437587738,0.11587398499250412
75,0.13203453520933786,1e-04,0.0988952,46202040.0,0.0132093895,0.008796924,0.11449498,0.1318301409482956,0.09613072127103806,41290156.0,0.013267557136714458,0.008822351694107056,0.11489808559417725
76,0.12947101961998714,1e-04,0.095779456,44032828.0,0.01283495,0.008456913,0.11279682,0.13180163502693176,0.0979987382888794,43332364.0,0.013633721508085728,0.009096588008105755,0.11644140630960464
77,0.1275074010094007,1e-04,0.097042955,44295012.0,0.012985007,0.008531114,0.113698706,0.12503300607204437,0.09809476882219315,44600076.0,0.013192200101912022,0.00888651330024004,0.11476048082113266
78,0.12553836476235164,1e-04,0.09628083,43355532.0,0.013055647,0.008472441,0.11366621,0.12664008140563965,0.092902772128582,36442584.0,0.013132195919752121,0.008349636569619179,0.11417615413665771
79,0.12372030779009774,1e-04,0.0960018,42419080.0,0.0131957615,0.008483311,0.114444576,0.12210467457771301,0.09930315613746643,44756940.0,0.013408690690994263,0.009104547090828419,0.11542894691228867
80,0.12139257895095008,1e-04,0.09532966,42915660.0,0.012746622,0.008338055,0.112589404,0.12068422883749008,0.09845604747533798,43595276.0,0.01304615382105112,0.008834890089929104,0.11412004381418228
81,0.11947351374796458,1e-04,0.094921604,42400256.0,0.012651492,0.008207388,0.112021185,0.11906696856021881,0.09488745778799057,40167148.0,0.012824110686779022,0.008516516536474228,0.1129806861281395
82,0.11747199935572487,1e-04,0.09335479,41016464.0,0.012409357,0.008012157,0.11092598,0.12022209167480469,0.09784335643053055,44926940.0,0.013302840292453766,0.008998331613838673,0.11511611938476562
83,0.11611828846590859,1e-04,0.09514154,41291660.0,0.0127392495,0.00823253,0.1122246,0.11924596130847931,0.10091231018304825,43309168.0,0.014220021665096283,0.009430225007236004,0.11858639121055603
84,0.11413530118408657,1e-04,0.09369937,41430160.0,0.012377942,0.007996197,0.11087797,0.11573636531829834,0.09815213829278946,45484956.0,0.013290234841406345,0.009000641293823719,0.1150364875793457
85,0.11228532947245098,1e-04,0.092150435,40370988.0,0.012097882,0.0078150565,0.109509945,0.11081946641206741,0.09274988621473312,39441616.0,0.01206932496279478,0.007995322346687317,0.10961542278528214
86,0.11025533151058924,1e-04,0.0908425,40473676.0,0.011602285,0.0075241313,0.10745978,0.10737275332212448,0.09069839864969254,36555000.0,0.012277861125767231,0.007958241738379002,0.11033616214990616
87,0.109183988400868,1e-04,0.091685876,39286764.0,0.012015899,0.007661007,0.10928228,0.10797461867332458,0.09443175792694092,39054108.0,0.012650114484131336,0.008317586965858936,0.11230192333459854
88,0.10759439283893221,1e-04,0.0910659,39699724.0,0.011862107,0.0076076915,0.10830058,0.10795635730028152,0.09341558814048767,36872916.0,0.01315413136035204,0.008433610200881958,0.11462703347206116
89,0.10574615995089214,1e-04,0.08880655,38673110.0,0.011404274,0.007344282,0.10648366,0.10562767833471298,0.09005054831504822,36130188.0,0.01206868514418602,0.007837041281163692,0.10946696251630783
90,0.10427458655266535,1e-04,0.08824532,38345304.0,0.01128727,0.0072606737,0.10575947,0.1080571636557579,0.09435876458883286,36063300.0,0.013825230300426483,0.008753794245421886,0.11729696393013
91,0.10335059960683186,1e-04,0.08899043,37802076.0,0.011677598,0.0074221115,0.10775103,0.10483258962631226,0.09408974647521973,39150440.0,0.012458804994821548,0.008229621686041355,0.11137085407972336
92,0.10204886290289107,1e-04,0.089906484,38451464.0,0.011653347,0.0074180053,0.10753014,0.10459062457084656,0.0933588370680809,38512940.0,0.012838080525398254,0.008360721170902252,0.1130623146891594
93,0.10055419057607651,1e-04,0.08840696,37666612.0,0.011390327,0.0072301314,0.106406674,0.09931685030460358,0.09087065607309341,38197140.0,0.011842853389680386,0.007751410361379385,0.10879164189100266
94,0.09940268915323984,1e-04,0.088390015,37201756.0,0.011450599,0.0072136605,0.10648556,0.09530957043170929,0.08698433637619019,36140268.0,0.011040412820875645,0.0072717261500656605,0.10472116619348526
95,0.098403971464861,1e-04,0.08918575,37280944.0,0.0116242245,0.0072797425,0.10747238,0.0976083055138588,0.09124941378831863,36617284.0,0.012151975184679031,0.007900848053395748,0.10980295389890671
96,0.09715401877959569,1e-04,0.08802235,35564820.0,0.011514159,0.0071601216,0.10662718,0.09966501593589783,0.08827946335077286,34075936.0,0.012036752887070179,0.007706001866608858,0.10915730148553848
97,0.09574876264447257,1e-04,0.08766576,37222124.0,0.0112142,0.007125513,0.105467126,0.09771252423524857,0.08775841444730759,33109142.0,0.012672130018472672,0.007882166653871536,0.11213669925928116
98,0.09515947387332008,1e-04,0.08832305,35347080.0,0.011698681,0.0071879155,0.10753553,0.09458791464567184,0.0939566120505333,40611512.0,0.012325645424425602,0.008043955080211163,0.11053428798913956
99,0.0937633046082088,1e-04,0.08800546,37258936.0,0.011353077,0.007159204,0.10627655,0.09603265672922134,0.08872190862894058,35158400.0,0.012323007918894291,0.0078315744176507,0.1107550859451294
100,0.09311505974758238,1e-04,0.08736476,35925744.0,0.011718779,0.0072754836,0.10761625,0.09229665994644165,0.08506327122449875,31567584.0,0.011917385272681713,0.007415876258164644,0.10897906869649887
101,0.09173740553004402,1e-04,0.08626902,34227970.0,0.011336332,0.0069800317,0.10612963,0.09080351889133453,0.0905185341835022,38518152.0,0.011649608612060547,0.007627271115779877,0.10783100128173828
102,0.09120723640634901,1e-04,0.088394105,37174956.0,0.011771448,0.0073352805,0.108107395,0.09032566845417023,0.09255189448595047,38135064.0,0.012194626033306122,0.00800828542560339,0.11036556214094162
103,0.08971571248202097,1e-04,0.08574339,34758228.0,0.011219206,0.0069262646,0.10525827,0.08784646540880203,0.0860719084739685,33352350.0,0.011330799199640751,0.007242053747177124,0.10575409978628159
104,0.08887403742188499,1e-04,0.086020984,34251464.0,0.011290794,0.0069929212,0.105781406,0.09311018139123917,0.08733490109443665,34864972.0,0.01213840488344431,0.007771782577037811,0.10922067612409592
105,0.08756922646647408,1e-04,0.08529589,35739332.0,0.010893757,0.006835801,0.10362244,0.09062942862510681,0.08851592987775803,33702576.0,0.012532602064311504,0.007925625890493393,0.11150363832712173
106,0.08654687908433732,1e-04,0.08455859,34635960.0,0.01074388,0.006729959,0.10316203,0.09082454442977905,0.08712855726480484,36126508.0,0.012045793235301971,0.007749451790004969,0.10938689112663269
107,0.08593507430383138,1e-04,0.08441738,33949860.0,0.010999374,0.0068200068,0.104249254,0.08705413341522217,0.0862831100821495,35309468.0,0.011544217355549335,0.007446619216352701,0.10711491107940674
108,0.08473880127781913,1e-04,0.084078304,34423890.0,0.010659873,0.00664886,0.10293053,0.08595293015241623,0.0874549075961113,32721842.0,0.012138396501541138,0.007670057471841574,0.10992135852575302
109,0.08392930456570216,1e-04,0.08399774,33970250.0,0.010683761,0.0066460576,0.10265231,0.08379343897104263,0.09167980402708054,38150316.0,0.012081344611942768,0.007852733135223389,0.10965917259454727
110,0.0833230075382051,1e-04,0.08441477,34070200.0,0.0109028695,0.0067211823,0.103994675,0.08778230845928192,0.08897820860147476,34142972.0,0.012386155314743519,0.007859219796955585,0.11098860949277878
111,0.08220751867407844,1e-04,0.08281302,32527512.0,0.010590623,0.0065091415,0.10248074,0.08382368832826614,0.09031691402196884,37845592.0,0.011873678304255009,0.007678169757127762,0.10866185277700424
112,0.0819622196611904,1e-04,0.08542203,33716744.0,0.011140076,0.006789692,0.105034046,0.08093532919883728,0.08314233273267746,31372454.0,0.010985962115228176,0.006969014182686806,0.1047140434384346
113,0.08041552383275259,1e-04,0.08291489,33059600.0,0.01036253,0.006430462,0.101524204,0.08161889016628265,0.08510324358940125,34259708.0,0.011286971159279346,0.007236853241920471,0.1060732901096344
114,0.07955212110564822,1e-04,0.08192462,33253492.0,0.010278958,0.0063712783,0.10096105,0.08226417005062103,0.08736095577478409,33769788.0,0.011608938686549664,0.007434195373207331,0.1073804721236229
115,0.07944608940964654,1e-04,0.084594965,32914694.0,0.010930044,0.0066827442,0.1041438,0.07952593266963959,0.08506229519844055,30503798.0,0.012132550589740276,0.007481458131223917,0.10976053029298782
116,0.0786380267568997,1e-04,0.08322783,32238110.0,0.0108573325,0.00661619,0.10377072,0.07761852443218231,0.08474179357290268,32321878.0,0.01095315907150507,0.00696486746892333,0.10423565655946732
117,0.07777632631006695,1e-04,0.08300428,32382044.0,0.010722485,0.0065500084,0.103186525,0.07522765547037125,0.08292009681463242,32106578.0,0.010605628602206707,0.006758054718375206,0.10270165652036667
118,0.07681151976188023,1e-04,0.082214445,33155908.0,0.010472481,0.0064680153,0.10179464,0.07883644849061966,0.08631577342748642,35244256.0,0.011176113970577717,0.0072014364413917065,0.105402372777462
119,0.07613397425129301,1e-04,0.08273662,32897676.0,0.01049455,0.0064743767,0.10178976,0.074551522731781,0.08303642272949219,29921734.0,0.011491131968796253,0.007088474929332733,0.10687196254730225
120,0.07594871982222512,1e-04,0.082618624,31794654.0,0.010999994,0.006660243,0.10413276,0.07619143277406693,0.08694710582494736,35424268.0,0.011095737107098103,0.007151593919843435,0.10491281747817993
121,0.07473281629028775,1e-04,0.082461104,32440170.0,0.010461758,0.006422438,0.101740085,0.07566467672586441,0.08634457737207413,34025260.0,0.011407416313886642,0.007281398866325617,0.10636382550001144
122,0.07403874290840966,1e-04,0.08217813,32802392.0,0.0104400385,0.0064347005,0.10158046,0.07290057837963104,0.08663482218980789,35365316.0,0.010959670878946781,0.007140813395380974,0.10446036607027054
123,0.07309063701402574,1e-04,0.08103031,31342704.0,0.010145701,0.0062240637,0.10035645,0.0711999461054802,0.08889145404100418,36964532.0,0.01135909091681242,0.0074503724463284016,0.10620038956403732
124,0.07308069652035123,1e-04,0.08257431,31603914.0,0.010785701,0.0065385983,0.103173055,0.07390773296356201,0.08981826901435852,37672880.0,0.011538684368133545,0.0074637215584516525,0.10729636996984482
125,0.07191206160045806,1e-04,0.08081573,31900730.0,0.010259092,0.006292496,0.10088211,0.0723922848701477,0.08705657720565796,33578748.0,0.011854112148284912,0.00751391751691699,0.10861095786094666
126,0.07120157175120853,1e-04,0.081042275,31933120.0,0.010191448,0.006241373,0.10060922,0.0738859549164772,0.08704555034637451,33308102.0,0.012093779630959034,0.0076414733193814754,0.109843909740448
127,0.0707209858865965,1e-04,0.08065153,31303370.0,0.010344706,0.0063034943,0.10137023,0.07481463253498077,0.08531857281923294,29815550.0,0.012230131775140762,0.0074631148017942905,0.11022276431322098
128,0.06998307328848612,5e-05,0.07993299,30161552.0,0.010068914,0.0061340174,0.09983592,0.07270124554634094,0.08606111258268356,33605792.0,0.01140799280256033,0.007251489907503128,0.10654038190841675
129,0.06996281374068487,5e-05,0.081249915,31866706.0,0.010366132,0.006341023,0.10131615,0.0698089450597763,0.0852065458893776,34180648.0,0.011222347617149353,0.007180118467658758,0.10570722818374634
130,0.0696048800434385,5e-05,0.08089945,31012608.0,0.010308574,0.00627754,0.101242885,0.06925524026155472,0.08464594930410385,32642440.0,0.011258761398494244,0.007133612409234047,0.10564855486154556
131,0.06928122504836037,5e-05,0.07968552,29749462.0,0.010288633,0.0061989035,0.10083152,0.06947881728410721,0.08480421453714371,32921102.0,0.01137014850974083,0.007211470976471901,0.10602705925703049
132,0.06903160576309476,5e-05,0.081153855,31872756.0,0.01034777,0.006323213,0.101129636,0.0671379566192627,0.08373226970434189,31466366.0,0.01102349441498518,0.006971378345042467,0.10427973419427872
133,0.06867314626773198,5e-05,0.08041992,30242298.0,0.01028734,0.006218482,0.10111183,0.06823363900184631,0.08394096046686172,33419930.0,0.010777433402836323,0.006928898394107819,0.10361359268426895
134,0.06810466235592252,5e-05,0.07972242,30759238.0,0.010024525,0.0061156345,0.09976786,0.06828174740076065,0.08333166688680649,32698280.0,0.010953684337437153,0.006983337923884392,0.10454652458429337
135,0.06801573790255047,5e-05,0.079764284,30541744.0,0.010237629,0.0062031746,0.100513995,0.0690099373459816,0.08430340141057968,29410550.0,0.011852405965328217,0.007293568924069405,0.10874283313751221
136,0.06763477126757304,5e-05,0.0800644,30586578.0,0.010154458,0.006168448,0.10037478,0.07027527689933777,0.084157794713974,29122080.0,0.011819358915090561,0.007215425372123718,0.10851314663887024
137,0.06735226050728843,2.5e-05,0.078606375,29633914.0,0.010099704,0.006098814,0.100063086,0.06754861027002335,0.08575854450464249,33367056.0,0.011158141307532787,0.007096500601619482,0.10534479469060898
138,0.06744544917628878,2.5e-05,0.08085,30577936.0,0.0103432285,0.0062905373,0.10115081,0.06860918551683426,0.08338960260152817,31760570.0,0.011015399359166622,0.006960980128496885,0.10489679127931595
139,0.06715900663818632,2.5e-05,0.080286086,30736408.0,0.010204439,0.0061775977,0.10045043,0.06973560154438019,0.08551374822854996,30989408.0,0.011914421804249287,0.007422530557960272,0.1081153154373169
140,0.06693737989380247,2.5e-05,0.080313295,30392848.0,0.010128332,0.006137126,0.10031222,0.07046021521091461,0.08509570360183716,32480978.0,0.011379603296518326,0.007185657043009996,0.10585599392652512
141,0.06664267182350159,1.25e-05,0.079287566,30509500.0,0.009949283,0.006028584,0.09929308,0.0657840296626091,0.08374098688364029,30642496.0,0.011056389659643173,0.006924143061041832,0.10481146723031998
142,0.06668017307917277,1.25e-05,0.07922014,29635240.0,0.010058816,0.006093853,0.10002214,0.06589175760746002,0.08287643641233444,32467192.0,0.010649596340954304,0.006793641019612551,0.10291848331689835
143,0.06649580349524815,1.25e-05,0.07971823,30780154.0,0.009950673,0.006077071,0.099285945,0.06538528949022293,0.08365758508443832,31038288.0,0.010866093449294567,0.006893519312143326,0.10381097346544266
144,0.06645889189981279,1.25e-05,0.07939402,30659852.0,0.0099881515,0.0060691726,0.099387206,0.0636170282959938,0.08180765062570572,32312158.0,0.010431081987917423,0.006653936579823494,0.10171184688806534
145,0.06626202875659579,1.25e-05,0.078134134,29414132.0,0.009864365,0.005964873,0.09881711,0.07027037441730499,0.08433247357606888,32666090.0,0.011467271484434605,0.007260083686560392,0.10653683543205261
146,0.06615847065335229,1.25e-05,0.07963362,30709418.0,0.009838216,0.0060102195,0.098549515,0.06795669347047806,0.08365244418382645,32222438.0,0.011198073625564575,0.007102164905518293,0.10537496954202652
147,0.06621553642409188,1.25e-05,0.079528436,30167760.0,0.00996941,0.006052073,0.09932546,0.06571774929761887,0.082673080265522,31748262.0,0.010674246586859226,0.006768885534256697,0.10299324244260788
148,0.06630036376771473,1.25e-05,0.079464965,29888668.0,0.010128119,0.0061267423,0.10019694,0.06648971885442734,0.08209971338510513,32502864.0,0.01084459200501442,0.006876809056848288,0.10342147946357727
149,0.06628439327081044,6.25e-06,0.07937764,30114704.0,0.010168538,0.0061704614,0.10049566,0.06699163466691971,0.08308761566877365,32253346.0,0.011089404113590717,0.0070071034133434296,0.10499418526887894
150,0.06599136193593343,6.25e-06,0.07898799,30015972.0,0.009913191,0.005998572,0.09911284,0.06438738852739334,0.08218755573034286,31828758.0,0.01047597173601389,0.006645538378506899,0.10192912071943283
151,0.06600780217420488,6.25e-06,0.07927348,30681774.0,0.009967585,0.00608568,0.099427685,0.06544241309165955,0.08305530995130539,32850406.0,0.010945688933134079,0.0069226971827447414,0.1044401302933693
152,0.06611474461498715,6.25e-06,0.080040984,30294026.0,0.010112785,0.0061455583,0.100060284,0.07201103866100311,0.08507299423217773,33163798.0,0.011698474176228046,0.00734717445448041,0.10753720998764038
153,0.06586525163480214,3.125e-06,0.07876245,29991100.0,0.009891683,0.00600502,0.09894293,0.06464529782533646,0.08240089565515518,31277522.0,0.010637950152158737,0.006734190974384546,0.10204517841339111
154,0.06594642996788025,3.125e-06,0.07936981,30745420.0,0.009991944,0.0061036744,0.09931018,0.06897973269224167,0.08418884128332138,32263670.0,0.011327377520501614,0.00716402567923069,0.10623788833618164
================================================================================
FILE: D:\HoChePing\北科大_碩班_AI學程\期刊研究\使用LSTM模型預測福壽雞隻重量\Code程式碼\LSTM_TransferLearning_SolarEnergy\reports\Solar Energy Result\實驗 B：Plant2 → Plant1\transfer-learning (Freeze)\nb_batch20 training_parameters.txt

[2025-06-27 17:51:38]
閮毀鞈???Plant1蝚砌???餅?蝯????嚗?Data Size (data_size): 3264
Number of Batches (args['nb_batch']): 20
Batch Size (bsize): 128
Sequence Length (period): 5
================================================================================
FILE: D:\HoChePing\北科大_碩班_AI學程\期刊研究\使用LSTM模型預測福壽雞隻重量\Code程式碼\LSTM_TransferLearning_SolarEnergy\reports\Solar Energy Result\實驗 B：Plant2 → Plant1\transfer-learning (Freeze)\Plant1第一號發電機組\Plant2第二號發電機組\epoch_log.csv
epoch,loss,lr,mae,mape,mse,msle,rmse,val_loss,val_mae,val_mape,val_mse,val_msle,val_rmse
0,0.1415475845336914,1e-05,0.092556894,13857389.0,0.020359527,0.009202084,0.14244707,0.18983414769172668,0.17821094393730164,12276797.0,0.06865166127681732,0.02882266230881214,0.26201462745666504
1,0.14112749695777893,1e-05,0.091454774,14259946.0,0.01994894,0.009032771,0.1410799,0.18669410049915314,0.17344734072685242,12300716.0,0.06552135944366455,0.02783740498125553,0.25597140192985535
2,0.1410801649093628,1e-05,0.09067593,14254349.0,0.019911444,0.008906489,0.14103226,0.18511390686035156,0.17029666900634766,12716773.0,0.06395117938518524,0.02688317373394966,0.25288569927215576
3,0.14133342504501342,1e-05,0.09280892,15050240.0,0.02017454,0.009171187,0.14192867,0.185696080327034,0.17278063297271729,12346736.0,0.06454303115606308,0.027070824056863785,0.2540532052516937
4,0.1408315569162369,1e-05,0.089944504,14680448.0,0.019682473,0.008903309,0.1399948,0.18572741746902466,0.17276568710803986,12371251.0,0.06458428502082825,0.027054186910390854,0.2541343867778778
5,0.14036048650741578,1e-05,0.08998328,14675826.0,0.019221252,0.008877074,0.1380085,0.18708902597427368,0.17409788072109222,12691204.0,0.065955750644207,0.02781529165804386,0.2568185031414032
6,0.1405325710773468,1e-05,0.08920843,14148661.0,0.01940315,0.008718867,0.13885435,0.18449191749095917,0.1695859581232071,12715380.0,0.06336823850870132,0.02665063552558422,0.2517305016517639
7,0.141434970498085,1e-05,0.091382585,15353522.0,0.0203151,0.009211516,0.14229466,0.1870604157447815,0.17395511269569397,12644081.0,0.06594626605510712,0.027875879779458046,0.2568000555038452
8,0.13976089060306549,1e-05,0.087566555,14165818.0,0.018650576,0.008438501,0.13637403,0.18420125544071198,0.1695459485054016,13017981.0,0.06309673190116882,0.026551958173513412,0.2511906325817108
9,0.13974024057388307,1e-05,0.08838849,14942838.0,0.018639732,0.008446054,0.13616462,0.1840447336435318,0.16935333609580994,12748006.0,0.06295022368431091,0.02648632600903511,0.2508988380432129
10,0.1402980774641037,1e-05,0.08968499,14692520.0,0.019207567,0.008640707,0.13843836,0.18387961387634277,0.1688922643661499,12697494.0,0.06279511749744415,0.0264238640666008,0.2505895495414734
11,0.14055934846401213,1e-05,0.08986262,15209835.0,0.019478876,0.008914975,0.13823819,0.1837329864501953,0.1689307689666748,12900126.0,0.06265858560800552,0.02637260966002941,0.2503169775009155
12,0.14045341014862062,1e-05,0.089115955,14714539.0,0.01938301,0.008842704,0.1385648,0.18364055454730988,0.16936293244361877,12804920.0,0.06257613003253937,0.026333220303058624,0.25015220046043396
13,0.13980090022087097,1e-05,0.08826838,15241918.0,0.018740451,0.008518219,0.13653877,0.18343710899353027,0.16878680884838104,12798034.0,0.06238269805908203,0.026261620223522186,0.2497652918100357
14,0.1406489849090576,1e-05,0.09018477,14792854.0,0.019598488,0.008902186,0.13898313,0.18503610789775848,0.17318467795848846,12607730.0,0.06399153172969818,0.02687540464103222,0.2529654800891876
15,0.139347842335701,1e-05,0.08699711,14327336.0,0.018307433,0.008271934,0.1349467,0.18420042097568512,0.17145730555057526,13234209.0,0.06316623091697693,0.02669098973274231,0.2513289153575897
16,0.14031691551208497,1e-05,0.089040115,14222704.0,0.01928683,0.00873587,0.13874891,0.182981938123703,0.16824311017990112,13018362.0,0.061957910656929016,0.02609681338071823,0.2489134669303894
17,0.1404489129781723,1e-05,0.09034101,14677514.0,0.019428823,0.008905614,0.1390184,0.1830541044473648,0.16929082572460175,12888072.0,0.062039975076913834,0.02610222063958645,0.24907824397087097
18,0.1400358110666275,1e-05,0.089214385,14303789.0,0.019025657,0.008633794,0.13778977,0.18373790383338928,0.17066550254821777,12882942.0,0.06273368000984192,0.02632252685725689,0.250466912984848
19,0.1402536928653717,1e-05,0.089369535,15932408.0,0.019253245,0.008795195,0.13845375,0.1846417635679245,0.1726464331150055,12728658.0,0.06364706158638,0.026652710512280464,0.2522836923599243
20,0.1392234593629837,1e-05,0.08635156,14268590.0,0.018232748,0.008276538,0.13401103,0.1850237101316452,0.17350554466247559,12753126.0,0.06403907388448715,0.02692483179271221,0.25305941700935364
21,0.14043804109096528,5e-06,0.090044014,15951014.0,0.019455444,0.008899196,0.13916971,0.1841730773448944,0.17125965654850006,12946554.0,0.06319354474544525,0.02678346261382103,0.2513832747936249
22,0.1403532326221466,5e-06,0.08962989,16741502.0,0.01937582,0.008851415,0.1385068,0.18221689760684967,0.16765981912612915,13273498.0,0.06124259904026985,0.02581898495554924,0.24747242033481598
23,0.1388692796230316,5e-06,0.08639078,15116022.0,0.017897064,0.0081789475,0.13238634,0.18220815062522888,0.1680450439453125,12972010.0,0.061239052563905716,0.02580234780907631,0.24746525287628174
24,0.13809548914432526,5e-06,0.084164724,14050333.0,0.017128384,0.0077626137,0.13031423,0.18220771849155426,0.16828002035617828,12973416.0,0.06124373525381088,0.025799589231610298,0.24747471511363983
25,0.1406036913394928,5e-06,0.09001006,14768557.0,0.019641832,0.008879153,0.139231,0.18221202492713928,0.1688346564769745,12816829.0,0.061253227293491364,0.02587231807410717,0.2474938929080963
26,0.14025972485542298,5e-06,0.09013067,15588504.0,0.019302929,0.008785942,0.13794358,0.18191522359848022,0.1672595739364624,13195600.0,0.06096144765615463,0.02570420689880848,0.24690371751785278
27,0.1397516280412674,5e-06,0.08810838,15628301.0,0.018799875,0.008532631,0.1369247,0.18183939158916473,0.16709822416305542,13058874.0,0.06089065223932266,0.025674516335129738,0.2467603087425232
28,0.13865453898906707,5e-06,0.085467294,15755578.0,0.01770785,0.0081239045,0.13274495,0.18224777281284332,0.16884082555770874,12989634.0,0.06130414456129074,0.025799747556447983,0.24759674072265625
29,0.14047791659832,5e-06,0.08995725,14092517.0,0.019536335,0.008895459,0.13904633,0.1817159205675125,0.16733327507972717,13070640.0,0.06077736243605614,0.025637183338403702,0.2465306520462036
30,0.1381116181612015,5e-06,0.084975265,15580314.0,0.01717509,0.007972139,0.13003382,0.18352451920509338,0.17083513736724854,13246962.0,0.06259112060070038,0.026273144409060478,0.250182181596756
31,0.13866831362247467,5e-06,0.085736856,14753221.0,0.01773696,0.008137874,0.13251862,0.18212854862213135,0.16909533739089966,12888999.0,0.06120026856660843,0.025742560625076294,0.2473868876695633
32,0.1388090282678604,5e-06,0.08684627,15590917.0,0.017882785,0.00821439,0.13299237,0.18147672712802887,0.16687211394309998,13045221.0,0.06055358052253723,0.02554147318005562,0.24607637524604797
33,0.13833991885185243,5e-06,0.085197255,15090893.0,0.017418887,0.008016296,0.13115999,0.18141093850135803,0.16690164804458618,13399017.0,0.06049308553338051,0.02552301436662674,0.24595342576503754
34,0.13869152963161469,5e-06,0.08675091,15624142.0,0.017775718,0.008146128,0.13317391,0.1838977336883545,0.17143097519874573,12926236.0,0.06298504769802094,0.026411456987261772,0.25096821784973145
35,0.13860482573509217,5e-06,0.08591459,14362320.0,0.017694239,0.0080809295,0.13261047,0.18339988589286804,0.1705133020877838,13074523.0,0.062492452561855316,0.02624410390853882,0.24998490512371063
36,0.13882615566253662,5e-06,0.086821295,15612678.0,0.017920876,0.008227719,0.13373098,0.1815832555294037,0.16812387108802795,12953662.0,0.06068119406700134,0.02564861625432968,0.24633553624153137
37,0.1397845298051834,2.5e-06,0.08935142,15379875.0,0.0188835,0.008701996,0.1368269,0.18117067217826843,0.16679205000400543,13564915.0,0.060271166265010834,0.02544182538986206,0.24550186097621918
38,0.13794400095939635,2.5e-06,0.08463098,15075216.0,0.0170455,0.007790075,0.1297576,0.18646591901779175,0.17525418102741241,12965516.0,0.06556891649961472,0.02752997912466526,0.2560642957687378
39,0.140322682261467,2.5e-06,0.09039398,14796672.0,0.019426743,0.008888357,0.13820715,0.18112176656723022,0.1669328361749649,13181700.0,0.06022733822464943,0.025408320128917694,0.24541258811950684
40,0.1383752405643463,2.5e-06,0.08666299,15204970.0,0.017481802,0.008051975,0.1320357,0.18471026420593262,0.1734561026096344,12976929.0,0.06381833553314209,0.02684570848941803,0.25262290239334106
41,0.14018996357917785,2.5e-06,0.09025699,15683338.0,0.019299058,0.008813715,0.1385427,0.18100522458553314,0.16646191477775574,13403301.0,0.060115840286016464,0.025372367352247238,0.24518531560897827
42,0.1389814496040344,2.5e-06,0.08663084,15676579.0,0.01809307,0.00824755,0.13432823,0.1810087412595749,0.16682206094264984,13200324.0,0.06012185290455818,0.02536677196621895,0.2451975792646408
43,0.14181632399559022,2.5e-06,0.09351715,17384714.0,0.02093044,0.009722836,0.14329287,0.18413278460502625,0.17118607461452484,13205339.0,0.06324837356805801,0.026678312569856644,0.25149229168891907
44,0.139417564868927,2.5e-06,0.08827573,14349763.0,0.018534165,0.008428526,0.13596012,0.18153420090675354,0.16835199296474457,13167744.0,0.06065230816602707,0.025550056248903275,0.24627690017223358
45,0.13976527750492096,2.5e-06,0.08940877,16418931.0,0.018884392,0.008692214,0.13696924,0.18118560314178467,0.1682041734457016,13009138.0,0.06030619516968727,0.025587648153305054,0.24557319283485413
46,0.1395171582698822,1.25e-06,0.08845182,15469870.0,0.018638244,0.008598137,0.13598752,0.18089115619659424,0.16687414050102234,13012396.0,0.06001299247145653,0.02531842142343521,0.2449754923582077
47,0.13909338116645814,1.25e-06,0.08789683,15309923.0,0.018215716,0.008441368,0.1343812,0.18131372332572937,0.1683487594127655,13597419.0,0.060436807572841644,0.025676732882857323,0.2458389848470688
48,0.1395040988922119,1.25e-06,0.08923917,17933098.0,0.018627694,0.008642666,0.13630721,0.18298229575157166,0.17153367400169373,13019168.0,0.0621066614985466,0.026049494743347168,0.2492120862007141
49,0.13777471482753753,1.25e-06,0.08552836,14703766.0,0.016899636,0.0077246786,0.1295007,0.18078431487083435,0.16626529395580292,13455478.0,0.05991004407405853,0.02529175952076912,0.2447652816772461
50,0.13990735709667207,1.25e-06,0.08990079,15895843.0,0.019033631,0.008806215,0.13751647,0.18089818954467773,0.16728219389915466,13607605.0,0.06002524122595787,0.025403231382369995,0.24500049650669098
51,0.1385386824607849,1.25e-06,0.0862281,14935034.0,0.017666252,0.0081007015,0.1315624,0.18177957832813263,0.16902092099189758,13029217.0,0.060907911509275436,0.025734059512615204,0.24679528176784515
52,0.13889227211475372,1.25e-06,0.086492665,15683608.0,0.018021125,0.008299701,0.13372812,0.18125279247760773,0.16837801039218903,13695248.0,0.0603824108839035,0.025465695187449455,0.24572832882404327
53,0.13730573058128356,1.25e-06,0.08376022,14699005.0,0.016435865,0.00749083,0.12748508,0.18150222301483154,0.16853874921798706,13322540.0,0.060633137822151184,0.025513116270303726,0.24623796343803406
54,0.14027829766273497,6.25e-07,0.08963323,15145478.0,0.01940946,0.008941059,0.13883686,0.18069586157798767,0.16604769229888916,13231158.0,0.05982738360762596,0.02525486797094345,0.24459636211395264
55,0.13969836235046387,6.25e-07,0.08844285,15822509.0,0.018830135,0.008592531,0.13687198,0.18136554956436157,0.16822274029254913,13038112.0,0.06049768626689911,0.025598634034395218,0.24596276879310608
56,0.13758695423603057,6.25e-07,0.08403859,14648158.0,0.016719356,0.007665357,0.1288683,0.18247906863689423,0.16962158679962158,13039756.0,0.06161186471581459,0.026155102998018265,0.24821737408638
57,0.13908352553844452,6.25e-07,0.087840244,15567126.0,0.01821658,0.008395344,0.13467021,0.180744931101799,0.16684797406196594,13705004.0,0.05987836793065071,0.025300657376646996,0.2447005659341812
58,0.13939370810985566,3.125e-07,0.0883423,16172698.0,0.018527275,0.008407196,0.13565528,0.18234902620315552,0.17063769698143005,13042222.0,0.06148277968168259,0.02594882808625698,0.24795721471309662
59,0.1389519602060318,3.125e-07,0.086582884,15233334.0,0.018085841,0.008229755,0.13412577,0.18071851134300232,0.16672126948833466,14045223.0,0.05985257774591446,0.025297898799180984,0.24464786052703857
60,0.1384343236684799,3.125e-07,0.086267866,15012574.0,0.017568525,0.00807175,0.13249108,0.18080776929855347,0.16714364290237427,13421015.0,0.059942152351140976,0.025295402854681015,0.24483086168766022
61,0.13870610892772675,3.125e-07,0.08604582,15195731.0,0.017840616,0.008169122,0.13318259,0.18199677765369415,0.16914352774620056,13231518.0,0.06113147735595703,0.025678979232907295,0.24724780023097992
62,0.1390298068523407,1.5625e-07,0.085634254,16061101.0,0.018164583,0.008278909,0.13461645,0.18096894025802612,0.1679334044456482,13044979.0,0.060103803873062134,0.0253300741314888,0.245160773396492
63,0.13866789937019347,1.5625e-07,0.08656865,15502978.0,0.017802835,0.008112508,0.13332361,0.18078628182411194,0.1669727861881256,13260559.0,0.059921324253082275,0.025280438363552094,0.24478831887245178
64,0.1383902370929718,1.5625e-07,0.08604433,15299491.0,0.017525341,0.008133143,0.13220564,0.18155933916568756,0.16858232021331787,13246683.0,0.06069454923272133,0.025528162717819214,0.24636264145374298
================================================================================
FILE: D:\HoChePing\北科大_碩班_AI學程\期刊研究\使用LSTM模型預測福壽雞隻重量\Code程式碼\LSTM_TransferLearning_SolarEnergy\reports\Solar Energy Result\實驗 B：Plant2 → Plant1\transfer-learning (Unfreeze)\nb_batch20 training_parameters.txt

[2025-06-27 17:50:48]
閮毀鞈???Plant1蝚砌???餅?蝯????嚗?Data Size (data_size): 3264
Number of Batches (args['nb_batch']): 20
Batch Size (bsize): 128
Sequence Length (period): 5
================================================================================
FILE: D:\HoChePing\北科大_碩班_AI學程\期刊研究\使用LSTM模型預測福壽雞隻重量\Code程式碼\LSTM_TransferLearning_SolarEnergy\reports\Solar Energy Result\實驗 B：Plant2 → Plant1\transfer-learning (Unfreeze)\Plant1第一號發電機組\Plant2第二號發電機組\epoch_log.csv
epoch,loss,lr,mae,mape,mse,msle,rmse,val_loss,val_mae,val_mape,val_mse,val_msle,val_rmse
0,0.14031383395195007,1e-05,0.09025495,14405221.0,0.019128378,0.008726111,0.1378798,0.1801474541425705,0.16899621486663818,14232866.0,0.058971915394067764,0.025095848366618156,0.24284133315086365
1,0.13673293888568877,1e-05,0.08268517,16365318.0,0.015564328,0.0073313825,0.124597885,0.16911281645298004,0.1596493422985077,16604315.0,0.04795457422733307,0.020879870280623436,0.21898533403873444
2,0.1344013214111328,1e-05,0.07780305,17308132.0,0.013250425,0.0063900305,0.114292085,0.1636834293603897,0.15730613470077515,19427268.0,0.042543843388557434,0.018469251692295074,0.20626159012317657
3,0.13252533674240113,1e-05,0.07580398,20701522.0,0.011393651,0.0058049783,0.10666342,0.1595296561717987,0.1548784375190735,21723428.0,0.03841041028499603,0.0167495459318161,0.19598573446273804
4,0.13192274868488313,1e-05,0.075682014,21951232.0,0.010812792,0.0055225473,0.10367292,0.15697671473026276,0.15132340788841248,24166690.0,0.03588183969259262,0.015727270394563675,0.1894250214099884
5,0.13091477751731873,1e-05,0.07304807,23367584.0,0.009831284,0.005233805,0.09896096,0.15422478318214417,0.14590179920196533,26600268.0,0.033158816397190094,0.014783177524805069,0.18209561705589294
6,0.13066911101341247,1e-05,0.07131322,23749888.0,0.009615068,0.005057396,0.09785333,0.1510905623435974,0.1391378492116928,27780204.0,0.03005480021238327,0.013444461859762669,0.17336320877075195
7,0.1304777592420578,1e-05,0.07213384,25548406.0,0.009454669,0.0051259673,0.09715959,0.14859920740127563,0.13411177694797516,27253320.0,0.02759530395269394,0.012447173707187176,0.1661183387041092
8,0.1302570641040802,1e-05,0.07085435,24038112.0,0.009266235,0.004886816,0.09609765,0.14615873992443085,0.1284153163433075,28057294.0,0.025187529623508453,0.011453194543719292,0.15870580077171326
9,0.13019392788410186,1e-05,0.071388945,24981460.0,0.009236166,0.0048949667,0.09595676,0.14436516165733337,0.12446777522563934,26818176.0,0.023427492007613182,0.01062922552227974,0.1530604213476181
10,0.13057184219360352,1e-05,0.071432635,23852318.0,0.0096474355,0.0049890904,0.09786644,0.14257800579071045,0.11952515691518784,26035776.0,0.02167346701025963,0.009872542694211006,0.14721910655498505
11,0.1305072486400604,1e-05,0.07178314,24334058.0,0.0096159,0.0050893053,0.097849384,0.14125920832157135,0.11546696722507477,26322774.0,0.020387429744005203,0.009355418384075165,0.14278455078601837
12,0.12957200706005095,1e-05,0.06948388,24031972.0,0.008713226,0.0046957196,0.09273966,0.1402517408132553,0.11234836280345917,25267560.0,0.019412219524383545,0.008884008042514324,0.139327734708786
13,0.13017071783542633,1e-05,0.071603976,24814720.0,0.009344054,0.0049311304,0.09650153,0.13987189531326294,0.11112134158611298,25274766.0,0.019064495339989662,0.008709042333066463,0.13807423412799835
14,0.12995543777942659,1e-05,0.071425855,24209780.0,0.009160779,0.004863859,0.094918236,0.13900013267993927,0.10900087654590607,25104140.0,0.018224474042654037,0.008363893255591393,0.13499805331230164
15,0.12922482788562775,1e-05,0.06826429,23484678.0,0.00846189,0.0045079053,0.09169631,0.13805902004241943,0.10570209473371506,25223516.0,0.017315097153186798,0.008003300987184048,0.13158684968948364
16,0.12917059957981109,1e-05,0.06835436,23237552.0,0.00843927,0.0045080436,0.091696456,0.13734616339206696,0.10309375077486038,25787636.0,0.016633659601211548,0.007692207116633654,0.12897154688835144
17,0.12906748354434966,1e-05,0.06885028,24102540.0,0.008367362,0.00456329,0.09130879,0.13715440034866333,0.10194723308086395,25650922.0,0.01647299900650978,0.007585995364934206,0.12834718823432922
18,0.12927889525890351,1e-05,0.069315776,23445060.0,0.008610194,0.004583969,0.092535436,0.137004554271698,0.10168750584125519,25961096.0,0.016354886814951897,0.007516757119446993,0.12788622081279755
19,0.12916708290576934,1e-05,0.06898774,25993478.0,0.008530127,0.0047057485,0.092180416,0.1368105411529541,0.10065748542547226,25493618.0,0.016192670911550522,0.007417796645313501,0.12725043296813965
20,0.12978664338588713,1e-05,0.071995474,23610936.0,0.009181619,0.0048455345,0.09547673,0.13609731197357178,0.09800383448600769,25085076.0,0.01551146898418665,0.007104207761585712,0.12454504519701004
21,0.1293449580669403,1e-05,0.071506806,25659262.0,0.008771759,0.0048060715,0.09330868,0.1357748806476593,0.09692266583442688,25446048.0,0.015220721252262592,0.006991197820752859,0.12337228655815125
22,0.12953132390975952,1e-05,0.07161574,26182764.0,0.008989836,0.004902017,0.094700545,0.13540203869342804,0.09538784623146057,24929684.0,0.014879679307341576,0.006804009899497032,0.12198229134082794
23,0.1285581409931183,1e-05,0.06804594,23937924.0,0.008048638,0.0043302593,0.08893658,0.13559472560882568,0.0963655561208725,24569770.0,0.015104304067790508,0.006820425391197205,0.12289956957101822
24,0.12878133356571198,1e-05,0.06871138,22620502.0,0.008303487,0.004358004,0.09095435,0.13463018834590912,0.09338094294071198,24418724.0,0.014171216636896133,0.0064865220338106155,0.11904291808605194
25,0.1292975962162018,1e-05,0.06974144,23414976.0,0.008851053,0.0046324404,0.09367688,0.13465802371501923,0.09295183420181274,23607588.0,0.014230114407837391,0.006426690146327019,0.11929004639387131
26,0.12913184463977814,1e-05,0.07100965,23847764.0,0.008716424,0.0046594287,0.09324891,0.13362491130828857,0.0897609144449234,24100176.0,0.013228131458163261,0.006095662247389555,0.11501361429691315
27,0.12918377220630645,1e-05,0.0704218,24151392.0,0.008799422,0.004672343,0.09349431,0.1336495280265808,0.09007837623357773,23688516.0,0.013283842243254185,0.0060664210468530655,0.11525554955005646
28,0.12824245989322663,1e-05,0.06736767,24452576.0,0.007889181,0.0042977827,0.088635996,0.13338053226470947,0.08890753239393234,24038472.0,0.013045897707343102,0.005987471900880337,0.11421863734722137
29,0.12909346222877502,1e-05,0.06970401,22352102.0,0.008771206,0.0046350188,0.09330181,0.1332274079322815,0.0883999764919281,23887432.0,0.01292384136468172,0.005913927685469389,0.1136830747127533
30,0.1283930093050003,1e-05,0.06880178,24010234.0,0.0081018675,0.0044158767,0.08972405,0.13334932923316956,0.08958618342876434,24331450.0,0.013076781295239925,0.006000070832669735,0.11435375362634659
31,0.12825316488742827,1e-05,0.067006245,23021470.0,0.007992932,0.0042633065,0.089210525,0.1329059600830078,0.0878562480211258,23170344.0,0.01266416534781456,0.005765194073319435,0.11253517121076584
32,0.12853518426418303,1e-05,0.06909312,24088694.0,0.00830581,0.004421196,0.09093144,0.13250944018363953,0.08606809377670288,23386086.0,0.012298638001084328,0.00562681071460247,0.11089922487735748
33,0.12817609012126924,1e-05,0.067583874,23095608.0,0.007977607,0.0042363093,0.08918521,0.1320704072713852,0.08499270677566528,23415612.0,0.011890335939824581,0.005488457158207893,0.10904281586408615
34,0.12813034355640412,1e-05,0.06650799,23571844.0,0.007962583,0.004285845,0.0887778,0.1327246129512787,0.08733802288770676,22365516.0,0.012575303204357624,0.0056789349764585495,0.11213965713977814
35,0.1282680332660675,1e-05,0.06706101,21784196.0,0.008131036,0.0042291274,0.08975308,0.13239409029483795,0.08645621687173843,22862816.0,0.012275613844394684,0.005572250112891197,0.11079537123441696
36,0.12779872715473176,1e-05,0.066159174,23499612.0,0.0076926365,0.0041647297,0.08768461,0.13271553814411163,0.08765242993831635,22592984.0,0.012628074735403061,0.005652887746691704,0.11237470805644989
37,0.12824127972126007,1e-05,0.06887422,23249208.0,0.008166185,0.004400307,0.09021975,0.1322425901889801,0.08553995937108994,23029740.0,0.012185970321297646,0.005504661705344915,0.1103900820016861
38,0.1276070088148117,5e-06,0.066660695,22901110.0,0.0075565292,0.0040371483,0.08659969,0.13234877586364746,0.08649149537086487,22515252.0,0.01230748649686575,0.005570441950112581,0.11093911528587341
39,0.12853112518787385,5e-06,0.06942453,22223212.0,0.008495946,0.0045196684,0.091508806,0.13192975521087646,0.08439640700817108,22701140.0,0.011903684586286545,0.005380453076213598,0.10910400748252869
40,0.12739068865776063,5e-06,0.06497367,22988060.0,0.0073707104,0.003994267,0.085455485,0.13247396051883698,0.08624117076396942,22515912.0,0.012463130988180637,0.00562786590307951,0.1116383969783783
41,0.12813619375228882,5e-06,0.067502655,23695414.0,0.008131535,0.0043624532,0.089974895,0.13201111555099487,0.08441084623336792,23096130.0,0.012015683576464653,0.005414874292910099,0.10961607098579407
42,0.1276238203048706,5e-06,0.066961184,23722252.0,0.0076345317,0.004136416,0.087156065,0.13211993873119354,0.08507214486598969,22969774.0,0.012139858677983284,0.005448997486382723,0.11018102616071701
43,0.12900159060955046,5e-06,0.07212216,26171112.0,0.009027666,0.004998904,0.09441616,0.13235676288604736,0.08599764853715897,23254568.0,0.012392057105898857,0.005571369081735611,0.11131961643695831
44,0.1280125766992569,2.5e-06,0.06811924,22285276.0,0.008050931,0.0042742104,0.08966467,0.1322614997625351,0.08561757206916809,23407122.0,0.012304453179240227,0.00552256777882576,0.11092543601989746
45,0.12814002335071564,2.5e-06,0.0685578,24868770.0,0.008186048,0.004438752,0.09036119,0.1320154368877411,0.08426131308078766,22790150.0,0.01206604577600956,0.0054146600887179375,0.10984555631875992
46,0.12792457938194274,2.5e-06,0.06806852,23703130.0,0.007978271,0.0043085017,0.088918015,0.1323440968990326,0.08605582267045975,22729248.0,0.012402414344251156,0.0055059874430298805,0.11136613041162491
47,0.12827966809272767,2.5e-06,0.06949551,23485174.0,0.008341072,0.0045053414,0.09079316,0.1317785233259201,0.08356257528066635,22889460.0,0.011844548396766186,0.00532556651160121,0.10883266478776932
48,0.12807867228984832,2.5e-06,0.07014289,26110352.0,0.008147788,0.004498678,0.090071104,0.13188377022743225,0.08474129438400269,22622880.0,0.011957526206970215,0.005367860663682222,0.10935047268867493
49,0.1279638022184372,2.5e-06,0.06848379,22264326.0,0.008040668,0.0042343927,0.08910167,0.1316220760345459,0.08364439010620117,23492430.0,0.011703604832291603,0.005299525801092386,0.10818319767713547
50,0.1277836948633194,2.5e-06,0.067830585,24101818.0,0.00786834,0.0042906343,0.08864993,0.13143496215343475,0.08281084895133972,22664648.0,0.011524268426001072,0.0052019446156919,0.1073511466383934
51,0.12755945920944214,2.5e-06,0.066190705,22653826.0,0.0076518594,0.0040739984,0.08730845,0.1316222995519638,0.08381897211074829,22286852.0,0.01171932928264141,0.005240783095359802,0.10825584828853607
52,0.1277450978755951,2.5e-06,0.06702547,23725160.0,0.007845203,0.0042461446,0.0884806,0.13132493197917938,0.08289916813373566,23334120.0,0.011429665610194206,0.0052280910313129425,0.1069096177816391
53,0.12736359238624573,2.5e-06,0.065622866,22213436.0,0.0074714003,0.0039520417,0.086396955,0.1310589462518692,0.08162811398506165,22279488.0,0.011171381920576096,0.005048301070928574,0.10569475591182709
54,0.12789444327354432,2.5e-06,0.06679202,22571862.0,0.008009974,0.0042776787,0.08934562,0.13122977316379547,0.08251199126243591,22519784.0,0.011349942535161972,0.005113315302878618,0.10653611272573471
55,0.12780068218708038,2.5e-06,0.06733541,23641440.0,0.007923946,0.0042666653,0.088890836,0.13124223053455353,0.08257453143596649,22196978.0,0.011370131745934486,0.0051225051283836365,0.10663081705570221
56,0.12749479115009307,2.5e-06,0.06701204,22024364.0,0.007625769,0.0040610023,0.08701973,0.13132567703723907,0.08235873281955719,22191178.0,0.011461310088634491,0.005130544304847717,0.10705751180648804
57,0.12766184210777282,2.5e-06,0.06811888,23636266.0,0.0078005577,0.0042377273,0.08829065,0.13143277168273926,0.08322915434837341,23292544.0,0.011576162651181221,0.005270341411232948,0.10759257525205612
58,0.1277833878993988,1.25e-06,0.067033514,23909588.0,0.007928329,0.0042027477,0.08875311,0.13110922276973724,0.08165693283081055,22203428.0,0.011256491765379906,0.005074681248515844,0.10609661787748337
59,0.12779801487922668,1.25e-06,0.06749237,23092838.0,0.007946848,0.0042089573,0.08879499,0.13105560839176178,0.0812191367149353,22639856.0,0.011206792667508125,0.005057321861386299,0.10586214065551758
60,0.1272387683391571,1.25e-06,0.065468125,22386698.0,0.007391515,0.0039577377,0.08592949,0.1311773657798767,0.08225763589143753,23018488.0,0.011332480236887932,0.005141519010066986,0.10645411908626556
61,0.1279846101999283,1.25e-06,0.06881729,22823160.0,0.008141299,0.0043418654,0.090039,0.13100384175777435,0.0811333954334259,22481200.0,0.011162891052663326,0.0050342692993581295,0.10565458238124847
62,0.12762745916843415,6.25e-07,0.06619562,23878284.0,0.007787303,0.0041801957,0.08814193,0.1314338743686676,0.08305097371339798,22094020.0,0.01159491203725338,0.005155893508344889,0.10767967253923416
63,0.12751047015190126,6.25e-07,0.06658945,23327428.0,0.00767229,0.004119535,0.08747586,0.13100387156009674,0.08136586099863052,22266704.0,0.011166879907250404,0.00502612441778183,0.10567346215248108
64,0.12758069336414338,6.25e-07,0.065989874,22972516.0,0.007744491,0.004159847,0.087915875,0.13107043504714966,0.08177880197763443,22427088.0,0.011235416866838932,0.005056796595454216,0.1059972494840622
65,0.12772288620471955,6.25e-07,0.067622826,23746532.0,0.007888658,0.0042547253,0.088485695,0.1309104561805725,0.08068273961544037,22218644.0,0.011077411472797394,0.004992198199033737,0.10524928569793701
66,0.127365043759346,6.25e-07,0.06655981,22562684.0,0.007532799,0.00403777,0.086492345,0.13152936100959778,0.08338096737861633,23318386.0,0.0116982851177454,0.005293035414069891,0.10815861076116562
67,0.127671417593956,6.25e-07,0.06665191,22879084.0,0.007841137,0.0042231246,0.088447034,0.1311103105545044,0.08202753961086273,22545660.0,0.011281216517090797,0.005081632640212774,0.10621307045221329
68,0.12782714366912842,6.25e-07,0.06760715,23324672.0,0.007998848,0.00425885,0.08922293,0.13089755177497864,0.08085969090461731,22660876.0,0.011070461943745613,0.004999279044568539,0.10521626472473145
69,0.12814281284809112,6.25e-07,0.067955494,24556580.0,0.0083165085,0.0044778385,0.09089476,0.13087451457977295,0.080442413687706,22040710.0,0.011049394495785236,0.004978816956281662,0.1051160991191864
70,0.1278742402791977,3.125e-07,0.06856465,23897746.0,0.008049512,0.004391398,0.0894778,0.1310434490442276,0.08180223405361176,22466150.0,0.011219315230846405,0.005052957683801651,0.10592126846313477
71,0.12782814502716064,3.125e-07,0.06832159,23513190.0,0.0080044065,0.0042853532,0.08935785,0.13131727278232574,0.08241714537143707,22093374.0,0.01149412989616394,0.0051194471307098866,0.1072106808423996
72,0.12753200232982637,3.125e-07,0.06737886,24408284.0,0.0077092526,0.0042919787,0.087431386,0.13112683594226837,0.08204659819602966,22137620.0,0.011304667219519615,0.005075614899396896,0.10632340610027313
73,0.1276670515537262,3.125e-07,0.06708209,23685604.0,0.007845283,0.004197044,0.08844832,0.13095919787883759,0.08095470815896988,22416898.0,0.011138025671243668,0.005021736957132816,0.10553684830665588
74,0.12730236649513244,1.5625e-07,0.06568285,22297988.0,0.007481384,0.0040083313,0.08603096,0.13106884062290192,0.08178970217704773,22311084.0,0.011248153634369373,0.005056219175457954,0.1060573160648346
75,0.1276966452598572,1.5625e-07,0.066972755,22476232.0,0.007876153,0.0041245404,0.08854063,0.1310736984014511,0.08178912103176117,23346228.0,0.011253495700657368,0.005124802701175213,0.1060824915766716
76,0.12744108736515045,1.5625e-07,0.06602478,22693022.0,0.0076210797,0.0040974203,0.08714427,0.13114316761493683,0.08184300363063812,23405236.0,0.011323454789817333,0.005183974280953407,0.10641172528266907
77,0.12739652991294861,1.5625e-07,0.06601961,23177360.0,0.0075770086,0.004096973,0.08688664,0.13122905790805817,0.0824514701962471,22090796.0,0.011409835889935493,0.005087267607450485,0.1068168357014656
78,0.1279590606689453,1e-07,0.06807171,23793016.0,0.008139966,0.0042925687,0.08991454,0.13105712831020355,0.0819186195731163,22093018.0,0.011238222941756248,0.005039145238697529,0.10601048171520233
79,0.12759215235710145,1e-07,0.06710964,21906048.0,0.0077733905,0.0041503566,0.087978706,0.13121365010738373,0.08210570365190506,22288924.0,0.011395084671676159,0.005082610994577408,0.10674776136875153
================================================================================
FILE: D:\HoChePing\北科大_碩班_AI學程\期刊研究\使用LSTM模型預測福壽雞隻重量\Code程式碼\LSTM_TransferLearning_SolarEnergy\reports\Solar Energy Result\實驗 B：Plant2 → Plant1\without-transfer-learning\nb_batch20 training_parameters.txt

[2025-06-27 17:44:12]
閮毀鞈???Plant1蝚砌???餅?蝯????嚗?Data Size (data_size): 3264
Number of Batches (args['nb_batch']): 20
Batch Size (bsize): 128
Sequence Length (period): 5
================================================================================
FILE: D:\HoChePing\北科大_碩班_AI學程\期刊研究\使用LSTM模型預測福壽雞隻重量\Code程式碼\LSTM_TransferLearning_SolarEnergy\reports\Solar Energy Result\實驗 B：Plant2 → Plant1\without-transfer-learning\Plant1第一號發電機組\epoch_log.csv
epoch,loss,lr,mae,mape,mse,msle,rmse,val_loss,val_mae,val_mape,val_mse,val_msle,val_rmse
0,1.345316481590271,1e-04,0.2842031,163797730.0,0.09388722,0.05950894,0.30586073,1.3869261741638184,0.340011864900589,181674624.0,0.1408589780330658,0.08391883969306946,0.37531185150146484
1,1.323021912574768,1e-04,0.2691469,123166450.0,0.080684744,0.0472958,0.28397655,1.37674081325531,0.3397340178489685,179860480.0,0.14010001718997955,0.08352209627628326,0.37429937720298767
2,1.3068218231201172,1e-04,0.25133437,97484936.0,0.07406617,0.03983282,0.27208787,1.3660309314727783,0.3386104702949524,185734816.0,0.13912315666675568,0.08352819085121155,0.3729921579360962
3,1.2946877002716064,1e-04,0.24134994,89019900.0,0.07169328,0.03709803,0.26745546,1.3521242141723633,0.3325185775756836,176817504.0,0.1350121945142746,0.08058454841375351,0.36744004487991333
4,1.2803028345108032,1e-04,0.22906479,83398570.0,0.06712039,0.033632226,0.25882894,1.3405877351760864,0.3308734595775604,175493376.0,0.13328847289085388,0.07966192066669464,0.36508694291114807
5,1.2682604789733887,1e-04,0.22230105,82401770.0,0.064915225,0.032492243,0.25426203,1.330217719078064,0.3310714662075043,178049680.0,0.13280293345451355,0.0798766016960144,0.36442136764526367
6,1.2559866189956665,1e-04,0.21495931,78704530.0,0.06256468,0.030313903,0.24995753,1.3196732997894287,0.3306676745414734,180301136.0,0.13223543763160706,0.07977569103240967,0.3636419177055359
7,1.246006155014038,1e-04,0.21303122,80534550.0,0.06254839,0.030479187,0.24993007,1.3070203065872192,0.3273792266845703,175215424.0,0.12951883673667908,0.07807865738868713,0.3598872423171997
8,1.232395553588867,1e-04,0.20435698,72037800.0,0.058864824,0.02772839,0.2425551,1.2965824604034424,0.3269098997116089,177636768.0,0.1290273517370224,0.07799582928419113,0.3592037856578827
9,1.2202844619750977,1e-04,0.20073983,73018670.0,0.056684434,0.026763428,0.23798618,1.2847771644592285,0.32464492321014404,172697152.0,0.12710432708263397,0.07642470300197601,0.35651692748069763
10,1.209124255180359,1e-04,0.19436339,69712290.0,0.055401992,0.02559423,0.23527674,1.2726798057556152,0.32197582721710205,171118896.0,0.12488614022731781,0.07528425753116608,0.3533923327922821
11,1.1986984252929687,1e-04,0.19615039,73257020.0,0.054852385,0.02625903,0.23366353,1.2619233131408691,0.3209141492843628,173325136.0,0.1239839643239975,0.07516591250896454,0.3521135747432709
12,1.187582755088806,1e-04,0.19343969,71370330.0,0.05356732,0.025335843,0.231108,1.2494786977767944,0.3175693154335022,168298592.0,0.12132155150175095,0.0733511745929718,0.3483124375343323
13,1.1774593591690063,1e-04,0.19195077,70647420.0,0.053191207,0.024859121,0.23047337,1.237668752670288,0.3147769272327423,166775616.0,0.11923769116401672,0.07224449515342712,0.3453081250190735
14,1.167606496810913,1e-04,0.19168927,70184590.0,0.05305595,0.024960238,0.23028824,1.2249778509140015,0.3096919059753418,161970752.0,0.11622938513755798,0.07041168212890625,0.34092432260513306
15,1.1566340446472168,1e-04,0.18583103,65675308.0,0.051726937,0.02359068,0.22735302,1.214918613433838,0.31054824590682983,163718848.0,0.11576871573925018,0.0703357383608818,0.3402480185031891
16,1.1467851400375366,1e-04,0.1859728,65898360.0,0.051475428,0.023604002,0.22686152,1.2045530080795288,0.3097984194755554,165517376.0,0.11499375104904175,0.07009577751159668,0.3391072750091553
17,1.1377710342407226,1e-04,0.18771979,65878080.0,0.052011408,0.023952544,0.22772174,1.192246437072754,0.3060392141342163,160485248.0,0.11217319965362549,0.06821054965257645,0.3349226713180542
18,1.1267127752304078,1e-04,0.18215728,62305690.0,0.0504119,0.022742333,0.22438896,1.1807717084884644,0.3026631474494934,159077920.0,0.1101202592253685,0.06712351739406586,0.3318437337875366
19,1.11808922290802,1e-04,0.18498184,68779710.0,0.05118425,0.023653831,0.2261848,1.1687172651290894,0.29852813482284546,154265808.0,0.10742384195327759,0.06531356275081635,0.32775577902793884
20,1.1068246126174928,1e-04,0.17818391,61939084.0,0.049248938,0.022076506,0.22167334,1.1571745872497559,0.2949104905128479,152641120.0,0.10516604781150818,0.06412751227617264,0.3242931365966797
21,1.09885835647583,1e-04,0.18363445,68322296.0,0.050543368,0.023537876,0.224544,1.1480278968811035,0.2967814803123474,154491296.0,0.10524054616689682,0.06437463313341141,0.32440799474716187
22,1.089403796195984,1e-04,0.18203291,68259380.0,0.050284825,0.023233857,0.22405617,1.1372243165969849,0.294633686542511,155519552.0,0.10358133912086487,0.06361205130815506,0.3218405544757843
23,1.077847409248352,1e-04,0.17446417,58727930.0,0.0478364,0.021220407,0.21756825,1.1262006759643555,0.2918798327445984,150727536.0,0.10162009298801422,0.06202419474720955,0.3187790513038635
24,1.068324899673462,1e-04,0.17193803,54848616.0,0.047351025,0.02055512,0.21745701,1.1147164106369019,0.28818821907043457,149342672.0,0.09914426505565643,0.06082005053758621,0.31487181782722473
25,1.0606020450592042,1e-04,0.17554793,60484030.0,0.04861147,0.02160737,0.2200768,1.1048260927200317,0.2870573401451111,144665056.0,0.09819307178258896,0.05996817350387573,0.31335774064064026
26,1.0515756845474242,1e-04,0.17664185,61843010.0,0.048500232,0.021760315,0.21946692,1.0941463708877563,0.2844559848308563,149126576.0,0.09639247506856918,0.05944850295782089,0.31047138571739197
27,1.0426422119140626,1e-04,0.17470102,61410840.0,0.048416626,0.021696134,0.21990089,1.0828607082366943,0.28083527088165283,144233696.0,0.09390444308519363,0.05769404023885727,0.3064383268356323
28,1.032675862312317,1e-04,0.17185059,58828330.0,0.047215767,0.02084442,0.21721706,1.071529507637024,0.2764299809932709,142646832.0,0.09129507094621658,0.056394338607788086,0.30215075612068176
29,1.026068878173828,1e-04,0.17580673,56084480.0,0.04929973,0.021728296,0.22182445,1.061389684677124,0.2744992673397064,141022624.0,0.08979922533035278,0.055538274347782135,0.2996651828289032
30,1.0136850357055665,1e-04,0.16965154,60385130.0,0.04551468,0.020625513,0.2127192,1.050838828086853,0.27019596099853516,139824448.0,0.08779751509428024,0.05440329760313034,0.29630646109580994
31,1.0057637810707092,1e-04,0.1682353,57174590.0,0.04612835,0.020219099,0.21460417,1.0395206212997437,0.26652124524116516,134949808.0,0.08498084545135498,0.05254815146327019,0.2915147542953491
32,0.9979779243469238,1e-04,0.1707294,59360760.0,0.04681205,0.020692613,0.21610272,1.0300788879394531,0.2653568387031555,136041120.0,0.08396188169717789,0.05222306400537491,0.2897617816925049
33,0.986626410484314,1e-04,0.16456,55975010.0,0.04386595,0.019216547,0.20906797,1.02012038230896,0.262840211391449,136977792.0,0.08237844705581665,0.05151607096195221,0.28701645135879517
34,0.9808944940567017,1e-04,0.1668464,52502050.0,0.046473775,0.019880587,0.21508043,1.0089472532272339,0.25744372606277466,129728904.0,0.07949802279472351,0.049305517226457596,0.28195393085479736
35,0.971481454372406,1e-04,0.16393013,51593764.0,0.045329683,0.019305876,0.21258469,0.9991334676742554,0.25472474098205566,131013632.0,0.07791741192340851,0.04875820502638817,0.27913689613342285
36,0.9650328397750855,1e-04,0.16887966,56896264.0,0.047094632,0.020542426,0.21685703,0.9897539019584656,0.2536194920539856,126885264.0,0.07670971751213074,0.04766102135181427,0.2769652009010315
37,0.9559075117111206,1e-04,0.17031573,59799070.0,0.04610524,0.020764094,0.21451029,0.9801728129386902,0.25126364827156067,130299328.0,0.07521090656518936,0.04734340310096741,0.27424606680870056
38,0.9459687352180481,1e-04,0.16505888,56224570.0,0.044216987,0.019315656,0.20973727,0.9686644077301025,0.24424688518047333,123531384.0,0.07171528041362762,0.04510216787457466,0.2677970826625824
39,0.9404593348503113,1e-04,0.16956113,55362228.0,0.046705585,0.02061291,0.21558435,0.9595701098442078,0.24344824254512787,124092280.0,0.0705835372209549,0.04452862963080406,0.2656756341457367
40,0.93124418258667,1e-04,0.1670016,54665990.0,0.045416158,0.019732624,0.21302244,0.9493728876113892,0.2388443797826767,120377416.0,0.06826715916395187,0.04314229637384415,0.2612798511981964
41,0.9244915127754212,1e-04,0.17106779,59914004.0,0.046513792,0.020908153,0.21554992,0.9407399296760559,0.23787741363048553,123397944.0,0.06743371486663818,0.04293471574783325,0.25968003273010254
42,0.9147550106048584,1e-04,0.16756725,59323510.0,0.044545393,0.019848619,0.21104255,0.9309956431388855,0.23423698544502258,119682320.0,0.06541222333908081,0.041609592735767365,0.255758136510849
43,0.9104032278060913,1e-04,0.17776863,66602860.0,0.047870778,0.022656063,0.21816139,0.9212212562561035,0.2300906479358673,118094624.0,0.06325627118349075,0.04051046818494797,0.2515079975128174
44,0.8999551653861999,1e-04,0.16348846,53249030.0,0.04502367,0.019309655,0.21207266,0.9116518497467041,0.22574570775032043,116684400.0,0.061266157776117325,0.03942254185676575,0.24752001464366913
45,0.8920722842216492,1e-04,0.16436994,57317260.0,0.044708382,0.019769737,0.21113952,0.9023919105529785,0.22316962480545044,112233344.0,0.05954457446932793,0.03854767978191376,0.2440175712108612
46,0.8839462280273438,1e-04,0.16118106,50856908.0,0.044086874,0.018873435,0.20973484,0.8926723599433899,0.21872636675834656,110541968.0,0.05727972090244293,0.03686179965734482,0.23933182656764984
47,0.8787901639938355,1e-04,0.16503938,52172228.0,0.046356212,0.019786317,0.21503046,0.8840811252593994,0.21633213758468628,111305776.0,0.056078653782606125,0.03659871220588684,0.23680931329727173
48,0.8694891929626465,1e-04,0.16700248,61417012.0,0.044415064,0.02022648,0.21056584,0.8739719986915588,0.20959270000457764,107646800.0,0.05328506976366043,0.034783102571964264,0.23083558678627014
49,0.8612284421920776,1e-04,0.15960136,49929560.0,0.043454673,0.018422963,0.20831425,0.8659462332725525,0.2087031602859497,110171232.0,0.05253397673368454,0.03460150957107544,0.22920291125774384
50,0.8554099678993226,1e-04,0.16476193,54729064.0,0.04489091,0.019674499,0.2118114,0.8567971587181091,0.20465505123138428,106107056.0,0.05059678852558136,0.03351046144962311,0.224937304854393
51,0.8468838453292846,1e-04,0.15859556,49849970.0,0.043543108,0.0183977,0.20833711,0.8475157618522644,0.20001021027565002,102546336.0,0.04845595359802246,0.03198830783367157,0.220127135515213
52,0.8394215703010559,1e-04,0.16072597,52287680.0,0.043200947,0.018717548,0.20778453,0.8396896123886108,0.19738689064979553,104136168.0,0.04770956188440323,0.03177228569984436,0.2184251844882965
53,0.8321366548538208,1e-04,0.15754387,48655412.0,0.04297149,0.018075481,0.207212,0.830563485622406,0.19301266968250275,101490688.0,0.04560748487710953,0.030465491116046906,0.213559091091156
54,0.8259394288063049,1e-04,0.16195576,54003064.0,0.04376279,0.01934791,0.20903678,0.8225664496421814,0.1908663958311081,100457520.0,0.04454652592539787,0.029866836965084076,0.21106047928333282
55,0.8192286252975464,1e-04,0.16211301,54682536.0,0.04396827,0.019136105,0.20957455,0.813934862613678,0.18641506135463715,96992432.0,0.042798805981874466,0.02877109870314598,0.20687872171401978
56,0.8107913374900818,1e-04,0.15770414,48634188.0,0.042388707,0.01791407,0.20574085,0.8053821325302124,0.18194445967674255,95061888.0,0.041074104607105255,0.027722995728254318,0.2026674747467041
57,0.8050218820571899,1e-04,0.16214377,51463584.0,0.043431852,0.018656079,0.20828085,0.7978094220161438,0.1784803569316864,96391648.0,0.04028301313519478,0.027481695637106895,0.20070628821849823
58,0.7970873355865479,1e-04,0.15700734,52706936.0,0.042246632,0.018162379,0.20534214,0.7892500162124634,0.1745631843805313,92333184.0,0.03842681273818016,0.02628955990076065,0.19602757692337036
59,0.7907168388366699,1e-04,0.15632053,51381164.0,0.042559434,0.018033925,0.205882,0.7816922068595886,0.17284610867500305,94452368.0,0.03752436488866806,0.025942932814359665,0.19371207058429718
60,0.7843290209770203,1e-04,0.15810016,49144604.0,0.042810958,0.018062185,0.20674062,0.7737992405891418,0.16871574521064758,91729344.0,0.03624305874109268,0.025095678865909576,0.19037610292434692
61,0.7789547801017761,1e-04,0.1614264,51361080.0,0.044018157,0.019070927,0.20948382,0.7659941911697388,0.16564586758613586,89880480.0,0.03497922793030739,0.024246089160442352,0.18702735006809235
62,0.7706070065498352,1e-04,0.1587204,55358720.0,0.04218666,0.0186242,0.20519333,0.7579432129859924,0.1609923541545868,86481560.0,0.033401645720005035,0.02319309115409851,0.18276117742061615
63,0.7649038910865784,1e-04,0.15830848,50579996.0,0.04293408,0.018395001,0.20714152,0.7502304911613464,0.15684053301811218,86069040.0,0.03210650384426117,0.0225294828414917,0.17918287217617035
64,0.7564439058303833,1e-04,0.1528782,48149296.0,0.040865146,0.017331209,0.2020137,0.7429344058036804,0.15414893627166748,84895136.0,0.031165732070803642,0.021948140114545822,0.17653818428516388
65,0.7532116174697876,1e-04,0.16053845,51355120.0,0.043967288,0.018834218,0.20947742,0.7362164258956909,0.15347051620483398,84231728.0,0.0307493656873703,0.021785203367471695,0.1753549724817276
66,0.7441469073295593,1e-04,0.15740938,52672664.0,0.041182682,0.01792081,0.20272787,0.7297598123550415,0.15200045704841614,84406544.0,0.030540235340595245,0.021530628204345703,0.17475764453411102
67,0.7383530020713807,1e-04,0.15929884,53818150.0,0.041609854,0.018450208,0.20371881,0.7222588062286377,0.14844661951065063,81913096.0,0.029219062998890877,0.020605549216270447,0.17093583941459656
68,0.730964744091034,1e-04,0.15338404,50239784.0,0.040378198,0.017296603,0.20075023,0.7146639823913574,0.14407822489738464,80869136.0,0.02774660848081112,0.01980782300233841,0.16657313704490662
69,0.7296935200691224,1e-04,0.16230503,53162096.0,0.04520945,0.019590009,0.21205616,0.7076977491378784,0.14101579785346985,76808208.0,0.02684831991791725,0.019065119326114655,0.16385456919670105
70,0.721375846862793,1e-04,0.16044368,51644730.0,0.042930342,0.018749919,0.20712404,0.7011731863021851,0.13891133666038513,77738632.0,0.026322465389966965,0.018744632601737976,0.16224199533462524
71,0.7141165137290955,1e-04,0.15741435,54481504.0,0.041650884,0.018317958,0.20397392,0.6944469213485718,0.13592612743377686,74925184.0,0.025546148419380188,0.018202830106019974,0.15983162820339203
72,0.708310329914093,1e-04,0.16068043,55735450.0,0.04176972,0.018759465,0.20408848,0.6875446438789368,0.13082344830036163,72819640.0,0.024535074830055237,0.017369087785482407,0.15663675963878632
73,0.702608859539032,1e-04,0.15528885,50275892.0,0.04193617,0.017832156,0.20462123,0.6813874840736389,0.12948891520500183,72811408.0,0.024213850498199463,0.017098765820264816,0.15560799837112427
74,0.6946100711822509,1e-04,0.15023562,47160450.0,0.039763656,0.016785745,0.19875912,0.6750266551971436,0.1286703497171402,71220368.0,0.023658856749534607,0.016609836369752884,0.15381436049938202
75,0.6893011450767517,1e-04,0.15096745,46475930.0,0.040240373,0.016888577,0.20050502,0.6693628430366516,0.12836907804012299,72261360.0,0.023753145709633827,0.016666993498802185,0.1541205495595932
76,0.6835557699203492,1e-04,0.15098616,48676520.0,0.040230952,0.017171567,0.20010069,0.6630639433860779,0.12690943479537964,70363136.0,0.02316245809197426,0.016246624290943146,0.15219217538833618
77,0.6799766898155213,1e-04,0.15632114,49893140.0,0.042344056,0.01798674,0.20548268,0.6561989188194275,0.1230228841304779,66800440.0,0.021959323436021805,0.015267232432961464,0.1481867879629135
78,0.6725166797637939,1e-04,0.15291786,49044388.0,0.040523704,0.017202487,0.20087557,0.6503550410270691,0.12191153317689896,65575244.0,0.021721860393881798,0.014941769652068615,0.14738337695598602
79,0.6681635737419128,1e-04,0.15315738,47672584.0,0.041754663,0.01775347,0.20407686,0.6442093849182129,0.12061262875795364,65671036.0,0.021129272878170013,0.014597563073039055,0.1453591138124466
80,0.660771906375885,1e-04,0.1518486,47342284.0,0.039903436,0.016944936,0.19956568,0.6382258534431458,0.11967529356479645,63506788.0,0.020663728937506676,0.014177268370985985,0.14374883472919464
81,0.6570441246032714,1e-04,0.15489547,48611560.0,0.04167106,0.017682046,0.20357053,0.6322141289710999,0.11773490905761719,62655132.0,0.0201147198677063,0.0137809868901968,0.14182637631893158
82,0.6511401653289794,1e-04,0.15597263,49567660.0,0.041208662,0.017767679,0.2029632,0.6266409158706665,0.11694624274969101,62709088.0,0.019953036680817604,0.013568684458732605,0.1412552148103714
83,0.6456480264663697,1e-04,0.15766463,52144836.0,0.04110553,0.018110866,0.20266995,0.6210456490516663,0.11652703583240509,60212756.0,0.019710436463356018,0.013150406070053577,0.14039386808872223
84,0.6387913584709167,1e-04,0.15228024,50846190.0,0.03957718,0.017208861,0.19886047,0.6155151128768921,0.11600830405950546,60371464.0,0.01947232522070408,0.012968828901648521,0.13954328000545502
85,0.6339315056800843,1e-04,0.15397558,50161720.0,0.039991744,0.017237213,0.19987464,0.6101348996162415,0.11541590094566345,59532812.0,0.019341200590133667,0.0127515634521842,0.13907264173030853
86,0.6293978214263916,1e-04,0.15258585,46362776.0,0.040689565,0.017179934,0.20159063,0.6051453948020935,0.11646264791488647,59643032.0,0.019561614841222763,0.012728323228657246,0.13986285030841827
87,0.6243988513946533,1e-04,0.15513316,47697910.0,0.040877927,0.017480085,0.20189443,0.599383533000946,0.11458414793014526,58763312.0,0.018953554332256317,0.012308521196246147,0.13767190277576447
88,0.6177722215652466,1e-04,0.15204695,49888444.0,0.039392013,0.01695692,0.1982415,0.5938658118247986,0.11304427683353424,55924348.0,0.01855800300836563,0.011938396841287613,0.13622775673866272
89,0.6142874836921692,1e-04,0.16065386,56151064.0,0.041010987,0.01870983,0.20231016,0.5892311334609985,0.114914670586586,54793944.0,0.01899043284356594,0.011824836023151875,0.13780577480793
90,0.6079670906066894,1e-04,0.1559672,54155656.0,0.039733633,0.017797077,0.19922414,0.5848562121391296,0.11695782095193863,55712784.0,0.019614815711975098,0.012062039226293564,0.1400528997182846
91,0.602237057685852,1e-04,0.1518708,52921680.0,0.038968675,0.017193241,0.19702014,0.5797471404075623,0.11643004417419434,54636392.0,0.019433684647083282,0.011812333017587662,0.13940474390983582
92,0.5991495609283447,1e-04,0.15299109,47711830.0,0.040800564,0.01747946,0.20190637,0.5747697949409485,0.11631423979997635,53989064.0,0.01935989037156105,0.011549223214387894,0.1391398161649704
93,0.5929822444915771,1e-04,0.14994302,48780104.0,0.03951896,0.016756754,0.1986511,0.5699262619018555,0.11630109697580338,50347216.0,0.019374756142497063,0.011208957992494106,0.13919323682785034
94,0.5904126524925232,1e-04,0.1560107,48570936.0,0.041796315,0.01804921,0.20432703,0.564996600151062,0.11568520963191986,49734576.0,0.019266771152615547,0.011066003702580929,0.13880479335784912
95,0.583014726638794,1e-04,0.15170923,50015644.0,0.03919471,0.016943282,0.19786158,0.5598751306533813,0.11460358649492264,50204100.0,0.018911102786660194,0.010931676253676414,0.13751764595508575
96,0.5772437691688538,1e-04,0.14894202,48256864.0,0.038172103,0.016476508,0.19502234,0.5551716089248657,0.1144835576415062,50423808.0,0.018935400992631912,0.010753666050732136,0.1376059651374817
97,0.573494827747345,1e-04,0.14974025,47829210.0,0.039141946,0.016650341,0.19773887,0.5505861043930054,0.11472824960947037,49820028.0,0.019049931317567825,0.010703958570957184,0.13802148401737213
98,0.5693228840827942,1e-04,0.15036677,47869884.0,0.039650403,0.016915992,0.19883487,0.5456069707870483,0.11341522634029388,48225180.0,0.018724367022514343,0.010415025055408478,0.13683700561523438
99,0.56449875831604,1e-04,0.15281244,50155788.0,0.03946156,0.01717577,0.19858208,0.5409721732139587,0.11318296194076538,46985332.0,0.01869300566613674,0.010321995243430138,0.1367223709821701
100,0.5581955432891845,1e-04,0.14804108,48679464.0,0.03774823,0.016382832,0.19401439,0.5364763736724854,0.11323454976081848,47482840.0,0.0187673456966877,0.010209714062511921,0.13699395954608917
101,0.5538846015930176,1e-04,0.14920661,49172572.0,0.037986584,0.01649941,0.19487908,0.5318151116371155,0.11230606585741043,46536600.0,0.018625179305672646,0.010054413229227066,0.1364741027355194
102,0.5495580315589905,1e-04,0.15215051,50126844.0,0.038158678,0.016694752,0.19503686,0.5273357629776001,0.11216883361339569,45056412.0,0.018615277484059334,0.00990341231226921,0.1364378184080124
103,0.5450562000274658,1e-04,0.14859705,47963068.0,0.038112786,0.016484441,0.19500978,0.5230659246444702,0.11235707998275757,44279752.0,0.018777860328555107,0.009806768968701363,0.13703233003616333
104,0.5403709888458252,1e-04,0.15161994,51081350.0,0.037845828,0.01704202,0.19423363,0.519994854927063,0.11518442630767822,44897464.0,0.020099200308322906,0.010248851962387562,0.14177164435386658
105,0.5364920973777771,1e-04,0.14868374,49174096.0,0.038334604,0.016551163,0.19572327,0.5148202180862427,0.11368358135223389,44793064.0,0.01926228031516075,0.009934713132679462,0.1387886106967926
106,0.5321158766746521,1e-04,0.1480459,48200996.0,0.038279034,0.016470563,0.19535077,0.5108281373977661,0.11386173218488693,42328916.0,0.019563008099794388,0.009727410972118378,0.13986782729625702
107,0.52806077003479,1e-04,0.149589,46867852.0,0.038499944,0.016446952,0.1961776,0.5059556365013123,0.11119721084833145,42172332.0,0.018944570794701576,0.009494341909885406,0.13763928413391113
108,0.5241661310195923,1e-04,0.1507312,46285692.0,0.03885284,0.016586166,0.19695525,0.5018580555915833,0.11137183010578156,41059688.0,0.01908724755048752,0.009395277127623558,0.13815660774707794
109,0.5196882843971252,1e-04,0.15137291,49678732.0,0.038594626,0.016982341,0.19638923,0.49905094504356384,0.11464455723762512,42657836.0,0.020466938614845276,0.010001988150179386,0.14306271076202393
110,0.5140739202499389,1e-04,0.14760838,47083188.0,0.037152007,0.016059976,0.19222912,0.49333322048187256,0.11133160442113876,41300776.0,0.018901392817497253,0.00935300998389721,0.13748233020305634
111,0.5098894119262696,1e-04,0.14988355,52187480.0,0.03710781,0.016661247,0.19250058,0.49080076813697815,0.11515800654888153,42302776.0,0.020482156425714493,0.009977420791983604,0.14311587810516357
112,0.5068466544151307,1e-04,0.15200858,51456460.0,0.03815406,0.016954051,0.19531241,0.48667073249816895,0.11490271985530853,41505916.0,0.020411517471075058,0.009818199090659618,0.14286887645721436
113,0.5055581450462341,1e-04,0.15878032,52275212.0,0.040916458,0.018347867,0.20177536,0.4813598394393921,0.1113429144024849,39757920.0,0.019129417836666107,0.009259464219212532,0.13830913603305817
114,0.4975214540958405,1e-04,0.15256278,52806024.0,0.03687573,0.016764536,0.19174427,0.4773854613304138,0.1122889593243599,41426536.0,0.019113697111606598,0.009364677593111992,0.13825228810310364
115,0.49567590951919555,1e-04,0.15866932,59340416.0,0.03898158,0.018353244,0.1970434,0.4737524688243866,0.11308275908231735,42025280.0,0.019410548731684685,0.009465130046010017,0.13932174444198608
116,0.4890983641147614,1e-04,0.14689897,49655384.0,0.03631593,0.015966136,0.19037183,0.47156649827957153,0.11445881426334381,38288824.0,0.021116163581609726,0.00961298868060112,0.145314022898674
117,0.4853264927864075,1e-04,0.14474247,46500468.0,0.03641845,0.015706278,0.19073722,0.46717700362205505,0.1144346222281456,37791632.0,0.02057587169110775,0.00938197411596775,0.14344292879104614
118,0.4810806155204773,1e-04,0.14411774,46326016.0,0.036011063,0.015610958,0.1896268,0.463142454624176,0.11393796652555466,39579856.0,0.020361587405204773,0.009474165737628937,0.14269404113292694
119,0.4786694824695587,1e-04,0.14951387,52299252.0,0.03741121,0.01652483,0.19323018,0.4590427577495575,0.11261972784996033,39406080.0,0.02006080374121666,0.009394749067723751,0.14163616299629211
120,0.47588309049606325,1e-04,0.15176433,52982870.0,0.03841167,0.017342774,0.19573924,0.45598679780960083,0.11449805647134781,37764916.0,0.020766358822584152,0.009504908695816994,0.14410537481307983
121,0.47030065655708314,1e-04,0.1463459,49022796.0,0.036567364,0.015915085,0.1910028,0.45220211148262024,0.11465656012296677,38040196.0,0.020692558959126472,0.009413175284862518,0.14384908974170685
122,0.4667488098144531,1e-04,0.14639303,49341530.0,0.03671459,0.015933638,0.19151166,0.4480821490287781,0.11188401281833649,38194612.0,0.02025461196899414,0.009259047918021679,0.1423186957836151
123,0.46245638728141786,1e-04,0.1439937,46143310.0,0.03609092,0.015488197,0.18891743,0.444923460483551,0.11552777886390686,37955592.0,0.020747719332575798,0.009465436451137066,0.14404068887233734
124,0.4599349141120911,1e-04,0.14820579,47747256.0,0.037209403,0.01609603,0.19263393,0.44130489230155945,0.11460592597723007,37583568.0,0.02075006440281868,0.009362038224935532,0.14404882490634918
125,0.45539832711219785,1e-04,0.14761417,48943316.0,0.036281742,0.01590312,0.19020173,0.4374316334724426,0.114651620388031,38566432.0,0.02046402543783188,0.009388970211148262,0.14305253326892853
126,0.4521223664283752,1e-04,0.14997213,53581772.0,0.036576737,0.016774142,0.19101489,0.43459436297416687,0.11771930754184723,36877400.0,0.021169789135456085,0.009600989520549774,0.14549840986728668
127,0.4498098731040955,1e-04,0.15037379,51142776.0,0.037790686,0.017042192,0.1940862,0.4307096302509308,0.11470842361450195,36261600.0,0.02078945003449917,0.009319990873336792,0.14418546855449677
128,0.44596132040023806,1e-04,0.14800136,49637650.0,0.037431937,0.016438758,0.19327326,0.4280419945716858,0.1169072687625885,36691520.0,0.021590862423181534,0.00955542828887701,0.146938294172287
129,0.44037904739379885,1e-04,0.1427286,45820230.0,0.03530674,0.015245387,0.18782155,0.42371100187301636,0.11388637125492096,37254704.0,0.02070234902203083,0.009312683716416359,0.1438831090927124
130,0.43910375237464905,1e-04,0.14900346,49897656.0,0.03746561,0.016600173,0.19342965,0.4219837784767151,0.12157108634710312,35830528.0,0.022397909313440323,0.009962762705981731,0.14965930581092834
131,0.4332209289073944,1e-04,0.14227833,45466504.0,0.03499939,0.0151897045,0.18696675,0.41779395937919617,0.11501873284578323,34053412.0,0.021607395261526108,0.009306184016168118,0.14699454605579376
132,0.4314152002334595,1e-04,0.14357598,41991104.0,0.036566745,0.015498849,0.19092032,0.41401153802871704,0.1162385493516922,36707416.0,0.021167565137147903,0.009463580325245857,0.14549078047275543
133,0.42680487036705017,1e-04,0.14844683,52812156.0,0.035294462,0.016113492,0.18778172,0.41098958253860474,0.11846037209033966,36645352.0,0.02147095277905464,0.009688124991953373,0.14652970433235168
134,0.42326673269271853,1e-04,0.14463225,50940756.0,0.03506867,0.01587154,0.1870286,0.40774157643318176,0.11577531695365906,35179240.0,0.0215130802243948,0.009405935183167458,0.14667338132858276
135,0.421705037355423,1e-04,0.14821725,48170624.0,0.036776632,0.01654309,0.19131488,0.40502116084098816,0.11960361152887344,35910200.0,0.0220327265560627,0.009772413410246372,0.14843425154685974
136,0.4178374528884888,1e-04,0.14713061,50989240.0,0.036131002,0.016171562,0.18988934,0.4011628031730652,0.11699806153774261,36632992.0,0.021373402327299118,0.009517891332507133,0.14619645476341248
137,0.41339861154556273,1e-04,0.14555636,54465868.0,0.034880646,0.016061347,0.18661697,0.39799103140830994,0.11457988619804382,35807064.0,0.021366219967603683,0.009294706396758556,0.14617188274860382
138,0.41109719276428225,1e-04,0.14292565,47241196.0,0.03572785,0.015524186,0.18877473,0.3990119695663452,0.12764815986156464,34251408.0,0.025516491383314133,0.010861143469810486,0.15973882377147675
139,0.4059528887271881,1e-04,0.1402123,46821676.0,0.033700846,0.0147003215,0.18336852,0.3921145498752594,0.11521043628454208,35139004.0,0.02172202616930008,0.009363947436213493,0.1473839432001114
140,0.4038399338722229,1e-04,0.14228293,47663390.0,0.034682382,0.015427612,0.1861274,0.3888475298881531,0.11522939056158066,35294900.0,0.021534163504838943,0.009398740716278553,0.1467452347278595
141,0.4002727746963501,1e-04,0.14423153,48793730.0,0.03418147,0.015325082,0.18461153,0.38698309659957886,0.1186879426240921,33535216.0,0.022722313180565834,0.00962989591062069,0.15073922276496887
142,0.39821701049804686,1e-04,0.14144778,45187216.0,0.035167415,0.0152458865,0.18744741,0.38373491168022156,0.11503148078918457,34000928.0,0.02249475196003914,0.00944888312369585,0.1499825119972229
143,0.3946899473667145,1e-04,0.14093482,42574250.0,0.034650587,0.014883849,0.18599217,0.3820105195045471,0.12423841655254364,35128444.0,0.02376565709710121,0.010301424190402031,0.15416114032268524
144,0.3906660735607147,1e-04,0.13956138,46458092.0,0.033610396,0.014908182,0.18295808,0.37795180082321167,0.11936311423778534,35580632.0,0.02267284318804741,0.00985462125390768,0.15057504177093506
145,0.38822090029716494,1e-04,0.14392562,50189364.0,0.034120873,0.015544097,0.18454619,0.3742719292640686,0.11769428849220276,37470028.0,0.021926475688815117,0.009687358513474464,0.1480759084224701
146,0.3859094023704529,1e-04,0.14412184,47692676.0,0.034723096,0.0154964,0.18602052,0.3720118999481201,0.12070761620998383,35779120.0,0.022561732679605484,0.009948007762432098,0.15020564198493958
147,0.38204832673072814,1e-04,0.14036977,46996264.0,0.03375475,0.014824922,0.18369755,0.3683467209339142,0.11591970920562744,35084192.0,0.02178359217941761,0.009477348998188972,0.14759264886379242
148,0.38150843381881716,1e-04,0.14720558,49296784.0,0.036084484,0.016402125,0.18970065,0.36673322319984436,0.11887776106595993,35811704.0,0.02301916666328907,0.009919012896716595,0.15172068774700165
149,0.3761058747768402,1e-04,0.13850793,45616890.0,0.03353123,0.014600475,0.18306352,0.3627123534679413,0.11650542914867401,35525584.0,0.021838348358869553,0.00947272777557373,0.14777803421020508
150,0.37246534824371336,1e-04,0.1401262,48684676.0,0.032709576,0.01485542,0.18074414,0.3602394759654999,0.11929155141115189,35974168.0,0.02215602621436119,0.009790285490453243,0.1488490104675293
151,0.37002604007720946,1e-04,0.14006224,48211880.0,0.03304677,0.014817828,0.18154678,0.3566325008869171,0.11644402146339417,37325124.0,0.021306000649929047,0.009587164968252182,0.14596575498580933
152,0.3686736345291138,1e-04,0.14449716,51686384.0,0.03443926,0.015773425,0.18542998,0.3548097014427185,0.11865507066249847,35742424.0,0.022204803302884102,0.00973348505795002,0.1490127593278885
153,0.365513288974762,1e-04,0.14183652,46551084.0,0.03399216,0.015060742,0.18428478,0.3518028259277344,0.11675075441598892,36766888.0,0.021897511556744576,0.00956682674586773,0.14797808229923248
154,0.3628645777702332,1e-04,0.14250407,49974790.0,0.03402961,0.015381905,0.18394297,0.34941336512565613,0.118615061044693,35957960.0,0.022175714373588562,0.00968068279325962,0.1489151269197464
155,0.3592817008495331,1e-04,0.14053826,50542372.0,0.033095706,0.014923766,0.18175979,0.3470954895019531,0.12121707946062088,37041312.0,0.022484909743070602,0.01000310480594635,0.14994968473911285
156,0.35669997334480286,1e-04,0.14095,49600200.0,0.033140577,0.015029529,0.18188992,0.3435453474521637,0.11601626127958298,37511096.0,0.021557044237852097,0.00953169260174036,0.14682316780090332
157,0.3549553632736206,1e-04,0.13905957,46142680.0,0.03400628,0.014858005,0.18419757,0.34179365634918213,0.11925331503152847,36166296.0,0.022402198985219002,0.009750289842486382,0.14967364072799683
158,0.3508691370487213,1e-04,0.1374886,45451572.0,0.032509528,0.01423751,0.18021697,0.338384211063385,0.11660561710596085,35399084.0,0.021573197096586227,0.009441029280424118,0.1468781679868698
159,0.3493420958518982,1e-04,0.14109376,46875704.0,0.033560257,0.015131583,0.18298408,0.335506409406662,0.11623652279376984,36985632.0,0.02126174047589302,0.009484569542109966,0.14581406116485596
160,0.3472117125988007,1e-04,0.14330176,49944308.0,0.033986658,0.015554761,0.18407694,0.3334636390209198,0.11865688860416412,36135512.0,0.02176220528781414,0.009660512208938599,0.14752018451690674
161,0.3449145913124084,1e-04,0.1418906,48778630.0,0.034224734,0.015416789,0.18483303,0.3307962715625763,0.1166825145483017,34405728.0,0.021616606041789055,0.00938605796545744,0.14702586829662323
162,0.34106149673461916,1e-04,0.14093724,49776990.0,0.032871656,0.0152082695,0.18128535,0.3281461298465729,0.1175166666507721,37136104.0,0.02143726497888565,0.00959349237382412,0.14641469717025757
163,0.3391741693019867,1e-04,0.14165068,50944932.0,0.033445664,0.015169725,0.18277149,0.32565444707870483,0.11644501239061356,37371000.0,0.021396078169345856,0.009502436965703964,0.14627398550510406
164,0.33586962819099425,1e-04,0.1383687,46994270.0,0.032591037,0.014483956,0.18037784,0.32379987835884094,0.11699420213699341,34346268.0,0.021984100341796875,0.009501779451966286,0.1482703685760498
165,0.3335019588470459,1e-04,0.13620475,43952696.0,0.032651436,0.014193456,0.18050587,0.320812463760376,0.11587397009134293,35910384.0,0.021402345970273018,0.009395809844136238,0.14629541337490082
166,0.33074251413345335,1e-04,0.13922818,47839876.0,0.032287315,0.01461124,0.17957795,0.31869667768478394,0.11811013519763947,37004680.0,0.021669358015060425,0.009665001183748245,0.1472051590681076
167,0.3307087063789368,1e-04,0.14448044,51679984.0,0.03462232,0.016003517,0.18566687,0.3165324330329895,0.11874202638864517,36332668.0,0.021856287494301796,0.009737953543663025,0.14783872663974762
168,0.3269985496997833,1e-04,0.1403281,48037484.0,0.03325913,0.014962725,0.18218037,0.3135414719581604,0.1152673065662384,36420996.0,0.021207518875598907,0.0093458853662014,0.14562802016735077
169,0.3238154947757721,1e-04,0.13964851,48371390.0,0.032410324,0.014795398,0.1794715,0.3118445873260498,0.11865806579589844,36681424.0,0.021829422563314438,0.00968046486377716,0.14774782955646515
170,0.321444046497345,1e-04,0.1362638,46914824.0,0.032353483,0.014330953,0.17959188,0.30905550718307495,0.11656379699707031,37592208.0,0.02134452387690544,0.009497332386672497,0.14609764516353607
171,0.3191516935825348,1e-04,0.14062971,50945908.0,0.03235039,0.0149624795,0.17927316,0.3072076439857483,0.11873079836368561,36698424.0,0.021763237193226814,0.009693178348243237,0.1475236862897873
172,0.31684188842773436,1e-04,0.13551891,43780544.0,0.03229729,0.014146345,0.1793168,0.30488601326942444,0.11768472194671631,36712888.0,0.02169538289308548,0.009618192911148071,0.14729352295398712
173,0.3140858232975006,1e-04,0.13755327,47141350.0,0.031792454,0.014201003,0.17814803,0.3024027943611145,0.1168723851442337,37086256.0,0.02145465835928917,0.00957479327917099,0.14647409319877625
174,0.3125927150249481,1e-04,0.13870776,47390104.0,0.03253255,0.0146157,0.17957637,0.3000291883945465,0.11703178286552429,36795620.0,0.02129509113729,0.009592356160283089,0.14592838287353516
175,0.308678138256073,1e-04,0.13821806,52226690.0,0.030825932,0.014467172,0.17546335,0.29843494296073914,0.12047682702541351,37008224.0,0.021895207464694977,0.009889870882034302,0.1479702889919281
176,0.3064162313938141,1e-04,0.13321832,44770140.0,0.0307432,0.013628902,0.17514856,0.2955310642719269,0.11731007695198059,37178144.0,0.021152757108211517,0.009479879401624203,0.14543987810611725
177,0.305418998003006,1e-04,0.13820669,48776520.0,0.031897303,0.014756978,0.17829299,0.2938688099384308,0.11931358277797699,37967736.0,0.021627990528941154,0.009817374870181084,0.14706458151340485
178,0.30290632843971255,1e-04,0.13691032,47653696.0,0.03151549,0.014202383,0.17732166,0.29432442784309387,0.12429444491863251,35925512.0,0.02420305833220482,0.010492794215679169,0.15557332336902618
179,0.30244848132133484,1e-04,0.13456848,41972684.0,0.033168223,0.014271361,0.18184026,0.28951531648635864,0.11638346314430237,37091480.0,0.021491702646017075,0.009456336498260498,0.14660048484802246
180,0.2981491804122925,1e-04,0.13450249,47484244.0,0.030955154,0.014084567,0.1758278,0.2877591550350189,0.11961950361728668,39106608.0,0.021805156022310257,0.009936977177858353,0.14766569435596466
181,0.29743292927742004,1e-04,0.1388188,50638970.0,0.032302648,0.014823663,0.17943138,0.28542187809944153,0.11734290421009064,36991552.0,0.02152755856513977,0.00959591381251812,0.1467227339744568
182,0.295104569196701,1e-04,0.13711265,46979920.0,0.03203127,0.0145550165,0.17879665,0.283255934715271,0.116832435131073,37704092.0,0.02140416018664837,0.00956004299223423,0.14630161225795746
183,0.2929687023162842,1e-04,0.1375005,49048440.0,0.031924117,0.01441808,0.17846788,0.2815951406955719,0.11923723667860031,38747136.0,0.02175578474998474,0.009873096831142902,0.14749842882156372
184,0.28962081074714663,1e-04,0.13313976,44924916.0,0.030584449,0.013553937,0.17439875,0.28015801310539246,0.11985990405082703,37294192.0,0.02232174389064312,0.0098463986068964,0.1494046300649643
185,0.28901162147521975,1e-04,0.13570969,45474370.0,0.03197178,0.01447056,0.1787394,0.2772810459136963,0.11727762222290039,38853352.0,0.021423332393169403,0.009662508964538574,0.1463671177625656
186,0.28815558552742004,1e-04,0.14352871,58404492.0,0.033077937,0.015840147,0.1815335,0.276388555765152,0.12279340624809265,39162464.0,0.022480309009552002,0.010241873562335968,0.14993435144424438
187,0.28548961877822876,1e-04,0.13732389,46338400.0,0.032359496,0.01439592,0.17959908,0.27400416135787964,0.1170603483915329,34636136.0,0.022041169926524162,0.00952640175819397,0.1484626829624176
188,0.28237239122390745,1e-04,0.13002506,42283384.0,0.031178653,0.013446644,0.17627645,0.27178576588630676,0.11750230193138123,36820416.0,0.02174154296517372,0.009618989191949368,0.14745013415813446
189,0.2805536210536957,1e-04,0.13440691,48471144.0,0.031269416,0.014006349,0.17669597,0.26956993341445923,0.11800874769687653,38932412.0,0.021422643214464188,0.009740752167999744,0.14636476337909698
190,0.2778393864631653,1e-04,0.13585101,51175370.0,0.030443419,0.0141872885,0.17441031,0.26783809065818787,0.11876335740089417,38382992.0,0.021569818258285522,0.009769218973815441,0.14686666429042816
191,0.27587476968765257,1e-04,0.13224854,48257944.0,0.030357122,0.013756129,0.1741696,0.26641160249710083,0.11866577714681625,37232016.0,0.022013410925865173,0.00979258120059967,0.1483691781759262
192,0.27547432780265807,1e-04,0.13549568,47955816.0,0.031815197,0.014371559,0.17800935,0.2640380263328552,0.11578380316495895,35440184.0,0.02148081362247467,0.009335986338555813,0.1465633362531662
193,0.27230349779129026,1e-04,0.1288914,41972844.0,0.030473854,0.013256746,0.17432666,0.26212242245674133,0.1166565790772438,36780148.0,0.021379057317972183,0.009546864777803421,0.1462157964706421
194,0.27304173111915586,1e-04,0.13918094,47359012.0,0.033021092,0.01467739,0.18132819,0.26045769453048706,0.11975865066051483,40070796.0,0.021517589688301086,0.009941043332219124,0.14668874442577362
195,0.26816617846488955,1e-04,0.13505147,49317960.0,0.029940132,0.013912792,0.17289445,0.25970056653022766,0.12276643514633179,38727424.0,0.022543707862496376,0.01029779389500618,0.15014562010765076
196,0.266699081659317,1e-04,0.13077903,43426920.0,0.030254643,0.013394657,0.17367771,0.2569475769996643,0.1173950657248497,37473624.0,0.021564969792962074,0.009574918076395988,0.14685015380382538
197,0.2642567455768585,1e-04,0.12867792,43462150.0,0.029577592,0.013071714,0.17168444,0.2560119032859802,0.12147868424654007,38538648.0,0.02238292247056961,0.010097972117364407,0.14960923790931702
198,0.2638236701488495,1e-04,0.13611229,48909276.0,0.030887792,0.014232503,0.17556612,0.2533125877380371,0.12003778666257858,39326100.0,0.02141803689301014,0.009914524853229523,0.14634902775287628
199,0.2597661197185516,1e-04,0.12929967,47850004.0,0.028564665,0.013164034,0.16867888,0.2512464225292206,0.11612656712532043,37256480.0,0.021080540493130684,0.009428680874407291,0.14519138634204865
200,0.25802685022354127,1e-04,0.1268437,42685376.0,0.02854603,0.012693425,0.16853319,0.2497534602880478,0.11687441915273666,37771536.0,0.021293330937623978,0.009542392566800117,0.14592234790325165
201,0.2576999545097351,1e-04,0.13466454,48516276.0,0.029910034,0.013937002,0.17278557,0.24802599847316742,0.12161244451999664,42570508.0,0.021240323781967163,0.01019128505140543,0.1457405984401703
202,0.2567294597625732,1e-04,0.14028952,55398776.0,0.030615468,0.015022206,0.17467962,0.24574780464172363,0.11787530034780502,40594936.0,0.020636815577745438,0.009638536721467972,0.1436551958322525
203,0.2573749542236328,1e-04,0.13844529,45341684.0,0.03293225,0.01471476,0.18122168,0.24522286653518677,0.11853277683258057,37080180.0,0.02177414298057556,0.009700099937617779,0.14756064116954803
204,0.25362677574157716,1e-04,0.13508737,48300424.0,0.030826997,0.014117668,0.17535904,0.24295766651630402,0.12008310854434967,41710804.0,0.02112720161676407,0.00997560191899538,0.14535199105739594
205,0.2506306737661362,1e-04,0.13219778,49823256.0,0.029448977,0.013811849,0.17141399,0.24069520831108093,0.11718542873859406,39511660.0,0.020482292398810387,0.009607246145606041,0.14311635494232178
206,0.24935175478458405,1e-04,0.1322571,48074560.0,0.029777292,0.013608642,0.17202449,0.24031409621238708,0.12037343531847,38205936.0,0.021698055788874626,0.009885273873806,0.14730259776115417
207,0.24844960868358612,1e-04,0.13122626,45637540.0,0.030468855,0.013547259,0.17433521,0.2375519871711731,0.11362356692552567,35553992.0,0.02052125707268715,0.009105057455599308,0.1432524174451828
208,0.24657955765724182,1e-04,0.131636,47213576.0,0.030171985,0.013686113,0.17353985,0.2372705191373825,0.11865588277578354,36383260.0,0.021796144545078278,0.00972149707376957,0.14763517677783966
209,0.2442166566848755,1e-04,0.13246083,49483690.0,0.02936546,0.013606113,0.17084703,0.2344515174627304,0.1156071275472641,36379392.0,0.020527899265289307,0.009259382262825966,0.14327560365200043
210,0.24248808920383452,1e-04,0.13057396,48320412.0,0.029180784,0.01333309,0.17025533,0.2331141084432602,0.1154366210103035,36782028.0,0.020728863775730133,0.00923047587275505,0.14397521317005157
211,0.24119959771633148,1e-04,0.12712473,41565110.0,0.02942529,0.012878272,0.17145129,0.23162654042243958,0.11679448932409286,36144660.0,0.02077009528875351,0.009335177019238472,0.14411833882331848
212,0.23969519138336182,1e-04,0.13010535,47522024.0,0.029451955,0.013395655,0.17141113,0.2298116534948349,0.11439238488674164,36377444.0,0.02047872543334961,0.009131274186074734,0.14310389757156372
213,0.23904224634170532,1e-04,0.12965393,43093508.0,0.030313268,0.013383055,0.17371845,0.22827394306659698,0.11623525619506836,36963752.0,0.02044603042304516,0.009245773777365685,0.1429896205663681
214,0.23714581429958342,1e-04,0.13328734,48866536.0,0.029913912,0.013908131,0.1727224,0.22689183056354523,0.1183791533112526,38639996.0,0.02055107057094574,0.00956473033875227,0.14335644245147705
215,0.23479227721691132,1e-04,0.12912937,45000120.0,0.029046565,0.013091694,0.1698546,0.2251943051815033,0.1159021407365799,36919640.0,0.020337888970971107,0.009198883548378944,0.14261096715927124
216,0.23361338078975677,1e-04,0.12873068,42537580.0,0.02934428,0.012978414,0.17101504,0.22400790452957153,0.11609441041946411,36782424.0,0.02060910314321518,0.00930668693035841,0.14355871081352234
217,0.2336042732000351,1e-04,0.13690743,50452264.0,0.030772978,0.014636582,0.17539829,0.2223518192768097,0.1180567592382431,38460488.0,0.0203707292675972,0.009494801983237267,0.14272606372833252
218,0.23124628961086274,1e-04,0.13325617,49974136.0,0.029835116,0.014003893,0.17267103,0.22076037526130676,0.11515028029680252,37113200.0,0.020206037908792496,0.009159048087894917,0.1421479433774948
219,0.23058717250823973,1e-04,0.13600406,48910760.0,0.03058998,0.014327465,0.17465347,0.2193526178598404,0.11544084548950195,36735472.0,0.020189456641674042,0.009166096337139606,0.1420896053314209
220,0.22773436605930328,1e-04,0.1313563,49314440.0,0.029129839,0.013609958,0.17018607,0.21788343787193298,0.11640803515911102,38570872.0,0.02011031098663807,0.00928670447319746,0.1418108344078064
221,0.22595292925834656,1e-04,0.12917003,47639212.0,0.028727558,0.013088931,0.16920932,0.21723957359790802,0.1190938651561737,37813992.0,0.02083280123770237,0.00961429812014103,0.14433571696281433
222,0.22433409392833709,1e-04,0.12839147,46879836.0,0.02846766,0.01312017,0.16829957,0.21512626111507416,0.11705294996500015,38663832.0,0.02007065713405609,0.009520819410681725,0.14167094230651855
223,0.2251321017742157,1e-04,0.13712797,51372212.0,0.030616615,0.014529297,0.17492555,0.21486172080039978,0.12175692617893219,38817744.0,0.021154696121811867,0.010002506896853447,0.1454465389251709
224,0.22239297330379487,1e-04,0.13224857,46665576.0,0.029222418,0.013466095,0.1706811,0.21211236715316772,0.11380206793546677,38058208.0,0.01974259316921234,0.009168924763798714,0.14050833880901337
225,0.22066846191883088,1e-04,0.12803927,43272376.0,0.028830582,0.01309968,0.16967613,0.21074864268302917,0.11591477692127228,38696324.0,0.01970737800002098,0.009196428582072258,0.14038297533988953
226,0.2204247921705246,1e-04,0.13187371,48785420.0,0.029912615,0.013835674,0.1728404,0.2094179391860962,0.11565938591957092,38071016.0,0.019695982336997986,0.009169799275696278,0.1403423696756363
227,0.21796779930591584,1e-04,0.12802342,46264276.0,0.028768461,0.013027425,0.16950025,0.20821842551231384,0.11489444226026535,37600396.0,0.01979472115635872,0.009072291664779186,0.14069370925426483
228,0.21659541726112366,1e-04,0.1280531,44669016.0,0.028686192,0.012973288,0.16916816,0.2073623687028885,0.11855514347553253,39847808.0,0.020226754248142242,0.009609472006559372,0.14222079515457153
229,0.21485739350318908,1e-04,0.13536677,56935884.0,0.028232167,0.014238799,0.16778715,0.20514130592346191,0.11568847298622131,39834172.0,0.01927916333079338,0.009233517572283745,0.1388494223356247
230,0.21407887041568757,1e-04,0.12999207,46511384.0,0.028722579,0.013336107,0.16936812,0.20421858131885529,0.11495977640151978,38227600.0,0.019614234566688538,0.009154901839792728,0.14005082845687866
231,0.21192544102668762,1e-04,0.1294804,46582470.0,0.027818367,0.012969819,0.16637799,0.20260882377624512,0.11707104742527008,40643932.0,0.019241344183683395,0.009318419732153416,0.13871316611766815
232,0.2124816358089447,1e-04,0.13275664,50302836.0,0.029606873,0.013951053,0.17175017,0.20120546221733093,0.11552056670188904,40367440.0,0.019069120287895203,0.009158697910606861,0.13809098303318024
233,0.20953230261802674,1e-04,0.13109536,48552744.0,0.02788741,0.01313926,0.1668102,0.19980984926223755,0.11512301117181778,39406628.0,0.018896115943789482,0.009064893238246441,0.13746313750743866
234,0.2086591511964798,1e-04,0.12990662,47934252.0,0.028229978,0.013206333,0.16795364,0.19909918308258057,0.1156674176454544,38529228.0,0.019398152828216553,0.009204134345054626,0.13927724957466125
235,0.2068648338317871,1e-04,0.12954693,46973164.0,0.02764701,0.013231508,0.16567491,0.19759611785411835,0.11686179041862488,40298944.0,0.019096292555332184,0.009393850341439247,0.13818933069705963
236,0.20640626549720764,1e-04,0.13005368,48172144.0,0.028382163,0.013357373,0.16798766,0.19604671001434326,0.1125984638929367,37944400.0,0.018736962229013443,0.008849896490573883,0.13688302040100098
237,0.20491365790367128,1e-04,0.1283492,44919412.0,0.028073873,0.012980156,0.16726537,0.19495412707328796,0.11436311900615692,38273012.0,0.018813278526067734,0.008944395929574966,0.1371615082025528
238,0.20432252883911134,1e-04,0.1322896,50998108.0,0.028645718,0.013845138,0.16904806,0.19353260099887848,0.11586600542068481,42389724.0,0.01855170540511608,0.009390446357429028,0.13620464503765106
239,0.20209048986434935,1e-04,0.1324332,53420684.0,0.027570168,0.013609779,0.16590293,0.19285091757774353,0.11615382134914398,39362248.0,0.019016489386558533,0.009148424491286278,0.13790029287338257
240,0.20035601556301116,1e-04,0.12745412,48534310.0,0.026972314,0.012877503,0.16407427,0.19095274806022644,0.11206966638565063,39037612.0,0.018243033438920975,0.008786800317466259,0.13506677746772766
241,0.19964161813259124,1e-04,0.13117608,50374764.0,0.02737973,0.013233637,0.16505463,0.19014745950698853,0.11504359543323517,39792188.0,0.018555480986833572,0.009152466431260109,0.13621850311756134
242,0.19864577651023865,1e-04,0.13145092,52731580.0,0.027500287,0.013436841,0.16553709,0.18885518610477448,0.11350765079259872,39896316.0,0.01838122494518757,0.008962282910943031,0.13557738065719604
243,0.197405868768692,1e-04,0.12994961,46031884.0,0.027373945,0.0131101385,0.16502695,0.18832612037658691,0.1134672611951828,37398260.0,0.018951967358589172,0.008915766142308712,0.13766615092754364
244,0.19606637954711914,1e-04,0.12516399,44760580.0,0.027125508,0.012410489,0.1644929,0.18683919310569763,0.1143048033118248,41050608.0,0.01854776218533516,0.00922233797609806,0.13619017601013184
245,0.19668088555336,1e-04,0.13628963,53867508.0,0.028822165,0.014369172,0.1691449,0.18651561439037323,0.11889161914587021,41036836.0,0.019304614514112473,0.009664683602750301,0.13894104957580566
246,0.19508320093154907,1e-04,0.12997504,50022516.0,0.028304871,0.013415466,0.16795775,0.18493719398975372,0.11099708825349808,37068612.0,0.01880548521876335,0.008789584040641785,0.13713309168815613
247,0.19431641101837158,1e-04,0.12935603,43872576.0,0.02860955,0.013127975,0.16888282,0.18322864174842834,0.11219677329063416,38424384.0,0.018153175711631775,0.008748142048716545,0.13473372161388397
248,0.19402952790260314,1e-04,0.13562442,54995584.0,0.029365888,0.0142975245,0.17115691,0.1822604537010193,0.11495506763458252,41322048.0,0.018216734752058983,0.00918096024543047,0.13496938347816467
249,0.19117683470249175,1e-04,0.12967531,49112120.0,0.02755167,0.013105944,0.16593827,0.18232186138629913,0.11367714405059814,38577480.0,0.019321464002132416,0.009111485444009304,0.13900166749954224
250,0.18982920944690704,1e-04,0.12918675,48105450.0,0.027237374,0.012984212,0.16493767,0.1807452142238617,0.11602851003408432,40820984.0,0.018762793391942978,0.009229147806763649,0.13697734475135803
251,0.18906989991664885,1e-04,0.13158649,52109324.0,0.027491044,0.013559666,0.16563551,0.17920652031898499,0.11384069174528122,41137608.0,0.018233034759759903,0.009039361029863358,0.13502974808216095
252,0.1883360266685486,1e-04,0.13340206,51493800.0,0.027760293,0.013778101,0.16650914,0.1782555878162384,0.1148405447602272,40068500.0,0.01827865280210972,0.009018806740641594,0.13519856333732605
253,0.18730246722698213,1e-04,0.13002305,50661536.0,0.027727759,0.0133225545,0.16624685,0.1772090196609497,0.1125417947769165,39284032.0,0.018230903893709183,0.008851978927850723,0.1350218653678894
254,0.18556486666202546,1e-04,0.12964444,49752188.0,0.026974848,0.013202488,0.16412653,0.1758866161108017,0.11491381376981735,43103968.0,0.017879635095596313,0.009199089370667934,0.13371475040912628
255,0.1857624351978302,1e-04,0.130817,52662520.0,0.028147843,0.013668597,0.16769603,0.17486296594142914,0.1113581508398056,38964612.0,0.017836028710007668,0.008676713332533836,0.13355159759521484
256,0.18415612280368804,1e-04,0.1258936,45243456.0,0.027517196,0.012698121,0.16567796,0.17399801313877106,0.11229901015758514,39011248.0,0.017940716817975044,0.0087302066385746,0.13394296169281006
257,0.18371112942695617,1e-04,0.13097756,50265956.0,0.028042164,0.013468978,0.16729021,0.17294126749038696,0.11367723345756531,39874464.0,0.017852503806352615,0.008977668359875679,0.13361325860023499
258,0.18183870613574982,1e-04,0.13095498,52388140.0,0.027134856,0.013476756,0.16450347,0.17147831618785858,0.1110009178519249,40133256.0,0.017348671332001686,0.008766023442149162,0.1317143589258194
259,0.18110601007938384,1e-04,0.12865826,48091560.0,0.027356476,0.013160857,0.16513288,0.17016008496284485,0.11104908585548401,40453264.0,0.016978811472654343,0.008685917593538761,0.1303027719259262
260,0.1797027200460434,1e-04,0.13074556,53630730.0,0.026896734,0.013626011,0.16366503,0.17042522132396698,0.11501945555210114,43194512.0,0.01818116009235382,0.009395139291882515,0.1348375380039215
261,0.17897822558879853,1e-04,0.13291864,55382344.0,0.027106378,0.01407958,0.1644992,0.1691022664308548,0.11453243345022202,41417160.0,0.01778525859117508,0.009154821746051311,0.13336138427257538
262,0.17809756994247436,1e-04,0.13381486,57105516.0,0.02714469,0.014182271,0.16450259,0.1670331507921219,0.11117900162935257,43052520.0,0.016623977571725845,0.008903056383132935,0.12893401086330414
263,0.1771777540445328,1e-04,0.13529745,58777830.0,0.027128851,0.01445695,0.1645165,0.16678890585899353,0.11355919390916824,43680888.0,0.01728031411767006,0.009164981544017792,0.13145460188388824
264,0.17571493685245515,1e-04,0.13424072,56447732.0,0.02656793,0.014089307,0.16287276,0.16577759385108948,0.11331683397293091,43555008.0,0.017166566103696823,0.00916879903525114,0.13102124631404877
265,0.17352378368377686,1e-04,0.12974957,57033556.0,0.025267562,0.01343791,0.15855286,0.1652044802904129,0.11370790004730225,44878760.0,0.01748059317469597,0.009468909353017807,0.13221418857574463
266,0.17371104955673217,1e-04,0.13377719,56871464.0,0.026335772,0.013968488,0.16182527,0.16429978609085083,0.11448068916797638,46316304.0,0.017448462545871735,0.00953416246920824,0.13209262490272522
267,0.17362596690654755,1e-04,0.13392408,58105204.0,0.02712388,0.014234711,0.16407445,0.1638525426387787,0.11435927450656891,42663096.0,0.017874296754598618,0.009457758627831936,0.13369478285312653
268,0.1726650893688202,1e-04,0.13211535,53483056.0,0.027034938,0.0136341285,0.16398336,0.1632159948348999,0.11691471934318542,47278040.0,0.018102675676345825,0.009977464564144611,0.1345461905002594
269,0.17103739380836486,1e-04,0.13391303,61099788.0,0.026265647,0.014458992,0.16193,0.1624731421470642,0.11734643578529358,49615776.0,0.018216177821159363,0.010362595319747925,0.13496732711791992
270,0.1704912692308426,1e-04,0.1354706,58325920.0,0.026574278,0.014469582,0.16268134,0.1611929088830948,0.11538296937942505,46201040.0,0.01778414472937584,0.009753960184752941,0.1333572119474411
271,0.16847214102745056,1e-04,0.13114294,56380570.0,0.025399989,0.013477703,0.1589917,0.1603780835866928,0.11611296236515045,48546520.0,0.01780993677675724,0.010112922638654709,0.1334538757801056
272,0.16700781881809235,1e-04,0.13343449,62040500.0,0.024772184,0.014107828,0.15677978,0.1594035029411316,0.11634740978479385,48751628.0,0.017668623477220535,0.010205555707216263,0.13292337954044342
273,0.16734630465507508,1e-04,0.13527897,59076940.0,0.025945127,0.01443121,0.16091256,0.1592295914888382,0.11773480474948883,48297444.0,0.018326468765735626,0.0103885717689991,0.13537529110908508
274,0.16540407538414,1e-04,0.13248922,60592360.0,0.024828797,0.013933487,0.15661405,0.15796753764152527,0.11708829551935196,51348356.0,0.01788358762860298,0.010542746633291245,0.13372953236103058
275,0.1642737179994583,1e-04,0.13229635,60792716.0,0.024518693,0.013959654,0.15645882,0.15713787078857422,0.11696462333202362,50092432.0,0.017876608297228813,0.010528912767767906,0.13370344042778015
276,0.16390166878700257,1e-04,0.13579261,66129036.0,0.024967546,0.014793557,0.15746458,0.15669184923171997,0.11884209513664246,51739416.0,0.018245354294776917,0.01100198458880186,0.13507536053657532
277,0.1624409645795822,1e-04,0.13555317,64648296.0,0.024316411,0.014826834,0.15582885,0.15531647205352783,0.11702369898557663,52847588.0,0.01767418161034584,0.010845914483070374,0.1329442858695984
278,0.16096266806125642,1e-04,0.13497889,66452020.0,0.023640025,0.014555122,0.15359455,0.15498000383377075,0.11854647099971771,52952144.0,0.018133733421564102,0.011122221127152443,0.13466155529022217
279,0.16001556813716888,1e-04,0.13463213,67297020.0,0.023484908,0.014646848,0.15277584,0.15406832098960876,0.11830253899097443,55342184.0,0.018008355051279068,0.011317488737404346,0.1341952085494995
280,0.15890418589115143,1e-04,0.13303263,63550824.0,0.023157133,0.014206241,0.15207465,0.15353082120418549,0.11905018240213394,54900296.0,0.018253307789564133,0.01138332299888134,0.13510480523109436
281,0.15766744017601014,1e-04,0.13120005,64397856.0,0.022700958,0.014099215,0.15001251,0.1537955403327942,0.11893903464078903,51054760.0,0.019296126440167427,0.011206848546862602,0.13891050219535828
282,0.15777329802513124,1e-04,0.13515016,66747020.0,0.023583181,0.014583831,0.15334196,0.15188413858413696,0.1185818687081337,55279272.0,0.018155287951231003,0.01144853699952364,0.13474155962467194
283,0.15636428892612458,1e-04,0.13482472,69414456.0,0.022941224,0.014966665,0.15131709,0.15011140704154968,0.11452433466911316,55236208.0,0.01714564487338066,0.011030208319425583,0.13094137609004974
284,0.15596510767936705,1e-04,0.13609755,69010420.0,0.02330099,0.015004901,0.15221536,0.14899398386478424,0.11319006234407425,53103488.0,0.016780970618128777,0.010677751153707504,0.12954138219356537
285,0.15364729464054108,1e-04,0.13110372,66226388.0,0.021732228,0.014001578,0.14709961,0.14847323298454285,0.11366597563028336,54098040.0,0.017003262415528297,0.010801296681165695,0.13039655983448029
286,0.1526761084794998,1e-04,0.1309892,69291570.0,0.021500079,0.014340135,0.1461652,0.14716605842113495,0.1118093729019165,52452976.0,0.016429752111434937,0.01050140056759119,0.12817859649658203
287,0.15168582201004027,1e-04,0.13053177,62551960.0,0.021241395,0.013636705,0.14541034,0.14567139744758606,0.1078823134303093,52926336.0,0.015662945806980133,0.010173437185585499,0.12515169382095337
288,0.15225354135036467,1e-04,0.13381128,71707990.0,0.02253437,0.015123512,0.14969498,0.146573007106781,0.113385871052742,56518196.0,0.01728486642241478,0.011376342736184597,0.1314719170331955
289,0.14965479969978332,1e-04,0.1276894,64204416.0,0.020651551,0.01349316,0.14327843,0.14366748929023743,0.10505840182304382,50656256.0,0.01509034913033247,0.009802337735891342,0.12284278124570847
290,0.14930068850517272,1e-04,0.12857755,66601256.0,0.021006558,0.013764136,0.14479978,0.14433744549751282,0.11087286472320557,56613908.0,0.016465727239847183,0.01101678516715765,0.12831884622573853
291,0.14771029651165007,1e-04,0.12698488,66071390.0,0.020115195,0.013661811,0.14165923,0.14225178956985474,0.10476551949977875,53318584.0,0.015071658417582512,0.010045989416539669,0.12276668101549149
292,0.1474584609270096,1e-04,0.126773,63606600.0,0.020553853,0.013461262,0.14308465,0.14296242594718933,0.10903041064739227,51812384.0,0.016469795256853104,0.010464904829859734,0.12833470106124878
293,0.1462540239095688,1e-04,0.12681298,65689130.0,0.020034244,0.013512057,0.1411871,0.14113843441009521,0.1067994087934494,54849168.0,0.015324871987104416,0.010432974435389042,0.12379366904497147
294,0.14546582996845245,1e-04,0.12621774,67442350.0,0.019919187,0.013613634,0.1411182,0.14021457731723785,0.1051563024520874,52777328.0,0.01506764069199562,0.01009776908904314,0.12275031954050064
295,0.1441681921482086,1e-04,0.124089815,64097984.0,0.01928688,0.012987858,0.13862781,0.13904279470443726,0.10266304016113281,53178112.0,0.014558164402842522,0.009866273030638695,0.12065722048282623
296,0.14225410521030427,1e-04,0.120087996,62666584.0,0.018032063,0.012342711,0.13356343,0.1387871652841568,0.10468781739473343,52996136.0,0.014957787469029427,0.010068226605653763,0.12230203300714493
297,0.14253236651420592,1e-04,0.12198566,62599610.0,0.018961933,0.012644319,0.13755345,0.13740047812461853,0.10087008029222488,49693312.0,0.014218627475202084,0.00934547744691372,0.11924188584089279
298,0.14282940626144408,1e-04,0.12648761,66569376.0,0.019904904,0.01358027,0.14068353,0.13767480850219727,0.10505977272987366,52925516.0,0.015134962275624275,0.010167744010686874,0.12302423268556595
299,0.14127334654331208,1e-04,0.12276314,64759296.0,0.01898803,0.012970748,0.13766687,0.13620692491531372,0.10141003131866455,51262264.0,0.014300607144832611,0.0096042575314641,0.11958514899015427
300,0.14093835055828094,1e-04,0.124706924,64594790.0,0.019281363,0.01296223,0.13865152,0.13559263944625854,0.1037134975194931,48502968.0,0.01431017741560936,0.00941094383597374,0.11962515115737915
301,0.1389716625213623,1e-04,0.11731203,57541216.0,0.01793853,0.011728987,0.13379645,0.13440942764282227,0.09939273446798325,50917008.0,0.013750096783041954,0.009347586892545223,0.11726080626249313
302,0.13943683505058288,1e-04,0.12362311,66465280.0,0.019024713,0.0131936055,0.13761607,0.1350654810667038,0.10496045649051666,53748024.0,0.015021201223134995,0.010196019895374775,0.1225610077381134
303,0.1402246981859207,1e-04,0.1271584,63261824.0,0.020422408,0.013464788,0.1421912,0.13320137560367584,0.10186173021793365,47555300.0,0.013759609311819077,0.009094951674342155,0.11730135977268219
304,0.13748637437820435,1e-04,0.12139268,63572492.0,0.018284235,0.012579029,0.13482739,0.13352762162685394,0.10483378171920776,53061364.0,0.014683889225125313,0.009931143373250961,0.12117709964513779
305,0.1363807201385498,1e-04,0.11955687,66861940.0,0.017772067,0.012582409,0.13318497,0.1316845715045929,0.09877362847328186,50879908.0,0.013425190933048725,0.009122321382164955,0.11586712300777435
306,0.13596826791763306,1e-04,0.1191682,59124360.0,0.01794061,0.011878221,0.13384333,0.13121460378170013,0.10070312023162842,48594352.0,0.01353523787111044,0.008970819413661957,0.11634103953838348
307,0.1341344654560089,1e-04,0.113906026,57566388.0,0.01668865,0.011120681,0.12899895,0.13105228543281555,0.10143335163593292,53533772.0,0.013955331407487392,0.009609086439013481,0.11813268810510635
308,0.13377417027950286,1e-04,0.116433725,64032524.0,0.016906535,0.011935316,0.12953496,0.13067030906677246,0.10251441597938538,50911752.0,0.014145344495773315,0.009591267444193363,0.11893419921398163
309,0.13447048962116243,1e-04,0.12082523,62554124.0,0.018172491,0.012388995,0.13419122,0.12907704710960388,0.09722864627838135,48648048.0,0.013118946924805641,0.008891132660210133,0.11453796923160553
310,0.1330485910177231,1e-04,0.11707846,60876524.0,0.017314475,0.011813517,0.13112971,0.1292523592710495,0.10135650634765625,49335144.0,0.013853002339601517,0.009340991266071796,0.1176987811923027
311,0.13234180510044097,1e-04,0.11705186,63294850.0,0.017165352,0.011905363,0.1306682,0.12864869832992554,0.10092639923095703,51561628.0,0.013804977759718895,0.009443705901503563,0.11749458312988281
312,0.13031107187271118,1e-04,0.11055337,53156340.0,0.015687281,0.010321754,0.12462102,0.12710975110530853,0.09837812185287476,45919280.0,0.012815386056900024,0.008524542674422264,0.11320506036281586
313,0.13172038793563842,1e-04,0.1180004,59514530.0,0.017646333,0.01176171,0.1320905,0.12824346125125885,0.1049872487783432,52019600.0,0.014499809592962265,0.009702125564217567,0.12041515856981277
314,0.13145533204078674,1e-04,0.12185103,68752050.0,0.017927546,0.012948443,0.13337067,0.1278260201215744,0.10471721738576889,51058352.0,0.014616498723626137,0.00974605605006218,0.12089871615171432
315,0.13074577748775482,1e-04,0.11807187,60396504.0,0.01774473,0.011847237,0.13250652,0.1253378540277481,0.0973411351442337,42886800.0,0.01264998223632574,0.008137855678796768,0.11247213929891586
316,0.1291396677494049,1e-04,0.11518397,58065464.0,0.016662164,0.011155009,0.1288012,0.12607945501804352,0.10291873663663864,50798432.0,0.013917798176407814,0.009297912009060383,0.11797371506690979
317,0.12760097086429595,1e-04,0.11217586,61793336.0,0.015647003,0.01117528,0.124811016,0.12447996437549591,0.09639807045459747,47537896.0,0.012836065143346786,0.008632421493530273,0.11329635977745056
318,0.12850848585367203,1e-04,0.11557156,57806196.0,0.017070556,0.0113688335,0.13001116,0.12334257364273071,0.0953763797879219,46991316.0,0.012214072048664093,0.008268328383564949,0.11051729321479797
319,0.12604898065328599,1e-04,0.11030184,58429452.0,0.015125099,0.010503855,0.1228748,0.12435721606016159,0.10175352543592453,49019220.0,0.013739772140979767,0.009170589968562126,0.11721677333116531
320,0.12533413022756576,1e-04,0.109448716,58759028.0,0.014919834,0.01046676,0.12196863,0.12324217706918716,0.096946120262146,46557708.0,0.013130719773471355,0.00860946998000145,0.11458935588598251
321,0.12510950714349747,1e-04,0.10902731,55419244.0,0.015199383,0.010274843,0.12257048,0.12273027002811432,0.09879406541585922,49958772.0,0.013121082447469234,0.008939351886510849,0.11454728990793228
322,0.12443599253892898,1e-04,0.10697073,51047732.0,0.01502606,0.009856132,0.122207224,0.12125206738710403,0.095738485455513,46113760.0,0.012140491977334023,0.008214361034333706,0.11018390208482742
323,0.12381095737218857,1e-04,0.10906477,57827596.0,0.014898136,0.010401607,0.1218768,0.12286829203367233,0.10463252663612366,50591008.0,0.014250943437218666,0.009467694908380508,0.11937731504440308
324,0.12327097356319427,1e-04,0.10910182,57626656.0,0.014847795,0.010419871,0.12171312,0.12046797573566437,0.09566325694322586,46897712.0,0.01233532465994358,0.008351484313607216,0.11106450855731964
325,0.12302429974079132,1e-04,0.10861963,56036160.0,0.0150853945,0.010274509,0.12261154,0.12077806890010834,0.09969653189182281,48801448.0,0.013128712773323059,0.008820915594696999,0.11458059400320053
326,0.12138865441083908,1e-04,0.10519,56468012.0,0.013930952,0.009808469,0.117617525,0.12011691182851791,0.0983532965183258,47031996.0,0.01294496189802885,0.008726641535758972,0.11377593129873276
327,0.12093773186206817,1e-04,0.10516946,53552628.0,0.0139559,0.009514949,0.11802826,0.11869954317808151,0.0950075089931488,45803304.0,0.012002743780612946,0.008143564686179161,0.10955703258514404
328,0.12083985507488251,1e-04,0.10650492,54724340.0,0.0143326195,0.009883329,0.11956835,0.12071444094181061,0.10575559735298157,49969664.0,0.014490975067019463,0.009466966614127159,0.12037846446037292
329,0.12075533419847488,1e-04,0.10906341,57822924.0,0.014717819,0.010291956,0.12047694,0.11897336691617966,0.09966403990983963,47437760.0,0.013213247060775757,0.008828203193843365,0.11494889110326767
330,0.11968469768762588,1e-04,0.105594635,53973812.0,0.014109408,0.009556418,0.11847484,0.11758813261985779,0.09649050980806351,46291960.0,0.012290083803236485,0.008274435997009277,0.11086065322160721
331,0.11971601694822312,1e-04,0.105819836,51985908.0,0.014601151,0.0097630285,0.12049568,0.11843568086624146,0.1017688736319542,48088376.0,0.013595961965620518,0.008988307788968086,0.11660172045230865
332,0.11897906064987182,1e-04,0.107228324,58913656.0,0.014321461,0.010164924,0.11944498,0.11820182204246521,0.10235050320625305,47451760.0,0.013815730810165405,0.00902542844414711,0.11754033714532852
333,0.11824945956468583,1e-04,0.105382144,56133364.0,0.014041631,0.009790313,0.11814358,0.11586926877498627,0.09396801888942719,46060196.0,0.011928634718060493,0.0080907316878438,0.1092182919383049
334,0.11768785268068313,1e-04,0.10478393,53802508.0,0.013925371,0.009487639,0.117951155,0.11685840785503387,0.10075311362743378,48026040.0,0.013362463563680649,0.00890886876732111,0.11559612303972244
335,0.11708238273859024,1e-04,0.1042248,54026420.0,0.013763073,0.00946052,0.11666508,0.11594486236572266,0.0985105037689209,47919344.0,0.012889541685581207,0.008651036769151688,0.11353211849927902
336,0.11585711389780044,1e-04,0.10155408,53951544.0,0.012976584,0.009071206,0.1138594,0.11544394493103027,0.09829382598400116,46491544.0,0.012825443409383297,0.008620567619800568,0.11324947327375412
337,0.1152927741408348,1e-04,0.09997593,51142090.0,0.012848454,0.008772602,0.11273322,0.11486075818538666,0.0985674262046814,45575352.0,0.012677954509854317,0.00847378745675087,0.11259642243385315
338,0.11525498926639557,1e-04,0.101405516,51925900.0,0.013245739,0.009117819,0.11477222,0.11512421071529388,0.10057108104228973,47380528.0,0.013374162837862968,0.00884966365993023,0.11564671248197556
339,0.11440250873565674,1e-04,0.10058729,50524576.0,0.012822318,0.0087041585,0.11302632,0.11399009823799133,0.09952722489833832,45011464.0,0.01266375370323658,0.008380595594644547,0.11253334581851959
340,0.1153328537940979,1e-04,0.10523097,52510012.0,0.014175916,0.0094212,0.11854322,0.11401455104351044,0.0997723639011383,47411384.0,0.01311192661523819,0.008606906980276108,0.11450731754302979
341,0.11392249166965485,1e-04,0.10317937,55562092.0,0.013188111,0.009329891,0.114586756,0.11371416598558426,0.10059057921171188,46997392.0,0.013228964060544968,0.008727345615625381,0.11501723527908325
342,0.11352263987064362,1e-04,0.1014251,50715884.0,0.013203521,0.008906105,0.11401458,0.11171011626720428,0.09367262572050095,44591680.0,0.011641319841146469,0.007854105904698372,0.10789494961500168
343,0.11205153614282608,1e-04,0.09845461,52458500.0,0.012147891,0.008480603,0.11005552,0.11415331065654755,0.10579640418291092,49237248.0,0.014498156495392323,0.009310685098171234,0.12040828913450241
344,0.11280356496572494,1e-04,0.1042397,56874696.0,0.013312466,0.009655994,0.11480844,0.11160802841186523,0.09687289595603943,46352464.0,0.012359309941530228,0.00831349566578865,0.11117243021726608
345,0.11121408343315124,1e-04,0.09698712,48070750.0,0.012125207,0.008105847,0.109680235,0.11080771684646606,0.09547790884971619,44801732.0,0.011959616094827652,0.00805438682436943,0.10936003178358078
346,0.11119744628667831,1e-04,0.099479064,49521716.0,0.012510521,0.008396663,0.11159606,0.11202987283468246,0.10204245150089264,49531024.0,0.013584379106760025,0.008988727815449238,0.11655204743146896
347,0.1111889898777008,1e-04,0.101527914,54166440.0,0.012902466,0.008952076,0.11328225,0.1100233867764473,0.09560059010982513,45044936.0,0.011973355896770954,0.008052248507738113,0.10942283272743225
348,0.1097579374909401,1e-04,0.094605476,45156936.0,0.011865692,0.007823002,0.10820626,0.10973463207483292,0.09669256210327148,43115020.0,0.012080291286110878,0.00803203321993351,0.10991037636995316
349,0.11071543395519257,1e-04,0.102791145,53472450.0,0.013220238,0.009126797,0.1146932,0.1121862530708313,0.10813114047050476,50232628.0,0.014927214942872524,0.009560851380228996,0.12217698246240616
350,0.11035773307085037,1e-04,0.103576824,55878804.0,0.013251903,0.009388164,0.114765905,0.10979422181844711,0.10003116726875305,44716240.0,0.01291569322347641,0.00843498669564724,0.1136472299695015
351,0.1093337744474411,1e-04,0.09875856,46438020.0,0.01260714,0.008229489,0.112137124,0.10825223475694656,0.09459774196147919,43340576.0,0.011756259948015213,0.007808283437043428,0.1084262877702713
352,0.10793202668428421,1e-04,0.093460426,45894324.0,0.0115913395,0.007793999,0.10703585,0.1085461750626564,0.09753000736236572,46481424.0,0.012435517273843288,0.0081810113042593,0.11151465028524399
353,0.10754787027835847,1e-04,0.09578679,49449544.0,0.011587893,0.008028421,0.107034184,0.10982612520456314,0.10483819991350174,44219608.0,0.014091740362346172,0.00900701992213726,0.11870863288640976
354,0.10790828317403793,1e-04,0.098257944,49643956.0,0.012323197,0.008451901,0.110820316,0.10654404014348984,0.09010478109121323,43170176.0,0.011182570829987526,0.007452143356204033,0.10574767738580704
355,0.10825867503881455,1e-04,0.101247095,49895548.0,0.013045515,0.008749455,0.113784455,0.10851913690567017,0.1016274094581604,45069684.0,0.013527588918805122,0.008702842518687248,0.11630816012620926
356,0.10610563606023789,1e-04,0.094735466,48293470.0,0.011262579,0.0077812076,0.10596532,0.10566221177577972,0.09003376960754395,42161760.0,0.01104095671325922,0.007295879069715738,0.10507595539093018
357,0.10654163658618927,1e-04,0.09820253,48685010.0,0.012066866,0.008179648,0.109720066,0.10646721720695496,0.09657837450504303,44356276.0,0.012210384011268616,0.007960185408592224,0.11050060391426086
358,0.10594622492790222,1e-04,0.096368864,47496628.0,0.011833618,0.007944968,0.10840076,0.10556852072477341,0.09347781538963318,43963312.0,0.011672751978039742,0.00765435304492712,0.10804051160812378
359,0.10572917461395263,1e-04,0.096262984,47944856.0,0.011976791,0.008123907,0.10918029,0.10559076815843582,0.09559686481952667,43243520.0,0.012052762322127819,0.00786565151065588,0.10978507250547409
360,0.10470122545957565,1e-04,0.094605416,47457400.0,0.011305831,0.0076813074,0.10624181,0.104937344789505,0.09508499503135681,41823496.0,0.0117548368871212,0.007642554119229317,0.10841972380876541
361,0.10494432002305984,1e-04,0.095200814,46462188.0,0.011903412,0.007929698,0.10883832,0.1051822304725647,0.09657438099384308,43923276.0,0.012353980913758278,0.00797561090439558,0.11114846169948578
362,0.10481629371643067,1e-04,0.09657312,49674024.0,0.012128843,0.008197211,0.109584175,0.10434608161449432,0.09465596079826355,43743660.0,0.011867998167872429,0.007741755805909634,0.10894034057855606
363,0.10339119583368302,1e-04,0.093451045,47162036.0,0.011052908,0.0075483667,0.104671314,0.10421627014875412,0.09635035693645477,43123552.0,0.012086207047104836,0.007844059728085995,0.10993728786706924
364,0.10389960557222366,1e-04,0.09651206,46794924.0,0.011907684,0.008057539,0.10828389,0.10393673181533813,0.09634597599506378,44498924.0,0.012150732800364494,0.007880600169301033,0.11023036390542984
365,0.10333403050899506,1e-04,0.09623765,48386910.0,0.011683926,0.008024131,0.10761273,0.10412705689668655,0.09835443645715714,43287824.0,0.012680264189839363,0.00796635914593935,0.11260668188333511
366,0.1023750588297844,1e-04,0.094163254,48969236.0,0.011061732,0.007737034,0.1049974,0.1026744619011879,0.09345971792936325,42335016.0,0.011561783030629158,0.0074623990803956985,0.10752572864294052
367,0.10191872268915177,1e-04,0.09093837,43060056.0,0.0109402435,0.0072331307,0.10407028,0.10133235901594162,0.08904281258583069,41138752.0,0.0105555709451437,0.006926806643605232,0.10274031013250351
368,0.1017966940999031,1e-04,0.09252654,43573748.0,0.011153715,0.007345213,0.105534576,0.10249742865562439,0.09616821259260178,42556496.0,0.01205538585782051,0.007723319344222546,0.10979702323675156
369,0.10176019668579102,1e-04,0.094104424,48766730.0,0.011451697,0.0078351125,0.10663583,0.10146588832139969,0.09215732663869858,42256600.0,0.011355675756931305,0.007310317829251289,0.1065630167722702
370,0.10170029550790786,1e-04,0.09336438,44967850.0,0.011720985,0.007675326,0.107923724,0.10118620842695236,0.09311696887016296,40857208.0,0.011404015123844147,0.007318297401070595,0.10678958147764206
371,0.10130389332771302,1e-04,0.09691195,48312740.0,0.011653589,0.007861886,0.10784882,0.10338786989450455,0.10420431196689606,46285000.0,0.013933874666690826,0.008581658825278282,0.11804183572530746
372,0.10045862197875977,1e-04,0.092736475,47170870.0,0.01113243,0.007524971,0.105175234,0.09966635704040527,0.08891626447439194,38052056.0,0.01053216215223074,0.006752504967153072,0.10262632369995117
373,0.1005700796842575,1e-04,0.09275876,43418520.0,0.011565584,0.007460664,0.10710937,0.10203172266483307,0.10043402016162872,42458760.0,0.013221084140241146,0.008021160028874874,0.114982970058918
374,0.09953829050064086,1e-04,0.09212821,44971324.0,0.010855143,0.007313186,0.10386749,0.10027693957090378,0.09488340467214584,41123688.0,0.011783608235418797,0.007468203082680702,0.10855232924222946
375,0.09922618567943572,1e-04,0.09168693,44940620.0,0.010859182,0.0072815195,0.10415248,0.09934747219085693,0.0919746458530426,41928960.0,0.01116807758808136,0.007204325869679451,0.10567912459373474
376,0.09838448017835617,1e-04,0.086961105,40058468.0,0.010329624,0.0066598593,0.10089515,0.09807629883289337,0.08770694583654404,38094980.0,0.010207507759332657,0.006575682666152716,0.10103221237659454
377,0.09852566719055175,1e-04,0.0901689,43721160.0,0.010782174,0.007125539,0.10302143,0.09930159896612167,0.09413448721170425,42716208.0,0.011746279895305634,0.007403870578855276,0.1083802580833435
378,0.09811006188392639,1e-04,0.09122535,46271436.0,0.010679068,0.007303358,0.10321541,0.09930015355348587,0.09557293355464935,43711976.0,0.012054342776536942,0.0076180268079042435,0.10979226976633072
379,0.09739331305027008,1e-04,0.08903317,44365824.0,0.010270211,0.0069191493,0.10101737,0.09893384575843811,0.09553169459104538,40829992.0,0.01199488714337349,0.0074901278130710125,0.10952117294073105
380,0.09684112966060639,1e-04,0.08881223,44327050.0,0.010024682,0.0068025575,0.10007994,0.09810449182987213,0.0935259610414505,41929572.0,0.011471305973827839,0.00736710149794817,0.10710418224334717
381,0.09778396338224411,5e-05,0.09316095,46657516.0,0.011211185,0.007545962,0.10573083,0.09788936376571655,0.09326624125242233,41612928.0,0.01140688732266426,0.007331795059144497,0.1068030297756195
382,0.09731679409742355,5e-05,0.09028922,42911760.0,0.010895044,0.007139285,0.10408233,0.09818476438522339,0.0947779044508934,43895880.0,0.011854369193315506,0.007652302272617817,0.1088777706027031
383,0.09683432281017304,5e-05,0.09068851,45112052.0,0.010564422,0.0071520107,0.102536835,0.09796749800443649,0.09455657750368118,42585824.0,0.01178758591413498,0.007524704560637474,0.1085706502199173
384,0.09631717950105667,5e-05,0.088909894,43556290.0,0.010196984,0.0068804263,0.10062317,0.09732247143983841,0.09247513115406036,40294768.0,0.011291652917861938,0.007208510302007198,0.1062621921300888
385,0.09753463417291641,5e-05,0.093098365,43501920.0,0.011563284,0.0076025026,0.106650695,0.09708891808986664,0.09226810932159424,42073528.0,0.011206777766346931,0.007235418539494276,0.10586206614971161
386,0.09615900367498398,5e-05,0.09058603,46355096.0,0.010336039,0.007109602,0.101440445,0.09871989488601685,0.09941927343606949,43980552.0,0.01298507396131754,0.008060194551944733,0.11395207047462463
387,0.0961021214723587,5e-05,0.09015382,44847336.0,0.010425801,0.007006368,0.10200404,0.09618872404098511,0.0885031446814537,39847816.0,0.01060040295124054,0.006859775632619858,0.10295826196670532
388,0.09576628059148788,5e-05,0.08820169,43552150.0,0.010236703,0.006844221,0.10106274,0.09597137570381165,0.08883215487003326,40811040.0,0.010529978200793266,0.006837381981313229,0.10261568427085876
389,0.09537836909294128,5e-05,0.08787029,42601164.0,0.009996814,0.0066937185,0.09992422,0.09678001701831818,0.0930015966296196,41195956.0,0.011487980373203754,0.007322050165385008,0.10718199610710144
390,0.09574984163045883,5e-05,0.09073847,45682696.0,0.010516009,0.007051742,0.10245939,0.09613516926765442,0.09104833751916885,42020204.0,0.010989401489496231,0.007117476314306259,0.10483034700155258
391,0.09536735266447068,5e-05,0.08898694,41657636.0,0.010280144,0.0067502605,0.10124397,0.09573788940906525,0.08992370963096619,39752756.0,0.010738607496023178,0.006915923207998276,0.10362724959850311
392,0.09514494687318802,5e-05,0.08851855,43694064.0,0.010203818,0.0068682483,0.10091146,0.09588184207677841,0.09146632254123688,41009564.0,0.01102826651185751,0.0070861815474927425,0.10501555353403091
393,0.09557209312915801,5e-05,0.09026938,44482612.0,0.010776697,0.007130757,0.10332309,0.09558495879173279,0.09070900827646255,40796760.0,0.010876858606934547,0.007037715520709753,0.10429217666387558
394,0.09478424340486527,5e-05,0.0883794,43631476.0,0.010134529,0.0068123564,0.100631796,0.09601032733917236,0.09245273470878601,43267240.0,0.011447741650044918,0.007383093237876892,0.10699412226676941
395,0.09445172846317292,5e-05,0.0872597,43732970.0,0.009946647,0.0067434036,0.0994764,0.09498295187950134,0.08864577114582062,39261688.0,0.010563832707703114,0.0068585630506277084,0.10278050601482391
396,0.09438856840133666,5e-05,0.08658419,41289516.0,0.010026934,0.006586666,0.09992286,0.09480107575654984,0.08846372365951538,39826440.0,0.010525967925786972,0.006848303135484457,0.10259614139795303
397,0.09457003474235534,5e-05,0.0891207,42151984.0,0.010352304,0.0068663396,0.10155358,0.09497234970331192,0.08972924202680588,39974248.0,0.010840506292879581,0.006870816927403212,0.104117751121521
398,0.09405822902917862,5e-05,0.08795421,42157224.0,0.0099839615,0.006602145,0.09958012,0.09433048218488693,0.08811761438846588,39525024.0,0.010342579334974289,0.00670541962608695,0.10169847309589386
399,0.09387564361095428,5e-05,0.086929366,41100764.0,0.009945333,0.006527393,0.099550016,0.09423308819532394,0.08730366080999374,40181880.0,0.010389339178800583,0.006707075983285904,0.10192810744047165
400,0.09354333430528641,5e-05,0.08672191,42692870.0,0.009757116,0.00649646,0.09861619,0.09421920776367188,0.08800050616264343,40620312.0,0.01051892340183258,0.0068319267593324184,0.10256180167198181
401,0.09394042938947678,5e-05,0.088519275,41959856.0,0.010297166,0.0067786695,0.101345584,0.09405961632728577,0.08784672617912292,39291560.0,0.01050183828920126,0.006667801644653082,0.10247847437858582
402,0.09310664087533951,5e-05,0.086237326,41712030.0,0.009605916,0.0063736164,0.09780548,0.09354277700185776,0.08652205020189285,39859012.0,0.010127799585461617,0.0065975431352853775,0.10063696652650833
403,0.09360044002532959,5e-05,0.088463224,43661710.0,0.010242899,0.006803977,0.10114324,0.09366139769554138,0.08715455234050751,40888128.0,0.010389688424766064,0.006771876476705074,0.10192982107400894
404,0.09359128028154373,5e-05,0.08816878,41240920.0,0.010376391,0.0067715244,0.10164459,0.0943242534995079,0.09175611287355423,42268588.0,0.011194195598363876,0.007175852078944445,0.10580262541770935
405,0.09295573830604553,5e-05,0.088688046,42590228.0,0.009881837,0.0066143647,0.09931466,0.09345538914203644,0.08882123231887817,39583484.0,0.010464891791343689,0.006749982945621014,0.10229805111885071
406,0.0927666112780571,5e-05,0.08525018,39440824.0,0.00983194,0.0063525336,0.09899232,0.0923941433429718,0.08301728963851929,37210824.0,0.009543955326080322,0.006166492123156786,0.09769316762685776
407,0.09278863072395324,5e-05,0.085679725,37653830.0,0.009995435,0.0063439505,0.09949798,0.0932219997048378,0.08729876577854156,39625712.0,0.010514415800571442,0.00669084070250392,0.10253982245922089
408,0.09267299324274063,5e-05,0.0878528,42147690.0,0.01002142,0.0065858364,0.099973075,0.09351693838834763,0.09148409217596054,39527000.0,0.010948486626148224,0.006928210146725178,0.10463501513004303
409,0.09270662665367127,5e-05,0.08777828,42665404.0,0.010193392,0.0067682387,0.10080262,0.09192006289958954,0.08247872442007065,37034232.0,0.009490393102169037,0.006112123839557171,0.0974186509847641
410,0.09219148606061936,5e-05,0.08642818,42223532.0,0.009818231,0.0065075383,0.09889299,0.09289892762899399,0.08834715187549591,39433332.0,0.010609937831759453,0.006664861924946308,0.10300455242395401
411,0.09219207018613815,5e-05,0.08663952,40253896.0,0.009958287,0.006459632,0.0997633,0.09225644171237946,0.08659636229276657,37768332.0,0.010105464607477188,0.006408362183719873,0.10052593797445297
412,0.09232024103403091,5e-05,0.087150164,40793524.0,0.010225285,0.006632629,0.100950435,0.09205253422260284,0.08504682779312134,39756228.0,0.01004116702824831,0.006466302089393139,0.10020562261343002
413,0.0916149601340294,5e-05,0.08601746,42237010.0,0.009658919,0.0064972816,0.09821387,0.09198562800884247,0.08638525009155273,38075372.0,0.01011207327246666,0.006409402005374432,0.100558802485466
414,0.09113427251577377,2.5e-05,0.084892884,40298696.0,0.0092879925,0.006169307,0.09626122,0.0920538678765297,0.08768106997013092,38564500.0,0.010248564183712006,0.006512382999062538,0.10123519599437714
415,0.09161480963230133,2.5e-05,0.08706105,40080710.0,0.009836975,0.006372267,0.09900375,0.0919690653681755,0.08636598289012909,37243080.0,0.01023247092962265,0.006381616927683353,0.10115567594766617
416,0.09130369424819947,2.5e-05,0.085111745,39911124.0,0.009594566,0.006286581,0.09767165,0.09141092747449875,0.08423421531915665,37288884.0,0.009743002243340015,0.006214320193976164,0.09870664775371552
417,0.0910629764199257,2.5e-05,0.08528693,40558588.0,0.009422741,0.0062214024,0.09688922,0.09139776229858398,0.08435279130935669,38199416.0,0.009798843413591385,0.006264446768909693,0.0989891067147255
418,0.09168301522731781,2.5e-05,0.087817654,41742120.0,0.010111565,0.0066811806,0.10027883,0.09151246398687363,0.08616339415311813,37456016.0,0.009981872513890266,0.006324952468276024,0.09990932047367096
419,0.09183672070503235,2.5e-05,0.08716698,39897600.0,0.010333213,0.006596157,0.10118773,0.09136854857206345,0.08677739650011063,36807100.0,0.009905893355607986,0.006343092303723097,0.09952835738658905
420,0.0914783701300621,2.5e-05,0.08708988,40823724.0,0.010043425,0.0066104075,0.100041494,0.09124953299760818,0.08474329113960266,38157240.0,0.009856048971414566,0.006303604692220688,0.09927763789892197
421,0.09125907719135284,2.5e-05,0.086935796,41187840.0,0.009893136,0.0064792535,0.09944133,0.09151732921600342,0.0860234871506691,38590464.0,0.010192091576755047,0.006424570921808481,0.10095588862895966
422,0.09086486548185349,2.5e-05,0.08656423,42622380.0,0.0095660435,0.006415227,0.097705044,0.09108727425336838,0.08535826206207275,37773488.0,0.009828262962400913,0.006266391836106777,0.09913759678602219
423,0.09141578823328018,2.5e-05,0.08683752,39842600.0,0.010183561,0.0066193203,0.09997054,0.09138324111700058,0.08711083978414536,35756280.0,0.010191197507083416,0.006303923204541206,0.10095146298408508
424,0.09162981063127518,2.5e-05,0.08740874,40551468.0,0.01046468,0.0066979467,0.10197593,0.09053686261177063,0.08367200195789337,36417752.0,0.009412430226802826,0.006014656275510788,0.09701768308877945
425,0.09055503308773041,2.5e-05,0.08474222,40158900.0,0.009458227,0.006213229,0.09708702,0.09047605097293854,0.08122199773788452,36901688.0,0.009420628659427166,0.006000872701406479,0.09705992043018341
426,0.09084377586841583,2.5e-05,0.08712675,42824212.0,0.009815549,0.0066228434,0.09896897,0.09083638340234756,0.08419870585203171,38373780.0,0.009848679415881634,0.0062548089772462845,0.0992405116558075
427,0.09229667037725449,2.5e-05,0.09362713,45647604.0,0.011335865,0.0075451946,0.10615535,0.0911942794919014,0.08688826858997345,38925284.0,0.010273313149809837,0.006458983290940523,0.1013573557138443
428,0.09045437723398209,2.5e-05,0.0861934,40208692.0,0.009559731,0.0062725334,0.0977333,0.09062638878822327,0.08523441851139069,37094128.0,0.009771391749382019,0.006147920619696379,0.09885034710168839
429,0.09167943894863129,1.25e-05,0.090164244,42752612.0,0.010837871,0.007119638,0.1032366,0.0901934802532196,0.08288715779781342,36667784.0,0.009372069500386715,0.006010797340422869,0.09680944681167603
430,0.0904614970088005,1.25e-05,0.08597917,39909104.0,0.009653437,0.006304778,0.09809308,0.09031190723180771,0.08220204710960388,37802340.0,0.009524080902338028,0.0061304764822125435,0.09759140014648438
431,0.09096788465976716,1.25e-05,0.08666488,40208424.0,0.010193513,0.006643129,0.100678965,0.0903795063495636,0.08308136463165283,38523176.0,0.009625290520489216,0.006152105052024126,0.09810856729745865
432,0.09059137403964997,1.25e-05,0.087449245,43588588.0,0.009850457,0.0066344403,0.09910603,0.09025047719478607,0.08279400318861008,36937696.0,0.00952951516956091,0.006052340846508741,0.09761923551559448
433,0.09041973650455475,1.25e-05,0.08621971,40500948.0,0.009712102,0.0063372976,0.09812717,0.09055707603693008,0.08472950756549835,38386032.0,0.00986969843506813,0.006359046790748835,0.0993463546037674
434,0.09062198251485824,6.25e-06,0.087009534,40352504.0,0.009941401,0.006472937,0.099576935,0.09025195986032486,0.08350779861211777,38287744.0,0.009581570513546467,0.0061504472978413105,0.09788549691438675
435,0.09081800282001495,6.25e-06,0.0882369,43241176.0,0.01015435,0.006668209,0.100294515,0.0901140570640564,0.08232573419809341,37570128.0,0.009460579603910446,0.006067521870136261,0.09726551175117493
436,0.09041454941034317,6.25e-06,0.08621283,41981864.0,0.00976787,0.0064680194,0.098758556,0.0900779739022255,0.08244729042053223,37918072.0,0.009441517293453217,0.006057402119040489,0.0971674695611
437,0.09030793011188507,6.25e-06,0.08587708,41481068.0,0.0096782325,0.0063866912,0.09832104,0.09011057019233704,0.0826788991689682,37397776.0,0.009491020813584328,0.0060593122616410255,0.09742186963558197
438,0.0910850003361702,6.25e-06,0.088352226,42452876.0,0.010472266,0.0068826405,0.10134567,0.08998595923185349,0.08204227685928345,37012912.0,0.009383385069668293,0.006032062694430351,0.0968678742647171
439,0.09065056294202804,6.25e-06,0.08620699,40595564.0,0.010054703,0.0064420914,0.10005703,0.09005039930343628,0.08251148462295532,36465028.0,0.009464558213949203,0.006031987257301807,0.09728596359491348
440,0.09111340641975403,6.25e-06,0.0889584,43795784.0,0.010534274,0.0070202947,0.10208521,0.09017154574394226,0.0830189660191536,38544200.0,0.009602440521121025,0.006203558761626482,0.09799204021692276
441,0.09093841761350632,3.125e-06,0.088883184,42790068.0,0.010372626,0.0067895516,0.10150908,0.08997349441051483,0.08237667381763458,37875472.0,0.00941272359341383,0.006055701058357954,0.09701919555664062
442,0.09034723639488221,3.125e-06,0.086491406,41413784.0,0.00978985,0.0064131087,0.09886978,0.09025829285383224,0.08320796489715576,37345344.0,0.009705972857773304,0.00614096550270915,0.09851889312267303
443,0.09092051088809967,3.125e-06,0.08874148,42129090.0,0.010371552,0.00681739,0.10157152,0.0898708924651146,0.08121273666620255,36627016.0,0.009326977655291557,0.005957585759460926,0.0965762808918953
444,0.09003351777791976,3.125e-06,0.085250795,41654996.0,0.009492974,0.0062838765,0.09700566,0.09018722921609879,0.08280740678310394,36621808.0,0.009651740081608295,0.006061535328626633,0.09824326634407043
445,0.09012032598257065,3.125e-06,0.086208455,42430536.0,0.00958824,0.006450505,0.09764014,0.09011147916316986,0.0826822966337204,38007020.0,0.009584454819560051,0.006175079382956028,0.09790022671222687
446,0.0904955342411995,3.125e-06,0.08800782,43553870.0,0.0099718375,0.006812428,0.09958205,0.08988569676876068,0.08153972774744034,36635904.0,0.009367009624838829,0.005974254570901394,0.09678331017494202
447,0.09024035781621934,3.125e-06,0.08625196,42352310.0,0.009725024,0.0065504326,0.09836473,0.08982744067907333,0.08119167387485504,36705400.0,0.009317145682871342,0.005966871045529842,0.09652536362409592
448,0.09019143283367156,1.5625e-06,0.08619367,41241350.0,0.009682814,0.0063829,0.098383695,0.08999820798635483,0.08239330351352692,38367592.0,0.00949210487306118,0.006132221315056086,0.09742743521928787
449,0.08997751325368882,1.5625e-06,0.085200846,41557536.0,0.009473087,0.006254083,0.097253665,0.0898968055844307,0.08197146654129028,37965016.0,0.009394926019012928,0.006053048651665449,0.09692742675542831
450,0.09022337049245835,1.5625e-06,0.08673915,42660852.0,0.009723185,0.0065210923,0.09842421,0.09011918306350708,0.08242292702198029,36598296.0,0.009621551260352135,0.006050309166312218,0.09808950871229172
451,0.09078278988599778,1.5625e-06,0.0895811,43988890.0,0.010286855,0.006863338,0.10130396,0.08983956277370453,0.08151333034038544,37319288.0,0.00934617966413498,0.006011052057147026,0.09667564183473587
452,0.09013228863477707,7.8125e-07,0.085085146,39574890.0,0.009639779,0.006270393,0.09816527,0.0900816023349762,0.08240212500095367,36605760.0,0.009590383619070053,0.006040279287844896,0.09793050587177277
453,0.090554741024971,7.8125e-07,0.08732215,40264490.0,0.010064379,0.0064607477,0.10017152,0.09034692496061325,0.08324633538722992,37125244.0,0.009857861325144768,0.00619781157001853,0.0992867648601532
454,0.09008865356445313,7.8125e-07,0.085298635,41365850.0,0.009600449,0.0064264787,0.09789793,0.08986230194568634,0.08166825026273727,36509692.0,0.00937538594007492,0.006031197030097246,0.09682657569646835
455,0.090366131067276,7.8125e-07,0.086248964,42535936.0,0.009880081,0.006522848,0.09911029,0.0898161232471466,0.08162233978509903,36499420.0,0.009331371635198593,0.005993814207613468,0.0965990275144577
456,0.0899004027247429,3.90625e-07,0.08537864,40893268.0,0.009416085,0.0062112035,0.09697399,0.0899587869644165,0.08232991397380829,37601840.0,0.009475108236074448,0.00613328255712986,0.0973401665687561
457,0.08968514204025269,3.90625e-07,0.083896115,41392540.0,0.009201903,0.006129452,0.095878735,0.08978863805532455,0.08118423819541931,36429484.0,0.009306050837039948,0.005932074040174484,0.09646787494421005
458,0.0901165023446083,3.90625e-07,0.08584669,42531456.0,0.009634349,0.006446632,0.097986236,0.08974184095859528,0.08100652694702148,36430776.0,0.009260336868464947,0.005920105613768101,0.0962306410074234
459,0.09015655517578125,3.90625e-07,0.085839495,40642000.0,0.00967548,0.0064358497,0.09791954,0.08969828486442566,0.08066320419311523,36405816.0,0.009217849001288414,0.0059091635048389435,0.09600962698459625
460,0.09119753241539001,3.90625e-07,0.09081444,42620532.0,0.010717529,0.006957588,0.10249124,0.0903678759932518,0.08341668546199799,36364152.0,0.009888503700494766,0.006155590992420912,0.09944095462560654
461,0.0902227982878685,3.90625e-07,0.085765615,39016616.0,0.009743859,0.006258627,0.098570384,0.08973541855812073,0.08099140226840973,37096272.0,0.009257127530872822,0.005952802021056414,0.09621396660804749
462,0.09041859209537506,3.90625e-07,0.08643915,41466964.0,0.009940734,0.006562542,0.0993447,0.08969877660274506,0.08094290643930435,36269656.0,0.00922157522290945,0.0058968327939510345,0.09602903574705124
463,0.09022390693426133,1.953125e-07,0.08539803,41322280.0,0.009746922,0.0063655847,0.09844719,0.08974283933639526,0.08129854500293732,36988920.0,0.009266174398362637,0.005953352432698011,0.09626097232103348
464,0.09031116217374802,1.953125e-07,0.08686455,43330550.0,0.009834719,0.00660625,0.09901111,0.0898367241024971,0.0814301073551178,37494136.0,0.00936061143875122,0.006040790118277073,0.09675025194883347
465,0.08986776769161224,1.953125e-07,0.08471897,40737040.0,0.009391876,0.006172205,0.09661066,0.09016354382038116,0.08288616687059402,36244052.0,0.00968797504901886,0.0060397121123969555,0.09842751175165176
466,0.08977523893117904,1.953125e-07,0.08454405,40679704.0,0.009299891,0.006121941,0.096191354,0.08968128263950348,0.0807219073176384,36874000.0,0.009206259623169899,0.005912033841013908,0.09594925493001938
467,0.09026788175106049,1e-07,0.08667453,41357570.0,0.009792975,0.0064215227,0.09853877,0.08972851186990738,0.08122143149375916,36957040.0,0.009253774769604206,0.005934236105531454,0.09619653970003128
468,0.0903133898973465,1e-07,0.08610915,41371500.0,0.009838769,0.0064434735,0.09851737,0.08967764675617218,0.08069971203804016,36889032.0,0.009203199297189713,0.005911104381084442,0.09593330323696136
469,0.08943293243646622,1e-07,0.08297572,39699680.0,0.008958597,0.0059572654,0.09448186,0.08967524766921997,0.08077622950077057,36867420.0,0.009201080538332462,0.005907409358769655,0.09592226147651672
470,0.089795683324337,1e-07,0.0838483,39285690.0,0.009321636,0.0060832324,0.0964957,0.08968353271484375,0.08094452321529388,36801036.0,0.009209654293954372,0.0058990721590816975,0.09596694260835648
471,0.09030781686306,1e-07,0.08654432,40617756.0,0.009834051,0.0064859027,0.09868779,0.08994679152965546,0.08192311972379684,36101384.0,0.009473204612731934,0.005955723114311695,0.09733039140701294
472,0.09061620384454727,1e-07,0.08818169,43690356.0,0.010142723,0.0068521523,0.10035987,0.08968442678451538,0.0808325856924057,36928216.0,0.009211120195686817,0.005917088594287634,0.09597457945346832
473,0.09001127779483795,1e-07,0.086146854,41785876.0,0.00953808,0.00641472,0.09760247,0.08971287310123444,0.08112901449203491,36141188.0,0.00923985056579113,0.005882528144866228,0.09612414240837097
474,0.09133052378892899,1e-07,0.090543956,41875732.0,0.010857607,0.007079646,0.103565454,0.08963283151388168,0.08050955832004547,36099928.0,0.009160084649920464,0.005849478300660849,0.09570833295583725
475,0.09137577712535858,1e-07,0.09175919,44723336.0,0.010903142,0.007317748,0.10362055,0.08972164988517761,0.08120165020227432,37481696.0,0.009249188005924225,0.0059587908908724785,0.09617269784212112
476,0.09026887863874436,1e-07,0.08722862,42021064.0,0.009796522,0.00652277,0.09888013,0.08968978375196457,0.08099637925624847,36195092.0,0.009217604994773865,0.005892602726817131,0.09600836038589478
477,0.09017083495855331,1e-07,0.08612859,40873396.0,0.009698762,0.0063850256,0.09817469,0.09022872149944305,0.08277134597301483,36199172.0,0.009756822139024734,0.006116113625466824,0.09877663105726242
478,0.09046452194452285,1e-07,0.087592065,42097560.0,0.009992734,0.006643349,0.099781506,0.08971154689788818,0.08113190531730652,37412312.0,0.009239926934242249,0.005951139610260725,0.09612453728914261
479,0.08994509726762771,1e-07,0.085494116,41911948.0,0.0094736,0.0063697174,0.09680106,0.08963212370872498,0.08036123216152191,36215808.0,0.009160788729786873,0.005870784632861614,0.09571200609207153
480,0.0903650164604187,1e-07,0.087378226,42283104.0,0.009893803,0.006596352,0.09931711,0.08963436633348465,0.08032172918319702,36229012.0,0.009163329377770424,0.005875208415091038,0.09572528302669525
481,0.08991511762142182,1e-07,0.08450839,40773164.0,0.009444192,0.0062265648,0.096819654,0.08976570516824722,0.08143619447946548,36882864.0,0.009294949471950531,0.005999502260237932,0.09641031920909882
482,0.09074129462242127,1e-07,0.08800902,39702708.0,0.010270654,0.006615896,0.10084015,0.08966684341430664,0.08082800358533859,36149232.0,0.009196369908750057,0.005883334670215845,0.09589770436286926
483,0.09020338207483292,1e-07,0.086381495,40994932.0,0.009733024,0.0064460794,0.09852064,0.08987066149711609,0.08150738477706909,37588068.0,0.00940048135817051,0.006077040918171406,0.09695608168840408
484,0.08998224139213562,1e-07,0.08527384,40966760.0,0.009512173,0.0062611727,0.09738928,0.08960308879613876,0.08008378744125366,36152328.0,0.009133187122642994,0.005852862261235714,0.09556771069765091
485,0.08994312584400177,1e-07,0.08481246,39534720.0,0.00947334,0.006243956,0.09682717,0.08969243615865707,0.08100783824920654,37405496.0,0.009222820401191711,0.0059403320774436,0.09603551775217056
486,0.09055278897285461,1e-07,0.087588415,41900436.0,0.010083291,0.0066155703,0.1002054,0.09011473506689072,0.08187803626060486,36114552.0,0.00964540895074606,0.006022810935974121,0.09821104258298874
487,0.09055860489606857,1e-07,0.08783188,43456264.0,0.010089397,0.0067114374,0.10007485,0.08985955268144608,0.08168905228376389,36717136.0,0.009390516206622124,0.005971510894596577,0.09690467268228531
488,0.08978945314884186,1e-07,0.08423765,39912204.0,0.009320533,0.006120967,0.096349135,0.0901445671916008,0.08268938213586807,39067740.0,0.009675819426774979,0.006311217322945595,0.09836574643850327
489,0.09011620581150055,1e-07,0.0850879,40436492.0,0.009647572,0.006314279,0.09818611,0.08962435275316238,0.08048301935195923,36095008.0,0.009155896492302418,0.005865223705768585,0.09568645060062408
490,0.09013020396232604,1e-07,0.086262584,41414620.0,0.009661865,0.0063401023,0.09796363,0.08964821696281433,0.0805409848690033,36846252.0,0.009180054068565369,0.005900154355913401,0.0958125963807106
491,0.09007596075534821,1e-07,0.086197935,42104140.0,0.009607911,0.0064571304,0.09777979,0.08965092152357101,0.08075907081365585,36657964.0,0.009183045476675034,0.005883929319679737,0.09582820534706116
492,0.090114064514637,1e-07,0.085075326,39172570.0,0.00964631,0.0062580807,0.098078705,0.08982285112142563,0.08160915970802307,37114128.0,0.009355276823043823,0.005993664264678955,0.09672267735004425
493,0.09034654796123505,1e-07,0.08641158,41123130.0,0.009879088,0.006516719,0.098802365,0.08997398614883423,0.08187900483608246,36621416.0,0.009506700560450554,0.006002240814268589,0.09750231355428696
494,0.09065104275941849,1e-07,0.08931973,43210220.0,0.010183873,0.0067677246,0.10082849,0.09020654112100601,0.08240679651498795,36641144.0,0.009739551693201065,0.006108792498707771,0.09868916869163513
================================================================================
FILE: .\README.md

Transfer Learning LSTM for Time-Seires Regression
====   
## Description
This repository is a series of experiments on transfer learning for time-series data regression.

## Get Started
    $ git clone https://github.com/dainnovation722/transfer-learning-LSTM.git
    $ cd transfer-learning-LSTM
    $ conda create -n tl_env --file env_name.txt
    $ conda activate tl_env

## Experiments
    $ python main.py \
        --out-dir result \
        --seed 1234 \
        --train-ratio 0.8 \
        --time-window 1000 \
        --train-mode pre-train \
        --gpu \
        --nb-epochs 1 \
        --nb-batch 20 \
        --train-verbose 1 

### Easy execution
    $ ./train_all.sh

## Results

## Contribution
1. Fork it
2. Create your feature branch (git checkout -b my-new-feature)
3. Commit your changes (git commit -am 'Add some feature')
4. Push to the branch (git push origin my-new-feature)
5. Create new Pull Reques

## Author
[dainnovation722](https://github.com/dainnovation722)
================================================================================
FILE: .\PackageList\environment.yml
name: Fwusow_LSTM_TransferLearning
channels:
  - conda-forge
  - anaconda
  - defaults
  - https://repo.anaconda.com/pkgs/main
  - https://repo.anaconda.com/pkgs/r
dependencies:
  - _tflow_select=2.1.0=gpu
  - absl-py=0.9.0=py37_0
  - alabaster=0.7.12=pyhd3eb1b0_0
  - argon2-cffi=21.3.0=pyhd3eb1b0_0
  - argon2-cffi-bindings=21.2.0=py37h7f8727e_0
  - arrow=1.2.3=py37h06a4308_1
  - astor=0.8.0=py37_0
  - astroid=2.14.2=py37h06a4308_0
  - atomicwrites=1.4.0=py_0
  - attrs=22.1.0=py37h06a4308_0
  - autopep8=1.5.6=pyhd3eb1b0_0
  - babel=2.11.0=py37h06a4308_0
  - backcall=0.2.0=pyhd3eb1b0_0
  - beautifulsoup4=4.11.1=py37h06a4308_0
  - binaryornot=0.4.4=pyhd3eb1b0_1
  - black=22.6.0=py37h06a4308_0
  - blas=1.0=mkl
  - bleach=4.1.0=pyhd3eb1b0_0
  - brotlipy=0.7.0=py37h27cfd23_1003
  - c-ares=1.15.0=h7b6447c_1001
  - ca-certificates=2024.9.24=h06a4308_0
  - cairo=1.14.12=h8948797_3
  - certifi=2024.8.30=pyhd8ed1ab_0
  - cffi=1.15.0=py37h7f8727e_0
  - chardet=4.0.0=py37h06a4308_1003
  - charset-normalizer=2.0.4=pyhd3eb1b0_0
  - click=8.0.4=py37h06a4308_0
  - cloudpickle=2.0.0=pyhd3eb1b0_0
  - colorama=0.4.6=py37h06a4308_0
  - cookiecutter=1.7.3=pyhd3eb1b0_0
  - cryptography=39.0.1=py37h9ce1e76_0
  - cudatoolkit=10.0.130=0
  - cudnn=7.6.5=cuda10.0_0
  - cupti=10.0.130=0
  - cycler=0.10.0=py37_0
  - dbus=1.13.12=h746ee38_0
  - debugpy=1.5.1=py37h295c915_0
  - decorator=5.1.1=pyhd3eb1b0_0
  - defusedxml=0.7.1=pyhd3eb1b0_0
  - diff-match-patch=20200713=pyhd3eb1b0_0
  - docutils=0.18.1=py37h06a4308_3
  - entrypoints=0.4=py37h06a4308_0
  - expat=2.2.6=he6710b0_0
  - flake8=3.9.0=pyhd3eb1b0_0
  - flit-core=3.6.0=pyhd3eb1b0_0
  - fontconfig=2.13.0=h9420a91_0
  - freetype=2.9.1=h8a8886c_1
  - fribidi=1.0.10=h36c2ea0_0
  - future=0.18.3=py37h06a4308_0
  - gast=0.3.3=py_0
  - glib=2.63.1=h5a9c865_0
  - graphite2=1.3.13=h58526e2_1001
  - graphviz=2.40.1=h21bd128_2
  - grpcio=1.27.2=py37hf8bcb03_0
  - gst-plugins-base=1.14.0=hbbd80ab_1
  - gstreamer=1.14.0=hb453b48_1
  - h5py=2.10.0=py37h7918eee_0
  - harfbuzz=1.8.8=hffaf4a1_0
  - hdf5=1.10.4=hb1b8bf9_0
  - icu=58.2=h9c2bf20_1
  - idna=3.4=py37h06a4308_0
  - imagesize=1.4.1=py37h06a4308_0
  - importlib-metadata=4.11.3=py37h06a4308_0
  - importlib_metadata=4.11.3=hd3eb1b0_0
  - importlib_resources=5.2.0=pyhd3eb1b0_1
  - inflection=0.5.1=py37h06a4308_0
  - intel-openmp=2020.0=166
  - intervaltree=3.1.0=pyhd3eb1b0_0
  - ipykernel=6.9.1=py37h06a4308_0
  - ipython=7.31.1=py37h06a4308_1
  - ipython_genutils=0.2.0=pyhd3eb1b0_1
  - ipywidgets=7.6.5=pyhd3eb1b0_2
  - isort=5.9.3=pyhd3eb1b0_0
  - jedi=0.17.2=py37h06a4308_1
  - jeepney=0.7.1=pyhd3eb1b0_0
  - jinja2=3.1.2=py37h06a4308_0
  - jinja2-time=0.2.0=pyhd3eb1b0_3
  - joblib=0.14.1=py_0
  - jpeg=9b=h024ee3a_2
  - json5=0.9.6=pyhd3eb1b0_0
  - jsonschema=4.17.3=py37h06a4308_0
  - jupyter=1.0.0=py37h06a4308_8
  - jupyter_client=7.1.2=pyhd3eb1b0_0
  - jupyter_console=6.4.4=py37h06a4308_0
  - jupyter_core=4.11.2=py37h06a4308_0
  - jupyterlab=2.3.1=pyhd3eb1b0_0
  - jupyterlab_pygments=0.1.2=py_0
  - jupyterlab_server=1.2.0=py_0
  - jupyterlab_widgets=1.0.0=pyhd3eb1b0_1
  - keras=2.3.1=0
  - keras-applications=1.0.8=py_0
  - keras-base=2.3.1=py37_0
  - keras-preprocessing=1.1.0=py_1
  - keyring=23.4.0=py37h06a4308_0
  - kiwisolver=1.1.0=py37he6710b0_0
  - lazy-object-proxy=1.6.0=py37h27cfd23_0
  - ld_impl_linux-64=2.33.1=h53a641e_7
  - libedit=3.1.20181209=hc058e9b_0
  - libffi=3.2.1=hd88cf55_4
  - libgfortran-ng=7.3.0=hdf63c60_0
  - libpng=1.6.37=hbc83047_0
  - libprotobuf=3.11.4=hd408876_0
  - libsodium=1.0.18=h7b6447c_0
  - libspatialindex=1.9.3=h2531618_0
  - libtiff=4.0.9=he6b73bb_1
  - libuuid=1.0.3=h1bed415_2
  - libxcb=1.13=h1bed415_1
  - libxml2=2.9.9=hea5a465_1
  - libxslt=1.1.33=h7d1a2b0_0
  - lxml=4.5.1=py37hefd8a0e_0
  - markdown=3.1.1=py37_0
  - markupsafe=2.1.1=py37h7f8727e_0
  - matplotlib=3.1.3=py37_0
  - matplotlib-base=3.1.3=py37hef1b27d_0
  - matplotlib-inline=0.1.6=py37h06a4308_0
  - mccabe=0.6.1=py37h06a4308_2
  - mistune=0.8.4=py37h14c3975_1001
  - mkl=2020.0=166
  - mkl-service=2.3.0=py37he904b0f_0
  - mkl_fft=1.0.15=py37ha843d7b_0
  - mkl_random=1.1.0=py37hd6b4f25_0
  - mock=4.0.1=py_0
  - mypy_extensions=0.4.3=py37h06a4308_1
  - nbclient=0.5.13=py37h06a4308_0
  - nbconvert=6.5.4=py37h06a4308_0
  - nbformat=5.7.0=py37h06a4308_0
  - ncurses=6.2=he6710b0_0
  - nest-asyncio=1.5.6=py37h06a4308_0
  - notebook=6.4.0=py37h06a4308_0
  - numpy=1.18.1=py37h4f9e942_0
  - numpy-base=1.18.1=py37hde5b4d6_1
  - numpydoc=1.5.0=py37h06a4308_0
  - openssl=1.1.1w=h7f8727e_0
  - packaging=22.0=py37h06a4308_0
  - pandas=1.0.3=py37h0573a6f_0
  - pandocfilters=1.5.0=pyhd3eb1b0_0
  - pango=1.42.4=h049681c_0
  - parso=0.7.0=py_0
  - pathspec=0.10.3=py37h06a4308_0
  - patsy=0.5.6=pyhd8ed1ab_0
  - pcre=8.43=he6710b0_0
  - pexpect=4.8.0=pyhd3eb1b0_3
  - pickleshare=0.7.5=pyhd3eb1b0_1003
  - pixman=0.40.0=h36c2ea0_0
  - pkgutil-resolve-name=1.3.10=py37h06a4308_0
  - platformdirs=2.5.2=py37h06a4308_0
  - pluggy=1.0.0=py37h06a4308_1
  - poyo=0.5.0=pyhd3eb1b0_0
  - prometheus_client=0.14.1=py37h06a4308_0
  - prompt-toolkit=3.0.36=py37h06a4308_0
  - prompt_toolkit=3.0.36=hd3eb1b0_0
  - protobuf=3.11.4=py37he6710b0_0
  - psutil=5.8.0=py37h27cfd23_1
  - ptyprocess=0.7.0=pyhd3eb1b0_2
  - pycodestyle=2.6.0=pyhd3eb1b0_0
  - pycparser=2.21=pyhd3eb1b0_0
  - pydocstyle=6.3.0=py37h06a4308_0
  - pydot=1.4.2=py37h89c1867_2
  - pyflakes=2.2.0=pyhd3eb1b0_0
  - pygments=2.11.2=pyhd3eb1b0_0
  - pylint=2.16.2=py37h06a4308_0
  - pyls-black=0.4.6=hd3eb1b0_0
  - pyls-spyder=0.3.2=pyhd3eb1b0_0
  - pyopenssl=23.0.0=py37h06a4308_0
  - pyparsing=2.4.6=py_0
  - pyqt=5.9.2=py37h05f1152_2
  - pyrsistent=0.18.0=py37heee7806_0
  - pysocks=1.7.1=py37_1
  - python=3.10
  - pip
  - python-dateutil=2.8.1=py_0
  - python-fastjsonschema=2.16.2=py37h06a4308_0
  - python-jsonrpc-server=0.4.0=py_0
  - python-language-server=0.36.2=pyhd3eb1b0_0
  - python-slugify=5.0.2=pyhd3eb1b0_0
  - pytoolconfig=1.2.5=py37h06a4308_1
  - pytz=2019.3=py_0
  - pyxdg=0.27=pyhd3eb1b0_0
  - pyyaml=5.3.1=py37h7b6447c_0
  - pyzmq=22.3.0=py37h295c915_2
  - qdarkstyle=3.0.2=pyhd3eb1b0_0
  - qstylizer=0.2.2=py37h06a4308_0
  - qt=5.9.7=h5867ecd_1
  - qtawesome=1.2.2=py37h06a4308_0
  - qtconsole=5.4.0=py37h06a4308_0
  - qtpy=2.2.0=py37h06a4308_0
  - readline=8.0=h7b6447c_0
  - requests=2.28.1=py37h06a4308_0
  - rope=1.7.0=py37h06a4308_0
  - rtree=1.0.1=py37h06a4308_0
  - scikit-learn=0.22.1=py37hd81dba3_0
  - scipy=1.10.1
  - seaborn=0.10.0=py_0
  - secretstorage=3.3.1=py37h06a4308_0
  - send2trash=1.8.0=pyhd3eb1b0_1
  - setuptools=46.1.3=py37_0
  - sip=4.19.8=py37hf484d3e_0
  - six=1.14.0=py37_0
  - snowballstemmer=2.2.0=pyhd3eb1b0_0
  - sortedcontainers=2.4.0=pyhd3eb1b0_0
  - soupsieve=2.3.2.post1=py37h06a4308_0
  - sphinx=5.0.2=py37h06a4308_0
  - sphinxcontrib-applehelp=1.0.2=pyhd3eb1b0_0
  - sphinxcontrib-devhelp=1.0.2=pyhd3eb1b0_0
  - sphinxcontrib-htmlhelp=2.0.0=pyhd3eb1b0_0
  - sphinxcontrib-jsmath=1.0.1=pyhd3eb1b0_0
  - sphinxcontrib-qthelp=1.0.3=pyhd3eb1b0_0
  - sphinxcontrib-serializinghtml=1.1.5=pyhd3eb1b0_0
  - spyder=5.0.5=py37h06a4308_2
  - spyder-kernels=2.0.5=py37h06a4308_0
  - sqlite=3.31.1=h7b6447c_0
  - statsmodels=0.12.1=py37ha21ca33_1
  - tensorboard=2.10.*
  - tensorflow=2.10.*
  - tensorflow-base=2.10.*
  - tensorflow-estimator=2.10.*
  - tensorflow-gpu=2.10.*
  - termcolor=1.1.0=py37_1
  - terminado=0.13.1=py37h06a4308_0
  - text-unidecode=1.3=pyhd3eb1b0_0
  - textdistance=4.2.1=pyhd3eb1b0_0
  - three-merge=0.1.1=pyhd3eb1b0_0
  - tinycss2=1.2.1=py37h06a4308_0
  - tk=8.6.8=hbc83047_0
  - toml=0.10.2=pyhd3eb1b0_0
  - tomli=2.0.1=py37h06a4308_0
  - tomlkit=0.11.1=py37h06a4308_0
  - tornado=6.0.4=py37h7b6447c_1
  - tqdm=4.67.0=pyhd8ed1ab_0
  - traitlets=5.7.1=py37h06a4308_0
  - typed-ast=1.4.3=py37h7f8727e_1
  - typing-extensions=4.4.0=py37h06a4308_0
  - typing_extensions=4.4.0=py37h06a4308_0
  - ujson=5.1.0=py37h295c915_0
  - unidecode=1.2.0=pyhd3eb1b0_0
  - urllib3=1.26.14=py37h06a4308_0
  - watchdog=2.1.6=py37h06a4308_0
  - wcwidth=0.2.5=pyhd3eb1b0_0
  - webencodings=0.5.1=py37_1
  - werkzeug=1.0.0=py_0
  - wheel=0.34.2=py37_0
  - widgetsnbextension=3.5.2=py37h06a4308_0
  - wrapt=1.13.3=py37h7f8727e_2
  - wurlitzer=3.0.2=py37h06a4308_0
  - xz=5.2.4=h14c3975_4
  - yaml=0.1.7=had09818_2
  - yapf=0.31.0=pyhd3eb1b0_0
  - zeromq=4.3.4=h2531618_0
  - zipp=3.11.0=py37h06a4308_0
  - pip:
      - arrayfire==3.8.0
      - cached-property==1.5.2
      - cocos==0.2.2
      - contexttimer==0.3.3
      - dill==0.3.7
      - distro==1.9.0
      - dtw-python==1.1.4
      - exceptiongroup==1.2.2
      - iniconfig==2.0.0
      - llvmlite==0.39.1
      - loky==3.4.1
      - mpmath==1.3.0
      - multiprocess==0.70.15
      - numba==0.56.4
      - pathos==0.3.1
      - pip==24.0
      - pox==0.3.3
      - ppft==1.7.6.7
      - pytest==7.4.4
      - recombinator==0.0.6.1
      - scikit-build==0.18.1
      - sympy==1.10.1
